ts_code,trade_date,open,high,low,close,pre_close,change,pct_chg,vol,amount,turnover_rate,volume_ratio,pe,pb,total_mv
300373.SZ,2023-01-03,52.5,53.66,52.31,53.47,52.6,0.87,1.654,40608.16,215556.412,0.7934,1.1,35.6957,4.5701,2741796.0921
300373.SZ,2023-01-04,53.78,54.47,52.51,52.89,53.47,-0.58,-1.0847,50543.21,269830.532,0.9875,1.42,35.3085,4.5206,2712055.2704
300373.SZ,2023-01-05,52.8,53.46,52.37,52.97,52.89,0.08,0.1513,57826.83,305921.399,1.1299,1.47,35.3619,4.5274,2716157.4527
300373.SZ,2023-01-06,52.79,54.81,51.81,53.62,52.97,0.65,1.2271,106846.93,574640.886,2.0876,2.43,35.7958,4.583,2749487.6839
300373.SZ,2023-01-09,53.62,58.0,53.52,56.06,53.62,2.44,4.5505,115074.4,648741.644,2.2484,1.95,37.4247,4.7915,2874604.2439
300373.SZ,2023-01-10,56.2,57.8,55.8,57.1,56.06,1.04,1.8552,91174.67,520934.964,1.7814,1.23,38.119,4.8804,2927932.6138
300373.SZ,2023-01-11,56.99,58.22,55.81,55.99,57.1,-1.11,-1.944,61448.35,348825.189,1.2006,0.73,37.378,4.7855,2871014.8344
300373.SZ,2023-01-12,55.99,57.4,55.35,56.74,55.99,0.75,1.3395,55600.65,314638.661,1.0864,0.64,37.8787,4.8496,2909472.7934
300373.SZ,2023-01-13,56.8,57.29,55.9,56.49,56.74,-0.25,-0.4406,42430.68,239747.717,0.829,0.49,37.7118,4.8283,2896653.4738
300373.SZ,2023-01-16,55.94,57.68,55.94,56.6,56.49,0.11,0.1947,77187.76,440404.925,1.5081,1.06,37.7852,4.8377,2902293.9744
300373.SZ,2023-01-17,56.8,58.2,56.8,57.98,56.6,1.38,2.4382,87538.68,505314.536,1.7104,1.34,38.7065,4.9556,2973056.619
300373.SZ,2023-01-18,58.6,58.6,57.5,57.81,57.98,-0.17,-0.2932,48090.51,278497.812,0.9396,0.74,38.593,4.9411,2964339.4816
300373.SZ,2023-01-19,57.59,59.24,57.49,59.24,57.81,1.43,2.4736,64471.39,378228.573,1.2597,1.04,39.5476,5.0633,3037665.9902
300373.SZ,2023-01-20,59.0,59.1,58.4,58.77,59.24,-0.47,-0.7934,51392.78,301450.894,1.0041,0.8,39.2339,5.0231,3013565.6692
300373.SZ,2023-01-30,59.12,59.45,57.6,57.82,58.77,-0.95,-1.6165,82337.16,478371.072,1.6088,1.25,38.5997,4.9419,2964852.2544
300373.SZ,2023-01-31,57.25,57.95,56.6,56.91,57.82,-0.91,-1.5738,62198.76,354186.011,1.2153,0.93,37.9922,4.8642,2918189.9308
300373.SZ,2023-02-01,57.0,57.93,56.91,57.77,56.91,0.86,1.5112,58369.96,335828.768,1.1405,0.95,38.5663,4.9377,2962288.3905
300373.SZ,2023-02-02,57.8,59.09,57.8,58.43,57.77,0.66,1.1425,66177.88,386949.041,1.293,1.04,39.0069,4.9941,2996131.3944
300373.SZ,2023-02-03,58.01,58.8,57.02,58.06,58.43,-0.37,-0.6332,47756.89,275803.59,0.9331,0.75,38.7599,4.9625,2977158.8013
300373.SZ,2023-02-06,57.61,57.81,56.3,56.69,58.06,-1.37,-2.3596,56536.43,321284.985,1.1046,0.89,37.8453,4.8454,2906908.9295
300373.SZ,2023-02-07,56.83,57.29,56.68,56.95,56.69,0.26,0.4586,35433.5,201768.316,0.6923,0.61,38.0189,4.8676,2920241.022
300373.SZ,2023-02-08,56.95,58.3,56.3,56.4,56.95,-0.55,-0.9658,54323.02,310666.845,1.0614,1.03,37.6517,4.8206,2892038.5187
300373.SZ,2023-02-09,56.4,59.16,55.81,59.05,56.4,2.65,4.6986,123180.84,714880.2,2.4068,2.37,39.4208,5.0471,3027923.3072
300373.SZ,2023-02-10,58.82,59.53,57.98,58.34,59.05,-0.71,-1.2024,59551.11,349462.123,1.1635,0.94,38.9468,4.9864,2991516.4394
300373.SZ,2023-02-13,57.94,59.18,57.6,59.08,58.34,0.74,1.2684,61534.05,360920.405,1.2023,0.94,39.4408,5.0496,3029461.6256
300373.SZ,2023-02-14,58.92,59.68,58.12,58.43,59.08,-0.65,-1.1002,56011.54,328753.385,1.0944,0.84,39.0069,4.9941,2996131.3944
300373.SZ,2023-02-15,58.59,59.6,57.45,59.51,58.43,1.08,1.8484,122177.61,718038.921,2.3872,1.72,39.7279,5.0864,3051510.8554
300373.SZ,2023-02-16,59.29,59.3,56.66,57.3,59.51,-2.21,-3.7137,129009.6,748029.77,2.5207,1.53,38.2525,4.8975,2938188.0695
300373.SZ,2023-02-17,57.28,57.5,55.35,55.38,57.3,-1.92,-3.3508,76432.16,428874.867,1.4934,0.89,36.9708,4.7334,2839735.6944
300373.SZ,2023-02-20,55.01,55.97,54.69,55.81,55.38,0.43,0.7765,45556.81,251792.969,0.8901,0.51,37.2578,4.7701,2861784.9242
300373.SZ,2023-02-21,55.63,56.25,54.95,55.71,55.81,-0.1,-0.1792,46077.48,256215.267,0.9003,0.54,37.1911,4.7616,2856657.1964
300373.SZ,2023-02-22,55.14,55.7,55.05,55.21,55.71,-0.5,-0.8975,29467.52,162935.713,0.5758,0.35,36.8573,4.7189,2831018.557
300373.SZ,2023-02-23,55.12,55.48,54.71,55.0,55.21,-0.21,-0.3804,35730.0,196327.595,0.6981,0.55,36.7171,4.7009,2820250.3285
300373.SZ,2023-02-24,55.24,55.48,54.8,55.09,55.0,0.09,0.1636,31376.73,172843.283,0.6131,0.67,36.7772,4.7086,2824865.2836
300373.SZ,2023-02-27,54.55,54.94,53.98,54.24,55.09,-0.85,-1.5429,56960.93,309373.976,1.1129,1.51,36.2097,4.636,2781279.5967
300373.SZ,2023-02-28,54.35,54.85,54.15,54.75,54.24,0.51,0.9403,37044.45,201983.05,0.7238,0.93,36.5502,4.6795,2807431.0088
300373.SZ,2023-03-01,54.54,55.16,54.54,55.02,54.75,0.27,0.4932,41077.57,225661.201,0.8026,1.08,36.7304,4.7026,2821275.8741
300373.SZ,2023-03-02,55.1,55.44,54.4,54.59,55.02,-0.43,-0.7815,33157.97,181978.846,0.6479,0.82,36.4434,4.6659,2799226.6442
300373.SZ,2023-03-03,55.5,56.0,54.75,55.5,54.59,0.91,1.667,60337.79,334709.467,1.1789,1.51,37.0509,4.7436,2845888.9679
300373.SZ,2023-03-06,55.11,56.16,54.7,55.88,55.5,0.38,0.6847,49990.5,277690.787,0.9767,1.09,37.3045,4.7761,2865374.3338
300373.SZ,2023-03-07,55.62,55.75,53.97,53.98,55.88,-1.9,-3.4001,46360.5,253990.736,0.9058,1.05,36.0361,4.6137,2767947.5042
300373.SZ,2023-03-08,53.88,54.6,53.43,54.34,53.98,0.36,0.6669,32970.21,178259.313,0.6442,0.71,36.2765,4.6445,2786407.3246
300373.SZ,2023-03-09,54.5,55.48,54.25,55.21,54.34,0.87,1.601,49130.63,270758.275,0.9599,1.1,36.8573,4.7189,2831018.557
300373.SZ,2023-03-10,54.93,55.55,54.38,54.53,55.21,-0.68,-1.2317,36453.12,200211.994,0.7122,0.76,36.4033,4.6607,2796150.0075
300373.SZ,2023-03-13,54.2,54.84,53.7,54.81,54.53,0.28,0.5135,31146.2,169272.586,0.6086,0.72,36.5902,4.6847,2810507.6455
300373.SZ,2023-03-14,54.55,55.65,53.92,55.48,54.81,0.67,1.2224,53482.65,293549.825,1.045,1.36,37.0375,4.7419,2844863.4223
300373.SZ,2023-03-15,55.54,56.25,54.93,55.08,55.48,-0.4,-0.721,49449.71,274858.829,0.9662,1.22,36.7705,4.7077,2824352.5108
300373.SZ,2023-03-16,54.88,55.55,53.8,53.83,55.08,-1.25,-2.2694,48838.83,266193.327,0.9542,1.11,35.936,4.6009,2760255.9124
300373.SZ,2023-03-17,54.3,54.46,53.18,53.18,53.83,-0.65,-1.2075,60624.58,325688.028,1.1845,1.38,35.5021,4.5454,2726925.6813
300373.SZ,2023-03-20,53.1,54.2,51.8,53.68,53.18,0.5,0.9402,67029.75,356079.393,1.3097,1.38,35.8359,4.5881,2752564.3206
300373.SZ,2023-03-21,53.62,57.56,53.5,56.5,53.68,2.82,5.2534,137696.72,773710.625,2.6904,2.46,37.7184,4.8291,2897166.2466
300373.SZ,2023-03-22,56.2,56.66,55.88,56.07,56.5,-0.43,-0.7611,70178.93,394305.581,1.3712,0.96,37.4314,4.7924,2875117.0167
300373.SZ,2023-03-23,56.3,57.5,56.1,57.44,56.07,1.37,2.4434,91423.79,520641.71,1.7863,1.19,38.346,4.9095,2945366.8885
300373.SZ,2023-03-24,57.52,57.8,56.6,56.8,57.44,-0.64,-1.1142,64325.36,366414.112,1.2568,0.75,37.9187,4.8548,2912549.4302
300373.SZ,2023-03-27,56.87,57.17,55.75,56.09,56.8,-0.71,-1.25,55697.0,313837.856,1.0882,0.65,37.4447,4.7941,2876142.5623
300373.SZ,2023-03-28,55.82,56.2,53.86,53.93,56.09,-2.16,-3.851,68484.25,374030.902,1.3381,0.82,36.0028,4.6095,2765383.6403
300373.SZ,2023-03-29,53.67,56.59,52.81,55.37,53.93,1.44,2.6701,112024.42,608936.125,2.1888,1.6,36.9641,4.6125,2839222.9216
300373.SZ,2023-03-30,54.95,56.66,54.8,56.0,55.37,0.63,1.1378,86708.61,483149.337,1.6942,1.11,37.3847,4.665,2871527.6072
300373.SZ,2023-03-31,55.87,56.24,54.54,55.0,56.0,-1.0,-1.7857,71877.15,396890.895,1.4044,0.93,36.7171,4.5817,2820250.3285
300373.SZ,2023-04-03,55.6,57.99,55.58,57.2,55.0,2.2,4.0,147798.97,844500.645,2.8878,1.87,38.1858,4.765,2933060.3416
300373.SZ,2023-04-04,57.38,58.54,56.84,57.62,57.2,0.42,0.7343,133868.6,775007.883,2.6156,1.37,38.4661,4.8,2954596.7987
300373.SZ,2023-04-06,57.4,60.8,57.11,59.1,57.62,1.48,2.5686,222552.95,1320911.627,4.3484,2.01,39.4542,4.9232,3030487.1712
300373.SZ,2023-04-07,59.1,59.49,57.8,58.68,59.1,-0.42,-0.7107,133258.34,779265.933,2.6037,1.01,39.1738,4.8883,3008950.7141
300373.SZ,2023-04-10,58.5,58.79,56.6,56.8,58.68,-1.88,-3.2038,115975.03,667941.851,2.266,0.82,37.9187,4.7316,2912549.4302
300373.SZ,2023-04-11,57.0,57.76,56.32,57.0,56.8,0.2,0.3521,91935.18,523421.079,1.7963,0.61,38.0522,4.7483,2922804.8859
300373.SZ,2023-04-12,57.42,57.79,56.08,56.17,57.0,-0.83,-1.4561,228469.45,1298514.813,4.464,1.64,37.4981,4.6792,2880244.7446
300373.SZ,2023-04-13,56.15,56.69,53.22,53.36,56.17,-2.81,-5.0027,187185.67,1020319.95,3.6574,1.18,35.6222,4.4451,2736155.5914
300373.SZ,2023-04-14,53.6,54.32,52.39,54.22,53.36,0.86,1.6117,141423.97,757823.234,2.7632,0.93,36.1964,4.5167,2780254.0511
300373.SZ,2023-04-17,53.85,54.4,53.06,53.89,54.22,-0.33,-0.6086,109885.37,590138.354,2.147,0.72,35.9761,4.4892,2763332.5491
300373.SZ,2023-04-18,53.67,53.75,51.86,51.91,53.89,-1.98,-3.6742,122125.02,639735.354,2.2595,0.8,36.5924,3.7571,2810676.2263
300373.SZ,2023-04-19,51.88,52.4,50.22,50.75,51.91,-1.16,-2.2346,121699.68,623128.591,2.2517,0.77,35.7747,3.6731,2747867.819
300373.SZ,2023-04-20,50.69,51.19,50.12,50.72,50.75,-0.03,-0.0591,80124.19,405776.474,1.4825,0.59,35.7536,3.671,2746243.4637
300373.SZ,2023-04-21,51.0,51.45,47.85,47.95,50.72,-2.77,-5.4614,116471.31,575354.941,2.1549,1.01,33.8009,3.4705,2596261.3187
300373.SZ,2023-04-24,47.87,47.87,46.0,46.29,47.95,-1.66,-3.4619,93206.35,436079.717,1.7245,0.85,32.6308,3.3503,2506380.322
300373.SZ,2023-04-25,46.3,46.49,43.13,43.98,46.29,-2.31,-4.9903,124106.12,551712.632,2.2962,1.16,31.0024,3.1831,2381304.9592
300373.SZ,2023-04-26,43.97,44.69,43.63,44.16,43.98,0.18,0.4093,75381.44,333000.463,1.3947,0.7,31.1293,3.1962,2391051.0914
300373.SZ,2023-04-27,44.1,44.46,43.55,43.84,44.16,-0.32,-0.7246,68201.02,300632.78,1.2618,0.7,30.9037,3.173,2373724.6342
300373.SZ,2023-04-28,43.93,44.8,43.93,44.45,43.84,0.61,1.3914,75710.06,336438.446,1.401,0.79,22.7021,3.1529,2406753.1932
300373.SZ,2023-05-04,44.08,44.53,42.86,42.96,44.45,-1.49,-3.3521,76853.35,333548.151,1.4222,0.88,21.9411,3.0472,2326076.877
300373.SZ,2023-05-05,42.92,43.3,41.5,41.75,42.96,-1.21,-2.8166,86278.51,363280.604,1.5966,1.03,21.3231,2.9614,2260561.2107
300373.SZ,2023-05-08,41.9,42.16,41.53,41.98,41.75,0.23,0.5509,46563.12,195168.006,0.8617,0.61,21.4406,2.9777,2273014.6018
300373.SZ,2023-05-09,42.0,42.67,41.38,41.39,41.98,-0.59,-1.4054,66683.5,279973.227,1.234,0.94,21.1393,2.9358,2241068.9464
300373.SZ,2023-05-10,41.22,41.71,40.75,41.6,41.39,0.21,0.5074,56636.33,233840.941,1.0481,0.8,21.2465,2.9507,2252439.4339
300373.SZ,2023-05-11,41.95,42.26,41.51,42.01,41.6,0.41,0.9856,45566.72,190929.215,0.8432,0.68,21.4559,2.9798,2274638.9572
300373.SZ,2023-05-12,42.02,42.42,41.45,41.5,42.01,-0.51,-1.214,47269.23,197877.476,0.8747,0.78,21.1954,2.9436,2247024.9161
300373.SZ,2023-05-15,41.47,42.07,41.2,42.04,41.5,0.54,1.3012,47215.93,196849.364,0.8738,0.9,21.4712,2.9819,2276263.3125
300373.SZ,2023-05-16,42.04,42.19,41.51,41.68,42.04,-0.36,-0.8563,64194.7,267910.975,1.188,1.22,21.2874,2.9564,2256771.0482
300373.SZ,2023-05-17,41.45,41.97,41.41,41.9,41.68,0.22,0.5278,42823.28,178971.922,0.7925,0.82,21.3997,2.972,2268682.9875
300373.SZ,2023-05-18,41.99,42.07,41.61,41.85,41.9,-0.05,-0.1193,44807.01,187251.307,0.8292,0.91,21.3742,2.9684,2265975.7286
300373.SZ,2023-05-19,41.63,43.76,41.63,43.44,41.85,1.59,3.7993,104598.79,447390.835,1.9356,2.12,22.1863,3.0812,2352066.5627
300373.SZ,2023-05-22,43.2,43.34,42.37,42.65,43.44,-0.79,-1.8186,61744.4,263443.325,1.1426,1.02,21.7828,3.0252,2309291.8716
300373.SZ,2023-05-23,42.55,42.58,42.01,42.05,42.65,-0.6,-1.4068,38066.02,160645.9,0.7044,0.6,21.4763,2.9826,2276804.7643
300373.SZ,2023-05-24,41.85,42.55,41.58,41.94,42.05,-0.11,-0.2616,39924.31,168314.54,0.7388,0.68,21.4202,2.9748,2270848.7947
300373.SZ,2023-05-25,42.01,42.48,41.79,42.3,41.94,0.36,0.8584,50429.6,212502.225,0.9332,0.87,21.604,3.0004,2290341.059
300373.SZ,2023-05-26,42.63,43.95,42.6,43.34,42.3,1.04,2.4586,92392.34,400993.773,1.7098,1.57,22.1352,3.0741,2346652.0449
300373.SZ,2023-05-29,43.7,43.73,42.24,42.31,43.34,-1.03,-2.3766,73253.66,313191.039,1.3556,1.3,21.6091,3.0011,2290882.5108
300373.SZ,2023-05-30,42.0,42.0,39.88,41.13,42.31,-1.18,-2.7889,105775.08,430487.956,1.9574,1.8,21.0065,2.9174,2226991.1999
300373.SZ,2023-05-31,41.12,41.75,40.66,41.2,41.13,0.07,0.1702,54443.31,223606.151,1.0075,0.75,21.0422,2.9223,2230781.3624
300373.SZ,2023-06-01,40.91,44.69,40.52,43.89,41.2,2.69,6.5291,147091.83,628866.238,2.722,1.95,22.4161,3.1131,2376431.8931
300373.SZ,2023-06-02,43.57,44.35,42.94,44.03,43.89,0.14,0.319,111576.06,486949.06,2.0648,1.18,22.4876,3.1231,2384012.2182
300373.SZ,2023-06-05,43.9,44.92,43.6,43.69,44.03,-0.34,-0.7722,95619.05,422879.009,1.7695,0.97,22.3139,3.099,2365602.8574
300373.SZ,2023-06-06,43.05,43.21,41.05,41.26,43.19,-1.93,-4.4686,87072.39,365560.591,1.6113,0.85,21.0729,3.0342,2234030.0732
300373.SZ,2023-06-07,41.33,41.89,40.89,41.11,41.26,-0.15,-0.3635,63905.52,263744.128,1.1826,0.64,20.9963,3.0232,2225908.2964
300373.SZ,2023-06-08,41.1,41.1,39.5,39.6,41.11,-1.51,-3.6731,84212.97,336545.276,1.5584,0.83,20.225,2.9121,2144149.0765
300373.SZ,2023-06-09,39.6,42.2,39.58,41.95,39.6,2.35,5.9343,131437.2,536495.586,2.4323,1.49,21.4253,3.0849,2271390.2465
300373.SZ,2023-06-12,41.95,42.88,41.47,42.31,41.95,0.36,0.8582,91178.99,385105.822,1.6873,0.99,21.6091,3.1114,2290882.5108
300373.SZ,2023-06-13,42.38,42.69,41.75,42.53,42.31,0.22,0.52,56831.43,240493.651,1.0517,0.62,21.7215,3.1276,2302794.4501
300373.SZ,2023-06-14,42.66,42.66,41.85,41.89,42.53,-0.64,-1.5048,52287.51,220019.31,0.9676,0.61,21.3946,3.0805,2268141.5357
300373.SZ,2023-06-15,41.95,42.15,41.41,42.05,41.89,0.16,0.382,60805.92,254811.589,1.1252,0.73,21.4763,3.0923,2276804.7643
300373.SZ,2023-06-16,42.1,42.83,41.75,42.42,42.05,0.37,0.8799,68340.9,289007.927,1.2647,0.87,21.6653,3.1195,2296838.4805
300373.SZ,2023-06-19,42.2,42.8,42.1,42.29,42.42,-0.13,-0.3065,55705.06,236463.02,1.0308,0.85,21.5989,3.11,2289799.6072
300373.SZ,2023-06-20,42.11,42.9,42.03,42.44,42.29,0.15,0.3547,65982.6,280668.214,1.221,1.12,21.6755,3.121,2297921.384
300373.SZ,2023-06-21,42.23,42.41,40.83,40.83,42.44,-1.61,-3.7936,76591.92,317073.278,1.4174,1.26,20.8532,3.0026,2210747.6463
300373.SZ,2023-06-26,40.38,41.69,40.01,40.96,40.83,0.13,0.3184,62027.73,252597.831,1.1479,0.95,20.9196,3.0121,2217786.5196
300373.SZ,2023-06-27,40.87,41.29,40.41,40.7,40.96,-0.26,-0.6348,42359.57,172600.833,0.7839,0.64,20.7869,2.993,2203708.7731
300373.SZ,2023-06-28,40.8,40.83,39.68,39.99,40.7,-0.71,-1.7445,50733.51,203145.161,0.9388,0.84,20.4242,2.9408,2165265.6962
300373.SZ,2023-06-29,39.94,40.88,39.8,40.04,39.99,0.05,0.125,44182.61,178253.865,0.8176,0.74,20.4498,2.9445,2167972.9551
300373.SZ,2023-06-30,40.01,40.85,39.82,40.57,40.04,0.53,1.3237,47793.71,193467.809,0.8844,0.87,20.7205,2.9835,2196669.8999
300373.SZ,2023-07-03,40.55,41.5,40.54,40.99,40.57,0.42,1.0352,52616.28,216134.474,0.9737,1.06,20.935,3.0144,2219410.8749
300373.SZ,2023-07-04,41.39,46.7,41.22,44.7,40.99,3.71,9.051,275755.4,1218999.354,5.103,5.8,22.8298,3.2872,2420289.4879
300373.SZ,2023-07-05,44.8,45.15,43.48,43.74,44.7,-0.96,-2.1477,156623.05,694026.491,2.8984,1.66,22.3395,3.2166,2368310.1163
300373.SZ,2023-07-06,43.89,45.93,43.43,44.38,43.74,0.64,1.4632,150520.54,673583.805,2.7854,1.3,22.6664,3.2636,2402963.0307
300373.SZ,2023-07-07,43.8,44.18,42.59,42.87,44.38,-1.51,-3.4024,101082.75,436257.016,1.8706,0.74,21.8951,3.1526,2321203.8109
300373.SZ,2023-07-10,42.9,43.86,42.78,43.06,42.87,0.19,0.4432,75951.45,327729.678,1.4055,0.52,21.9922,3.1666,2331491.3948
300373.SZ,2023-07-11,42.83,44.25,42.83,43.81,43.06,0.75,1.7418,86585.17,378525.253,1.6023,0.57,22.3752,3.2217,2372100.2788
300373.SZ,2023-07-12,43.5,44.14,42.89,42.99,43.81,-0.82,-1.8717,73304.87,318200.623,1.3565,0.64,21.9564,3.1614,2327701.2323
300373.SZ,2023-07-13,43.3,44.3,43.3,44.18,42.99,1.19,2.7681,104283.47,458467.869,1.9298,1.07,22.5642,3.2489,2392133.995
300373.SZ,2023-07-14,44.62,44.98,43.63,43.66,44.18,-0.52,-1.177,84307.9,371374.151,1.5602,0.96,22.2986,3.2107,2363978.502
300373.SZ,2023-07-17,43.21,43.28,42.67,42.98,43.66,-0.68,-1.5575,54172.99,232492.731,1.0025,0.64,21.9513,3.1607,2327159.7805
300373.SZ,2023-07-18,43.2,44.23,43.03,43.3,42.98,0.32,0.7445,75373.18,329206.745,1.3948,0.94,22.1148,3.1842,2344486.2377
300373.SZ,2023-07-19,43.03,43.88,42.8,43.08,43.3,-0.22,-0.5081,45047.56,194070.779,0.8336,0.58,22.0024,3.168,2332574.2984
300373.SZ,2023-07-20,43.11,43.3,41.6,41.67,43.08,-1.41,-3.273,66602.11,281828.179,1.2325,0.92,21.2823,3.0644,2256229.5964
300373.SZ,2023-07-21,41.6,42.23,41.11,41.3,41.67,-0.37,-0.8879,42977.14,178797.39,0.7953,0.66,21.0933,3.0371,2236195.8803
300373.SZ,2023-07-24,41.25,41.38,40.81,40.88,41.3,-0.42,-1.0169,32594.89,133675.362,0.6032,0.57,20.8788,3.0063,2213454.9053
300373.SZ,2023-07-25,41.3,42.25,41.2,41.77,40.88,0.89,2.1771,41155.52,171574.63,0.7616,0.78,21.3333,3.0717,2261644.1143
300373.SZ,2023-07-26,41.83,42.18,41.58,41.73,41.77,-0.04,-0.0958,30134.87,126122.161,0.5577,0.66,21.3129,3.0688,2259478.3072
300373.SZ,2023-07-27,41.68,43.49,41.68,42.2,41.73,0.47,1.1263,71822.63,305012.176,1.3291,1.68,21.553,3.1033,2284926.5411
300373.SZ,2023-07-28,41.7,42.25,41.21,42.16,42.2,-0.04,-0.0948,54054.59,225504.425,1.0003,1.24,21.5325,3.1004,2282760.734
300373.SZ,2023-07-31,42.28,43.0,42.09,42.93,42.16,0.77,1.8264,58443.66,249270.888,1.0815,1.27,21.9258,3.157,2324452.5216
300373.SZ,2023-08-01,43.37,43.45,42.32,42.68,42.93,-0.25,-0.5823,56712.78,242981.704,1.0495,1.11,21.7981,3.1386,2310916.2269
300373.SZ,2023-08-02,42.69,43.76,42.69,43.2,42.68,0.52,1.2184,79041.36,342785.31,1.4627,1.46,22.0637,3.1769,2339071.7198
300373.SZ,2023-08-03,42.9,43.11,42.3,42.91,43.2,-0.29,-0.6713,48730.79,208257.703,0.9018,0.76,21.9156,3.1555,2323369.618
300373.SZ,2023-08-04,42.93,43.28,42.48,42.85,42.91,-0.06,-0.1398,49028.66,210129.767,0.9073,0.83,21.8849,3.1511,2320120.9073
300373.SZ,2023-08-07,42.7,42.85,41.81,42.16,42.85,-0.69,-1.6103,48000.82,202279.755,0.8883,0.82,21.5325,3.1004,2282760.734
300373.SZ,2023-08-08,42.15,42.35,41.24,41.39,42.16,-0.77,-1.8264,48895.45,203662.143,0.9048,0.87,21.1393,3.0438,2241068.9464
300373.SZ,2023-08-09,41.07,41.58,41.07,41.56,41.39,0.17,0.4107,26209.72,108528.011,0.485,0.48,21.2261,3.0563,2250273.6268
300373.SZ,2023-08-10,41.61,41.88,41.22,41.55,41.56,-0.01,-0.0241,23301.38,96825.406,0.4312,0.53,21.221,3.0555,2249732.175
300373.SZ,2023-08-11,41.62,41.68,40.78,40.78,41.55,-0.77,-1.8532,26726.57,109798.267,0.4946,0.68,20.8277,2.9989,2208040.3874
300373.SZ,2023-08-14,40.38,41.03,40.15,40.66,40.78,-0.12,-0.2943,35931.27,145675.043,0.6649,1.04,20.7664,2.9901,2201542.9659
300373.SZ,2023-08-15,40.79,40.88,39.51,39.67,40.66,-0.99,-2.4348,45046.12,179737.523,0.8336,1.4,20.2608,2.9173,2147939.239
300373.SZ,2023-08-16,39.63,39.84,37.0,37.13,39.67,-2.54,-6.4028,93936.59,357227.676,1.7383,2.99,18.9635,2.7305,2010410.4851
300373.SZ,2023-08-17,37.07,37.69,36.5,37.23,37.13,0.1,0.2693,45249.64,167929.69,0.8373,1.01,19.0146,2.7378,2015825.003
300373.SZ,2023-08-18,37.18,37.38,34.18,35.0,37.23,-2.23,-5.9898,233588.45,820158.56,4.3225,4.73,17.8757,2.5739,1895081.2545
300373.SZ,2023-08-21,34.97,35.26,33.96,34.06,35.0,-0.94,-2.6857,115445.67,397665.001,2.1363,1.27,17.3956,2.5047,1844184.7865
300373.SZ,2023-08-22,34.06,34.5,33.21,33.96,34.06,-0.1,-0.2936,92514.96,312706.847,1.712,0.87,17.3445,2.4974,1838770.2687
300373.SZ,2023-08-23,33.79,33.8,32.77,32.79,33.96,-1.17,-3.4452,81098.54,268797.462,1.5007,0.7,16.747,2.4113,1775420.4096
300373.SZ,2023-08-24,32.86,34.15,32.56,33.48,32.79,0.69,2.1043,92596.16,308965.88,1.7135,0.82,17.0994,2.4621,1812780.5829
300373.SZ,2023-08-25,33.1,33.29,32.63,32.93,33.48,-0.55,-1.6428,62070.89,204471.526,1.1486,0.5,16.8185,2.4216,1783000.7346
300373.SZ,2023-08-28,35.5,35.5,33.19,33.27,32.93,0.34,1.0325,91577.7,310873.907,1.6946,1.03,16.9921,2.315,1801410.0953
300373.SZ,2023-08-29,33.0,35.12,33.0,35.06,33.27,1.79,5.3802,123449.15,424816.361,2.2844,1.47,17.9063,2.4396,1898329.9652
300373.SZ,2023-08-30,35.1,36.28,35.1,35.62,35.06,0.56,1.5973,115171.78,411488.947,2.1312,1.28,18.1923,2.4786,1928651.2653
300373.SZ,2023-08-31,35.55,36.28,35.23,35.72,35.62,0.1,0.2807,74496.04,266400.102,1.3785,0.77,18.2434,2.4855,1934065.7832
300373.SZ,2023-09-01,35.77,36.06,35.35,35.74,35.72,0.02,0.056,47726.2,170170.101,0.8832,0.51,18.2536,2.4869,1935148.6867
300373.SZ,2023-09-04,35.84,36.13,35.39,36.13,35.74,0.39,1.0912,64655.87,231727.93,1.1965,0.71,18.4528,2.514,1956265.3064
300373.SZ,2023-09-05,36.13,36.9,36.05,36.4,36.13,0.27,0.7473,87657.0,320268.587,1.6221,1.03,18.5907,2.5328,1970884.5047
300373.SZ,2023-09-06,36.04,37.56,36.01,37.39,36.4,0.99,2.7198,103831.29,383919.1,1.9214,1.33,19.0963,2.6017,2024488.2316
300373.SZ,2023-09-07,37.1,37.28,36.31,36.45,37.39,-0.94,-2.514,78779.04,289518.881,1.4578,1.04,18.6162,2.5363,1973591.7636
300373.SZ,2023-09-08,36.13,36.94,36.09,36.6,36.45,0.15,0.4115,46801.39,171443.744,0.8661,0.61,18.6928,2.5468,1981713.5404
300373.SZ,2023-09-11,36.46,36.89,36.31,36.62,36.6,0.02,0.0546,53971.64,197613.113,0.9987,0.71,18.7031,2.5481,1982796.444
300373.SZ,2023-09-12,36.5,36.84,36.32,36.44,36.62,-0.18,-0.4915,41595.9,151782.562,0.7697,0.56,18.6111,2.5356,1973050.3118
300373.SZ,2023-09-13,36.3,36.55,35.64,36.11,36.44,-0.33,-0.9056,50290.23,181287.676,0.9306,0.77,18.4426,2.5127,1955182.4029
300373.SZ,2023-09-14,36.15,36.15,35.34,35.58,36.11,-0.53,-1.4677,43353.54,154425.674,0.8023,0.8,18.1719,2.4758,1926485.4581
300373.SZ,2023-09-15,35.69,36.75,35.15,35.82,35.58,0.24,0.6745,56890.47,204313.712,1.0528,1.21,18.2945,2.4925,1939480.301
300373.SZ,2023-09-18,35.68,36.1,35.39,35.53,35.82,-0.29,-0.8096,37597.85,134173.954,0.6957,0.76,18.1464,2.4723,1923778.1992
300373.SZ,2023-09-19,35.35,35.53,34.8,35.2,35.53,-0.33,-0.9288,41307.0,145305.779,0.7644,0.9,17.9778,2.4493,1905910.2902
300373.SZ,2023-09-20,34.81,35.39,34.63,34.66,35.2,-0.54,-1.5341,42064.25,146565.618,0.7784,0.92,17.702,2.4118,1876671.8937
300373.SZ,2023-09-21,34.53,34.97,34.4,34.73,34.66,0.07,0.202,36932.81,128125.73,0.6834,0.83,17.7378,2.4166,1880462.0563
300373.SZ,2023-09-22,34.7,35.49,34.63,35.35,34.73,0.62,1.7852,46114.59,162041.778,0.8533,1.07,18.0544,2.4598,1914032.067
300373.SZ,2023-09-25,35.1,35.49,34.76,34.96,35.35,-0.39,-1.1033,37350.44,130613.455,0.6912,0.92,17.8552,2.4326,1892915.4474
300373.SZ,2023-09-26,34.89,35.02,34.53,34.53,34.96,-0.43,-1.23,25187.11,87411.111,0.4661,0.62,17.6356,2.4027,1869633.0205
300373.SZ,2023-09-27,34.54,35.35,34.52,34.8,34.53,0.27,0.7819,34110.56,118872.026,0.6312,0.91,17.7735,2.4215,1884252.2188
300373.SZ,2023-09-28,34.82,35.24,34.67,34.96,34.8,0.16,0.4598,33815.5,118337.043,0.6258,0.94,17.8552,2.4326,1892915.4474
300373.SZ,2023-10-09,34.95,35.43,34.73,35.12,34.96,0.16,0.4577,42612.06,149473.515,0.7885,1.21,17.937,2.4438,1901578.6759
300373.SZ,2023-10-10,35.25,35.59,34.95,35.17,35.12,0.05,0.1424,46468.0,163867.981,0.8599,1.34,17.9625,2.4472,1904285.9349
300373.SZ,2023-10-11,35.27,36.4,35.21,36.13,35.17,0.96,2.7296,86610.35,310924.039,1.6027,2.38,18.4528,2.514,1956265.3064
300373.SZ,2023-10-12,36.8,38.68,36.4,37.63,36.13,1.5,4.1517,179231.74,674923.948,3.3167,3.68,19.2189,2.6184,2037483.0745
300373.SZ,2023-10-13,37.38,39.16,37.3,38.45,37.63,0.82,2.1791,160310.51,618182.991,2.9665,2.06,19.6377,2.6755,2081882.121
300373.SZ,2023-10-16,38.6,38.6,37.46,37.68,38.45,-0.77,-2.0026,95941.59,363423.047,1.7754,0.93,19.2444,2.6219,2040190.3334
300373.SZ,2023-10-17,37.73,38.22,37.12,37.27,37.68,-0.41,-1.0881,61558.75,230647.402,1.1391,0.54,19.035,2.5934,2017990.8101
300373.SZ,2023-10-18,37.27,37.98,36.74,37.3,37.27,0.03,0.0805,67874.58,253552.555,1.256,0.58,19.0504,2.5955,2019615.1655
300373.SZ,2023-10-19,36.99,38.48,36.8,37.18,37.3,-0.12,-0.3217,79036.32,297659.606,1.4626,0.7,18.9891,2.5871,2013117.7441
300373.SZ,2023-10-20,36.85,37.1,35.94,36.09,37.18,-1.09,-2.9317,66066.63,240350.274,1.2226,0.71,18.4324,2.5113,1954099.4993
300373.SZ,2023-10-23,35.75,35.79,34.43,34.79,36.09,-1.3,-3.6021,68609.62,240071.236,1.2696,0.93,17.7684,2.3794,1883710.767
300373.SZ,2023-10-24,35.04,35.58,33.94,35.36,34.79,0.57,1.6384,84445.04,294527.451,1.5627,1.23,18.0595,2.4184,1914573.5188
300373.SZ,2023-10-25,35.41,36.49,35.41,36.18,35.36,0.82,2.319,68586.74,247687.902,1.2692,0.94,18.4783,2.4745,1958972.5654
300373.SZ,2023-10-26,35.91,36.33,35.46,36.18,36.18,0.0,0.0,53948.07,193649.444,0.9983,0.74,18.4783,2.4745,1958972.5654
300373.SZ,2023-10-27,36.05,37.08,35.33,36.84,36.18,0.66,1.8242,82175.08,298723.902,1.5206,1.2,18.8154,2.5196,1994708.3833
300373.SZ,2023-10-30,36.61,38.6,36.43,38.05,36.84,1.21,3.2845,127904.0,482791.672,2.3669,1.79,19.4334,2.6024,2060224.0495
300373.SZ,2023-10-31,38.06,38.15,37.65,37.96,38.05,-0.09,-0.2365,60054.65,227466.942,1.1113,0.72,19.3874,2.5962,2055350.9835
300373.SZ,2023-11-01,37.95,38.95,37.69,38.54,37.96,0.58,1.5279,95784.36,368639.256,1.7725,1.22,19.6837,2.6359,2086755.1871
300373.SZ,2023-11-02,38.48,39.06,38.18,38.23,38.54,-0.31,-0.8044,76383.05,294717.467,1.4135,0.91,19.5253,2.6147,2069970.1817
300373.SZ,2023-11-03,38.16,40.24,38.16,40.12,38.23,1.89,4.9438,144541.98,571357.142,2.6747,1.63,20.4906,2.744,2172304.5694
300373.SZ,2023-11-06,40.12,41.18,39.55,40.63,40.12,0.51,1.2712,139806.7,565236.593,2.5871,1.39,20.7511,2.7788,2199918.6106
300373.SZ,2023-11-07,40.25,40.67,39.9,40.41,40.63,-0.22,-0.5415,64898.76,261909.998,1.2009,0.63,20.6387,2.7638,2188006.6713
300373.SZ,2023-11-08,40.4,40.5,39.66,39.95,40.41,-0.46,-1.1383,75977.97,304203.995,1.406,0.73,20.4038,2.7323,2163099.8891
300373.SZ,2023-11-09,39.95,40.28,39.23,39.47,39.95,-0.48,-1.2015,73347.2,290554.039,1.3573,0.73,20.1586,2.6995,2137110.2033
300373.SZ,2023-11-10,39.28,39.92,39.07,39.5,39.47,0.03,0.076,62048.57,244760.392,1.1482,0.62,20.174,2.7016,2138734.5587
300373.SZ,2023-11-13,39.69,39.85,39.12,39.49,39.5,-0.01,-0.0253,61902.26,244062.019,1.1455,0.74,20.1689,2.7009,2138193.1069
300373.SZ,2023-11-14,39.5,40.1,39.32,39.75,39.49,0.26,0.6584,57884.23,229778.08,1.0711,0.86,20.3017,2.7187,2152270.8533
300373.SZ,2023-11-15,40.09,40.27,39.7,40.03,39.75,0.28,0.7044,64603.52,258373.31,1.1955,0.98,20.4447,2.7378,2167431.5034
300373.SZ,2023-11-16,39.85,39.87,39.03,39.16,40.03,-0.87,-2.1734,60943.14,239577.938,1.1277,0.95,20.0003,2.6783,2120325.1979
300373.SZ,2023-11-17,39.05,39.42,38.74,39.17,39.16,0.01,0.0255,46130.75,180620.126,0.8536,0.75,20.0054,2.679,2120866.6497
300373.SZ,2023-11-20,39.23,39.44,38.7,39.0,39.17,-0.17,-0.434,53880.0,210373.405,0.997,0.92,19.9186,2.6674,2111661.9693
300373.SZ,2023-11-21,39.21,39.37,38.46,38.58,39.0,-0.42,-1.0769,47300.98,184215.443,0.8753,0.83,19.7041,2.6386,2088920.9942
300373.SZ,2023-11-22,38.21,38.59,37.55,37.6,38.58,-0.98,-2.5402,55731.38,211639.654,1.0313,1.02,19.2036,2.5716,2035858.7191
300373.SZ,2023-11-23,37.63,38.14,37.45,37.92,37.6,0.32,0.8511,37707.11,142334.531,0.6978,0.71,19.367,2.5935,2053185.1763
300373.SZ,2023-11-24,37.88,37.88,37.02,37.26,37.92,-0.66,-1.7405,38278.53,142712.406,0.7083,0.79,19.0299,2.5484,2017449.3584
300373.SZ,2023-11-27,37.2,37.93,36.92,37.78,37.26,0.52,1.3956,43992.71,165055.665,0.8141,0.94,19.2955,2.5839,2045604.8513
300373.SZ,2023-11-28,37.65,38.17,37.51,37.97,37.78,0.19,0.5029,31439.68,119117.941,0.5818,0.7,19.3925,2.5969,2055892.4352
300373.SZ,2023-11-29,37.93,39.16,37.9,38.06,37.97,0.09,0.237,69109.4,266313.137,1.2789,1.67,19.4385,2.6031,2060765.5013
300373.SZ,2023-11-30,38.0,38.06,37.2,37.46,38.06,-0.6,-1.5765,37820.02,142171.252,0.6999,0.86,19.1321,2.562,2028278.3941
300373.SZ,2023-12-01,37.5,37.65,36.9,37.36,37.46,-0.1,-0.267,41626.29,155204.644,0.7703,0.94,19.081,2.5552,2022863.8762
300373.SZ,2023-12-04,37.36,37.49,36.7,36.7,37.36,-0.66,-1.7666,39209.65,145155.638,0.7256,0.88,18.7439,2.5101,1987128.0583
300373.SZ,2023-12-05,36.55,36.67,35.84,35.87,36.7,-0.83,-2.2616,31287.1,113121.49,0.579,0.71,18.32,2.4533,1942187.56
300373.SZ,2023-12-06,35.9,36.42,35.84,35.91,35.87,0.04,0.1115,28114.24,101550.89,0.5203,0.64,18.3404,2.456,1944353.3671
300373.SZ,2023-12-07,35.9,35.96,35.08,35.71,35.91,-0.2,-0.5569,40369.61,143541.232,0.747,1.13,18.2383,2.4423,1933524.3314
300373.SZ,2023-12-08,35.95,36.61,35.82,36.46,35.71,0.75,2.1003,51001.65,185002.303,0.9438,1.41,18.6213,2.4936,1974133.2154
300373.SZ,2023-12-11,36.21,36.75,35.62,36.6,36.46,0.14,0.384,44061.27,159411.747,0.8154,1.16,18.6928,2.5032,1981713.5404
300373.SZ,2023-12-12,36.58,36.77,35.91,36.13,36.6,-0.47,-1.2842,40389.09,146419.832,0.7474,1.04,18.4528,2.4711,1956265.3064
300373.SZ,2023-12-13,35.91,36.06,35.65,35.65,36.13,-0.48,-1.3285,35080.99,125644.072,0.6492,0.86,18.2076,2.4382,1930275.6207
300373.SZ,2023-12-14,35.84,36.29,35.61,35.61,35.65,-0.04,-0.1122,26508.91,95302.941,0.4905,0.63,18.1872,2.4355,1928109.8135
300373.SZ,2023-12-15,35.63,36.06,35.43,35.67,35.61,0.06,0.1685,24914.88,89023.173,0.461,0.63,18.2179,2.4396,1931358.5242
300373.SZ,2023-12-18,35.75,35.75,34.82,35.12,35.67,-0.55,-1.5419,30252.14,106230.973,0.5598,0.88,17.937,2.402,1901578.6759
300373.SZ,2023-12-19,35.19,35.71,35.0,35.31,35.12,0.19,0.541,25578.91,90197.538,0.4733,0.81,18.034,2.415,1911866.2599
300373.SZ,2023-12-20,35.38,35.45,34.68,34.75,35.31,-0.56,-1.586,24835.31,86781.019,0.4596,0.87,17.748,2.3767,1881544.9598
300373.SZ,2023-12-21,34.63,34.98,34.23,34.64,34.75,-0.11,-0.3165,39619.27,137016.923,0.7332,1.5,17.6918,2.3692,1875588.9902
300373.SZ,2023-12-22,34.66,34.83,34.03,34.67,34.64,0.03,0.0866,39114.61,134715.561,0.7238,1.35,17.7071,2.3712,1877213.3455
300373.SZ,2023-12-25,34.65,35.87,34.43,35.64,34.67,0.97,2.7978,52066.61,183885.767,0.9635,1.63,18.2025,2.4376,1929734.1689
300373.SZ,2023-12-26,35.64,35.73,34.88,35.09,35.64,-0.55,-1.5432,31576.36,111170.091,0.5843,0.87,17.9216,2.3999,1899954.3206
300373.SZ,2023-12-27,35.03,35.8,34.9,35.35,35.09,0.26,0.741,43489.89,153999.588,0.8048,1.16,18.0544,2.4177,1914032.067
300373.SZ,2023-12-28,35.24,37.15,34.81,36.67,35.35,1.32,3.7341,82901.61,300195.609,1.5341,2.01,18.7286,2.508,1985503.7029
300373.SZ,2023-12-29,36.65,36.93,36.46,36.7,36.67,0.03,0.0818,44160.15,162130.329,0.8172,0.89,18.7439,2.5101,1987128.0583
300373.SZ,2024-01-02,36.6,36.67,35.93,35.95,36.7,-0.75,-2.0436,35809.5,129337.555,0.6627,0.7,18.3609,2.4588,1946519.1743
300373.SZ,2024-01-03,35.87,36.25,34.81,35.15,35.95,-0.8,-2.2253,53469.21,188999.12,0.9894,1.12,17.9523,2.404,1903203.0313
300373.SZ,2024-01-04,35.15,35.15,34.22,34.48,35.15,-0.67,-1.9061,37497.42,129723.852,0.6939,0.72,17.6101,2.3582,1866925.7616
300373.SZ,2024-01-05,34.45,35.18,34.4,34.79,34.48,0.31,0.8991,39195.48,136305.724,0.7253,0.77,17.7684,2.3794,1883710.767
300373.SZ,2024-01-08,34.75,34.75,33.68,33.68,34.79,-1.11,-3.1906,43316.8,147561.754,0.8016,1.03,17.2015,2.3035,1823609.6186
300373.SZ,2024-01-09,34.05,34.4,33.61,33.68,33.68,0.0,0.0,37220.14,126050.711,0.6888,0.89,17.2015,2.3035,1823609.6186
300373.SZ,2024-01-10,33.42,34.12,32.89,33.8,33.68,0.12,0.3563,39038.49,131437.957,0.7224,0.93,17.2628,2.3117,1830107.0401
300373.SZ,2024-01-11,33.69,34.55,33.6,34.34,33.8,0.54,1.5976,34617.2,118340.1,0.6406,0.88,17.5386,2.3486,1859345.4366
300373.SZ,2024-01-12,34.13,34.6,34.03,34.19,34.34,-0.15,-0.4368,31125.24,106945.624,0.5743,0.8,17.5124,2.334,1856568.2406
300373.SZ,2024-01-15,34.54,38.48,34.54,36.96,34.19,2.77,8.1018,215452.98,799130.549,3.9754,5.81,18.9312,2.5231,2006983.392
300373.SZ,2024-01-16,36.41,37.38,36.35,37.08,36.96,0.12,0.3247,126393.1,466521.709,2.3322,1.77,18.9927,2.5313,2013499.5718
300373.SZ,2024-01-17,37.08,37.28,36.13,36.16,37.08,-0.92,-2.4811,70193.6,257254.659,1.2952,0.79,18.5214,2.4685,1963542.193
300373.SZ,2024-01-18,35.82,37.88,35.71,37.84,36.16,1.68,4.646,152534.78,565913.143,2.8145,1.6,19.382,2.5832,2054768.7108
300373.SZ,2024-01-19,37.65,38.15,36.39,36.47,37.84,-1.37,-3.6205,93957.94,349052.634,1.7337,0.79,18.6802,2.4896,1980375.6576
300373.SZ,2024-01-22,36.37,36.69,35.15,35.49,36.47,-0.98,-2.6871,83858.85,301711.238,1.5473,0.64,18.1783,2.4227,1927160.1889
300373.SZ,2024-01-23,35.65,38.77,35.05,38.15,35.49,2.66,7.4951,177362.91,666177.248,3.2726,1.68,19.5407,2.6043,2071602.1754
300373.SZ,2024-01-24,37.88,39.5,37.5,39.13,38.15,0.98,2.5688,178411.91,684660.612,3.292,1.54,20.0427,2.6712,2124817.6441
300373.SZ,2024-01-25,38.82,38.94,38.11,38.88,39.13,-0.25,-0.6389,122529.94,472834.28,2.2609,0.89,19.9146,2.6542,2111242.2695
300373.SZ,2024-01-26,38.38,38.63,36.9,37.22,38.88,-1.66,-4.2695,111981.78,421269.366,2.0662,0.85,19.0644,2.5408,2021101.7816
300373.SZ,2024-01-29,37.21,37.75,36.2,36.71,37.22,-0.51,-1.3702,81520.74,301021.081,1.5042,0.6,18.8032,2.506,1993408.0173
300373.SZ,2024-01-30,36.26,37.35,35.82,36.4,36.71,-0.31,-0.8445,67143.64,246123.431,1.2389,0.5,18.6444,2.4849,1976574.5527
300373.SZ,2024-01-31,36.0,36.42,32.73,32.82,36.4,-3.58,-9.8352,127981.45,437465.109,2.3615,1.14,16.8107,2.2405,1782175.1873
300373.SZ,2024-02-01,32.51,35.14,32.48,34.22,32.82,1.4,4.2657,95480.2,327646.892,1.7618,0.93,17.5278,2.336,1858197.2855
300373.SZ,2024-02-02,34.33,35.97,33.28,34.31,34.22,0.09,0.263,113215.72,394923.76,2.089,1.17,17.5739,2.3422,1863084.4204
300373.SZ,2024-02-05,33.9,35.95,32.66,35.3,34.31,0.99,2.8855,124890.75,431238.656,2.3044,1.29,18.0809,2.4098,1916842.9041
300373.SZ,2024-02-06,34.56,38.66,34.55,38.49,35.3,3.19,9.0368,146423.61,547398.348,2.7017,1.38,19.7149,2.6275,2090064.685
300373.SZ,2024-02-07,38.07,39.85,38.0,39.24,38.49,0.75,1.9486,151174.3,593373.098,2.7894,1.24,20.099,2.6787,2130790.809
300373.SZ,2024-02-08,39.5,41.98,39.26,39.46,39.24,0.22,0.5607,174129.87,710460.538,3.213,1.38,20.2117,2.6937,2142737.1387
300373.SZ,2024-02-19,39.58,40.64,39.01,39.97,39.46,0.51,1.2924,124313.94,494909.328,2.2938,0.88,20.473,2.7286,2170430.903
300373.SZ,2024-02-20,39.15,39.3,37.95,38.74,39.97,-1.23,-3.0773,122900.73,473115.039,2.2677,0.85,19.8429,2.6446,2103640.0596
300373.SZ,2024-02-21,38.22,40.04,38.11,38.9,38.74,0.16,0.413,113840.87,444182.639,2.1005,0.79,19.9249,2.6555,2112328.2994
300373.SZ,2024-02-22,38.6,39.47,38.6,39.3,38.9,0.4,1.0283,77408.66,303014.22,1.4283,0.56,20.1298,2.6828,2134048.8989
300373.SZ,2024-02-23,39.7,39.9,38.4,39.0,39.3,-0.3,-0.7634,99519.05,387259.701,1.8363,0.81,19.9761,2.6623,2117758.4493
300373.SZ,2024-02-26,38.82,39.25,38.46,38.52,39.0,-0.48,-1.2308,96053.0,372452.44,1.7723,0.89,19.7303,2.6296,2091693.7299
300373.SZ,2024-02-27,38.3,40.15,38.16,40.15,38.52,1.63,4.2316,146846.92,577787.979,2.7096,1.44,20.5652,2.7409,2180205.1728
300373.SZ,2024-02-28,39.98,40.38,37.51,37.67,40.15,-2.48,-6.1768,170504.35,666918.489,3.1461,1.6,19.2949,2.5716,2045537.456
300373.SZ,2024-02-29,37.45,39.86,37.45,39.75,37.67,2.08,5.5216,160397.9,627453.859,2.9596,1.36,20.3603,2.7135,2158484.5733
300373.SZ,2024-03-01,40.0,41.2,39.45,40.74,39.75,0.99,2.4906,201047.46,813675.693,3.7096,1.49,20.8674,2.7811,2212243.057
300373.SZ,2024-03-04,40.57,41.09,39.85,40.53,40.74,-0.21,-0.5155,132188.38,533540.91,2.4391,0.85,20.7598,2.7668,2200839.7423
300373.SZ,2024-03-05,40.3,40.99,39.72,40.0,40.53,-0.53,-1.3077,98276.05,395510.131,1.8133,0.61,20.4883,2.7306,2172059.948
300373.SZ,2024-03-06,39.6,39.88,38.65,39.79,40.0,-0.21,-0.525,114139.64,448223.158,2.1061,0.75,20.3808,2.7163,2160656.6333
300373.SZ,2024-03-07,39.69,40.08,38.65,38.65,39.79,-1.14,-2.865,106683.8,417523.002,1.9685,0.76,19.7968,2.6385,2098752.9248
300373.SZ,2024-03-08,38.72,41.0,38.43,41.0,38.65,2.35,6.0802,185627.5,743495.852,3.4251,1.42,21.0005,2.7989,2226361.4467
300373.SZ,2024-03-11,40.57,41.69,40.48,41.66,41.0,0.66,1.6098,146581.22,603636.285,2.7047,1.15,21.3386,2.8439,2262200.4358
300373.SZ,2024-03-12,41.66,42.04,40.88,41.28,41.66,-0.38,-0.9121,123697.5,510787.104,2.2824,0.95,21.1439,2.818,2241565.8663
300373.SZ,2024-03-13,41.5,43.17,41.48,41.58,41.28,0.3,0.7267,181618.32,769466.717,3.3511,1.34,21.2976,2.8385,2257856.3159
300373.SZ,2024-03-14,41.1,42.24,40.88,41.42,41.58,-0.16,-0.3848,124516.57,517652.161,2.2975,0.84,21.2157,2.8275,2249168.0762
300373.SZ,2024-03-15,41.4,41.47,40.2,41.44,41.42,0.02,0.0483,105937.69,432328.486,1.9547,0.7,21.2259,2.8289,2250254.1061
300373.SZ,2024-03-18,41.77,42.28,40.9,41.65,41.44,0.21,0.5068,134409.47,557456.032,2.4801,0.98,21.3335,2.8432,2261657.4209
300373.SZ,2024-03-19,41.56,42.6,40.99,41.98,41.65,0.33,0.7923,145653.03,609349.865,2.6875,1.09,21.5025,2.8658,2279576.9154
300373.SZ,2024-03-20,41.72,42.25,41.16,41.68,41.98,-0.3,-0.7146,91113.93,379749.134,1.6812,0.66,21.3488,2.8453,2263286.4658
300373.SZ,2024-03-21,42.06,42.16,40.91,40.93,41.68,-0.75,-1.7994,88514.67,366073.191,1.6332,0.74,20.9647,2.7941,2222560.3418
300373.SZ,2024-03-22,40.81,41.53,40.11,40.5,40.93,-0.43,-1.0506,87684.6,356635.664,1.6179,0.78,20.7444,2.7647,2199210.6974
300373.SZ,2024-03-25,40.0,40.13,38.05,38.15,40.5,-2.35,-5.8025,135831.19,528255.863,2.5063,1.24,19.5407,2.6043,2071602.1754
300373.SZ,2024-03-26,38.32,38.77,37.5,38.02,38.15,-0.13,-0.3408,91439.06,348192.662,1.6872,0.83,19.4741,2.5954,2064542.9806
300373.SZ,2024-03-27,37.98,37.99,36.52,36.53,38.02,-1.49,-3.919,80663.48,299572.061,1.4884,0.82,18.711,2.4937,1983633.7475
300373.SZ,2024-03-28,36.55,37.49,36.38,36.9,36.53,0.37,1.0129,76563.49,283340.942,1.4127,0.79,18.9005,2.519,2003725.302
300373.SZ,2024-03-29,37.03,37.57,36.73,37.48,36.9,0.58,1.5718,55596.55,206548.571,1.0258,0.59,19.1976,2.5586,2035220.1713
300373.SZ,2024-04-01,37.95,38.56,37.79,38.44,37.48,0.96,2.5614,76398.96,291898.237,1.4097,0.87,19.6893,2.6241,2087349.61
300373.SZ,2024-04-02,38.23,38.37,37.54,37.74,38.44,-0.7,-1.821,55244.23,208914.151,1.0193,0.73,19.3307,2.5763,2049338.5609
300373.SZ,2024-04-03,37.54,37.94,37.07,37.56,37.74,-0.18,-0.4769,47739.33,178981.329,0.8809,0.69,19.2385,2.564,2039564.2912
300373.SZ,2024-04-08,37.79,37.86,36.66,36.69,37.56,-0.87,-2.3163,43495.52,161921.761,0.8026,0.7,18.7929,2.5047,1992321.9873
300373.SZ,2024-04-09,36.72,37.24,36.52,37.24,36.69,0.55,1.499,35969.3,132946.142,0.6637,0.65,19.0746,2.5422,2022187.8116
300373.SZ,2024-04-10,37.27,37.35,35.5,35.67,37.24,-1.57,-4.2159,69724.45,251395.766,1.2865,1.35,18.2705,2.435,1936934.4586
300373.SZ,2024-04-11,35.65,36.18,35.05,35.2,35.67,-0.47,-1.3176,72654.73,257796.122,1.3406,1.44,18.0297,2.4029,1911412.7542
300373.SZ,2024-04-12,35.0,35.75,35.0,35.38,35.2,0.18,0.5114,46223.81,163321.103,0.8529,0.86,18.1219,2.4152,1921187.024
300373.SZ,2024-04-15,35.5,36.99,35.48,36.37,35.38,0.99,2.7982,87670.33,318962.581,1.6177,1.64,18.629,2.4828,1974945.5077
300373.SZ,2024-04-16,36.07,36.39,34.98,34.98,36.37,-1.39,-3.8218,70773.75,252883.636,1.3059,1.13,17.917,2.3879,1899466.4245
300373.SZ,2024-04-17,35.3,36.13,35.3,35.87,34.98,0.89,2.5443,85026.34,303696.841,1.5689,1.22,18.3729,2.4487,1947794.7584
300373.SZ,2024-04-18,35.6,35.99,34.8,35.35,35.87,-0.52,-1.4497,66321.76,235361.641,1.2237,0.92,18.1066,2.4132,1919557.979
300373.SZ,2024-04-19,35.2,35.2,34.36,34.58,35.35,-0.77,-2.1782,63726.37,220791.432,1.1759,0.89,17.7122,2.3606,1877745.825
300373.SZ,2024-04-22,35.0,36.01,34.6,35.43,34.58,0.85,2.4581,79943.93,284218.375,1.4751,1.07,20.8231,2.333,1923902.0989
300373.SZ,2024-04-23,35.67,36.08,35.32,36.05,35.43,0.62,1.7499,71142.18,254228.999,1.3127,0.97,21.1875,2.3738,1957569.0281
300373.SZ,2024-04-24,35.9,36.19,35.7,36.08,36.05,0.03,0.0832,62474.11,224671.168,1.1527,0.85,21.2051,2.3758,1959198.0731
300373.SZ,2024-04-25,36.0,36.74,35.71,36.18,36.08,0.1,0.2772,68329.0,247572.025,1.2608,0.99,21.2639,2.3824,1964628.223
300373.SZ,2024-04-26,35.82,36.93,35.82,36.89,36.18,0.71,1.9624,80869.81,295618.869,1.4922,1.17,21.6812,2.4291,2003182.287
300373.SZ,2024-04-29,36.58,38.33,36.52,38.11,36.89,1.22,3.3071,131066.4,492903.158,2.4184,1.81,22.3982,2.4582,2069430.1155
300373.SZ,2024-04-30,38.04,38.39,37.68,37.97,38.11,-0.14,-0.3674,74693.49,283603.535,1.3782,0.9,22.3159,2.4492,2061827.9056
300373.SZ,2024-05-06,38.3,38.92,37.86,37.91,37.97,-0.06,-0.158,74412.51,284990.056,1.373,0.89,22.2807,2.4453,2058569.8157
300373.SZ,2024-05-07,37.86,38.05,37.72,37.84,37.91,-0.07,-0.1846,44338.92,167890.888,0.8181,0.52,22.2395,2.4408,2054768.7108
300373.SZ,2024-05-08,37.79,37.79,36.68,36.8,37.84,-1.04,-2.7484,55608.64,206024.248,1.0261,0.69,21.6283,2.3737,1998295.1522
300373.SZ,2024-05-09,36.79,39.48,36.79,39.25,36.8,2.45,6.6576,140735.42,539555.712,2.5968,1.85,23.0682,2.5318,2131333.824
300373.SZ,2024-05-10,39.19,39.6,38.21,38.38,39.25,-0.87,-2.2166,109769.15,425009.176,2.0254,1.41,22.5569,2.4756,2084091.5201
300373.SZ,2024-05-13,38.0,38.13,37.5,37.62,38.38,-0.76,-1.9802,55020.6,207677.364,1.0152,0.65,22.1102,2.4266,2042822.3811
300373.SZ,2024-05-14,37.78,38.14,37.34,37.47,37.62,-0.15,-0.3987,49605.63,186764.83,0.9153,0.61,22.0221,2.4169,2034677.1563
300373.SZ,2024-05-15,37.19,37.75,36.95,37.02,37.47,-0.45,-1.201,44351.58,165454.213,0.8184,0.54,21.7576,2.3879,2010241.4819
300373.SZ,2024-05-16,37.2,37.5,36.72,36.81,37.02,-0.21,-0.5673,51254.0,190187.025,0.9457,0.64,21.6342,2.3744,1998838.1671
300373.SZ,2024-05-17,36.86,37.18,35.88,37.16,36.81,0.35,0.9508,66525.25,242874.815,1.2275,1.07,21.8399,2.3969,2017843.6917
300373.SZ,2024-05-20,37.02,37.45,36.71,36.87,37.16,-0.29,-0.7804,51997.77,192441.868,0.9594,0.97,21.6694,2.3782,2002096.2571
300373.SZ,2024-05-21,36.7,36.93,36.33,36.52,36.87,-0.35,-0.9493,35951.65,131402.988,0.6634,0.68,21.4637,2.3557,1983090.7325
300373.SZ,2024-05-22,36.7,37.36,36.4,37.21,36.52,0.69,1.8894,53773.27,198802.16,0.9922,1.08,21.8693,2.4002,2020558.7666
300373.SZ,2024-05-23,37.38,37.5,36.25,36.33,37.21,-0.88,-2.365,53330.95,196187.005,0.984,1.03,21.3521,2.3434,1972773.4478
300373.SZ,2024-05-24,36.32,36.57,35.5,35.54,36.33,-0.79,-2.1745,42758.0,153619.692,0.789,0.82,20.8878,2.2924,1929875.2638
300373.SZ,2024-05-27,35.89,36.45,34.94,36.4,35.54,0.86,2.4198,60094.01,214381.732,1.1088,1.26,21.3932,2.3479,1976574.5527
300373.SZ,2024-05-28,35.9,37.26,35.68,36.16,35.8,0.36,1.0056,93210.3,341022.357,1.7199,1.9,21.2522,2.4259,1963542.193
300373.SZ,2024-05-29,35.8,36.71,35.75,36.52,36.16,0.36,0.9956,56703.22,206231.433,1.0463,0.94,21.4637,2.45,1983090.7325
300373.SZ,2024-05-30,36.24,37.23,36.05,36.91,36.52,0.39,1.0679,77965.47,287287.679,1.4386,1.27,21.6929,2.4762,2004268.317
300373.SZ,2024-05-31,36.85,37.23,36.27,36.27,36.91,-0.64,-1.7339,92694.36,340286.104,1.7104,1.4,21.3168,2.4333,1969515.3578
300373.SZ,2024-06-03,36.21,37.23,36.21,36.7,36.27,0.43,1.1856,73388.17,270231.756,1.3541,0.96,21.5695,2.4621,1992865.0023
300373.SZ,2024-06-04,36.7,38.28,36.36,38.22,36.7,1.52,4.1417,146424.31,550200.539,2.7018,1.86,22.4629,2.5641,2075403.2803
300373.SZ,2024-06-05,37.9,38.8,37.88,38.09,38.22,-0.13,-0.3401,127463.67,489849.205,2.3519,1.43,22.3865,2.5554,2068344.0855
300373.SZ,2024-06-06,39.89,40.78,38.01,38.1,38.09,0.01,0.0263,151557.33,591349.292,2.7965,1.46,22.3923,2.556,2068887.1005
300373.SZ,2024-06-07,39.0,39.27,37.75,38.06,38.1,-0.04,-0.105,107961.09,415325.677,1.9921,0.91,22.3688,2.5534,2066715.0405
300373.SZ,2024-06-11,37.81,39.14,37.68,38.88,38.06,0.82,2.1545,137461.42,530352.095,2.5364,1.13,22.8508,2.6084,2111242.2695
300373.SZ,2024-06-12,38.51,38.77,38.09,38.36,38.88,-0.52,-1.3374,91332.54,350642.854,1.6852,0.68,22.5451,2.5735,2083005.4901
300373.SZ,2024-06-13,38.5,39.57,38.44,38.9,38.36,0.54,1.4077,136632.89,533378.674,2.5211,1.11,22.8625,2.6097,2112328.2994
300373.SZ,2024-06-14,38.9,39.4,38.36,39.22,38.9,0.32,0.8226,100787.16,392957.947,1.8597,0.81,23.0506,2.6312,2129704.779
300373.SZ,2024-06-17,39.5,42.34,39.22,41.2,39.22,1.98,5.0484,299731.14,1237266.707,5.5305,2.61,24.2143,2.764,2237221.7464
300373.SZ,2024-06-18,41.0,41.26,39.73,40.13,41.2,-1.07,-2.5971,234275.22,943447.37,4.3227,1.53,23.5854,2.6922,2179119.1428
300373.SZ,2024-06-19,40.1,40.69,39.2,39.9,40.13,-0.23,-0.5731,128361.41,511712.189,2.3685,0.74,23.4502,2.6768,2166629.7981
300373.SZ,2024-06-20,39.58,40.8,39.5,39.7,39.9,-0.2,-0.5013,143486.1,577123.398,2.6475,0.8,23.3327,2.6634,2155769.4984
300373.SZ,2024-06-21,39.01,40.46,38.7,40.32,39.7,0.62,1.5617,112275.11,447462.497,2.0717,0.62,23.6971,2.705,2189436.4276
300373.SZ,2024-06-24,40.11,40.69,39.1,39.23,40.32,-1.09,-2.7034,100154.0,399477.64,1.848,0.55,23.0565,2.6318,2130247.794
300373.SZ,2024-06-25,39.08,39.51,37.9,38.2,39.23,-1.03,-2.6255,112459.51,432704.307,2.0751,0.78,22.4511,2.5627,2074317.2503
300373.SZ,2024-06-26,38.5,39.55,38.02,39.46,38.2,1.26,3.2984,85638.71,332546.94,1.5802,0.72,23.1916,2.6473,2142737.1387
300373.SZ,2024-06-27,39.09,39.52,38.25,38.39,39.46,-1.07,-2.7116,82378.11,319274.798,1.52,0.74,22.5628,2.5755,2084634.5351
300373.SZ,2024-06-28,38.33,39.65,38.18,38.9,38.39,0.51,1.3285,94531.0,369894.339,1.7442,0.96,22.8625,2.6097,2112328.2994
300373.SZ,2024-07-01,39.11,39.24,37.98,38.86,38.9,-0.04,-0.1028,65326.0,252152.446,1.2054,0.69,22.839,2.607,2110156.2395
300373.SZ,2024-07-02,38.71,38.87,37.5,37.72,38.86,-1.14,-2.9336,89758.95,340334.418,1.6562,1.02,22.169,2.5305,2048252.531
300373.SZ,2024-07-03,37.68,38.3,36.76,37.6,37.72,-0.12,-0.3181,76840.31,288281.168,1.4178,0.92,22.0985,2.5225,2041736.3511
300373.SZ,2024-07-04,37.51,38.13,37.06,37.13,37.6,-0.47,-1.25,50894.66,190845.277,0.9391,0.62,21.8222,2.491,2016214.6467
300373.SZ,2024-07-05,36.9,37.38,35.68,36.22,37.13,-0.91,-2.4508,68829.31,249208.541,1.2702,0.91,21.2874,2.4299,1966800.2829
300373.SZ,2024-07-08,36.28,38.26,36.28,37.31,36.22,1.09,3.0094,110661.14,413165.281,2.0409,1.57,21.9415,2.501,2027230.5933
300373.SZ,2024-07-09,37.08,40.15,37.01,40.04,37.31,2.73,7.3171,176180.06,690406.849,3.2492,2.22,23.5469,2.684,2175564.5391
300373.SZ,2024-07-10,39.91,40.62,39.7,40.08,40.04,0.04,0.0999,94296.74,378574.597,1.7391,0.98,23.5705,2.6867,2177737.9303
300373.SZ,2024-07-11,40.5,40.58,39.9,40.4,40.08,0.32,0.7984,78652.68,316620.321,1.4506,0.79,23.7587,2.7082,2195125.0595
300373.SZ,2024-07-12,40.03,41.77,40.02,41.51,40.4,1.11,2.7475,121430.0,499934.086,2.2395,1.15,24.4114,2.7826,2255436.6638
300373.SZ,2024-07-15,41.35,42.33,41.2,41.67,41.51,0.16,0.3854,94345.74,394892.594,1.74,0.81,24.5055,2.7933,2264130.2284
300373.SZ,2024-07-16,41.57,44.16,41.33,44.04,41.67,2.37,5.6875,201416.0,868038.19,3.7146,1.78,25.8993,2.9522,2392903.6539
300373.SZ,2024-07-17,43.78,44.51,43.57,43.6,44.04,-0.44,-0.9991,130433.11,573757.45,2.4055,1.11,25.6405,2.9227,2368996.3513
300373.SZ,2024-07-18,42.9,44.36,42.76,43.75,43.6,0.15,0.344,118700.5,515851.873,2.1891,0.95,25.7287,2.9327,2377146.5681
300373.SZ,2024-07-19,43.73,45.0,43.49,44.36,43.75,0.61,1.3943,139935.97,622336.439,2.5808,1.05,26.0875,2.9736,2410290.7831
300373.SZ,2024-07-22,44.1,44.7,43.74,43.78,44.36,-0.58,-1.3075,97426.57,429542.192,1.7968,0.71,25.7464,2.9347,2378776.6115
300373.SZ,2024-07-23,43.7,43.78,42.04,42.12,43.78,-1.66,-3.7917,100841.7,431841.397,1.8598,0.73,24.7702,2.8235,2288580.8788
300373.SZ,2024-07-24,42.16,42.69,41.5,41.71,42.12,-0.41,-0.9734,68223.36,286737.776,1.2582,0.58,24.5291,2.796,2266303.6196
300373.SZ,2024-07-25,41.53,42.0,41.31,41.58,41.71,-0.13,-0.3117,55190.0,229941.881,1.0178,0.53,24.4526,2.7873,2259240.0983
300373.SZ,2024-07-26,41.61,42.66,41.36,42.03,41.58,0.45,1.0823,78088.21,327541.586,1.4401,0.85,24.7172,2.8174,2283690.7488
300373.SZ,2024-07-29,42.01,42.5,41.34,41.41,42.03,-0.62,-1.4751,62897.76,263609.487,1.16,0.79,24.3526,2.7759,2250003.186
300373.SZ,2024-07-30,41.15,42.09,40.69,41.84,41.41,0.43,1.0384,75062.37,311788.14,1.3843,1.03,24.6055,2.8047,2273367.1408
300373.SZ,2024-07-31,41.6,43.39,41.52,43.2,41.84,1.36,3.2505,116485.09,498272.139,2.1483,1.72,25.4053,2.8959,2347262.4398
300373.SZ,2024-08-01,43.09,44.17,42.7,43.35,43.2,0.15,0.3472,96136.5,417541.566,1.773,1.24,25.4935,2.9059,2355412.6566
300373.SZ,2024-08-02,42.52,43.16,41.9,42.06,43.35,-1.29,-2.9758,82994.88,352024.389,1.5306,0.97,24.7349,2.8194,2285320.7921
300373.SZ,2024-08-05,41.5,42.34,40.75,40.8,42.06,-1.26,-2.9957,76797.0,317714.988,1.4163,0.89,23.9939,2.735,2216858.971
300373.SZ,2024-08-06,41.4,41.59,39.76,40.49,40.8,-0.31,-0.7598,93427.41,377163.627,1.723,1.04,23.8116,2.7142,2200015.1896
300373.SZ,2024-08-07,40.58,40.66,39.68,39.74,40.49,-0.75,-1.8523,46234.78,185422.796,0.8527,0.5,23.3705,2.6639,2159264.1055
300373.SZ,2024-08-08,39.6,40.46,39.13,39.81,39.74,0.07,0.1761,49480.94,196626.257,0.9126,0.63,23.4117,2.6686,2163067.54
300373.SZ,2024-08-09,40.56,40.75,39.72,39.73,39.81,-0.08,-0.201,46309.68,186241.528,0.8541,0.66,23.3646,2.6633,2158720.7578
300373.SZ,2024-08-12,39.69,39.86,39.07,39.21,39.73,-0.52,-1.3088,40909.0,160950.914,0.7545,0.66,23.0588,2.6284,2130466.6728
300373.SZ,2024-08-13,39.25,39.92,38.91,39.51,39.21,0.3,0.7651,44673.0,176008.042,0.8239,0.81,23.2353,2.6485,2146767.1064
300373.SZ,2024-08-14,39.53,39.62,38.8,38.8,39.51,-0.71,-1.797,34630.0,135415.102,0.6387,0.76,22.8177,2.6009,2108189.4136
300373.SZ,2024-08-15,38.68,39.09,38.27,38.62,38.8,-0.18,-0.4639,71166.05,275441.347,1.3125,1.65,22.7119,2.5888,2098409.1534
300373.SZ,2024-08-16,38.61,38.77,38.02,38.04,38.62,-0.58,-1.5018,49961.0,191746.763,0.9214,1.05,22.3708,2.55,2066894.9817
300373.SZ,2024-08-19,38.1,38.78,37.8,38.21,38.04,0.17,0.4469,49336.8,189195.579,0.9099,1.02,22.4708,2.5614,2076131.8941
300373.SZ,2024-08-20,38.1,38.25,37.44,37.65,38.21,-0.56,-1.4656,53227.0,200537.479,0.9818,1.07,22.1414,2.5238,2045704.4181
300373.SZ,2024-08-21,37.44,37.75,36.85,36.88,37.65,-0.77,-2.0452,48250.75,179609.986,0.89,0.93,21.6886,2.4722,2003866.6385
300373.SZ,2024-08-22,36.99,37.11,36.19,36.33,36.88,-0.55,-1.4913,46234.48,168602.189,0.8528,0.85,21.3652,2.4353,1973982.5102
300373.SZ,2024-08-23,36.33,36.75,35.44,35.9,36.33,-0.43,-1.1836,73728.64,265683.014,1.3599,1.49,21.1123,2.3423,1950618.5553
300373.SZ,2024-08-26,36.2,36.2,35.08,35.23,35.9,-0.67,-1.8663,68308.0,242750.957,1.26,1.26,20.7183,2.2986,1914214.2536
300373.SZ,2024-08-27,35.21,35.28,34.15,34.33,35.23,-0.9,-2.5546,75873.91,262823.24,1.3995,1.31,20.189,2.2399,1865312.9528
300373.SZ,2024-08-28,34.32,34.86,33.95,34.75,34.33,0.42,1.2234,56095.84,193391.066,1.0347,0.9,20.436,2.2673,1888133.5598
300373.SZ,2024-08-29,34.57,35.92,34.46,35.66,34.75,0.91,2.6187,78399.0,278299.05,1.4461,1.22,20.9711,2.3267,1937578.2084
300373.SZ,2024-08-30,35.5,37.14,35.31,36.35,35.66,0.69,1.9349,98388.73,358380.687,1.8148,1.4,21.3769,2.3717,1975069.2057
300373.SZ,2024-09-02,36.16,36.85,35.65,35.65,36.35,-0.7,-1.9257,67031.0,242393.534,1.2364,0.89,20.9653,2.326,1937034.8607
300373.SZ,2024-09-03,35.61,36.28,35.6,36.03,35.65,0.38,1.0659,43861.0,158021.827,0.809,0.58,21.1887,2.3508,1957682.0766
300373.SZ,2024-09-04,35.57,36.25,35.37,35.86,36.03,-0.17,-0.4718,38168.04,136920.437,0.704,0.56,21.0888,2.3397,1948445.1642
300373.SZ,2024-09-05,36.04,36.55,35.82,36.09,35.86,0.23,0.6414,37287.02,134769.456,0.6878,0.57,21.224,2.3547,1960942.1633
300373.SZ,2024-09-06,36.06,36.07,34.96,34.96,36.09,-1.13,-3.1311,46080.0,163093.413,0.85,0.81,20.5595,2.281,1899543.8634
300373.SZ,2024-09-09,34.71,35.23,34.71,34.95,34.96,-0.01,-0.0286,35025.05,122310.49,0.646,0.75,20.5536,2.2803,1899000.5156
300373.SZ,2024-09-10,35.03,35.34,34.2,35.05,34.95,0.1,0.2861,50459.84,175027.349,0.9307,1.26,20.6124,2.2869,1904433.9934
300373.SZ,2024-09-11,35.0,35.18,34.69,35.14,35.05,0.09,0.2568,32278.95,113004.24,0.5954,0.78,20.6653,2.2927,1909324.1235
300373.SZ,2024-09-12,35.35,35.53,34.48,34.5,35.14,-0.64,-1.8213,39195.65,136889.511,0.723,0.97,20.289,2.251,1874549.8652
300373.SZ,2024-09-13,34.75,34.75,34.1,34.15,34.5,-0.35,-1.0145,35325.26,121355.04,0.6516,0.87,20.0831,2.2281,1855532.6926
300373.SZ,2024-09-18,34.2,34.38,33.22,33.66,34.15,-0.49,-1.4348,41229.92,138587.541,0.7605,1.07,19.795,2.1962,1828908.651
300373.SZ,2024-09-19,33.88,34.56,33.34,33.8,33.66,0.14,0.4159,53045.04,179814.459,0.9784,1.34,19.8773,2.2053,1836515.5201
300373.SZ,2024-09-20,33.8,33.95,33.2,33.4,33.8,-0.4,-1.1834,39606.04,132359.246,0.7305,0.98,19.6421,2.1792,1814781.6086
300373.SZ,2024-09-23,33.35,33.89,33.34,33.5,33.4,0.1,0.2994,36295.01,122216.105,0.6695,0.87,19.7009,2.1857,1820215.0865
300373.SZ,2024-09-24,33.69,34.98,33.25,34.98,33.5,1.48,4.4179,78375.84,268991.315,1.4457,1.91,20.5712,2.2823,1900630.5589
300373.SZ,2024-09-25,35.29,36.0,34.96,35.1,34.98,0.12,0.3431,85399.0,303219.437,1.5752,1.72,20.6418,2.2901,1907150.7324
300373.SZ,2024-09-26,34.95,36.93,34.95,36.93,35.1,1.83,5.2137,87899.83,316131.383,1.6213,1.5,21.718,2.4095,2006583.3774
300373.SZ,2024-09-27,37.29,39.69,36.94,39.25,36.67,2.58,7.0357,135698.17,520603.19,2.503,2.07,23.0824,2.6049,2132640.064
300373.SZ,2024-09-30,40.78,45.65,40.54,45.4,39.25,6.15,15.6688,311400.16,1346476.249,5.7438,3.68,26.6991,3.013,2466798.953
300373.SZ,2024-10-08,54.48,54.48,50.39,54.48,45.4,9.08,20.0,508070.09,2720114.721,9.3714,3.64,32.0389,3.6156,2960158.7436
300373.SZ,2024-10-09,51.03,54.35,48.56,49.23,54.48,-5.25,-9.6366,451992.24,2332203.07,8.3371,2.0,28.9515,3.2672,2674901.1554
300373.SZ,2024-10-10,49.51,50.58,46.2,46.34,49.23,-2.89,-5.8704,273791.93,1304486.421,5.0501,0.92,27.2519,3.0754,2517873.645
300373.SZ,2024-10-11,45.66,46.8,43.04,43.65,46.34,-2.69,-5.8049,208917.38,924820.793,3.8535,0.62,25.6699,2.8969,2371713.0903
300373.SZ,2024-10-14,43.66,45.79,42.31,45.3,43.65,1.65,3.7801,208945.94,920530.29,3.854,0.6,26.6403,3.0064,2461365.4751
300373.SZ,2024-10-15,44.82,46.66,44.58,44.68,45.3,-0.62,-1.3687,193933.92,883836.754,3.5771,0.59,26.2757,2.9652,2427677.9123
300373.SZ,2024-10-16,43.88,45.97,43.8,45.0,44.68,0.32,0.7162,174323.84,786915.209,3.2154,0.65,26.4639,2.9865,2445065.0415
300373.SZ,2024-10-17,45.66,45.98,44.3,44.37,45.0,-0.63,-1.4,162275.03,732867.804,2.9932,0.77,26.0934,2.9447,2410834.1309
300373.SZ,2024-10-18,44.35,50.1,44.27,48.42,44.37,4.05,9.1278,348992.31,1648419.022,6.4372,1.84,28.4751,3.2134,2630889.9847
300373.SZ,2024-10-21,49.03,52.49,49.0,50.04,48.42,1.62,3.3457,398416.5,2012692.484,7.3489,1.83,29.4278,3.321,2718912.3261
300373.SZ,2024-10-22,50.0,50.98,49.03,50.2,50.04,0.16,0.3197,232233.35,1161366.445,4.2836,0.91,29.5219,3.3316,2727605.8907
300373.SZ,2024-10-23,49.73,50.16,48.31,48.62,50.2,-1.58,-3.1474,231797.81,1142846.711,4.2755,0.88,28.5927,3.1394,2641756.9404
300373.SZ,2024-10-24,48.12,49.28,47.81,48.46,48.62,-0.16,-0.3291,151107.19,734558.246,2.7872,0.55,28.4986,3.1291,2633063.3758
300373.SZ,2024-10-25,48.66,49.24,47.67,48.39,48.46,-0.07,-0.1444,157208.28,761280.09,2.8997,0.58,28.4575,3.1246,2629259.9413
300373.SZ,2024-10-28,48.4,49.05,48.05,48.46,48.39,0.07,0.1447,130304.0,631727.149,2.4035,0.56,28.4986,3.1291,2633063.3758
300373.SZ,2024-10-29,48.42,49.17,47.47,47.47,48.46,-0.99,-2.0429,173669.26,838228.506,3.2034,0.96,27.9164,3.0652,2579271.9449
300373.SZ,2024-10-30,47.02,47.85,46.32,47.0,47.47,-0.47,-0.9901,138186.49,650672.523,2.5489,0.82,27.64,3.0348,2553734.5989
300373.SZ,2024-10-31,46.89,48.53,46.11,47.68,47.0,0.68,1.4468,198892.35,944072.07,3.6686,1.33,28.0399,3.0787,2590682.2484
300373.SZ,2024-11-01,47.15,47.31,45.01,45.18,47.68,-2.5,-5.2433,175708.0,807854.632,3.241,1.1,26.5697,2.9173,2454845.3017
300373.SZ,2024-11-04,45.49,46.43,45.2,46.4,45.18,1.22,2.7003,107876.42,495936.882,1.9898,0.66,27.2872,2.9961,2521133.7317
300373.SZ,2024-11-05,46.38,48.68,46.28,48.42,46.4,2.02,4.3534,194924.68,934082.199,3.5954,1.23,28.4751,3.1265,2630889.9847
300373.SZ,2024-11-06,48.66,49.58,47.89,48.3,48.42,-0.12,-0.2478,211660.45,1031352.325,3.9041,1.3,28.4045,3.1188,2624369.8112
300373.SZ,2024-11-07,48.03,49.45,47.9,49.16,48.3,0.86,1.7805,159599.98,778985.168,2.9438,0.9,28.9103,3.1743,2671097.7209
300373.SZ,2024-11-08,50.77,51.77,49.08,49.39,49.16,0.23,0.4679,322874.84,1626287.862,5.9555,1.9,29.0455,3.1891,2683594.72
300373.SZ,2024-11-11,49.52,51.49,49.51,51.39,49.39,2.0,4.0494,277490.05,1409579.281,5.1183,1.39,30.2217,3.3183,2792264.2774
300373.SZ,2024-11-12,51.44,51.56,49.6,50.38,51.39,-1.01,-1.9654,211888.16,1071214.497,3.9083,0.91,29.6278,3.2531,2737386.1509
300373.SZ,2024-11-13,49.88,50.12,48.91,50.03,50.38,-0.35,-0.6947,141418.82,701071.481,2.6085,0.6,29.4219,3.2305,2718368.9784
300373.SZ,2024-11-14,49.84,49.89,47.6,47.76,50.03,-2.27,-4.5373,148200.25,720276.454,2.7336,0.67,28.087,3.0839,2595029.0307
300373.SZ,2024-11-15,47.58,50.5,47.02,48.04,47.76,0.28,0.5863,208585.82,1014840.057,3.8474,0.95,28.2516,3.102,2610242.7687
300373.SZ,2024-11-18,48.3,48.59,45.22,45.76,48.04,-2.28,-4.746,161142.55,749927.467,2.9723,0.82,26.9108,2.9547,2486359.4733
300373.SZ,2024-11-19,46.1,47.25,45.62,47.11,45.76,1.35,2.9502,106410.06,494020.783,1.9627,0.61,27.7047,3.0419,2559711.4246
300373.SZ,2024-11-20,46.71,47.38,46.4,46.88,47.11,-0.23,-0.4882,99790.17,467606.343,1.8406,0.65,27.5695,3.0271,2547214.4255
300373.SZ,2024-11-21,46.56,46.92,45.7,46.37,46.88,-0.51,-1.0879,100362.28,466186.464,1.8512,0.69,27.2695,2.9941,2519503.6883
300373.SZ,2024-11-22,46.03,46.88,43.77,43.85,46.37,-2.52,-5.4345,125767.42,568778.426,2.3198,0.93,25.7876,2.8314,2382580.046
300373.SZ,2024-11-25,43.85,44.43,43.2,44.07,43.85,0.22,0.5017,89831.43,393061.131,1.657,0.76,25.9169,2.8456,2394533.6973
300373.SZ,2024-11-26,43.98,45.02,43.86,44.05,44.07,-0.02,-0.0454,63704.19,283306.55,1.175,0.61,25.9052,2.8443,2393447.0017
300373.SZ,2024-11-27,44.03,45.4,43.34,45.38,44.05,1.33,3.0193,99870.0,445661.775,1.8421,1.04,26.6873,2.9302,2465712.2574
300373.SZ,2024-11-28,45.38,45.83,44.69,44.83,45.38,-0.55,-1.212,83626.12,378605.862,1.5425,0.87,26.3639,2.8947,2435828.1291
300373.SZ,2024-11-29,44.65,45.93,44.3,45.28,44.83,0.45,1.0038,97243.31,439237.772,1.7937,1.05,26.6285,2.9238,2460278.7795
300373.SZ,2024-12-02,45.07,45.82,44.85,45.44,45.28,0.16,0.3534,90056.04,409015.589,1.6611,1.04,26.7226,2.9341,2468972.3441
300373.SZ,2024-12-03,45.37,45.58,44.33,44.79,45.44,-0.65,-1.4305,82350.0,368981.284,1.519,0.95,26.3404,2.8921,2433654.738
300373.SZ,2024-12-04,46.51,47.45,45.31,45.41,44.79,0.62,1.3842,207274.91,966048.002,3.8232,2.29,26.705,2.9321,2467342.3008
300373.SZ,2024-12-05,45.01,46.36,45.01,45.64,45.41,0.23,0.5065,111095.51,508566.09,2.0492,0.99,26.8402,2.947,2479839.2999
300373.SZ,2024-12-06,45.45,46.38,44.98,45.8,45.64,0.16,0.3506,117173.81,535401.106,2.1613,1.0,26.9343,2.9573,2488532.8645
300373.SZ,2024-12-09,45.7,45.74,44.61,44.98,45.8,-0.82,-1.7904,85136.74,384236.782,1.5704,0.7,26.4521,2.9044,2443978.3459
300373.SZ,2024-12-10,46.6,46.77,45.3,45.49,44.98,0.51,1.1338,118907.18,547758.461,2.1933,0.99,26.752,2.9373,2471689.0831
300373.SZ,2024-12-11,45.48,46.33,45.22,45.7,45.49,0.21,0.4616,96280.79,440324.3,1.7759,0.75,26.8755,2.9509,2483099.3866
300373.SZ,2024-12-12,45.7,45.83,45.09,45.73,45.7,0.03,0.0656,74522.73,339032.994,1.3746,0.7,26.8932,2.9528,2484729.43
300373.SZ,2024-12-13,45.35,46.44,44.9,45.68,45.73,-0.05,-0.1093,128554.45,586072.547,2.3712,1.31,26.8638,2.9496,2482012.691
300373.SZ,2024-12-16,45.7,46.08,44.54,44.83,45.68,-0.85,-1.8608,92159.0,418282.607,1.6999,0.92,26.3639,2.8947,2435828.1291
300373.SZ,2024-12-17,44.67,45.13,44.31,44.46,44.83,-0.37,-0.8253,68343.54,304940.68,1.2606,0.67,26.1463,2.8708,2415724.261
300373.SZ,2024-12-18,44.55,45.87,44.26,45.7,44.46,1.24,2.789,109272.0,494830.349,2.0155,1.19,26.8755,2.9509,2483099.3866
300373.SZ,2024-12-19,45.13,46.33,44.8,46.19,45.7,0.49,1.0722,116968.01,536824.234,2.1575,1.24,27.1637,2.9825,2509723.4282
300373.SZ,2024-12-20,46.19,47.71,45.95,46.72,46.19,0.53,1.1474,162527.16,761439.121,2.9978,1.58,27.4754,3.0167,2538520.8609
300373.SZ,2024-12-23,46.56,47.08,45.85,45.95,46.72,-0.77,-1.6481,105349.0,488606.969,1.9432,0.96,27.0225,2.967,2496683.0813
300373.SZ,2024-12-24,46.09,47.48,45.35,47.36,45.95,1.41,3.0686,147924.99,688595.16,2.7285,1.31,27.8517,3.0581,2573295.1192
300373.SZ,2024-12-25,47.0,47.35,46.46,46.77,47.36,-0.59,-1.2458,102250.95,479164.098,1.886,0.8,27.5048,3.02,2541237.5998
300373.SZ,2024-12-26,46.57,47.73,46.47,47.6,46.77,0.83,1.7746,145931.51,690286.106,2.6917,1.15,27.9929,3.0736,2586335.4661
300373.SZ,2024-12-27,47.43,48.1,46.65,46.65,47.6,-0.95,-1.9958,146966.5,696382.981,2.7108,1.11,27.4342,3.0122,2534717.4264
300373.SZ,2024-12-30,46.2,46.93,45.88,46.2,46.65,-0.45,-0.9646,88916.5,412178.156,1.6401,0.69,27.1696,2.9832,2510266.7759
300373.SZ,2024-12-31,46.19,46.35,43.51,43.52,46.2,-2.68,-5.8009,135271.32,603427.678,2.4951,1.07,25.5935,2.8101,2364649.569
300373.SZ,2025-01-02,43.58,43.67,40.86,41.38,43.52,-2.14,-4.9173,120104.37,507181.775,2.2153,0.97,24.335,2.6719,2248373.1426
300373.SZ,2025-01-03,41.68,41.86,40.36,40.48,41.38,-0.9,-2.175,92320.39,379521.97,1.7029,0.72,23.8057,2.6138,2199471.8418
300373.SZ,2025-01-06,40.48,40.89,40.22,40.64,40.48,0.16,0.3953,67398.0,273312.043,1.2432,0.58,23.8998,2.6241,2208165.4064
300373.SZ,2025-01-07,40.69,41.58,40.5,41.42,40.64,0.78,1.9193,74736.0,306925.58,1.3785,0.74,24.3585,2.6745,2250546.5338
300373.SZ,2025-01-08,41.03,41.57,39.7,40.97,41.42,-0.45,-1.0864,97599.56,397082.667,1.8002,1.0,24.0939,2.6455,2226095.8833
300373.SZ,2025-01-09,40.7,41.84,40.61,41.48,40.97,0.51,1.2448,79348.76,329418.197,1.4636,0.88,24.3938,2.6784,2253806.6205
300373.SZ,2025-01-10,41.2,42.27,40.76,40.76,41.48,-0.72,-1.7358,70146.42,291681.88,1.2939,0.85,23.9704,2.6319,2214685.5798
300373.SZ,2025-01-13,40.35,41.2,40.06,40.95,40.76,0.19,0.4661,48376.74,197491.679,0.8923,0.62,24.0821,2.6442,2225009.1878
300373.SZ,2025-01-14,41.18,42.84,40.69,42.8,40.95,1.85,4.5177,96995.61,407986.195,1.7891,1.31,25.1701,2.7636,2325528.5284
300373.SZ,2025-01-15,42.5,43.08,42.31,42.59,42.8,-0.21,-0.4907,73149.54,312005.849,1.3493,0.93,25.0466,2.7501,2314118.2248
300373.SZ,2025-01-16,42.79,43.28,42.1,42.36,42.59,-0.23,-0.54,71759.0,305864.453,1.3236,0.97,24.9113,2.7352,2301621.2257
300373.SZ,2025-01-17,42.07,43.87,42.07,43.47,42.36,1.11,2.6204,100424.5,433269.249,1.8523,1.39,25.5641,2.8069,2361932.8301
300373.SZ,2025-01-20,43.62,43.93,43.12,43.38,43.47,-0.09,-0.207,69850.6,303900.694,1.2884,0.89,25.5112,2.8011,2357042.7
300373.SZ,2025-01-21,43.45,44.3,43.12,44.1,43.38,0.72,1.6598,86563.27,379409.126,1.5967,1.05,25.9346,2.8476,2396163.7407
300373.SZ,2025-01-22,43.89,44.37,43.71,44.08,44.1,-0.02,-0.0454,63259.0,278717.451,1.1668,0.79,25.9228,2.8463,2395077.0451
300373.SZ,2025-01-23,44.53,45.09,43.93,43.95,44.08,-0.13,-0.2949,87944.0,391258.751,1.6221,1.12,25.8464,2.8379,2388013.5239
300373.SZ,2025-01-24,43.79,44.38,43.7,44.13,43.95,0.18,0.4096,59345.0,262097.443,1.0946,0.73,25.9522,2.8495,2397793.784
300373.SZ,2025-01-27,44.21,44.57,43.2,43.2,44.13,-0.93,-2.1074,53439.0,233444.162,0.9857,0.73,25.4053,2.7894,2347262.4398
300373.SZ,2025-02-05,43.88,44.22,43.38,43.5,43.2,0.3,0.6944,63023.01,276037.281,1.1625,0.9,25.5817,2.8088,2363562.8735
300373.SZ,2025-02-06,43.31,44.63,43.2,44.53,43.5,1.03,2.3678,96511.0,427269.768,1.7802,1.48,26.1875,2.8753,2419527.6955
300373.SZ,2025-02-07,44.54,45.24,44.07,44.64,44.53,0.11,0.247,128983.14,576494.637,2.3791,1.79,26.2521,2.8824,2425504.5212
300373.SZ,2025-02-10,44.5,44.97,44.34,44.5,44.64,-0.14,-0.3136,87426.0,390058.824,1.6126,1.09,26.1698,2.8734,2417897.6522
300373.SZ,2025-02-11,44.48,44.51,43.51,44.06,44.5,-0.44,-0.9888,71553.8,314056.978,1.3198,0.83,25.9111,2.845,2393990.3495
300373.SZ,2025-02-12,43.91,45.68,43.62,45.66,44.06,1.6,3.6314,156036.62,701080.405,2.8781,1.74,26.852,2.9483,2480925.9954
300373.SZ,2025-02-13,45.5,46.07,44.59,44.62,45.66,-1.04,-2.2777,117545.05,530636.457,2.1681,1.09,26.2404,2.8811,2424417.8256
300373.SZ,2025-02-14,44.3,44.95,43.88,44.73,44.62,0.11,0.2465,86113.03,382784.128,1.5884,0.77,26.3051,2.8882,2430394.6513
300373.SZ,2025-02-17,44.89,45.06,44.1,44.59,44.73,-0.14,-0.313,97117.91,432057.097,1.7914,0.94,26.2227,2.8792,2422787.7822
300373.SZ,2025-02-18,44.67,45.19,43.43,43.53,44.59,-1.06,-2.3772,103268.54,457874.777,1.9048,0.98,25.5994,2.8108,2365192.9168
300373.SZ,2025-02-19,43.51,45.27,43.31,45.15,43.53,1.62,3.7216,148547.52,665542.839,2.74,1.33,26.5521,2.9154,2453215.2583
300373.SZ,2025-02-20,45.3,45.88,44.93,45.52,45.15,0.37,0.8195,109399.58,497193.871,2.0179,0.99,26.7697,2.9393,2473319.1264
300373.SZ,2025-02-21,45.53,46.5,45.3,46.32,45.52,0.8,1.7575,148705.95,684606.943,2.7429,1.37,27.2401,2.9909,2516786.9494
300373.SZ,2025-02-24,46.11,46.77,45.55,46.46,46.32,0.14,0.3022,132156.62,610809.484,2.4376,1.09,27.3225,2.9999,2524393.8184
300373.SZ,2025-02-25,45.58,47.15,45.5,46.65,46.46,0.19,0.409,131974.22,613882.29,2.4343,1.03,27.4342,3.0122,2534717.4264
300373.SZ,2025-02-26,46.72,46.82,46.02,46.34,46.65,-0.31,-0.6645,121476.15,563497.558,2.2406,0.91,27.2519,2.9922,2517873.645
300373.SZ,2025-02-27,46.35,47.0,45.26,46.05,46.34,-0.29,-0.6258,120119.0,554012.613,2.2156,0.93,27.0813,2.9735,2502116.5591
300373.SZ,2025-02-28,45.62,45.97,43.66,43.92,46.05,-2.13,-4.6254,130734.32,586250.467,2.4114,1.0,25.8287,2.8359,2386383.4805
300373.SZ,2025-03-03,44.0,45.62,43.11,44.87,43.92,0.95,2.163,115390.44,516276.479,2.1284,0.91,26.3874,2.8973,2438001.5203
300373.SZ,2025-03-04,44.58,46.84,44.5,46.33,44.87,1.46,3.2538,156712.1,718133.246,2.8906,1.26,27.246,2.9916,2517330.2972
300373.SZ,2025-03-05,46.09,46.85,45.64,46.3,46.33,-0.03,-0.0648,92068.75,425257.381,1.6982,0.71,27.2284,2.9896,2515700.2538
300373.SZ,2025-03-06,46.41,47.35,46.31,46.81,46.3,0.51,1.1015,142020.25,666514.512,2.6196,1.15,27.5283,3.0225,2543410.9909
300373.SZ,2025-03-07,46.66,49.33,46.56,47.61,46.81,0.8,1.709,245606.74,1179869.537,4.5303,1.93,27.9988,3.0742,2586878.8139
300373.SZ,2025-03-10,47.45,48.13,46.97,47.68,47.61,0.07,0.147,145241.69,690729.646,2.679,0.97,28.0399,3.0787,2590682.2484
300373.SZ,2025-03-11,47.0,48.75,46.93,48.52,47.68,0.84,1.7617,154869.8,744341.345,2.8566,0.99,28.5339,3.133,2636323.4625
300373.SZ,2025-03-12,48.52,50.98,48.5,49.88,48.52,1.36,2.803,234670.72,1177483.388,4.3285,1.5,29.3337,3.2208,2710218.7616
300373.SZ,2025-03-27,44.5,47.68,44.5,46.25,49.88,-3.63,-7.2775,275131.65,1270304.34,5.0748,1.49,27.199,2.9864,2512983.5149
300373.SZ,2025-03-28,46.25,48.1,46.25,46.33,46.25,0.08,0.173,167336.9,787976.028,3.0866,0.79,27.246,2.9916,2517330.2972
300373.SZ,2025-03-31,47.3,48.5,45.76,46.41,46.33,0.08,0.1727,143578.4,673091.638,2.6483,0.73,25.1551,2.8771,2521677.0795
300373.SZ,2025-04-01,46.68,47.1,45.76,46.36,46.41,-0.05,-0.1077,107579.06,498749.837,1.9843,0.55,25.128,2.874,2518960.3405
300373.SZ,2025-04-02,46.3,48.49,46.2,47.64,46.36,1.28,2.761,131828.91,627775.059,2.4316,0.71,25.8218,2.9534,2588508.8573
300373.SZ,2025-04-03,47.0,48.07,45.94,46.5,47.64,-1.14,-2.3929,116161.75,544960.45,2.1426,0.7,25.2039,2.8827,2526567.2096
300373.SZ,2025-04-07,44.1,44.84,37.9,39.54,46.5,-6.96,-14.9677,199478.12,825112.769,3.6794,1.5,21.4314,2.4512,2148397.1498
300373.SZ,2025-04-08,40.55,42.15,40.22,41.08,39.54,1.54,3.8948,145636.04,598957.834,2.6863,1.04,22.2661,2.5467,2232072.709
300373.SZ,2025-04-09,40.22,43.72,39.92,42.48,41.08,1.4,3.408,150932.41,635640.286,2.784,1.08,23.025,2.6335,2308141.3992
300373.SZ,2025-04-10,43.5,44.72,42.99,42.99,42.48,0.51,1.2006,123663.63,541399.083,2.281,0.83,23.3014,2.6651,2335852.1363
300373.SZ,2025-04-11,42.56,47.52,42.48,46.8,42.99,3.81,8.8625,218382.58,997743.112,4.0281,1.48,25.3665,2.9013,2542867.6432
300373.SZ,2025-04-14,47.3,47.41,45.77,45.93,46.8,-0.87,-1.859,155306.54,718240.349,2.8647,0.93,24.8949,2.8474,2495596.3857
300373.SZ,2025-04-15,45.9,46.1,45.0,45.32,45.93,-0.61,-1.3281,72930.6,330435.997,1.3452,0.46,24.5643,2.8096,2462452.1707
300373.SZ,2025-04-16,45.08,46.66,45.08,45.81,45.32,0.49,1.0812,118764.16,544193.472,2.1906,0.82,24.8299,2.8399,2489076.2122
300373.SZ,2025-04-17,45.33,46.75,45.2,45.26,45.81,-0.55,-1.2006,100240.0,461325.852,1.8489,0.73,24.5318,2.8058,2459192.084
300373.SZ,2025-04-18,45.34,45.38,44.41,44.97,45.26,-0.29,-0.6407,64267.19,288687.182,1.1854,0.48,24.3746,2.7879,2443434.9981
300373.SZ,2025-04-21,45.02,45.55,44.8,45.5,44.97,0.53,1.1786,56593.4,255591.624,1.0439,0.55,24.6619,2.8207,2472232.4309
300373.SZ,2025-04-22,45.15,47.3,45.07,46.81,45.5,1.31,2.8791,148648.81,691956.857,2.7418,1.8,25.3719,2.9019,2543410.9909
300373.SZ,2025-04-23,46.85,46.99,46.01,46.71,46.81,-0.1,-0.2136,105097.75,489177.216,1.9385,1.08,25.3177,2.8957,2537977.5131
300373.SZ,2025-04-24,46.71,46.95,46.11,46.43,46.71,-0.28,-0.5994,65591.0,304321.748,1.2098,0.69,25.1659,2.8784,2522763.775
300373.SZ,2025-04-25,47.69,48.66,46.99,48.05,46.43,1.62,3.4891,179422.05,858843.118,3.3095,2.04,26.044,2.8889,2610786.1165
300373.SZ,2025-04-28,47.75,48.47,47.56,47.8,48.05,-0.25,-0.5203,95983.03,460457.838,1.7704,0.86,25.9085,2.8739,2597202.4219
300373.SZ,2025-04-29,47.62,48.47,47.34,48.19,47.8,0.39,0.8159,92028.86,441350.611,1.6975,0.77,26.1199,2.8973,2618392.9856
300373.SZ,2025-04-30,47.78,48.83,47.51,48.35,47.79,0.56,1.1718,107090.59,516885.447,1.9753,1.0,26.2066,2.9782,2627086.5501
300373.SZ,2025-05-06,48.66,48.85,47.86,48.53,48.35,0.18,0.3723,157709.24,763096.8,2.909,1.46,26.3042,2.9893,2636866.8103
300373.SZ,2025-05-07,49.0,49.25,47.4,47.78,48.53,-0.75,-1.5454,129319.39,620432.587,2.3853,1.02,25.8977,2.9431,2596115.7263
300373.SZ,2025-05-08,47.67,48.05,47.57,47.96,47.78,0.18,0.3767,73779.53,353019.266,1.3609,0.63,25.9952,2.9542,2605895.9865
300373.SZ,2025-05-09,47.66,47.88,47.07,47.2,47.96,-0.76,-1.5847,70939.98,336342.451,1.3085,0.63,25.5833,2.9074,2564601.5546
300373.SZ,2025-05-12,47.66,48.0,47.11,47.58,47.2,0.38,0.8051,82686.01,392918.657,1.5252,0.77,25.7893,2.9308,2585248.7705
300373.SZ,2025-05-13,47.98,48.44,47.11,47.17,47.58,-0.41,-0.8617,91840.72,437776.096,1.694,0.89,25.567,2.9055,2562971.5113
300373.SZ,2025-05-14,47.3,47.54,46.38,46.93,47.17,-0.24,-0.5088,90890.16,425490.869,1.6765,1.01,25.4369,2.8908,2549931.1644
300373.SZ,2025-05-15,46.86,47.38,46.46,47.05,46.93,0.12,0.2557,94646.12,445143.312,1.7458,1.15,25.502,2.8981,2556451.3378
300373.SZ,2025-05-16,46.98,48.23,46.59,47.15,47.05,0.1,0.2125,89469.4,424945.55,1.6503,1.04,25.5562,2.9043,2561884.8157
300373.SZ,2025-05-19,47.14,48.99,46.95,48.15,47.15,1.0,2.1209,163569.81,790769.988,3.0171,1.82,26.0982,2.9659,2616219.5944
300373.SZ,2025-05-20,48.2,49.72,47.65,49.55,48.15,1.4,2.9076,181196.36,891704.604,3.3422,1.71,26.857,3.0521,2692288.2846
300373.SZ,2025-05-21,49.21,49.4,48.39,48.67,49.55,-0.88,-1.776,96491.24,470540.627,1.7798,0.78,26.3801,2.9979,2644473.6793
300373.SZ,2025-05-22,48.77,49.08,47.95,48.09,48.67,-0.58,-1.1917,91649.95,444992.039,1.6905,0.73,26.0657,2.9622,2612959.5077
300373.SZ,2025-05-23,47.92,48.26,47.02,47.24,48.09,-0.85,-1.7675,93873.73,446430.707,1.7315,0.75,25.605,2.9098,2566774.9458
300373.SZ,2025-05-26,47.1,47.71,47.1,47.32,47.24,0.08,0.1693,53130.0,251721.089,0.98,0.42,25.6483,2.9148,2571121.7281
300373.SZ,2025-05-27,47.5,48.54,47.01,48.04,47.32,0.72,1.5216,79774.27,381472.876,1.4714,0.77,26.0386,2.9591,2610242.7687
300373.SZ,2025-05-28,48.01,48.52,47.26,47.3,48.04,-0.74,-1.5404,67236.39,321283.051,1.2402,0.81,25.6375,2.9135,2570035.0325
300373.SZ,2025-05-29,47.47,48.84,47.42,48.73,47.3,1.43,3.0233,92732.0,448647.569,1.7105,1.2,26.4126,3.0016,2647733.7661
300373.SZ,2025-05-30,48.43,48.57,47.21,47.45,48.73,-1.28,-2.6267,75986.07,362479.014,1.4016,0.98,25.7188,2.9228,2578185.2493
300373.SZ,2025-06-03,47.45,49.27,47.39,48.71,47.45,1.26,2.6554,109218.86,532380.496,2.0146,1.48,26.4017,3.0004,2646647.0705
300373.SZ,2025-06-04,48.6,48.95,48.32,48.6,48.71,-0.11,-0.2258,74484.0,361963.184,1.3739,0.88,26.3421,2.9936,2640670.2448
300373.SZ,2025-06-05,48.48,49.51,48.21,49.32,48.6,0.72,1.4815,104159.48,510496.088,1.9212,1.24,26.7324,3.038,2679791.2855
300373.SZ,2025-06-06,49.16,49.55,48.74,49.33,49.32,0.01,0.0203,66174.54,324728.433,1.2206,0.72,26.7378,3.0386,2680334.6333
300373.SZ,2025-06-09,49.3,49.38,48.53,48.72,49.33,-0.61,-1.2366,77937.74,380907.204,1.4376,0.91,26.4072,3.001,2647190.4183
300373.SZ,2025-06-10,48.64,48.73,47.41,47.67,48.72,-1.05,-2.1552,94723.08,454647.142,1.7472,1.1,25.838,2.9363,2590138.9006
300373.SZ,2025-06-11,47.69,49.47,47.69,49.3,47.67,1.63,3.4193,132504.8,647943.072,2.4441,1.59,26.7215,3.0367,2678704.5899
300373.SZ,2025-06-12,49.05,49.43,48.73,48.87,49.3,-0.43,-0.8722,61605.51,302026.99,1.1363,0.65,26.4885,3.0103,2655340.6351
300373.SZ,2025-06-13,48.7,49.35,47.9,48.32,48.87,-0.55,-1.1254,72113.0,349680.806,1.3301,0.83,26.1903,2.9764,2625456.5068
300373.SZ,2025-06-16,48.14,49.29,48.14,48.4,48.32,0.08,0.1656,55866.66,271698.875,1.0305,0.64,26.2337,2.9813,2629803.2891
300373.SZ,2025-06-17,48.4,48.6,47.5,47.76,48.4,-0.64,-1.3223,62340.27,298766.143,1.1499,0.75,25.8868,2.9419,2595029.0307
300373.SZ,2025-06-18,47.65,48.58,47.5,48.4,47.76,0.64,1.34,53911.0,259452.95,0.9944,0.7,26.2337,2.9813,2629803.2891
300373.SZ,2025-06-19,48.36,52.26,48.25,51.15,48.4,2.75,5.6818,296518.96,1512242.327,5.4693,4.85,27.7243,3.1507,2779223.9305
300373.SZ,2025-06-20,51.47,51.68,50.48,50.66,51.15,-0.49,-0.958,131888.68,672264.729,2.4327,1.22,27.4587,3.1205,2752599.8889
300373.SZ,2025-06-23,50.41,51.48,49.99,50.81,50.66,0.15,0.2961,133504.82,676284.74,2.4625,1.11,27.54,3.1297,2760750.1057
300373.SZ,2025-06-24,51.05,51.48,50.71,51.27,50.81,0.46,0.9053,155055.06,792656.418,2.86,1.14,27.7893,3.1581,2785744.1039
300373.SZ,2025-06-25,51.48,51.8,50.68,51.61,51.27,0.34,0.6632,160202.84,821684.541,2.955,1.04,27.9736,3.179,2804217.9287
300373.SZ,2025-06-26,51.9,53.16,50.77,50.96,51.61,-0.65,-1.2594,174712.0,898946.373,3.2226,1.0,27.6213,3.139,2768900.3226
300373.SZ,2025-06-27,51.6,52.19,50.6,51.27,50.96,0.31,0.6083,137313.0,706120.692,2.5328,0.91,27.7893,3.1581,2785744.1039
300373.SZ,2025-06-30,51.41,51.99,51.15,51.9,51.27,0.63,1.2288,128626.58,663833.69,2.3725,0.85,28.1308,3.1969,2819975.0145
300373.SZ,2025-07-01,51.87,53.64,51.66,53.5,51.9,1.6,3.0829,166149.05,878418.718,3.0646,1.1,28.998,3.2954,2906910.6605
300373.SZ,2025-07-02,53.01,53.18,50.51,50.62,53.5,-2.88,-5.3832,188775.5,970590.857,3.482,1.23,27.437,3.118,2750426.4978
300373.SZ,2025-07-03,50.62,51.75,50.3,51.6,50.62,0.98,1.936,116849.82,596136.874,2.1553,0.73,27.9682,3.1784,2803674.5809
300373.SZ,2025-07-04,51.38,51.44,49.2,49.85,51.6,-1.75,-3.3915,164660.45,822628.962,3.0372,1.12,27.0196,3.0706,2708588.7182
300373.SZ,2025-07-07,49.7,50.48,49.52,49.86,49.85,0.01,0.0201,66546.09,332482.026,1.2275,0.43,27.0251,3.0712,2709132.066
300373.SZ,2025-07-08,50.02,52.15,49.99,51.44,49.86,1.58,3.1689,156039.41,804792.016,2.8782,1.11,27.8814,3.1686,2794981.0163
300373.SZ,2025-07-09,51.44,51.63,50.74,51.24,51.44,-0.2,-0.3888,80619.81,412163.851,1.487,0.58,27.773,3.1562,2784114.0606
300373.SZ,2025-07-10,51.05,51.23,50.3,50.78,51.24,-0.46,-0.8977,75560.42,383518.065,1.3937,0.65,27.5237,3.1279,2759120.0624
300373.SZ,2025-07-11,50.9,52.0,50.7,51.33,50.78,0.55,1.0831,96838.5,498544.671,1.7862,0.89,27.8218,3.1618,2789004.1907
300373.SZ,2025-07-14,51.32,51.47,50.83,51.14,51.33,-0.19,-0.3702,56502.58,289315.066,1.0422,0.59,27.7188,3.1501,2778680.5827
300373.SZ,2025-07-15,51.14,51.85,50.38,51.0,51.14,-0.14,-0.2738,85333.9,435916.386,1.574,0.92,27.643,3.1415,2771073.7137
300373.SZ,2025-07-16,50.99,51.94,50.7,50.87,51.0,-0.13,-0.2549,82569.03,423721.788,1.523,1.05,27.5725,3.1334,2764010.1925
300373.SZ,2025-07-17,50.74,51.14,50.21,51.13,50.87,0.26,0.5111,103168.75,523189.158,1.903,1.3,27.7134,3.1495,2778137.2349
300373.SZ,2025-07-18,51.29,51.66,50.93,51.3,51.13,0.17,0.3325,81870.98,419792.593,1.5101,0.96,27.8056,3.1599,2787374.1473
300373.SZ,2025-07-21,51.3,51.75,50.85,51.68,51.3,0.38,0.7407,75133.85,385820.344,1.3859,0.92,28.0115,3.1833,2808021.3632
300373.SZ,2025-07-22,52.41,53.58,52.02,52.33,51.68,0.65,1.2577,184684.11,975440.621,3.4065,2.16,28.3638,3.2234,2843338.9694
300373.SZ,2025-07-23,52.0,53.17,51.9,52.64,52.33,0.31,0.5924,113402.17,595594.087,2.0917,1.08,28.5319,3.2425,2860182.7508
300373.SZ,2025-07-24,52.76,53.17,52.33,52.88,52.64,0.24,0.4559,104827.51,553007.871,1.9336,0.94,28.662,3.2573,2873223.0977
300373.SZ,2025-07-25,52.9,54.72,52.53,54.61,52.88,1.73,3.2716,175473.77,943753.339,3.2366,1.57,29.5996,3.3638,2967222.2648
300373.SZ,2025-07-28,55.1,55.1,53.91,54.49,54.61,-0.12,-0.2197,141793.56,771411.786,2.6154,1.08,29.5346,3.3564,2960702.0914
300373.SZ,2025-07-29,54.36,55.99,54.21,55.57,54.49,1.08,1.982,165064.27,910783.012,3.0446,1.15,30.12,3.423,3019383.6524
300373.SZ,2025-07-30,55.25,55.47,54.07,54.65,55.57,-0.92,-1.6556,135653.27,743435.553,2.5021,0.97,29.6213,3.3663,2969395.656
300373.SZ,2025-07-31,54.25,55.19,53.29,53.53,54.65,-1.12,-2.0494,127146.33,688392.73,2.3452,0.88,29.0143,3.2973,2908540.7038
300373.SZ,2025-08-01,53.55,54.74,53.2,54.22,53.53,0.69,1.289,109576.0,593254.747,2.0211,0.74,29.3883,3.3398,2946031.7011
300373.SZ,2025-08-04,54.1,55.1,53.9,54.72,54.22,0.5,0.9222,90537.35,494393.156,1.67,0.67,29.6593,3.3706,2973199.0905
300373.SZ,2025-08-05,54.8,56.56,54.46,56.21,54.72,1.49,2.723,138127.01,770841.283,2.5478,1.1,30.4669,3.4624,3054157.9107
300373.SZ,2025-08-06,56.01,56.88,55.79,56.68,56.21,0.47,0.8362,105091.21,591933.443,1.9384,0.87,30.7216,3.4913,3079695.2567
300373.SZ,2025-08-07,56.91,57.23,55.9,56.14,56.68,-0.54,-0.9527,138588.5,782148.736,2.5563,1.21,30.4289,3.4581,3050354.4762
300373.SZ,2025-08-08,55.66,58.33,55.37,57.73,56.14,1.59,2.8322,176643.15,1014562.137,3.2582,1.52,31.2907,3.556,3136746.7744
300373.SZ,2025-08-11,57.5,57.88,57.07,57.68,57.73,-0.05,-0.0866,101430.59,582711.922,1.8709,0.78,31.2636,3.5529,3134030.0354
300373.SZ,2025-08-12,57.61,57.94,56.66,57.52,57.68,-0.16,-0.2774,102906.28,588645.138,1.8981,0.78,31.1769,3.5431,3125336.4708
300373.SZ,2025-08-13,57.52,58.69,57.2,58.37,57.52,0.85,1.4777,120203.07,697353.092,2.2172,0.96,31.6376,3.5954,3171521.0327
300373.SZ,2025-08-14,58.3,59.85,57.3,57.4,58.37,-0.97,-1.6618,152579.16,892210.032,2.8143,1.19,31.1119,3.5357,3118816.2974
300373.SZ,2025-08-15,57.37,58.08,57.1,58.0,57.4,0.6,1.0453,126366.67,728361.423,2.3309,0.97,31.4371,3.5726,3151417.1646
300373.SZ,2025-08-18,57.84,58.95,57.49,58.49,58.0,0.49,0.8448,138889.16,808072.158,2.5618,1.15,31.7027,3.6028,3178041.2062
300373.SZ,2025-08-19,58.23,58.5,56.88,57.19,58.49,-1.3,-2.2226,151906.14,874705.474,2.8019,1.19,30.9981,3.5227,3107405.9939
300373.SZ,2025-08-20,57.63,61.49,57.3,60.76,57.19,3.57,6.2424,246618.7,1464379.703,4.5489,1.79,32.9331,3.6221,3301381.1538
300373.SZ,2025-08-21,61.2,61.88,59.42,59.77,60.76,-0.99,-1.6294,164212.57,992797.682,3.0289,1.01,32.3965,3.5631,3247589.7229
300373.SZ,2025-08-22,59.8,61.79,59.6,61.49,59.77,1.72,2.8777,195649.28,1191457.71,3.6088,1.18,33.3287,3.6657,3341045.5423
300373.SZ,2025-08-25,62.15,63.5,60.42,61.34,61.49,-0.15,-0.2439,206614.35,1272147.638,3.811,1.15,33.2474,3.6567,3332895.3255
300373.SZ,2025-08-26,61.04,62.88,60.66,62.05,61.34,0.71,1.1575,150838.85,931887.12,2.7822,0.78,33.6323,3.699,3371473.0183
300373.SZ,2025-08-27,62.21,69.83,61.71,65.35,62.05,3.3,5.3183,314376.04,2064037.595,5.7987,1.63,35.4209,3.8958,3550777.788
300373.SZ,2025-08-28,65.11,71.2,65.11,70.37,65.35,5.02,7.6817,378340.03,2591125.394,6.9785,1.83,38.1419,4.195,3823538.3771
300373.SZ,2025-08-29,70.0,70.0,67.06,68.19,70.37,-2.18,-3.0979,250145.69,1695416.138,4.614,1.0,36.9603,4.0651,3705088.5596
300373.SZ,2025-09-01,68.37,69.46,66.58,69.1,68.19,0.91,1.3345,231973.01,1576724.46,4.2788,0.89,37.4535,4.1193,3754533.2082
300373.SZ,2025-09-02,68.41,68.42,63.0,64.19,69.1,-4.91,-7.1056,264842.37,1722954.687,4.8851,1.0,34.7922,3.8266,3487749.4448
300373.SZ,2025-09-03,64.0,65.56,62.9,63.62,64.19,-0.57,-0.888,158697.44,1017272.355,2.9272,0.55,34.4832,3.7926,3456778.6209
300373.SZ,2025-09-04,63.9,64.0,59.14,60.18,63.62,-3.44,-5.4071,216274.59,1324401.858,3.9892,0.84,32.6187,3.5876,3269866.9822
300373.SZ,2025-09-05,60.62,63.25,60.15,63.22,60.18,3.04,5.0515,152152.13,941127.215,2.8065,0.68,34.2664,3.7688,3435044.7094
300373.SZ,2025-09-08,63.52,64.99,62.6,64.65,63.22,1.43,2.2619,143979.45,920108.417,2.6557,0.7,35.0415,3.854,3512743.443
300373.SZ,2025-09-09,64.01,64.01,62.01,62.96,64.65,-1.69,-2.6141,104545.17,658043.002,1.9284,0.56,34.1255,3.7533,3420917.667
300373.SZ,2025-09-10,63.35,64.29,62.6,63.15,62.96,0.19,0.3018,96784.71,614287.648,1.7852,0.62,34.2285,3.7646,3431241.2749
300373.SZ,2025-09-11,62.87,65.7,62.68,65.27,63.15,2.12,3.3571,154777.04,998295.291,2.8549,1.08,35.3776,3.891,3546431.0057
300373.SZ,2025-09-12,69.5,71.66,66.9,67.71,65.27,2.44,3.7383,326803.35,2246604.187,6.0279,2.51,36.7001,4.0364,3679007.8658
300373.SZ,2025-09-15,69.09,69.8,66.14,66.88,67.71,-0.83,-1.2258,181890.68,1221841.324,3.355,1.1,36.2502,3.987,3633909.9995
300373.SZ,2025-09-16,66.4,68.17,66.16,67.4,66.46,0.94,1.4144,151711.93,1018201.492,2.7983,0.88,36.5321,4.1212,3662164.0844
300373.SZ,2025-09-17,67.44,67.98,66.35,67.3,67.4,-0.1,-0.1484,151275.73,1016661.793,2.7903,0.83,36.4779,4.115,3656730.6065
300373.SZ,2025-09-18,67.24,69.62,66.0,67.48,67.3,0.18,0.2675,230750.04,1571575.895,4.2562,1.19,36.5754,4.126,3666510.8667
300373.SZ,2025-09-19,67.56,68.83,66.12,66.24,67.48,-1.24,-1.8376,152281.15,1026642.012,2.8088,0.73,35.9033,4.0502,3599135.7411
300373.SZ,2025-09-22,65.92,67.99,65.92,67.77,66.24,1.53,2.3098,146896.65,988522.432,2.7095,0.85,36.7326,4.1438,3682267.9525
300373.SZ,2025-09-23,67.76,68.38,65.42,67.55,67.77,-0.22,-0.3246,167415.32,1116618.053,3.088,1.0,36.6134,4.1303,3670314.3012
300373.SZ,2025-09-24,67.02,73.5,66.81,72.03,67.55,4.48,6.6321,326469.89,2310867.864,6.0218,1.92,39.0416,4.4043,3913734.1098
300373.SZ,2025-09-25,71.5,71.55,69.63,70.73,72.03,-1.3,-1.8048,199021.14,1405531.789,3.671,0.97,38.337,4.3248,3843098.8975
300373.SZ,2025-09-26,70.31,71.66,69.6,69.8,70.73,-0.93,-1.3149,147970.23,1042460.696,2.7293,0.75,37.8329,4.2679,3792567.5533
300373.SZ,2025-09-29,69.46,69.6,67.74,69.45,69.8,-0.35,-0.5014,145360.84,999603.961,2.6812,0.74,37.6432,4.2465,3773550.3807
300373.SZ,2025-09-30,69.8,71.05,68.97,69.44,69.45,-0.01,-0.0144,150570.4,1052401.303,2.7773,0.76,37.6378,4.2459,3773007.0329
300373.SZ,2025-10-09,70.19,72.08,69.1,70.13,69.44,0.69,0.9937,184872.71,1307188.114,3.41,0.95,38.0118,4.2881,3810498.0302
300373.SZ,2025-10-10,74.08,79.27,73.25,74.05,70.13,3.92,5.5896,440539.99,3337745.917,8.1258,2.66,40.1365,4.5278,4023490.3627
300373.SZ,2025-10-13,72.12,79.59,71.06,77.55,74.05,3.5,4.7265,457030.11,3508138.291,8.43,2.14,42.0336,4.7418,4213662.0882
300373.SZ,2025-10-14,77.77,78.39,74.31,74.7,77.55,-2.85,-3.675,325596.98,2477836.727,6.0057,1.18,40.4888,4.5675,4058807.9689
300373.SZ,2025-10-15,75.69,81.99,75.69,80.99,74.7,6.29,8.4203,433302.44,3455608.638,7.9923,1.39,43.8981,4.9521,4400573.7269
300373.SZ,2025-10-16,80.0,80.56,77.81,78.45,80.99,-2.54,-3.1362,282231.64,2232965.535,5.2058,0.77,42.5214,4.7968,4262563.389
300373.SZ,2025-10-17,77.9,81.45,75.57,75.8,78.45,-2.65,-3.3779,252066.05,1957342.187,4.6494,0.65,41.085,4.6348,4118576.2255
300373.SZ,2025-10-20,79.0,82.48,78.07,78.79,75.8,2.99,3.9446,368033.24,2951287.372,6.7884,1.05,42.7057,4.631,4281037.2138
300373.SZ,2025-10-21,78.99,81.81,77.52,77.7,78.79,-1.09,-1.3834,306353.82,2414950.979,5.6507,0.92,42.1149,4.5669,4221812.305
300373.SZ,2025-10-22,76.97,77.21,74.45,75.2,77.7,-2.5,-3.2175,191246.51,1440444.404,3.5276,0.58,40.7598,4.42,4085975.3582
300373.SZ,2025-10-23,74.4,75.1,72.9,74.26,75.2,-0.94,-1.25,145850.76,1076494.933,2.6902,0.52,40.2503,4.3647,4034900.6663
300373.SZ,2025-10-24,74.66,75.63,72.35,75.46,74.26,1.2,1.6159,262695.35,1947391.048,4.8455,1.04,40.9007,4.4352,4100102.4007
300373.SZ,2025-10-27,75.57,76.03,73.02,74.96,75.46,-0.5,-0.6626,252378.67,1884382.929,4.6552,0.99,40.6297,4.4059,4072935.0114
300373.SZ,2025-10-28,74.39,75.78,73.5,74.08,74.96,-0.88,-1.174,177504.89,1326892.69,3.2741,0.77,40.1528,4.3541,4025120.4061
300373.SZ,2025-10-29,73.99,74.81,72.74,73.74,74.08,-0.34,-0.459,162371.45,1193184.836,2.995,0.79,39.9685,4.3342,4006646.5813
300373.SZ,2025-10-30,73.6,74.0,71.68,71.79,73.74,-1.95,-2.6444,161464.63,1171837.055,2.9782,0.81,38.9115,4.2195,3900693.7629
300373.SZ,2025-10-31,71.6,72.34,69.67,69.78,71.79,-2.01,-2.7998,165984.13,1171412.775,3.0616,0.82,37.8221,4.1014,3791480.8577
300373.SZ,2025-11-03,69.79,70.2,67.67,68.96,69.78,-0.82,-1.1751,137411.81,943989.467,2.5346,0.75,37.3776,4.0532,3746926.3392
300373.SZ,2025-11-04,68.96,69.35,67.34,68.04,68.96,-0.92,-1.3341,120181.18,821388.567,2.2168,0.75,36.879,3.9991,3696938.3427
300373.SZ,2025-11-05,67.13,67.89,66.06,67.53,68.04,-0.51,-0.7496,124697.42,835790.098,2.3001,0.83,36.6025,3.9692,3669227.6056
300373.SZ,2025-11-06,68.18,69.89,68.06,69.65,67.53,2.12,3.1393,163089.62,1127018.324,3.0082,1.15,37.7516,4.0938,3784417.3365
300373.SZ,2025-11-07,68.65,68.98,67.9,68.24,69.65,-1.41,-2.0244,112141.87,766758.679,2.0685,0.79,36.9874,4.0109,3707805.2985
300373.SZ,2025-11-10,68.61,69.44,66.85,67.62,68.24,-0.62,-0.9086,116322.98,788409.569,2.1456,0.88,36.6513,3.9744,3674117.7357
300373.SZ,2025-11-11,68.33,68.8,66.4,66.7,67.62,-0.92,-1.3605,106143.71,715275.887,1.9578,0.83,36.1527,3.9204,3624129.7393
300373.SZ,2025-11-12,66.0,66.6,65.1,65.6,66.7,-1.1,-1.6492,102989.06,676339.948,1.8996,0.83,35.5564,3.8557,3564361.4827
300373.SZ,2025-11-13,65.6,67.58,65.31,66.78,65.6,1.18,1.7988,101761.85,677066.184,1.877,0.85,36.196,3.9251,3628476.5216
300373.SZ,2025-11-14,66.0,66.0,64.51,64.6,66.78,-2.18,-3.2645,91769.06,599640.162,1.6927,0.85,35.0144,3.7969,3510026.704
300373.SZ,2025-11-17,64.64,65.19,64.21,64.68,64.6,0.08,0.1238,61057.3,394559.452,1.1262,0.59,35.0578,3.8016,3514373.4863
300373.SZ,2025-11-18,64.54,66.36,64.06,65.11,64.68,0.43,0.6648,93047.88,608053.781,1.7163,1.0,35.2908,3.8269,3537737.4412
300373.SZ,2025-11-19,65.0,66.49,64.72,65.57,65.11,0.46,0.7065,89663.77,589113.186,1.6539,0.99,35.5402,3.854,3562731.4394
300373.SZ,2025-11-20,66.47,66.68,64.21,64.35,65.57,-1.22,-1.8606,84769.85,551241.611,1.5636,0.97,34.8789,3.7822,3496443.0093
300373.SZ,2025-11-21,63.39,63.98,62.38,62.38,64.35,-1.97,-3.0614,90586.48,572537.556,1.6709,1.08,33.8111,3.6665,3389403.4953
300373.SZ,2025-11-24,62.89,63.02,61.72,62.49,62.38,0.11,0.1763,74200.21,462760.358,1.3686,0.89,33.8708,3.6729,3395380.321
300373.SZ,2025-11-25,62.99,65.07,62.93,63.94,62.49,1.45,2.3204,99233.37,634200.397,1.8304,1.15,34.6567,3.7581,3474165.7501
300373.SZ,2025-11-26,63.7,64.95,63.19,64.12,63.94,0.18,0.2815,85430.5,548812.609,1.5758,0.97,34.7542,3.7687,3483946.0102
300373.SZ,2025-11-27,64.08,65.92,63.98,64.05,64.12,-0.07,-0.1092,99750.99,649079.95,1.8399,1.15,34.7163,3.7646,3480142.5757
300373.SZ,2025-11-28,64.03,64.9,63.6,64.68,64.05,0.63,0.9836,59106.91,381187.444,1.0902,0.66,35.0578,3.8016,3514373.4863
300373.SZ,2025-12-01,64.69,65.26,64.27,65.24,64.68,0.56,0.8658,85981.05,556722.266,1.5859,1.03,35.3613,3.8346,3544800.9624
300373.SZ,2025-12-02,64.84,65.0,63.91,64.11,65.24,-1.13,-1.7321,60702.85,390595.318,1.1197,0.71,34.7488,3.7681,3483402.6625
300373.SZ,2025-12-03,64.13,64.67,63.59,63.8,64.11,-0.31,-0.4835,53661.54,343718.013,0.9898,0.69,34.5808,3.7499,3466558.8811
300373.SZ,2025-12-04,64.0,65.15,63.17,64.53,63.8,0.73,1.1442,70775.85,455109.909,1.3055,0.99,34.9765,3.7928,3506223.2695
300373.SZ,2025-12-05,64.5,64.78,63.6,64.5,64.53,-0.03,-0.0465,61475.84,395125.395,1.1339,0.93,34.9602,3.7911,3504593.2262
300373.SZ,2025-12-08,64.65,65.93,64.58,65.76,64.5,1.26,1.9535,90747.93,594047.674,1.6739,1.36,35.6432,3.8651,3573055.0473
300373.SZ,2025-12-09,65.56,66.78,65.13,65.4,65.76,-0.36,-0.5474,91971.6,605586.137,1.6964,1.36,35.448,3.844,3553494.527
300373.SZ,2025-12-10,65.18,66.18,64.51,65.92,65.4,0.52,0.7951,79008.34,516700.18,1.4573,1.07,35.7299,3.8745,3581748.6119
300373.SZ,2025-12-11,66.0,66.39,64.75,64.75,65.92,-1.17,-1.7749,73958.45,485002.645,1.3642,0.94,35.0957,3.8058,3518176.9208
300373.SZ,2025-12-12,64.42,65.78,63.5,65.59,64.75,0.84,1.2973,89811.81,581939.675,1.6566,1.13,35.551,3.8551,3563818.1349
300373.SZ,2025-12-15,65.0,65.87,64.15,64.18,65.59,-1.41,-2.1497,68005.98,441160.944,1.2544,0.8,34.7868,3.7723,3487206.097
300373.SZ,2025-12-16,64.06,64.58,62.67,63.21,64.18,-0.97,-1.5114,62161.0,393687.44,1.1466,0.77,34.261,3.7152,3434501.3616
300373.SZ,2025-12-17,63.28,65.1,63.13,65.03,63.21,1.82,2.8793,72652.55,466156.861,1.3401,0.97,35.2475,3.8222,3533390.6589
300373.SZ,2025-12-18,64.65,65.2,64.04,64.06,65.03,-0.97,-1.4916,56650.63,366091.388,1.0449,0.77,34.7217,3.7652,3480685.9235
300373.SZ,2025-12-19,64.55,65.18,64.14,64.39,64.06,0.33,0.5151,58517.23,378104.234,1.0794,0.84,34.9006,3.7846,3498616.4005
300373.SZ,2025-12-22,64.61,66.42,64.51,65.96,64.39,1.57,2.4383,102971.72,678371.634,1.8993,1.62,35.7516,3.8769,3583922.0031
300373.SZ,2025-12-23,65.85,66.3,65.22,65.49,65.96,-0.47,-0.7126,67200.18,442083.216,1.2395,0.95,35.4968,3.8493,3558384.6571
300373.SZ,2025-12-24,65.61,66.66,65.5,66.4,65.49,0.91,1.3895,82203.19,544183.683,1.5163,1.15,35.9901,3.9027,3607829.3057
300373.SZ,2025-12-25,66.5,67.34,66.03,66.79,66.4,0.39,0.5873,87410.67,582735.453,1.6123,1.19,36.2014,3.9257,3629019.8694
300373.SZ,2025-12-26,66.79,67.17,65.68,65.9,66.79,-0.89,-1.3325,90169.16,597768.276,1.6632,1.13,35.719,3.8733,3580661.9163
300373.SZ,2025-12-29,65.88,70.08,65.7,67.84,65.9,1.94,2.9439,183292.17,1249937.024,3.3809,2.13,36.7706,3.9874,3686071.387
300373.SZ,2025-12-30,67.85,70.37,67.85,69.41,67.84,1.57,2.3143,178010.53,1236224.493,3.2834,1.74,37.6215,4.0797,3771376.9896
300373.SZ,2025-12-31,69.0,69.45,67.63,68.0,69.41,-1.41,-2.0314,102688.58,699760.24,1.8941,0.83,36.8573,3.9968,3694764.9516
300373.SZ,2026-01-05,68.08,70.16,68.08,69.6,68.0,1.6,2.3529,147187.56,1019263.814,2.7149,1.15,37.7245,4.0908,3781700.5975
300373.SZ,2026-01-06,69.61,71.0,69.06,70.0,69.6,0.4,0.5747,155318.42,1086845.21,2.8649,1.11,37.9413,4.1143,3803434.509
300373.SZ,2026-01-07,69.9,71.8,69.8,71.51,70.0,1.51,2.1571,175406.38,1243809.655,3.2354,1.14,38.7598,4.2031,3885480.0248
300373.SZ,2026-01-08,71.0,71.18,69.99,70.33,71.51,-1.18,-1.6501,129969.78,917351.787,2.3973,0.86,38.1202,4.1337,3821364.986
300373.SZ,2026-01-09,70.13,70.47,69.21,70.01,70.33,-0.32,-0.455,133044.68,930009.705,2.454,0.94,37.9467,4.1149,3803977.8568
300373.SZ,2026-01-12,69.93,70.45,69.22,70.31,70.01,0.3,0.4285,133283.76,931455.934,2.4584,0.9,38.1093,4.1326,3820278.2904
300373.SZ,2026-01-13,70.06,70.21,67.78,68.06,70.31,-2.25,-3.2001,137082.69,942584.642,2.5285,0.94,36.8898,4.0003,3698025.0383
300373.SZ,2026-01-14,68.23,69.27,66.74,67.48,68.06,-0.58,-0.8522,143203.28,975532.43,2.6414,1.01,36.5754,3.9662,3666510.8667
300373.SZ,2026-01-15,67.08,69.39,66.9,69.39,67.48,1.91,2.8305,118972.82,812793.443,2.1945,0.88,37.6107,4.0785,3770290.294
300373.SZ,2026-01-16,69.58,71.65,69.48,71.22,69.39,1.83,2.6373,195733.17,1387166.076,3.6103,1.47,38.6026,4.186,3869722.939
300373.SZ,2026-01-19,72.0,73.37,71.3,71.5,71.22,0.28,0.3931,156922.18,1130608.455,2.8945,1.08,38.7543,4.2025,3884936.6771
300373.SZ,2026-01-20,71.25,72.68,70.77,72.26,71.5,0.76,1.0629,148219.15,1066240.137,2.7339,0.99,39.1663,4.2472,3926231.1089
300373.SZ,2026-01-21,71.5,73.59,71.45,73.18,72.26,0.92,1.2732,166984.15,1219154.38,3.08,1.09,39.6649,4.3012,3976219.1053
300373.SZ,2026-01-22,73.6,77.53,72.32,76.59,73.18,3.41,4.6597,276743.81,2070157.868,5.1046,1.76,41.5132,4.5017,4161500.7006
300373.SZ,2026-01-23,75.15,78.67,75.02,77.62,76.59,1.03,1.3448,225300.72,1740216.555,4.1557,1.19,42.0715,4.5622,4217465.5227
300373.SZ,2026-01-26,77.01,80.86,75.76,76.3,77.62,-1.32,-1.7006,188344.79,1457617.404,3.474,0.97,41.356,4.4846,4145743.6148
300373.SZ,2026-01-27,76.28,80.99,74.57,80.31,76.3,4.01,5.2556,221974.47,1741146.257,4.0944,1.1,43.5295,4.7203,4363626.0774
300373.SZ,2026-01-28,82.51,91.99,82.51,90.0,80.31,9.69,12.0657,466946.88,4159995.342,8.6129,2.16,48.7817,5.2899,4890130.083
300373.SZ,2026-01-29,90.0,90.78,86.1,86.55,90.0,-3.45,-3.8333,295259.08,2593171.176,5.4461,1.07,46.9117,5.0871,4702675.0965
300373.SZ,2026-01-30,87.5,88.74,83.21,86.8,86.55,0.25,0.2889,244209.48,2103358.4,4.5045,0.87,47.0472,5.1018,4716258.7912
300373.SZ,2026-02-02,86.01,86.8,78.86,78.96,86.8,-7.84,-9.0323,251187.36,2038078.667,4.6332,0.89,42.7978,4.641,4290274.1262
300373.SZ,2026-02-03,80.1,82.18,79.34,80.25,78.96,1.29,1.6337,195255.49,1571209.637,3.6015,0.66,43.497,4.7168,4360365.9907
300373.SZ,2026-02-04,79.4,79.84,77.2,78.5,80.25,-1.75,-2.1807,136540.67,1068724.576,2.5185,0.47,42.5485,4.6139,4265280.128
300373.SZ,2026-02-05,77.88,85.65,76.61,85.0,78.5,6.5,8.2803,291837.98,2374825.816,5.383,1.3,46.0716,4.996,4618456.1895
300373.SZ,2026-02-06,84.26,84.55,81.51,82.0,85.0,-3.0,-3.5294,201299.04,1660170.283,3.713,0.9,44.4455,4.8196,4455451.8534
300373.SZ,2026-02-09,83.0,83.07,80.8,82.31,82.0,0.31,0.378,168083.03,1378685.426,3.1003,0.78,44.6136,4.8379,4472295.6348
300373.SZ,2026-02-10,82.29,82.5,79.76,80.24,82.31,-2.07,-2.5149,137489.53,1109531.696,2.536,0.69,43.4916,4.7162,4359822.6429
300373.SZ,2026-02-11,79.97,84.36,79.7,81.71,80.24,1.47,1.832,166995.6,1365591.619,3.0803,0.89,44.2884,4.8026,4439694.7676
300373.SZ,2026-02-12,82.02,88.85,82.02,87.62,81.71,5.91,7.2329,268848.22,2310514.027,4.9589,1.39,47.4917,5.15,4760813.3097
300373.SZ,2026-02-13,86.04,87.5,85.53,85.66,87.62,-1.96,-2.2369,137120.8,1184585.557,2.5292,0.73,46.4293,5.0348,4654317.1434
300373.SZ,2026-02-24,86.2,88.52,84.2,87.47,85.66,1.81,2.113,199230.98,1732457.428,3.6748,1.13,47.4104,5.1412,4752663.0929
300373.SZ,2026-02-25,88.18,92.7,88.0,90.0,87.47,2.53,2.8924,204080.76,1847188.593,3.7643,1.12,48.7817,5.2899,4890130.083
300373.SZ,2026-02-26,91.0,93.68,88.88,91.61,90.0,1.61,1.7889,172920.51,1575481.226,3.1895,0.89,49.6543,5.3845,4977609.0767
300373.SZ,2026-02-27,89.78,89.9,86.56,87.4,91.61,-4.21,-4.5956,177338.5,1555741.701,3.271,0.9,47.3724,5.137,4748859.6584
300373.SZ,2026-03-02,85.98,88.21,85.5,85.61,87.4,-1.79,-2.0481,154803.03,1339820.455,2.8554,0.87,46.4022,5.0318,4651600.4045
300373.SZ,2026-03-03,86.3,86.98,78.7,79.0,85.61,-6.61,-7.7211,208577.01,1697873.993,3.8472,1.15,42.8195,4.6433,4292447.5173
300373.SZ,2026-03-04,78.11,81.85,78.11,80.79,79.0,1.79,2.2658,148928.5,1197989.145,2.747,0.81,43.7897,4.7485,4389706.7712
300373.SZ,2026-03-05,83.0,83.47,79.77,80.41,80.79,-0.38,-0.4704,118519.97,966908.931,2.1861,0.69,43.5837,4.7262,4369059.5553
300373.SZ,2026-03-06,80.16,81.11,79.0,79.75,80.41,-0.66,-0.8208,101189.86,810208.917,1.8665,0.63,43.226,4.6874,4333198.6013
300373.SZ,2026-03-09,77.02,78.67,74.5,78.1,79.75,-1.65,-2.069,140337.58,1073123.783,2.5885,0.96,42.3317,4.5904,4243546.2165
300373.SZ,2026-03-10,79.58,80.9,78.85,79.64,78.1,1.54,1.9718,111511.42,888400.808,2.0568,0.78,43.1664,4.6809,4327221.7757
300373.SZ,2026-03-11,79.5,80.97,78.88,79.11,79.64,-0.53,-0.6655,84972.29,676119.134,1.5673,0.68,42.8791,4.6498,4298424.343
300373.SZ,2026-03-12,78.98,81.1,77.97,78.84,79.11,-0.27,-0.3413,82952.08,657146.942,1.5301,0.75,42.7328,4.6339,4283753.9527
300373.SZ,2026-03-13,78.02,79.41,76.95,77.2,78.84,-1.64,-2.0802,89955.46,702526.656,1.6592,0.86,41.8439,4.5375,4194644.9156
300373.SZ,2026-03-16,77.0,78.47,75.17,77.51,77.2,0.31,0.4016,106777.24,821446.117,1.9695,1.05,42.0119,4.5557,4211488.697
300373.SZ,2026-03-17,78.17,78.3,74.86,74.92,77.51,-2.59,-3.3415,78458.23,597986.013,1.4472,0.82,40.6081,4.4035,4070761.6202
300373.SZ,2026-03-18,75.01,76.73,74.44,76.4,74.92,1.48,1.9754,77123.36,582910.721,1.4226,0.87,41.4102,4.4905,4151177.0927
300373.SZ,2026-03-19,75.2,75.48,73.6,74.06,76.4,-2.34,-3.0628,78354.53,582475.932,1.4453,0.9,40.1419,4.353,4024033.7105
300373.SZ,2026-03-20,74.51,75.64,73.5,73.5,74.06,-0.56,-0.7561,86150.08,643009.023,1.5891,1.0,39.8384,4.32,3993606.2345
300373.SZ,2026-03-23,72.05,72.5,67.7,68.6,73.5,-4.9,-6.6667,169128.0,1178742.405,3.1196,1.98,37.1825,4.032,3727365.8188
300373.SZ,2026-03-24,69.58,69.85,67.3,69.5,68.6,0.9,1.312,106925.99,730552.565,1.9723,1.09,37.6703,4.0849,3776267.1197
300373.SZ,2026-03-25,70.27,72.57,70.12,72.12,69.5,2.62,3.7698,96220.68,689888.969,1.7748,0.93,39.0904,4.2389,3918624.2398
300373.SZ,2026-03-26,72.0,73.17,70.71,71.42,72.12,-0.7,-0.9706,82342.93,591955.111,1.5188,0.77,38.711,4.1978,3880589.8948
300373.SZ,2026-03-27,70.3,73.96,70.15,73.6,71.42,2.18,3.0524,101235.87,735885.363,1.8673,0.94,39.8926,4.3259,3999039.7123
300373.SZ,2026-03-30,72.75,73.4,71.63,72.78,73.6,-0.82,-1.1141,101947.53,738815.506,1.8804,0.92,39.4481,4.2777,3954485.1938
300373.SZ,2026-03-31,69.15,69.65,66.2,67.47,72.78,-5.31,-7.296,234664.13,1584739.798,4.3285,2.4,29.1277,3.8412,3665967.5189
300373.SZ,2026-04-01,69.3,71.18,68.89,70.67,67.47,3.2,4.7428,152589.27,1065899.55,2.8146,1.24,30.5092,4.0234,3839838.8107
300373.SZ,2026-04-02,73.5,73.77,70.96,71.74,70.67,1.07,1.5141,150504.26,1089544.59,2.7761,1.12,30.9711,4.0843,3897977.0239
300373.SZ,2026-04-03,73.02,74.46,72.03,72.17,71.74,0.43,0.5994,128939.64,943875.84,2.3784,0.87,31.1568,4.1088,3921340.9788
300373.SZ,2026-04-07,72.74,73.28,70.6,70.79,72.17,-1.38,-1.9122,102443.53,734084.814,1.8896,0.67,30.561,4.0302,3846358.9842
300373.SZ,2026-04-08,73.8,77.86,73.39,77.8,70.79,7.01,9.9025,186387.47,1409488.339,3.438,1.21,33.5873,4.4293,4227245.7829
300373.SZ,2026-04-09,77.01,78.38,76.0,77.62,77.8,-0.18,-0.2314,123891.34,959276.823,2.2852,0.86,33.5096,4.419,4217465.5227
300373.SZ,2026-04-10,78.35,79.63,77.84,77.95,77.62,0.33,0.4251,114627.39,900552.656,2.1144,0.83,33.6521,4.4378,4235395.9997
300373.SZ,2026-04-13,77.58,78.72,76.3,77.48,77.95,-0.47,-0.603,88081.61,684613.932,1.6247,0.67,33.4492,4.4111,4209858.6537
300373.SZ,2026-04-14,78.08,79.6,77.47,78.38,77.48,0.9,1.1616,116109.78,912493.117,2.1417,0.94,33.8377,4.4623,4258759.9545
300373.SZ,2026-04-15,78.92,78.92,76.14,76.54,78.38,-1.84,-2.3475,111270.18,861007.641,2.0524,0.88,33.0434,4.3575,4158783.9617
300373.SZ,2026-04-16,76.96,77.98,76.53,77.76,76.54,1.22,1.5939,90429.72,698783.609,1.668,0.82,33.5701,4.427,4225072.3917
300373.SZ,2026-04-17,77.55,78.93,76.97,78.69,77.76,0.93,1.196,100983.83,791036.732,1.8627,0.97,33.9716,4.48,4275603.7359
300373.SZ,2026-04-20,80.0,83.75,79.94,81.78,78.69,3.09,3.9268,188151.56,1544219.827,3.4705,1.86,35.3056,4.4841,4443498.2021
300373.SZ,2026-04-21,81.42,82.15,79.76,81.39,81.78,-0.39,-0.4769,128570.76,1037332.072,2.3715,1.06,35.1372,4.4627,4422307.6384
300373.SZ,2026-04-22,81.51,83.1,81.39,83.0,81.39,1.61,1.9781,133808.74,1102882.127,2.4682,1.08,35.8322,4.551,4509786.6321
300373.SZ,2026-04-23,83.36,84.78,81.48,82.16,83.0,-0.84,-1.012,134409.31,1115497.877,2.4792,1.05,35.4696,4.5049,4464145.418
300373.SZ,2026-04-24,82.6,84.5,82.5,82.85,82.16,0.69,0.8398,135998.33,1134940.165,2.5086,0.99,35.7675,4.5428,4501636.4153
300373.SZ,2026-04-27,77.0,79.59,73.6,79.13,82.85,-3.72,-4.49,279159.35,2162614.551,5.1492,1.94,34.1615,4.3388,4299511.0385
300373.SZ,2026-04-28,77.8,80.57,76.9,77.79,79.13,-1.34,-1.6934,186996.63,1475825.377,3.4492,1.15,33.583,4.2653,4226702.4351
300373.SZ,2026-04-29,77.15,78.57,74.8,77.89,77.79,0.1,0.1286,167289.14,1285909.729,3.0857,0.96,33.6262,4.2708,4232135.9129
300373.SZ,2026-04-30,77.71,78.47,74.9,75.88,77.89,-2.01,-2.5806,192175.85,1464692.841,3.5448,1.06,32.7584,4.1606,4122923.0078
300373.SZ,2026-05-06,77.15,80.66,77.13,78.46,75.88,2.58,3.4001,218746.91,1723033.48,4.0349,1.14,33.8723,4.302,4263106.7368
300373.SZ,2026-05-07,78.8,79.75,76.98,78.96,78.46,0.5,0.6373,191344.49,1494389.349,3.5294,0.92,34.0881,4.3295,4290274.1262
300373.SZ,2026-05-08,77.8,77.99,74.88,76.64,78.46,-1.82,-2.3197,207339.27,1585299.804,3.8245,1.08,33.0865,4.3207,4164217.4396
300373.SZ,2026-05-11,77.8,78.98,76.5,77.73,76.64,1.09,1.4222,254549.6,1982505.007,4.6953,1.3,33.5571,4.3822,4223442.3484
300373.SZ,2026-05-12,77.73,78.46,74.88,78.4,77.73,0.67,0.862,251914.56,1930723.834,4.6467,1.18,33.8464,4.4199,4259846.6501
300373.SZ,2026-05-13,76.88,83.47,75.8,83.12,78.4,4.72,6.0204,313230.84,2516161.088,5.7777,1.39,35.8841,4.686,4516306.8055
300373.SZ,2026-05-14,84.22,85.8,82.01,84.0,83.12,0.88,1.0587,349302.56,2935004.808,6.4431,1.43,36.264,4.7356,4564121.4108
300373.SZ,2026-05-15,84.32,85.44,80.31,82.89,84.0,-1.11,-1.3214,313640.96,2605815.129,5.7853,1.14,35.7848,4.6731,4503809.8064
300373.SZ,2026-05-18,82.21,83.36,80.1,81.4,82.89,-1.49,-1.7976,221900.06,1811744.949,4.0931,0.75,35.1415,4.5891,4422850.9862
300373.SZ,2026-05-19,80.39,80.88,76.37,79.61,81.4,-1.79,-2.199,223872.21,1762278.09,4.1294,0.77,34.3687,4.4881,4325591.7323
300373.SZ,2026-05-20,79.0,83.71,78.9,83.71,79.61,4.1,5.1501,248703.43,2041659.885,4.5875,0.87,36.1388,4.7193,4548364.325
300373.SZ,2026-05-21,84.78,84.78,77.5,77.61,83.71,-6.1,-7.2871,279159.75,2273635.955,5.1492,1.03,33.5053,4.3754,4216922.1749
300373.SZ,2026-05-22,79.51,88.0,79.36,86.38,77.61,8.77,11.3001,420155.12,3535895.784,7.75,1.63,37.2914,4.8698,4693438.1841
300373.SZ,2026-05-25,89.39,96.3,86.88,95.24,86.38,8.86,10.257,441523.55,4087395.35,8.1441,1.58,41.1164,5.3693,5174844.3234
300373.SZ,2026-05-26,93.9,99.77,90.61,97.9,95.24,2.66,2.7929,407323.89,3906902.769,7.5133,1.26,42.2648,5.5193,5319374.8347
300373.SZ,2026-05-27,101.9,114.86,101.2,110.02,97.9,12.12,12.38,516595.9,5659922.375,9.5289,1.44,47.4972,6.2026,5977912.3526
300373.SZ,2026-05-28,110.8,118.0,108.13,114.3,110.02,4.28,3.8902,415838.79,4706570.511,7.6703,1.01,49.3449,6.4439,6210465.2054
300373.SZ,2026-05-29,114.0,115.41,106.0,107.12,114.3,-7.18,-6.2817,372978.9,4072515.6,6.8798,0.85,46.2452,6.0391,5820341.4943
300373.SZ,2026-06-01,105.21,107.03,98.78,99.25,107.12,-7.87,-7.3469,339071.91,3459514.83,6.2543,0.79,42.8476,5.5954,5392726.786
300373.SZ,2026-06-02,99.38,103.98,96.1,101.5,99.25,2.25,2.267,277012.88,2789332.157,5.1096,0.68,43.819,5.7222,5514980.0381
300373.SZ,2026-06-03,107.23,111.23,103.95,105.82,101.5,4.32,4.2562,334634.19,3576504.023,6.1725,0.87,45.684,5.9658,5749706.282
300373.SZ,2026-06-04,104.0,108.96,103.0,105.5,105.82,-0.32,-0.3024,221875.09,2345383.642,4.0926,0.64,45.5458,5.9477,5732319.1529
300373.SZ,2026-06-05,104.19,108.66,101.31,102.87,105.5,-2.63,-2.4929,226643.35,2379389.434,4.1805,0.73,44.4104,5.7995,5589418.6849
300373.SZ,2026-06-08,97.73,98.78,93.18,94.46,102.87,-8.41,-8.1754,238394.36,2289467.428,4.3973,0.85,40.7797,5.3253,5132463.196
300373.SZ,2026-06-09,97.96,108.0,95.35,107.88,94.46,13.42,14.2071,272518.54,2775144.51364,5.0267,1.05,46.5733,6.0819,5861635.9262
300373.SZ,2026-06-10,103.01,105.88,99.02,100.4,107.88,-7.48,-6.9336,209642.92,2130748.78292,3.867,0.81,43.3441,5.6602,5455211.7815
300373.SZ,2026-06-11,99.01,102.98,98.5,100.19,100.4,-0.21,-0.2092,174159.04,1748378.1545,3.2124,0.74,43.2534,5.6484,5443801.478
300373.SZ,2026-06-12,104.2,105.88,95.75,96.68,100.19,-3.51,-3.5033,255532.99,2576276.55043,4.7134,1.14,41.7381,5.3011,5253086.5304
300373.SZ,2026-06-15,98.77,105.98,94.72,105.15,96.68,8.47,8.7609,281675.12,2881675.49383,5.1956,1.22,45.3947,5.7655,5713302.117
300373.SZ,2026-06-16,107.0,113.0,105.35,108.8,105.15,3.65,3.4712,311039.43,3420000.40105,5.7373,1.3,46.9705,5.9656,5911624.064
300373.SZ,2026-06-17,108.0,115.0,106.66,114.1,108.8,5.3,4.8713,373852.86,4189376.33256,6.8959,1.52,49.2585,6.2562,6199598.398
300373.SZ,2026-06-18,113.5,126.12,111.88,123.13,114.1,9.03,7.9141,371698.12,4484649.4641,6.8561,1.33,53.1569,6.7514,6690241.4614
300373.SZ,2026-06-22,130.0,133.07,123.32,128.11,123.13,4.98,4.0445,400348.16,5119291.34019,7.3846,1.26,55.3069,7.0244,6960828.6658
300373.SZ,2026-06-23,128.0,136.5,127.0,132.96,128.11,4.85,3.7858,399931.99,5252175.21223,7.3769,1.15,57.4007,7.2903,7224352.3488
300373.SZ,2026-06-24,130.0,142.72,129.0,132.99,132.96,0.03,0.0226,432213.57,5838316.79882,7.9724,1.16,57.4136,7.292,7225982.3922
300373.SZ,2026-06-25,132.03,138.0,129.26,137.45,132.99,4.46,3.3536,363204.96,4859848.37628,6.6995,0.92,59.3391,7.5365,7468315.511
300373.SZ,2026-06-26,133.88,142.67,129.51,135.76,137.45,-1.69,-1.2295,333739.88,4562970.93506,6.156,0.85,58.6095,7.4439,7376489.7328
