ts_code,trade_date,open,high,low,close,pre_close,change,pct_chg,vol,amount,turnover_rate,volume_ratio,pe,pb,total_mv
300136.SZ,2023-01-03,16.48,16.79,16.27,16.74,16.51,0.23,1.3931,88539.06,147091.236,1.0751,1.48,32.0673,2.4762,1619709.9
300136.SZ,2023-01-04,16.6,16.92,16.6,16.67,16.74,-0.07,-0.4182,76634.1,128183.243,0.9305,1.22,31.9332,2.4658,1612936.9195
300136.SZ,2023-01-05,16.7,16.94,16.59,16.9,16.67,0.23,1.3797,80487.88,135492.531,0.9773,1.2,32.3738,2.4999,1635190.9982
300136.SZ,2023-01-06,16.84,16.94,16.72,16.85,16.9,-0.05,-0.2959,66429.28,111899.571,0.8066,0.93,32.278,2.4925,1630353.155
300136.SZ,2023-01-09,16.9,16.95,16.7,16.71,16.85,-0.14,-0.8309,60833.02,102232.804,0.7387,0.81,32.0098,2.4718,1616807.1941
300136.SZ,2023-01-10,16.76,16.85,16.6,16.72,16.71,0.01,0.0598,57698.9,96514.722,0.7006,0.77,32.029,2.4732,1617774.7627
300136.SZ,2023-01-11,16.72,16.87,16.52,16.53,16.72,-0.19,-1.1364,74482.65,124314.245,0.9044,1.09,31.665,2.4451,1599390.9586
300136.SZ,2023-01-12,16.56,16.75,16.39,16.65,16.53,0.12,0.726,67201.2,111428.943,0.816,0.99,31.8949,2.4629,1611001.7823
300136.SZ,2023-01-13,16.75,16.76,16.51,16.66,16.65,0.01,0.0601,48375.88,80307.007,0.5874,0.74,31.914,2.4644,1611969.3509
300136.SZ,2023-01-16,16.7,17.12,16.56,17.01,16.66,0.35,2.1008,122219.07,207307.738,1.484,1.98,32.5845,2.5161,1645834.2532
300136.SZ,2023-01-17,17.02,17.22,16.96,17.12,17.01,0.11,0.6467,66532.77,113977.983,0.8079,0.9,32.7952,2.5324,1656477.5083
300136.SZ,2023-01-18,17.12,17.29,17.09,17.26,17.12,0.14,0.8178,77059.94,132617.791,0.9357,1.02,33.0634,2.5531,1670023.4692
300136.SZ,2023-01-19,17.13,17.41,17.09,17.41,17.26,0.15,0.8691,76259.14,131889.871,0.926,1.0,33.3507,2.5753,1684536.9988
300136.SZ,2023-01-20,17.33,17.5,17.25,17.35,17.41,-0.06,-0.3446,75121.25,130386.609,0.9121,0.96,33.2358,2.5664,1678731.5869
300136.SZ,2023-01-30,17.57,17.9,17.49,17.5,17.35,0.15,0.8646,162906.04,287378.763,1.9781,1.95,33.5231,2.5886,1693245.1165
300136.SZ,2023-01-31,17.45,17.6,17.4,17.47,17.5,-0.03,-0.1714,80264.58,140424.836,0.9746,0.88,33.4657,2.5842,1690342.4106
300136.SZ,2023-02-01,17.45,17.76,17.45,17.7,17.47,0.23,1.3165,99379.77,175408.121,1.2067,1.05,33.9063,2.6182,1712596.4893
300136.SZ,2023-02-02,17.81,18.4,17.7,18.12,17.7,0.42,2.3729,240347.45,435284.855,2.9184,2.43,34.7108,2.6803,1753234.3721
300136.SZ,2023-02-03,18.06,18.23,17.8,18.1,18.12,-0.02,-0.1104,157079.16,282705.053,1.9073,1.19,34.6725,2.6774,1751299.2348
300136.SZ,2023-02-06,17.98,18.25,17.86,18.07,18.1,-0.03,-0.1657,102976.76,185765.872,1.2504,0.7,34.615,2.6729,1748396.5289
300136.SZ,2023-02-07,18.09,18.45,17.98,18.33,18.07,0.26,1.4388,153162.18,279656.027,1.8597,1.13,35.1131,2.7114,1773553.3135
300136.SZ,2023-02-08,18.27,18.48,17.88,17.99,18.33,-0.34,-1.8549,160635.53,290560.705,1.9505,1.07,34.4618,2.6611,1740655.9798
300136.SZ,2023-02-09,18.09,18.8,17.94,18.78,17.99,0.79,4.3913,300839.84,556630.669,3.6529,1.85,35.9751,2.778,1817093.9022
300136.SZ,2023-02-10,18.7,19.5,18.62,18.92,18.78,0.14,0.7455,319240.94,610752.847,3.8763,1.82,36.2433,2.7987,1830639.8631
300136.SZ,2023-02-13,18.88,19.0,18.68,18.73,18.92,-0.19,-1.0042,167774.17,315148.079,2.0372,0.81,35.8793,2.7706,1812256.059
300136.SZ,2023-02-14,18.73,18.9,18.49,18.62,18.73,-0.11,-0.5873,152521.38,284535.985,1.852,0.69,35.6686,2.7543,1801612.804
300136.SZ,2023-02-15,18.6,19.16,18.55,19.07,18.62,0.45,2.4168,178416.3,337415.748,2.1664,0.81,36.5306,2.8209,1845153.3927
300136.SZ,2023-02-16,18.96,19.15,18.27,18.42,19.07,-0.65,-3.4085,244667.86,458377.06,2.9708,1.09,35.2855,2.7247,1782261.4312
300136.SZ,2023-02-17,18.39,18.58,18.05,18.06,18.42,-0.36,-1.9544,153925.84,280475.008,1.869,0.72,34.5959,2.6715,1747428.9602
300136.SZ,2023-02-20,18.34,18.66,18.08,18.65,18.06,0.59,3.2669,163215.88,301233.157,1.9818,0.91,35.7261,2.7587,1804515.5099
300136.SZ,2023-02-21,18.65,18.92,18.57,18.78,18.65,0.13,0.6971,152302.14,285416.336,1.8493,0.85,35.9751,2.778,1817093.9022
300136.SZ,2023-02-22,18.68,18.9,18.5,18.82,18.78,0.04,0.213,128332.27,240494.711,1.5583,0.72,36.0517,2.7839,1820964.1767
300136.SZ,2023-02-23,18.84,18.85,18.48,18.61,18.82,-0.21,-1.1158,120670.51,224749.668,1.4652,0.72,35.6495,2.7528,1800645.2353
300136.SZ,2023-02-24,18.68,18.87,18.56,18.76,18.61,0.15,0.806,98564.29,184623.045,1.1968,0.69,35.9368,2.775,1815158.7649
300136.SZ,2023-02-27,18.62,18.75,18.43,18.49,18.76,-0.27,-1.4392,95872.23,177919.903,1.1641,0.72,35.4196,2.7351,1789034.4117
300136.SZ,2023-02-28,18.57,19.0,18.47,18.75,18.49,0.26,1.4062,141105.63,264344.007,1.7134,1.18,35.9177,2.7735,1814191.1963
300136.SZ,2023-03-01,18.8,19.21,18.71,19.1,18.75,0.35,1.8667,227840.2,434854.364,2.7665,1.95,36.5881,2.8253,1848056.0986
300136.SZ,2023-03-02,19.19,20.8,19.13,20.25,19.1,1.15,6.0209,601518.68,1211787.366,7.3038,4.4,38.7911,2.9954,1959326.492
300136.SZ,2023-03-03,19.92,20.53,19.76,20.02,20.25,-0.23,-1.1358,395027.44,793090.764,4.7966,1.7,38.3505,2.9614,1937072.4133
300136.SZ,2023-03-06,20.02,21.38,19.95,21.11,20.02,1.09,5.4446,661577.9,1381550.901,8.0331,2.26,40.4385,3.1226,2042537.3948
300136.SZ,2023-03-07,20.75,20.9,19.91,19.92,21.11,-1.19,-5.6371,488614.32,997595.068,5.9329,1.21,38.1589,2.9466,1927396.7269
300136.SZ,2023-03-08,19.84,21.65,19.76,21.51,19.92,1.59,7.9819,761258.19,1597099.61,9.2435,1.6,41.2047,3.1818,2081240.1403
300136.SZ,2023-03-09,21.27,21.65,20.84,21.44,21.51,-0.07,-0.3254,600371.25,1271815.119,7.2899,1.03,41.0706,3.1714,2074467.1599
300136.SZ,2023-03-10,21.0,21.25,20.46,20.5,21.44,-0.94,-4.3843,456829.94,949392.905,5.547,0.79,39.27,3.0324,1983515.7079
300136.SZ,2023-03-13,20.57,21.17,20.52,20.79,20.5,0.29,1.4146,382701.48,795197.163,4.6469,0.64,39.8255,3.0753,2011575.1984
300136.SZ,2023-03-14,20.55,20.56,19.87,20.05,20.79,-0.74,-3.5594,417607.7,839667.85,5.0707,0.78,38.4079,2.9658,1939975.1192
300136.SZ,2023-03-15,20.08,20.35,19.85,20.15,20.05,0.1,0.4988,277748.01,556748.721,3.3725,0.53,38.5995,2.9806,1949650.8056
300136.SZ,2023-03-16,19.93,20.75,19.69,20.1,20.15,-0.05,-0.2481,359230.25,722777.776,4.3619,0.84,38.5037,2.9732,1944812.9624
300136.SZ,2023-03-17,20.21,20.69,20.12,20.5,20.1,0.4,1.99,396199.05,811539.972,4.8108,1.05,39.27,3.0324,1983515.7079
300136.SZ,2023-03-20,20.53,20.88,20.02,20.05,20.5,-0.45,-2.1951,321561.46,656822.87,3.9045,0.88,38.4079,2.9658,1939975.1192
300136.SZ,2023-03-21,20.01,20.26,19.38,19.8,20.05,-0.25,-1.2469,373842.37,741031.826,4.5393,1.05,37.929,2.9288,1915785.9032
300136.SZ,2023-03-22,19.85,20.85,19.81,20.8,19.8,1.0,5.0505,446346.62,912566.346,5.4197,1.29,39.8447,3.0768,2012542.767
300136.SZ,2023-03-23,20.58,21.34,20.51,21.14,20.8,0.34,1.6346,442424.06,926439.452,5.3721,1.17,40.496,3.1271,2045440.1007
300136.SZ,2023-03-24,21.0,21.15,20.51,21.1,21.14,-0.04,-0.1892,397729.9,829500.982,4.8294,1.0,40.4193,3.1211,2041569.8262
300136.SZ,2023-03-27,21.01,21.28,20.72,20.88,21.1,-0.22,-1.0427,283724.66,594514.691,3.4451,0.72,39.9979,3.0886,2020283.3161
300136.SZ,2023-03-28,20.74,20.88,20.44,20.52,20.88,-0.36,-1.7241,215822.08,444859.384,2.6206,0.56,39.3083,3.0353,1985450.8452
300136.SZ,2023-03-29,20.37,20.69,20.0,20.43,20.52,-0.09,-0.4386,196736.43,401182.867,2.3888,0.55,39.1359,3.022,1976742.7274
300136.SZ,2023-03-30,20.58,21.09,20.38,20.65,20.43,0.22,1.0768,273728.96,567882.666,3.3237,0.89,39.5573,3.0546,1998029.2375
300136.SZ,2023-03-31,20.55,20.99,20.16,20.92,20.65,0.27,1.3075,276025.39,569119.451,3.3516,1.01,40.0745,3.0945,2024153.5907
300136.SZ,2023-04-03,20.92,22.33,20.89,22.23,20.92,1.31,6.262,595050.73,1297251.173,7.2253,2.39,42.584,3.2883,2150905.0823
300136.SZ,2023-04-04,22.3,22.6,21.71,21.95,22.23,-0.28,-1.2596,391078.04,861466.421,4.7486,1.26,42.0476,3.2469,2123813.1604
300136.SZ,2023-04-06,21.9,22.77,21.79,22.46,21.95,0.51,2.3235,410092.2,912744.871,4.9795,1.18,43.0246,3.3223,2173159.1609
300136.SZ,2023-04-07,22.3,22.45,21.91,22.07,22.46,-0.39,-1.7364,235250.35,519408.886,2.8565,0.6,42.2775,3.2646,2135423.9841
300136.SZ,2023-04-10,22.0,22.1,21.1,21.1,22.07,-0.97,-4.3951,321822.64,691340.742,3.9077,0.84,40.4193,3.1211,2041569.8262
300136.SZ,2023-04-11,21.11,21.48,20.73,21.1,21.1,0.0,0.0,221376.65,466576.955,2.688,0.57,40.4193,3.1211,2041569.8262
300136.SZ,2023-04-12,21.09,21.69,20.91,21.56,21.1,0.46,2.1801,251510.75,539846.775,3.0539,0.8,41.3005,3.1892,2086077.9835
300136.SZ,2023-04-13,21.28,21.4,20.4,20.46,21.56,-1.1,-5.102,338541.16,704604.453,4.1107,1.18,39.1933,3.0265,1979645.4333
300136.SZ,2023-04-14,20.5,20.79,19.94,20.6,20.46,0.14,0.6843,248595.21,506928.728,3.0185,0.91,39.4615,3.0472,1993191.3943
300136.SZ,2023-04-17,20.55,20.59,20.1,20.2,20.6,-0.4,-1.9417,179293.55,363262.886,2.177,0.65,38.6953,2.988,1954488.6488
300136.SZ,2023-04-18,20.1,20.47,19.8,20.22,20.2,0.02,0.099,167077.26,336697.502,2.0287,0.67,38.7336,2.991,1956423.786
300136.SZ,2023-04-19,20.12,20.7,20.1,20.33,20.22,0.11,0.544,183041.08,374587.294,2.2225,0.77,38.9443,3.0072,1967067.0411
300136.SZ,2023-04-20,20.62,21.35,20.61,21.13,20.33,0.8,3.9351,306234.35,645520.231,3.7184,1.37,40.4768,3.1256,2044472.5321
300136.SZ,2023-04-21,21.1,21.67,20.23,20.29,21.13,-0.84,-3.9754,353039.15,740088.299,4.2867,1.63,38.8677,3.0013,1963196.7665
300136.SZ,2023-04-24,20.21,21.13,20.14,20.55,20.29,0.26,1.2814,240082.05,495758.569,2.9152,1.01,39.3657,3.0398,1988353.5511
300136.SZ,2023-04-25,20.33,20.38,18.38,18.75,20.55,-1.8,-8.7591,448015.43,850208.076,5.44,1.79,35.9177,2.7735,1814191.1963
300136.SZ,2023-04-26,18.75,19.38,18.63,18.72,18.75,-0.03,-0.16,248143.96,470011.179,3.013,0.81,35.8602,2.7691,1811288.4903
300136.SZ,2023-04-27,18.68,18.76,18.2,18.4,18.72,-0.32,-1.7094,183452.76,339768.761,2.2275,0.57,35.2472,2.7218,1780326.2939
300136.SZ,2023-04-28,18.86,19.69,18.82,19.18,18.4,0.78,4.2391,237878.51,458535.747,2.8849,0.81,28.6218,2.7602,1855796.6477
300136.SZ,2023-05-04,19.3,19.47,18.5,18.73,19.18,-0.45,-2.3462,186584.81,350522.595,2.2628,0.69,27.9503,2.6955,1812256.059
300136.SZ,2023-05-05,18.65,18.69,18.03,18.24,18.73,-0.49,-2.6161,156172.55,286122.11,1.894,0.6,27.2191,2.625,1764845.1957
300136.SZ,2023-05-08,18.38,18.79,18.24,18.55,18.24,0.31,1.6996,147506.87,273680.512,1.7889,0.73,27.6817,2.6696,1794839.8235
300136.SZ,2023-05-09,18.55,18.94,18.32,18.33,18.55,-0.22,-1.186,137375.82,255405.127,1.666,0.75,27.3534,2.6379,1773553.3135
300136.SZ,2023-05-10,18.35,18.66,18.29,18.44,18.33,0.11,0.6001,96280.04,177669.987,1.1676,0.56,27.5175,2.6537,1784196.5685
300136.SZ,2023-05-11,18.5,18.68,18.45,18.52,18.44,0.08,0.4338,78924.26,146430.208,0.9572,0.55,27.6369,2.6653,1791937.1176
300136.SZ,2023-05-12,18.46,18.65,18.15,18.21,18.52,-0.31,-1.6739,94614.02,173816.948,1.1474,0.77,27.1743,2.6206,1761942.4898
300136.SZ,2023-05-15,18.14,18.26,17.6,18.22,18.21,0.01,0.0549,130389.34,233537.052,1.5813,1.18,27.1892,2.6221,1762910.0584
300136.SZ,2023-05-16,18.29,18.36,17.94,18.08,18.22,-0.14,-0.7684,70567.32,127707.431,0.8558,0.66,26.9803,2.6019,1749364.0975
300136.SZ,2023-05-17,18.05,18.38,18.01,18.26,18.08,0.18,0.9956,77718.14,141882.764,0.9425,0.83,27.2489,2.6278,1766780.333
300136.SZ,2023-05-18,18.27,18.77,18.27,18.64,18.26,0.38,2.0811,135177.41,251838.569,1.6394,1.49,27.816,2.6825,1803547.9412
300136.SZ,2023-05-19,18.68,19.2,18.55,19.16,18.64,0.52,2.7897,162652.65,308226.666,1.9726,1.6,28.592,2.7574,1853861.5104
300136.SZ,2023-05-22,19.16,19.28,18.95,19.15,19.16,-0.01,-0.0522,108168.43,206645.909,1.3118,0.94,28.577,2.7559,1852893.9418
300136.SZ,2023-05-23,19.15,19.3,18.91,19.04,19.15,-0.11,-0.5744,98200.82,187943.192,1.1909,0.89,28.4129,2.7401,1842250.6868
300136.SZ,2023-05-24,18.92,19.3,18.87,19.12,19.04,0.08,0.4202,84437.16,161688.128,1.024,0.73,28.5323,2.7516,1849991.2359
300136.SZ,2023-05-25,19.18,19.55,18.68,19.02,19.12,-0.1,-0.523,110186.84,209269.374,1.3363,0.94,28.383,2.7372,1840315.5495
300136.SZ,2023-05-26,19.0,19.25,18.95,19.15,19.02,0.13,0.6835,75267.08,143762.922,0.9128,0.67,28.577,2.7559,1852893.9418
300136.SZ,2023-05-29,19.28,19.52,19.17,19.25,19.15,0.1,0.5222,128304.99,248514.353,1.556,1.35,28.7263,2.7703,1862569.6282
300136.SZ,2023-05-30,19.15,19.54,19.08,19.54,19.25,0.29,1.5065,109364.59,211081.021,1.3263,1.1,29.159,2.812,1890629.1187
300136.SZ,2023-05-31,19.48,19.64,19.31,19.42,19.54,-0.12,-0.6141,109783.41,213453.612,1.3314,1.08,28.98,2.7948,1879018.295
300136.SZ,2023-06-01,19.42,19.97,19.32,19.79,19.42,0.37,1.9053,144279.79,285282.483,1.7498,1.35,29.5321,2.848,1914818.3346
300136.SZ,2023-06-02,19.9,20.0,19.65,19.68,19.79,-0.11,-0.5558,98366.33,194291.365,1.1929,0.87,29.3679,2.8322,1904175.0796
300136.SZ,2023-06-05,19.7,20.25,19.7,19.9,19.68,0.22,1.1179,138994.35,277576.917,1.6857,1.18,29.6962,2.8638,1925461.5896
300136.SZ,2023-06-06,19.81,19.88,19.18,19.2,19.9,-0.7,-3.5176,148170.41,288438.382,1.7969,1.23,28.6517,2.7631,1857731.785
300136.SZ,2023-06-07,19.2,19.54,19.12,19.37,19.2,0.17,0.8854,79320.11,153609.885,0.962,0.62,28.9053,2.7876,1874180.4518
300136.SZ,2023-06-08,19.31,19.48,18.97,19.28,19.37,-0.09,-0.4646,94395.83,181238.926,1.1448,0.77,28.771,2.7746,1865472.3341
300136.SZ,2023-06-09,19.27,19.68,19.15,19.61,19.28,0.33,1.7116,111802.57,217370.198,1.3559,1.0,29.2635,2.8221,1897402.0991
300136.SZ,2023-06-12,19.67,20.14,19.67,19.82,19.61,0.21,1.0709,114119.4,227357.442,1.384,1.0,29.5769,2.8523,1917721.0405
300136.SZ,2023-06-13,19.79,20.23,19.75,20.16,19.82,0.34,1.7154,132152.47,265183.533,1.6027,1.21,30.0842,2.9013,1950618.3742
300136.SZ,2023-06-14,20.11,20.29,19.95,20.09,20.16,-0.07,-0.3472,114424.31,229992.001,1.3877,1.08,29.9798,2.8912,1943845.3937
300136.SZ,2023-06-15,20.08,20.56,20.0,20.06,20.09,-0.03,-0.1493,166168.01,336608.011,2.0152,1.47,29.935,2.8869,1940942.6878
300136.SZ,2023-06-16,20.05,20.38,19.87,20.3,20.01,0.29,1.4493,125084.93,252740.067,1.517,0.98,30.2932,2.9426,1964164.3351
300136.SZ,2023-06-19,20.4,20.53,20.16,20.47,20.3,0.17,0.8374,122672.41,250040.966,1.4877,0.94,30.5468,2.9672,1980613.002
300136.SZ,2023-06-20,20.47,20.6,20.27,20.56,20.47,0.09,0.4397,126054.93,258075.772,1.5287,0.95,30.6811,2.9803,1989321.1197
300136.SZ,2023-06-21,20.65,20.69,19.94,20.01,20.56,-0.55,-2.6751,154973.53,312687.561,1.8795,1.18,29.8604,2.9006,1936104.8446
300136.SZ,2023-06-26,19.89,20.14,19.47,19.55,20.01,-0.46,-2.2989,141917.4,281054.086,1.7211,1.02,29.174,2.8339,1891596.6873
300136.SZ,2023-06-27,19.61,20.07,19.49,20.0,19.55,0.45,2.3018,93919.08,186563.27,1.139,0.7,29.8455,2.8991,1935137.276
300136.SZ,2023-06-28,20.06,20.1,18.71,19.07,20.0,-0.93,-4.65,195575.89,373630.431,2.3719,1.53,28.4577,2.7643,1845153.3927
300136.SZ,2023-06-29,19.06,19.9,19.02,19.73,19.07,0.66,3.4609,143206.78,279706.343,1.7367,1.01,29.4426,2.86,1909012.9228
300136.SZ,2023-06-30,19.7,20.12,19.63,20.08,19.73,0.35,1.7739,111281.0,222405.152,1.3496,0.76,29.9649,2.9107,1942877.8251
300136.SZ,2023-07-03,20.18,20.24,19.66,19.82,20.08,-0.26,-1.2948,142796.52,284168.423,1.7318,1.04,29.5769,2.873,1917721.0405
300136.SZ,2023-07-04,19.79,20.24,19.76,20.14,19.82,0.32,1.6145,103696.41,208181.565,1.2576,0.75,30.0544,2.9194,1948683.2369
300136.SZ,2023-07-05,20.07,20.23,19.73,19.75,20.14,-0.39,-1.9364,92039.6,183690.56,1.1162,0.66,29.4724,2.8629,1910948.0601
300136.SZ,2023-07-06,19.68,20.41,19.58,19.97,19.75,0.22,1.1139,122692.02,246714.074,1.488,1.03,29.8007,2.8948,1932234.5701
300136.SZ,2023-07-07,19.87,20.05,19.42,19.6,19.97,-0.37,-1.8528,90490.06,177733.384,1.0974,0.79,29.2486,2.8411,1896434.5305
300136.SZ,2023-07-10,19.64,19.74,19.3,19.46,19.6,-0.14,-0.7143,63936.08,124552.704,0.7754,0.58,29.0396,2.8208,1882888.5695
300136.SZ,2023-07-11,19.46,19.99,19.41,19.88,19.46,0.42,2.1583,77871.93,154434.161,0.9444,0.82,29.6664,2.8817,1923526.4523
300136.SZ,2023-07-12,19.83,19.93,19.42,19.42,19.88,-0.46,-2.3139,85702.58,168432.33,1.0394,0.96,28.98,2.815,1879018.295
300136.SZ,2023-07-13,19.56,19.75,19.4,19.62,19.42,0.2,1.0299,65256.87,127968.868,0.7914,0.74,29.2784,2.844,1898369.6678
300136.SZ,2023-07-14,19.62,20.14,19.62,19.9,19.62,0.28,1.4271,102262.4,203764.336,1.2402,1.33,29.6962,2.8846,1925461.5896
300136.SZ,2023-07-17,19.91,20.08,19.71,19.78,19.9,-0.12,-0.603,76860.21,152391.667,0.9321,0.97,29.5172,2.8672,1913850.766
300136.SZ,2023-07-18,19.83,19.99,19.61,19.64,19.78,-0.14,-0.7078,72249.42,142849.392,0.8762,0.89,29.3083,2.8469,1900304.805
300136.SZ,2023-07-19,19.62,19.73,19.14,19.28,19.64,-0.36,-1.833,97823.12,188788.442,1.1864,1.22,28.771,2.7947,1865472.3341
300136.SZ,2023-07-20,19.32,19.36,18.45,18.49,19.28,-0.79,-4.0975,179351.83,336262.239,2.1751,2.16,27.5921,2.6802,1789034.4117
300136.SZ,2023-07-21,18.58,18.6,18.33,18.35,18.49,-0.14,-0.7572,74188.0,136909.29,0.8997,0.7,27.3832,2.6599,1775488.4507
300136.SZ,2023-07-24,18.3,18.83,18.27,18.67,18.35,0.32,1.7439,64486.0,120225.553,0.7821,0.64,27.8608,2.7063,1806450.6471
300136.SZ,2023-07-25,18.77,19.08,18.63,19.04,18.67,0.37,1.9818,76443.46,144646.35,0.9271,0.78,28.4129,2.7599,1842250.6868
300136.SZ,2023-07-26,18.95,19.0,18.65,18.67,19.04,-0.37,-1.9433,62080.6,116539.054,0.7529,0.63,27.8608,2.7063,1806450.6471
300136.SZ,2023-07-27,18.61,18.89,18.45,18.52,18.67,-0.15,-0.8034,47628.61,88871.593,0.5776,0.52,27.6369,2.6846,1791937.1176
300136.SZ,2023-07-28,18.43,18.64,18.35,18.53,18.52,0.01,0.054,60991.01,112971.993,0.7397,0.94,27.6518,2.686,1792904.6862
300136.SZ,2023-07-31,18.53,18.84,18.41,18.8,18.53,0.27,1.4571,71300.52,133474.608,0.8647,1.14,28.0547,2.7252,1819029.0394
300136.SZ,2023-08-01,18.89,18.91,18.65,18.72,18.8,-0.08,-0.4255,66878.85,125318.871,0.8111,1.05,27.9354,2.7136,1811288.4903
300136.SZ,2023-08-02,18.72,18.83,18.62,18.75,18.72,0.03,0.1603,48649.7,91183.373,0.59,0.79,27.9801,2.7179,1814191.1963
300136.SZ,2023-08-03,18.63,18.87,18.6,18.66,18.75,-0.09,-0.48,56007.63,104773.642,0.6792,0.95,27.8458,2.7049,1805483.0785
300136.SZ,2023-08-04,18.66,19.04,18.66,18.99,18.66,0.33,1.7685,79140.15,149765.338,0.9598,1.3,28.3383,2.7527,1837412.8436
300136.SZ,2023-08-07,18.95,19.15,18.89,19.08,18.99,0.09,0.4739,63535.0,121058.679,0.7705,0.99,28.4726,2.7657,1846120.9613
300136.SZ,2023-08-08,19.06,19.16,18.82,18.93,19.08,-0.15,-0.7862,55134.48,104447.318,0.6686,0.88,28.2487,2.744,1831607.4317
300136.SZ,2023-08-09,18.87,18.9,18.62,18.67,18.93,-0.26,-1.3735,48476.23,90788.991,0.5879,0.8,27.8608,2.7063,1806450.6471
300136.SZ,2023-08-10,18.6,18.77,18.51,18.57,18.67,-0.1,-0.5356,46248.0,86120.91,0.5609,0.76,27.7115,2.6918,1796774.9608
300136.SZ,2023-08-11,18.61,18.67,18.17,18.17,18.57,-0.4,-2.154,56267.03,103324.529,0.6824,0.96,27.1146,2.6338,1758072.2152
300136.SZ,2023-08-14,18.11,18.19,17.56,18.01,18.17,-0.16,-0.8806,88243.69,157339.918,1.0702,1.64,26.8758,2.6106,1742591.117
300136.SZ,2023-08-15,18.1,18.14,17.66,17.84,18.01,-0.17,-0.9439,62800.65,112117.984,0.7616,1.07,26.6222,2.586,1726142.4502
300136.SZ,2023-08-16,17.76,17.84,17.4,17.4,17.84,-0.44,-2.4664,61518.62,108067.519,0.7461,1.02,25.9656,2.5222,1683569.4301
300136.SZ,2023-08-17,17.4,17.74,17.25,17.7,17.4,0.3,1.7241,52035.63,91345.924,0.6311,0.83,26.4132,2.5657,1712596.4893
300136.SZ,2023-08-18,17.74,17.84,16.7,16.74,17.7,-0.96,-5.4237,162321.34,277084.533,1.9688,2.53,24.9807,2.4031,1619709.9
300136.SZ,2023-08-21,16.74,17.0,16.66,16.66,16.74,-0.08,-0.4779,76040.05,127886.056,0.9223,0.89,24.8613,2.3916,1611969.3509
300136.SZ,2023-08-22,16.73,17.13,16.63,17.04,16.66,0.38,2.2809,83825.96,141501.163,1.0167,1.01,25.4283,2.4461,1648736.9592
300136.SZ,2023-08-23,16.95,17.05,16.72,16.73,17.04,-0.31,-1.8192,53938.7,90914.122,0.6542,0.62,24.9657,2.4016,1618742.3314
300136.SZ,2023-08-24,16.92,16.98,16.7,16.7,16.73,-0.03,-0.1793,52062.23,87550.257,0.6315,0.61,24.921,2.3973,1615839.6255
300136.SZ,2023-08-25,16.6,16.7,16.17,16.31,16.7,-0.39,-2.3353,69871.0,114207.04,0.8475,0.82,24.339,2.3413,1578104.4486
300136.SZ,2023-08-28,17.47,17.47,16.32,16.33,16.31,0.02,0.1226,90451.02,151660.2,1.0971,1.35,24.3688,2.3442,1580039.5859
300136.SZ,2023-08-29,16.35,17.1,16.35,16.91,16.33,0.58,3.5517,114850.66,193261.329,1.393,1.64,25.2343,2.4275,1636158.5669
300136.SZ,2023-08-30,17.19,17.58,17.12,17.27,16.91,0.36,2.1289,125709.9,218169.777,1.5248,1.65,25.7716,2.4791,1670991.0378
300136.SZ,2023-08-31,17.19,17.46,17.09,17.31,17.27,0.04,0.2316,88269.0,152512.59,1.0706,0.97,25.8313,2.4849,1674861.3124
300136.SZ,2023-09-01,17.35,17.38,17.06,17.17,17.31,-0.14,-0.8088,66941.61,115081.537,0.8119,0.68,25.6223,2.4648,1661315.3514
300136.SZ,2023-09-04,17.32,17.52,17.15,17.51,17.17,0.34,1.9802,96066.2,166546.604,1.1652,0.99,26.1297,2.5136,1694212.6851
300136.SZ,2023-09-05,18.04,19.0,18.02,18.25,17.51,0.74,4.2262,446967.44,826133.777,5.4214,4.54,27.234,2.6198,1765812.7644
300136.SZ,2023-09-06,18.09,18.47,17.65,18.36,18.25,0.11,0.6027,309317.61,559035.747,3.7518,1.88,27.3981,2.6356,1776456.0194
300136.SZ,2023-09-07,18.36,18.36,17.66,17.67,18.36,-0.69,-3.7582,203905.85,364927.271,2.4732,1.01,26.3685,2.5366,1709693.7833
300136.SZ,2023-09-08,17.61,18.23,17.59,18.09,17.67,0.42,2.3769,173699.38,312167.725,2.1068,0.77,26.9952,2.5969,1750331.6661
300136.SZ,2023-09-11,18.26,18.66,18.08,18.35,18.09,0.26,1.4373,267104.12,490100.481,3.2398,1.09,27.3832,2.6342,1775488.4507
300136.SZ,2023-09-12,18.22,18.37,18.08,18.18,18.35,-0.17,-0.9264,140251.71,255184.869,1.7011,0.5,27.1295,2.6098,1759039.7839
300136.SZ,2023-09-13,18.1,18.1,17.52,17.7,18.18,-0.48,-2.6403,140405.13,249029.28,1.703,0.64,26.4132,2.5409,1712596.4893
300136.SZ,2023-09-14,18.1,18.42,17.8,17.98,17.7,0.28,1.5819,253087.63,457831.142,3.0697,1.37,26.8311,2.5811,1739688.4111
300136.SZ,2023-09-15,17.83,18.08,17.51,17.62,17.98,-0.36,-2.0022,164895.24,292287.579,2.0,0.85,26.2939,2.5294,1704855.9402
300136.SZ,2023-09-18,17.45,17.94,17.31,17.69,17.62,0.07,0.3973,130268.14,230374.293,1.58,0.67,26.3983,2.5394,1711628.9206
300136.SZ,2023-09-19,17.58,17.69,17.06,17.19,17.69,-0.5,-2.8265,112854.71,194424.525,1.3688,0.68,25.6522,2.4677,1663250.4887
300136.SZ,2023-09-20,17.13,17.4,17.0,17.0,17.19,-0.19,-1.1053,81860.89,140373.71,0.9929,0.51,25.3687,2.4404,1644866.6846
300136.SZ,2023-09-21,17.01,17.37,16.9,17.13,17.0,0.13,0.7647,95859.0,164584.592,1.1627,0.65,25.5626,2.459,1657445.0769
300136.SZ,2023-09-22,17.18,17.94,17.07,17.92,17.13,0.79,4.6118,160523.08,282136.828,1.947,1.37,26.7415,2.5725,1733882.9993
300136.SZ,2023-09-25,17.87,17.97,17.61,17.71,17.92,-0.21,-1.1719,106113.63,188372.563,1.2871,0.91,26.4282,2.5423,1713564.0579
300136.SZ,2023-09-26,17.69,17.75,17.37,17.42,17.71,-0.29,-1.6375,95008.36,165972.554,1.1524,0.85,25.9954,2.5007,1685504.5674
300136.SZ,2023-09-27,17.4,17.49,17.29,17.31,17.42,-0.11,-0.6315,84850.93,147356.38,1.0292,0.79,25.8313,2.4849,1674861.3124
300136.SZ,2023-09-28,17.41,20.04,17.38,19.76,17.31,2.45,14.1537,690265.33,1319766.812,8.3724,6.36,29.4873,2.8366,1911915.6287
300136.SZ,2023-10-09,19.78,20.34,19.5,19.94,19.76,0.18,0.9109,581627.86,1157654.649,7.0547,2.56,29.7559,2.8624,1929331.8642
300136.SZ,2023-10-10,19.88,20.67,19.7,20.3,19.94,0.36,1.8054,589311.16,1187443.246,7.1479,1.89,30.2932,2.9141,1964164.3351
300136.SZ,2023-10-11,20.25,21.48,19.95,20.68,20.3,0.38,1.8719,682458.94,1410214.281,8.2777,1.67,30.8602,2.9687,2000931.9434
300136.SZ,2023-10-12,20.6,20.94,20.3,20.51,20.68,-0.17,-0.8221,457733.63,939329.627,5.5519,0.87,30.6065,2.9443,1984483.2765
300136.SZ,2023-10-13,20.2,22.35,20.19,21.88,20.51,1.37,6.6797,956549.78,2059020.014,11.6022,1.59,32.6509,3.1409,2117040.1799
300136.SZ,2023-10-16,21.82,22.08,20.86,21.19,21.88,-0.69,-3.1536,635452.09,1350214.432,7.7075,0.97,31.6213,3.0419,2050277.9439
300136.SZ,2023-10-17,20.83,20.9,20.37,20.51,21.19,-0.68,-3.2091,387363.18,795518.289,4.6984,0.58,30.6065,2.9443,1984483.2765
300136.SZ,2023-10-18,20.32,20.44,19.9,20.03,20.51,-0.48,-2.3403,356229.99,716672.105,4.3208,0.57,29.8902,2.8753,1938039.9819
300136.SZ,2023-10-19,19.9,20.28,19.6,19.66,20.03,-0.37,-1.8472,281247.93,558870.164,3.4113,0.5,29.3381,2.8222,1902239.9423
300136.SZ,2023-10-20,19.81,20.98,19.81,19.84,19.66,0.18,0.9156,478197.29,969755.95,5.8001,0.91,29.6067,2.8481,1919656.1778
300136.SZ,2023-10-23,20.47,22.99,20.43,22.2,19.84,2.36,11.8952,1175215.85,2578861.101,14.2544,2.75,33.1285,3.1869,2148002.3764
300136.SZ,2023-10-24,22.64,26.0,22.64,25.02,22.2,2.82,12.7027,1606746.23,3918806.256,19.4885,3.0,37.3367,3.5917,2420856.7323
300136.SZ,2023-10-25,24.36,25.2,23.6,24.19,25.02,-0.83,-3.3173,1186111.12,2888112.592,14.3866,1.52,36.0981,3.4725,2340548.5353
300136.SZ,2023-10-26,24.73,27.27,24.52,25.59,24.19,1.4,5.7875,1696654.56,4359298.61,20.579,1.79,38.1873,3.5095,2476008.1446
300136.SZ,2023-10-27,25.73,26.07,23.76,24.71,25.59,-0.88,-3.4388,1245099.19,3063067.163,15.102,1.01,36.8741,3.3888,2390862.1045
300136.SZ,2023-10-30,24.4,26.55,24.28,26.5,24.71,1.79,7.244,1374121.91,3535264.686,16.667,0.99,39.5453,3.6343,2564056.8907
300136.SZ,2023-10-31,26.5,28.09,25.65,26.2,26.5,-0.3,-1.1321,1344063.33,3610326.6,16.3024,0.95,39.0976,3.5931,2535029.8316
300136.SZ,2023-11-01,26.15,26.75,25.34,26.57,26.2,0.37,1.4122,989409.42,2570087.694,12.0007,0.72,39.6497,3.6439,2570829.8712
300136.SZ,2023-11-02,25.89,25.89,23.99,24.05,26.57,-2.52,-9.4844,1053055.67,2613518.954,12.7727,0.79,35.8892,3.2983,2327002.5744
300136.SZ,2023-11-03,24.07,25.36,24.07,24.91,24.05,0.86,3.5759,738172.28,1832243.772,8.9534,0.61,37.1725,3.4162,2410213.4773
300136.SZ,2023-11-06,25.2,26.13,24.86,25.66,24.91,0.75,3.0108,713891.07,1829300.228,8.6589,0.65,38.2917,3.5191,2482781.1251
300136.SZ,2023-11-07,25.37,26.75,25.27,25.78,25.66,0.12,0.4677,831654.39,2174777.82,10.0873,0.86,38.4708,3.5355,2494391.9488
300136.SZ,2023-11-08,25.51,26.56,25.45,26.3,25.78,0.52,2.0171,632636.2,1646615.51,7.6734,0.73,39.2468,3.6069,2544705.5179
300136.SZ,2023-11-09,26.21,26.21,25.0,25.2,26.3,-1.1,-4.1825,658995.18,1676109.905,7.9931,0.83,37.6053,3.456,2438272.9678
300136.SZ,2023-11-10,25.0,26.15,24.97,25.62,25.2,0.42,1.6667,500176.44,1283562.759,6.0667,0.7,38.2321,3.5136,2478910.8506
300136.SZ,2023-11-13,25.62,26.9,25.2,26.9,25.62,1.28,4.9961,874442.12,2294694.022,10.6063,1.31,40.1422,3.6891,2602759.6362
300136.SZ,2023-11-14,26.5,26.53,25.75,26.37,26.9,-0.53,-1.9703,656156.35,1721703.586,7.9586,0.94,39.3513,3.6165,2551478.4984
300136.SZ,2023-11-15,26.3,26.56,25.5,26.0,26.37,-0.37,-1.4031,452925.11,1176442.654,5.4936,0.68,38.7991,3.5657,2515678.4588
300136.SZ,2023-11-16,25.89,26.0,25.3,25.36,26.0,-0.64,-2.4615,359743.0,920393.823,4.3634,0.57,37.8441,3.4779,2453754.066
300136.SZ,2023-11-17,25.3,25.88,25.11,25.54,25.36,0.18,0.7098,349852.13,889958.096,4.2434,0.62,38.1127,3.5026,2471170.3015
300136.SZ,2023-11-20,25.2,25.41,24.16,25.0,25.54,-0.54,-2.1143,521825.06,1300276.491,6.3293,0.97,37.3068,3.4286,2418921.595
300136.SZ,2023-11-21,25.15,25.18,23.8,23.92,25.0,-1.08,-4.32,703594.04,1715203.342,8.534,1.5,35.6952,3.2805,2314424.1821
300136.SZ,2023-11-22,23.9,23.91,23.25,23.28,23.92,-0.64,-2.6756,356751.32,839617.394,4.3271,0.75,34.7401,3.1927,2252499.7893
300136.SZ,2023-11-23,23.29,23.72,23.06,23.6,23.28,0.32,1.3746,275942.45,647092.259,3.347,0.6,35.2177,3.2366,2283461.9857
300136.SZ,2023-11-24,23.59,23.59,22.87,22.99,23.6,-0.61,-2.5847,234935.21,543545.589,2.8496,0.53,34.3074,3.1529,2224440.2988
300136.SZ,2023-11-27,22.99,23.22,22.65,22.81,22.99,-0.18,-0.7829,250977.98,572986.523,3.0442,0.6,34.0388,3.1282,2207024.0633
300136.SZ,2023-11-28,23.01,23.3,22.61,23.26,22.81,0.45,1.9728,268381.87,619482.774,3.2553,0.74,34.7103,3.1899,2250564.652
300136.SZ,2023-11-29,23.13,23.88,23.06,23.56,23.26,0.3,1.2898,390237.44,921070.944,4.7333,1.41,35.158,3.2311,2279591.7111
300136.SZ,2023-11-30,23.39,24.22,23.2,23.53,23.56,-0.03,-0.1273,304845.59,721668.071,3.6975,1.07,35.1132,3.227,2276689.0052
300136.SZ,2023-12-01,23.36,23.76,23.07,23.5,23.53,-0.03,-0.1275,211395.8,496481.209,2.5641,0.73,35.0684,3.2229,2273786.2993
300136.SZ,2023-12-04,23.41,23.8,23.3,23.35,23.5,-0.15,-0.6383,191796.93,450338.368,2.3263,0.67,34.8446,3.2023,2259272.7697
300136.SZ,2023-12-05,23.19,23.19,22.52,22.56,23.35,-0.79,-3.3833,204920.14,467597.961,2.4855,0.75,33.6657,3.0939,2182834.8473
300136.SZ,2023-12-06,22.5,22.77,22.33,22.4,22.56,-0.16,-0.7092,199918.84,449627.303,2.4249,0.77,33.4269,3.072,2167353.7491
300136.SZ,2023-12-07,22.33,22.55,22.22,22.43,22.4,0.03,0.1339,130488.33,292381.435,1.5827,0.59,33.4717,3.0761,2170256.455
300136.SZ,2023-12-08,22.42,22.81,22.38,22.54,22.43,0.11,0.4904,187542.31,424012.857,2.2747,1.0,33.6358,3.0912,2180899.7101
300136.SZ,2023-12-11,22.44,23.3,22.3,23.19,22.54,0.65,2.8838,249346.48,570182.898,3.0244,1.36,34.6058,3.1803,2243791.6715
300136.SZ,2023-12-12,23.19,23.87,23.11,23.27,23.19,0.08,0.345,276557.48,649527.237,3.3544,1.42,34.7252,3.1913,2251532.2206
300136.SZ,2023-12-13,23.18,23.69,23.1,23.1,23.27,-0.17,-0.7306,184284.28,430172.557,2.2352,0.88,34.4715,3.168,2235083.5538
300136.SZ,2023-12-14,23.12,23.72,22.8,22.88,23.1,-0.22,-0.9524,153225.13,353607.54,1.8585,0.75,34.1432,3.1378,2213797.0437
300136.SZ,2023-12-15,22.8,23.25,22.62,22.79,22.88,-0.09,-0.3934,153583.57,351922.797,1.8628,0.73,34.0089,3.1255,2205088.926
300136.SZ,2023-12-18,22.75,22.83,22.4,22.52,22.79,-0.27,-1.1847,122475.95,276785.708,1.4855,0.6,33.606,3.0885,2178964.5728
300136.SZ,2023-12-19,22.47,22.9,22.33,22.62,22.52,0.1,0.444,109562.87,247611.463,1.3289,0.62,33.7552,3.1022,2188640.2592
300136.SZ,2023-12-20,22.96,23.18,22.42,22.44,22.62,-0.18,-0.7958,208307.39,473698.573,2.5266,1.44,33.4866,3.0775,2171224.0237
300136.SZ,2023-12-21,22.0,22.51,21.85,22.38,22.44,-0.06,-0.2674,195915.43,434050.149,2.3763,1.31,33.3971,3.0693,2165418.6118
300136.SZ,2023-12-22,22.37,22.63,21.99,22.05,22.38,-0.33,-1.4745,143961.2,320386.809,1.7461,0.91,32.9046,3.024,2133488.8468
300136.SZ,2023-12-25,21.95,22.85,21.91,22.35,22.05,0.3,1.3605,148922.02,333624.171,1.8063,0.95,33.3523,3.0651,2162515.9059
300136.SZ,2023-12-26,22.35,22.46,21.28,21.38,22.35,-0.97,-4.34,242267.18,522835.957,2.9385,1.5,31.9048,2.9321,2068661.748
300136.SZ,2023-12-27,21.3,22.09,21.02,22.06,21.38,0.68,3.1805,246352.88,534629.132,2.9881,1.31,32.9196,3.0254,2134456.4154
300136.SZ,2023-12-28,21.98,22.52,21.8,22.28,22.06,0.22,0.9973,173427.77,385991.07,2.1035,0.89,33.2479,3.0555,2155742.9255
300136.SZ,2023-12-29,22.28,23.7,22.22,23.6,22.28,1.32,5.9246,358233.5,831886.115,4.3451,1.88,35.2177,3.2366,2283461.9857
300136.SZ,2024-01-02,23.61,23.83,22.71,22.8,23.6,-0.8,-3.3898,292674.88,677684.709,3.5499,1.25,34.0238,3.1269,2206056.4946
300136.SZ,2024-01-03,22.77,22.98,21.9,22.26,22.8,-0.54,-2.3684,221797.69,495483.858,2.6902,0.84,33.218,3.0528,2153807.7882
300136.SZ,2024-01-04,22.1,22.33,21.67,21.88,22.26,-0.38,-1.7071,168516.47,369136.261,2.044,0.65,32.6509,3.0007,2117040.1799
300136.SZ,2024-01-05,21.85,22.15,21.4,21.55,21.88,-0.33,-1.5082,135129.22,293809.357,1.639,0.56,32.1585,2.9554,2085110.4149
300136.SZ,2024-01-08,21.42,21.65,20.86,20.86,21.55,-0.69,-3.2019,152306.87,321579.749,1.8474,0.65,31.1288,2.8608,2018348.1789
300136.SZ,2024-01-09,20.99,21.45,20.76,20.98,20.86,0.12,0.5753,164438.52,346008.229,1.9945,0.85,31.3079,2.8773,2029959.0025
300136.SZ,2024-01-10,20.8,20.92,20.38,20.44,20.98,-0.54,-2.5739,118625.69,243847.806,1.4388,0.7,30.5021,2.8032,1977710.2961
300136.SZ,2024-01-11,20.47,21.27,20.3,21.05,20.44,0.61,2.9843,159490.51,333630.993,1.9345,1.08,31.4124,2.8869,2036731.983
300136.SZ,2024-01-12,21.0,21.18,20.79,20.91,21.05,-0.14,-0.6651,118274.16,247644.29,1.4346,0.81,31.2034,2.8677,2023186.0221
300136.SZ,2024-01-15,20.8,20.93,20.5,20.62,20.91,-0.29,-1.3869,114999.59,237954.253,1.3949,0.81,30.7707,2.8279,1995126.5316
300136.SZ,2024-01-16,20.7,20.77,20.25,20.55,20.62,-0.07,-0.3395,120170.14,246042.916,1.4576,0.89,30.6662,2.8183,1988353.5511
300136.SZ,2024-01-17,20.58,20.68,20.17,20.18,20.55,-0.37,-1.8005,104761.98,214247.729,1.2707,0.83,30.1141,2.7675,1952553.5115
300136.SZ,2024-01-18,19.88,20.21,19.44,20.15,20.18,-0.03,-0.1487,217715.0,431046.516,2.6407,1.76,30.0693,2.7634,1949650.8056
300136.SZ,2024-01-19,20.12,20.27,19.83,19.84,20.15,-0.31,-1.5385,125929.57,252191.796,1.5274,0.93,29.6067,2.7209,1919656.1778
300136.SZ,2024-01-22,19.85,20.09,18.69,18.7,19.84,-1.14,-5.746,176882.35,341174.947,2.1454,1.29,27.9055,2.5646,1809353.3531
300136.SZ,2024-01-23,18.73,18.97,18.45,18.78,18.7,0.08,0.4278,174402.3,326779.316,2.1154,1.17,28.0249,2.5755,1817093.9022
300136.SZ,2024-01-24,18.86,19.08,18.18,18.84,18.78,0.06,0.3195,166607.8,310814.293,2.0208,1.04,28.1144,2.5838,1822899.314
300136.SZ,2024-01-25,18.87,19.5,18.67,19.3,18.84,0.46,2.4416,193574.43,371674.213,2.3479,1.12,28.8009,2.6469,1867407.4713
300136.SZ,2024-01-26,19.19,19.26,18.55,18.59,19.3,-0.71,-3.6788,193070.07,364230.803,2.3418,1.15,27.7414,2.5495,1798710.098
300136.SZ,2024-01-29,18.67,18.76,17.9,18.07,18.59,-0.52,-2.7972,205839.4,373545.7,2.4967,1.14,26.9654,2.4782,1748396.5289
300136.SZ,2024-01-30,18.0,18.26,17.36,17.4,18.07,-0.67,-3.7078,132296.5,234847.832,1.6046,0.71,25.9656,2.3863,1683569.4301
300136.SZ,2024-01-31,17.36,17.55,16.69,16.74,17.4,-0.66,-3.7931,191470.2,326119.071,2.3224,1.07,24.9807,2.2958,1619709.9
300136.SZ,2024-02-01,16.65,17.09,16.34,16.56,16.74,-0.18,-1.0753,171820.55,286471.129,2.084,0.94,24.7121,2.2711,1602293.6645
300136.SZ,2024-02-02,16.57,16.85,15.15,15.72,16.56,-0.84,-5.0725,275137.89,439544.731,3.3372,1.54,23.4585,2.1559,1521017.8989
300136.SZ,2024-02-05,15.62,15.77,14.45,14.83,15.72,-0.89,-5.6616,315962.68,474366.452,3.8324,1.62,22.1304,2.0338,1434904.2902
300136.SZ,2024-02-06,14.7,16.45,14.52,16.23,14.83,1.4,9.4403,279612.35,435749.7,3.3915,1.29,24.2196,2.2258,1570363.8995
300136.SZ,2024-02-07,16.14,17.98,16.14,17.94,16.23,1.71,10.536,403186.43,707411.732,4.8903,1.63,26.7714,2.4603,1735818.1366
300136.SZ,2024-02-08,18.03,19.59,18.01,18.47,17.94,0.53,2.9543,359287.4,678707.426,4.3579,1.24,27.5623,2.533,1787099.2744
300136.SZ,2024-02-19,18.87,18.87,17.82,18.37,18.47,-0.1,-0.5414,295474.18,538143.204,3.5839,0.9,27.4131,2.5193,1777423.588
300136.SZ,2024-02-20,18.21,18.97,17.9,18.61,18.37,0.24,1.3065,218939.51,402136.338,2.6556,0.66,27.7712,2.5522,1800645.2353
300136.SZ,2024-02-21,18.3,19.0,18.19,18.48,18.61,-0.13,-0.6985,204973.65,382474.828,2.4862,0.66,27.5772,2.5344,1788066.843
300136.SZ,2024-02-22,18.59,19.0,18.53,18.97,18.48,0.49,2.6515,191781.23,361097.737,2.3262,0.65,28.3084,2.6016,1835477.7063
300136.SZ,2024-02-23,19.1,19.65,18.83,19.55,18.97,0.58,3.0575,235605.3,454432.977,2.8577,0.93,29.174,2.6811,1891596.6873
300136.SZ,2024-02-26,19.35,19.55,19.05,19.18,19.55,-0.37,-1.8926,252209.0,485427.203,3.0591,1.1,28.6218,2.6304,1855796.6477
300136.SZ,2024-02-27,19.27,20.4,19.08,20.29,19.18,1.11,5.7873,364296.92,722149.547,4.4186,1.65,30.2782,2.7826,1963196.7665
300136.SZ,2024-02-28,20.38,20.48,18.92,18.95,20.29,-1.34,-6.6042,357362.17,708742.726,4.3345,1.43,28.2786,2.5989,1833542.569
300136.SZ,2024-02-29,18.75,20.12,18.71,20.09,18.95,1.14,6.0158,307671.38,603878.291,3.7318,1.1,29.9798,2.7552,1943845.3937
300136.SZ,2024-03-01,19.98,20.58,19.88,20.44,20.09,0.35,1.7422,322332.3,654509.248,3.9096,1.06,30.5021,2.8032,1977710.2961
300136.SZ,2024-03-04,20.92,20.92,20.1,20.58,20.44,0.14,0.6849,343077.51,702400.447,4.1613,1.07,30.711,2.8224,1991256.257
300136.SZ,2024-03-05,20.26,20.58,19.86,20.19,20.58,-0.39,-1.895,304171.3,614658.704,3.6894,0.9,30.129,2.7689,1953521.0801
300136.SZ,2024-03-06,20.1,20.45,19.63,20.11,20.19,-0.08,-0.3962,211322.48,423167.178,2.5632,0.65,30.0096,2.7579,1945780.531
300136.SZ,2024-03-07,20.02,20.6,19.68,19.68,20.11,-0.43,-2.1382,224223.23,451551.583,2.7196,0.75,29.3679,2.699,1904175.0796
300136.SZ,2024-03-08,19.73,21.9,19.47,21.84,19.68,2.16,10.9756,592129.77,1243272.531,7.1821,2.11,32.5913,2.9952,2113169.9054
300136.SZ,2024-03-11,21.6,21.6,20.82,21.39,21.84,-0.45,-2.0604,525021.42,1108721.945,6.3681,1.57,31.9197,2.9335,2069629.3167
300136.SZ,2024-03-12,21.22,21.4,20.75,20.96,21.39,-0.43,-2.0103,359401.67,755200.85,4.3592,0.97,31.2781,2.8745,2028023.8652
300136.SZ,2024-03-13,20.9,22.2,20.71,21.47,20.96,0.51,2.4332,613571.58,1319330.041,7.4421,1.6,32.0391,2.9445,2077369.8658
300136.SZ,2024-03-14,21.11,21.12,20.44,20.7,21.47,-0.77,-3.5864,399468.87,831024.085,4.8452,0.86,30.8901,2.8389,2002867.0807
300136.SZ,2024-03-15,20.83,22.32,20.4,21.61,20.7,0.91,4.3961,640488.32,1366407.0,7.7686,1.29,32.248,2.9637,2090915.8267
300136.SZ,2024-03-18,21.12,21.82,21.1,21.79,21.61,0.18,0.8329,547802.65,1175530.198,6.6444,1.08,32.5166,2.9883,2108332.0622
300136.SZ,2024-03-19,21.66,22.0,21.45,21.52,21.79,-0.27,-1.2391,451799.79,982032.217,5.48,0.88,32.1137,2.9513,2082207.709
300136.SZ,2024-03-20,21.48,21.73,21.25,21.46,21.52,-0.06,-0.2788,334794.58,718632.185,4.0608,0.63,32.0242,2.9431,2076402.2971
300136.SZ,2024-03-21,21.63,21.95,21.13,21.22,21.46,-0.24,-1.1184,340151.08,731931.343,4.1258,0.72,31.666,2.9102,2053180.6498
300136.SZ,2024-03-22,21.12,21.41,20.83,21.0,21.22,-0.22,-1.0368,308097.25,648207.866,3.737,0.67,31.3377,2.88,2031894.1398
300136.SZ,2024-03-25,20.91,21.28,20.35,20.36,21.0,-0.64,-3.0476,309179.67,646128.244,3.7501,0.78,30.3827,2.7922,1969969.747
300136.SZ,2024-03-26,20.06,20.62,19.65,19.83,20.36,-0.53,-2.6031,324410.93,650406.416,3.9348,0.93,29.5918,2.7195,1918688.6092
300136.SZ,2024-03-27,19.83,19.84,18.36,18.39,19.83,-1.44,-7.2617,342952.35,648683.253,4.1597,1.06,27.4429,2.5221,1779358.7253
300136.SZ,2024-03-28,18.39,19.3,18.39,18.95,18.39,0.56,3.0451,274311.19,519717.887,3.3272,0.84,28.2786,2.5989,1833542.569
300136.SZ,2024-03-29,19.12,20.42,18.66,20.16,18.95,1.21,6.3852,436423.49,857048.332,5.2935,1.4,30.0842,2.7648,1950618.3742
300136.SZ,2024-04-01,20.28,20.37,19.86,20.14,20.16,-0.02,-0.0992,324980.73,652929.021,3.9418,0.96,30.0544,2.7621,1948683.2369
300136.SZ,2024-04-02,19.99,20.05,19.48,19.66,20.14,-0.48,-2.3833,230317.81,452924.083,2.7936,0.68,29.3381,2.6962,1902239.9423
300136.SZ,2024-04-03,19.6,19.65,18.99,19.1,19.66,-0.56,-2.8484,184641.27,354386.226,2.2395,0.57,28.5024,2.6194,1848056.0986
300136.SZ,2024-04-08,19.0,19.06,18.43,18.44,19.1,-0.66,-3.4555,179746.47,335873.646,2.1802,0.62,27.5175,2.5289,1784196.5685
300136.SZ,2024-04-09,18.47,18.69,18.31,18.61,18.44,0.17,0.9219,164656.63,304877.561,1.9972,0.61,27.7712,2.5522,1800645.2353
300136.SZ,2024-04-10,18.57,18.58,17.79,18.03,18.61,-0.58,-3.1166,199014.88,359618.525,2.4139,0.92,26.9057,2.4727,1744526.2543
300136.SZ,2024-04-11,18.0,18.28,17.79,17.85,18.03,-0.18,-0.9983,142149.25,257207.641,1.7242,0.74,26.6371,2.448,1727110.0188
300136.SZ,2024-04-12,17.87,18.72,17.86,18.27,17.85,0.42,2.3529,271849.36,498373.047,3.2973,1.56,27.2638,2.5056,1767747.9016
300136.SZ,2024-04-15,18.08,18.77,17.82,18.11,18.27,-0.16,-0.8758,263875.22,479952.283,3.2006,1.38,27.0251,2.4837,1752266.8034
300136.SZ,2024-04-16,17.85,18.11,16.86,16.91,18.11,-1.2,-6.6262,290966.94,504258.871,3.5292,1.4,25.2343,2.3191,1636158.5669
300136.SZ,2024-04-17,17.29,18.25,17.25,18.2,16.91,1.29,7.6286,259600.15,464302.015,3.1487,1.11,27.1594,2.496,1760974.9212
300136.SZ,2024-04-18,18.02,19.31,17.91,18.79,18.2,0.59,3.2418,382524.64,715147.993,4.6397,1.56,28.0398,2.5769,1818061.4708
300136.SZ,2024-04-19,18.4,18.56,17.53,17.63,18.79,-1.16,-6.1735,394196.12,704594.014,4.7813,1.34,26.3088,2.4178,1705823.5088
300136.SZ,2024-04-22,17.26,17.54,16.83,17.28,17.63,-0.35,-1.9853,233586.63,402222.595,2.8332,0.73,25.7865,2.3698,1671958.6065
300136.SZ,2024-04-23,17.3,17.58,17.0,17.17,17.28,-0.11,-0.6366,176738.17,303718.628,2.1437,0.57,25.6223,2.3547,1661315.3514
300136.SZ,2024-04-24,17.28,18.14,17.23,18.14,17.17,0.97,5.6494,284119.49,507380.088,3.4457,0.98,33.6624,2.4506,1755169.5093
300136.SZ,2024-04-25,18.1,18.36,17.84,18.13,18.14,-0.01,-0.0551,190468.0,345146.084,2.3099,0.65,33.6439,2.4492,1754201.9407
300136.SZ,2024-04-26,18.13,18.78,18.05,18.66,18.13,0.53,2.9233,258714.97,479713.157,3.1376,1.01,34.6274,2.5208,1805483.0785
300136.SZ,2024-04-29,18.65,19.06,18.6,18.85,18.66,0.19,1.0182,266389.92,502140.803,3.2307,1.16,34.98,2.5465,1823866.8826
300136.SZ,2024-04-30,18.85,19.04,18.52,18.67,18.85,-0.18,-0.9549,181758.08,340426.233,2.2043,0.77,34.646,2.5222,1806450.6471
300136.SZ,2024-05-06,18.98,19.48,18.89,19.3,18.67,0.63,3.3744,295247.98,565209.688,3.5806,1.25,35.815,2.6073,1867407.4713
300136.SZ,2024-05-07,19.3,20.07,18.92,19.76,19.3,0.46,2.3834,432141.56,847966.967,5.2408,1.81,36.6687,2.6694,1911915.6287
300136.SZ,2024-05-08,19.54,19.61,18.9,18.99,19.76,-0.77,-3.8968,258414.48,496484.64,3.1339,0.9,35.2398,2.5654,1837412.8436
300136.SZ,2024-05-09,18.99,19.22,18.95,19.06,18.99,0.07,0.3686,183437.06,350398.551,2.2246,0.64,35.3697,2.5748,1844185.824
300136.SZ,2024-05-10,19.09,19.13,18.57,18.7,19.06,-0.36,-1.8888,154629.7,290258.982,1.8753,0.57,34.7016,2.5262,1809353.3531
300136.SZ,2024-05-13,18.45,18.88,18.2,18.55,18.7,-0.15,-0.8021,157004.16,291535.338,1.9041,0.59,34.4233,2.506,1794839.8235
300136.SZ,2024-05-14,18.55,19.05,18.5,18.51,18.55,-0.04,-0.2156,150475.48,281085.27,1.8249,0.63,34.349,2.5005,1790969.5489
300136.SZ,2024-05-15,18.45,18.69,18.12,18.15,18.51,-0.36,-1.9449,135909.31,249896.856,1.6482,0.75,33.681,2.4519,1756137.078
300136.SZ,2024-05-16,18.34,18.63,18.26,18.46,18.15,0.31,1.708,154946.25,285686.669,1.8791,0.99,34.2563,2.4938,1786131.7057
300136.SZ,2024-05-17,18.4,19.55,18.24,19.3,18.46,0.84,4.5504,406546.57,772764.172,4.9304,2.7,35.815,2.6073,1867407.4713
300136.SZ,2024-05-20,19.13,19.2,18.8,18.99,19.3,-0.31,-1.6062,269108.12,510915.645,3.2636,1.34,35.2398,2.5654,1837412.8436
300136.SZ,2024-05-21,19.0,19.3,18.78,19.06,18.99,0.07,0.3686,207849.83,395846.114,2.5207,0.93,35.3697,2.5748,1844185.824
300136.SZ,2024-05-22,19.02,19.2,18.86,19.14,19.06,0.08,0.4197,183240.42,349590.749,2.2223,0.78,35.5181,2.5857,1851926.3731
300136.SZ,2024-05-23,19.1,19.18,18.55,18.64,19.14,-0.5,-2.6123,195581.99,367212.841,2.3719,0.8,34.5903,2.5181,1803547.9412
300136.SZ,2024-05-24,18.42,18.62,17.9,17.94,18.64,-0.7,-3.7554,204071.95,371628.314,2.4749,0.81,33.2913,2.4235,1735818.1366
300136.SZ,2024-05-27,18.01,18.14,17.55,18.11,17.94,0.17,0.9476,159881.4,284530.078,1.939,0.75,33.6068,2.4465,1752266.8034
300136.SZ,2024-05-28,18.03,18.24,17.75,17.78,18.11,-0.33,-1.8222,140911.83,252619.319,1.7089,0.74,32.9944,2.4019,1720337.0384
300136.SZ,2024-05-29,17.8,18.23,17.64,17.73,17.78,-0.05,-0.2812,111855.43,199850.263,1.3565,0.63,32.9016,2.3952,1715499.1952
300136.SZ,2024-05-30,17.69,18.18,17.41,17.89,17.73,0.16,0.9024,149452.16,267604.798,1.8125,0.92,33.1985,2.4168,1730980.2934
300136.SZ,2024-05-31,17.93,18.63,17.89,18.3,17.89,0.41,2.2918,233590.15,430298.305,2.8329,1.52,33.9593,2.4722,1770650.6075
300136.SZ,2024-06-03,18.5,18.79,18.23,18.41,18.3,0.11,0.6011,202048.18,373463.539,2.4504,1.27,34.1635,2.487,1781293.8626
300136.SZ,2024-06-04,18.34,18.37,17.88,18.28,18.41,-0.13,-0.7061,160798.01,290605.302,1.9501,0.96,33.9222,2.4695,1768715.4703
300136.SZ,2024-06-05,18.16,18.58,18.16,18.24,18.28,-0.04,-0.2188,141224.61,260107.276,1.7127,0.82,33.848,2.4641,1764845.1957
300136.SZ,2024-06-06,18.3,18.56,17.79,17.84,18.24,-0.4,-2.193,184592.89,334397.919,2.2387,1.04,33.1057,2.41,1726142.4502
300136.SZ,2024-06-07,17.99,18.11,17.47,17.62,17.84,-0.22,-1.2332,150849.12,267508.498,1.8294,0.82,32.6975,2.3803,1704855.9402
300136.SZ,2024-06-11,17.45,17.89,17.23,17.83,17.62,0.21,1.1918,123904.02,218455.947,1.5027,0.74,33.0872,2.4087,1725174.8816
300136.SZ,2024-06-12,17.94,18.64,17.94,18.1,17.83,0.27,1.5143,243395.15,446229.78,2.9518,1.6,33.5882,2.4452,1751299.2348
300136.SZ,2024-06-13,18.16,18.47,18.06,18.13,18.1,0.03,0.1657,175189.6,319719.234,2.1246,1.04,33.6439,2.4492,1754201.9407
300136.SZ,2024-06-14,17.96,18.27,17.86,18.22,18.03,0.19,1.0538,178363.53,322853.409,2.1631,1.02,33.8109,2.4951,1762910.0584
300136.SZ,2024-06-17,18.13,19.29,18.07,19.03,18.22,0.81,4.4457,404725.47,762051.124,4.9083,2.32,35.314,2.606,1841283.1181
300136.SZ,2024-06-18,18.91,19.49,18.91,19.36,19.03,0.33,1.7341,316293.05,608708.92,3.8359,1.41,35.9264,2.6512,1873212.8832
300136.SZ,2024-06-19,19.37,19.46,19.13,19.2,19.36,-0.16,-0.8264,181077.37,349116.169,2.196,0.69,35.6295,2.6293,1857731.785
300136.SZ,2024-06-20,19.13,19.35,18.8,18.85,19.2,-0.35,-1.8229,175581.09,334866.965,2.1294,0.7,34.98,2.5814,1823866.8826
300136.SZ,2024-06-21,18.63,19.06,18.52,18.78,18.85,-0.07,-0.3714,150307.7,282701.661,1.8229,0.6,34.8501,2.5718,1817093.9022
300136.SZ,2024-06-24,18.77,18.92,18.14,18.17,18.78,-0.61,-3.2481,173345.0,321332.131,2.1023,0.71,33.7181,2.4882,1758072.2152
300136.SZ,2024-06-25,18.2,18.3,17.24,17.4,18.17,-0.77,-4.2378,206887.47,365690.061,2.509,1.04,32.2892,2.3828,1683569.4301
300136.SZ,2024-06-26,17.41,18.06,17.14,18.02,17.4,0.62,3.5632,172252.59,303319.648,2.089,0.97,33.4397,2.4677,1743558.6857
300136.SZ,2024-06-27,17.88,18.6,17.82,17.96,18.02,-0.06,-0.333,221620.0,403593.057,2.6877,1.26,33.3284,2.4595,1737753.2738
300136.SZ,2024-06-28,17.93,19.7,17.9,19.58,17.96,1.62,9.02,615873.87,1184168.383,7.469,3.33,36.3346,2.6813,1894499.3932
300136.SZ,2024-07-01,19.6,20.05,19.1,19.71,19.58,0.13,0.6639,432786.57,848964.954,5.2486,1.56,36.5759,2.6991,1907077.7855
300136.SZ,2024-07-02,19.78,19.79,19.03,19.12,19.71,-0.59,-2.9934,260969.01,504790.311,3.1649,0.79,35.481,2.6183,1849991.2359
300136.SZ,2024-07-03,19.09,19.47,18.8,18.87,19.12,-0.25,-1.3075,280708.68,534568.403,3.4043,0.82,35.0171,2.5841,1825802.0199
300136.SZ,2024-07-04,18.94,19.23,18.35,18.38,18.87,-0.49,-2.5967,279554.86,524173.472,3.3903,0.77,34.1078,2.517,1778391.1566
300136.SZ,2024-07-05,18.38,18.8,17.96,18.62,18.38,0.24,1.3058,253730.19,466998.103,3.0771,0.68,34.5532,2.5499,1801612.804
300136.SZ,2024-07-08,18.51,18.68,18.15,18.25,18.62,-0.37,-1.9871,213655.82,392763.201,2.5911,0.71,33.8666,2.4992,1765812.7644
300136.SZ,2024-07-09,18.27,21.6,18.2,21.2,18.25,2.95,16.1644,1055772.61,2124506.466,12.8039,4.1,39.3409,2.9032,2051245.5126
300136.SZ,2024-07-10,20.78,21.3,20.6,21.1,21.2,-0.1,-0.4717,701952.39,1476612.458,8.513,1.68,39.1553,2.8895,2041569.8262
300136.SZ,2024-07-11,21.34,21.52,20.64,21.28,21.1,0.18,0.8531,720782.01,1522536.833,8.7413,1.44,39.4893,2.9141,2058986.0617
300136.SZ,2024-07-12,20.97,21.03,20.45,20.7,21.28,-0.58,-2.7256,439913.41,908531.53,5.3351,0.75,38.413,2.8347,2002867.0807
300136.SZ,2024-07-15,20.58,20.65,20.0,20.28,20.7,-0.42,-2.029,368801.2,747606.713,4.4727,0.59,37.6336,2.7772,1962229.1979
300136.SZ,2024-07-16,20.4,21.32,20.11,21.17,20.28,0.89,4.3886,761597.38,1586131.676,9.2363,1.16,39.2852,2.8991,2048342.8066
300136.SZ,2024-07-17,20.8,20.93,20.1,20.15,21.17,-1.02,-4.8181,456497.11,936441.089,5.5362,0.76,37.3924,2.7594,1949650.8056
300136.SZ,2024-07-18,19.7,20.05,18.88,19.55,20.15,-0.6,-2.9777,467149.71,906823.155,5.6654,0.85,36.279,2.6772,1891596.6873
300136.SZ,2024-07-19,19.41,20.05,19.4,19.6,19.55,0.05,0.2558,356016.12,701516.999,4.3176,0.71,36.3718,2.6841,1896434.5305
300136.SZ,2024-07-22,19.49,19.98,19.44,19.83,19.6,0.23,1.1735,277985.19,550369.26,3.3713,0.58,36.7986,2.7156,1918688.6092
300136.SZ,2024-07-23,19.8,19.81,19.08,19.11,19.83,-0.72,-3.6309,260446.05,505845.668,3.1586,0.56,35.4625,2.617,1849023.6672
300136.SZ,2024-07-24,19.04,19.49,18.82,18.93,19.11,-0.18,-0.9419,241447.0,462294.892,2.9282,0.66,35.1284,2.5923,1831607.4317
300136.SZ,2024-07-25,18.77,18.91,18.16,18.33,18.93,-0.6,-3.1696,283761.22,522476.355,3.4413,0.89,34.015,2.5101,1773553.3135
300136.SZ,2024-07-26,18.39,18.98,18.3,18.85,18.33,0.52,2.8369,245844.99,459622.791,2.9815,0.87,34.98,2.5814,1823866.8826
300136.SZ,2024-07-29,18.78,19.18,18.59,18.85,18.85,0.0,0.0,221510.0,418586.894,2.6864,0.85,34.98,2.5814,1823866.8826
300136.SZ,2024-07-30,18.69,19.08,18.33,18.96,18.85,0.11,0.5836,211025.71,395778.613,2.5592,0.84,35.1841,2.5964,1834510.1376
300136.SZ,2024-07-31,18.84,19.56,18.82,19.49,18.96,0.53,2.7954,323640.99,624214.777,3.925,1.34,36.1676,2.669,1885791.2755
300136.SZ,2024-08-01,19.52,19.67,19.21,19.38,19.49,-0.11,-0.5644,277546.37,540368.223,3.366,1.08,35.9635,2.6539,1875148.0204
300136.SZ,2024-08-02,19.15,19.38,18.65,18.72,19.38,-0.66,-3.4056,268433.14,509381.013,3.2554,1.05,34.7387,2.5635,1811288.4903
300136.SZ,2024-08-05,18.31,18.45,17.2,17.24,18.72,-1.48,-7.906,431069.88,766147.414,5.2278,1.66,31.9923,2.3609,1668088.3319
300136.SZ,2024-08-06,17.58,17.78,17.02,17.36,17.24,0.12,0.6961,227699.82,394623.626,2.7614,0.75,32.215,2.3773,1679699.1556
300136.SZ,2024-08-07,17.39,17.93,17.27,17.66,17.36,0.3,1.7281,229990.48,406021.458,2.7892,0.75,32.7717,2.4184,1708726.2147
300136.SZ,2024-08-08,17.51,17.71,17.22,17.51,17.66,-0.15,-0.8494,144857.0,252962.923,1.7568,0.5,32.4933,2.3978,1694212.6851
300136.SZ,2024-08-09,17.7,17.92,17.55,17.58,17.51,0.07,0.3998,150818.36,267050.289,1.8291,0.58,32.6232,2.4074,1700985.6656
300136.SZ,2024-08-12,17.49,17.69,17.3,17.43,17.58,-0.15,-0.8532,105176.6,183831.628,1.2755,0.44,32.3449,2.3869,1686472.136
300136.SZ,2024-08-13,17.43,17.66,17.24,17.56,17.43,0.13,0.7458,97538.79,170366.646,1.1829,0.57,32.5861,2.4047,1699050.5283
300136.SZ,2024-08-14,17.6,17.89,17.41,17.64,17.56,0.08,0.4556,148935.1,263125.004,1.8062,1.02,32.7346,2.4157,1706791.0774
300136.SZ,2024-08-15,17.55,18.09,17.42,17.73,17.64,0.09,0.5102,170525.45,302997.63,2.0681,1.32,32.9016,2.428,1715499.1952
300136.SZ,2024-08-16,17.76,18.1,17.75,17.89,17.73,0.16,0.9024,178417.66,319556.861,2.1638,1.33,33.1985,2.4499,1730980.2934
300136.SZ,2024-08-19,17.73,18.15,17.63,17.84,17.89,-0.05,-0.2795,130025.32,232617.923,1.5769,0.93,33.1057,2.443,1726142.4502
300136.SZ,2024-08-20,17.8,17.95,17.45,17.56,17.84,-0.28,-1.5695,122266.36,215889.095,1.4828,0.84,32.5861,2.4047,1699050.5283
300136.SZ,2024-08-21,17.46,18.95,17.44,18.24,17.56,0.68,3.8724,387995.38,709302.567,4.7054,2.59,33.848,2.4978,1764845.1957
300136.SZ,2024-08-22,18.01,18.2,17.58,17.76,18.24,-0.48,-2.6316,263925.53,469530.643,3.2008,1.33,32.9573,2.4143,1718401.9011
300136.SZ,2024-08-23,17.67,17.98,17.3,17.8,17.76,0.04,0.2252,193783.0,342918.625,2.3501,0.89,33.0315,2.4198,1722272.1756
300136.SZ,2024-08-26,17.89,18.35,17.47,18.1,17.8,0.3,1.6854,199781.54,358385.493,2.4229,0.91,33.5882,2.4606,1751299.2348
300136.SZ,2024-08-27,18.02,18.04,17.27,17.34,18.1,-0.76,-4.1989,193366.0,340018.011,2.3451,0.83,32.1779,2.3572,1677764.0183
300136.SZ,2024-08-28,17.31,17.55,17.22,17.38,17.34,0.04,0.2307,109342.31,190026.899,1.3261,0.44,32.2521,2.3627,1681634.2928
300136.SZ,2024-08-29,17.2,17.99,16.78,17.82,17.38,0.44,2.5316,246801.07,432596.261,2.9931,1.29,33.0686,2.4225,1724207.3129
300136.SZ,2024-08-30,17.78,18.98,17.72,18.54,17.82,0.72,4.0404,438692.24,815616.309,5.3203,2.33,34.4047,2.5204,1793872.2549
300136.SZ,2024-09-02,18.52,18.55,17.94,17.97,18.54,-0.57,-3.0744,253744.0,461094.362,3.0773,1.07,33.347,2.4429,1738720.8425
300136.SZ,2024-09-03,17.99,18.44,17.98,18.29,17.97,0.32,1.7807,204569.81,372614.328,2.4809,0.82,33.9408,2.4864,1769683.0389
300136.SZ,2024-09-04,18.1,18.1,17.73,17.87,18.29,-0.42,-2.2963,177651.0,318007.462,2.1545,0.71,33.1614,2.4293,1729045.1561
300136.SZ,2024-09-05,17.87,18.15,17.82,17.95,17.87,0.08,0.4477,120773.19,216889.355,1.4647,0.46,33.3098,2.4402,1736785.7052
300136.SZ,2024-09-06,18.01,18.06,17.27,17.37,17.95,-0.58,-3.2312,217569.0,381402.154,2.6386,0.91,32.2335,2.3613,1680666.7242
300136.SZ,2024-09-09,17.31,17.49,17.17,17.33,17.37,-0.04,-0.2303,121083.24,209660.587,1.4684,0.62,32.1593,2.3559,1676796.4497
300136.SZ,2024-09-10,17.34,17.71,16.97,17.6,17.33,0.27,1.558,170001.09,294659.155,2.0617,1.01,32.6604,2.3926,1702920.8029
300136.SZ,2024-09-11,17.44,17.61,17.33,17.49,17.6,-0.11,-0.625,92876.32,162420.456,1.1264,0.58,32.4562,2.3776,1692277.5479
300136.SZ,2024-09-12,17.55,17.72,17.44,17.44,17.49,-0.05,-0.2859,104329.13,183305.887,1.2653,0.72,32.3634,2.3708,1687439.7047
300136.SZ,2024-09-13,17.41,17.68,17.36,17.42,17.44,-0.02,-0.1147,119083.07,209105.226,1.4442,0.84,32.3263,2.3681,1685504.5674
300136.SZ,2024-09-18,17.47,17.74,17.16,17.68,17.42,0.26,1.4925,123717.12,215786.64,1.5004,1.02,32.8088,2.4035,1710661.352
300136.SZ,2024-09-19,17.84,18.09,17.58,17.98,17.68,0.3,1.6968,173534.0,310704.021,2.1045,1.42,33.3655,2.4442,1739688.4111
300136.SZ,2024-09-20,17.94,18.27,17.92,18.14,17.98,0.16,0.8899,191247.0,346281.427,2.3194,1.56,33.6624,2.466,1755169.5093
300136.SZ,2024-09-23,18.17,18.37,17.83,17.88,18.14,-0.26,-1.4333,141354.2,255449.322,1.7143,0.99,33.1799,2.4307,1730012.7247
300136.SZ,2024-09-24,18.01,18.4,17.67,18.39,17.88,0.51,2.8523,230723.34,418415.33,2.7981,1.54,34.1264,2.5,1779358.7253
300136.SZ,2024-09-25,18.5,18.79,18.18,18.27,18.39,-0.12,-0.6525,296397.94,548438.088,3.5946,1.72,33.9037,2.4837,1767747.9016
300136.SZ,2024-09-26,18.24,18.75,18.11,18.74,18.27,0.47,2.5725,275102.69,507541.463,3.3363,1.33,34.7759,2.5476,1813223.6276
300136.SZ,2024-09-27,19.0,20.18,18.88,19.92,18.74,1.18,6.2967,477374.28,932078.054,5.7894,2.1,36.9656,2.708,1927396.7269
300136.SZ,2024-09-30,20.75,23.39,20.38,23.2,19.92,3.28,16.4659,806448.56,1769411.488,9.7803,2.84,43.0523,3.1539,2244759.2402
300136.SZ,2024-10-08,27.48,27.6,24.36,27.6,23.2,4.4,18.9655,1217123.1,3216423.76,14.7607,2.92,51.2174,3.752,2670489.4409
300136.SZ,2024-10-09,26.0,26.2,23.39,23.5,27.6,-4.1,-14.8551,917468.48,2297463.504,11.1267,1.49,43.609,3.1947,2273786.2993
300136.SZ,2024-10-10,23.75,24.54,23.18,23.25,23.5,-0.25,-1.0638,481240.19,1149176.082,5.8363,0.65,43.1451,3.1607,2249597.0834
300136.SZ,2024-10-11,23.17,23.45,21.68,22.1,23.25,-1.15,-4.9462,456238.93,1025123.804,5.5331,0.58,41.011,3.0043,2138326.69
300136.SZ,2024-10-14,22.3,23.41,21.77,23.3,22.1,1.2,5.4299,461968.96,1049250.961,5.6026,0.6,43.2379,3.1675,2254434.9265
300136.SZ,2024-10-15,23.51,25.1,23.11,23.45,23.3,0.15,0.6438,770932.86,1866444.622,9.3495,1.09,43.5162,3.1879,2268948.4561
300136.SZ,2024-10-16,22.6,23.71,22.52,23.13,23.45,-0.32,-1.3646,395746.45,917654.874,4.7994,0.64,42.9224,3.1444,2237986.2597
300136.SZ,2024-10-17,23.31,24.33,23.27,23.49,23.13,0.36,1.5564,506057.35,1203572.003,6.1372,0.99,43.5904,3.1933,2272818.7307
300136.SZ,2024-10-18,23.37,25.3,23.23,24.44,23.49,0.95,4.0443,679901.03,1649502.28,8.2455,1.31,45.3534,3.3224,2364737.7513
300136.SZ,2024-10-21,24.46,25.55,24.46,24.68,24.44,0.24,0.982,683570.06,1706887.584,8.29,1.21,45.7987,3.3551,2387959.3986
300136.SZ,2024-10-22,24.71,25.14,24.1,24.39,24.68,-0.29,-1.175,493106.66,1207902.455,5.9802,0.81,45.2606,3.3156,2359899.9081
300136.SZ,2024-10-23,24.32,24.96,23.91,24.08,24.39,-0.31,-1.271,468682.06,1145347.577,5.684,0.85,44.6853,3.2735,2329905.2803
300136.SZ,2024-10-24,23.83,24.11,23.47,23.8,24.08,-0.28,-1.1628,305853.97,726250.412,3.7093,0.54,44.1657,3.2354,2302813.3584
300136.SZ,2024-10-25,24.0,24.33,23.81,23.91,23.8,0.11,0.4622,316012.19,758939.735,3.8325,0.6,44.3698,3.2504,2313456.6135
300136.SZ,2024-10-28,24.0,24.12,23.56,24.07,23.91,0.16,0.6692,328467.73,784594.086,3.9835,0.72,44.6667,3.2721,2328937.7117
300136.SZ,2024-10-29,24.33,25.75,24.33,24.84,24.07,0.77,3.199,850405.16,2145359.857,10.3133,2.22,46.0956,3.3768,2403440.4968
300136.SZ,2024-10-30,24.35,25.47,24.33,24.82,24.84,-0.02,-0.0805,622681.33,1547519.077,7.5516,1.37,46.0585,3.3453,2401505.3595
300136.SZ,2024-10-31,24.9,25.27,24.12,24.79,24.82,-0.03,-0.1209,566351.51,1399746.579,6.8685,1.17,46.0028,3.3412,2398602.6536
300136.SZ,2024-11-01,24.39,24.51,22.89,22.89,24.79,-1.9,-7.6644,699681.3,1643719.575,8.4854,1.3,42.477,3.0851,2214764.6124
300136.SZ,2024-11-04,23.2,24.5,23.2,24.11,22.89,1.22,5.3298,512089.9,1232307.958,6.2104,0.83,44.741,3.2496,2332807.9862
300136.SZ,2024-11-05,24.12,25.99,24.02,25.37,24.11,1.26,5.226,759015.75,1903753.904,9.205,1.17,47.0792,3.4194,2454721.6346
300136.SZ,2024-11-06,25.2,25.37,24.59,24.89,25.37,-0.48,-1.892,676066.92,1687643.584,8.199,1.07,46.1884,3.3547,2408278.34
300136.SZ,2024-11-07,24.61,27.5,24.56,27.4,24.89,2.51,10.0844,1316109.82,3500340.163,15.9612,2.05,50.8462,3.693,2651138.0681
300136.SZ,2024-11-08,28.2,31.41,27.51,29.23,27.4,1.83,6.6788,1364187.4,4008720.925,16.5443,1.72,54.2422,3.9397,2828203.1289
300136.SZ,2024-11-11,29.67,30.1,28.63,29.02,29.23,-0.21,-0.7184,1033110.74,3016536.011,12.5291,1.12,53.8525,3.9114,2807884.1875
300136.SZ,2024-11-12,28.9,30.43,28.56,29.02,29.02,0.0,0.0,875517.37,2576585.807,10.6179,0.85,53.8525,3.9114,2807884.1875
300136.SZ,2024-11-13,29.31,30.88,29.31,29.57,29.02,0.55,1.8952,953196.68,2855626.225,11.56,0.91,54.8731,3.9855,2861100.4626
300136.SZ,2024-11-14,30.19,32.0,27.92,28.03,29.57,-1.54,-5.208,1030516.52,3063757.089,12.4977,0.93,52.0153,3.7779,2712094.8923
300136.SZ,2024-11-15,28.2,29.49,27.5,27.53,28.03,-0.5,-1.7838,717644.59,2032006.311,8.7033,0.68,51.0875,3.7105,2663716.4604
300136.SZ,2024-11-18,27.24,27.53,25.76,26.04,27.53,-1.49,-5.4123,576422.54,1527490.943,6.9906,0.63,48.3225,3.5097,2519548.7334
300136.SZ,2024-11-19,26.29,27.25,26.03,27.15,26.04,1.11,4.2627,476512.44,1275139.072,5.7789,0.57,50.3823,3.6593,2626948.8522
300136.SZ,2024-11-20,26.9,27.94,26.65,27.73,27.15,0.58,2.1363,509534.04,1390424.59,6.1794,0.68,51.4586,3.7375,2683067.8332
300136.SZ,2024-11-21,27.63,27.93,26.8,27.26,27.73,-0.47,-1.6949,419197.09,1145769.184,5.0838,0.63,50.5864,3.6741,2637592.1072
300136.SZ,2024-11-22,27.25,27.42,25.55,25.62,27.26,-1.64,-6.0161,414021.0,1096233.105,5.0211,0.77,47.5431,3.4531,2478910.8506
300136.SZ,2024-11-25,25.46,25.74,24.71,25.31,25.62,-0.31,-1.21,300576.73,753683.614,3.6453,0.63,46.9678,3.4113,2448916.2228
300136.SZ,2024-11-26,25.5,25.95,25.07,25.22,25.31,-0.09,-0.3556,258360.4,659460.993,3.1333,0.61,46.8008,3.3992,2440208.105
300136.SZ,2024-11-27,24.99,25.83,24.03,25.8,25.22,0.58,2.2998,370185.47,921922.621,4.4894,0.97,47.8771,3.4774,2496327.086
300136.SZ,2024-11-28,25.66,25.74,24.98,25.11,25.8,-0.69,-2.6744,309015.27,780954.152,3.7476,0.88,46.5967,3.3844,2429564.85
300136.SZ,2024-11-29,25.0,25.77,24.69,25.32,25.11,0.21,0.8363,288184.91,728375.779,3.495,0.87,46.9864,3.4127,2449883.7914
300136.SZ,2024-12-02,25.36,26.14,25.35,26.1,25.32,0.78,3.0806,358840.17,925845.026,4.3519,1.18,48.4338,3.5178,2525354.1452
300136.SZ,2024-12-03,25.99,26.8,25.66,26.2,26.1,0.1,0.3831,462100.75,1216091.078,5.6042,1.46,48.6194,3.5313,2535029.8316
300136.SZ,2024-12-04,25.9,26.06,25.09,25.27,26.2,-0.93,-3.5496,315922.04,803729.561,3.8314,0.88,46.8936,3.4059,2445045.9482
300136.SZ,2024-12-05,25.06,25.54,25.03,25.41,25.27,0.14,0.554,183072.64,464546.427,2.2202,0.53,47.1534,3.4248,2458591.9092
300136.SZ,2024-12-06,25.35,26.16,25.33,26.14,25.41,0.73,2.8729,328669.72,848326.411,3.986,1.02,48.508,3.5232,2529224.4197
300136.SZ,2024-12-09,25.91,26.12,25.55,25.95,26.14,-0.19,-0.7269,239569.21,619357.715,2.9054,0.73,48.1555,3.4976,2510840.6156
300136.SZ,2024-12-10,26.98,27.19,26.32,26.35,25.95,0.4,1.5414,447275.26,1196072.396,5.4244,1.46,48.8977,3.5515,2549543.3611
300136.SZ,2024-12-11,26.22,27.28,26.22,27.26,26.35,0.91,3.4535,402583.35,1084673.931,4.8824,1.33,50.5864,3.6741,2637592.1072
300136.SZ,2024-12-12,27.2,27.43,26.85,27.09,27.26,-0.17,-0.6236,297304.2,805939.034,3.6056,0.93,50.271,3.6512,2621143.4403
300136.SZ,2024-12-13,26.81,27.03,26.15,26.25,27.09,-0.84,-3.1008,292284.35,775458.641,3.5447,0.85,48.7122,3.538,2539867.6748
300136.SZ,2024-12-16,26.23,26.29,25.51,25.69,26.25,-0.56,-2.1333,206615.85,534447.785,2.5057,0.62,47.673,3.4625,2485683.831
300136.SZ,2024-12-17,25.57,26.03,25.23,25.3,25.69,-0.39,-1.5181,169215.66,433674.951,2.0522,0.51,46.9493,3.41,2447948.6541
300136.SZ,2024-12-18,25.4,25.83,25.16,25.58,25.3,0.28,1.1067,135216.61,345172.602,1.6398,0.49,47.4689,3.4477,2475040.576
300136.SZ,2024-12-19,25.18,26.36,25.05,26.17,25.58,0.59,2.3065,228222.59,591726.217,2.7678,1.04,48.5637,3.5272,2532127.1256
300136.SZ,2024-12-20,26.19,27.0,26.01,26.63,26.17,0.46,1.7577,256719.44,683807.538,3.1134,1.24,49.4173,3.5892,2576635.283
300136.SZ,2024-12-23,26.73,26.79,25.67,25.7,26.63,-0.93,-3.4923,202226.76,527953.66,2.4525,1.02,47.6915,3.4639,2486651.3997
300136.SZ,2024-12-24,25.98,26.18,25.5,26.15,25.7,0.45,1.751,161422.52,418045.039,1.9577,0.81,48.5266,3.5245,2530191.9884
300136.SZ,2024-12-25,25.97,26.22,25.4,25.55,26.15,-0.6,-2.2945,151702.56,390227.852,1.8398,0.77,47.4132,3.4437,2472137.8701
300136.SZ,2024-12-26,25.58,26.89,25.46,26.78,25.55,1.23,4.8141,344239.01,914202.034,4.1748,1.72,49.6957,3.6094,2591148.8126
300136.SZ,2024-12-27,26.7,27.12,26.34,26.45,26.78,-0.33,-1.2323,303119.02,811152.964,3.6761,1.36,49.0833,3.565,2559219.0475
300136.SZ,2024-12-30,26.28,27.1,25.95,26.74,26.45,0.29,1.0964,299552.66,801384.047,3.6328,1.29,49.6215,3.6041,2587278.538
300136.SZ,2024-12-31,26.74,26.86,25.44,25.44,26.74,-1.3,-4.8616,282566.94,733021.051,3.4268,1.12,47.2091,3.4288,2461494.6151
300136.SZ,2025-01-02,25.07,25.28,23.36,23.75,25.44,-1.69,-6.6431,379228.05,920244.781,4.5991,1.37,44.0729,3.2011,2297975.5153
300136.SZ,2025-01-03,23.82,23.98,22.98,23.11,23.75,-0.64,-2.6947,250574.5,587611.826,3.0389,0.78,42.8853,3.1148,2236051.1224
300136.SZ,2025-01-06,23.01,23.57,22.79,23.07,23.11,-0.04,-0.1731,182261.85,420790.473,2.2104,0.6,42.811,3.1094,2232180.8479
300136.SZ,2025-01-07,23.08,23.43,22.89,23.37,23.07,0.3,1.3004,162444.0,376874.021,1.97,0.58,43.3678,3.1498,2261207.907
300136.SZ,2025-01-08,23.24,23.31,21.9,22.9,23.37,-0.47,-2.0111,250074.08,567062.118,3.0328,0.99,42.4956,3.0865,2215732.181
300136.SZ,2025-01-09,22.77,23.38,22.63,22.88,22.9,-0.02,-0.0873,163930.26,378653.404,1.9881,0.67,42.4585,3.0838,2213797.0437
300136.SZ,2025-01-10,22.8,23.14,22.35,22.35,22.88,-0.53,-2.3164,153043.52,348974.291,1.856,0.76,41.4749,3.0124,2162515.9059
300136.SZ,2025-01-13,22.19,22.8,21.92,22.61,22.35,0.26,1.1633,145367.0,326580.301,1.7629,0.8,41.9574,3.0474,2187672.6905
300136.SZ,2025-01-14,22.7,23.93,22.6,23.91,22.61,1.3,5.7497,223629.47,523895.635,2.7121,1.28,44.3698,3.2226,2313456.6135
300136.SZ,2025-01-15,23.7,23.95,23.51,23.66,23.91,-0.25,-1.0456,124873.6,295481.611,1.5144,0.67,43.9059,3.1889,2289267.3975
300136.SZ,2025-01-16,23.81,24.2,23.44,23.73,23.66,0.07,0.2959,162676.62,387216.848,1.9729,1.0,44.0358,3.1984,2296040.378
300136.SZ,2025-01-17,23.53,24.08,23.51,23.89,23.73,0.16,0.6743,132573.22,316437.837,1.6078,0.82,44.3327,3.2199,2311521.4762
300136.SZ,2025-01-20,24.19,24.28,23.77,23.91,23.89,0.02,0.0837,138769.85,333486.012,1.6829,0.88,44.3698,3.2226,2313456.6135
300136.SZ,2025-01-21,24.0,24.28,23.7,24.14,23.91,0.23,0.9619,147173.56,353684.282,1.7849,0.94,44.7966,3.2536,2335710.6921
300136.SZ,2025-01-22,23.94,24.32,23.82,23.99,24.14,-0.15,-0.6214,126566.24,304539.993,1.5349,0.9,44.5183,3.2334,2321197.1626
300136.SZ,2025-01-23,24.35,24.88,24.02,24.02,23.99,0.03,0.1251,192707.0,470100.378,2.3371,1.36,44.574,3.2375,2324099.8685
300136.SZ,2025-01-24,24.0,24.78,23.96,24.78,24.02,0.76,3.164,197397.76,483027.113,2.394,1.34,45.9843,3.3399,2397635.085
300136.SZ,2025-01-27,24.9,24.93,23.93,23.93,24.78,-0.85,-3.4302,144507.9,351559.307,1.7525,0.9,44.4069,3.2253,2315391.7507
300136.SZ,2025-02-05,24.18,24.37,23.86,23.96,23.93,0.03,0.1254,154267.41,371641.142,1.8709,0.95,44.4626,3.2294,2318294.4566
300136.SZ,2025-02-06,23.8,24.87,23.8,24.86,23.96,0.9,3.7563,241740.0,596303.571,2.9317,1.48,46.1327,3.3507,2405375.6341
300136.SZ,2025-02-07,24.88,25.42,24.69,25.09,24.86,0.23,0.9252,287615.65,721580.365,3.4881,1.55,46.5596,3.3817,2427629.7127
300136.SZ,2025-02-10,25.23,25.37,25.02,25.12,25.09,0.03,0.1196,209050.64,526372.563,2.5353,1.02,46.6152,3.3857,2430532.4187
300136.SZ,2025-02-11,25.1,25.24,24.79,25.13,25.12,0.01,0.0398,180077.52,450772.002,2.1839,0.87,46.6338,3.3871,2431499.9873
300136.SZ,2025-02-12,25.06,25.77,24.9,25.74,25.13,0.61,2.4274,286638.26,727881.179,3.4762,1.34,47.7658,3.4693,2490521.6742
300136.SZ,2025-02-13,25.6,26.83,25.34,26.17,25.74,0.43,1.6706,568552.24,1493811.93,6.8952,2.36,48.5637,3.5272,2532127.1256
300136.SZ,2025-02-14,26.06,26.25,25.61,25.86,26.17,-0.31,-1.1846,307729.29,794502.119,3.732,1.0,47.9885,3.4855,2502132.4979
300136.SZ,2025-02-17,25.88,26.18,25.41,25.77,25.86,-0.09,-0.348,299229.32,771867.784,3.6289,0.96,47.8214,3.4733,2493424.3801
300136.SZ,2025-02-18,25.6,25.93,24.67,24.8,25.77,-0.97,-3.7641,280478.58,707254.742,3.4015,0.85,46.0214,3.3426,2399570.2222
300136.SZ,2025-02-19,24.8,25.49,24.74,25.43,24.8,0.63,2.5403,195877.2,494378.019,2.3755,0.56,47.1905,3.4275,2460527.0464
300136.SZ,2025-02-20,25.49,26.13,25.41,25.95,25.43,0.52,2.0448,303536.91,785804.825,3.6812,0.92,48.1555,3.4976,2510840.6156
300136.SZ,2025-02-21,26.04,26.75,26.0,26.47,25.95,0.52,2.0039,411117.43,1088970.208,4.9859,1.48,49.1204,3.5677,2561154.1848
300136.SZ,2025-02-24,26.49,26.57,25.9,26.09,26.47,-0.38,-1.4356,296972.0,775760.543,3.6015,1.0,48.4153,3.5165,2524386.5765
300136.SZ,2025-02-25,25.82,26.88,25.58,26.4,26.09,0.31,1.1882,481148.34,1266833.188,5.8352,1.62,48.9905,3.5582,2554381.2043
300136.SZ,2025-02-26,26.51,27.2,26.33,27.11,26.4,0.71,2.6894,532011.26,1431012.557,6.452,1.58,50.3081,3.6539,2623078.5776
300136.SZ,2025-02-27,27.27,27.35,26.15,26.67,27.11,-0.44,-1.623,397390.94,1058741.063,4.8194,0.98,49.4916,3.5946,2580505.5575
300136.SZ,2025-02-28,26.43,26.53,25.28,25.35,26.67,-1.32,-4.9494,301218.26,777062.137,3.653,0.71,47.042,3.4167,2452786.4973
300136.SZ,2025-03-03,25.36,25.66,24.56,24.81,25.35,-0.54,-2.1302,298627.36,751350.201,3.6216,0.74,46.04,3.3439,2400537.7909
300136.SZ,2025-03-04,24.6,24.87,24.53,24.81,24.81,0.0,0.0,255682.6,632366.607,3.1008,0.64,46.04,3.3439,2400537.7909
300136.SZ,2025-03-05,24.79,26.15,24.7,25.75,24.81,0.94,3.7888,360720.46,922199.515,4.3747,1.01,47.7843,3.4706,2491489.2429
300136.SZ,2025-03-06,26.12,26.8,25.95,26.11,25.75,0.36,1.3981,534049.47,1403419.05,6.4767,1.65,48.4524,3.5191,2526321.7138
300136.SZ,2025-03-07,26.29,26.88,25.9,26.09,26.11,-0.02,-0.0766,415449.0,1096364.812,5.0384,1.19,48.4153,3.5165,2524386.5765
300136.SZ,2025-03-10,25.94,26.04,25.21,25.47,26.09,-0.62,-2.3764,297174.71,757771.123,3.604,0.8,47.2647,3.4329,2464397.321
300136.SZ,2025-03-11,25.02,25.42,24.92,25.25,25.47,-0.22,-0.8638,247112.73,620409.297,2.9969,0.66,46.8565,3.4032,2443110.811
300136.SZ,2025-03-12,25.45,26.06,25.08,25.4,25.25,0.15,0.5941,376815.38,961627.982,4.5699,1.02,47.1348,3.4235,2457624.3405
300136.SZ,2025-03-13,25.44,25.48,24.27,24.44,25.4,-0.96,-3.7795,370137.0,912734.003,4.4889,0.99,45.3534,3.2941,2364737.7513
300136.SZ,2025-03-14,24.44,25.19,24.42,25.18,24.44,0.74,3.0278,282629.1,704570.935,3.4276,0.83,46.7266,3.3938,2436337.8305
300136.SZ,2025-03-17,25.32,26.13,25.12,25.82,25.18,0.64,2.5417,312330.59,802670.768,3.7878,0.99,47.9142,3.4801,2498262.2233
300136.SZ,2025-03-18,25.82,27.27,25.79,27.26,25.82,1.44,5.5771,810941.64,2166547.988,9.8347,2.55,50.5864,3.6741,2637592.1072
300136.SZ,2025-03-19,27.0,28.12,26.35,27.4,27.26,0.14,0.5136,839797.21,2288912.498,10.1847,1.95,50.8462,3.693,2651138.0681
300136.SZ,2025-03-20,27.5,27.6,26.72,26.77,27.4,-0.63,-2.2993,405110.77,1097377.838,4.913,0.77,49.6771,3.6081,2590181.2439
300136.SZ,2025-03-21,26.5,26.7,25.3,25.38,26.77,-1.39,-5.1924,450546.5,1166120.576,5.464,0.85,47.0977,3.4208,2455689.2032
300136.SZ,2025-03-24,25.3,25.76,24.51,25.12,25.38,-0.26,-1.0244,322730.81,807906.682,3.9139,0.57,46.6152,3.3857,2430532.4187
300136.SZ,2025-03-25,25.05,25.12,24.38,24.52,25.12,-0.6,-2.3885,238907.28,589105.286,2.8974,0.42,45.5018,3.3048,2372478.3004
300136.SZ,2025-03-26,24.52,24.74,24.43,24.46,24.52,-0.06,-0.2447,187352.26,460200.683,2.2721,0.42,45.3905,3.2968,2366672.8885
300136.SZ,2025-03-27,24.35,24.86,23.9,24.45,24.46,-0.01,-0.0409,237593.0,579025.289,2.8814,0.74,45.3719,3.2954,2365705.3199
300136.SZ,2025-03-28,24.39,24.57,23.72,23.74,24.45,-0.71,-2.9039,204807.41,493739.924,2.4838,0.71,44.0544,3.1997,2297007.9466
300136.SZ,2025-03-31,23.7,23.85,23.22,23.76,23.74,0.02,0.0842,179740.22,422565.984,2.1798,0.75,44.0915,3.2024,2298943.0839
300136.SZ,2025-04-01,23.87,23.93,23.57,23.58,23.76,-0.18,-0.7576,153770.14,364700.487,1.8649,0.73,43.7574,3.1781,2281526.8484
300136.SZ,2025-04-02,23.6,24.16,23.5,23.85,23.58,0.27,1.145,170762.61,408407.271,2.0709,0.89,44.2585,3.2145,2307651.2016
300136.SZ,2025-04-03,23.61,24.0,22.89,22.91,23.85,-0.94,-3.9413,238593.25,557462.522,2.8936,1.26,42.5141,3.0878,2216699.7497
300136.SZ,2025-04-07,19.33,20.61,18.33,18.33,22.91,-4.58,-19.9913,454369.27,874055.814,5.5104,2.4,34.015,2.4705,1773553.3135
300136.SZ,2025-04-08,18.33,19.04,17.7,18.2,18.33,-0.13,-0.7092,404990.37,741416.487,4.9115,1.69,33.7738,2.453,1760974.9212
300136.SZ,2025-04-09,17.77,18.9,16.98,18.7,18.2,0.5,2.7473,372104.07,673616.125,4.5127,1.31,34.7016,2.5204,1809353.3531
300136.SZ,2025-04-10,19.5,20.21,19.45,19.56,18.7,0.86,4.5989,362527.72,716253.518,4.3966,1.1,36.2975,2.6363,1892564.2559
300136.SZ,2025-04-11,19.2,19.94,19.17,19.59,19.56,0.03,0.1534,242928.37,475570.609,2.9461,0.66,36.3532,2.6404,1895466.9618
300136.SZ,2025-04-14,20.56,20.76,19.92,19.95,19.59,0.36,1.8377,291146.95,590253.62,3.5309,0.79,37.0213,2.6889,1930299.4328
300136.SZ,2025-04-15,19.82,20.02,19.61,19.75,19.95,-0.2,-1.0025,134566.0,265444.146,1.632,0.4,36.6501,2.6619,1910948.0601
300136.SZ,2025-04-16,19.6,19.73,19.01,19.49,19.75,-0.26,-1.3165,160524.99,310724.044,1.9468,0.57,36.1676,2.6269,1885791.2755
300136.SZ,2025-04-17,19.28,19.64,19.28,19.33,19.49,-0.16,-0.8209,105507.0,205695.781,1.2795,0.44,35.8707,2.6053,1870310.1773
300136.SZ,2025-04-18,19.33,20.96,19.23,20.63,19.33,1.3,6.7253,417078.99,845632.605,5.0582,2.23,38.2831,2.7805,1996094.1002
300136.SZ,2025-04-21,20.56,20.58,20.09,20.41,20.63,-0.22,-1.0664,285046.99,579585.05,3.4569,1.29,37.8749,2.7509,1974807.5902
300136.SZ,2025-04-22,20.3,20.45,20.05,20.07,20.41,-0.34,-1.6659,172149.16,347302.794,2.0877,0.78,37.2439,2.7051,1941910.2565
300136.SZ,2025-04-23,20.5,20.7,20.16,20.36,20.07,0.29,1.4449,208559.91,424764.324,2.5293,0.91,37.7821,2.7442,1969969.747
300136.SZ,2025-04-24,20.29,20.42,19.88,20.08,20.36,-0.28,-1.3752,155181.91,312001.272,1.882,0.65,37.2625,2.7064,1942877.8251
300136.SZ,2025-04-25,20.17,20.51,20.12,20.29,20.08,0.21,1.0458,154256.08,313609.354,1.8708,0.62,37.6522,2.7347,1963196.7665
300136.SZ,2025-04-28,20.15,20.65,20.09,20.09,20.29,-0.2,-0.9857,117521.71,237931.52,1.4253,0.6,37.2811,2.7078,1943845.3937
300136.SZ,2025-04-29,19.64,19.96,19.37,19.7,20.09,-0.39,-1.9413,169617.75,333900.175,2.0571,1.05,28.8104,2.5811,1906110.2169
300136.SZ,2025-04-30,19.76,19.99,19.65,19.89,19.7,0.19,0.9645,134481.8,267241.099,1.6309,0.84,29.0882,2.606,1924494.021
300136.SZ,2025-05-06,20.06,20.75,20.05,20.75,19.89,0.86,4.3238,215219.84,440950.617,2.6101,1.47,30.346,2.7187,2007704.9239
300136.SZ,2025-05-07,20.99,21.25,20.74,20.91,20.75,0.16,0.7711,240106.41,503810.84,2.9119,1.52,30.5799,2.7397,2023186.0221
300136.SZ,2025-05-08,20.92,21.28,20.86,21.15,20.91,0.24,1.1478,155434.6,328681.284,1.885,0.89,30.9309,2.7711,2046407.6694
300136.SZ,2025-05-09,21.24,21.24,20.68,20.9,21.15,-0.25,-1.182,139598.77,291820.397,1.693,0.76,30.5653,2.7384,2022218.4534
300136.SZ,2025-05-12,21.28,21.6,21.17,21.59,20.9,0.69,3.3014,190917.22,408641.118,2.3154,1.08,31.5744,2.8288,2088980.6894
300136.SZ,2025-05-13,21.9,22.3,21.34,21.36,21.59,-0.23,-1.0653,244598.16,531909.356,2.9664,1.3,31.238,2.7986,2066726.6108
300136.SZ,2025-05-14,21.38,21.58,21.0,21.3,21.36,-0.06,-0.2809,160060.87,340714.896,1.9411,0.82,31.1503,2.7908,2060921.1989
300136.SZ,2025-05-15,21.25,21.34,20.75,20.79,21.3,-0.51,-2.3944,123680.31,258677.568,1.4999,0.69,30.4044,2.724,2011575.1984
300136.SZ,2025-05-16,20.66,20.98,20.63,20.78,20.79,-0.01,-0.0481,85193.8,177735.393,1.0332,0.5,30.3898,2.7226,2010607.6298
300136.SZ,2025-05-19,20.8,20.8,20.42,20.67,20.78,-0.11,-0.5294,105988.8,218248.738,1.2854,0.66,30.229,2.7082,1999964.3747
300136.SZ,2025-05-20,20.6,20.9,20.44,20.8,20.67,0.13,0.6289,94710.18,196239.865,1.1486,0.66,30.4191,2.7253,2012542.767
300136.SZ,2025-05-21,20.9,21.06,20.76,20.9,20.8,0.1,0.4808,128482.19,268395.622,1.5582,1.13,30.5653,2.7384,2022218.4534
300136.SZ,2025-05-22,20.81,22.19,20.75,21.92,20.9,1.02,4.8804,460611.31,999969.681,5.5861,4.28,32.057,2.872,2120910.4545
300136.SZ,2025-05-23,21.66,22.48,21.61,21.92,21.92,0.0,0.0,333629.51,738019.111,4.0461,1.91,32.057,2.872,2120910.4545
300136.SZ,2025-05-26,21.48,22.13,21.27,21.65,21.92,-0.27,-1.2318,209216.03,453614.805,2.5373,0.93,31.6622,2.8366,2094786.1013
300136.SZ,2025-05-27,21.77,21.77,21.15,21.29,21.65,-0.36,-1.6628,142934.13,304397.261,1.7334,0.58,31.1357,2.7895,2059953.6303
300136.SZ,2025-05-28,21.38,21.45,21.01,21.05,21.29,-0.24,-1.1273,102631.74,217320.789,1.2447,0.4,30.7847,2.758,2036731.983
300136.SZ,2025-05-29,21.29,22.26,21.29,21.89,21.05,0.84,3.9905,257731.63,565267.007,3.1257,1.03,32.0131,2.8681,2118007.7486
300136.SZ,2025-05-30,21.71,21.79,21.25,21.48,21.89,-0.41,-1.873,166598.0,357082.688,2.0204,0.8,31.4135,2.8144,2078337.4344
300136.SZ,2025-06-03,21.26,21.72,21.26,21.31,21.48,-0.17,-0.7914,130590.17,279550.998,1.5837,0.74,31.1649,2.7921,2061888.7676
300136.SZ,2025-06-04,21.4,21.94,21.37,21.63,21.31,0.32,1.5016,161924.25,351308.017,1.9637,1.01,31.6329,2.834,2092850.964
300136.SZ,2025-06-05,22.0,23.28,21.82,23.21,21.63,1.58,7.3047,574077.9,1307613.638,6.9622,3.5,33.9436,3.041,2245726.8088
300136.SZ,2025-06-06,22.92,23.15,22.46,22.53,23.21,-0.68,-2.9298,278679.21,631474.159,3.3797,1.08,32.9491,2.9519,2179932.1414
300136.SZ,2025-06-09,22.55,22.9,22.48,22.72,22.53,0.19,0.8433,194392.72,441179.008,2.3575,0.74,33.227,2.9768,2198315.9455
300136.SZ,2025-06-10,22.8,22.85,21.81,22.09,22.72,-0.63,-2.7729,231322.15,513775.496,2.8054,0.86,32.3056,2.8943,2137359.1213
300136.SZ,2025-06-11,22.23,22.47,22.05,22.12,22.09,0.03,0.1358,153587.25,341418.839,1.8626,0.53,32.3495,2.8982,2140261.8273
300136.SZ,2025-06-12,22.12,22.42,21.92,21.99,22.12,-0.13,-0.5877,155760.0,344645.529,1.889,0.54,32.1594,2.8812,2127683.435
300136.SZ,2025-06-13,21.84,22.01,21.48,21.58,21.99,-0.41,-1.8645,173600.31,376010.177,2.1053,0.86,31.5598,2.8275,2088013.1208
300136.SZ,2025-06-16,21.45,22.13,21.41,21.89,21.58,0.31,1.4365,118485.8,259120.782,1.4369,0.65,32.0131,2.8681,2118007.7486
300136.SZ,2025-06-17,21.98,22.12,21.71,21.92,21.89,0.03,0.137,116540.0,255537.176,1.4133,0.7,32.057,2.872,2120910.4545
300136.SZ,2025-06-18,21.82,22.31,21.61,22.2,21.92,0.28,1.2774,161099.29,354372.993,1.9537,1.12,32.4665,2.9087,2148002.3764
300136.SZ,2025-06-19,22.14,22.2,21.47,21.56,22.2,-0.64,-2.8829,151258.31,329039.655,1.8344,1.04,31.5305,2.8248,2086077.9835
300136.SZ,2025-06-20,21.53,21.64,21.01,21.07,21.56,-0.49,-2.2727,135626.5,287769.29,1.6448,0.94,30.8139,2.7606,2038667.1203
300136.SZ,2025-06-23,20.9,21.33,20.85,21.29,21.07,0.22,1.0441,94213.4,199400.854,1.1426,0.69,31.1357,2.7895,2059953.6303
300136.SZ,2025-06-24,21.4,21.99,21.35,21.98,21.29,0.69,3.241,149850.4,326792.009,1.8173,1.14,32.1448,2.8799,2126715.8663
300136.SZ,2025-06-25,21.99,22.19,21.79,22.16,21.98,0.18,0.8189,146551.23,322463.469,1.7773,1.06,32.408,2.9035,2144132.1018
300136.SZ,2025-06-26,22.2,22.35,22.04,22.08,22.16,-0.08,-0.361,146119.91,323704.809,1.7721,1.08,32.291,2.893,2136391.5527
300136.SZ,2025-06-27,22.14,22.58,22.02,22.19,22.08,0.11,0.4982,180005.42,402204.722,2.183,1.34,32.4519,2.9074,2147034.8077
300136.SZ,2025-06-30,22.32,22.44,22.15,22.4,22.19,0.21,0.9464,140905.16,314098.164,1.7088,0.98,32.759,2.9349,2167353.7491
300136.SZ,2025-07-01,22.36,22.37,21.92,22.14,22.4,-0.26,-1.1607,126204.0,279062.402,1.5305,0.83,32.3788,2.9008,2142196.9645
300136.SZ,2025-07-02,22.1,22.1,21.63,21.77,22.14,-0.37,-1.6712,111958.2,243836.847,1.3578,0.76,31.8377,2.8524,2106396.9249
300136.SZ,2025-07-03,21.76,22.4,21.7,22.3,21.77,0.53,2.4345,186007.56,412306.407,2.2558,1.32,32.6128,2.9218,2157678.0627
300136.SZ,2025-07-04,22.23,22.56,21.88,22.12,22.3,-0.18,-0.8072,194463.6,431805.73,2.3584,1.3,32.3495,2.8982,2140261.8273
300136.SZ,2025-07-07,22.06,22.13,21.8,21.87,22.12,-0.25,-1.1302,117719.02,257968.432,1.4276,0.77,31.9839,2.8655,2116072.6113
300136.SZ,2025-07-08,21.87,22.35,21.83,22.3,21.87,0.43,1.9662,169425.91,376590.247,2.0547,1.15,32.6128,2.9218,2157678.0627
300136.SZ,2025-07-09,22.22,22.3,22.0,22.06,22.3,-0.24,-1.0762,123456.0,273282.71,1.4972,0.79,32.2618,2.8904,2134456.4154
300136.SZ,2025-07-10,22.07,22.18,21.91,22.1,22.06,0.04,0.1813,94767.7,208992.572,1.1493,0.6,32.3203,2.8956,2138326.69
300136.SZ,2025-07-11,22.04,22.26,21.81,22.11,22.05,0.06,0.2721,124975.43,276162.836,1.5156,0.89,32.3349,2.9157,2139294.2586
300136.SZ,2025-07-14,22.11,22.22,21.92,22.13,22.11,0.02,0.0905,90964.0,201049.095,1.1032,0.72,32.3641,2.9183,2141229.3959
300136.SZ,2025-07-15,22.13,22.33,21.81,21.97,22.13,-0.16,-0.723,139910.84,308508.554,1.6968,1.16,32.1301,2.8972,2125748.2977
300136.SZ,2025-07-16,21.96,22.26,21.76,21.84,21.97,-0.13,-0.5917,154970.29,340442.601,1.8794,1.35,31.94,2.8801,2113169.9054
300136.SZ,2025-07-17,21.83,22.65,21.81,22.47,21.84,0.63,2.8846,247339.41,552990.894,2.9996,2.04,32.8614,2.9632,2174126.7296
300136.SZ,2025-07-18,22.44,22.54,22.16,22.26,22.47,-0.21,-0.9346,135689.78,302575.836,1.6456,0.89,32.5543,2.9355,2153807.7882
300136.SZ,2025-07-21,22.21,22.97,22.19,22.91,22.26,0.65,2.92,225441.71,509880.062,2.7341,1.47,33.5049,3.0212,2216699.7497
300136.SZ,2025-07-22,22.84,25.0,22.8,23.81,22.91,0.9,3.9284,730729.05,1769042.607,8.862,4.04,34.8211,3.1399,2303780.9271
300136.SZ,2025-07-23,23.83,24.38,23.36,23.74,23.81,-0.07,-0.294,363263.16,864025.878,4.4055,1.22,34.7187,3.1307,2297007.9466
300136.SZ,2025-07-24,23.88,24.98,23.85,24.54,23.74,0.8,3.3698,449508.4,1105730.562,5.4514,1.32,35.8887,3.2362,2374413.4377
300136.SZ,2025-07-25,24.34,24.69,24.2,24.28,24.54,-0.26,-1.0595,235800.72,574594.513,2.8597,0.62,35.5084,3.2019,2349256.6531
300136.SZ,2025-07-28,24.3,25.38,23.86,24.76,24.28,0.48,1.9769,460151.67,1132661.353,5.5805,1.15,36.2104,3.2652,2395699.9477
300136.SZ,2025-07-29,24.67,24.93,23.95,24.44,24.76,-0.32,-1.2924,362072.8,878438.059,4.3911,0.81,35.7424,3.223,2364737.7513
300136.SZ,2025-07-30,24.26,24.93,23.97,24.11,24.44,-0.33,-1.3502,284359.32,690134.406,3.4486,0.76,35.2598,3.1795,2332807.9862
300136.SZ,2025-07-31,24.2,24.62,23.71,23.87,24.11,-0.24,-0.9954,282768.7,683573.2,3.4293,0.79,34.9088,3.1478,2309586.3389
300136.SZ,2025-08-01,23.73,24.12,23.64,23.76,23.87,-0.11,-0.4608,157644.48,376008.022,1.9118,0.49,34.7479,3.1333,2298943.0839
300136.SZ,2025-08-04,23.7,23.94,23.54,23.87,23.76,0.11,0.463,143556.0,341275.08,1.741,0.46,34.9088,3.1478,2309586.3389
300136.SZ,2025-08-05,23.89,24.34,23.87,24.15,23.87,0.28,1.173,190813.0,459172.94,2.3141,0.78,35.3183,3.1847,2336678.2608
300136.SZ,2025-08-06,24.02,24.51,23.98,24.35,24.15,0.2,0.8282,202045.99,491012.87,2.4503,0.95,35.6108,3.2111,2356029.6335
300136.SZ,2025-08-07,24.84,25.2,24.12,24.14,24.35,-0.21,-0.8624,292899.91,718672.739,3.5522,1.5,35.3037,3.1834,2335710.6921
300136.SZ,2025-08-08,24.04,24.14,23.67,23.82,24.14,-0.32,-1.3256,203848.3,486031.812,2.4722,1.03,34.8357,3.1412,2304748.4957
300136.SZ,2025-08-11,23.85,24.42,23.85,24.37,23.82,0.55,2.309,189359.43,459891.216,2.2965,0.92,35.64,3.2137,2357964.7708
300136.SZ,2025-08-12,24.37,24.6,24.11,24.28,24.37,-0.09,-0.3693,171737.0,417461.532,2.0828,0.8,35.5084,3.2019,2349256.6531
300136.SZ,2025-08-13,24.32,24.64,24.21,24.56,24.28,0.28,1.1532,283580.3,693989.439,3.4391,1.34,35.9179,3.2388,2376348.5749
300136.SZ,2025-08-14,24.59,24.8,23.98,24.25,24.56,-0.31,-1.2622,307292.16,747719.197,3.7267,1.35,35.4645,3.1979,2346353.9472
300136.SZ,2025-08-15,24.23,26.5,24.13,25.95,24.25,1.7,7.0103,768026.71,1961152.785,9.3143,3.32,37.9507,3.4009,2510840.6156
300136.SZ,2025-08-18,25.95,26.5,25.65,26.02,25.95,0.07,0.2697,536215.94,1400803.341,6.503,1.56,38.0531,3.41,2517613.5961
300136.SZ,2025-08-19,26.21,26.3,25.7,25.91,26.02,-0.11,-0.4228,295460.38,767258.29,3.5832,0.71,37.8922,3.3956,2506970.3411
300136.SZ,2025-08-20,26.05,27.2,25.75,27.17,25.91,1.26,4.863,678471.75,1813167.17,8.2282,1.55,39.7349,3.5607,2628883.9894
300136.SZ,2025-08-21,26.85,27.55,26.55,26.71,27.17,-0.46,-1.693,506850.37,1368516.185,6.1469,0.98,39.0622,3.5005,2584375.8321
300136.SZ,2025-08-22,26.68,26.85,26.32,26.62,26.71,-0.09,-0.337,391339.55,1039012.399,4.746,0.7,38.9306,3.4887,2575667.7144
300136.SZ,2025-08-25,26.82,27.2,26.51,26.98,26.62,0.36,1.3524,495058.61,1330043.234,6.0039,1.03,39.457,3.5358,2610500.1853
300136.SZ,2025-08-26,26.72,27.86,26.63,27.46,26.98,0.48,1.7791,562682.55,1538803.371,6.824,1.19,40.159,3.5988,2656943.4799
300136.SZ,2025-08-27,27.48,28.19,26.7,26.7,27.46,-0.76,-2.7677,570238.99,1571526.03,6.9156,1.08,39.0476,3.4992,2583408.2635
300136.SZ,2025-08-28,27.28,28.28,26.75,27.81,26.7,1.11,4.1573,586397.66,1610717.832,7.1116,1.16,40.6709,3.6446,2690808.3823
300136.SZ,2025-08-29,27.93,28.2,27.3,27.58,27.81,-0.23,-0.827,463773.69,1283295.813,5.6244,0.89,40.3345,3.6145,2668554.3036
300136.SZ,2025-09-01,27.92,27.96,27.05,27.2,27.58,-0.38,-1.3778,378027.23,1032908.334,4.5845,0.71,39.7788,3.5647,2631786.6954
300136.SZ,2025-09-02,27.08,27.09,25.72,25.95,27.2,-1.25,-4.5956,516615.07,1356167.935,6.2653,1.01,37.9507,3.4009,2510840.6156
300136.SZ,2025-09-03,26.1,26.56,25.38,25.49,25.95,-0.46,-1.7726,389733.3,1010610.074,4.7265,0.77,37.278,3.3406,2466332.4583
300136.SZ,2025-09-04,25.65,26.19,23.93,24.38,25.49,-1.11,-4.3546,484299.25,1213261.905,5.8734,1.04,35.6547,3.1951,2358932.3394
300136.SZ,2025-09-05,24.66,25.48,24.33,25.42,24.38,1.04,4.2658,341923.5,852527.469,4.1467,0.77,37.1756,3.3314,2459559.4778
300136.SZ,2025-09-08,25.55,25.75,24.9,25.52,25.42,0.1,0.3934,324267.35,821192.606,3.9326,0.77,37.3219,3.3445,2469235.1642
300136.SZ,2025-09-09,25.48,25.51,24.75,24.88,25.52,-0.64,-2.5078,251805.03,632175.231,3.0538,0.61,36.3859,3.2606,2407310.7713
300136.SZ,2025-09-10,24.87,25.45,24.8,24.89,24.88,0.01,0.0402,213312.83,535042.3,2.587,0.6,36.4005,3.2619,2408278.34
300136.SZ,2025-09-11,24.8,26.9,24.5,26.47,24.89,1.58,6.3479,517466.86,1336140.771,6.2756,1.6,38.7112,3.469,2561154.1848
300136.SZ,2025-09-12,26.41,26.47,25.7,25.72,26.47,-0.75,-2.8334,342948.96,893523.74,4.1591,1.04,37.6144,3.3707,2488586.5369
300136.SZ,2025-09-15,25.8,25.95,25.47,25.54,25.72,-0.18,-0.6998,259343.13,665911.927,3.1452,0.79,37.3511,3.3471,2471170.3015
300136.SZ,2025-09-16,25.54,26.12,25.46,25.87,25.54,0.33,1.2921,267650.7,690332.843,3.246,0.84,37.8337,3.3904,2503100.0665
300136.SZ,2025-09-17,25.89,26.15,25.6,25.99,25.87,0.12,0.4639,314933.99,815802.164,3.8194,0.98,38.0092,3.4061,2514710.8902
300136.SZ,2025-09-18,25.91,26.65,25.46,25.75,25.99,-0.24,-0.9234,444430.87,1158602.402,5.3899,1.31,37.6582,3.3746,2491489.2429
300136.SZ,2025-09-19,25.71,25.95,25.39,25.41,25.75,-0.34,-1.3204,235670.0,604777.348,2.8581,0.72,37.161,3.3301,2458591.9092
300136.SZ,2025-09-22,25.51,26.24,25.51,26.2,25.41,0.79,3.109,320438.74,831821.013,3.8861,1.05,38.3163,3.4336,2535029.8316
300136.SZ,2025-09-23,26.3,26.4,25.05,25.8,26.2,-0.4,-1.5267,331662.77,848859.518,4.0223,1.05,37.7314,3.3812,2496327.086
300136.SZ,2025-09-24,25.61,26.63,25.36,26.37,25.8,0.57,2.2093,413305.06,1082524.862,5.0124,1.25,38.565,3.4559,2551478.4984
300136.SZ,2025-09-25,26.59,27.21,26.13,26.68,26.37,0.31,1.1756,466163.6,1242307.704,5.6534,1.34,39.0183,3.4965,2581473.1262
300136.SZ,2025-09-26,26.54,26.6,25.55,25.56,26.68,-1.12,-4.1979,362312.09,939790.186,4.394,1.03,37.3804,3.3497,2473105.4387
300136.SZ,2025-09-29,25.52,25.96,25.16,25.78,25.56,0.22,0.8607,264226.52,675575.411,3.2044,0.7,37.7021,3.3786,2494391.9488
300136.SZ,2025-09-30,25.85,26.24,25.41,25.8,25.78,0.02,0.0776,291497.0,749882.234,3.5351,0.79,37.7314,3.3812,2496327.086
300136.SZ,2025-10-09,25.85,29.98,25.85,29.6,25.8,3.8,14.7287,1297500.36,3651622.045,15.7355,3.61,43.2887,3.8792,2864003.1685
300136.SZ,2025-10-10,29.3,30.26,28.48,28.76,29.6,-0.84,-2.8378,831477.64,2433026.029,10.0838,1.55,42.0602,3.7691,2782727.4029
300136.SZ,2025-10-13,27.48,30.0,26.99,28.82,28.76,0.06,0.2086,1006077.37,2863936.426,12.2013,1.65,42.148,3.777,2788532.8147
300136.SZ,2025-10-14,29.1,29.47,27.27,27.4,28.82,-1.42,-4.9271,720930.65,2048439.462,8.7431,0.98,40.0713,3.5909,2651138.0681
300136.SZ,2025-10-15,27.49,30.55,27.49,30.5,27.4,3.1,11.3139,1215023.51,3572458.789,14.7353,1.46,44.6049,3.9972,2951084.3459
300136.SZ,2025-10-16,30.2,30.38,28.82,29.59,30.5,-0.91,-2.9836,805449.67,2380575.264,9.7681,0.79,43.2741,3.8779,2863035.5998
300136.SZ,2025-10-17,29.19,29.48,27.6,27.68,29.59,-1.91,-6.4549,694439.21,1958331.202,8.4219,0.76,40.4808,3.6276,2678229.99
300136.SZ,2025-10-20,28.48,29.18,27.87,28.06,27.68,0.38,1.3728,570580.99,1623823.263,6.9198,0.64,41.0365,3.6774,2714997.5982
300136.SZ,2025-10-21,29.53,30.86,29.03,29.19,28.06,1.13,4.0271,1008604.99,3008887.527,12.2319,1.26,42.6891,3.8255,2824332.8543
300136.SZ,2025-10-22,28.91,29.02,28.0,28.5,29.19,-0.69,-2.3638,522026.55,1485001.298,6.3309,0.61,41.68,3.735,2757570.6183
300136.SZ,2025-10-23,28.38,28.38,27.08,27.95,28.5,-0.55,-1.9298,468568.86,1295544.961,5.6826,0.65,40.8756,3.663,2704354.3432
300136.SZ,2025-10-24,28.56,30.08,28.16,29.52,27.95,1.57,5.6172,740973.36,2166900.381,8.9862,1.13,43.1717,3.8687,2856262.6194
300136.SZ,2025-10-27,30.08,32.22,29.64,31.43,29.52,1.91,6.4702,1042670.43,3224930.071,12.6451,1.57,45.965,4.119,3041068.2292
300136.SZ,2025-10-28,31.0,32.17,30.87,31.83,31.43,0.4,1.2727,708035.29,2237020.686,8.5867,0.94,46.55,4.1715,3079770.9748
300136.SZ,2025-10-29,31.4,34.2,31.4,33.05,31.83,1.22,3.8329,965619.72,3196880.126,11.7106,1.39,48.3342,4.1645,3197814.3486
300136.SZ,2025-10-30,33.07,37.28,32.58,35.5,33.05,2.45,7.413,1381709.19,4774561.894,16.7568,1.76,51.9172,4.4732,3434868.6649
300136.SZ,2025-10-31,35.9,36.34,34.0,35.77,35.5,0.27,0.7606,1040133.04,3648416.235,12.6143,1.07,52.312,4.5073,3460993.0181
300136.SZ,2025-11-03,35.79,37.8,35.51,37.34,35.77,1.57,4.3892,1114418.69,4087051.15,13.5152,1.08,54.6081,4.7051,3612901.2943
300136.SZ,2025-11-04,36.44,36.55,35.0,35.21,37.34,-2.13,-5.7043,672930.5,2396535.699,8.161,0.65,51.4931,4.4367,3406809.1744
300136.SZ,2025-11-05,34.32,35.58,34.11,35.15,35.21,-0.06,-0.1704,506992.51,1779738.508,6.1486,0.49,51.4053,4.4291,3401003.7626
300136.SZ,2025-11-06,35.17,36.29,34.11,35.9,35.15,0.75,2.1337,605953.08,2122651.197,7.3487,0.64,52.5022,4.5236,3473571.4104
300136.SZ,2025-11-07,35.41,35.7,34.47,34.52,35.9,-1.38,-3.844,390309.58,1364578.722,4.7335,0.5,50.484,4.3498,3340046.9384
300136.SZ,2025-11-10,34.81,35.24,32.49,32.73,34.52,-1.79,-5.1854,704596.61,2333874.857,8.545,1.07,47.8662,4.1242,3166852.1522
300136.SZ,2025-11-11,32.89,33.2,31.74,32.74,32.73,0.01,0.0306,573289.09,1856630.625,6.9526,1.0,47.8808,4.1255,3167819.7208
300136.SZ,2025-11-12,33.15,35.34,33.15,34.08,32.74,1.34,4.0929,802820.44,2755402.695,9.7363,1.44,49.8405,4.2943,3297473.9183
300136.SZ,2025-11-13,33.75,34.0,32.62,32.82,34.08,-1.26,-3.6972,519592.31,1730416.796,6.3014,0.84,47.9978,4.1355,3175560.2699
300136.SZ,2025-11-14,32.69,32.7,31.2,31.23,32.82,-1.59,-4.8446,506236.9,1602346.592,6.1394,0.85,45.6725,3.9352,3021716.8565
300136.SZ,2025-11-17,31.06,31.39,30.79,31.07,31.23,-0.16,-0.5123,264386.68,820569.701,3.2064,0.43,45.4385,3.915,3006235.7583
300136.SZ,2025-11-18,30.87,31.07,30.28,30.52,31.07,-0.55,-1.7702,279679.54,856803.705,3.3918,0.52,44.6341,3.8457,2953019.4832
300136.SZ,2025-11-19,30.53,30.64,29.74,30.06,30.52,-0.46,-1.5072,254962.1,769004.315,3.0921,0.54,43.9614,3.7878,2908511.3258
300136.SZ,2025-11-20,30.42,30.58,29.52,29.65,30.06,-0.41,-1.3639,221579.37,661204.242,2.6872,0.61,43.3618,3.7361,2868841.0117
300136.SZ,2025-11-21,28.97,29.5,27.9,27.99,29.65,-1.66,-5.5987,360755.08,1028174.954,4.3751,1.18,40.9341,3.5269,2708224.6178
300136.SZ,2025-11-24,28.16,28.81,27.89,28.52,27.99,0.53,1.8935,275387.13,779787.197,3.3398,1.0,41.7092,3.5937,2759505.7556
300136.SZ,2025-11-25,28.8,29.83,28.67,29.28,28.52,0.76,2.6648,362247.57,1064365.353,4.3932,1.3,42.8207,3.6895,2833040.9721
300136.SZ,2025-11-26,29.3,32.45,29.0,30.96,29.28,1.68,5.7377,619996.63,1912070.081,7.519,2.1,45.2776,3.9012,2995592.5032
300136.SZ,2025-11-27,30.81,31.44,30.03,30.4,30.96,-0.56,-1.8088,353512.62,1090600.978,4.2872,0.96,44.4586,3.8306,2941408.6595
300136.SZ,2025-11-28,30.41,32.18,30.4,31.54,30.4,1.14,3.75,407324.08,1277007.31,4.9398,1.03,46.1258,3.9743,3051711.4843
300136.SZ,2025-12-01,31.69,32.3,30.81,31.83,31.54,0.29,0.9195,412773.72,1301892.551,5.0059,1.02,46.55,4.0108,3079770.9748
300136.SZ,2025-12-02,31.55,33.45,31.51,32.13,31.83,0.3,0.9425,511572.55,1666547.183,6.2041,1.19,46.9887,4.0486,3108798.0339
300136.SZ,2025-12-03,31.93,31.98,30.9,31.02,32.13,-1.11,-3.4547,344405.77,1076705.634,4.1768,0.75,45.3654,3.9087,3001397.9151
300136.SZ,2025-12-04,30.95,31.58,30.71,31.22,31.02,0.2,0.6447,207102.08,646897.013,2.5116,0.51,45.6579,3.9339,3020749.2878
300136.SZ,2025-12-05,31.17,33.55,30.73,32.77,31.22,1.55,4.9648,433611.35,1402819.392,5.2586,1.15,47.9247,4.1292,3170722.4267
300136.SZ,2025-12-08,35.0,35.77,33.5,33.85,32.77,1.08,3.2957,660818.46,2258260.879,8.0141,1.73,49.5041,4.2653,3275219.8396
300136.SZ,2025-12-09,34.4,34.66,33.56,33.82,33.85,-0.03,-0.0886,383607.14,1304576.36,4.6522,0.89,49.4602,4.2616,3272317.1337
300136.SZ,2025-12-10,34.16,35.8,33.34,34.3,33.82,0.48,1.4193,483726.05,1657470.27,5.8664,1.19,50.1622,4.322,3318760.4283
300136.SZ,2025-12-11,34.6,37.2,34.28,35.29,34.3,0.99,2.8863,925908.5,3318113.195,11.229,2.13,51.6101,4.4468,3414549.7235
300136.SZ,2025-12-12,35.09,36.71,34.51,35.95,35.29,0.66,1.8702,747680.52,2669762.751,9.0675,1.29,52.5753,4.5299,3478409.2536
300136.SZ,2025-12-15,36.01,38.48,35.45,37.95,35.95,2.0,5.5633,966768.66,3607332.693,11.7245,1.51,55.5002,4.782,3671922.9812
300136.SZ,2025-12-16,37.9,38.03,35.02,36.31,37.95,-1.64,-4.3215,905135.06,3266482.17,10.9771,1.29,53.1018,4.5753,3513241.7246
300136.SZ,2025-12-17,35.98,36.49,35.08,35.76,36.31,-0.55,-1.5147,578175.24,2060753.382,7.0119,0.72,52.2974,4.506,3460025.4495
300136.SZ,2025-12-18,35.25,38.32,35.22,36.31,35.76,0.55,1.538,732074.35,2707347.608,8.8783,0.89,53.1018,4.5753,3513241.7246
300136.SZ,2025-12-19,36.56,39.4,36.56,38.03,36.31,1.72,4.737,729245.36,2767007.648,8.844,0.93,55.6172,4.792,3679663.5303
300136.SZ,2025-12-22,39.3,40.5,38.56,38.96,38.03,0.93,2.4454,1038421.01,4104023.255,12.5935,1.33,56.9773,4.9092,3769647.4136
300136.SZ,2025-12-23,39.38,40.19,37.58,37.92,38.96,-1.04,-2.6694,867817.75,3330939.055,10.5245,1.09,55.4563,4.7782,3669020.2753
300136.SZ,2025-12-24,37.6,45.5,37.13,44.73,37.92,6.81,17.9589,1660969.75,7061617.353,20.1435,2.1,65.4156,5.6363,4327934.5178
300136.SZ,2025-12-25,44.94,52.27,44.7,50.7,44.73,5.97,13.3467,1741186.87,8441850.717,21.1164,1.73,74.1465,6.3885,4905572.9947
300136.SZ,2025-12-26,50.0,53.85,49.85,51.3,50.7,0.6,1.1834,1796980.47,9267835.211,21.793,1.49,75.024,6.4642,4963627.1129
300136.SZ,2025-12-29,50.54,53.6,49.88,51.35,51.3,0.05,0.0975,1603159.21,8262186.202,19.4424,1.13,75.0971,6.4705,4968464.9561
300136.SZ,2025-12-30,52.92,56.53,51.88,53.0,51.35,1.65,3.2132,1869618.15,10047448.119,22.6739,1.22,77.5101,6.6784,5128113.7814
300136.SZ,2025-12-31,55.4,62.0,54.73,62.0,53.0,9.0,16.9811,2045140.8,11911155.892,24.8026,1.18,90.6722,7.8124,5998925.5556
300136.SZ,2026-01-05,62.0,67.68,61.0,65.61,62.0,3.61,5.8226,2114568.01,13644512.454,25.6446,1.17,95.9517,8.2673,6348217.8339
300136.SZ,2026-01-06,63.5,64.98,60.47,64.12,65.61,-1.49,-2.271,1868576.47,11736206.844,22.6613,0.99,93.7726,8.0796,6204050.1069
300136.SZ,2026-01-07,62.34,68.8,61.61,67.01,64.12,2.89,4.5072,1754301.26,11607345.45,21.2754,0.92,97.9991,8.4437,6483677.4432
300136.SZ,2026-01-08,68.0,76.8,67.19,76.2,67.01,9.19,13.7144,1686894.95,12064869.836,20.4579,0.87,111.4391,9.6017,7372873.0216
300136.SZ,2026-01-09,77.96,81.6,73.0,75.15,76.2,-1.05,-1.378,2121603.97,16370164.871,25.7299,1.12,109.9035,9.4694,7271278.3146
300136.SZ,2026-01-12,78.59,88.47,76.86,83.11,75.15,7.96,10.5921,2147095.7,17231023.294,26.039,1.12,121.5447,10.4724,8041462.9504
300136.SZ,2026-01-13,78.02,80.39,70.0,74.1,83.11,-9.01,-10.8411,2158637.87,16116781.791,26.179,1.13,108.3679,9.3371,7169683.6076
300136.SZ,2026-01-14,76.24,80.5,73.7,75.3,74.1,1.2,1.6194,2024234.16,15575647.399,24.549,1.03,110.1229,9.4883,7285791.8441
300136.SZ,2026-01-15,75.4,79.43,74.15,76.75,75.3,1.45,1.9256,1621345.26,12402753.125,19.663,0.8,112.2435,9.671,7426089.2967
300136.SZ,2026-01-16,79.0,82.39,77.45,79.4,76.75,2.65,3.4528,1731232.55,13810502.754,20.9956,0.86,116.119,10.0049,7682494.9857
300136.SZ,2026-01-19,77.7,83.0,77.7,78.25,79.4,-1.15,-1.4484,1445170.07,11655820.152,17.5264,0.75,114.4371,9.86,7571224.5924
300136.SZ,2026-01-20,81.0,83.5,75.8,81.6,78.25,3.35,4.2812,1752602.31,13972099.702,21.2548,0.98,119.3364,10.2822,7895360.0861
300136.SZ,2026-01-21,80.0,82.05,73.03,73.31,81.6,-8.29,-10.1593,1997517.26,15219314.659,24.225,1.16,107.2126,9.2376,7093245.6852
300136.SZ,2026-01-22,73.05,81.48,72.1,81.0,73.31,7.69,10.4897,1932241.22,14948718.257,23.4334,1.13,118.4589,10.2066,7837305.9678
300136.SZ,2026-01-23,82.0,94.58,81.0,93.5,81.0,12.5,15.4321,1985827.97,17708692.803,24.0833,1.12,136.7396,11.7816,9046766.7653
300136.SZ,2026-01-26,89.91,91.9,82.57,84.1,93.5,-9.4,-10.0535,1860683.57,16228519.064,22.5656,1.02,122.9925,10.5972,8137252.2456
300136.SZ,2026-01-27,82.28,88.01,82.25,84.34,84.1,0.24,0.2854,1416102.56,12058140.313,17.1739,0.74,123.3435,10.6274,8160473.8929
300136.SZ,2026-01-28,86.26,86.6,80.5,82.15,84.34,-2.19,-2.5966,1279076.48,10555100.542,15.5121,0.7,120.1407,10.3515,7948576.3612
300136.SZ,2026-01-29,81.0,84.66,80.6,81.08,82.15,-1.07,-1.3025,1144070.71,9459738.084,13.8748,0.68,118.5759,10.2166,7845046.5169
300136.SZ,2026-01-30,83.0,84.52,79.08,80.03,81.08,-1.05,-1.295,1200302.59,9816183.785,14.5567,0.78,117.0403,10.0843,7743451.8099
300136.SZ,2026-02-02,83.09,86.2,79.0,79.09,80.03,-0.94,-1.1746,1392573.03,11496537.197,16.8885,1.01,115.6656,9.9659,7652500.3579
300136.SZ,2026-02-03,81.8,89.5,79.2,89.47,79.09,10.38,13.1243,1889634.66,16036079.475,22.9167,1.47,130.8459,11.2738,8656836.6042
300136.SZ,2026-02-04,87.72,88.99,78.0,78.85,89.47,-10.62,-11.8699,1920551.75,15910827.782,23.2916,1.39,115.3146,9.9356,7629278.7106
300136.SZ,2026-02-05,76.0,80.25,75.55,77.82,78.85,-1.03,-1.3063,1083084.44,8416983.982,13.1352,0.72,113.8083,9.8059,7529619.1409
300136.SZ,2026-02-06,78.66,83.73,78.66,79.45,77.82,1.63,2.0946,1209826.45,9795614.139,14.6722,0.81,116.1921,10.0112,7687332.8289
300136.SZ,2026-02-09,80.99,83.0,77.99,82.15,79.45,2.7,3.3984,1176706.05,9492262.274,14.2706,0.78,120.1407,10.3515,7948576.3612
300136.SZ,2026-02-10,81.5,81.8,77.01,78.8,82.15,-3.35,-4.0779,928459.3,7329154.291,11.2599,0.64,115.2415,9.9293,7624440.8674
300136.SZ,2026-02-11,78.81,81.68,76.2,76.2,78.8,-2.6,-3.2995,949935.67,7458830.234,11.5204,0.75,111.4391,9.6017,7372873.0216
300136.SZ,2026-02-12,75.98,76.8,74.67,75.15,76.2,-1.05,-1.378,820811.67,6191515.801,9.9544,0.77,109.9035,9.4694,7271278.3146
300136.SZ,2026-02-13,74.81,76.95,73.2,73.2,75.15,-1.95,-2.5948,657251.58,4923829.142,7.9709,0.65,107.0517,9.2237,7082602.4302
300136.SZ,2026-02-24,73.31,74.84,72.02,73.08,73.2,-0.12,-0.1639,575891.32,4238247.224,6.9842,0.64,106.8762,9.2086,7070991.6065
300136.SZ,2026-02-25,73.05,75.75,71.58,74.63,73.08,1.55,2.121,880397.06,6515784.847,10.6771,1.12,109.1431,9.4039,7220964.7454
300136.SZ,2026-02-26,73.53,76.18,72.8,75.27,74.63,0.64,0.8576,752746.78,5651406.764,9.129,0.97,110.079,9.4845,7282889.1382
300136.SZ,2026-02-27,74.9,78.77,74.27,76.59,75.27,1.32,1.7537,953849.91,7332168.193,11.5679,1.29,112.0095,9.6509,7410608.1984
300136.SZ,2026-03-02,76.59,81.69,76.12,78.43,76.59,1.84,2.4024,1127577.63,8891488.558,13.6748,1.48,114.7004,9.8827,7588640.8278
300136.SZ,2026-03-03,78.0,78.0,68.1,68.5,78.43,-9.93,-12.661,1195397.19,8610608.698,14.4973,1.39,100.1782,8.6315,6627845.1703
300136.SZ,2026-03-04,68.5,71.0,68.37,69.0,68.5,0.5,0.7299,637012.37,4435794.861,7.7254,0.65,100.9094,8.6945,6676223.6022
300136.SZ,2026-03-05,70.57,70.99,68.26,69.92,69.0,0.92,1.3333,624549.58,4337967.167,7.5743,0.67,102.2549,8.8104,6765239.9169
300136.SZ,2026-03-06,69.6,70.99,68.6,69.24,69.92,-0.68,-0.9725,504873.92,3525907.142,6.1229,0.56,101.2604,8.7247,6699445.2495
300136.SZ,2026-03-09,68.0,69.48,66.21,69.24,69.24,0.0,0.0,636637.53,4307464.656,7.7209,0.78,101.2604,8.7247,6699445.2495
300136.SZ,2026-03-10,69.95,71.98,69.66,70.27,69.24,1.03,1.4876,586980.12,4149773.616,7.1186,0.82,102.7667,8.8545,6799104.8192
300136.SZ,2026-03-11,71.02,71.16,68.33,68.6,70.27,-1.67,-2.3765,534845.98,3710370.891,6.4864,0.89,100.3244,8.6441,6637520.8567
300136.SZ,2026-03-12,68.06,69.2,66.12,67.05,68.6,-1.55,-2.2595,522731.41,3516005.129,6.3395,0.91,98.0576,8.4488,6487547.7178
300136.SZ,2026-03-13,66.52,66.95,63.92,64.13,67.05,-2.92,-4.355,585387.34,3813829.564,7.0993,1.05,93.7873,8.0808,6205017.6755
300136.SZ,2026-03-16,63.1,65.15,62.35,65.04,64.13,0.91,1.419,535645.09,3414595.776,6.4961,0.93,95.1181,8.1955,6293066.4216
300136.SZ,2026-03-17,65.5,65.8,62.35,62.62,65.04,-2.42,-3.7208,401302.1,2556635.963,4.8668,0.73,91.579,7.8906,6058914.8112
300136.SZ,2026-03-18,63.73,66.5,62.57,66.23,62.62,3.61,5.7649,664045.38,4312425.699,8.0533,1.29,96.8584,8.3454,6408207.0895
300136.SZ,2026-03-19,64.41,65.94,63.88,64.33,66.23,-1.9,-2.8688,457257.82,2961144.346,5.5454,0.84,94.0798,8.106,6224369.0483
300136.SZ,2026-03-20,64.96,65.32,62.58,62.6,64.33,-1.73,-2.6893,466469.58,2983201.445,5.6571,0.88,91.5497,7.888,6056979.6739
300136.SZ,2026-03-23,62.23,62.99,58.73,59.21,62.6,-3.39,-5.4153,532925.87,3240778.197,6.4631,1.06,86.592,7.4609,5728973.9056
300136.SZ,2026-03-24,60.22,60.39,57.87,59.75,59.21,0.54,0.912,480173.24,2838194.832,5.8233,0.95,87.3817,7.5289,5781222.6121
300136.SZ,2026-03-25,62.0,64.5,61.8,62.42,59.75,2.67,4.4686,668261.96,4206045.653,8.1044,1.28,91.2865,7.8654,6039563.4384
300136.SZ,2026-03-26,65.6,66.0,62.51,64.29,62.42,1.87,2.9958,1079081.34,6896058.594,13.0866,2.07,94.0213,8.101,6220498.7737
300136.SZ,2026-03-27,61.7,63.5,60.52,62.57,64.29,-1.72,-2.6754,751277.37,4657330.504,9.1112,1.16,91.5058,7.8843,6054076.968
300136.SZ,2026-03-30,61.3,64.99,61.1,64.32,62.57,1.75,2.7969,866903.11,5522567.342,10.5134,1.23,94.0651,8.1048,6223401.4796
300136.SZ,2026-03-31,64.13,68.83,63.6,64.96,64.32,0.64,0.995,1170939.62,7763526.182,14.2006,1.52,95.0011,8.1854,6285325.8724
300136.SZ,2026-04-01,66.0,66.2,62.7,63.05,64.96,-1.91,-2.9403,801378.13,5116977.608,9.7188,0.88,92.2078,7.9447,6100520.2626
300136.SZ,2026-04-02,62.73,64.25,60.93,61.52,63.05,-1.53,-2.4266,578146.48,3596980.489,7.0115,0.62,89.9703,7.7519,5952482.261
300136.SZ,2026-04-03,63.38,64.98,61.5,61.77,61.52,0.25,0.4064,676941.51,4275746.059,8.2097,0.81,90.3359,7.7834,5976671.4769
300136.SZ,2026-04-07,62.33,62.5,60.03,60.68,61.77,-1.09,-1.7646,481262.34,2939081.16,5.8365,0.59,88.7418,7.6461,5871206.4954
300136.SZ,2026-04-08,62.56,65.88,62.55,65.88,60.68,5.2,8.5695,889952.75,5753501.099,10.8172,1.2,96.3466,8.3013,6374342.1871
300136.SZ,2026-04-09,64.3,64.79,62.92,63.95,65.88,-1.93,-2.9296,607567.63,3878834.189,7.3849,0.89,93.524,8.0581,6187601.44
300136.SZ,2026-04-10,64.0,65.77,63.83,63.99,63.95,0.04,0.0625,584780.52,3777952.412,7.1079,0.9,93.5825,8.0632,6191471.7146
300136.SZ,2026-04-13,63.17,64.8,63.17,63.54,63.99,-0.45,-0.7032,425659.0,2719291.656,5.1738,0.66,92.9244,8.0065,6147931.1259
300136.SZ,2026-04-14,64.26,68.62,63.81,68.57,63.54,5.03,7.9163,1108781.7,7398617.544,13.4771,1.85,100.2806,8.6403,6634618.1508
300136.SZ,2026-04-15,68.96,71.84,67.6,68.5,68.57,-0.07,-0.1021,1179854.21,8242442.104,14.3409,1.63,100.1782,8.6315,6627845.1703
300136.SZ,2026-04-16,68.01,70.7,68.01,69.8,68.5,1.3,1.8978,751387.78,5204811.537,9.133,0.96,102.0794,8.7953,6753629.0932
300136.SZ,2026-04-17,69.01,75.29,68.7,74.91,69.8,5.11,7.3209,1210738.24,8852831.046,14.7163,1.49,109.5525,9.4392,7248056.6673
300136.SZ,2026-04-20,71.67,79.0,71.58,77.8,74.91,2.89,3.858,1544593.26,11696243.75,18.7746,1.65,106.2203,9.3825,7527684.0036
300136.SZ,2026-04-21,77.4,80.0,76.46,77.04,77.8,-0.76,-0.9769,1146819.65,8928589.321,13.9397,0.99,105.1826,9.2908,7454148.7872
300136.SZ,2026-04-22,77.1,79.97,75.75,79.52,77.04,2.48,3.2191,1075280.74,8458931.571,13.0701,0.92,108.5686,9.5899,7694105.8094
300136.SZ,2026-04-23,79.69,83.5,76.8,83.41,79.52,3.89,4.8919,1299699.22,10389552.19,15.7979,1.13,113.8796,10.059,8070490.0096
300136.SZ,2026-04-24,83.0,87.98,81.18,81.3,83.41,-2.11,-2.5297,1494662.75,12680364.335,18.1677,1.19,110.9988,9.8046,7866333.0269
300136.SZ,2026-04-27,81.18,91.0,81.18,88.46,81.3,7.16,8.8069,1391488.03,12069296.65,16.8624,1.06,120.7743,10.668,8559112.1717
300136.SZ,2026-04-28,88.0,90.97,85.6,87.49,88.46,-0.97,-1.0965,949126.43,8354141.488,11.5018,0.74,119.45,10.5511,8465258.0139
300136.SZ,2026-04-29,87.22,88.42,83.2,85.51,87.49,-1.98,-2.2631,1025590.7,8727422.089,12.4284,0.83,116.7467,10.3123,8273679.4235
300136.SZ,2026-04-30,84.9,91.98,83.03,91.3,85.51,5.79,6.7711,1228377.78,10831945.207,14.8858,1.0,124.6518,11.0105,8833901.6649
300136.SZ,2026-05-06,92.0,100.4,91.01,97.23,91.3,5.93,6.4951,1153937.66,11165636.587,13.9837,0.95,132.748,11.7257,9407669.8673
300136.SZ,2026-05-07,97.0,103.83,95.66,101.65,97.23,4.42,4.5459,1086432.83,10881315.015,13.1657,0.94,138.7826,12.2587,9835335.2053
300136.SZ,2026-05-08,101.0,103.18,99.3,101.35,101.65,-0.3,-0.2951,858859.48,8666786.137,10.4079,0.79,138.3731,12.2225,9806308.1461
300136.SZ,2026-05-11,106.8,116.6,105.78,115.57,101.35,14.22,14.0306,1098041.43,12238415.589,13.3064,1.03,157.7876,13.9374,11182190.7494
300136.SZ,2026-05-12,117.65,118.17,107.5,109.3,115.57,-6.27,-5.4253,1160880.11,12922007.819,14.0679,1.07,149.2272,13.1813,10575525.2133
300136.SZ,2026-05-13,108.55,114.88,108.55,113.7,109.3,4.4,4.0256,870221.12,9787092.619,10.5456,0.81,155.2345,13.7119,11001255.4141
300136.SZ,2026-05-14,112.88,114.88,102.51,102.51,113.7,-11.19,-9.8417,1335583.31,14231866.975,16.185,1.32,139.9568,12.3624,9918546.1081
300136.SZ,2026-05-15,103.8,104.77,97.32,99.61,102.51,-2.9,-2.829,1127994.04,11335826.846,13.6693,1.06,135.9974,12.0127,9637951.2031
300136.SZ,2026-05-18,102.38,117.0,101.5,111.75,99.61,12.14,12.1875,1327052.63,14586826.433,16.0816,1.19,152.5722,13.4768,10812579.5297
300136.SZ,2026-05-19,111.97,114.36,108.68,111.0,111.75,-0.75,-0.6711,918117.21,10193443.577,11.126,0.79,151.5482,13.3863,10740011.8818
300136.SZ,2026-05-20,109.58,113.55,107.11,112.4,111.0,1.4,1.2613,859781.74,9506539.754,10.4191,0.77,153.4596,13.5551,10875471.4911
300136.SZ,2026-05-21,113.0,118.0,108.0,109.55,112.4,-2.85,-2.5356,1158602.5,13074884.292,14.0403,1.04,149.5685,13.2114,10599714.4293
300136.SZ,2026-05-22,106.0,120.6,104.06,118.98,109.5,9.48,8.6575,1144473.53,12765083.333,13.869,1.06,162.4433,14.4354,11512131.6549
300136.SZ,2026-05-25,122.0,124.55,113.8,118.63,118.98,-0.35,-0.2942,1121085.02,13338807.445,13.5856,1.04,161.9654,14.3929,11478266.7526
300136.SZ,2026-05-26,115.81,116.4,108.69,110.33,118.63,-8.3,-6.9965,990438.7,11046102.066,12.0024,0.95,150.6334,13.3859,10675184.7831
300136.SZ,2026-05-27,113.7,114.99,107.01,111.98,110.33,1.65,1.4955,911888.18,10191817.25,11.0505,0.86,152.8862,13.5861,10834833.6083
300136.SZ,2026-05-28,109.74,115.8,106.98,113.68,111.98,1.7,1.5181,833303.45,9395091.012,10.0982,0.78,155.2072,13.7923,10999320.2768
300136.SZ,2026-05-29,111.0,112.48,95.51,98.65,113.68,-15.03,-13.2213,1397777.76,14387917.386,16.9386,1.4,134.6867,11.9688,9545064.6139
300136.SZ,2026-06-01,96.89,98.35,91.18,91.53,98.65,-7.12,-7.2174,979531.73,9185092.239,11.8702,0.93,124.9658,11.105,8856155.7436
300136.SZ,2026-06-02,92.08,93.99,88.0,91.97,91.53,0.44,0.4807,807513.19,7384278.139,9.7857,0.79,125.5665,11.1584,8898728.7637
300136.SZ,2026-06-03,91.0,99.8,90.5,95.6,91.97,3.63,3.9469,950821.71,9141249.987,11.5223,0.96,130.5226,11.5988,9249956.1793
300136.SZ,2026-06-04,93.0,98.5,93.0,98.0,95.6,2.4,2.5105,679733.66,6580274.665,8.2372,0.68,133.7993,11.89,9482172.6524
300136.SZ,2026-06-05,100.0,108.98,97.0,106.33,98.0,8.33,8.5,1290148.65,13319804.522,15.6344,1.34,145.1722,12.9006,10288157.3279
300136.SZ,2026-06-08,101.36,110.18,101.36,103.65,106.33,-2.68,-2.5205,1084772.81,11470270.075,13.1456,1.15,141.5132,12.5754,10028848.9329
300136.SZ,2026-06-09,101.97,104.0,96.39,103.0,103.65,-0.65,-0.6271,920481.59,9183547.91753,11.1546,0.96,140.6258,12.4966,9965956.9714
300136.SZ,2026-06-10,100.86,103.9,95.3,96.39,103.0,-6.61,-6.4175,743685.96,7309075.61743,9.0122,0.75,131.6012,11.6946,9326394.1017
300136.SZ,2026-06-11,96.37,101.87,92.68,99.28,96.39,2.89,2.9982,918557.97,8894688.02667,11.1313,0.97,135.5469,12.0452,9606021.4381
300136.SZ,2026-06-12,102.87,105.0,96.16,96.86,99.28,-2.42,-2.4376,940884.95,9499874.60902,11.4019,0.95,132.2429,11.6811,9371869.8277
300136.SZ,2026-06-15,94.0,98.99,90.0,97.7,96.86,0.84,0.8672,989094.79,9386159.29079,11.9861,1.07,133.3897,11.7824,9453145.5933
300136.SZ,2026-06-16,104.49,106.8,99.5,100.16,97.7,2.46,2.5179,1182487.25,12177930.8421,14.3297,1.31,136.7483,12.079,9691167.4782
300136.SZ,2026-06-17,104.66,112.9,103.2,105.56,100.16,5.4,5.3914,1495046.49,16016435.7292,18.1174,1.57,144.121,12.7303,10213654.5427
300136.SZ,2026-06-18,102.5,110.8,101.58,107.45,105.56,1.89,1.7905,1219061.29,12991003.6192,14.7729,1.1,146.7014,12.9582,10396525.0153
300136.SZ,2026-06-22,105.45,108.78,97.5,99.32,107.45,-8.13,-7.5663,1254467.98,12658446.9654,15.202,1.08,135.6015,11.9777,9609891.7126
300136.SZ,2026-06-23,95.91,98.79,93.0,95.48,99.32,-3.84,-3.8663,868638.31,8278806.4432,10.5264,0.71,130.3587,11.5146,9238345.3556
300136.SZ,2026-06-24,94.24,104.88,93.18,103.12,95.48,7.64,8.0017,1040594.85,10333074.792,12.6102,0.86,140.7896,12.436,9977567.7951
300136.SZ,2026-06-25,103.0,117.56,102.3,116.73,103.12,13.61,13.1982,1559298.34,17088370.2736,18.896,1.33,159.3713,14.0773,11294428.7114
300136.SZ,2026-06-26,114.63,121.4,113.12,118.19,116.73,1.46,1.2507,1174706.4,13821942.5916,14.2354,0.99,161.3647,14.2534,11435693.7325
300136.SZ,2026-06-29,121.4,129.44,115.93,116.75,118.19,-1.44,-1.2184,1161661.31,14088155.9673,14.0773,0.98,159.3987,14.0797,11296363.8487
300136.SZ,2026-06-30,117.01,120.77,113.75,119.25,116.75,2.5,2.1413,836133.58,9838337.61524,10.1325,0.72,162.8119,14.3812,11538256.0082
300136.SZ,2026-07-01,120.5,123.36,109.64,112.16,119.25,-7.09,-5.9455,1002564.45,11591868.763,12.1493,0.87,153.1319,13.5262,10852249.8438
300136.SZ,2026-07-02,106.5,108.77,100.8,101.01,112.16,-11.15,-9.9412,752946.17,7898287.09679,9.1244,0.66,137.9088,12.1815,9773410.8124
300136.SZ,2026-07-03,101.0,107.18,100.99,102.6,101.01,1.59,1.5741,650214.37,6769447.83052,7.8795,0.66,140.0797,12.3733,9927254.2259
300136.SZ,2026-07-06,102.91,104.6,93.38,93.67,102.6,-8.93,-8.7037,701866.69,6814842.1637,8.5054,0.8,127.8876,11.2964,9063215.4321
300136.SZ,2026-07-07,93.0,96.6,92.2,93.4,93.67,-0.27,-0.2882,453102.91,4264542.65232,5.4908,0.57,127.5189,11.2638,9037091.0789
300136.SZ,2026-07-08,94.8,94.9,89.68,89.88,93.4,-3.52,-3.7687,511552.41,4694391.49084,6.1991,0.72,122.7131,10.8393,8696506.9183
300136.SZ,2026-07-09,91.02,100.45,87.29,99.71,89.88,9.83,10.9368,653200.51,6022990.54373,7.9157,1.06,136.134,12.0248,9647626.8895
