ts_code,trade_date,open,high,low,close,pre_close,change,pct_chg,vol,amount,turnover_rate,volume_ratio,pe,pb,total_mv
300339.SZ,2023-01-03,18.53,19.76,18.42,19.65,18.57,1.08,5.8158,421605.13,811691.646,5.465,1.69,88.8058,4.8796,1564947.3026
300339.SZ,2023-01-04,19.5,19.89,19.41,19.71,19.65,0.06,0.3053,318251.88,625162.076,4.1253,1.12,89.077,4.8945,1569725.7676
300339.SZ,2023-01-05,19.71,19.72,19.38,19.44,19.71,-0.27,-1.3699,243222.51,474524.98,3.1527,0.78,87.8567,4.8274,1548222.6749
300339.SZ,2023-01-06,19.38,19.52,19.16,19.18,19.44,-0.26,-1.3374,243922.15,471385.254,3.1618,0.84,86.6817,4.7628,1527515.993
300339.SZ,2023-01-09,19.52,19.69,19.29,19.3,19.18,0.12,0.6257,223996.52,436272.619,2.9035,0.78,87.224,4.7926,1537072.9231
300339.SZ,2023-01-10,19.22,20.28,19.18,20.08,19.3,0.78,4.0415,503616.55,1001905.852,6.5281,1.74,90.7491,4.9863,1599192.9687
300339.SZ,2023-01-11,20.06,20.16,19.67,19.69,20.08,-0.39,-1.9422,285535.28,568159.656,3.7012,0.93,88.9866,4.8895,1568132.9459
300339.SZ,2023-01-12,19.7,20.62,19.62,20.22,19.69,0.53,2.6917,484947.08,976858.397,6.2861,1.62,91.3819,5.0211,1610342.7205
300339.SZ,2023-01-13,20.16,20.29,19.9,20.05,20.22,-0.17,-0.8408,250841.01,502758.741,3.2515,0.72,90.6136,4.9789,1596803.7362
300339.SZ,2023-01-16,20.12,20.39,20.02,20.02,20.05,-0.03,-0.1496,259021.55,522829.314,3.3575,0.74,90.478,4.9714,1594414.5037
300339.SZ,2023-01-17,19.9,19.9,19.35,19.47,20.02,-0.55,-2.7473,307376.16,601520.723,3.9843,0.86,87.9923,4.8349,1550611.9074
300339.SZ,2023-01-18,19.5,19.86,19.26,19.57,19.47,0.1,0.5136,236502.26,464494.687,3.0656,0.74,88.4443,4.8597,1558576.0158
300339.SZ,2023-01-19,19.52,20.32,19.48,20.13,19.57,0.56,2.8615,358007.98,718204.888,4.6406,1.16,90.9751,4.9987,1603175.0229
300339.SZ,2023-01-20,20.12,21.1,20.05,20.52,20.13,0.39,1.9374,440700.32,910700.609,5.7125,1.56,92.7377,5.0956,1634235.0457
300339.SZ,2023-01-30,20.87,20.97,20.35,20.59,20.52,0.07,0.3411,380679.88,786885.612,4.9345,1.19,93.054,5.113,1639809.9216
300339.SZ,2023-01-31,20.4,20.56,20.2,20.3,20.59,-0.29,-1.4085,239251.36,487090.985,3.1013,0.69,91.7434,5.041,1616714.0072
300339.SZ,2023-02-01,20.4,20.87,20.31,20.86,20.3,0.56,2.7586,321535.52,664891.826,4.1679,0.97,94.2743,5.18,1661313.0143
300339.SZ,2023-02-02,21.25,23.22,21.25,22.27,20.86,1.41,6.7593,911514.33,2040886.95,11.8154,2.62,100.6466,5.5302,1773606.9429
300339.SZ,2023-02-03,22.01,23.41,21.75,23.21,22.27,0.94,4.2209,837808.17,1896281.111,10.86,1.83,104.8948,5.7636,1848469.562
300339.SZ,2023-02-06,25.0,27.85,24.8,27.28,23.21,4.07,17.5355,1797991.16,4837591.077,23.3062,3.34,123.2887,6.7743,2172608.7742
300339.SZ,2023-02-07,27.0,27.58,25.97,26.85,27.28,-0.43,-1.5762,1499418.08,4023076.434,19.436,1.82,121.3454,6.6675,2138363.1081
300339.SZ,2023-02-08,26.34,26.45,24.23,24.38,26.85,-2.47,-9.1993,1346306.43,3352860.687,17.4513,1.25,110.1825,6.0541,1941649.6304
300339.SZ,2023-02-09,24.1,24.76,23.83,24.6,24.38,0.22,0.9024,783452.06,1909006.948,10.1554,0.61,111.1767,6.1088,1959170.6689
300339.SZ,2023-02-10,24.69,25.45,23.95,24.45,24.6,-0.15,-0.6098,781797.45,1934148.195,10.134,0.62,110.4988,6.0715,1947224.5062
300339.SZ,2023-02-13,24.1,25.16,23.96,24.92,24.45,0.47,1.9223,625270.75,1541561.883,8.105,0.5,112.6229,6.1882,1984655.8158
300339.SZ,2023-02-14,25.05,25.41,24.63,24.93,24.92,0.01,0.0401,516393.63,1291607.216,6.6937,0.51,112.6681,6.1907,1985452.2266
300339.SZ,2023-02-15,24.6,26.93,24.58,26.3,24.93,1.37,5.4954,984562.55,2545119.802,12.7623,1.21,118.8597,6.5309,2094560.5118
300339.SZ,2023-02-16,26.29,26.7,24.64,25.06,26.3,-1.24,-4.7148,824483.31,2124388.694,10.6873,1.12,113.2557,6.223,1995805.5675
300339.SZ,2023-02-17,24.9,25.31,23.82,23.87,25.06,-1.19,-4.7486,601076.92,1461831.448,7.7914,0.81,107.8776,5.9275,1901032.6775
300339.SZ,2023-02-20,24.1,24.87,23.75,24.8,23.87,0.93,3.8961,459574.57,1120563.451,5.9572,0.65,112.0806,6.1584,1975098.8857
300339.SZ,2023-02-21,24.7,25.29,24.41,24.74,24.8,-0.06,-0.2419,431977.46,1073725.205,5.5995,0.64,111.8095,6.1435,1970320.4206
300339.SZ,2023-02-22,24.4,25.6,24.03,25.25,24.74,0.51,2.0614,605953.52,1512974.442,7.8546,0.92,114.1143,6.2702,2010937.3735
300339.SZ,2023-02-23,24.9,24.96,24.0,24.15,25.25,-1.1,-4.3564,479845.6,1170285.335,6.2199,0.82,109.143,5.997,1923332.181
300339.SZ,2023-02-24,24.15,24.48,23.86,24.02,24.15,-0.13,-0.5383,327253.0,789417.506,4.242,0.63,108.5555,5.9647,1912978.8401
300339.SZ,2023-02-27,23.76,23.96,23.19,23.4,24.02,-0.62,-2.5812,392130.83,922193.856,5.0829,0.85,105.7535,5.8108,1863601.3679
300339.SZ,2023-02-28,23.78,24.05,23.5,23.8,23.4,0.4,1.7094,367658.15,873273.947,4.7657,0.82,107.5612,5.9101,1895457.8016
300339.SZ,2023-03-01,23.55,24.55,23.51,24.51,23.8,0.71,2.9832,515683.39,1249911.069,6.6845,1.19,110.77,6.0864,1952002.9713
300339.SZ,2023-03-02,24.42,24.68,24.25,24.36,24.51,-0.15,-0.612,370773.89,906133.13,4.8061,0.89,110.0921,6.0492,1940056.8087
300339.SZ,2023-03-03,24.02,24.61,23.82,24.18,24.36,-0.18,-0.7389,374141.38,906348.174,4.8498,0.95,109.2786,6.0045,1925721.4135
300339.SZ,2023-03-06,24.08,24.15,23.63,23.8,24.18,-0.38,-1.5715,326483.2,777464.699,4.232,0.81,107.5612,5.9101,1895457.8016
300339.SZ,2023-03-07,23.76,24.48,23.21,23.35,23.8,-0.45,-1.8908,552101.44,1314986.456,7.1565,1.41,105.5275,5.7983,1859619.3137
300339.SZ,2023-03-08,22.88,23.51,22.8,23.45,23.35,0.1,0.4283,319814.49,744704.912,4.1456,0.75,105.9795,5.8232,1867583.4221
300339.SZ,2023-03-09,23.47,23.78,22.89,23.25,23.45,-0.2,-0.8529,305296.14,710181.91,3.9574,0.79,105.0756,5.7735,1851655.2053
300339.SZ,2023-03-10,23.0,23.38,22.66,22.66,23.25,-0.59,-2.5376,330928.45,759965.625,4.2896,0.88,102.4091,5.627,1804666.9657
300339.SZ,2023-03-13,22.9,23.06,22.3,23.04,22.66,0.38,1.677,388119.78,882858.537,5.031,1.06,104.1265,5.7214,1834930.5777
300339.SZ,2023-03-14,22.84,22.89,21.96,22.38,23.04,-0.66,-2.8646,476661.07,1067881.458,6.1787,1.26,101.1437,5.5575,1782367.4622
300339.SZ,2023-03-15,22.63,22.7,21.84,21.9,22.38,-0.48,-2.1448,344875.36,765432.961,4.4704,0.95,98.9744,5.4383,1744139.7418
300339.SZ,2023-03-16,21.8,21.93,21.34,21.4,21.9,-0.5,-2.2831,328168.58,707550.941,4.2538,0.89,96.7147,5.3141,1704319.1997
300339.SZ,2023-03-17,21.66,23.38,21.65,23.01,21.4,1.61,7.5234,783813.61,1773197.446,10.1601,2.1,103.9909,5.7139,1832541.3451
300339.SZ,2023-03-20,23.84,25.13,23.13,23.2,23.01,0.19,0.8257,984007.78,2375573.825,12.7551,2.12,104.8496,5.7611,1847673.1511
300339.SZ,2023-03-21,23.03,24.45,22.7,24.12,23.2,0.92,3.9655,740029.64,1745589.025,9.5925,1.27,109.0074,5.9896,1920942.9485
300339.SZ,2023-03-22,24.32,25.9,23.91,25.48,24.12,1.36,5.6385,1089476.42,2728885.327,14.1222,1.71,115.1538,6.3273,2029254.8229
300339.SZ,2023-03-23,24.9,25.54,24.58,25.34,25.48,-0.14,-0.5495,875966.81,2195296.851,11.3546,1.12,114.5211,6.2925,2018105.0711
300339.SZ,2023-03-24,25.6,27.5,25.2,26.5,25.34,1.16,4.5777,1331238.68,3495087.664,17.256,1.49,119.7636,6.5806,2110488.7287
300339.SZ,2023-03-27,28.0,28.87,26.89,27.34,26.5,0.84,3.1698,1615657.61,4517959.879,20.9428,1.61,123.5598,6.7892,2177387.2393
300339.SZ,2023-03-28,27.45,28.15,26.35,26.35,27.34,-0.99,-3.6211,1158867.15,3154005.203,15.0217,1.03,119.0857,6.5433,2098542.566
300339.SZ,2023-03-29,25.85,26.65,25.4,25.56,26.35,-0.79,-2.9981,932660.6,2415517.822,12.0895,0.77,115.5154,6.3471,2035626.1096
300339.SZ,2023-03-30,25.55,25.76,24.88,25.12,25.56,-0.44,-1.7214,533489.64,1347497.849,6.9153,0.45,113.5268,6.2379,2000584.0326
300339.SZ,2023-03-31,25.12,26.13,24.92,26.05,25.12,0.93,3.7022,613942.35,1575980.051,7.9582,0.55,117.7298,6.4688,2074650.2408
300339.SZ,2023-04-03,25.8,31.0,25.66,30.31,26.05,4.26,16.3532,1793131.15,5018397.565,23.2432,1.85,136.9824,7.5267,2413921.2591
300339.SZ,2023-04-04,29.39,31.54,29.2,30.53,30.31,0.22,0.7258,1884333.01,5770814.369,24.4254,1.87,137.9767,7.5813,2431442.2976
300339.SZ,2023-04-06,29.38,30.53,28.55,28.8,30.53,-1.73,-5.6666,1216283.24,3574434.656,15.7659,1.06,130.1581,7.1517,2293663.2221
300339.SZ,2023-04-07,29.5,30.33,29.22,29.5,28.8,0.7,2.4306,1031991.9,3060219.755,13.3771,0.85,133.3217,7.3255,2349411.981
300339.SZ,2023-04-10,28.31,28.73,25.99,25.99,29.5,-3.51,-11.8983,1309051.27,3579087.508,16.9684,1.0,117.4587,6.4539,2069871.7758
300339.SZ,2023-04-11,26.05,26.78,25.81,26.29,25.99,0.3,1.1543,691290.68,1818319.859,8.9608,0.48,118.8145,6.5284,2093764.101
300339.SZ,2023-04-12,26.01,27.12,26.0,26.75,26.29,0.46,1.7497,658333.03,1751499.362,8.5336,0.54,120.8934,6.6426,2130398.9997
300339.SZ,2023-04-13,26.55,26.7,25.33,25.4,26.75,-1.35,-5.0467,772133.65,2004990.298,10.0087,0.79,114.7923,6.3074,2022883.5361
300339.SZ,2023-04-14,25.77,26.2,25.27,25.84,25.4,0.44,1.7323,493154.94,1271679.388,6.3925,0.55,116.7808,6.4167,2057925.6131
300339.SZ,2023-04-17,25.9,25.91,24.87,25.2,25.84,-0.64,-2.4768,470718.36,1185915.943,6.1016,0.6,113.8884,6.2577,2006955.3193
300339.SZ,2023-04-18,25.22,25.56,24.89,25.35,25.2,0.15,0.5952,394866.23,998742.173,5.1184,0.64,114.5663,6.295,2018901.4819
300339.SZ,2023-04-19,25.2,26.11,25.1,25.48,25.35,0.13,0.5128,580156.74,1489998.209,7.5202,1.04,115.1538,6.3273,2029254.8229
300339.SZ,2023-04-20,25.68,26.45,25.33,26.45,25.48,0.97,3.8069,767716.51,1989066.026,9.9514,1.42,119.5376,6.5682,2106506.6744
300339.SZ,2023-04-21,26.52,27.19,25.33,25.58,26.45,-0.87,-3.2892,842397.07,2214948.83,10.9195,1.56,115.6057,6.3521,2037218.9313
300339.SZ,2023-04-24,25.1,25.44,23.4,23.47,25.58,-2.11,-8.2486,698958.72,1680038.596,9.0602,1.14,177.3242,5.7877,1869176.2438
300339.SZ,2023-04-25,23.41,23.91,22.9,23.7,23.47,0.23,0.98,471209.85,1104403.402,6.108,0.72,179.0619,5.8445,1887493.6932
300339.SZ,2023-04-26,23.35,23.64,21.97,22.35,23.7,-1.35,-5.6962,571474.38,1295154.818,7.4077,0.85,168.8622,5.5115,1779978.2296
300339.SZ,2023-04-27,22.59,23.04,22.0,22.34,22.35,-0.01,-0.0447,393850.95,888136.37,5.1052,0.59,168.7866,5.5091,1779181.8188
300339.SZ,2023-04-28,22.38,23.45,22.38,23.36,22.34,1.02,4.5658,465952.04,1076711.256,6.0398,0.78,176.4931,5.7606,1860415.7246
300339.SZ,2023-05-04,23.1,23.48,22.55,23.26,23.36,-0.1,-0.4281,424133.86,974697.253,5.4978,0.82,175.7376,5.7359,1852451.6162
300339.SZ,2023-05-05,23.08,24.19,23.0,23.73,23.26,0.47,2.0206,509338.68,1203111.317,6.6022,1.09,179.2886,5.8519,1889882.9257
300339.SZ,2023-05-08,23.73,24.08,23.1,23.6,23.73,-0.13,-0.5478,400099.52,942209.637,5.1862,0.85,178.3064,5.8198,1879529.5848
300339.SZ,2023-05-09,23.51,24.57,23.4,23.72,23.6,0.12,0.5085,479493.55,1146187.495,6.2154,1.09,179.213,5.8494,1889086.5149
300339.SZ,2023-05-10,23.5,23.97,22.8,23.14,23.72,-0.58,-2.4452,379325.43,890603.509,4.917,0.83,174.8309,5.7064,1842894.6861
300339.SZ,2023-05-11,23.25,23.43,22.68,22.82,23.14,-0.32,-1.3829,275436.62,631322.949,3.5703,0.63,172.4132,5.6274,1817409.5392
300339.SZ,2023-05-12,23.06,23.36,22.81,23.02,22.82,0.2,0.8764,276116.73,637780.724,3.5791,0.68,173.9243,5.6768,1833337.756
300339.SZ,2023-05-15,22.92,22.94,21.74,22.43,23.02,-0.59,-2.563,367979.04,817883.412,4.7699,1.02,169.4666,5.5313,1786349.5164
300339.SZ,2023-05-16,22.51,22.54,21.75,21.83,22.43,-0.6,-2.675,250678.04,551710.145,3.2494,0.7,164.9334,5.3833,1738564.8659
300339.SZ,2023-05-17,21.68,22.36,21.6,22.23,21.83,0.4,1.8323,225269.8,499182.424,2.92,0.73,167.9555,5.482,1770421.2995
300339.SZ,2023-05-18,22.21,22.83,22.15,22.67,22.23,0.44,1.9793,287280.5,649087.953,3.7238,1.03,171.2799,5.5905,1805463.3765
300339.SZ,2023-05-19,22.88,23.57,22.51,23.31,22.67,0.64,2.8231,408483.85,938778.381,5.2949,1.45,176.1153,5.7483,1856433.6704
300339.SZ,2023-05-22,23.2,23.92,23.0,23.36,23.31,0.05,0.2145,328442.78,772792.798,4.2574,1.07,176.4931,5.7606,1860415.7246
300339.SZ,2023-05-23,23.37,23.49,22.48,22.5,23.36,-0.86,-3.6815,276002.43,631059.328,3.5776,0.92,169.9955,5.5485,1791924.3923
300339.SZ,2023-05-24,22.35,22.84,22.3,22.47,22.5,-0.03,-0.1333,203523.13,459265.439,2.6381,0.67,169.7688,5.5411,1789535.1597
300339.SZ,2023-05-25,22.46,22.92,21.82,22.21,22.47,-0.26,-1.1571,258610.7,577412.796,3.3522,0.86,167.8044,5.477,1768828.4779
300339.SZ,2023-05-26,22.23,22.9,22.07,22.78,22.21,0.57,2.5664,272384.93,613366.005,3.5308,0.92,172.111,5.6176,1814223.8958
300339.SZ,2023-05-29,23.0,23.35,22.78,23.05,22.78,0.27,1.1853,297019.51,685370.595,3.8501,1.11,174.1509,5.6842,1835726.9885
300339.SZ,2023-05-30,22.98,23.65,22.43,23.64,23.05,0.59,2.5597,422889.78,983212.69,5.4817,1.62,178.6086,5.8297,1882715.2281
300339.SZ,2023-05-31,23.56,23.99,23.42,23.46,23.64,-0.18,-0.7614,375314.54,888911.555,4.865,1.29,177.2486,5.7853,1868379.833
300339.SZ,2023-06-01,23.32,24.5,23.28,24.29,23.46,0.83,3.5379,582072.02,1404742.081,7.545,1.79,183.5196,5.9899,1934481.9328
300339.SZ,2023-06-02,24.2,26.18,23.95,25.68,24.29,1.39,5.7225,854508.18,2133842.046,11.0765,2.19,194.0215,6.3327,2045183.0397
300339.SZ,2023-06-05,25.99,26.18,25.19,25.57,25.68,-0.11,-0.4283,762644.58,1957995.78,9.8857,1.51,193.1904,6.3056,2036422.5204
300339.SZ,2023-06-06,25.21,26.18,24.8,25.27,25.57,-0.3,-1.1732,670731.52,1712780.403,8.6943,1.12,190.9238,6.2316,2012530.1952
300339.SZ,2023-06-07,25.01,25.33,24.48,24.92,25.27,-0.35,-1.385,433836.1,1082503.525,5.6235,0.67,188.2794,6.1453,1984655.8158
300339.SZ,2023-06-08,24.93,25.98,24.66,25.59,24.92,0.67,2.6886,697974.06,1779561.479,9.0474,1.06,193.3415,6.3105,2038015.3421
300339.SZ,2023-06-09,25.5,25.78,25.11,25.51,25.59,-0.08,-0.3126,490728.34,1247252.684,6.361,0.72,192.7371,6.2908,2031644.0554
300339.SZ,2023-06-12,25.69,27.08,25.55,26.56,25.51,1.05,4.116,890318.04,2347605.982,11.5406,1.46,200.6702,6.5497,2115267.1937
300339.SZ,2023-06-13,26.06,26.35,25.76,26.08,26.56,-0.48,-1.8072,627109.37,1635969.165,8.1288,0.98,197.0437,6.4314,2077039.4733
300339.SZ,2023-06-14,26.26,26.34,25.02,25.13,26.08,-0.95,-3.6426,638615.62,1634542.303,8.278,1.02,189.8661,6.1971,2001380.4434
300339.SZ,2023-06-15,25.34,25.39,24.77,24.88,25.13,-0.25,-0.9948,426510.78,1067440.953,5.5286,0.64,187.9772,6.1354,1981470.1724
300339.SZ,2023-06-16,24.88,25.51,24.62,25.31,24.88,0.43,1.7283,424801.95,1072204.377,5.5064,0.69,191.226,6.2415,2015715.8386
300339.SZ,2023-06-19,25.31,25.89,24.85,25.59,25.31,0.28,1.1063,518169.75,1317993.427,6.7167,0.86,193.3415,6.3105,2038015.3421
300339.SZ,2023-06-20,25.49,26.77,25.29,26.5,25.59,0.91,3.5561,932976.94,2456523.599,12.0936,1.77,200.2169,6.5349,2110488.7287
300339.SZ,2023-06-21,26.99,27.26,25.25,25.26,26.5,-1.24,-4.6792,811036.39,2131208.609,10.513,1.38,190.8483,6.2292,2011733.7844
300339.SZ,2023-06-26,24.66,25.6,23.6,23.81,25.26,-1.45,-5.7403,579336.91,1427416.283,7.5096,0.93,179.893,5.8716,1896254.2124
300339.SZ,2023-06-27,24.01,25.08,24.01,24.48,23.81,0.67,2.8139,408613.07,1003687.852,5.2966,0.63,184.9551,6.0368,1949613.7388
300339.SZ,2023-06-28,24.5,24.58,22.38,23.3,24.48,-1.18,-4.8203,546977.94,1269498.533,7.0901,0.84,176.0398,5.7458,1855637.2595
300339.SZ,2023-06-29,23.15,23.69,22.96,23.33,23.3,0.03,0.1288,330251.57,770205.276,4.2808,0.5,176.2664,5.7532,1858026.4921
300339.SZ,2023-06-30,23.26,24.07,23.08,23.96,23.33,0.63,2.7004,348178.13,825285.531,4.5132,0.65,181.0263,5.9086,1908200.375
300339.SZ,2023-07-03,24.1,24.68,23.57,24.45,23.96,0.49,2.0451,408032.69,989208.781,5.2891,0.92,184.7284,6.0294,1947224.5062
300339.SZ,2023-07-04,24.15,24.88,24.15,24.69,24.45,0.24,0.9816,411844.67,1011945.314,5.3385,1.01,186.5417,6.0886,1966338.3664
300339.SZ,2023-07-05,24.53,25.09,24.16,24.19,24.69,-0.5,-2.0251,375599.6,925195.727,4.8687,0.92,182.764,5.9653,1926517.8244
300339.SZ,2023-07-06,24.18,25.64,24.11,25.05,24.19,0.86,3.5552,598524.2,1503845.738,7.7583,1.6,189.2616,6.1774,1995009.1567
300339.SZ,2023-07-07,24.71,24.9,23.61,23.7,25.05,-1.35,-5.3892,444786.73,1067961.41,5.7655,1.04,179.0619,5.8445,1887493.6932
300339.SZ,2023-07-10,23.7,24.05,23.59,23.59,23.7,-0.11,-0.4641,216487.61,515061.03,2.8062,0.48,178.2308,5.8173,1878733.1739
300339.SZ,2023-07-11,23.59,23.87,23.36,23.7,23.59,0.11,0.4663,203744.86,481614.49,2.641,0.5,179.0619,5.8445,1887493.6932
300339.SZ,2023-07-12,23.59,23.62,22.5,22.56,23.7,-1.14,-4.8101,405317.44,928260.915,5.2539,1.1,170.4488,5.5633,1796702.8573
300339.SZ,2023-07-13,22.75,22.93,22.43,22.69,22.56,0.13,0.5762,237726.11,538823.758,3.0815,0.64,171.431,5.5954,1807056.1982
300339.SZ,2023-07-14,22.8,23.36,22.75,22.97,22.69,0.28,1.234,310636.91,716136.752,4.0266,1.03,173.5465,5.6644,1829355.7018
300339.SZ,2023-07-17,22.88,23.33,22.77,23.06,22.97,0.09,0.3918,193101.04,444907.271,2.503,0.7,174.2265,5.6866,1836523.3993
300339.SZ,2023-07-18,23.05,23.05,22.56,22.61,23.06,-0.45,-1.9514,213253.07,484049.364,2.7643,0.79,170.8266,5.5757,1800684.9115
300339.SZ,2023-07-19,22.69,22.89,22.44,22.68,22.61,0.07,0.3096,130829.71,296815.43,1.6959,0.48,171.3555,5.5929,1806259.7874
300339.SZ,2023-07-20,22.81,22.81,22.15,22.19,22.68,-0.49,-2.1605,177453.15,397696.716,2.3002,0.82,167.6533,5.4721,1767235.6562
300339.SZ,2023-07-21,22.25,22.53,22.15,22.23,22.19,0.04,0.1803,111938.2,249529.83,1.451,0.55,167.9555,5.482,1770421.2995
300339.SZ,2023-07-24,22.22,22.62,22.06,22.28,22.23,0.05,0.2249,131803.48,294796.675,1.7085,0.8,168.3333,5.4943,1774403.3537
300339.SZ,2023-07-25,22.63,22.71,22.42,22.63,22.28,0.35,1.5709,166707.41,376933.031,2.1609,1.09,170.9777,5.5806,1802277.7332
300339.SZ,2023-07-26,22.84,23.13,22.6,22.73,22.63,0.1,0.4419,215682.43,492405.704,2.7958,1.5,171.7332,5.6053,1810241.8416
300339.SZ,2023-07-27,22.68,23.04,22.57,22.94,22.73,0.21,0.9239,226310.33,516898.283,2.9335,1.41,173.3198,5.657,1826966.4693
300339.SZ,2023-07-28,22.75,23.11,22.75,23.06,22.94,0.12,0.5231,213622.54,491464.43,2.7691,1.25,174.2265,5.6866,1836523.3993
300339.SZ,2023-07-31,23.21,23.65,23.12,23.27,23.06,0.21,0.9107,279444.2,653232.639,3.6223,1.46,175.8131,5.7384,1853248.027
300339.SZ,2023-08-01,23.5,23.98,23.26,23.94,23.27,0.67,2.8792,408333.76,969896.516,5.293,1.85,180.8752,5.9036,1906607.5534
300339.SZ,2023-08-02,23.7,24.5,23.66,24.11,23.94,0.17,0.7101,383889.7,922513.676,4.9761,1.43,182.1596,5.9456,1920146.5377
300339.SZ,2023-08-03,23.89,24.0,23.51,23.73,24.11,-0.38,-1.5761,248117.55,588779.63,3.2162,0.82,179.2886,5.8519,1889882.9257
300339.SZ,2023-08-04,23.62,24.25,23.6,23.7,23.73,-0.03,-0.1264,361767.72,867756.005,4.6894,1.18,179.0619,5.8445,1887493.6932
300339.SZ,2023-08-07,23.6,23.98,23.15,23.7,23.7,0.0,0.0,345383.17,812312.822,4.477,1.03,179.0619,5.8445,1887493.6932
300339.SZ,2023-08-08,23.54,23.94,23.46,23.58,23.7,-0.12,-0.5063,230386.21,546235.224,2.9864,0.66,178.1553,5.8149,1877936.7631
300339.SZ,2023-08-09,23.6,24.42,23.45,23.74,23.58,0.16,0.6785,355691.51,854928.725,4.6106,1.13,179.3641,5.8543,1890679.3365
300339.SZ,2023-08-10,23.7,23.7,22.9,22.92,23.74,-0.82,-3.4541,287170.93,665656.431,3.7224,0.93,173.1687,5.6521,1825373.6476
300339.SZ,2023-08-11,22.95,23.03,22.3,22.3,22.92,-0.62,-2.7051,209186.37,473152.099,2.7116,0.66,168.4844,5.4992,1775996.1754
300339.SZ,2023-08-14,22.11,22.74,22.02,22.65,22.3,0.35,1.5695,181365.0,406355.69,2.3509,0.64,171.1288,5.5855,1803870.5549
300339.SZ,2023-08-15,22.53,22.69,21.74,22.1,22.65,-0.55,-2.4283,183621.89,407268.03,2.3802,0.73,166.9733,5.4499,1760067.9586
300339.SZ,2023-08-16,22.0,22.0,20.59,20.6,22.1,-1.5,-6.7873,364151.2,765541.366,4.7079,1.5,155.6403,4.9916,1640606.3325
300339.SZ,2023-08-17,20.5,20.84,20.2,20.66,20.6,0.06,0.2913,184894.86,380492.035,2.3904,0.75,156.0936,5.0062,1645384.7975
300339.SZ,2023-08-18,20.67,20.87,20.0,20.0,20.66,-0.66,-3.1946,173935.97,354936.54,2.2487,0.77,151.1071,4.8463,1592821.682
300339.SZ,2023-08-21,20.01,20.53,20.01,20.07,20.0,0.07,0.35,158650.02,322143.908,2.0511,0.73,151.636,4.8632,1598396.5579
300339.SZ,2023-08-22,20.27,20.56,19.97,20.56,20.07,0.49,2.4415,203809.06,413474.977,2.6349,0.96,155.3381,4.9819,1637420.6891
300339.SZ,2023-08-23,20.45,20.57,20.0,20.02,20.56,-0.54,-2.6265,164506.59,332822.858,2.1268,0.76,151.2582,4.8511,1594414.5037
300339.SZ,2023-08-24,20.06,20.24,19.67,19.68,20.02,-0.34,-1.6983,178758.59,356853.914,2.3111,1.01,148.6894,4.7687,1567336.5351
300339.SZ,2023-08-25,19.54,19.54,18.6,18.76,19.68,-0.92,-4.6748,280327.48,533324.885,3.6242,1.59,141.7385,4.5458,1494066.7377
300339.SZ,2023-08-28,20.11,20.35,18.91,18.93,18.76,0.17,0.9062,264224.27,516710.469,3.416,1.34,143.0229,4.587,1507605.722
300339.SZ,2023-08-29,18.93,19.8,18.9,19.7,18.93,0.77,4.0676,227014.56,442099.79,2.935,1.04,148.8405,4.7736,1568929.3568
300339.SZ,2023-08-30,20.15,20.82,20.15,20.59,19.7,0.89,4.5178,407557.04,835549.977,5.2691,1.83,155.5648,4.9892,1639809.9216
300339.SZ,2023-08-31,20.21,20.72,20.16,20.35,20.59,-0.24,-1.1656,235781.08,480733.454,3.0483,0.87,153.7515,4.9311,1620696.0614
300339.SZ,2023-09-01,20.4,20.99,20.05,20.65,20.35,0.3,1.4742,271020.26,555559.06,3.5039,0.96,156.0181,5.0038,1644588.3867
300339.SZ,2023-09-04,20.87,23.8,20.52,23.16,20.65,2.51,12.155,765563.07,1687256.782,9.8976,2.72,174.982,5.612,1844487.5078
300339.SZ,2023-09-05,23.0,25.16,22.8,23.03,23.16,-0.13,-0.5613,1267645.34,3041078.401,16.3887,3.32,173.9998,5.5805,1834134.1668
300339.SZ,2023-09-06,23.1,24.7,22.91,24.12,23.03,1.09,4.733,1007095.92,2397049.343,13.0202,1.71,182.2352,5.8446,1920942.9485
300339.SZ,2023-09-07,23.8,24.79,23.6,24.01,24.12,-0.11,-0.4561,907131.53,2193104.966,11.7278,1.28,181.4041,5.8179,1912182.4292
300339.SZ,2023-09-08,24.1,26.63,24.0,25.22,24.01,1.21,5.0396,1496855.37,3767487.739,19.3521,1.77,190.5461,6.1111,2008548.141
300339.SZ,2023-09-11,24.62,25.54,24.26,24.53,25.22,-0.69,-2.7359,1001521.98,2480774.983,12.9482,0.92,185.3329,5.9439,1953595.793
300339.SZ,2023-09-12,24.03,25.38,24.02,24.28,24.53,-0.25,-1.0192,1013371.01,2498275.086,13.1014,0.89,183.444,5.8833,1933685.5219
300339.SZ,2023-09-13,24.02,24.4,23.15,23.44,24.28,-0.84,-3.4596,707572.75,1676244.813,9.1478,0.65,177.0975,5.6798,1866787.0113
300339.SZ,2023-09-14,23.65,25.39,23.1,24.39,23.44,0.95,4.0529,1097742.25,2683094.803,14.1922,1.07,184.2751,5.91,1942446.0412
300339.SZ,2023-09-15,24.41,24.8,23.8,23.91,24.39,-0.48,-1.968,686061.45,1665346.713,8.8697,0.65,180.6485,5.7937,1904218.3208
300339.SZ,2023-09-18,24.03,24.75,23.61,23.79,23.91,-0.12,-0.5019,618773.75,1493970.68,7.9998,0.69,179.7419,5.7646,1894661.3907
300339.SZ,2023-09-19,23.74,23.9,22.77,23.36,23.79,-0.43,-1.8075,550607.27,1281675.432,7.1185,0.67,176.4931,5.6604,1860415.7246
300339.SZ,2023-09-20,23.53,24.24,23.33,23.6,23.36,0.24,1.0274,528416.06,1252961.734,6.8316,0.72,178.3064,5.7186,1879529.5848
300339.SZ,2023-09-21,23.06,24.54,23.06,24.39,23.6,0.79,3.3475,804961.22,1927448.801,10.4069,1.16,184.2751,5.91,1942446.0412
300339.SZ,2023-09-22,24.05,24.95,23.68,24.84,24.39,0.45,1.845,851516.03,2075782.039,11.0088,1.34,187.675,6.019,1978284.529
300339.SZ,2023-09-25,24.99,25.98,24.3,24.37,24.84,-0.47,-1.8921,1117748.77,2831341.832,14.4508,1.67,184.124,5.9052,1940853.2195
300339.SZ,2023-09-26,23.82,23.91,22.45,22.46,24.37,-1.91,-7.8375,877548.48,2018685.97,11.3454,1.14,169.6933,5.4423,1788738.7489
300339.SZ,2023-09-27,22.22,23.22,22.02,22.28,22.46,-0.18,-0.8014,575772.58,1298264.801,7.4439,0.69,168.3333,5.3987,1774403.3537
300339.SZ,2023-09-28,22.23,22.93,22.23,22.65,22.28,0.37,1.6607,387478.19,876717.812,5.0095,0.46,171.1288,5.4884,1803870.5549
300339.SZ,2023-10-09,22.65,23.6,22.61,23.09,22.65,0.44,1.9426,551528.99,1279142.828,7.1304,0.72,174.4531,5.595,1838912.6319
300339.SZ,2023-10-10,23.08,27.71,22.95,27.71,23.09,4.62,20.0087,2342217.33,6184150.282,30.2813,3.34,209.3589,6.7145,2206854.4404
300339.SZ,2023-10-11,27.7,28.39,26.88,27.88,27.71,0.17,0.6135,2276899.09,6299500.86,29.4369,2.4,210.6433,6.7557,2220393.4247
300339.SZ,2023-10-12,27.31,28.95,26.68,28.14,27.88,0.26,0.9326,1850889.59,5178558.941,23.9292,1.51,212.6077,6.8187,2241100.1066
300339.SZ,2023-10-13,27.96,30.38,27.53,29.47,28.14,1.33,4.7264,2069394.06,5975149.789,26.7541,1.4,222.6563,7.141,2347022.7484
300339.SZ,2023-10-16,29.0,31.32,28.83,29.51,29.47,0.04,0.1357,1916040.25,5746075.933,24.7715,1.05,222.9585,7.1506,2350208.3918
300339.SZ,2023-10-17,29.89,30.2,27.78,28.08,29.51,-1.43,-4.8458,1357095.08,3859260.921,17.5452,0.65,212.1544,6.8041,2236321.6415
300339.SZ,2023-10-18,27.85,29.45,27.85,28.31,28.08,0.23,0.8191,1390753.68,3981789.356,17.9803,0.73,213.8921,6.8599,2254639.0909
300339.SZ,2023-10-19,27.9,28.64,26.25,26.3,28.31,-2.01,-7.1,1476646.56,4027215.989,19.0908,0.86,198.7058,6.3728,2094560.5118
300339.SZ,2023-10-20,26.25,26.66,25.43,25.63,26.3,-0.67,-2.5475,838282.13,2174696.877,10.8377,0.51,193.6437,6.2105,2041200.9855
300339.SZ,2023-10-23,25.35,25.68,24.1,24.31,25.63,-1.32,-5.1502,868307.14,2141334.685,11.2259,0.62,183.6707,5.8906,1936074.7545
300339.SZ,2023-10-24,24.39,24.5,21.78,23.14,24.31,-1.17,-4.8128,1148187.85,2611435.466,14.8443,0.97,174.8309,5.555,1842894.6861
300339.SZ,2023-10-25,23.28,26.52,22.74,25.69,23.14,2.55,11.0199,1456333.02,3586301.608,18.8282,1.27,194.0971,6.1672,2045979.4505
300339.SZ,2023-10-26,25.02,27.1,25.02,25.89,25.69,0.2,0.7785,1422013.52,3728548.35,18.3845,1.23,195.6081,6.2152,2061907.6673
300339.SZ,2023-10-27,25.89,26.19,24.76,24.98,25.89,-0.91,-3.5149,940989.55,2380266.419,12.1656,0.82,188.7328,5.9967,1989434.2808
300339.SZ,2023-10-30,24.81,26.53,24.81,26.23,24.98,1.25,5.004,930857.98,2415302.4,12.0346,0.8,198.177,6.2968,2088985.6359
300339.SZ,2023-10-31,26.38,27.1,25.88,26.62,26.23,0.39,1.4868,1119556.47,2964455.241,14.4742,0.95,201.1235,6.3904,2120045.6587
300339.SZ,2023-11-01,26.21,26.84,25.6,25.96,26.62,-0.66,-2.4793,679488.49,1771924.565,8.7848,0.58,196.137,6.232,2067482.5432
300339.SZ,2023-11-02,26.23,26.39,25.25,25.26,25.96,-0.7,-2.6965,700320.95,1807418.301,9.0541,0.69,190.8483,6.0639,2011733.7844
300339.SZ,2023-11-03,25.4,25.98,25.35,25.71,25.26,0.45,1.7815,586683.62,1505285.987,7.5849,0.67,194.2482,6.172,2047572.2722
300339.SZ,2023-11-06,25.42,26.35,25.33,26.08,25.71,0.37,1.4391,726456.48,1883606.3,9.392,0.9,197.0437,6.2608,2077039.4733
300339.SZ,2023-11-07,26.1,26.3,25.69,25.88,26.08,-0.2,-0.7669,739642.56,1918081.677,9.5625,0.97,195.5326,6.2128,2061111.2565
300339.SZ,2023-11-08,25.8,27.69,25.71,27.12,25.88,1.24,4.7913,1348099.65,3625967.168,17.4289,1.96,204.9012,6.5104,2159866.2008
300339.SZ,2023-11-09,26.9,27.32,26.31,26.92,27.12,-0.2,-0.7375,906577.59,2430092.142,11.7207,1.11,203.3902,6.4624,2143937.984
300339.SZ,2023-11-10,26.91,27.96,26.81,27.15,26.92,0.23,0.8544,1014855.43,2781739.771,13.1205,1.18,205.1279,6.5176,2162255.4333
300339.SZ,2023-11-13,27.8,29.99,27.6,29.13,27.15,1.98,7.2928,1557063.73,4488298.403,20.1305,1.64,220.0875,6.993,2319944.7798
300339.SZ,2023-11-14,28.8,30.28,28.14,28.7,29.13,-0.43,-1.4761,1431245.33,4155688.952,18.5038,1.29,216.8387,6.8897,2285699.1137
300339.SZ,2023-11-15,29.02,29.5,27.39,27.4,28.7,-1.3,-4.5296,1352616.08,3841939.295,17.4873,1.08,207.0167,6.5777,2182165.7043
300339.SZ,2023-11-16,27.0,30.12,26.84,29.47,27.4,2.07,7.5547,1673303.23,4806735.941,21.6333,1.34,222.6563,7.0746,2347022.7484
300339.SZ,2023-11-17,29.19,29.78,28.87,29.09,29.47,-0.38,-1.2894,1048307.55,3062762.871,13.553,0.75,219.7853,6.9834,2316759.1365
300339.SZ,2023-11-20,29.15,29.8,28.73,29.09,29.09,0.0,0.0,903842.68,2643864.091,11.6853,0.64,219.7853,6.9834,2316759.1365
300339.SZ,2023-11-21,28.84,29.05,27.55,27.75,29.09,-1.34,-4.6064,986589.36,2783157.652,12.7551,0.77,209.6611,6.6617,2210040.0838
300339.SZ,2023-11-22,27.54,28.09,27.33,27.4,27.75,-0.35,-1.2613,537464.78,1489878.947,6.9486,0.45,207.0167,6.5777,2182165.7043
300339.SZ,2023-11-23,27.19,28.12,25.9,27.92,27.4,0.52,1.8978,789247.17,2126358.939,10.2038,0.77,210.9455,6.7025,2223579.0681
300339.SZ,2023-11-24,27.6,27.79,26.47,26.55,27.92,-1.37,-4.9069,547774.44,1480008.652,7.0819,0.64,200.5947,6.3736,2114470.7829
300339.SZ,2023-11-27,26.32,27.5,26.3,26.97,26.55,0.42,1.5819,474430.09,1276808.903,6.1337,0.63,203.7679,6.4744,2147920.0382
300339.SZ,2023-11-28,26.85,26.99,26.11,26.53,26.97,-0.44,-1.6314,387606.71,1029494.711,5.0112,0.58,200.4436,6.3688,2112877.9612
300339.SZ,2023-11-29,26.49,27.92,26.26,27.1,26.53,0.57,2.1485,664985.89,1811966.219,8.5973,1.22,204.7501,6.5056,2158273.3791
300339.SZ,2023-11-30,26.95,27.6,26.65,27.36,27.1,0.26,0.9594,528052.17,1428739.813,6.8269,0.92,206.7145,6.5681,2178980.061
300339.SZ,2023-12-01,27.5,28.75,27.43,28.23,27.36,0.87,3.1798,802230.69,2262769.288,10.3716,1.54,213.2877,6.7769,2248267.8041
300339.SZ,2023-12-04,28.28,28.94,27.88,27.9,28.23,-0.33,-1.169,678969.23,1927055.459,8.778,1.19,210.7944,6.6977,2221986.2464
300339.SZ,2023-12-05,27.6,27.66,26.5,26.51,27.9,-1.39,-4.9821,610551.69,1640901.762,7.8935,1.0,200.2925,6.364,2111285.1395
300339.SZ,2023-12-06,26.36,26.8,26.25,26.32,26.51,-0.19,-0.7167,347442.94,921260.88,4.4919,0.53,198.8569,6.3184,2096153.3335
300339.SZ,2023-12-07,26.32,27.0,26.32,26.69,26.32,0.37,1.4058,341985.96,912159.756,4.4214,0.58,201.6524,6.4072,2125620.5346
300339.SZ,2023-12-08,26.6,27.78,26.5,27.43,26.69,0.74,2.7726,607875.91,1666131.718,7.8589,1.09,207.2434,6.5849,2184554.9369
300339.SZ,2023-12-11,27.82,28.79,27.46,27.71,27.43,0.28,1.0208,731994.58,2051384.381,9.4636,1.41,209.3589,6.6521,2206854.4404
300339.SZ,2023-12-12,27.6,28.97,27.48,28.39,27.71,0.68,2.454,875228.03,2488065.604,11.3154,1.66,214.4965,6.8153,2261010.3776
300339.SZ,2023-12-13,28.04,28.29,27.46,27.46,28.39,-0.93,-3.2758,559509.06,1559133.181,7.2336,0.96,207.47,6.5921,2186944.1694
300339.SZ,2023-12-14,27.6,27.74,26.68,26.7,27.46,-0.76,-2.7677,499545.71,1352282.362,6.4584,0.8,201.728,6.4096,2126416.9455
300339.SZ,2023-12-15,26.86,28.89,26.52,27.88,26.7,1.18,4.4195,837436.05,2347348.173,10.8268,1.28,210.6433,6.6929,2220393.4247
300339.SZ,2023-12-18,27.67,28.38,26.9,27.01,27.88,-0.87,-3.1205,529812.29,1455161.285,6.8497,0.76,204.0701,6.484,2151105.6815
300339.SZ,2023-12-19,26.85,28.36,26.73,27.6,27.01,0.59,2.1844,632482.03,1757131.11,8.177,0.96,208.5278,6.6257,2198093.9212
300339.SZ,2023-12-20,27.65,28.12,27.05,27.18,27.6,-0.42,-1.5217,481003.86,1319479.225,6.2187,0.79,205.3545,6.5248,2164644.6658
300339.SZ,2023-12-21,26.8,26.98,24.8,26.38,27.18,-0.8,-2.9433,693828.91,1807957.619,8.9702,1.16,199.3103,6.3328,2100931.7986
300339.SZ,2023-12-22,26.1,26.4,24.8,24.9,26.38,-1.48,-5.6103,574148.97,1463520.364,7.4229,0.9,188.1283,5.9775,1983062.9941
300339.SZ,2023-12-25,25.05,25.3,24.31,25.03,24.9,0.13,0.5221,308596.5,767255.239,3.9897,0.53,189.1105,6.0087,1993416.335
300339.SZ,2023-12-26,25.04,25.05,23.91,23.96,25.03,-1.07,-4.2749,375324.58,910092.767,4.8524,0.7,181.0263,5.7519,1908200.375
300339.SZ,2023-12-27,24.2,24.8,24.18,24.53,23.96,0.57,2.379,339615.43,831936.668,4.3907,0.7,185.3329,5.8887,1953595.793
300339.SZ,2023-12-28,24.44,25.23,24.21,25.03,24.53,0.5,2.0383,379910.63,942124.466,4.9117,0.83,189.1105,6.0087,1993416.335
300339.SZ,2023-12-29,25.09,26.36,25.0,25.98,25.03,0.95,3.7954,571858.33,1472306.036,7.3933,1.45,196.2881,6.2368,2069075.3649
300339.SZ,2024-01-02,26.0,26.21,25.6,25.62,25.98,-0.36,-1.3857,405534.64,1050204.522,5.243,1.03,193.5682,6.1504,2040404.5746
300339.SZ,2024-01-03,25.86,26.5,25.38,26.24,25.62,0.62,2.42,508092.34,1319597.198,6.5689,1.23,198.2525,6.2992,2089782.0468
300339.SZ,2024-01-04,26.02,27.35,25.92,26.08,26.24,-0.16,-0.6098,735317.4,1958788.172,9.5065,1.67,197.0437,6.2608,2077039.4733
300339.SZ,2024-01-05,25.75,26.37,25.01,25.43,26.08,-0.65,-2.4923,473486.45,1218979.838,6.1215,0.91,192.1327,6.1047,2025272.7687
300339.SZ,2024-01-08,25.25,25.52,24.6,24.61,25.43,-0.82,-3.2245,349873.28,875066.469,4.5233,0.65,185.9373,5.9079,1959967.0797
300339.SZ,2024-01-09,24.71,25.23,24.5,24.98,24.61,0.37,1.5035,328748.71,817680.154,4.2502,0.66,188.7328,5.9967,1989434.2808
300339.SZ,2024-01-10,24.75,24.76,23.52,23.55,24.98,-1.43,-5.7246,410128.31,988405.151,5.3023,0.86,177.9286,5.6534,1875547.5306
300339.SZ,2024-01-11,23.4,25.89,23.4,25.49,23.55,1.94,8.2378,753268.58,1885774.643,9.7386,1.64,192.586,6.1191,2030051.2337
300339.SZ,2024-01-12,25.25,25.75,25.0,25.07,25.49,-0.42,-1.6477,405381.43,1026484.697,5.241,0.88,189.4127,6.0183,1996601.9784
300339.SZ,2024-01-15,25.08,25.58,24.99,25.08,25.07,0.01,0.0399,326524.92,822795.112,4.2215,0.73,189.4883,6.0207,1997398.3892
300339.SZ,2024-01-16,25.0,25.1,24.4,25.1,25.08,0.02,0.0797,311665.76,770775.735,4.0294,0.7,189.6394,6.0255,1998991.2109
300339.SZ,2024-01-17,25.09,25.64,24.62,24.95,25.1,-0.15,-0.5976,515465.66,1300027.324,6.6642,1.17,188.5061,5.9895,1987045.0483
300339.SZ,2024-01-18,24.55,25.65,24.52,25.53,24.95,0.58,2.3246,547816.02,1382627.979,7.0824,1.18,192.8882,6.1287,2033236.8771
300339.SZ,2024-01-19,25.37,25.5,24.0,24.0,25.53,-1.53,-5.9929,478810.68,1188607.975,6.1903,1.14,181.3285,5.7615,1911386.0184
300339.SZ,2024-01-22,24.02,24.17,21.82,22.22,24.0,-1.78,-7.4167,518768.94,1188129.858,6.7069,1.19,167.88,5.3341,1769624.8887
300339.SZ,2024-01-23,22.29,22.83,21.76,22.48,22.22,0.26,1.1701,331084.16,744342.056,4.2804,0.7,169.8444,5.3966,1790331.5706
300339.SZ,2024-01-24,22.66,22.89,21.83,22.84,22.48,0.36,1.6014,356150.08,800337.351,4.6045,0.74,172.5643,5.483,1819002.3608
300339.SZ,2024-01-25,22.71,23.87,22.61,23.7,22.84,0.86,3.7653,462114.61,1081825.782,5.9744,1.03,179.0619,5.6894,1887493.6932
300339.SZ,2024-01-26,23.7,23.86,22.93,22.99,23.7,-0.71,-2.9958,339333.34,794191.038,4.3871,0.79,173.6976,5.519,1830948.5235
300339.SZ,2024-01-29,23.24,23.53,22.01,22.04,22.99,-0.95,-4.1322,316757.04,714152.796,4.0952,0.79,166.52,5.2909,1755289.4936
300339.SZ,2024-01-30,21.98,22.22,20.86,21.03,22.04,-1.01,-4.5826,352890.65,757328.366,4.5623,0.98,158.8891,5.0485,1674851.9986
300339.SZ,2024-01-31,20.88,21.24,19.6,19.66,21.03,-1.37,-6.5145,428997.0,867654.238,5.5463,1.17,148.5383,4.7196,1565743.7134
300339.SZ,2024-02-01,19.48,20.67,19.24,20.01,19.66,0.35,1.7803,361786.11,724753.78,4.6773,0.95,151.1827,4.8036,1593618.0928
300339.SZ,2024-02-02,20.08,20.35,18.35,19.19,20.01,-0.82,-4.098,404584.05,783032.537,5.2307,1.12,144.9873,4.6068,1528312.4039
300339.SZ,2024-02-05,19.0,19.18,17.1,17.67,19.19,-1.52,-7.9208,504294.8,908072.431,6.5198,1.35,133.5031,4.2419,1407257.956
300339.SZ,2024-02-06,17.69,19.41,17.53,19.05,17.67,1.38,7.8098,472370.01,874009.99,6.107,1.15,143.9295,4.5732,1517162.6521
300339.SZ,2024-02-07,18.99,20.16,18.9,19.79,19.05,0.74,3.8845,477561.09,944694.245,6.1741,1.1,149.5205,4.7508,1576097.0543
300339.SZ,2024-02-08,20.36,21.21,20.36,20.85,19.79,1.06,5.3562,442463.6,923044.365,5.7204,1.0,157.5292,5.0053,1660516.6035
300339.SZ,2024-02-19,21.49,21.85,21.17,21.72,20.85,0.87,4.1727,523102.77,1127337.977,6.7264,1.14,164.1023,5.2141,1729804.3467
300339.SZ,2024-02-20,21.3,21.76,21.06,21.54,21.72,-0.18,-0.8287,370100.45,794825.646,4.759,0.76,162.7423,5.1709,1715468.9515
300339.SZ,2024-02-21,21.31,22.21,21.23,21.54,21.54,0.0,0.0,492781.23,1073502.539,6.3365,1.08,162.7423,5.1709,1715468.9515
300339.SZ,2024-02-22,21.78,22.3,21.69,22.15,21.54,0.61,2.8319,469953.41,1034045.869,6.043,1.02,167.3511,5.3173,1764050.0128
300339.SZ,2024-02-23,22.5,23.1,22.13,23.04,22.15,0.89,4.0181,669914.64,1526451.239,8.6142,1.46,174.0754,5.531,1834930.5777
300339.SZ,2024-02-26,22.94,23.29,22.55,22.71,23.04,-0.33,-1.4323,601092.46,1377663.812,7.7292,1.19,171.5821,5.4518,1808649.0199
300339.SZ,2024-02-27,22.6,23.64,22.48,23.59,22.71,0.88,3.8749,616599.03,1429714.355,7.9286,1.18,178.2308,5.663,1878733.1739
300339.SZ,2024-02-28,23.62,23.8,21.8,21.81,23.59,-1.78,-7.5456,738623.67,1697004.064,9.4977,1.3,164.7823,5.2357,1736972.0442
300339.SZ,2024-02-29,21.81,23.15,21.81,22.99,21.81,1.18,5.4104,519179.55,1181063.324,6.6759,0.84,173.6976,5.519,1830948.5235
300339.SZ,2024-03-01,23.15,23.86,22.88,23.67,22.99,0.68,2.9578,674831.7,1579932.693,8.6774,1.07,178.8353,5.6822,1885104.4606
300339.SZ,2024-03-04,24.35,24.49,23.41,23.93,23.67,0.26,1.0984,685276.75,1641459.588,8.8117,1.09,180.7996,5.7446,1905811.1425
300339.SZ,2024-03-05,23.51,25.07,23.3,24.18,23.93,0.25,1.0447,915860.12,2216662.348,11.7767,1.42,182.6885,5.8047,1925721.4135
300339.SZ,2024-03-06,23.7,24.37,23.55,23.93,24.18,-0.25,-1.0339,556695.99,1334267.046,7.1584,0.79,180.7996,5.7446,1905811.1425
300339.SZ,2024-03-07,23.86,24.18,22.88,22.92,23.93,-1.01,-4.2206,566071.86,1328666.275,7.2789,0.84,173.1687,5.5022,1825373.6476
300339.SZ,2024-03-08,23.07,23.33,22.89,23.23,22.92,0.31,1.3525,320130.77,739595.617,4.1164,0.47,175.5109,5.5766,1850062.3836
300339.SZ,2024-03-11,22.96,24.82,22.81,24.62,23.23,1.39,5.9836,842285.12,2024814.455,10.8306,1.38,186.0128,5.9103,1960763.4905
300339.SZ,2024-03-12,24.5,24.75,24.08,24.52,24.62,-0.1,-0.4062,637829.12,1560409.111,8.2016,1.0,185.2573,5.8863,1952799.3821
300339.SZ,2024-03-13,24.62,26.23,24.51,25.33,24.52,0.81,3.3034,1097474.31,2790183.914,14.112,1.88,191.3771,6.0807,2017308.6603
300339.SZ,2024-03-14,24.88,25.17,24.32,24.8,25.33,-0.53,-2.0924,624559.6,1548562.6,8.031,0.9,187.3728,5.9535,1975098.8857
300339.SZ,2024-03-15,24.87,24.95,24.21,24.7,24.8,-0.1,-0.4032,430790.57,1055177.405,5.5394,0.61,186.6173,5.9295,1967134.7773
300339.SZ,2024-03-18,24.99,25.15,24.64,25.03,24.7,0.33,1.336,500144.98,1248387.497,6.4312,0.69,189.1105,6.0087,1993416.335
300339.SZ,2024-03-19,24.88,25.38,24.72,24.76,25.03,-0.27,-1.0787,545958.1,1368203.439,7.0203,0.83,187.0706,5.9439,1971913.2423
300339.SZ,2024-03-20,24.6,25.23,24.51,25.21,24.76,0.45,1.8174,476178.89,1190052.124,6.123,0.74,190.4705,6.0519,2007751.7302
300339.SZ,2024-03-21,25.23,25.43,24.76,24.83,25.21,-0.38,-1.5073,411813.97,1032470.235,5.2954,0.8,187.5995,5.9607,1977488.1182
300339.SZ,2024-03-22,24.8,24.85,24.06,24.23,24.83,-0.6,-2.4164,456448.33,1110709.271,5.8693,0.97,183.0663,5.8167,1929703.4677
300339.SZ,2024-03-25,24.16,24.5,23.3,23.35,24.23,-0.88,-3.6319,416839.46,1001083.935,5.36,0.87,176.4175,5.6054,1859619.3137
300339.SZ,2024-03-26,23.2,23.66,22.6,22.87,23.35,-0.48,-2.0557,368472.03,849777.966,4.7381,0.8,172.791,5.4902,1821391.5934
300339.SZ,2024-03-27,22.87,22.94,21.45,21.58,22.87,-1.29,-5.6406,370741.09,816290.397,4.7672,0.87,163.0446,5.1805,1718654.5949
300339.SZ,2024-03-28,21.74,22.63,21.64,22.4,21.58,0.82,3.7998,349547.05,778043.935,4.4947,0.86,169.24,5.3774,1783960.2838
300339.SZ,2024-03-29,22.46,22.74,21.95,22.73,22.4,0.33,1.4732,304344.51,680605.309,3.9135,0.78,171.7332,5.4566,1810241.8416
300339.SZ,2024-04-01,23.12,23.43,22.99,23.19,22.73,0.46,2.0238,299834.42,695040.99,3.8555,0.83,175.2087,5.567,1846876.7403
300339.SZ,2024-04-02,23.01,23.07,22.55,22.72,23.19,-0.47,-2.0267,257677.41,585553.652,3.3134,0.76,171.6577,5.4542,1809445.4308
300339.SZ,2024-04-03,22.65,22.72,21.95,22.05,22.72,-0.67,-2.9489,225225.88,499864.132,2.8961,0.71,166.5956,5.2933,1756085.9044
300339.SZ,2024-04-08,22.38,25.36,22.26,24.52,22.05,2.47,11.2018,1072962.78,2595703.966,13.7969,3.73,185.2573,5.8863,1952799.3821
300339.SZ,2024-04-09,24.29,24.84,23.72,24.84,24.52,0.32,1.3051,756052.83,1834198.704,9.7218,1.75,187.675,5.9631,1978284.529
300339.SZ,2024-04-10,24.74,25.38,24.53,25.21,24.84,0.37,1.4895,918429.53,2303971.179,11.8098,1.76,190.4705,6.0519,2007751.7302
300339.SZ,2024-04-11,24.61,25.1,22.8,23.62,25.21,-1.59,-6.307,796636.44,1938781.435,10.2437,1.23,178.4575,5.6702,1881122.4064
300339.SZ,2024-04-12,23.3,23.93,22.59,22.69,23.62,-0.93,-3.9373,626682.69,1448388.305,8.0583,0.83,171.431,5.447,1807056.1982
300339.SZ,2024-04-15,22.55,23.14,21.82,22.24,22.69,-0.45,-1.9833,480160.39,1077389.467,6.1742,0.58,168.0311,5.3389,1771217.7104
300339.SZ,2024-04-16,21.93,22.17,20.71,20.97,22.24,-1.27,-5.7104,449658.67,956708.58,5.782,0.63,158.4358,5.0341,1670073.5336
300339.SZ,2024-04-17,21.3,22.38,21.3,22.1,20.97,1.13,5.3887,391633.08,863579.553,5.0359,0.6,166.9733,5.3053,1760067.9586
300339.SZ,2024-04-18,21.99,22.52,21.61,22.05,22.1,-0.05,-0.2262,384201.4,852063.078,4.9403,0.7,166.5956,5.2933,1756085.9044
300339.SZ,2024-04-19,22.33,23.05,22.03,22.06,22.05,0.01,0.0454,425154.61,955440.79,5.4669,0.91,166.6711,5.2957,1756882.3152
300339.SZ,2024-04-22,21.48,22.18,21.07,21.76,22.06,-0.3,-1.3599,285783.85,618948.759,3.6748,0.67,164.4045,5.2237,1732989.99
300339.SZ,2024-04-23,21.93,22.09,21.47,21.58,21.76,-0.18,-0.8272,226639.66,493271.84,2.9143,0.59,163.0446,5.1805,1718654.5949
300339.SZ,2024-04-24,21.69,22.35,21.51,22.33,21.58,0.75,3.4754,312028.17,687533.776,4.0123,0.91,168.7111,5.3606,1778385.408
300339.SZ,2024-04-25,21.91,22.46,21.52,22.08,22.33,-0.25,-1.1196,313985.91,693090.463,4.0374,0.96,107.3556,5.1528,1758475.1369
300339.SZ,2024-04-26,22.2,23.17,22.2,22.86,22.08,0.78,3.5326,498099.27,1130351.962,6.4049,1.59,111.148,5.3349,1820595.1825
300339.SZ,2024-04-29,22.86,23.35,22.8,23.17,22.86,0.31,1.3561,417361.82,966052.592,5.3667,1.28,112.6553,5.4072,1845283.9186
300339.SZ,2024-04-30,23.14,23.35,22.59,22.69,23.17,-0.48,-2.0716,289733.87,662869.455,3.7256,0.82,110.3215,5.2952,1807056.1982
300339.SZ,2024-05-06,23.1,23.35,22.82,22.9,22.69,0.21,0.9255,288675.83,665869.39,3.712,0.79,111.3425,5.3442,1823780.8259
300339.SZ,2024-05-07,22.79,23.07,22.4,22.56,22.9,-0.34,-1.4847,308888.47,700385.322,3.9719,0.85,109.6894,5.2648,1796702.8573
300339.SZ,2024-05-08,22.43,22.44,21.83,21.88,22.56,-0.68,-3.0142,265755.37,584678.0,3.4173,0.74,106.3832,5.1062,1742546.9201
300339.SZ,2024-05-09,22.59,23.19,22.42,22.71,21.88,0.83,3.7934,412314.12,940710.0,5.3018,1.31,110.4187,5.2999,1808649.0199
300339.SZ,2024-05-10,22.67,22.83,22.02,22.08,22.71,-0.63,-2.7741,285577.94,634763.029,3.6721,0.91,107.3556,5.1528,1758475.1369
300339.SZ,2024-05-13,21.93,22.03,21.5,21.72,22.08,-0.36,-1.6304,188740.26,411060.154,2.4269,0.6,105.6052,5.0688,1729804.3467
300339.SZ,2024-05-14,21.9,22.19,21.8,21.95,21.72,0.23,1.0589,174659.98,383814.203,2.2459,0.6,106.7235,5.1225,1748121.796
300339.SZ,2024-05-15,21.93,22.63,21.63,22.21,21.95,0.26,1.1845,301351.32,669819.207,3.875,1.14,107.9877,5.1832,1768828.4779
300339.SZ,2024-05-16,22.22,22.38,21.91,22.1,22.21,-0.11,-0.4953,248124.13,549170.801,3.1905,0.91,107.4528,5.1575,1760067.9586
300339.SZ,2024-05-17,22.07,22.66,21.8,22.45,22.1,0.35,1.5837,296813.29,663538.264,3.8166,1.24,109.1546,5.2392,1787942.338
300339.SZ,2024-05-20,22.23,22.87,22.1,22.7,22.45,0.25,1.1136,297877.87,672915.205,3.8303,1.23,110.3701,5.2975,1807852.6091
300339.SZ,2024-05-21,22.7,23.27,22.7,22.79,22.7,0.09,0.3965,454676.0,1044095.062,5.8465,1.72,110.8077,5.3185,1815020.3066
300339.SZ,2024-05-22,22.6,22.91,22.4,22.79,22.79,0.0,0.0,262752.0,595902.747,3.3786,0.82,110.8077,5.3185,1815020.3066
300339.SZ,2024-05-23,22.73,22.88,22.03,22.11,22.79,-0.68,-2.9838,278142.14,620710.837,3.5765,0.89,107.5015,5.1598,1760864.3695
300339.SZ,2024-05-24,22.03,22.25,21.5,21.54,22.11,-0.57,-2.578,250532.26,546098.761,3.2215,0.79,104.73,5.0268,1715468.9515
300339.SZ,2024-05-27,21.66,21.88,21.17,21.88,21.54,0.34,1.5785,190212.54,408215.968,2.4459,0.62,106.3832,5.1062,1742546.9201
300339.SZ,2024-05-28,21.79,21.95,21.4,21.4,21.88,-0.48,-2.1938,160812.24,347454.212,2.0678,0.56,104.0493,4.9941,1704319.1997
300339.SZ,2024-05-29,21.48,21.7,21.17,21.36,21.4,-0.04,-0.1869,161779.07,346699.616,2.0803,0.71,103.8549,4.9848,1701133.5564
300339.SZ,2024-05-30,21.3,21.5,20.95,21.39,21.36,0.03,0.1404,139074.61,296431.337,1.7883,0.67,104.0007,4.9918,1703522.7889
300339.SZ,2024-05-31,21.49,22.06,21.42,21.82,21.39,0.43,2.0103,255807.12,557982.643,3.2893,1.42,106.0914,5.0922,1737768.4551
300339.SZ,2024-06-03,21.68,22.06,21.48,21.86,21.82,0.04,0.1833,209854.97,457010.715,2.6985,1.16,106.2859,5.1015,1740954.0984
300339.SZ,2024-06-04,21.65,21.94,21.4,21.69,21.86,-0.17,-0.7777,168595.93,364456.063,2.1679,0.91,105.4594,5.0618,1727415.1141
300339.SZ,2024-06-05,21.69,21.97,21.54,21.54,21.69,-0.15,-0.6916,182167.51,397011.194,2.3424,0.97,104.73,5.0268,1715468.9515
300339.SZ,2024-06-06,21.61,21.69,20.61,20.67,21.54,-0.87,-4.039,299471.53,628673.076,3.8508,1.57,100.5,4.8238,1646181.2083
300339.SZ,2024-06-07,20.89,21.05,20.35,20.54,20.67,-0.13,-0.6289,183662.14,379351.045,2.3616,0.82,99.8679,4.7934,1635827.8674
300339.SZ,2024-06-11,20.57,21.09,20.26,21.08,20.54,0.54,2.629,204428.54,426788.063,2.6287,0.98,102.4935,4.9195,1678834.0528
300339.SZ,2024-06-12,21.14,21.56,21.08,21.28,21.08,0.2,0.9488,223700.77,477925.297,2.8765,1.08,103.4659,4.9661,1694762.2696
300339.SZ,2024-06-13,21.57,21.89,21.36,21.42,21.28,0.14,0.6579,276138.86,596230.732,3.5508,1.26,104.1466,4.9988,1705912.0214
300339.SZ,2024-06-14,21.2,21.77,21.17,21.68,21.42,0.26,1.2138,241323.27,520790.751,3.1031,1.02,105.4107,5.0595,1726618.7033
300339.SZ,2024-06-17,21.7,22.28,21.58,22.01,21.68,0.33,1.5221,319230.9,701102.763,4.1049,1.41,107.0152,5.1365,1752900.261
300339.SZ,2024-06-18,22.2,22.76,22.03,22.62,22.01,0.61,2.7715,451411.62,1010232.719,5.8045,1.78,109.9811,5.2788,1801481.3223
300339.SZ,2024-06-19,22.62,22.7,22.22,22.26,22.62,-0.36,-1.5915,342673.83,766991.591,4.4063,1.13,108.2308,5.1948,1772810.5321
300339.SZ,2024-06-20,22.22,22.29,21.6,21.61,22.26,-0.65,-2.92,262427.0,572422.088,3.3745,0.8,105.0704,5.0431,1721043.8274
300339.SZ,2024-06-21,21.73,22.2,21.22,21.99,21.61,0.38,1.7584,326028.69,711213.713,4.1923,1.01,106.918,5.1318,1751307.4394
300339.SZ,2024-06-24,22.0,23.34,21.88,22.47,21.99,0.48,2.1828,835661.26,1898620.663,10.7455,2.46,109.2518,5.2438,1789535.1597
300339.SZ,2024-06-25,22.02,22.2,20.81,20.98,22.47,-1.49,-6.6311,582306.98,1249163.316,7.4877,1.31,102.0073,4.8961,1670869.9444
300339.SZ,2024-06-26,20.89,21.49,20.46,21.43,20.98,0.45,2.1449,371207.7,780940.156,4.7732,0.79,104.1952,5.0011,1706708.4323
300339.SZ,2024-06-27,21.2,21.27,20.53,20.56,21.43,-0.87,-4.0597,284787.05,594550.134,3.662,0.6,99.9652,4.7981,1637420.6891
300339.SZ,2024-06-28,20.51,21.12,20.5,20.67,20.56,0.11,0.535,262131.0,545558.183,3.3707,0.55,100.5,4.8238,1646181.2083
300339.SZ,2024-07-01,20.6,20.82,20.34,20.73,20.67,0.06,0.2903,190704.41,392224.108,2.4522,0.41,100.7917,4.8378,1650959.6734
300339.SZ,2024-07-02,21.0,21.89,20.93,21.24,20.73,0.51,2.4602,436675.0,935985.96,5.6151,1.29,103.2714,4.9568,1691576.6263
300339.SZ,2024-07-03,20.99,21.1,20.47,20.58,21.24,-0.66,-3.1073,283084.96,584865.991,3.6401,0.92,100.0624,4.8028,1639013.5108
300339.SZ,2024-07-04,20.57,20.72,20.09,20.19,20.58,-0.39,-1.895,179520.46,366256.438,2.3084,0.62,98.1662,4.7118,1607953.488
300339.SZ,2024-07-05,20.38,20.52,19.91,20.4,20.19,0.21,1.0401,167502.94,340110.547,2.1539,0.62,99.1872,4.7608,1624678.1156
300339.SZ,2024-07-08,20.39,20.39,19.63,19.65,20.4,-0.75,-3.6765,172462.6,344037.69,2.2176,0.69,95.5406,4.5857,1564947.3026
300339.SZ,2024-07-09,19.77,20.2,19.58,20.15,19.65,0.5,2.5445,206521.72,412254.06,2.6556,0.83,97.9717,4.7024,1604767.8446
300339.SZ,2024-07-10,20.13,20.38,20.02,20.03,20.15,-0.12,-0.5955,155045.18,313130.786,1.9937,0.77,97.3882,4.6744,1595210.9145
300339.SZ,2024-07-11,20.53,20.73,20.24,20.48,20.03,0.45,2.2466,235329.59,481870.353,3.026,1.34,99.5762,4.7794,1631049.4024
300339.SZ,2024-07-12,20.31,20.4,20.14,20.18,20.48,-0.3,-1.4648,148433.21,300193.033,1.9087,0.79,98.1176,4.7094,1607157.0771
300339.SZ,2024-07-15,20.2,20.32,20.02,20.05,20.18,-0.13,-0.6442,100334.19,202008.112,1.2902,0.55,97.4855,4.6791,1596803.7362
300339.SZ,2024-07-16,20.01,20.49,19.95,20.41,20.05,0.36,1.7955,175015.21,355224.749,2.2505,1.03,99.2359,4.7631,1625474.5265
300339.SZ,2024-07-17,20.38,20.47,20.05,20.06,20.41,-0.35,-1.7148,154143.4,311211.759,1.9821,0.95,97.5341,4.6814,1597600.147
300339.SZ,2024-07-18,19.92,19.96,19.24,19.75,20.06,-0.31,-1.5454,228008.49,446848.647,2.9319,1.4,96.0269,4.6091,1572911.411
300339.SZ,2024-07-19,19.66,20.44,19.53,20.13,19.75,0.38,1.9241,203687.38,408908.29,2.6191,1.26,97.8745,4.6978,1603175.0229
300339.SZ,2024-07-22,21.22,21.68,20.8,20.8,20.13,0.67,3.3284,534037.68,1129746.23,6.867,3.1,101.1321,4.8541,1656534.5493
300339.SZ,2024-07-23,20.7,20.95,20.24,20.3,20.8,-0.5,-2.4038,294923.0,608766.359,3.7923,1.14,98.701,4.7374,1616714.0072
300339.SZ,2024-07-24,20.28,20.5,19.93,19.98,20.3,-0.32,-1.5764,195376.15,393111.813,2.5123,0.69,97.1451,4.6627,1591228.8603
300339.SZ,2024-07-25,19.86,20.18,19.74,19.85,19.98,-0.13,-0.6507,147635.37,294816.727,1.8984,0.51,96.5131,4.6324,1580875.5194
300339.SZ,2024-07-26,19.85,20.15,19.85,20.04,19.85,0.19,0.9572,128462.0,257048.224,1.6518,0.47,97.4369,4.6768,1596007.3254
300339.SZ,2024-07-29,20.05,20.25,19.85,20.16,20.04,0.12,0.5988,145718.1,292742.175,1.8737,0.56,98.0203,4.7048,1605564.2555
300339.SZ,2024-07-30,20.06,20.22,19.86,20.0,20.16,-0.16,-0.7937,143485.0,287302.474,1.845,0.79,97.2424,4.6674,1592821.682
300339.SZ,2024-07-31,20.0,20.75,19.98,20.66,20.0,0.66,3.3,289391.44,592186.003,3.7212,1.9,100.4514,4.8214,1645384.7975
300339.SZ,2024-08-01,20.51,20.73,20.38,20.5,20.66,-0.16,-0.7744,198691.0,408331.683,2.5549,1.16,99.6734,4.7841,1632642.2241
300339.SZ,2024-08-02,20.3,20.57,19.97,20.04,20.5,-0.46,-2.2439,176287.18,356898.595,2.2668,0.97,97.4369,4.6768,1596007.3254
300339.SZ,2024-08-05,19.83,20.14,19.28,19.31,20.04,-0.73,-3.6427,227554.02,447542.849,2.926,1.19,93.8875,4.5064,1537869.334
300339.SZ,2024-08-06,19.59,19.72,19.28,19.52,19.31,0.21,1.0875,130578.99,254064.216,1.6791,0.63,94.9086,4.5554,1554593.9616
300339.SZ,2024-08-07,19.53,19.69,19.39,19.41,19.52,-0.11,-0.5635,109044.69,212959.362,1.4022,0.53,94.3737,4.5297,1545833.4424
300339.SZ,2024-08-08,19.36,19.46,18.91,19.26,19.41,-0.15,-0.7728,134441.49,258022.974,1.7287,0.8,93.6444,4.4947,1533887.2798
300339.SZ,2024-08-09,19.43,19.5,19.11,19.11,19.26,-0.15,-0.7788,92959.69,179430.868,1.1953,0.6,92.9151,4.4597,1521941.1172
300339.SZ,2024-08-12,19.0,19.12,18.51,18.6,19.11,-0.51,-2.6688,149092.81,279607.211,1.9171,1.07,90.4354,4.3407,1481324.1643
300339.SZ,2024-08-13,18.67,18.82,18.47,18.78,18.6,0.18,0.9677,89794.07,167668.875,1.1546,0.73,91.3106,4.3827,1495659.5594
300339.SZ,2024-08-14,18.8,19.1,18.67,18.89,18.78,0.11,0.5857,107621.5,203619.762,1.3839,0.94,91.8454,4.4084,1504420.0786
300339.SZ,2024-08-15,18.9,19.43,18.82,19.15,18.89,0.26,1.3764,161886.65,310703.335,2.0816,1.41,93.1096,4.4691,1525126.7605
300339.SZ,2024-08-16,19.25,19.78,19.1,19.51,19.15,0.36,1.8799,259361.19,505185.534,3.335,2.16,94.8599,4.5531,1553797.5508
300339.SZ,2024-08-19,19.74,20.45,19.62,20.12,19.51,0.61,3.1266,401494.11,809972.252,5.1627,2.61,97.8258,4.6954,1602378.6121
300339.SZ,2024-08-20,19.8,19.89,19.32,19.4,20.12,-0.72,-3.5785,242292.25,472427.624,3.1156,1.19,94.3251,4.5274,1545037.0315
300339.SZ,2024-08-21,19.37,19.82,19.28,19.31,19.4,-0.09,-0.4639,170615.63,333595.329,2.1939,0.73,93.8875,4.5064,1537869.334
300339.SZ,2024-08-22,19.38,20.39,19.32,19.58,19.31,0.27,1.3982,374045.14,745859.763,4.8097,1.51,95.2003,4.5694,1559372.4267
300339.SZ,2024-08-23,20.47,21.0,20.08,20.8,19.58,1.22,6.2308,715325.98,1472378.068,9.1981,2.47,101.1321,4.8541,1656534.5493
300339.SZ,2024-08-26,20.5,20.7,19.94,20.07,20.8,-0.73,-3.5096,504808.9,1023707.015,6.4912,1.33,97.5827,4.6838,1598396.5579
300339.SZ,2024-08-27,20.1,21.56,20.0,20.45,20.07,0.38,1.8934,597909.97,1246488.549,7.6883,1.49,99.4303,4.7847,1628660.1698
300339.SZ,2024-08-28,20.42,20.68,19.79,20.2,20.45,-0.25,-1.2225,382169.68,766492.343,4.9142,0.81,98.2148,4.7262,1608749.8988
300339.SZ,2024-08-29,20.18,20.82,20.18,20.51,20.2,0.31,1.5347,396032.63,812627.909,5.0924,0.77,99.7221,4.7988,1633438.6349
300339.SZ,2024-08-30,20.5,21.76,20.5,21.24,20.51,0.73,3.5592,657248.4,1401355.629,8.4513,1.27,103.2714,4.9696,1691576.6263
300339.SZ,2024-09-02,21.2,21.36,20.75,20.78,21.24,-0.46,-2.1657,373827.59,786311.368,4.8069,0.74,101.0348,4.862,1654941.7276
300339.SZ,2024-09-03,20.67,21.26,20.47,21.08,20.78,0.3,1.4437,418098.73,873704.77,5.3762,0.87,102.4935,4.9321,1678834.0528
300339.SZ,2024-09-04,20.79,20.91,20.36,20.43,21.08,-0.65,-3.0835,303840.4,626015.898,3.907,0.68,99.3331,4.7801,1627067.3482
300339.SZ,2024-09-05,20.4,20.63,20.29,20.43,20.43,0.0,0.0,206992.49,423506.438,2.6616,0.48,99.3331,4.7801,1627067.3482
300339.SZ,2024-09-06,20.45,20.55,20.0,20.07,20.43,-0.36,-1.7621,217972.49,439926.361,2.8028,0.56,97.5827,4.6958,1598396.5579
300339.SZ,2024-09-09,20.2,20.24,19.84,19.97,20.07,-0.1,-0.4983,168132.93,336636.247,2.162,0.55,97.0965,4.6724,1590432.4495
300339.SZ,2024-09-10,20.12,20.63,19.48,20.58,19.97,0.61,3.0546,343753.74,692393.862,4.4202,1.31,100.0624,4.8152,1639013.5108
300339.SZ,2024-09-11,20.3,20.5,20.13,20.29,20.58,-0.29,-1.4091,212887.96,432839.037,2.7375,0.86,98.6524,4.7473,1615917.5964
300339.SZ,2024-09-12,20.39,20.98,20.33,20.81,20.29,0.52,2.5628,414407.28,858553.064,5.3287,1.8,101.1807,4.869,1657330.9601
300339.SZ,2024-09-13,20.52,20.64,20.08,20.08,20.81,-0.73,-3.5079,291167.26,591549.533,3.744,1.07,97.6314,4.6982,1599192.9687
300339.SZ,2024-09-18,20.07,20.69,20.05,20.43,20.08,0.35,1.743,225424.22,459962.288,2.8987,0.79,99.3331,4.7801,1627067.3482
300339.SZ,2024-09-19,20.73,21.75,20.42,21.16,20.43,0.73,3.5732,562372.14,1187311.562,7.2313,1.89,102.8824,4.9509,1685205.3396
300339.SZ,2024-09-20,21.17,23.08,21.17,22.19,21.16,1.03,4.8677,918705.05,2030826.681,11.8133,2.69,107.8904,5.1919,1767235.6562
300339.SZ,2024-09-23,22.5,23.59,22.28,22.36,22.19,0.17,0.7661,921684.94,2099260.587,11.8516,1.91,108.717,5.2316,1780774.6405
300339.SZ,2024-09-24,22.2,22.63,21.52,22.43,22.36,0.07,0.3131,843225.17,1865129.916,10.8427,1.44,109.0573,5.248,1786349.5164
300339.SZ,2024-09-25,22.54,23.48,22.54,22.84,22.43,0.41,1.8279,809961.25,1862476.086,10.415,1.17,111.0508,5.3439,1819002.3608
300339.SZ,2024-09-26,22.8,27.1,22.65,25.95,22.84,3.11,13.6165,1577875.74,3989168.723,20.2894,1.95,126.172,6.0716,2066686.1324
300339.SZ,2024-09-27,26.2,31.14,26.11,31.14,25.95,5.19,20.0,2299270.14,6810663.594,29.5655,2.27,151.4064,7.2859,2480023.3589
300339.SZ,2024-09-30,37.0,37.37,35.99,37.37,31.14,6.23,20.0064,832554.76,3087030.967,10.7055,0.65,181.6974,8.7436,2976187.3128
300339.SZ,2024-10-08,44.84,44.84,44.84,44.84,37.37,7.47,19.9893,63312.03,283891.143,0.8141,0.05,218.0174,10.4913,3571106.211
300339.SZ,2024-10-09,53.81,53.81,53.81,53.81,44.84,8.97,20.0045,288261.35,1551134.324,3.7067,0.26,261.6306,12.5901,4285486.7354
300339.SZ,2024-10-10,57.13,57.13,43.05,43.05,53.81,-10.76,-19.9963,3782126.86,18616722.656,48.633,3.74,209.3142,10.0725,3428548.6705
300339.SZ,2024-10-11,36.99,51.6,36.99,50.38,43.05,7.33,17.0267,3174674.09,14510783.83,40.822,2.18,244.9536,11.7875,4012317.817
300339.SZ,2024-10-14,51.3,60.46,44.0,60.46,50.38,10.08,20.0079,2453708.07,13028342.978,31.5514,1.51,293.9637,14.146,4815099.9447
300339.SZ,2024-10-15,62.06,71.8,57.01,60.02,60.46,-0.44,-0.7278,3878630.66,25388080.178,49.874,1.99,291.8244,14.043,4780057.8677
300339.SZ,2024-10-16,57.24,63.5,54.77,60.78,60.02,0.76,1.2662,2669249.86,15973567.042,34.3229,0.98,295.5196,14.2209,4840585.0916
300339.SZ,2024-10-17,63.0,69.45,59.19,62.37,60.78,1.59,2.616,3066713.63,19877023.18,39.4338,0.96,303.2504,14.5929,4967214.4153
300339.SZ,2024-10-18,60.2,66.72,57.01,62.95,62.37,0.58,0.9299,2749672.15,16838747.906,35.3571,0.9,306.0704,14.7286,5013406.2441
300339.SZ,2024-10-21,60.2,72.58,60.05,70.01,62.95,7.06,11.2153,2799897.24,18564276.254,36.0029,0.94,340.397,16.3804,5575672.2978
300339.SZ,2024-10-22,68.15,69.99,60.45,64.31,70.01,-5.7,-8.1417,2095513.19,13876453.832,26.9455,0.69,312.6829,15.0468,5121718.1185
300339.SZ,2024-10-23,64.35,69.8,60.89,64.03,64.31,-0.28,-0.4354,2008469.59,13196748.475,25.8262,0.75,311.3215,14.9813,5099418.6149
300339.SZ,2024-10-24,61.12,67.0,60.01,65.99,64.03,1.96,3.0611,2220302.28,14234844.323,28.5501,0.87,320.8512,15.4399,5255515.1398
300339.SZ,2024-10-25,64.08,66.5,62.0,62.59,65.99,-3.4,-5.1523,1722579.68,11094582.12,22.15,0.73,304.32,14.511,4984735.4538
300339.SZ,2024-10-28,62.66,64.95,60.0,62.59,62.59,0.0,0.0,1681161.71,10432537.844,21.6175,0.77,304.32,14.511,4984735.4538
300339.SZ,2024-10-29,62.07,68.6,61.4,64.6,62.59,2.01,3.2114,2334846.05,15323363.237,30.023,1.2,314.0929,14.977,5144814.0329
300339.SZ,2024-10-30,63.0,77.52,62.26,77.52,64.6,12.92,20.0,2714456.64,19339743.198,34.9042,1.36,376.9115,17.9724,6173776.8394
300339.SZ,2024-10-31,82.99,84.84,68.6,72.0,77.52,-5.52,-7.1207,3405910.52,26951329.878,43.7954,1.6,350.0726,16.6926,5734158.0552
300339.SZ,2024-11-01,69.5,71.88,60.29,63.58,72.0,-8.42,-11.6944,2406993.13,15682921.217,30.9507,1.01,309.1335,14.7405,5063580.1271
300339.SZ,2024-11-04,61.18,66.66,61.18,65.15,63.58,1.57,2.4693,1472498.55,9456472.476,18.9343,0.59,316.7671,15.1045,5188616.6291
300339.SZ,2024-11-05,64.5,73.72,63.51,69.17,65.15,4.02,6.1704,1896706.01,13021151.323,24.3891,0.77,336.3128,16.0365,5508773.7872
300339.SZ,2024-11-06,68.02,71.23,66.66,67.3,69.17,-1.87,-2.7035,1513339.93,10369068.074,19.4595,0.64,327.2206,15.603,5359844.9599
300339.SZ,2024-11-07,66.0,69.95,64.5,68.79,67.3,1.49,2.214,1408938.57,9423211.468,18.117,0.66,334.4652,15.9484,5478510.1752
300339.SZ,2024-11-08,69.78,75.5,69.78,71.8,68.79,3.01,4.3756,1774060.96,12978369.667,22.812,1.02,349.1002,16.6463,5718229.8384
300339.SZ,2024-11-11,70.6,78.0,68.96,75.49,71.8,3.69,5.1393,1723874.82,12741916.974,22.1667,1.07,367.0414,17.5018,6012105.4387
300339.SZ,2024-11-12,75.2,75.49,71.6,72.23,75.49,-3.26,-4.3185,1267734.42,9233615.855,16.3014,0.76,351.1909,16.746,5752475.5045
300339.SZ,2024-11-13,71.7,75.6,70.51,72.86,72.23,0.63,0.8722,1080377.25,7915980.734,13.8922,0.7,354.254,16.892,5802649.3875
300339.SZ,2024-11-14,71.87,74.99,70.01,70.39,72.86,-2.47,-3.3901,939890.83,6777882.706,12.0857,0.65,342.2446,16.3194,5605935.9098
300339.SZ,2024-11-15,70.34,71.8,64.77,65.01,70.39,-5.38,-7.6431,1249073.69,8473638.055,16.0614,0.92,316.0864,15.0721,5177466.8773
300339.SZ,2024-11-18,66.8,67.5,59.56,60.73,65.01,-4.28,-6.5836,1171839.44,7323577.301,15.0683,0.94,295.2765,14.0798,4836603.0374
300339.SZ,2024-11-19,60.73,63.85,60.15,63.65,60.73,2.92,4.8082,967447.49,6000864.587,12.4401,0.85,309.4739,14.7567,5069155.003
300339.SZ,2024-11-20,63.02,64.68,62.6,64.11,63.65,0.46,0.7227,832545.21,5309854.124,10.7054,0.77,311.7105,14.8634,5105789.9017
300339.SZ,2024-11-21,63.32,67.01,63.08,64.91,64.11,0.8,1.2479,1010083.96,6601450.173,12.9883,0.98,315.6002,15.0489,5169502.7689
300339.SZ,2024-11-22,63.8,66.75,61.3,61.37,64.91,-3.54,-5.4537,974768.78,6230442.934,12.5342,0.93,298.3882,14.2281,4887573.3312
300339.SZ,2024-11-25,61.37,63.63,58.9,62.49,61.37,1.12,1.825,894796.97,5482797.824,11.5059,0.9,303.8338,14.4878,4976771.3454
300339.SZ,2024-11-26,61.56,62.38,60.09,60.2,62.49,-2.29,-3.6646,575187.78,3512996.41,7.3961,0.61,292.6996,13.9569,4794393.2628
300339.SZ,2024-11-27,59.9,60.88,57.3,60.78,60.2,0.58,0.9635,740622.15,4392087.125,9.5234,0.86,295.5196,14.0914,4840585.0916
300339.SZ,2024-11-28,61.08,61.9,59.66,60.04,60.78,-0.74,-1.2175,715539.58,4339838.725,9.2009,0.85,291.9216,13.9198,4781650.6894
300339.SZ,2024-11-29,59.48,62.37,58.25,60.61,60.04,0.57,0.9494,864339.37,5211876.529,11.1142,1.11,294.693,14.0519,4827046.1073
300339.SZ,2024-12-02,60.03,61.98,59.91,61.18,60.61,0.57,0.9404,602728.95,3682320.351,7.7503,0.8,297.4644,14.1841,4872441.5252
300339.SZ,2024-12-03,61.88,61.88,59.5,60.35,61.18,-0.83,-1.3567,580479.39,3514224.045,7.4642,0.83,293.4289,13.9917,4806339.4254
300339.SZ,2024-12-04,60.63,60.99,58.91,59.13,60.35,-1.22,-2.0215,531140.12,3176166.567,6.8297,0.76,287.4971,13.7088,4709177.3028
300339.SZ,2024-12-05,58.82,59.89,58.82,59.17,59.13,0.04,0.0676,432741.34,2566294.586,5.5645,0.66,287.6916,13.7181,4712362.9462
300339.SZ,2024-12-06,59.18,59.99,58.11,58.19,59.17,-0.98,-1.6562,635059.98,3735789.779,8.166,1.05,282.9267,13.4909,4634314.6838
300339.SZ,2024-12-09,58.2,58.5,56.24,57.52,58.19,-0.67,-1.1514,619287.08,3546788.671,7.9632,1.11,279.6691,13.3356,4580955.1574
300339.SZ,2024-12-10,60.06,60.5,58.45,58.81,57.52,1.29,2.2427,803370.0,4775803.569,10.3303,1.44,285.9412,13.6346,4683692.1559
300339.SZ,2024-12-11,58.31,61.95,57.81,60.49,58.81,1.68,2.8567,950255.44,5702639.392,12.219,1.57,294.1096,14.0241,4817489.1772
300339.SZ,2024-12-12,60.01,63.0,59.02,62.52,60.49,2.03,3.3559,1110802.06,6808489.253,14.2834,1.61,303.9797,14.4948,4979160.5779
300339.SZ,2024-12-13,61.8,63.1,60.39,60.85,62.52,-1.67,-2.6711,1262048.71,7784304.606,16.2282,1.53,295.8599,14.1076,4846159.9675
300339.SZ,2024-12-16,60.85,60.85,58.08,58.08,60.85,-2.77,-4.5522,660902.11,3893693.102,8.4983,0.7,282.3919,13.4654,4625554.1645
300339.SZ,2024-12-17,57.7,58.04,54.73,54.8,58.08,-3.28,-5.6474,690773.95,3860833.096,8.8824,0.72,266.4441,12.7049,4364331.4087
300339.SZ,2024-12-18,54.78,55.36,53.82,54.87,54.8,0.07,0.1277,415843.55,2275862.255,5.3472,0.44,266.7845,12.7212,4369906.2846
300339.SZ,2024-12-19,53.97,55.04,53.5,54.3,54.87,-0.57,-1.0388,415430.46,2256580.572,5.3419,0.5,264.0131,12.589,4324510.8666
300339.SZ,2024-12-20,54.18,58.85,53.8,56.5,54.3,2.2,4.0516,708107.1,4000881.947,9.1053,1.03,274.7097,13.0991,4499721.2517
300339.SZ,2024-12-23,56.39,56.8,54.1,54.11,56.5,-2.39,-4.2301,424014.04,2340896.993,5.4522,0.73,263.0893,12.545,4309379.0607
300339.SZ,2024-12-24,54.19,54.41,53.05,54.05,54.11,-0.06,-0.1109,368331.4,1976756.516,4.7362,0.69,262.7975,12.5311,4304600.5956
300339.SZ,2024-12-25,53.96,53.96,51.68,52.75,54.05,-1.3,-2.4052,410081.17,2156643.737,5.2731,0.88,256.4768,12.2297,4201067.1863
300339.SZ,2024-12-26,52.6,53.53,52.36,52.84,52.75,0.09,0.1706,294495.32,1559155.22,3.7868,0.63,256.9144,12.2505,4208234.8838
300339.SZ,2024-12-27,52.75,54.81,52.57,52.96,52.84,0.12,0.2271,442528.82,2377226.873,5.6903,1.0,257.4978,12.2784,4217791.8139
300339.SZ,2024-12-30,52.97,53.85,52.06,52.95,52.96,-0.01,-0.0189,263087.41,1396125.587,3.3829,0.68,257.4492,12.276,4216995.4031
300339.SZ,2024-12-31,53.03,53.4,50.02,50.03,52.95,-2.92,-5.5146,392417.7,2011441.911,5.046,1.1,243.2518,11.5991,3984443.4375
300339.SZ,2025-01-02,49.7,50.15,47.0,47.61,50.03,-2.42,-4.8371,492779.2,2397111.225,6.3365,1.37,231.4855,11.038,3791712.014
300339.SZ,2025-01-03,47.97,48.18,44.76,44.82,47.61,-2.79,-5.8601,471503.08,2165486.569,6.0629,1.25,217.9202,10.3912,3569513.3894
300339.SZ,2025-01-06,44.69,45.3,43.73,44.2,44.82,-0.62,-1.3833,332851.27,1476011.275,4.28,0.81,214.9057,10.2474,3520135.9172
300339.SZ,2025-01-07,44.5,45.4,44.27,45.12,44.2,0.92,2.0814,292981.29,1314714.968,3.7673,0.75,219.3788,10.4607,3593405.7146
300339.SZ,2025-01-08,45.0,45.8,43.4,45.26,45.12,0.14,0.3103,375692.56,1683278.75,4.8309,0.95,220.0595,10.4932,3604555.4664
300339.SZ,2025-01-09,45.1,46.69,44.9,46.03,45.26,0.77,1.7013,405855.0,1868490.319,5.2187,1.03,223.8033,10.6717,3665879.1011
300339.SZ,2025-01-10,45.89,48.24,45.0,45.06,46.03,-0.97,-2.1073,541658.12,2529104.831,6.965,1.44,219.0871,10.4468,3588627.2495
300339.SZ,2025-01-13,44.67,45.99,43.85,45.67,45.06,0.61,1.3538,379366.53,1711337.822,4.8781,0.97,222.053,10.5882,3637208.3108
300339.SZ,2025-01-14,46.0,52.25,45.85,51.65,45.67,5.98,13.0939,1207387.31,5983267.105,15.5254,3.03,251.1285,11.9746,4113461.9938
300339.SZ,2025-01-15,50.88,51.16,49.1,49.32,51.65,-2.33,-4.5111,812532.1,4051106.269,10.4481,1.4,239.7997,11.4344,3927898.2678
300339.SZ,2025-01-16,50.1,52.2,49.73,50.4,49.32,1.08,2.1898,828806.15,4212646.527,10.6573,1.24,245.0508,11.6848,4013910.6386
300339.SZ,2025-01-17,50.0,50.8,49.43,49.64,50.4,-0.76,-1.5079,486661.72,2430523.321,6.2578,0.65,241.3556,11.5086,3953383.4147
300339.SZ,2025-01-20,50.27,50.5,48.9,49.34,49.64,-0.3,-0.6044,386865.89,1919083.624,4.9746,0.52,239.897,11.4391,3929491.0895
300339.SZ,2025-01-21,49.78,49.82,48.81,49.39,49.34,0.05,0.1013,301998.89,1488596.806,3.8833,0.41,240.1401,11.4507,3933473.1437
300339.SZ,2025-01-22,48.9,49.18,48.05,48.28,49.39,-1.11,-2.2474,325561.71,1579579.584,4.1863,0.58,234.7431,11.1933,3845071.5403
300339.SZ,2025-01-23,49.06,50.68,48.27,48.33,48.28,0.05,0.1036,533446.61,2645862.464,6.8594,1.14,234.9862,11.2049,3849053.5946
300339.SZ,2025-01-24,48.22,50.4,48.02,50.16,48.33,1.83,3.7865,651110.5,3242981.689,8.3724,1.6,243.8839,11.6292,3994796.7785
300339.SZ,2025-01-27,51.0,51.3,47.8,47.82,50.16,-2.34,-4.6651,473274.75,2317610.692,6.0857,1.08,232.5065,11.0867,3808436.6417
300339.SZ,2025-02-05,50.56,55.88,49.42,55.21,47.82,7.39,15.4538,1325823.27,7143076.826,17.0483,2.9,268.4376,12.8,4396984.2532
300339.SZ,2025-02-06,55.21,57.51,53.98,56.53,55.21,1.32,2.3909,1310259.09,7324588.256,16.8482,1.98,274.8556,13.106,4502110.4842
300339.SZ,2025-02-07,56.85,63.24,56.68,59.72,56.53,3.19,5.643,1575460.03,9390314.091,20.2583,1.83,290.3658,13.8456,4756165.5425
300339.SZ,2025-02-10,61.54,63.4,59.61,60.94,59.72,1.22,2.0429,1336737.44,8235892.121,17.1886,1.25,296.2975,14.1285,4853327.6651
300339.SZ,2025-02-11,59.68,60.88,58.62,58.62,60.94,-2.32,-3.807,1001249.83,5949321.198,12.8747,0.83,285.0174,13.5906,4668560.3499
300339.SZ,2025-02-12,58.08,62.99,58.0,61.95,58.62,3.33,5.6807,1219295.99,7444968.351,15.6785,0.93,301.2083,14.3626,4933765.16
300339.SZ,2025-02-13,61.96,61.97,59.6,60.03,61.95,-1.92,-3.0993,921365.06,5583633.943,11.8475,0.72,291.873,13.9175,4780854.2785
300339.SZ,2025-02-14,59.45,61.3,58.31,60.12,60.03,0.09,0.1499,842073.53,5042010.405,10.8279,0.7,292.3106,13.9383,4788021.9761
300339.SZ,2025-02-17,60.35,61.51,58.86,59.44,60.12,-0.68,-1.1311,729071.37,4372612.514,9.3749,0.69,289.0044,13.7807,4733866.0389
300339.SZ,2025-02-18,59.3,61.0,56.0,56.01,59.44,-3.43,-5.7705,817904.75,4742901.486,10.5172,0.87,272.3273,12.9855,4460697.1204
300339.SZ,2025-02-19,56.61,58.55,55.87,57.84,56.01,1.83,3.2673,595396.08,3412592.879,7.656,0.66,281.225,13.4097,4606440.3043
300339.SZ,2025-02-20,57.4,57.74,56.31,56.75,57.84,-1.09,-1.8845,479347.72,2724948.975,6.1638,0.61,275.9253,13.157,4519631.5227
300339.SZ,2025-02-21,57.27,58.67,55.58,58.4,56.75,1.65,2.9075,783836.2,4509499.142,10.0791,1.13,283.9478,13.5396,4651039.3114
300339.SZ,2025-02-24,58.15,62.13,57.4,61.77,58.4,3.37,5.7705,1291314.76,7761798.665,16.6046,1.9,300.3331,14.3209,4919429.7649
300339.SZ,2025-02-25,60.0,63.86,59.5,60.54,61.77,-1.23,-1.9913,1057328.98,6484325.234,13.5958,1.33,294.3527,14.0357,4821471.2314
300339.SZ,2025-02-26,60.83,61.5,59.21,60.02,60.54,-0.52,-0.8589,640815.86,3856186.828,8.24,0.76,291.8244,13.9152,4780057.8677
300339.SZ,2025-02-27,59.8,60.28,57.88,58.59,60.02,-1.43,-2.3825,565820.67,3334913.576,7.2757,0.67,284.8716,13.5836,4666171.1174
300339.SZ,2025-02-28,58.07,58.59,54.51,55.39,58.59,-3.2,-5.4617,580742.53,3267822.315,7.4676,0.67,269.3128,12.8417,4411319.6483
300339.SZ,2025-03-03,56.22,57.36,54.8,56.24,55.39,0.85,1.5346,431125.19,2422533.566,5.5437,0.52,273.4456,13.0388,4479014.5698
300339.SZ,2025-03-04,55.47,58.35,55.28,57.86,56.24,1.62,2.8805,524457.62,3003708.302,6.7438,0.8,281.3222,13.4144,4608033.126
300339.SZ,2025-03-05,59.35,60.8,58.13,58.77,57.86,0.91,1.5728,742308.19,4416958.501,9.5451,1.35,285.7467,13.6254,4680506.5126
300339.SZ,2025-03-06,59.56,60.5,58.28,59.79,58.77,1.02,1.7356,710708.0,4236899.078,9.1387,1.25,290.7061,13.8618,4761740.4183
300339.SZ,2025-03-07,59.9,60.49,57.66,58.0,59.79,-1.79,-2.9938,545142.35,3229188.635,7.0098,0.91,282.0029,13.4468,4619182.8778
300339.SZ,2025-03-10,57.5,58.53,56.66,57.73,58.0,-0.27,-0.4655,414939.14,2387650.418,5.3356,0.7,280.6901,13.3842,4597679.7851
300339.SZ,2025-03-11,56.44,57.57,56.3,57.01,57.73,-0.72,-1.2472,251655.27,1432915.683,3.2359,0.43,277.1894,13.2173,4540338.2045
300339.SZ,2025-03-12,57.58,58.58,57.27,57.33,57.01,0.32,0.5613,350542.13,2032669.843,4.5075,0.66,278.7453,13.2915,4565823.3515
300339.SZ,2025-03-13,57.33,59.99,56.45,58.93,57.33,1.6,2.7909,772318.63,4539901.835,9.931,1.7,286.5247,13.6625,4693249.086
300339.SZ,2025-03-14,58.35,60.58,58.33,60.52,58.93,1.59,2.6981,771387.24,4620272.17,9.919,1.65,294.2554,14.0311,4819878.4097
300339.SZ,2025-03-17,61.9,65.88,61.35,62.88,60.52,2.36,3.8995,1220417.33,7797276.79,15.6929,2.38,305.73,14.5782,5007831.3682
300339.SZ,2025-03-18,62.02,63.58,61.61,63.13,62.88,0.25,0.3976,810682.74,5080107.7,10.4243,1.2,306.9456,14.6362,5027741.6392
300339.SZ,2025-03-19,62.57,63.3,60.62,60.76,63.13,-2.37,-3.7542,573027.79,3539375.46,7.3684,0.73,295.4224,14.0867,4838992.2699
300339.SZ,2025-03-20,60.65,62.36,59.26,59.27,60.76,-1.49,-2.4523,563915.26,3434652.106,7.2512,0.68,288.1778,13.7413,4720327.0546
300339.SZ,2025-03-21,58.58,58.97,55.4,56.07,59.27,-3.2,-5.399,705886.29,4006616.559,9.0767,0.9,272.619,12.9994,4465475.5855
300339.SZ,2025-03-24,55.99,56.18,52.17,53.86,56.07,-2.21,-3.9415,581930.3,3134155.717,7.4828,0.75,261.8737,12.487,4289468.7896
300339.SZ,2025-03-25,54.24,54.34,51.7,51.9,53.86,-1.96,-3.6391,350465.05,1843669.025,4.5065,0.54,252.344,12.0326,4133372.2648
300339.SZ,2025-03-26,51.89,52.73,51.76,51.87,51.9,-0.03,-0.0578,249562.4,1302191.764,3.209,0.45,252.1981,12.0256,4130983.0323
300339.SZ,2025-03-27,51.7,54.81,51.2,53.9,51.87,2.03,3.9136,516081.65,2753347.393,6.6361,1.05,262.0682,12.4963,4292654.433
300339.SZ,2025-03-28,53.01,53.54,52.2,52.2,53.9,-1.7,-3.154,310004.39,1635132.555,3.9862,0.64,253.8026,12.1022,4157264.59
300339.SZ,2025-03-31,51.51,52.48,50.5,51.92,52.2,-0.28,-0.5364,287577.35,1476232.08,3.6979,0.72,252.4412,12.0372,4134965.0865
300339.SZ,2025-04-01,52.23,52.94,51.6,51.75,51.92,-0.17,-0.3274,227343.2,1186718.653,2.9233,0.66,251.6147,11.9978,4121426.1022
300339.SZ,2025-04-02,51.79,52.18,51.56,51.7,51.75,-0.05,-0.0966,153130.52,793145.515,1.9691,0.48,251.3716,11.9862,4117444.048
300339.SZ,2025-04-03,51.0,52.4,50.95,51.6,51.7,-0.1,-0.1934,190111.76,983794.089,2.4446,0.64,250.8853,11.963,4109479.9396
300339.SZ,2025-04-07,47.38,49.91,42.5,45.45,51.6,-6.15,-11.9186,686662.78,3199983.749,8.8296,2.94,220.9833,10.5372,3619687.2723
300339.SZ,2025-04-08,46.8,47.88,45.45,46.98,45.45,1.53,3.3663,476622.63,2227022.208,6.1287,1.54,228.4224,10.8919,3741538.131
300339.SZ,2025-04-09,46.1,49.76,44.66,49.0,46.98,2.02,4.2997,641003.22,3080697.882,8.2424,1.85,238.2438,11.3603,3902413.1209
300339.SZ,2025-04-10,50.15,51.27,49.06,49.08,49.0,0.08,0.1633,574100.0,2877792.055,7.3822,1.34,238.6328,11.3788,3908784.4076
300339.SZ,2025-04-11,48.51,50.15,48.32,49.39,49.08,0.31,0.6316,412052.59,2036330.141,5.2984,0.8,240.1401,11.4507,3933473.1437
300339.SZ,2025-04-14,50.18,50.78,49.37,49.44,49.39,0.05,0.1012,324221.0,1616023.66,4.169,0.58,240.3832,11.4623,3937455.1979
300339.SZ,2025-04-15,49.44,49.45,48.5,48.77,49.44,-0.67,-1.3552,214820.41,1050197.716,2.7623,0.44,237.1255,11.3069,3884095.6716
300339.SZ,2025-04-16,48.64,48.7,47.15,47.82,48.77,-0.95,-1.9479,248520.65,1189773.822,3.1956,0.57,232.5065,11.0867,3808436.6417
300339.SZ,2025-04-17,47.27,49.3,47.27,48.18,47.82,0.36,0.7528,282895.05,1377020.291,3.6376,0.8,234.2569,11.1702,3837107.4319
300339.SZ,2025-04-18,48.18,49.67,47.9,48.71,48.18,0.53,1.1,342337.0,1674459.762,4.402,1.15,236.8338,11.293,3879317.2065
300339.SZ,2025-04-21,48.75,49.69,48.07,49.46,48.71,0.75,1.5397,278651.5,1369250.103,3.5831,0.99,240.4804,11.4669,3939048.0196
300339.SZ,2025-04-22,49.82,49.83,48.63,48.68,49.46,-0.78,-1.577,244237.28,1197044.008,3.1406,0.89,240.6351,11.225,3876927.974
300339.SZ,2025-04-23,48.8,50.25,48.6,49.39,48.68,0.71,1.4585,392868.77,1942822.368,5.0518,1.41,244.1447,11.3887,3933473.1437
300339.SZ,2025-04-24,49.64,50.64,48.6,48.67,49.39,-0.72,-1.4578,372045.52,1844716.092,4.784,1.21,240.5856,11.2227,3876131.5631
300339.SZ,2025-04-25,48.99,49.49,47.93,48.73,48.67,0.06,0.1233,293046.89,1428951.783,3.7682,0.9,240.8822,11.1172,3880910.0282
300339.SZ,2025-04-28,48.72,50.6,48.32,49.26,48.73,0.53,1.0876,323090.4,1594000.063,4.1545,1.02,243.5021,11.2381,3923119.8028
300339.SZ,2025-04-29,49.0,49.99,48.4,49.43,49.26,0.17,0.3451,280531.67,1386802.399,3.6073,0.86,244.3425,11.2769,3936658.7871
300339.SZ,2025-04-30,49.7,52.36,49.48,51.6,49.43,2.17,4.39,564904.29,2907974.693,7.2639,1.7,255.0692,11.772,4109479.9396
300339.SZ,2025-05-06,53.0,57.54,52.5,56.53,51.6,4.93,9.5543,880213.19,4849906.06,11.3184,2.4,279.4392,12.8967,4502110.4842
300339.SZ,2025-05-07,57.58,57.68,55.1,55.88,56.53,-0.65,-1.1498,713817.18,3999042.614,9.1787,1.52,276.2261,12.7484,4450343.7795
300339.SZ,2025-05-08,55.2,56.38,54.82,55.77,55.88,-0.11,-0.1969,480098.09,2670878.814,6.1734,0.87,275.6824,12.7233,4441583.2603
300339.SZ,2025-05-09,55.88,61.2,55.88,57.54,55.77,1.77,3.1737,1122752.32,6573777.956,14.4371,1.92,284.4318,13.1271,4582547.9791
300339.SZ,2025-05-12,57.0,59.8,56.66,57.8,57.54,0.26,0.4519,740478.03,4297038.074,9.5215,0.98,285.7171,13.1864,4603254.661
300339.SZ,2025-05-13,58.58,58.85,56.01,56.4,57.8,-1.4,-2.4221,585078.47,3340772.773,7.5233,0.74,278.7966,12.867,4491757.1432
300339.SZ,2025-05-14,56.7,57.34,55.99,56.7,56.4,0.3,0.5319,415202.7,2354554.828,5.3389,0.57,280.2796,12.9355,4515649.4685
300339.SZ,2025-05-15,56.5,56.71,54.77,54.85,56.7,-1.85,-3.2628,408205.94,2255624.405,5.249,0.61,271.1346,12.5134,4368313.4629
300339.SZ,2025-05-16,54.5,55.99,54.32,55.24,54.85,0.39,0.711,327318.86,1806706.734,4.2089,0.5,273.0625,12.6024,4399373.4857
300339.SZ,2025-05-19,55.3,55.3,53.6,53.98,55.24,-1.26,-2.281,287505.21,1553740.391,3.6969,0.58,266.834,12.3149,4299025.7197
300339.SZ,2025-05-20,54.49,54.6,53.0,53.43,53.98,-0.55,-1.0189,294652.51,1576889.073,3.7888,0.73,264.1153,12.1895,4255223.1235
300339.SZ,2025-05-21,53.43,55.15,53.11,54.42,53.43,0.99,1.8529,413925.81,2241349.028,5.3225,1.19,269.0091,12.4153,4334067.7967
300339.SZ,2025-05-22,54.1,54.1,52.55,52.6,54.42,-1.82,-3.3444,322431.0,1715526.465,4.146,0.93,260.0124,12.0001,4189121.0237
300339.SZ,2025-05-23,52.65,53.15,51.33,51.44,52.6,-1.16,-2.2053,282343.98,1473040.116,3.6306,0.86,254.2783,11.7355,4096737.3661
300339.SZ,2025-05-26,51.28,52.19,51.28,51.67,51.44,0.23,0.4471,193117.54,998452.549,2.4832,0.6,255.4152,11.7879,4115054.8154
300339.SZ,2025-05-27,51.44,51.67,50.66,50.84,51.67,-0.83,-1.6063,186695.78,951786.845,2.4007,0.62,251.3124,11.5986,4048952.7156
300339.SZ,2025-05-28,50.84,51.14,50.01,50.23,50.84,-0.61,-1.1998,164798.15,830708.73,2.1191,0.59,248.297,11.4594,4000371.6543
300339.SZ,2025-05-29,50.23,51.5,50.2,51.31,50.23,1.08,2.1501,287342.22,1467166.531,3.6948,1.25,253.6357,11.7058,4086384.0252
300339.SZ,2025-05-30,51.25,51.25,50.01,50.33,51.31,-0.98,-1.91,204913.56,1031357.892,2.6349,0.92,248.7914,11.4822,4008335.7628
300339.SZ,2025-06-03,50.25,51.1,50.01,50.32,50.33,-0.01,-0.0199,183389.48,928615.323,2.3581,0.88,248.7419,11.4799,4007539.3519
300339.SZ,2025-06-04,50.68,51.49,50.32,51.23,50.32,0.91,1.8084,251152.95,1281245.407,3.2295,1.22,253.2402,11.6876,4080012.7384
300339.SZ,2025-06-05,51.37,52.75,51.05,52.56,51.23,1.33,2.5961,395660.12,2056759.565,5.0877,1.81,259.8147,11.991,4185935.3803
300339.SZ,2025-06-06,52.3,52.35,51.43,51.59,52.56,-0.97,-1.8455,235567.25,1218677.528,3.0291,0.89,255.0198,11.7697,4108683.5287
300339.SZ,2025-06-09,51.58,52.19,51.46,51.74,51.59,0.15,0.2908,196226.47,1016570.224,2.5232,0.77,255.7613,11.8039,4120629.6913
300339.SZ,2025-06-10,51.85,51.85,49.62,50.21,51.74,-1.53,-2.9571,319388.24,1613108.396,4.1069,1.27,248.1982,11.4549,3998778.8327
300339.SZ,2025-06-11,50.31,50.88,49.98,50.24,50.21,0.03,0.0597,195494.83,985737.779,2.5138,0.7,248.3465,11.4617,4001168.0652
300339.SZ,2025-06-12,50.03,50.47,49.71,49.83,50.24,-0.41,-0.8161,176231.12,882455.208,2.2661,0.66,246.3198,11.3682,3968515.2207
300339.SZ,2025-06-13,49.7,49.82,48.79,48.92,49.83,-0.91,-1.8262,247333.6,1215307.791,3.1804,1.1,241.8214,11.1606,3896041.8342
300339.SZ,2025-06-16,48.65,49.7,48.57,49.64,48.92,0.72,1.4718,191563.76,946581.155,2.4633,0.84,245.3805,11.3248,3953383.4147
300339.SZ,2025-06-17,49.69,50.13,49.25,49.41,49.64,-0.23,-0.4633,172973.48,856607.706,2.2242,0.77,244.2436,11.2723,3935065.9654
300339.SZ,2025-06-18,49.4,50.48,48.96,49.84,49.41,0.43,0.8703,265968.88,1325404.8,3.42,1.35,246.3692,11.3704,3969311.6315
300339.SZ,2025-06-19,49.79,50.15,48.45,48.58,49.84,-1.26,-2.5281,227324.45,1117032.265,2.9231,1.08,240.1408,11.083,3868963.8656
300339.SZ,2025-06-20,48.58,48.97,47.52,47.55,48.58,-1.03,-2.1202,198588.84,953182.955,2.5536,0.9,235.0493,10.848,3786933.549
300339.SZ,2025-06-23,47.0,48.48,46.81,48.21,47.55,0.66,1.388,197902.97,950353.996,2.5448,0.94,238.3118,10.9986,3839496.6645
300339.SZ,2025-06-24,48.44,49.8,48.28,49.64,48.21,1.43,2.9662,270777.54,1335385.013,3.4818,1.27,245.3805,11.3248,3953383.4147
300339.SZ,2025-06-25,49.65,52.01,49.36,51.97,49.64,2.33,4.6938,560914.57,2858693.148,7.2126,2.42,256.8982,11.8564,4138947.1407
300339.SZ,2025-06-26,52.24,52.3,51.15,51.17,51.97,-0.8,-1.5393,417310.93,2155587.619,5.3661,1.43,252.9436,11.6739,4075234.2734
300339.SZ,2025-06-27,51.08,51.9,50.56,50.65,51.17,-0.52,-1.0162,303460.69,1551236.178,3.9021,0.92,250.3732,11.5552,4033820.9097
300339.SZ,2025-06-30,51.04,51.17,50.63,50.83,50.65,0.18,0.3554,215002.19,1093245.481,2.7646,0.61,251.263,11.5963,4048156.3048
300339.SZ,2025-07-01,50.88,52.0,50.02,51.15,50.83,0.32,0.6295,356359.98,1820863.737,4.5823,1.01,252.8448,11.6693,4073641.4517
300339.SZ,2025-07-02,50.45,50.87,49.5,49.51,51.15,-1.64,-3.2063,257493.18,1286480.996,3.311,0.69,244.7379,11.2952,3943030.0738
300339.SZ,2025-07-03,49.52,50.0,49.35,49.63,49.51,0.12,0.2424,139300.27,691582.957,1.7912,0.45,245.3311,11.3225,3952587.0039
300339.SZ,2025-07-04,49.63,50.19,49.35,49.37,49.63,-0.26,-0.5239,195511.8,971755.501,2.514,0.77,244.0459,11.2632,3931880.322
300339.SZ,2025-07-07,49.3,49.62,49.0,49.02,49.37,-0.35,-0.7089,129489.1,636643.033,1.6651,0.56,242.3158,11.1834,3904005.9426
300339.SZ,2025-07-08,49.03,49.99,48.98,49.94,49.02,0.92,1.8768,208507.95,1035546.746,2.6811,0.97,246.8635,11.3933,3977275.74
300339.SZ,2025-07-09,50.05,50.44,49.37,49.52,49.94,-0.42,-0.841,176495.26,879987.296,2.2695,0.95,244.7874,11.2974,3943826.4846
300339.SZ,2025-07-10,49.26,49.79,49.01,49.41,49.52,-0.11,-0.2221,153793.1,759230.287,1.9776,0.91,244.2436,11.2723,3935065.9654
300339.SZ,2025-07-11,49.6,51.3,49.08,50.78,49.41,1.37,2.7727,436015.84,2206603.378,5.6066,2.52,251.0158,11.5849,4044174.2506
300339.SZ,2025-07-14,50.65,50.85,50.14,50.29,50.78,-0.49,-0.9649,193047.1,971572.154,2.4823,0.87,248.5936,11.4731,4005150.1194
300339.SZ,2025-07-15,50.3,50.76,49.92,50.68,50.29,0.39,0.7755,273388.29,1378371.286,3.5154,1.17,250.5215,11.5621,4036210.1422
300339.SZ,2025-07-16,50.6,51.25,50.28,50.41,50.68,-0.27,-0.5328,220195.47,1116547.186,2.8314,0.89,249.1868,11.5005,4014707.0495
300339.SZ,2025-07-17,50.64,58.0,50.4,55.29,50.41,4.88,9.6806,1312615.23,7142445.703,16.8785,5.14,273.3096,12.6138,4403355.5399
300339.SZ,2025-07-18,53.63,55.0,53.5,54.03,55.29,-1.26,-2.2789,753897.27,4086732.175,9.6941,1.55,267.0812,12.3263,4303007.7739
300339.SZ,2025-07-21,53.83,54.26,53.18,53.55,54.03,-0.48,-0.8884,398940.23,2136446.964,5.1298,0.72,264.7085,12.2168,4264780.0536
300339.SZ,2025-07-22,53.46,53.65,52.22,52.49,53.55,-1.06,-1.9795,390193.98,2054373.295,5.0174,0.66,259.4687,11.975,4180360.5044
300339.SZ,2025-07-23,52.15,53.98,52.15,52.85,52.49,0.36,0.6858,478186.64,2534022.458,6.1488,0.78,261.2482,12.0571,4209031.2947
300339.SZ,2025-07-24,52.8,53.45,52.61,53.42,52.85,0.57,1.0785,348144.82,1850021.201,4.4767,0.52,264.0659,12.1872,4254426.7126
300339.SZ,2025-07-25,53.58,55.19,53.27,54.84,53.42,1.42,2.6582,653852.91,3559605.857,8.4077,1.38,271.0852,12.5111,4367517.052
300339.SZ,2025-07-28,55.99,56.8,53.9,54.4,54.84,-0.44,-0.8023,563799.46,3109560.367,7.2497,1.24,268.9102,12.4108,4332474.975
300339.SZ,2025-07-29,53.98,54.5,53.15,54.5,54.4,0.1,0.1838,379175.29,2037746.645,4.8757,0.78,269.4045,12.4336,4340439.0835
300339.SZ,2025-07-30,54.15,54.18,52.72,53.07,54.5,-1.43,-2.6239,334121.61,1786041.625,4.2964,0.69,262.3357,12.1073,4226552.3332
300339.SZ,2025-07-31,52.9,54.09,52.78,53.08,53.07,0.01,0.0188,334294.29,1786385.807,4.2986,0.73,262.3852,12.1096,4227348.744
300339.SZ,2025-08-01,53.38,53.5,52.02,52.65,53.08,-0.43,-0.8101,270587.35,1423306.449,3.4794,0.6,260.2596,12.0115,4193103.0779
300339.SZ,2025-08-04,52.1,53.02,52.05,52.86,52.65,0.21,0.3989,165964.47,871313.505,2.1341,0.44,261.2977,12.0594,4209827.7055
300339.SZ,2025-08-05,52.85,53.58,52.33,53.56,52.86,0.7,1.3243,286954.3,1519463.587,3.6898,0.97,264.7579,12.2191,4265576.4644
300339.SZ,2025-08-06,53.2,55.15,53.15,54.59,53.56,1.03,1.9231,489310.23,2666366.772,6.2919,1.76,269.8494,12.4541,4347606.781
300339.SZ,2025-08-07,54.1,54.98,53.81,53.96,54.59,-0.63,-1.1541,367990.43,1998700.529,4.7319,1.19,266.7352,12.3104,4297432.898
300339.SZ,2025-08-08,53.96,53.96,52.3,52.3,53.96,-1.66,-3.0764,316804.57,1673736.992,4.0737,1.0,258.5295,11.9317,4165228.6984
300339.SZ,2025-08-11,52.52,53.53,52.5,53.35,52.3,1.05,2.0076,274511.6,1462318.217,3.5298,0.84,263.7198,12.1712,4248851.8367
300339.SZ,2025-08-12,53.3,53.62,52.68,53.28,53.35,-0.07,-0.1312,272339.95,1446472.977,3.5019,0.78,263.3738,12.1552,4243276.9608
300339.SZ,2025-08-13,53.57,54.41,53.05,53.99,53.28,0.71,1.3326,429358.57,2310179.645,5.521,1.25,266.8835,12.3172,4299822.1306
300339.SZ,2025-08-14,54.14,54.88,53.1,53.11,53.99,-0.88,-1.6299,479277.39,2587290.594,6.1629,1.44,262.5335,12.1165,4229737.9766
300339.SZ,2025-08-15,53.06,54.98,52.88,54.8,53.11,1.69,3.1821,637718.33,3470923.853,8.2002,1.8,270.8875,12.502,4364331.4087
300339.SZ,2025-08-18,56.5,64.05,55.69,59.96,54.8,5.16,9.4161,1508910.15,8888360.332,19.4025,3.6,296.3944,13.6792,4775279.4026
300339.SZ,2025-08-19,59.96,68.84,59.5,64.77,59.96,4.81,8.022,1854428.56,11957688.813,23.8454,2.79,320.1712,14.7766,5158353.0172
300339.SZ,2025-08-20,63.01,64.48,61.43,63.31,64.77,-1.46,-2.2541,1296559.89,8139156.82,16.672,1.32,312.9541,14.4435,5042077.0344
300339.SZ,2025-08-21,63.08,65.75,62.01,62.89,63.31,-0.42,-0.6634,963119.59,6126210.573,12.3844,0.83,310.878,14.3477,5008627.779
300339.SZ,2025-08-22,62.91,65.81,62.18,64.84,62.89,1.95,3.1007,1082145.1,6943507.141,13.9149,0.86,320.5172,14.4234,5163927.893
300339.SZ,2025-08-25,67.0,68.4,63.93,64.17,64.84,-0.67,-1.0333,1170336.69,7701445.276,15.0489,0.87,317.2053,14.2744,5110568.3667
300339.SZ,2025-08-26,63.49,72.89,63.24,66.89,64.17,2.72,4.2387,1473425.18,10058123.866,18.9463,1.16,330.6508,14.8794,5327192.1154
300339.SZ,2025-08-27,66.95,69.9,65.02,66.36,66.89,-0.53,-0.7923,1236369.7,8321565.658,15.898,1.03,328.0309,14.7615,5284982.3409
300339.SZ,2025-08-28,66.5,69.2,65.7,68.85,66.36,2.49,3.7523,1114771.8,7515371.296,14.3345,0.94,340.3395,15.3154,5483288.6403
300339.SZ,2025-08-29,68.97,69.0,65.46,65.5,68.85,-3.35,-4.8656,885692.27,5914315.336,11.3888,0.73,323.7797,14.5702,5216491.0086
300339.SZ,2025-09-01,67.85,70.0,66.11,66.4,65.5,0.9,1.374,922849.32,6251471.127,11.8666,0.78,328.2286,14.7704,5288167.9842
300339.SZ,2025-09-02,65.51,65.51,61.11,61.46,66.4,-4.94,-7.4398,955933.63,5978806.993,12.292,0.85,303.8092,13.6715,4894741.0288
300339.SZ,2025-09-03,61.61,62.6,59.15,59.56,61.46,-1.9,-3.0914,588807.11,3588520.736,7.5713,0.58,294.4171,13.2489,4743422.969
300339.SZ,2025-09-04,59.71,60.37,55.78,57.3,59.56,-2.26,-3.7945,641368.47,3721658.358,8.2471,0.72,283.2455,12.7462,4563434.1189
300339.SZ,2025-09-05,58.02,58.78,56.79,58.42,57.3,1.12,1.9546,577403.72,3346777.012,7.4246,0.72,288.7819,12.9953,4652632.1331
300339.SZ,2025-09-08,58.01,59.67,57.8,59.08,58.42,0.66,1.1298,495643.19,2911941.576,6.3733,0.67,292.0444,13.1421,4705195.2486
300339.SZ,2025-09-09,58.7,59.33,57.0,57.16,59.08,-1.92,-3.2498,401348.06,2320502.028,5.1608,0.62,282.5534,12.715,4552284.3672
300339.SZ,2025-09-10,57.38,58.37,56.96,57.78,57.16,0.62,1.0847,370502.54,2140114.431,4.7642,0.68,285.6182,12.8529,4601661.8393
300339.SZ,2025-09-11,58.5,60.57,57.5,60.33,57.78,2.55,4.4133,670583.23,3981889.568,8.6228,1.35,298.2234,13.4202,4804746.6038
300339.SZ,2025-09-12,60.0,61.16,59.81,59.92,60.33,-0.41,-0.6796,538714.51,3254959.232,6.9271,1.07,296.1967,13.329,4772093.7593
300339.SZ,2025-09-15,59.92,61.99,59.66,60.86,59.92,0.94,1.5688,532245.71,3235247.697,6.844,1.07,300.8433,13.5381,4846956.3783
300339.SZ,2025-09-16,60.8,61.58,59.89,61.32,60.86,0.46,0.7558,474466.12,2895829.277,6.101,0.94,303.1171,13.6404,4883591.277
300339.SZ,2025-09-17,61.33,61.99,60.19,61.37,61.32,0.05,0.0815,506535.72,3097897.578,6.5134,0.98,303.3643,13.6515,4887573.3312
300339.SZ,2025-09-18,61.36,63.6,59.85,60.82,61.37,-0.55,-0.8962,826336.04,5124029.692,10.6256,1.52,300.6455,13.5292,4843770.735
300339.SZ,2025-09-19,61.22,61.85,59.5,59.62,60.82,-1.2,-1.973,496820.9,3002458.189,6.3884,0.86,294.7137,13.2622,4748201.434
300339.SZ,2025-09-22,60.24,61.38,60.02,60.65,59.62,1.03,1.7276,403037.73,2444588.65,5.1825,0.71,299.8052,13.4913,4830231.7507
300339.SZ,2025-09-23,60.3,60.3,57.25,58.63,60.65,-2.02,-3.3306,550647.09,3223846.219,7.0806,1.02,289.8199,13.042,4669356.7608
300339.SZ,2025-09-24,58.37,60.56,58.02,60.45,58.63,1.82,3.1042,460611.0,2745399.971,5.9228,0.83,298.8166,13.4469,4814303.5338
300339.SZ,2025-09-25,60.66,62.8,60.6,61.78,60.45,1.33,2.2002,676131.34,4189628.381,8.6941,1.23,305.391,13.7427,4920226.1757
300339.SZ,2025-09-26,61.78,61.87,58.68,58.7,61.78,-3.08,-4.9854,486092.7,2908897.164,6.2505,0.94,290.166,13.0576,4674931.6367
300339.SZ,2025-09-29,59.0,60.32,58.23,59.45,58.7,0.75,1.2777,377822.23,2239052.674,4.8583,0.73,293.8734,13.2244,4734662.4497
300339.SZ,2025-09-30,60.0,61.58,60.0,60.6,59.45,1.15,1.9344,438938.98,2669143.711,5.6442,0.86,299.558,13.4802,4826249.6965
300339.SZ,2025-10-09,60.8,61.89,59.8,61.21,60.6,0.61,1.0066,512972.43,3124716.288,6.5961,1.05,302.5734,13.6159,4874830.7578
300339.SZ,2025-10-10,60.11,60.29,57.88,58.08,61.21,-3.13,-5.1135,475812.45,2795949.528,6.1183,0.95,287.1012,12.9197,4625554.1645
300339.SZ,2025-10-13,56.0,61.2,55.75,60.35,58.08,2.27,3.9084,593637.59,3560883.769,7.6334,1.3,298.3222,13.4246,4806339.4254
300339.SZ,2025-10-14,60.3,60.35,57.53,57.75,60.35,-2.6,-4.3082,504615.61,2967624.819,6.4887,1.05,285.4699,12.8463,4599272.6068
300339.SZ,2025-10-15,57.75,58.88,56.31,58.18,57.75,0.43,0.7446,305138.45,1762111.594,3.9237,0.6,287.5955,12.9419,4633518.2729
300339.SZ,2025-10-16,57.59,62.5,56.1,61.01,58.18,2.83,4.8642,799935.69,4748631.704,10.2861,1.67,301.5848,13.5714,4858902.5409
300339.SZ,2025-10-17,59.8,62.15,57.66,58.07,61.01,-2.94,-4.8189,563003.41,3383919.622,7.2395,1.05,287.0517,12.9174,4624757.7537
300339.SZ,2025-10-20,58.15,60.36,58.15,59.08,58.07,1.01,1.7393,422051.45,2502749.039,5.427,0.76,292.0444,13.1421,4705195.2486
300339.SZ,2025-10-21,58.5,59.7,57.8,59.1,59.08,0.02,0.0339,359713.59,2110755.045,4.6254,0.69,292.1432,13.1466,4706788.0703
300339.SZ,2025-10-22,58.8,59.24,58.0,58.07,59.1,-1.03,-1.7428,308794.01,1803286.493,3.9707,0.63,287.0517,12.9174,4624757.7537
300339.SZ,2025-10-23,58.84,60.13,58.44,59.34,58.07,1.27,2.187,482632.78,2875390.376,6.206,0.98,293.3296,13.1999,4725901.9305
300339.SZ,2025-10-24,58.73,59.2,58.49,58.76,59.34,-0.58,-0.9774,389150.52,2286082.823,5.004,0.91,290.4626,13.0709,4679710.1017
300339.SZ,2025-10-27,59.3,61.45,58.43,60.59,58.76,1.83,3.1144,672882.13,4032413.409,8.6524,1.71,299.5086,13.478,4825453.2856
300339.SZ,2025-10-28,60.0,61.93,59.5,61.49,60.59,0.9,1.4854,604207.27,3666220.676,7.7693,1.37,303.9575,13.6782,4897130.2613
300339.SZ,2025-10-29,60.5,61.73,60.38,61.08,61.49,-0.41,-0.6668,482866.4,2948344.547,6.209,0.98,301.9308,13.5065,4864477.4168
300339.SZ,2025-10-30,61.08,62.49,60.01,60.42,61.08,-0.66,-1.0806,587418.45,3601524.529,7.5534,1.12,298.6683,13.3605,4811914.3013
300339.SZ,2025-10-31,60.0,62.38,59.9,61.57,60.42,1.15,1.9033,596920.35,3677374.547,7.6756,1.09,304.3529,13.6148,4903501.548
300339.SZ,2025-11-03,62.49,64.34,61.7,62.65,61.57,1.08,1.7541,692948.7,4378057.092,8.9104,1.18,309.6916,13.8537,4989513.9189
300339.SZ,2025-11-04,62.5,64.16,61.49,63.06,62.65,0.41,0.6544,642052.88,4046150.602,8.2559,1.08,311.7183,13.9443,5022166.7633
300339.SZ,2025-11-05,61.83,62.63,60.78,60.97,63.06,-2.09,-3.3143,521869.41,3208432.309,6.7105,0.87,301.387,13.4822,4855716.8976
300339.SZ,2025-11-06,61.0,61.38,59.57,60.6,60.97,-0.37,-0.6069,430465.98,2597271.792,5.5352,0.71,299.558,13.4003,4826249.6965
300339.SZ,2025-11-07,60.21,60.21,58.15,58.17,60.6,-2.43,-4.0099,473010.98,2791813.736,6.0823,0.82,287.5461,12.863,4632721.8621
300339.SZ,2025-11-10,58.17,59.3,58.17,58.94,58.17,0.77,1.3237,243629.82,1430963.896,3.1328,0.44,291.3523,13.0333,4694045.4969
300339.SZ,2025-11-11,59.09,59.16,57.01,57.01,58.94,-1.93,-3.2745,319097.1,1845061.916,4.1032,0.69,281.8119,12.6065,4540338.2045
300339.SZ,2025-11-12,57.02,57.95,56.38,57.52,57.01,0.51,0.8946,266826.05,1529371.036,3.431,0.67,284.333,12.7193,4580955.1574
300339.SZ,2025-11-13,57.23,57.95,56.87,57.81,57.52,0.29,0.5042,203494.44,1171516.512,2.6167,0.59,285.7665,12.7834,4604051.0718
300339.SZ,2025-11-14,57.4,58.78,56.99,57.0,57.81,-0.81,-1.4011,253030.28,1465320.354,3.2536,0.84,281.7625,12.6043,4539541.7937
300339.SZ,2025-11-17,58.11,59.5,58.11,58.82,57.0,1.82,3.193,419918.75,2476324.786,5.3996,1.63,290.7591,13.0067,4684488.5668
300339.SZ,2025-11-18,58.82,60.49,58.26,60.07,58.82,1.25,2.1251,500381.52,2983943.298,6.4342,1.71,296.9381,13.2831,4784039.9219
300339.SZ,2025-11-19,60.0,60.0,57.72,57.84,60.07,-2.23,-3.7123,343627.8,2012498.288,4.4186,1.05,285.9148,12.79,4606440.3043
300339.SZ,2025-11-20,58.0,59.5,57.51,58.3,57.84,0.46,0.7953,327052.7,1915264.179,4.2055,0.95,288.1887,12.8917,4643075.203
300339.SZ,2025-11-21,57.6,58.9,56.8,56.86,58.3,-1.44,-2.47,311536.5,1795647.514,4.0059,0.84,281.0705,12.5733,4528392.0419
300339.SZ,2025-11-24,57.47,57.56,51.55,53.38,56.86,-3.48,-6.1203,507087.89,2713162.076,6.5205,1.33,263.8681,11.8038,4251241.0693
300339.SZ,2025-11-25,53.7,54.42,53.08,53.3,53.38,-0.08,-0.1499,311306.48,1672564.133,4.003,0.78,263.4727,11.7861,4244869.7825
300339.SZ,2025-11-26,53.0,54.38,52.01,53.33,53.3,0.03,0.0563,434148.5,2299128.266,5.5826,1.21,263.621,11.7927,4247259.0151
300339.SZ,2025-11-27,52.85,53.19,51.75,51.84,53.33,-1.49,-2.7939,335004.94,1756172.404,4.3077,0.89,256.2556,11.4633,4128593.7997
300339.SZ,2025-11-28,51.7,52.15,50.9,51.41,51.84,-0.43,-0.8295,264705.96,1360126.204,3.4038,0.7,254.13,11.3682,4094348.1336
300339.SZ,2025-12-01,51.01,52.25,51.01,51.87,51.41,0.46,0.8948,218923.56,1131086.524,2.8151,0.59,256.4039,11.4699,4130983.0323
300339.SZ,2025-12-02,51.86,51.86,50.16,50.22,51.87,-1.65,-3.181,289234.44,1466858.756,3.7192,0.92,248.2476,11.105,3999575.2435
300339.SZ,2025-12-03,50.24,50.62,49.28,49.44,50.22,-0.78,-1.5532,218897.87,1088615.901,2.8147,0.71,244.3919,10.9326,3937455.1979
300339.SZ,2025-12-04,49.45,50.13,48.52,49.49,49.44,0.05,0.1011,263416.13,1299376.763,3.3872,0.99,244.6391,10.9436,3941437.2521
300339.SZ,2025-12-05,49.5,50.35,49.08,50.17,49.49,0.68,1.374,224807.18,1118347.526,2.8907,0.9,248.0004,11.094,3995593.1893
300339.SZ,2025-12-08,50.18,51.12,50.18,50.76,50.17,0.59,1.176,244103.8,1239389.085,3.1388,1.0,250.9169,11.2244,4042581.4289
300339.SZ,2025-12-09,50.7,51.27,50.13,50.15,50.76,-0.61,-1.2017,204836.25,1037999.828,2.6339,0.83,247.9016,11.0896,3994000.3676
300339.SZ,2025-12-10,50.01,50.35,49.4,50.31,50.15,0.16,0.319,198297.28,987453.754,2.5498,0.86,248.6925,11.1249,4006742.9411
300339.SZ,2025-12-11,50.3,50.3,48.9,49.0,50.31,-1.31,-2.6039,229211.88,1132948.121,2.9474,1.01,242.2169,10.8353,3902413.1209
300339.SZ,2025-12-12,48.7,50.27,48.7,50.01,49.0,1.01,2.0612,251260.9,1251159.549,3.2309,1.14,247.2095,11.0586,3982850.6158
300339.SZ,2025-12-15,49.51,49.77,48.5,48.51,50.01,-1.5,-2.9994,198269.66,972875.088,2.5495,0.88,239.7947,10.7269,3863388.9897
300339.SZ,2025-12-16,48.48,48.95,47.24,47.34,48.51,-1.17,-2.4119,192819.45,919925.991,2.4794,0.89,234.0112,10.4682,3770208.9213
300339.SZ,2025-12-17,47.16,48.8,46.91,48.54,47.34,1.2,2.5349,234672.27,1123105.974,3.0176,1.1,239.943,10.7335,3865778.2222
300339.SZ,2025-12-18,48.2,49.23,48.1,48.3,48.54,-0.24,-0.4944,164886.75,803566.576,2.1202,0.75,238.7567,10.6805,3846664.362
300339.SZ,2025-12-19,48.84,49.54,48.66,49.02,48.3,0.72,1.4907,187688.03,922655.61,2.4134,0.9,242.3158,10.8397,3904005.9426
300339.SZ,2025-12-22,49.1,49.48,48.82,49.05,49.02,0.03,0.0612,162579.97,799363.357,2.0906,0.83,242.4641,10.8463,3906395.1751
300339.SZ,2025-12-23,49.03,49.22,48.7,48.8,49.05,-0.25,-0.5097,139471.37,682556.759,1.7934,0.74,241.2283,10.791,3886484.9041
300339.SZ,2025-12-24,48.82,49.48,48.61,49.25,48.8,0.45,0.9221,151670.96,745979.945,1.9503,0.85,243.4527,10.8905,3922323.3919
300339.SZ,2025-12-25,49.37,49.92,49.1,49.67,49.25,0.42,0.8528,182662.11,905274.554,2.3488,1.13,245.5288,10.9834,3955772.6472
300339.SZ,2025-12-26,49.68,50.68,49.52,49.67,49.67,0.0,0.0,250970.24,1256285.659,3.2271,1.52,245.5288,10.9834,3955772.6472
300339.SZ,2025-12-29,50.5,51.86,50.02,51.17,49.67,1.5,3.0199,505253.74,2580918.68,6.4969,2.85,252.9436,11.3151,4075234.2734
300339.SZ,2025-12-30,50.59,50.83,49.96,50.04,51.17,-1.13,-2.2083,279691.35,1408149.123,3.5965,1.14,247.3578,11.0652,3985239.8484
300339.SZ,2025-12-31,50.11,50.57,49.5,49.5,49.97,-0.47,-0.9406,176106.17,877752.373,2.2645,0.64,244.6885,11.1164,3942233.663
300339.SZ,2026-01-05,49.52,50.46,49.3,50.42,49.5,0.92,1.8586,256910.11,1287559.41,3.3035,0.92,249.2362,11.323,4015503.4603
300339.SZ,2026-01-06,50.48,51.4,50.45,51.32,50.42,0.9,1.785,321445.34,1641238.732,4.1334,1.09,253.6851,11.5251,4087180.436
300339.SZ,2026-01-07,51.21,51.52,50.51,50.7,51.32,-0.62,-1.2081,276760.57,1410427.133,3.5588,0.9,250.6203,11.3859,4037802.9639
300339.SZ,2026-01-08,50.7,51.81,50.7,51.27,50.7,0.57,1.1243,313595.05,1611603.641,4.0324,1.2,253.438,11.5139,4083198.3818
300339.SZ,2026-01-09,51.02,52.33,51.02,52.33,51.27,1.06,2.0675,443213.69,2298169.103,5.6991,1.65,258.6778,11.752,4167617.931
300339.SZ,2026-01-12,53.15,59.98,52.84,58.51,52.33,6.18,11.8097,1106389.59,6230428.546,14.2267,3.43,289.2267,13.1398,4659799.8307
300339.SZ,2026-01-13,59.0,59.0,55.0,55.15,58.51,-3.36,-5.7426,810560.63,4574370.433,10.4227,1.65,272.6176,12.3852,4392205.7881
300339.SZ,2026-01-14,55.68,59.73,55.65,59.0,55.15,3.85,6.981,1105805.36,6386057.252,14.2192,1.87,291.6489,13.2499,4698823.9619
300339.SZ,2026-01-15,60.0,60.8,57.02,57.79,59.0,-1.21,-2.0508,706194.17,4137521.66,9.0807,0.93,285.6676,12.9781,4602458.2501
300339.SZ,2026-01-16,56.53,57.46,55.17,55.2,57.79,-2.59,-4.4817,573807.9,3206646.038,7.3784,0.69,272.8648,12.3965,4396187.8423
300339.SZ,2026-01-19,55.17,56.77,54.84,55.46,55.2,0.26,0.471,321146.18,1788231.878,4.1295,0.37,274.15,12.4549,4416894.5242
300339.SZ,2026-01-20,55.46,56.67,53.88,54.25,55.46,-1.21,-2.1818,347279.25,1912246.078,4.4655,0.49,268.1687,12.1831,4320528.8124
300339.SZ,2026-01-21,53.8,54.75,53.61,54.15,54.25,-0.1,-0.1843,274139.49,1483457.744,3.5251,0.45,267.6744,12.1607,4312564.704
300339.SZ,2026-01-22,54.43,55.79,54.28,54.42,54.15,0.27,0.4986,279099.67,1530494.993,3.5888,0.63,269.0091,12.2213,4334067.7967
300339.SZ,2026-01-23,54.91,55.55,54.2,55.19,54.42,0.77,1.4149,285927.98,1571994.064,3.6766,0.8,272.8153,12.3942,4395391.4315
300339.SZ,2026-01-26,54.81,55.99,52.64,53.2,55.19,-1.99,-3.6057,364592.68,1963416.964,4.6882,1.21,262.9783,11.9473,4236905.6741
300339.SZ,2026-01-27,53.05,53.41,51.5,52.62,53.2,-0.58,-1.0902,289539.27,1510451.162,3.7231,0.93,260.1113,11.8171,4190713.8453
300339.SZ,2026-01-28,52.75,53.56,51.9,51.99,52.62,-0.63,-1.1973,236056.84,1242161.333,3.0354,0.79,256.9971,11.6756,4140539.9624
300339.SZ,2026-01-29,51.65,53.3,50.79,51.49,51.99,-0.5,-0.9617,326003.52,1700408.951,4.192,1.12,254.5255,11.5633,4100719.4203
300339.SZ,2026-01-30,51.01,51.75,49.68,50.0,51.49,-1.49,-2.8938,281944.88,1418842.597,3.6254,0.94,247.1601,11.2287,3982054.205
300339.SZ,2026-02-02,50.0,50.5,49.11,49.18,50.0,-0.82,-1.64,205104.41,1023233.025,2.6374,0.68,243.1067,11.0445,3916748.516
300339.SZ,2026-02-03,49.63,50.24,49.35,50.1,49.18,0.92,1.8707,187255.35,934272.388,2.4079,0.7,247.6544,11.2512,3990018.3134
300339.SZ,2026-02-04,49.8,49.96,48.76,49.64,50.1,-0.46,-0.9182,202265.24,998263.194,2.6009,0.82,245.3805,11.1478,3953383.4147
300339.SZ,2026-02-05,49.02,49.49,48.81,48.87,49.64,-0.77,-1.5512,138230.93,678101.102,1.7775,0.57,241.5743,10.9749,3892059.78
300339.SZ,2026-02-06,48.53,49.19,48.0,48.51,48.87,-0.36,-0.7366,146867.63,714562.613,1.8885,0.72,239.7947,10.8941,3863388.9897
300339.SZ,2026-02-09,49.29,49.79,49.09,49.63,48.51,1.12,2.3088,179951.94,890303.971,2.3139,1.02,245.3311,11.1456,3952587.0039
300339.SZ,2026-02-10,49.48,50.39,49.47,49.94,49.63,0.31,0.6246,189159.21,945779.06,2.4323,1.11,246.8635,11.2152,3977275.74
300339.SZ,2026-02-11,49.75,50.2,49.59,49.6,49.94,-0.34,-0.6808,124095.68,619517.154,1.5957,0.72,245.1828,11.1389,3950197.7714
300339.SZ,2026-02-12,49.81,50.07,49.48,49.71,49.6,0.11,0.2218,159391.72,793862.677,2.0496,1.02,245.7266,11.1636,3958958.2906
300339.SZ,2026-02-13,49.6,50.29,49.22,49.22,49.71,-0.49,-0.9857,174399.62,867396.654,2.2425,1.09,243.3044,11.0535,3919934.1594
300339.SZ,2026-02-24,49.72,49.9,48.58,48.84,49.22,-0.38,-0.772,154756.5,758346.059,1.99,0.94,241.426,10.9682,3889670.5474
300339.SZ,2026-02-25,48.9,49.62,48.81,49.29,48.84,0.45,0.9214,138475.71,682582.706,1.7806,0.86,243.6504,11.0692,3925509.0353
300339.SZ,2026-02-26,49.47,49.65,48.83,48.99,49.29,-0.3,-0.6086,172270.2,846873.639,2.2152,1.15,242.1675,11.0019,3901616.7101
300339.SZ,2026-02-27,49.28,52.68,49.14,51.74,48.99,2.75,5.6134,584394.39,3032291.945,7.5145,3.66,255.7613,11.6195,4120629.6913
300339.SZ,2026-03-02,48.91,50.22,48.91,49.11,51.74,-2.63,-5.0831,390455.54,1929044.681,5.0207,1.59,242.7607,11.0288,3911173.6402
300339.SZ,2026-03-03,49.21,50.79,48.97,49.85,49.11,0.74,1.5068,403463.11,2005567.996,5.188,1.4,246.4186,11.195,3970108.0424
300339.SZ,2026-03-04,49.2,50.05,45.88,46.0,49.85,-3.85,-7.7232,411008.76,1986572.115,5.285,1.22,227.3873,10.3304,3663489.8686
300339.SZ,2026-03-05,46.71,46.98,44.42,44.84,46.0,-1.16,-2.5217,466848.96,2117544.927,6.003,1.19,221.6532,10.0699,3571106.211
300339.SZ,2026-03-06,44.5,46.83,44.47,46.5,44.84,1.66,3.7021,287749.98,1309918.03,3.7001,0.64,229.8589,10.4427,3703310.4107
300339.SZ,2026-03-09,45.58,47.72,44.63,46.59,46.5,0.09,0.1935,333123.57,1530004.254,4.2835,0.85,230.3038,10.4629,3710478.1082
300339.SZ,2026-03-10,47.0,47.48,46.11,46.47,46.59,-0.12,-0.2576,242005.13,1129793.61,3.1119,0.64,229.7106,10.4359,3700921.1781
300339.SZ,2026-03-11,46.59,48.45,45.99,46.91,46.47,0.44,0.9468,268145.26,1259798.596,3.448,0.77,231.8856,10.5348,3735963.2551
300339.SZ,2026-03-12,46.45,46.95,45.74,45.75,46.91,-1.16,-2.4728,191488.18,883950.163,2.4623,0.6,226.1515,10.2743,3643579.5976
300339.SZ,2026-03-13,45.5,45.7,44.74,44.9,45.75,-0.85,-1.8579,155016.88,698759.088,1.9933,0.59,221.9498,10.0834,3575884.6761
300339.SZ,2026-03-16,44.55,45.33,44.2,45.19,44.9,0.29,0.6459,143229.99,641762.207,1.8417,0.6,223.3833,10.1485,3598980.5905
300339.SZ,2026-03-17,45.18,45.85,44.6,44.63,45.19,-0.56,-1.2392,154355.33,697440.793,1.9848,0.77,220.6151,10.0227,3554381.5834
300339.SZ,2026-03-18,44.97,45.28,44.53,45.16,44.63,0.53,1.1875,143164.01,643241.77,1.8409,0.78,223.235,10.1418,3596591.358
300339.SZ,2026-03-19,44.64,44.8,43.3,43.62,45.16,-1.54,-3.4101,216382.9,952082.877,2.7824,1.37,215.6225,9.7959,3473944.0884
300339.SZ,2026-03-20,43.62,43.88,41.38,41.38,43.62,-2.24,-5.1353,256519.09,1085823.561,3.2985,1.58,204.5497,9.2929,3295548.0601
300339.SZ,2026-03-23,40.83,41.21,39.07,39.27,41.38,-2.11,-5.0991,266669.13,1068685.47,3.429,1.46,194.1195,8.819,3127505.3726
300339.SZ,2026-03-24,39.99,40.25,39.01,39.93,39.27,0.66,1.6807,166669.53,659865.938,2.1431,0.8,197.3821,8.9672,3180068.4881
300339.SZ,2026-03-25,39.96,40.85,39.96,40.38,39.93,0.45,1.127,171013.3,692307.26,2.199,0.81,199.6065,9.0683,3215906.976
300339.SZ,2026-03-26,40.46,40.51,38.88,39.06,40.38,-1.32,-3.2689,168069.2,664534.877,2.1611,0.78,193.0815,8.7719,3110780.7449
300339.SZ,2026-03-27,38.7,39.66,38.54,39.5,39.06,0.44,1.1265,135671.22,532291.824,1.7445,0.66,195.2565,8.8707,3145822.822
300339.SZ,2026-03-30,38.5,39.3,38.0,39.25,39.5,-0.25,-0.6329,166812.6,645606.725,2.145,0.92,194.0207,8.8145,3125912.5509
300339.SZ,2026-03-31,39.3,39.93,38.78,38.78,39.25,-0.47,-1.1975,133802.82,526920.844,1.7205,0.83,191.6974,8.709,3088481.2414
300339.SZ,2026-04-01,39.65,39.87,39.33,39.6,38.78,0.82,2.1145,136738.69,541037.966,1.7583,0.88,195.7508,8.8931,3153786.9304
300339.SZ,2026-04-02,39.3,39.49,38.15,38.31,39.6,-1.29,-3.2576,138828.33,536738.005,1.7851,0.94,189.3741,8.6034,3051049.9319
300339.SZ,2026-04-03,38.39,38.65,37.46,37.5,38.31,-0.81,-2.1143,130597.65,495492.403,1.6793,0.92,185.3701,8.4215,2986540.6538
300339.SZ,2026-04-07,37.58,38.38,37.55,37.87,37.5,0.37,0.9867,124380.25,472748.207,1.5994,0.88,187.1991,8.5046,3016007.8549
300339.SZ,2026-04-08,38.81,40.75,38.81,40.73,37.87,2.86,7.5522,300893.03,1202730.596,3.8691,2.26,201.3366,9.1469,3243781.3554
300339.SZ,2026-04-09,40.13,40.36,39.7,39.9,40.73,-0.83,-2.0378,193713.63,774758.665,2.4909,1.16,197.2338,8.9605,3177679.2556
300339.SZ,2026-04-10,40.2,40.91,40.2,40.28,39.9,0.38,0.9524,178576.79,724246.698,2.2963,1.01,199.1122,9.0458,3207942.8675
300339.SZ,2026-04-13,39.92,40.55,39.86,40.22,40.28,-0.06,-0.149,126339.84,509158.507,1.6246,0.68,198.8156,9.0324,3203164.4025
300339.SZ,2026-04-14,40.84,41.3,40.42,40.88,40.22,0.66,1.641,156986.86,640564.986,2.0186,0.85,202.0781,9.1806,3255727.518
300339.SZ,2026-04-15,41.35,41.44,40.21,40.26,40.88,-0.62,-1.5166,166526.61,677907.539,2.1413,0.87,199.0133,9.0413,3206350.0459
300339.SZ,2026-04-16,40.53,40.94,40.35,40.74,40.26,0.48,1.1923,166476.61,677698.732,2.1407,1.01,201.386,9.1491,3244577.7662
300339.SZ,2026-04-17,40.51,40.94,40.4,40.77,40.74,0.03,0.0736,141636.0,576727.326,1.8212,0.89,201.5343,9.1559,3246966.9988
300339.SZ,2026-04-20,40.89,42.08,40.75,41.41,40.77,0.64,1.5698,238928.79,993365.005,3.0723,1.58,204.698,9.2996,3297937.2926
300339.SZ,2026-04-21,41.12,41.35,40.28,40.6,41.41,-0.81,-1.956,162579.41,659508.917,2.0906,0.93,200.694,9.1177,3233428.0145
300339.SZ,2026-04-22,40.51,43.16,40.27,42.31,40.6,1.71,4.2118,488335.7,2059240.196,6.2793,2.79,347.4822,9.4487,3369614.2683
300339.SZ,2026-04-23,41.99,42.65,41.84,42.11,42.31,-0.2,-0.4727,291914.51,1233555.136,3.7536,1.22,345.8397,9.404,3353686.0515
300339.SZ,2026-04-24,43.0,47.58,42.6,46.1,42.11,3.99,9.4752,886719.78,3985200.724,11.402,3.35,378.6086,10.0712,3671453.977
300339.SZ,2026-04-27,45.55,46.99,44.63,46.74,46.1,0.64,1.3883,636525.62,2937420.673,8.1849,1.54,383.8648,10.211,3722424.2708
300339.SZ,2026-04-28,46.0,46.38,44.51,44.71,46.74,-2.03,-4.3432,455505.62,2057113.633,5.8572,0.92,367.1929,9.7675,3560752.8701
300339.SZ,2026-04-29,44.44,45.0,43.63,44.11,44.71,-0.6,-1.342,317881.91,1410000.623,4.0875,0.58,362.2652,9.6365,3512968.2197
300339.SZ,2026-04-30,43.85,46.1,43.85,45.21,44.11,1.1,2.4938,422326.1,1919329.287,5.4305,0.82,371.2993,9.8768,3600573.4122
300339.SZ,2026-05-06,46.01,47.46,45.99,46.68,45.21,1.47,3.2515,493285.01,2313061.858,6.343,0.91,383.372,10.1979,3717645.8058
300339.SZ,2026-05-07,46.4,47.15,45.81,46.91,46.68,0.23,0.4927,440818.17,2047060.441,5.6683,0.95,385.261,10.2481,3735963.2551
300339.SZ,2026-05-08,46.89,49.4,46.25,47.8,46.91,0.89,1.8973,592665.92,2857693.992,7.6209,1.39,392.5703,10.4426,3806843.82
300339.SZ,2026-05-11,47.15,48.27,46.72,47.98,47.8,0.18,0.3766,465195.58,2214521.997,5.9818,1.03,394.0486,10.4819,3821179.2151
300339.SZ,2026-05-12,47.57,48.08,46.1,46.41,47.98,-1.57,-3.2722,361890.24,1690688.458,4.6534,0.75,381.1546,10.1389,3696142.7131
300339.SZ,2026-05-13,46.13,47.15,45.52,46.72,46.41,0.31,0.668,330374.45,1528835.822,4.2482,0.7,383.7005,10.2066,3720831.4492
300339.SZ,2026-05-14,46.71,47.3,44.4,44.4,46.72,-2.32,-4.9658,399100.76,1804754.172,5.1319,0.91,364.6469,9.6998,3536064.134
300339.SZ,2026-05-15,44.73,46.37,44.5,44.98,44.4,0.58,1.3063,346877.87,1573101.383,4.4604,0.81,369.4103,9.8265,3582255.9628
300339.SZ,2026-05-18,44.83,45.77,44.41,44.71,44.98,-0.27,-0.6003,223399.99,1005863.427,2.8726,0.59,367.1929,9.7675,3560752.8701
300339.SZ,2026-05-19,44.72,45.97,44.22,45.51,44.71,0.8,1.7893,276853.43,1254855.333,3.56,0.83,373.7631,9.9423,3624465.7374
300339.SZ,2026-05-20,45.15,45.67,44.03,44.2,45.51,-1.31,-2.8785,254497.53,1132240.495,3.2725,0.81,363.0044,9.6561,3520135.9172
300339.SZ,2026-05-21,44.5,45.59,42.46,42.7,44.2,-1.5,-3.3937,345757.38,1528269.689,4.446,1.15,350.6852,9.3284,3400674.2911
300339.SZ,2026-05-22,43.0,43.34,42.38,42.85,42.7,0.15,0.3513,219097.26,940094.354,2.8173,0.76,351.9171,9.3612,3412620.4537
