ts_code,trade_date,open,high,low,close,pre_close,change,pct_chg,vol,amount,turnover_rate,volume_ratio,pe,pb,total_mv
688120.SH,2023-01-03,224.9,235.38,220.0,233.2,224.55,8.65,3.8521,8753.2,200723.123,3.4882,1.27,125.4544,5.3587,2487467.444
688120.SH,2023-01-04,234.98,243.91,225.62,227.7,233.2,-5.5,-2.3585,8937.96,207388.297,3.5619,1.24,122.4955,5.2324,2428800.759
688120.SH,2023-01-05,226.01,232.98,226.01,229.56,227.7,1.86,0.8169,7223.64,165496.409,2.8787,1.03,123.4962,5.2751,2448640.7652
688120.SH,2023-01-06,228.88,236.0,226.3,230.5,229.56,0.94,0.4095,5998.45,138850.725,2.3904,0.81,124.0019,5.2967,2458667.435
688120.SH,2023-01-09,230.58,239.0,229.11,231.97,230.5,1.47,0.6377,7666.65,179120.44,3.0552,1.01,124.7927,5.3305,2474347.4399
688120.SH,2023-01-10,233.36,239.4,230.96,235.2,231.97,3.23,1.3924,8862.42,208785.401,3.5318,1.15,126.5303,5.4047,2508800.784
688120.SH,2023-01-11,244.99,248.44,235.28,235.5,235.2,0.3,0.1276,14143.48,342452.01,5.6363,1.83,126.6917,5.4116,2512000.785
688120.SH,2023-01-12,233.5,236.23,226.66,227.8,235.5,-7.7,-3.2696,9550.56,218960.106,3.806,1.09,122.5493,5.2347,2429867.426
688120.SH,2023-01-13,228.55,230.39,226.21,228.91,227.8,1.11,0.4873,4221.35,96341.965,1.6822,0.46,123.1465,5.2602,2441707.4297
688120.SH,2023-01-16,227.06,249.1,227.02,243.1,228.91,14.19,6.1989,17460.44,418761.982,6.9581,1.96,130.7803,5.5862,2593067.477
688120.SH,2023-01-17,241.88,252.94,240.68,248.15,243.1,5.05,2.0773,8958.4,222806.796,3.57,0.83,133.497,5.7023,2646934.1605
688120.SH,2023-01-18,248.5,250.0,240.9,242.1,248.15,-6.05,-2.438,7473.38,181807.976,2.9782,0.69,130.2423,5.5633,2582400.807
688120.SH,2023-01-19,244.5,252.13,240.79,249.99,242.1,7.89,3.259,9183.01,227799.862,3.6595,0.96,134.4869,5.7446,2666560.8333
688120.SH,2023-01-20,249.55,250.55,240.67,242.79,249.99,-7.2,-2.8801,14714.94,358741.617,5.864,1.56,130.6135,5.5791,2589760.8093
688120.SH,2023-01-30,244.65,247.76,237.94,239.57,242.79,-3.22,-1.3262,11671.46,280218.817,4.6512,1.01,128.8812,5.5051,2555414.1319
688120.SH,2023-01-31,239.57,239.57,226.5,227.95,239.57,-11.62,-4.8504,19103.0,441003.419,7.6127,1.84,122.63,5.2381,2431467.4265
688120.SH,2023-02-01,229.29,233.98,228.12,233.98,227.95,6.03,2.6453,10739.98,248962.818,4.28,0.86,125.874,5.3767,2495787.4466
688120.SH,2023-02-02,235.5,251.0,235.5,245.71,233.98,11.73,5.0132,24593.89,600365.779,9.8009,1.88,132.1844,5.6462,2620907.4857
688120.SH,2023-02-03,244.82,247.98,242.2,246.26,245.71,0.55,0.2238,12356.92,302811.137,4.9243,0.76,132.4802,5.6589,2626774.1542
688120.SH,2023-02-06,246.5,249.42,242.5,245.61,246.26,-0.65,-0.2639,9437.43,232113.178,3.7609,0.6,132.1306,5.6439,2619840.8187
688120.SH,2023-02-07,246.46,246.59,239.13,243.4,245.61,-2.21,-0.8998,10941.91,265185.743,4.3605,0.72,130.9417,5.5931,2596267.478
688120.SH,2023-02-08,243.4,248.0,239.39,239.9,243.4,-3.5,-1.438,8869.13,215587.733,3.5344,0.65,129.0588,5.5127,2558934.133
688120.SH,2023-02-09,239.21,248.68,236.68,248.62,239.9,8.72,3.6348,13282.99,325810.596,5.2934,1.0,133.7499,5.7131,2651947.4954
688120.SH,2023-02-10,248.0,251.99,245.81,247.62,248.62,-1.0,-0.4022,9662.89,240428.479,3.8508,0.88,133.2119,5.6901,2641280.8254
688120.SH,2023-02-13,247.63,256.6,244.5,255.0,247.62,7.38,2.9804,18573.25,468462.318,7.4016,1.78,137.1821,5.8597,2720000.85
688120.SH,2023-02-14,255.01,259.95,250.4,250.9,255.0,-4.1,-1.6078,11693.11,296706.95,4.6598,0.95,134.9764,5.7655,2676267.503
688120.SH,2023-02-15,250.61,268.0,249.25,267.8,250.9,16.9,6.7358,22200.85,576204.318,8.8472,1.79,144.0681,6.1538,2856534.226
688120.SH,2023-02-16,266.0,267.79,255.64,259.39,267.8,-8.41,-3.1404,19328.04,506316.982,7.7024,1.28,139.5438,5.9606,2766827.5313
688120.SH,2023-02-17,258.5,258.5,243.0,244.44,259.39,-14.95,-5.7635,13965.32,349427.173,5.5653,0.86,131.5011,5.617,2607360.8148
688120.SH,2023-02-20,244.45,249.2,240.11,248.55,244.44,4.11,1.6814,7941.05,194038.6,3.1646,0.46,133.7122,5.7115,2651200.8285
688120.SH,2023-02-21,248.7,250.77,241.31,245.58,248.55,-2.97,-1.1949,8658.43,212043.539,3.4505,0.58,132.1144,5.6432,2619520.8186
688120.SH,2023-02-22,242.82,250.2,242.0,245.2,245.58,-0.38,-0.1547,7149.39,175824.862,2.8491,0.5,131.91,5.6345,2615467.484
688120.SH,2023-02-23,243.6,247.94,243.23,245.39,245.2,0.19,0.0775,4348.91,106552.533,1.7331,0.38,132.0122,5.6389,2617494.1513
688120.SH,2023-02-24,246.88,247.42,240.01,241.06,245.39,-4.33,-1.7645,8349.03,202868.994,3.3272,0.99,129.6828,5.5394,2571307.4702
688120.SH,2023-02-27,239.06,240.18,235.6,236.26,241.06,-4.8,-1.9912,6876.02,162988.692,2.7402,0.94,127.1006,5.4291,2520107.4542
688120.SH,2023-02-28,240.0,245.88,238.51,245.46,236.26,9.2,3.894,10480.25,254982.171,4.1765,1.48,132.0499,5.4527,2618240.8182
688120.SH,2023-03-01,246.37,246.99,242.8,246.9,245.46,1.44,0.5867,5759.55,141232.359,2.2952,0.77,132.8245,5.4847,2633600.823
688120.SH,2023-03-02,250.0,260.5,250.0,259.2,246.9,12.3,4.9818,19131.49,493165.807,7.6241,2.67,139.4416,5.7579,2764800.864
688120.SH,2023-03-03,266.0,283.0,266.0,278.28,259.2,19.08,7.3611,25323.87,701495.783,10.0918,2.5,149.706,6.1818,2968320.9276
688120.SH,2023-03-06,274.1,316.88,271.81,293.58,278.28,15.3,5.4981,31271.09,912277.605,12.4618,2.31,157.9369,6.5217,3131520.9786
688120.SH,2023-03-07,292.54,294.99,283.57,286.0,293.58,-7.58,-2.5819,13370.93,384803.362,5.3284,0.73,153.8591,6.3533,3050667.62
688120.SH,2023-03-08,284.01,297.4,283.71,289.65,286.0,3.65,1.2762,14632.7,424102.845,5.8313,0.77,155.8227,6.4344,3089600.9655
688120.SH,2023-03-09,287.24,305.0,287.24,299.98,289.65,10.33,3.5664,18370.16,550458.607,7.3207,0.89,161.3799,6.6638,3199787.6666
688120.SH,2023-03-10,296.01,310.98,290.0,295.98,299.98,-4.0,-1.3334,22185.06,664425.631,8.8409,1.08,159.2281,6.575,3157120.9866
688120.SH,2023-03-13,290.11,299.96,286.1,293.79,295.98,-2.19,-0.7399,11962.14,348273.705,4.767,0.6,158.0499,6.5263,3133760.9793
688120.SH,2023-03-14,292.19,318.0,288.0,315.55,293.79,21.76,7.4067,21639.96,656689.344,8.6237,1.34,169.7561,7.0097,3365867.7185
688120.SH,2023-03-15,314.0,316.0,301.0,302.0,315.55,-13.55,-4.2941,23553.67,722336.277,9.3864,1.33,162.4666,6.7087,3221334.34
688120.SH,2023-03-16,299.85,306.88,293.08,300.2,302.0,-1.8,-0.596,10197.71,305008.779,4.0639,0.52,161.4983,6.6687,3202134.334
688120.SH,2023-03-17,302.0,314.65,296.88,307.1,300.2,6.9,2.2985,13931.58,428082.168,5.5519,0.78,165.2103,6.822,3275734.357
688120.SH,2023-03-20,305.0,310.99,291.09,292.8,307.1,-14.3,-4.6565,17333.64,521653.065,6.9076,1.07,157.5173,6.5043,3123200.976
688120.SH,2023-03-21,292.0,297.49,287.18,291.4,292.8,-1.4,-0.4781,12282.13,357727.324,4.8945,0.71,156.7642,6.4732,3108267.638
688120.SH,2023-03-22,287.99,298.0,286.84,292.37,291.4,0.97,0.3329,9037.51,264468.611,3.6015,0.58,157.286,6.4948,3118614.3079
688120.SH,2023-03-23,290.98,300.0,289.0,298.87,292.37,6.5,2.2232,10299.5,305160.751,4.1044,0.82,160.7828,6.6392,3187947.6629
688120.SH,2023-03-24,294.0,298.99,275.0,285.48,298.87,-13.39,-4.4802,19700.98,558177.544,7.851,1.57,153.5794,6.3417,3045120.9516
688120.SH,2023-03-27,285.0,292.95,275.0,287.71,285.48,2.23,0.7811,18248.61,513809.953,7.2722,1.33,154.7791,6.3913,3068907.6257
688120.SH,2023-03-28,286.0,287.68,279.23,282.19,287.71,-5.52,-1.9186,9148.3,259572.282,3.6457,0.66,151.8095,6.2686,3010027.6073
688120.SH,2023-03-29,280.5,315.95,280.3,303.5,282.19,21.31,7.5516,22856.8,690052.563,9.1086,1.72,163.2736,6.742,3237334.345
688120.SH,2023-03-30,305.0,307.02,293.88,300.0,303.5,-3.5,-1.1532,14914.75,449012.071,5.9437,0.93,161.3907,6.6643,3200001.0
688120.SH,2023-03-31,300.0,322.62,295.14,316.8,300.0,16.8,5.6,15824.45,491354.417,6.3062,0.93,170.4286,7.0375,3379201.056
688120.SH,2023-04-03,325.0,339.0,321.99,334.4,316.8,17.6,5.5556,16960.06,559806.064,6.7587,1.05,179.8968,7.4284,3566934.448
688120.SH,2023-04-04,332.0,353.7,325.01,336.35,334.4,1.95,0.5831,16529.46,562354.362,6.5871,1.04,180.9459,7.4718,3587734.4545
688120.SH,2023-04-06,332.93,367.74,328.19,359.0,336.35,22.65,6.7341,16021.03,564425.726,6.3845,0.92,193.1309,7.9749,3829334.53
688120.SH,2023-04-07,355.0,373.85,351.85,369.9,359.0,10.9,3.0362,9462.05,343589.121,3.7707,0.59,198.9947,8.217,3945601.233
688120.SH,2023-04-10,365.99,368.0,337.0,340.23,369.9,-29.67,-8.0211,18882.39,655184.882,7.5248,1.26,183.0332,7.5579,3629121.1341
688120.SH,2023-04-11,340.2,347.5,323.0,327.77,340.23,-12.46,-3.6622,20117.03,665081.158,8.0168,1.29,176.3301,7.2812,3496214.4259
688120.SH,2023-04-12,328.0,331.79,321.66,326.21,327.77,-1.56,-0.4759,12182.69,398457.889,4.8549,0.75,175.4909,7.2465,3479574.4207
688120.SH,2023-04-13,324.05,334.45,319.0,322.0,326.21,-4.21,-1.2906,11111.78,361589.537,4.4281,0.72,173.226,7.153,3434667.74
688120.SH,2023-04-14,330.5,368.53,330.5,366.0,322.0,44.0,13.6646,26631.81,932074.08,10.613,1.86,196.8967,8.1304,3904001.22
688120.SH,2023-04-17,361.8,385.0,361.8,368.15,366.0,2.15,0.5874,18758.84,695547.133,7.4756,1.05,198.0533,8.1782,3926934.5605
688120.SH,2023-04-18,370.67,370.67,356.0,366.94,368.15,-1.21,-0.3287,12429.35,451277.892,4.9532,0.7,197.4023,8.1513,3914027.8898
688120.SH,2023-04-19,364.34,388.0,364.0,378.94,366.94,12.0,3.2703,17177.52,649616.803,6.8454,1.06,203.858,8.4179,4042027.9298
688120.SH,2023-04-20,373.0,410.0,371.0,397.98,378.94,19.04,5.0245,18863.58,746685.998,7.5173,1.1,214.1009,8.8408,4245121.3266
688120.SH,2023-04-21,398.0,400.01,376.77,383.4,397.98,-14.58,-3.6635,13093.93,506479.92,5.2181,0.7,206.2573,8.5169,4089601.278
688120.SH,2023-04-24,381.41,398.48,375.0,396.9,383.4,13.5,3.5211,12475.27,485554.408,4.9715,0.78,213.5199,8.8168,4233601.323
688120.SH,2023-04-25,412.02,417.86,386.15,398.0,396.9,1.1,0.2771,22670.05,909980.585,9.0342,1.53,84.6357,8.5162,4245334.66
688120.SH,2023-04-26,382.89,393.0,360.0,370.31,398.0,-27.69,-6.9573,18471.48,692694.024,7.3611,1.1,78.7473,7.9237,3949974.5677
688120.SH,2023-04-27,368.0,396.33,366.4,368.78,370.31,-1.53,-0.4132,13081.07,493851.694,5.2129,0.76,78.422,7.8909,3933654.5626
688120.SH,2023-04-28,370.72,385.91,366.0,382.99,368.78,14.21,3.8532,11388.81,430093.019,4.5385,0.71,81.4438,8.195,4085227.9433
688120.SH,2023-05-04,382.0,382.5,358.0,365.69,382.99,-17.3,-4.5171,10412.51,381128.672,4.1495,0.67,77.7649,7.8248,3900694.5523
688120.SH,2023-05-05,362.0,375.23,354.51,357.8,365.69,-7.89,-2.1576,9272.04,337074.944,3.695,0.61,76.0871,7.656,3816534.526
688120.SH,2023-05-08,350.5,367.8,342.12,352.9,357.8,-4.9,-1.3695,8985.01,317897.028,3.5806,0.72,75.0451,7.5511,3764267.843
688120.SH,2023-05-09,350.18,357.35,342.68,345.3,352.9,-7.6,-2.1536,9312.33,325061.015,3.711,0.88,73.4289,7.3885,3683201.151
688120.SH,2023-05-10,345.9,347.0,333.09,338.98,345.3,-6.32,-1.8303,8223.56,277795.995,3.2772,0.83,72.0849,7.2533,3615787.7966
688120.SH,2023-05-11,346.13,355.0,335.0,340.02,338.98,1.04,0.3068,8230.53,281975.236,3.2799,0.89,72.3061,7.2755,3626881.1334
688120.SH,2023-05-12,342.0,357.77,332.0,332.7,340.02,-7.32,-2.1528,9274.61,317545.328,3.696,1.05,70.7495,7.1189,3548801.109
688120.SH,2023-05-15,330.1,348.2,325.08,346.51,332.7,13.81,4.1509,8697.57,296529.881,3.4661,0.99,73.6862,7.4144,3696107.8217
688120.SH,2023-05-16,346.6,365.18,338.3,357.17,346.51,10.66,3.0764,9338.73,331955.873,3.7216,1.07,75.9531,7.6425,3809814.5239
688120.SH,2023-05-17,356.72,384.99,354.0,369.0,357.17,11.83,3.3121,11898.15,440770.514,4.7415,1.36,78.4688,7.8956,3936001.23
688120.SH,2023-05-18,365.0,382.0,363.2,365.22,369.0,-3.78,-1.0244,8533.34,316645.641,3.4006,0.9,77.6649,7.8148,3895681.2174
688120.SH,2023-05-19,368.25,371.9,352.16,360.02,365.22,-5.2,-1.4238,7091.16,256053.246,2.8259,0.74,76.5591,7.7035,3840214.5334
688120.SH,2023-05-22,380.0,388.88,361.1,367.01,360.02,6.99,1.9416,10770.9,401436.134,4.2923,1.18,78.0456,7.8531,3914774.5567
688120.SH,2023-05-23,361.79,364.7,347.0,352.34,367.01,-14.67,-3.9972,8613.03,305761.643,3.4324,0.9,74.926,7.5392,3758294.5078
688120.SH,2023-05-24,350.0,388.0,348.23,372.06,352.34,19.72,5.5969,11072.93,409694.085,4.4127,1.18,79.1195,7.9611,3968641.2402
688120.SH,2023-05-25,368.05,387.8,364.03,385.0,372.06,12.94,3.4779,11409.12,429411.623,4.5466,1.24,81.8712,8.238,4106667.95
688120.SH,2023-05-26,385.0,396.55,381.12,387.01,385.0,2.01,0.5221,8493.4,329681.086,3.3847,0.87,82.2986,8.281,4128107.9567
688120.SH,2023-05-29,386.99,404.25,378.92,400.2,387.01,13.19,3.4082,10992.46,434767.767,4.3806,1.09,85.1035,8.5632,4268801.334
688120.SH,2023-05-30,395.6,401.98,390.06,391.58,400.2,-8.62,-2.1539,8199.28,322879.404,3.2675,0.81,83.2705,8.3788,4176854.6386
688120.SH,2023-05-31,390.22,394.17,362.59,363.4,391.58,-28.18,-7.1965,19684.57,735841.751,7.8445,1.96,77.2779,7.7758,3876267.878
688120.SH,2023-06-01,358.0,358.0,343.01,347.16,363.4,-16.24,-4.4689,18357.88,640979.395,7.3158,1.56,73.8244,7.4283,3703041.1572
688120.SH,2023-06-02,345.48,358.99,337.81,350.63,347.16,3.47,0.9995,13145.51,458504.683,5.2386,1.0,74.5623,7.5026,3740054.5021
688120.SH,2023-06-05,360.0,374.68,357.65,362.8,350.63,12.17,3.4709,16896.74,618423.265,6.7335,1.2,77.1503,7.763,3869867.876
688120.SH,2023-06-06,359.25,367.6,347.52,360.0,362.8,-2.8,-0.7718,8806.0,316136.678,3.5093,0.58,76.5549,7.7031,3840001.2
688120.SH,2023-06-07,359.99,364.0,346.2,351.0,360.0,-9.0,-2.5,9626.41,338012.621,3.8362,0.63,74.641,7.5105,3744001.17
688120.SH,2023-06-08,350.0,350.0,319.58,320.71,351.0,-30.29,-8.6296,36017.14,1183256.931,4.7474,2.69,68.1998,6.8624,3420907.7357
688120.SH,2023-06-09,320.7,330.98,311.8,322.5,320.71,1.79,0.5581,27979.82,898583.268,3.688,1.66,68.5804,6.9007,3440001.075
688120.SH,2023-06-12,320.96,335.0,319.0,327.29,322.5,4.79,1.4853,19385.56,638841.895,2.5552,0.98,69.599,7.0032,3491094.4243
688120.SH,2023-06-13,329.88,336.96,323.89,336.19,327.29,8.9,2.7193,22171.32,736550.67,2.9224,1.09,71.4916,7.1936,3586027.7873
688120.SH,2023-06-14,331.0,354.0,330.01,330.12,336.19,-6.07,-1.8055,29334.42,996003.558,3.8665,1.27,70.2008,7.0637,3521281.1004
688120.SH,2023-06-15,333.39,339.39,327.33,334.15,330.12,4.03,1.2208,18561.45,618761.08,2.4466,0.69,71.0578,7.1499,3564267.7805
688120.SH,2023-06-16,340.0,350.1,332.68,347.6,334.15,13.45,4.0251,33092.31,1139137.454,4.3618,1.41,73.918,7.4377,3707734.492
688120.SH,2023-06-19,350.05,355.01,336.99,351.68,347.6,4.08,1.1738,23875.21,836877.765,3.147,0.97,74.7856,7.525,3751254.5056
688120.SH,2023-06-20,351.0,357.98,348.02,349.3,351.68,-2.38,-0.6768,12310.14,432930.127,1.6226,0.48,74.2795,7.4741,3725867.831
688120.SH,2023-06-21,350.9,350.9,332.58,335.01,349.3,-14.29,-4.091,17317.98,585783.925,2.2827,0.74,71.2407,7.1683,3573441.1167
688120.SH,2023-06-26,337.41,342.82,325.0,332.05,335.01,-2.96,-0.8836,14207.96,473647.885,1.8727,0.68,70.6113,7.105,3541867.7735
688120.SH,2023-06-27,220.52,228.78,218.58,227.41,222.52,4.89,2.1976,16049.32,361389.452,1.4198,0.8,72.0554,7.3287,3614304.0628
688120.SH,2023-06-28,228.0,251.0,227.41,242.33,227.41,14.92,6.5608,35666.62,856180.335,3.1551,2.13,76.7828,7.8095,3851432.6702
688120.SH,2023-06-29,242.0,246.97,237.0,240.65,242.33,-1.68,-0.6933,21431.38,516946.989,1.8959,1.12,76.2505,7.7554,3824731.8619
688120.SH,2023-06-30,239.1,259.47,237.5,252.05,240.65,11.4,4.7372,36528.71,917626.959,3.2314,1.74,79.8626,8.1228,4005915.9185
688120.SH,2023-07-03,252.0,263.37,248.01,250.46,252.05,-1.59,-0.6308,26324.23,669847.426,2.3287,1.06,79.3588,8.0715,3980645.5106
688120.SH,2023-07-04,248.47,253.4,244.4,248.43,250.46,-2.03,-0.8105,13603.75,337131.49,1.2034,0.5,78.7156,8.0061,3948382.0339
688120.SH,2023-07-05,246.16,250.77,234.72,238.0,248.43,-10.43,-4.1984,31581.15,757622.517,2.7937,1.18,75.4108,7.67,3782614.5154
688120.SH,2023-07-06,235.92,236.9,228.08,232.43,238.0,-5.57,-2.3403,20313.88,471306.106,1.797,0.78,73.646,7.4905,3694088.6211
688120.SH,2023-07-07,230.98,238.59,228.65,235.58,232.43,3.15,1.3552,14494.01,339456.426,1.2822,0.56,74.644,7.592,3744152.6367
688120.SH,2023-07-10,235.58,236.3,227.02,231.1,235.58,-4.48,-1.9017,12899.58,297819.679,1.1411,0.61,73.2245,7.4476,3672950.4811
688120.SH,2023-07-11,230.0,232.27,226.2,227.82,231.1,-3.28,-1.4193,13707.27,313151.514,1.2126,0.74,72.1853,7.3419,3620820.3315
688120.SH,2023-07-12,228.05,229.0,218.01,222.28,227.82,-5.54,-2.4317,16687.23,370492.361,1.4762,0.9,70.4299,7.1634,3532771.2373
688120.SH,2023-07-13,223.7,233.45,219.55,225.51,222.28,3.23,1.4531,17208.55,392121.198,1.5223,1.1,71.4533,7.2675,3584106.72
688120.SH,2023-07-14,225.8,228.79,223.86,225.95,225.51,0.44,0.1951,10158.92,229519.033,0.8987,0.68,71.5928,7.2817,3591099.7889
688120.SH,2023-07-17,226.57,229.0,213.23,216.0,225.95,-9.95,-4.4036,26944.04,583751.089,2.3835,1.91,68.4401,6.961,3432961.0728
688120.SH,2023-07-18,215.07,218.21,209.15,209.6,216.0,-6.4,-2.963,22763.61,484482.62,2.0137,1.34,66.4122,6.7548,3331243.7077
688120.SH,2023-07-19,210.0,211.56,206.49,210.2,209.6,0.6,0.2863,12313.36,258067.385,1.0893,0.66,66.6023,6.7741,3340779.7107
688120.SH,2023-07-20,208.75,213.58,205.3,205.48,210.2,-4.72,-2.2455,11098.52,231466.653,0.9818,0.62,65.1068,6.622,3265763.1539
688120.SH,2023-07-21,204.02,205.87,199.22,205.47,205.48,-0.01,-0.0049,17137.49,347247.579,1.516,1.03,65.1036,6.6217,3265604.2205
688120.SH,2023-07-24,204.61,207.56,198.15,199.06,205.47,-6.41,-3.1197,17184.13,344583.336,1.5201,0.95,63.0726,6.4151,3163727.922
688120.SH,2023-07-25,200.5,201.88,193.0,200.06,199.06,1.0,0.5024,20390.48,402140.265,1.8038,1.27,63.3895,6.4473,3179621.2603
688120.SH,2023-07-26,200.15,205.95,198.23,200.67,200.06,0.61,0.3049,16705.84,339374.357,1.4778,1.07,63.5827,6.467,3189316.1967
688120.SH,2023-07-27,199.48,201.56,194.42,195.36,200.67,-5.31,-2.6461,13876.73,273478.51,1.2276,0.84,61.9002,6.2958,3104922.5703
688120.SH,2023-07-28,196.0,199.74,195.0,195.7,195.36,0.34,0.174,10407.43,204714.275,0.9207,0.61,62.008,6.3068,3110326.3053
688120.SH,2023-07-31,194.81,206.82,191.54,200.5,195.7,4.8,2.4527,21869.71,434058.641,1.9346,1.39,63.5289,6.4615,3186614.3292
688120.SH,2023-08-01,200.56,203.98,195.28,199.73,200.5,-0.77,-0.384,20724.77,412926.522,1.8334,1.24,63.2849,6.4367,3174376.4587
688120.SH,2023-08-02,198.2,212.2,198.0,209.51,199.73,9.78,4.8966,26676.74,555418.183,2.3599,1.6,66.3837,6.7519,3329813.3072
688120.SH,2023-08-03,208.5,216.45,208.5,212.49,209.51,2.98,1.4224,21687.31,463081.315,1.9185,1.16,67.3279,6.8479,3377175.4554
688120.SH,2023-08-04,212.0,213.49,205.99,209.22,212.49,-3.27,-1.5389,18501.65,386106.287,1.6367,0.91,66.2918,6.7425,3325204.2391
688120.SH,2023-08-07,208.46,211.86,205.28,210.38,209.22,1.16,0.5544,12850.12,269311.255,1.1367,0.59,66.6594,6.7799,3343640.5116
688120.SH,2023-08-08,209.88,213.99,209.0,211.1,210.38,0.72,0.3422,9752.82,206922.661,0.8628,0.49,66.8875,6.8031,3355083.7151
688120.SH,2023-08-09,210.0,210.0,205.21,208.25,211.1,-2.85,-1.3501,7946.89,164813.132,0.703,0.44,65.9845,6.7112,3309787.701
688120.SH,2023-08-10,210.11,212.81,208.0,208.77,208.25,0.52,0.2497,11964.25,251539.341,1.0584,0.85,66.1492,6.728,3318052.2369
688120.SH,2023-08-11,208.8,209.89,203.71,207.77,208.77,-1.0,-0.479,11826.02,245496.91,1.0462,0.97,65.8324,6.6958,3302158.8986
688120.SH,2023-08-14,207.59,207.59,202.5,204.99,207.77,-2.78,-1.338,8117.75,166160.687,0.7181,0.75,64.9515,6.6062,3257975.4181
688120.SH,2023-08-15,206.75,209.72,192.0,198.98,204.99,-6.01,-2.9319,26460.08,526119.478,2.3407,2.67,63.0472,6.4125,3162456.4549
688120.SH,2023-08-16,199.0,200.99,193.4,193.6,198.98,-5.38,-2.7038,14230.9,279278.272,1.2589,1.07,61.3426,6.2391,3076950.2949
688120.SH,2023-08-17,193.59,196.68,191.11,194.4,193.6,0.8,0.4132,17584.03,341609.379,1.5555,1.21,61.5961,6.2649,3089664.9655
688120.SH,2023-08-18,195.0,197.8,190.49,192.63,194.4,-1.77,-0.9105,12972.72,251969.325,1.1476,0.83,61.0352,6.2079,3061533.7567
688120.SH,2023-08-21,192.62,194.6,188.99,190.43,192.63,-2.2,-1.1421,18586.94,356137.646,1.6442,1.17,60.3382,6.137,3026568.4125
688120.SH,2023-08-22,191.0,193.95,184.36,192.48,190.43,2.05,1.0765,16116.84,304392.641,1.4257,0.9,60.9877,6.203,3059149.756
688120.SH,2023-08-23,191.5,194.0,188.0,188.07,192.48,-4.41,-2.2911,7691.36,146477.668,0.6804,0.48,59.5904,6.0609,2989060.1341
688120.SH,2023-08-24,189.29,197.94,187.36,195.69,188.07,7.62,4.0517,14368.83,279344.262,1.2711,0.98,62.0048,6.3065,3110167.3719
688120.SH,2023-08-25,194.0,199.88,192.66,196.38,195.69,0.69,0.3526,14035.44,275927.514,1.2416,1.01,62.2234,6.3287,3121133.7754
688120.SH,2023-08-28,210.1,212.0,180.1,185.99,196.38,-10.39,-5.2908,35749.1,673916.4,3.1624,2.52,58.9313,5.9939,2956001.9904
688120.SH,2023-08-29,183.79,200.0,174.01,197.05,185.99,11.06,5.9466,35633.92,670848.153,3.1522,2.03,62.4357,6.1261,3131782.312
688120.SH,2023-08-30,199.98,207.97,197.25,205.9,197.05,8.85,4.4912,24551.39,501037.141,2.1719,1.14,65.2399,6.4013,3272438.356
688120.SH,2023-08-31,205.0,210.67,198.05,208.6,205.9,2.7,1.3113,20954.37,432610.812,1.8537,0.84,66.0954,6.4852,3315350.3694
688120.SH,2023-09-01,214.02,220.2,208.3,211.87,208.6,3.27,1.5676,23520.29,504299.645,2.0807,0.9,67.1315,6.5869,3367321.5856
688120.SH,2023-09-04,212.98,212.98,203.0,209.19,211.87,-2.68,-1.2649,23029.71,476688.265,2.0373,0.82,66.2823,6.5035,3324727.439
688120.SH,2023-09-05,208.0,212.28,205.58,207.13,209.19,-2.06,-0.9848,17114.64,356987.993,1.514,0.67,65.6296,6.4395,3291987.1621
688120.SH,2023-09-06,208.2,213.59,206.0,213.35,207.13,6.22,3.0029,25096.24,529643.47,2.2201,1.15,67.6004,6.6329,3390843.7263
688120.SH,2023-09-07,210.12,211.2,202.47,203.56,213.35,-9.79,-4.5887,21382.2,438961.764,1.8915,0.97,64.4984,6.3285,3235247.9443
688120.SH,2023-09-08,200.63,208.0,200.37,204.41,203.56,0.85,0.4176,19215.23,391867.697,1.6998,0.87,64.7678,6.3549,3248757.2819
688120.SH,2023-09-11,204.0,206.0,199.26,203.21,204.41,-1.2,-0.5871,25593.7,520357.694,2.2641,1.21,64.3875,6.3176,3229685.2759
688120.SH,2023-09-12,201.01,203.95,196.5,197.98,203.21,-5.23,-2.5737,17918.76,356107.616,1.5851,0.83,62.7304,6.155,3146563.1166
688120.SH,2023-09-13,197.5,198.72,191.11,195.09,197.98,-2.89,-1.4597,15477.77,299613.144,1.3692,0.71,61.8147,6.0652,3100631.3689
688120.SH,2023-09-14,194.49,195.88,189.22,191.28,195.09,-3.81,-1.9529,14079.12,269703.615,1.2455,0.71,60.6075,5.9467,3040077.75
688120.SH,2023-09-15,191.9,194.3,187.3,194.16,191.28,2.88,1.5056,14240.82,271670.824,1.2598,0.77,61.52,6.0363,3085850.5643
688120.SH,2023-09-18,190.1,193.57,185.51,186.84,194.16,-7.32,-3.7701,17260.28,325002.934,1.5269,0.99,59.2007,5.8087,2969511.328
688120.SH,2023-09-19,186.84,186.84,181.66,185.1,186.84,-1.74,-0.9313,13160.41,242606.528,1.1642,0.83,58.6493,5.7546,2941856.9193
688120.SH,2023-09-20,184.1,186.38,179.38,179.6,185.1,-5.5,-2.9714,14036.7,254162.472,1.2417,0.95,56.9067,5.5836,2854443.5587
688120.SH,2023-09-21,178.37,180.4,176.9,179.18,179.6,-0.42,-0.2339,10548.07,188220.689,0.9331,0.72,56.7736,5.5706,2847768.3566
688120.SH,2023-09-22,178.0,181.77,176.6,181.29,179.18,2.11,1.1776,18098.63,324345.065,1.601,1.31,57.4421,5.6362,2881303.3004
688120.SH,2023-09-25,180.95,182.5,174.37,181.32,181.29,0.03,0.0165,19104.08,340342.743,1.69,1.31,57.4516,5.6371,2881780.1006
688120.SH,2023-09-26,179.92,184.97,178.51,182.33,181.32,1.01,0.557,13482.5,246945.102,1.1927,0.9,57.7717,5.6685,2897832.3722
688120.SH,2023-09-27,183.2,184.59,181.05,181.05,182.33,-1.28,-0.702,10565.4,192838.086,0.9346,0.7,57.3661,5.6287,2877488.8992
688120.SH,2023-09-28,181.12,194.98,180.8,191.5,181.05,10.45,5.7719,23372.52,440600.612,2.0676,1.63,60.6772,5.9536,3043574.2845
688120.SH,2023-10-09,191.0,196.7,188.2,192.73,191.5,1.23,0.6423,11934.76,230717.775,1.0558,0.71,61.0669,5.9918,3063123.0906
688120.SH,2023-10-10,192.69,201.37,192.69,196.56,192.73,3.83,1.9872,16700.23,329881.798,1.4773,1.06,62.2805,6.1109,3123994.5762
688120.SH,2023-10-11,195.0,199.88,194.11,199.25,196.56,2.69,1.3685,13301.74,263577.548,1.1767,0.87,63.1328,6.1945,3166747.6563
688120.SH,2023-10-12,202.0,216.1,199.3,213.54,199.25,14.29,7.1719,25074.2,521133.352,2.2181,1.65,67.6606,6.6388,3393863.4606
688120.SH,2023-10-13,211.62,212.7,207.71,211.0,213.54,-2.54,-1.1895,11576.02,243240.235,1.024,0.64,66.8558,6.5598,3353494.3813
688120.SH,2023-10-16,210.02,210.99,204.0,206.55,211.0,-4.45,-2.109,12908.33,266599.553,1.1419,0.82,65.4458,6.4215,3282769.0259
688120.SH,2023-10-17,207.98,214.8,204.8,214.1,206.55,7.55,3.6553,18932.73,397723.39,1.6748,1.19,67.8381,6.6562,3402763.73
688120.SH,2023-10-18,213.27,215.8,209.0,212.75,214.1,-1.35,-0.6305,12800.23,272985.947,1.1323,0.78,67.4103,6.6142,3381307.7233
688120.SH,2023-10-19,210.98,214.47,207.97,208.81,212.75,-3.94,-1.8519,13122.68,276520.65,1.1609,0.81,66.1619,6.4917,3318687.9704
688120.SH,2023-10-20,207.5,215.0,205.58,209.78,208.81,0.97,0.4645,14461.15,304136.55,1.2793,1.04,66.4693,6.5219,3334104.5086
688120.SH,2023-10-23,208.08,209.34,201.94,204.33,209.78,-5.45,-2.598,8574.52,175046.781,0.7585,0.59,64.7424,6.3524,3247485.8148
688120.SH,2023-10-24,204.0,217.03,203.0,212.0,204.33,7.67,3.7537,16361.61,345436.843,1.4474,1.2,67.1727,6.5909,3369387.7196
688120.SH,2023-10-25,215.16,215.17,203.0,207.4,212.0,-4.6,-2.1698,13825.73,286063.446,1.2231,1.06,65.7151,6.4479,3296278.3634
688120.SH,2023-10-26,206.49,210.38,204.1,209.1,207.4,1.7,0.8197,8097.43,167997.22,0.7163,0.61,66.2538,6.5007,3323297.0385
688120.SH,2023-10-27,209.39,210.5,200.5,204.52,209.1,-4.58,-2.1903,16573.58,338791.947,1.4661,1.35,64.8026,6.3584,3250505.5491
688120.SH,2023-10-30,205.7,209.86,200.88,204.5,204.52,-0.02,-0.0098,15189.37,311865.667,1.3437,1.2,64.7963,6.3577,3250187.6824
688120.SH,2023-10-31,217.2,219.98,206.55,212.85,204.5,8.35,4.0831,25132.53,533459.102,2.2233,1.79,67.442,6.3435,3382897.0572
688120.SH,2023-11-01,210.64,214.66,208.1,210.85,212.85,-2.0,-0.9396,12208.08,257950.043,1.08,0.77,66.8083,6.2839,3351110.3806
688120.SH,2023-11-02,212.25,212.78,204.0,204.26,210.85,-6.59,-3.1254,10986.69,227372.424,0.9719,0.71,64.7202,6.0875,3246373.2812
688120.SH,2023-11-03,205.6,212.26,203.61,210.38,204.26,6.12,2.9962,11685.7,243465.928,1.0337,0.73,66.6594,6.2699,3343640.5116
688120.SH,2023-11-06,211.0,212.09,205.02,211.19,210.38,0.81,0.385,17979.21,374199.358,1.5905,1.2,66.916,6.294,3356514.1156
688120.SH,2023-11-07,209.99,211.68,207.18,210.7,211.19,-0.49,-0.232,11309.97,236931.02,1.0005,0.73,66.7608,6.2794,3348726.3798
688120.SH,2023-11-08,209.82,222.02,209.58,217.77,210.7,7.07,3.3555,23715.0,514530.999,2.0979,1.85,69.0009,6.4901,3461092.2816
688120.SH,2023-11-09,216.98,218.8,211.56,213.6,217.77,-4.17,-1.9149,12861.2,276475.678,1.1377,0.85,67.6796,6.3659,3394817.0609
688120.SH,2023-11-10,214.5,218.6,210.88,217.91,213.6,4.31,2.0178,19354.3,419110.035,1.7121,1.25,69.0453,6.4943,3463317.349
688120.SH,2023-11-13,219.0,221.0,215.5,217.8,217.91,-0.11,-0.0505,13043.43,283055.129,1.1538,0.77,69.0104,6.491,3461569.0817
688120.SH,2023-11-14,216.73,226.0,213.0,220.5,217.8,2.7,1.2397,20700.38,452781.627,1.8312,1.29,69.8659,6.5715,3504481.0952
688120.SH,2023-11-15,221.4,222.99,214.68,215.77,220.5,-4.73,-2.1451,15971.45,349010.873,1.4129,0.89,68.3672,6.4305,3429305.605
688120.SH,2023-11-16,214.37,215.36,206.34,208.45,215.77,-7.32,-3.3925,14722.55,308923.139,1.3024,0.9,66.0478,6.2124,3312966.3686
688120.SH,2023-11-17,207.66,212.55,207.66,211.9,208.45,3.45,1.6551,9486.31,199965.013,0.8392,0.57,67.141,6.3152,3367798.3858
688120.SH,2023-11-20,212.77,215.99,209.0,211.92,211.9,0.02,0.0094,11933.44,254029.959,1.0557,0.81,67.1473,6.3158,3368116.2525
688120.SH,2023-11-21,212.6,213.13,205.2,208.8,211.92,-3.12,-1.4723,13731.12,285771.536,1.2147,0.94,66.1587,6.2228,3318529.037
688120.SH,2023-11-22,208.0,209.0,204.01,206.12,208.8,-2.68,-1.2835,7645.62,158162.921,0.6763,0.58,65.3096,6.1429,3275934.8904
688120.SH,2023-11-23,206.67,212.34,206.21,212.0,206.12,5.88,2.8527,9360.06,196190.435,0.828,0.81,67.1727,6.3182,3369387.7196
688120.SH,2023-11-24,211.75,214.45,207.29,207.98,212.0,-4.02,-1.8962,8346.35,175709.907,0.7383,0.8,65.8989,6.1984,3305496.4996
688120.SH,2023-11-27,212.13,219.4,207.5,219.17,207.98,11.19,5.3803,24097.78,523069.812,2.1317,2.36,69.4445,6.5319,3483342.9552
688120.SH,2023-11-28,219.59,220.97,216.61,218.73,219.17,-0.44,-0.2008,16911.54,369736.85,1.496,1.34,69.3051,6.5187,3476349.8864
688120.SH,2023-11-29,223.6,226.0,218.75,219.96,218.73,1.23,0.5623,18682.84,415259.718,1.6527,1.41,69.6948,6.5554,3495898.6925
688120.SH,2023-11-30,219.9,221.5,216.6,219.49,219.96,-0.47,-0.2137,20883.64,457813.631,1.8474,1.35,69.5459,6.5414,3488428.8235
688120.SH,2023-12-01,218.27,224.1,215.55,221.64,219.49,2.15,0.9795,15309.51,337197.169,1.3543,0.86,70.2271,6.6055,3522599.5008
688120.SH,2023-12-04,221.68,224.55,218.07,218.61,221.64,-3.03,-1.3671,13098.49,290366.772,1.1587,0.68,69.2671,6.5152,3474442.6858
688120.SH,2023-12-05,217.34,223.52,216.8,221.81,218.61,3.2,1.4638,15097.32,333012.394,1.3355,0.89,70.281,6.6105,3525301.3683
688120.SH,2023-12-06,220.01,228.13,220.01,227.13,221.81,5.32,2.3984,17632.96,397771.208,1.5598,1.06,71.9666,6.7691,3609853.9281
688120.SH,2023-12-07,226.5,228.33,209.66,214.88,227.13,-12.25,-5.3934,32113.77,693203.813,2.8408,1.96,68.0852,6.404,3415160.5339
688120.SH,2023-12-08,214.66,227.0,213.2,221.55,214.88,6.67,3.1041,52658.18,1166851.725,4.6582,2.82,70.1986,6.6028,3521169.1004
688120.SH,2023-12-11,221.0,226.98,219.04,224.87,221.55,3.32,1.4985,16122.78,362128.819,1.4263,0.62,71.2506,6.7017,3573934.9835
688120.SH,2023-12-12,223.09,224.99,215.66,218.42,224.87,-6.45,-2.8683,14764.39,323791.006,1.3061,0.55,69.2069,6.5095,3471422.9515
688120.SH,2023-12-13,216.0,218.38,211.05,216.01,218.42,-2.41,-1.1034,8535.09,184614.017,0.755,0.32,68.4432,6.4377,3433120.0062
688120.SH,2023-12-14,215.63,216.69,209.1,211.03,216.01,-4.98,-2.3054,13583.2,286817.838,1.2016,0.55,66.8653,6.2893,3353971.1814
688120.SH,2023-12-15,211.03,213.99,209.16,210.56,211.03,-0.47,-0.2227,8803.44,186582.188,0.7788,0.42,66.7164,6.2753,3346501.3124
688120.SH,2023-12-18,209.11,209.99,207.18,207.26,210.56,-3.3,-1.5672,7668.83,159657.927,0.6784,0.62,65.6708,6.1769,3294053.2961
688120.SH,2023-12-19,205.85,210.39,205.25,209.0,207.26,1.74,0.8395,7580.4,157652.698,0.6706,0.71,66.2221,6.2288,3321707.7047
688120.SH,2023-12-20,207.9,211.55,206.04,207.6,209.0,-1.4,-0.6699,9092.0,188957.64,0.8043,0.98,65.7785,6.187,3299457.0311
688120.SH,2023-12-21,207.0,211.29,203.5,209.22,207.6,1.62,0.7803,6632.69,138623.327,0.5867,0.71,66.2918,6.2353,3325204.2391
688120.SH,2023-12-22,208.4,210.56,201.0,201.8,209.22,-7.42,-3.5465,9574.63,195829.575,0.847,1.2,63.9408,6.0142,3207275.6689
688120.SH,2023-12-25,200.5,203.99,193.56,195.03,201.8,-6.77,-3.3548,13550.02,266318.821,1.1987,1.67,61.7957,5.8124,3099677.7686
688120.SH,2023-12-26,194.47,195.79,183.1,184.43,195.03,-10.6,-5.4351,18168.35,341534.77,1.6072,1.96,58.4371,5.4965,2931208.3827
688120.SH,2023-12-27,183.78,194.36,183.78,192.53,184.43,8.1,4.3919,14508.63,276764.889,1.2835,1.27,61.0036,5.7379,3059944.4229
688120.SH,2023-12-28,191.99,194.62,190.2,190.48,192.53,-2.05,-1.0648,13693.14,263091.72,1.2113,1.1,60.354,5.6768,3027363.0794
688120.SH,2023-12-29,189.81,195.8,187.01,187.7,190.48,-2.78,-1.4595,15086.34,287223.724,1.3346,1.09,59.4732,5.594,2983179.5989
688120.SH,2024-01-02,188.0,191.0,184.0,187.3,187.7,-0.4,-0.2131,15009.63,281534.012,1.3278,1.0,59.3464,5.582,2976822.2636
688120.SH,2024-01-03,186.0,190.58,184.88,187.97,187.3,0.67,0.3577,11801.33,221377.49,1.044,0.77,59.5587,5.602,2987470.8003
688120.SH,2024-01-04,188.06,189.8,185.33,188.96,187.97,0.99,0.5267,10098.8,189811.256,0.8934,0.72,59.8724,5.6315,3003205.2052
688120.SH,2024-01-05,188.0,191.87,187.51,189.95,188.96,0.99,0.5239,10766.05,204697.919,0.9524,0.82,60.1861,5.661,3018939.6101
688120.SH,2024-01-08,188.65,189.59,182.68,185.38,189.95,-4.57,-2.4059,13567.98,250736.014,1.2003,1.08,58.7381,5.5248,2946307.0541
688120.SH,2024-01-09,184.96,186.17,179.3,182.76,185.38,-2.62,-1.4133,17359.89,316430.112,1.5357,1.42,57.9079,5.4467,2904666.5077
688120.SH,2024-01-10,182.01,183.82,179.05,179.3,182.76,-3.46,-1.8932,10219.32,184596.472,0.904,0.8,56.8116,5.3436,2849675.5572
688120.SH,2024-01-11,179.3,184.78,178.71,183.33,179.3,4.03,2.2476,8720.48,159629.024,0.7714,0.7,58.0885,5.4637,2913725.7105
688120.SH,2024-01-12,182.96,186.0,180.99,185.02,183.33,1.69,0.9218,8066.94,149177.148,0.7136,0.67,58.624,5.5141,2940585.4523
688120.SH,2024-01-15,183.02,189.5,181.98,184.5,185.02,-0.52,-0.2811,10624.31,197005.697,0.9398,0.92,58.4592,5.4986,2932320.9164
688120.SH,2024-01-16,184.0,192.0,183.1,189.19,184.5,4.69,2.542,13435.42,252216.505,1.1885,1.22,59.9453,5.6384,3006860.673
688120.SH,2024-01-17,188.0,188.4,183.0,183.0,189.19,-6.19,-3.2718,5777.56,106957.968,0.5111,0.57,57.984,5.4539,2908480.9089
688120.SH,2024-01-18,180.12,186.0,175.4,185.1,183.0,2.1,1.1475,12331.89,221869.382,1.0909,1.32,58.6493,5.5165,2941856.9193
688120.SH,2024-01-19,183.73,186.5,181.55,182.15,185.1,-2.95,-1.5937,9141.03,167693.507,0.8086,0.91,57.7146,5.4286,2894971.5713
688120.SH,2024-01-22,177.9,177.9,168.0,169.0,182.15,-13.15,-7.2193,19199.51,329070.951,1.6984,1.87,53.548,5.0367,2685974.1727
688120.SH,2024-01-23,168.0,173.46,166.09,168.02,169.0,-0.98,-0.5799,11326.78,192318.732,1.002,0.95,53.2375,5.0074,2670398.7012
688120.SH,2024-01-24,170.3,171.65,163.3,166.81,168.02,-1.21,-0.7202,9413.67,157511.801,0.8328,0.81,52.8541,4.9714,2651167.7618
688120.SH,2024-01-25,166.81,173.5,165.1,172.97,166.81,6.16,3.6928,10841.21,184040.979,0.959,0.88,54.8059,5.155,2749070.7258
688120.SH,2024-01-26,171.93,171.99,165.75,166.0,172.97,-6.97,-4.0296,8272.73,139783.642,0.7318,0.69,52.5975,4.9472,2638294.1578
688120.SH,2024-01-29,166.63,169.95,159.83,159.83,166.0,-6.17,-3.7169,9202.81,150027.215,0.8141,0.78,50.6425,4.7634,2540232.2605
688120.SH,2024-01-30,159.0,159.0,148.5,149.06,159.83,-10.77,-6.7384,15236.18,233544.493,1.3478,1.55,47.23,4.4424,2369061.007
688120.SH,2024-01-31,147.56,151.64,145.21,148.18,149.06,-0.88,-0.5904,13556.03,201612.25,1.1992,1.28,46.9512,4.4162,2355074.8693
688120.SH,2024-02-01,147.5,159.63,146.01,154.51,148.18,6.33,4.2718,18741.7,287681.171,1.6579,1.64,48.9568,4.6048,2455679.7007
688120.SH,2024-02-02,155.28,160.66,150.13,154.65,154.51,0.14,0.0906,16301.97,254357.327,1.4421,1.25,49.0012,4.609,2457904.7681
688120.SH,2024-02-05,154.41,162.0,146.65,159.8,154.65,5.15,3.3301,18969.72,291589.072,1.6781,1.3,50.633,4.7625,2539755.4603
688120.SH,2024-02-06,164.59,175.77,155.11,174.01,159.8,14.21,8.8924,21109.5,345298.193,1.8674,1.27,55.1355,5.186,2765599.7976
688120.SH,2024-02-07,174.36,186.88,171.16,185.59,174.01,11.58,6.6548,25176.07,455851.039,2.2271,1.42,58.8046,5.5311,2949644.6551
688120.SH,2024-02-08,185.77,198.9,184.33,185.4,185.59,-0.19,-0.1024,21088.85,404494.372,1.8656,1.05,58.7444,5.5254,2946624.9208
688120.SH,2024-02-19,189.5,189.5,180.17,188.03,185.4,2.63,1.4186,19461.62,359281.755,1.7216,0.95,59.5777,5.6038,2988424.4005
688120.SH,2024-02-20,185.0,185.21,179.56,182.3,188.03,-5.73,-3.0474,15373.39,279737.183,1.36,0.73,57.7622,5.433,2897355.5721
688120.SH,2024-02-21,178.0,189.6,178.0,184.69,182.3,2.39,1.311,11886.14,220501.883,1.0515,0.58,58.5194,5.5043,2935340.6506
688120.SH,2024-02-22,184.48,185.42,181.7,183.08,184.69,-1.61,-0.8717,10145.77,186181.438,0.8975,0.55,58.0093,5.4563,2909752.376
688120.SH,2024-02-23,183.16,184.5,178.5,181.35,183.08,-1.73,-0.9449,13249.72,239304.737,1.1721,0.85,57.4611,5.4047,2882256.9007
688120.SH,2024-02-26,181.03,185.1,180.14,182.5,181.35,1.15,0.6341,10489.42,191931.917,0.9279,0.75,57.8255,5.439,2900534.2398
688120.SH,2024-02-27,181.1,190.89,180.52,190.0,182.5,7.5,4.1096,15789.64,293620.393,1.3968,1.29,60.2019,5.6625,3019734.277
688120.SH,2024-02-28,190.0,192.63,182.39,182.9,190.0,-7.1,-3.7368,14302.13,268652.955,1.2652,1.16,57.9523,5.2648,2906891.5751
688120.SH,2024-02-29,183.0,202.0,183.0,202.0,182.9,19.1,10.4429,24927.23,488308.79,2.2051,1.95,64.0041,5.8146,3210454.3366
688120.SH,2024-03-01,202.21,206.98,197.01,202.0,202.0,0.0,0.0,15306.06,307571.663,1.354,0.97,64.0041,5.8146,3210454.3366
688120.SH,2024-03-04,201.49,206.8,201.44,201.66,202.0,-0.34,-0.1683,14861.45,302543.513,1.3147,0.92,63.8964,5.8049,3205050.6016
688120.SH,2024-03-05,201.96,202.53,196.5,199.09,201.66,-2.57,-1.2744,12576.3,249933.948,1.1125,0.74,63.0821,5.7309,3164204.7221
688120.SH,2024-03-06,199.09,203.5,195.4,197.08,199.09,-2.01,-1.0096,12582.87,250122.652,1.1131,0.77,62.4452,5.673,3132259.1122
688120.SH,2024-03-07,199.89,202.18,195.08,195.08,197.08,-2.0,-1.0148,11172.43,221749.576,0.9883,0.7,61.8115,5.6154,3100472.4356
688120.SH,2024-03-08,194.6,200.12,194.6,197.7,195.08,2.62,1.343,12130.48,239334.484,1.0731,0.91,62.6417,5.6909,3142112.9819
688120.SH,2024-03-11,197.0,199.5,193.0,199.12,197.7,1.42,0.7183,8949.72,175815.576,0.7917,0.71,63.0916,5.7317,3164681.5223
688120.SH,2024-03-12,199.21,205.64,198.09,200.03,199.12,0.91,0.457,11660.47,234294.994,1.0315,1.02,63.3799,5.7579,3179144.4601
688120.SH,2024-03-13,200.8,201.98,198.06,198.06,200.03,-1.97,-0.9849,7199.66,143938.231,0.6369,0.64,62.7557,5.7012,3147834.5837
688120.SH,2024-03-14,197.0,198.56,191.51,193.0,198.06,-5.06,-2.5548,9590.81,186556.709,0.8484,0.94,61.1525,5.5556,3067414.2919
688120.SH,2024-03-15,193.96,194.7,190.37,191.64,193.0,-1.36,-0.7047,8042.11,154807.705,0.7114,0.81,60.7216,5.5164,3045799.3518
688120.SH,2024-03-18,192.0,195.68,188.51,193.9,191.64,2.26,1.1793,14840.04,285108.175,1.3128,1.63,61.4376,5.5815,3081718.2964
688120.SH,2024-03-19,192.0,197.8,191.4,191.56,193.9,-2.34,-1.2068,12096.16,235328.1,1.0701,1.18,60.6962,5.5141,3044527.8847
688120.SH,2024-03-20,191.0,192.96,187.02,190.05,191.56,-1.51,-0.7883,11662.45,220591.868,1.0317,1.13,60.2178,5.4707,3020528.9439
688120.SH,2024-03-21,191.0,195.0,188.16,192.51,190.05,2.46,1.2944,12699.57,243824.441,1.1234,1.13,60.9972,5.5415,3059626.5561
688120.SH,2024-03-22,192.4,197.86,190.31,190.51,192.51,-2.0,-1.0389,14003.99,271888.939,1.2388,1.18,60.3635,5.4839,3027839.8795
688120.SH,2024-03-25,188.8,194.8,185.29,189.79,190.51,-0.72,-0.3779,15918.47,304422.658,1.4082,1.22,60.1354,5.4632,3016396.676
688120.SH,2024-03-26,189.3,192.1,184.48,186.0,189.79,-3.79,-1.9969,8408.15,157276.442,0.7438,0.63,58.9345,5.3541,2956160.9238
688120.SH,2024-03-27,185.3,185.7,179.0,179.01,186.0,-6.99,-3.7581,8894.63,162465.747,0.7868,0.71,56.7197,5.1529,2845066.4891
688120.SH,2024-03-28,179.31,181.5,174.17,176.02,179.01,-2.99,-1.6703,13987.25,248892.676,1.2373,1.17,55.7723,5.0668,2797545.4076
688120.SH,2024-03-29,175.99,177.98,170.4,174.0,176.02,-2.02,-1.1476,16767.05,291000.892,1.4832,1.37,55.1323,5.0086,2765440.8642
688120.SH,2024-04-01,175.5,176.8,172.55,173.78,174.0,-0.22,-0.1264,13366.4,233219.552,1.1824,1.04,55.0626,5.0023,2761944.3298
688120.SH,2024-04-02,174.1,174.8,170.66,171.85,173.78,-1.93,-1.1106,8944.13,154006.791,0.7912,0.73,54.451,4.9468,2731270.1869
688120.SH,2024-04-03,171.5,173.48,168.6,171.43,171.85,-0.42,-0.2444,10842.12,185474.139,0.9591,0.87,54.318,4.9347,2724594.9848
688120.SH,2024-04-08,170.35,175.05,170.35,170.44,171.43,-0.99,-0.5775,9254.94,159555.18,0.8187,0.72,54.0043,4.9062,2708860.5799
688120.SH,2024-04-09,170.58,172.5,168.2,172.0,170.44,1.56,0.9153,6740.76,114928.122,0.5963,0.57,54.4986,4.9511,2733654.1876
688120.SH,2024-04-10,170.4,171.7,165.51,165.83,172.0,-6.17,-3.5872,8630.75,144807.543,0.7635,0.88,52.5436,4.7735,2635592.2903
688120.SH,2024-04-11,164.3,166.52,160.32,162.47,165.83,-3.36,-2.0262,14440.42,235242.567,1.2774,1.63,51.479,4.6768,2582190.6736
688120.SH,2024-04-12,162.0,163.48,159.4,159.4,162.47,-3.07,-1.8896,11106.04,178617.956,0.9825,1.11,50.5062,4.5884,2533398.125
688120.SH,2024-04-15,160.12,169.49,160.12,162.0,159.4,2.6,1.6311,23595.97,387417.017,2.0873,2.35,51.3301,4.6632,2574720.8046
688120.SH,2024-04-16,160.5,163.65,153.42,155.37,162.0,-6.63,-4.0926,19515.52,307173.77,1.7264,1.51,49.2293,4.4724,2469347.9717
688120.SH,2024-04-17,157.3,159.78,153.52,158.41,155.37,3.04,1.9566,19576.01,307944.754,1.7317,1.27,50.1926,4.5599,2517663.7201
688120.SH,2024-04-18,156.87,163.89,154.03,160.3,158.41,1.89,1.1931,16880.72,270351.625,1.4933,0.96,50.7914,4.6143,2547702.1295
688120.SH,2024-04-19,159.0,159.0,154.88,155.05,160.3,-5.25,-3.2751,11477.83,179353.519,1.0154,0.63,49.1279,4.4632,2464262.1034
688120.SH,2024-04-22,154.1,157.5,151.66,155.94,155.05,0.89,0.574,9486.08,147354.823,0.8392,0.52,49.4099,4.4888,2478407.1745
688120.SH,2024-04-23,157.34,160.74,155.15,159.79,155.94,3.85,2.4689,11338.15,179333.45,1.003,0.74,50.6298,4.5996,2539596.527
688120.SH,2024-04-24,159.9,164.66,158.26,158.78,159.79,-1.01,-0.6321,16474.64,265064.084,1.4574,1.2,50.3098,4.5705,2523544.2553
688120.SH,2024-04-25,158.78,160.95,156.6,157.16,158.78,-1.62,-1.0203,14248.31,226252.974,1.2604,1.09,49.7965,4.5239,2497797.0472
688120.SH,2024-04-26,156.23,162.31,155.88,162.31,157.16,5.15,3.2769,19274.0,306455.085,1.705,1.53,51.4283,4.6721,2579647.7395
688120.SH,2024-04-29,160.11,176.42,160.05,173.19,162.31,10.88,6.7032,27968.33,478210.05,2.4741,1.97,38.0322,4.7918,2752567.2602
688120.SH,2024-04-30,172.6,173.3,170.27,170.68,173.19,-2.51,-1.4493,10791.61,185234.313,0.9546,0.6,37.481,4.7224,2712674.981
688120.SH,2024-05-06,174.0,178.0,173.0,176.1,170.68,5.42,3.1755,16211.3,285350.344,1.4341,0.91,38.6712,4.8723,2798816.8746
688120.SH,2024-05-07,175.7,177.46,174.08,176.61,176.1,0.51,0.2896,12236.95,215066.076,1.0825,0.69,38.7832,4.8864,2806922.4772
688120.SH,2024-05-08,176.1,177.91,174.2,174.88,176.61,-1.73,-0.9796,9659.84,170109.387,0.8545,0.56,38.4033,4.8386,2779427.0019
688120.SH,2024-05-09,175.23,186.0,175.06,183.85,174.88,8.97,5.1292,19428.18,355818.396,1.7187,1.26,40.3731,5.0868,2921990.2465
688120.SH,2024-05-10,183.85,185.6,176.15,180.3,183.85,-3.55,-1.9309,14077.52,253870.839,1.2453,1.03,39.5935,4.9885,2865568.8955
688120.SH,2024-05-13,177.3,183.61,176.01,182.5,180.3,2.2,1.2202,13685.68,247539.212,1.2107,0.96,40.0767,5.0494,2900534.2398
688120.SH,2024-05-14,182.9,184.5,180.13,181.4,182.5,-1.1,-0.6027,7390.91,134600.948,0.6538,0.53,39.8351,5.019,2883051.5676
688120.SH,2024-05-15,180.7,185.44,176.8,176.94,181.4,-4.46,-2.4587,12151.35,219785.053,1.0749,0.95,38.8557,4.8956,2812167.2788
688120.SH,2024-05-16,176.94,179.6,173.74,178.99,176.94,2.05,1.1586,10707.19,188569.54,0.9472,0.8,39.3059,4.9523,2844748.6223
688120.SH,2024-05-17,176.0,178.0,173.02,177.97,178.99,-1.02,-0.5699,10226.08,179752.579,0.9046,0.88,39.0819,4.9241,2828537.4173
688120.SH,2024-05-20,177.0,179.8,174.21,177.39,177.97,-0.58,-0.3259,10244.06,181215.19,0.9062,0.95,38.9545,4.908,2819319.281
688120.SH,2024-05-21,175.8,179.86,175.0,175.2,177.39,-2.19,-1.2346,10144.82,179887.784,0.8974,1.0,38.4736,4.8474,2784512.8702
688120.SH,2024-05-22,176.0,176.55,169.9,173.12,175.2,-2.08,-1.1872,11415.29,196950.186,1.0098,1.07,38.0168,4.7899,2751454.7265
688120.SH,2024-05-23,173.0,177.3,171.76,174.12,173.12,1.0,0.5776,8572.0,149750.821,0.7583,0.81,38.2364,4.8176,2767348.0648
688120.SH,2024-05-24,174.29,176.99,172.0,172.57,174.12,-1.55,-0.8902,8332.51,145264.819,0.7371,0.82,37.896,4.7747,2742713.3904
688120.SH,2024-05-27,172.0,181.48,170.09,181.02,172.57,8.45,4.8966,17402.03,307585.553,1.5394,1.79,39.7517,5.0085,2877012.0991
688120.SH,2024-05-28,181.0,183.84,177.68,178.4,181.02,-2.62,-1.4474,11833.25,214026.496,1.0468,1.06,39.1763,4.936,2835371.5527
688120.SH,2024-05-29,176.73,180.54,176.66,179.0,178.4,0.6,0.3363,7078.51,126257.245,0.6262,0.61,39.3081,4.9526,2844907.5557
688120.SH,2024-05-30,178.02,182.51,177.11,181.15,179.0,2.15,1.2011,9493.87,171540.17,0.8398,0.89,39.7802,5.0121,2879078.233
688120.SH,2024-05-31,181.0,182.29,175.0,175.94,181.15,-5.21,-2.8761,9128.12,163031.256,0.8075,0.84,38.6361,4.8679,2796273.9405
688120.SH,2024-06-03,175.6,182.67,175.28,181.5,175.94,5.56,3.1602,13991.61,252090.287,1.2377,1.27,39.8571,5.0217,2884640.9015
688120.SH,2024-06-04,180.3,184.38,179.7,181.47,181.5,-0.03,-0.0165,11248.17,204426.122,0.995,1.09,39.8505,5.0209,2884164.1013
688120.SH,2024-06-05,181.7,185.69,181.03,184.42,181.47,2.95,1.6256,13244.2,244426.642,1.1716,1.3,40.4983,5.1025,2931049.4493
688120.SH,2024-06-06,186.0,196.65,186.0,188.99,184.42,4.57,2.478,15911.79,305642.877,1.4076,1.39,41.5018,5.229,3003682.0053
688120.SH,2024-06-07,188.99,194.42,186.2,191.86,188.99,2.87,1.5186,10795.68,206063.579,0.955,0.85,42.1321,5.3084,3049295.8862
688120.SH,2024-06-11,189.98,204.99,188.28,199.98,191.86,8.12,4.2323,28936.1,569538.89,2.5353,2.22,43.9152,5.5331,3178349.7932
688120.SH,2024-06-12,201.64,206.66,199.1,203.2,199.98,3.22,1.6102,21147.33,428865.39,1.8529,1.32,44.6223,5.6221,3229526.3426
688120.SH,2024-06-13,204.0,206.46,199.12,201.5,203.2,-1.7,-0.8366,18520.63,374799.36,1.6227,1.03,44.249,5.5751,3202507.6675
688120.SH,2024-06-14,202.0,202.13,195.54,199.71,201.5,-1.79,-0.8883,18752.11,371576.003,1.643,0.98,43.8559,5.5256,3174058.5919
688120.SH,2024-06-17,197.19,204.48,195.88,199.53,199.71,-0.18,-0.0901,14275.89,286569.498,1.2508,0.73,43.8164,5.5206,3171197.791
688120.SH,2024-06-18,200.1,201.6,198.29,200.25,199.53,0.72,0.3608,11118.57,222610.867,0.9742,0.55,43.9745,5.5405,3182640.9946
688120.SH,2024-06-19,200.4,203.59,198.01,201.45,200.25,1.2,0.5993,12149.57,244154.629,1.0645,0.72,44.238,5.5737,3201713.0005
688120.SH,2024-06-20,201.0,207.56,199.5,204.66,201.45,3.21,1.5934,15815.81,322895.41,1.3857,1.06,44.943,5.6625,3252730.6165
688120.SH,2024-06-21,201.02,204.23,198.55,203.0,204.66,-1.66,-0.8111,8712.2,176181.381,0.7633,0.6,44.5784,5.6166,3226347.6749
688120.SH,2024-06-24,202.88,209.79,200.01,201.5,203.0,-1.5,-0.7389,16856.41,346070.453,1.4769,1.36,44.249,5.5751,3202507.6675
688120.SH,2024-06-25,202.98,202.98,191.02,194.29,201.5,-7.21,-3.5782,20963.39,408967.568,1.8367,1.62,42.6657,5.3756,3087916.6983
688120.SH,2024-06-26,195.98,197.99,192.4,196.34,194.29,2.05,1.0551,11860.48,231501.44,1.0392,0.8,43.1159,5.4323,3120498.0418
688120.SH,2024-06-27,194.6,198.9,191.0,193.39,196.34,-2.95,-1.5025,9763.52,190652.655,0.8554,0.66,42.4681,5.3507,3073612.6938
688120.SH,2024-06-28,192.66,196.79,188.6,189.58,193.39,-3.81,-1.9701,14257.79,272646.624,1.2492,1.05,41.6314,5.2453,3013059.0749
688120.SH,2024-07-01,190.0,191.8,182.1,187.91,189.58,-1.67,-0.8809,15262.16,283704.871,1.3372,1.04,41.2647,5.1991,2986517.2
688120.SH,2024-07-02,124.83,125.8,120.74,121.33,125.79,-4.46,-3.5456,21868.21,268351.76,1.2866,1.52,39.6849,5.0772,2872183.1268
688120.SH,2024-07-03,121.89,126.36,119.0,125.31,121.33,3.98,3.2803,20516.65,253741.423,1.2071,1.41,40.9867,5.2438,2966399.6342
688120.SH,2024-07-04,125.31,127.24,123.62,124.3,125.31,-1.01,-0.806,14588.03,182818.897,0.8583,0.89,40.6564,5.2015,2942490.42
688120.SH,2024-07-05,123.0,124.78,121.79,123.51,124.3,-0.79,-0.6356,10527.05,129745.316,0.6193,0.61,40.398,5.1685,2923789.1534
688120.SH,2024-07-08,123.58,129.0,122.9,125.56,123.51,2.05,1.6598,22212.76,281790.979,1.3068,1.34,41.0685,5.2542,2972317.7565
688120.SH,2024-07-09,124.7,129.87,124.52,128.91,125.56,3.35,2.668,18362.36,234814.846,1.0803,1.02,42.1642,5.3944,3051620.5957
688120.SH,2024-07-10,127.93,130.41,125.16,125.83,128.91,-3.08,-2.3893,20421.8,260932.365,1.2015,1.18,41.1568,5.2655,2978709.3286
688120.SH,2024-07-11,127.32,128.0,122.01,124.43,125.83,-1.4,-1.1126,20086.19,250736.598,1.1817,1.17,40.6989,5.207,2945567.8436
688120.SH,2024-07-12,123.57,128.98,122.01,127.7,124.43,3.27,2.628,17825.9,224987.175,1.0488,0.97,41.7684,5.3438,3022976.8836
688120.SH,2024-07-15,129.0,135.73,128.39,135.09,127.7,7.39,5.787,25820.7,345915.857,1.5191,1.31,44.1856,5.653,3197916.5795
688120.SH,2024-07-16,134.02,138.48,133.58,137.6,135.09,2.51,1.858,23243.85,315745.474,1.3675,1.13,45.0066,5.7581,3257334.5277
688120.SH,2024-07-17,137.5,142.8,135.8,139.26,137.6,1.66,1.2064,29033.22,403859.469,1.7081,1.35,45.5495,5.8275,3296630.8599
688120.SH,2024-07-18,137.87,147.0,137.71,146.06,139.26,6.8,4.883,38638.63,552828.565,2.2732,1.67,47.7737,6.1121,3457603.7872
688120.SH,2024-07-19,145.0,146.5,142.3,144.0,146.06,-2.06,-1.4104,28162.34,406064.687,1.6569,1.05,47.0999,6.0259,3408838.4592
688120.SH,2024-07-22,143.98,145.25,142.0,143.4,144.0,-0.6,-0.4167,23465.52,336588.196,1.3805,0.81,46.9036,6.0008,3394634.9656
688120.SH,2024-07-23,142.8,143.33,136.5,136.8,143.4,-6.6,-4.6025,22504.19,313467.074,1.324,0.79,44.7449,5.7246,3238396.5362
688120.SH,2024-07-24,136.0,137.42,133.02,133.63,136.8,-3.17,-2.3173,14602.22,196698.582,0.8591,0.51,43.708,5.5919,3163354.7452
688120.SH,2024-07-25,131.56,134.31,131.3,133.2,133.63,-0.43,-0.3218,10573.16,140651.787,0.6221,0.42,43.5674,5.574,3153175.5748
688120.SH,2024-07-26,132.8,137.7,131.66,135.44,133.2,2.24,1.6817,17584.62,237405.329,1.0346,0.89,44.3001,5.6677,3206201.9508
688120.SH,2024-07-29,135.36,139.0,133.11,133.48,135.44,-1.96,-1.4471,10710.92,144967.516,0.6302,0.6,43.659,5.5857,3159803.8718
688120.SH,2024-07-30,132.77,138.1,131.74,137.0,133.48,3.52,2.6371,15720.05,213816.151,0.9249,1.03,44.8103,5.733,3243131.0341
688120.SH,2024-07-31,137.0,144.85,135.62,144.24,137.0,7.24,5.2847,23638.68,335027.198,1.3907,1.71,47.1784,6.0359,3414519.8566
688120.SH,2024-08-01,144.29,148.81,143.28,146.87,144.24,2.63,1.8233,21892.47,319521.257,1.288,1.4,48.0386,6.146,3476778.5035
688120.SH,2024-08-02,144.01,150.89,142.13,143.12,146.87,-3.75,-2.5533,26762.45,389050.418,1.5745,1.49,46.8121,5.9891,3388006.6686
688120.SH,2024-08-05,142.4,145.53,136.25,136.87,143.12,-6.25,-4.367,25358.38,352550.315,1.4919,1.28,44.7678,5.7275,3240053.6105
688120.SH,2024-08-06,139.9,140.88,136.59,140.58,136.87,3.71,2.7106,16574.46,230072.72,0.9751,0.73,45.9813,5.8828,3327878.5458
688120.SH,2024-08-07,140.0,141.25,137.65,138.43,140.58,-2.15,-1.5294,12050.77,168242.08,0.709,0.53,45.278,5.7928,3276982.6938
688120.SH,2024-08-08,137.96,144.15,135.25,142.0,138.43,3.57,2.5789,18341.51,257699.533,1.0791,0.89,46.4457,5.9422,3361493.4806
688120.SH,2024-08-09,142.99,144.96,138.71,139.96,142.0,-2.04,-1.4366,14528.03,204482.654,0.8547,0.73,45.7785,5.8568,3313201.6024
688120.SH,2024-08-12,138.7,141.79,137.68,140.63,139.96,0.67,0.4787,9207.92,128969.57,0.5417,0.53,45.9976,5.8849,3329062.1703
688120.SH,2024-08-13,140.59,142.35,137.2,139.2,140.63,-1.43,-1.0169,9809.28,136348.884,0.5771,0.69,45.5299,5.825,3295210.5106
688120.SH,2024-08-14,139.2,139.2,136.13,136.69,139.2,-2.51,-1.8032,10148.22,139276.793,0.5971,0.79,44.7089,5.72,3235792.5624
688120.SH,2024-08-15,136.0,139.19,134.53,135.8,136.69,-0.89,-0.6511,11428.75,155905.013,0.6724,0.92,44.4178,5.6828,3214724.0469
688120.SH,2024-08-16,135.8,138.85,135.22,136.14,135.8,0.34,0.2504,11138.86,152767.026,0.6553,1.01,44.529,5.697,3222772.6933
688120.SH,2024-08-19,135.97,138.88,129.86,130.36,136.14,-5.78,-4.2456,20187.67,269033.585,1.1877,1.95,42.6385,5.247,3085945.7051
688120.SH,2024-08-20,130.38,130.4,126.74,128.05,130.36,-2.31,-1.772,25864.05,331707.832,1.5217,2.06,41.8829,5.154,3031262.2549
688120.SH,2024-08-21,128.01,129.8,126.27,128.78,128.05,0.73,0.5701,11594.35,149132.992,0.6821,0.74,42.1217,5.1834,3048543.1721
688120.SH,2024-08-22,128.9,129.74,126.77,126.85,128.78,-1.93,-1.4987,6990.3,89444.42,0.4113,0.44,41.4904,5.1057,3002855.2677
688120.SH,2024-08-23,127.48,127.48,123.17,125.67,126.85,-1.18,-0.9302,14041.74,175443.131,0.8261,0.93,41.1045,5.0582,2974921.7303
688120.SH,2024-08-26,125.4,127.43,124.64,125.55,125.67,-0.12,-0.0955,8716.52,109563.118,0.5128,0.55,41.0652,5.0534,2972081.0316
688120.SH,2024-08-27,124.75,126.86,124.18,125.08,125.55,-0.47,-0.3744,11680.95,146955.397,0.6872,0.87,40.9115,5.0345,2960954.9616
688120.SH,2024-08-28,124.67,127.93,124.67,126.77,125.08,1.69,1.3511,8619.31,109393.336,0.5071,0.81,41.4643,5.1025,3000961.4686
688120.SH,2024-08-29,126.77,132.83,125.5,131.52,126.77,4.75,3.7469,13657.29,178092.394,0.8035,1.36,43.0179,5.2937,3113405.7927
688120.SH,2024-08-30,131.6,137.28,131.11,135.25,131.52,3.73,2.8361,16051.43,215120.575,0.9444,1.42,44.2379,5.4438,3201704.1778
688120.SH,2024-09-02,134.78,135.25,128.0,128.0,135.25,-7.25,-5.3604,12811.93,167269.56,0.7538,1.09,41.8666,5.152,3030078.6304
688120.SH,2024-09-03,128.31,130.13,127.15,127.55,128.0,-0.45,-0.3516,5896.8,75778.126,0.3469,0.47,41.7194,5.1339,3019426.0102
688120.SH,2024-09-04,126.98,131.77,125.2,131.16,127.55,3.61,2.8303,10646.63,137982.951,0.6264,0.93,42.9002,5.2792,3104883.6966
688120.SH,2024-09-05,131.16,133.79,130.91,131.78,131.16,0.62,0.4727,9817.69,129529.079,0.5776,0.83,43.1029,5.3041,3119560.64
688120.SH,2024-09-06,131.02,132.0,125.9,125.91,131.78,-5.87,-4.4544,10628.9,136163.666,0.6253,0.96,41.183,5.0679,2980603.1278
688120.SH,2024-09-09,124.83,128.39,124.7,125.85,125.91,-0.06,-0.0477,6444.65,81130.779,0.3792,0.65,41.1633,5.0654,2979182.7784
688120.SH,2024-09-10,125.16,127.55,124.05,126.47,125.85,0.62,0.4926,8173.02,102649.941,0.4808,0.94,41.3661,5.0904,2993859.7218
688120.SH,2024-09-11,125.2,129.0,125.14,127.69,126.47,1.22,0.9647,8190.29,104442.994,0.4819,0.9,41.7652,5.1395,3022740.1587
688120.SH,2024-09-12,128.2,131.17,127.2,127.61,127.69,-0.08,-0.0627,9280.53,119925.432,0.546,1.07,41.739,5.1363,3020846.3596
688120.SH,2024-09-13,126.75,130.88,124.6,125.81,127.61,-1.8,-1.4105,11810.62,150175.968,0.6949,1.38,41.1503,5.0638,2978235.8788
688120.SH,2024-09-18,126.0,128.6,125.02,128.15,125.81,2.34,1.8599,9830.19,124734.91,0.5783,1.12,41.9156,5.158,3033629.5038
688120.SH,2024-09-19,128.96,128.99,123.33,125.1,128.15,-3.05,-2.38,12430.92,155995.063,0.7313,1.31,40.918,5.0353,2961428.4114
688120.SH,2024-09-20,125.86,125.93,121.01,122.0,125.1,-3.1,-2.478,11255.89,137979.041,0.6622,1.09,39.9041,4.9105,2888043.6946
688120.SH,2024-09-23,121.37,122.21,118.0,118.67,122.0,-3.33,-2.7295,19904.44,237539.361,1.171,1.82,38.8149,4.7765,2809214.3052
688120.SH,2024-09-24,119.29,123.3,118.0,121.58,118.67,2.91,2.4522,22639.02,272955.356,1.3319,1.74,39.7667,4.8936,2878101.2491
688120.SH,2024-09-25,122.79,126.48,120.0,120.51,121.58,-1.07,-0.8801,24338.56,299037.179,1.4319,1.6,39.4167,4.8505,2852771.6855
688120.SH,2024-09-26,120.03,125.9,118.88,125.6,120.51,5.09,4.2237,22575.24,276109.898,1.3282,1.25,41.0816,5.0554,2973264.6561
688120.SH,2024-09-27,129.0,134.89,126.13,134.89,125.6,9.29,7.3965,14371.55,187442.752,0.8455,0.71,44.1202,5.4293,3193182.0817
688120.SH,2024-09-30,143.31,161.87,139.23,161.87,134.89,26.98,20.0015,44986.24,681326.949,2.6467,2.17,52.9449,6.5153,3831865.843
688120.SH,2024-10-08,194.24,194.24,180.88,194.24,161.87,32.37,19.9975,80311.47,1530890.062,4.725,3.12,63.5325,7.8181,4598144.3216
688120.SH,2024-10-09,186.2,209.58,181.14,183.51,194.24,-10.73,-5.5241,101225.77,1958745.436,5.9554,2.71,60.0229,7.3863,4344138.5114
688120.SH,2024-10-10,184.48,188.0,168.2,171.15,183.51,-12.36,-6.7353,62680.68,1098970.248,3.6877,1.19,55.9802,6.8888,4051546.5437
688120.SH,2024-10-11,171.19,174.6,156.0,159.39,171.15,-11.76,-6.8712,46709.21,762641.98,2.748,0.77,52.1337,6.4154,3773158.0695
688120.SH,2024-10-14,159.42,164.16,152.3,162.0,159.39,2.61,1.6375,52644.73,831376.475,3.0972,0.78,52.9874,6.5205,3834943.2666
688120.SH,2024-10-15,159.5,166.47,156.61,156.61,162.0,-5.39,-3.3272,42904.13,691492.743,2.5242,0.62,51.2244,6.3035,3707348.5493
688120.SH,2024-10-16,150.99,161.37,150.02,156.3,156.61,-0.31,-0.1979,36501.54,565563.037,2.1475,0.6,51.123,6.2911,3700010.0776
688120.SH,2024-10-17,159.0,161.3,155.51,155.8,156.3,-0.5,-0.3199,36464.88,577051.888,2.1453,0.76,50.9595,6.2709,3688173.8329
688120.SH,2024-10-18,155.0,186.77,155.0,180.82,155.8,25.02,16.0591,74456.59,1274804.115,4.3805,1.73,59.1431,7.278,4280459.5152
688120.SH,2024-10-21,185.4,196.0,173.8,180.8,180.82,-0.02,-0.0111,94098.44,1721917.442,5.5361,1.94,59.1365,7.2772,4279986.0654
688120.SH,2024-10-22,176.21,181.93,171.35,174.78,180.8,-6.02,-3.3296,70282.3,1231018.639,4.1349,1.24,57.1675,7.0349,4137477.6799
688120.SH,2024-10-23,173.6,175.68,169.88,173.3,174.78,-1.48,-0.8468,55118.44,949206.207,3.2428,0.88,56.6834,6.9753,4102442.3957
688120.SH,2024-10-24,172.22,177.4,170.5,176.75,173.3,3.45,1.9908,40623.78,711298.674,2.39,0.61,57.8118,7.1142,4184112.4838
688120.SH,2024-10-25,176.29,185.42,174.33,183.5,176.75,6.75,3.819,47045.64,848491.229,2.7678,0.7,60.0197,7.3859,4343901.7866
688120.SH,2024-10-28,182.99,182.99,176.44,179.0,183.5,-4.5,-2.4523,38290.11,684957.177,2.2527,0.62,58.5478,7.2047,4237375.5847
688120.SH,2024-10-29,179.0,184.84,177.5,183.0,179.0,4.0,2.2346,48102.02,876852.321,2.83,0.96,59.8561,7.3657,4332065.5419
688120.SH,2024-10-30,181.5,187.81,181.16,185.0,183.0,2.0,1.0929,36164.41,667595.445,2.1277,0.79,60.5103,7.1038,4379410.5205
688120.SH,2024-10-31,185.05,195.38,181.3,192.0,185.0,7.0,3.7838,49802.49,932760.066,2.93,1.18,62.7999,7.3726,4545117.9456
688120.SH,2024-11-01,189.08,193.3,187.0,189.05,192.0,-2.95,-1.5365,40299.47,764094.767,2.3709,0.92,61.835,7.2593,4475284.1022
688120.SH,2024-11-04,185.18,202.6,185.09,195.97,189.05,6.92,3.6604,42861.32,830626.634,2.5217,1.01,64.0984,7.525,4639097.7281
688120.SH,2024-11-05,195.2,204.3,193.65,196.33,195.97,0.36,0.1837,47821.44,950683.931,2.8135,1.1,64.2161,7.5389,4647619.8243
688120.SH,2024-11-06,196.26,199.73,190.44,192.55,196.33,-3.78,-1.9253,44795.78,871226.033,2.6355,1.03,62.9798,7.3937,4558137.8147
688120.SH,2024-11-07,190.87,196.5,190.0,194.9,192.55,2.35,1.2205,31066.79,602325.999,1.8278,0.69,63.7484,7.4839,4613768.1646
688120.SH,2024-11-08,199.0,209.0,196.3,201.6,194.9,6.7,3.4377,53688.72,1086303.683,3.1587,1.3,65.9398,7.7412,4772373.8429
688120.SH,2024-11-11,205.0,216.8,199.4,208.9,201.6,7.3,3.621,65762.54,1376910.613,3.869,1.49,68.3276,8.0215,4945183.0148
688120.SH,2024-11-12,209.0,220.0,206.0,211.66,208.9,2.76,1.3212,51105.5,1089343.797,3.0067,1.05,69.2303,8.1275,5010519.0852
688120.SH,2024-11-13,209.0,213.8,199.59,207.0,211.66,-4.66,-2.2016,48710.07,1002949.924,2.8658,0.99,67.7061,7.9486,4900205.2851
688120.SH,2024-11-14,204.0,206.99,196.28,196.46,207.0,-10.54,-5.0918,37815.85,759274.189,2.2248,0.76,64.2586,7.5438,4650697.2479
688120.SH,2024-11-15,195.31,197.88,182.49,182.49,196.46,-13.97,-7.1109,52720.39,993049.866,3.1017,1.03,59.6893,7.0074,4319992.5724
688120.SH,2024-11-18,182.44,186.95,180.13,182.05,182.49,-0.44,-0.2411,38366.16,703528.18,2.2572,0.75,59.5454,6.9905,4309576.6771
688120.SH,2024-11-19,183.9,188.97,180.32,187.8,182.05,5.75,3.1585,31093.57,575297.92,1.8293,0.68,61.4261,7.2113,4445693.4905
688120.SH,2024-11-20,187.08,190.36,185.28,187.31,187.8,-0.49,-0.2609,23948.31,449465.127,1.409,0.57,61.2658,7.1925,4434093.9708
688120.SH,2024-11-21,187.31,191.0,185.96,189.0,187.31,1.69,0.9022,31676.3,597961.373,1.8636,0.86,61.8186,7.2574,4474100.4777
688120.SH,2024-11-22,189.0,196.3,180.81,181.57,189.0,-7.43,-3.9312,39073.23,737743.617,2.2988,1.1,59.3884,6.9721,4298213.8822
688120.SH,2024-11-25,182.76,188.1,179.31,184.52,181.57,2.95,1.6247,31973.37,586359.214,1.8811,0.97,60.3533,7.0854,4368047.7256
688120.SH,2024-11-26,181.7,186.62,181.0,184.18,184.52,-0.34,-0.1843,19532.08,359412.208,1.1491,0.62,60.2421,7.0723,4359999.0793
688120.SH,2024-11-27,184.62,189.4,178.8,188.07,184.18,3.89,2.1121,29228.66,539603.48,1.7196,1.0,61.5144,7.2217,4452085.0627
688120.SH,2024-11-28,188.0,190.92,185.8,186.6,188.07,-1.47,-0.7816,23303.69,438188.543,1.371,0.77,61.0336,7.1652,4417286.5034
688120.SH,2024-11-29,186.01,192.6,184.02,189.46,186.6,2.86,1.5327,27311.13,514737.113,1.6068,0.95,61.9691,7.2751,4484989.8228
688120.SH,2024-12-02,195.0,198.9,188.06,196.95,189.46,7.49,3.9533,41321.89,804429.044,2.4311,1.57,64.4189,7.5627,4662296.7676
688120.SH,2024-12-03,196.69,198.45,190.89,191.71,196.95,-5.24,-2.6606,32950.07,636201.442,1.9386,1.17,62.705,7.3614,4538252.9237
688120.SH,2024-12-04,195.5,195.5,188.0,189.0,191.71,-2.71,-1.4136,28239.35,539419.558,1.6614,0.92,61.8186,7.2574,4474100.4777
688120.SH,2024-12-05,187.5,190.34,186.4,188.51,189.0,-0.49,-0.2593,20195.57,380418.359,1.1882,0.66,61.6583,7.2386,4462500.9579
688120.SH,2024-12-06,188.0,192.91,186.23,192.0,188.51,3.49,1.8514,22643.06,430924.54,1.3322,0.75,62.7999,7.3726,4545117.9456
688120.SH,2024-12-09,190.81,191.96,183.91,184.07,192.0,-7.93,-4.1302,27969.19,522253.139,1.6455,0.96,60.2061,7.0681,4357395.1055
688120.SH,2024-12-10,192.08,195.27,186.4,187.01,184.07,2.94,1.5972,38221.96,729251.444,2.2487,1.45,61.1677,7.181,4426992.224
688120.SH,2024-12-11,186.88,189.88,183.68,184.53,187.01,-2.48,-1.3261,32506.39,604817.984,1.9124,1.18,60.3565,7.0857,4368284.4505
688120.SH,2024-12-12,184.38,188.38,184.03,185.42,184.53,0.89,0.4823,27385.14,509262.979,1.6112,0.97,60.6477,7.1199,4389352.966
688120.SH,2024-12-13,184.23,188.68,179.0,180.01,185.42,-5.41,-2.9177,51831.38,954589.191,3.0494,1.74,58.8781,6.9122,4261284.7989
688120.SH,2024-12-16,180.12,182.85,176.0,181.39,180.01,1.38,0.7666,31731.86,569359.307,1.8669,0.89,59.3295,6.9652,4293952.8341
688120.SH,2024-12-17,181.2,182.0,174.68,175.5,181.39,-5.89,-3.2471,28016.45,495901.71,1.6483,0.77,57.403,6.739,4154521.8722
688120.SH,2024-12-18,177.1,179.72,175.06,176.3,175.5,0.8,0.4558,27791.25,493060.13,1.635,0.81,57.6647,6.7697,4173459.8636
688120.SH,2024-12-19,174.7,176.85,172.49,174.1,176.3,-2.2,-1.2479,31027.14,541438.888,1.8254,0.93,56.9451,6.6852,4121380.3871
688120.SH,2024-12-20,173.98,179.88,173.01,177.07,174.1,2.97,1.7059,40046.52,708531.813,2.3561,1.18,57.9165,6.7993,4191687.6804
688120.SH,2024-12-23,173.99,175.52,168.68,169.8,177.07,-7.27,-4.1057,54041.48,927251.982,3.1794,1.7,55.5386,6.5201,4019588.6831
688120.SH,2024-12-24,170.31,172.72,166.82,172.47,169.8,2.67,1.5724,40469.97,687362.261,2.381,1.12,56.4119,6.6227,4082794.2296
688120.SH,2024-12-25,174.83,179.36,170.38,171.28,172.47,-1.19,-0.69,41907.21,731620.92,2.4655,1.08,56.0227,6.577,4054623.9673
688120.SH,2024-12-26,171.25,172.59,169.15,170.03,171.28,-1.25,-0.7298,33303.11,569669.458,1.9593,0.8,55.6139,6.529,4025033.3557
688120.SH,2024-12-27,170.02,174.37,167.3,168.34,170.03,-1.69,-0.9939,33920.04,579740.944,1.9956,0.81,55.0611,6.4641,3985026.8488
688120.SH,2024-12-30,168.39,170.08,166.4,166.7,168.34,-1.64,-0.9742,26602.89,446583.103,1.5651,0.65,54.5247,6.4011,3946203.9663
688120.SH,2024-12-31,167.61,167.88,162.99,162.99,166.7,-3.71,-2.2256,23755.95,392482.08,1.3976,0.67,53.3112,6.2586,3858379.031
688120.SH,2025-01-02,163.99,163.99,156.0,158.5,162.99,-4.49,-2.7548,30084.81,481524.517,1.77,0.94,51.8426,6.0862,3752089.5541
688120.SH,2025-01-03,159.2,161.98,157.0,157.8,158.5,-0.7,-0.4416,21931.69,349462.989,1.2903,0.74,51.6136,6.0593,3735518.8115
688120.SH,2025-01-06,157.0,160.37,156.21,157.74,157.8,-0.06,-0.038,19138.65,302681.443,1.126,0.7,51.594,6.057,3734098.4622
688120.SH,2025-01-07,157.22,160.36,155.24,158.0,157.74,0.26,0.1648,30810.45,484916.564,1.8127,1.27,51.679,6.067,3740253.3094
688120.SH,2025-01-08,157.49,157.71,149.64,154.07,158.0,-3.93,-2.4873,34091.01,524540.306,2.0057,1.36,50.3936,5.9161,3647220.4265
688120.SH,2025-01-09,153.5,156.66,153.28,153.95,154.07,-0.12,-0.0779,25377.21,393054.892,1.493,0.93,50.3544,5.9115,3644379.7277
688120.SH,2025-01-10,153.6,156.89,151.8,151.95,153.95,-2.0,-1.2991,31633.41,488508.703,1.8611,1.2,49.7002,5.8347,3597034.7491
688120.SH,2025-01-13,150.51,154.3,150.2,150.8,151.95,-1.15,-0.7568,23152.47,351552.943,1.3621,0.82,49.3241,5.7906,3569811.3864
688120.SH,2025-01-14,152.0,158.65,151.09,158.31,150.8,7.51,4.9801,36180.34,563697.844,2.1286,1.25,51.7804,6.0789,3747591.7811
688120.SH,2025-01-15,158.83,159.49,153.52,154.46,158.31,-3.85,-2.4319,33111.01,517664.305,1.948,1.1,50.5212,5.9311,3656452.6973
688120.SH,2025-01-16,155.9,160.61,154.71,156.89,154.46,2.43,1.5732,30014.28,472282.923,1.7658,1.0,51.316,6.0244,3713976.8463
688120.SH,2025-01-17,156.0,163.99,155.3,160.76,156.89,3.87,2.4667,39028.23,627100.164,2.2961,1.27,52.5818,6.173,3805589.3799
688120.SH,2025-01-20,161.3,163.5,158.12,158.76,160.76,-2.0,-1.2441,24495.58,391631.332,1.4411,0.76,51.9276,6.0962,3758244.4013
688120.SH,2025-01-21,159.56,160.51,156.5,160.16,158.76,1.4,0.8818,22290.23,354521.263,1.3114,0.68,52.3855,6.15,3791385.8863
688120.SH,2025-01-22,159.08,160.28,156.5,157.85,160.16,-2.31,-1.4423,18907.42,298139.054,1.1124,0.63,51.63,6.0613,3736702.436
688120.SH,2025-01-23,160.0,161.26,157.02,157.16,157.85,-0.69,-0.4371,21544.22,342279.545,1.2675,0.8,51.4043,6.0348,3720368.4184
688120.SH,2025-01-24,158.95,162.57,158.01,159.8,157.16,2.64,1.6798,30488.6,489666.005,1.7937,1.21,52.2678,6.1361,3782863.7901
688120.SH,2025-01-27,159.55,162.39,157.67,158.4,159.8,-1.4,-0.8761,22084.14,351854.387,1.2993,0.94,51.8099,6.0824,3749722.3051
688120.SH,2025-02-05,160.0,161.0,150.7,152.56,158.4,-5.84,-3.6869,38353.33,587967.874,2.2564,1.66,49.8997,5.8581,3611474.9676
688120.SH,2025-02-06,152.34,168.0,151.2,164.73,152.56,12.17,7.9772,62051.46,1006646.798,3.6507,2.36,53.8803,6.3254,3899569.1624
688120.SH,2025-02-07,165.3,166.98,161.8,164.59,164.73,-0.14,-0.085,38667.24,636932.294,2.2749,1.11,53.8345,6.3201,3896255.0139
688120.SH,2025-02-10,163.44,166.5,161.84,165.16,164.59,0.57,0.3463,31089.92,509991.044,1.8291,0.81,54.021,6.342,3909748.3328
688120.SH,2025-02-11,165.1,165.93,161.18,164.8,165.16,-0.36,-0.218,29085.93,476164.775,1.7112,0.76,53.9032,6.3281,3901226.2366
688120.SH,2025-02-12,165.56,166.98,161.88,165.95,164.8,1.15,0.6978,34942.4,573558.782,2.0558,0.88,54.2794,6.3723,3928449.5993
688120.SH,2025-02-13,166.08,167.98,162.58,162.69,165.95,-3.26,-1.9644,38768.24,639382.741,2.2809,0.99,53.2131,6.2471,3851277.2842
688120.SH,2025-02-14,162.02,163.69,156.55,158.0,162.69,-4.69,-2.8828,43750.56,694036.069,2.574,1.27,51.679,6.067,3740253.3094
688120.SH,2025-02-17,157.71,161.72,157.16,159.65,158.0,1.65,1.0443,35957.54,573445.223,2.1155,1.01,52.2187,6.1304,3779312.9167
688120.SH,2025-02-18,159.66,175.09,159.01,169.2,159.65,9.55,5.9818,94765.31,1588279.297,5.5753,2.6,55.3424,6.4971,4005385.1896
688120.SH,2025-02-19,169.0,176.01,166.68,173.6,169.2,4.4,2.6005,76420.34,1318230.709,4.496,1.54,56.7815,6.666,4109544.1425
688120.SH,2025-02-20,172.19,176.5,170.88,172.32,173.6,-1.28,-0.7373,42570.74,738252.31,2.5046,0.73,56.3629,6.6169,4079243.3562
688120.SH,2025-02-21,172.27,178.98,170.37,176.25,172.32,3.93,2.2806,64216.01,1128011.09,3.778,1.09,57.6483,6.7678,4172276.2391
688120.SH,2025-02-24,178.08,184.25,176.37,179.23,176.25,2.98,1.6908,55757.78,1003482.079,3.2804,0.89,58.623,6.8822,4242820.2572
688120.SH,2025-02-25,176.0,183.0,174.0,176.26,179.23,-2.97,-1.6571,53462.21,949310.363,3.1453,0.8,57.6516,6.7682,4172512.964
688120.SH,2025-02-26,177.5,178.35,172.39,175.35,176.26,-0.91,-0.5163,42894.28,750297.57,2.5236,0.73,57.3539,6.7332,4150970.9988
688120.SH,2025-02-27,176.33,176.79,169.68,172.35,175.35,-3.0,-1.7109,48012.21,829472.698,2.8247,0.93,56.3727,6.618,4079953.5309
688120.SH,2025-02-28,172.0,172.37,165.49,166.95,172.35,-5.4,-3.1332,46265.26,782484.085,2.7219,0.88,54.6064,6.1083,3952122.0886
688120.SH,2025-03-03,167.12,168.12,163.99,165.21,166.95,-1.74,-1.0422,36597.74,606344.995,2.1532,0.74,54.0373,6.0446,3910931.9573
688120.SH,2025-03-04,164.1,168.28,161.12,167.8,165.21,2.59,1.5677,48071.44,791736.559,2.8282,1.06,54.8845,6.1394,3972243.7045
688120.SH,2025-03-05,166.35,168.35,163.8,164.6,167.8,-3.2,-1.907,31543.75,521340.901,1.8558,0.71,53.8378,6.0223,3896491.7388
688120.SH,2025-03-06,169.0,176.33,168.92,171.5,164.6,6.9,4.192,71793.33,1239369.183,4.2238,1.71,56.0947,6.2748,4059831.915
688120.SH,2025-03-07,168.31,171.88,166.66,168.49,171.5,-3.01,-1.7551,43773.43,738489.967,2.5753,0.93,55.1101,6.1646,3988577.7222
688120.SH,2025-03-10,168.0,170.96,166.3,169.4,168.49,0.91,0.5401,29061.83,489957.384,1.7098,0.63,55.4078,6.1979,4010119.6874
688120.SH,2025-03-11,167.05,172.21,167.05,169.88,169.4,0.48,0.2834,37349.3,633495.578,2.1974,0.83,55.5648,6.2155,4021482.4823
688120.SH,2025-03-12,170.42,170.85,165.0,165.11,169.88,-4.77,-2.8079,40770.43,679296.742,2.3986,0.95,54.0046,6.041,3908564.7083
688120.SH,2025-03-13,164.8,164.8,159.22,160.0,165.11,-5.11,-3.0949,34493.18,557046.606,2.0293,0.77,52.3332,5.854,3787598.288
688120.SH,2025-03-14,159.99,164.99,159.6,163.7,160.0,3.7,2.3125,28504.84,463997.718,1.677,0.77,53.5434,5.9894,3875186.4984
688120.SH,2025-03-17,164.0,165.15,162.4,163.18,163.7,-0.52,-0.3177,16655.83,272727.744,0.9799,0.49,53.3733,5.9704,3862876.804
688120.SH,2025-03-18,164.0,168.49,164.0,165.94,163.18,2.76,1.6914,35191.85,586187.03,2.0704,1.12,54.2761,6.0713,3928212.8744
688120.SH,2025-03-19,164.49,166.9,163.88,164.53,165.94,-1.41,-0.8497,21402.67,353510.346,1.2592,0.69,53.8149,6.0197,3894834.6645
688120.SH,2025-03-20,164.53,164.84,160.6,160.87,164.53,-3.66,-2.2245,22207.44,361356.422,1.3065,0.81,52.6178,5.8858,3808193.3537
688120.SH,2025-03-21,160.85,165.23,160.51,163.86,160.87,2.99,1.8586,42856.7,700330.864,2.5214,1.73,53.5958,5.9952,3878974.0967
688120.SH,2025-03-24,163.9,172.76,163.9,169.91,163.86,6.05,3.6922,58978.63,999836.94,3.4699,2.13,55.5746,6.2166,4022192.657
688120.SH,2025-03-25,170.0,174.18,168.89,171.57,169.91,1.66,0.977,39442.69,678812.445,2.3205,1.09,56.1176,6.2773,4061488.9892
688120.SH,2025-03-26,170.18,173.91,170.12,170.45,171.57,-1.12,-0.6528,24337.64,417785.462,1.4319,0.66,55.7512,6.2363,4034975.8012
688120.SH,2025-03-27,170.4,174.8,169.58,171.58,170.45,1.13,0.663,25750.35,443463.326,1.515,0.69,56.1208,6.2777,4061725.7141
688120.SH,2025-03-28,171.6,175.0,168.28,168.75,171.58,-2.83,-1.6494,28826.76,493684.241,1.696,0.75,55.1952,6.1741,3994732.5694
688120.SH,2025-03-31,167.0,170.5,163.01,165.35,168.75,-3.4,-2.0148,25851.79,430155.407,1.5209,0.73,54.0831,6.0497,3914246.1058
688120.SH,2025-04-01,166.07,170.44,165.39,167.9,165.35,2.55,1.5422,22936.21,385665.33,1.3494,0.8,54.9172,6.143,3974610.9535
688120.SH,2025-04-02,166.85,169.55,164.52,167.36,167.9,-0.54,-0.3216,17841.34,297722.439,1.0497,0.7,54.7405,6.1233,3961827.8092
688120.SH,2025-04-03,167.36,175.68,167.36,169.75,167.36,2.39,1.4281,40179.06,692807.152,2.3639,1.66,55.5223,6.2107,4018405.0587
688120.SH,2025-04-07,164.0,169.66,150.2,156.49,169.75,-13.26,-7.8115,55556.03,903052.854,3.2685,2.05,51.1852,5.7256,3704507.8506
688120.SH,2025-04-08,159.59,162.42,153.65,155.64,156.49,-0.85,-0.5432,38447.73,605312.35,2.262,1.18,50.9071,5.6945,3684386.2347
688120.SH,2025-04-09,151.5,175.96,151.49,165.82,155.64,10.18,6.5407,64069.21,1066072.717,3.7694,1.83,54.2368,6.0669,3925372.1757
688120.SH,2025-04-10,168.0,171.48,165.79,168.05,165.82,2.23,1.3448,29972.14,505092.463,1.7634,0.69,54.9662,6.1485,3978161.8269
688120.SH,2025-04-11,168.02,175.16,166.55,171.52,168.05,3.47,2.0649,45532.4,779810.084,2.6788,1.0,56.1012,6.2755,4060305.3647
688120.SH,2025-04-14,172.38,173.57,169.9,170.73,171.52,-0.79,-0.4606,29941.17,512516.019,1.7615,0.64,55.8428,6.2466,4041604.0982
688120.SH,2025-04-15,170.24,170.58,166.62,169.04,170.73,-1.69,-0.9899,22922.64,385441.934,1.3486,0.55,55.29,6.1848,4001597.5913
688120.SH,2025-04-16,169.29,170.5,166.59,169.45,169.04,0.41,0.2425,17416.48,293553.62,1.0247,0.45,55.4241,6.1998,4011303.3119
688120.SH,2025-04-17,168.05,170.48,166.82,166.84,169.45,-2.61,-1.5403,22585.31,379662.303,1.3288,0.77,54.5705,6.1043,3949518.1148
688120.SH,2025-04-18,165.6,166.72,163.66,164.77,166.84,-2.07,-1.2407,16245.58,268414.437,0.9558,0.59,53.8934,6.0285,3900516.062
688120.SH,2025-04-21,164.7,166.28,163.86,166.14,164.77,1.37,0.8315,14335.9,236836.442,0.8434,0.66,54.3415,6.0787,3932947.3723
688120.SH,2025-04-22,164.95,173.17,164.54,170.93,166.14,4.79,2.8831,31234.76,530861.151,1.8376,1.67,55.9082,6.2539,4046338.596
688120.SH,2025-04-23,170.93,171.66,167.4,168.9,170.93,-2.03,-1.1876,20512.82,346856.554,1.2068,1.01,55.2442,6.1796,3998283.4428
688120.SH,2025-04-24,168.97,169.45,164.25,165.31,168.9,-3.59,-2.1255,19418.88,323036.847,1.1425,0.93,54.07,6.0483,3913299.2062
688120.SH,2025-04-25,165.05,170.15,162.0,170.04,165.31,4.73,2.8613,26759.23,446527.556,1.5743,1.31,55.6171,6.2213,4025270.0806
688120.SH,2025-04-28,169.0,171.25,168.35,168.38,170.04,-1.66,-0.9762,17527.13,297647.994,1.0312,0.78,55.0742,6.1606,3985973.7483
688120.SH,2025-04-29,168.0,169.95,163.88,165.5,168.38,-2.88,-1.7104,24795.19,410172.14,1.4588,1.07,38.2819,5.8233,3917796.9792
688120.SH,2025-04-30,165.1,166.83,163.62,165.26,165.5,-0.24,-0.145,20426.99,337711.529,1.2018,0.94,38.2264,5.8148,3912115.5817
688120.SH,2025-05-06,165.7,167.27,164.06,166.9,165.26,1.64,0.9924,25708.48,426306.547,1.5125,1.18,38.6057,5.8725,3950938.4642
688120.SH,2025-05-07,168.78,169.35,164.06,165.42,166.9,-1.48,-0.8868,27180.78,451418.266,1.5991,1.18,38.2634,5.8205,3915903.18
688120.SH,2025-05-08,164.62,165.85,162.12,165.11,165.42,-0.31,-0.1874,23755.99,390219.495,1.3976,1.03,38.1917,5.8096,3908564.7083
688120.SH,2025-05-09,164.6,164.6,158.51,159.18,165.11,-5.93,-3.5915,33513.73,538536.569,1.9717,1.38,36.82,5.6009,3768186.8468
688120.SH,2025-05-12,159.46,159.98,157.52,159.76,159.18,0.58,0.3644,23442.53,372384.845,1.3792,0.9,36.9542,5.6213,3781916.8906
688120.SH,2025-05-13,160.5,161.1,158.0,158.53,159.76,-1.23,-0.7699,16243.5,258613.913,0.9557,0.61,36.6696,5.578,3752799.7287
688120.SH,2025-05-14,158.7,159.29,157.02,157.67,158.53,-0.86,-0.5425,17763.11,280486.79,1.0451,0.72,36.4707,5.5478,3732441.3879
688120.SH,2025-05-15,157.61,158.47,154.56,154.6,157.67,-3.07,-1.9471,16598.34,258894.699,0.9765,0.72,35.7606,5.4398,3659766.8458
688120.SH,2025-05-16,154.66,155.7,153.78,153.83,154.6,-0.77,-0.4981,13788.99,213231.429,0.8112,0.64,35.5825,5.4127,3641539.029
688120.SH,2025-05-19,154.0,156.08,153.1,155.59,153.83,1.76,1.1441,15775.78,244270.123,0.9281,0.9,35.9896,5.4746,3683202.6102
688120.SH,2025-05-20,155.6,156.6,154.58,155.32,155.59,-0.27,-0.1735,13217.21,205411.794,0.7776,0.82,35.9271,5.4651,3676811.0381
688120.SH,2025-05-21,155.33,155.88,152.73,154.3,155.32,-1.02,-0.6567,14331.08,220562.759,0.8431,0.93,35.6912,5.4292,3652665.099
688120.SH,2025-05-22,153.91,155.29,152.8,152.8,154.3,-1.5,-0.9721,9336.23,143637.887,0.5493,0.63,35.3442,5.3764,3617156.365
688120.SH,2025-05-23,153.13,155.0,152.0,152.04,152.8,-0.76,-0.4974,14876.23,228245.561,0.8752,1.12,35.1684,5.3497,3599165.2732
688120.SH,2025-05-26,152.95,154.33,152.55,154.05,152.04,2.01,1.322,13811.0,212227.474,0.8125,1.02,35.6334,5.4204,3646746.9767
688120.SH,2025-05-27,153.68,154.22,152.3,152.84,154.05,-1.21,-0.7855,11614.17,177552.801,0.6833,0.89,35.3535,5.3778,3618103.2646
688120.SH,2025-05-28,152.42,153.06,147.88,147.95,152.84,-4.89,-3.1994,28428.4,426001.655,1.6725,2.22,34.2224,5.2058,3502344.7919
688120.SH,2025-05-29,148.11,152.5,147.7,152.12,147.95,4.17,2.8185,23610.23,355404.608,1.3891,1.51,35.1869,5.3525,3601059.0723
688120.SH,2025-05-30,151.5,151.5,147.82,147.82,152.12,-4.3,-2.8267,17334.93,258588.451,1.0199,0.94,34.1923,5.2012,3499267.3683
688120.SH,2025-06-03,147.82,155.8,147.78,153.8,147.82,5.98,4.0455,34307.82,527605.479,2.0184,1.81,35.5755,5.4116,3640828.8543
688120.SH,2025-06-04,153.38,153.77,152.36,152.54,153.8,-1.26,-0.8192,14713.75,225001.071,0.8657,0.64,35.2841,5.3673,3611001.5178
688120.SH,2025-06-05,152.86,153.86,151.75,153.49,152.54,0.95,0.6228,17829.84,272093.397,1.049,0.75,35.5038,5.4007,3633490.3827
688120.SH,2025-06-06,153.6,157.26,152.5,155.8,153.49,2.31,1.505,22322.85,347051.925,1.3133,1.04,36.0382,5.482,3688173.8329
688120.SH,2025-06-09,155.85,156.24,154.28,155.22,155.8,-0.58,-0.3723,20246.64,314782.809,0.8553,0.95,35.904,5.4616,3674443.7891
688120.SH,2025-06-10,155.22,156.2,151.99,152.5,155.22,-2.72,-1.7524,18275.2,281305.274,0.772,0.84,35.2748,5.3659,3610054.6183
688120.SH,2025-06-11,152.5,154.9,151.55,151.65,152.5,-0.85,-0.5574,17604.29,269187.131,0.7437,0.94,35.0782,5.336,3589933.0023
688120.SH,2025-06-12,151.25,152.47,148.58,149.06,151.65,-2.59,-1.7079,21707.03,324864.412,0.917,1.13,34.4791,5.2448,3528621.2551
688120.SH,2025-06-13,148.28,154.96,147.98,152.01,149.06,2.95,1.9791,55951.4,848037.368,2.3636,2.79,35.1615,5.3486,3598455.0985
688120.SH,2025-06-16,152.3,156.44,152.27,153.88,152.01,1.87,1.2302,20549.95,316842.558,0.8681,0.77,35.594,5.4144,3642722.6535
688120.SH,2025-06-17,153.8,155.58,152.0,152.89,153.88,-0.99,-0.6434,12050.72,184361.981,0.5091,0.45,35.365,5.3796,3619286.8891
688120.SH,2025-06-18,152.89,158.96,152.89,158.28,152.89,5.39,3.5254,27830.16,435860.087,1.1756,1.09,36.6118,5.5692,3746881.6064
688120.SH,2025-06-19,157.6,162.68,157.4,161.62,158.28,3.34,2.1102,31710.38,512147.468,1.3395,1.15,37.3844,5.6868,3825947.7207
688120.SH,2025-06-20,161.71,167.0,161.3,161.7,161.62,0.08,0.0495,27177.16,442153.001,1.148,0.92,37.4029,5.6896,3827841.5198
688120.SH,2025-06-23,161.65,167.13,160.2,164.6,161.7,2.9,1.7934,36502.28,601828.277,1.542,1.53,38.0737,5.7916,3896491.7388
688120.SH,2025-06-24,163.99,165.48,161.7,164.81,164.6,0.21,0.1276,22642.49,371177.185,0.9565,0.84,38.1223,5.799,3901462.9615
688120.SH,2025-06-25,164.8,165.67,162.05,164.55,164.81,-0.26,-0.1578,24524.23,401037.05,1.036,0.84,38.0621,5.7899,3895308.1143
688120.SH,2025-06-26,164.61,169.16,163.2,164.42,164.55,-0.13,-0.079,22581.66,372733.9,0.9539,0.79,38.0321,5.7853,3892230.6907
688120.SH,2025-06-27,165.31,168.0,163.53,165.75,164.42,1.33,0.8089,22278.91,369908.735,0.9411,0.83,38.3397,5.8321,3923715.1015
688120.SH,2025-06-30,166.36,169.34,165.16,168.7,165.75,2.95,1.7798,26519.71,443798.208,1.1203,1.03,39.0221,5.9359,3993548.9449
688120.SH,2025-07-01,168.7,170.9,167.55,168.85,168.7,0.15,0.0889,17609.13,297461.677,0.7439,0.74,39.0568,5.9412,3997099.8183
688120.SH,2025-07-02,168.16,168.81,164.1,164.67,168.85,-4.18,-2.4756,19887.12,329782.444,0.8401,0.88,38.0899,5.7941,3898148.813
688120.SH,2025-07-03,110.6,111.2,108.3,108.43,110.23,-1.8,-1.6329,27993.31,305727.152,0.7942,1.29,37.344,5.7925,3821818.1683
688120.SH,2025-07-04,108.08,114.64,107.89,112.15,108.43,3.72,3.4308,41484.39,462758.645,1.177,1.81,38.6252,5.9912,3952936.5266
688120.SH,2025-07-07,111.58,114.85,111.28,112.5,112.15,0.35,0.3121,25240.29,286476.636,0.7161,0.95,38.7458,6.0099,3965272.9313
688120.SH,2025-07-08,113.1,113.89,112.18,112.36,112.5,-0.14,-0.1244,24099.8,271884.799,0.6837,0.91,38.6976,6.0024,3960338.3694
688120.SH,2025-07-09,112.37,113.2,111.51,112.45,112.36,0.09,0.0801,21841.51,245353.819,0.6197,0.79,38.7286,6.0072,3963510.5877
688120.SH,2025-07-10,112.06,113.8,110.13,110.76,112.45,-1.69,-1.5029,26002.18,290212.023,0.7377,0.92,38.1465,5.917,3903943.3766
688120.SH,2025-07-11,110.88,112.7,110.2,112.45,110.76,1.69,1.5258,22989.5,256268.143,0.6522,0.83,38.7286,6.0072,3963510.5877
688120.SH,2025-07-14,112.41,113.33,111.76,112.0,112.45,-0.45,-0.4002,17784.29,200079.959,0.5046,0.74,38.5736,5.9832,3947649.496
688120.SH,2025-07-15,112.26,113.78,111.31,112.91,112.0,0.91,0.8125,23279.77,262081.508,0.6605,1.03,38.887,6.0318,3979724.1482
688120.SH,2025-07-16,113.08,114.2,111.52,111.91,112.91,-1.0,-0.8857,21988.99,247202.669,0.6239,0.98,38.5426,5.9784,3944477.2777
688120.SH,2025-07-17,111.79,111.79,109.21,111.04,111.91,-0.87,-0.7774,33198.62,367138.936,0.9419,1.48,38.2429,5.9319,3913812.5003
688120.SH,2025-07-18,111.77,112.86,110.0,111.35,111.04,0.31,0.2792,30802.24,342653.158,0.8739,1.29,38.3497,5.9485,3924739.0302
688120.SH,2025-07-21,111.36,111.37,109.08,109.45,111.35,-1.9,-1.7063,35504.82,388916.762,1.0073,1.4,37.6953,5.847,3857769.9762
688120.SH,2025-07-22,109.66,111.78,109.2,110.35,109.45,0.9,0.8223,35442.65,390884.26,1.0056,1.22,38.0053,5.895,3889492.1597
688120.SH,2025-07-23,110.38,115.7,109.52,115.05,110.35,4.7,4.2592,70215.52,802595.727,1.9921,2.24,39.624,6.1461,4055152.451
688120.SH,2025-07-24,115.9,115.9,114.08,114.93,115.05,-0.12,-0.1043,37819.91,433914.922,1.073,0.92,39.5827,6.1397,4050922.8266
688120.SH,2025-07-25,115.0,115.66,113.54,115.24,114.93,0.31,0.2697,34676.58,396939.738,0.9838,0.83,39.6894,6.1563,4061849.3564
688120.SH,2025-07-28,115.3,116.5,114.0,115.05,115.24,-0.19,-0.1649,48539.31,560581.384,1.3771,1.14,39.624,6.1461,4055152.451
688120.SH,2025-07-29,114.71,117.22,112.21,116.03,115.05,0.98,0.8518,43920.84,506789.713,1.2461,0.97,39.9615,6.1985,4089694.3841
688120.SH,2025-07-30,115.63,116.95,113.18,114.37,116.03,-1.66,-1.4307,37116.4,427100.995,1.053,0.79,39.4945,6.126,4041894.2431
688120.SH,2025-07-31,114.0,114.9,110.21,110.47,114.37,-3.9,-3.41,42338.82,476570.944,1.2012,1.05,38.1477,5.9171,3904066.2502
688120.SH,2025-08-01,110.6,111.8,108.8,108.81,110.47,-1.66,-1.5027,34311.24,376815.007,0.9735,0.83,37.5745,5.8282,3845401.0019
688120.SH,2025-08-04,108.03,110.47,107.06,108.44,108.81,-0.37,-0.34,42192.38,456537.526,1.1939,1.02,37.4467,5.773,3832325.0128
688120.SH,2025-08-05,108.69,109.8,107.9,109.0,108.44,0.56,0.5164,36300.87,394581.34,1.0272,0.91,37.6401,5.8028,3852115.699
688120.SH,2025-08-06,109.09,109.19,108.1,109.1,109.0,0.1,0.0917,31912.05,346860.239,0.903,0.83,37.6746,5.8081,3855649.7501
688120.SH,2025-08-07,109.19,111.45,108.41,109.33,109.1,0.23,0.2108,44842.82,491992.263,1.2689,1.2,37.754,5.8203,3863778.0676
688120.SH,2025-08-08,109.34,109.34,108.08,108.11,109.33,-1.22,-1.1159,28441.68,308585.154,0.8048,0.75,37.3327,5.7554,3820662.6442
688120.SH,2025-08-11,108.42,108.42,107.3,107.5,108.11,-0.61,-0.5642,43176.31,464947.168,1.2217,1.18,37.1221,5.7229,3799104.9325
688120.SH,2025-08-12,107.39,107.54,105.6,106.6,107.5,-0.9,-0.8372,63097.28,672174.19,1.7854,1.71,36.8113,5.675,3767298.4726
688120.SH,2025-08-13,106.51,108.26,106.13,107.67,106.6,1.07,1.0038,53699.86,576179.811,1.5195,1.27,37.1808,5.732,3805112.8194
688120.SH,2025-08-14,107.88,109.78,106.1,106.3,107.67,-1.37,-1.2724,77022.94,831282.27,2.1795,1.65,36.7077,5.659,3756696.3193
688120.SH,2025-08-15,105.86,108.25,104.4,107.93,106.3,1.63,1.5334,62522.29,665742.269,1.7691,1.18,37.2706,5.7458,3814301.3522
688120.SH,2025-08-18,108.0,114.27,108.0,112.56,107.93,4.63,4.2898,92318.1,1025553.496,2.6122,1.54,38.8694,5.9923,3977927.9182
688120.SH,2025-08-19,113.0,113.0,110.03,110.31,112.56,-2.25,-1.9989,62735.29,695923.967,1.7752,0.9,38.0925,5.8725,3898411.7684
688120.SH,2025-08-20,111.0,116.73,110.06,116.5,110.31,6.19,5.6115,101120.49,1147422.261,2.8613,1.45,40.23,6.2021,4117169.5315
688120.SH,2025-08-21,116.51,118.12,115.3,116.77,116.5,0.27,0.2318,86153.53,1005797.399,2.4378,1.09,40.3232,6.2164,4126711.4695
688120.SH,2025-08-22,116.3,127.0,116.29,124.85,116.77,8.08,6.9196,142667.1,1741035.414,4.0369,1.76,43.1134,6.6466,4412262.7984
688120.SH,2025-08-25,127.25,132.89,121.0,123.08,124.85,-1.77,-1.4177,148548.67,1866865.748,4.2034,1.53,42.5022,6.5523,4349710.0939
688120.SH,2025-08-26,122.5,127.77,121.42,125.9,123.08,2.82,2.2912,81746.74,1020794.219,2.3131,0.76,43.476,6.7025,4449370.3349
688120.SH,2025-08-27,124.93,132.15,123.68,124.48,125.9,-1.42,-1.1279,120835.03,1542096.695,3.4192,1.08,42.9857,6.6269,4399186.8093
688120.SH,2025-08-28,124.48,130.0,123.04,129.99,124.48,5.51,4.4264,109718.65,1385446.243,3.1046,0.95,44.8884,6.9202,4593913.0249
688120.SH,2025-08-29,130.9,130.98,125.0,126.0,129.99,-3.99,-3.0695,87974.13,1112295.646,2.4893,0.73,43.5106,6.7078,4452904.386
688120.SH,2025-09-01,128.0,130.89,126.01,128.17,126.0,2.17,1.7222,94271.64,1208387.535,2.6675,0.86,44.2599,6.5649,4529593.2949
688120.SH,2025-09-02,127.04,129.5,119.7,120.5,128.17,-7.67,-5.9842,98289.53,1215414.229,2.7812,0.99,41.6113,6.172,4258531.5755
688120.SH,2025-09-03,120.93,124.36,120.15,120.48,120.5,-0.02,-0.0166,78071.42,952601.454,2.2091,0.76,41.6044,6.171,4257824.7653
688120.SH,2025-09-04,121.0,121.54,112.6,114.63,120.48,-5.85,-4.8556,93676.58,1093401.374,2.6507,1.0,39.5842,5.8714,4051082.7759
688120.SH,2025-09-05,114.65,117.95,113.8,117.5,114.63,2.87,2.5037,61830.74,714155.763,1.7496,0.68,40.5753,6.0184,4152510.0425
688120.SH,2025-09-08,117.41,119.74,115.25,119.2,117.5,1.7,1.4468,68392.59,800972.045,1.9352,0.8,41.1624,6.1054,4212588.9112
688120.SH,2025-09-09,118.0,118.03,114.71,115.33,119.2,-3.87,-3.2466,49384.7,573382.224,1.3974,0.62,39.826,5.9072,4075821.1336
688120.SH,2025-09-10,115.0,116.6,114.7,114.7,115.33,-0.63,-0.5463,47021.88,543169.346,1.3305,0.67,39.6084,5.875,4053556.6117
688120.SH,2025-09-11,114.6,118.8,113.5,118.06,114.7,3.36,2.9294,89106.73,1040372.013,2.5214,1.39,40.7687,6.0471,4172300.7287
688120.SH,2025-09-12,118.05,120.86,117.09,118.1,118.06,0.04,0.0339,93124.16,1109044.143,2.6351,1.47,40.7825,6.0491,4173714.3491
688120.SH,2025-09-15,119.67,120.37,115.66,118.0,118.1,-0.1,-0.0847,124777.39,1467521.575,3.5307,1.8,40.748,6.044,4170180.298
688120.SH,2025-09-16,118.0,126.36,118.0,122.54,118.0,4.54,3.8475,147319.24,1800826.54,4.1686,1.83,42.3157,6.2765,4330626.2179
688120.SH,2025-09-17,123.0,127.45,120.02,126.0,122.54,3.46,2.8236,125272.07,1557566.318,3.5447,1.25,43.5106,6.4537,4452904.386
688120.SH,2025-09-18,125.98,135.55,125.0,129.82,126.0,3.82,3.0317,181942.58,2374942.896,5.1483,1.57,44.8297,6.6494,4587905.138
688120.SH,2025-09-19,130.0,134.8,130.0,130.69,129.82,0.87,0.6702,154852.94,2050411.478,4.3817,1.15,45.1301,6.694,4618651.3826
688120.SH,2025-09-22,132.0,132.9,129.51,131.28,130.69,0.59,0.4514,107490.32,1407729.265,3.0416,0.73,45.3339,6.7242,4639502.2841
688120.SH,2025-09-23,133.4,137.3,132.28,136.97,131.28,5.69,4.3342,157285.58,2118272.659,4.4506,1.1,47.2987,7.0156,4840589.7917
688120.SH,2025-09-24,137.59,164.0,136.36,155.0,136.97,18.03,13.1635,219254.32,3276463.43,6.2041,1.51,53.5249,7.9391,5477779.205
688120.SH,2025-09-25,153.72,160.93,151.84,157.16,155.0,2.16,1.3935,150956.9,2356408.243,4.2715,0.92,54.2708,8.0498,5554114.7088
688120.SH,2025-09-26,157.0,169.88,155.8,163.2,157.16,6.04,3.8432,151493.39,2494683.148,4.2867,0.96,56.3565,8.3591,5767571.3952
688120.SH,2025-09-29,164.0,168.86,157.3,167.87,163.2,4.67,2.8615,145430.07,2339097.956,4.1151,0.92,57.9692,8.5983,5932611.5816
688120.SH,2025-09-30,166.0,171.6,162.7,165.2,167.87,-2.67,-1.5905,123090.23,2051087.696,3.483,0.75,57.0472,8.4616,5838252.4172
688120.SH,2025-10-09,167.2,171.32,161.11,162.2,165.2,-3.0,-1.816,144481.72,2392708.841,4.0883,0.91,56.0112,8.3079,5732230.8842
688120.SH,2025-10-10,158.82,165.99,157.34,164.0,162.2,1.8,1.1097,124837.31,2022631.61,3.5324,0.87,56.6328,8.4001,5795843.804
688120.SH,2025-10-13,155.0,166.99,155.0,166.73,164.0,2.73,1.6646,121942.22,1973550.351,3.4505,0.88,57.5755,8.5399,5892323.399
688120.SH,2025-10-14,169.88,169.99,149.0,149.5,166.73,-17.23,-10.3341,163549.98,2577324.608,4.6278,1.24,51.6256,7.6574,5283406.3945
688120.SH,2025-10-15,149.94,152.07,147.0,150.27,149.5,0.77,0.5151,99058.93,1484949.859,2.803,0.73,51.8915,7.6969,5310618.588
688120.SH,2025-10-16,149.01,153.85,148.46,149.37,150.27,-0.9,-0.5989,68428.56,1034403.731,1.9363,0.52,51.5807,7.6508,5278812.1281
688120.SH,2025-10-17,148.79,149.0,142.0,142.1,149.37,-7.27,-4.8671,87920.88,1270365.283,2.4878,0.76,49.0702,7.2784,5021886.6131
688120.SH,2025-10-20,144.88,146.68,140.89,141.88,142.1,-0.22,-0.1548,65925.9,946737.984,1.8654,0.61,48.9943,7.2671,5014111.7007
688120.SH,2025-10-21,143.0,144.66,142.2,143.0,141.88,1.12,0.7894,66797.61,958110.881,1.8901,0.69,49.381,7.3245,5053693.073
688120.SH,2025-10-22,142.0,144.44,139.61,141.69,143.0,-1.31,-0.9161,62176.45,879580.041,1.7594,0.8,48.9287,7.2574,5007397.0036
688120.SH,2025-10-23,141.6,143.79,139.84,142.74,141.69,1.05,0.7411,53368.78,757138.624,1.5101,0.76,49.2912,7.3112,5044504.5401
688120.SH,2025-10-24,144.11,147.93,143.8,147.35,142.74,4.61,3.2296,117464.18,1721029.995,3.3238,1.75,50.8832,7.5473,5207424.2959
688120.SH,2025-10-27,150.0,153.13,147.55,150.81,147.35,3.46,2.3482,101684.39,1530415.407,2.8773,1.39,52.078,7.7245,5329702.4639
688120.SH,2025-10-28,149.62,153.81,148.0,149.83,150.81,-0.98,-0.6498,73020.0,1103891.691,2.0662,0.91,51.7396,7.6743,5295068.7631
688120.SH,2025-10-29,147.88,150.6,146.0,150.29,149.83,0.46,0.307,78185.16,1160431.098,2.2123,0.96,51.8984,7.6979,5311325.3982
688120.SH,2025-10-30,150.33,152.5,146.43,146.87,150.29,-3.42,-2.2756,68221.12,1015316.954,1.9304,0.81,50.7174,7.5227,5190460.8506
688120.SH,2025-10-31,141.64,142.0,137.0,137.34,146.87,-9.53,-6.4887,115281.31,1603839.687,3.262,1.31,47.4265,6.7392,4853665.7807
688120.SH,2025-11-03,135.79,137.33,130.3,133.93,137.34,-3.41,-2.4829,88930.89,1180089.032,2.5164,1.02,46.249,6.5719,4733154.6382
688120.SH,2025-11-04,134.27,142.2,133.25,138.8,133.93,4.87,3.6362,100831.33,1401560.713,2.8531,1.19,47.9307,6.8108,4905262.9268
688120.SH,2025-11-05,135.74,138.47,134.74,137.0,138.8,-1.8,-1.2968,49286.84,673427.245,1.3946,0.55,47.3091,6.7225,4841650.007
688120.SH,2025-11-06,137.8,142.0,137.26,140.68,137.0,3.68,2.6861,76384.8,1069134.687,2.1614,0.9,48.5799,6.9031,4971703.0875
688120.SH,2025-11-07,139.0,141.0,138.42,139.25,140.68,-1.43,-1.0165,44847.41,626260.759,1.269,0.52,48.0861,6.8329,4921166.1568
688120.SH,2025-11-10,139.0,147.9,139.0,143.47,139.25,4.22,3.0305,102841.76,1489728.053,2.91,1.43,49.5433,7.04,5070303.1132
688120.SH,2025-11-11,145.06,149.23,140.0,140.42,143.47,-3.05,-2.1259,65981.73,948256.55,1.867,0.88,48.4901,6.8903,4962514.5546
688120.SH,2025-11-12,139.0,141.2,136.33,139.45,140.42,-0.97,-0.6908,53564.36,742415.762,1.5157,0.79,48.1551,6.8427,4928234.259
688120.SH,2025-11-13,139.4,144.79,138.5,139.7,139.45,0.25,0.1793,49422.09,696898.486,1.3985,0.72,48.2415,6.855,4937069.3867
688120.SH,2025-11-14,137.9,142.3,135.88,137.5,139.7,-2.2,-1.5748,40652.01,562502.84,1.1503,0.64,47.4818,6.747,4859320.2625
688120.SH,2025-11-17,139.77,139.77,131.91,132.86,137.5,-4.64,-3.3745,63870.37,857100.453,1.8073,1.02,45.8795,6.5194,4695340.2915
688120.SH,2025-11-18,131.99,139.36,131.89,136.4,132.86,3.54,2.6645,61349.5,836743.976,1.736,1.12,47.1019,6.6931,4820445.7004
688120.SH,2025-11-19,135.41,138.3,134.34,134.7,136.4,-1.7,-1.2463,32376.16,439787.144,0.9161,0.6,46.5149,6.6096,4760366.8317
688120.SH,2025-11-20,134.0,135.68,131.11,131.55,134.7,-3.15,-2.3385,43092.15,570812.077,1.2193,0.87,45.4271,6.4551,4649044.2221
688120.SH,2025-11-21,130.33,132.34,126.18,126.8,131.55,-4.75,-3.6108,51554.85,661768.205,1.4588,1.07,43.7868,6.222,4481176.7948
688120.SH,2025-11-24,128.0,129.28,126.02,127.36,126.8,0.56,0.4416,39734.8,506756.103,1.1243,0.79,44.0109,6.2538,4504111.7574
688120.SH,2025-11-25,128.88,129.33,127.39,128.03,127.36,0.67,0.5261,40642.91,521722.285,1.15,0.89,44.2424,6.2867,4527806.4408
688120.SH,2025-11-26,127.8,130.98,126.8,129.25,128.03,1.22,0.9529,52399.38,677449.979,1.4817,1.26,44.664,6.3368,4570951.9837
688120.SH,2025-11-27,129.41,133.33,129.41,130.01,129.25,0.76,0.588,48228.17,634543.184,1.3637,1.06,44.9267,6.374,4597829.535
688120.SH,2025-11-28,129.63,137.44,128.68,135.0,130.01,4.99,3.8382,85853.68,1157604.571,2.4276,1.85,46.651,6.6187,4774301.8785
688120.SH,2025-12-01,135.5,137.47,134.64,137.02,135.0,2.02,1.4963,63746.08,869223.87,1.8025,1.19,47.3491,6.7177,4845739.5807
688120.SH,2025-12-02,136.07,138.23,135.89,137.23,137.02,0.21,0.1533,41383.07,567887.179,1.1702,0.71,47.4216,6.728,4853166.2725
688120.SH,2025-12-03,137.05,137.46,133.69,133.96,137.23,-3.27,-2.3829,35489.67,480357.636,1.0035,0.61,46.2916,6.5677,4737522.0714
688120.SH,2025-12-04,133.0,140.52,132.99,139.0,133.96,5.04,3.7623,53746.27,738059.699,1.5198,0.98,48.0333,6.8148,4915762.6749
688120.SH,2025-12-05,137.8,141.09,135.88,140.5,139.0,1.5,1.0791,53799.04,748147.411,1.5212,0.96,48.5516,6.8883,4968810.4736
688120.SH,2025-12-08,142.05,144.5,140.3,142.97,140.5,2.47,1.758,64575.82,920405.375,1.826,1.3,49.4052,7.0094,5056162.5153
688120.SH,2025-12-09,141.07,147.0,141.02,145.1,142.97,2.13,1.4898,56205.98,817159.049,1.5893,1.13,50.1412,7.1139,5131490.3894
688120.SH,2025-12-10,145.27,145.96,141.1,144.63,145.1,-0.47,-0.3239,34162.81,489970.038,0.966,0.65,49.9788,7.0908,5114868.7458
688120.SH,2025-12-11,146.2,155.68,146.2,149.4,144.63,4.77,3.2981,84669.91,1287818.633,2.3942,1.61,51.6271,7.3247,5283560.7455
688120.SH,2025-12-12,152.63,156.32,146.34,156.0,149.4,6.6,4.4177,102198.28,1557740.523,2.8898,1.74,53.9078,7.6483,5516971.0596
688120.SH,2025-12-15,155.01,159.57,153.05,155.31,156.0,-0.69,-0.4423,72570.75,1136346.101,2.052,1.06,53.6694,7.6144,5492569.0722
688120.SH,2025-12-16,153.86,159.39,151.4,155.0,155.31,-0.31,-0.1996,64882.71,1010576.524,1.8346,0.93,53.5623,7.5992,5481605.8605
688120.SH,2025-12-17,157.02,159.21,152.14,158.96,155.0,3.96,2.5548,59058.88,919631.255,1.67,0.82,54.9307,7.7934,5621652.0489
688120.SH,2025-12-18,157.55,158.6,153.73,154.73,158.96,-4.23,-2.661,53884.91,839745.953,1.5237,0.7,53.469,7.586,5472057.2567
688120.SH,2025-12-19,154.8,158.49,151.38,152.1,154.73,-2.63,-1.6997,66522.16,1023083.369,1.881,0.94,52.5601,7.4571,5379046.7831
688120.SH,2025-12-22,152.15,158.2,151.24,156.7,152.1,4.6,3.0243,77648.78,1207899.118,2.1956,1.23,54.1497,7.6826,5541726.699
688120.SH,2025-12-23,156.0,161.01,154.9,159.8,156.7,3.1,1.9783,78426.15,1244904.486,2.2176,1.22,55.221,7.8346,5651358.8162
688120.SH,2025-12-24,159.8,159.97,154.5,156.0,159.8,-3.8,-2.378,56171.66,877626.872,1.5883,0.84,53.9078,7.6483,5516971.0596
688120.SH,2025-12-25,156.27,158.33,153.38,157.0,156.0,1.0,0.641,48428.9,755376.394,1.3694,0.73,54.2534,7.6973,5552336.2587
688120.SH,2025-12-26,156.4,158.87,155.79,157.88,157.0,0.88,0.5605,46465.33,731514.074,1.3139,0.71,54.5575,7.7404,5583457.6339
688120.SH,2025-12-29,157.47,158.2,151.67,153.86,157.88,-4.02,-2.5462,51439.81,792746.524,1.4545,0.84,53.1683,7.5433,5441289.5335
688120.SH,2025-12-30,154.43,156.88,151.68,152.85,153.86,-1.01,-0.6564,40956.49,628025.328,1.1581,0.73,52.8193,7.4938,5405570.6824
688120.SH,2025-12-31,155.88,157.18,149.51,150.08,152.85,-2.77,-1.8122,49976.24,760468.552,1.4131,1.03,51.8621,7.358,5307609.0809
688120.SH,2026-01-05,151.43,159.38,151.09,156.52,150.08,6.44,4.291,71473.96,1118845.376,2.021,1.51,54.0875,7.6738,5535360.9631
688120.SH,2026-01-06,156.45,170.28,155.02,163.07,156.52,6.55,4.1848,95236.05,1569707.777,2.6929,1.83,56.351,7.9949,5767003.0172
688120.SH,2026-01-07,167.0,174.99,164.0,174.0,163.07,10.93,6.7026,106669.81,1814509.414,3.0162,1.73,60.128,8.5307,6153544.6434
688120.SH,2026-01-08,172.0,177.0,170.58,173.88,174.0,-0.12,-0.069,83189.32,1448587.883,2.3523,1.14,60.0865,8.5249,6149300.8195
688120.SH,2026-01-09,173.6,179.8,170.21,174.85,173.88,0.97,0.5579,65292.11,1135131.959,1.8462,0.8,60.4217,8.5724,6183605.0626
688120.SH,2026-01-12,174.5,182.58,174.5,178.0,174.85,3.15,1.8015,70550.32,1263837.692,1.9949,0.84,61.5102,8.7269,6295005.4398
688120.SH,2026-01-13,176.75,181.01,170.18,173.62,178.0,-4.38,-2.4607,71294.75,1242252.527,2.016,0.85,59.9967,8.5121,6140105.8677
688120.SH,2026-01-14,170.62,186.5,170.0,179.02,173.62,5.4,3.1102,82360.92,1474709.842,2.3289,1.04,61.8627,8.7769,6331077.9429
688120.SH,2026-01-15,177.98,183.2,175.17,181.56,179.02,2.54,1.4188,70873.06,1268276.455,2.004,0.95,62.7404,8.9014,6420905.5486
688120.SH,2026-01-16,185.08,196.66,183.3,195.5,181.56,13.94,7.6779,123683.69,2365116.288,3.4973,1.72,67.5576,9.5848,6913896.4241
688120.SH,2026-01-19,198.3,200.8,192.6,193.37,195.5,-2.13,-1.0895,68217.24,1328820.439,1.9289,0.81,66.8215,9.4804,6838568.55
688120.SH,2026-01-20,192.0,195.79,189.11,193.0,193.37,-0.37,-0.1913,64963.08,1254553.078,1.8369,0.78,66.6937,9.4623,6825483.4263
688120.SH,2026-01-21,191.48,199.0,190.02,193.22,193.0,0.22,0.114,61737.54,1195207.392,1.7457,0.75,66.7697,9.4731,6833263.7701
688120.SH,2026-01-22,197.35,199.0,192.5,195.38,193.22,2.16,1.1179,52302.74,1023776.14,1.4789,0.67,67.5161,9.579,6909652.6002
688120.SH,2026-01-23,195.35,199.9,189.01,198.38,195.38,3.0,1.5355,66566.46,1295260.229,1.8823,0.9,68.5528,9.726,7015748.1975
688120.SH,2026-01-26,195.19,198.48,190.28,193.3,198.38,-5.08,-2.5607,55840.36,1082374.905,1.579,0.89,66.7973,9.477,6836092.986
688120.SH,2026-01-27,193.5,202.0,191.2,198.52,193.3,5.22,2.7005,56065.61,1107735.027,1.5853,0.93,68.6012,9.7329,7020699.3253
688120.SH,2026-01-28,200.35,201.94,194.37,196.0,198.52,-2.52,-1.2694,52837.96,1039457.314,1.4941,0.9,67.7304,9.6093,6931579.0236
688120.SH,2026-01-29,195.36,197.86,191.54,192.0,196.0,-4.0,-2.0408,54785.21,1065141.415,1.5491,0.97,66.3481,9.4132,6790118.2272
688120.SH,2026-01-30,194.0,195.7,186.5,188.88,192.0,-3.12,-1.625,51279.41,978653.934,1.45,0.9,65.27,9.2603,6679778.806
688120.SH,2026-02-02,187.97,188.02,176.35,177.0,188.88,-11.88,-6.2897,76317.96,1378564.572,2.158,1.41,61.1647,8.6778,6259640.2407
688120.SH,2026-02-03,181.0,184.89,178.77,183.51,177.0,6.51,3.678,47571.55,863069.571,1.3452,0.82,63.4143,8.997,6489867.6868
688120.SH,2026-02-04,181.87,185.6,179.1,181.1,183.51,-2.41,-1.3133,40843.09,742520.971,1.1549,0.72,62.5815,8.8788,6404637.557
688120.SH,2026-02-05,178.0,183.98,176.0,181.18,181.1,0.08,0.0442,37335.79,671254.193,1.0557,0.69,62.6091,8.8828,6407466.7729
688120.SH,2026-02-06,181.0,184.68,178.05,179.32,181.18,-1.86,-1.0266,35332.3,641103.765,0.9991,0.7,61.9664,8.7916,6341687.5026
688120.SH,2026-02-09,183.0,184.89,180.11,180.68,179.32,1.36,0.7584,31687.96,575054.193,0.896,0.67,62.4363,8.8583,6389784.1734
688120.SH,2026-02-10,180.58,182.5,178.0,180.7,180.68,0.02,0.0111,26249.68,473978.154,0.7422,0.68,62.4433,8.8592,6390491.4774
688120.SH,2026-02-11,181.01,184.5,179.4,181.35,180.7,0.65,0.3597,34004.22,619049.401,0.9615,0.99,62.6679,8.8911,6413478.8568
688120.SH,2026-02-12,182.93,184.0,180.28,183.09,181.35,1.74,0.9595,28656.5,523167.041,0.8103,0.87,63.2691,8.9764,6475014.3032
688120.SH,2026-02-13,183.0,189.6,180.1,185.61,183.09,2.52,1.3764,41349.51,770896.631,1.1692,1.33,64.14,9.1,6564134.605
688120.SH,2026-02-24,185.52,190.44,181.68,188.74,185.61,3.13,1.6863,41163.86,768305.397,1.164,1.27,65.2216,9.2534,6674827.6781
688120.SH,2026-02-25,189.11,200.88,187.62,197.98,188.74,9.24,4.8956,65801.67,1287872.493,1.8606,1.92,68.4146,9.7064,7001602.1178
688120.SH,2026-02-26,199.01,200.46,191.9,196.64,197.98,-1.34,-0.6768,50329.11,988864.169,1.4231,1.19,67.9515,9.6407,6954212.751
688120.SH,2026-02-27,195.12,196.62,191.88,193.82,196.64,-2.82,-1.4341,35031.7,679467.48,0.9906,0.77,66.977,9.5025,6854482.8896
688120.SH,2026-03-02,187.0,198.18,186.5,192.0,193.82,-1.82,-0.939,37095.27,720428.099,1.0489,0.79,66.3481,9.1017,6790118.2272
688120.SH,2026-03-03,192.96,194.9,180.2,180.99,192.0,-11.01,-5.7344,50592.67,938402.649,1.4306,1.1,62.5435,8.5797,6400747.3851
688120.SH,2026-03-04,179.6,183.08,177.37,178.41,180.99,-2.58,-1.4255,35383.71,635569.99,1.0005,0.74,61.6519,8.4574,6309505.1714
688120.SH,2026-03-05,182.35,185.94,175.43,177.73,178.41,-0.68,-0.3811,46889.18,846152.543,1.3259,1.12,61.4169,8.4252,6285456.836
688120.SH,2026-03-06,177.13,188.36,177.0,178.42,177.73,0.69,0.3882,44709.91,808177.838,1.2642,1.09,61.6554,8.4579,6309858.8234
688120.SH,2026-03-09,170.0,176.82,168.08,173.01,178.42,-5.41,-3.0322,67449.42,1157068.62,1.9072,1.57,59.7859,8.2015,6118533.0963
688120.SH,2026-03-10,176.01,179.75,176.0,177.02,173.01,4.01,2.3178,43985.69,782860.517,1.2438,0.9,61.1716,8.3916,6260347.5447
688120.SH,2026-03-11,176.46,177.47,173.0,175.37,177.02,-1.65,-0.9321,36408.55,636820.169,1.0295,0.76,60.6014,8.3133,6201994.9662
688120.SH,2026-03-12,175.95,178.69,170.2,172.66,175.37,-2.71,-1.5453,35120.22,609345.831,0.9931,0.73,59.6649,8.1849,6106155.2766
688120.SH,2026-03-13,169.27,175.1,169.27,171.53,172.66,-1.13,-0.6545,40983.91,704006.612,1.1589,0.9,59.2744,8.1313,6066192.6016
688120.SH,2026-03-16,171.74,174.5,166.6,173.1,171.53,1.57,0.9153,46433.86,793706.127,1.313,1.04,59.817,8.2057,6121715.9642
688120.SH,2026-03-17,174.55,179.8,170.8,171.19,173.1,-1.91,-1.1034,51772.81,908433.447,1.4639,1.28,59.1569,8.1152,6054168.4339
688120.SH,2026-03-18,172.0,176.57,170.17,175.12,171.19,3.93,2.2957,36480.55,635664.163,1.0315,0.87,60.515,8.3015,6193153.6664
688120.SH,2026-03-19,173.05,173.99,169.43,169.51,175.12,-5.61,-3.2035,36113.5,616464.545,1.0212,0.86,58.5764,8.0355,5994754.8994
688120.SH,2026-03-20,170.5,175.1,169.69,170.3,169.51,0.79,0.466,38666.47,667458.114,1.0933,0.91,58.8494,8.073,6022693.4067
688120.SH,2026-03-23,168.23,168.23,160.62,162.38,170.3,-7.92,-4.6506,68694.24,1126286.78,1.9424,1.64,56.1125,7.6976,5742601.0299
688120.SH,2026-03-24,165.0,166.57,159.69,164.84,162.38,2.46,1.515,44625.35,728663.923,1.2618,0.96,56.9626,7.8142,5829599.4196
688120.SH,2026-03-25,166.88,172.88,163.88,166.8,164.84,1.96,1.189,43539.76,734007.346,1.2311,0.97,57.6399,7.9071,5898915.2099
688120.SH,2026-03-26,166.05,167.8,163.64,164.18,166.8,-2.62,-1.5707,29802.67,492452.664,0.8427,0.64,56.7345,7.7829,5806258.3882
688120.SH,2026-03-27,163.35,172.5,161.88,170.88,164.18,6.7,4.0809,40548.05,685728.375,1.1466,0.9,59.0498,8.1005,6043205.2222
688120.SH,2026-03-30,169.0,185.33,168.02,181.9,170.88,11.02,6.449,67814.18,1206743.024,1.9175,1.49,62.8579,8.6229,6432929.7163
688120.SH,2026-03-31,180.51,181.91,174.0,174.0,181.9,-7.9,-4.343,46755.28,831591.783,1.3221,1.03,60.128,8.2484,6153544.6434
688120.SH,2026-04-01,179.0,179.99,174.33,175.14,174.0,1.14,0.6552,37918.52,668300.209,1.0722,0.83,60.5219,8.3024,6193860.9704
688120.SH,2026-04-02,175.0,175.89,170.6,171.9,175.14,-3.24,-1.8499,28457.13,492183.562,0.8047,0.64,59.4023,8.1488,6079277.7253
688120.SH,2026-04-03,172.91,175.32,169.0,170.47,171.9,-1.43,-0.8319,25064.73,431946.278,0.7087,0.57,58.9081,8.0811,6028705.4906
688120.SH,2026-04-07,171.0,173.05,167.18,167.92,170.47,-2.55,-1.4959,32076.51,543381.263,0.907,0.78,58.027,7.9602,5938524.2329
688120.SH,2026-04-08,174.0,178.74,172.32,178.56,167.92,10.64,6.3364,42199.39,745341.381,1.1932,1.24,61.7037,8.4646,6314809.9513
688120.SH,2026-04-09,176.66,186.68,175.66,182.14,178.56,3.58,2.0049,46971.73,858340.559,1.3282,1.42,62.9409,8.6343,6441417.3641
688120.SH,2026-04-10,185.0,189.5,183.3,183.5,182.14,1.36,0.7467,40421.91,753011.69,1.143,1.16,63.4108,8.6987,6489514.0349
688120.SH,2026-04-13,181.67,183.77,178.47,179.09,183.5,-4.41,-2.4033,41123.36,742756.248,1.1628,1.1,61.8869,8.4897,6333553.5068
688120.SH,2026-04-14,181.28,186.77,181.02,183.85,179.09,4.76,2.6579,45429.27,837579.443,1.2846,1.12,63.5318,8.7153,6501891.8545
688120.SH,2026-04-15,186.0,189.3,182.08,183.49,183.85,-0.36,-0.1958,61181.17,1135530.849,1.73,1.42,63.4074,8.6983,6489160.3829
688120.SH,2026-04-16,185.4,191.38,182.5,189.5,183.49,6.01,3.2754,57193.86,1069115.748,1.6172,1.22,65.4842,8.9832,6701705.2295
688120.SH,2026-04-17,189.0,190.12,183.0,189.12,189.5,-0.38,-0.2005,41793.86,781458.006,1.1818,0.85,65.3529,8.9651,6688266.4538
688120.SH,2026-04-20,187.7,191.0,183.03,189.09,189.12,-0.03,-0.0159,44039.98,828674.568,1.2453,0.89,65.3425,8.9637,6687205.4978
688120.SH,2026-04-21,187.06,192.55,186.0,190.19,189.09,1.1,0.5817,41808.68,790696.117,1.1822,0.84,65.7226,9.0159,6726107.2168
688120.SH,2026-04-22,190.5,192.66,186.8,191.68,190.19,1.49,0.7834,44426.66,845368.76,1.2562,0.9,66.2375,9.0865,6778801.3635
688120.SH,2026-04-23,186.5,189.3,182.65,184.38,191.68,-7.3,-3.8084,57369.56,1062483.177,1.6222,1.25,60.1687,8.4455,6520635.4101
688120.SH,2026-04-24,183.98,188.37,180.0,183.43,184.38,-0.95,-0.5152,61483.82,1132568.429,1.7385,1.34,59.8587,8.402,6487038.4709
688120.SH,2026-04-27,187.09,197.25,183.37,194.0,183.43,10.57,5.7624,88193.09,1697595.179,2.4938,1.77,63.308,8.8861,6860848.6254
688120.SH,2026-04-28,193.66,202.99,189.2,194.44,194.0,0.44,0.2268,70313.4,1378191.016,1.9882,1.2,63.4516,8.9063,6876409.313
688120.SH,2026-04-29,194.32,197.89,187.0,193.2,194.44,-1.24,-0.6377,67382.94,1291485.014,1.9053,1.05,63.047,8.8495,6832556.4661
688120.SH,2026-04-30,192.14,199.6,192.14,197.43,193.2,4.23,2.1894,81535.9,1598622.746,2.3055,1.18,64.4274,9.0432,6982151.2583
688120.SH,2026-05-06,205.87,207.99,193.0,193.32,197.43,-4.11,-2.0818,108895.68,2180708.307,3.0792,1.48,63.0861,8.855,6836800.29
688120.SH,2026-05-07,194.94,202.23,194.21,200.63,193.32,7.31,3.7813,72392.31,1439421.176,2.047,0.87,65.4716,9.1898,7095319.8954
688120.SH,2026-05-08,198.0,199.19,191.98,195.94,200.63,-4.69,-2.3376,59383.98,1160641.917,1.6792,0.74,63.9411,8.975,6929457.1117
688120.SH,2026-05-11,199.03,211.0,197.97,206.89,195.94,10.95,5.5884,81598.33,1673271.809,2.3073,1.05,67.5144,9.4766,7316706.0418
688120.SH,2026-05-12,206.3,238.0,203.13,235.14,206.89,28.25,13.6546,153924.1,3468192.043,4.3524,1.91,76.7333,10.7705,8315772.9164
688120.SH,2026-05-13,225.0,256.6,223.89,250.71,235.14,15.57,6.6216,156970.74,3826801.429,4.4386,1.65,81.8142,11.4837,8866409.0664
688120.SH,2026-05-14,250.92,257.38,240.17,250.5,250.71,-0.21,-0.0838,97688.86,2428547.823,2.7623,0.93,81.7457,11.4741,8858982.3746
688120.SH,2026-05-15,253.0,288.68,248.69,267.51,250.5,17.01,6.7904,158981.28,4242142.871,4.4954,1.45,87.2966,12.2532,9460544.4112
688120.SH,2026-05-18,272.85,286.68,267.0,273.0,267.51,5.49,2.0523,154096.51,4230807.718,4.3573,1.19,89.0881,12.5047,9654699.3543
688120.SH,2026-05-19,272.15,282.1,263.0,277.6,273.0,4.6,1.685,117517.39,3218296.958,3.323,0.81,90.5892,12.7154,9817379.2702
688120.SH,2026-05-20,281.0,301.69,281.0,298.0,277.6,20.4,7.3487,125127.47,3660707.218,3.5382,0.91,97.2464,13.6498,10538829.3318
688120.SH,2026-05-21,302.2,312.99,280.0,280.0,298.0,-18.0,-6.0403,160189.12,4751354.564,4.5296,1.23,91.3724,12.8253,9902255.748
688120.SH,2026-05-22,283.89,289.96,268.0,276.28,280.0,-3.72,-1.3286,131273.18,3610603.062,3.7119,0.92,90.1585,12.655,9770697.2073
688120.SH,2026-05-25,274.92,304.68,265.0,295.0,276.28,18.72,6.7757,140740.76,3997365.907,3.9796,1.02,96.2674,13.5124,10432733.7345
688120.SH,2026-05-26,293.48,301.44,283.33,294.82,295.0,-0.18,-0.061,135111.66,3951191.371,3.8205,1.0,96.2086,13.5042,10426367.9987
688120.SH,2026-05-27,291.2,302.91,281.08,281.98,294.82,-12.84,-4.3552,115311.03,3364169.16,3.2606,0.83,92.0186,12.916,9972278.8422
688120.SH,2026-05-28,280.66,282.86,270.07,274.5,281.98,-7.48,-2.6527,129421.27,3564050.992,3.6596,0.95,89.5776,12.5734,9707747.153
688120.SH,2026-05-29,275.0,279.5,256.88,261.29,274.5,-13.21,-4.8124,130100.66,3460596.592,3.6788,1.0,85.2668,11.9683,9240572.8728
688120.SH,2026-06-01,261.0,261.0,242.8,244.7,261.29,-16.59,-6.3493,115375.12,2882488.418,3.2624,0.89,79.853,11.2084,8653864.2198
688120.SH,2026-06-02,245.0,249.98,238.18,244.76,244.7,0.06,0.0245,84139.99,2060733.668,2.3792,0.67,79.8726,11.2112,8655986.1317
688120.SH,2026-06-03,245.5,256.56,241.66,247.86,244.76,3.1,1.2665,100927.1,2515403.383,2.8539,0.88,80.8842,11.3532,8765618.2489
688120.SH,2026-06-04,243.65,258.52,243.0,255.08,247.86,7.22,2.9129,85162.58,2154096.827,2.4081,0.76,83.2403,11.6839,9020954.9864
688120.SH,2026-06-05,251.0,257.96,245.0,248.0,255.08,-7.08,-2.7756,81615.04,2053265.501,2.3078,0.79,80.9299,11.3596,8770569.3768
688120.SH,2026-06-08,235.01,248.88,233.56,240.31,248.0,-7.69,-3.1008,76067.79,1835761.458,2.1509,0.81,78.4204,11.0074,8498610.9957
688120.SH,2026-06-09,246.0,255.9,243.19,255.2,240.31,14.89,6.1962,83785.79,2094092.526,2.3692,0.98,83.2794,11.6894,9025198.8103
688120.SH,2026-06-10,180.0,189.48,178.56,182.22,182.14,0.08,0.0439,142860.12,2626144.943,2.8876,1.67,83.1852,11.8935,9014990.5962
688120.SH,2026-06-11,180.31,192.8,180.0,186.74,182.22,4.52,2.4805,142715.76,2661214.138,2.8847,1.52,85.2487,12.1885,9238609.0656
688120.SH,2026-06-12,193.68,198.89,183.2,184.0,186.74,-2.74,-1.4673,192783.38,3672777.162,3.8967,1.83,83.9978,12.0097,9103052.7368
688120.SH,2026-06-15,186.0,200.68,183.0,199.33,184.0,15.33,8.3315,174677.9,3397608.238,3.5308,1.37,90.9961,13.0103,9861475.5545
688120.SH,2026-06-16,200.0,205.5,193.88,201.18,199.33,1.85,0.9281,149657.04,2973237.864,3.025,1.02,91.8407,12.8911,9953000.2698
