ts_code,trade_date,open,high,low,close,pre_close,change,pct_chg,vol,amount,turnover_rate,volume_ratio,pe,pb,total_mv
300803.SZ,2023-01-03,45.3,46.5,44.18,46.4,45.72,0.68,1.4873,49438.63,225769.184,1.2626,1.47,107.1724,11.2845,1888342.8834
300803.SZ,2023-01-04,46.33,46.97,45.68,45.9,46.4,-0.5,-1.0776,41601.63,192436.474,1.0625,1.11,106.0176,11.1629,1867994.3609
300803.SZ,2023-01-05,46.0,48.46,46.0,47.9,45.9,2.0,4.3573,88372.3,420326.616,2.257,2.33,110.6371,11.6493,1949388.4507
300803.SZ,2023-01-06,47.6,50.2,47.6,49.33,47.9,1.43,2.9854,108214.17,534355.075,2.7637,2.19,113.94,11.9971,2007585.2249
300803.SZ,2023-01-09,49.36,53.33,49.2,51.63,49.33,2.3,4.6625,155402.88,802288.981,3.9689,2.45,119.2524,12.5565,2101188.4282
300803.SZ,2023-01-10,51.1,53.37,50.91,52.04,51.63,0.41,0.7941,104244.75,546410.993,2.6623,1.18,120.1994,12.6562,2117874.2166
300803.SZ,2023-01-11,52.4,52.82,51.51,51.76,52.04,-0.28,-0.538,61611.18,321451.314,1.5735,0.62,119.5527,12.5881,2106479.044
300803.SZ,2023-01-12,51.8,53.0,50.71,52.49,51.76,0.73,1.4104,64202.27,334839.798,1.6397,0.62,121.2388,12.7656,2136187.8868
300803.SZ,2023-01-13,54.28,55.0,51.9,53.36,52.49,0.87,1.6575,97233.02,514234.609,2.4833,0.98,123.2483,12.9772,2171594.3159
300803.SZ,2023-01-16,53.0,60.0,52.67,56.95,53.36,3.59,6.7279,237926.63,1349863.679,6.0765,2.46,131.5403,13.8503,2317696.7071
300803.SZ,2023-01-17,57.0,58.33,56.44,58.0,56.95,1.05,1.8437,135926.11,779781.444,3.4715,1.2,133.9655,14.1057,2360428.6042
300803.SZ,2023-01-18,57.87,58.8,56.9,57.12,58.0,-0.88,-1.5172,103966.37,599684.983,2.6552,0.87,131.933,13.8916,2324615.2047
300803.SZ,2023-01-19,56.84,58.23,56.76,57.86,57.12,0.74,1.2955,83721.35,482302.521,2.1382,0.65,133.6422,14.0716,2354731.0179
300803.SZ,2023-01-20,58.43,59.0,56.5,58.36,57.86,0.5,0.8642,85470.53,494492.277,2.1829,0.65,134.7971,14.1932,2375079.5404
300803.SZ,2023-01-30,60.1,60.48,57.5,57.88,58.36,-0.48,-0.8225,106903.5,627824.686,2.7302,0.83,133.6884,14.0765,2355544.9588
300803.SZ,2023-01-31,58.11,61.23,58.11,58.5,57.88,0.62,1.0712,108900.51,645566.319,2.7812,1.06,135.1204,14.2273,2380777.1267
300803.SZ,2023-02-01,58.0,60.5,58.0,60.32,58.5,1.82,3.1111,88195.34,522720.238,2.2524,0.9,139.3242,14.6699,2454845.7484
300803.SZ,2023-02-02,60.66,60.66,57.23,57.47,60.32,-2.85,-4.7248,131819.45,768940.401,3.3666,1.39,132.7414,13.9768,2338859.1704
300803.SZ,2023-02-03,56.88,57.96,56.51,57.3,57.47,-0.17,-0.2958,78037.77,447310.289,1.993,0.75,132.3487,13.9354,2331940.6728
300803.SZ,2023-02-06,56.48,57.1,55.2,55.87,57.3,-1.43,-2.4956,79287.1,444301.3,2.0249,0.77,129.0458,13.5876,2273743.8986
300803.SZ,2023-02-07,55.87,57.06,55.11,55.85,55.87,-0.02,-0.0358,88128.48,492795.839,2.2507,0.91,128.9996,13.5828,2272929.9577
300803.SZ,2023-02-08,55.85,55.85,53.5,53.6,55.85,-2.25,-4.0286,79597.74,431156.664,2.0329,0.86,123.8026,13.0356,2181361.6066
300803.SZ,2023-02-09,53.46,54.0,52.85,53.8,53.6,0.2,0.3731,87954.38,470209.566,2.2463,0.96,124.2646,13.0842,2189501.0156
300803.SZ,2023-02-10,53.29,53.76,52.16,52.63,53.8,-1.17,-2.1747,76341.0,403285.665,1.9497,0.92,121.5622,12.7997,2141885.4731
300803.SZ,2023-02-13,52.58,54.07,52.31,53.6,52.63,0.97,1.8431,75678.63,404530.412,1.9328,0.92,123.8026,13.0356,2181361.6066
300803.SZ,2023-02-14,53.85,54.0,52.9,53.72,53.6,0.12,0.2239,65505.26,349847.307,1.673,0.8,124.0798,13.0648,2186245.252
300803.SZ,2023-02-15,53.75,55.13,53.51,53.98,53.72,0.26,0.484,95878.34,519117.863,2.4487,1.24,124.6803,13.128,2196826.4837
300803.SZ,2023-02-16,53.8,55.15,52.18,52.7,53.98,-1.28,-2.3712,123389.54,665055.674,3.1513,1.54,121.7239,12.8167,2144734.2662
300803.SZ,2023-02-17,52.36,52.87,50.7,50.75,52.7,-1.95,-3.7002,83295.88,429822.642,2.1273,0.95,117.2199,12.3425,2065375.0287
300803.SZ,2023-02-20,51.81,53.0,50.66,52.65,50.75,1.9,3.7438,101401.33,525997.832,2.5897,1.14,121.6084,12.8045,2142699.414
300803.SZ,2023-02-21,52.5,52.71,51.4,51.97,52.65,-0.68,-1.2915,57598.66,299735.375,1.471,0.61,120.0377,12.6392,2115025.4235
300803.SZ,2023-02-22,51.4,52.38,51.0,51.3,51.97,-0.67,-1.2892,48451.04,249868.33,1.2374,0.52,118.4902,12.4762,2087758.4034
300803.SZ,2023-02-23,51.01,52.56,51.01,51.8,51.3,0.5,0.9747,73068.02,379492.558,1.8661,0.88,119.6451,12.5978,2108106.9258
300803.SZ,2023-02-24,51.78,52.0,50.89,51.12,51.8,-0.68,-1.3127,44709.23,228693.186,1.1418,0.61,118.0745,12.4324,2080432.9353
300803.SZ,2023-02-27,50.58,51.29,50.2,50.47,51.12,-0.65,-1.2715,44482.51,225033.37,1.1361,0.68,116.5731,12.2744,2053979.8561
300803.SZ,2023-02-28,51.0,51.28,50.35,50.98,50.47,0.51,1.0105,42380.54,215320.579,1.0824,0.79,117.7511,12.3984,2074735.349
300803.SZ,2023-03-01,51.03,52.34,50.71,52.26,50.98,1.28,2.5108,88170.19,456241.906,2.2518,1.74,120.7076,12.7097,2126827.5665
300803.SZ,2023-03-02,51.99,52.26,51.18,51.7,52.26,-0.56,-1.0716,55977.98,289209.279,1.4296,0.96,119.4141,12.5735,2104037.2213
300803.SZ,2023-03-03,51.71,52.2,51.04,51.9,51.7,0.2,0.3868,66379.41,343206.31,1.6953,1.2,119.8761,12.6221,2112176.6303
300803.SZ,2023-03-06,51.9,51.95,49.92,50.18,51.9,-1.72,-3.3141,78281.0,394493.241,1.9992,1.32,115.9033,12.2038,2042177.7131
300803.SZ,2023-03-07,50.08,50.33,48.78,48.8,50.18,-1.38,-2.7501,63779.5,315620.757,1.6289,0.96,112.7158,11.8682,1986015.7911
300803.SZ,2023-03-08,48.7,49.2,48.2,49.07,48.8,0.27,0.5533,34043.9,166497.472,0.8695,0.48,113.3395,11.9339,1997003.9932
300803.SZ,2023-03-09,49.12,49.49,48.61,49.31,49.07,0.24,0.4891,34276.66,168300.254,0.8754,0.57,113.8938,11.9922,2006771.284
300803.SZ,2023-03-10,48.67,49.6,48.6,48.98,49.31,-0.33,-0.6692,37702.73,184675.645,0.9629,0.68,113.1316,11.912,1993341.2592
300803.SZ,2023-03-13,48.75,50.07,48.71,49.73,48.98,0.75,1.5312,63359.77,314029.494,1.6182,1.28,114.8639,11.8594,2023864.0429
300803.SZ,2023-03-14,49.5,49.6,47.43,48.18,49.73,-1.55,-3.1168,76131.7,366764.219,1.9443,1.63,111.2838,11.4898,1960783.6233
300803.SZ,2023-03-15,48.95,49.33,47.91,48.09,48.18,-0.09,-0.1868,53513.36,260100.321,1.3667,1.09,111.0759,11.4683,1957120.8892
300803.SZ,2023-03-16,47.62,48.35,47.51,47.77,48.09,-0.32,-0.6654,36405.72,174562.209,0.9298,0.69,110.3368,11.392,1944097.8349
300803.SZ,2023-03-17,48.35,49.94,48.0,49.5,47.77,1.73,3.6215,99276.91,489720.889,2.5355,1.86,114.3327,11.8046,2014503.7226
300803.SZ,2023-03-20,49.6,49.97,48.81,49.4,49.5,-0.1,-0.202,65862.09,325317.488,1.6821,1.0,114.1017,11.7807,2010434.0181
300803.SZ,2023-03-21,49.3,53.85,49.2,53.07,49.4,3.67,7.4291,154129.3,801174.197,3.9364,2.33,122.5785,12.6559,2159792.1728
300803.SZ,2023-03-22,53.5,53.66,51.31,51.8,53.07,-1.27,-2.3931,104405.11,543722.95,2.6664,1.28,119.6451,12.3531,2108106.9258
300803.SZ,2023-03-23,51.32,55.15,51.2,54.48,51.8,2.68,5.1737,194143.02,1036253.366,4.9583,2.11,125.8352,12.9922,2217175.0062
300803.SZ,2023-03-24,54.49,56.61,53.59,54.58,54.48,0.1,0.1836,160300.8,881513.457,4.094,1.3,126.0662,13.016,2221244.7106
300803.SZ,2023-03-27,54.31,57.77,54.09,55.8,54.58,1.22,2.2353,200797.3,1120361.822,5.1282,1.48,128.8841,13.307,2270895.1054
300803.SZ,2023-03-28,54.5,55.23,52.59,52.91,55.8,-2.89,-5.1792,156313.17,839425.319,3.9921,0.96,122.2089,12.6178,2153280.6457
300803.SZ,2023-03-29,53.0,53.65,52.45,52.71,52.91,-0.2,-0.378,77664.55,411650.992,1.9835,0.48,121.747,12.5701,2145141.2367
300803.SZ,2023-03-30,52.63,52.7,51.02,52.0,52.71,-0.71,-1.347,75624.98,392509.503,1.9314,0.48,120.107,12.4008,2116246.3348
300803.SZ,2023-03-31,52.21,53.32,51.32,53.04,52.0,1.04,2.0,85588.76,450223.792,2.1859,0.64,122.5092,12.6488,2158571.2615
300803.SZ,2023-04-03,52.15,60.96,52.08,60.0,53.04,6.96,13.1222,299134.31,1710972.089,7.6397,2.51,138.585,14.3086,2441822.694
300803.SZ,2023-04-04,59.0,61.98,58.9,60.41,60.0,0.41,0.6833,239700.67,1445590.205,6.1218,1.73,139.532,14.4064,2458508.4824
300803.SZ,2023-04-06,60.0,60.41,57.4,57.9,60.41,-2.51,-4.1549,141796.45,832414.983,3.6214,0.91,133.7346,13.8078,2356358.8997
300803.SZ,2023-04-07,58.18,59.28,57.16,58.15,57.9,0.25,0.4318,125993.49,733845.478,3.2178,0.75,134.312,13.8674,2366533.1609
300803.SZ,2023-04-10,58.88,59.2,54.72,54.91,58.15,-3.24,-5.5718,150321.6,844478.09,3.8391,0.84,126.8284,13.0947,2234674.7355
300803.SZ,2023-04-11,55.37,56.5,54.33,55.18,54.91,0.27,0.4917,105380.91,583367.747,2.6914,0.55,127.452,13.1591,2245662.9376
300803.SZ,2023-04-12,56.0,59.3,55.83,58.03,55.18,2.85,5.1649,147342.03,844849.303,3.763,0.97,134.0348,13.8388,2361649.5155
300803.SZ,2023-04-13,57.0,58.18,56.37,56.99,58.03,-1.04,-1.7922,102087.58,583284.361,2.6072,0.76,131.6327,13.5908,2319324.5889
300803.SZ,2023-04-14,56.99,57.9,56.2,57.09,56.99,0.1,0.1755,85718.05,489250.464,2.1892,0.68,131.8637,13.6146,2323394.2933
300803.SZ,2023-04-17,57.19,58.19,55.6,56.96,57.09,-0.13,-0.2277,116138.27,664138.965,2.9661,0.98,131.5634,13.5836,2318103.6775
300803.SZ,2023-04-18,56.19,57.18,54.9,55.41,56.96,-1.55,-2.7212,102321.28,570281.455,2.6132,0.92,127.9833,13.214,2255023.2579
300803.SZ,2023-04-19,55.11,55.78,54.18,54.4,55.41,-1.01,-1.8228,73201.61,400995.064,1.8695,0.66,125.6504,12.9731,2213919.2426
300803.SZ,2023-04-20,54.51,55.49,53.56,55.1,54.4,0.7,1.2868,97209.04,532472.317,2.4826,1.01,127.2673,13.14,2242407.174
300803.SZ,2023-04-21,55.26,55.26,51.39,51.39,55.1,-3.71,-6.7332,107582.25,568256.916,2.7476,1.13,118.6981,12.2553,2091421.1374
300803.SZ,2023-04-24,51.08,53.0,50.2,50.46,51.39,-0.93,-1.8097,89534.56,458389.918,2.2866,0.9,116.55,12.0335,2053572.8857
300803.SZ,2023-04-25,50.45,52.12,49.71,51.0,50.46,0.54,1.0702,93951.47,476136.606,2.3379,1.0,61.3373,11.7388,2075669.6499
300803.SZ,2023-04-26,50.99,51.06,47.4,47.63,51.0,-3.37,-6.6078,129074.76,628459.469,3.2119,1.4,57.2842,10.9631,1938512.6554
300803.SZ,2023-04-27,47.0,48.5,46.99,47.38,47.63,-0.25,-0.5249,66911.15,319283.963,1.665,0.65,56.9835,10.9056,1928337.8042
300803.SZ,2023-04-28,47.89,50.6,47.85,49.72,47.38,2.34,4.9388,96446.96,477125.872,2.4,0.99,59.7978,11.4442,2023574.4116
300803.SZ,2023-05-04,49.02,49.81,48.0,48.34,49.72,-1.38,-2.7755,69907.75,339347.118,1.7396,0.73,58.1381,11.1266,1967409.2329
300803.SZ,2023-05-05,48.33,50.75,48.08,48.5,48.34,0.16,0.331,97932.87,484009.604,2.4369,1.07,58.3305,11.1634,1973921.1377
300803.SZ,2023-05-08,48.69,50.6,47.51,49.91,48.5,1.41,2.9072,96119.18,474969.996,2.3918,1.04,60.0263,11.4879,2031307.2986
300803.SZ,2023-05-09,49.71,54.79,49.71,51.99,49.91,2.08,4.1675,196200.97,1034701.175,4.8822,2.3,62.5279,11.9667,2115962.0608
300803.SZ,2023-05-10,51.64,52.18,49.98,50.81,51.99,-1.18,-2.2697,102152.89,520630.633,2.5419,0.92,61.1087,11.6951,2067936.763
300803.SZ,2023-05-11,51.27,51.5,49.84,49.9,50.81,-0.91,-1.791,52903.64,267268.583,1.3164,0.47,60.0143,11.4856,2030900.3045
300803.SZ,2023-05-12,49.72,50.51,49.31,49.4,49.9,-0.5,-1.002,57485.52,286547.851,1.4304,0.53,59.4129,11.3705,2010550.6021
300803.SZ,2023-05-15,49.51,50.88,48.3,50.36,49.4,0.96,1.9433,65143.66,321855.542,1.621,0.65,60.5675,11.5915,2049622.0308
300803.SZ,2023-05-16,50.3,50.76,48.8,49.06,50.36,-1.3,-2.5814,43219.58,214685.702,1.0755,0.46,59.004,11.2923,1996712.8044
300803.SZ,2023-05-17,49.06,49.58,48.66,49.01,49.06,-0.05,-0.1019,29865.39,146527.485,0.7432,0.47,58.9439,11.2808,1994677.8341
300803.SZ,2023-05-18,49.0,49.8,48.77,49.57,49.01,0.56,1.1426,47568.57,234867.011,1.1837,0.96,59.6174,11.4097,2017469.5009
300803.SZ,2023-05-19,49.11,49.86,48.7,49.84,49.57,0.27,0.5447,42830.06,211302.126,1.0658,0.88,59.9421,11.4718,2028458.3402
300803.SZ,2023-05-22,49.51,49.83,48.77,48.91,49.84,-0.93,-1.866,37137.4,182467.077,0.9241,0.81,58.8236,11.2578,1990607.8937
300803.SZ,2023-05-23,49.16,49.16,46.83,47.03,48.91,-1.88,-3.8438,66634.03,317251.371,1.6581,1.66,56.5626,10.825,1914093.0124
300803.SZ,2023-05-24,46.88,47.09,46.05,46.06,47.03,-0.97,-2.0625,46493.93,216416.358,1.1569,1.04,55.396,10.6018,1874614.5897
300803.SZ,2023-05-25,46.35,46.78,45.8,46.62,46.06,0.56,1.2158,42833.3,198631.728,1.0658,0.89,56.0695,10.7307,1897406.2564
300803.SZ,2023-05-26,46.8,48.0,46.17,47.43,46.62,0.81,1.7375,39800.28,187881.761,0.9904,0.84,57.0436,10.9171,1930372.7744
300803.SZ,2023-05-29,47.52,48.28,46.84,46.99,47.43,-0.44,-0.9277,33229.71,157525.072,0.8269,0.71,56.5145,10.8158,1912465.0363
300803.SZ,2023-05-30,47.0,48.24,46.5,48.24,46.99,1.25,2.6601,42030.56,199008.134,1.0459,0.92,58.0178,11.1035,1963339.2924
300803.SZ,2023-05-31,48.38,48.69,47.7,48.46,48.24,0.22,0.4561,39256.72,189505.849,0.9769,0.96,58.2824,11.1542,1972293.1615
300803.SZ,2023-06-01,48.44,50.46,48.08,49.7,48.46,1.24,2.5588,65133.86,324000.205,1.6208,1.65,59.7738,11.4396,2022760.4235
300803.SZ,2023-06-02,49.81,50.34,49.22,49.39,49.7,-0.31,-0.6237,40799.88,202217.705,1.0153,0.93,59.4009,11.3682,2010143.608
300803.SZ,2023-06-05,49.5,50.1,49.12,49.69,49.39,0.3,0.6074,33039.54,164016.128,0.8221,0.75,59.7618,11.4372,2022357.1562
300803.SZ,2023-06-06,49.31,50.18,48.0,48.35,49.69,-1.34,-2.6967,47450.37,233003.601,1.1807,1.08,58.1502,11.1288,1967819.8532
300803.SZ,2023-06-07,48.41,50.45,48.25,49.66,48.35,1.31,2.7094,58879.84,292895.583,1.4651,1.3,59.7258,11.4303,2021136.1718
300803.SZ,2023-06-08,49.51,51.84,49.5,51.0,49.66,1.34,2.6983,75055.39,380297.871,1.8676,1.53,61.3374,11.7388,2075673.4749
300803.SZ,2023-06-09,50.8,52.52,50.1,50.92,51.0,-0.08,-0.1569,80013.94,408889.938,1.991,1.57,61.2412,11.7203,2072417.5165
300803.SZ,2023-06-12,51.0,52.29,50.92,51.38,50.92,0.46,0.9034,49751.84,257474.473,1.238,0.84,61.7944,11.8262,2091139.2773
300803.SZ,2023-06-13,51.24,53.49,51.14,52.77,51.38,1.39,2.7053,54045.06,285033.262,1.3448,0.87,63.4661,12.1462,2147711.5543
300803.SZ,2023-06-14,52.78,53.36,52.35,52.7,52.77,-0.07,-0.1327,44258.47,234045.488,1.1013,0.7,63.3819,12.13,2144862.5907
300803.SZ,2023-06-15,52.5,53.11,51.59,51.98,52.7,-0.72,-1.3662,55057.18,287065.189,1.37,0.91,62.516,11.9643,2115558.9652
300803.SZ,2023-06-16,52.27,52.66,51.51,52.36,51.98,0.38,0.7311,54171.74,282564.598,1.3468,0.96,62.973,12.0518,2131024.7676
300803.SZ,2023-06-19,52.45,54.49,52.45,53.74,52.36,1.38,2.6356,84669.61,454142.302,2.0984,1.65,64.8362,12.1285,2194074.1438
300803.SZ,2023-06-20,53.11,53.7,52.3,52.86,53.74,-0.88,-1.6375,58874.9,311536.156,1.4591,1.01,63.7745,11.9299,2158145.8735
300803.SZ,2023-06-21,52.52,52.86,51.06,51.4,52.86,-1.46,-2.762,58336.07,301870.577,1.4458,0.98,62.013,11.6004,2098537.6069
300803.SZ,2023-06-26,50.3,50.66,48.9,49.08,51.4,-2.32,-4.5136,60241.23,298877.863,1.493,0.97,59.214,11.0768,2003817.6215
300803.SZ,2023-06-27,49.23,49.75,48.92,48.98,49.08,-0.1,-0.2037,36456.55,179507.552,0.9035,0.58,59.0933,11.0542,1999734.8635
300803.SZ,2023-06-28,48.9,48.93,47.22,47.89,48.98,-1.09,-2.2254,44551.07,212863.633,1.1041,0.75,57.7783,10.8082,1955232.8014
300803.SZ,2023-06-29,47.69,48.59,47.6,48.3,47.89,0.41,0.8561,34536.62,166106.424,0.8559,0.67,58.2729,10.9008,1971972.1092
300803.SZ,2023-06-30,48.0,49.22,47.61,48.59,48.3,0.29,0.6004,41265.26,199998.631,1.0227,0.88,58.6228,10.9662,1983812.1073
300803.SZ,2023-07-03,48.6,49.66,47.5,49.08,48.59,0.49,1.0084,54005.68,262605.507,1.3384,1.24,59.214,11.0768,2003817.6215
300803.SZ,2023-07-04,48.83,49.35,48.39,48.67,49.08,-0.41,-0.8354,25733.08,125523.539,0.6377,0.61,58.7193,10.9843,1987078.3137
300803.SZ,2023-07-05,48.48,48.78,48.22,48.33,48.67,-0.34,-0.6986,17668.79,85495.12,0.4379,0.44,58.3091,10.9075,1973196.9366
300803.SZ,2023-07-06,48.45,48.58,47.58,47.77,48.33,-0.56,-1.1587,26315.15,126137.536,0.6522,0.76,57.6335,10.7811,1950333.4918
300803.SZ,2023-07-07,47.5,48.68,46.61,48.27,47.77,0.5,1.0467,29647.95,141457.499,0.7348,0.9,58.2367,10.894,1970747.2818
300803.SZ,2023-07-10,48.2,48.69,47.23,47.88,48.27,-0.39,-0.808,29861.3,142973.603,0.7401,0.97,57.7662,10.806,1954824.5256
300803.SZ,2023-07-11,47.78,48.19,47.58,48.02,47.88,0.14,0.2924,18454.06,88431.049,0.4574,0.71,57.9351,10.8376,1960540.3868
300803.SZ,2023-07-12,47.88,48.79,47.32,47.39,48.02,-0.63,-1.312,27575.91,132197.137,0.6834,1.13,57.175,10.6954,1934819.0115
300803.SZ,2023-07-13,47.5,49.33,47.44,48.32,47.39,0.93,1.9624,40419.99,196302.474,1.0017,1.53,58.2971,10.9053,1972788.6608
300803.SZ,2023-07-14,48.01,48.78,48.0,48.1,48.32,-0.22,-0.4553,25191.18,121739.422,0.6243,0.86,58.0316,10.8556,1963806.5932
300803.SZ,2023-07-17,48.0,48.27,47.48,47.94,48.1,-0.16,-0.3326,21160.0,101250.629,0.5244,0.75,57.8386,10.8195,1957274.1804
300803.SZ,2023-07-18,47.88,48.19,47.44,47.6,47.94,-0.34,-0.7092,15299.4,73053.466,0.3792,0.58,57.4284,10.7428,1943392.8032
300803.SZ,2023-07-19,47.6,48.8,47.5,48.41,47.6,0.81,1.7017,32543.29,157280.73,0.8065,1.26,58.4056,10.9256,1976463.143
300803.SZ,2023-07-20,48.63,49.0,47.44,47.54,48.41,-0.87,-1.7971,37109.11,178034.324,0.9197,1.38,57.356,10.7292,1940943.1484
300803.SZ,2023-07-21,47.57,47.72,46.93,47.01,47.54,-0.53,-1.1149,23509.86,111240.151,0.5826,0.9,56.7166,10.6096,1919304.5311
300803.SZ,2023-07-24,46.76,47.13,45.7,45.87,47.01,-1.14,-2.425,33807.68,156664.071,0.8379,1.3,55.3412,10.3523,1872761.09
300803.SZ,2023-07-25,48.63,51.78,48.01,50.82,45.87,4.95,10.7914,179900.08,897582.301,4.4585,6.32,61.3133,11.4695,2074857.6105
300803.SZ,2023-07-26,50.81,50.98,48.34,48.82,50.82,-2.0,-3.9355,102965.93,506319.144,2.5518,1.68,58.9003,11.0181,1993202.4507
300803.SZ,2023-07-27,48.39,49.98,47.98,48.57,48.82,-0.25,-0.5121,57381.64,280477.623,1.4221,0.76,58.5987,10.9617,1982995.5557
300803.SZ,2023-07-28,48.89,58.28,48.52,58.28,48.57,9.71,19.9918,333723.03,1819834.796,8.2707,4.2,70.3136,13.1531,2379431.3566
300803.SZ,2023-07-31,59.6,62.27,56.91,57.0,58.28,-1.28,-2.1963,459983.43,2732986.388,11.3999,3.25,68.7693,12.8642,2327172.0543
300803.SZ,2023-08-01,55.27,58.2,54.01,55.8,57.0,-1.2,-2.1053,302948.09,1701732.562,7.508,1.34,67.3215,12.5934,2278178.9584
300803.SZ,2023-08-02,55.88,58.5,55.5,57.0,55.8,1.2,2.1505,272904.2,1564214.771,6.7634,1.09,68.7693,12.8642,2327172.0543
300803.SZ,2023-08-03,58.45,65.5,56.65,62.99,57.0,5.99,10.5088,419933.51,2545736.677,10.4073,1.47,75.9961,14.2161,2571729.2579
300803.SZ,2023-08-04,66.89,75.59,64.01,68.99,62.99,6.0,9.5253,683588.84,4774427.97,16.9415,1.91,83.235,15.5703,2816694.7373
300803.SZ,2023-08-07,69.68,74.5,68.31,73.6,68.99,4.61,6.6821,528266.59,3772038.782,13.0843,1.23,88.8497,16.5419,3006698.7286
300803.SZ,2023-08-08,70.01,72.8,67.06,69.29,73.6,-4.31,-5.856,438512.56,3070275.475,10.8612,0.99,83.6467,15.5732,2830627.1047
300803.SZ,2023-08-09,70.02,72.78,69.01,70.92,69.29,1.63,2.3524,385000.14,2731010.391,9.5358,0.82,85.6144,15.9396,2897215.6771
300803.SZ,2023-08-10,69.88,81.75,69.69,79.72,70.92,8.8,12.4083,530642.91,3968435.725,13.1431,1.08,96.2378,17.9174,3256712.2642
300803.SZ,2023-08-11,76.01,78.74,73.19,74.01,79.72,-5.71,-7.1626,508176.99,3840445.98,12.5867,0.99,89.3447,16.6341,3023448.0014
300803.SZ,2023-08-14,71.02,77.3,70.0,70.0,74.01,-4.01,-5.4182,506658.2,3705836.885,12.5491,1.06,84.5038,15.7328,2859631.943
300803.SZ,2023-08-15,67.04,74.98,67.04,74.67,70.0,4.67,6.6714,456208.36,3235614.342,11.2995,0.96,90.1414,16.7824,3050410.2455
300803.SZ,2023-08-16,72.0,78.6,71.03,72.2,74.67,-2.47,-3.3079,475015.08,3509034.079,11.7653,1.0,87.1596,16.2273,2949506.0898
300803.SZ,2023-08-17,71.0,72.84,68.2,69.54,72.2,-2.66,-3.6842,384706.94,2712670.861,9.5285,0.78,83.9485,15.6294,2840840.0759
300803.SZ,2023-08-18,70.08,71.68,67.59,67.65,69.54,-1.89,-2.7179,283917.02,1964978.797,7.0321,0.61,81.6669,15.2046,2763630.0135
300803.SZ,2023-08-21,67.07,69.45,66.53,67.93,67.65,0.28,0.4139,265394.55,1800765.683,6.5734,0.63,82.0049,15.2676,2775068.5413
300803.SZ,2023-08-22,67.1,72.51,66.74,70.95,67.93,3.02,4.4458,427367.9,3003803.753,10.5852,1.15,85.6506,15.9463,2898441.2337
300803.SZ,2023-08-23,68.8,70.7,67.22,67.6,70.95,-3.35,-4.7216,313987.03,2158361.597,7.7769,0.85,81.6065,15.1934,2761587.4192
300803.SZ,2023-08-24,67.63,73.66,67.63,70.77,67.6,3.17,4.6893,412137.76,2912653.508,10.2079,1.23,85.4333,15.9059,2891087.8944
300803.SZ,2023-08-25,70.11,73.73,70.1,72.86,70.77,2.09,2.9532,392557.27,2844078.193,9.723,1.15,87.9564,16.3756,2976468.3338
300803.SZ,2023-08-28,87.43,87.43,73.16,73.21,72.86,0.35,0.4804,791034.38,6535704.944,19.5926,2.18,88.3789,16.4543,2990766.4935
300803.SZ,2023-08-29,68.0,73.79,67.68,70.57,73.21,-2.64,-3.6061,561147.04,3944133.319,13.8987,1.2,85.1919,16.1399,2882917.5174
300803.SZ,2023-08-30,69.0,69.1,64.01,64.58,70.57,-5.99,-8.488,450732.89,2951053.486,11.1639,0.91,77.9608,14.77,2638214.7268
300803.SZ,2023-08-31,65.06,65.6,62.95,62.95,64.58,-1.63,-2.524,230673.77,1475477.221,5.7134,0.44,75.9931,14.3972,2571626.1545
300803.SZ,2023-09-01,63.6,65.09,62.31,62.46,62.95,-0.49,-0.7784,208064.28,1324577.941,5.1534,0.43,75.4015,14.2851,2551608.7309
300803.SZ,2023-09-04,62.5,63.5,61.0,62.33,62.46,-0.13,-0.2081,204143.57,1271376.428,5.0563,0.46,75.2446,14.2554,2546297.9858
300803.SZ,2023-09-05,61.7,62.08,60.56,60.84,62.33,-1.49,-2.3905,178325.64,1088332.171,4.4168,0.54,73.4459,13.9146,2485428.6773
300803.SZ,2023-09-06,60.23,60.73,58.79,59.01,60.84,-1.83,-3.0079,197686.54,1176582.355,4.8964,0.78,71.2367,13.4961,2410669.7279
300803.SZ,2023-09-07,59.1,60.59,58.68,59.83,59.01,0.82,1.3896,252188.92,1508828.058,6.2463,1.24,72.2266,13.6836,2444168.2736
300803.SZ,2023-09-08,59.0,63.48,58.51,62.3,59.83,2.47,4.1284,284315.5,1740717.432,7.042,1.37,75.2084,14.2485,2545072.4293
300803.SZ,2023-09-11,62.1,65.21,60.25,63.89,62.3,1.59,2.5522,310653.06,1956839.434,7.6943,1.39,77.1278,14.6121,2610026.9263
300803.SZ,2023-09-12,62.88,63.62,62.11,62.3,63.89,-1.59,-2.4887,150508.92,943998.056,3.7278,0.62,75.2084,14.2485,2545072.4293
300803.SZ,2023-09-13,62.11,62.3,60.08,61.43,62.3,-0.87,-1.3965,139890.9,855519.159,3.4649,0.59,74.1581,14.0495,2509531.2894
300803.SZ,2023-09-14,61.8,63.24,60.88,62.33,61.43,0.9,1.4651,172537.8,1073974.206,4.2735,0.76,75.2446,14.2554,2546297.9858
300803.SZ,2023-09-15,62.1,63.28,60.8,61.2,62.33,-1.13,-1.8129,153800.41,950728.922,3.8094,0.73,73.8805,13.9969,2500135.3559
300803.SZ,2023-09-18,60.51,61.9,60.38,61.37,61.2,0.17,0.2778,120488.69,738256.632,2.9843,0.65,74.0857,14.0358,2507080.1763
300803.SZ,2023-09-19,61.37,62.25,60.6,61.17,61.37,-0.2,-0.3259,92539.92,568411.462,2.2921,0.63,73.8443,13.9901,2498909.7993
300803.SZ,2023-09-20,60.6,61.68,60.33,60.59,61.17,-0.58,-0.9482,88029.88,536973.205,2.1803,0.65,73.1441,13.8574,2475215.7061
300803.SZ,2023-09-21,60.0,61.46,59.91,60.68,60.59,0.09,0.1485,83913.92,510792.636,2.0784,0.67,73.2527,13.878,2478892.3757
300803.SZ,2023-09-22,61.77,66.29,61.61,65.97,60.68,5.29,8.7179,307253.22,1968263.164,7.6101,2.85,79.6388,15.0879,2694998.8469
300803.SZ,2023-09-25,63.7,64.0,61.56,61.68,65.97,-4.29,-6.503,202990.78,1266836.479,5.0277,1.47,74.4599,14.1067,2519744.2606
300803.SZ,2023-09-26,61.66,63.17,61.5,62.48,61.68,0.8,1.297,116770.33,728447.74,2.8922,0.75,75.4257,14.2897,2552425.7686
300803.SZ,2023-09-27,62.5,64.5,62.29,63.89,62.48,1.41,2.2567,139251.29,885519.653,3.449,0.87,77.1278,14.6121,2610026.9263
300803.SZ,2023-09-28,64.47,64.65,61.89,62.11,63.89,-1.78,-2.786,131674.25,824783.593,3.2613,0.77,74.979,14.205,2537310.5711
300803.SZ,2023-10-09,60.4,60.4,55.84,59.63,62.11,-2.48,-3.9929,141453.52,828283.724,3.5036,0.79,71.9852,13.6379,2435997.8966
300803.SZ,2023-10-10,59.6,60.8,59.41,59.49,59.63,-0.14,-0.2348,79337.29,475927.422,1.965,0.54,71.8162,13.6058,2430278.6327
300803.SZ,2023-10-11,59.59,61.26,59.3,59.63,59.49,0.14,0.2353,78197.25,469846.33,1.9368,0.64,71.9852,13.6379,2435997.8966
300803.SZ,2023-10-12,61.69,62.83,59.51,60.0,59.63,0.37,0.6205,134293.37,818694.367,3.3262,1.18,72.4318,13.7225,2451113.094
300803.SZ,2023-10-13,58.56,60.36,57.67,59.23,60.0,-0.77,-1.2833,92166.25,545351.344,2.2828,0.82,71.5023,13.5464,2419657.1426
300803.SZ,2023-10-16,58.93,60.08,58.0,58.35,59.23,-0.88,-1.4857,94536.11,554993.58,2.3415,0.9,70.44,13.3451,2383707.4839
300803.SZ,2023-10-17,58.54,61.0,58.15,59.37,58.35,1.02,1.7481,152783.93,912267.826,3.7842,1.6,71.6713,13.5784,2425376.4065
300803.SZ,2023-10-18,58.31,60.15,57.72,59.0,59.37,-0.37,-0.6232,116169.99,688113.163,2.8773,1.05,71.2246,13.4938,2410261.2091
300803.SZ,2023-10-19,58.89,62.45,58.5,60.59,59.0,1.59,2.6949,194676.56,1189591.943,4.8218,1.65,73.1441,13.8574,2475215.7061
300803.SZ,2023-10-20,59.98,63.8,59.8,61.96,60.59,1.37,2.2611,169810.29,1053474.657,4.2059,1.31,74.7979,14.1707,2531182.7884
300803.SZ,2023-10-23,60.78,60.78,57.32,59.59,61.96,-2.37,-3.825,158105.33,929287.109,3.916,1.09,71.9369,13.6287,2434363.8212
300803.SZ,2023-10-24,60.0,64.44,57.65,62.98,59.59,3.39,5.6889,275523.86,1690316.317,6.8243,1.74,76.0293,14.404,2572851.711
300803.SZ,2023-10-25,62.91,62.95,59.5,59.5,62.98,-3.48,-5.5256,226937.26,1387486.8,5.6208,1.24,71.8282,13.6081,2430687.1516
300803.SZ,2023-10-26,57.1,59.46,57.06,58.37,59.5,-1.13,-1.8992,129922.58,758639.035,3.2151,0.63,70.5262,13.643,2386624.3824
300803.SZ,2023-10-27,58.25,58.63,56.78,58.08,58.37,-0.29,-0.4968,138900.13,800917.428,3.4373,0.72,70.1758,13.5752,2374766.903
300803.SZ,2023-10-30,57.51,59.48,57.4,58.86,58.08,0.78,1.343,88275.53,516326.39,2.1845,0.47,71.1182,13.7575,2406659.4337
300803.SZ,2023-10-31,58.79,60.1,58.38,58.86,58.86,0.0,0.0,88564.77,525129.214,2.1916,0.52,71.1182,13.7575,2406659.4337
300803.SZ,2023-11-01,59.8,59.99,56.35,56.6,58.86,-2.26,-3.8396,123142.88,710951.912,3.0473,0.92,68.3875,13.2293,2314252.8703
300803.SZ,2023-11-02,56.2,57.47,54.9,54.93,56.6,-1.67,-2.9505,107762.48,602287.471,2.6667,0.95,66.3697,12.8389,2245970.1443
300803.SZ,2023-11-03,55.29,56.64,55.0,55.8,54.93,0.87,1.5838,76596.39,427298.953,1.8955,0.7,67.4209,13.0423,2281542.5824
300803.SZ,2023-11-06,57.43,59.95,56.62,59.1,55.8,3.3,5.914,181556.35,1060182.094,4.4928,1.87,71.4082,13.8136,2416472.5201
300803.SZ,2023-11-07,58.16,59.49,58.05,59.12,59.1,0.02,0.0338,115251.26,677734.657,2.852,1.0,71.4323,13.8183,2417290.2773
300803.SZ,2023-11-08,58.86,59.56,57.9,58.43,59.12,-0.69,-1.1671,103644.23,607898.429,2.5648,0.86,70.5986,13.657,2389077.654
300803.SZ,2023-11-09,57.95,58.82,57.81,57.95,58.43,-0.48,-0.8215,62902.89,365987.229,1.5566,0.54,70.0187,13.5448,2369451.4812
300803.SZ,2023-11-10,57.84,59.28,57.71,58.12,57.95,0.17,0.2934,89021.31,520281.475,2.2029,0.82,70.2241,13.5845,2376402.4174
300803.SZ,2023-11-13,57.84,58.18,56.86,57.09,58.12,-1.03,-1.7722,90883.89,522185.258,2.249,0.82,68.9796,13.3438,2334287.9217
300803.SZ,2023-11-14,57.0,59.43,56.81,58.32,57.09,1.23,2.1545,122183.67,710141.202,3.0236,1.32,70.4657,13.6313,2384579.9894
300803.SZ,2023-11-15,59.9,64.29,59.9,60.76,58.32,2.44,4.1838,277370.44,1716597.548,6.8639,2.96,73.4139,14.2016,2484346.3675
300803.SZ,2023-11-16,60.3,61.95,59.87,59.91,60.76,-0.85,-1.3989,122045.58,741542.709,3.0202,0.95,72.3869,14.0029,2449591.6866
300803.SZ,2023-11-17,59.78,60.98,59.42,60.5,59.91,0.59,0.9848,105300.75,633639.47,2.6058,0.75,73.0997,14.1408,2473715.524
300803.SZ,2023-11-20,60.49,61.35,58.74,60.89,60.5,0.39,0.6446,120011.68,721768.983,2.9698,0.84,73.571,14.232,2489661.7893
300803.SZ,2023-11-21,61.36,62.4,60.59,60.66,60.89,-0.23,-0.3777,124942.48,769226.687,3.0919,0.84,73.2931,14.1782,2480257.5815
300803.SZ,2023-11-22,59.8,61.19,59.5,59.57,60.66,-1.09,-1.7969,71884.74,432856.577,1.7789,0.48,71.9761,13.9235,2435689.8142
300803.SZ,2023-11-23,59.5,59.9,58.46,59.35,59.57,-0.22,-0.3693,76835.0,452852.458,1.9014,0.71,71.7102,13.872,2426694.4851
300803.SZ,2023-11-24,59.4,59.46,57.68,57.75,59.35,-1.6,-2.6959,64009.57,371817.21,1.584,0.64,69.777,13.4981,2361273.9092
300803.SZ,2023-11-27,57.22,57.51,56.5,56.84,57.75,-0.91,-1.5758,67163.68,381999.164,1.662,0.73,68.6775,13.2854,2324065.9567
300803.SZ,2023-11-28,56.7,57.19,55.98,56.88,56.84,0.04,0.0704,51787.03,293524.375,1.2815,0.64,68.7258,13.2947,2325701.4711
300803.SZ,2023-11-29,56.7,58.49,56.7,57.5,56.88,0.62,1.09,61322.62,352984.521,1.5175,0.92,69.475,13.4396,2351051.9443
300803.SZ,2023-11-30,57.49,58.55,57.12,57.92,57.5,0.42,0.7304,65594.51,379897.446,1.6232,1.02,69.9824,13.5378,2368224.8454
300803.SZ,2023-12-01,58.2,59.75,57.51,59.19,57.92,1.27,2.1927,89770.11,526972.783,2.2215,1.45,71.5169,13.8346,2420152.4275
300803.SZ,2023-12-04,59.3,60.85,58.77,59.49,59.19,0.3,0.5068,91851.9,549782.183,2.273,1.37,71.8794,13.9048,2432418.7855
300803.SZ,2023-12-05,59.02,59.98,58.32,58.5,59.49,-0.99,-1.6641,72836.62,429844.639,1.8024,1.01,70.6832,13.6734,2391939.8042
300803.SZ,2023-12-06,58.65,59.76,58.47,58.75,58.5,0.25,0.4274,75652.64,447352.324,1.8721,0.99,70.9853,13.7318,2402161.7691
300803.SZ,2023-12-07,58.5,62.85,58.35,61.2,58.75,2.45,4.1702,169646.12,1032695.791,4.1981,2.14,73.9455,14.3044,2502337.0259
300803.SZ,2023-12-08,60.76,61.84,60.13,61.16,61.2,-0.04,-0.0654,100654.95,614613.706,2.4908,1.01,73.8972,14.2951,2500701.5115
300803.SZ,2023-12-11,61.01,63.65,59.51,62.67,61.16,1.51,2.4689,140950.86,867845.745,3.488,1.38,75.7217,14.648,2562442.1799
300803.SZ,2023-12-12,61.91,62.91,61.61,62.0,62.67,-0.67,-1.0691,70549.98,438572.195,1.7458,0.63,74.9121,14.4914,2535047.3138
300803.SZ,2023-12-13,61.67,61.67,60.5,60.5,62.0,-1.5,-2.4194,59158.91,360698.195,1.464,0.53,73.0997,14.1408,2473715.524
300803.SZ,2023-12-14,61.0,61.29,60.23,60.23,60.5,-0.27,-0.4463,49076.46,298021.261,1.2145,0.45,72.7735,14.0777,2462675.8018
300803.SZ,2023-12-15,60.23,61.81,59.72,60.89,60.23,0.66,1.0958,71662.01,436669.063,1.7734,0.85,73.571,14.232,2489661.7893
300803.SZ,2023-12-18,60.7,62.3,60.23,61.27,60.89,0.38,0.6241,65768.16,403360.146,1.6275,0.84,74.0301,14.3208,2505199.1761
300803.SZ,2023-12-19,61.09,62.51,60.24,62.0,61.27,0.73,1.1914,86424.68,533418.234,2.1387,1.37,74.9121,14.4914,2535047.3138
300803.SZ,2023-12-20,61.94,62.0,57.48,57.5,62.0,-4.5,-7.2581,139120.01,821392.254,3.4427,2.09,69.475,13.4396,2351051.9443
300803.SZ,2023-12-21,57.67,59.6,57.46,58.77,57.5,1.27,2.2087,77831.91,456558.123,1.926,0.94,71.0095,13.7365,2402979.5263
300803.SZ,2023-12-22,58.78,59.01,57.56,58.14,58.77,-0.63,-1.072,60916.31,354162.513,1.5074,0.69,70.2483,13.5892,2377220.1746
300803.SZ,2023-12-25,57.8,58.12,56.2,56.39,58.14,-1.75,-3.01,66482.4,377478.683,1.6452,0.77,68.1338,13.1802,2305666.4198
300803.SZ,2023-12-26,56.3,57.24,56.01,56.7,56.39,0.31,0.5497,49844.58,282305.705,1.2335,0.58,68.5084,13.2526,2318341.6563
300803.SZ,2023-12-27,56.78,59.72,56.54,58.47,56.7,1.77,3.1217,98138.78,571760.342,2.4286,1.24,70.647,13.6663,2390713.1684
300803.SZ,2023-12-28,57.9,61.55,57.61,60.81,58.47,2.34,4.0021,132472.98,793584.192,3.2782,1.88,73.4743,14.2133,2486390.7605
300803.SZ,2023-12-29,60.5,61.29,60.1,60.26,60.81,-0.55,-0.9045,81855.87,496152.086,2.0256,1.0,72.8098,14.0847,2463902.4376
300803.SZ,2024-01-02,61.0,61.0,59.09,59.21,60.26,-1.05,-1.7424,53859.93,323049.72,1.3328,0.63,71.5411,13.8393,2420970.1847
300803.SZ,2024-01-03,58.97,59.56,58.0,58.97,59.21,-0.24,-0.4053,48168.35,283140.085,1.192,0.58,71.2511,13.7832,2411157.0983
300803.SZ,2024-01-04,59.02,59.02,58.0,58.11,58.97,-0.86,-1.4584,44155.02,257238.529,1.0927,0.53,70.212,13.5822,2375993.5388
300803.SZ,2024-01-05,57.7,59.65,57.5,58.04,58.11,-0.07,-0.1205,69864.32,408307.42,1.7289,0.97,70.1274,13.5658,2373131.3886
300803.SZ,2024-01-08,57.89,59.09,57.13,57.16,58.04,-0.88,-1.5162,66220.82,384858.187,1.6387,1.11,69.0642,13.3602,2337150.0719
300803.SZ,2024-01-09,57.1,57.48,48.81,49.3,57.16,-7.86,-13.7509,229060.44,1190964.613,5.6684,4.06,59.5672,11.523,2015771.4931
300803.SZ,2024-01-10,48.8,49.1,46.7,46.71,49.3,-2.59,-5.2535,165916.45,789306.948,4.1058,1.81,56.4378,10.9177,1909871.9359
300803.SZ,2024-01-11,46.73,48.73,46.73,47.82,46.71,1.11,2.3764,114740.81,548286.557,2.8394,1.0,57.779,11.1771,1955257.4604
300803.SZ,2024-01-12,47.5,47.97,45.33,45.94,47.82,-1.88,-3.9314,133450.0,618708.546,3.3024,1.03,55.5075,10.7377,1878388.2838
300803.SZ,2024-01-15,45.58,47.16,45.45,46.35,45.94,0.41,0.8925,79137.59,367722.82,1.9584,0.56,56.0029,10.8335,1895152.3064
300803.SZ,2024-01-16,46.35,46.68,44.8,46.52,46.35,0.17,0.3668,124074.61,567047.061,3.0704,0.86,56.2083,10.8732,1902103.2425
300803.SZ,2024-01-17,46.35,46.53,45.25,45.28,46.52,-1.24,-2.6655,61947.19,283566.929,1.533,0.5,54.71,10.5834,1851402.2963
300803.SZ,2024-01-18,44.89,46.48,44.1,46.13,45.28,0.85,1.8772,134446.76,606818.799,3.3271,1.31,55.737,10.7821,1886156.9772
300803.SZ,2024-01-19,45.77,45.85,44.44,44.68,46.13,-1.45,-3.1433,94655.95,425519.457,2.3424,0.89,53.9851,10.4432,1826869.5803
300803.SZ,2024-01-22,44.67,45.12,42.0,42.68,44.68,-2.0,-4.4763,97951.95,427377.312,2.4239,0.99,51.5685,9.9757,1745093.8605
300803.SZ,2024-01-23,42.4,44.77,42.36,44.27,42.68,1.59,3.7254,115958.47,506170.088,2.8695,1.13,53.4897,10.3473,1810105.5578
300803.SZ,2024-01-24,44.56,47.98,43.35,46.99,44.27,2.72,6.1441,194547.52,887691.342,4.8143,1.93,56.7761,10.9831,1921320.5367
300803.SZ,2024-01-25,46.01,47.52,45.28,46.82,46.99,-0.17,-0.3618,162771.71,755126.582,4.028,1.28,56.5707,10.9434,1914369.6005
300803.SZ,2024-01-26,46.32,47.78,46.2,46.58,46.82,-0.24,-0.5126,107441.72,504751.334,2.6588,0.81,56.2808,10.8873,1904556.5141
300803.SZ,2024-01-29,46.72,48.18,45.77,45.77,46.58,-0.81,-1.7389,120186.93,563606.876,2.9737,0.89,257.7753,9.9928,1871701.5046
300803.SZ,2024-01-30,45.54,46.83,44.68,44.8,45.77,-0.97,-2.1193,90199.64,413195.182,2.2318,0.64,252.3123,9.781,1832034.6822
300803.SZ,2024-01-31,45.2,45.49,42.39,42.77,44.8,-2.03,-4.5313,104185.22,454893.533,2.5778,0.77,240.8794,9.3378,1749020.6107
300803.SZ,2024-02-01,42.49,44.12,41.77,42.39,42.77,-0.38,-0.8885,100588.49,431134.864,2.4888,0.86,238.7392,9.2548,1733481.0308
300803.SZ,2024-02-02,42.55,43.1,39.0,40.04,42.39,-2.35,-5.5438,136807.7,559278.931,3.385,1.31,225.5041,8.7418,1637380.9973
300803.SZ,2024-02-05,40.49,40.49,35.66,36.92,40.04,-3.12,-7.7922,165071.13,620672.239,4.0843,1.5,207.9324,8.0606,1509792.8676
300803.SZ,2024-02-06,36.92,40.58,36.41,40.35,36.92,3.43,9.2904,159477.58,617537.859,3.9459,1.34,227.25,8.8094,1650058.023
300803.SZ,2024-02-07,40.08,42.43,39.8,40.58,40.35,0.23,0.57,138368.89,571459.46,3.4236,1.04,228.5454,8.8597,1659463.5582
300803.SZ,2024-02-08,41.29,43.23,40.9,41.65,40.58,1.07,2.6368,144880.52,608513.512,3.5847,1.03,234.5716,9.0933,1703219.7436
300803.SZ,2024-02-19,41.45,42.42,41.14,42.24,41.65,0.59,1.4166,114713.51,480886.646,2.8383,0.77,237.8944,9.2221,1727346.9861
300803.SZ,2024-02-20,42.01,44.35,41.8,43.73,42.24,1.49,3.5275,136521.79,588864.217,3.3779,0.94,246.2861,9.5474,1788278.4967
300803.SZ,2024-02-21,42.49,46.9,42.39,44.9,43.73,1.17,2.6755,200639.08,904866.709,4.9644,1.45,252.8755,9.8028,1836124.0454
300803.SZ,2024-02-22,44.14,47.16,44.04,46.54,44.9,1.64,3.6526,146344.81,670473.005,3.621,1.0,262.1119,10.1609,1903189.6007
300803.SZ,2024-02-23,46.54,47.35,46.1,47.09,46.54,0.55,1.1818,127088.37,593896.486,3.1445,0.86,265.2095,10.281,1925681.0979
300803.SZ,2024-02-26,46.57,47.2,45.88,46.23,47.09,-0.86,-1.8263,115365.12,535982.33,2.8544,0.8,260.366,10.0932,1890512.575
300803.SZ,2024-02-27,46.22,49.09,46.11,49.06,46.23,2.83,6.1216,151677.35,720713.137,3.7529,1.04,276.3045,10.7111,2006241.5516
300803.SZ,2024-02-28,50.1,52.25,47.2,47.2,49.06,-1.86,-3.7913,241005.9,1206185.605,5.9631,1.63,265.829,10.305,1930179.3974
300803.SZ,2024-02-29,47.12,49.58,46.81,49.5,47.2,2.3,4.8729,180182.7,869576.83,4.4582,1.15,278.7826,10.8071,2024234.7494
300803.SZ,2024-03-01,49.15,52.2,48.44,50.95,49.5,1.45,2.9293,164631.18,824368.152,4.0734,1.01,286.9489,11.1237,2083530.5147
300803.SZ,2024-03-04,50.0,50.39,48.9,50.02,50.95,-0.93,-1.8253,122911.93,610662.305,3.0412,0.72,281.7112,10.9207,2045499.4376
300803.SZ,2024-03-05,49.73,50.3,48.98,49.4,50.02,-0.62,-1.2395,94681.96,471485.002,2.3427,0.55,278.2194,10.7853,2020145.3862
300803.SZ,2024-03-06,49.2,50.77,48.66,49.61,49.4,0.21,0.4251,94673.93,468657.674,2.3425,0.59,279.4021,10.8311,2028733.0488
300803.SZ,2024-03-07,49.1,49.81,48.01,48.01,49.61,-1.6,-3.2252,98835.04,482150.704,2.4454,0.75,270.3909,10.4818,1963303.2387
300803.SZ,2024-03-08,48.1,48.57,47.29,48.22,48.01,0.21,0.4374,73404.58,351443.58,1.8162,0.64,271.5736,10.5277,1971890.9013
300803.SZ,2024-03-11,48.65,48.75,47.91,48.72,48.22,0.5,1.0369,77692.49,375073.297,1.9223,0.8,274.3896,10.6368,1992337.7169
300803.SZ,2024-03-12,48.9,49.96,48.66,49.38,48.72,0.66,1.3547,90728.36,447253.474,2.2449,1.03,278.1067,10.7809,2019327.5136
300803.SZ,2024-03-13,49.41,49.53,48.25,48.74,49.38,-0.64,-1.2961,91936.48,448559.716,2.2748,1.06,274.5023,10.6412,1993155.5896
300803.SZ,2024-03-14,48.34,48.95,47.38,47.9,48.74,-0.84,-1.7234,76685.39,368848.453,1.8974,0.89,269.7714,10.4578,1958804.9393
300803.SZ,2024-03-15,47.48,48.16,47.0,48.08,47.9,0.18,0.3758,68712.66,327055.286,1.7001,0.84,270.7852,10.4971,1966165.7929
300803.SZ,2024-03-18,48.52,50.8,48.35,50.09,48.08,2.01,4.1805,161477.59,803826.87,3.9954,1.99,282.1054,10.9359,2048361.9918
300803.SZ,2024-03-19,49.75,49.86,48.28,48.5,50.09,-1.59,-3.1743,106167.29,520016.799,2.6269,1.08,273.1506,10.5888,1983341.1181
300803.SZ,2024-03-20,48.41,48.9,47.85,48.36,48.5,-0.14,-0.2887,92357.12,446592.851,2.2852,0.91,272.3621,10.5582,1977616.0097
300803.SZ,2024-03-21,48.83,51.8,48.76,49.57,48.36,1.21,2.5021,203577.45,1025246.202,5.0371,2.01,279.1768,10.8224,2027097.3035
300803.SZ,2024-03-22,49.71,49.9,47.9,48.27,49.57,-1.3,-2.6226,111233.61,539792.161,2.7522,0.88,271.8552,10.5386,1973935.5829
300803.SZ,2024-03-25,47.48,47.85,46.01,46.22,48.27,-2.05,-4.2469,104511.08,491297.495,2.5859,0.77,260.3097,10.091,1890103.6387
300803.SZ,2024-03-26,46.3,46.71,45.16,45.31,46.22,-0.91,-1.9688,81823.62,374447.845,2.0245,0.66,255.1846,9.8923,1852890.4342
300803.SZ,2024-03-27,45.48,45.48,43.01,43.07,45.31,-2.24,-4.9437,87383.5,383914.19,2.1621,0.74,242.569,9.4033,1761288.7001
300803.SZ,2024-03-28,43.29,44.48,43.0,43.76,43.07,0.69,1.602,81751.84,357355.873,2.0228,0.69,246.455,9.5539,1789505.3057
300803.SZ,2024-03-29,43.5,43.87,42.72,43.73,43.76,-0.03,-0.0686,65875.29,285608.214,1.6299,0.71,246.2861,9.5474,1788278.4967
300803.SZ,2024-04-01,44.5,44.85,44.14,44.52,43.73,0.79,1.8065,68311.67,303689.273,1.6902,0.81,250.7353,9.7199,1820584.4655
300803.SZ,2024-04-02,44.52,44.52,43.45,43.87,44.52,-0.65,-1.46,62877.09,276291.894,1.5557,0.82,247.0746,9.578,1794003.6051
300803.SZ,2024-04-03,43.72,44.35,43.43,44.1,43.87,0.23,0.5243,80262.17,353077.775,1.9859,1.1,248.3699,9.6282,1803409.1403
300803.SZ,2024-04-08,43.61,43.9,42.8,43.0,44.1,-1.1,-2.4943,62758.93,271852.499,1.5528,0.87,242.1747,9.388,1758426.1459
300803.SZ,2024-04-09,43.3,43.5,42.75,43.04,43.0,0.04,0.093,46580.54,200192.757,1.1525,0.68,242.4,9.3967,1760061.8912
300803.SZ,2024-04-10,42.88,42.96,41.55,41.92,43.04,-1.12,-2.6022,55010.83,231816.484,1.3611,0.86,236.0922,9.1522,1714261.0241
300803.SZ,2024-04-11,41.86,42.33,40.4,41.53,41.92,-0.39,-0.9303,65718.64,273537.458,1.6261,1.07,233.8957,9.0671,1698312.5079
300803.SZ,2024-04-12,41.57,42.4,40.7,40.82,41.53,-0.71,-1.7096,57919.03,238856.662,1.4331,0.93,229.897,8.9121,1669278.0297
300803.SZ,2024-04-15,40.6,42.95,40.59,41.5,40.82,0.68,1.6659,104271.5,435394.401,2.58,1.81,233.7268,9.0605,1697085.699
300803.SZ,2024-04-16,40.88,41.58,39.33,39.35,41.5,-2.15,-5.1807,83247.45,335626.599,2.0598,1.26,221.618,8.5911,1609164.3917
300803.SZ,2024-04-17,39.99,41.26,39.99,41.23,39.35,1.88,4.7776,75087.28,305398.276,1.8579,1.03,232.2062,9.0016,1686044.4185
300803.SZ,2024-04-18,41.13,42.91,40.67,41.45,41.23,0.22,0.5336,91648.29,382835.623,2.2676,1.19,233.4452,9.0496,1695041.0174
300803.SZ,2024-04-19,40.83,41.15,40.16,40.47,41.45,-0.98,-2.3643,62369.8,253291.896,1.5432,0.76,227.9259,8.8356,1654965.2587
300803.SZ,2024-04-22,40.22,41.48,40.04,40.88,40.47,0.41,1.0131,51566.04,210456.995,1.2759,0.62,230.235,8.9252,1671731.6475
300803.SZ,2024-04-23,40.88,41.48,40.82,40.95,40.88,0.07,0.1712,38107.93,156535.976,0.9429,0.52,230.6292,8.9404,1674594.2017
300803.SZ,2024-04-24,40.99,41.95,40.72,41.79,40.95,0.84,2.0513,52912.43,219170.428,1.3092,0.83,235.3601,9.1238,1708944.852
300803.SZ,2024-04-25,41.6,41.79,40.73,40.85,41.79,-0.94,-2.2493,50308.22,206686.147,1.2448,0.85,230.066,8.9186,1670504.8386
300803.SZ,2024-04-26,42.76,46.4,41.13,45.51,40.85,4.66,11.4076,238408.58,1043090.837,5.8989,4.67,256.311,9.936,1861069.1605
300803.SZ,2024-04-29,45.1,49.06,44.88,47.37,45.51,1.86,4.087,296716.55,1394346.675,7.3411,3.44,266.8032,10.1829,1937252.9893
300803.SZ,2024-04-30,46.7,48.5,46.39,47.25,47.37,-0.12,-0.2533,161787.59,771910.492,4.0028,1.2,266.1273,10.1571,1932345.4453
300803.SZ,2024-05-06,47.86,48.77,47.38,47.38,47.25,0.13,0.2751,142613.38,683404.192,3.5284,0.89,266.8595,10.185,1937661.9513
300803.SZ,2024-05-07,46.88,47.69,46.18,46.5,47.38,-0.88,-1.8573,124966.28,585372.38,3.0918,0.7,261.9031,9.9958,1901673.2954
300803.SZ,2024-05-08,46.28,46.47,44.73,44.92,46.5,-1.58,-3.3978,86625.36,391912.756,2.1432,0.45,253.004,9.6562,1837057.2995
300803.SZ,2024-05-09,45.0,46.69,44.95,45.7,44.92,0.78,1.7364,93623.09,427190.714,2.3163,0.58,257.3972,9.8239,1868956.3354
300803.SZ,2024-05-10,45.7,46.5,45.35,45.93,45.7,0.23,0.5033,104661.82,480653.779,2.5895,0.86,258.6927,9.8733,1878362.4614
300803.SZ,2024-05-13,45.38,45.78,44.26,45.13,45.93,-0.8,-1.7418,89355.96,401108.048,2.2108,0.81,254.1868,9.7013,1845645.5015
300803.SZ,2024-05-14,44.93,45.33,44.25,45.16,45.13,0.03,0.0665,72664.92,325336.947,1.7978,0.73,254.3558,9.7078,1846872.3875
300803.SZ,2024-05-15,45.6,45.83,42.6,42.69,45.16,-2.47,-5.4694,111733.62,485900.278,2.7644,1.25,240.4439,9.1768,1745858.7737
300803.SZ,2024-05-16,43.18,43.95,42.3,42.77,42.69,0.08,0.1874,80095.88,345429.266,1.9817,0.85,240.8945,9.194,1749130.4697
300803.SZ,2024-05-17,42.52,44.33,42.08,44.2,42.77,1.43,3.3435,85008.43,367746.527,2.1032,0.93,248.9487,9.5014,1807612.0356
300803.SZ,2024-05-20,44.0,45.98,43.81,44.63,44.2,0.43,0.9729,88965.58,400045.988,2.2011,1.01,251.3706,9.5939,1825197.4015
300803.SZ,2024-05-21,44.25,44.5,43.7,43.93,44.63,-0.7,-1.5685,45262.0,199507.343,1.1198,0.52,247.428,9.4434,1796570.0616
300803.SZ,2024-05-22,43.74,44.66,43.59,44.5,43.93,0.57,1.2975,48597.81,214998.798,1.2024,0.59,250.6384,9.5659,1819880.8956
300803.SZ,2024-05-23,44.2,44.5,42.9,43.19,44.5,-1.31,-2.9438,61823.23,268788.513,1.5296,0.89,243.2601,9.2843,1766306.8737
300803.SZ,2024-05-24,43.06,43.38,41.94,41.98,43.19,-1.21,-2.8016,54963.0,233534.885,1.3598,0.83,236.445,9.0242,1716822.4718
300803.SZ,2024-05-27,42.7,43.08,41.4,43.07,41.98,1.09,2.5965,65746.92,277700.469,1.6267,1.1,242.5842,9.2585,1761399.3297
300803.SZ,2024-05-28,42.96,43.55,42.47,42.7,43.07,-0.37,-0.8591,47864.67,205526.964,1.1842,0.87,240.507,9.1773,1746316.4137
300803.SZ,2024-05-29,42.7,43.78,42.7,43.18,42.7,0.48,1.1241,53728.9,232734.779,1.3293,0.96,243.2106,9.2805,1765947.1369
300803.SZ,2024-05-30,43.08,43.13,42.33,42.9,43.18,-0.28,-0.6484,45060.0,192369.102,1.1148,0.79,241.6335,9.2203,1754495.8817
300803.SZ,2024-05-31,42.99,43.23,42.58,42.62,42.9,-0.28,-0.6527,46046.0,197131.454,1.1392,0.86,240.0564,9.1601,1743044.6265
300803.SZ,2024-06-03,42.0,43.16,42.0,42.6,42.62,-0.02,-0.0469,49762.82,212006.712,1.2312,0.96,239.9437,9.1558,1742226.6797
300803.SZ,2024-06-04,42.47,43.49,42.1,43.11,42.6,0.51,1.1972,66633.0,285650.792,1.6485,1.37,242.8163,9.2654,1763084.3231
300803.SZ,2024-06-05,42.83,43.8,42.8,42.92,43.11,-0.19,-0.4407,55485.0,240169.531,1.3727,1.06,241.7461,9.2246,1755313.8285
300803.SZ,2024-06-06,43.1,43.28,41.87,41.97,42.92,-0.95,-2.2134,58197.0,247099.668,1.4398,1.11,236.3952,9.0204,1716461.3556
300803.SZ,2024-06-07,42.0,42.48,40.64,41.21,41.97,-0.76,-1.8108,59676.56,247885.959,1.4764,1.08,232.1146,8.8571,1685379.3773
300803.SZ,2024-06-11,40.82,42.49,40.8,42.17,41.21,0.96,2.3295,52857.8,221177.246,1.3077,0.91,237.5217,9.0634,1724640.8236
300803.SZ,2024-06-12,41.88,42.78,41.85,42.34,42.17,0.17,0.4031,41520.15,176210.587,1.0272,0.71,238.4793,9.0999,1731593.3714
300803.SZ,2024-06-13,42.38,42.78,41.8,42.2,42.34,-0.14,-0.3307,56404.87,238339.202,1.3955,1.05,237.6907,9.0698,1725867.7438
300803.SZ,2024-06-14,41.97,43.94,41.68,43.43,42.2,1.23,2.9147,153060.73,654758.226,3.7868,2.85,244.6187,9.3342,1776171.4719
300803.SZ,2024-06-17,42.3,42.67,41.51,42.42,43.43,-1.01,-2.3256,88774.48,374151.26,2.1963,1.22,238.9299,9.1171,1734865.1586
300803.SZ,2024-06-18,42.31,43.31,42.31,42.81,42.42,0.39,0.9194,70688.13,302927.498,1.7489,0.9,241.1265,9.2009,1750815.1211
300803.SZ,2024-06-19,42.97,43.18,41.58,41.66,42.81,-1.15,-2.6863,65177.76,275056.025,1.6125,0.79,234.6492,8.9538,1703783.1802
300803.SZ,2024-06-20,41.4,41.87,40.2,40.59,41.66,-1.07,-2.5684,76093.08,310629.296,1.8826,0.88,228.6224,8.7238,1660023.0265
300803.SZ,2024-06-21,40.74,41.23,40.36,40.75,40.59,0.16,0.3942,53302.0,217237.71,1.3187,0.59,229.5236,8.7582,1666566.6009
300803.SZ,2024-06-24,40.2,40.62,39.4,39.42,40.75,-1.33,-3.2638,57432.0,229453.893,1.4209,0.81,222.0324,8.4723,1612173.1389
300803.SZ,2024-06-25,39.42,39.86,37.9,38.26,39.42,-1.16,-2.9427,58098.23,224175.229,1.4374,0.9,215.4987,8.223,1564732.2246
300803.SZ,2024-06-26,38.18,39.39,37.94,39.28,38.26,1.02,2.666,52082.66,201900.52,1.2885,0.84,221.2439,8.4422,1606447.5113
300803.SZ,2024-06-27,39.0,39.47,38.4,38.44,39.28,-0.84,-2.1385,41301.79,160858.319,1.0218,0.7,216.5126,8.2617,1572093.7458
300803.SZ,2024-06-28,38.5,38.88,35.06,36.41,38.44,-2.03,-5.281,151703.86,562792.273,3.7532,2.89,205.0787,7.8254,1489072.1458
300803.SZ,2024-07-01,36.31,37.0,36.01,36.5,36.41,0.09,0.2472,56752.26,206866.451,1.4041,0.79,205.5856,7.8448,1492752.9064
300803.SZ,2024-07-02,36.58,36.9,35.82,35.94,36.5,-0.56,-1.5342,52211.26,189993.08,1.2917,0.73,202.4314,7.7244,1469850.396
300803.SZ,2024-07-03,35.88,36.16,35.41,35.5,35.94,-0.44,-1.2243,44225.0,157790.968,1.0941,0.62,199.9531,7.6298,1451855.5665
300803.SZ,2024-07-04,35.69,35.84,33.95,33.99,35.5,-1.51,-4.2535,69600.8,241187.822,1.722,1.01,191.448,7.3053,1390100.5832
300803.SZ,2024-07-05,33.9,35.13,33.66,34.75,33.99,0.76,2.236,57310.71,197985.166,1.4179,0.77,195.7287,7.4686,1421182.5615
300803.SZ,2024-07-08,34.23,34.6,33.34,33.55,34.75,-1.2,-3.4532,55767.11,188838.587,1.3797,1.0,188.9698,7.2107,1372105.7536
300803.SZ,2024-07-09,33.61,34.68,33.2,34.44,33.55,0.89,2.6528,64315.0,218582.02,1.5912,1.15,193.9827,7.402,1408504.3862
300803.SZ,2024-07-10,34.11,35.15,34.03,34.5,34.44,0.06,0.1742,42931.99,148596.581,1.0622,0.74,194.3206,7.4149,1410958.2266
300803.SZ,2024-07-11,35.15,35.78,34.81,35.18,34.5,0.68,1.971,60829.21,214682.489,1.5049,1.05,198.1507,7.5611,1438768.4177
300803.SZ,2024-07-12,35.04,35.36,34.71,34.85,35.18,-0.33,-0.938,36269.0,126837.386,0.8973,0.65,196.292,7.4901,1425272.2955
300803.SZ,2024-07-15,34.68,35.08,34.51,34.55,34.85,-0.3,-0.8608,24462.0,84855.631,0.6052,0.47,194.6022,7.4257,1413003.0935
300803.SZ,2024-07-16,34.6,35.07,34.26,34.8,34.55,0.25,0.7236,32723.1,113730.385,0.8096,0.72,196.0104,7.4794,1423227.4285
300803.SZ,2024-07-17,34.97,35.14,34.67,34.81,34.8,0.01,0.0287,42353.0,147941.502,1.0478,1.07,196.0667,7.4815,1423636.4019
300803.SZ,2024-07-18,34.61,35.1,34.16,34.86,34.81,0.05,0.1436,41304.4,142841.41,1.0219,1.05,196.3483,7.4923,1425681.2689
300803.SZ,2024-07-19,34.59,35.72,34.58,35.49,34.86,0.63,1.8072,58569.12,206786.318,1.449,1.65,199.8968,7.6277,1451446.5931
300803.SZ,2024-07-22,36.58,36.7,35.23,35.85,35.49,0.36,1.0144,76628.44,274184.359,1.8958,1.92,201.9245,7.7051,1466169.6354
300803.SZ,2024-07-23,35.4,35.83,34.4,34.44,35.85,-1.41,-3.9331,66445.83,233344.115,1.6439,1.32,193.9827,7.402,1408504.3862
300803.SZ,2024-07-24,34.16,34.54,33.14,33.18,34.44,-1.26,-3.6585,71673.58,241752.149,1.7732,1.26,186.8857,7.1312,1356973.7379
300803.SZ,2024-07-25,33.3,34.87,33.14,34.11,33.18,0.93,2.8029,71165.7,242818.035,1.7607,1.13,192.1239,7.3311,1395008.264
300803.SZ,2024-07-26,33.98,35.93,33.98,35.0,34.11,0.89,2.6092,73047.5,256480.867,1.8072,1.06,197.1369,7.5224,1431406.8965
300803.SZ,2024-07-29,34.61,34.93,34.12,34.23,35.0,-0.77,-2.2,46631.25,160447.693,1.1537,0.65,192.7998,7.3569,1399915.9448
300803.SZ,2024-07-30,34.24,34.85,33.91,34.36,34.23,0.13,0.3798,39803.62,137004.774,0.9848,0.6,193.5321,7.3848,1405232.599
300803.SZ,2024-07-31,34.62,41.23,34.51,40.38,34.36,6.02,17.5204,282225.72,1093279.718,6.9824,4.67,227.4396,8.6787,1651434.5852
300803.SZ,2024-08-01,39.83,39.96,38.71,38.92,40.38,-1.46,-3.6157,223550.29,877903.821,5.5307,2.18,219.2162,8.3649,1591724.4689
300803.SZ,2024-08-02,38.72,39.67,37.81,37.96,38.92,-0.96,-2.4666,100260.91,386439.178,2.4805,0.75,213.809,8.1585,1552463.0226
300803.SZ,2024-08-05,38.25,39.29,37.78,37.78,37.96,-0.18,-0.4742,125080.91,481730.561,3.0946,0.9,212.7952,8.1199,1545101.5014
300803.SZ,2024-08-06,38.7,39.07,36.98,37.6,37.78,-0.18,-0.4764,94126.79,354400.645,2.3287,0.61,211.7813,8.0812,1537739.9802
300803.SZ,2024-08-07,37.47,38.89,37.1,38.13,37.6,0.53,1.4096,105255.45,399140.685,2.6041,0.64,214.7665,8.1951,1559415.5704
300803.SZ,2024-08-08,37.96,39.13,37.73,37.97,38.13,-0.16,-0.4196,126657.86,485791.602,3.1336,0.98,213.8653,8.1607,1552871.996
300803.SZ,2024-08-09,38.36,38.6,37.19,37.26,37.97,-0.71,-1.8699,82466.96,311529.479,2.0403,0.75,209.8663,8.0081,1523834.8847
300803.SZ,2024-08-12,36.98,37.46,36.6,37.1,37.26,-0.16,-0.4294,70922.01,262325.874,1.7546,0.66,208.9651,7.9737,1517291.3103
300803.SZ,2024-08-13,37.18,37.78,36.8,37.76,37.1,0.66,1.779,75068.34,280236.8,1.8572,0.78,212.6825,8.1156,1544283.5546
300803.SZ,2024-08-14,37.1,37.78,36.83,37.3,37.76,-0.46,-1.2182,65279.34,243958.678,1.615,0.71,210.0916,8.0167,1525470.7783
300803.SZ,2024-08-15,37.2,39.18,37.0,38.02,37.3,0.72,1.9303,133297.3,510161.105,3.2978,1.59,214.1469,8.1714,1554916.863
300803.SZ,2024-08-16,38.06,38.12,37.35,37.53,38.02,-0.49,-1.2888,77598.31,292394.693,1.9198,0.91,211.387,8.0661,1534877.1664
300803.SZ,2024-08-19,37.05,38.95,37.05,37.98,37.53,0.45,1.199,83199.34,317212.385,2.0584,0.99,213.9216,8.1628,1553280.9694
300803.SZ,2024-08-20,37.91,38.16,36.85,37.0,37.98,-0.98,-2.5803,61389.0,229906.887,1.5188,0.71,208.4018,7.9522,1513201.5763
300803.SZ,2024-08-21,36.93,37.16,36.5,36.55,37.0,-0.45,-1.2162,51029.0,187486.193,1.2625,0.61,205.8672,7.8555,1494797.7733
300803.SZ,2024-08-22,36.89,37.12,34.9,35.04,36.55,-1.51,-4.1313,83516.97,298885.872,2.0662,1.03,197.3622,7.531,1433042.7901
300803.SZ,2024-08-23,35.16,36.07,34.91,35.53,35.04,0.49,1.3984,60087.01,213145.215,1.4866,0.84,200.1221,7.6363,1453082.4866
300803.SZ,2024-08-26,35.42,36.02,35.18,35.55,35.53,0.02,0.0563,42983.52,153078.566,1.0634,0.63,200.2347,7.6406,1453900.4334
300803.SZ,2024-08-27,35.38,35.55,34.52,34.72,35.55,-0.83,-2.3347,47831.15,166993.584,1.1834,0.8,195.5598,7.4622,1419955.6413
300803.SZ,2024-08-28,34.76,35.4,34.46,34.78,34.72,0.06,0.1728,38591.14,134361.35,0.9548,0.68,195.8977,7.4751,1422409.4817
300803.SZ,2024-08-29,34.74,36.0,34.56,35.09,34.78,0.31,0.8913,67967.0,240684.027,1.6815,1.24,197.6438,7.5417,1435087.6571
300803.SZ,2024-08-30,34.33,36.88,33.6,35.72,35.09,0.63,1.7954,152514.69,544553.625,3.7732,2.96,201.1939,7.8985,1460865.3046
300803.SZ,2024-09-02,35.0,35.3,33.6,33.71,35.72,-2.01,-5.6271,96981.0,331178.624,2.3993,1.39,189.8726,7.454,1378660.958
300803.SZ,2024-09-03,33.44,34.3,33.44,33.82,33.71,0.11,0.3263,57638.34,194756.537,1.426,0.71,190.4921,7.4783,1383159.7033
300803.SZ,2024-09-04,33.54,35.46,33.45,34.7,33.82,0.88,2.602,103065.93,356821.6,2.5499,1.25,195.4488,7.6729,1419149.666
300803.SZ,2024-09-05,35.08,35.8,34.88,35.36,34.7,0.66,1.902,71213.46,252080.678,1.7618,0.74,199.1662,7.8189,1446142.1381
300803.SZ,2024-09-06,36.46,37.0,34.58,34.62,35.36,-0.74,-2.0928,144943.24,518157.685,3.5859,1.51,194.9982,7.6552,1415877.8512
300803.SZ,2024-09-09,34.0,35.29,33.8,34.96,34.62,0.34,0.9821,86779.16,301141.418,2.1469,0.92,196.9132,7.7304,1429783.0641
300803.SZ,2024-09-10,34.74,35.17,34.08,34.81,34.96,-0.15,-0.4291,63824.0,220745.346,1.579,0.69,196.0683,7.6972,1423648.4114
300803.SZ,2024-09-11,34.66,35.05,34.46,34.79,34.81,-0.02,-0.0575,48148.0,167268.892,1.1912,0.51,195.9557,7.6928,1422830.4577
300803.SZ,2024-09-12,34.81,35.12,34.2,34.23,34.79,-0.56,-1.6097,53375.04,184489.471,1.3205,0.64,192.8015,7.569,1399927.7541
300803.SZ,2024-09-13,34.3,34.83,33.85,34.0,34.23,-0.23,-0.6719,56103.0,192434.077,1.388,0.71,191.506,7.5181,1390521.2866
300803.SZ,2024-09-18,33.75,34.9,33.35,34.48,34.0,0.48,1.4118,56428.34,192872.742,1.396,0.92,194.2096,7.6243,1410152.1754
300803.SZ,2024-09-19,34.85,37.33,34.48,36.61,34.48,2.13,6.1775,154230.66,556356.628,3.8157,2.78,206.2069,8.0953,1497264.2442
300803.SZ,2024-09-20,36.0,36.53,35.55,36.44,36.61,-0.17,-0.4644,87599.38,315734.483,2.1672,1.19,205.2494,8.0577,1490311.6378
300803.SZ,2024-09-23,36.37,36.96,35.9,36.63,36.44,0.19,0.5214,73730.0,269744.8,1.8241,0.9,206.3195,8.0997,1498082.1979
300803.SZ,2024-09-24,38.0,43.96,36.95,43.96,36.63,7.33,20.0109,369513.69,1517333.146,9.1419,4.32,247.606,9.7205,1797862.2282
300803.SZ,2024-09-25,47.0,48.6,45.1,46.2,43.96,2.24,5.0955,494671.76,2317887.256,12.2383,3.34,260.2228,10.2158,1889473.0424
300803.SZ,2024-09-26,44.82,55.16,44.01,53.2,46.2,7.0,15.1515,475920.26,2305476.541,11.7744,2.02,299.6505,11.7637,2175756.8367
300803.SZ,2024-09-27,55.99,63.84,54.13,63.84,53.2,10.64,20.0,578697.61,3460642.356,14.3171,1.93,359.5807,14.1164,2610908.204
300803.SZ,2024-09-30,76.6,76.61,74.3,76.61,63.84,12.77,20.0031,254684.23,1946420.684,6.3009,0.64,431.508,16.9401,3133171.6402
300803.SZ,2024-10-08,91.93,91.93,90.35,91.93,76.61,15.32,19.9974,202479.16,1860311.531,5.0094,0.47,517.7984,20.3277,3759724.1729
300803.SZ,2024-10-09,94.0,110.32,83.05,87.11,91.93,-4.82,-5.2431,994464.7,10223893.886,24.6033,2.48,490.6496,19.2619,3562597.3316
300803.SZ,2024-10-10,87.44,89.89,69.69,75.58,87.11,-11.53,-13.2361,757183.64,5853137.272,18.7329,1.51,425.7065,16.7124,3091047.0247
300803.SZ,2024-10-11,75.1,79.66,73.77,76.3,75.58,0.72,0.9526,463115.7,3554438.29,11.4576,0.83,429.762,16.8716,3120493.3579
300803.SZ,2024-10-14,74.0,81.6,71.18,79.17,76.3,2.87,3.7615,463295.92,3516392.647,11.462,0.87,445.9273,17.5062,3237869.7135
300803.SZ,2024-10-15,75.8,82.88,74.51,77.07,79.17,-2.1,-2.6525,440330.15,3451729.033,10.8939,0.76,434.099,17.0418,3151984.5752
300803.SZ,2024-10-16,74.2,85.5,74.2,81.8,77.07,4.73,6.1373,474726.39,3801678.739,11.7448,0.76,460.7409,18.0877,3345430.6248
300803.SZ,2024-10-17,81.5,86.83,78.8,81.53,81.8,-0.27,-0.3301,484317.34,4035165.141,11.9821,0.93,459.2201,18.028,3334388.2499
300803.SZ,2024-10-18,80.2,97.84,78.0,97.84,81.53,16.31,20.0049,630375.67,5618120.11,15.5956,1.36,551.0866,21.6345,4001429.4906
300803.SZ,2024-10-21,92.58,105.3,91.43,95.84,97.84,-2.0,-2.0442,667504.23,6556077.824,16.5142,1.34,539.8216,21.1923,3919634.1208
300803.SZ,2024-10-22,95.0,109.99,94.02,104.99,95.84,9.15,9.5472,618431.27,6296016.187,15.3001,1.15,591.3592,23.2155,4293847.9377
300803.SZ,2024-10-23,107.79,118.0,95.69,96.87,104.99,-8.12,-7.7341,711881.52,7557001.336,17.6121,1.24,545.6231,21.42,3961758.7363
300803.SZ,2024-10-24,96.48,101.79,93.96,97.72,96.87,0.85,0.8775,458610.46,4462265.808,11.3461,0.74,550.4107,21.608,3996521.7684
300803.SZ,2024-10-25,96.44,101.0,94.8,94.91,97.72,-2.81,-2.8756,421826.7,4090542.717,10.4361,0.68,534.5833,20.9866,3881599.2739
300803.SZ,2024-10-28,92.1,100.0,92.05,98.1,94.91,3.19,3.3611,387659.07,3757792.498,9.5908,0.67,552.5511,21.692,4012062.8887
300803.SZ,2024-10-29,98.18,102.5,95.13,96.58,98.1,-1.52,-1.5494,384663.05,3786702.817,9.5166,0.74,543.9897,21.3559,3949898.4076
300803.SZ,2024-10-30,94.0,96.99,92.46,94.55,96.58,-2.03,-2.1019,288750.5,2721156.527,7.1438,0.61,532.5556,20.907,3866876.1073
300803.SZ,2024-10-31,94.6,111.0,94.03,102.6,94.55,8.05,8.514,628400.41,6524080.774,15.5265,1.62,578.6432,23.0285,4201517.1037
300803.SZ,2024-11-01,101.97,105.5,94.7,95.4,102.6,-7.2,-7.0175,521331.56,5237370.965,12.881,1.23,538.0367,21.4125,3906673.7981
300803.SZ,2024-11-04,94.0,101.85,93.85,101.8,95.4,6.4,6.7086,333988.44,3292489.339,8.2522,0.76,574.1314,22.8489,4168756.7364
300803.SZ,2024-11-05,100.79,117.44,98.75,112.02,101.8,10.22,10.0393,564089.75,6173573.547,13.9375,1.31,631.7701,25.1428,4587270.4284
300803.SZ,2024-11-06,112.0,124.68,106.0,109.4,112.02,-2.62,-2.3389,554906.23,6369709.549,13.7106,1.19,616.9938,24.5548,4479980.2255
300803.SZ,2024-11-07,105.5,124.88,104.11,120.34,109.4,10.94,10.0,576741.33,6508232.957,14.2501,1.11,678.6932,27.0102,4927978.2481
300803.SZ,2024-11-08,123.17,123.56,109.6,109.68,120.34,-10.66,-8.8582,496220.29,5687248.899,12.2606,0.97,618.573,24.6176,4491446.3541
300803.SZ,2024-11-11,106.26,110.46,105.88,107.61,109.68,-2.07,-1.8873,274268.14,2949348.939,6.7766,0.54,606.8986,24.153,4406678.9038
300803.SZ,2024-11-12,107.7,111.08,103.2,105.78,107.61,-1.83,-1.7006,267507.01,2866475.151,6.6096,0.54,596.5777,23.7422,4331739.5636
300803.SZ,2024-11-13,104.5,108.54,101.63,106.4,105.78,0.62,0.5861,250110.44,2617503.448,6.1797,0.58,600.0744,23.8814,4357128.8482
300803.SZ,2024-11-14,105.2,107.5,102.69,102.8,106.4,-3.6,-3.3835,214322.67,2255268.198,5.2955,0.57,579.7712,23.0734,4209707.1955
300803.SZ,2024-11-15,101.99,103.88,92.8,93.42,102.8,-9.38,-9.1245,339590.7,3315692.1,8.3906,1.13,526.8699,20.9681,3825591.8891
300803.SZ,2024-11-18,93.18,94.28,87.23,88.6,93.42,-4.82,-5.1595,259539.94,2336286.637,6.4127,0.96,499.686,19.8862,3628210.6763
300803.SZ,2024-11-19,91.3,95.54,90.01,94.97,88.6,6.37,7.1896,299802.53,2777462.013,7.4075,1.13,535.6115,21.316,3889065.1007
300803.SZ,2024-11-20,93.09,94.48,92.0,93.55,94.97,-1.42,-1.4952,212096.66,1975905.198,5.2405,0.78,527.603,20.9972,3830915.4488
300803.SZ,2024-11-21,92.91,98.38,92.5,95.16,93.55,1.61,1.721,277780.65,2649103.071,6.8634,1.05,536.6831,21.3586,3896845.688
300803.SZ,2024-11-22,94.01,98.0,90.41,90.75,95.16,-4.41,-4.6343,270845.4,2556230.61,6.692,0.98,511.8116,20.3688,3716254.1633
300803.SZ,2024-11-25,89.5,90.77,86.9,89.18,90.75,-1.57,-1.73,196284.4,1736527.69,4.8498,0.74,502.9571,20.0164,3651961.9425
300803.SZ,2024-11-26,88.6,93.58,88.0,89.41,89.18,0.23,0.2579,171943.15,1559547.03,4.2484,0.68,504.2543,20.068,3661380.5481
300803.SZ,2024-11-27,89.0,94.8,88.6,94.79,89.41,5.38,6.0172,261991.8,2420983.183,6.4733,1.16,534.5964,21.2756,3881694.0181
300803.SZ,2024-11-28,94.75,95.91,92.5,92.61,94.79,-2.18,-2.2998,195485.76,1838372.472,4.8301,0.83,522.3016,20.7863,3792422.0173
300803.SZ,2024-11-29,93.0,107.44,93.0,99.7,92.61,7.09,7.6558,420735.95,4175410.382,10.3955,1.92,562.2878,22.3776,4082760.7723
300803.SZ,2024-12-02,98.68,104.29,97.89,102.99,99.7,3.29,3.2999,308563.26,3154388.059,7.624,1.24,580.8427,23.116,4217487.7827
300803.SZ,2024-12-03,102.01,106.55,101.01,103.27,102.99,0.28,0.2719,275089.06,2843396.97,6.7969,1.01,582.4219,23.1789,4228953.9113
300803.SZ,2024-12-04,102.69,106.0,101.0,102.51,103.27,-0.76,-0.7359,239199.27,2470199.33,5.9101,0.82,578.1356,23.0083,4197831.5623
300803.SZ,2024-12-05,104.66,113.66,103.18,111.5,102.51,8.99,8.7699,427293.37,4654585.822,10.5575,1.48,628.8374,25.0261,4565976.1897
300803.SZ,2024-12-06,108.88,114.78,106.23,108.16,111.5,-3.34,-2.9955,382155.5,4197138.72,9.4423,1.14,610.0005,24.2764,4429201.6563
300803.SZ,2024-12-09,106.57,108.5,101.83,103.4,108.16,-4.76,-4.4009,277813.08,2891085.64,6.8642,0.85,583.155,23.2081,4234277.4709
300803.SZ,2024-12-10,112.0,114.81,105.7,105.89,103.4,2.49,2.4081,430245.44,4738655.789,10.6305,1.34,597.1981,23.7669,4336244.1141
300803.SZ,2024-12-11,105.72,106.99,102.01,102.9,105.89,-2.99,-2.8237,213404.44,2216645.129,5.2728,0.61,580.3351,23.0958,4213802.2414
300803.SZ,2024-12-12,102.3,107.0,102.2,104.81,102.9,1.91,1.8562,226498.15,2362343.829,5.5963,0.65,591.1071,23.5245,4292017.6183
300803.SZ,2024-12-13,102.0,102.0,98.3,98.65,104.81,-6.16,-5.8773,247006.51,2472872.971,6.103,0.81,556.366,22.1419,4039762.7902
300803.SZ,2024-12-16,97.5,97.5,94.5,95.15,98.65,-3.5,-3.5479,189376.3,1806986.01,4.6791,0.68,536.6267,21.3564,3896436.1834
300803.SZ,2024-12-17,95.0,96.66,93.48,94.07,95.15,-1.08,-1.135,179438.74,1700740.215,4.4336,0.69,530.5357,21.1139,3852209.6875
300803.SZ,2024-12-18,94.13,95.15,92.9,93.7,94.07,-0.37,-0.3933,116291.72,1089688.23,2.8733,0.55,528.449,21.0309,3837058.0177
300803.SZ,2024-12-19,92.01,95.82,91.8,94.67,93.7,0.97,1.0352,141264.93,1333333.496,3.4904,0.74,533.9196,21.2486,3876779.963
300803.SZ,2024-12-20,94.44,97.73,94.36,96.47,94.67,1.8,1.9013,153325.3,1475317.039,3.7884,0.88,544.0712,21.6526,3950490.7894
300803.SZ,2024-12-23,95.99,97.3,93.12,93.35,96.47,-3.12,-3.2342,139626.94,1325787.012,3.4499,0.9,526.4751,20.9523,3822725.357
300803.SZ,2024-12-24,93.44,96.7,91.0,96.48,93.35,3.13,3.353,150333.2,1415543.092,3.7144,1.03,544.1276,21.6549,3950900.294
300803.SZ,2024-12-25,96.2,101.59,95.33,101.59,96.48,5.11,5.2964,259815.6,2564085.894,6.4195,1.85,572.947,22.8018,4160157.14
300803.SZ,2024-12-26,101.48,106.95,99.99,104.78,101.59,3.19,3.1401,296325.43,3083705.307,7.3216,1.75,590.9379,23.5178,4290789.1045
300803.SZ,2024-12-27,103.76,109.96,102.19,104.88,104.78,0.1,0.0954,334265.07,3551828.247,8.259,1.67,591.5019,23.5402,4294884.1504
300803.SZ,2024-12-30,103.2,106.66,102.3,106.0,104.88,1.12,1.0679,232915.66,2440651.849,5.7549,0.99,597.8185,23.7916,4340748.6646
300803.SZ,2024-12-31,105.18,105.7,95.8,95.95,106.0,-10.05,-9.4811,296796.96,2960027.477,7.3332,1.17,541.1385,21.5359,3929196.5506
300803.SZ,2025-01-02,94.99,95.5,87.91,89.37,95.95,-6.58,-6.8577,251294.85,2304527.193,6.209,0.88,504.0287,20.059,3659742.5298
300803.SZ,2025-01-03,90.25,91.88,87.43,87.87,89.37,-1.5,-1.6784,219530.99,1968531.045,5.4242,0.78,495.569,19.7224,3598316.8411
300803.SZ,2025-01-06,87.0,88.87,84.05,85.0,87.87,-2.87,-3.2662,176241.16,1512469.186,4.3546,0.66,479.3828,19.0782,3480789.0235
300803.SZ,2025-01-07,85.91,87.67,84.01,86.97,85.0,1.97,2.3176,170340.07,1463103.347,4.2088,0.72,490.4932,19.5204,3561461.4279
300803.SZ,2025-01-08,86.01,87.4,82.49,86.31,86.97,-0.66,-0.7589,208947.11,1773677.403,5.1627,0.94,486.7709,19.3722,3534434.1249
300803.SZ,2025-01-09,86.05,87.98,85.86,86.54,86.31,0.23,0.2665,142806.85,1241523.78,3.5285,0.7,488.068,19.4238,3543852.7305
300803.SZ,2025-01-10,86.54,88.11,84.5,84.5,86.54,-2.04,-2.3573,146230.0,1265160.694,3.613,0.8,476.5629,18.966,3460313.794
300803.SZ,2025-01-13,82.89,87.77,82.5,87.18,84.5,2.68,3.1716,158664.0,1363517.648,3.9203,0.94,491.6775,19.5675,3570061.0243
300803.SZ,2025-01-14,87.31,94.74,86.5,94.7,87.18,7.52,8.6258,310962.57,2843278.332,7.6833,1.88,534.0888,21.2554,3878008.4768
300803.SZ,2025-01-15,92.6,93.0,90.64,90.7,94.7,-4.0,-4.2239,179087.77,1637904.426,4.4249,0.93,511.5296,20.3576,3714206.6404
300803.SZ,2025-01-16,91.7,93.58,88.8,90.35,90.7,-0.35,-0.3859,169516.46,1546166.857,4.1884,0.9,509.5557,20.279,3699873.9797
300803.SZ,2025-01-17,89.88,92.94,89.26,91.01,90.35,0.66,0.7305,150649.77,1376668.671,3.7222,0.78,513.2779,20.4271,3726901.2827
300803.SZ,2025-01-20,92.0,94.81,91.1,92.33,91.01,1.32,1.4504,177256.86,1646540.947,4.3797,0.91,520.7225,20.7234,3780955.8887
300803.SZ,2025-01-21,93.77,94.49,91.51,93.7,92.33,1.37,1.4838,160351.0,1494306.97,3.9619,0.81,528.449,21.0309,3837058.0177
300803.SZ,2025-01-22,92.21,96.28,92.1,95.24,93.7,1.54,1.6435,200585.87,1892303.305,4.9561,1.2,537.1343,21.3766,3900121.7247
300803.SZ,2025-01-23,98.2,101.38,91.59,92.3,95.24,-2.94,-3.0869,300349.92,2923216.562,7.421,1.75,520.5533,20.7167,3779727.3749
300803.SZ,2025-01-24,90.71,93.0,90.55,91.03,92.3,-1.27,-1.3759,179746.13,1649218.814,4.4412,0.91,513.3907,20.4316,3727720.2919
300803.SZ,2025-01-27,93.7,94.6,89.7,89.7,91.03,-1.33,-1.4611,170009.73,1571572.53,4.1732,0.83,355.163,16.48,3700695.5907
300803.SZ,2025-02-05,90.5,93.27,88.68,91.44,89.7,1.74,1.9398,161029.42,1461180.512,3.9528,0.8,362.0525,16.7996,3772481.659
300803.SZ,2025-02-06,91.14,95.48,90.58,94.38,91.44,2.94,3.2152,195899.45,1828498.348,4.8088,0.97,373.6933,17.3398,3893775.3606
300803.SZ,2025-02-07,93.44,101.0,93.01,97.74,94.38,3.36,3.5601,318510.35,3102422.038,7.8185,1.58,386.9971,17.9571,4032396.7339
300803.SZ,2025-02-10,97.74,100.5,97.25,99.03,97.74,1.29,1.3198,208912.06,2070121.004,5.1282,1.02,392.1047,18.1941,4085617.4397
300803.SZ,2025-02-11,98.04,99.05,96.26,97.7,99.03,-1.33,-1.343,140529.01,1369555.032,3.4496,0.67,386.8387,17.9497,4030746.4795
300803.SZ,2025-02-12,96.5,100.0,96.24,99.55,97.7,1.85,1.8936,168605.0,1650320.196,4.1388,0.82,394.1637,18.2896,4107070.7475
300803.SZ,2025-02-13,98.46,99.09,96.05,96.2,99.55,-3.35,-3.3651,179448.17,1743695.775,4.4049,0.87,380.8995,17.6742,3968861.9378
300803.SZ,2025-02-14,95.88,97.85,94.6,97.01,96.2,0.81,0.842,148189.62,1423835.718,3.6376,0.73,384.1066,17.823,4002279.5903
300803.SZ,2025-02-17,98.0,101.0,97.0,98.56,97.01,1.55,1.5978,211312.19,2095124.553,5.1871,1.25,390.2438,18.1077,4066226.95
300803.SZ,2025-02-18,98.05,98.88,92.74,92.98,98.56,-5.58,-5.6615,173064.36,1653951.713,4.2482,1.02,368.15,17.0826,3836016.4551
300803.SZ,2025-02-19,93.08,97.05,92.58,95.9,92.98,2.92,3.1405,164257.35,1563114.09,4.032,0.93,379.7117,17.619,3956485.0295
300803.SZ,2025-02-20,95.11,96.49,93.86,95.33,95.9,-0.57,-0.5944,131545.36,1247986.178,3.2291,0.75,377.4548,17.5143,3932968.9037
300803.SZ,2025-02-21,95.5,99.0,93.15,97.92,95.33,2.59,2.7169,240713.55,2330389.758,5.9088,1.45,387.7098,17.9902,4039822.8789
300803.SZ,2025-02-24,96.5,97.98,95.54,97.07,97.92,-0.85,-0.8681,159647.0,1544361.497,3.9189,0.87,384.3442,17.834,4004754.972
300803.SZ,2025-02-25,95.05,96.04,92.63,92.9,97.07,-4.17,-4.2959,180548.84,1703886.026,4.432,1.04,367.8333,17.0679,3832715.9462
300803.SZ,2025-02-26,94.17,97.27,92.45,97.2,92.9,4.3,4.6286,225924.77,2145812.897,5.5458,1.29,384.8589,17.8579,4010118.2989
300803.SZ,2025-02-27,96.49,98.48,92.09,94.31,97.2,-2.89,-2.9733,241377.76,2290151.484,5.9251,1.29,373.4161,17.3269,3890887.4153
300803.SZ,2025-02-28,93.44,96.15,90.0,90.72,94.31,-3.59,-3.8066,160688.06,1492471.266,3.9444,0.77,359.2017,16.6674,3742777.079
300803.SZ,2025-03-03,90.1,91.12,88.18,88.9,90.72,-1.82,-2.0062,119377.27,1068911.279,2.9304,0.62,351.9955,16.333,3667690.5018
300803.SZ,2025-03-04,88.09,90.46,88.08,90.17,88.9,1.27,1.4286,81432.94,730698.979,1.9989,0.44,357.024,16.5663,3720086.0804
300803.SZ,2025-03-05,90.01,91.6,88.95,90.38,90.17,0.21,0.2329,112240.0,1013023.996,2.7552,0.68,357.8555,16.6049,3728749.9162
300803.SZ,2025-03-06,91.12,93.5,90.6,92.73,90.38,2.35,2.6001,197785.24,1828074.575,4.8551,1.38,367.1602,17.0366,3825702.3648
300803.SZ,2025-03-07,91.3,91.69,89.53,89.87,92.73,-2.86,-3.0842,132001.53,1191645.138,3.2403,0.98,355.8361,16.5112,3707709.1721
300803.SZ,2025-03-10,89.68,89.7,88.47,89.2,89.87,-0.67,-0.7455,80498.63,716075.881,1.9759,0.63,353.2061,16.3795,3680304.6821
300803.SZ,2025-03-11,88.01,89.8,88.0,89.09,89.2,-0.11,-0.1233,80699.12,715309.151,1.9808,0.67,352.7705,16.3593,3675766.1898
300803.SZ,2025-03-12,89.5,91.35,88.89,89.0,89.09,-0.09,-0.101,121298.78,1089107.396,2.9773,1.01,352.4141,16.3428,3672052.8779
300803.SZ,2025-03-13,88.76,89.58,85.89,86.5,89.0,-2.5,-2.809,109687.08,958128.035,2.6923,0.9,342.5149,15.8837,3568905.3252
300803.SZ,2025-03-14,86.65,96.84,86.44,92.86,86.5,6.36,7.3526,317417.83,2921161.601,7.7912,3.03,367.6986,17.0516,3831312.6993
300803.SZ,2025-03-17,63.49,64.7,62.38,64.31,64.04,0.27,0.4216,237313.41,1506251.404,4.0172,1.67,369.2409,17.1231,3847383.082
300803.SZ,2025-03-18,64.52,66.31,64.1,65.73,64.31,1.42,2.2081,246891.16,1618375.966,4.1794,1.42,377.394,17.5012,3932335.4063
300803.SZ,2025-03-19,65.4,67.1,65.2,65.89,65.73,0.16,0.2434,225313.35,1491250.601,3.8141,1.09,378.3126,17.5438,3941907.4991
300803.SZ,2025-03-20,65.8,66.79,64.7,65.85,65.89,-0.04,-0.0607,166449.4,1094205.77,2.8176,0.73,378.083,17.5331,3939514.4759
300803.SZ,2025-03-21,65.12,66.29,63.02,63.3,65.85,-2.55,-3.8724,200648.75,1290022.442,3.3966,0.84,363.4419,16.8542,3786959.2457
300803.SZ,2025-03-24,63.0,63.59,61.72,62.94,63.3,-0.36,-0.5687,156816.94,982189.386,2.6546,0.73,361.375,16.7583,3765422.0367
300803.SZ,2025-03-25,62.99,63.02,60.19,60.66,62.94,-2.28,-3.6225,149681.55,915150.768,2.5338,0.75,348.2842,16.1513,3629019.7131
300803.SZ,2025-03-26,60.78,62.38,60.7,60.83,60.66,0.17,0.2803,118439.7,727061.718,2.0049,0.66,349.2602,16.1965,3639190.0618
300803.SZ,2025-03-27,60.53,64.68,60.45,63.19,60.83,2.36,3.8797,240062.79,1513052.791,4.0638,1.52,362.8104,16.8249,3780378.4318
300803.SZ,2025-03-28,63.05,65.44,63.02,64.0,63.19,0.81,1.2818,203323.07,1306775.065,3.4418,1.17,367.461,17.0406,3828837.152
300803.SZ,2025-03-31,63.0,64.36,61.62,62.68,64.0,-1.32,-2.0625,186785.82,1168335.989,3.1619,1.08,359.8822,16.6891,3749867.3857
300803.SZ,2025-04-01,62.81,63.48,56.5,57.33,62.68,-5.35,-8.5354,356508.07,2107029.897,6.0349,1.98,329.1647,15.2646,3429800.5301
300803.SZ,2025-04-02,57.01,58.88,56.47,58.05,57.33,0.72,1.2559,169028.11,982246.252,2.8613,0.76,333.2986,15.4563,3472874.948
300803.SZ,2025-04-03,57.64,59.88,57.5,58.55,58.05,0.5,0.8613,147523.75,869267.301,2.4973,0.64,336.1694,15.5894,3502787.7383
300803.SZ,2025-04-07,54.98,56.5,50.4,53.13,58.55,-5.42,-9.257,339040.97,1821601.551,5.7393,1.59,305.0501,14.1463,3178533.092
300803.SZ,2025-04-08,55.0,55.49,52.69,53.53,53.13,0.4,0.7529,212598.5,1147496.633,3.5989,0.89,307.3467,14.2528,3202463.3242
300803.SZ,2025-04-09,52.45,56.36,51.05,55.58,53.53,2.05,3.8296,280373.94,1525964.302,4.7462,1.14,319.1169,14.7987,3325105.7642
300803.SZ,2025-04-10,56.83,58.2,55.64,55.88,55.58,0.3,0.5398,248366.79,1409610.77,4.2043,1.08,320.8399,14.8786,3343058.2999
300803.SZ,2025-04-11,55.88,57.5,55.15,56.27,55.88,0.39,0.6979,180615.95,1016842.963,3.0575,0.74,323.0791,14.9824,3366390.3102
300803.SZ,2025-04-14,56.95,57.15,55.8,55.9,56.27,-0.37,-0.6575,137929.07,776796.558,2.3349,0.55,320.9547,14.8839,3344254.8133
300803.SZ,2025-04-15,55.85,55.9,55.01,55.45,55.9,-0.45,-0.805,89614.7,496336.354,1.517,0.42,318.371,14.7641,3317333.2629
300803.SZ,2025-04-16,55.15,55.47,53.77,54.66,55.45,-0.79,-1.4247,98864.03,538972.494,1.6736,0.53,313.8351,14.5537,3270070.9856
300803.SZ,2025-04-17,54.14,55.08,54.03,54.21,54.66,-0.45,-0.8233,83094.08,453092.513,1.4066,0.55,311.2514,14.4339,3243149.4352
300803.SZ,2025-04-18,54.3,56.33,54.05,55.77,54.21,1.56,2.8777,167750.88,930274.708,2.8397,1.42,320.2083,14.8493,3336477.4765
300803.SZ,2025-04-21,55.06,56.55,54.85,56.55,55.77,0.78,1.3986,132777.52,743294.749,2.2476,1.15,324.6867,15.0569,3383141.4971
300803.SZ,2025-04-22,56.25,56.8,55.57,56.04,56.55,-0.51,-0.9019,107500.33,603207.141,1.8198,0.94,321.7585,14.9212,3352630.4067
300803.SZ,2025-04-23,57.0,58.14,55.94,56.39,56.04,0.35,0.6246,176244.95,1004745.663,2.9835,1.49,323.7681,15.0143,3373569.3903
300803.SZ,2025-04-24,56.16,56.63,55.11,55.74,56.39,-0.65,-1.1527,101870.73,569146.361,1.7245,0.76,320.0361,14.8413,3334682.7065
300803.SZ,2025-04-25,55.8,59.86,55.7,57.59,55.74,1.85,3.319,306757.31,1781846.555,5.1928,2.24,330.658,15.3339,3445360.1913
300803.SZ,2025-04-28,58.51,59.03,56.83,58.37,57.59,0.78,1.3544,221667.51,1285695.292,3.7524,1.34,335.1364,15.6496,3492024.212
300803.SZ,2025-04-29,58.0,58.65,57.5,58.05,58.37,-0.32,-0.5482,128496.29,747091.331,2.1752,0.7,333.2991,15.5638,3472879.9984
300803.SZ,2025-04-30,58.65,60.5,58.06,58.81,58.05,0.76,1.3092,210444.2,1247153.137,3.5624,1.13,337.6627,15.7676,3518347.5057
300803.SZ,2025-05-06,59.35,62.08,59.23,61.16,58.81,2.35,3.9959,248762.91,1511906.886,4.211,1.28,351.1555,16.3976,3658937.8243
300803.SZ,2025-05-07,65.8,67.68,60.56,61.0,61.16,-0.16,-0.2616,427580.54,2722626.844,7.238,1.92,350.2368,16.3547,3649365.7175
300803.SZ,2025-05-08,60.88,61.59,60.08,60.5,61.0,-0.5,-0.8197,231819.62,1406102.959,3.9242,0.94,347.366,16.2207,3619452.8838
300803.SZ,2025-05-09,60.05,60.11,58.66,58.88,60.5,-1.62,-2.6777,185551.24,1096614.558,3.141,0.74,338.0646,15.7863,3522535.3024
300803.SZ,2025-05-12,59.9,62.46,59.05,62.1,58.88,3.22,5.4688,303998.41,1850845.736,5.1461,1.17,356.5526,16.6496,3715173.9518
300803.SZ,2025-05-13,62.3,62.56,60.8,61.07,62.1,-1.03,-1.6586,191663.7,1180823.331,3.2445,0.69,350.6387,16.3735,3653553.5142
300803.SZ,2025-05-14,60.71,67.21,59.89,64.87,61.07,3.8,6.2224,474372.94,3005225.505,8.0301,1.77,372.4568,17.3923,3880891.0507
300803.SZ,2025-05-15,63.5,64.02,61.88,61.91,64.87,-2.96,-4.563,253779.55,1592323.472,4.296,0.91,355.4617,16.5987,3703807.0749
300803.SZ,2025-05-16,61.59,61.75,60.22,60.35,61.91,-1.56,-2.5198,169145.85,1027450.73,2.8633,0.6,346.5048,16.1804,3610479.0336
300803.SZ,2025-05-19,60.0,60.6,59.4,59.89,60.35,-0.46,-0.7622,127787.9,766275.486,2.1632,0.46,343.8636,16.0571,3582959.2266
300803.SZ,2025-05-20,60.12,60.94,59.66,60.32,59.89,0.43,0.718,144267.54,869330.821,2.4421,0.59,346.3325,16.1724,3608684.2636
300803.SZ,2025-05-21,60.34,60.79,59.63,60.05,60.32,-0.27,-0.4476,118772.26,713640.207,2.0106,0.51,344.7823,16.1,3592531.3334
300803.SZ,2025-05-22,59.5,60.24,59.28,59.65,60.05,-0.4,-0.6661,109064.02,651617.592,1.8462,0.67,342.4857,15.9928,3568601.0664
300803.SZ,2025-05-23,59.38,59.96,57.5,57.65,59.65,-2.0,-3.3529,167324.06,982575.972,2.8324,1.25,331.0025,15.4565,3448949.7314
300803.SZ,2025-05-26,57.46,58.3,57.38,58.23,57.65,0.58,1.0061,90919.71,526006.405,1.5391,0.68,334.3326,15.612,3483648.6185
300803.SZ,2025-05-27,58.24,59.1,57.77,58.31,58.23,0.08,0.1374,98573.17,575901.986,1.6686,0.78,334.7919,15.6335,3488434.6719
300803.SZ,2025-05-28,58.5,58.88,57.15,57.38,58.31,-0.93,-1.5949,99715.08,576898.322,1.688,0.85,329.4523,15.3842,3432796.8012
300803.SZ,2025-05-29,57.58,59.24,57.4,58.86,57.38,1.48,2.5793,158435.59,929719.942,2.682,1.4,337.9498,15.781,3521338.7891
300803.SZ,2025-05-30,58.2,58.77,57.4,58.17,58.86,-0.69,-1.1723,120937.72,701959.327,2.0472,0.98,333.9881,15.596,3480059.0785
300803.SZ,2025-06-03,57.59,59.23,57.55,58.26,58.17,0.09,0.1547,113655.74,664109.986,1.924,1.0,334.5049,15.6201,3485443.3886
300803.SZ,2025-06-04,58.0,60.13,57.9,59.47,58.26,1.21,2.0769,183335.04,1087725.734,3.1035,1.55,341.4522,15.9445,3557832.4462
300803.SZ,2025-06-05,59.44,60.55,59.1,60.17,59.47,0.7,1.1771,179659.91,1073109.357,3.0413,1.33,345.4713,16.1322,3599710.4135
300803.SZ,2025-06-06,60.17,60.68,59.2,59.38,60.17,-0.79,-1.3129,116263.26,695225.753,1.9681,0.77,340.9354,15.9204,3552448.1362
300803.SZ,2025-06-09,59.83,61.58,59.56,60.63,59.38,1.25,2.1051,197657.16,1203467.574,3.3437,1.38,348.3372,16.1519,3629572.127
300803.SZ,2025-06-10,60.51,60.7,58.69,59.39,60.63,-1.24,-2.0452,150452.12,898185.284,2.5452,0.95,341.213,15.8215,3555340.4028
300803.SZ,2025-06-11,59.98,62.95,59.66,61.54,59.39,2.15,3.6201,298001.02,1837750.754,5.0412,1.8,353.5654,16.3943,3684048.6343
300803.SZ,2025-06-12,61.18,63.4,60.88,62.25,61.54,0.71,1.1537,230428.95,1431767.96,3.8981,1.22,357.6446,16.5834,3726552.2828
300803.SZ,2025-06-13,61.02,61.96,61.02,61.15,62.25,-1.1,-1.7671,169250.26,1039197.408,2.8632,0.85,351.3247,16.2904,3660701.5598
300803.SZ,2025-06-16,61.0,62.55,60.9,62.32,61.15,1.17,1.9133,162175.41,1005178.968,2.7435,0.78,358.0467,16.6021,3730742.7834
300803.SZ,2025-06-17,62.27,63.15,61.91,62.69,62.32,0.37,0.5937,176531.47,1101670.809,2.9864,0.87,360.1725,16.7006,3752892.5721
300803.SZ,2025-06-18,62.03,62.1,60.6,60.95,62.69,-1.74,-2.7756,176535.45,1078979.498,2.9864,0.85,350.1757,16.2371,3648728.701
300803.SZ,2025-06-19,61.0,61.04,58.56,58.91,60.95,-2.04,-3.347,171426.71,1023291.972,2.9,0.94,338.4553,15.6936,3526605.5419
300803.SZ,2025-06-20,58.49,59.04,58.0,58.08,58.91,-0.83,-1.4089,114271.85,666808.341,1.9331,0.67,333.6867,15.4725,3476918.1781
300803.SZ,2025-06-23,57.77,59.0,57.6,58.58,58.08,0.5,0.8609,136367.86,794600.894,2.3069,0.85,336.5593,15.6057,3506850.3249
300803.SZ,2025-06-24,59.31,68.55,59.2,65.6,58.58,7.02,11.9836,708269.37,4575397.949,11.9817,4.57,376.8913,17.4759,3927097.6667
300803.SZ,2025-06-25,65.62,78.72,64.8,78.72,65.6,13.12,20.0,1008128.87,7345252.153,17.0544,3.86,452.2696,20.971,4712517.2001
300803.SZ,2025-06-26,80.63,85.85,77.2,82.0,78.72,3.28,4.1667,1163720.58,9484650.594,19.6865,2.72,471.1141,21.8448,4908872.0834
300803.SZ,2025-06-27,81.62,84.58,78.5,79.2,82.0,-2.8,-3.4146,923587.59,7492743.552,15.6242,1.48,455.0273,21.0989,4741252.061
300803.SZ,2025-06-30,80.25,81.24,77.5,80.66,79.2,1.46,1.8434,581653.71,4621198.378,9.8397,0.74,463.4154,21.4879,4828653.9298
300803.SZ,2025-07-01,81.04,81.18,76.79,77.88,80.66,-2.78,-3.4466,492649.4,3853906.157,8.3341,0.56,447.4435,20.7473,4662231.1934
300803.SZ,2025-07-02,77.21,78.76,75.85,77.09,77.88,-0.79,-1.0144,349729.09,2703759.972,5.8227,0.42,449.9388,20.863,4688231.8113
300803.SZ,2025-07-03,76.99,77.77,75.92,76.47,77.09,-0.62,-0.8043,325402.47,2498286.713,5.4176,0.46,446.3202,20.6952,4650526.4835
300803.SZ,2025-07-04,76.31,81.65,75.39,77.74,76.47,1.27,1.6608,730941.27,5740422.148,12.1695,1.37,453.7326,21.0389,4727761.5905
300803.SZ,2025-07-07,77.22,80.65,76.6,78.76,77.74,1.02,1.3121,489646.66,3878223.281,8.1522,0.99,459.6859,21.3149,4789792.9363
300803.SZ,2025-07-08,78.79,82.0,77.64,81.1,78.76,2.34,2.9711,575824.28,4641746.091,9.5869,1.21,473.3434,21.9482,4932100.1414
300803.SZ,2025-07-09,80.96,81.99,78.41,78.8,81.1,-2.3,-2.836,486950.96,3886721.572,8.1073,0.99,459.9193,21.3257,4792225.5381
300803.SZ,2025-07-10,77.82,80.59,76.92,78.63,78.8,-0.17,-0.2157,428394.94,3369789.17,7.1324,0.82,458.9271,21.2797,4781886.9805
300803.SZ,2025-07-11,79.5,92.99,77.3,88.9,78.63,10.27,13.0612,1027651.63,8794194.37,17.1094,1.89,518.8684,24.0591,5406457.4916
300803.SZ,2025-07-14,87.04,87.69,81.48,82.17,88.9,-6.73,-7.5703,679229.11,5677288.491,11.3085,1.13,479.5885,22.2378,4997172.2394
300803.SZ,2025-07-15,84.5,85.74,82.0,83.54,82.17,1.37,1.6673,563255.8,4735197.85,9.3777,0.88,487.5845,22.6085,5080488.8509
300803.SZ,2025-07-16,83.54,85.55,82.65,84.5,83.54,0.96,1.1492,445923.43,3758396.372,7.4242,0.7,493.1876,22.8683,5138871.2941
300803.SZ,2025-07-17,83.6,88.18,83.11,87.47,84.5,2.97,3.5148,555188.64,4794365.282,9.2434,0.88,510.5221,23.6721,5319491.9774
300803.SZ,2025-07-18,87.87,88.5,85.08,86.48,87.47,-0.99,-1.1318,372061.89,3217019.167,6.1945,0.57,504.7439,23.4042,5259285.083
300803.SZ,2025-07-21,85.01,86.48,82.5,84.01,86.48,-2.47,-2.8562,461293.3,3891029.042,7.6801,0.88,490.3277,22.7357,5109071.922
300803.SZ,2025-07-22,83.8,88.15,83.17,86.12,84.01,2.11,2.5116,501864.04,4275235.583,8.3556,1.05,502.6428,23.3068,5237391.6668
300803.SZ,2025-07-23,85.74,94.0,85.6,88.07,86.12,1.95,2.2643,741034.54,6600878.137,12.3375,1.59,514.024,23.8345,5355981.0043
300803.SZ,2025-07-24,88.0,95.58,86.8,94.9,88.07,6.83,7.7552,729967.6,6733220.388,12.1533,1.39,553.8876,25.6829,5771347.761
300803.SZ,2025-07-25,94.94,95.8,92.21,92.32,94.9,-2.58,-2.7187,511747.59,4792592.136,8.5201,0.91,538.8293,24.9847,5614444.9452
300803.SZ,2025-07-28,93.43,95.84,92.0,93.74,92.32,1.42,1.5381,436397.74,4104594.625,7.2656,0.74,547.1172,25.369,5700802.3089
300803.SZ,2025-07-29,92.48,94.7,90.54,93.89,93.74,0.15,0.16,422243.16,3903416.639,7.03,0.72,547.9927,25.4096,5709924.5657
300803.SZ,2025-07-30,92.5,93.7,90.65,91.99,93.89,-1.9,-2.0236,359673.86,3317336.521,5.9882,0.63,536.9033,24.8954,5594375.9804
300803.SZ,2025-07-31,91.02,92.67,88.33,88.77,91.99,-3.22,-3.5004,431621.72,3893201.952,7.1861,0.88,518.1096,24.0239,5398551.5358
300803.SZ,2025-08-01,88.6,90.26,87.5,88.03,88.77,-0.74,-0.8336,299916.0,2663050.06,4.9933,0.69,513.7906,23.8237,5353548.4025
300803.SZ,2025-08-04,87.0,88.5,85.88,87.21,88.03,-0.82,-0.9315,284981.16,2485268.5,4.7447,0.73,509.0046,23.6018,5303680.0657
300803.SZ,2025-08-05,88.0,89.56,86.48,88.59,87.21,1.38,1.5824,373854.17,3295402.958,6.2243,1.04,517.059,23.9752,5387604.8277
300803.SZ,2025-08-06,88.25,90.36,87.45,90.18,88.59,1.59,1.7948,355635.31,3172521.602,5.921,1.02,526.3391,24.4055,5484300.7491
300803.SZ,2025-08-07,90.0,91.5,88.6,89.12,90.18,-1.06,-1.1754,345469.12,3107738.415,5.7517,0.99,520.1524,24.1187,5419836.8015
300803.SZ,2025-08-08,88.51,89.57,86.18,87.2,89.12,-1.92,-2.1544,283867.43,2489477.428,4.7261,0.86,508.9462,23.599,5303071.9153
300803.SZ,2025-08-11,86.98,92.92,86.88,91.27,87.2,4.07,4.6674,478320.39,4347614.873,7.9636,1.45,532.701,24.7005,5550589.148
300803.SZ,2025-08-12,90.8,93.1,90.66,92.94,91.27,1.67,1.8297,460477.45,4228085.979,7.6665,1.25,542.448,25.1525,5652150.273
300803.SZ,2025-08-13,93.33,99.72,91.0,95.84,92.94,2.9,3.1203,726106.66,6897695.178,12.089,1.89,559.374,25.9373,5828513.9032
300803.SZ,2025-08-14,94.98,96.5,91.31,91.56,95.84,-4.28,-4.4658,560712.93,5263818.866,9.3353,1.22,534.3936,24.779,5568225.511
300803.SZ,2025-08-15,90.87,109.87,90.87,109.87,91.56,18.31,19.9978,1051101.3,10690237.885,17.4999,2.09,641.2606,29.7343,6681748.9832
300803.SZ,2025-08-18,115.14,131.84,110.99,125.96,109.87,16.09,14.6446,1297801.5,15793762.866,21.6072,1.98,735.1705,34.0887,7660263.0556
300803.SZ,2025-08-19,123.26,129.09,123.0,126.55,125.96,0.59,0.4684,854041.74,10770978.917,14.219,1.04,738.6141,34.2484,7696143.9321
300803.SZ,2025-08-20,125.2,127.18,120.68,124.3,126.55,-2.25,-1.778,623144.14,7707845.099,10.3748,0.69,725.4819,33.6395,7559310.0811
300803.SZ,2025-08-21,125.75,132.81,123.1,128.26,124.3,3.96,3.1858,821820.07,10495852.472,13.6825,0.94,748.5946,34.7112,7800137.6589
300803.SZ,2025-08-22,127.3,142.0,127.17,141.33,128.26,13.07,10.1902,803203.34,10941126.097,13.3726,0.86,824.8781,38.2483,8594990.2957
300803.SZ,2025-08-25,140.99,155.5,140.0,146.25,141.33,4.92,3.4812,839895.45,12286902.243,13.9835,0.95,853.5939,39.5798,8894200.3166
300803.SZ,2025-08-26,143.51,158.58,143.5,158.58,146.25,12.33,8.4308,707299.09,10773774.358,11.7759,0.9,925.5584,42.9167,9644049.8202
300803.SZ,2025-08-27,155.6,158.0,146.11,151.78,158.58,-6.8,-4.2881,759461.82,11519220.397,12.6443,1.0,885.87,41.0764,9230507.5149
300803.SZ,2025-08-28,142.01,158.8,136.99,156.39,151.78,4.61,3.0373,761599.22,11109688.946,12.7232,0.97,912.7764,36.0791,9510864.8719
300803.SZ,2025-08-29,155.0,166.0,147.11,150.05,156.39,-6.34,-4.054,739380.43,11652121.859,12.352,0.95,875.7728,34.6165,9125297.4872
300803.SZ,2025-09-01,150.0,152.99,145.0,150.88,150.05,0.83,0.5531,515671.68,7667855.346,8.6148,0.68,880.6171,34.8079,9175773.9745
300803.SZ,2025-09-02,148.8,151.18,141.88,143.46,150.88,-7.42,-4.9178,543651.6,7944781.172,9.0822,0.78,837.31,33.0961,8724526.3414
300803.SZ,2025-09-03,145.1,146.89,136.9,137.93,143.46,-5.53,-3.8547,529483.58,7485164.722,8.8455,0.8,805.0339,31.8204,8388219.1431
300803.SZ,2025-09-04,138.11,141.2,132.41,134.7,137.93,-3.23,-2.3418,542593.05,7469226.367,9.0645,0.88,786.1819,31.0752,8191786.548
300803.SZ,2025-09-05,136.0,139.3,131.66,138.88,134.7,4.18,3.1032,426569.08,5822916.411,7.1262,0.74,810.5786,32.0395,8445993.4357
300803.SZ,2025-09-08,136.32,139.11,134.77,137.23,138.88,-1.65,-1.1881,322962.1,4411585.874,5.3954,0.63,800.9483,31.6589,8345648.6116
300803.SZ,2025-09-09,138.0,138.45,132.76,132.94,137.23,-4.29,-3.1261,354286.05,4803296.689,5.9187,0.75,775.9096,30.6692,8084752.069
300803.SZ,2025-09-10,134.99,139.99,133.0,137.41,132.94,4.47,3.3624,422589.75,5813838.598,7.0598,0.97,801.9989,31.7004,8356595.3197
300803.SZ,2025-09-11,137.47,151.83,136.76,150.05,137.41,12.64,9.1987,678399.68,9886769.868,11.3333,1.64,875.7728,34.6165,9125297.4872
300803.SZ,2025-09-12,148.38,154.97,145.81,145.88,150.05,-4.17,-2.7791,570538.8,8505959.484,9.5314,1.29,851.4344,33.6544,8871698.75
300803.SZ,2025-09-15,145.9,152.5,145.9,148.47,145.88,2.59,1.7754,418370.13,6245973.858,6.9893,0.89,866.551,34.2519,9029209.7163
300803.SZ,2025-09-16,147.89,158.8,146.88,157.71,148.47,9.24,6.2235,537332.56,8168427.536,8.9766,1.1,920.4807,36.3836,9591140.7312
300803.SZ,2025-09-17,157.0,179.01,154.58,172.88,157.71,15.17,9.6189,664182.11,10977612.648,11.0958,1.26,1009.021,39.8833,10513704.9623
300803.SZ,2025-09-18,166.0,169.13,156.39,158.98,172.88,-13.9,-8.0403,693132.38,11291074.574,11.5794,1.21,927.8931,36.6766,9668375.8382
300803.SZ,2025-09-19,156.5,161.32,153.4,153.4,158.98,-5.58,-3.5099,411353.69,6448242.901,6.872,0.71,895.3252,35.3893,9329027.8877
300803.SZ,2025-09-22,153.2,162.0,153.2,161.21,153.4,7.81,5.0913,435650.01,6899897.181,7.2779,0.8,940.9085,37.1911,9803993.3883
300803.SZ,2025-09-23,155.99,156.9,150.08,155.67,161.21,-5.54,-3.4365,442688.34,6828659.798,7.3955,0.81,908.5741,35.913,9467078.0396
300803.SZ,2025-09-24,154.0,162.58,151.27,158.91,155.67,3.24,2.0813,452421.81,7086762.112,7.5581,0.85,927.4845,36.6604,9664118.7851
300803.SZ,2025-09-25,157.18,162.0,156.67,156.9,158.91,-2.01,-1.2649,333473.97,5297468.763,5.571,0.68,915.7531,36.1967,9541880.5448
300803.SZ,2025-09-26,155.0,157.6,151.57,151.95,156.9,-4.95,-3.1549,272930.17,4209845.038,4.5596,0.66,886.8622,35.0548,9240846.0726
300803.SZ,2025-09-29,151.11,176.0,151.11,166.81,151.95,14.86,9.7795,679701.08,11092566.016,11.355,1.75,973.5932,38.483,10144557.6398
300803.SZ,2025-09-30,166.82,169.9,164.47,167.13,166.81,0.32,0.1918,495366.45,8294584.704,8.2756,1.14,975.4609,38.5568,10164018.4541
300803.SZ,2025-10-09,164.6,170.18,162.96,166.73,167.13,-0.4,-0.2393,415079.97,6917925.86,6.9343,0.93,973.1262,38.4645,10139692.4362
300803.SZ,2025-10-10,164.66,166.46,153.8,154.3,166.73,-12.43,-7.4552,472334.69,7469253.448,7.8908,1.08,900.5781,35.5969,9383761.4281
300803.SZ,2025-10-13,146.0,151.96,145.31,149.8,154.3,-4.5,-2.9164,324103.06,4829343.236,5.4144,0.69,874.3136,34.5588,9110093.726
300803.SZ,2025-10-14,150.5,156.5,145.7,146.43,149.8,-3.37,-2.2497,328984.1,4973678.833,5.496,0.69,854.6445,33.7813,8905147.0247
300803.SZ,2025-10-15,147.13,151.5,145.0,150.0,146.43,3.57,2.438,268530.94,3989674.081,4.4861,0.66,875.4809,34.6049,9122256.735
300803.SZ,2025-10-16,149.0,152.82,146.8,147.6,150.0,-2.4,-1.6,220033.34,3275034.595,3.6759,0.61,861.4732,34.0512,8976300.6272
300803.SZ,2025-10-17,148.47,150.45,141.18,142.01,147.6,-5.59,-3.7873,270959.04,3955819.133,4.5266,0.84,828.847,32.7616,8636344.5262
300803.SZ,2025-10-20,145.5,146.24,141.35,142.31,142.01,0.3,0.2113,230216.06,3307607.185,3.846,0.81,830.5979,32.8308,8654589.0397
300803.SZ,2025-10-21,144.21,148.58,142.02,146.58,142.31,4.27,3.0005,292985.79,4256972.285,4.8946,1.11,855.52,33.8159,8914269.2814
300803.SZ,2025-10-22,144.5,146.45,143.5,144.2,146.58,-2.38,-1.6237,183151.14,2645151.532,3.0597,0.71,841.629,33.2669,8769529.4746
300803.SZ,2025-10-23,144.02,148.28,138.72,148.23,144.2,4.03,2.7947,296433.01,4265834.577,4.9522,1.24,865.1503,34.1966,9014614.1055
300803.SZ,2025-10-24,148.23,156.3,147.03,156.3,148.23,8.07,5.4442,409945.79,6229855.794,6.8485,1.61,912.2511,36.0583,9505391.5179
300803.SZ,2025-10-27,156.0,158.02,151.58,153.43,156.3,-2.87,-1.8362,434868.79,6697707.158,7.2641,1.54,895.5957,34.6063,9331846.4273
300803.SZ,2025-10-28,150.57,157.68,148.59,151.44,153.43,-1.99,-1.297,345606.27,5275861.733,5.773,1.07,883.9797,34.1575,9210811.5946
300803.SZ,2025-10-29,149.52,159.95,149.15,157.17,151.44,5.73,3.7837,501651.83,7827231.992,8.3797,1.5,917.4267,35.4499,9559318.9271
300803.SZ,2025-10-30,154.93,155.0,145.4,145.45,157.17,-11.72,-7.4569,426753.5,6406420.83,7.1285,1.07,849.0151,32.8064,8846490.6658
300803.SZ,2025-10-31,146.5,148.5,144.02,144.34,145.45,-1.11,-0.7631,205620.4,3009868.678,3.4347,0.49,842.5359,32.556,8778978.7742
300803.SZ,2025-11-03,142.8,145.3,140.0,144.3,144.34,-0.04,-0.0277,176905.97,2523584.383,2.9551,0.46,842.3024,32.547,8776545.9132
300803.SZ,2025-11-04,143.99,143.99,137.55,137.76,144.3,-6.54,-4.5322,253063.44,3532511.196,4.2272,0.76,804.1273,31.0719,8378773.1462
300803.SZ,2025-11-05,134.55,139.99,134.15,136.03,137.76,-1.73,-1.2558,202638.16,2784475.334,3.3849,0.65,794.0291,30.6817,8273551.9097
300803.SZ,2025-11-06,136.1,140.23,135.21,136.6,136.03,0.57,0.419,246454.44,3397221.339,4.1168,0.97,797.3562,30.8103,8308220.1784
300803.SZ,2025-11-07,134.5,135.5,131.56,132.24,136.6,-4.36,-3.1918,279147.41,3713429.423,4.6629,1.29,771.9062,29.8269,8043038.3338
300803.SZ,2025-11-10,132.85,135.38,131.62,133.83,132.24,1.59,1.2024,199484.72,2657231.157,3.3322,0.86,781.1873,30.1855,8139744.5569
300803.SZ,2025-11-11,135.0,135.1,122.66,124.6,133.83,-9.23,-6.8968,426481.96,5439429.822,7.124,1.81,727.3103,28.1037,7578361.8904
300803.SZ,2025-11-12,124.0,124.5,117.86,121.32,124.6,-3.28,-2.6324,373763.37,4495401.502,6.2434,1.38,708.1644,27.3639,7378867.2917
300803.SZ,2025-11-13,121.19,123.99,120.12,123.66,121.32,2.34,1.9288,220605.28,2700619.927,3.685,0.72,721.8234,27.8917,7521189.6578
300803.SZ,2025-11-14,121.67,124.35,121.66,122.28,123.66,-1.38,-1.116,166404.19,2048081.215,2.7796,0.55,713.7681,27.5804,7437255.9547
300803.SZ,2025-11-17,122.24,123.66,121.9,123.0,122.28,0.72,0.5888,133086.24,1634114.439,2.2231,0.48,717.9708,27.7428,7481047.452
300803.SZ,2025-11-18,123.0,126.5,122.31,124.39,123.0,1.39,1.1301,253249.95,3161674.61,4.2303,0.96,726.0845,28.0563,7565589.3704
300803.SZ,2025-11-19,123.66,125.8,122.44,123.25,124.39,-1.14,-0.9165,143957.44,1779423.294,2.4047,0.63,719.4301,27.7992,7496252.833
300803.SZ,2025-11-20,127.0,127.25,120.4,120.5,123.25,-2.75,-2.2312,187309.85,2298419.385,3.1288,1.02,703.3779,27.1789,7328993.642
300803.SZ,2025-11-21,119.2,121.55,116.95,117.16,120.5,-3.34,-2.7718,211310.29,2515374.309,3.5298,1.2,683.8818,26.4256,7125849.7518
300803.SZ,2025-11-24,117.38,120.48,115.6,119.15,117.16,1.99,1.6985,195086.33,2305863.975,3.2587,1.05,695.4978,26.8744,7246884.5846
300803.SZ,2025-11-25,119.86,122.36,118.82,120.37,119.15,1.22,1.0239,194528.19,2351281.242,3.2494,0.98,702.6191,27.1496,7321086.8439
300803.SZ,2025-11-26,119.5,124.19,119.11,122.04,120.37,1.67,1.3874,203425.01,2484600.36,3.398,1.09,712.3672,27.5263,7422658.789
300803.SZ,2025-11-27,121.9,124.2,120.66,121.0,122.04,-1.04,-0.8522,163805.21,2005126.943,2.7362,0.83,706.2965,27.2917,7359404.404
300803.SZ,2025-11-28,120.11,122.95,120.0,122.62,121.0,1.62,1.3388,125128.91,1522681.139,2.0902,0.65,715.7527,27.6571,7457935.2729
300803.SZ,2025-12-01,122.25,125.43,122.0,124.56,122.62,1.94,1.5821,184238.35,2289310.431,3.0775,1.04,727.0768,28.0946,7575929.0294
300803.SZ,2025-12-02,123.99,124.0,121.06,121.41,124.56,-3.15,-2.5289,133494.81,1626800.615,2.2299,0.77,708.6898,27.3842,7384341.2288
300803.SZ,2025-12-03,121.88,123.66,119.33,119.99,121.41,-1.42,-1.1696,117894.27,1425525.612,1.9693,0.73,700.401,27.0639,7297974.6648
300803.SZ,2025-12-04,119.89,123.37,118.56,121.9,119.99,1.91,1.5918,138269.42,1674227.773,2.3097,0.95,711.55,27.4947,7414143.7756
300803.SZ,2025-12-05,121.31,135.44,121.31,130.79,121.9,8.89,7.2929,538073.73,6950638.253,8.988,3.85,763.4423,29.4998,7954847.124
300803.SZ,2025-12-08,132.0,136.63,130.0,131.16,130.79,0.37,0.2829,502856.66,6704382.176,8.3998,2.26,765.6021,29.5833,7977351.0878
300803.SZ,2025-12-09,128.8,130.0,126.31,127.68,131.16,-3.48,-2.6532,302676.25,3874300.501,5.0559,1.06,745.2888,28.7984,7765692.1843
300803.SZ,2025-12-10,126.63,130.1,125.1,129.09,127.68,1.41,1.1043,267931.84,3427599.682,4.4756,0.84,753.5192,29.1164,7851450.5332
300803.SZ,2025-12-11,127.81,129.1,125.15,125.15,129.09,-3.94,-3.0521,192350.28,2445130.394,3.213,0.55,730.5207,28.2277,7611813.7286
300803.SZ,2025-12-12,125.55,130.51,124.04,126.89,125.15,1.74,1.3903,418185.81,5348882.362,6.9854,1.16,740.6774,28.6202,7717643.1804
300803.SZ,2025-12-15,125.89,129.2,124.54,126.13,126.89,-0.76,-0.5989,213403.15,2710526.209,3.5647,0.63,736.2412,28.4488,7671418.8221
300803.SZ,2025-12-16,125.05,131.12,125.05,128.01,126.13,1.88,1.4905,298951.03,3837510.848,4.9937,1.07,747.215,28.8728,7785763.2872
300803.SZ,2025-12-17,126.5,138.0,126.0,134.65,128.01,6.64,5.1871,449297.93,5931938.795,7.5051,1.62,785.9738,30.3705,8189618.2066
300803.SZ,2025-12-18,132.51,133.84,129.2,129.31,134.65,-5.34,-3.9658,274362.83,3591383.312,4.583,0.87,754.8033,29.166,7864831.2684
300803.SZ,2025-12-19,130.13,133.99,128.81,131.07,129.31,1.76,1.3611,244282.32,3219097.541,4.0805,0.74,765.0767,29.563,7971877.1507
300803.SZ,2025-12-22,129.5,131.8,129.5,130.21,131.07,-0.86,-0.6561,188679.32,2466859.615,3.1517,0.64,760.0568,29.369,7919570.64
300803.SZ,2025-12-23,129.6,132.08,128.18,129.27,130.21,-0.94,-0.7219,182303.25,2369813.63,3.0452,0.63,754.5698,29.157,7862398.4075
300803.SZ,2025-12-24,128.43,134.75,128.43,133.18,129.27,3.91,3.0247,267666.08,3537578.305,4.4711,1.0,777.3932,30.0389,8100210.5663
300803.SZ,2025-12-25,133.0,135.96,131.6,134.58,133.18,1.4,1.0512,248535.36,3330415.391,4.1516,1.07,785.5652,30.3547,8185360.6999
300803.SZ,2025-12-26,133.62,140.27,133.57,135.15,134.58,0.57,0.4235,375585.82,5158561.726,6.2738,1.66,788.8924,30.4832,8220028.9686
300803.SZ,2025-12-29,134.19,135.28,132.71,133.7,135.15,-1.45,-1.0729,199608.4,2671455.358,3.3343,0.79,780.4285,30.1562,8131837.7588
300803.SZ,2025-12-30,133.0,136.15,132.12,134.79,133.7,1.09,0.8153,202241.36,2707391.344,3.3783,0.79,786.791,30.402,8198133.22
300803.SZ,2025-12-31,134.3,135.93,130.87,130.87,134.79,-3.92,-2.9082,223093.47,2978366.918,3.7266,0.86,763.9093,29.5179,7959712.8459
300803.SZ,2026-01-05,130.51,136.6,130.5,135.73,130.87,4.86,3.7136,312768.34,4200718.021,5.2245,1.25,792.2779,30.6141,8255305.4525
300803.SZ,2026-01-06,135.73,149.23,134.7,148.78,135.73,13.05,9.6147,633859.25,9177825.018,10.5881,2.41,868.4529,33.5575,9049026.3407
300803.SZ,2026-01-07,145.61,147.9,141.3,143.09,148.78,-5.69,-3.8244,386502.7,5581452.996,6.4562,1.23,835.2394,32.2741,8702951.8692
300803.SZ,2026-01-08,140.74,141.5,136.88,138.51,143.09,-4.58,-3.2008,300278.82,4158057.416,5.0159,0.85,808.5052,31.2411,8424389.2892
300803.SZ,2026-01-09,137.12,140.97,137.12,139.06,138.51,0.55,0.3971,273686.91,3808360.073,4.5717,0.74,811.7157,31.3651,8457841.1274
300803.SZ,2026-01-12,138.81,151.0,138.18,147.84,139.06,8.78,6.3138,538673.93,7860903.501,8.9981,1.41,862.9659,33.3455,8991854.1082
300803.SZ,2026-01-13,150.01,151.8,142.08,143.36,147.84,-4.48,-3.0303,400220.43,5880826.511,6.6853,0.94,836.8155,32.335,8719373.6806
300803.SZ,2026-01-14,142.11,154.41,140.66,141.99,143.36,-1.37,-0.9556,601270.0,8860695.635,10.0437,1.58,828.8185,32.026,8636048.1928
300803.SZ,2026-01-15,141.0,142.6,134.0,135.31,141.99,-6.68,-4.7046,376867.75,5162903.343,6.2952,0.89,789.8263,30.5193,8229760.4124
300803.SZ,2026-01-16,137.38,140.44,134.66,135.0,135.31,-0.31,-0.2291,246682.79,3368789.166,4.1206,0.56,788.0168,30.4494,8210905.74
300803.SZ,2026-01-19,134.43,134.44,129.18,132.29,135.0,-2.71,-2.0074,255399.8,3364815.231,4.2662,0.59,772.1981,29.8382,8046079.41
300803.SZ,2026-01-20,131.21,132.73,128.56,129.45,132.29,-2.84,-2.1468,174720.84,2277952.081,2.9186,0.46,755.6205,29.1976,7873346.2818
300803.SZ,2026-01-21,129.0,131.11,128.68,128.8,129.45,-0.65,-0.5021,162504.29,2106492.405,2.7145,0.49,751.8264,29.051,7833812.2912
300803.SZ,2026-01-22,128.88,130.6,127.8,128.22,128.8,-0.58,-0.4503,155064.86,1997454.503,2.5902,0.64,748.4408,28.9202,7798535.8073
300803.SZ,2026-01-23,128.8,130.45,128.03,129.25,128.22,1.03,0.8033,168670.2,2181384.356,2.8175,0.85,754.4531,29.1525,7861181.977
300803.SZ,2026-01-26,128.0,131.62,126.48,127.68,129.25,-1.57,-1.2147,224624.88,2900998.542,3.7522,1.23,745.2888,28.7984,7765692.1843
300803.SZ,2026-01-27,126.78,127.66,122.52,125.66,127.68,-2.02,-1.5821,197415.62,2465031.264,3.2977,1.11,733.4977,28.3428,7642832.7058
300803.SZ,2026-01-28,126.0,127.27,125.32,125.64,125.66,-0.02,-0.0159,150091.21,1891090.843,2.5071,0.83,733.381,28.3382,7641616.2754
300803.SZ,2026-01-29,124.51,129.0,122.6,127.52,125.64,1.88,1.4963,242876.28,3065167.646,4.057,1.36,744.3548,28.7623,7755960.7405
300803.SZ,2026-01-30,127.18,127.19,124.0,124.0,127.52,-3.52,-2.7604,162498.86,2034688.128,2.7144,0.83,723.808,27.9683,7541868.976
300803.SZ,2026-02-02,122.5,125.94,122.0,122.17,124.0,-1.83,-1.4758,143729.54,1783116.557,2.3744,0.74,326.867,26.7079,7449827.8256
300803.SZ,2026-02-03,123.85,124.18,120.36,121.61,122.17,-0.56,-0.4584,165099.09,2006861.482,2.7274,0.92,325.3687,26.5855,7415679.4783
300803.SZ,2026-02-04,120.88,124.38,119.0,122.29,121.61,0.68,0.5592,195023.33,2371183.586,3.2217,1.13,327.188,26.7342,7457145.3285
300803.SZ,2026-02-05,121.01,124.44,120.5,122.48,122.29,0.19,0.1554,177011.66,2167175.064,2.9242,0.97,327.6964,26.7757,7468731.3749
300803.SZ,2026-02-06,121.26,122.9,119.0,119.6,122.48,-2.88,-2.3514,139138.95,1686317.629,2.2985,0.82,319.9909,26.1461,7293111.3034
300803.SZ,2026-02-09,121.0,121.6,120.0,121.21,119.6,1.61,1.3462,131911.34,1594133.909,2.1791,0.8,324.2985,26.4981,7391287.8017
300803.SZ,2026-02-10,121.0,121.7,119.0,119.01,121.21,-2.2,-1.815,122364.97,1469388.752,2.0214,0.76,318.4123,26.0171,7257133.5804
300803.SZ,2026-02-11,118.84,119.49,117.36,117.66,119.01,-1.35,-1.1344,103420.3,1224279.737,1.7085,0.68,314.8004,25.722,7174811.6719
300803.SZ,2026-02-12,117.51,119.2,117.2,118.47,117.66,0.81,0.6884,100543.3,1188255.364,1.6609,0.75,316.9676,25.8991,7224204.817
300803.SZ,2026-02-13,118.47,119.3,115.09,115.21,118.47,-3.26,-2.7518,148711.48,1741133.5,2.4567,1.24,308.2454,25.1864,7025412.6527
300803.SZ,2026-02-24,116.01,116.25,114.01,114.46,115.21,-0.75,-0.651,108248.45,1244027.947,1.7882,0.89,306.2388,25.0224,6979678.2591
300803.SZ,2026-02-25,114.88,119.5,114.38,117.77,114.46,3.31,2.8918,188282.16,2213289.613,3.1104,1.61,315.0947,25.746,7181519.383
300803.SZ,2026-02-26,117.91,117.91,115.79,116.24,117.77,-1.53,-1.2991,117502.07,1368946.018,1.9411,0.9,311.0012,25.4116,7088221.22
300803.SZ,2026-02-27,115.88,117.5,115.0,116.03,116.24,-0.21,-0.1807,118839.67,1382342.594,1.9632,0.9,310.4393,25.3656,7075415.5897
300803.SZ,2026-03-02,114.0,115.5,112.33,114.49,116.03,-1.54,-1.3272,167732.71,1912925.262,2.7709,1.23,306.319,25.029,6981507.6348
300803.SZ,2026-03-03,114.5,118.49,112.77,113.03,114.49,-1.46,-1.2752,251797.83,2911904.683,4.1596,1.8,302.4128,24.7098,6892478.0152
300803.SZ,2026-03-04,111.53,114.95,111.11,111.98,113.03,-1.05,-0.929,146906.23,1654478.908,2.4268,0.87,299.6035,24.4803,6828449.8642
300803.SZ,2026-03-05,113.9,114.2,109.6,110.75,111.98,-1.23,-1.0984,176851.93,1967048.067,2.9215,1.1,296.3126,24.2114,6753445.4586
300803.SZ,2026-03-06,110.19,114.18,109.88,112.38,110.67,1.71,1.5451,159645.73,1791646.401,2.6373,0.93,300.6737,25.005,6852841.5408
300803.SZ,2026-03-09,109.01,109.66,107.15,108.82,112.38,-3.56,-3.1678,174079.03,1887477.616,2.8757,0.96,291.1489,24.2129,6635755.619
300803.SZ,2026-03-10,110.0,111.33,107.38,108.04,108.82,-0.78,-0.7168,172945.92,1882891.492,2.857,0.95,289.062,24.0394,6588191.8497
300803.SZ,2026-03-11,108.07,109.79,107.7,108.4,108.04,0.36,0.3332,135071.3,1467699.605,2.2313,0.81,290.0252,24.1195,6610144.3586
300803.SZ,2026-03-12,107.63,108.86,105.86,106.58,108.4,-1.82,-1.679,128069.51,1371225.009,2.1157,0.78,285.1558,23.7145,6499162.2301
300803.SZ,2026-03-13,106.0,106.5,103.23,103.27,106.58,-3.31,-3.1056,139820.1,1457729.843,2.3098,0.91,276.2998,22.978,6297321.1062
300803.SZ,2026-03-16,103.27,105.2,102.1,104.94,103.27,1.67,1.6171,134029.24,1394169.365,2.2141,0.89,280.7679,23.3496,6399156.356
300803.SZ,2026-03-17,105.01,110.89,104.66,106.57,104.94,1.63,1.5533,294185.83,3179748.147,4.8599,2.07,285.129,23.7123,6498552.4382
300803.SZ,2026-03-18,106.83,106.99,104.8,106.0,106.57,-0.57,-0.5349,144851.89,1529382.477,2.3929,0.87,283.604,23.5854,6463794.299
300803.SZ,2026-03-19,104.88,106.83,104.42,104.96,106.0,-1.04,-0.9811,145231.05,1531247.3,2.3992,0.86,280.8214,23.354,6400375.9398
300803.SZ,2026-03-20,105.63,105.96,101.35,101.4,104.96,-3.56,-3.3918,160683.97,1655452.502,2.6544,0.94,271.2966,22.5619,6183290.0181
300803.SZ,2026-03-23,99.99,103.0,99.2,99.96,101.4,-1.44,-1.4201,212747.71,2150753.33,3.5145,1.21,267.4439,22.2415,6095479.9823
300803.SZ,2026-03-24,101.85,102.35,97.5,99.69,99.96,-0.27,-0.2701,190655.14,1887843.885,3.1496,1.0,266.7215,22.1814,6079015.6006
300803.SZ,2026-03-25,99.39,102.55,99.25,100.96,99.69,1.27,1.2739,173691.96,1756504.919,2.8693,1.02,270.1194,22.464,6156459.1738
300803.SZ,2026-03-26,100.71,100.99,96.87,97.03,100.96,-3.93,-3.8926,154996.94,1523212.24,2.5605,0.88,259.6047,21.5896,5916810.9512
300803.SZ,2026-03-27,96.74,99.78,96.45,98.4,97.03,1.37,1.4119,132386.01,1301668.735,2.187,0.74,263.2701,21.8944,6000352.4436
300803.SZ,2026-03-30,97.01,99.77,97.01,98.9,98.4,0.5,0.5081,104030.79,1026741.571,1.7186,0.6,264.6079,22.0057,6030842.0394
300803.SZ,2026-03-31,98.87,101.75,97.18,97.28,98.9,-1.62,-1.638,126968.33,1260926.744,2.0975,0.84,260.2735,21.6452,5932055.7491
300803.SZ,2026-04-01,99.12,101.6,99.12,100.25,97.28,2.97,3.053,176309.37,1770475.151,2.9126,1.27,268.2198,22.306,6113163.9479
300803.SZ,2026-04-02,99.62,100.4,97.32,98.0,100.25,-2.25,-2.2444,108887.33,1070555.191,1.7988,0.78,262.1999,21.8054,5975960.767
300803.SZ,2026-04-03,98.2,99.0,94.78,94.8,98.0,-3.2,-3.2653,140564.4,1346356.909,2.3221,1.08,253.6383,21.0934,5780827.3542
300803.SZ,2026-04-07,95.0,96.3,94.28,95.56,94.8,0.76,0.8017,94184.49,898957.55,1.5559,0.72,255.6717,21.2625,5827171.5397
300803.SZ,2026-04-08,98.1,103.6,98.1,102.95,95.56,7.39,7.7334,281788.25,2863052.224,4.655,2.18,275.4437,22.9068,6277807.7649
300803.SZ,2026-04-09,100.8,100.82,98.61,98.65,102.95,-4.3,-4.1768,161840.25,1611678.895,2.6735,1.01,263.939,21.95,6015597.2415
300803.SZ,2026-04-10,100.3,106.0,100.07,101.68,98.65,3.03,3.0715,338549.35,3503284.198,5.5927,2.15,272.0458,22.6242,6200364.1917
300803.SZ,2026-04-13,101.03,104.53,99.84,102.66,101.68,0.98,0.9638,224708.46,2302996.056,3.7121,1.1,274.6678,22.8423,6260123.7994
300803.SZ,2026-04-14,103.78,104.28,101.66,103.85,102.66,1.19,1.1592,202562.98,2081075.162,3.3463,0.92,277.8516,23.1071,6332689.0373
300803.SZ,2026-04-15,104.5,104.88,100.88,101.32,103.85,-2.53,-2.4362,159012.57,1627723.543,2.6268,0.66,271.0826,22.5441,6178411.6828
300803.SZ,2026-04-16,100.1,101.14,97.57,99.82,101.32,-1.5,-1.4805,214194.55,2135743.452,3.5384,0.99,267.0693,22.2104,6086942.8955
300803.SZ,2026-04-17,99.17,100.28,97.69,99.54,99.82,-0.28,-0.2805,190713.96,1883952.471,3.1505,0.84,266.3202,22.1481,6069868.7219
300803.SZ,2026-04-20,99.55,102.19,99.31,100.83,99.54,1.29,1.296,171720.92,1735053.693,2.8368,0.87,269.7716,22.4351,6148531.8789
300803.SZ,2026-04-21,100.2,100.2,97.82,98.97,100.83,-1.86,-1.8447,143394.43,1414373.518,2.3688,0.76,264.7951,22.0212,6035110.5828
300803.SZ,2026-04-22,98.5,101.4,97.8,100.96,98.97,1.99,2.0107,170183.36,1702453.427,2.8114,0.97,270.1194,22.464,6156459.1738
300803.SZ,2026-04-23,100.72,100.72,97.12,98.17,100.96,-2.79,-2.7635,169889.39,1674915.687,2.8065,0.95,262.6547,21.8432,5986327.2296
300803.SZ,2026-04-24,98.63,98.68,95.5,96.06,98.17,-2.11,-2.1493,133373.31,1284574.217,2.2033,0.79,257.0094,21.3738,5857661.1355
300803.SZ,2026-04-27,96.51,99.14,96.5,96.85,96.06,0.79,0.8224,130220.38,1271608.545,2.1512,0.83,259.1231,20.6094,5905834.6968
300803.SZ,2026-04-28,96.05,98.3,95.5,96.02,96.85,-0.83,-0.857,138661.87,1340086.453,2.2906,0.93,256.9024,20.4328,5855221.9678
300803.SZ,2026-04-29,95.54,97.82,95.48,97.34,96.02,1.32,1.3747,136244.99,1317063.503,2.2507,0.92,260.4341,20.7137,5935714.5006
300803.SZ,2026-04-30,96.88,100.99,96.69,98.39,97.34,1.05,1.0787,188395.12,1863829.174,3.1122,1.33,263.2433,20.9372,5999742.6517
300803.SZ,2026-05-06,98.81,105.33,98.81,103.0,98.39,4.61,4.6854,325251.07,3340433.14,5.373,2.24,275.5774,21.9182,6280856.7245
300803.SZ,2026-05-07,104.2,105.81,102.5,104.0,103.0,1.0,0.9709,198052.29,2050272.041,3.2718,1.08,278.2529,22.131,6341835.916
300803.SZ,2026-05-08,103.02,103.88,101.75,103.11,104.0,-0.89,-0.8558,147400.39,1517565.233,2.435,0.75,275.8717,21.9416,6287564.4356
300803.SZ,2026-05-11,103.5,109.87,103.21,108.54,103.11,5.43,5.2662,417744.08,4477971.935,6.901,2.1,290.3998,23.0971,6618681.4454
300803.SZ,2026-05-12,108.0,109.19,106.2,107.06,108.54,-1.48,-1.3636,237553.63,2551051.678,3.9243,0.93,286.44,22.7821,6528432.242
300803.SZ,2026-05-13,106.47,107.0,103.73,106.9,107.06,-0.16,-0.1494,203468.55,2145242.274,3.3612,0.77,286.0119,22.7481,6518675.5714
300803.SZ,2026-05-14,106.9,107.81,101.71,101.71,106.9,-5.19,-4.855,216343.35,2249382.264,3.5739,0.9,272.126,21.6436,6202193.5675
300803.SZ,2026-05-15,101.72,103.94,98.78,99.46,101.71,-2.25,-2.2122,230217.66,2319557.77,3.8031,0.94,266.1061,21.1649,6064990.3866
300803.SZ,2026-05-18,99.0,102.38,98.61,100.62,99.46,1.16,1.1663,175733.13,1772108.74,2.9031,0.67,269.2097,21.4117,6135726.2487
300803.SZ,2026-05-19,101.01,101.4,97.88,100.89,100.62,0.27,0.2683,180399.88,1795592.942,2.9801,0.85,269.9321,21.4692,6152190.6304
300803.SZ,2026-05-20,100.6,101.35,99.12,100.11,100.89,-0.78,-0.7731,129929.32,1300898.014,2.1464,0.65,267.8452,21.3032,6104626.8611
300803.SZ,2026-05-21,100.8,109.3,100.8,101.73,100.11,1.62,1.6182,471253.4,4970804.736,7.7849,2.53,272.1795,21.6479,6203413.1513
300803.SZ,2026-05-22,101.78,102.68,96.66,98.19,101.73,-3.54,-3.4798,321047.95,3159614.166,5.3036,1.35,262.7082,20.8946,5987546.8134
300803.SZ,2026-05-25,98.8,103.18,98.03,99.84,98.19,1.65,1.6804,219754.14,2192730.832,3.6303,0.86,267.1228,21.2457,6088162.4794
300803.SZ,2026-05-26,98.58,101.68,97.28,100.81,99.84,0.97,0.9716,238100.86,2379459.102,3.9333,0.9,269.7181,21.4521,6147312.2951
300803.SZ,2026-05-27,99.65,101.5,96.82,97.14,100.81,-3.67,-3.6405,206623.38,2039448.959,3.4133,0.75,259.899,20.6712,5923518.6623
300803.SZ,2026-05-28,96.4,96.49,92.31,95.44,97.14,-1.7,-1.7501,238324.83,2246022.497,3.937,0.82,255.3506,20.3094,5819854.0368
300803.SZ,2026-05-29,95.46,97.27,91.35,91.85,95.44,-3.59,-3.7615,214159.77,2011805.301,3.5378,0.87,245.7455,19.5455,5600938.7393
300803.SZ,2026-06-01,91.3,93.98,90.65,91.13,91.85,-0.72,-0.7839,190982.0,1763760.181,3.155,0.85,243.8191,19.3922,5557033.7214
300803.SZ,2026-06-02,91.0,91.3,87.52,89.69,91.13,-1.44,-1.5802,186782.65,1665615.674,3.0856,0.86,239.9664,19.0858,5469223.6856
300803.SZ,2026-06-03,88.91,92.22,87.67,88.95,89.69,-0.74,-0.8251,207229.35,1860290.778,3.4234,1.0,237.9865,18.9283,5424099.0839
300803.SZ,2026-06-04,88.57,89.6,87.02,87.51,88.95,-1.44,-1.6189,137231.26,1206548.529,2.267,0.66,234.1338,18.6219,5336289.0482
300803.SZ,2026-06-05,87.87,87.98,83.88,83.98,87.51,-3.53,-4.0338,182599.66,1561884.22,3.0165,0.98,224.6893,17.8707,5121032.5022
300803.SZ,2026-06-08,81.63,84.88,80.0,80.68,83.98,-3.3,-3.9295,178067.26,1462210.697,2.9416,0.98,215.8601,17.1685,4919801.1702
300803.SZ,2026-06-09,81.09,83.2,80.02,83.08,80.68,2.4,2.9747,173951.36,1425791.58977,2.8736,0.98,222.2813,17.6792,5066151.2298
300803.SZ,2026-06-10,82.28,82.77,79.6,80.35,83.08,-2.73,-3.286,152523.04,1235005.91084,2.5196,0.87,214.9772,17.0983,4899678.037
300803.SZ,2026-06-11,80.01,80.89,77.7,78.37,80.35,-1.98,-2.4642,143479.72,1131053.05069,2.3702,0.87,209.6797,16.6769,4778939.2379
300803.SZ,2026-06-12,79.85,87.88,78.97,86.2,78.37,7.83,9.9911,427026.64,3609711.06348,7.0543,2.57,230.6289,18.3432,5256406.178
300803.SZ,2026-06-15,86.7,96.77,85.6,93.2,86.2,7.0,8.1206,475409.44,4381976.6701,7.8536,2.21,249.3574,19.8327,5683260.508
300803.SZ,2026-06-16,93.2,99.28,91.95,96.5,93.2,3.3,3.5408,375837.49,3621906.27774,6.2087,1.37,258.1866,20.535,5884491.835
300803.SZ,2026-06-17,96.0,98.42,95.46,97.79,96.5,1.29,1.3368,273868.49,2665791.92098,4.5242,0.87,261.638,20.8095,5963154.9901
300803.SZ,2026-06-18,97.7,98.71,95.0,95.76,97.79,-2.03,-2.0759,228794.72,2203267.74017,3.7796,0.67,256.2067,20.3775,5839367.2344
300803.SZ,2026-06-22,95.04,106.24,93.56,105.6,95.76,9.84,10.2757,640050.36,6397621.56343,10.5734,1.8,282.5338,22.4714,6439402.464
300803.SZ,2026-06-23,104.0,107.8,102.8,103.6,105.6,-2.0,-1.8939,455518.59,4782733.06228,7.525,1.14,277.1827,22.0458,6317444.084
300803.SZ,2026-06-24,102.0,103.18,97.39,98.02,103.6,-5.58,-5.3861,326882.3,3240234.42195,5.4,0.83,262.2534,20.8584,5977180.2038
300803.SZ,2026-06-25,98.0,105.27,96.36,102.05,98.02,4.03,4.1114,405392.74,4095870.785,6.697,1.05,273.0357,21.716,6222926.3395
300803.SZ,2026-06-26,102.73,103.0,94.59,94.79,102.05,-7.26,-7.1142,303780.44,2971322.60341,5.0184,0.74,253.6115,20.1711,5780217.4201
300803.SZ,2026-06-29,94.97,96.02,90.51,90.97,94.79,-3.82,-4.03,268725.21,2489568.07094,4.4393,0.63,243.3911,19.3582,5547276.9143
300803.SZ,2026-06-30,91.69,92.25,89.45,91.67,90.97,0.7,0.7695,212688.3,1929878.31486,3.5135,0.6,245.2639,19.5072,5589962.3473
300803.SZ,2026-07-01,91.0,99.5,90.15,96.42,91.67,4.75,5.1816,439280.25,4194907.6405,7.2568,1.45,257.9726,20.5179,5879613.4998
300803.SZ,2026-07-02,94.98,97.47,88.69,88.99,96.42,-7.43,-7.7059,315583.59,2907694.26393,5.2133,0.97,238.0936,18.9369,5426538.1181
300803.SZ,2026-07-03,89.93,90.87,87.54,87.54,88.99,-1.45,-1.6294,198210.61,1759423.4546,3.2744,0.64,234.2141,18.6283,5338118.2926
300803.SZ,2026-07-06,88.92,89.57,84.88,85.0,87.54,-2.54,-2.9015,173048.77,1495237.0205,2.8587,0.6,227.4183,18.0878,5183231.15
300803.SZ,2026-07-07,84.5,85.18,82.0,82.49,85.0,-2.51,-2.9529,140140.41,1168301.85522,2.3151,0.52,220.7027,17.5537,5030173.3831
300803.SZ,2026-07-08,82.21,82.99,79.88,79.97,82.49,-2.52,-3.0549,173395.94,1411167.83623,2.8644,0.68,213.9605,17.0174,4876505.8243
300803.SZ,2026-07-09,80.11,83.86,79.8,83.78,79.97,3.81,4.7643,224165.46,1837835.49285,3.7031,1.12,224.1541,17.8282,5108836.5382
