ts_code,trade_date,open,high,low,close,pre_close,change,pct_chg,vol,amount,turnover_rate,volume_ratio,pe,pb,total_mv
688012.SH,2023-01-03,97.8,100.37,96.31,99.9,98.01,1.89,1.9284,44624.54,439930.466,0.7241,1.15,60.8675,4.0853,6156282.3552
688012.SH,2023-01-04,100.1,102.5,98.17,98.66,99.9,-1.24,-1.2412,44997.88,449586.966,0.7302,1.07,60.112,4.0346,6079868.0397
688012.SH,2023-01-05,98.42,100.56,97.52,99.45,98.66,0.79,0.8007,45250.97,448309.079,0.7343,1.02,60.5933,4.0669,6128551.3536
688012.SH,2023-01-06,98.45,101.21,97.8,99.49,99.45,0.04,0.0402,43488.18,433186.415,0.7057,1.03,60.6177,4.0685,6131016.3315
688012.SH,2023-01-09,100.0,100.98,97.02,98.6,99.49,-0.89,-0.8946,63533.11,627671.005,1.031,1.44,60.0754,4.0322,6076170.5728
688012.SH,2023-01-10,98.5,101.14,98.03,100.14,98.6,1.54,1.5619,45960.78,459526.108,0.7458,0.95,61.0137,4.0951,6171072.2227
688012.SH,2023-01-11,100.28,104.86,99.87,100.03,100.14,-0.11,-0.1098,71166.15,731574.515,1.1548,1.46,60.9467,4.0906,6164293.5334
688012.SH,2023-01-12,99.55,100.15,98.28,99.25,100.03,-0.78,-0.7798,32795.3,325232.997,0.5322,0.61,60.4715,4.0587,6116226.464
688012.SH,2023-01-13,99.48,100.15,98.58,100.15,99.25,0.9,0.9068,27841.85,276986.029,0.4518,0.54,61.0198,4.0955,6171688.4672
688012.SH,2023-01-16,99.35,105.1,99.0,104.66,100.15,4.51,4.5032,73213.41,755973.82,1.1881,1.52,63.7677,4.28,6449614.7277
688012.SH,2023-01-17,104.98,107.14,104.61,106.32,104.66,1.66,1.5861,59762.04,633894.613,0.9698,1.19,64.7791,4.3479,6551911.3114
688012.SH,2023-01-18,107.0,107.5,105.88,106.36,106.32,0.04,0.0376,35008.01,373102.283,0.5681,0.66,64.8035,4.3495,6554376.2893
688012.SH,2023-01-19,105.9,109.3,105.5,108.93,106.36,2.57,2.4163,47499.87,514125.052,0.7708,1.04,66.3693,4.4546,6712751.1206
688012.SH,2023-01-20,108.4,109.6,107.55,108.35,108.93,-0.58,-0.5325,35578.01,385523.77,0.5773,0.73,66.0159,4.4309,6677008.9408
688012.SH,2023-01-30,110.1,110.4,105.23,106.9,108.35,-1.45,-1.3383,63882.82,685271.209,1.0366,1.27,65.1325,4.3716,6587653.4912
688012.SH,2023-01-31,107.43,107.98,104.0,104.89,106.9,-2.01,-1.8803,51680.64,543923.223,0.8386,1.07,63.9078,4.2894,6463788.3507
688012.SH,2023-02-01,105.2,106.94,104.58,105.79,104.89,0.9,0.858,63991.8,675086.152,1.0384,1.37,64.4562,4.3262,6519250.3539
688012.SH,2023-02-02,106.65,110.57,106.65,108.93,105.79,3.14,2.9681,125032.61,1358628.729,2.0289,2.38,66.3693,4.4546,6712751.1206
688012.SH,2023-02-03,107.88,109.39,106.06,108.2,108.93,-0.73,-0.6702,55077.04,592763.462,0.8938,0.81,65.9246,4.4247,6667765.2736
688012.SH,2023-02-06,107.7,108.88,106.74,107.33,108.2,-0.87,-0.8041,49546.93,532985.284,0.804,0.69,65.3945,4.3892,6614152.0038
688012.SH,2023-02-07,107.5,107.99,104.0,104.65,107.33,-2.68,-2.497,65996.6,693387.2,1.0709,0.96,63.7616,4.2796,6448998.4832
688012.SH,2023-02-08,104.49,106.47,104.29,104.95,104.65,0.3,0.2867,46854.2,493700.584,0.7603,0.65,63.9444,4.2918,6467485.8176
688012.SH,2023-02-09,104.23,109.2,103.64,108.81,104.95,3.86,3.6779,100382.21,1076503.87,1.6289,1.47,66.2962,4.4497,6705356.1869
688012.SH,2023-02-10,109.0,110.6,108.19,109.35,108.81,0.54,0.4963,62496.52,683623.919,1.0142,0.98,66.6252,4.4718,6738633.3888
688012.SH,2023-02-13,108.9,109.96,107.1,109.8,109.35,0.45,0.4115,59398.66,646089.791,0.9639,0.91,66.8994,4.4902,6766364.3904
688012.SH,2023-02-14,110.0,113.74,108.33,109.31,109.8,-0.49,-0.4463,70395.37,780057.573,1.1423,1.05,66.6009,4.4701,6736168.4109
688012.SH,2023-02-15,109.16,113.26,109.01,112.47,109.31,3.16,2.8909,91727.9,1026849.834,1.4885,1.35,68.5262,4.5994,6930901.6666
688012.SH,2023-02-16,112.09,113.99,109.45,110.3,112.47,-2.17,-1.9294,85720.45,963330.549,1.391,1.11,67.204,4.5106,6797176.6144
688012.SH,2023-02-17,109.98,110.29,104.82,104.82,110.3,-5.48,-4.9683,72201.49,771756.344,1.1716,0.98,63.8652,4.2865,6459474.6394
688012.SH,2023-02-20,104.13,108.1,104.08,107.88,104.82,3.06,2.9193,50422.64,535552.495,0.8182,0.66,65.7296,4.4116,6648045.4502
688012.SH,2023-02-21,107.21,108.8,106.6,108.02,107.88,0.14,0.1298,28084.75,302191.286,0.4557,0.38,65.8149,4.4174,6656672.873
688012.SH,2023-02-22,107.01,109.48,106.75,108.49,108.02,0.47,0.4351,40077.28,433666.778,0.6503,0.61,66.1012,4.4366,6685636.3635
688012.SH,2023-02-23,107.83,109.39,107.78,108.43,108.49,-0.06,-0.0553,32067.9,347972.198,0.5204,0.58,66.0647,4.4341,6681938.8966
688012.SH,2023-02-24,109.48,110.0,106.6,106.95,108.43,-1.48,-1.3649,33167.31,358068.61,0.5382,0.74,65.1629,4.3736,6590734.7136
688012.SH,2023-02-27,107.1,107.6,103.8,104.34,106.95,-2.61,-2.4404,51397.11,538705.082,0.834,1.4,63.5727,4.2669,6429894.9043
688012.SH,2023-02-28,105.1,105.5,103.58,105.3,104.34,0.96,0.9201,30078.8,314498.842,0.4881,0.81,64.1576,4.1839,6489054.3744
688012.SH,2023-03-01,104.86,106.69,104.7,106.27,105.3,0.97,0.9212,27271.3,288180.699,0.4425,0.73,64.7486,4.2224,6548830.089
688012.SH,2023-03-02,106.3,111.08,106.3,109.3,106.27,3.03,2.8512,61492.89,671597.668,0.9979,1.77,66.5948,4.3428,6735552.1664
688012.SH,2023-03-03,113.0,120.3,113.0,119.19,109.3,9.89,9.0485,146096.6,1717427.898,2.3708,3.59,72.6206,4.7358,7345017.9571
688012.SH,2023-03-06,119.2,124.99,117.99,123.24,119.19,4.05,3.3979,139854.3,1704743.65,2.2695,2.21,75.0882,4.8967,7594596.9715
688012.SH,2023-03-07,122.45,124.33,119.0,119.25,123.24,-3.99,-3.2376,87977.83,1070193.211,1.4276,1.09,72.6571,4.7382,7348715.424
688012.SH,2023-03-08,120.93,126.38,119.11,124.0,119.25,4.75,3.9832,111565.62,1377872.354,1.8104,1.21,75.5512,4.9269,7641431.552
688012.SH,2023-03-09,125.0,128.3,124.25,124.25,124.0,0.25,0.2016,132553.64,1670378.858,2.151,1.21,75.7036,4.9368,7656837.664
688012.SH,2023-03-10,122.83,126.53,122.5,123.5,124.25,-0.75,-0.6036,102027.17,1273431.251,1.6556,0.83,75.2466,4.907,7610619.328
688012.SH,2023-03-13,122.28,126.5,119.85,122.0,123.5,-1.5,-1.2146,112850.89,1379691.434,1.8313,0.98,74.3327,4.8474,7518182.656
688012.SH,2023-03-14,122.0,127.4,121.1,126.18,122.0,4.18,3.4262,136926.6,1706234.999,2.222,1.25,76.8795,5.0135,7775772.8486
688012.SH,2023-03-15,125.5,129.36,124.08,124.7,126.18,-1.48,-1.1729,112987.8,1423597.943,1.8335,0.95,75.9777,4.9547,7684568.6656
688012.SH,2023-03-16,122.9,125.9,120.13,121.26,124.7,-3.44,-2.7586,92321.24,1130660.198,1.4981,0.77,73.8818,4.818,7472580.5645
688012.SH,2023-03-17,123.1,125.12,120.7,124.22,121.26,2.96,2.441,114219.45,1407845.967,1.8535,1.03,75.6853,4.9356,7654988.9306
688012.SH,2023-03-20,125.1,136.08,124.01,130.65,124.22,6.43,5.1763,167867.34,2187478.958,2.724,1.47,79.603,5.1911,8051234.1312
688012.SH,2023-03-21,130.65,133.36,128.21,131.03,130.65,0.38,0.2909,88718.59,1154636.341,1.4397,0.71,79.8345,5.2062,8074651.4214
688012.SH,2023-03-22,133.0,136.0,131.0,132.6,131.03,1.57,1.1982,117269.41,1565904.918,1.903,1.02,80.7911,5.2686,8171401.8048
688012.SH,2023-03-23,131.2,135.5,130.3,133.87,132.6,1.27,0.9578,111748.14,1482064.474,1.8134,0.96,81.5649,5.3191,8249664.8538
688012.SH,2023-03-24,133.9,133.9,127.52,128.14,133.87,-5.73,-4.2803,121136.39,1568048.522,1.9657,1.01,78.0737,5.0914,7896556.7667
688012.SH,2023-03-27,127.1,131.28,126.37,128.41,128.14,0.27,0.2107,73814.92,950728.891,1.1978,0.61,78.2382,5.1021,7913195.3677
688012.SH,2023-03-28,128.02,130.93,126.1,128.2,128.41,-0.21,-0.1635,80601.78,1038907.058,1.308,0.79,78.1102,5.0938,7900254.2336
688012.SH,2023-03-29,128.18,142.55,126.66,138.35,128.2,10.15,7.9173,181137.03,2472651.802,2.9394,1.79,84.2945,5.4971,8525742.3808
688012.SH,2023-03-30,138.9,141.17,136.83,139.99,138.35,1.64,1.1854,106011.28,1474736.607,1.7203,0.93,85.2937,5.5622,8626806.4755
688012.SH,2023-03-31,139.97,149.39,138.03,147.51,139.99,7.52,5.3718,194443.91,2818931.501,3.1553,1.73,77.708,5.8707,9090222.3245
688012.SH,2023-04-03,151.0,166.66,151.0,163.9,147.51,16.39,11.1111,204023.85,3267723.317,3.3108,1.6,86.3422,6.5231,10100247.0272
688012.SH,2023-04-04,161.8,175.74,161.01,165.8,163.9,1.9,1.1592,231597.21,3920204.34,3.7582,1.51,87.3431,6.5987,10217333.4784
688012.SH,2023-04-06,168.36,179.63,168.0,172.8,165.8,7.0,4.222,242133.8,4236360.921,3.9292,1.32,91.0307,6.8773,10648704.6144
688012.SH,2023-04-07,174.5,181.97,170.26,180.2,172.8,7.4,4.2824,169236.47,2994374.581,2.7463,0.87,94.929,7.1718,11104725.5296
688012.SH,2023-04-10,180.9,190.84,174.12,175.08,180.2,-5.12,-2.8413,250627.75,4538046.243,4.067,1.2,92.2318,6.968,10789208.3558
688012.SH,2023-04-11,177.47,179.92,164.0,168.43,175.08,-6.65,-3.7983,256701.06,4373905.41,4.1656,1.17,88.8451,6.7121,10393028.1761
688012.SH,2023-04-12,166.5,172.3,166.0,167.9,168.43,-0.53,-0.3147,140923.18,2384859.42,2.2868,0.61,88.5655,6.691,10360324.3529
688012.SH,2023-04-13,165.94,174.59,165.0,166.74,167.9,-1.16,-0.6909,159031.43,2694717.712,2.5773,0.75,87.9536,6.6275,10288746.174
688012.SH,2023-04-14,171.97,189.96,166.86,189.5,166.74,22.76,13.65,292527.98,5250353.666,4.7407,1.5,99.9593,7.5321,11693159.4097
688012.SH,2023-04-17,188.5,198.28,186.51,190.88,189.5,1.38,0.7282,220563.31,4242641.978,3.5745,1.0,100.6872,7.587,11778312.7605
688012.SH,2023-04-18,182.02,185.69,176.94,183.94,190.88,-6.94,-3.6358,218119.1,3967308.411,3.5349,1.02,97.0264,7.3111,11350077.7932
688012.SH,2023-04-19,184.46,196.37,184.01,186.85,183.94,2.91,1.582,198045.12,3750685.194,3.2095,0.96,98.5614,7.4268,11529640.2939
688012.SH,2023-04-20,186.31,199.81,186.31,193.01,186.85,6.16,3.2968,196956.39,3820096.031,3.1919,0.9,101.8108,7.6716,11909745.1064
688012.SH,2023-04-21,194.2,199.39,184.0,184.0,193.01,-9.01,-4.6682,162592.49,3111294.25,2.635,0.72,97.0581,7.3135,11353780.1128
688012.SH,2023-04-24,188.0,191.77,179.5,187.15,184.0,3.15,1.712,157730.4,2931345.363,2.5562,0.79,98.7197,7.4387,11548151.8919
688012.SH,2023-04-25,189.14,190.18,174.41,179.0,187.15,-8.15,-4.3548,226356.51,4074430.531,3.6683,1.21,94.4206,7.1148,11045253.4793
688012.SH,2023-04-26,178.97,181.0,169.23,175.5,179.0,-3.5,-1.9553,165041.91,2890759.374,2.6747,0.88,92.5744,6.9757,10829284.8359
688012.SH,2023-04-27,173.01,185.8,172.38,177.9,175.5,2.4,1.3675,122429.75,2194679.077,1.9841,0.67,93.9378,7.0784,10988777.7722
688012.SH,2023-04-28,178.5,184.96,175.01,181.45,177.9,3.55,1.9955,129740.02,2323806.576,2.1026,0.78,95.8124,7.2197,11208059.1723
688012.SH,2023-05-04,175.8,176.99,165.01,168.69,181.45,-12.76,-7.0322,183870.71,3105303.956,2.9767,1.15,89.0746,6.5324,10419881.5199
688012.SH,2023-05-05,168.69,173.16,168.18,170.3,168.69,1.61,0.9544,94734.53,1615274.558,1.5337,0.57,89.9248,6.5947,10519330.2676
688012.SH,2023-05-08,170.6,178.17,166.5,174.59,170.3,4.29,2.5191,105530.57,1837950.789,1.7071,0.76,92.2653,6.7664,10793128.0131
688012.SH,2023-05-09,174.7,177.77,165.52,167.8,174.59,-6.79,-3.8891,123600.81,2092193.016,1.9994,0.97,88.677,6.5032,10373371.2159
688012.SH,2023-05-10,166.0,169.48,163.58,166.7,167.8,-1.1,-0.6555,92760.08,1543435.771,1.5005,0.73,88.0957,6.4308,10305369.3784
688012.SH,2023-05-11,169.49,172.63,167.38,167.91,166.7,1.21,0.7259,67416.1,1143693.269,1.0905,0.56,88.7352,6.4775,10380171.3997
688012.SH,2023-05-12,169.98,175.79,167.2,168.58,167.91,0.67,0.399,92661.9,1588498.203,1.4989,0.96,89.0892,6.5034,10421590.7007
688012.SH,2023-05-15,166.83,167.94,155.9,160.16,168.58,-8.42,-4.9947,185594.9,2971086.353,3.0022,1.93,84.6395,6.1785,9901067.5444
688012.SH,2023-05-16,161.68,164.0,158.22,162.82,160.16,2.66,1.6608,113174.12,1834266.211,1.8307,1.01,86.0453,6.2812,10065508.3515
688012.SH,2023-05-17,161.95,168.15,161.95,163.45,162.82,0.63,0.3869,96589.33,1596069.616,1.5624,0.88,86.3782,6.3055,10104454.8584
688012.SH,2023-05-18,163.6,165.55,161.14,164.0,163.45,0.55,0.3365,79204.35,1294368.19,1.2812,0.71,86.6688,6.3267,10138455.7772
688012.SH,2023-05-19,166.21,168.28,161.0,163.66,164.0,-0.34,-0.2073,89038.95,1460919.328,1.4403,0.78,86.4892,6.3136,10117437.0274
688012.SH,2023-05-22,165.99,167.5,159.0,162.69,163.66,-0.97,-0.5927,73705.58,1193599.456,1.1923,0.65,85.9766,6.2761,10057471.7707
688012.SH,2023-05-23,161.32,161.98,158.0,158.5,162.69,-4.19,-2.5755,56648.45,903085.749,0.9163,0.63,83.7623,6.1145,9798446.5896
688012.SH,2023-05-24,157.7,163.19,154.51,158.58,158.5,0.08,0.0505,88160.83,1399927.339,1.4261,1.12,83.8045,6.1176,9803392.1777
688012.SH,2023-05-25,159.45,161.3,156.65,159.65,158.58,1.07,0.6747,59394.89,944533.45,0.9608,0.77,84.37,6.1589,9869539.4197
688012.SH,2023-05-26,161.0,166.8,160.0,164.53,159.65,4.88,3.0567,96488.34,1581512.165,1.5608,1.31,86.9489,6.3471,10171220.2989
688012.SH,2023-05-29,165.33,174.35,163.5,171.8,164.53,7.27,4.4186,130451.27,2226213.693,2.1102,1.74,90.7909,6.6276,10620650.6251
688012.SH,2023-05-30,171.8,175.78,169.05,173.89,171.8,2.09,1.2165,96810.46,1670550.303,1.566,1.12,91.8954,6.7082,10749854.1164
688012.SH,2023-05-31,173.0,174.7,170.66,173.34,173.89,-0.55,-0.3163,85600.57,1477058.131,1.3847,0.91,91.6047,6.687,10715853.1977
688012.SH,2023-06-01,172.0,174.88,170.05,171.26,173.34,-2.08,-1.2,67087.55,1156349.822,1.0852,0.72,90.5055,6.6067,10587267.9049
688012.SH,2023-06-02,171.52,175.6,171.0,171.92,171.26,0.66,0.3854,59196.81,1024297.141,0.9576,0.62,90.8543,6.6322,10628069.0074
688012.SH,2023-06-05,179.2,185.5,174.57,175.3,171.92,3.38,1.966,141554.93,2545496.656,2.2898,1.61,92.6405,6.7626,10837020.1082
688012.SH,2023-06-06,170.31,170.62,163.8,164.3,175.3,-11.0,-6.275,115051.49,1930135.491,1.8611,1.28,86.8274,6.3383,10157001.7329
688012.SH,2023-06-07,164.0,164.96,151.2,154.05,164.3,-10.25,-6.2386,186466.96,2921917.579,3.0163,1.99,81.4106,5.9428,9523348.2468
688012.SH,2023-06-08,152.84,154.49,148.24,152.11,154.05,-1.94,-1.2593,100590.52,1525057.845,1.6272,0.88,80.3854,5.868,9403417.7334
688012.SH,2023-06-09,152.72,153.32,146.04,152.29,152.11,0.18,0.1183,137707.73,2061440.154,2.2276,1.14,80.4805,5.8749,9414545.3068
688012.SH,2023-06-12,150.02,157.43,149.3,151.75,152.29,-0.54,-0.3546,98347.84,1509083.757,1.5909,0.72,80.1951,5.8541,9381162.5865
688012.SH,2023-06-13,152.8,160.02,152.2,158.48,151.75,6.73,4.4349,127037.27,1983049.694,2.055,1.0,83.7517,6.1137,9797210.1925
688012.SH,2023-06-14,158.53,168.0,158.51,164.86,158.48,6.38,4.0257,105914.31,1743267.303,1.7133,0.81,87.1233,6.3599,10191620.8502
688012.SH,2023-06-15,165.66,166.58,160.91,163.48,164.86,-1.38,-0.8371,69791.79,1138357.175,1.129,0.61,86.394,6.3066,10106309.454
688012.SH,2023-06-16,163.16,170.98,162.67,169.9,163.48,6.42,3.9271,97033.34,1626615.46,1.5696,0.9,89.7868,6.5543,10503192.9058
688012.SH,2023-06-19,170.5,170.96,166.31,168.8,169.9,-1.1,-0.6474,69403.99,1165786.633,1.1227,0.7,89.2055,6.5118,10435191.0682
688012.SH,2023-06-20,168.0,171.8,165.64,165.8,168.8,-3.0,-1.7773,69644.59,1171272.256,1.1266,0.74,87.6201,6.3961,10249731.5113
688012.SH,2023-06-21,165.68,166.47,157.0,158.0,165.8,-7.8,-4.7045,103971.94,1667046.851,1.6819,1.26,83.498,6.0952,9767536.6634
688012.SH,2023-06-26,157.83,163.23,155.07,159.6,158.0,1.6,1.0127,73811.83,1177045.2,1.194,0.9,84.3436,6.1569,9866448.4271
688012.SH,2023-06-27,161.05,161.2,150.38,151.5,159.6,-8.1,-5.0752,110974.11,1706993.606,1.7951,1.34,80.063,5.8445,9365707.6235
688012.SH,2023-06-28,152.27,161.3,152.27,155.5,151.5,4.0,2.6403,93842.29,1465403.651,1.518,1.1,82.1769,5.9988,9612987.0327
688012.SH,2023-06-29,155.26,159.69,154.2,155.06,155.5,-0.44,-0.283,51034.86,796085.428,0.8255,0.56,81.9443,5.9818,9585786.2976
688012.SH,2023-06-30,153.82,158.28,152.56,156.45,155.06,1.39,0.8964,61941.73,965246.356,1.002,0.71,82.6789,6.0354,9671715.8923
688012.SH,2023-07-03,158.35,162.45,152.2,153.2,156.45,-3.25,-2.0773,91754.12,1430284.361,1.4842,1.17,80.9614,5.91,9470801.3724
688012.SH,2023-07-04,153.58,156.95,151.85,154.33,153.2,1.13,0.7376,49390.68,761126.374,0.7989,0.6,81.5586,5.9536,9540657.8055
688012.SH,2023-07-05,154.01,154.85,149.6,150.98,154.33,-3.35,-2.1707,69955.35,1058272.415,1.1316,1.01,79.7882,5.8244,9333561.3003
688012.SH,2023-07-06,150.0,150.9,148.0,150.6,150.98,-0.38,-0.2517,46237.09,692308.121,0.7479,0.71,79.5874,5.8097,9310069.7564
688012.SH,2023-07-07,149.5,152.5,148.31,149.33,150.6,-1.27,-0.8433,44331.29,666363.756,0.7171,0.69,78.9162,5.7607,9231558.544
688012.SH,2023-07-10,149.0,149.48,145.0,146.76,149.33,-2.57,-1.721,60474.05,888197.786,0.9782,1.0,77.558,5.6616,9072681.5235
688012.SH,2023-07-11,147.2,149.7,145.6,148.48,146.76,1.72,1.172,55505.84,819877.012,0.8979,1.03,78.467,5.728,9179011.6695
688012.SH,2023-07-12,147.8,148.0,142.01,142.68,148.48,-5.8,-3.9063,109513.66,1581936.189,1.7715,1.98,75.4019,5.5042,8820456.5262
688012.SH,2023-07-13,144.0,146.0,143.0,144.55,142.68,1.87,1.3106,54671.99,790596.183,0.8844,0.86,76.3901,5.5763,8936059.65
688012.SH,2023-07-14,144.6,146.43,143.72,144.39,144.55,-0.16,-0.1107,48648.73,703632.895,0.7869,0.75,76.3056,5.5702,8926168.4736
688012.SH,2023-07-17,146.36,146.51,138.41,139.8,144.39,-4.59,-3.1789,105056.91,1475463.023,1.6994,1.6,73.8799,5.3931,8642415.3515
688012.SH,2023-07-18,139.94,141.66,138.68,138.87,139.8,-0.93,-0.6652,60202.88,842898.851,0.9738,0.81,73.3884,5.3572,8584922.8889
688012.SH,2023-07-19,138.36,139.86,136.55,137.0,138.87,-1.87,-1.3466,55846.92,768658.208,0.9034,0.74,72.4002,5.2851,8469319.7651
688012.SH,2023-07-20,137.99,138.3,135.59,136.0,137.0,-1.0,-0.7299,49935.55,683478.842,0.8078,0.77,71.8717,5.2465,8407499.9128
688012.SH,2023-07-21,136.18,136.18,132.48,133.4,136.0,-2.6,-1.9118,59292.17,793802.637,0.9591,0.93,70.4977,5.1462,8246768.2968
688012.SH,2023-07-24,133.39,134.83,131.5,132.09,133.4,-1.31,-0.982,60246.85,799623.334,0.9746,0.91,69.8054,5.0957,8165784.2903
688012.SH,2023-07-25,134.8,135.87,132.1,134.66,132.09,2.57,1.9456,65044.84,870481.162,1.0522,1.14,71.1636,5.1948,8324661.3107
688012.SH,2023-07-26,134.68,139.48,133.88,136.94,134.66,2.28,1.6932,94705.76,1302135.97,1.532,1.63,72.3685,5.2828,8465610.574
688012.SH,2023-07-27,137.08,138.7,135.3,136.27,136.94,-0.67,-0.4893,63991.8,878542.97,1.0351,0.97,72.0144,5.2569,8424191.2729
688012.SH,2023-07-28,135.61,141.23,135.6,138.59,136.27,2.32,1.7025,84350.65,1173582.752,1.3645,1.23,73.2405,5.3464,8567613.3303
688012.SH,2023-07-31,137.9,144.88,137.77,142.82,138.59,4.23,3.0522,87148.32,1236665.679,1.4097,1.18,75.4759,5.5096,8829111.3055
688012.SH,2023-08-01,143.59,144.5,139.8,141.43,142.82,-1.39,-0.9733,55473.33,783710.88,0.8973,0.7,74.7413,5.456,8743181.7108
688012.SH,2023-08-02,141.45,146.0,140.8,143.5,141.43,2.07,1.4636,74339.36,1071359.402,1.2025,0.96,75.8352,5.5358,8871148.8051
688012.SH,2023-08-03,142.0,145.79,141.5,144.86,143.5,1.36,0.9477,55924.49,806760.081,0.9046,0.77,76.554,5.5883,8955223.8042
688012.SH,2023-08-04,145.51,147.0,140.95,142.29,144.86,-2.57,-1.7741,71465.55,1020918.434,1.156,1.0,75.1958,5.4892,8796346.7838
688012.SH,2023-08-07,141.78,144.62,141.3,143.15,142.29,0.86,0.6044,38763.25,555591.545,0.627,0.56,75.6503,5.5223,8849511.8567
688012.SH,2023-08-08,142.47,145.25,142.47,143.16,143.15,0.01,0.007,31567.1,453894.017,0.5106,0.53,75.6556,5.5227,8850130.0553
688012.SH,2023-08-09,142.45,143.5,139.58,140.5,143.16,-2.66,-1.8581,41953.49,590435.624,0.6786,0.77,74.2498,5.4201,8685689.2482
688012.SH,2023-08-10,140.9,144.5,140.43,143.54,140.5,3.04,2.1637,49603.17,710980.19,0.8024,1.03,75.8564,5.5374,8873621.5991
688012.SH,2023-08-11,143.9,143.9,138.33,139.58,143.54,-3.96,-2.7588,56367.17,791979.641,0.9118,1.21,73.7636,5.3846,8628814.984
688012.SH,2023-08-14,137.34,140.89,137.3,138.18,139.58,-1.4,-1.003,33957.1,469847.492,0.5493,0.78,73.0238,5.3306,8542267.1908
688012.SH,2023-08-15,138.97,139.26,133.5,135.5,138.18,-2.68,-1.9395,55200.47,748438.236,0.8929,1.29,71.6075,5.2272,8376589.9867
688012.SH,2023-08-16,135.05,138.09,133.45,133.52,135.5,-1.98,-1.4613,47239.25,639393.656,0.7641,1.0,70.5611,5.1508,8254186.6791
688012.SH,2023-08-17,132.96,135.83,132.26,135.41,133.52,1.89,1.4155,39944.85,537461.383,0.6461,0.82,71.5599,5.2238,8371026.1999
688012.SH,2023-08-18,138.0,138.3,132.59,134.5,135.41,-0.91,-0.672,50005.02,677756.079,0.8089,1.07,71.079,5.1886,8314770.1344
688012.SH,2023-08-21,134.54,138.75,133.63,135.15,134.5,0.65,0.4833,44377.73,603338.528,0.7179,0.98,71.4225,5.2137,8354953.0383
688012.SH,2023-08-22,136.77,139.0,132.16,138.14,135.15,2.99,2.2124,60656.05,824699.178,0.9812,1.28,73.0026,5.3291,8539794.3967
688012.SH,2023-08-23,137.64,137.78,129.21,129.32,138.14,-8.82,-6.3848,75395.67,995041.977,1.2196,1.56,68.3416,4.9888,7994543.2994
688012.SH,2023-08-24,129.92,136.0,129.35,133.8,129.32,4.48,3.4643,63729.51,848458.392,1.0309,1.18,70.7091,5.1616,8271496.2377
688012.SH,2023-08-25,133.68,134.0,129.37,130.55,133.8,-3.25,-2.429,53364.43,699027.06,0.8632,0.91,68.9916,4.8082,8070581.7178
688012.SH,2023-08-28,140.0,142.41,130.03,130.56,130.55,0.01,0.0077,87851.5,1192162.161,1.4211,1.48,68.9969,4.8086,8071199.9163
688012.SH,2023-08-29,133.0,139.43,130.56,138.8,130.56,8.24,6.3113,88841.46,1207971.397,1.4371,1.3,73.3514,5.1121,8580595.4992
688012.SH,2023-08-30,143.0,149.55,141.75,146.79,138.8,7.99,5.7565,143463.77,2105123.146,2.3207,1.94,77.5739,5.4064,9074536.1191
688012.SH,2023-08-31,146.1,152.8,145.72,152.34,146.79,5.55,3.7809,135378.26,2039913.391,2.1899,1.55,80.5069,5.6108,9417636.2994
688012.SH,2023-09-01,153.2,159.8,149.3,151.57,152.34,-0.77,-0.5054,127899.15,1961605.642,2.0689,1.26,80.1,5.5824,9370035.0131
688012.SH,2023-09-04,152.85,152.99,146.16,149.47,151.57,-2.1,-1.3855,138724.57,2058508.244,2.244,1.19,78.9902,5.5051,9240213.3233
688012.SH,2023-09-05,149.49,151.15,147.69,148.86,149.47,-0.61,-0.4081,103464.64,1549225.103,1.6736,0.82,78.6678,5.4826,9202503.2134
688012.SH,2023-09-06,149.52,158.88,148.25,158.48,148.86,9.62,6.4624,150952.3,2324076.996,2.4418,1.16,83.7517,5.8369,9797210.1925
688012.SH,2023-09-07,155.87,155.88,147.51,148.16,158.48,-10.32,-6.5119,132133.37,1996680.692,2.1374,1.01,78.2979,5.4568,9159229.3168
688012.SH,2023-09-08,147.03,153.55,147.03,151.0,148.16,2.84,1.9168,83564.17,1258204.965,1.3517,0.64,79.7988,5.5614,9334797.6973
688012.SH,2023-09-11,149.99,150.48,147.68,148.88,151.0,-2.12,-1.404,66220.16,986455.562,1.0712,0.54,78.6784,5.4833,9203739.6104
688012.SH,2023-09-12,147.71,149.14,145.5,147.45,148.88,-1.43,-0.9605,51160.09,754569.48,0.8276,0.48,77.9227,5.4307,9115337.2216
688012.SH,2023-09-13,146.85,151.3,145.0,147.06,147.45,-0.39,-0.2645,55915.22,824638.807,0.9045,0.58,77.7166,5.4163,9091227.4792
688012.SH,2023-09-14,146.0,147.0,142.7,143.8,147.06,-3.26,-2.2168,55703.14,802448.279,0.9011,0.72,75.9938,5.2962,8889694.7607
688012.SH,2023-09-15,143.99,147.72,141.32,144.59,143.8,0.79,0.5494,62755.43,909750.829,1.0151,1.0,76.4113,5.3253,8938532.4441
688012.SH,2023-09-18,143.5,143.91,139.79,140.38,144.59,-4.21,-2.9117,56854.69,803606.429,0.9197,0.97,74.1864,5.1703,8678270.8659
688012.SH,2023-09-19,140.28,141.68,136.5,140.78,140.38,0.4,0.2849,52775.31,737025.422,0.8537,0.93,74.3978,5.185,8702998.8068
688012.SH,2023-09-20,139.87,140.68,137.58,138.58,140.78,-2.2,-1.5627,40156.77,557471.059,0.6496,0.71,73.2352,5.104,8566995.1317
688012.SH,2023-09-21,138.59,139.2,136.82,137.22,138.58,-1.36,-0.9814,32304.89,445271.161,0.5226,0.6,72.5165,5.0539,8482920.1326
688012.SH,2023-09-22,136.41,141.67,136.03,141.12,137.22,3.9,2.8422,63223.71,885282.79,1.0227,1.29,74.5775,5.1975,8724017.5566
688012.SH,2023-09-25,140.11,144.91,139.32,142.4,141.12,1.28,0.907,61533.95,876267.29,0.9954,1.25,75.2539,5.2447,8803146.9675
688012.SH,2023-09-26,141.71,145.0,140.4,142.38,142.2,0.18,0.1266,41571.89,593590.334,0.6725,0.83,75.2434,5.2829,8801910.5705
688012.SH,2023-09-27,142.01,144.5,137.7,139.98,142.38,-2.4,-1.6856,56441.15,794687.46,0.913,1.18,73.975,5.1938,8653542.925
688012.SH,2023-09-28,140.06,152.0,138.89,150.55,139.98,10.57,7.5511,115907.69,1699840.108,1.8749,2.27,79.5609,5.586,9306978.7638
688012.SH,2023-10-09,148.29,153.12,147.34,152.79,150.55,2.24,1.4879,73617.01,1111897.895,1.1908,1.09,80.7447,5.6691,9445455.2329
688012.SH,2023-10-10,152.79,155.55,150.33,151.0,152.79,-1.79,-1.1715,71898.89,1097959.93,1.163,1.03,79.7988,5.6027,9334797.6973
688012.SH,2023-10-11,151.0,152.78,149.3,152.1,151.0,1.1,0.7285,50895.46,770080.029,0.8233,0.71,80.3801,5.6435,9402799.5348
688012.SH,2023-10-12,153.84,163.36,153.84,161.9,152.1,9.8,6.4431,127621.45,2023757.732,2.0644,1.73,85.5591,6.0071,10008634.0874
688012.SH,2023-10-13,161.0,163.5,158.92,162.82,161.9,0.92,0.5683,65432.84,1057451.017,1.0584,0.74,86.0453,6.0413,10065508.3515
688012.SH,2023-10-16,164.13,164.35,153.62,158.65,162.82,-4.17,-2.5611,94045.08,1483488.456,1.5213,1.21,83.8415,5.8865,9807719.5674
688012.SH,2023-10-17,158.17,168.0,156.05,166.2,158.65,7.55,4.7589,82727.61,1353115.716,1.3382,1.01,87.8315,6.1667,10274459.4523
688012.SH,2023-10-18,166.0,172.24,162.9,162.9,166.2,-3.3,-1.9856,89278.9,1492776.501,1.4442,1.06,86.0875,6.0442,10070453.9397
688012.SH,2023-10-19,162.06,166.88,161.55,162.0,162.9,-0.9,-0.5525,69634.26,1141705.824,1.1264,0.76,85.6119,6.0108,10014816.0726
688012.SH,2023-10-20,160.25,164.8,158.66,159.5,162.0,-2.5,-1.5432,78194.47,1259027.673,1.2649,0.97,84.2907,5.9181,9860266.4419
688012.SH,2023-10-23,157.95,160.76,155.0,157.28,159.5,-2.22,-1.3918,55418.42,872426.15,0.8965,0.67,83.1175,5.8357,9723026.3697
688012.SH,2023-10-24,158.33,169.88,157.67,167.1,157.28,9.82,6.2436,100489.51,1659730.264,1.6255,1.34,88.3071,6.2001,10330097.3193
688012.SH,2023-10-25,169.0,169.79,164.12,166.2,167.1,-0.9,-0.5386,62861.84,1044858.96,1.0169,0.8,87.8315,6.1667,10274459.4523
688012.SH,2023-10-26,164.03,167.5,161.77,164.75,166.2,-1.45,-0.8724,56987.15,936432.56,0.9218,0.78,87.0652,6.1129,10184820.6664
688012.SH,2023-10-27,158.5,167.3,158.0,165.56,164.75,0.81,0.4917,87808.57,1433925.766,1.4204,1.24,87.4933,6.0452,10234894.7468
688012.SH,2023-10-30,163.89,173.66,161.28,169.68,165.56,4.12,2.4885,106846.44,1807311.489,1.7284,1.47,89.6705,6.1956,10489592.5383
688012.SH,2023-10-31,173.1,176.0,169.1,171.15,169.68,1.47,0.8663,71474.9,1229381.985,1.1562,0.86,90.4474,6.2493,10580467.7211
688012.SH,2023-11-01,170.8,172.2,167.5,168.2,171.15,-2.95,-1.7236,46343.86,786570.276,0.7497,0.6,88.8884,6.1416,10398099.1569
688012.SH,2023-11-02,169.0,169.5,165.7,166.18,168.2,-2.02,-1.201,30579.51,512259.776,0.4947,0.41,87.8209,6.0678,10273223.0552
688012.SH,2023-11-03,166.09,168.4,164.04,165.38,166.18,-0.8,-0.4814,58010.38,962151.08,0.9384,0.85,87.3981,6.0386,10223767.1734
688012.SH,2023-11-06,166.3,166.88,159.49,163.0,165.38,-2.38,-1.4391,104363.21,1692236.857,1.6882,1.67,86.1404,5.9517,10076635.9249
688012.SH,2023-11-07,162.0,165.22,161.05,165.2,163.0,2.2,1.3497,70332.33,1148729.853,1.1377,1.13,87.303,6.032,10212639.6
688012.SH,2023-11-08,165.96,173.99,164.51,171.95,165.2,6.75,4.086,109511.7,1859749.161,1.7715,1.77,90.8702,6.2785,10629923.603
688012.SH,2023-11-09,171.0,171.96,165.1,168.19,171.95,-3.76,-2.1867,62107.91,1045505.934,1.0047,0.83,88.8831,6.1412,10397480.9583
688012.SH,2023-11-10,169.02,171.95,166.0,170.01,168.19,1.82,1.0821,71059.72,1208569.305,1.1495,0.88,89.8449,6.2076,10509993.0895
688012.SH,2023-11-13,170.7,173.3,169.5,171.72,170.01,1.71,1.0058,52426.98,897066.948,0.8481,0.63,90.7486,6.2701,10615705.037
688012.SH,2023-11-14,170.8,174.99,168.82,173.52,171.72,1.8,1.0482,59961.4,1033650.071,0.9699,0.82,91.6999,6.3358,10726980.7711
688012.SH,2023-11-15,174.75,174.78,166.71,167.39,173.52,-6.13,-3.5327,57748.36,983648.205,0.9341,0.81,88.4604,6.112,10348025.0765
688012.SH,2023-11-16,166.8,167.21,163.16,165.0,167.39,-2.39,-1.4278,49313.79,813150.968,0.7977,0.81,87.1973,6.0247,10200275.6295
688012.SH,2023-11-17,164.82,169.85,163.6,167.78,165.0,2.78,1.6848,46893.7,781943.288,0.7586,0.81,88.8215,6.1369,10390270.1591
688012.SH,2023-11-20,167.4,169.58,162.2,164.97,167.78,-2.81,-1.6748,53519.5,886831.482,0.8657,1.0,87.3339,6.0342,10216252.6412
688012.SH,2023-11-21,164.2,167.2,162.0,162.0,164.97,-2.97,-1.8003,45682.75,746696.796,0.7377,0.85,85.7616,5.8694,10032326.6526
688012.SH,2023-11-22,161.68,162.68,158.85,159.69,162.0,-2.31,-1.4259,38992.91,624905.328,0.6296,0.77,84.5387,5.7857,9889273.1059
688012.SH,2023-11-23,158.92,163.35,158.92,162.55,159.69,2.86,1.791,36265.57,586176.679,0.5856,0.77,86.0528,5.8893,10066387.0209
688012.SH,2023-11-24,161.4,164.5,160.21,160.77,162.55,-1.78,-1.095,31700.01,514505.951,0.5119,0.72,85.1104,5.8248,9956155.2836
688012.SH,2023-11-27,159.95,167.15,159.1,166.43,160.77,5.66,3.5206,59042.79,974780.846,0.9534,1.43,88.1068,6.0299,10306667.437
688012.SH,2023-11-28,166.34,168.37,164.36,166.3,166.43,-0.13,-0.0781,40048.86,665636.722,0.6467,0.95,88.038,6.0252,10298616.8045
688012.SH,2023-11-29,166.01,170.7,165.91,166.9,166.3,0.6,0.3608,44249.42,747005.13,0.7145,1.07,88.3556,6.0469,10335773.5699
688012.SH,2023-11-30,166.9,169.9,165.51,169.9,166.9,3.0,1.7975,45659.53,768521.286,0.7373,1.08,89.9438,6.1556,10521557.3968
688012.SH,2023-12-01,169.01,170.67,167.47,169.02,169.9,-0.88,-0.518,35507.6,599814.393,0.5734,0.8,89.4779,6.1237,10467060.8075
688012.SH,2023-12-04,168.02,170.0,163.45,164.5,169.02,-4.52,-2.6742,42799.1,709320.077,0.6911,0.95,87.0851,5.96,10187146.5084
688012.SH,2023-12-05,163.51,164.0,161.47,163.29,164.5,-1.21,-0.7356,36685.32,597319.818,0.5924,0.88,86.4445,5.9161,10112213.6982
688012.SH,2023-12-06,162.64,164.03,160.78,161.28,163.29,-2.01,-1.2309,43779.91,709357.437,0.7069,1.07,85.3804,5.8433,9987738.5341
688012.SH,2023-12-07,161.68,162.3,152.81,154.04,161.28,-7.24,-4.4891,93540.82,1458987.946,1.5105,2.29,81.5476,5.581,9539380.2319
688012.SH,2023-12-08,154.09,156.03,152.0,156.03,154.04,1.99,1.2919,103076.87,1583830.779,1.6645,2.04,82.6011,5.6531,9662616.8371
688012.SH,2023-12-11,154.0,159.11,153.77,158.51,156.03,2.48,1.5894,67378.15,1058594.892,1.088,1.05,83.914,5.7429,9816198.134
688012.SH,2023-12-12,157.9,159.19,156.3,158.51,158.51,0.0,0.0,39494.68,623612.687,0.6378,0.57,83.914,5.7429,9816198.134
688012.SH,2023-12-13,158.15,162.28,157.4,157.85,158.51,-0.66,-0.4164,38999.59,621518.382,0.6298,0.56,83.5646,5.719,9775325.6921
688012.SH,2023-12-14,158.37,159.4,153.11,156.59,157.85,-1.26,-0.7982,49849.33,773857.896,0.805,0.73,82.8976,5.6734,9697296.4848
688012.SH,2023-12-15,155.4,156.36,152.89,153.5,156.59,-3.09,-1.9733,40083.67,617799.401,0.6473,0.67,81.2618,5.5614,9505939.1431
688012.SH,2023-12-18,153.56,153.95,150.58,151.4,153.5,-2.1,-1.3681,36184.05,548910.168,0.5843,0.77,80.15,5.4853,9375890.4642
688012.SH,2023-12-19,151.7,155.05,151.34,153.3,151.4,1.9,1.255,36727.43,562405.033,0.5931,0.9,81.1559,5.5542,9493553.5546
688012.SH,2023-12-20,153.8,154.95,151.61,153.2,153.3,-0.1,-0.0652,31546.0,484919.51,0.5094,0.78,81.1029,5.5506,9487360.7604
688012.SH,2023-12-21,152.7,156.59,151.72,155.01,153.2,1.81,1.1815,39321.71,607574.451,0.635,1.01,82.0611,5.6161,9599450.3359
688012.SH,2023-12-22,155.0,155.31,151.15,152.06,155.01,-2.95,-1.9031,33892.29,517132.029,0.5473,0.92,80.4994,5.5093,9416762.9061
688012.SH,2023-12-25,152.0,153.4,147.73,150.5,152.06,-1.56,-1.0259,31506.68,475384.269,0.5088,0.89,79.6736,5.4527,9320155.3162
688012.SH,2023-12-26,150.97,151.3,147.77,149.68,150.5,-0.82,-0.5449,30463.04,454587.836,0.4919,0.88,79.2395,5.423,9269374.4035
688012.SH,2023-12-27,149.08,159.78,148.77,157.56,149.68,7.88,5.2646,66072.35,1032164.197,1.0669,1.98,83.4111,5.7085,9757366.5888
688012.SH,2023-12-28,157.56,160.2,156.21,159.88,157.56,2.32,1.4725,52854.44,840191.507,0.8535,1.31,84.6393,5.7926,9901039.4149
688012.SH,2023-12-29,160.26,160.29,152.8,153.6,159.88,-6.28,-3.9279,95836.0,1484351.951,1.5475,2.23,81.3147,5.565,9512131.9373
688012.SH,2024-01-02,152.88,152.88,142.0,146.05,153.6,-7.55,-4.9154,98389.4,1445527.529,1.5888,1.78,77.3178,5.2915,9044575.9729
688012.SH,2024-01-03,145.43,149.08,144.73,145.44,146.05,-0.61,-0.4177,42357.11,620604.784,0.684,0.62,76.9949,5.2694,9006799.9281
688012.SH,2024-01-04,145.5,147.8,142.3,144.9,145.44,-0.54,-0.3713,48620.84,702920.268,0.7851,0.68,76.709,5.2498,8973358.8393
688012.SH,2024-01-05,144.0,146.38,143.2,144.2,144.9,-0.7,-0.4831,48303.63,699000.166,0.78,0.71,76.3384,5.2245,8930009.2797
688012.SH,2024-01-08,142.63,144.18,137.1,137.73,144.2,-6.47,-4.4868,72553.46,1006435.298,1.1716,1.09,72.9132,4.9901,8529335.493
688012.SH,2024-01-09,137.7,139.97,135.0,136.36,137.73,-1.37,-0.9947,50059.03,685405.023,0.8083,0.81,72.188,4.9404,8444494.212
688012.SH,2024-01-10,135.92,138.99,133.01,136.94,136.36,0.58,0.4253,50323.09,687286.736,0.8126,0.96,72.495,4.9614,8480412.4186
688012.SH,2024-01-11,136.0,138.49,135.61,137.5,136.94,0.56,0.4089,45269.94,621279.513,0.731,0.84,72.7915,4.9817,8515092.0663
688012.SH,2024-01-12,138.0,138.69,134.59,134.66,137.5,-2.84,-2.0655,44606.38,608607.252,0.7203,0.84,71.288,4.8788,8339216.7101
688012.SH,2024-01-15,136.61,141.25,134.66,137.29,134.66,2.63,1.9531,82040.67,1129278.397,1.3248,1.56,72.6803,4.9741,8502087.1984
688012.SH,2024-01-16,137.29,140.96,136.7,140.23,137.29,2.94,2.1415,68605.92,956240.515,1.1078,1.26,74.2367,5.0806,8684155.3487
688012.SH,2024-01-17,139.53,140.5,136.35,136.71,140.23,-3.52,-2.5102,48525.79,670450.128,0.7836,0.83,72.3733,4.9531,8466168.9918
688012.SH,2024-01-18,135.63,139.6,132.6,139.31,136.71,2.6,1.9018,80211.6,1087587.823,1.2952,1.39,73.7497,5.0473,8627181.6418
688012.SH,2024-01-19,139.31,143.2,139.31,141.52,139.31,2.21,1.5864,77672.87,1099930.369,1.2542,1.2,74.9196,5.1274,8764042.3943
688012.SH,2024-01-22,141.2,142.73,138.3,139.85,141.52,-1.67,-1.18,68247.76,959781.653,1.1021,0.96,74.0356,5.0669,8660622.7307
688012.SH,2024-01-23,138.78,139.59,135.11,137.11,139.85,-2.74,-1.9592,56681.62,779455.768,0.9153,0.83,72.585,4.9676,8490940.1688
688012.SH,2024-01-24,138.0,138.38,126.32,132.0,137.11,-5.11,-3.7269,113734.11,1480973.175,1.8366,1.72,69.8798,4.7825,8174488.3836
688012.SH,2024-01-25,131.88,135.79,129.0,134.96,132.0,2.96,2.2424,65698.92,872722.876,1.0609,0.83,71.4468,4.8897,8357795.0928
688012.SH,2024-01-26,133.43,134.0,126.5,126.5,134.96,-8.46,-6.2685,96928.47,1250228.287,1.5652,1.27,66.9682,4.5832,7833884.701
688012.SH,2024-01-29,126.5,128.48,121.0,121.71,126.5,-4.79,-3.7866,89591.78,1108950.183,1.4467,1.12,64.4324,4.4096,7537249.8573
688012.SH,2024-01-30,120.5,121.35,114.6,114.71,121.71,-7.0,-5.7514,84802.72,996992.133,1.3694,1.0,60.7266,4.156,7103754.2612
688012.SH,2024-01-31,114.04,116.55,113.12,114.06,114.71,-0.65,-0.5666,76830.04,880683.755,1.2406,0.85,60.3825,4.1325,7063501.0987
688012.SH,2024-02-01,114.0,120.49,111.82,116.81,114.06,2.75,2.411,100922.77,1180616.864,1.6297,1.22,61.8383,4.2321,7233802.9401
688012.SH,2024-02-02,117.0,118.0,109.15,112.31,116.81,-4.5,-3.8524,110377.37,1247509.954,1.7824,1.23,59.4561,4.0691,6955127.1997
688012.SH,2024-02-05,112.6,113.5,104.92,111.5,112.31,-0.81,-0.7212,113161.86,1242635.069,1.8273,1.22,59.0273,4.0397,6904965.5665
688012.SH,2024-02-06,111.24,117.55,108.98,116.8,111.5,5.3,4.7534,115292.0,1321592.307,1.8617,1.19,61.8331,4.2318,7233183.6606
688012.SH,2024-02-07,117.15,123.25,115.03,119.48,116.8,2.68,2.2945,122679.36,1471434.574,1.981,1.19,63.2518,4.3289,7399150.546
688012.SH,2024-02-08,123.91,126.12,120.15,122.77,119.48,3.29,2.7536,104125.68,1285014.361,1.6814,0.93,64.9935,4.4481,7602893.4762
688012.SH,2024-02-19,125.22,126.33,123.23,125.57,122.77,2.8,2.2807,85963.8,1075198.357,1.3881,0.76,66.4758,4.5495,7776291.7146
688012.SH,2024-02-20,125.45,125.8,122.28,123.8,125.57,-1.77,-1.4096,53685.78,662752.146,0.8669,0.5,65.5388,4.4854,7666679.2567
688012.SH,2024-02-21,122.5,127.26,121.51,124.8,123.8,1.0,0.8078,65422.31,815207.306,1.0564,0.68,66.0682,4.5216,7728607.199
688012.SH,2024-02-22,124.78,126.84,124.12,125.8,124.8,1.0,0.8013,55467.75,695634.228,0.8957,0.64,66.5976,4.5578,7790535.1413
688012.SH,2024-02-23,126.81,130.8,125.3,130.58,125.8,4.78,3.7997,78967.86,1010690.246,1.2752,1.08,69.1281,4.731,8086550.7055
688012.SH,2024-02-26,132.0,134.0,129.25,130.19,130.58,-0.39,-0.2987,70759.52,928984.178,1.1426,1.04,68.9216,4.7169,8062398.808
688012.SH,2024-02-27,129.2,139.0,128.0,138.45,130.19,8.26,6.3446,97507.38,1305303.32,1.5745,1.5,73.2944,5.0162,8573923.6114
688012.SH,2024-02-28,137.8,141.25,133.41,133.41,138.45,-5.04,-3.6403,87201.3,1201004.0,1.4081,1.18,70.6263,4.8335,8261806.7822
688012.SH,2024-02-29,137.0,147.8,136.5,146.79,133.41,13.38,10.0292,141092.01,2024722.788,2.2783,1.81,77.7095,5.0995,9090402.6502
688012.SH,2024-03-01,147.79,147.99,144.88,147.1,146.79,0.31,0.2112,88586.11,1298087.853,1.4305,0.93,77.8737,5.1103,9109600.3123
688012.SH,2024-03-04,147.1,150.49,145.12,149.0,147.1,1.9,1.2916,80262.07,1188613.848,1.2961,0.83,78.8795,5.1763,9227263.4027
688012.SH,2024-03-05,148.0,150.38,146.27,149.57,149.0,0.57,0.3826,77504.33,1151045.716,1.2515,0.78,79.1812,5.1961,9262562.3298
688012.SH,2024-03-06,149.54,149.54,144.3,146.12,149.57,-3.45,-2.3066,61570.17,900467.044,0.9942,0.65,77.3548,5.0762,9048910.9289
688012.SH,2024-03-07,147.97,150.33,144.84,145.88,146.12,-0.24,-0.1642,56484.75,831208.479,0.9121,0.63,77.2278,5.0679,9034048.2227
688012.SH,2024-03-08,146.2,149.4,145.66,148.88,145.88,3.0,2.0565,53676.66,792516.972,0.8668,0.74,78.816,5.1721,9219832.0496
688012.SH,2024-03-11,146.99,150.0,146.3,149.86,148.88,0.98,0.6582,53622.03,794014.928,0.8659,0.81,79.3348,5.2061,9280521.4331
688012.SH,2024-03-12,149.86,156.95,149.15,155.99,149.86,6.13,4.0905,109660.63,1692648.466,1.7708,1.81,82.58,5.4191,9660139.7194
688012.SH,2024-03-13,155.99,157.88,153.28,154.0,155.99,-1.99,-1.2757,53096.19,821978.201,0.8574,0.79,81.5265,5.35,9536903.1142
688012.SH,2024-03-14,152.8,154.46,149.96,151.49,154.0,-2.51,-1.6299,50450.45,766385.288,0.8147,0.77,80.1977,5.2628,9381463.979
688012.SH,2024-03-15,151.49,151.79,148.11,150.58,151.49,-0.91,-0.6007,39277.56,588769.288,0.6342,0.61,79.7159,5.2311,9325109.5515
688012.SH,2024-03-18,151.87,155.2,150.3,155.09,150.58,4.51,2.9951,66202.72,1015273.608,1.069,1.08,82.1035,5.3878,9604404.5713
688012.SH,2024-03-19,154.01,155.52,151.87,153.58,155.09,-1.51,-0.9736,55753.55,855927.733,0.9003,0.87,53.2552,5.3354,9510893.3784
688012.SH,2024-03-20,153.02,155.16,152.3,154.38,153.58,0.8,0.5209,42624.29,656654.85,0.6883,0.8,53.5326,5.3632,9560435.7323
688012.SH,2024-03-21,155.01,161.71,154.8,155.89,154.38,1.51,0.9781,65424.89,1033875.43,1.0565,1.29,54.0562,5.4156,9653946.9251
688012.SH,2024-03-22,156.0,161.67,155.0,158.81,155.89,2.92,1.8731,79131.66,1259518.234,1.2778,1.47,55.0688,5.5171,9834776.5167
688012.SH,2024-03-25,158.0,163.07,155.3,156.72,158.81,-2.09,-1.316,64458.15,1026653.938,1.0409,1.04,54.344,5.4445,9705347.1173
688012.SH,2024-03-26,157.81,159.66,152.56,152.79,156.72,-3.93,-2.5077,54849.97,850051.017,0.8857,0.89,52.9813,5.3079,9461970.304
688012.SH,2024-03-27,153.37,154.3,150.59,150.79,152.79,-2.0,-1.309,47113.38,716915.516,0.7608,0.77,52.2878,5.2384,9338114.4194
688012.SH,2024-03-28,151.74,151.9,147.5,149.26,150.79,-1.53,-1.0147,53672.56,804357.035,0.8667,0.86,51.7572,5.1853,9243364.6677
688012.SH,2024-03-29,149.0,151.5,145.71,149.3,149.26,0.04,0.0268,43307.72,644054.378,0.6993,0.72,51.7711,5.1867,9245841.7854
688012.SH,2024-04-01,151.0,153.8,149.8,151.75,149.3,2.45,1.641,47176.46,715875.404,0.7618,0.9,52.6207,5.2718,9397565.244
688012.SH,2024-04-02,151.76,152.75,148.56,149.55,151.75,-2.2,-1.4498,37925.29,571569.714,0.6124,0.77,51.8578,5.1954,9261323.771
688012.SH,2024-04-03,150.0,151.99,146.9,150.09,149.55,0.54,0.3611,43969.91,658926.356,0.71,0.96,52.045,5.2141,9294764.8598
688012.SH,2024-04-08,150.6,153.79,149.01,149.2,150.09,-0.89,-0.593,40784.47,618021.383,0.6586,0.9,51.8027,5.1899,9251492.9348
688012.SH,2024-04-09,148.4,149.6,145.8,147.42,149.2,-1.78,-1.193,37479.35,551314.629,0.6052,0.88,51.1847,5.1279,9141119.8957
688012.SH,2024-04-10,147.22,147.42,142.67,142.99,147.42,-4.43,-3.005,52437.21,753217.66,0.8457,1.26,49.6466,4.9628,8866427.4446
688012.SH,2024-04-11,142.0,145.22,139.39,140.1,142.99,-2.89,-2.0211,52393.44,742175.154,0.845,1.23,48.6432,4.8625,8687226.2745
688012.SH,2024-04-12,140.6,140.98,138.5,138.66,140.1,-1.44,-1.0278,38718.98,539851.197,0.6244,0.85,48.1432,4.8125,8597935.7261
688012.SH,2024-04-15,140.44,148.9,140.07,146.49,138.66,7.83,5.6469,80755.11,1173632.75,1.3023,1.82,50.8618,5.0843,9083453.0832
688012.SH,2024-04-16,144.8,147.64,143.55,143.59,146.49,-2.9,-1.9797,42003.38,609344.551,0.6774,0.8,49.8549,4.9837,8903631.8398
688012.SH,2024-04-17,144.66,145.15,140.18,141.84,143.59,-1.75,-1.2187,69084.97,981624.003,1.1141,1.3,49.2473,4.9229,8795119.0206
688012.SH,2024-04-18,141.19,141.68,137.66,137.88,141.84,-3.96,-2.7919,68510.46,956665.878,1.1049,1.21,47.8724,4.7855,8549570.0124
688012.SH,2024-04-19,136.52,136.94,133.09,133.85,137.88,-4.03,-2.9228,58694.33,789938.564,0.9466,0.98,46.4732,4.6456,8299680.4914
688012.SH,2024-04-22,133.03,136.66,131.16,134.49,133.85,0.64,0.4781,42696.69,575064.905,0.6886,0.67,46.6954,4.6678,8339365.1796
688012.SH,2024-04-23,135.28,135.49,133.2,134.3,134.49,-0.19,-0.1413,33135.18,444705.494,0.5344,0.59,46.6294,4.6612,8327583.7878
688012.SH,2024-04-24,134.98,136.5,134.26,135.52,134.3,1.22,0.9084,43301.11,586914.739,0.6983,0.8,47.053,4.7036,8403232.7247
688012.SH,2024-04-25,135.5,136.88,134.39,135.78,135.52,0.26,0.1919,43051.18,583954.641,0.6943,0.87,47.1433,4.7126,8419354.6292
688012.SH,2024-04-26,133.51,136.92,130.61,135.04,135.78,-0.74,-0.545,111405.82,1494799.071,1.7967,2.52,46.8863,4.6869,8373469.2085
688012.SH,2024-04-29,135.01,146.51,134.7,145.68,135.04,10.64,7.8791,124420.25,1775921.202,2.0065,2.27,50.5806,5.0274,9033227.1497
688012.SH,2024-04-30,145.6,146.52,141.64,141.67,145.68,-4.01,-2.7526,62246.74,892179.083,1.0039,0.88,49.1883,4.8891,8784577.7753
688012.SH,2024-05-06,143.1,146.0,141.11,143.21,141.67,1.54,1.087,65040.79,934296.085,1.0489,0.85,49.723,4.9422,8880069.0562
688012.SH,2024-05-07,143.0,143.7,139.82,140.42,143.21,-2.79,-1.9482,45180.5,639100.998,0.7286,0.56,48.7543,4.8459,8707068.6186
688012.SH,2024-05-08,139.91,141.0,136.01,136.7,140.42,-3.72,-2.6492,44050.78,605495.988,0.7104,0.54,47.4627,4.7175,8476401.3685
688012.SH,2024-05-09,136.7,139.17,136.28,138.13,136.7,1.43,1.0461,46085.73,635794.535,0.7432,0.68,47.9592,4.7669,8565071.8437
688012.SH,2024-05-10,138.56,138.96,130.1,133.04,138.13,-5.09,-3.6849,78958.58,1054015.574,1.2734,1.5,46.1919,4.5912,8249454.5579
688012.SH,2024-05-13,131.51,135.39,130.74,130.99,133.04,-2.05,-1.5409,43077.34,569735.311,0.6947,0.77,45.4802,4.5205,8122339.541
688012.SH,2024-05-14,131.84,132.66,129.53,131.26,130.99,0.27,0.2061,44424.76,581623.019,0.7164,0.86,45.5739,4.5298,8139081.5189
688012.SH,2024-05-15,130.67,132.4,129.78,129.84,131.26,-1.42,-1.0818,28730.35,376034.493,0.4633,0.56,45.0809,4.4808,8051031.117
688012.SH,2024-05-16,131.0,131.09,128.5,129.13,129.84,-0.71,-0.5468,40881.28,530110.698,0.6593,0.85,44.8344,4.4563,8007005.916
688012.SH,2024-05-17,129.31,130.95,128.18,130.71,129.13,1.58,1.2236,28752.95,372922.803,0.4637,0.61,45.383,4.5108,8104977.49
688012.SH,2024-05-20,131.0,134.73,130.23,131.41,130.71,0.7,0.5355,60653.39,803216.002,0.9782,1.63,45.626,4.535,8148382.6177
688012.SH,2024-05-21,131.6,134.88,131.0,133.62,131.41,2.21,1.6818,49101.99,655103.78,0.7919,1.21,46.3933,4.6112,8285418.8066
688012.SH,2024-05-22,133.55,134.5,131.8,133.65,133.62,0.03,0.0225,36236.86,482243.637,0.5844,0.87,46.4037,4.6123,8287279.0263
688012.SH,2024-05-23,133.88,135.6,132.88,133.64,133.65,-0.01,-0.0075,42570.17,571561.471,0.6865,0.99,46.4003,4.6119,8286658.9531
688012.SH,2024-05-24,133.72,134.02,130.0,130.4,133.64,-3.24,-2.4244,34914.46,461172.979,0.5631,0.8,45.2753,4.5001,8085755.2191
688012.SH,2024-05-27,126.0,129.99,122.22,129.41,130.4,-0.99,-0.7592,117151.07,1476470.603,1.8893,2.62,44.9316,4.466,8024367.9671
688012.SH,2024-05-28,129.41,136.37,128.99,130.41,129.41,1.0,0.7727,89279.21,1183568.221,1.4398,1.59,45.2788,4.5005,8086375.2924
688012.SH,2024-05-29,129.46,131.02,128.1,129.5,130.41,-0.91,-0.6978,43120.14,558786.401,0.6954,0.67,44.9628,4.4691,8029948.6264
688012.SH,2024-05-30,129.6,132.79,128.1,131.84,129.5,2.34,1.8069,52007.07,682749.317,0.8387,0.8,45.7753,4.5498,8175045.7676
688012.SH,2024-05-31,131.62,132.25,128.24,129.75,131.54,-1.79,-1.3608,51527.5,670209.225,0.831,0.77,45.0496,4.5244,8045450.4577
688012.SH,2024-06-03,132.34,138.0,132.05,137.31,129.75,7.56,5.8266,104734.92,1421679.751,1.6891,1.48,47.6745,4.788,8514225.8369
688012.SH,2024-06-04,136.5,140.13,136.38,139.88,137.31,2.57,1.8717,60258.26,835217.914,0.9718,0.88,48.5668,4.8776,8673584.663
688012.SH,2024-06-05,140.0,143.04,139.18,140.8,139.88,0.92,0.6577,59302.37,839235.569,0.9564,0.95,48.8862,4.9097,8730631.4022
688012.SH,2024-06-06,141.88,143.8,139.61,140.09,140.8,-0.71,-0.5043,66915.05,949991.361,1.0791,1.02,48.6397,4.8849,8686606.2013
688012.SH,2024-06-07,140.98,144.2,139.62,142.25,140.09,2.16,1.5419,62243.5,886642.619,1.0038,0.91,49.3897,4.9602,8820542.0239
688012.SH,2024-06-11,142.52,148.18,142.52,147.96,142.25,5.71,4.0141,96258.79,1406724.156,1.5524,1.36,51.3722,5.1594,9174603.8514
688012.SH,2024-06-12,148.57,149.25,144.28,145.13,147.96,-2.83,-1.9127,90719.94,1324487.952,1.4631,1.31,50.3896,5.0607,8999123.1208
688012.SH,2024-06-13,146.01,147.15,143.77,144.9,145.13,-0.23,-0.1585,78962.38,1147218.682,1.2734,1.05,50.3098,5.0527,8984861.436
688012.SH,2024-06-14,144.0,144.5,138.57,140.56,144.9,-4.34,-2.9952,138709.15,1956192.727,2.237,1.76,48.8029,4.9013,8715749.6442
688012.SH,2024-06-17,140.16,143.3,137.6,142.29,140.56,1.73,1.2308,83744.33,1184534.805,1.3506,0.9,49.4036,4.9616,8823022.3169
688012.SH,2024-06-18,142.0,145.8,141.99,142.97,142.29,0.68,0.4779,67279.54,966679.153,1.085,0.69,49.6397,4.9854,8865187.2981
688012.SH,2024-06-19,144.99,147.55,142.9,145.51,142.97,2.54,1.7766,81690.57,1187305.591,1.3174,0.89,50.5216,5.0739,9022685.9044
688012.SH,2024-06-20,145.52,152.37,144.0,148.08,145.51,2.57,1.7662,89466.6,1331311.316,1.4428,0.99,51.4139,5.1635,9182044.7304
688012.SH,2024-06-21,146.01,151.12,145.91,150.5,148.08,2.42,1.6343,67210.63,1000746.344,1.0839,0.73,52.3579,5.2584,9350647.775
688012.SH,2024-06-24,150.29,152.58,147.37,147.51,150.5,-2.99,-1.9867,74290.31,1114811.273,1.1981,0.95,51.3177,5.1539,9164877.4305
688012.SH,2024-06-25,147.01,147.51,140.2,141.3,147.51,-6.21,-4.2099,92978.9,1325875.083,1.4965,1.22,49.1573,4.92,8779046.715
688012.SH,2024-06-26,142.02,144.26,139.3,143.59,141.3,2.29,1.6207,47496.8,673189.534,0.7645,0.59,49.954,4.9998,8921325.6745
688012.SH,2024-06-27,142.51,144.3,141.23,141.43,143.59,-2.16,-1.5043,44133.24,628811.373,0.7103,0.59,49.2026,4.9246,8787123.6865
688012.SH,2024-06-28,140.8,143.0,139.41,141.26,141.43,-0.17,-0.1202,56438.35,796212.301,0.9084,0.87,49.1434,4.9186,8776561.493
688012.SH,2024-07-01,141.1,142.68,136.5,142.27,141.26,1.01,0.715,52665.13,737032.865,0.8477,0.84,49.4948,4.9538,8839313.3485
688012.SH,2024-07-02,141.58,142.2,137.87,138.31,142.27,-3.96,-2.7834,41304.81,575935.999,0.6648,0.7,48.1171,4.8159,8593276.3705
688012.SH,2024-07-03,138.31,144.49,137.19,143.56,138.31,5.25,3.7958,60381.68,855954.327,0.9719,1.25,49.9436,4.9987,8919461.758
688012.SH,2024-07-04,143.0,143.99,140.5,140.6,143.56,-2.96,-2.0619,34007.72,482907.966,0.5474,0.67,48.9138,4.8957,8735555.33
688012.SH,2024-07-05,140.02,140.5,135.0,138.5,140.6,-2.1,-1.4936,53045.53,729869.569,0.8538,1.08,48.1832,4.8225,8605081.175
688012.SH,2024-07-08,138.6,139.88,137.11,138.06,138.5,-0.44,-0.3177,39514.87,547206.886,0.636,0.82,48.0302,4.8072,8577743.733
688012.SH,2024-07-09,137.99,142.33,137.33,141.9,138.06,3.84,2.7814,56877.18,797560.36,0.9154,1.25,49.3661,4.9409,8816325.045
688012.SH,2024-07-10,141.1,144.5,140.81,142.02,141.9,0.12,0.0846,39559.72,563480.726,0.6367,0.81,49.4078,4.9451,8823780.711
688012.SH,2024-07-11,144.68,144.69,135.01,139.66,142.02,-2.36,-1.6617,84984.16,1184227.049,1.3678,1.91,48.5868,4.8629,8677152.613
688012.SH,2024-07-12,138.0,142.45,136.47,141.03,139.66,1.37,0.981,51510.55,717755.218,0.8291,0.94,49.0634,4.9106,8762271.4665
688012.SH,2024-07-15,141.32,143.81,141.1,143.44,141.03,2.41,1.7089,49440.5,704511.897,0.7958,0.91,49.9018,4.9945,8912006.092
688012.SH,2024-07-16,142.6,148.13,141.05,147.3,143.44,3.86,2.691,74595.0,1080805.089,1.2006,1.32,51.2447,5.129,9151830.015
688012.SH,2024-07-17,146.59,152.56,146.23,149.91,147.3,2.61,1.7719,93942.57,1408088.103,1.512,1.57,52.1527,5.2198,9313990.7505
688012.SH,2024-07-18,148.23,155.38,147.85,153.0,149.91,3.09,2.0612,94576.04,1433497.08,1.5222,1.33,53.2277,5.3274,9505974.15
688012.SH,2024-07-19,152.83,154.45,150.52,153.85,153.0,0.85,0.5556,82639.39,1265439.981,1.3301,1.13,53.5234,5.357,9558785.1175
688012.SH,2024-07-22,153.55,154.77,151.3,152.69,153.85,-1.16,-0.754,60812.11,928591.435,0.9788,0.77,53.1198,5.3166,9486713.6795
688012.SH,2024-07-23,152.5,152.97,147.7,147.92,152.69,-4.77,-3.124,57480.1,861112.716,0.9252,0.71,51.4604,5.1505,9190350.956
688012.SH,2024-07-24,147.57,148.96,145.18,145.7,147.92,-2.22,-1.5008,43321.44,635137.577,0.6973,0.56,50.6881,5.0732,9052421.135
688012.SH,2024-07-25,144.44,146.44,142.65,142.89,145.7,-2.81,-1.9286,40592.77,583644.025,0.6533,0.6,49.7105,4.9754,8877834.2895
688012.SH,2024-07-26,142.7,147.31,141.4,146.78,142.89,3.89,2.7224,43423.11,629443.491,0.6989,0.76,51.0638,5.1108,9119522.129
688012.SH,2024-07-29,146.9,149.79,144.34,144.34,146.78,-2.44,-1.6624,40940.93,602188.788,0.659,0.83,50.2149,5.0259,8967923.587
688012.SH,2024-07-30,144.48,147.87,143.0,147.55,144.34,3.21,2.2239,39795.36,580638.2,0.6405,0.88,51.3317,5.1377,9167362.6525
688012.SH,2024-07-31,146.78,157.5,146.78,157.2,147.55,9.65,6.5402,82997.18,1277664.957,1.3359,1.99,54.6888,5.4737,9766922.46
688012.SH,2024-08-01,158.46,160.69,155.7,158.44,157.2,1.24,0.7888,68375.88,1082616.798,1.1005,1.38,55.1202,5.5168,9843964.342
688012.SH,2024-08-02,156.6,162.45,156.32,158.6,158.44,0.16,0.101,72535.56,1160297.799,1.1675,1.32,55.1759,5.5224,9853905.23
688012.SH,2024-08-05,157.63,161.49,152.52,153.39,158.6,-5.21,-3.285,82568.73,1286497.424,1.329,1.36,53.3634,5.341,9530205.0645
688012.SH,2024-08-06,155.55,155.98,151.66,154.13,153.39,0.74,0.4824,49967.47,767890.098,0.8042,0.72,53.6208,5.3668,9576181.6715
688012.SH,2024-08-07,153.5,157.3,151.74,152.55,154.13,-1.58,-1.0251,45529.76,702198.684,0.7328,0.64,53.0711,5.3118,9478015.4025
688012.SH,2024-08-08,151.5,157.5,149.5,155.16,152.55,2.61,1.7109,60747.82,935590.878,0.9777,0.95,53.9791,5.4026,9640176.138
688012.SH,2024-08-09,157.3,158.5,153.18,153.27,155.16,-1.89,-1.2181,49792.85,775856.507,0.8014,0.8,53.3216,5.3368,9522749.3985
688012.SH,2024-08-12,152.4,154.5,150.26,152.6,153.27,-0.67,-0.4371,37346.59,567049.985,0.6011,0.65,53.0885,5.3135,9481121.93
688012.SH,2024-08-13,152.63,155.38,152.12,155.37,152.6,2.77,1.8152,32504.12,500880.717,0.5232,0.67,54.0522,5.4099,9653223.5535
688012.SH,2024-08-14,155.14,155.3,147.2,147.72,155.37,-7.65,-4.9237,68574.45,1026637.17,1.1037,1.52,51.3908,5.1436,9177924.846
688012.SH,2024-08-15,146.85,149.48,146.2,148.41,147.72,0.69,0.4671,48028.26,710090.748,0.773,0.96,51.6309,5.1676,9220794.9255
688012.SH,2024-08-16,148.11,149.78,145.81,146.92,148.41,-1.49,-1.004,52451.6,771862.871,0.8442,1.11,51.1125,5.1157,9128220.406
688012.SH,2024-08-19,146.45,147.96,145.11,145.95,146.92,-0.97,-0.6602,35348.34,517463.429,0.5689,0.74,50.775,5.0819,9067953.7725
688012.SH,2024-08-20,145.57,147.11,143.36,144.33,145.95,-1.62,-1.11,32434.46,470685.036,0.522,0.68,50.2114,5.0255,8967302.2815
688012.SH,2024-08-21,144.27,145.13,141.82,142.11,144.33,-2.22,-1.5381,31592.53,452104.273,0.5085,0.67,49.4391,4.9482,8829372.4605
688012.SH,2024-08-22,142.12,142.38,137.71,138.8,142.11,-3.31,-2.3292,58687.53,816788.548,0.9446,1.47,48.2876,4.833,8623720.34
688012.SH,2024-08-23,136.0,136.0,124.03,131.01,138.8,-7.79,-5.6124,176919.35,2283227.306,2.8475,4.2,45.5775,4.4788,8139723.3555
688012.SH,2024-08-26,129.8,133.88,129.17,130.46,131.01,-0.55,-0.4198,58745.95,772054.129,0.9455,0.88,45.3862,4.46,8105551.553
688012.SH,2024-08-27,130.01,131.49,128.99,130.0,130.46,-0.46,-0.3526,40845.48,532720.368,0.6574,0.57,45.2261,4.4443,8076971.5
688012.SH,2024-08-28,130.2,131.43,128.4,129.27,130.0,-0.73,-0.5615,39186.06,508522.37,0.6307,0.53,44.9722,4.4193,8031616.1985
688012.SH,2024-08-29,128.0,133.77,127.8,132.3,129.27,3.03,2.3439,44984.97,591765.255,0.724,0.6,46.0263,4.5229,8219871.765
688012.SH,2024-08-30,132.6,136.32,132.01,135.05,132.3,2.75,2.0786,58778.26,793548.366,0.946,0.81,46.983,4.6169,8390730.7775
688012.SH,2024-09-02,134.8,135.24,127.8,127.82,135.05,-7.23,-5.3536,54973.04,715746.65,0.8848,1.13,44.4677,4.3697,7941526.901
688012.SH,2024-09-03,128.1,130.02,128.01,128.81,127.82,0.99,0.7745,29087.37,375532.13,0.4682,0.61,44.8121,4.4036,8003036.1455
688012.SH,2024-09-04,127.99,130.11,126.99,127.15,128.81,-1.66,-1.2887,33012.71,423467.237,0.5313,0.73,44.2346,4.3468,7899899.4325
688012.SH,2024-09-05,126.88,129.05,126.6,128.58,127.15,1.43,1.1247,30899.01,395361.742,0.4973,0.7,44.7321,4.3957,7988746.119
688012.SH,2024-09-06,128.84,129.8,127.2,127.41,128.58,-1.17,-0.9099,20376.72,261603.258,0.328,0.49,44.3251,4.3557,7916053.3755
688012.SH,2024-09-09,127.9,129.7,126.76,127.45,127.41,0.04,0.0314,27236.22,348305.899,0.4384,0.81,44.339,4.3571,7918538.5975
688012.SH,2024-09-10,128.0,130.51,127.12,129.76,127.45,2.31,1.8125,33036.37,426021.816,0.5317,1.17,45.1426,4.4361,8062060.168
688012.SH,2024-09-11,129.01,131.24,128.58,130.65,129.76,0.89,0.6859,33992.34,442107.176,0.5471,1.18,45.4523,4.4665,8117356.3575
688012.SH,2024-09-12,130.65,131.8,129.2,130.02,130.65,-0.63,-0.4822,24904.94,324907.122,0.4008,0.86,45.2331,4.4449,8078214.111
688012.SH,2024-09-13,129.8,130.35,123.79,125.48,130.02,-4.54,-3.4918,55056.71,695114.17,0.8861,1.97,43.6537,4.2897,7796141.414
688012.SH,2024-09-18,125.61,125.99,122.35,124.07,125.48,-1.41,-1.1237,34133.31,422821.043,0.5494,0.98,43.1631,4.2415,7708537.3385
688012.SH,2024-09-19,124.32,126.8,122.2,124.44,124.07,0.37,0.2982,43463.92,542128.438,0.6996,1.2,43.2918,4.2542,7731525.642
688012.SH,2024-09-20,124.5,124.86,118.85,120.51,124.44,-3.93,-3.1581,68182.17,820716.717,1.0974,1.78,41.9246,4.1198,7487352.5805
688012.SH,2024-09-23,121.0,121.18,116.61,117.3,120.51,-3.21,-2.6637,63064.44,743785.727,1.015,1.4,40.8079,4.0101,7287913.515
688012.SH,2024-09-24,118.9,121.77,115.5,121.2,117.3,3.9,3.3248,83136.23,990495.265,1.3381,1.58,42.1647,4.1434,7530222.66
688012.SH,2024-09-25,123.01,126.5,120.75,120.97,121.2,-0.23,-0.1898,87444.68,1083082.598,1.4074,1.5,42.0847,4.1356,7515932.6335
688012.SH,2024-09-26,120.88,127.5,119.11,127.44,120.97,6.47,5.3484,83139.37,1024082.188,1.3381,1.2,44.3355,4.3567,7917917.292
688012.SH,2024-09-27,130.01,138.8,130.0,136.9,127.44,9.46,7.4231,75082.75,1005921.923,1.2085,0.98,47.6266,4.6802,8505672.295
688012.SH,2024-09-30,145.0,164.2,144.49,164.0,136.9,27.1,19.7955,196687.75,3043662.177,3.1657,2.51,57.0545,5.6066,10189410.2
688012.SH,2024-10-08,196.8,196.8,186.1,196.8,164.0,32.8,20.0,247401.87,4831521.572,3.982,2.35,68.4654,6.7279,12227292.24
688012.SH,2024-10-09,192.0,217.0,185.5,198.0,196.8,1.2,0.6098,428137.03,8606026.958,6.8909,3.1,68.8829,6.769,12301848.9
688012.SH,2024-10-10,202.0,202.0,179.48,180.18,198.0,-17.82,-9.0,257193.83,4791056.628,4.1396,1.25,62.6834,6.1597,11194682.499
688012.SH,2024-10-11,174.0,181.17,166.02,168.56,180.18,-11.62,-6.4491,150909.57,2587476.344,2.4289,0.63,58.6409,5.7625,10472725.508
688012.SH,2024-10-14,168.1,175.2,162.51,173.25,168.56,4.69,2.7824,158366.08,2680592.523,2.5489,0.62,60.2725,5.9228,10764117.7875
688012.SH,2024-10-15,173.26,177.98,169.1,169.1,173.25,-4.15,-2.3954,129618.8,2247021.287,2.0862,0.52,58.8288,5.781,10506276.005
688012.SH,2024-10-16,159.0,167.77,158.88,163.46,169.1,-5.64,-3.3353,111221.21,1821868.524,1.7901,0.49,56.8666,5.5881,10155859.703
688012.SH,2024-10-17,165.9,167.83,162.57,163.5,163.46,0.04,0.0245,104062.4,1716211.849,1.6749,0.64,56.8806,5.5895,10158344.925
688012.SH,2024-10-18,163.5,195.0,161.03,185.65,163.5,22.15,13.5474,241754.17,4266829.203,3.8911,1.85,64.5864,6.3468,11534536.6075
688012.SH,2024-10-21,187.09,201.0,182.0,187.13,185.65,1.48,0.7972,260996.47,4980419.279,4.2008,1.75,65.1013,6.3973,11626489.8215
688012.SH,2024-10-22,185.0,189.01,180.21,182.83,187.13,-4.3,-2.2979,153812.41,2827686.522,2.4756,0.91,63.6053,6.2503,11359328.4565
688012.SH,2024-10-23,181.5,184.58,178.23,179.95,182.83,-2.88,-1.5752,101382.91,1833943.454,1.6318,0.58,62.6034,6.1519,11180392.4725
688012.SH,2024-10-24,178.9,182.99,178.38,180.0,179.95,0.05,0.0278,77677.15,1400261.664,1.2502,0.45,62.6208,6.1536,11183499.0
688012.SH,2024-10-25,180.99,188.81,178.62,183.45,180.0,3.45,1.9167,109818.41,2012759.051,1.7675,0.66,63.9134,6.2806,11414351.4405
688012.SH,2024-10-28,183.0,183.32,179.62,180.88,183.45,-2.57,-1.4009,71259.44,1289193.833,1.1469,0.51,63.0181,6.1926,11254444.7454
688012.SH,2024-10-29,180.65,185.88,180.13,180.3,180.88,-0.58,-0.3207,107158.91,1953177.73,1.7222,1.04,62.816,6.1275,11218356.8532
688012.SH,2024-10-30,182.9,184.22,177.7,181.15,180.3,0.85,0.4714,108459.51,1966240.835,1.7431,1.16,63.1121,5.971,11271244.2815
688012.SH,2024-10-31,181.0,199.0,177.4,192.43,181.15,11.28,6.2269,187549.88,3525337.986,3.0143,1.98,67.042,6.3428,11973091.5655
688012.SH,2024-11-01,192.43,196.69,188.5,188.61,192.43,-3.82,-1.9851,136978.06,2640405.369,2.2015,1.17,65.7112,6.2169,11735409.2406
688012.SH,2024-11-04,188.0,203.9,186.0,199.82,188.61,11.21,5.9435,130001.81,2559183.2,2.0894,1.06,69.6167,6.5864,12432901.0893
688012.SH,2024-11-05,198.0,207.69,197.51,202.5,199.82,2.68,1.3412,151643.25,3073215.394,2.4372,1.13,70.5504,6.6747,12599652.0398
688012.SH,2024-11-06,202.0,210.8,198.11,201.31,202.5,-1.19,-0.5877,152207.12,3090356.12,2.4463,1.06,70.1358,6.6355,12525609.6401
688012.SH,2024-11-07,200.5,209.8,198.96,208.0,201.31,6.69,3.3232,126658.99,2584552.014,2.0356,0.84,72.4666,6.856,12941864.8112
688012.SH,2024-11-08,213.18,229.26,208.99,217.15,208.0,9.15,4.399,196777.4,4303690.367,3.1626,1.41,75.6544,7.1576,13511182.4219
688012.SH,2024-11-11,223.5,249.0,223.0,245.15,217.15,28.0,12.8943,216785.63,5172961.127,3.4842,1.43,85.4095,8.0805,15253356.5311
688012.SH,2024-11-12,243.0,256.99,239.0,246.3,245.15,1.15,0.4691,184423.42,4549845.334,2.964,1.09,85.8102,8.1184,15324910.1106
688012.SH,2024-11-13,240.0,249.66,237.02,242.5,246.3,-3.8,-1.5428,123350.26,2993225.496,1.9825,0.7,84.4863,7.9932,15088472.1958
688012.SH,2024-11-14,240.01,245.0,232.95,235.0,242.5,-7.5,-3.0928,129976.97,3109500.399,2.089,0.77,81.8733,7.746,14621818.4165
688012.SH,2024-11-15,232.0,235.0,211.7,212.2,235.0,-22.8,-9.7021,199878.2,4413421.914,3.2124,1.17,73.9299,6.9944,13203190.9276
688012.SH,2024-11-18,214.0,219.6,207.75,211.08,212.2,-1.12,-0.5278,140412.33,2993020.005,2.2567,0.82,73.5584,6.9593,13136853.7184
688012.SH,2024-11-19,213.33,217.5,205.97,215.15,211.08,4.07,1.9282,125710.86,2668622.814,2.0204,0.81,74.9767,7.0935,13390155.7585
688012.SH,2024-11-20,214.0,216.4,210.13,213.01,215.15,-2.14,-0.9947,92611.21,1976142.756,1.4881,0.64,74.231,7.0141,13256969.9192
688012.SH,2024-11-21,211.02,219.87,210.0,216.5,213.01,3.49,1.6384,104305.27,2258923.279,1.676,0.76,75.4472,7.129,13474174.8628
688012.SH,2024-11-22,218.0,223.33,209.32,209.46,216.5,-7.04,-3.2517,109894.03,2373871.383,1.7658,0.83,72.9939,6.8972,13036030.7933
688012.SH,2024-11-25,208.18,212.28,203.21,203.48,209.46,-5.98,-2.855,97234.1,2012804.32,1.5623,0.85,70.9099,6.7003,12663857.2798
688012.SH,2024-11-26,205.39,208.0,203.98,205.24,203.48,1.76,0.8649,60462.76,1244023.472,0.9715,0.57,71.5232,6.7583,12773393.2971
688012.SH,2024-11-27,204.1,213.02,198.66,211.84,205.24,6.6,3.2157,107300.36,2234541.828,1.7241,1.15,73.8233,6.9756,13184153.3622
688012.SH,2024-11-28,213.02,215.52,210.36,210.78,211.84,-1.06,-0.5004,98376.26,2095371.211,1.5807,1.03,73.4539,6.9407,13118182.8063
688012.SH,2024-11-29,209.0,227.5,208.62,222.0,210.78,11.22,5.3231,126708.1,2778090.758,2.0359,1.34,77.3639,7.3101,13816474.917
688012.SH,2024-12-02,221.56,224.0,216.5,220.0,222.0,-2.0,-0.9009,119934.5,2633135.306,1.9271,1.22,76.6669,7.2443,13692002.17
688012.SH,2024-12-03,221.5,223.98,211.2,212.89,220.0,-7.11,-3.2318,94055.29,2032719.506,1.5113,0.92,74.1892,7.0102,13249501.5544
688012.SH,2024-12-04,216.3,219.86,212.33,213.71,212.89,0.82,0.3852,85312.36,1835944.82,1.3708,0.78,74.4749,7.0372,13300535.3807
688012.SH,2024-12-05,211.0,214.07,209.36,212.47,213.71,-1.24,-0.5802,65876.39,1392244.947,1.0585,0.63,74.0428,6.9963,13223362.2775
688012.SH,2024-12-06,212.48,219.0,210.53,216.09,212.47,3.62,1.7038,70763.07,1524190.76,1.137,0.72,75.3043,7.1155,13448657.9496
688012.SH,2024-12-09,214.9,218.64,211.5,214.04,216.09,-2.05,-0.9487,52945.01,1138021.749,0.8507,0.61,74.5899,7.048,13321073.3839
688012.SH,2024-12-10,228.0,229.66,215.69,217.02,214.04,2.98,1.3923,94548.38,2098833.405,1.5192,1.28,75.6284,7.1462,13506537.777
688012.SH,2024-12-11,217.02,219.5,205.02,205.8,217.02,-11.22,-5.17,120283.78,2524738.162,1.9327,1.63,71.7184,6.7767,12808245.6663
688012.SH,2024-12-12,204.0,207.0,201.41,205.9,205.8,0.1,0.0486,98614.84,2016386.737,1.5845,1.22,71.7532,6.78,12814469.3037
688012.SH,2024-12-13,203.9,204.74,198.4,200.51,205.9,-5.39,-2.6178,126055.98,2528685.557,2.0254,1.44,69.8749,6.6025,12479015.2505
688012.SH,2024-12-16,199.4,200.26,190.25,192.0,200.51,-8.51,-4.2442,119413.22,2306256.048,1.9187,1.21,66.9093,6.3223,11949383.712
688012.SH,2024-12-17,192.01,193.77,190.22,190.9,192.0,-1.1,-0.5729,72802.68,1397464.547,1.1698,0.65,66.526,6.2861,11880923.7012
688012.SH,2024-12-18,192.0,202.0,192.0,194.3,190.9,3.4,1.781,146162.78,2868944.823,2.3485,1.36,67.7108,6.398,12092527.3711
688012.SH,2024-12-19,190.07,196.17,188.8,194.88,194.3,0.58,0.2985,117885.69,2268794.754,1.8942,1.05,67.9129,6.4171,12128624.4677
688012.SH,2024-12-20,194.27,202.49,193.8,196.85,194.88,1.97,1.0109,150405.17,2985551.48,2.4167,1.29,68.5994,6.482,12251230.1235
688012.SH,2024-12-23,197.78,200.98,195.03,197.0,196.85,0.15,0.0762,107748.52,2128483.642,1.7313,0.89,68.6517,6.4869,12260565.5795
688012.SH,2024-12-24,196.95,200.38,193.28,199.88,197.0,2.88,1.4619,99550.38,1963825.116,1.5996,0.84,69.6554,6.5818,12439806.3352
688012.SH,2024-12-25,199.88,202.2,195.55,196.0,199.88,-3.88,-1.9412,79841.22,1584639.799,1.2829,0.64,68.3032,6.454,12198329.206
688012.SH,2024-12-26,195.0,199.0,193.63,195.91,196.0,-0.09,-0.0459,78749.81,1542567.99,1.2653,0.71,68.2719,6.451,12192727.9324
688012.SH,2024-12-27,195.91,204.98,193.31,197.35,195.91,1.44,0.735,155599.32,3111913.22,2.5001,1.51,68.7737,6.4985,12282348.3102
688012.SH,2024-12-30,197.4,201.19,196.19,198.0,197.35,0.65,0.3294,85042.94,1686865.139,1.3665,0.82,69.0002,6.5199,12322801.953
688012.SH,2024-12-31,197.85,198.5,188.9,189.16,198.0,-8.84,-4.4646,100279.06,1928095.87,1.6113,1.01,65.9196,6.2288,11772632.4113
688012.SH,2025-01-02,188.81,188.87,178.65,180.9,189.16,-8.26,-4.3667,113828.9,2079401.916,1.829,1.14,63.0411,5.9568,11258559.9662
688012.SH,2025-01-03,181.18,184.85,179.77,181.53,180.9,0.63,0.3483,89111.93,1624494.889,1.4318,0.84,63.2606,5.9775,11297768.8815
688012.SH,2025-01-06,181.0,183.83,178.8,181.71,181.53,0.18,0.0992,54551.17,990217.03,0.8765,0.5,63.3234,5.9834,11308971.4287
688012.SH,2025-01-07,181.8,185.5,181.22,184.33,181.71,2.62,1.4419,74461.37,1363771.477,1.1964,0.84,64.2364,6.0697,11472030.7273
688012.SH,2025-01-08,183.0,185.97,178.0,183.01,184.33,-1.32,-0.7161,85299.0,1558328.772,1.3706,0.99,63.7764,6.0263,11389878.7142
688012.SH,2025-01-09,184.7,185.8,182.0,182.01,183.01,-1.0,-0.5464,62703.41,1151693.768,1.0075,0.75,63.4279,5.9933,11327642.3407
688012.SH,2025-01-10,182.69,185.28,179.1,179.1,182.01,-2.91,-1.5988,75881.76,1381373.327,1.2193,1.04,62.4138,5.8975,11146534.4939
688012.SH,2025-01-13,174.81,181.15,174.51,178.96,179.1,-0.14,-0.0782,60235.0,1075818.246,0.9678,0.85,62.365,5.8929,11137821.4016
688012.SH,2025-01-14,180.6,188.68,178.07,188.45,178.96,9.49,5.3029,96357.67,1787405.699,1.5483,1.34,65.6722,6.2054,11728444.5861
688012.SH,2025-01-15,189.73,193.88,186.17,186.39,188.45,-2.06,-1.0931,89386.98,1695953.987,1.4362,1.17,64.9543,6.1376,11600237.6567
688012.SH,2025-01-16,188.0,193.66,185.25,188.0,186.39,1.61,0.8638,91723.85,1733856.437,1.4738,1.19,65.5153,6.1906,11700438.218
688012.SH,2025-01-17,187.12,194.0,186.86,188.6,188.0,0.6,0.3191,77616.78,1473007.344,1.2471,0.94,65.7244,6.2103,11737780.0421
688012.SH,2025-01-20,189.66,191.36,187.28,188.18,188.6,-0.42,-0.2227,54545.38,1031376.237,0.8764,0.66,65.5781,6.1965,11711640.7652
688012.SH,2025-01-21,189.3,190.0,185.66,186.87,188.18,-1.31,-0.6961,75140.52,1408245.23,1.2073,0.92,65.1216,6.1534,11630111.1159
688012.SH,2025-01-22,186.2,186.68,182.66,185.13,186.87,-1.74,-0.9311,63939.51,1180217.143,1.0274,0.82,64.5152,6.0961,11521819.8261
688012.SH,2025-01-23,187.5,191.02,185.57,185.82,185.13,0.69,0.3727,79761.6,1500565.875,1.2816,1.1,64.7556,6.1188,11564762.9238
688012.SH,2025-01-24,185.0,187.5,184.88,185.48,185.82,-0.34,-0.183,56653.73,1054370.493,0.9103,0.81,64.6372,6.1076,11543602.5568
688012.SH,2025-01-27,186.0,187.29,180.01,180.09,185.48,-5.39,-2.906,59067.6,1083170.868,0.9491,0.89,62.7588,5.9301,11208148.5036
688012.SH,2025-02-05,185.7,186.0,178.95,181.94,180.09,1.85,1.0273,86999.87,1578797.006,1.3979,1.3,63.4035,5.991,11323285.7946
688012.SH,2025-02-06,180.16,195.3,180.11,192.57,181.94,10.63,5.8426,141565.53,2685873.642,2.2746,2.04,67.1079,6.3411,11984858.4449
688012.SH,2025-02-07,192.0,195.01,188.5,192.24,192.57,-0.33,-0.1714,128592.96,2469630.355,2.0662,1.52,66.9929,6.3302,11964320.4416
688012.SH,2025-02-10,192.25,192.99,188.65,191.16,192.24,-1.08,-0.5618,94605.72,1801675.412,1.5201,1.0,66.6166,6.2946,11897105.1583
688012.SH,2025-02-11,191.16,191.23,186.11,187.41,191.16,-3.75,-1.9617,69841.09,1311589.078,1.1222,0.68,65.3097,6.1711,11663718.7576
688012.SH,2025-02-12,190.99,197.42,189.67,196.93,187.41,9.52,5.0798,147508.3,2850632.376,2.3701,1.41,68.6273,6.4846,12256209.0334
688012.SH,2025-02-13,196.93,197.0,190.6,190.6,196.93,-6.33,-3.2143,87940.94,1698479.539,1.413,0.76,66.4214,6.2762,11862252.7891
688012.SH,2025-02-14,189.0,191.4,186.5,190.52,190.6,-0.08,-0.042,78837.99,1488966.184,1.2668,0.75,66.3935,6.2735,11857273.8792
688012.SH,2025-02-17,190.5,195.77,189.52,193.21,190.52,2.69,1.4119,102125.12,1965451.642,1.6409,1.07,67.331,6.3621,12024689.7239
688012.SH,2025-02-18,193.5,199.0,192.5,192.5,193.21,-0.71,-0.3675,153365.9,2998641.454,2.4642,1.58,67.0835,6.3387,11980501.8988
688012.SH,2025-02-19,192.0,203.4,191.84,201.27,192.5,8.77,4.5558,178454.97,3548655.325,2.8674,1.57,70.1398,6.6275,12526314.8943
688012.SH,2025-02-20,201.0,206.89,200.3,205.1,201.27,3.83,1.9029,139800.39,2862007.366,2.2463,1.16,71.4745,6.7536,12764680.2049
688012.SH,2025-02-21,208.0,214.6,205.0,211.36,205.1,6.26,3.0522,158589.4,3348428.145,2.5482,1.22,73.656,6.9598,13154279.903
688012.SH,2025-02-24,210.0,219.35,209.8,218.1,211.36,6.74,3.1889,137523.98,2973842.557,2.2097,0.94,76.0048,7.1817,13573753.0604
688012.SH,2025-02-25,214.99,220.99,211.0,213.5,218.1,-4.6,-2.1091,114600.74,2465388.518,1.8414,0.75,74.4017,7.0302,13287465.7423
688012.SH,2025-02-26,214.87,215.8,208.8,214.84,213.5,1.34,0.6276,109168.27,2323378.087,1.7541,0.75,74.8687,7.0744,13370862.4827
688012.SH,2025-02-27,213.72,213.83,204.8,210.51,214.84,-4.33,-2.0155,120579.5,2524207.897,1.9374,0.91,73.3598,6.9318,13101378.9855
688012.SH,2025-02-28,212.19,213.88,201.5,204.27,210.51,-6.24,-2.9642,119826.42,2493661.879,1.9253,0.94,71.1852,6.4374,12713024.0148
688012.SH,2025-03-03,204.67,205.5,198.37,199.98,204.27,-4.29,-2.1002,96148.08,1929080.71,1.5449,0.8,69.6902,6.3022,12446029.9725
688012.SH,2025-03-04,198.0,202.88,196.2,200.9,199.98,0.92,0.46,81818.96,1632257.607,1.3146,0.73,70.0108,6.3312,12503287.4362
688012.SH,2025-03-05,201.19,203.95,199.16,202.71,200.9,1.81,0.9009,71946.6,1455054.421,1.156,0.68,70.6416,6.3882,12615935.2722
688012.SH,2025-03-06,208.0,217.88,207.16,215.89,202.71,13.18,6.5019,148256.63,3180867.811,2.3822,1.51,75.2346,6.8036,13436210.6749
688012.SH,2025-03-07,214.6,217.28,212.84,214.66,215.89,-1.23,-0.5697,75881.13,1629794.358,1.2192,0.73,74.806,6.7648,13359659.9355
688012.SH,2025-03-10,212.29,214.49,204.81,206.0,214.66,-8.66,-4.0343,107824.47,2238925.173,1.7325,1.14,71.7881,6.4919,12820692.941
688012.SH,2025-03-11,203.0,208.36,202.7,204.7,206.0,-1.3,-0.6311,64033.65,1311527.844,1.0289,0.66,71.3351,6.4509,12739785.6555
688012.SH,2025-03-12,207.98,208.25,200.8,200.86,204.7,-3.84,-1.8759,73785.79,1503000.969,1.1856,0.79,69.9969,6.3299,12500797.9812
688012.SH,2025-03-13,201.11,201.88,197.4,199.69,200.86,-1.17,-0.5825,64052.97,1277705.984,1.0292,0.68,69.5891,6.2931,12427981.4242
688012.SH,2025-03-14,200.0,204.86,198.5,204.31,199.69,4.62,2.3136,79444.63,1612060.673,1.2765,1.03,71.1992,6.4387,12715513.4698
688012.SH,2025-03-17,203.1,203.7,199.1,199.7,204.31,-4.61,-2.2564,56277.91,1131226.481,0.9043,0.72,69.5926,6.2934,12428603.788
688012.SH,2025-03-18,201.7,204.54,200.48,204.0,199.7,4.3,2.1532,59695.11,1214981.789,0.9592,0.88,71.0911,6.4289,12696220.194
688012.SH,2025-03-19,202.85,203.75,198.38,198.6,204.0,-5.4,-2.6471,49207.85,986489.23,0.7907,0.74,69.2093,6.2587,12360143.7771
688012.SH,2025-03-20,198.6,201.06,193.5,193.7,198.6,-4.9,-2.4673,62244.86,1215854.263,1.0001,1.01,67.5017,6.1043,12055185.547
688012.SH,2025-03-21,193.2,196.2,190.45,191.24,193.7,-2.46,-1.27,62439.3,1203966.432,1.0033,1.02,66.6444,6.0268,11902084.0681
688012.SH,2025-03-24,190.11,194.83,188.4,191.1,191.24,-0.14,-0.0732,60806.09,1163936.297,0.977,1.05,66.5957,6.0224,11893370.9759
688012.SH,2025-03-25,191.2,192.9,189.49,190.87,191.1,-0.23,-0.1204,42028.97,803712.829,0.6753,0.71,66.5155,6.0151,11879056.6099
688012.SH,2025-03-26,190.8,193.39,188.03,188.5,190.87,-2.37,-1.2417,40436.01,769058.82,0.6497,0.73,65.6896,5.9404,11731556.4048
688012.SH,2025-03-27,189.11,192.39,186.5,189.69,188.5,1.19,0.6313,55085.25,1044014.104,0.8851,1.03,66.1043,5.9779,11805617.6892
688012.SH,2025-03-28,190.02,190.66,184.15,184.31,189.69,-5.38,-2.8362,86804.95,1614806.269,1.3948,1.66,64.2294,5.8084,11470785.9998
688012.SH,2025-03-31,184.26,186.37,181.75,184.36,184.31,0.05,0.0271,59133.35,1089448.028,0.9501,1.04,64.2469,5.8099,11473897.8185
688012.SH,2025-04-01,184.93,187.98,183.91,186.46,184.36,2.1,1.1391,50016.78,931110.429,0.8037,0.88,64.9787,5.8761,11604594.2028
688012.SH,2025-04-02,186.0,187.55,184.03,184.6,186.46,-1.86,-0.9975,36103.08,669048.566,0.5801,0.62,64.3305,5.8175,11488834.5481
688012.SH,2025-04-03,183.46,189.62,183.46,186.6,184.6,2.0,1.0834,57154.51,1069035.938,0.9183,1.0,65.0275,5.8805,11613307.2951
688012.SH,2025-04-07,178.5,188.0,166.66,176.0,186.6,-10.6,-5.6806,139135.68,2486137.901,2.2356,2.41,61.3335,5.5465,10953601.736
688012.SH,2025-04-08,176.0,178.41,172.6,176.14,176.0,0.14,0.0795,117767.38,2064270.585,1.8923,1.72,61.3823,5.5509,10962314.8283
688012.SH,2025-04-09,173.0,190.66,172.8,186.96,176.14,10.82,6.1428,147852.12,2731010.098,2.3757,1.85,65.1529,5.8919,11635712.3896
688012.SH,2025-04-10,191.88,191.9,186.65,188.86,186.96,1.9,1.0163,79967.92,1510598.289,1.2849,0.8,65.815,5.9518,11753961.4992
688012.SH,2025-04-11,189.85,195.2,187.2,188.88,188.86,0.02,0.0106,120558.16,2296644.789,1.9371,1.11,65.822,5.9524,11755206.2267
688012.SH,2025-04-14,191.0,191.76,186.81,189.83,188.88,0.95,0.503,71592.73,1356504.057,1.1503,0.59,66.1531,5.9823,11814330.7815
688012.SH,2025-04-15,188.98,189.49,184.68,188.0,189.83,-1.83,-0.964,57889.09,1078859.713,0.9301,0.54,65.5153,5.9247,11700438.218
688012.SH,2025-04-16,190.74,192.8,187.66,192.72,188.0,4.72,2.5106,83250.24,1585813.254,1.3376,0.87,67.1602,6.0734,11994193.9009
688012.SH,2025-04-17,192.3,194.5,189.99,191.5,192.72,-1.22,-0.633,60797.34,1167641.241,0.9769,0.74,66.735,6.035,11918265.5253
688012.SH,2025-04-18,190.01,191.34,188.26,190.0,191.5,-1.5,-0.7833,35296.86,670755.815,0.5671,0.45,73.1886,5.9913,11824910.965
688012.SH,2025-04-21,188.5,190.99,188.49,189.52,190.0,-0.48,-0.2526,37944.43,720708.331,0.6097,0.61,73.0037,5.9761,11795037.5057
688012.SH,2025-04-22,190.0,193.85,187.66,190.55,189.52,1.03,0.5435,56594.98,1081257.569,0.9094,1.03,73.4005,6.0086,11859140.9704
688012.SH,2025-04-23,190.1,191.5,187.2,188.03,190.55,-2.52,-1.3225,53265.89,1003843.583,0.8559,0.97,72.4298,5.9291,11702305.3092
688012.SH,2025-04-24,188.03,189.79,186.3,187.35,188.03,-0.68,-0.3616,33422.2,628187.906,0.537,0.69,72.1679,5.9077,11659984.5752
688012.SH,2025-04-25,185.0,187.96,181.02,187.46,187.35,0.11,0.0587,72903.67,1346197.994,1.1714,1.68,72.2978,5.7987,11680984.3312
688012.SH,2025-04-28,187.0,189.75,186.04,186.11,187.46,-1.35,-0.7202,47235.12,886102.916,0.759,0.93,71.7772,5.7569,11596863.2982
688012.SH,2025-04-29,185.62,188.35,184.6,187.52,186.11,1.41,0.7576,37855.45,706023.446,0.6075,0.72,72.321,5.7898,11684723.0438
688012.SH,2025-04-30,187.0,189.49,186.49,188.26,187.52,0.74,0.3946,45121.93,849162.464,0.7241,0.92,72.6064,5.8127,11730833.8322
688012.SH,2025-05-06,188.18,189.83,185.63,188.88,188.26,0.62,0.3293,66684.84,1255547.36,1.0702,1.41,72.8455,5.8318,11769467.1955
688012.SH,2025-05-07,193.0,193.01,187.78,189.33,188.88,0.45,0.2382,63565.93,1206177.067,1.0201,1.18,73.019,5.8457,11797507.5399
688012.SH,2025-05-08,188.75,190.8,187.56,190.07,189.33,0.74,0.3909,38483.22,729491.308,0.6176,0.74,73.3044,5.8686,11843618.3283
688012.SH,2025-05-09,189.0,189.59,181.7,181.7,190.07,-8.37,-4.4036,66639.52,1226170.832,1.0695,1.32,70.2875,5.627,11356181.2811
688012.SH,2025-05-12,182.98,184.25,181.37,183.4,181.7,1.7,0.9356,44319.72,810127.391,0.7113,0.79,70.9451,5.6797,11462430.6381
688012.SH,2025-05-13,184.0,185.8,182.7,182.95,183.4,-0.45,-0.2454,36220.53,666032.553,0.5795,0.65,70.771,5.6261,11434305.8083
688012.SH,2025-05-14,183.05,187.88,182.4,187.7,182.95,4.75,2.5963,59628.35,1106609.317,0.9541,1.2,72.6085,5.7721,11731179.0119
688012.SH,2025-05-15,186.61,187.88,182.38,182.71,187.7,-4.99,-2.6585,38863.98,715054.888,0.6218,0.79,70.6782,5.6187,11419305.8991
688012.SH,2025-05-16,182.71,183.33,179.22,180.33,182.71,-2.38,-1.3026,43442.34,786630.151,0.6951,0.88,69.7575,5.5455,11270556.7992
688012.SH,2025-05-19,179.89,180.52,177.12,178.81,180.33,-1.52,-0.8429,38944.35,695548.73,0.6231,0.88,69.1696,5.4988,11175557.3741
688012.SH,2025-05-20,178.83,180.18,177.68,178.2,178.81,-0.61,-0.3411,34576.5,618226.991,0.5532,0.8,68.9336,5.48,11137432.6048
688012.SH,2025-05-21,177.93,178.95,176.29,176.45,178.2,-1.75,-0.982,38078.95,673905.12,0.6093,0.88,68.2566,5.4262,11028058.2666
688012.SH,2025-05-22,176.0,177.17,174.37,175.6,176.45,-0.85,-0.4817,35424.37,622060.31,0.5668,0.91,67.9278,5.4,10974933.5881
688012.SH,2025-05-23,175.25,176.4,174.06,174.53,175.6,-1.07,-0.6093,43978.94,769831.619,0.7037,1.15,67.5139,5.3671,10908058.9928
688012.SH,2025-05-26,176.0,177.65,173.73,174.49,174.53,-0.04,-0.0229,45611.66,800390.018,0.7298,1.19,67.4984,5.3659,10905559.0079
688012.SH,2025-05-27,174.49,175.2,172.8,173.13,174.49,-1.36,-0.7794,40116.0,696416.049,0.6419,1.01,66.9723,5.3241,10820559.5222
688012.SH,2025-05-28,173.89,174.85,170.66,170.93,173.13,-2.2,-1.2707,45596.56,784357.421,0.7295,1.12,66.1213,5.2564,10683060.3543
688012.SH,2025-05-29,171.5,177.19,171.06,176.71,170.93,5.78,3.3815,53555.5,935677.962,0.8569,1.27,68.3572,5.4342,11044308.1683
688012.SH,2025-05-30,176.47,177.0,175.0,175.01,176.71,-1.7,-0.962,41579.99,731944.799,0.6653,0.91,67.6996,5.3819,10938058.8112
688012.SH,2025-06-03,174.89,180.74,174.62,178.9,175.01,3.89,2.2227,50680.52,904071.425,0.8109,1.12,69.2044,5.5015,11181182.34
688012.SH,2025-06-04,178.8,180.3,177.89,179.42,178.9,0.52,0.2907,34343.06,616323.617,0.5495,0.74,69.4055,5.5175,11213682.1434
688012.SH,2025-06-05,180.2,181.2,178.86,180.0,179.42,0.58,0.3233,43147.65,776688.312,0.6904,0.96,69.6299,5.5353,11249931.924
688012.SH,2025-06-06,180.0,180.68,179.17,180.01,180.0,0.01,0.0056,26223.55,471517.134,0.4196,0.59,69.6338,5.5357,11250556.9202
688012.SH,2025-06-09,180.0,180.5,177.3,178.8,180.01,-1.21,-0.6722,36740.52,657657.867,0.5879,0.94,69.1657,5.4984,11174932.3778
688012.SH,2025-06-10,178.8,179.29,170.5,171.3,178.8,-7.5,-4.1946,67715.01,1176916.298,1.0834,1.77,66.2644,5.2678,10706185.2143
688012.SH,2025-06-11,171.56,174.5,169.8,169.88,171.3,-1.42,-0.829,64759.21,1112780.425,1.0362,1.56,65.7151,5.2241,10617435.7514
688012.SH,2025-06-12,169.58,169.58,165.79,165.98,169.88,-3.9,-2.2957,83151.32,1388078.812,1.3304,1.74,64.2065,5.1042,10373687.2264
688012.SH,2025-06-13,165.01,172.27,164.88,171.79,165.98,5.81,3.5004,90608.2,1537992.945,1.4497,1.63,66.454,5.2829,10736810.029
688012.SH,2025-06-16,170.2,173.96,170.09,173.17,171.79,1.38,0.8033,38020.61,656226.526,0.6083,0.55,66.9878,5.3253,10823059.5071
688012.SH,2025-06-17,172.88,174.18,170.3,170.97,173.17,-2.2,-1.2704,42426.84,729549.615,0.6788,0.62,66.1368,5.2577,10685560.3391
688012.SH,2025-06-18,171.18,174.0,170.58,171.85,170.97,0.88,0.5147,46341.48,798268.922,0.7415,0.73,66.4772,5.2847,10740560.0063
688012.SH,2025-06-19,171.55,176.23,171.01,172.91,171.85,1.06,0.6168,52644.7,915359.145,0.8423,0.88,66.8872,5.3173,10806809.6054
688012.SH,2025-06-20,172.85,175.3,171.2,171.61,172.91,-1.3,-0.7518,37842.2,654213.442,0.6055,0.7,66.5064,5.287,10745279.6134
688012.SH,2025-06-23,170.6,181.09,170.6,178.63,171.61,7.02,4.0907,101016.81,1802327.458,1.6163,2.32,69.227,5.5033,11184833.6189
688012.SH,2025-06-24,178.5,179.66,177.52,179.16,178.63,0.53,0.2967,51875.13,926890.243,0.8285,0.93,69.4324,5.5042,11218019.3202
688012.SH,2025-06-25,179.96,181.57,177.68,180.81,179.16,1.65,0.921,60903.93,1095858.493,0.9727,1.05,70.0718,5.5549,11321333.2959
688012.SH,2025-06-26,181.12,182.0,178.88,178.98,180.81,-1.83,-1.0121,51932.69,935533.462,0.8294,0.85,69.3626,5.4987,11206748.7047
688012.SH,2025-06-27,180.79,181.48,178.18,179.79,178.98,0.81,0.4526,47510.68,856694.173,0.7588,0.78,69.6765,5.5236,11257466.4746
688012.SH,2025-06-30,180.57,185.0,180.55,182.3,179.79,2.51,1.3961,52894.95,965690.938,0.8448,0.84,70.6493,5.6007,11414628.9466
688012.SH,2025-07-01,181.99,184.39,181.33,182.79,182.3,0.49,0.2688,40818.81,748006.363,0.6519,0.77,70.8392,5.6157,11445310.0667
688012.SH,2025-07-02,182.3,182.6,178.39,178.78,182.79,-4.01,-2.1938,42513.61,764358.917,0.679,0.84,69.2851,5.4925,11194225.7985
688012.SH,2025-07-03,179.0,179.4,176.7,178.02,178.78,-0.76,-0.4251,40554.27,720388.421,0.6477,0.86,68.9906,5.4692,11146638.7552
688012.SH,2025-07-04,177.99,185.3,176.21,180.95,178.02,2.93,1.6459,79103.33,1432894.568,1.2633,1.76,70.1261,5.5592,11330099.3302
688012.SH,2025-07-07,180.5,183.95,180.34,180.55,180.95,-0.4,-0.2211,45056.68,819881.561,0.7196,0.88,69.9711,5.5469,11305053.5179
688012.SH,2025-07-08,182.4,185.2,181.88,184.5,180.55,3.95,2.1878,58039.88,1068249.674,0.9269,1.17,71.5019,5.6683,11552380.9142
688012.SH,2025-07-09,184.5,185.86,181.95,182.36,184.5,-2.14,-1.1599,40066.04,735316.705,0.6399,0.76,70.6725,5.6025,11418385.8185
688012.SH,2025-07-10,181.21,183.44,180.22,180.58,182.06,-1.48,-0.8129,41402.8,751416.22,0.6612,0.79,69.9827,5.5993,11306931.9538
688012.SH,2025-07-11,180.61,185.49,180.51,184.37,180.58,3.79,2.0988,62683.06,1152764.566,1.0011,1.19,71.4515,5.7168,11544241.0252
688012.SH,2025-07-14,184.6,184.6,178.87,179.0,184.37,-5.37,-2.9126,63443.13,1145780.022,1.0132,1.28,69.3704,5.5503,11208000.9953
688012.SH,2025-07-15,179.0,180.89,178.0,179.98,179.0,0.98,0.5475,43760.26,784931.019,0.6989,0.82,69.7502,5.5807,11269363.2354
688012.SH,2025-07-16,179.98,182.0,177.77,178.29,179.98,-1.69,-0.939,46058.19,826922.685,0.7356,0.92,69.0952,5.5283,11163544.6785
688012.SH,2025-07-17,178.18,178.44,174.76,178.18,178.29,-0.11,-0.0617,70259.87,1241611.954,1.1221,1.37,69.0526,5.5248,11156657.0801
688012.SH,2025-07-18,180.99,184.48,180.99,182.25,178.18,4.07,2.2842,77574.58,1416631.672,1.2389,1.36,70.6299,5.651,11411498.2201
688012.SH,2025-07-21,182.0,184.2,180.88,183.7,182.25,1.45,0.7956,69542.25,1271729.705,1.1106,1.15,71.1918,5.696,11502289.2896
688012.SH,2025-07-22,183.6,189.49,182.31,187.5,183.7,3.8,2.0686,87682.12,1639104.272,1.4003,1.43,72.6645,5.8138,11740224.5063
688012.SH,2025-07-23,188.0,200.5,187.73,198.51,187.5,11.01,5.872,159429.13,3132861.384,2.5462,2.27,76.9313,6.1552,12429610.4893
688012.SH,2025-07-24,198.26,199.9,196.03,199.02,198.51,0.51,0.2569,91269.72,1809026.801,1.4576,0.98,77.129,6.171,12461543.8999
688012.SH,2025-07-25,198.85,200.55,197.21,199.88,199.02,0.86,0.4321,77313.29,1537387.66,1.2347,0.8,77.4623,6.1977,12515392.3963
688012.SH,2025-07-28,200.17,201.47,197.6,200.06,199.88,0.18,0.0901,75806.92,1514572.333,1.2107,0.78,77.532,6.2033,12526663.0118
688012.SH,2025-07-29,199.05,207.98,198.61,206.39,200.06,6.33,3.1641,109316.8,2236910.529,1.7459,1.11,79.9852,6.3996,12923012.9912
688012.SH,2025-07-30,205.03,207.46,202.38,203.79,206.39,-2.6,-1.2598,70957.41,1453956.312,1.1332,0.69,78.9776,6.3189,12760215.2114
688012.SH,2025-07-31,203.78,203.99,196.77,197.62,203.79,-6.17,-3.0276,96080.67,1921132.088,1.5345,1.13,76.5864,6.1276,12373883.5569
688012.SH,2025-08-01,197.5,198.32,192.08,192.51,197.62,-5.11,-2.5858,63894.52,1241974.18,1.0204,0.74,74.6061,5.9692,12053923.3051
688012.SH,2025-08-04,191.6,196.19,191.0,195.8,192.51,3.29,1.709,63779.17,1234951.038,1.0186,0.77,75.8811,6.0712,12259925.1111
688012.SH,2025-08-05,195.54,196.27,194.16,195.19,195.8,-0.61,-0.3115,39784.72,776264.744,0.6354,0.49,75.6447,6.0523,12221730.2473
688012.SH,2025-08-06,195.85,196.88,193.68,196.06,195.19,0.87,0.4457,40796.71,797398.973,0.6516,0.61,75.9819,6.0793,12276204.889
688012.SH,2025-08-07,195.28,200.45,195.28,196.23,196.06,0.17,0.0867,70201.04,1386854.485,1.1212,1.15,76.0477,6.0845,12286849.3593
688012.SH,2025-08-08,195.13,199.38,194.53,195.93,196.23,-0.3,-0.1529,65143.85,1284157.335,1.0404,1.17,75.9315,6.0752,12268065.0001
688012.SH,2025-08-11,195.01,196.3,193.2,193.4,195.93,-2.53,-1.2913,58054.07,1128675.065,0.9272,1.04,74.951,5.9968,12109650.2374
688012.SH,2025-08-12,193.51,195.6,192.09,192.66,193.4,-0.74,-0.3826,85545.23,1656782.931,1.3662,1.56,74.6642,5.9738,12063315.4847
688012.SH,2025-08-13,193.74,195.76,191.01,192.5,192.66,-0.16,-0.083,83633.46,1611793.619,1.3357,1.31,74.6022,5.9689,12053297.1598
688012.SH,2025-08-14,192.8,199.48,191.76,192.04,192.5,-0.46,-0.239,133422.08,2607810.683,2.1308,1.84,74.4239,5.9546,12024494.4756
688012.SH,2025-08-15,191.18,195.59,187.2,194.2,192.04,2.16,1.1248,106734.94,2056041.521,1.7046,1.25,75.261,6.0216,12159741.8619
688012.SH,2025-08-18,195.69,199.11,193.61,194.46,194.2,0.26,0.1339,140371.16,2756279.356,2.2418,1.5,75.3618,6.0296,12176021.6399
688012.SH,2025-08-19,194.44,196.26,191.6,191.61,194.46,-2.85,-1.4656,107560.88,2087225.008,1.7178,0.98,74.2573,5.9413,11997570.2274
688012.SH,2025-08-20,191.62,198.01,188.9,198.01,191.61,6.4,3.3401,145645.15,2824173.353,2.3261,1.27,76.7376,6.1397,12398303.2239
688012.SH,2025-08-21,198.2,204.52,196.7,202.41,198.01,4.4,2.2221,174098.51,3497063.223,2.7805,1.37,78.4428,6.2761,12673807.159
688012.SH,2025-08-22,201.82,216.19,201.8,215.8,202.41,13.39,6.6153,241559.71,5088231.358,3.8579,1.79,83.632,6.6913,13512215.7251
688012.SH,2025-08-25,220.0,225.75,208.0,211.0,215.8,-4.8,-2.2243,264982.3,5701723.443,4.232,1.64,81.7718,6.5425,13211665.9777
688012.SH,2025-08-26,209.03,221.49,208.11,213.99,211.0,2.99,1.4171,181794.17,3900707.467,2.9034,0.97,82.9305,6.6352,13398883.4245
688012.SH,2025-08-27,210.0,218.52,207.0,207.02,213.99,-6.97,-3.2572,216929.2,4605588.27,3.4645,1.08,80.2293,6.4191,12962460.1455
688012.SH,2025-08-28,206.4,225.5,206.38,225.5,207.02,18.48,8.9267,278691.77,6022525.267,4.4509,1.29,87.3912,6.9921,14119576.6729
688012.SH,2025-08-29,220.0,220.73,212.22,214.17,225.5,-11.33,-5.0244,237984.66,5119695.812,3.8008,1.01,83.0003,6.6408,13410154.04
688012.SH,2025-09-01,220.0,224.98,215.86,223.2,214.17,9.03,4.2163,219248.15,4830106.771,3.5016,0.93,86.4998,6.7572,13975563.2522
688012.SH,2025-09-02,221.12,224.3,210.3,212.51,223.2,-10.69,-4.7894,173791.23,3754130.107,2.7756,0.77,82.357,6.4336,13306213.9191
688012.SH,2025-09-03,213.0,216.5,208.78,212.0,212.51,-0.51,-0.24,124634.74,2653306.066,1.9905,0.55,82.1593,6.4181,13274280.5084
688012.SH,2025-09-04,211.1,211.28,191.88,195.4,212.0,-16.6,-7.8302,197328.38,3932331.118,3.1515,0.95,75.7261,5.9156,12234879.2988
688012.SH,2025-09-05,195.99,201.0,194.34,200.01,195.4,4.61,2.3593,126196.36,2494413.258,2.0154,0.66,77.5127,6.0551,12523532.2853
688012.SH,2025-09-08,198.02,212.78,198.0,212.7,200.01,12.69,6.3447,188422.52,3880518.829,3.0092,1.12,82.4306,6.4393,13318110.6799
688012.SH,2025-09-09,209.95,212.03,203.2,204.38,212.7,-8.32,-3.9116,107228.29,2224146.277,1.7125,0.66,79.2062,6.1874,12797157.7845
688012.SH,2025-09-10,205.1,210.01,203.45,205.6,204.38,1.22,0.5969,91799.27,1895313.197,1.4661,0.62,79.679,6.2244,12873547.5119
688012.SH,2025-09-11,206.0,213.59,204.08,211.8,205.6,6.2,3.0156,136311.69,2867202.512,2.177,0.96,82.0818,6.4121,13261757.6023
688012.SH,2025-09-12,214.8,218.99,211.51,211.51,211.8,-0.29,-0.1369,145668.26,3134336.909,2.3264,1.12,81.9694,6.4033,13243599.3884
688012.SH,2025-09-15,216.8,218.98,210.1,215.1,211.51,3.59,1.6973,141766.15,3053856.426,2.2641,1.06,83.3607,6.512,13468385.5536
688012.SH,2025-09-16,215.09,216.0,211.21,214.0,215.1,-1.1,-0.5114,117791.39,2516907.8,1.8812,0.95,82.9344,6.4787,13399509.5698
688012.SH,2025-09-17,214.0,231.66,213.04,227.2,214.0,13.2,6.1682,219230.27,4900412.559,3.5013,1.73,88.05,6.8783,14226021.375
688012.SH,2025-09-18,227.6,271.95,226.26,253.18,227.2,25.98,11.4349,386717.86,9712339.312,6.1762,2.54,98.1184,7.6648,15852746.8826
688012.SH,2025-09-19,265.68,267.74,251.51,254.0,253.18,0.82,0.3239,254333.52,6557844.819,4.0619,1.26,98.4362,7.6896,15904090.7978
688012.SH,2025-09-22,254.0,260.67,248.53,256.6,254.0,2.6,1.0236,220613.25,5616214.595,3.5234,0.99,99.4438,7.7684,16066888.5776
688012.SH,2025-09-23,260.0,280.0,254.15,280.0,256.6,23.4,9.1193,291742.09,7652954.561,4.6593,1.22,108.5123,8.4768,17532068.596
688012.SH,2025-09-24,272.13,313.95,270.3,290.5,280.0,10.5,3.75,374980.43,10898360.134,5.9887,1.37,112.5815,8.7946,18189521.1684
688012.SH,2025-09-25,285.0,294.8,281.2,288.0,290.5,-2.5,-0.8606,201752.3,5802742.696,3.2221,0.66,111.6126,8.719,18032984.8416
688012.SH,2025-09-26,285.0,305.5,284.88,290.0,288.0,2.0,0.6944,223105.21,6575277.06,3.5632,0.83,112.3877,8.7795,18158213.903
688012.SH,2025-09-29,293.0,305.0,292.13,304.99,290.0,14.99,5.169,204606.61,6089399.83,3.2677,0.78,118.197,9.2333,19096805.7182
688012.SH,2025-09-30,302.0,310.58,294.58,298.99,304.99,-6.0,-1.9673,195700.71,5908843.686,3.1255,0.75,115.8718,9.0517,18721118.534
688012.SH,2025-10-09,304.0,342.5,302.73,319.11,298.99,20.12,6.7293,278154.62,8906414.907,4.4423,1.16,123.6691,9.6608,19980922.8917
688012.SH,2025-10-10,314.64,318.89,292.68,293.0,319.11,-26.11,-8.1821,239343.46,7283473.702,3.8225,1.08,113.5504,8.8703,18346057.4951
688012.SH,2025-10-13,281.28,302.58,281.28,295.1,293.0,2.1,0.7167,215161.51,6361696.709,3.4363,0.94,114.3642,8.9339,18477548.0096
688012.SH,2025-10-14,297.0,300.0,270.93,273.5,295.1,-21.6,-7.3196,265166.57,7522841.9,4.2349,1.17,105.9933,8.28,17125074.1465
688012.SH,2025-10-15,273.41,276.88,267.0,274.0,273.5,0.5,0.1828,194477.72,5273472.04,3.106,0.81,106.187,8.2951,17156381.4118
688012.SH,2025-10-16,272.0,280.92,269.15,274.4,274.0,0.4,0.146,156727.06,4299363.931,2.503,0.66,106.3421,8.3072,17181427.2241
688012.SH,2025-10-17,272.4,276.0,260.28,261.91,274.4,-12.49,-4.5517,166910.69,4429001.964,2.6657,0.78,101.5016,7.9291,16399371.7356
688012.SH,2025-10-20,268.0,270.88,261.0,262.83,261.91,0.92,0.3513,118249.27,3143722.224,1.8885,0.59,101.8582,7.957,16456977.1039
688012.SH,2025-10-21,266.1,271.7,263.25,269.68,262.83,6.85,2.6062,135812.36,3638689.499,2.169,0.75,104.5128,8.1643,16885886.6392
688012.SH,2025-10-22,268.0,271.8,261.6,266.79,269.68,-2.89,-1.0716,116778.71,3107032.061,1.865,0.76,103.3928,8.0768,16704930.6455
688012.SH,2025-10-23,266.45,270.59,263.5,267.2,266.79,0.41,0.1537,85967.1,2288620.12,1.373,0.62,103.5517,8.0893,16730602.603
688012.SH,2025-10-24,270.01,282.63,269.13,281.36,267.2,14.16,5.2994,198160.3,5514140.984,3.1648,1.59,109.0394,8.5179,17617224.3578
688012.SH,2025-10-27,290.0,298.0,288.0,295.37,281.36,14.01,4.9794,204625.61,6014429.611,3.268,1.56,114.4688,8.9421,18494453.9329
688012.SH,2025-10-28,291.01,301.99,291.01,295.5,295.37,0.13,0.044,141068.72,4197924.468,2.253,0.95,114.5192,8.946,18502593.8219
688012.SH,2025-10-29,292.75,298.23,288.32,296.66,295.5,1.16,0.3926,132682.04,3891127.268,2.119,0.89,114.9688,8.9811,18575226.6775
688012.SH,2025-10-30,296.98,314.8,293.02,300.04,296.66,3.38,1.1394,213836.57,6502810.776,3.4151,1.4,116.2787,8.7494,18786863.7912
688012.SH,2025-10-31,301.28,301.7,279.0,279.36,300.04,-20.68,-6.8924,190152.9,5423010.555,3.0369,1.07,108.2643,8.1464,17491995.2964
688012.SH,2025-11-03,273.0,281.81,267.0,277.9,279.36,-1.46,-0.5226,133052.93,3636761.327,2.125,0.75,107.6985,8.1038,17400578.0815
688012.SH,2025-11-04,279.8,302.85,277.9,292.85,277.9,14.95,5.3796,207878.29,6098697.643,3.32,1.28,113.4922,8.5397,18336665.3155
688012.SH,2025-11-05,284.0,297.08,277.98,293.5,292.85,0.65,0.222,152860.67,4405400.362,2.4413,0.87,113.7441,8.5587,18377364.7605
688012.SH,2025-11-06,297.66,313.66,293.61,306.0,293.5,12.5,4.2589,191473.82,5826448.273,3.058,1.07,118.5884,8.9232,19160046.3942
688012.SH,2025-11-07,302.59,316.0,301.2,309.14,306.0,3.14,1.0261,151928.82,4720633.458,2.4264,0.87,119.8053,9.0148,19356656.0206
688012.SH,2025-11-10,313.1,329.89,308.86,316.43,309.14,7.29,2.3582,196048.37,6254620.418,3.131,1.17,122.6305,9.2273,19813115.9494
688012.SH,2025-11-11,320.0,324.8,306.0,306.1,316.43,-10.33,-3.2645,151281.06,4721574.153,2.4161,0.84,118.6272,8.9261,19166307.8473
688012.SH,2025-11-12,305.0,314.88,296.99,302.75,306.1,-3.35,-1.0944,131937.55,4006270.245,2.1071,0.78,117.3289,8.8284,18956549.1694
688012.SH,2025-11-13,304.0,309.83,299.58,303.52,302.75,0.77,0.2543,97944.33,2968191.64,1.5642,0.6,117.6273,8.8509,19004762.3581
688012.SH,2025-11-14,296.0,304.06,292.55,294.02,303.52,-9.5,-3.1299,95403.56,2833265.296,1.5237,0.65,113.9457,8.5739,18409924.3164
688012.SH,2025-11-17,294.03,301.99,286.9,289.2,294.02,-4.82,-1.6393,103476.44,3024352.321,1.6526,0.77,112.0777,8.4333,18108122.2784
688012.SH,2025-11-18,286.67,312.66,285.68,299.88,289.2,10.68,3.6929,156526.15,4721358.02,2.4998,1.35,116.2167,8.7447,18776845.4663
688012.SH,2025-11-19,299.49,308.56,296.5,298.5,299.88,-1.38,-0.4602,91970.86,2772836.372,1.4688,0.79,115.6819,8.7045,18690437.414
688012.SH,2025-11-20,302.33,303.74,283.01,283.55,298.5,-14.95,-5.0084,114006.35,3287358.198,1.8208,1.05,109.8881,8.2685,17754350.18
688012.SH,2025-11-21,275.34,278.54,267.0,267.0,283.55,-16.55,-5.8367,120781.98,3284466.225,1.929,1.08,103.4742,7.7859,16718079.6969
688012.SH,2025-11-24,270.0,275.0,264.42,271.1,267.0,4.1,1.5356,100981.31,2721850.576,1.6127,0.86,105.0632,7.9055,16974799.2728
688012.SH,2025-11-25,274.5,276.54,267.3,269.43,271.1,-1.67,-0.616,99445.34,2689529.531,1.5882,0.85,104.416,7.8568,16870233.0065
688012.SH,2025-11-26,267.9,274.18,266.25,270.25,269.43,0.82,0.3043,90693.47,2457437.254,1.4484,0.86,104.7337,7.8807,16921576.9217
688012.SH,2025-11-27,271.68,278.5,265.0,265.7,270.25,-4.55,-1.6836,114838.91,3126496.455,1.8341,1.09,102.9704,7.748,16636680.807
688012.SH,2025-11-28,265.05,274.69,264.0,268.1,265.7,2.4,0.9033,112993.42,3038944.815,1.8046,1.07,103.9005,7.818,16786955.6807
688012.SH,2025-12-01,265.05,265.8,258.0,262.02,268.1,-6.08,-2.2678,129743.48,3389458.41,2.0721,1.25,101.5443,7.6407,16406259.334
688012.SH,2025-12-02,262.0,265.94,257.53,260.4,262.02,-1.62,-0.6183,79864.7,2086543.542,1.2755,0.73,100.9164,7.5935,16304823.7943
688012.SH,2025-12-03,260.35,267.97,258.5,259.48,260.4,-0.92,-0.3533,95278.91,2503603.65,1.5217,0.9,100.5599,7.5666,16247218.426
688012.SH,2025-12-04,258.77,277.3,256.21,270.45,259.48,10.97,4.2277,162681.9,4343058.671,2.5981,1.53,104.8113,7.8865,16934099.8278
688012.SH,2025-12-05,270.0,275.88,267.18,273.83,270.45,3.38,1.2498,104784.4,2848425.732,1.6735,0.9,106.1212,7.9851,17145736.9416
688012.SH,2025-12-08,273.04,278.5,264.6,276.26,273.83,2.43,0.8874,143968.45,3913449.525,2.2993,1.26,107.0629,8.056,17297890.2512
688012.SH,2025-12-09,272.21,279.0,271.66,276.5,276.26,0.24,0.0869,108369.33,2983536.543,1.7307,0.92,107.1559,8.063,17312917.7386
688012.SH,2025-12-10,275.0,275.0,266.0,273.8,276.5,-2.7,-0.9765,95468.75,2583479.285,1.5247,0.78,106.1095,7.9842,17143858.5057
688012.SH,2025-12-11,273.58,275.35,268.01,268.03,273.8,-5.77,-2.1074,75658.83,2052779.644,1.2083,0.61,103.8734,7.816,16782572.6635
688012.SH,2025-12-12,268.05,279.58,261.69,279.54,268.03,11.51,4.2943,183116.22,4997941.056,2.9245,1.73,108.334,8.1516,17503265.9119
688012.SH,2025-12-15,280.0,287.5,275.0,275.87,279.54,-3.67,-1.3129,153592.68,4324723.886,2.453,1.27,106.9117,8.0446,17273470.5842
688012.SH,2025-12-16,273.0,276.93,266.66,272.51,275.87,-3.36,-1.218,102732.57,2794923.742,1.6407,0.83,105.6096,7.9466,17063085.7611
688012.SH,2025-12-17,272.01,280.3,270.95,279.17,272.51,6.66,2.4439,97748.21,2704800.61,1.5611,0.8,108.1906,8.1408,17480098.5355
688012.SH,2025-12-18,276.01,279.0,270.12,272.72,279.17,-6.45,-2.3104,87063.46,2384639.741,1.3905,0.71,105.691,7.9527,17076234.8125
688012.SH,2026-01-05,278.0,313.13,277.99,311.33,272.72,38.61,14.1574,281206.11,8466503.367,4.4911,2.25,120.654,9.0786,19493781.8428
688012.SH,2026-01-06,314.0,335.88,311.78,329.67,311.33,18.34,5.8909,253824.9,8327547.917,4.0538,1.76,127.7616,9.6134,20642132.3359
688012.SH,2026-01-07,339.88,358.9,336.68,352.34,329.67,22.67,6.8766,240672.87,8411471.58,3.8437,1.46,136.5472,10.2745,22061603.7468
688012.SH,2026-01-08,348.31,356.58,343.6,345.88,352.34,-6.46,-1.8335,165549.56,5788749.965,2.6439,0.86,134.0437,10.0861,21657113.8785
688012.SH,2026-01-09,332.43,342.0,330.8,336.68,345.88,-9.2,-2.6599,203785.87,6835094.481,3.2546,0.99,130.4783,9.8179,21081060.1961
688012.SH,2026-01-12,345.0,369.0,341.66,352.69,336.68,16.01,4.7553,178915.34,6353734.996,2.8574,0.78,136.6829,10.2847,22083518.8326
688012.SH,2026-01-13,348.45,357.38,343.5,346.0,352.69,-6.69,-1.8968,127628.05,4464431.211,2.0383,0.61,134.0902,10.0896,21664627.6222
688012.SH,2026-01-14,347.98,368.97,340.41,352.38,346.0,6.38,1.8439,172159.06,6114563.399,2.7495,0.94,136.5627,10.2757,22064108.3281
688012.SH,2026-01-15,349.42,374.55,346.5,371.0,352.38,18.62,5.2841,177522.56,6420074.904,2.8352,1.05,143.7788,10.8187,23229990.8897
688012.SH,2026-01-16,377.0,397.3,373.5,377.14,371.0,6.14,1.655,263068.1,10089084.508,4.2014,1.53,146.1583,10.9977,23614444.1082
688012.SH,2026-01-19,385.61,387.99,372.0,379.0,377.14,1.86,0.4932,159216.39,6045333.614,2.5428,0.87,146.8791,11.0519,23730907.1353
688012.SH,2026-01-20,376.0,381.87,360.5,364.32,379.0,-14.68,-3.8734,157933.93,5817436.023,2.5223,0.88,141.19,10.6239,22811725.8246
688012.SH,2026-01-21,364.0,381.12,361.26,365.0,364.32,0.68,0.1866,156775.9,5770969.221,2.5038,0.84,141.4535,10.6437,22854303.7055
688012.SH,2026-01-22,369.3,370.99,349.8,353.46,365.0,-11.54,-3.1616,147807.93,5260302.85,2.3606,0.81,136.9813,10.3072,22131732.0212
688012.SH,2026-01-23,353.49,373.88,348.35,367.55,353.46,14.09,3.9863,160294.19,5766538.619,2.56,0.91,142.4418,10.718,23013970.7588
688012.SH,2026-01-26,367.0,367.0,347.18,353.11,367.55,-14.44,-3.9287,147632.16,5236241.088,2.3578,0.94,136.8456,10.297,22109816.9355
688012.SH,2026-01-27,353.88,369.7,352.35,357.08,353.11,3.97,1.1243,142026.01,5134564.143,2.2683,0.92,138.3842,10.4127,22358396.6224
688012.SH,2026-01-28,366.0,375.0,355.32,368.59,357.08,11.51,3.2234,184293.2,6723649.269,2.9433,1.22,142.8448,10.7484,23079089.8707
688012.SH,2026-01-29,365.1,365.99,347.1,347.4,368.59,-21.19,-5.7489,174079.0,6131749.546,2.7802,1.11,134.6328,10.1305,21752287.9652
688012.SH,2026-01-30,345.49,356.98,339.0,347.95,347.4,0.55,0.1583,113044.56,3945559.644,1.8054,0.7,134.8459,10.1465,21786725.9571
688012.SH,2026-02-02,344.49,347.0,332.32,332.68,347.95,-15.27,-4.3886,139283.64,4706481.449,2.2245,0.92,128.9281,9.7012,20830602.0733
688012.SH,2026-02-03,340.7,348.5,337.1,346.36,332.68,13.68,4.1121,111574.73,3835714.356,1.7819,0.74,134.2297,10.1001,21687168.8533
688012.SH,2026-02-04,343.0,355.83,340.0,349.21,346.36,2.85,0.8228,92834.84,3236244.248,1.4826,0.64,135.3342,10.1832,21865620.2657
688012.SH,2026-02-05,340.0,361.16,338.88,356.88,349.21,7.67,2.1964,115656.32,4051348.237,1.8471,0.92,138.3067,10.4069,22345873.7162
688012.SH,2026-02-06,352.48,360.0,348.82,349.2,356.88,-7.68,-2.152,91947.75,3254095.013,1.4685,0.8,135.3303,10.1829,21864994.1204
688012.SH,2026-02-09,354.87,357.2,346.31,352.1,349.2,2.9,0.8305,85907.34,3012225.333,1.372,0.78,136.4542,10.2675,22046576.2595
688012.SH,2026-02-10,352.1,353.0,346.37,350.49,352.1,-1.61,-0.4573,64424.04,2252401.566,1.0289,0.65,135.8303,10.2206,21945766.865
688012.SH,2026-02-11,348.0,349.5,343.01,346.86,350.49,-3.63,-1.0357,53608.2,1857846.154,0.8562,0.59,134.4235,10.1147,21718476.1186
688012.SH,2026-02-12,349.0,351.2,337.99,345.0,346.86,-1.86,-0.5362,90315.79,3100167.705,1.4424,1.1,133.7027,10.0605,21602013.0915
688012.SH,2026-02-13,342.83,353.45,341.31,344.5,345.0,-0.5,-0.1449,80114.92,2790927.815,1.2795,1.04,133.5089,10.0459,21570705.8262
688012.SH,2026-02-24,348.84,352.5,339.54,352.0,344.5,7.5,2.1771,99058.32,3431946.607,1.582,1.32,136.4155,10.2646,22040314.8064
688012.SH,2026-02-25,351.3,376.22,339.88,369.1,352.0,17.1,4.858,176652.93,6365708.393,2.8213,2.28,143.0425,10.7632,23111023.2814
688012.SH,2026-02-26,367.5,373.38,356.0,367.3,369.1,-1.8,-0.4877,116527.36,4252560.178,1.861,1.17,142.3449,10.7108,22998317.1261
688012.SH,2026-02-27,361.31,361.37,351.0,352.66,367.3,-14.64,-3.9858,98528.47,3487155.562,1.5736,0.88,136.6712,10.2838,22081640.3967
688012.SH,2026-03-02,348.53,366.6,347.04,349.14,352.66,-3.52,-0.9981,106793.89,3784345.623,1.7056,0.94,135.3071,9.6328,21861237.2486
688012.SH,2026-03-03,350.02,354.89,332.8,333.5,349.14,-15.64,-4.4796,110987.82,3786352.5,1.7726,0.93,129.2459,9.2013,20881945.9885
688012.SH,2026-03-04,329.0,338.6,328.33,332.74,333.5,-0.76,-0.2279,67463.35,2251663.387,1.0774,0.55,128.9514,9.1803,20834358.9451
688012.SH,2026-03-05,340.01,349.9,335.5,340.49,332.74,7.75,2.3291,94851.31,3260845.492,1.5148,0.95,131.9548,9.3941,21319621.558
688012.SH,2026-03-06,338.0,346.0,335.33,336.3,340.49,-4.19,-1.2306,67291.16,2282538.208,1.0747,0.7,130.331,9.2785,21057266.6744
688012.SH,2026-03-09,327.0,327.0,315.04,323.71,336.3,-12.59,-3.7437,113507.53,3641832.132,1.8128,1.27,125.4518,8.9312,20268949.7329
688012.SH,2026-03-10,332.0,337.48,324.25,327.29,323.71,3.58,1.1059,91038.55,3001300.374,1.454,1.0,126.8392,9.0299,20493109.7528
688012.SH,2026-03-11,325.0,326.74,317.0,320.3,327.29,-6.99,-2.1357,95988.35,3075137.456,1.533,1.11,124.1303,8.8371,20055434.1832
688012.SH,2026-03-12,320.0,326.29,313.33,315.33,320.3,-4.97,-1.5517,72845.5,2314948.906,1.1634,0.79,122.2042,8.7,19744239.9656
688012.SH,2026-03-13,312.14,316.29,309.07,312.93,315.33,-2.4,-0.7611,66910.22,2088913.935,1.0686,0.76,121.2741,8.6338,19593965.092
688012.SH,2026-03-16,314.99,321.44,303.1,320.77,312.93,7.84,2.5054,108613.87,3397843.35,1.7346,1.23,124.3125,8.8501,20084863.0126
688012.SH,2026-03-17,318.8,324.89,312.8,313.01,320.77,-7.76,-2.4192,78427.67,2496268.015,1.2525,0.9,121.3051,8.636,19598974.2544
688012.SH,2026-03-18,315.0,322.38,314.0,320.93,313.01,7.92,2.5303,89184.96,2843084.996,1.4243,1.05,124.3745,8.8545,20094881.3376
688012.SH,2026-03-19,316.0,318.88,312.5,314.1,320.93,-6.83,-2.1282,58669.71,1850159.703,0.937,0.71,121.7275,8.666,19667224.0929
688012.SH,2026-03-20,315.67,319.9,308.84,309.3,314.1,-4.8,-1.5282,86018.57,2707991.29,1.3738,1.07,119.8673,8.5336,19366674.3455
688012.SH,2026-03-23,303.0,308.93,295.05,297.5,309.3,-11.8,-3.8151,101173.89,3048100.366,1.6158,1.2,115.2943,8.208,18627822.8833
688012.SH,2026-03-24,302.0,304.5,293.67,300.45,297.5,2.95,0.9916,84297.18,2522370.013,1.3463,1.02,116.4376,8.2894,18812535.7488
688012.SH,2026-03-25,305.0,314.87,303.1,311.58,300.45,11.13,3.7044,86426.74,2690769.745,1.3803,1.03,120.7509,8.5965,19509435.4755
688012.SH,2026-03-26,308.52,311.58,305.01,306.0,311.58,-5.58,-1.7909,59026.27,1810666.189,0.9427,0.71,118.5884,8.4426,19160046.3942
688012.SH,2026-03-27,301.39,310.8,299.52,305.61,306.0,-0.39,-0.1275,65321.24,1993614.92,1.0432,0.78,118.4373,8.4318,19135626.7272
688012.SH,2026-03-30,303.03,322.22,301.01,316.74,305.61,11.13,3.6419,103699.97,3247101.639,1.6562,1.31,122.7507,8.7389,19832526.4539
688012.SH,2026-03-31,318.0,322.98,306.09,306.38,316.74,-10.36,-3.2708,80953.68,2539929.622,1.2929,1.02,90.8552,8.453,19183839.9159
688012.SH,2026-04-01,314.33,318.88,310.63,313.54,306.38,7.16,2.337,74211.69,2332641.813,1.1852,0.94,92.9785,8.6506,19632159.9557
688012.SH,2026-04-02,312.0,312.0,296.03,299.19,313.54,-14.35,-4.5768,86839.08,2615034.237,1.3869,1.13,88.7231,8.2547,18733641.4401
688012.SH,2026-04-03,303.48,303.48,292.33,293.5,299.19,-5.69,-1.9018,58920.48,1741338.281,0.941,0.72,87.0358,8.0977,18377364.7605
688012.SH,2026-04-07,294.0,300.29,292.34,293.6,293.5,0.1,0.0341,59464.93,1758087.428,0.9497,0.73,87.0654,8.1004,18383626.2135
688012.SH,2026-04-08,305.0,322.25,304.5,317.69,293.6,24.09,8.205,158120.92,4986536.171,2.5253,2.19,94.2092,8.7651,19892010.2581
688012.SH,2026-04-09,314.03,329.39,311.03,321.3,317.69,3.61,1.1363,131580.51,4234144.036,2.1014,1.5,95.3972,8.8756,20142869.2353
688012.SH,2026-04-10,326.3,331.63,322.92,324.0,321.3,2.7,0.8403,92570.79,3024921.55,1.4784,0.94,96.1989,8.9502,20312137.044
688012.SH,2026-04-13,322.0,323.49,315.69,316.58,324.0,-7.42,-2.2901,93633.64,2983105.238,1.4936,0.94,93.9958,8.7306,19846964.029
688012.SH,2026-04-14,321.58,329.76,320.06,324.5,316.58,7.92,2.5017,127950.09,4154763.898,2.0409,1.19,96.3474,8.949,20343482.9345
688012.SH,2026-04-15,327.95,334.66,319.0,320.36,324.5,-4.14,-1.2758,137645.63,4498310.907,2.1956,1.14,95.1181,8.8348,20083938.9612
688012.SH,2026-04-16,323.1,324.5,316.0,318.5,320.36,-1.86,-0.5806,105011.67,3350409.237,1.675,0.9,94.5659,8.7835,19967332.2485
688012.SH,2026-04-17,316.5,320.3,309.2,314.0,318.5,-4.5,-1.4129,138602.3,4351391.75,2.2109,1.24,93.2298,8.6594,19685219.234
688012.SH,2026-04-20,309.58,317.5,303.88,313.54,314.0,-0.46,-0.1465,113499.32,3544381.331,1.8104,0.94,93.0932,8.6468,19656381.0147
688012.SH,2026-04-21,314.85,314.95,305.58,308.88,313.54,-4.66,-1.4863,95883.94,2961495.637,1.5294,0.77,91.7096,8.5182,19364237.3153
688012.SH,2026-04-22,308.88,320.78,308.18,319.99,308.88,11.11,3.5969,153355.62,4866178.733,2.4462,1.3,95.0083,8.8246,20060743.0022
688012.SH,2026-04-23,322.0,323.8,311.0,315.05,319.99,-4.94,-1.5438,117909.3,3734182.949,1.8808,0.97,93.5415,8.6884,19751045.6041
688012.SH,2026-04-24,317.0,327.8,309.5,323.38,315.05,8.33,2.644,172672.06,5522597.695,2.7543,1.39,96.0148,8.9181,20273268.1398
688012.SH,2026-04-27,329.13,355.0,322.78,352.01,323.38,28.63,8.8534,262270.6,8951169.136,4.1835,2.01,104.5153,9.7077,22068133.8298
688012.SH,2026-04-28,353.02,373.11,353.01,362.27,352.01,10.26,2.9147,213023.8,7762330.603,3.398,1.33,107.5616,9.3427,22711351.5029
688012.SH,2026-04-29,358.92,364.0,349.53,359.76,362.27,-2.51,-0.6929,144079.25,5150764.693,2.2982,0.78,106.8164,9.2779,22553995.1326
688012.SH,2026-04-30,360.0,379.0,355.55,376.3,359.76,16.54,4.5975,191653.85,7112514.37,3.0571,1.05,111.7273,9.7045,23590917.1903
688012.SH,2026-05-06,400.0,412.22,381.2,383.3,376.3,7.0,1.8602,237891.59,9383781.782,3.7946,1.21,113.8057,9.885,24029759.6573
688012.SH,2026-05-07,390.0,393.0,377.27,384.6,383.3,1.3,0.3392,170079.69,6529224.169,2.713,0.81,114.1917,9.9185,24111258.9726
688012.SH,2026-05-08,380.0,386.76,366.64,370.0,384.6,-14.6,-3.7962,175410.17,6554934.291,2.798,0.92,109.8568,9.542,23195958.97
688012.SH,2026-05-11,377.05,393.33,371.3,383.64,370.0,13.64,3.6865,229065.68,8768200.329,3.6538,1.25,113.9066,9.8938,24051074.8628
