ts_code,trade_date,open,high,low,close,pre_close,change,pct_chg,vol,amount,turnover_rate,volume_ratio,pe,pb,total_mv
300014.SZ,2023-01-03,87.81,87.96,83.66,87.47,87.9,-0.43,-0.4892,241889.33,2085882.201,1.3171,1.82,61.4609,6.1534,17859268.4047
300014.SZ,2023-01-04,86.03,86.43,83.42,84.08,87.47,-3.39,-3.8756,244760.05,2066521.553,1.3327,1.58,59.0789,5.9149,17167112.0094
300014.SZ,2023-01-05,85.26,88.8,83.23,87.88,84.08,3.8,4.5195,290744.23,2510711.838,1.5831,1.63,61.749,6.1823,17942980.5351
300014.SZ,2023-01-06,87.0,92.47,86.88,89.85,87.88,1.97,2.2417,234630.05,2106902.849,1.2775,1.14,63.1332,6.3209,18345207.1128
300014.SZ,2023-01-09,90.01,91.3,87.69,87.83,89.85,-2.02,-2.2482,233284.15,2077385.711,1.2702,1.03,61.7139,6.1788,17932771.7387
300014.SZ,2023-01-10,87.53,89.45,85.12,88.01,87.83,0.18,0.2049,286907.78,2497262.661,1.5622,1.15,61.8403,6.1914,17969523.4057
300014.SZ,2023-01-11,87.15,87.31,82.98,82.98,88.01,-5.03,-5.7153,419315.92,3535898.949,2.2831,1.62,58.306,5.8376,16942518.4888
300014.SZ,2023-01-12,85.47,86.95,84.03,84.85,82.98,1.87,2.2536,305040.17,2614060.672,1.6609,1.04,59.62,5.9691,17324327.4738
300014.SZ,2023-01-13,85.49,85.8,81.35,84.0,84.85,-0.85,-1.0018,381125.85,3157701.689,2.0752,1.29,59.0227,5.9093,17150777.9352
300014.SZ,2023-01-16,82.8,84.44,82.16,83.33,84.0,-0.67,-0.7976,226912.29,1894900.515,1.2355,0.7,58.5519,5.8622,17013980.0636
300014.SZ,2023-01-17,83.47,84.73,82.7,83.79,83.33,0.46,0.552,165517.32,1387608.82,0.9012,0.51,58.8752,5.8945,17107900.9904
300014.SZ,2023-01-18,83.99,85.28,83.22,84.28,83.79,0.49,0.5848,148181.91,1250135.18,0.8068,0.49,59.2195,5.929,17207947.195
300014.SZ,2023-01-19,84.49,85.0,83.41,83.75,84.28,-0.53,-0.6289,145074.09,1215768.685,0.7899,0.59,58.847,5.8917,17099733.9533
300014.SZ,2023-01-20,83.8,85.0,83.2,84.87,83.75,1.12,1.3373,176165.56,1488813.587,0.9592,0.83,59.634,5.9705,17328410.9924
300014.SZ,2023-01-30,90.0,92.0,87.5,87.67,84.87,2.8,3.2992,375525.4,3380723.944,2.0447,2.18,61.6014,6.1675,17900103.5902
300014.SZ,2023-01-31,87.24,89.6,87.02,88.05,87.67,0.38,0.4334,192537.63,1700287.624,1.0484,0.95,61.8685,6.1942,17977690.4428
300014.SZ,2023-02-01,88.7,92.0,88.4,90.05,88.05,2.0,2.2714,259373.31,2342572.34,1.4123,1.25,63.2738,6.3349,18386042.2984
300014.SZ,2023-02-02,90.05,91.0,89.2,90.2,90.05,0.15,0.1666,178822.3,1615743.723,0.9737,0.78,63.3792,6.3455,18416668.6876
300014.SZ,2023-02-03,89.8,90.38,87.51,88.38,90.2,-1.82,-2.0177,179919.49,1591923.638,0.9796,0.76,62.1003,6.2174,18045068.499
300014.SZ,2023-02-06,88.0,88.0,86.1,86.79,88.38,-1.59,-1.799,131822.07,1144481.455,0.7178,0.56,60.9831,6.1056,17720428.7738
300014.SZ,2023-02-07,87.02,88.1,84.68,84.99,86.79,-1.8,-2.074,211246.05,1806346.288,1.1502,1.12,59.7183,5.979,17352912.1037
300014.SZ,2023-02-08,85.2,85.5,84.3,84.42,84.99,-0.57,-0.6707,171996.88,1457251.19,0.9365,0.89,59.3178,5.9389,17236531.8249
300014.SZ,2023-02-09,84.16,85.27,83.72,85.16,84.42,0.74,0.8766,128764.15,1092463.05,0.7011,0.74,59.8378,5.9909,17387622.0114
300014.SZ,2023-02-10,84.66,84.95,83.8,84.1,85.16,-1.06,-1.2447,148975.09,1253257.616,0.8112,0.9,59.093,5.9164,17171195.528
300014.SZ,2023-02-13,83.8,85.87,83.27,84.14,84.1,0.04,0.0476,178001.92,1497663.068,0.9692,1.12,59.1211,5.9192,17179362.5651
300014.SZ,2023-02-14,84.5,84.83,83.41,84.11,84.14,-0.03,-0.0357,106424.26,892608.708,0.5795,0.63,59.1,5.9171,17173237.2873
300014.SZ,2023-02-15,84.16,84.75,82.55,82.83,84.11,-1.28,-1.5218,192441.6,1599307.216,1.0478,1.31,58.2006,5.827,16911892.0997
300014.SZ,2023-02-16,82.83,83.49,81.18,81.93,82.83,-0.9,-1.0866,153517.78,1265919.217,0.8359,1.02,57.5682,5.7637,16728133.7647
300014.SZ,2023-02-17,84.27,84.39,79.5,79.8,81.93,-2.13,-2.5998,268468.26,2185200.532,1.4555,1.72,56.0716,5.6139,16293239.0384
300014.SZ,2023-02-20,78.0,78.0,72.51,75.28,79.8,-4.52,-5.6642,606425.07,4508499.375,3.2806,3.37,52.9982,5.2518,15400191.4294
300014.SZ,2023-02-21,74.4,76.12,74.16,75.03,75.28,-0.25,-0.3321,282510.8,2121245.138,1.5283,1.06,52.8222,5.2343,15349048.392
300014.SZ,2023-02-22,74.42,74.76,73.08,73.57,75.03,-1.46,-1.9459,239888.47,1766642.025,1.2977,0.8,51.7944,5.1325,15050373.0534
300014.SZ,2023-02-23,74.0,75.1,73.68,74.44,73.57,0.87,1.1825,179671.94,1335206.099,0.972,0.58,52.4069,5.1932,15228350.8237
300014.SZ,2023-02-24,74.35,74.35,72.6,72.78,74.44,-1.66,-2.23,175614.6,1284934.661,0.95,0.56,51.2382,5.0774,14888761.0552
300014.SZ,2023-02-27,72.55,73.23,72.12,72.32,72.78,-0.46,-0.632,133360.31,968279.954,0.7214,0.45,50.9144,5.0453,14794657.8663
300014.SZ,2023-02-28,72.48,72.87,71.18,72.7,72.32,0.38,0.5254,182684.18,1314042.589,0.9883,0.9,51.1819,5.0718,14872395.2832
300014.SZ,2023-03-01,72.5,73.2,71.9,72.67,72.7,-0.03,-0.0413,163253.04,1184151.458,0.8832,0.9,51.1608,5.0697,14866258.1187
300014.SZ,2023-03-02,72.56,72.72,70.75,70.85,72.67,-1.82,-2.5045,201559.38,1438867.386,1.0904,1.21,49.8795,4.9427,14493936.8062
300014.SZ,2023-03-03,70.89,72.1,70.64,71.79,70.85,0.94,1.3267,166708.24,1191114.161,0.9018,0.97,50.5412,5.0083,14686234.627
300014.SZ,2023-03-06,71.79,72.62,70.15,72.5,71.79,0.71,0.989,206306.01,1477792.524,1.1161,1.22,51.0411,5.0578,14831480.8533
300014.SZ,2023-03-07,72.0,72.66,71.21,71.29,72.5,-1.21,-1.669,156146.06,1121722.502,0.8447,0.85,50.1892,4.9734,14583948.5521
300014.SZ,2023-03-08,71.14,71.6,69.65,70.62,71.29,-0.67,-0.9398,155552.21,1096127.967,0.8415,0.87,49.7175,4.9267,14446885.2118
300014.SZ,2023-03-09,70.74,70.8,68.9,69.05,70.62,-1.57,-2.2232,240087.09,1670524.64,1.2988,1.35,48.6122,4.8172,14125706.9368
300014.SZ,2023-03-10,68.6,70.47,67.99,68.74,69.05,-0.31,-0.449,247040.53,1703504.067,1.3364,1.34,48.394,4.7955,14062289.5704
300014.SZ,2023-03-13,68.18,68.84,66.79,67.28,68.74,-1.46,-2.1239,296449.19,1994766.138,1.6037,1.47,47.3661,4.6937,13763614.2318
300014.SZ,2023-03-14,67.5,67.65,64.55,65.8,67.28,-1.48,-2.1998,335952.63,2212832.229,1.8174,1.53,46.3242,4.5904,13460847.4503
300014.SZ,2023-03-15,66.33,67.69,65.6,65.61,65.8,-0.19,-0.2888,230682.6,1535927.772,1.2479,0.9,46.1904,4.5772,13421978.7418
300014.SZ,2023-03-16,64.49,65.59,63.51,63.7,65.61,-1.91,-2.9111,246841.33,1586869.142,1.3353,0.91,44.8457,4.4439,13031245.9359
300014.SZ,2023-03-17,64.48,64.48,62.0,62.0,63.7,-1.7,-2.6688,336266.4,2122048.772,1.8191,1.24,43.6489,4.3253,12683473.2814
300014.SZ,2023-03-20,62.14,65.5,61.38,64.2,62.0,2.2,3.5484,366716.58,2340092.141,1.9838,1.27,45.1978,4.4788,13133532.0107
300014.SZ,2023-03-21,64.25,67.13,63.7,66.61,64.2,2.41,3.7539,345050.01,2264162.401,1.8666,1.14,46.8944,4.6469,13626550.8915
300014.SZ,2023-03-22,67.0,68.9,66.46,67.75,66.61,1.14,1.7115,335257.31,2267776.523,1.8136,1.1,47.697,4.7265,13859763.1422
300014.SZ,2023-03-23,67.0,68.77,66.7,67.65,67.75,-0.1,-0.1476,207508.03,1400012.418,1.1226,0.64,47.6266,4.7195,13839305.9272
300014.SZ,2023-03-24,67.59,68.77,66.66,68.13,67.65,0.48,0.7095,184561.18,1255388.41,0.9984,0.58,47.9645,4.753,13937500.5591
300014.SZ,2023-03-27,67.87,69.29,67.78,68.38,68.13,0.25,0.3669,235460.39,1615173.273,1.2738,0.82,48.1405,4.7704,13988643.5965
300014.SZ,2023-03-28,68.2,69.06,67.7,67.8,68.38,-0.58,-0.8482,169021.64,1151934.017,0.9144,0.65,47.7322,4.7299,13869991.7497
300014.SZ,2023-03-29,67.8,69.48,67.76,68.46,67.8,0.66,0.9735,214329.39,1470721.788,1.1595,0.95,48.1969,4.776,14005009.3685
300014.SZ,2023-03-30,68.14,68.99,67.3,68.66,68.46,0.2,0.2921,193241.14,1316798.135,1.0454,0.96,48.3377,4.7899,14045923.7984
300014.SZ,2023-03-31,68.81,70.85,68.52,69.7,68.66,1.04,1.5147,272874.49,1906188.268,1.4762,1.37,49.0698,4.8625,14258678.8341
300014.SZ,2023-04-03,69.59,69.98,67.77,69.0,69.7,-0.7,-1.0043,284244.77,1952724.161,1.5377,1.31,48.577,4.8137,14115478.3293
300014.SZ,2023-04-04,68.3,68.63,65.98,67.34,69.0,-1.66,-2.4058,341919.88,2287054.701,1.8497,1.51,47.4084,4.6979,13775888.5608
300014.SZ,2023-04-06,67.0,67.96,64.35,67.25,67.34,-0.09,-0.1337,228268.31,1518249.731,1.2349,0.87,47.345,4.6916,13757477.0673
300014.SZ,2023-04-07,67.3,68.63,66.8,67.12,67.25,-0.13,-0.1933,160927.69,1088959.654,0.8706,0.61,47.2535,4.6825,13730882.6879
300014.SZ,2023-04-10,69.05,70.31,67.67,70.18,67.12,3.06,4.559,397991.14,2755167.681,2.153,1.54,49.4078,4.896,14356873.4659
300014.SZ,2023-04-11,69.5,69.98,68.62,68.86,70.18,-1.32,-1.8809,277853.8,1918439.226,1.5031,0.98,48.4785,4.8039,14086838.2283
300014.SZ,2023-04-12,68.48,68.56,66.66,66.8,68.86,-2.06,-2.9916,244896.59,1644890.726,1.3248,0.87,47.0282,4.6602,13665419.6
300014.SZ,2023-04-13,66.17,67.29,65.76,66.1,66.8,-0.7,-1.0479,134167.31,890440.587,0.7258,0.51,46.5354,4.6114,13522219.0952
300014.SZ,2023-04-14,66.2,70.6,66.12,68.9,66.1,2.8,4.236,391046.94,2697626.649,2.1154,1.61,48.5066,4.8067,14095021.1143
300014.SZ,2023-04-17,68.35,69.68,68.35,68.97,68.9,0.07,0.1016,206944.55,1424763.155,1.1195,0.72,48.5559,4.8116,14109341.1648
300014.SZ,2023-04-18,68.95,70.2,67.81,67.86,68.97,-1.11,-1.6094,264481.81,1817000.571,1.4308,1.05,39.5623,4.5199,13882266.0786
300014.SZ,2023-04-19,68.1,68.36,66.88,67.42,67.86,-0.44,-0.6484,163995.52,1108040.054,0.8872,0.66,39.3058,4.4906,13792254.3328
300014.SZ,2023-04-20,67.3,67.3,64.1,64.54,67.42,-2.88,-4.2717,321309.6,2084582.994,1.7382,1.38,37.6267,4.2987,13203086.5416
300014.SZ,2023-04-21,64.7,66.36,62.73,62.78,64.54,-1.76,-2.727,286850.78,1856784.145,1.5518,1.06,36.6007,4.1815,12843039.5582
300014.SZ,2023-04-24,62.77,63.49,61.46,62.02,62.78,-0.76,-1.2106,244282.01,1523411.639,1.3215,0.98,36.1576,4.1309,12687564.7244
300014.SZ,2023-04-25,62.01,62.35,59.42,60.38,62.02,-1.64,-2.6443,253237.87,1527898.1,1.3699,0.99,35.2015,4.0216,12352066.3989
300014.SZ,2023-04-26,60.66,67.22,60.01,66.79,60.38,6.41,10.6161,512627.6,3316167.306,2.7732,2.02,38.9385,4.2879,13663373.8785
300014.SZ,2023-04-27,66.4,67.78,65.61,66.67,66.79,-0.12,-0.1797,260228.88,1738387.177,1.4078,0.8,38.8685,4.2802,13638825.2205
300014.SZ,2023-04-28,66.99,67.69,64.83,65.55,66.67,-1.12,-1.6799,228503.25,1503996.469,1.2361,0.73,38.2156,4.2083,13409704.4128
300014.SZ,2023-05-04,65.13,66.15,64.92,65.18,65.55,-0.37,-0.5645,175942.3,1152641.909,0.9518,0.59,37.9999,4.1845,13334012.7174
300014.SZ,2023-05-05,64.98,65.15,63.51,64.1,65.18,-1.08,-1.6569,155807.79,1000198.334,0.8429,0.54,37.3702,4.1152,13113074.7958
300014.SZ,2023-05-08,65.0,65.32,62.55,63.93,64.1,-0.17,-0.2652,168101.37,1068788.704,0.9094,0.63,37.2711,4.1043,13078297.5303
300014.SZ,2023-05-09,63.65,63.86,62.3,62.69,63.93,-1.24,-1.9396,145738.54,916977.096,0.7884,0.74,36.5482,4.0247,12824628.0647
300014.SZ,2023-05-10,63.1,66.47,62.56,64.96,62.69,2.27,3.621,286919.04,1853852.134,1.5521,1.64,37.8716,4.1704,13289006.8445
300014.SZ,2023-05-11,64.7,68.5,64.31,68.0,64.96,3.04,4.6798,358968.27,2416113.808,1.9419,1.92,39.6439,4.3656,13910906.1796
300014.SZ,2023-05-12,67.9,68.69,66.9,66.91,68.0,-1.09,-1.6029,201670.09,1364551.136,1.091,0.9,39.0084,4.2956,13687922.5364
300014.SZ,2023-05-15,67.79,70.75,67.43,70.36,66.91,3.45,5.1562,448169.9,3124422.15,2.4245,1.93,41.0198,4.5171,14393696.4529
300014.SZ,2023-05-16,70.3,71.12,69.62,70.25,70.36,-0.11,-0.1563,205681.91,1444106.158,1.1127,0.71,40.9557,4.51,14371193.5164
300014.SZ,2023-05-17,70.7,71.3,68.51,69.06,70.25,-1.19,-1.694,164817.43,1140495.449,0.8916,0.55,40.2619,4.4336,14127752.6583
300014.SZ,2023-05-18,69.65,69.66,67.4,68.13,69.06,-0.93,-1.3467,161965.89,1103028.175,0.8762,0.59,39.7197,4.3739,13937500.5591
300014.SZ,2023-05-19,68.02,68.87,67.13,67.99,68.13,-0.14,-0.2055,113526.11,772991.139,0.6141,0.48,39.6381,4.3649,13908860.4581
300014.SZ,2023-05-22,67.8,69.7,67.33,68.3,67.99,0.31,0.4559,135696.13,930290.426,0.7341,0.62,39.8188,4.3848,13972277.8245
300014.SZ,2023-05-23,68.32,68.88,67.02,67.02,68.3,-1.28,-1.8741,110778.11,752329.964,0.5993,0.71,39.0726,4.3027,13710425.4729
300014.SZ,2023-05-24,67.09,68.88,66.5,67.37,67.02,0.35,0.5222,151683.29,1030943.806,0.8206,1.1,39.2766,4.3251,13782025.7253
300014.SZ,2023-05-25,66.9,68.88,66.8,67.8,67.37,0.43,0.6383,171724.38,1167985.5,0.929,1.27,39.5273,4.3527,13869991.7497
300014.SZ,2023-05-26,67.5,67.5,64.7,66.03,67.8,-1.77,-2.6106,153890.29,1012727.308,0.8325,1.13,38.4954,4.2391,13507899.0447
300014.SZ,2023-05-29,66.0,66.2,64.11,64.7,66.03,-1.33,-2.0142,174208.15,1129829.665,0.9424,1.2,37.72,4.1537,13235818.0856
300014.SZ,2023-05-30,64.62,66.07,64.5,65.22,64.7,0.52,0.8037,136549.82,889736.737,0.7387,0.9,38.0232,4.1871,13342195.6034
300014.SZ,2023-05-31,65.25,65.5,63.2,64.0,65.22,-1.22,-1.8706,162208.0,1039097.725,0.8775,1.03,37.3119,4.1088,13092617.5808
300014.SZ,2023-06-01,64.0,65.3,63.36,63.48,64.0,-0.52,-0.8125,144997.18,929943.862,0.7844,0.91,37.0088,4.0754,12986240.063
300014.SZ,2023-06-02,63.65,65.83,63.23,65.65,63.48,2.17,3.4184,204135.24,1324475.044,1.1043,1.32,38.2739,4.2147,13430161.6278
300014.SZ,2023-06-05,65.5,65.5,61.88,63.2,65.65,-2.45,-3.7319,277953.92,1748069.798,1.5036,1.69,36.8455,4.0574,12928959.861
300014.SZ,2023-06-06,63.01,63.38,62.2,62.67,63.2,-0.53,-0.8386,121623.56,763817.28,0.6579,0.66,36.5365,4.0234,12820536.6217
300014.SZ,2023-06-07,62.67,62.7,59.66,60.02,62.67,-2.65,-4.2285,309074.65,1866704.81,1.672,1.7,34.9916,3.8533,12278420.425
300014.SZ,2023-06-08,60.3,61.15,59.68,59.69,60.02,-0.33,-0.5498,168865.43,1015416.008,0.9135,0.8,34.7992,3.8321,12210911.6156
300014.SZ,2023-06-09,59.91,60.6,57.9,58.62,59.69,-1.07,-1.7926,284018.38,1671544.029,1.5365,1.31,34.1754,3.7634,11992019.4154
300014.SZ,2023-06-12,58.01,59.39,57.51,58.92,58.62,0.3,0.5118,171014.24,1003110.29,0.9251,0.74,34.3503,3.7826,12053391.0603
300014.SZ,2023-06-13,58.77,59.14,57.36,57.71,58.92,-1.21,-2.0536,216235.37,1252227.969,1.1698,1.03,33.6449,3.705,11805858.7592
300014.SZ,2023-06-14,57.77,58.07,55.55,55.6,57.71,-2.11,-3.6562,334033.99,1878165.68,1.807,1.45,32.4147,3.5695,11374211.5233
300014.SZ,2023-06-15,56.0,60.39,55.51,60.09,55.6,4.49,8.0755,556347.96,3236889.893,3.0097,2.37,35.0324,3.8578,12292740.4755
300014.SZ,2023-06-16,60.9,61.0,59.3,60.99,60.09,0.9,1.4978,330341.5,1992891.282,1.787,1.06,35.5571,3.9155,12476855.4102
300014.SZ,2023-06-19,60.16,61.5,59.77,60.01,60.83,-0.82,-1.348,207140.03,1249004.827,1.1206,0.64,34.9858,3.8926,12276374.7035
300014.SZ,2023-06-20,60.36,62.35,59.77,60.7,60.01,0.69,1.1498,285169.62,1734179.816,1.5427,0.87,35.388,3.9373,12417529.4868
300014.SZ,2023-06-21,60.2,61.09,58.88,58.99,60.7,-1.71,-2.8171,183961.49,1099470.652,0.9952,0.54,34.3911,3.8264,12067711.1108
300014.SZ,2023-06-26,58.0,59.8,57.7,58.76,58.99,-0.23,-0.3899,151371.34,890894.821,0.8189,0.48,34.257,3.8115,12020659.5164
300014.SZ,2023-06-27,58.76,59.72,57.92,58.92,58.76,0.16,0.2723,114797.69,674578.129,0.621,0.5,34.3503,3.8219,12053391.0603
300014.SZ,2023-06-28,59.0,59.43,57.89,58.15,58.92,-0.77,-1.3069,145397.91,850306.012,0.7866,0.77,33.9014,3.7719,11895870.5051
300014.SZ,2023-06-29,57.87,58.64,57.24,57.24,58.15,-0.91,-1.5649,142437.59,821850.997,0.7705,0.81,33.3708,3.7129,11709709.8488
300014.SZ,2023-06-30,57.59,61.3,57.34,60.5,57.24,3.26,5.6953,338100.8,2022057.524,1.829,2.29,35.2714,3.9243,12376615.0569
300014.SZ,2023-07-03,60.52,61.45,60.01,60.45,60.5,-0.05,-0.0826,224069.49,1359834.712,1.2121,1.26,35.2423,3.9211,12366386.4494
300014.SZ,2023-07-04,60.45,60.58,59.5,60.03,60.45,-0.42,-0.6948,150789.26,904397.702,0.8157,0.78,34.9974,3.8939,12280466.1465
300014.SZ,2023-07-05,59.96,60.38,59.33,59.74,60.03,-0.29,-0.4831,103052.09,616226.291,0.5575,0.51,34.8283,3.875,12221140.2231
300014.SZ,2023-07-06,59.55,59.62,57.88,58.19,59.74,-1.55,-2.5946,160064.67,934951.459,0.8659,0.84,33.9247,3.7745,11904053.391
300014.SZ,2023-07-07,57.88,58.08,56.88,56.89,58.19,-1.3,-2.2341,126404.65,724617.503,0.6838,0.65,33.1668,3.6902,11638109.5964
300014.SZ,2023-07-10,57.08,60.65,57.08,59.34,56.89,2.45,4.3066,251476.47,1494631.824,1.3604,1.64,34.5951,3.8491,12139311.3632
300014.SZ,2023-07-11,59.11,59.8,58.25,59.63,59.34,0.29,0.4887,138578.43,817315.788,0.7497,0.88,34.7642,3.8679,12198637.2866
300014.SZ,2023-07-12,59.01,59.55,58.59,58.73,59.63,-0.9,-1.5093,115452.03,680683.724,0.6246,0.74,34.2395,3.8095,12014522.3519
300014.SZ,2023-07-13,59.0,60.49,57.91,58.39,58.73,-0.34,-0.5789,210873.79,1242530.191,1.1408,1.33,34.0413,3.7875,11944967.821
300014.SZ,2023-07-14,58.0,58.35,57.25,57.58,58.39,-0.81,-1.3872,203112.65,1170752.939,1.0988,1.21,33.5691,3.7349,11779264.3797
300014.SZ,2023-07-17,57.3,57.55,56.56,56.81,57.58,-0.77,-1.3373,125285.22,712141.903,0.6778,0.68,33.1202,3.685,11621743.8245
300014.SZ,2023-07-18,57.17,57.5,56.1,56.7,56.81,-0.11,-0.1936,128115.45,724837.67,0.6931,0.81,33.056,3.6779,11599240.888
300014.SZ,2023-07-19,56.46,57.0,55.65,56.05,56.7,-0.65,-1.1464,126130.2,706122.077,0.6823,0.81,32.6771,3.6357,11466268.9907
300014.SZ,2023-07-20,56.11,57.35,55.56,55.66,56.05,-0.39,-0.6958,188556.67,1061860.527,1.02,1.19,32.4497,3.6104,11386485.8523
300014.SZ,2023-07-21,55.08,56.54,54.87,55.92,55.66,0.26,0.4671,141464.41,788703.687,0.7653,0.92,32.6013,3.6273,11439674.6112
300014.SZ,2023-07-24,55.5,55.68,54.58,54.64,55.92,-1.28,-2.289,142692.38,783894.801,0.7719,1.01,31.8551,3.5442,11177822.2596
300014.SZ,2023-07-25,55.5,56.96,55.28,56.87,54.64,2.23,4.0813,218306.72,1231181.262,1.181,1.5,33.1551,3.6889,11634018.1534
300014.SZ,2023-07-26,56.5,56.94,56.3,56.76,56.87,-0.11,-0.1934,98609.81,558179.748,0.5334,0.6,33.091,3.6817,11611515.217
300014.SZ,2023-07-27,57.5,59.46,56.58,58.38,56.76,1.62,2.8541,332822.91,1936593.49,1.8005,2.11,34.0355,3.7868,11942922.0995
300014.SZ,2023-07-28,57.89,58.95,57.51,58.53,58.38,0.15,0.2569,159659.94,931390.073,0.8637,0.85,34.1229,3.7966,11973607.9219
300014.SZ,2023-07-31,58.49,60.15,58.44,59.23,58.53,0.7,1.196,186596.43,1110596.704,1.0094,0.98,34.531,3.842,12116808.4267
300014.SZ,2023-08-01,58.94,59.5,58.44,58.8,59.23,-0.43,-0.726,105368.71,620400.142,0.57,0.53,34.2803,3.8141,12028842.4024
300014.SZ,2023-08-02,58.8,59.95,58.15,58.27,58.8,-0.53,-0.9014,108294.49,637347.717,0.5858,0.61,33.9713,3.7797,11920419.163
300014.SZ,2023-08-03,58.0,59.28,58.0,59.16,58.27,0.89,1.5274,124701.98,734202.798,0.6746,0.7,34.4902,3.8374,12102488.3763
300014.SZ,2023-08-04,59.33,60.88,58.92,59.98,59.16,0.82,1.3861,244274.76,1463595.407,1.3215,1.78,34.9683,3.8906,12270237.539
300014.SZ,2023-08-07,59.69,59.95,59.01,59.24,59.98,-0.74,-1.2337,96667.82,574367.768,0.5229,0.63,34.5368,3.8426,12118854.1482
300014.SZ,2023-08-08,59.15,59.45,58.3,58.48,59.24,-0.76,-1.2829,89054.68,522214.498,0.4818,0.66,34.0938,3.7933,11963379.3145
300014.SZ,2023-08-09,58.11,59.42,58.11,58.9,58.48,0.42,0.7182,96715.54,569518.374,0.5232,0.73,34.3386,3.8206,12049299.6173
300014.SZ,2023-08-10,58.9,60.44,58.8,59.24,58.9,0.34,0.5772,117250.52,697746.823,0.6343,0.9,34.5368,3.8426,12118854.1482
300014.SZ,2023-08-11,59.25,59.43,57.5,57.5,59.24,-1.74,-2.9372,97153.63,566147.581,0.5256,0.75,33.5224,3.7297,11762898.6078
300014.SZ,2023-08-14,57.0,57.2,55.81,56.6,57.5,-0.9,-1.5652,116754.44,658373.794,0.6316,1.17,32.9977,3.6714,11578783.673
300014.SZ,2023-08-15,57.01,57.22,55.6,56.03,56.6,-0.57,-1.0071,98891.79,555235.122,0.535,0.96,32.6654,3.6344,11462177.5477
300014.SZ,2023-08-16,55.97,56.98,55.41,55.41,56.03,-0.62,-1.1066,97922.45,548192.731,0.5297,0.93,32.304,3.5942,11335342.8149
300014.SZ,2023-08-17,55.4,55.79,54.6,55.05,55.41,-0.36,-0.6497,119718.03,658534.308,0.6476,1.13,32.0941,3.5708,11261696.841
300014.SZ,2023-08-18,55.06,56.05,54.3,54.3,55.05,-0.75,-1.3624,120037.77,660758.502,0.6494,1.13,31.6568,3.5222,11108267.7287
300014.SZ,2023-08-21,54.03,54.28,52.69,52.69,54.3,-1.61,-2.965,177736.5,945066.324,0.9615,1.61,30.7182,3.4177,10778906.5677
300014.SZ,2023-08-22,52.68,53.3,50.58,51.86,52.69,-0.83,-1.5753,205692.72,1062325.465,1.1127,1.67,30.2343,3.3639,10609111.6834
300014.SZ,2023-08-23,51.8,51.93,49.71,49.77,51.86,-2.09,-4.0301,155648.59,786833.575,0.842,1.08,29.0158,3.2283,10181555.8906
300014.SZ,2023-08-24,50.13,50.66,49.68,49.97,49.77,0.2,0.4018,169598.16,850655.744,0.9111,1.09,29.1324,3.2413,10222470.3205
300014.SZ,2023-08-25,49.88,49.97,48.46,48.6,49.97,-1.37,-2.7416,175973.03,861050.142,0.9453,1.06,28.3337,3.0536,9942206.4754
300014.SZ,2023-08-28,51.99,52.33,48.58,48.9,48.6,0.3,0.6173,219821.17,1105891.512,1.1808,1.24,28.5086,3.0725,10003578.1203
300014.SZ,2023-08-29,48.59,51.18,48.5,50.76,48.9,1.86,3.8037,217390.24,1093098.275,1.1678,1.17,29.593,3.1894,10384082.3188
300014.SZ,2023-08-30,50.76,51.45,50.25,50.4,50.76,-0.36,-0.7092,155163.05,787792.754,0.8335,0.83,29.3831,3.1667,10310436.3449
300014.SZ,2023-08-31,50.07,50.11,49.05,49.4,50.4,-1.0,-1.9841,179396.28,886478.656,0.9637,0.96,28.8001,3.1039,10105864.1952
300014.SZ,2023-09-01,49.5,49.79,48.85,48.97,49.4,-0.43,-0.8704,98311.55,482631.412,0.5281,0.52,28.5494,3.0769,10017898.1708
300014.SZ,2023-09-04,49.23,50.26,48.58,50.09,48.97,1.12,2.2871,162887.04,808786.115,0.875,0.94,29.2024,3.1473,10247018.9785
300014.SZ,2023-09-05,49.9,50.25,49.48,49.62,50.09,-0.47,-0.9383,114063.59,567734.003,0.6127,0.7,28.9284,3.1177,10150870.0681
300014.SZ,2023-09-06,49.39,49.62,48.66,49.04,49.62,-0.58,-1.1689,144309.94,707584.117,0.7752,1.02,28.5903,3.0813,10032218.2213
300014.SZ,2023-09-07,49.5,50.2,47.7,47.71,49.04,-1.33,-2.7121,205468.31,997144.616,1.1037,1.47,27.8149,2.9977,9760137.2622
300014.SZ,2023-09-08,47.69,48.16,46.81,47.55,47.71,-0.16,-0.3354,140219.64,663418.99,0.7532,0.97,27.7216,2.9877,9727405.7182
300014.SZ,2023-09-11,47.2,48.86,46.91,48.14,47.55,0.59,1.2408,157334.31,754748.548,0.8452,1.03,28.0656,3.0247,9848103.2866
300014.SZ,2023-09-12,48.09,49.49,47.84,48.35,48.14,0.21,0.4362,149566.1,726875.657,0.8034,0.98,28.188,3.0379,9891063.438
300014.SZ,2023-09-13,47.98,48.46,47.24,47.38,48.35,-0.97,-2.0062,125170.38,597019.024,0.6724,0.79,27.6225,2.977,9692628.4528
300014.SZ,2023-09-14,47.19,47.56,46.43,46.56,47.38,-0.82,-1.7307,117983.08,551901.011,0.6338,0.76,27.1444,2.9255,9524879.29
300014.SZ,2023-09-15,46.63,47.3,46.03,46.28,46.56,-0.28,-0.6014,149536.97,696240.196,0.8033,1.08,26.9812,2.9079,9467599.0881
300014.SZ,2023-09-18,46.02,48.14,45.92,47.21,46.28,0.93,2.0095,179806.4,851504.075,0.9659,1.29,27.5234,2.9663,9657851.1873
300014.SZ,2023-09-19,47.1,47.2,45.81,45.99,47.21,-1.22,-2.5842,157606.64,727107.035,0.8466,1.09,26.8121,2.8897,9408273.1647
300014.SZ,2023-09-20,45.51,45.88,45.01,45.02,45.99,-0.97,-2.1092,157277.25,712107.224,0.8449,1.08,26.2466,2.8287,9209838.1795
300014.SZ,2023-09-21,44.96,45.3,44.42,44.61,45.02,-0.41,-0.9107,128004.87,572882.347,0.6876,0.84,26.0076,2.8029,9125963.5981
300014.SZ,2023-09-22,44.92,45.67,44.61,45.65,44.61,1.04,2.3313,153602.26,695037.163,0.8251,0.99,26.6139,2.8683,9338718.6338
300014.SZ,2023-09-25,45.86,46.06,44.68,45.06,45.65,-0.59,-1.2924,121974.87,550924.808,0.6552,0.79,26.2699,2.8312,9218021.0655
300014.SZ,2023-09-26,45.06,45.29,44.36,44.4,45.06,-0.66,-1.4647,117085.34,523430.602,0.629,0.81,25.8851,2.7897,9083003.4467
300014.SZ,2023-09-27,44.5,46.4,44.33,45.4,44.4,1.0,2.2523,242349.74,1100040.975,1.3019,1.79,26.4681,2.8526,9287575.5964
300014.SZ,2023-09-28,45.57,46.12,44.92,45.12,45.4,-0.28,-0.6167,149254.51,675861.28,0.8018,0.98,26.3049,2.835,9230295.3945
300014.SZ,2023-10-09,45.0,45.32,44.1,45.12,45.12,0.0,0.0,157028.4,703467.586,0.8435,1.0,26.3049,2.835,9230295.3945
300014.SZ,2023-10-10,45.1,46.09,44.86,44.87,45.12,-0.25,-0.5541,156975.06,712822.091,0.8432,1.0,26.1592,2.8193,9179152.357
300014.SZ,2023-10-11,45.15,45.9,44.85,44.94,44.87,0.07,0.156,146553.86,663509.915,0.7873,0.89,26.2,2.8237,9193472.4075
300014.SZ,2023-10-12,45.29,47.28,45.18,46.9,44.94,1.96,4.3614,370169.19,1717415.993,1.9885,2.17,27.3426,2.9468,9594433.8209
300014.SZ,2023-10-13,46.73,46.73,44.87,45.29,46.9,-1.61,-3.4328,278696.45,1268525.693,1.4971,1.42,26.404,2.8457,9265072.6599
300014.SZ,2023-10-16,45.3,45.49,43.9,44.14,45.29,-1.15,-2.5392,162435.74,722001.853,0.8726,0.73,25.7336,2.7734,9029814.6878
300014.SZ,2023-10-17,44.21,45.56,44.07,44.6,44.14,0.46,1.0421,228750.24,1028077.518,1.2288,1.03,26.0017,2.8023,9123917.8766
300014.SZ,2023-10-18,44.23,44.51,43.7,44.02,44.6,-0.58,-1.3004,138189.34,608443.803,0.7423,0.58,25.6636,2.7659,9005266.0298
300014.SZ,2023-10-19,44.08,44.08,42.9,43.0,44.02,-1.02,-2.3171,177521.18,766663.205,0.9536,0.75,25.0689,2.7018,8796602.4371
300014.SZ,2023-10-20,42.47,44.71,42.4,43.81,43.0,0.81,1.8837,267826.69,1174750.862,1.4387,1.36,25.5412,2.7527,8962305.8784
300014.SZ,2023-10-23,43.5,43.5,42.32,42.82,43.81,-0.99,-2.2598,147499.56,631633.485,0.7923,0.76,24.964,2.6905,8759779.4502
300014.SZ,2023-10-24,43.0,43.5,41.93,42.41,42.82,-0.41,-0.9575,224214.73,954214.569,1.2044,1.17,24.725,2.6647,8675904.8688
300014.SZ,2023-10-25,42.72,43.99,42.38,42.4,42.41,-0.01,-0.0236,194055.15,834187.987,1.0424,1.02,24.7191,2.6641,8673859.1473
300014.SZ,2023-10-26,42.28,45.18,41.35,44.75,42.4,2.35,5.5425,428221.24,1859592.182,2.3003,2.12,26.0892,2.721,9154603.6991
300014.SZ,2023-10-27,44.11,47.16,44.1,46.55,44.75,1.8,4.0223,509988.69,2337677.128,2.7396,2.02,27.1386,2.8305,9522833.5685
300014.SZ,2023-10-30,46.0,47.06,46.0,46.85,46.55,0.3,0.6445,288423.56,1344419.652,1.5494,0.96,27.3135,2.8487,9584205.2134
300014.SZ,2023-10-31,46.47,46.66,45.61,46.42,46.85,-0.43,-0.9178,212999.96,979963.538,1.1442,0.65,27.0628,2.8226,9496239.1891
300014.SZ,2023-11-01,46.01,46.22,45.13,45.58,46.42,-0.84,-1.8096,170910.04,779688.72,0.9181,0.52,26.5731,2.7715,9324398.5833
300014.SZ,2023-11-02,45.83,45.9,44.55,44.68,45.58,-0.9,-1.9746,149885.57,675568.724,0.8052,0.47,26.0484,2.7168,9140283.6486
300014.SZ,2023-11-03,44.82,45.65,44.48,45.35,44.68,0.67,1.4996,145449.92,657068.135,0.7813,0.55,26.439,2.7575,9277346.9889
300014.SZ,2023-11-06,45.75,48.34,45.75,48.02,45.35,2.67,5.8875,385619.68,1833207.133,2.0715,1.99,27.9956,2.9199,9823554.6286
300014.SZ,2023-11-07,47.78,47.78,47.01,47.2,48.02,-0.82,-1.7076,183629.63,868667.318,0.9864,0.86,27.5175,2.87,9655805.4658
300014.SZ,2023-11-08,47.48,47.84,46.7,47.29,47.2,0.09,0.1907,172147.47,813555.413,0.9247,0.83,27.57,2.8755,9674216.9593
300014.SZ,2023-11-09,47.36,48.6,46.93,47.99,47.29,0.7,1.4802,263907.74,1266602.18,1.4177,1.27,27.9781,2.918,9817417.4641
300014.SZ,2023-11-10,47.53,47.75,47.11,47.3,47.99,-0.69,-1.4378,143493.71,680314.407,0.7708,0.62,27.5758,2.8761,9676262.6808
300014.SZ,2023-11-13,47.4,48.08,47.05,47.45,47.3,0.15,0.3171,132463.74,628527.216,0.7116,0.58,27.6633,2.8852,9706948.5033
300014.SZ,2023-11-14,47.41,47.61,46.34,46.9,47.45,-0.55,-1.1591,203927.74,953839.329,1.0955,1.14,27.3426,2.8518,9594433.8209
300014.SZ,2023-11-15,47.97,47.99,46.83,46.98,46.9,0.08,0.1706,179804.39,853473.914,0.9659,0.98,27.3893,2.8566,9610799.5929
300014.SZ,2023-11-16,46.95,46.99,45.5,45.5,46.98,-1.48,-3.1503,187425.61,860535.604,1.0068,1.01,26.5264,2.7666,9308032.8114
300014.SZ,2023-11-17,45.47,45.81,45.1,45.51,45.5,0.01,0.022,110878.82,504197.001,0.5956,0.65,26.5323,2.7673,9310078.5328
300014.SZ,2023-11-20,45.5,45.69,44.52,45.43,45.51,-0.08,-0.1758,145881.16,658931.962,0.7836,0.9,26.4856,2.7624,9293712.7609
300014.SZ,2023-11-21,45.81,46.1,44.83,44.83,45.43,-0.6,-1.3207,155416.8,705507.466,0.8349,0.94,26.1358,2.7259,9170969.4711
300014.SZ,2023-11-22,44.5,44.83,43.7,43.7,44.83,-1.13,-2.5206,147323.45,650015.361,0.7914,0.95,25.477,2.6572,8939802.9419
300014.SZ,2023-11-23,43.8,44.98,43.4,44.6,43.7,0.9,2.0595,177560.59,781776.945,0.9538,1.19,26.0017,2.7119,9123917.8766
300014.SZ,2023-11-24,44.49,44.49,43.5,43.5,44.6,-1.1,-2.4664,117384.16,514899.459,0.6306,0.8,25.3604,2.645,8898888.512
300014.SZ,2023-11-27,43.19,43.48,42.41,42.41,43.5,-1.09,-2.5057,145164.01,619831.134,0.7798,0.98,24.725,2.5788,8675904.8688
300014.SZ,2023-11-28,42.52,42.84,41.67,42.75,42.41,0.34,0.8017,169408.04,714596.687,0.91,1.14,24.9232,2.5994,8745459.3997
300014.SZ,2023-11-29,42.25,42.43,41.61,41.61,42.75,-1.14,-2.6667,153854.89,644141.095,0.8265,1.02,24.2586,2.5301,8512247.149
300014.SZ,2023-11-30,41.7,42.6,41.5,42.19,41.61,0.58,1.3939,174122.25,732766.714,0.9354,1.14,24.5967,2.5654,8630898.9958
300014.SZ,2023-12-01,42.05,42.07,41.21,41.6,42.19,-0.59,-1.3984,149924.87,623404.292,0.8054,0.99,24.2527,2.5295,8510201.4275
300014.SZ,2023-12-04,41.04,41.64,40.71,40.98,41.6,-0.62,-1.4904,128712.22,530305.705,0.6914,0.81,23.8913,2.4918,8383366.6947
300014.SZ,2023-12-05,40.8,41.95,40.43,40.43,40.98,-0.55,-1.3421,168117.82,691489.055,0.9031,1.08,23.5706,2.4584,8270852.0124
300014.SZ,2023-12-06,40.33,43.43,40.28,42.68,40.43,2.25,5.5652,397798.34,1690856.603,2.1369,2.57,24.8824,2.5952,8731139.3492
300014.SZ,2023-12-07,42.35,42.84,41.96,42.13,42.68,-0.55,-1.2887,200681.09,848617.424,1.078,0.99,24.5617,2.5617,8618624.6669
300014.SZ,2023-12-08,42.65,42.65,41.24,41.59,42.13,-0.54,-1.2817,219205.16,912459.763,1.1775,1.05,24.2469,2.5289,8508155.706
300014.SZ,2023-12-11,41.62,41.69,40.51,41.55,41.59,-0.04,-0.0962,170529.0,699055.648,0.9161,0.77,24.2236,2.5265,8499972.82
300014.SZ,2023-12-12,41.19,41.94,41.05,41.18,41.55,-0.37,-0.8905,130745.07,541418.667,0.7023,0.57,24.0079,2.504,8424281.1246
300014.SZ,2023-12-13,41.06,41.16,39.8,39.93,41.18,-1.25,-3.0355,177651.98,717161.833,0.9543,0.79,23.2791,2.428,8168565.9375
300014.SZ,2023-12-14,40.4,41.16,39.3,39.35,39.93,-0.58,-1.4525,183161.3,734584.839,0.9839,1.02,22.941,2.3927,8049914.0907
300014.SZ,2023-12-15,39.69,40.38,39.32,39.32,39.35,-0.03,-0.0762,193010.61,767669.017,1.0368,1.1,22.9235,2.3909,8043776.9262
300014.SZ,2023-12-18,39.16,39.46,38.22,38.34,39.32,-0.98,-2.4924,184391.98,712303.709,0.9905,1.08,22.3522,2.3313,7843296.2195
300014.SZ,2023-12-19,38.3,39.15,38.16,38.62,38.34,0.28,0.7303,137265.71,530227.654,0.7374,0.79,22.5154,2.3483,7900576.4214
300014.SZ,2023-12-20,38.63,38.74,37.88,37.89,38.62,-0.73,-1.8902,134194.97,513100.442,0.7209,0.77,22.0898,2.3039,7751238.7521
300014.SZ,2023-12-21,37.63,39.17,37.62,38.73,37.89,0.84,2.2169,233362.75,898069.168,1.2536,1.4,22.5795,2.355,7923079.3579
300014.SZ,2023-12-22,38.69,40.28,37.89,39.49,38.73,0.76,1.9623,281131.61,1103188.199,1.5102,1.59,23.0226,2.4012,8078554.1917
300014.SZ,2023-12-25,39.4,40.35,39.36,39.85,39.49,0.36,0.9116,147907.37,590761.25,0.7945,0.76,23.2325,2.4231,8152200.1655
300014.SZ,2023-12-26,39.85,40.02,39.51,39.78,39.85,-0.07,-0.1757,106524.19,423787.674,0.5722,0.57,23.1917,2.4188,8137880.1151
300014.SZ,2023-12-27,39.89,39.89,38.87,39.03,39.78,-0.75,-1.8854,145088.22,567159.812,0.7794,0.8,22.7544,2.3732,7984451.0028
300014.SZ,2023-12-28,39.03,42.33,38.81,42.17,39.03,3.14,8.0451,429689.02,1769093.356,2.3082,2.35,24.5851,2.5642,8626807.5528
300014.SZ,2023-12-29,42.14,42.95,42.0,42.2,42.17,0.03,0.0711,241125.42,1022727.602,1.2953,1.09,24.6025,2.566,8632944.7173
300014.SZ,2024-01-02,42.27,42.27,40.85,40.85,42.2,-1.35,-3.1991,193615.91,798862.107,1.0401,0.9,23.8155,2.4839,8356772.3152
300014.SZ,2024-01-03,40.6,41.08,40.42,40.92,40.85,0.07,0.1714,139042.77,566521.946,0.7469,0.62,23.8563,2.4882,8371092.3657
300014.SZ,2024-01-04,40.88,40.88,39.4,39.6,40.92,-1.32,-3.2258,170916.66,680686.509,0.9181,0.74,23.0868,2.4079,8101057.1281
300014.SZ,2024-01-05,39.43,41.51,39.2,39.49,39.6,-0.11,-0.2778,246251.97,993189.01,1.3228,1.05,23.0226,2.4012,8078554.1917
300014.SZ,2024-01-08,39.65,40.66,39.15,39.15,39.49,-0.34,-0.861,202533.41,806026.734,1.088,1.02,22.8244,2.3805,8008999.6608
300014.SZ,2024-01-09,39.15,40.13,38.2,39.15,39.15,0.0,0.0,223929.79,875665.883,1.2029,1.18,22.8244,2.3805,8008999.6608
300014.SZ,2024-01-10,38.95,40.25,38.36,39.23,39.15,0.08,0.2043,206827.43,816601.894,1.111,1.05,22.871,2.3854,8025365.4327
300014.SZ,2024-01-11,39.14,42.0,38.68,41.33,39.23,2.1,5.353,373802.02,1519110.48,2.008,1.78,24.0953,2.5131,8454966.9471
300014.SZ,2024-01-12,41.08,41.59,40.7,40.76,41.33,-0.57,-1.3791,238533.33,979845.609,1.2814,0.95,23.763,2.4784,8338360.8218
300014.SZ,2024-01-15,40.4,40.6,39.5,39.91,40.76,-0.85,-2.0854,153394.14,613891.643,0.824,0.62,23.2675,2.4267,8164474.4945
300014.SZ,2024-01-16,39.79,41.2,39.46,40.56,39.91,0.65,1.6287,235398.63,951160.795,1.2645,0.98,23.6464,2.4663,8297446.3918
300014.SZ,2024-01-17,40.31,40.31,38.51,38.51,40.56,-2.05,-5.0542,268940.92,1053552.498,1.4447,1.11,22.4513,2.3416,7878073.4849
300014.SZ,2024-01-18,38.27,39.59,37.96,39.45,38.51,0.94,2.4409,258701.39,1003414.022,1.3897,1.02,22.9993,2.3988,8070371.3057
300014.SZ,2024-01-19,39.0,41.8,38.9,40.27,39.45,0.82,2.0786,387911.51,1582806.908,2.0838,1.68,23.4774,2.4486,8238120.4684
300014.SZ,2024-01-22,39.7,40.9,38.31,39.07,40.27,-1.2,-2.9799,387082.11,1531506.996,2.0793,1.48,22.7778,2.3757,7992633.8888
300014.SZ,2024-01-23,38.81,39.65,37.78,38.59,39.07,-0.48,-1.2286,288458.24,1118325.785,1.5495,0.94,22.4979,2.3465,7894439.2569
300014.SZ,2024-01-24,38.84,38.88,36.91,38.07,38.59,-0.52,-1.3475,294242.88,1109895.318,1.5806,0.92,22.1948,2.3149,7788061.7391
300014.SZ,2024-01-25,37.68,38.98,37.23,38.93,38.07,0.86,2.259,269605.84,1034173.074,1.4483,0.83,22.6961,2.3672,7963993.7878
300014.SZ,2024-01-26,38.5,38.95,37.9,37.9,38.93,-1.03,-2.6458,203815.6,781340.05,1.0949,0.63,22.0957,2.3045,7753284.4736
300014.SZ,2024-01-29,38.0,38.1,36.03,36.03,37.9,-1.87,-4.934,227269.23,836356.231,1.2208,0.79,21.0054,2.1908,7370734.5537
300014.SZ,2024-01-30,35.64,36.6,34.75,34.8,36.03,-1.23,-3.4138,197142.77,700902.325,1.059,0.77,20.2884,2.116,7119110.8096
300014.SZ,2024-01-31,35.05,36.78,34.7,34.78,34.8,-0.02,-0.0575,316539.94,1127614.646,1.7004,1.33,20.2767,2.1148,7115019.3666
300014.SZ,2024-02-01,34.2,34.95,33.76,33.92,34.78,-0.86,-2.4727,218509.64,749560.794,1.1738,0.9,19.7753,2.0625,6939087.3178
300014.SZ,2024-02-02,34.0,34.33,31.66,32.8,33.92,-1.12,-3.3019,297514.57,980975.102,1.5982,1.28,19.1224,1.9944,6709966.5102
300014.SZ,2024-02-05,32.38,33.37,30.53,32.03,32.8,-0.77,-2.3476,338338.64,1087367.092,1.8175,1.35,18.6734,1.9476,6552445.9549
300014.SZ,2024-02-06,31.74,34.3,31.7,34.21,32.03,2.18,6.8061,306153.92,1023969.71,1.6446,1.12,19.9444,2.0802,6998413.2412
300014.SZ,2024-02-07,34.19,34.99,33.8,34.17,34.21,-0.04,-0.1169,325987.74,1119839.722,1.7511,1.1,19.9211,2.0777,6990230.3552
300014.SZ,2024-02-08,34.48,35.7,34.18,35.2,34.17,1.03,3.0143,279075.58,976382.136,1.4991,0.94,20.5216,2.1403,7200939.6694
300014.SZ,2024-02-19,35.4,35.77,34.71,35.15,35.2,-0.05,-0.142,203616.94,714528.273,1.0938,0.66,20.4924,2.1373,7190711.062
300014.SZ,2024-02-20,34.81,35.08,34.35,34.9,35.15,-0.25,-0.7112,159144.99,552190.916,0.8549,0.55,20.3467,2.1221,7139568.0245
300014.SZ,2024-02-21,34.69,36.4,34.5,35.61,34.9,0.71,2.0344,253756.61,904880.772,1.3631,1.0,20.7606,2.1653,7284814.2508
300014.SZ,2024-02-22,35.29,35.86,35.23,35.67,35.61,0.06,0.1685,160551.49,569875.626,0.8625,0.66,20.7956,2.1689,7297088.5798
300014.SZ,2024-02-23,35.8,36.5,35.48,36.1,35.67,0.43,1.2055,202379.16,727741.383,1.0871,0.96,21.0463,2.1951,7385054.6042
300014.SZ,2024-02-26,36.0,36.5,35.6,35.95,36.1,-0.15,-0.4155,196684.78,708642.185,1.0566,1.0,20.9588,2.186,7354368.7817
300014.SZ,2024-02-27,35.8,36.65,35.68,36.65,35.95,0.7,1.9471,216896.14,784666.263,1.1651,1.12,21.3669,2.2285,7497569.2865
300014.SZ,2024-02-28,36.85,38.38,35.97,35.98,36.65,-0.67,-1.8281,382040.07,1427811.087,2.0523,1.85,20.9763,2.1878,7360505.9462
300014.SZ,2024-02-29,35.63,38.33,35.63,38.31,35.98,2.33,6.4758,437474.3,1628592.208,2.35,1.89,22.3347,2.3295,7837159.055
300014.SZ,2024-03-01,38.33,39.81,38.2,39.4,38.31,1.09,2.8452,432525.15,1689612.523,2.3234,1.51,22.9702,2.3957,8060142.6982
300014.SZ,2024-03-04,39.41,40.49,38.81,38.93,39.4,-0.47,-1.1929,274926.73,1085879.827,1.4769,0.83,22.6961,2.3672,7963993.7878
300014.SZ,2024-03-05,38.4,38.71,37.87,38.45,38.93,-0.48,-1.233,206524.91,791136.586,1.1094,0.59,22.4163,2.338,7865799.156
300014.SZ,2024-03-06,38.18,39.82,37.9,38.93,38.45,0.48,1.2484,214115.25,829913.375,1.1502,0.62,22.6961,2.3672,7963993.7878
300014.SZ,2024-03-07,38.86,39.15,37.87,37.87,38.93,-1.06,-2.7228,158153.46,607994.464,0.8496,0.51,22.0782,2.3027,7747147.3091
300014.SZ,2024-03-08,37.88,38.7,37.29,37.61,37.87,-0.26,-0.6866,162606.15,614443.066,0.8735,0.63,21.9266,2.2869,7693958.5502
300014.SZ,2024-03-11,38.6,42.76,38.55,42.5,37.61,4.89,13.0019,648946.91,2651262.665,3.486,3.19,24.7774,2.5842,8694316.3623
300014.SZ,2024-03-12,43.2,43.48,42.0,42.45,42.5,-0.05,-0.1176,483087.81,2060799.189,2.5951,1.74,24.7483,2.5812,8684087.7548
300014.SZ,2024-03-13,42.06,42.57,41.72,42.5,42.45,0.05,0.1178,269291.73,1134861.986,1.4466,0.81,24.7774,2.5842,8694316.3623
300014.SZ,2024-03-14,42.15,43.05,41.42,41.71,42.5,-0.79,-1.8588,227358.79,959026.84,1.2213,0.66,24.3169,2.5362,8532704.364
300014.SZ,2024-03-15,41.4,41.66,40.24,41.06,41.71,-0.65,-1.5584,238987.29,974652.536,1.2838,0.67,23.9379,2.4967,8399732.4667
300014.SZ,2024-03-18,42.2,42.5,41.53,42.08,41.06,1.02,2.4842,299860.37,1260784.557,1.6108,0.8,24.5326,2.5587,8608396.0594
300014.SZ,2024-03-19,42.0,42.65,41.5,41.6,42.08,-0.48,-1.1407,204855.15,858813.067,1.1004,0.67,24.2527,2.5295,8510201.4275
300014.SZ,2024-03-20,41.5,42.49,41.32,41.94,41.6,0.34,0.8173,175440.1,737119.109,0.9424,0.71,24.451,2.5502,8579755.9584
300014.SZ,2024-03-21,41.81,42.6,41.6,41.77,41.94,-0.17,-0.4053,176281.5,740685.344,0.947,0.77,24.3519,2.5398,8544978.693
300014.SZ,2024-03-22,41.6,41.84,40.42,40.42,41.77,-1.35,-3.232,180682.73,738548.519,0.9706,0.82,23.5648,2.4578,8268806.2909
300014.SZ,2024-03-25,40.35,40.42,39.34,39.34,40.42,-1.08,-2.6719,165898.9,659872.615,0.8912,0.8,22.9352,2.3921,8047868.3692
300014.SZ,2024-03-26,39.24,41.53,39.15,41.06,39.34,1.72,4.3721,271063.22,1094895.717,1.4561,1.5,23.9379,2.4967,8399732.4667
300014.SZ,2024-03-27,40.8,40.97,38.84,38.84,41.06,-2.22,-5.4067,182605.64,724993.821,0.9809,0.94,22.6437,2.3617,7945582.2943
300014.SZ,2024-03-28,38.89,39.78,38.8,39.27,38.84,0.43,1.1071,139583.76,549031.651,0.7498,0.71,22.8944,2.3878,8033548.3187
300014.SZ,2024-03-29,39.21,40.2,38.91,39.16,39.27,-0.11,-0.2801,133155.52,525396.693,0.7153,0.71,22.8302,2.3811,8011045.3823
300014.SZ,2024-04-01,39.39,40.83,39.39,40.68,39.16,1.52,3.8815,205781.81,832773.561,1.1054,1.15,23.7164,2.4736,8321995.0498
300014.SZ,2024-04-02,40.68,41.55,40.21,41.2,40.68,0.52,1.2783,243081.82,995754.089,1.3058,1.3,24.0195,2.5052,8428372.5676
300014.SZ,2024-04-03,41.2,41.76,40.25,40.47,41.2,-0.73,-1.7718,200933.29,821034.437,1.0794,1.11,23.594,2.4608,8279034.8984
300014.SZ,2024-04-08,39.86,40.84,38.6,38.61,40.47,-1.86,-4.596,256765.65,1010045.532,1.3793,1.39,22.5096,2.3477,7898530.6999
300014.SZ,2024-04-09,38.5,40.29,38.4,40.14,38.61,1.53,3.9627,280224.6,1113579.549,1.5053,1.35,23.4016,2.4407,8211526.089
300014.SZ,2024-04-10,40.52,40.54,39.1,39.35,40.14,-0.79,-1.9681,153377.2,606581.176,0.8239,0.65,22.941,2.3927,8049914.0907
300014.SZ,2024-04-11,38.88,39.23,38.23,38.62,39.35,-0.73,-1.8551,165341.46,639748.992,0.8882,0.73,22.5154,2.3483,7900576.4214
300014.SZ,2024-04-12,38.41,38.55,36.61,36.69,38.62,-1.93,-4.9974,270749.84,1007137.919,1.4544,1.28,21.3902,2.2309,7505752.1725
300014.SZ,2024-04-15,36.7,38.26,36.6,37.01,36.69,0.32,0.8722,212645.2,794887.555,1.1423,0.94,21.5768,2.2504,7571215.2604
300014.SZ,2024-04-16,36.99,37.02,35.63,35.68,37.01,-1.33,-3.5936,203028.84,732155.662,1.0906,0.94,20.8014,2.1695,7299134.3013
300014.SZ,2024-04-17,35.96,36.67,35.94,36.51,35.68,0.83,2.3262,159801.11,580284.397,0.8584,0.79,21.2853,2.22,7468929.1855
300014.SZ,2024-04-18,36.46,36.73,35.43,36.2,36.51,-0.31,-0.8491,168453.17,610012.518,0.9049,0.83,21.1046,2.2012,7405511.8191
300014.SZ,2024-04-19,36.16,36.16,34.71,35.0,36.2,-1.2,-3.3149,207350.94,729526.432,1.1139,1.02,17.6783,2.0615,7160025.2395
300014.SZ,2024-04-22,35.15,35.8,34.31,34.85,35.0,-0.15,-0.4286,180972.95,630254.735,0.9722,0.95,17.6025,2.0526,7129339.417
300014.SZ,2024-04-23,34.89,35.25,34.37,35.0,34.85,0.15,0.4304,142304.23,495496.717,0.7644,0.77,17.6783,2.0615,7160025.2395
300014.SZ,2024-04-24,34.7,34.77,33.59,34.27,35.0,-0.73,-2.0857,240912.82,821125.795,1.2941,1.4,17.3096,2.0185,7010687.5702
300014.SZ,2024-04-25,34.85,36.99,34.83,35.92,34.27,1.65,4.8147,375518.57,1350506.179,2.0172,2.0,18.143,2.0523,7348231.6172
300014.SZ,2024-04-26,35.51,36.54,35.5,36.29,35.92,0.37,1.0301,218796.62,790920.155,1.1753,0.95,18.3299,2.0735,7423923.3126
300014.SZ,2024-04-29,36.38,38.45,36.36,37.74,36.29,1.45,3.9956,357279.3,1344057.673,1.9192,1.54,19.0623,2.1563,7720552.9297
300014.SZ,2024-04-30,37.75,37.97,36.94,36.97,37.74,-0.77,-2.0403,201719.16,750566.134,1.0836,0.76,18.6733,2.1123,7563032.3744
300014.SZ,2024-05-06,38.0,39.3,38.0,38.78,36.97,1.81,4.8959,320963.44,1241776.281,1.7242,1.15,19.5876,2.2157,7933307.9654
300014.SZ,2024-05-07,38.67,38.98,38.35,38.84,38.78,0.06,0.1547,164856.92,637530.856,0.8856,0.56,19.6179,2.2192,7945582.2943
300014.SZ,2024-05-08,38.64,38.75,37.41,37.61,38.84,-1.23,-3.1668,184091.31,698816.199,0.9889,0.73,18.9966,2.1489,7693958.5502
300014.SZ,2024-05-09,39.85,40.3,38.81,39.7,37.61,2.09,5.557,519139.4,2062637.012,2.7887,2.11,20.0523,2.2683,8121514.3431
300014.SZ,2024-05-10,39.99,39.99,38.76,38.95,39.7,-0.75,-1.8892,230912.81,902667.746,1.2404,0.83,19.6734,2.2254,7968085.2308
300014.SZ,2024-05-13,38.19,38.58,37.68,37.99,38.95,-0.96,-2.4647,174999.63,666493.46,0.9401,0.62,19.1885,2.1706,7771695.9671
300014.SZ,2024-05-14,38.09,38.28,37.51,37.61,37.99,-0.38,-1.0003,149396.79,563727.993,0.8025,0.59,18.9966,2.1489,7693958.5502
300014.SZ,2024-05-15,37.88,38.99,37.32,37.4,37.61,-0.21,-0.5584,140226.68,532743.86,0.7533,0.56,18.8905,2.1369,7650998.3988
300014.SZ,2024-05-16,37.58,38.17,37.12,37.6,37.4,0.2,0.5348,134347.88,506023.628,0.7217,0.55,18.9916,2.1483,7691912.8287
300014.SZ,2024-05-17,37.4,38.1,37.13,38.07,37.6,0.47,1.25,173553.64,653711.693,0.9323,1.05,19.229,2.1752,7788061.7391
300014.SZ,2024-05-20,38.08,38.45,37.37,37.67,38.07,-0.4,-1.0507,179650.45,679681.108,0.965,1.16,19.0269,2.1523,7706232.8792
300014.SZ,2024-05-21,37.18,37.44,36.8,37.09,37.17,-0.08,-0.2152,153827.13,569905.798,0.8263,0.99,18.734,2.1813,7587581.0324
300014.SZ,2024-05-22,37.2,39.23,36.9,38.96,37.09,1.87,5.0418,421519.98,1620103.508,2.2643,2.7,19.6785,2.2913,7970130.9523
300014.SZ,2024-05-23,38.67,38.84,37.89,38.06,38.96,-0.9,-2.3101,188001.92,718659.862,1.0099,0.88,19.2239,2.2384,7786016.0176
300014.SZ,2024-05-24,37.79,38.03,36.93,36.95,38.06,-1.11,-2.9164,185395.27,692305.887,0.9959,0.83,18.6632,2.1731,7558940.9314
300014.SZ,2024-05-27,36.98,37.15,36.13,36.7,36.95,-0.25,-0.6766,136009.31,496260.586,0.7306,0.6,18.537,2.1584,7507797.894
300014.SZ,2024-05-28,36.52,37.26,36.22,36.35,36.7,-0.35,-0.9537,131013.73,480927.588,0.7038,0.6,18.3602,2.1378,7436197.6416
300014.SZ,2024-05-29,36.65,38.99,36.6,37.47,36.35,1.12,3.0812,376660.66,1435909.961,2.0234,1.77,18.9259,2.2037,7665318.4493
300014.SZ,2024-05-30,37.95,38.66,37.55,38.45,37.47,0.98,2.6154,274723.29,1048436.841,1.4758,1.35,19.4209,2.2613,7865799.156
300014.SZ,2024-05-31,38.2,39.9,38.16,39.18,38.45,0.73,1.8986,356941.41,1404338.476,1.9174,1.62,19.7896,2.3042,8015136.8252
300014.SZ,2024-06-03,39.68,41.2,39.56,40.78,39.18,1.6,4.0837,478653.53,1934003.385,2.5712,1.88,20.5978,2.3983,8342452.2648
300014.SZ,2024-06-04,41.55,44.38,41.4,43.71,40.78,2.93,7.1849,661091.67,2859664.641,3.5513,2.04,22.0777,2.5707,8941848.6634
300014.SZ,2024-06-05,43.38,44.27,42.47,42.6,43.71,-1.11,-2.5395,422085.22,1829365.383,2.2674,0.98,21.517,2.5054,8714773.5772
300014.SZ,2024-06-06,43.06,43.48,42.04,42.54,42.6,-0.06,-0.1408,338826.95,1448741.129,1.8201,0.77,21.4867,2.5019,8702499.2482
300014.SZ,2024-06-07,41.86,42.84,41.05,41.29,42.54,-1.25,-2.9384,301150.64,1255564.388,1.6177,0.67,20.8554,2.4283,8446784.0611
300014.SZ,2024-06-11,40.93,41.67,40.61,41.25,41.29,-0.04,-0.0969,202744.51,832739.718,1.0891,0.46,20.8352,2.426,8438601.1751
300014.SZ,2024-06-12,40.85,41.18,40.26,40.75,41.25,-0.5,-1.2121,186486.83,758663.208,1.0018,0.48,20.5826,2.3966,8336315.1003
300014.SZ,2024-06-13,40.82,41.5,40.2,40.32,40.75,-0.43,-1.0552,218114.14,889921.568,1.1717,0.75,20.3654,2.3713,8248349.0759
300014.SZ,2024-06-14,40.37,40.86,39.41,40.5,40.32,0.18,0.4464,244579.33,981952.103,1.3138,0.98,20.4563,2.3819,8285172.0629
300014.SZ,2024-06-17,40.11,43.03,40.01,42.98,40.5,2.48,6.1235,413288.09,1737825.013,2.2201,1.79,21.709,2.5277,8792510.9941
300014.SZ,2024-06-18,42.62,43.42,42.6,42.84,42.98,-0.14,-0.3257,196543.21,843509.063,1.0558,0.78,21.6383,2.5195,8763870.8931
300014.SZ,2024-06-19,43.2,43.75,42.57,42.77,42.84,-0.07,-0.1634,184699.37,794708.911,0.9922,0.73,21.6029,2.5154,8749550.8427
300014.SZ,2024-06-20,42.5,43.09,42.0,42.07,42.77,-0.7,-1.6367,140273.66,595497.721,0.7535,0.56,21.2493,2.4742,8606350.3379
300014.SZ,2024-06-21,42.09,42.39,41.11,41.51,42.07,-0.56,-1.3311,146783.11,610610.838,0.7885,0.62,20.9665,2.4413,8491789.934
300014.SZ,2024-06-24,41.99,42.68,40.9,41.95,41.51,0.44,1.06,218943.52,919727.536,1.1761,1.01,21.1887,2.4672,8581801.6799
300014.SZ,2024-06-25,41.69,42.49,40.55,40.9,41.95,-1.05,-2.503,184398.68,759499.293,0.9906,1.04,20.6584,2.4054,8367000.9227
300014.SZ,2024-06-26,40.6,41.5,39.89,41.13,40.9,0.23,0.5623,191913.12,783121.952,1.0309,1.1,20.7745,2.4189,8414052.5172
300014.SZ,2024-06-27,40.89,41.54,40.39,41.1,41.13,-0.03,-0.0729,142143.81,584222.324,0.7636,0.81,20.7594,2.4172,8407915.3527
300014.SZ,2024-06-28,41.0,41.31,39.72,39.92,41.1,-1.18,-2.871,223931.19,905171.226,1.2029,1.27,20.1634,2.3478,8166520.216
300014.SZ,2024-07-01,39.37,39.6,37.14,38.56,39.92,-1.36,-3.4068,314856.45,1198119.194,1.6914,1.64,19.4764,2.2678,7888302.0924
300014.SZ,2024-07-02,38.41,38.85,37.86,37.93,38.56,-0.63,-1.6338,136941.22,524091.161,0.7356,0.65,19.1582,2.2307,7759421.6381
300014.SZ,2024-07-03,38.57,39.67,37.83,38.2,37.93,0.27,0.7118,175367.99,676098.368,0.942,0.87,19.2946,2.2466,7814656.1185
300014.SZ,2024-07-04,38.33,38.49,37.64,37.8,38.2,-0.4,-1.0471,114648.86,435825.275,0.6159,0.58,19.0926,2.2231,7732827.2587
300014.SZ,2024-07-05,37.71,38.09,37.22,37.45,37.8,-0.35,-0.9259,112359.75,421439.576,0.6036,0.58,18.9158,2.2025,7661227.0063
300014.SZ,2024-07-08,37.2,37.25,36.13,36.24,37.45,-1.21,-3.231,181295.31,662384.518,0.9739,1.06,18.3046,2.1313,7413694.7051
300014.SZ,2024-07-09,36.22,36.39,34.95,35.54,36.24,-0.7,-1.9316,279754.76,993523.393,1.5028,1.94,17.9511,2.0902,7270494.2003
300014.SZ,2024-07-10,35.15,36.56,34.69,35.24,35.54,-0.3,-0.8441,194753.37,694643.813,1.0462,1.13,17.7995,2.0725,7209122.5554
300014.SZ,2024-07-11,35.88,37.72,35.42,37.33,35.24,2.09,5.9308,307251.49,1130934.083,1.6505,1.74,18.8552,2.1954,7636678.3483
300014.SZ,2024-07-12,37.27,38.58,37.07,37.97,37.33,0.64,1.7144,243400.36,923274.337,1.3075,1.13,19.1784,2.2331,7767604.5241
300014.SZ,2024-07-15,37.69,38.2,37.5,37.65,37.97,-0.32,-0.8428,143971.09,544518.439,0.7734,0.6,19.0168,2.2143,7702141.4362
300014.SZ,2024-07-16,38.0,39.45,37.9,38.78,37.65,1.13,3.0013,236466.92,916383.064,1.2703,1.01,19.5876,2.2807,7933307.9654
300014.SZ,2024-07-17,38.43,38.88,37.89,38.65,38.78,-0.13,-0.3352,173560.16,666265.581,0.9323,0.77,19.5219,2.2731,7906713.5859
300014.SZ,2024-07-18,38.13,40.14,38.06,39.82,38.65,1.17,3.0272,251783.59,989738.917,1.3525,1.14,20.1129,2.3419,8146063.0011
300014.SZ,2024-07-19,39.45,40.18,39.25,40.0,39.82,0.18,0.452,181479.85,723074.694,0.9749,0.86,20.2038,2.3525,8182885.988
300014.SZ,2024-07-22,40.0,40.6,39.75,40.01,40.0,0.01,0.025,168189.05,674107.486,0.9035,0.85,20.2088,2.3531,8184931.7095
300014.SZ,2024-07-23,40.0,40.5,38.81,38.85,40.01,-1.16,-2.8993,170760.84,677029.021,0.9173,0.84,19.6229,2.2848,7947628.0158
300014.SZ,2024-07-24,39.04,39.2,37.62,37.84,38.85,-1.01,-2.5997,175716.55,672033.561,0.9439,0.93,19.1128,2.2254,7741010.1446
300014.SZ,2024-07-25,37.98,38.96,37.46,38.45,37.84,0.61,1.6121,134646.42,516984.205,0.7233,0.71,19.4209,2.2613,7865799.156
300014.SZ,2024-07-26,38.78,40.67,38.77,39.5,38.45,1.05,2.7308,266827.39,1064279.519,1.4333,1.61,19.9512,2.3231,8080599.9132
300014.SZ,2024-07-29,39.25,39.4,37.5,37.67,39.5,-1.83,-4.6329,216893.98,821560.538,1.1651,1.18,19.0269,2.2154,7706232.8792
300014.SZ,2024-07-30,37.5,37.8,36.86,37.07,37.67,-0.6,-1.5928,128124.64,476586.557,0.6883,0.66,18.7239,2.1802,7583489.5894
300014.SZ,2024-07-31,37.11,38.5,36.82,38.39,37.07,1.32,3.5608,170022.85,645421.374,0.9133,0.92,19.3906,2.2578,7853524.827
300014.SZ,2024-08-01,38.34,38.62,37.45,37.7,38.39,-0.69,-1.7973,131554.08,499026.858,0.7067,0.72,19.0421,2.2172,7712370.0437
300014.SZ,2024-08-02,37.63,37.88,36.9,37.12,37.7,-0.58,-1.5385,109743.01,410202.797,0.5895,0.6,18.7491,2.1831,7593718.1969
300014.SZ,2024-08-05,36.9,37.66,36.51,36.54,37.12,-0.58,-1.5625,125802.44,464942.107,0.6758,0.83,18.4562,2.149,7475066.35
300014.SZ,2024-08-06,36.9,37.37,36.5,36.96,36.54,0.42,1.1494,94248.44,347312.615,0.5063,0.71,18.6683,2.1737,7560986.6529
300014.SZ,2024-08-07,37.1,38.68,36.91,38.07,36.96,1.11,3.0032,219312.21,837459.782,1.1781,1.74,19.229,2.239,7788061.7391
300014.SZ,2024-08-08,37.95,38.26,37.14,37.6,38.07,-0.47,-1.2346,111175.23,418379.189,0.5972,0.82,18.9916,2.2113,7691912.8287
300014.SZ,2024-08-09,37.73,38.2,36.97,36.97,37.6,-0.63,-1.6755,93104.76,348186.881,0.5001,0.71,18.6733,2.1743,7563032.3744
300014.SZ,2024-08-12,37.17,37.45,36.4,36.65,36.97,-0.32,-0.8656,77078.7,282876.217,0.4141,0.6,18.5117,2.1555,7497569.2865
300014.SZ,2024-08-13,36.65,38.24,36.39,37.93,36.65,1.28,3.4925,156990.37,587453.99,0.8433,1.32,19.1582,2.2307,7759421.6381
300014.SZ,2024-08-14,37.7,38.35,37.06,37.74,37.93,-0.19,-0.5009,146106.46,549737.99,0.7849,1.11,19.0623,2.2196,7720552.9297
300014.SZ,2024-08-15,37.63,38.3,37.44,37.78,37.74,0.04,0.106,120565.45,456732.236,0.6477,1.03,19.0825,2.2219,7728735.8157
300014.SZ,2024-08-16,37.78,37.93,36.78,36.9,37.78,-0.88,-2.3293,112873.36,419818.308,0.6063,0.95,18.638,2.1702,7548712.3239
300014.SZ,2024-08-19,36.8,37.98,35.81,35.98,36.9,-0.92,-2.4932,216570.22,794773.143,1.1634,1.76,18.1733,2.116,7360505.9462
300014.SZ,2024-08-20,35.88,36.25,35.07,35.3,35.98,-0.68,-1.8899,164182.8,583246.65,0.882,1.09,17.8298,2.0761,7221396.8844
300014.SZ,2024-08-21,35.19,35.49,34.4,35.22,35.3,-0.08,-0.2266,189327.27,661584.757,1.017,1.25,17.7894,2.0714,7205031.1124
300014.SZ,2024-08-22,35.23,35.31,33.78,34.2,35.22,-1.02,-2.8961,223914.2,767765.186,1.2028,1.39,17.2742,2.0114,6996367.5197
300014.SZ,2024-08-23,33.95,33.95,32.46,32.46,34.2,-1.74,-5.0877,340633.53,1117645.789,1.83,1.88,16.3954,1.86,6640411.9793
300014.SZ,2024-08-26,32.5,34.4,32.5,33.18,32.46,0.72,2.2181,260469.46,875919.445,1.3993,1.15,16.759,1.9013,6787703.927
300014.SZ,2024-08-27,33.0,33.08,31.8,31.97,33.18,-1.21,-3.6468,178342.2,573577.178,0.9581,0.76,16.1479,1.8319,6540171.6259
300014.SZ,2024-08-28,31.82,32.0,31.2,31.79,31.97,-0.18,-0.563,140691.16,444317.885,0.7558,0.59,16.057,1.8216,6503348.639
300014.SZ,2024-08-29,31.49,32.58,31.35,32.36,31.79,0.57,1.793,227912.38,731656.761,1.2244,1.0,16.3449,1.8543,6619954.7643
300014.SZ,2024-08-30,32.23,33.89,32.17,33.5,32.36,1.14,3.5229,290357.4,967580.231,1.5599,1.26,16.9207,1.9196,6853167.015
300014.SZ,2024-09-02,33.4,33.83,32.5,32.56,33.5,-0.94,-2.806,160337.24,529098.984,0.8614,0.73,16.4459,1.8657,6660869.1942
300014.SZ,2024-09-03,32.36,33.66,32.25,33.34,32.56,0.78,2.3956,177461.63,588583.841,0.9534,0.89,16.8399,1.9104,6820435.471
300014.SZ,2024-09-04,33.09,34.22,33.05,33.56,33.34,0.22,0.6599,224446.75,754980.71,1.2058,1.13,16.951,1.923,6865441.3439
300014.SZ,2024-09-05,33.42,34.37,33.4,33.55,33.56,-0.01,-0.0298,148131.12,499004.214,0.7958,0.69,16.9459,1.9225,6863395.6224
300014.SZ,2024-09-06,33.55,33.65,32.78,32.86,33.55,-0.69,-2.0566,116019.14,384383.473,0.6233,0.58,16.5974,1.8829,6722240.8391
300014.SZ,2024-09-09,32.53,33.1,32.16,32.55,32.86,-0.31,-0.9434,115473.77,375295.956,0.6203,0.7,16.4408,1.8652,6658823.4727
300014.SZ,2024-09-10,32.51,32.61,31.99,32.36,32.55,-0.19,-0.5837,102354.2,330081.727,0.5499,0.65,16.3449,1.8543,6619954.7643
300014.SZ,2024-09-11,32.4,33.77,32.23,33.66,32.36,1.3,4.0173,291584.61,969103.344,1.5665,2.06,17.0015,1.9288,6885898.5589
300014.SZ,2024-09-12,33.65,34.75,33.5,33.84,33.66,0.18,0.5348,270366.04,926327.171,1.4525,1.75,17.0924,1.9391,6922721.5458
300014.SZ,2024-09-13,33.6,34.12,32.8,32.8,33.84,-1.04,-3.0733,157070.87,520173.884,0.8438,0.88,16.5671,1.8795,6709966.5102
300014.SZ,2024-09-18,32.81,32.95,31.99,32.48,32.8,-0.32,-0.9756,137647.46,445810.965,0.7395,0.73,16.4055,1.8611,6644503.4223
300014.SZ,2024-09-19,32.72,33.33,32.03,32.34,32.48,-0.14,-0.431,211276.92,687046.92,1.135,1.1,16.3348,1.8531,6615863.3213
300014.SZ,2024-09-20,32.24,32.24,30.73,31.65,32.34,-0.69,-2.1336,261688.95,819934.121,1.4058,1.23,15.9862,1.8136,6474708.538
300014.SZ,2024-09-23,31.57,31.95,31.3,31.33,31.65,-0.32,-1.0111,128795.38,406106.39,0.6919,0.62,15.8246,1.7952,6409245.4501
300014.SZ,2024-09-24,31.65,33.85,31.45,33.8,31.33,2.47,7.8838,401399.41,1316583.371,2.1564,2.24,17.0722,1.9368,6914538.6599
300014.SZ,2024-09-25,34.4,34.76,33.41,33.41,33.8,-0.39,-1.1538,344683.44,1177679.268,1.8517,1.51,16.8752,1.9144,6834755.5215
300014.SZ,2024-09-26,33.28,34.99,33.04,34.94,33.41,1.53,4.5795,322806.16,1096557.228,1.7342,1.2,17.648,2.0021,7147750.9105
300014.SZ,2024-09-27,35.6,41.89,35.59,40.65,34.94,5.71,16.3423,792224.11,3087321.417,4.256,2.71,20.5321,2.3293,8315857.8853
300014.SZ,2024-09-30,44.41,48.78,43.58,48.78,40.65,8.13,20.0,1017537.0,4702360.571,5.4664,2.56,24.6385,2.7952,9979029.4624
300014.SZ,2024-10-08,58.54,58.54,53.23,58.54,48.78,9.76,20.0082,1390038.43,7924250.992,7.4676,2.41,29.5682,3.3544,11975653.6434
300014.SZ,2024-10-09,55.65,56.24,49.3,49.4,58.54,-9.14,-15.6133,1185530.68,6244558.023,6.3689,1.53,24.9517,2.8307,10105864.1952
300014.SZ,2024-10-10,49.9,52.39,49.0,49.95,49.4,0.55,1.1134,680443.96,3445440.015,3.6555,0.72,25.2295,2.8622,10218378.8775
300014.SZ,2024-10-11,48.73,48.8,45.13,46.13,49.95,-3.82,-7.6476,612147.84,2850918.178,3.2886,0.6,23.3,2.6433,9436913.2657
300014.SZ,2024-10-14,46.56,47.23,45.0,46.7,46.13,0.57,1.2356,516854.11,2392374.942,2.7766,0.53,23.5879,2.676,9553519.391
300014.SZ,2024-10-15,46.55,46.55,44.47,44.57,46.7,-2.13,-4.561,473331.06,2150515.022,2.5428,0.54,22.5121,2.5539,9117780.7121
300014.SZ,2024-10-16,43.55,44.5,42.39,42.87,44.57,-1.7,-3.8142,442389.34,1913030.42,2.3766,0.64,21.6534,2.4565,8770008.0576
300014.SZ,2024-10-17,43.47,43.85,42.25,42.28,42.87,-0.59,-1.3763,334077.21,1437496.92,1.7947,0.61,21.3554,2.4227,8649310.4893
300014.SZ,2024-10-18,42.1,47.65,41.89,45.52,42.28,3.24,7.6632,809313.11,3607071.34,4.3478,1.7,22.9919,2.6084,9312124.2543
300014.SZ,2024-10-21,46.0,47.09,45.0,45.84,45.52,0.32,0.703,658670.82,3027513.593,3.5385,1.28,23.1535,2.6267,9377587.3422
300014.SZ,2024-10-22,45.39,46.29,44.7,46.19,45.84,0.35,0.7635,457820.96,2078686.542,2.4595,0.84,23.3303,2.6467,9449187.5946
300014.SZ,2024-10-23,46.3,48.5,45.2,47.33,46.19,1.14,2.4681,733412.56,3439456.785,3.94,1.36,23.9061,2.7121,9682399.8453
300014.SZ,2024-10-24,46.84,47.08,44.83,44.94,47.33,-2.39,-5.0497,488761.85,2228519.58,2.6257,0.82,22.699,2.5751,9193472.4075
300014.SZ,2024-10-25,45.9,51.59,45.9,49.44,44.94,4.5,10.0134,1115158.16,5420021.699,5.9909,1.77,24.9719,2.7618,10114047.0812
300014.SZ,2024-10-28,50.0,50.0,47.78,49.44,49.44,0.0,0.0,548941.12,2682544.069,2.949,0.79,24.9719,2.7618,10114047.0812
300014.SZ,2024-10-29,49.55,50.67,47.82,48.06,49.44,-1.38,-2.7913,465339.93,2275072.638,2.4999,0.7,24.2748,2.6847,9831737.5146
300014.SZ,2024-10-30,47.33,48.53,46.9,47.4,48.06,-0.66,-1.3733,339497.47,1616593.611,1.8238,0.51,23.9415,2.6478,9696719.8958
300014.SZ,2024-10-31,47.9,49.97,46.88,48.55,47.4,1.15,2.4262,568035.63,2769798.077,3.0516,0.96,24.5223,2.7121,9931977.8679
300014.SZ,2024-11-01,47.8,48.95,46.81,46.89,48.55,-1.66,-3.4192,399730.54,1905796.723,2.1474,0.66,23.6839,2.6193,9592388.0994
300014.SZ,2024-11-04,47.52,49.18,46.97,48.14,46.89,1.25,2.6658,313042.05,1505149.429,1.6817,0.67,24.3153,2.6892,9848103.2866
300014.SZ,2024-11-05,47.8,50.72,47.6,50.0,48.14,1.86,3.8637,656832.48,3260400.001,3.5286,1.57,25.2547,2.7931,10228607.485
300014.SZ,2024-11-06,50.01,52.8,49.08,49.52,50.0,-0.48,-0.96,736077.39,3766044.296,3.9544,1.62,25.0123,2.7663,10130412.8531
300014.SZ,2024-11-07,49.52,50.66,48.85,50.59,49.52,1.07,2.1607,513057.83,2559936.921,2.7562,0.96,25.5527,2.826,10349305.0533
300014.SZ,2024-11-08,52.59,54.75,51.26,51.47,50.59,0.88,1.7395,697036.35,3674329.808,3.7446,1.33,25.9972,2.8752,10529328.5451
300014.SZ,2024-11-11,50.8,55.44,50.68,54.94,51.47,3.47,6.7418,789390.31,4220458.028,4.2408,1.35,27.7499,3.069,11239193.9045
300014.SZ,2024-11-12,55.65,57.5,53.19,53.7,54.94,-1.24,-2.257,844799.17,4695006.229,4.5384,1.25,27.1236,2.9998,10985524.4389
300014.SZ,2024-11-13,53.06,54.79,52.14,54.19,53.7,0.49,0.9125,523073.9,2793525.338,2.8101,0.73,27.3711,3.0271,11085764.7922
300014.SZ,2024-11-14,54.28,54.44,51.3,51.55,54.19,-2.64,-4.8717,412096.87,2173685.484,2.2139,0.61,26.0376,2.8797,10545694.317
300014.SZ,2024-11-15,50.97,51.66,49.21,49.3,51.55,-2.25,-4.3647,369256.97,1865694.067,1.9837,0.57,24.9012,2.754,10085406.9802
300014.SZ,2024-11-18,49.0,49.84,47.5,47.98,49.3,-1.32,-2.6775,386458.85,1877664.458,2.0761,0.66,24.2344,2.6802,9815371.7426
300014.SZ,2024-11-19,48.48,51.61,47.68,50.99,47.98,3.01,6.2734,543424.27,2690747.661,2.9194,1.07,25.7548,2.8484,10431133.9132
300014.SZ,2024-11-20,50.74,50.96,49.7,50.1,50.99,-0.89,-1.7454,364586.19,1831239.023,1.9586,0.82,25.3052,2.7987,10249064.7
300014.SZ,2024-11-21,49.8,50.62,49.43,50.01,50.1,-0.09,-0.1796,239292.16,1196617.659,1.2855,0.58,25.2598,2.7936,10230653.2065
300014.SZ,2024-11-22,49.78,50.04,48.2,48.26,50.01,-1.75,-3.4993,300944.54,1479878.287,1.6167,0.79,24.3759,2.6959,9872651.9445
300014.SZ,2024-11-25,48.9,50.06,48.15,48.8,48.26,0.54,1.1189,326432.65,1602921.653,1.7537,0.89,24.6486,2.726,9983120.9054
300014.SZ,2024-11-26,48.36,48.68,46.9,46.9,48.8,-1.9,-3.8934,266714.05,1268372.334,1.4328,0.75,23.6889,2.6199,9594433.8209
300014.SZ,2024-11-27,46.69,49.0,46.03,48.95,46.9,2.05,4.371,281186.09,1337387.416,1.5106,0.94,24.7244,2.7344,10013806.7278
300014.SZ,2024-11-28,48.79,49.0,47.8,47.98,48.95,-0.97,-1.9816,191101.42,923037.729,1.0266,0.68,24.2344,2.6802,9815371.7426
300014.SZ,2024-11-29,47.98,49.6,47.41,48.68,47.98,0.7,1.4589,280571.93,1365242.306,1.5073,1.03,24.588,2.7193,9958572.2474
300014.SZ,2024-12-02,48.22,49.77,47.87,49.26,48.68,0.58,1.1915,261439.61,1275924.672,1.4045,0.97,24.881,2.7517,10077224.0942
300014.SZ,2024-12-03,49.6,49.65,48.17,48.7,49.26,-0.56,-1.1368,197895.67,963232.63,1.0631,0.77,24.5981,2.7205,9962663.6904
300014.SZ,2024-12-04,48.46,48.77,47.84,47.93,48.7,-0.77,-1.5811,174319.66,840829.017,0.9365,0.72,24.2092,2.6774,9805143.1351
300014.SZ,2024-12-05,47.8,48.11,47.37,47.67,47.93,-0.26,-0.5425,145300.91,693689.89,0.7806,0.66,24.0779,2.6629,9751954.3762
300014.SZ,2024-12-06,47.67,50.4,47.4,49.1,47.67,1.43,2.9998,312243.7,1526175.988,1.6774,1.47,24.8001,2.7428,10044492.5503
300014.SZ,2024-12-09,48.98,50.88,48.86,49.9,49.1,0.8,1.6293,341823.67,1707985.877,1.8363,1.57,25.2042,2.7875,10208150.27
300014.SZ,2024-12-10,52.4,52.59,49.05,49.2,49.9,-0.7,-1.4028,402895.08,2038513.566,2.1644,1.72,24.8507,2.7484,10064949.7652
300014.SZ,2024-12-11,49.06,49.6,47.84,48.1,49.2,-1.1,-2.2358,292788.43,1415726.06,1.5729,1.06,24.2951,2.6869,9839920.4006
300014.SZ,2024-12-12,48.0,48.89,47.75,48.45,48.1,0.35,0.7277,195318.74,944209.944,1.0493,0.65,24.4718,2.7065,9911520.653
300014.SZ,2024-12-13,48.03,48.07,46.82,46.9,48.45,-1.55,-3.1992,325807.33,1535304.197,1.7503,1.05,23.6889,2.6199,9594433.8209
300014.SZ,2024-12-16,46.9,47.28,46.49,46.7,46.9,-0.2,-0.4264,161839.33,757243.506,0.8694,0.52,23.5879,2.6087,9553519.391
300014.SZ,2024-12-17,46.56,48.36,46.5,47.12,46.7,0.42,0.8994,252307.31,1199606.639,1.3554,0.92,23.8001,2.6322,9639439.6939
300014.SZ,2024-12-18,47.3,47.6,46.66,46.8,47.12,-0.32,-0.6791,137278.79,644572.027,0.7375,0.56,23.6384,2.6143,9573976.606
300014.SZ,2024-12-19,46.35,47.15,45.61,46.96,46.8,0.16,0.3419,157278.16,733885.739,0.8449,0.73,23.7192,2.6233,9606708.1499
300014.SZ,2024-12-20,46.82,47.6,46.7,46.86,46.96,-0.1,-0.2129,160722.02,755632.189,0.8634,0.78,23.6687,2.6177,9586250.9349
300014.SZ,2024-12-23,46.78,47.16,45.79,45.89,46.86,-0.97,-2.07,181858.28,843520.223,0.977,1.05,23.1788,2.5635,9387815.9497
300014.SZ,2024-12-24,46.0,46.63,45.36,46.0,45.89,0.11,0.2397,181447.29,832841.058,0.9748,1.02,23.2344,2.5696,9410318.8862
300014.SZ,2024-12-25,45.81,46.0,44.62,44.82,46.0,-1.18,-2.5652,188227.4,848685.204,1.0112,1.15,22.6383,2.5037,9168923.7496
300014.SZ,2024-12-26,47.09,47.82,46.81,47.06,44.82,2.24,4.9978,473567.95,2240228.366,2.5441,2.72,23.7698,2.6288,9627165.3649
300014.SZ,2024-12-27,47.85,48.58,46.73,47.03,47.06,-0.03,-0.0637,266384.97,1264752.618,1.4311,1.12,23.7546,2.6272,9621028.2004
300014.SZ,2024-12-30,47.37,49.5,47.25,48.55,47.03,1.52,3.232,404052.62,1972758.481,2.1707,1.56,24.5223,2.7121,9931977.8679
300014.SZ,2024-12-31,48.31,48.76,46.6,46.74,48.55,-1.81,-3.7281,260230.06,1235583.078,1.398,0.86,23.6081,2.611,9561702.277
300014.SZ,2025-01-02,46.72,47.0,44.5,44.9,46.74,-1.84,-3.9367,242461.3,1103928.778,1.3026,0.76,22.6787,2.5082,9185289.5215
300014.SZ,2025-01-03,45.05,45.23,43.79,43.79,44.9,-1.11,-2.4722,205328.06,913163.884,1.1031,0.62,22.1181,2.4462,8958214.4354
300014.SZ,2025-01-06,43.8,45.14,43.65,44.34,43.79,0.55,1.256,189917.49,843606.934,1.0203,0.69,22.3959,2.4769,9070729.1177
300014.SZ,2025-01-07,43.91,45.64,43.83,45.38,44.34,1.04,2.3455,170097.97,766173.883,0.9138,0.65,22.9212,2.535,9283484.1534
300014.SZ,2025-01-08,45.2,45.34,43.36,44.31,45.38,-1.07,-2.3579,173603.18,768052.789,0.9326,0.81,22.3807,2.4752,9064591.9532
300014.SZ,2025-01-09,43.94,44.67,43.7,43.92,44.31,-0.39,-0.8802,127472.73,561850.084,0.6848,0.65,22.1838,2.4534,8984808.8148
300014.SZ,2025-01-10,43.8,44.23,42.8,42.9,43.92,-1.02,-2.3224,137457.64,597092.219,0.7384,0.79,21.6686,2.3965,8776145.2221
300014.SZ,2025-01-13,42.4,43.75,42.22,43.05,42.9,0.15,0.3497,125799.1,541814.846,0.6758,0.79,21.7443,2.4048,8806831.0446
300014.SZ,2025-01-14,43.13,44.38,42.73,44.33,43.05,1.28,2.9733,231791.16,1014790.365,1.2452,1.58,22.3908,2.4763,9068683.3962
300014.SZ,2025-01-15,44.0,44.18,42.95,43.05,44.33,-1.28,-2.8874,187390.56,813302.659,1.0067,1.18,21.7443,2.4048,8806831.0446
300014.SZ,2025-01-16,43.2,44.73,43.2,44.48,43.05,1.43,3.3217,276903.84,1218804.396,1.4876,1.71,22.4666,2.4847,9099369.2187
300014.SZ,2025-01-17,44.44,45.48,44.32,45.03,44.48,0.55,1.2365,185723.13,833697.355,0.9977,0.97,22.7444,2.5154,9211883.901
300014.SZ,2025-01-20,45.46,46.45,45.28,45.88,45.03,0.85,1.8876,237227.09,1091013.368,1.2744,1.18,23.1737,2.5629,9385770.2282
300014.SZ,2025-01-21,46.16,46.17,44.2,44.41,45.88,-1.47,-3.204,218841.34,981812.317,1.1757,0.98,22.4313,2.4808,9085049.1682
300014.SZ,2025-01-22,44.1,44.36,42.56,42.9,44.41,-1.51,-3.4001,221079.22,953360.291,1.1877,1.0,21.6686,2.3965,8776145.2221
300014.SZ,2025-01-23,43.45,44.22,42.71,42.71,42.9,-0.19,-0.4429,196960.49,856247.129,1.0581,0.86,21.5726,2.3858,8737276.5137
300014.SZ,2025-01-24,42.65,43.15,42.26,42.65,42.71,-0.06,-0.1405,200099.76,854808.893,1.075,0.94,21.5423,2.3825,8725002.1847
300014.SZ,2025-01-27,42.64,43.2,42.47,42.51,42.65,-0.14,-0.3283,170643.54,729964.454,0.9167,0.79,21.4716,2.3747,8696362.0837
300014.SZ,2025-02-05,42.65,42.87,42.0,42.38,42.51,-0.13,-0.3058,146051.58,618856.603,0.7846,0.72,21.4059,2.3674,8669767.7043
300014.SZ,2025-02-06,42.17,44.8,42.11,44.37,42.38,1.99,4.6956,302494.9,1327388.522,1.6251,1.62,22.411,2.4786,9076866.2822
300014.SZ,2025-02-07,44.29,46.05,44.1,45.55,44.37,1.18,2.6595,388156.89,1752918.804,2.0853,1.91,23.0071,2.5445,9318261.4188
300014.SZ,2025-02-10,45.45,45.45,43.11,43.96,45.55,-1.59,-3.4907,424713.28,1857277.418,2.2816,1.76,22.204,2.4557,8992991.7008
300014.SZ,2025-02-11,43.98,44.04,42.9,43.15,43.96,-0.81,-1.8426,281386.75,1215637.582,1.5117,0.98,21.7948,2.4104,8827288.2596
300014.SZ,2025-02-12,43.05,44.68,42.77,44.18,43.15,1.03,2.387,340506.48,1487206.691,1.8293,1.1,22.3151,2.468,9037997.5737
300014.SZ,2025-02-13,43.97,45.19,43.87,43.9,44.18,-0.28,-0.6338,318216.9,1419199.89,1.7095,0.92,22.1737,2.4523,8980717.3718
300014.SZ,2025-02-14,43.9,45.18,43.78,44.58,43.9,0.68,1.549,338832.28,1513743.803,1.8203,0.97,22.5171,2.4903,9119826.4336
300014.SZ,2025-02-17,44.59,44.86,43.25,43.84,44.58,-0.74,-1.6599,303169.24,1328868.998,1.6287,0.89,22.1433,2.449,8968443.0428
300014.SZ,2025-02-18,44.61,45.67,44.22,44.42,43.84,0.58,1.323,484061.94,2177636.356,2.6005,1.53,22.4363,2.4814,9087094.8897
300014.SZ,2025-02-19,43.96,45.6,43.81,44.98,44.42,0.56,1.2607,337132.05,1507363.882,1.8111,0.94,22.7192,2.5127,9201655.2935
300014.SZ,2025-02-20,44.88,44.88,44.06,44.6,44.98,-0.38,-0.8448,221984.08,986018.649,1.1925,0.62,22.5272,2.4914,9123917.8766
300014.SZ,2025-02-21,44.3,46.5,44.3,46.06,44.6,1.46,3.2735,476690.84,2178698.056,2.5609,1.41,23.2647,2.573,9422593.2152
300014.SZ,2025-02-24,46.59,46.6,45.34,45.78,46.06,-0.28,-0.6079,338146.11,1551953.459,1.8166,0.93,23.1232,2.5573,9365313.0133
300014.SZ,2025-02-25,45.16,45.89,45.0,45.13,45.78,-0.65,-1.4198,245004.53,1113649.13,1.3162,0.66,22.7949,2.521,9232341.116
300014.SZ,2025-02-26,45.19,46.09,45.05,45.66,45.13,0.53,1.1744,275542.14,1255619.951,1.4803,0.85,23.0626,2.5506,9340764.3553
300014.SZ,2025-02-27,45.95,47.49,45.76,47.15,45.66,1.49,3.2633,532039.76,2482738.225,2.8582,1.71,23.8152,2.6339,9645576.8584
300014.SZ,2025-02-28,46.66,48.62,46.58,46.82,47.15,-0.33,-0.6999,631273.02,3017605.943,3.3913,1.69,23.6485,2.6154,9578068.049
300014.SZ,2025-03-03,47.3,52.88,47.29,51.0,46.82,4.18,8.9278,943843.44,4739437.819,5.0705,2.33,25.7598,2.8489,10433179.6347
300014.SZ,2025-03-04,49.82,50.08,48.31,49.25,51.0,-1.75,-3.4314,552627.88,2707469.394,2.9688,1.05,24.8759,2.7512,10075178.3727
300014.SZ,2025-03-05,48.81,50.32,48.65,49.75,49.25,0.5,1.0152,393799.64,1953024.672,2.1156,0.67,25.1285,2.7791,10177464.4476
300014.SZ,2025-03-06,50.0,50.99,49.43,50.7,49.75,0.95,1.9095,341568.38,1721973.203,1.835,0.56,25.6083,2.8322,10371807.9898
300014.SZ,2025-03-07,50.14,50.8,48.99,49.35,50.7,-1.35,-2.6627,344495.4,1715449.16,1.8507,0.6,24.9264,2.7568,10095635.5877
300014.SZ,2025-03-10,49.42,50.68,49.25,50.13,49.35,0.78,1.5805,230930.38,1150584.213,1.2406,0.45,25.3204,2.8003,10255201.8645
300014.SZ,2025-03-11,49.46,51.17,49.0,51.14,50.13,1.01,2.0148,271359.3,1360277.483,1.4578,0.73,25.8305,2.8568,10461819.7357
300014.SZ,2025-03-12,51.24,51.4,50.3,50.49,51.14,-0.65,-1.271,217413.3,1106155.12,1.168,0.69,25.5022,2.8204,10328847.8384
300014.SZ,2025-03-13,50.3,50.79,48.72,49.2,50.49,-1.29,-2.555,204093.34,1009205.21,1.0964,0.73,24.8507,2.7484,10064949.7652
300014.SZ,2025-03-14,49.16,49.97,48.6,49.66,49.2,0.46,0.935,186705.31,923111.53,1.003,0.74,25.083,2.7741,10159052.9541
300014.SZ,2025-03-17,49.62,51.38,49.62,50.39,49.66,0.73,1.47,235199.12,1191792.418,1.2635,1.06,25.4517,2.8149,10308390.6234
300014.SZ,2025-03-18,50.28,51.32,49.9,50.35,50.39,-0.04,-0.0794,189660.65,957261.743,1.0189,0.85,25.4315,2.8126,10300207.7374
300014.SZ,2025-03-19,50.62,52.5,50.0,51.32,50.35,0.97,1.9265,358438.98,1841932.616,1.9256,1.73,25.9215,2.8668,10498642.7226
300014.SZ,2025-03-20,50.88,52.5,50.86,51.7,51.32,0.38,0.7405,355539.49,1848267.045,1.91,1.51,26.1134,2.888,10576380.1395
300014.SZ,2025-03-21,51.58,51.63,50.31,50.96,51.7,-0.74,-1.4313,280521.92,1427474.714,1.507,1.06,25.7396,2.8467,10424996.7487
300014.SZ,2025-03-24,50.3,50.4,48.0,48.67,50.96,-2.29,-4.4937,306601.11,1498501.337,1.6471,1.08,24.583,2.7188,9956526.5259
300014.SZ,2025-03-25,48.92,49.7,48.6,48.95,48.67,0.28,0.5753,187987.77,924158.293,1.0099,0.63,24.7244,2.7344,10013806.7278
300014.SZ,2025-03-26,48.96,49.71,48.32,48.35,48.95,-0.6,-1.2257,129613.59,633798.13,0.6963,0.44,24.4213,2.7009,9891063.438
300014.SZ,2025-03-27,48.19,48.84,47.61,47.92,48.35,-0.43,-0.8893,146146.98,703583.947,0.7851,0.58,24.2041,2.6769,9803097.4136
300014.SZ,2025-03-28,47.97,48.33,47.6,47.98,47.92,0.06,0.1252,89829.36,431176.715,0.4826,0.43,24.2344,2.6802,9815371.7426
300014.SZ,2025-03-31,47.81,48.17,46.71,47.11,47.98,-0.87,-1.8133,144363.84,682075.776,0.7756,0.84,23.795,2.6316,9637393.9724
300014.SZ,2025-04-01,47.12,47.67,46.61,47.18,47.11,0.07,0.1486,118874.41,560124.407,0.6386,0.85,23.8304,2.6355,9651714.0228
300014.SZ,2025-04-02,47.15,47.29,46.28,46.53,47.18,-0.65,-1.3777,147765.86,689554.036,0.7938,1.17,23.5021,2.5992,9518742.1255
300014.SZ,2025-04-03,46.16,46.62,45.72,45.77,46.53,-0.76,-1.6334,131158.75,603510.618,0.7046,1.01,23.1182,2.5568,9363267.2918
300014.SZ,2025-04-07,42.77,43.09,37.31,39.4,45.77,-6.37,-13.9174,430346.62,1731797.816,2.3119,3.4,19.9007,2.2009,8060142.6982
300014.SZ,2025-04-08,39.5,41.15,39.47,40.54,39.4,1.14,2.8934,281364.57,1137235.146,1.5115,1.45,20.4765,2.2646,8293354.9488
300014.SZ,2025-04-09,39.73,40.94,39.07,40.2,40.54,-0.34,-0.8387,262627.13,1054659.591,1.4109,1.18,20.3048,2.2456,8223800.4179
300014.SZ,2025-04-10,42.0,42.2,40.5,40.62,40.2,0.42,1.0448,257321.44,1058590.122,1.3824,1.03,20.5169,2.2691,8309720.7208
300014.SZ,2025-04-11,40.0,41.66,39.95,41.36,40.62,0.74,1.8218,213858.75,875608.209,1.1489,0.78,20.8907,2.3104,8461104.1116
300014.SZ,2025-04-14,42.2,42.28,41.51,41.65,41.36,0.29,0.7012,174253.9,729339.921,0.9361,0.6,21.0372,2.3266,8520430.035
300014.SZ,2025-04-15,41.69,42.35,40.61,40.89,41.65,-0.76,-1.8247,220910.06,912781.228,1.1868,0.93,20.6533,2.2842,8364955.2012
300014.SZ,2025-04-16,40.55,40.73,39.49,40.14,40.89,-0.75,-1.8342,182432.42,730414.815,0.9801,0.81,20.2745,2.2423,8211526.089
300014.SZ,2025-04-17,39.9,40.3,39.73,39.73,40.14,-0.41,-1.0214,115025.08,460104.631,0.6179,0.55,20.0674,2.2194,8127651.5076
300014.SZ,2025-04-18,39.81,40.15,39.27,39.99,39.73,0.26,0.6544,134609.41,534515.148,0.7231,0.74,20.0728,2.1769,8180840.2665
300014.SZ,2025-04-21,39.92,41.24,39.62,40.74,39.99,0.75,1.8755,167371.99,679320.919,0.8992,1.01,20.4493,2.2177,8334269.3788
300014.SZ,2025-04-22,40.65,41.0,39.85,39.92,40.74,-0.82,-2.0128,149160.11,598870.638,0.8013,0.91,20.0377,2.1731,8166520.216
300014.SZ,2025-04-23,40.14,40.8,40.0,40.41,39.92,0.49,1.2275,158781.5,641133.956,0.853,1.06,20.2836,2.1997,8266760.5694
300014.SZ,2025-04-24,40.57,42.0,40.57,40.92,40.41,0.51,1.2621,267084.23,1100865.237,1.4348,1.84,20.5396,2.2275,8371092.3657
300014.SZ,2025-04-25,41.35,42.05,41.11,41.23,40.92,0.31,0.7576,252795.9,1049590.449,1.3581,1.44,20.6952,2.199,8434509.7321
300014.SZ,2025-04-28,41.25,41.56,40.66,41.04,41.23,-0.19,-0.4608,137171.41,562566.571,0.7369,0.69,20.5998,2.1888,8395641.0237
300014.SZ,2025-04-29,41.05,41.23,40.6,40.63,41.04,-0.41,-0.999,115155.71,470155.351,0.6186,0.6,20.394,2.167,8311766.4423
300014.SZ,2025-04-30,40.6,41.31,40.6,41.08,40.63,0.45,1.1076,162491.81,667122.304,0.8729,0.87,20.6199,2.191,8403823.9097
300014.SZ,2025-05-06,41.35,42.54,41.35,42.52,41.08,1.44,3.5054,225326.98,949548.987,1.2105,1.21,21.3427,2.2678,8698407.8052
300014.SZ,2025-05-07,43.1,43.98,42.29,42.58,42.52,0.06,0.1411,202715.8,872101.124,1.089,1.14,21.3728,2.271,8710682.1342
300014.SZ,2025-05-08,42.22,43.78,42.22,43.41,42.58,0.83,1.9493,210331.6,907889.933,1.1299,1.25,21.7895,2.3152,8880477.0185
300014.SZ,2025-05-09,43.41,43.7,42.81,43.32,43.41,-0.09,-0.2073,136611.24,589759.402,0.7339,0.75,21.7443,2.3104,8862065.525
300014.SZ,2025-05-12,43.8,44.34,43.72,44.26,43.32,0.94,2.1699,198463.47,874701.1,1.0662,1.06,22.2161,2.3606,9054363.3457
300014.SZ,2025-05-13,45.0,45.0,44.28,44.47,44.26,0.21,0.4745,180197.1,803144.068,0.9681,0.93,22.3215,2.3718,9097323.4972
300014.SZ,2025-05-14,44.3,46.74,44.14,46.32,44.47,1.85,4.1601,362540.16,1664187.12,1.9476,1.95,23.2501,2.4704,9475781.9741
300014.SZ,2025-05-15,46.21,46.58,45.69,45.87,46.32,-0.45,-0.9715,190718.21,878400.462,1.0246,0.88,23.0242,2.4464,9383724.5067
300014.SZ,2025-05-16,45.59,45.95,45.2,45.3,45.87,-0.57,-1.2426,127359.98,579383.062,0.6842,0.6,22.7381,2.416,9267118.3814
300014.SZ,2025-05-19,45.13,45.55,44.46,45.49,44.8,0.69,1.5402,159616.5,720365.982,0.8575,0.75,22.8335,2.4924,9305987.0899
300014.SZ,2025-05-20,45.7,47.24,45.65,46.63,45.49,1.14,2.506,261821.23,1219331.17,1.4066,1.28,23.4057,2.5549,9539199.3405
300014.SZ,2025-05-21,46.5,48.66,46.31,47.47,46.63,0.84,1.8014,386430.67,1845109.147,2.076,1.75,23.8274,2.6009,9711039.9463
300014.SZ,2025-05-22,47.28,48.1,46.88,47.73,47.47,0.26,0.5477,237718.59,1130978.824,1.2771,1.06,23.9579,2.6152,9764228.7052
300014.SZ,2025-05-23,47.56,48.8,47.2,47.2,47.73,-0.53,-1.1104,221397.82,1060520.444,1.1894,0.94,23.6918,2.5861,9655805.4658
300014.SZ,2025-05-26,47.0,47.47,45.81,46.02,47.2,-1.18,-2.5,263898.55,1223529.286,1.4177,1.04,23.0995,2.5215,9414410.3292
300014.SZ,2025-05-27,46.11,46.82,45.84,46.35,46.02,0.33,0.7171,159136.45,738582.217,0.8549,0.58,23.2652,2.5395,9481919.1386
300014.SZ,2025-05-28,46.65,46.65,45.47,45.62,46.35,-0.73,-1.575,132840.22,609970.856,0.7136,0.52,22.8988,2.4995,9332581.4693
300014.SZ,2025-05-29,45.62,46.2,45.2,45.53,45.62,-0.09,-0.1973,152099.92,693854.228,0.8171,0.75,22.8536,2.4946,9314169.9758
300014.SZ,2025-05-30,45.5,45.94,45.03,45.06,45.53,-0.47,-1.0323,108339.5,491245.491,0.582,0.58,22.6177,2.4689,9218021.0655
300014.SZ,2025-06-03,44.97,46.05,44.6,45.01,45.06,-0.05,-0.111,118568.59,537834.041,0.637,0.73,22.5926,2.4661,9207792.458
300014.SZ,2025-06-04,45.1,46.78,45.1,46.6,45.01,1.59,3.5325,202556.72,935774.146,1.0882,1.51,23.3907,2.5532,9533062.176
300014.SZ,2025-06-05,46.47,46.76,46.05,46.12,46.6,-0.48,-1.03,117910.63,545142.651,0.6334,0.83,23.1497,2.5269,9434867.5442
300014.SZ,2025-06-06,46.48,46.54,45.15,45.18,46.12,-0.94,-2.0382,128039.54,584591.489,0.6879,0.92,22.6779,2.4754,9242569.7234
300014.SZ,2025-06-09,45.18,45.99,44.92,45.02,45.18,-0.16,-0.3541,125817.84,570261.329,0.6759,0.93,22.5976,2.4667,9209838.1795
300014.SZ,2025-06-10,45.0,45.25,43.3,43.76,45.02,-1.26,-2.7988,237086.67,1045978.064,1.2737,1.71,21.9651,2.3976,8952077.2709
300014.SZ,2025-06-11,43.8,44.88,43.8,43.91,43.76,0.15,0.3428,175165.78,775168.454,0.941,1.08,22.0404,2.4059,8982763.0933
300014.SZ,2025-06-12,43.81,43.91,43.11,43.32,43.91,-0.59,-1.3437,155249.22,673539.976,0.834,0.99,21.7443,2.3735,8862065.525
300014.SZ,2025-06-13,43.27,43.33,42.55,42.78,43.32,-0.54,-1.2465,159636.8,684433.741,0.8576,0.97,21.4732,2.3439,8751596.5642
300014.SZ,2025-06-16,42.63,42.81,42.45,42.67,42.78,-0.11,-0.2571,130255.81,554907.807,0.6998,0.76,21.418,2.3379,8729093.6277
300014.SZ,2025-06-17,42.77,43.0,41.89,42.38,42.67,-0.29,-0.6796,178241.22,756042.645,0.9575,1.04,21.2724,2.322,8669767.7043
300014.SZ,2025-06-18,42.3,42.71,42.1,42.26,42.38,-0.12,-0.2832,156084.92,661209.844,0.8385,0.98,21.2122,2.3154,8645219.0463
300014.SZ,2025-06-19,42.26,43.96,42.23,42.43,42.26,0.17,0.4023,326261.29,1402729.581,1.7527,2.09,21.2975,2.3248,8679996.3118
300014.SZ,2025-06-20,42.4,43.66,42.05,42.06,42.43,-0.37,-0.872,231731.5,992322.795,1.2449,1.22,21.1118,2.3045,8604304.6164
300014.SZ,2025-06-23,41.78,43.91,41.52,43.9,42.06,1.84,4.3747,311954.32,1348901.174,1.6759,1.53,22.0354,2.4053,8980717.3718
300014.SZ,2025-06-24,43.8,44.97,43.58,44.89,43.9,0.99,2.2551,287482.62,1276219.4,1.5444,1.19,22.5323,2.4595,9183243.8
300014.SZ,2025-06-25,45.0,46.0,44.82,45.91,44.89,1.02,2.2722,285188.2,1297797.916,1.5321,1.09,23.0443,2.5154,9391907.3927
300014.SZ,2025-06-26,45.88,46.5,44.83,44.91,45.91,-1.0,-2.1782,271253.79,1236521.921,1.4572,0.94,22.5424,2.4606,9187335.243
300014.SZ,2025-06-27,45.2,45.89,44.77,44.95,44.91,0.04,0.0891,209148.95,945779.745,1.1236,0.75,22.5624,2.4628,9195518.129
300014.SZ,2025-06-30,45.58,46.44,45.38,45.81,44.95,0.86,1.9132,260388.5,1195921.447,1.3989,0.95,22.9941,2.51,9371450.1778
300014.SZ,2025-07-01,45.82,45.83,44.81,45.41,45.81,-0.4,-0.8732,176834.65,798537.835,0.95,0.67,22.7933,2.488,9289621.3179
300014.SZ,2025-07-02,45.36,45.4,44.71,45.01,45.41,-0.4,-0.8809,149878.58,673080.198,0.8052,0.62,22.5926,2.4661,9207792.458
300014.SZ,2025-07-03,45.0,46.8,44.64,46.39,45.01,1.38,3.066,362504.92,1660602.351,1.9474,1.7,23.2852,2.5417,9490102.0246
300014.SZ,2025-07-04,46.2,46.35,43.73,44.2,46.39,-2.19,-4.7208,456708.46,2050569.663,2.4535,1.97,22.186,2.4217,9042089.0167
300014.SZ,2025-07-07,44.0,44.43,43.46,44.08,44.2,-0.12,-0.2715,234763.35,1029710.209,1.2612,0.83,22.1258,2.4152,9017540.3588
300014.SZ,2025-07-08,43.84,45.15,43.84,44.52,44.08,0.44,0.9982,338447.5,1503543.161,1.8182,1.23,22.3466,2.4393,9107552.1046
300014.SZ,2025-07-09,44.52,45.98,44.3,45.03,44.52,0.51,1.1456,337158.26,1526337.924,1.8113,1.09,22.6026,2.4672,9211883.901
300014.SZ,2025-07-10,45.13,45.33,44.58,45.08,45.03,0.05,0.111,213836.16,962142.776,1.1488,0.62,22.6277,2.47,9222112.5085
300014.SZ,2025-07-11,45.15,46.09,44.71,45.04,45.08,-0.04,-0.0887,368713.46,1677819.273,1.9808,1.17,22.6076,2.4678,9213929.6225
300014.SZ,2025-07-14,45.34,45.95,45.18,45.23,45.04,0.19,0.4218,183651.89,835160.68,0.9866,0.62,22.703,2.4782,9252798.3309
300014.SZ,2025-07-15,45.11,45.48,44.35,44.51,45.23,-0.72,-1.5919,237948.7,1066372.228,1.2783,0.83,22.3416,2.4387,9105506.3831
300014.SZ,2025-07-16,44.51,44.69,43.89,44.11,44.51,-0.4,-0.8987,188368.35,833792.587,1.012,0.7,22.1408,2.4168,9023677.5233
300014.SZ,2025-07-17,44.05,45.06,43.67,45.0,44.11,0.89,2.0177,284117.03,1261886.34,1.5263,1.19,22.5875,2.4656,9205746.7365
300014.SZ,2025-07-18,45.05,46.23,45.05,45.6,45.0,0.6,1.3333,386724.51,1770731.017,2.0776,1.53,22.8887,2.4984,9328490.0263
300014.SZ,2025-07-21,45.7,46.05,45.19,45.99,45.6,0.39,0.8553,238854.85,1092699.506,1.2832,0.93,23.0845,2.5198,9408273.1647
300014.SZ,2025-07-22,45.83,46.98,45.6,46.53,45.99,0.54,1.1742,366925.1,1703931.536,1.9712,1.37,23.3555,2.5494,9518742.1255
300014.SZ,2025-07-23,46.81,46.9,45.97,46.1,46.53,-0.43,-0.9241,265432.1,1232970.381,1.426,0.91,23.1397,2.5258,9430776.1012
300014.SZ,2025-07-24,45.96,47.98,45.96,47.54,46.1,1.44,3.1236,458231.79,2163013.222,2.4617,1.49,23.8625,2.6047,9725359.9967
300014.SZ,2025-07-25,47.6,47.87,46.9,47.1,47.54,-0.44,-0.9255,267441.62,1266276.598,1.4367,0.78,23.6416,2.5806,9635348.2509
300014.SZ,2025-07-28,46.92,48.3,46.7,47.42,47.1,0.32,0.6794,320725.99,1523651.782,1.723,1.0,23.8023,2.5982,9700811.3388
300014.SZ,2025-07-29,47.2,47.66,46.88,47.59,47.42,0.17,0.3585,239884.5,1134676.213,1.2887,0.71,23.8876,2.6075,9735588.6042
300014.SZ,2025-07-30,47.48,47.59,45.78,45.99,47.59,-1.6,-3.3621,319302.37,1486075.156,1.7154,1.03,23.0845,2.5198,9408273.1647
300014.SZ,2025-07-31,45.9,46.14,44.11,44.28,45.99,-1.71,-3.7182,371535.18,1675339.889,1.996,1.16,22.2261,2.4261,9058454.7887
300014.SZ,2025-08-01,44.33,44.77,43.69,43.9,44.28,-0.38,-0.8582,307439.91,1356355.124,1.6516,1.01,22.0354,2.4053,8980717.3718
300014.SZ,2025-08-04,43.79,44.18,43.4,44.07,43.9,0.17,0.3872,230331.86,1008618.372,1.2374,0.74,22.1207,2.4146,9015494.6373
300014.SZ,2025-08-05,44.1,44.32,43.87,44.17,44.07,0.1,0.2269,216010.45,952734.265,1.1605,0.74,22.1709,2.4201,9035951.8522
300014.SZ,2025-08-06,44.15,44.29,43.68,44.26,44.17,0.09,0.2038,199279.15,878295.15,1.0706,0.69,22.2161,2.425,9054363.3457
300014.SZ,2025-08-07,44.44,44.98,43.8,44.06,44.26,-0.2,-0.4519,312934.46,1384350.349,1.6811,1.18,22.1157,2.4141,9013448.9158
300014.SZ,2025-08-08,43.98,44.25,43.81,43.88,44.06,-0.18,-0.4085,190586.39,838534.275,1.0239,0.75,22.0254,2.4042,8976625.9288
300014.SZ,2025-08-11,44.9,46.88,44.6,46.59,43.88,2.71,6.1759,704545.31,3223865.802,3.785,3.07,23.3856,2.5527,9531016.4545
300014.SZ,2025-08-12,46.34,46.34,45.31,45.93,46.59,-0.66,-1.4166,382857.91,1751179.449,2.0568,1.18,23.0544,2.5165,9395998.8357
300014.SZ,2025-08-13,45.78,46.5,45.51,46.1,45.93,0.17,0.3701,327636.33,1505872.512,1.7601,0.92,23.1397,2.5258,9430776.1012
300014.SZ,2025-08-14,46.26,46.35,44.85,45.41,46.1,-0.69,-1.4967,357675.83,1634445.63,1.9215,0.93,22.7933,2.488,9289621.3179
300014.SZ,2025-08-15,45.25,46.95,45.21,46.75,45.41,1.34,2.9509,497339.54,2310805.955,2.6718,1.27,23.4659,2.5615,9563747.9985
300014.SZ,2025-08-18,47.18,47.98,46.73,47.42,46.75,0.67,1.4332,489452.17,2316648.806,2.6294,1.08,23.8023,2.5982,9700811.3388
300014.SZ,2025-08-19,47.43,48.31,47.0,47.63,47.42,0.21,0.4429,393278.93,1875508.075,2.1128,0.96,23.9077,2.6097,9743771.4902
300014.SZ,2025-08-20,47.18,48.57,47.03,48.5,47.63,0.87,1.8266,377609.65,1805313.653,2.0286,0.91,24.3444,2.6573,9921749.2605
300014.SZ,2025-08-21,48.56,48.74,47.82,48.07,48.5,-0.43,-0.8866,309618.25,1495821.945,1.6633,0.73,24.1285,2.6338,9833783.2361
300014.SZ,2025-08-22,47.2,50.25,47.11,48.5,48.07,0.43,0.8945,692951.91,3393230.564,3.7227,1.68,24.3444,2.5761,9921749.2605
300014.SZ,2025-08-25,48.84,50.74,48.27,49.87,48.5,1.37,2.8247,679504.97,3366739.035,3.6504,1.5,25.032,2.6488,10202013.1055
300014.SZ,2025-08-26,49.49,51.5,48.8,50.35,49.87,0.48,0.9625,567725.9,2852731.465,3.0499,1.16,25.273,2.6743,10300207.7374
300014.SZ,2025-08-27,50.35,56.68,50.2,53.25,50.35,2.9,5.7597,1144803.01,6136994.843,6.1501,2.18,26.7286,2.8284,10893466.9715
300014.SZ,2025-08-28,53.0,54.79,52.0,53.53,53.25,0.28,0.5258,680974.88,3640454.777,3.6583,1.0,26.8691,2.8432,10950747.1734
300014.SZ,2025-08-29,53.6,59.0,53.53,57.19,53.53,3.66,6.8373,1031336.27,5844273.418,5.5405,1.37,28.7063,3.0376,11699481.2413
300014.SZ,2025-09-01,57.45,58.14,55.5,55.87,57.19,-1.32,-2.3081,679233.84,3819852.579,3.649,0.83,28.0437,2.9675,11429446.0037
300014.SZ,2025-09-02,55.81,57.89,55.3,57.11,55.87,1.24,2.2194,736583.04,4163060.519,3.9571,0.9,28.6661,3.0334,11683115.4694
300014.SZ,2025-09-03,57.86,65.56,57.85,64.01,57.11,6.9,12.0819,1384717.85,8807374.418,7.439,1.62,32.1295,3.3999,13094663.3023
300014.SZ,2025-09-04,66.08,72.77,65.28,66.9,64.01,2.89,4.5149,1561461.08,10675393.311,8.3885,1.73,33.5802,3.5534,13685876.8149
300014.SZ,2025-09-05,68.0,78.9,67.0,78.0,66.9,11.1,16.5919,1705918.05,12356689.927,9.1645,1.58,39.1517,4.143,15956627.6766
300014.SZ,2025-09-08,81.0,81.0,72.98,74.95,78.0,-3.05,-3.9103,1813004.83,13770722.125,9.7398,1.49,37.6208,3.981,15332682.62
300014.SZ,2025-09-09,73.1,74.88,71.6,72.23,74.95,-2.72,-3.6291,1051746.97,7673808.138,5.6502,0.73,36.2555,3.8365,14776246.3728
300014.SZ,2025-09-10,70.0,71.3,69.0,70.15,72.23,-2.08,-2.8797,1091631.68,7640217.855,5.8645,0.73,35.2115,3.726,14350736.3015
300014.SZ,2025-09-11,69.9,72.71,68.13,71.7,70.15,1.55,2.2096,1059154.68,7531031.67,5.69,0.73,35.9895,3.8083,14667823.1335
300014.SZ,2025-09-12,72.0,76.98,71.0,73.81,71.7,2.11,2.9428,1230350.96,9069020.998,6.6097,0.92,37.0486,3.9204,15099470.3694
300014.SZ,2025-09-15,75.99,80.94,73.66,73.92,73.81,0.11,0.149,1341129.51,10341216.903,7.2048,1.07,37.1038,3.9262,15121973.3058
300014.SZ,2025-09-16,74.47,74.92,71.73,73.78,73.92,-0.14,-0.1894,896198.81,6552349.824,4.8146,0.78,37.0335,3.9188,15093333.2049
300014.SZ,2025-09-17,72.87,75.64,71.75,73.96,73.54,0.42,0.5711,902278.75,6650829.896,4.8472,0.8,37.1239,3.98,15130156.1918
300014.SZ,2025-09-18,72.82,73.6,69.18,70.48,73.96,-3.48,-4.7052,989055.04,7074245.182,5.3134,0.91,35.3771,3.7927,14418245.1109
300014.SZ,2025-09-19,70.44,73.86,70.3,71.41,70.48,0.93,1.3195,786376.13,5683157.479,4.2246,0.73,35.8439,3.8428,14608497.2101
300014.SZ,2025-09-22,71.3,72.78,70.6,71.81,71.41,0.4,0.5601,456679.31,3261788.132,2.4534,0.46,36.0447,3.8643,14690326.07
300014.SZ,2025-09-23,71.81,76.88,71.79,73.81,71.81,2.0,2.7851,1079490.85,8032203.461,5.7992,1.34,37.0486,3.9719,15099470.3694
300014.SZ,2025-09-24,73.71,77.48,71.87,76.34,73.81,2.53,3.4277,984800.23,7395224.099,5.2905,1.17,38.3185,4.1081,15617037.9081
300014.SZ,2025-09-25,76.04,83.88,76.03,81.28,76.34,4.94,6.4711,1232461.83,9845963.1,6.621,1.43,40.7981,4.3739,16627624.3276
300014.SZ,2025-09-26,79.79,82.02,77.2,77.27,81.28,-4.01,-4.9336,735762.76,5831090.736,3.9527,0.81,38.7853,4.1581,15807290.0073
300014.SZ,2025-09-29,79.99,86.7,79.99,83.68,77.27,6.41,8.2956,1081816.57,8996813.854,5.8117,1.2,42.0028,4.503,17118597.4869
300014.SZ,2025-09-30,83.0,91.98,82.6,91.0,83.68,7.32,8.7476,1088357.68,9460973.093,5.8469,1.06,45.677,4.897,18616065.6227
300014.SZ,2025-10-09,91.14,94.44,88.1,90.27,91.0,-0.73,-0.8022,907053.2,8251319.325,4.8729,0.89,45.3106,4.8577,18466727.9534
300014.SZ,2025-10-10,88.1,88.29,79.89,80.38,90.27,-9.89,-10.956,1008752.03,8349247.169,5.4192,1.0,40.3464,4.3255,16443509.3929
300014.SZ,2025-10-13,76.2,83.98,76.0,83.37,80.38,2.99,3.7198,818109.89,6654543.691,4.395,0.85,41.8474,4.4863,17055273.1697
300014.SZ,2025-10-14,83.45,85.64,77.58,79.05,83.37,-4.32,-5.1817,831849.58,6780073.046,4.4688,0.85,39.679,4.2539,16171516.6615
300014.SZ,2025-10-15,79.0,81.49,76.75,81.23,79.05,2.18,2.7577,570657.18,4512034.262,3.0657,0.61,40.7733,4.3712,16617486.3809
300014.SZ,2025-10-16,80.28,84.87,79.36,83.75,81.23,2.52,3.1023,758272.96,6285723.165,4.0736,0.92,42.0382,4.5068,17133011.0108
300014.SZ,2025-10-17,82.58,83.0,76.28,76.29,83.75,-7.46,-8.9075,726552.34,5685654.456,3.9032,0.91,38.2936,4.1053,15606894.4479
300014.SZ,2025-10-20,77.65,79.29,75.63,76.49,76.29,0.2,0.2622,555967.45,4300772.881,2.9868,0.75,38.394,4.1161,15647809.101
300014.SZ,2025-10-21,77.36,79.18,76.31,78.65,76.49,2.16,2.8239,538237.39,4211584.67,2.8915,0.78,39.4782,4.2323,16089687.3552
300014.SZ,2025-10-22,77.63,79.2,76.0,77.62,78.65,-1.03,-1.3096,416139.68,3221627.112,2.2356,0.66,38.9612,4.1769,15878976.8914
300014.SZ,2025-10-23,77.21,78.81,75.64,78.49,77.62,0.87,1.1208,466815.22,3611502.681,2.5078,0.78,39.3979,4.2237,16056955.6326
300014.SZ,2025-10-24,78.56,80.3,77.5,80.25,78.49,1.76,2.2423,697481.48,5526123.198,3.747,1.29,40.2813,4.1487,16417004.5805
300014.SZ,2025-10-27,80.0,80.61,75.0,76.89,80.25,-3.36,-4.1869,1171689.04,9065184.819,6.2945,2.19,38.595,3.9749,15729703.4563
300014.SZ,2025-10-28,76.92,79.44,76.92,77.53,76.89,0.64,0.8324,675266.6,5276363.072,3.6276,1.03,38.9162,4.008,15860630.8879
300014.SZ,2025-10-29,77.03,83.99,77.03,83.59,77.53,6.06,7.8163,974327.42,7933145.837,5.2342,1.42,41.958,4.3213,17100350.0054
300014.SZ,2025-10-30,83.6,86.93,81.85,83.8,83.59,0.21,0.2512,1055764.48,8888047.359,5.6717,1.32,42.0634,4.3322,17143310.5688
300014.SZ,2025-10-31,83.75,88.24,83.1,83.18,83.8,-0.62,-0.7399,879815.38,7533521.238,4.7265,0.96,41.7522,4.3001,17016484.1353
300014.SZ,2025-11-03,82.04,85.5,80.5,83.45,83.18,0.27,0.3246,712849.2,5925419.057,3.8295,0.75,41.8878,4.3141,17071719.1764
300014.SZ,2025-11-04,82.6,83.78,78.68,79.28,83.45,-4.17,-4.997,630609.71,5075180.953,3.3877,0.73,39.7946,4.0985,16218644.6531
300014.SZ,2025-11-05,77.0,86.37,76.5,85.65,79.28,6.37,8.0348,902666.23,7484557.681,4.8492,1.06,42.9921,4.4278,17521782.474
300014.SZ,2025-11-06,85.5,86.3,84.19,85.16,85.65,-0.49,-0.5721,559686.81,4761527.21,3.0067,0.67,42.7462,4.4025,17421560.4601
300014.SZ,2025-11-07,85.0,88.8,83.2,87.37,85.16,2.21,2.5951,799572.71,6925882.068,4.2954,1.08,43.8555,4.5167,17873670.0023
300014.SZ,2025-11-10,88.4,89.9,82.77,83.85,87.37,-3.52,-4.0288,803641.52,6904356.444,4.3173,1.11,42.0886,4.3347,17153569.5778
300014.SZ,2025-11-11,84.24,87.6,83.35,84.01,83.85,0.16,0.1908,568792.44,4872398.863,3.0556,0.77,42.1689,4.343,17186301.4935
300014.SZ,2025-11-12,82.51,82.88,79.0,80.02,84.01,-3.99,-4.7494,556232.0,4481707.473,2.9882,0.77,40.1661,4.1367,16370049.3455
300014.SZ,2025-11-13,80.5,89.89,80.4,87.37,80.02,7.35,9.1852,1081906.63,9303407.681,5.8121,1.65,43.8555,4.5167,17873677.8306
300014.SZ,2025-11-14,85.9,86.88,82.51,82.6,87.37,-4.77,-5.4595,691294.95,5792523.475,3.7137,0.91,41.4612,4.2701,16897857.2601
300014.SZ,2025-11-17,82.88,86.0,82.2,83.45,82.6,0.85,1.0291,524289.98,4389000.618,2.8166,0.71,41.8878,4.314,17071745.6217
300014.SZ,2025-11-18,83.46,85.2,77.77,78.6,83.45,-4.85,-5.8119,761292.24,6095573.554,4.0898,1.11,39.4534,4.0633,16079559.0877
300014.SZ,2025-11-19,78.2,80.65,78.0,79.0,78.6,0.4,0.5089,428566.97,3394887.575,2.3023,0.59,39.6542,4.084,16161388.9049
300014.SZ,2025-11-20,79.05,79.58,76.0,76.3,79.0,-2.7,-3.4177,494693.92,3832954.984,2.6576,0.71,38.2989,3.9444,15609038.9738
300014.SZ,2025-11-21,74.1,75.0,71.74,71.74,76.3,-4.56,-5.9764,542400.97,3952398.197,2.9138,0.94,36.01,3.7087,14676178.9774
300014.SZ,2025-11-24,72.27,72.98,70.16,71.47,71.74,-0.27,-0.3764,428013.52,3060839.474,2.2993,0.78,35.8745,3.6947,14620948.6203
300014.SZ,2025-11-25,72.5,73.96,71.96,72.5,71.47,1.03,1.4412,349365.06,2545042.514,1.8768,0.66,36.3915,3.748,14831660.4865
300014.SZ,2025-11-26,72.74,73.89,71.88,72.37,72.5,-0.13,-0.1793,349398.41,2535541.989,1.877,0.78,36.3262,3.7413,14805065.7849
300014.SZ,2025-11-27,72.35,74.8,71.58,71.69,72.37,-0.68,-0.9396,480153.79,3502816.71,2.5795,1.11,35.9849,3.7061,14665955.0383
300014.SZ,2025-11-28,70.01,72.57,69.24,71.41,71.69,-0.28,-0.3906,456399.99,3247527.996,2.416,1.06,36.3281,3.6836,14805842.2156
300014.SZ,2025-12-01,71.79,73.37,71.32,72.38,71.41,0.97,1.3584,379218.79,2746154.813,1.9798,0.92,37.312,3.5891,15206809.6049
300014.SZ,2025-12-02,71.8,71.82,70.11,70.65,72.38,-1.73,-2.3902,324696.65,2295665.184,1.6945,0.81,36.4333,3.5014,14848682.7588
300014.SZ,2025-12-03,70.65,71.4,68.88,69.22,70.65,-1.43,-2.0241,311468.0,2176304.568,1.6254,0.78,35.6958,3.4305,14548136.1722
300014.SZ,2025-12-04,69.22,69.76,67.96,69.52,69.22,0.3,0.4334,285827.05,1970653.515,1.4916,0.73,35.8505,3.4454,14611187.9037
300014.SZ,2025-12-05,70.25,70.25,68.5,69.13,69.52,-0.39,-0.561,308889.45,2136309.989,1.612,0.88,35.6494,3.4246,14529220.6528
300014.SZ,2025-12-08,69.14,72.88,69.0,72.1,69.13,2.97,4.2963,489275.48,3485793.451,2.3973,1.52,37.181,3.5718,15153432.7942
300014.SZ,2025-12-09,72.0,73.0,70.94,71.48,72.1,-0.62,-0.8599,321122.15,2305187.981,1.5734,0.93,36.8613,3.541,15023125.8825
300014.SZ,2025-12-10,72.39,72.4,69.85,71.21,71.48,-0.27,-0.3777,300799.56,2131679.118,1.4738,0.88,36.722,3.5277,14966379.3242
300014.SZ,2025-12-11,71.3,73.5,70.5,70.51,71.21,-0.7,-0.983,387543.06,2792817.511,1.8989,1.14,36.3611,3.493,14819258.6175
300014.SZ,2025-12-12,71.0,72.09,69.4,71.0,70.51,0.49,0.6949,333875.14,2359982.724,1.6359,0.92,36.6137,3.5173,14922243.1122
300014.SZ,2025-12-15,70.96,71.86,68.68,69.01,71.0,-1.99,-2.8028,307312.98,2142657.121,1.5058,0.84,35.5875,3.4187,14503999.9602
300014.SZ,2025-12-16,69.0,69.34,66.66,67.73,69.01,-1.28,-1.8548,271406.73,1834569.555,1.3298,0.82,34.9274,3.3553,14234979.2393
300014.SZ,2025-12-17,68.35,70.25,67.99,69.96,67.73,2.23,3.2925,338910.19,2344747.008,1.6606,1.06,36.0774,3.4657,14703663.7765
300014.SZ,2025-12-18,69.06,70.15,68.48,68.55,69.96,-1.41,-2.0154,245837.63,1700929.217,1.2045,0.75,35.3503,3.3959,14407320.6386
300014.SZ,2025-12-19,69.13,69.19,67.5,68.56,68.55,0.01,0.0146,274808.18,1878957.484,1.3465,0.92,35.3555,3.3964,14409422.363
300014.SZ,2025-12-22,68.67,69.64,68.4,69.01,68.56,0.45,0.6564,274845.62,1895976.887,1.3651,0.96,35.1201,3.5573,14313495.1086
300014.SZ,2025-12-23,69.04,71.99,68.8,70.82,69.01,1.81,2.6228,548005.28,3873593.202,2.7219,1.95,36.0412,3.6506,14688910.6447
300014.SZ,2025-12-24,70.47,71.42,69.72,71.12,70.82,0.3,0.4236,386688.05,2733711.755,1.9207,1.15,36.1939,3.6661,14751134.2142
300014.SZ,2025-12-25,70.28,71.1,69.5,70.86,71.12,-0.26,-0.3656,348830.42,2451357.505,1.7326,1.01,36.0616,3.6527,14697207.1206
300014.SZ,2025-12-26,71.7,73.38,70.72,71.8,70.86,0.94,1.3266,636686.11,4578468.66,3.1624,1.74,36.54,3.7011,14892174.3051
300014.SZ,2025-12-29,71.33,71.33,68.32,68.62,71.8,-3.18,-4.429,637947.61,4400272.401,3.1687,1.45,34.9216,3.5372,14232604.4682
300014.SZ,2025-12-30,67.51,68.15,66.18,67.7,68.62,-0.92,-1.3407,566415.19,3801785.533,2.8134,1.11,34.4534,3.4898,14041785.5217
300014.SZ,2025-12-31,67.76,68.3,65.6,65.76,67.7,-1.94,-2.8656,452884.89,3007863.448,2.2495,0.88,33.4661,3.3898,13639406.4388
300014.SZ,2026-01-05,65.79,69.37,65.79,68.97,65.76,3.21,4.8814,623638.43,4251257.554,3.0976,1.18,35.0997,3.5552,14305200.6259
300014.SZ,2026-01-06,69.47,70.5,68.58,69.6,68.97,0.63,0.9134,490339.18,3409530.683,2.4519,0.84,35.4204,3.5877,14435870.1401
300014.SZ,2026-01-07,70.02,71.54,68.78,69.69,69.6,0.09,0.1293,572771.72,4018424.37,2.8641,1.03,35.4662,3.5923,14454537.2135
300014.SZ,2026-01-08,69.0,70.19,68.24,69.0,69.69,-0.69,-0.9901,430767.96,2978425.337,2.154,0.8,35.115,3.5568,14311422.9837
300014.SZ,2026-01-09,69.0,70.12,68.1,69.24,69.0,0.24,0.3478,429535.22,2979320.712,2.1479,0.84,35.2372,3.5691,14361201.8463
300014.SZ,2026-01-12,68.5,69.65,66.18,68.21,69.24,-1.03,-1.4876,737879.58,4990171.042,3.6897,1.45,34.713,3.5161,14147567.5611
300014.SZ,2026-01-13,68.21,69.78,66.36,66.63,68.21,-1.58,-2.3164,711065.65,4804167.337,3.5557,1.34,33.9089,3.4346,13819856.716
300014.SZ,2026-01-14,66.66,69.07,66.39,67.16,66.63,0.53,0.7954,723812.85,4903244.388,3.6194,1.26,34.1786,3.4619,13929785.0375
300014.SZ,2026-01-15,66.9,69.27,66.6,67.9,67.16,0.74,1.1018,549938.71,3754251.474,2.75,0.91,34.5552,3.5001,14083269.8637
300014.SZ,2026-01-16,68.26,69.8,68.21,68.69,67.9,0.79,1.1635,614563.9,4236922.31,3.0731,0.97,34.9572,3.5408,14247125.2862
300014.SZ,2026-01-19,68.8,69.36,67.7,68.0,68.69,-0.69,-1.0045,447532.02,3060933.526,2.2379,0.67,34.6061,3.5052,14104011.0564
300014.SZ,2026-01-20,68.25,68.5,65.38,66.02,68.0,-1.98,-2.9118,579551.87,3850527.292,2.898,0.95,33.5985,3.4032,13693335.4403
300014.SZ,2026-01-21,65.69,67.98,65.48,66.84,66.02,0.82,1.242,483969.96,3254229.834,2.4201,0.83,34.0158,3.4454,13863413.2207
300014.SZ,2026-01-22,66.9,68.3,64.59,64.85,66.84,-1.99,-2.9773,686167.06,4499736.428,3.4312,1.28,33.003,3.3429,13450663.4854
300014.SZ,2026-01-23,64.8,66.88,64.68,66.75,64.85,1.9,2.9298,666670.01,4408057.609,3.3337,1.19,33.97,3.4408,13844746.1473
300014.SZ,2026-01-26,68.03,68.5,65.75,65.78,66.75,-0.97,-1.4532,606231.89,4054680.162,3.0314,1.06,33.4763,3.3908,13643562.8335
300014.SZ,2026-01-27,65.28,65.68,62.33,64.2,65.78,-1.58,-2.4019,613161.39,3910015.108,3.0661,1.01,32.6722,3.3093,13315851.8381
300014.SZ,2026-01-28,63.8,63.83,61.2,62.24,64.2,-1.96,-3.053,666703.09,4149028.332,3.3338,1.09,31.6748,3.2083,12909324.2742
300014.SZ,2026-01-29,62.0,62.25,60.59,60.71,62.24,-1.53,-2.4582,472161.91,2887816.074,2.361,0.73,30.8961,3.1294,12591983.8799
300014.SZ,2026-01-30,60.71,64.1,59.58,63.79,60.71,3.08,5.0733,882801.56,5501607.912,4.4144,1.46,32.4636,3.2882,13230812.9089
300014.SZ,2026-02-02,65.31,66.07,62.82,62.93,63.79,-0.86,-1.3482,588558.35,3779257.926,2.9431,0.91,32.0259,3.2439,13052438.5696
300014.SZ,2026-02-03,63.61,63.8,61.8,63.13,62.93,0.2,0.3178,405034.08,2537243.018,2.0254,0.63,32.1277,3.2542,13093920.9741
300014.SZ,2026-02-04,62.69,64.17,62.09,63.95,63.13,0.82,1.2989,414073.45,2615721.536,2.0706,0.69,32.545,3.2965,13263998.8325
300014.SZ,2026-02-05,63.21,63.4,61.01,61.58,63.95,-2.37,-3.706,418726.07,2589037.84,2.0938,0.76,31.3389,3.1743,12772432.3394
300014.SZ,2026-02-06,60.97,64.36,60.89,63.53,61.58,1.95,3.1666,511914.76,3241119.567,2.5598,0.94,32.3313,3.2748,13176885.7831
300014.SZ,2026-02-09,63.78,64.63,63.3,64.19,63.53,0.66,1.0389,361194.7,2305955.608,1.8061,0.77,32.6672,3.3088,13313777.7179
300014.SZ,2026-02-10,63.96,64.8,63.22,63.37,64.19,-0.82,-1.2775,263990.64,1682325.266,1.3201,0.63,32.2498,3.2666,13143699.8595
300014.SZ,2026-02-11,63.22,64.8,62.9,63.79,63.37,0.42,0.6628,308980.73,1978418.468,1.5451,0.78,32.4636,3.2882,13230812.9089
300014.SZ,2026-02-12,63.79,65.38,63.66,65.08,63.79,1.29,2.0223,451139.32,2926226.175,2.2559,1.21,33.1201,3.3547,13498374.4178
300014.SZ,2026-02-13,65.0,65.0,63.73,63.78,65.08,-1.3,-1.9975,314036.34,2018374.938,1.5703,0.83,32.4585,3.2877,13228738.7887
300014.SZ,2026-02-24,64.93,66.07,64.22,64.48,63.78,0.7,1.0975,353034.16,2295203.649,1.7653,1.04,32.8147,3.3238,13373930.7185
300014.SZ,2026-02-25,64.5,66.5,64.2,65.46,64.48,0.98,1.5199,494913.6,3247118.912,2.4748,1.46,33.3135,3.3743,13577194.5539
300014.SZ,2026-02-26,66.01,66.1,62.02,62.16,65.46,-3.3,-5.0412,750927.58,4718210.246,3.755,1.95,31.6341,3.2042,12892734.7001
300014.SZ,2026-02-27,61.66,62.6,61.6,62.33,62.16,0.17,0.2735,310640.99,1927169.123,1.5534,0.66,31.7206,3.213,12927994.7532
300014.SZ,2026-03-02,61.2,63.2,61.02,61.41,62.33,-0.92,-1.476,390579.52,2414485.708,1.9531,0.88,31.2524,3.1655,12737175.6424
300014.SZ,2026-03-03,62.46,64.32,61.52,61.57,61.41,0.16,0.2605,661524.3,4157206.371,3.3079,1.44,31.3338,3.1738,12770361.5747
300014.SZ,2026-03-04,60.6,61.98,60.08,60.82,61.57,-0.75,-1.2181,371580.65,2262801.921,1.8581,0.71,30.9521,3.1351,12614802.5171
300014.SZ,2026-03-05,61.6,61.94,60.18,60.54,60.82,-0.28,-0.4604,342250.39,2080429.204,1.7114,0.69,30.8096,3.1207,12556727.1355
300014.SZ,2026-03-06,60.03,60.75,59.59,60.3,60.54,-0.24,-0.3964,277318.04,1669491.819,1.3867,0.67,30.6875,3.1083,12506948.2371
300014.SZ,2026-03-09,59.7,62.5,58.36,62.28,60.3,1.98,3.2836,592086.76,3611984.239,2.9607,1.45,31.6951,3.2104,12917624.1493
300014.SZ,2026-03-10,62.71,63.85,62.5,62.98,62.28,0.7,1.124,408688.3,2583040.764,2.0436,0.91,32.0514,3.2465,13062812.6032
300014.SZ,2026-03-11,62.76,69.67,62.7,67.97,62.98,4.99,7.9232,1254313.8,8429228.183,6.2722,3.15,34.5909,3.5037,14097798.8669
300014.SZ,2026-03-12,68.57,69.18,67.31,69.09,67.97,1.12,1.6478,812262.43,5554919.902,4.0617,1.41,35.1608,3.5614,14330100.393
300014.SZ,2026-03-13,68.69,70.36,67.96,68.22,69.09,-0.87,-1.2592,710457.81,4913836.94,3.5526,1.06,34.7181,3.5166,14149654.1033
300014.SZ,2026-03-16,68.8,71.83,68.0,69.95,68.22,1.73,2.5359,834410.1,5842080.7,4.1724,1.1,35.5985,3.6057,14508477.0525
300014.SZ,2026-03-17,69.7,71.43,68.48,68.62,69.95,-1.33,-1.9014,645711.69,4508320.637,3.2289,0.8,34.9217,3.5372,14232618.947
300014.SZ,2026-03-18,69.32,69.4,66.48,67.51,68.62,-1.11,-1.6176,505591.66,3399465.653,2.5282,0.59,34.3568,3.48,14002391.5056
300014.SZ,2026-03-19,67.19,69.66,66.72,67.06,67.51,-0.45,-0.6666,569532.46,3865937.357,2.8479,0.81,34.1278,3.4568,13909056.3112
300014.SZ,2026-03-20,68.99,73.18,68.2,70.8,67.06,3.74,5.5771,1312172.78,9309877.579,6.5615,2.01,36.0311,3.6496,14684777.6146
300014.SZ,2026-03-23,70.0,73.4,70.0,71.13,70.8,0.33,0.4661,1145580.8,8213857.795,5.7284,1.48,36.199,3.6666,14753223.6119
300014.SZ,2026-03-24,71.55,71.8,66.5,70.1,71.13,-1.03,-1.4481,897522.4,6200942.679,4.488,1.07,35.6748,3.6135,14539589.1353
300014.SZ,2026-03-25,71.11,71.28,68.61,70.37,70.1,0.27,0.3852,678061.7,4741437.122,3.3906,0.77,35.8123,3.6274,14595590.4059
300014.SZ,2026-03-26,70.84,72.94,69.02,70.0,70.37,-0.37,-0.5258,743338.46,5283884.223,3.717,0.81,35.624,3.6083,14518847.924
300014.SZ,2026-03-27,69.79,72.74,68.98,72.4,70.0,2.4,3.4286,915460.62,6507880.089,4.5777,0.96,36.8454,3.732,15016636.9957
300014.SZ,2026-03-30,71.08,72.18,67.89,69.09,72.4,-3.31,-4.5718,856250.47,5961557.312,4.2817,0.98,34.6615,3.4103,14330111.9449
300014.SZ,2026-03-31,67.15,67.5,61.88,62.23,69.09,-6.86,-9.9291,1199116.79,7697495.276,5.9961,1.47,31.2199,3.0717,12907263.9503
300014.SZ,2026-04-01,63.37,63.5,60.5,62.58,62.23,0.35,0.5624,722416.92,4498407.758,3.6124,0.82,31.3955,3.089,12979858.2358
300014.SZ,2026-04-02,61.58,64.36,61.54,62.95,62.58,0.37,0.5912,640521.16,4029847.741,3.1784,0.72,31.6107,3.103,13068805.7135
300014.SZ,2026-04-03,62.9,62.95,59.95,60.0,62.95,-2.95,-4.6863,527290.66,3204488.832,2.5893,0.61,30.4371,2.914,12583628.856
300014.SZ,2026-04-07,60.03,61.28,59.55,60.68,60.0,0.68,1.1333,348463.11,2114640.638,1.7111,0.44,30.7821,2.947,12726243.3164
300014.SZ,2026-04-08,62.45,64.43,62.39,64.25,60.68,3.57,5.8833,727450.69,4641426.891,3.5721,1.06,32.5931,3.1204,13474969.2333
300014.SZ,2026-04-09,65.98,66.95,64.01,65.11,64.25,0.86,1.3385,634661.21,4143740.225,3.1165,1.07,33.0293,3.1622,13655334.5802
300014.SZ,2026-04-10,66.0,70.75,65.65,69.08,65.11,3.97,6.0974,1069911.45,7367040.002,5.2538,1.86,35.0433,3.355,14487951.3562
300014.SZ,2026-04-13,68.88,71.85,68.74,70.02,69.08,0.94,1.3607,855004.49,6017574.751,4.1389,1.29,36.017,3.3343,14890523.4931
300014.SZ,2026-04-14,70.11,72.5,68.9,72.3,70.02,2.28,3.2562,831474.34,5857936.907,4.025,1.14,37.1898,3.4429,15375390.582
300014.SZ,2026-04-15,72.5,72.85,69.88,70.32,72.3,-1.98,-2.7386,701803.74,4975191.298,3.3973,0.85,36.1713,3.3486,14954321.7942
300014.SZ,2026-04-16,71.0,72.97,70.59,70.98,70.32,0.66,0.9386,767817.65,5489270.373,3.7168,0.94,36.5108,3.38,15094678.0568
300014.SZ,2026-04-17,70.48,71.46,69.35,69.85,70.98,-1.13,-1.592,649309.1,4549504.705,3.1431,0.77,35.9296,3.3262,14854371.1224
300014.SZ,2026-04-20,69.81,69.85,68.5,68.96,69.85,-0.89,-1.2742,606162.88,4182532.615,2.8982,0.8,35.9009,3.23,14842513.9522
300014.SZ,2026-04-21,69.32,72.78,67.92,71.98,68.96,3.02,4.3794,1066142.33,7541312.231,5.0974,1.5,37.4731,3.3714,15492519.6386
300014.SZ,2026-04-22,71.89,74.5,71.15,71.78,71.98,-0.2,-0.2779,803365.37,5817667.06,3.8411,1.06,37.369,3.3621,15449472.9044
300014.SZ,2026-04-23,71.99,72.9,70.65,71.87,71.78,0.09,0.1254,725226.37,5198868.203,3.4675,0.93,37.4158,3.3663,15468843.9348
300014.SZ,2026-04-24,71.9,73.72,70.78,72.81,71.87,0.94,1.3079,783847.25,5672957.862,3.7477,1.02,37.9052,3.4103,15671163.5855
300014.SZ,2026-04-27,73.23,73.5,71.25,71.43,72.81,-1.38,-1.8953,681962.74,4900236.148,3.2606,0.86,37.1868,3.2361,15374141.1195
300014.SZ,2026-04-28,71.06,71.11,69.5,70.43,71.43,-1.0,-1.4,560774.37,3937143.36,2.6812,0.69,36.6662,3.1908,15158907.4485
300014.SZ,2026-04-29,70.2,74.38,69.74,74.1,70.43,3.67,5.2108,947143.43,6900083.383,4.5285,1.33,38.5768,3.3571,15948815.0211
300014.SZ,2026-04-30,73.5,74.37,72.21,72.59,74.1,-1.51,-2.0378,746907.06,5449758.432,3.5711,1.01,37.7907,3.2887,15623812.1779
300014.SZ,2026-05-06,73.05,76.18,73.0,75.54,72.59,2.95,4.0639,1079854.62,8077364.214,5.163,1.45,39.3265,3.4223,16258751.5073
300014.SZ,2026-05-07,75.55,75.98,71.0,71.81,75.54,-3.73,-4.9378,1400095.25,10179187.272,6.6277,1.74,37.7487,3.2137,15606445.2902
300014.SZ,2026-05-08,71.4,73.99,69.88,69.9,71.81,-1.91,-2.6598,1107359.58,7940825.261,5.242,1.17,36.7446,3.1282,15191345.5757
300014.SZ,2026-05-11,69.8,71.2,68.56,70.06,69.9,0.16,0.2289,998586.74,6984103.278,4.7271,0.95,36.8287,3.1354,15226118.3266
300014.SZ,2026-05-12,70.12,70.15,67.38,68.09,70.06,-1.97,-2.8119,828540.4,5655079.711,3.9221,0.78,35.7932,3.0472,14797978.8304
300014.SZ,2026-05-13,68.0,68.83,67.33,68.5,68.09,0.41,0.6021,609975.64,4153265.941,2.8875,0.56,36.0087,3.0656,14887084.0048
300014.SZ,2026-05-14,68.9,69.03,65.28,65.3,68.27,-2.97,-4.3504,772410.37,5171315.037,3.6564,0.78,34.3265,2.9533,14191628.9856
300014.SZ,2026-05-15,65.3,67.73,64.51,65.78,65.3,0.48,0.7351,755181.42,4974522.338,3.5748,0.87,34.5789,2.975,14295947.2384
300014.SZ,2026-05-18,64.74,65.88,63.7,65.13,65.78,-0.65,-0.9881,570280.26,3701121.342,2.6996,0.72,34.2372,2.9456,14154682.9377
300014.SZ,2026-05-19,64.9,65.76,63.82,65.5,65.13,0.37,0.5681,538864.06,3499384.545,2.5509,0.76,34.4317,2.9623,14235094.9243
300014.SZ,2026-05-20,65.0,67.56,64.6,66.56,65.5,1.06,1.6183,799229.78,5273468.184,3.7834,1.23,34.9889,3.0103,14465464.3994
300014.SZ,2026-05-21,66.56,67.27,63.88,63.95,66.56,-2.61,-3.9213,741944.98,4894248.079,3.5122,1.08,33.6169,2.8922,13898233.8993
300014.SZ,2026-05-22,64.6,64.84,63.5,64.38,63.95,0.43,0.6724,451875.37,2906335.527,2.1391,0.66,33.8429,2.9117,13991685.6675
