ts_code,trade_date,open,high,low,close,pre_close,change,pct_chg,vol,amount,turnover_rate,volume_ratio,pe,pb,total_mv
300474.SZ,2023-01-03,54.57,56.75,53.6,56.38,54.57,1.81,3.3168,44748.94,250202.719,1.4114,1.33,87.5448,8.1758,2562793.9672
300474.SZ,2023-01-04,56.38,57.22,55.38,56.04,56.38,-0.34,-0.6031,39474.75,221320.347,1.245,1.12,87.0169,8.1265,2547339.0195
300474.SZ,2023-01-05,55.7,56.37,55.39,56.2,56.04,0.16,0.2855,30546.32,170822.9,0.9634,0.83,87.2653,8.1497,2554611.9361
300474.SZ,2023-01-06,56.19,56.61,55.5,55.88,56.2,-0.32,-0.5694,33620.59,188184.342,1.0604,0.89,86.7684,8.1033,2540066.103
300474.SZ,2023-01-09,55.75,56.93,54.75,54.86,55.88,-1.02,-1.8253,43049.48,239390.152,1.3578,1.25,85.1846,7.9554,2493701.26
300474.SZ,2023-01-10,54.45,55.8,54.45,54.8,54.86,-0.06,-0.1094,34861.86,192203.211,1.0995,0.91,85.0915,7.9467,2490973.9163
300474.SZ,2023-01-11,54.95,56.11,53.61,53.8,54.8,-1.0,-1.8248,43268.23,237479.797,1.3647,1.19,83.5387,7.8017,2445518.1879
300474.SZ,2023-01-12,53.86,54.54,53.33,53.89,53.8,0.09,0.1673,29880.06,161318.942,0.9424,0.81,83.6784,7.8147,2449609.2035
300474.SZ,2023-01-13,53.72,54.2,52.7,53.3,53.89,-0.59,-1.0948,30438.88,162100.552,0.96,0.82,82.7623,7.7291,2422790.3237
300474.SZ,2023-01-16,53.29,55.74,53.2,55.1,53.3,1.8,3.3771,43809.31,239580.96,1.3817,1.21,85.5573,7.9902,2504610.6348
300474.SZ,2023-01-17,55.15,59.89,55.0,57.4,55.1,2.3,4.1742,91315.15,526708.805,2.88,2.51,89.1286,8.3237,2609158.8102
300474.SZ,2023-01-18,57.18,59.6,57.1,58.89,57.4,1.49,2.5958,80562.41,470173.906,2.5409,1.69,91.4423,8.5398,2676887.8455
300474.SZ,2023-01-19,58.48,61.2,58.42,60.66,58.89,1.77,3.0056,84213.78,507778.317,2.656,1.53,94.1907,8.7964,2757344.4847
300474.SZ,2023-01-20,60.18,61.1,59.69,60.38,60.66,-0.28,-0.4616,59405.77,358607.419,1.8736,0.9,93.7559,8.7558,2744616.8808
300474.SZ,2023-01-30,61.5,61.85,59.76,60.64,60.38,0.26,0.4306,56488.77,341985.754,1.7816,0.79,94.1596,8.7935,2756435.3702
300474.SZ,2023-01-31,60.0,60.5,59.45,60.0,60.64,-0.64,-1.0554,45792.96,274191.338,1.4443,0.62,93.1658,8.7007,2727343.704
300474.SZ,2023-02-01,59.9,62.45,59.9,62.21,60.0,2.21,3.6833,84226.37,519654.982,2.6564,1.29,96.5974,9.0212,2827800.8638
300474.SZ,2023-02-02,63.5,67.5,63.5,66.0,62.21,3.79,6.0923,150780.41,991294.266,4.7555,2.28,102.4824,9.5708,3000078.0744
300474.SZ,2023-02-03,64.98,66.66,63.8,66.25,66.0,0.25,0.3788,89287.7,583055.567,2.8161,1.13,102.8706,9.6071,3011442.0065
300474.SZ,2023-02-06,66.9,68.48,64.5,66.19,66.25,-0.06,-0.0906,110597.07,735223.328,3.4882,1.3,102.7774,9.5984,3008714.6628
300474.SZ,2023-02-07,66.6,71.6,66.51,70.06,66.19,3.87,5.8468,189920.61,1325978.168,5.99,1.98,108.7866,10.1596,3184628.3317
300474.SZ,2023-02-08,71.58,71.65,66.6,68.89,70.06,-1.17,-1.67,159826.6,1101050.767,5.0408,1.28,106.9699,9.9899,3131445.1295
300474.SZ,2023-02-09,67.5,82.67,66.5,82.67,68.89,13.78,20.0029,293441.34,2263123.942,9.2549,2.09,128.367,11.9882,3757825.0668
300474.SZ,2023-02-10,85.99,86.99,79.7,81.0,82.67,-1.67,-2.0201,307215.73,2575356.018,9.6894,1.82,125.7739,11.746,3681914.0004
300474.SZ,2023-02-13,80.0,88.53,79.95,84.79,81.0,3.79,4.679,288557.34,2429349.891,9.1009,1.36,131.6589,12.2956,3854191.211
300474.SZ,2023-02-14,83.06,86.88,80.89,83.93,84.79,-0.86,-1.0143,219916.17,1824869.578,6.936,0.89,130.3235,12.1709,3815099.2846
300474.SZ,2023-02-15,80.7,87.76,77.92,86.08,83.93,2.15,2.5617,339401.12,2779718.209,10.7045,1.34,133.6619,12.4826,3912829.1007
300474.SZ,2023-02-16,83.74,83.74,78.58,79.72,86.08,-6.36,-7.3885,247232.83,2015964.407,7.7976,0.85,123.7863,11.5604,3623730.668
300474.SZ,2023-02-17,79.06,79.71,74.23,74.33,79.72,-5.39,-6.7612,204194.11,1553222.682,6.4401,0.73,115.4169,10.7788,3378724.292
300474.SZ,2023-02-20,74.33,76.75,73.34,76.31,74.33,1.98,2.6638,135882.26,1021315.427,4.2856,0.52,118.4914,11.0659,3468726.6342
300474.SZ,2023-02-21,75.85,78.0,73.78,74.87,76.31,-1.44,-1.887,135893.69,1027411.273,4.286,0.59,116.2554,10.8571,3403270.3853
300474.SZ,2023-02-22,73.67,75.05,73.17,74.35,74.87,-0.52,-0.6945,97394.4,721232.77,3.0718,0.46,115.448,10.7817,3379633.4065
300474.SZ,2023-02-23,74.5,78.8,73.0,75.85,74.35,1.5,2.0175,202172.17,1545092.761,6.3764,1.23,117.7771,10.9992,3447816.9991
300474.SZ,2023-02-24,78.0,78.8,74.0,74.23,75.85,-1.62,-2.1358,201080.11,1538757.304,6.3419,1.3,115.2617,10.7643,3374178.7191
300474.SZ,2023-02-27,72.91,74.51,70.86,71.47,74.23,-2.76,-3.7182,169601.44,1222131.895,5.3491,1.1,110.976,10.364,3248720.9087
300474.SZ,2023-02-28,73.0,73.55,70.8,72.26,71.47,0.79,1.1054,113060.03,816432.699,3.5602,0.7,112.3266,10.4148,3288257.3456
300474.SZ,2023-03-01,72.03,75.87,71.51,75.02,72.26,2.76,3.8195,175097.88,1301202.839,5.5137,1.12,116.617,10.8126,3413853.6683
300474.SZ,2023-03-02,74.8,79.76,73.76,78.01,75.02,2.99,3.9856,229005.14,1763795.951,7.2113,1.33,121.2648,11.2436,3549916.3511
300474.SZ,2023-03-03,78.01,82.0,75.8,80.2,78.01,2.19,2.8073,230872.18,1816963.317,7.27,1.3,124.6692,11.5592,3649574.3028
300474.SZ,2023-03-06,78.97,79.9,77.5,77.72,80.2,-2.48,-3.0923,125747.7,985191.53,3.9597,0.69,120.814,11.2018,3536719.6361
300474.SZ,2023-03-07,77.2,78.69,73.37,73.38,77.72,-4.34,-5.5841,132184.61,998863.954,4.1622,0.76,114.0719,10.574,3339350.5058
300474.SZ,2023-03-08,73.39,75.15,73.22,74.71,73.38,1.33,1.8125,93161.16,691531.159,2.9334,0.52,116.1395,10.7657,3399875.6649
300474.SZ,2023-03-09,74.95,75.0,72.7,73.56,74.71,-1.15,-1.5393,86905.83,641715.274,2.7365,0.54,114.3518,10.6,3347541.8807
300474.SZ,2023-03-10,72.68,75.57,72.5,73.57,73.56,0.01,0.0136,98535.11,731004.4,3.1027,0.74,114.3673,10.6014,3347996.9571
300474.SZ,2023-03-13,73.38,76.22,73.01,76.22,73.57,2.65,3.602,116961.63,878164.661,3.6829,1.09,118.4868,10.9833,3468592.1988
300474.SZ,2023-03-14,75.25,78.8,74.2,77.38,76.22,1.16,1.5219,154472.21,1184785.845,4.864,1.46,120.2901,11.1504,3521381.0594
300474.SZ,2023-03-15,78.02,80.15,75.8,76.04,77.38,-1.34,-1.7317,144614.65,1128523.723,4.5536,1.31,118.207,10.9573,3460400.8239
300474.SZ,2023-03-16,75.31,77.4,74.1,74.89,76.04,-1.15,-1.5124,99190.03,752453.245,3.1233,0.82,116.4193,10.7916,3408067.0398
300474.SZ,2023-03-17,75.09,84.4,75.09,80.72,74.89,5.83,7.7848,274132.5,2202283.117,8.6318,2.23,125.4822,11.6317,3673376.5716
300474.SZ,2023-03-20,81.01,82.73,78.88,79.05,80.72,-1.67,-2.0689,196839.56,1593087.437,6.198,1.25,122.8862,11.3911,3597378.8155
300474.SZ,2023-03-21,79.9,80.1,77.0,79.06,79.05,0.01,0.0127,157340.13,1239426.9,4.9543,0.91,122.9017,11.3925,3597833.8919
300474.SZ,2023-03-22,79.21,85.96,78.62,84.26,79.06,5.2,6.5773,334268.59,2749935.946,10.5239,1.92,130.9979,12.1354,3834841.4065
300474.SZ,2023-03-23,81.0,101.11,81.0,101.11,84.26,16.85,19.9976,521854.0,4817181.627,16.4298,2.46,157.1943,14.5622,4601718.6638
300474.SZ,2023-03-24,104.0,117.3,101.82,113.05,101.11,11.94,11.8089,563280.78,6071045.433,17.7336,1.9,175.7606,16.2802,5145227.6812
300474.SZ,2023-03-27,113.3,122.2,109.99,119.0,113.05,5.95,5.2632,424973.95,4949124.708,13.3793,1.2,185.0111,17.1371,5416029.1381
300474.SZ,2023-03-28,115.0,117.88,107.89,109.42,119.0,-9.58,-8.0504,333456.04,3789958.577,10.4981,0.83,170.1169,15.7575,4980016.0361
300474.SZ,2023-03-29,109.42,116.98,103.3,108.76,109.42,-0.66,-0.6032,439250.41,4812462.075,13.8288,1.01,169.0908,15.6624,4949977.5551
300474.SZ,2023-03-30,110.02,121.78,109.77,117.25,108.76,8.49,7.8062,414428.82,4758814.987,13.0473,0.91,182.2904,16.8851,5336381.6508
300474.SZ,2023-03-31,116.2,123.0,110.89,122.0,117.25,4.75,4.0512,334247.2,3901511.314,10.523,0.77,189.6753,17.5691,5552567.6878
300474.SZ,2023-04-03,121.28,137.36,121.08,137.21,122.0,15.21,12.4672,351509.21,4554902.342,11.0664,0.9,213.3225,19.7595,6244818.1348
300474.SZ,2023-04-04,138.0,143.2,127.28,130.85,137.21,-6.36,-4.6352,379265.42,5135367.129,11.9403,1.01,203.4345,18.8436,5955356.4094
300474.SZ,2023-04-06,127.01,136.48,121.77,127.57,130.85,-3.28,-2.5067,401798.05,5182994.42,12.6497,1.05,198.335,18.3712,5806074.2617
300474.SZ,2023-04-07,124.0,129.0,123.01,127.3,127.57,-0.27,-0.2116,272859.6,3445797.225,8.5903,0.73,197.9152,18.3323,5793785.7923
300474.SZ,2023-04-10,122.5,122.92,105.77,107.89,127.3,-19.41,-15.2474,429088.85,4853967.652,13.5088,1.23,167.7382,15.5371,4910381.3757
300474.SZ,2023-04-11,110.41,113.7,105.94,110.45,107.89,2.56,2.3728,306316.73,3374886.892,9.6437,0.83,171.7183,15.9058,5026894.2715
300474.SZ,2023-04-12,109.3,117.89,107.45,115.35,110.45,4.9,4.4364,296272.93,3386174.759,9.3274,0.83,179.3364,16.6114,5249907.236
300474.SZ,2023-04-13,113.92,115.95,106.95,108.0,115.35,-7.35,-6.3719,256846.84,2837278.456,8.0862,0.75,167.9092,15.553,4915387.7892
300474.SZ,2023-04-14,109.33,109.57,101.11,105.75,108.0,-2.25,-2.0833,270470.39,2846966.934,8.5151,0.87,164.4111,15.2289,4812983.8769
300474.SZ,2023-04-17,103.88,108.4,103.6,107.05,105.75,1.3,1.2293,187622.01,2000264.702,5.906,0.6,166.4484,15.4079,4872622.7258
300474.SZ,2023-04-18,106.5,109.93,105.37,108.08,107.05,1.03,0.9622,233335.71,2516195.446,7.345,0.89,168.0499,15.5562,4919505.504
300474.SZ,2023-04-19,109.2,117.82,109.2,112.51,108.08,4.43,4.0988,379958.64,4338581.507,11.9604,1.53,174.938,16.1938,5121146.9676
300474.SZ,2023-04-20,115.0,119.5,114.6,117.29,112.51,4.78,4.2485,346013.1,4051985.431,10.8919,1.3,182.3702,16.8818,5338719.4723
300474.SZ,2023-04-21,114.0,114.0,103.7,103.7,117.29,-13.59,-11.5867,308719.75,3345233.112,9.718,1.09,161.2396,14.9258,4720139.9035
300474.SZ,2023-04-24,102.13,105.99,97.37,101.3,103.7,-2.4,-2.3144,208124.25,2107439.458,6.5514,0.71,157.5079,14.5803,4610898.4785
300474.SZ,2023-04-25,100.0,107.87,99.28,102.33,101.3,1.03,1.0168,226220.97,2360737.828,7.121,0.77,159.1094,14.7286,4657781.2567
300474.SZ,2023-04-26,103.35,111.0,98.03,99.88,102.33,-2.45,-2.3942,360319.24,3786296.87,11.3422,1.23,157.3298,13.6864,4546263.9688
300474.SZ,2023-04-27,97.01,99.82,87.43,92.4,99.88,-7.48,-7.489,348300.09,3269790.468,10.9639,1.2,145.5474,12.6614,4205794.861
300474.SZ,2023-04-28,92.0,95.83,89.27,89.43,92.4,-2.97,-3.2143,300792.81,2781319.347,9.4684,1.04,140.8691,12.2544,4070608.5976
300474.SZ,2023-05-04,88.0,89.43,84.28,84.62,89.43,-4.81,-5.3785,196291.83,1679975.689,6.1789,0.68,133.2924,11.5953,3851670.575
300474.SZ,2023-05-05,84.8,88.26,83.23,84.1,84.62,-0.52,-0.6145,190325.46,1625837.417,5.9911,0.66,132.4733,11.5241,3828001.5996
300474.SZ,2023-05-08,84.6,87.46,83.66,86.3,84.1,2.2,2.6159,163054.66,1404135.705,5.1327,0.58,135.9387,11.8255,3928139.5725
300474.SZ,2023-05-09,86.3,88.0,85.2,85.32,86.3,-0.98,-1.1356,160860.09,1389614.496,5.0636,0.67,134.395,11.6912,3883532.6573
300474.SZ,2023-05-10,84.6,86.1,82.37,83.5,85.32,-1.82,-2.1331,136805.92,1144248.791,4.3064,0.68,131.5282,11.4419,3800691.2434
300474.SZ,2023-05-11,83.49,84.65,81.0,82.1,83.5,-1.4,-1.6766,114182.51,938934.437,3.5943,0.67,129.3229,11.25,3736967.0788
300474.SZ,2023-05-12,82.09,84.48,80.86,81.21,82.1,-0.89,-1.084,135478.74,1121445.558,4.2646,0.89,127.921,11.1281,3696456.7171
300474.SZ,2023-05-15,82.0,83.0,79.8,82.99,81.21,1.78,2.1918,111896.63,912716.928,3.5223,0.79,130.7248,11.372,3777477.4406
300474.SZ,2023-05-16,83.0,83.0,79.53,81.08,82.99,-1.91,-2.3015,118842.02,964599.454,3.7409,0.9,127.7162,11.1102,3690539.4732
300474.SZ,2023-05-17,80.6,83.76,80.52,82.3,81.08,1.22,1.5047,119165.04,980007.176,3.7511,0.97,129.638,11.2774,3746070.5309
300474.SZ,2023-05-18,83.05,87.2,82.12,86.25,82.3,3.95,4.7995,241625.7,2060082.586,7.606,2.02,135.86,11.8187,3925863.7095
300474.SZ,2023-05-19,86.7,90.15,85.0,87.73,86.25,1.48,1.7159,252639.75,2219575.314,7.9527,1.74,138.1912,12.0215,3993229.2549
300474.SZ,2023-05-22,87.2,87.21,80.48,80.83,87.73,-6.9,-7.865,205796.94,1702270.101,6.4781,1.22,127.3224,11.076,3679160.1581
300474.SZ,2023-05-23,81.03,81.45,79.03,79.03,80.83,-1.8,-2.2269,93523.73,751276.101,2.944,0.5,124.4871,10.8293,3597229.0894
300474.SZ,2023-05-24,78.31,81.58,78.16,79.81,79.03,0.78,0.987,97035.07,776756.624,3.0545,0.53,125.7157,10.9362,3632732.5525
300474.SZ,2023-05-25,83.5,85.7,80.5,82.94,79.81,3.13,3.9218,181581.22,1510808.224,5.7159,1.02,130.6461,11.3651,3775202.407
300474.SZ,2023-05-26,83.61,91.97,83.5,89.64,82.82,6.82,8.2347,314101.61,2772152.166,9.8874,1.89,141.1999,12.4886,4080168.1187
300474.SZ,2023-05-29,91.99,98.17,87.81,94.01,89.64,4.37,4.8751,303793.76,2839266.764,9.5629,1.7,148.0835,13.0974,4279078.5903
300474.SZ,2023-05-30,93.08,99.9,92.32,98.67,94.01,4.66,4.9569,253481.56,2438072.849,7.9792,1.28,155.4238,13.7466,4491189.0704
300474.SZ,2023-05-31,98.64,98.64,93.35,96.4,98.67,-2.27,-2.3006,258872.63,2470705.969,8.1489,1.13,151.8482,13.4304,4387864.8666
300474.SZ,2023-06-01,100.9,115.0,100.9,106.68,96.4,10.28,10.6639,455534.03,4864974.638,14.3394,1.74,168.0411,14.8626,4855782.4063
300474.SZ,2023-06-02,106.0,108.66,100.5,101.15,106.68,-5.53,-5.1837,280029.71,2879855.884,8.8148,0.88,159.3303,14.0921,4604071.901
300474.SZ,2023-06-05,99.83,103.24,96.99,97.35,101.15,-3.8,-3.7568,244890.63,2428521.846,7.7087,0.79,153.3446,13.5627,4431106.2734
300474.SZ,2023-06-06,96.86,98.48,94.11,95.09,97.35,-2.26,-2.3215,198703.47,1912150.287,6.2548,0.67,149.7847,13.2479,4328237.2423
300474.SZ,2023-06-07,95.0,97.68,92.69,95.87,95.09,0.78,0.8203,161941.24,1550313.035,5.0976,0.56,151.0133,13.3565,4363740.7132
300474.SZ,2023-06-08,93.63,98.75,91.86,96.62,95.87,0.75,0.7823,194883.4,1860836.286,6.1346,0.73,152.1947,13.461,4397878.666
300474.SZ,2023-06-09,96.0,97.69,93.0,97.29,96.62,0.67,0.6934,192103.23,1832751.307,6.0471,0.89,153.2501,13.5544,4428375.2372
300474.SZ,2023-06-12,96.02,98.0,92.6,92.77,97.29,-4.52,-4.6459,190495.08,1811803.081,5.9964,0.96,146.1302,12.9246,4222637.175
300474.SZ,2023-06-13,91.58,96.18,89.1,95.51,92.77,2.74,2.9535,214147.04,1997946.601,6.741,1.14,150.4462,13.3064,4347354.4959
300474.SZ,2023-06-14,94.65,103.92,93.6,102.5,95.51,6.99,7.3186,341053.26,3389504.999,10.7358,1.79,161.4568,14.2802,4665520.216
300474.SZ,2023-06-15,101.0,103.31,97.57,97.63,102.5,-4.87,-4.7512,248836.66,2489667.539,7.8329,1.1,153.7856,13.6017,4443851.1092
300474.SZ,2023-06-16,96.65,100.75,94.89,99.7,97.63,2.07,2.1202,189033.84,1862561.085,5.9505,0.8,157.0463,13.8901,4538071.8589
300474.SZ,2023-06-19,98.15,105.0,97.85,103.1,99.7,3.4,3.4102,237361.23,2439252.059,7.4717,1.0,162.4019,14.3638,4692830.5782
300474.SZ,2023-06-20,102.84,106.0,99.38,105.06,103.1,1.96,1.9011,262117.05,2676316.04,8.251,1.07,165.4893,14.6369,4782044.4282
300474.SZ,2023-06-21,103.0,111.5,101.03,103.5,105.06,-1.56,-1.4849,363807.4,3887754.086,11.452,1.42,163.032,14.4195,4711037.4864
300474.SZ,2023-06-26,100.5,100.89,88.88,89.0,103.5,-14.5,-14.0097,301061.03,2860606.985,9.4769,1.16,140.1918,12.3994,4051037.0656
300474.SZ,2023-06-27,89.88,92.45,89.11,89.37,89.0,0.37,0.4157,131122.61,1183293.322,4.1275,0.48,140.7746,12.4509,4067878.4556
300474.SZ,2023-06-28,94.0,96.5,92.6,93.64,89.37,4.27,4.7779,246399.65,2331552.13,7.7562,0.95,147.5006,13.0458,4262237.2003
300474.SZ,2023-06-29,92.06,93.37,89.2,90.58,93.64,-3.06,-3.2678,189815.6,1723557.109,5.9751,0.73,142.6806,12.6195,4122954.3528
300474.SZ,2023-06-30,89.22,91.35,88.1,89.99,90.58,-0.59,-0.6514,124431.78,1115204.083,3.9169,0.5,141.7512,12.5373,4096099.1633
300474.SZ,2023-07-03,89.99,95.16,89.13,92.73,89.99,2.74,3.0448,156568.77,1447518.869,4.9285,0.79,146.0672,12.9191,4220816.4842
300474.SZ,2023-07-04,92.08,94.39,91.88,93.15,92.73,0.42,0.4529,123939.61,1155597.745,3.9014,0.73,146.7288,12.9776,4239933.7378
300474.SZ,2023-07-05,92.5,93.03,89.03,89.72,93.15,-3.43,-3.6822,125895.8,1142452.629,3.963,0.75,141.3259,12.4997,4083809.5003
300474.SZ,2023-07-06,89.04,92.2,89.0,89.99,89.72,0.27,0.3009,92592.29,840389.936,2.9146,0.64,141.7512,12.5373,4096099.1633
300474.SZ,2023-07-07,89.4,90.18,84.36,85.38,89.99,-4.61,-5.1228,160124.5,1379513.121,5.0404,1.28,134.4896,11.8951,3886264.5468
300474.SZ,2023-07-10,85.38,86.55,84.1,84.36,85.38,-1.02,-1.1947,83003.26,705326.291,2.6128,0.63,132.8829,11.753,3839836.9309
300474.SZ,2023-07-11,84.2,88.34,83.92,86.88,84.36,2.52,2.9872,144173.87,1249554.161,4.5383,1.23,136.8524,12.104,3954540.4524
300474.SZ,2023-07-12,86.2,86.98,84.33,84.43,86.88,-2.45,-2.82,87184.57,744765.662,2.7444,0.72,132.9931,11.7627,3843023.1399
300474.SZ,2023-07-13,85.7,86.4,84.5,86.13,84.43,1.7,2.0135,90940.72,780263.077,2.8627,0.8,135.671,11.9996,3920402.4996
300474.SZ,2023-07-14,86.8,89.6,85.88,87.9,86.13,1.77,2.055,137269.24,1207169.625,4.2019,1.21,138.459,12.2461,4000968.0682
300474.SZ,2023-07-17,86.78,87.82,84.19,85.72,87.9,-2.18,-2.4801,102386.21,876486.661,3.1341,0.94,135.0251,11.9424,3901740.4187
300474.SZ,2023-07-18,85.75,87.87,85.5,85.7,85.72,-0.02,-0.0233,82444.22,714628.453,2.5237,0.73,134.9936,11.9396,3900830.0733
300474.SZ,2023-07-19,85.0,85.88,82.2,82.7,85.7,-3.0,-3.5006,115591.44,964170.642,3.5383,1.16,130.2681,11.5217,3764278.2621
300474.SZ,2023-07-20,82.78,83.1,80.05,80.5,82.7,-2.2,-2.6602,81458.5,662748.191,2.4935,0.77,126.8027,11.2152,3664140.2672
300474.SZ,2023-07-21,80.5,81.13,78.88,79.86,80.5,-0.64,-0.795,59754.31,477128.904,1.8291,0.58,125.7945,11.126,3635009.2141
300474.SZ,2023-07-24,79.46,80.69,78.39,78.73,79.86,-1.13,-1.415,70429.27,558437.935,2.1559,0.8,124.0146,10.9686,3583574.6986
300474.SZ,2023-07-25,79.8,80.31,77.55,79.32,78.73,0.59,0.7494,87977.83,694638.972,2.6756,1.07,125.5279,11.1024,3627303.6159
300474.SZ,2023-07-26,79.48,79.55,77.7,77.97,79.32,-1.35,-1.702,60429.93,473361.152,1.8378,0.73,123.3914,10.9135,3565568.1156
300474.SZ,2023-07-27,77.75,78.19,76.34,76.52,77.97,-1.45,-1.8597,62952.63,486037.539,1.9146,0.87,121.0967,10.7105,3499259.6153
300474.SZ,2023-07-28,76.1,76.87,74.8,75.11,76.52,-1.41,-1.8427,82856.43,626164.488,2.5199,1.21,118.8653,10.5132,3434780.315
300474.SZ,2023-07-31,75.47,78.51,75.01,77.7,75.11,2.59,3.4483,96767.1,749067.439,2.9429,1.33,122.9641,10.8757,3553221.0155
300474.SZ,2023-08-01,78.49,78.49,76.54,77.34,77.7,-0.36,-0.4633,55875.33,432291.19,1.6993,0.71,122.3944,10.8253,3536758.2155
300474.SZ,2023-08-02,77.0,78.33,76.58,77.21,77.34,-0.13,-0.1681,61584.32,476466.145,1.8729,0.86,122.1887,10.8071,3530813.3154
300474.SZ,2023-08-03,76.0,77.97,75.95,77.6,77.21,0.39,0.5051,59127.25,456958.225,1.7982,0.82,122.8059,10.8617,3548648.0155
300474.SZ,2023-08-04,77.61,78.8,77.25,78.18,77.6,0.58,0.7474,76257.91,595057.272,2.3192,1.07,123.7238,10.9429,3575171.4156
300474.SZ,2023-08-07,78.85,78.89,77.64,77.96,78.18,-0.22,-0.2814,53110.73,415255.485,1.6152,0.76,123.3756,10.9121,3565110.8156
300474.SZ,2023-08-08,77.77,78.8,77.7,77.79,77.96,-0.17,-0.2181,48267.6,377417.996,1.4679,0.79,123.1066,10.8883,3557336.7156
300474.SZ,2023-08-09,77.68,77.68,75.68,75.75,77.79,-2.04,-2.6224,55455.97,424157.308,1.6866,0.93,119.8782,10.6027,3464047.5152
300474.SZ,2023-08-10,75.75,77.58,75.43,76.61,75.75,0.86,1.1353,43030.51,329301.628,1.3083,0.74,121.2617,10.7251,3504027.9483
300474.SZ,2023-08-11,77.51,78.09,74.78,74.78,76.61,-1.83,-2.3887,56915.72,433354.742,1.7305,1.03,118.3651,10.4689,3420326.4583
300474.SZ,2023-08-14,73.8,74.87,73.39,74.61,74.78,-0.17,-0.2273,42617.54,316126.17,1.2958,0.83,118.0961,10.4451,3412550.9101
300474.SZ,2023-08-15,75.32,76.56,73.37,74.11,74.61,-0.5,-0.6702,54383.55,407084.322,1.6535,1.1,117.3046,10.3751,3389681.6505
300474.SZ,2023-08-16,74.11,74.4,71.34,71.34,74.11,-2.77,-3.7377,74100.74,536392.918,2.253,1.47,112.9202,9.9873,3262985.9526
300474.SZ,2023-08-17,71.18,73.31,70.77,72.47,71.34,1.13,1.584,64137.97,463785.684,1.9501,1.18,114.7088,10.1455,3314670.4792
300474.SZ,2023-08-18,72.5,73.2,70.35,70.37,72.47,-2.1,-2.8978,50852.82,364147.399,1.5462,0.87,111.3848,9.8515,3218619.5891
300474.SZ,2023-08-21,70.37,71.26,69.08,69.1,70.37,-1.27,-1.8047,56062.4,392634.272,1.7046,0.98,109.3746,9.6737,3160531.6698
300474.SZ,2023-08-22,70.01,70.68,68.38,70.52,69.1,1.42,2.055,56157.94,391848.781,1.7075,0.94,111.6222,9.8725,3225480.3669
300474.SZ,2023-08-23,70.01,70.18,68.03,68.12,70.52,-2.4,-3.4033,41086.8,283089.749,1.2492,0.68,107.8234,9.5365,3115707.9211
300474.SZ,2023-08-24,69.15,72.38,69.14,69.75,68.12,1.63,2.3928,100455.57,711523.756,3.0543,1.87,110.4034,9.7647,3190261.7072
300474.SZ,2023-08-25,68.11,71.16,67.23,67.82,69.75,-1.93,-2.767,83434.04,575442.578,2.5368,1.37,107.3485,9.4945,3101986.3654
300474.SZ,2023-08-28,73.8,73.84,68.37,68.62,67.82,0.8,1.1796,79133.79,559981.356,2.406,1.17,108.6148,9.6065,3138577.1806
300474.SZ,2023-08-29,68.24,72.7,68.2,71.74,68.62,3.12,4.5468,102479.33,730947.408,3.1159,1.42,113.5533,10.0433,3281281.3602
300474.SZ,2023-08-30,73.01,75.3,71.66,73.89,71.74,2.15,2.9969,110349.93,812868.551,3.3554,1.36,116.9564,10.3143,3379619.1763
300474.SZ,2023-08-31,73.23,75.95,72.66,74.25,73.89,0.36,0.4872,99528.01,739284.995,3.0263,1.05,117.5262,10.3645,3396085.0432
300474.SZ,2023-09-01,73.7,74.48,72.43,73.56,74.25,-0.69,-0.9293,64242.09,470897.876,1.9534,0.68,116.4341,10.2682,3364525.465
300474.SZ,2023-09-04,73.69,74.19,72.5,73.99,73.56,0.43,0.5846,58821.94,431603.88,1.7886,0.65,117.1147,10.3282,3384193.0282
300474.SZ,2023-09-05,74.09,74.88,73.01,73.17,73.99,-0.82,-1.1083,63014.41,465253.783,1.9161,0.72,115.8168,10.2138,3346687.4425
300474.SZ,2023-09-06,72.1,78.85,72.1,78.36,73.17,5.19,7.0931,177509.41,1353497.537,5.3975,2.24,124.0317,10.9382,3584070.3567
300474.SZ,2023-09-07,77.0,77.5,74.58,75.0,78.36,-3.36,-4.2879,121227.11,919779.041,3.6861,1.31,118.7134,10.4692,3430388.9325
300474.SZ,2023-09-08,74.06,77.48,73.85,76.11,75.0,1.11,1.48,118856.22,908847.228,3.614,1.23,120.4703,10.6242,3481158.6887
300474.SZ,2023-09-11,75.6,77.3,75.05,76.65,76.11,0.54,0.7095,90097.32,686503.156,2.7396,0.84,121.3251,10.6995,3505857.489
300474.SZ,2023-09-12,76.1,77.0,75.17,75.53,76.65,-1.12,-1.4612,59364.81,448733.59,1.8051,0.52,119.5523,10.5432,3454630.3476
300474.SZ,2023-09-13,75.02,75.07,72.82,73.85,75.53,-1.68,-2.2243,60958.89,449320.525,1.8536,0.54,116.8931,10.3087,3377789.6355
300474.SZ,2023-09-14,73.4,74.12,71.8,72.07,73.85,-1.78,-2.4103,50288.45,364182.025,1.5291,0.56,114.0756,10.0602,3296375.0715
300474.SZ,2023-09-15,72.46,73.65,71.73,72.42,72.07,0.35,0.4856,50485.54,366867.676,1.5351,0.67,114.6296,10.1091,3312383.5532
300474.SZ,2023-09-18,72.02,72.1,70.0,70.23,72.42,-2.19,-3.024,56503.01,402053.598,1.7181,0.91,111.1632,9.8034,3212216.1964
300474.SZ,2023-09-19,70.36,70.85,68.36,69.18,70.23,-1.05,-1.4951,51175.42,354866.239,1.5561,0.92,109.5012,9.6568,3164190.7513
300474.SZ,2023-09-20,69.0,69.86,67.8,67.97,69.18,-1.21,-1.7491,51949.27,355088.357,1.5796,0.96,107.586,9.4879,3108847.1432
300474.SZ,2023-09-21,67.71,68.35,67.4,67.81,67.97,-0.16,-0.2354,36919.68,250616.577,1.1226,0.71,107.3327,9.4656,3101528.9802
300474.SZ,2023-09-22,67.51,70.31,67.45,70.12,67.81,2.31,3.4066,72273.69,501613.154,2.1976,1.46,110.9891,9.788,3207184.9593
300474.SZ,2023-09-25,69.8,71.71,69.5,70.11,70.12,-0.01,-0.0143,60147.85,424907.111,1.8289,1.12,110.9733,9.7866,3206727.5741
300474.SZ,2023-09-26,70.7,75.0,69.89,72.55,70.11,2.44,3.4802,124169.41,902730.202,3.7756,2.28,114.8354,10.1272,3318329.5607
300474.SZ,2023-09-27,72.7,78.82,72.6,77.2,72.55,4.65,6.4094,182806.14,1391931.958,5.5586,2.65,122.1956,10.7763,3531013.6745
300474.SZ,2023-09-28,78.8,81.26,77.92,81.09,77.2,3.89,5.0389,204009.76,1629001.454,6.2033,2.14,128.3529,11.3193,3708936.5138
300474.SZ,2023-10-09,79.01,80.0,74.36,76.09,81.09,-5.0,-6.166,169961.89,1295587.49,5.168,1.32,120.4387,10.6214,3480243.9183
300474.SZ,2023-10-10,76.5,81.95,75.39,80.76,76.09,4.67,6.1375,192195.2,1512742.511,5.8441,1.3,127.8306,11.2733,3693842.8025
300474.SZ,2023-10-11,79.08,79.6,77.16,78.4,80.76,-2.36,-2.9222,143973.7,1126032.682,4.3778,0.82,124.095,10.9438,3585899.8974
300474.SZ,2023-10-12,77.99,78.92,76.77,77.77,78.4,-0.63,-0.8036,85049.95,659878.17,2.5861,0.48,123.0978,10.8559,3557084.6304
300474.SZ,2023-10-13,76.77,78.46,75.75,76.7,77.77,-1.07,-1.3759,79372.57,612906.173,2.4135,0.5,121.4042,10.7065,3508144.415
300474.SZ,2023-10-16,74.76,76.58,72.76,73.19,76.7,-3.51,-4.5763,87750.64,654026.13,2.6682,0.65,115.8484,10.2166,3347602.2129
300474.SZ,2023-10-17,73.26,75.8,73.26,74.08,73.19,0.89,1.216,73534.89,547204.528,2.236,0.62,117.2572,10.3408,3388309.4949
300474.SZ,2023-10-18,79.98,81.0,76.28,76.66,74.08,2.58,3.4827,177559.15,1387147.869,5.399,1.89,121.3409,10.7009,3506314.8742
300474.SZ,2023-10-19,76.83,89.42,76.83,84.23,76.66,7.57,9.8748,349035.81,2961950.317,10.6131,3.47,133.323,11.7576,3852555.4638
300474.SZ,2023-10-20,82.1,86.19,80.35,83.14,84.23,-1.09,-1.2941,242784.64,2030253.363,7.3823,1.58,131.5977,11.6055,3802700.478
300474.SZ,2023-10-23,81.5,86.48,76.71,78.32,83.14,-4.82,-5.7975,227655.47,1832088.722,6.9223,1.22,123.9684,10.9327,3582240.8159
300474.SZ,2023-10-24,76.83,78.78,74.32,76.9,78.32,-1.42,-1.8131,153102.97,1170266.28,4.6554,0.72,121.7208,10.7344,3517292.1188
300474.SZ,2023-10-25,78.7,82.33,77.91,80.72,76.9,3.82,4.9675,181688.19,1461348.378,5.5246,0.79,127.7672,11.2677,3692013.2618
300474.SZ,2023-10-26,80.0,83.58,77.77,81.8,80.72,1.08,1.338,183224.58,1478496.731,5.5713,0.79,129.4767,11.4184,3741410.8624
300474.SZ,2023-10-27,81.0,82.88,79.21,80.64,81.8,-1.16,-1.4181,140701.76,1137066.869,4.2783,0.71,127.6406,11.2565,3688354.1802
300474.SZ,2023-10-30,79.3,83.54,78.62,82.85,80.64,2.21,2.7406,165256.85,1349846.414,5.0246,0.93,131.145,11.0953,3789619.4888
300474.SZ,2023-10-31,82.88,82.88,80.72,82.15,82.85,-0.7,-0.8449,101709.76,832081.274,3.0925,0.62,130.037,11.0016,3757600.9777
300474.SZ,2023-11-01,82.5,85.28,81.5,83.4,82.15,1.25,1.5216,155132.01,1296811.693,4.7168,1.0,132.0156,11.169,3814776.8903
300474.SZ,2023-11-02,82.5,83.73,78.89,78.95,83.4,-4.45,-5.3357,143648.2,1160666.771,4.3676,0.96,124.9716,10.573,3611230.6414
300474.SZ,2023-11-03,78.51,80.88,78.48,80.15,78.95,1.2,1.5199,97544.22,777945.949,2.9658,0.69,126.8712,10.7337,3666119.5175
300474.SZ,2023-11-06,81.3,83.3,80.5,82.78,80.15,2.63,3.2813,131486.89,1075495.316,3.9978,0.99,131.0342,11.086,3786417.6377
300474.SZ,2023-11-07,81.8,84.57,81.66,84.03,82.78,1.25,1.51,131437.3,1096400.531,3.9963,1.04,133.0129,11.2534,3843593.5503
300474.SZ,2023-11-08,84.6,88.76,83.04,85.9,84.03,1.87,2.2254,230947.74,1991764.267,7.0219,1.75,135.9729,11.5038,3929128.7156
300474.SZ,2023-11-09,84.89,86.69,82.8,83.21,85.9,-2.69,-3.1315,140525.64,1185587.671,4.2727,0.96,131.7149,11.1435,3806086.1516
300474.SZ,2023-11-10,81.0,88.48,80.65,85.41,83.21,2.2,2.6439,178273.85,1508969.601,5.4204,1.22,135.1973,11.4382,3906715.7578
300474.SZ,2023-11-13,85.32,85.85,83.61,85.79,85.41,0.38,0.4449,103402.95,878511.407,3.1439,0.64,135.7988,11.4891,3924097.2353
300474.SZ,2023-11-14,85.5,89.72,84.79,89.06,85.79,3.27,3.8116,226561.71,1988542.759,6.8886,1.44,140.975,11.927,4073669.4227
300474.SZ,2023-11-15,89.08,89.23,86.3,86.4,89.06,-2.66,-2.9868,160454.46,1409581.41,4.8786,0.91,136.7644,11.5708,3951999.0806
300474.SZ,2023-11-16,86.2,87.55,84.07,84.38,86.4,-2.02,-2.338,105391.32,903044.664,3.2044,0.65,133.5669,11.3002,3859602.8058
300474.SZ,2023-11-17,84.0,86.0,83.76,85.19,84.38,0.81,0.9599,90322.18,769229.747,2.7462,0.58,134.8491,11.4087,3896652.7972
300474.SZ,2023-11-20,85.6,87.18,83.91,86.07,85.19,0.88,1.033,117447.75,1005560.504,3.571,0.86,136.242,11.5266,3936904.6397
300474.SZ,2023-11-21,85.6,86.3,81.88,82.3,86.07,-3.77,-4.3802,127220.95,1065890.159,3.8681,0.91,130.2744,11.0217,3764462.0872
300474.SZ,2023-11-22,82.2,82.9,79.48,79.51,82.3,-2.79,-3.39,112085.3,904685.477,3.4079,0.93,125.8581,10.648,3636845.4503
300474.SZ,2023-11-23,79.15,83.51,78.3,83.23,79.51,3.72,4.6787,144049.44,1170448.822,4.3798,1.3,131.7465,11.1462,3807000.9662
300474.SZ,2023-11-24,82.41,82.88,80.65,80.81,83.23,-2.42,-2.9076,77319.99,630069.096,2.3509,0.65,127.9159,10.8221,3696308.3994
300474.SZ,2023-11-27,79.94,82.98,79.68,82.34,80.81,1.53,1.8933,84992.49,698021.688,2.5842,0.74,130.3377,11.027,3766291.7164
300474.SZ,2023-11-28,82.0,83.13,81.28,81.95,82.34,-0.39,-0.4736,64826.86,532771.215,1.971,0.59,129.7204,10.9748,3748452.8317
300474.SZ,2023-11-29,81.28,83.63,80.8,82.26,81.95,0.31,0.3783,87139.25,716624.69,2.6495,0.9,130.2111,11.0163,3762632.458
300474.SZ,2023-11-30,81.99,83.45,81.16,83.45,82.26,1.19,1.4466,88001.49,727200.066,2.6757,0.96,132.0948,11.1757,3817063.9268
300474.SZ,2023-12-01,82.89,85.28,82.58,84.88,83.45,1.43,1.7136,101970.82,857201.381,3.1004,1.27,134.3584,11.3672,3882473.1709
300474.SZ,2023-12-04,84.0,86.47,79.99,80.05,84.88,-4.83,-5.6904,130449.88,1099032.312,3.9663,1.53,126.7129,10.7204,3661545.4445
300474.SZ,2023-12-05,79.97,79.97,75.0,75.68,80.05,-4.37,-5.4591,148767.69,1139960.225,4.5233,1.57,119.7955,10.1351,3461658.454
300474.SZ,2023-12-06,75.15,77.24,75.03,76.17,75.68,0.49,0.6475,67996.36,518783.834,2.0674,0.61,120.5711,10.2007,3484071.4117
300474.SZ,2023-12-07,75.99,76.79,75.15,76.15,76.17,-0.02,-0.0263,59997.36,456082.163,1.8242,0.56,120.5395,10.1981,3483156.5971
300474.SZ,2023-12-08,76.45,79.75,76.4,78.74,76.15,2.59,3.4012,113409.98,888531.324,3.4482,1.11,124.6392,10.5449,3601625.0881
300474.SZ,2023-12-11,77.86,79.44,77.0,78.99,78.74,0.25,0.3175,69750.32,545206.679,2.1207,0.67,125.035,10.5784,3613060.2706
300474.SZ,2023-12-12,78.8,79.5,76.18,76.37,78.99,-2.62,-3.3169,85918.49,668451.435,2.6123,0.93,120.8877,10.2275,3493219.5577
300474.SZ,2023-12-13,75.81,76.44,71.84,72.42,76.37,-3.95,-5.1722,157207.0,1145882.152,4.7799,1.98,114.6352,9.6985,3312543.6738
300474.SZ,2023-12-14,72.44,72.98,71.37,72.2,72.42,-0.22,-0.3038,75304.51,544403.687,2.2896,0.77,114.2869,9.6691,3302480.7132
300474.SZ,2023-12-15,72.56,72.68,71.7,71.87,72.2,-0.33,-0.4571,42650.58,307685.125,1.2968,0.43,113.7646,9.6249,3287386.2723
300474.SZ,2023-12-18,71.8,71.8,70.0,70.22,71.87,-1.65,-2.2958,49853.26,352885.514,1.5158,0.58,111.1527,9.4039,3211914.0676
300474.SZ,2023-12-19,70.22,73.0,70.22,72.21,70.22,1.99,2.834,62691.26,450186.988,1.9061,0.76,114.3028,9.6704,3302938.1205
300474.SZ,2023-12-20,71.91,72.18,70.5,70.62,72.21,-1.59,-2.2019,40189.98,286169.763,1.222,0.52,111.7859,9.4575,3230210.3597
300474.SZ,2023-12-21,70.08,71.91,69.88,71.42,70.62,0.8,1.1328,42859.91,304633.906,1.3031,0.79,113.0522,9.5646,3266802.9437
300474.SZ,2023-12-22,71.08,72.1,70.1,70.75,71.42,-0.67,-0.9381,49320.74,351288.767,1.4996,1.04,111.9917,9.4749,3236156.6546
300474.SZ,2023-12-25,70.5,71.55,66.0,69.28,70.75,-1.47,-2.0777,56733.58,391000.987,1.725,1.16,109.6648,9.278,3168917.7813
300474.SZ,2023-12-26,69.02,69.6,67.5,67.8,69.28,-1.48,-2.1363,48532.36,330917.542,1.4756,0.96,107.3221,9.0798,3101221.5008
300474.SZ,2023-12-27,67.81,69.07,67.81,68.32,67.8,0.52,0.767,32016.58,219738.446,0.9735,0.67,108.1452,9.1495,3125006.6804
300474.SZ,2023-12-28,68.16,70.38,68.05,69.89,68.32,1.57,2.298,45212.87,314151.805,1.3747,0.99,110.6304,9.3597,3196819.6267
300474.SZ,2023-12-29,70.1,70.98,69.77,70.71,69.89,0.82,1.1733,42498.42,299746.048,1.2922,0.92,111.9284,9.4695,3234327.0254
300474.SZ,2024-01-02,70.71,74.67,70.0,72.72,70.71,2.01,2.8426,95509.41,692070.373,2.9039,2.12,115.11,9.7387,3326265.8929
300474.SZ,2024-01-03,71.58,72.3,70.6,70.91,72.72,-1.81,-2.489,53509.81,381134.019,1.627,1.01,112.245,9.4963,3243475.1714
300474.SZ,2024-01-04,70.12,71.81,69.92,69.96,70.91,-0.95,-1.3397,39943.91,282480.301,1.2145,0.74,110.7412,9.3691,3200021.4778
300474.SZ,2024-01-05,69.35,70.42,67.91,68.08,69.96,-1.88,-2.6872,41859.47,288576.949,1.2727,0.76,107.7653,9.1173,3114028.9052
300474.SZ,2024-01-08,67.88,68.45,65.23,65.39,68.08,-2.69,-3.9512,48273.05,320784.27,1.4677,0.88,103.5072,8.7571,2990986.3412
300474.SZ,2024-01-09,65.6,66.5,64.28,64.66,65.39,-0.73,-1.1164,47198.79,308284.361,1.4351,0.85,102.3517,8.6593,2957595.6083
300474.SZ,2024-01-10,64.7,64.73,62.45,63.42,64.66,-1.24,-1.9177,47062.39,298644.984,1.4309,1.02,100.3889,8.4933,2900877.1029
300474.SZ,2024-01-11,63.41,64.87,63.34,64.38,63.42,0.96,1.5137,41760.73,268393.622,1.2697,0.93,101.9085,8.6218,2944788.2038
300474.SZ,2024-01-12,64.01,64.6,63.11,63.15,64.38,-1.23,-1.9105,37390.36,238121.073,1.1368,0.83,99.9615,8.4571,2888527.1058
300474.SZ,2024-01-15,63.13,64.7,62.38,62.55,63.15,-0.6,-0.9501,48619.9,307854.164,1.4783,1.1,99.0117,8.3767,2861082.6678
300474.SZ,2024-01-16,62.78,63.0,60.14,61.39,62.55,-1.16,-1.8545,77021.14,472068.823,2.3418,1.73,97.1755,8.2214,2808023.4208
300474.SZ,2024-01-17,61.29,61.52,59.15,59.22,61.39,-2.17,-3.5348,50186.16,301871.935,1.5259,1.0,93.7406,7.9308,2708766.0365
300474.SZ,2024-01-18,58.81,60.28,57.38,60.24,59.22,1.02,1.7224,75303.57,441026.614,2.2896,1.48,95.3552,8.0674,2755421.5812
300474.SZ,2024-01-19,60.24,60.79,59.1,59.18,60.24,-1.06,-1.7596,40032.73,239241.802,1.2172,0.69,93.6773,7.9254,2706936.4073
300474.SZ,2024-01-22,59.68,59.96,54.99,55.58,59.18,-3.6,-6.0831,59724.62,341559.571,1.8159,1.03,87.9788,7.4433,2542269.779
300474.SZ,2024-01-23,54.64,57.44,53.88,56.77,55.58,1.19,2.1411,71977.19,402363.506,2.1885,1.19,89.8624,7.6027,2596701.2478
300474.SZ,2024-01-24,57.02,57.39,54.48,56.33,56.77,-0.44,-0.7751,61051.17,340143.391,1.8562,1.03,89.166,7.5438,2576575.3265
300474.SZ,2024-01-25,56.08,58.18,55.62,58.03,56.33,1.7,3.0179,59778.48,341747.782,1.8176,0.97,91.8569,7.7714,2654334.5677
300474.SZ,2024-01-26,57.7,57.97,56.5,56.54,58.03,-1.49,-2.5676,48403.9,277422.813,1.4717,0.83,89.4984,7.5719,2586180.8799
300474.SZ,2024-01-29,56.66,58.36,55.38,55.38,56.54,-1.16,-2.0516,63295.76,359835.095,1.9245,1.05,87.6622,7.4165,2533121.6329
300474.SZ,2024-01-30,55.29,56.33,53.44,53.5,55.38,-1.88,-3.3947,54236.64,297175.001,1.6491,0.89,84.6863,7.1648,2447129.0604
300474.SZ,2024-01-31,52.96,53.96,50.5,50.72,53.5,-2.78,-5.1963,99269.36,516987.666,3.0183,1.73,80.2858,6.7925,2319969.8307
300474.SZ,2024-02-01,50.59,52.3,49.8,51.03,50.72,0.31,0.6112,71916.21,368410.38,2.1866,1.11,80.7765,6.834,2334149.457
300474.SZ,2024-02-02,50.86,51.6,45.5,48.25,51.03,-2.78,-5.4478,97569.23,476482.648,2.9666,1.45,76.376,6.4617,2206990.2273
300474.SZ,2024-02-05,47.53,48.94,42.31,44.69,48.25,-3.56,-7.3782,116967.49,531182.321,3.5564,1.51,70.7408,5.9849,2044153.2282
300474.SZ,2024-02-06,43.8,49.58,43.8,49.4,44.69,4.71,10.5393,101064.95,477186.317,3.0729,1.15,78.1963,6.6157,2259592.0669
300474.SZ,2024-02-07,49.4,52.97,49.01,52.4,49.4,3.0,6.0729,115295.6,598251.572,3.5055,1.18,82.9451,7.0174,2396814.2572
300474.SZ,2024-02-08,52.99,56.38,52.87,54.25,52.4,1.85,3.5305,102711.45,565791.618,3.1229,1.02,85.8735,7.2652,2481434.6079
300474.SZ,2024-02-19,57.5,59.87,56.51,58.9,54.25,4.65,8.5714,140863.11,818627.165,4.2829,1.32,93.2341,7.8879,2694129.0029
300474.SZ,2024-02-20,57.01,58.07,56.38,57.26,58.9,-1.64,-2.7844,91763.01,525002.885,2.79,0.8,90.6381,7.6683,2619114.2055
300474.SZ,2024-02-21,56.32,58.71,56.04,56.89,57.26,-0.37,-0.6462,79724.52,459884.639,2.424,0.72,90.0524,7.6188,2602190.1354
300474.SZ,2024-02-22,58.1,60.76,58.1,58.69,56.89,1.8,3.164,119304.63,705317.2,3.6274,1.12,92.9017,7.8598,2684523.4496
300474.SZ,2024-02-23,60.0,60.34,58.69,59.42,58.69,0.73,1.2438,99686.35,591380.439,3.0309,0.93,94.0572,7.9576,2717914.1825
300474.SZ,2024-02-26,58.81,61.6,58.53,59.99,59.42,0.57,0.9593,109191.46,659283.282,3.3199,1.03,94.9595,8.0339,2743986.3987
300474.SZ,2024-02-27,59.23,65.0,58.88,63.26,59.99,3.27,5.4509,159651.11,984909.324,4.8542,1.6,100.1356,8.4718,2893558.5861
300474.SZ,2024-02-28,63.28,64.66,58.87,58.88,63.26,-4.38,-6.9238,159124.3,988008.626,4.8381,1.4,93.2024,7.8853,2693214.1883
300474.SZ,2024-02-29,58.0,63.19,58.0,63.0,58.88,4.12,6.9973,147397.29,910787.872,4.4816,1.14,99.724,8.437,2881665.9963
300474.SZ,2024-03-01,63.69,66.8,62.71,66.05,63.0,3.05,4.8413,160500.35,1045227.976,4.88,1.19,104.552,8.8455,3021175.2231
300474.SZ,2024-03-04,66.8,68.83,65.51,67.63,66.05,1.58,2.3921,172117.53,1156642.478,5.2332,1.17,107.053,9.0571,3093445.5767
300474.SZ,2024-03-05,66.86,72.5,65.6,68.62,67.63,0.99,1.4638,211743.35,1454717.02,6.438,1.33,108.6201,9.1896,3138728.8995
300474.SZ,2024-03-06,68.0,75.22,67.5,73.34,68.62,4.72,6.8785,255340.61,1835570.367,7.7636,1.5,116.0915,9.8217,3354625.1455
300474.SZ,2024-03-07,73.87,73.87,68.98,70.55,73.34,-2.79,-3.8042,186303.03,1320501.337,5.6645,0.98,111.6751,9.4481,3227008.5086
300474.SZ,2024-03-08,70.66,76.42,69.5,75.8,70.55,5.25,7.4415,209202.8,1522332.112,6.3608,1.06,119.9854,10.1512,3467147.3416
300474.SZ,2024-03-11,74.0,78.98,73.08,76.05,75.8,0.25,0.3298,230924.03,1755036.428,7.0212,1.12,120.3812,10.1847,3478582.5241
300474.SZ,2024-03-12,75.49,79.66,73.96,77.88,76.05,1.83,2.4063,245294.73,1884134.69,7.4581,1.12,123.2779,10.4297,3562288.0602
300474.SZ,2024-03-13,87.04,93.4,86.02,87.41,77.88,9.53,12.2368,533619.34,4774516.977,16.2246,2.37,138.3632,11.706,3998197.218
300474.SZ,2024-03-14,84.6,92.5,83.0,92.5,87.41,5.09,5.8231,473859.76,4175125.878,14.4076,1.69,146.4202,12.3877,4231017.5343
300474.SZ,2024-03-15,91.83,93.29,87.5,90.0,92.5,-2.5,-2.7027,365171.55,3282775.091,11.103,1.08,142.4629,12.0529,4116665.709
300474.SZ,2024-03-18,89.0,92.3,88.0,89.76,90.0,-0.24,-0.2667,305956.84,2759025.177,9.3026,0.83,142.083,12.0207,4105687.9338
300474.SZ,2024-03-19,87.97,87.98,83.9,84.0,89.76,-5.76,-6.4171,331458.65,2830966.686,10.0779,0.86,132.9654,11.2493,3842221.3284
300474.SZ,2024-03-20,83.15,85.83,82.85,83.65,84.0,-0.35,-0.4167,194555.38,1636657.162,5.9154,0.48,132.4114,11.2025,3826212.0729
300474.SZ,2024-03-21,83.1,85.3,80.62,84.21,83.65,0.56,0.6695,300596.78,2486622.082,9.1396,0.9,133.2978,11.2775,3851826.8817
300474.SZ,2024-03-22,83.25,84.68,81.11,81.25,84.21,-2.96,-3.515,185836.91,1533508.2,5.6503,0.62,128.6124,10.8811,3716434.3206
300474.SZ,2024-03-25,80.53,82.15,77.78,77.97,81.25,-3.28,-4.0369,192178.47,1537934.258,5.8432,0.73,123.4204,10.4418,3566404.7259
300474.SZ,2024-03-26,77.59,78.69,73.8,75.34,77.97,-2.63,-3.3731,220155.95,1668544.704,6.6938,0.91,119.2573,10.0896,3446106.6057
300474.SZ,2024-03-27,74.69,77.2,72.0,73.0,75.34,-2.34,-3.1059,203159.25,1517648.749,6.177,0.93,115.5533,9.7762,3339073.2973
300474.SZ,2024-03-28,72.83,75.76,72.83,74.28,73.0,1.28,1.7534,173496.66,1292679.179,5.2751,0.79,117.5794,9.9476,3397621.4318
300474.SZ,2024-03-29,73.72,75.15,72.61,73.9,74.28,-0.38,-0.5116,127510.47,939701.734,3.8769,0.65,116.9779,9.8967,3380239.9544
300474.SZ,2024-04-01,74.98,76.5,74.19,75.88,73.9,1.98,2.6793,155998.82,1180034.074,4.7431,0.85,120.1121,10.1619,3470806.6
300474.SZ,2024-04-02,75.13,75.71,71.2,71.7,75.88,-4.18,-5.5087,185232.87,1355353.337,5.632,1.05,113.4955,9.6021,3279610.3482
300474.SZ,2024-04-03,71.29,71.87,69.1,69.48,71.7,-2.22,-3.0962,127738.37,898174.944,3.8839,0.76,109.9814,9.3048,3178065.9273
300474.SZ,2024-04-08,69.29,70.53,68.88,69.08,69.48,-0.4,-0.5757,82100.3,572970.167,2.4962,0.53,109.3482,9.2512,3159769.6353
300474.SZ,2024-04-09,69.0,69.46,67.43,68.26,69.08,-0.82,-1.187,79633.16,543364.179,2.4212,0.59,108.0502,9.1414,3122262.2366
300474.SZ,2024-04-10,67.74,68.26,65.25,65.28,68.26,-2.98,-4.3657,103313.8,682872.431,3.1412,0.82,103.3331,8.7423,2985954.8609
300474.SZ,2024-04-11,65.05,67.47,65.05,65.91,65.28,0.63,0.9651,97340.35,644032.441,2.9596,0.84,104.3304,8.8267,3014771.5209
300474.SZ,2024-04-12,66.2,67.99,66.2,66.78,65.91,0.87,1.32,105914.15,713065.077,3.2203,1.08,105.7075,8.9432,3054565.9561
300474.SZ,2024-04-15,66.78,66.99,63.17,64.09,66.78,-2.69,-4.0282,116874.54,757416.26,3.5535,1.25,101.4494,8.583,2931523.3921
300474.SZ,2024-04-16,63.4,64.85,60.0,60.03,64.09,-4.06,-6.3348,108028.14,665504.346,3.2724,1.07,95.2772,8.0608,2753169.4208
300474.SZ,2024-04-17,61.23,65.18,61.23,64.75,60.03,4.72,7.8627,122097.13,776453.404,3.6986,1.15,102.7686,8.6946,2969643.8447
300474.SZ,2024-04-18,63.71,66.0,63.43,64.15,64.75,-0.6,-0.9266,107625.67,697150.004,3.2602,0.98,101.8163,8.614,2942125.9094
300474.SZ,2024-04-19,63.3,65.3,62.62,63.32,64.15,-0.83,-1.2938,71386.32,455200.349,2.1624,0.64,100.499,8.5026,2904059.4323
300474.SZ,2024-04-22,61.5,64.17,60.5,63.27,63.32,-0.05,-0.079,90757.74,567311.21,2.7492,0.86,100.4196,8.4959,2901766.2711
300474.SZ,2024-04-23,63.2,64.83,63.2,63.7,63.27,0.43,0.6796,71143.34,455157.393,2.1551,0.71,101.1021,8.5536,2921487.458
300474.SZ,2024-04-24,63.7,67.0,63.6,66.65,63.7,2.95,4.6311,125773.21,828072.332,3.8099,1.36,105.7842,8.9497,3056783.9729
300474.SZ,2024-04-25,66.6,66.6,65.1,65.36,66.65,-1.29,-1.9355,95223.99,626313.362,2.8845,1.02,502.2726,8.744,2997620.4121
300474.SZ,2024-04-26,67.4,69.5,66.99,69.2,65.36,3.84,5.8752,162047.07,1110749.261,4.9086,1.78,531.7819,9.2578,3173735.1977
300474.SZ,2024-04-29,69.01,71.76,68.58,69.74,69.2,0.54,0.7803,152998.38,1079995.204,4.6345,1.4,535.9317,9.33,3198501.3394
300474.SZ,2024-04-30,69.73,71.15,69.16,69.94,69.74,0.2,0.2868,101529.83,711479.873,3.0755,0.84,537.4686,9.3568,3207673.9845
300474.SZ,2024-05-06,70.9,71.28,69.28,69.78,69.94,-0.16,-0.2288,94690.97,664007.472,2.8683,0.74,536.239,9.3354,3200335.8684
300474.SZ,2024-05-07,69.77,70.8,68.8,69.64,69.78,-0.14,-0.2006,87561.8,612806.317,2.6524,0.72,535.1632,9.3166,3193915.0169
300474.SZ,2024-05-08,68.99,71.53,68.0,69.82,69.64,0.18,0.2585,101186.54,710906.54,3.0651,0.84,536.5464,9.3407,3202170.3974
300474.SZ,2024-05-09,69.21,73.05,69.01,72.61,69.82,2.79,3.996,143613.72,1030016.682,4.3503,1.33,557.9868,9.714,3330128.7963
300474.SZ,2024-05-10,72.0,72.32,69.8,70.35,72.61,-2.26,-3.1125,109348.09,773119.405,3.3123,1.03,540.6193,9.4116,3226477.9069
300474.SZ,2024-05-13,69.5,69.98,67.52,67.98,70.35,-2.37,-3.3689,88749.16,608463.362,2.6883,0.83,522.4066,9.0946,3117782.0627
300474.SZ,2024-05-14,68.96,70.34,67.75,68.86,67.98,0.88,1.2945,74583.12,514426.343,2.2592,0.7,529.1691,9.2123,3158141.701
300474.SZ,2024-05-15,68.29,69.35,67.2,67.61,68.86,-1.25,-1.8153,73505.64,500939.078,2.2266,0.71,519.5632,9.0451,3100812.6693
300474.SZ,2024-05-16,68.29,69.44,67.81,68.05,67.61,0.44,0.6508,78055.38,535031.263,2.3644,0.8,522.9445,9.1039,3120992.4885
300474.SZ,2024-05-17,67.05,68.98,66.6,68.69,68.05,0.64,0.9405,77619.14,526852.543,2.3512,0.91,527.8627,9.1895,3150344.9527
300474.SZ,2024-05-20,68.05,70.76,67.68,70.12,68.69,1.43,2.0818,93197.34,649839.664,2.8231,1.19,538.8518,9.3808,3215929.365
300474.SZ,2024-05-21,69.77,70.59,68.38,68.51,70.12,-1.61,-2.2961,71584.95,495739.491,2.1684,0.9,526.4795,9.1655,3142089.5722
300474.SZ,2024-05-22,68.6,68.67,67.35,67.99,68.51,-0.52,-0.759,57319.77,388871.631,1.7363,0.73,522.4834,9.0959,3118240.6949
300474.SZ,2024-05-23,68.49,68.57,65.82,65.82,67.99,-2.17,-3.1916,84490.92,563912.39,2.5594,1.12,505.8076,8.8056,3018717.4958
300474.SZ,2024-05-24,66.42,67.22,63.93,64.06,65.82,-1.76,-2.674,78595.98,515402.52,2.3808,1.02,492.2825,8.5701,2937998.2191
300474.SZ,2024-05-27,64.65,67.26,63.0,67.21,64.06,3.15,4.9173,108507.67,708789.623,3.2869,1.41,516.4893,8.9915,3082467.3791
300474.SZ,2024-05-28,68.11,72.2,66.4,69.25,67.21,2.04,3.0353,200788.5,1400054.76,6.0822,2.51,532.1661,9.2645,3176028.359
300474.SZ,2024-05-29,68.5,69.55,67.18,67.62,69.25,-1.63,-2.3538,107298.76,730589.647,3.2502,1.01,519.6401,9.0464,3101271.3015
300474.SZ,2024-05-30,66.5,70.34,65.9,69.17,67.62,1.55,2.2922,120819.86,826448.824,3.6598,1.04,531.5514,9.2538,3172359.3009
300474.SZ,2024-05-31,68.81,70.76,68.69,69.35,69.17,0.18,0.2602,106153.41,738744.556,3.2155,0.86,532.9346,9.2778,3180614.6815
300474.SZ,2024-06-03,70.7,70.71,68.28,68.92,69.35,-0.43,-0.62,105095.6,731213.895,3.1835,0.82,529.6302,9.2203,3160893.4946
300474.SZ,2024-06-04,70.3,71.63,69.11,69.9,68.92,0.98,1.4219,117289.84,823766.223,3.5529,0.92,537.1612,9.3514,3205839.4555
300474.SZ,2024-06-05,69.3,70.3,67.46,67.57,69.78,-2.21,-3.1671,98094.9,677709.952,2.9658,0.88,519.2558,9.1872,3098978.1403
300474.SZ,2024-06-06,68.25,69.03,66.56,67.51,67.57,-0.06,-0.0888,100269.42,681256.672,3.0315,0.92,518.7947,9.179,3096226.3468
300474.SZ,2024-06-07,67.86,68.23,64.51,66.45,67.51,-1.06,-1.5701,113008.01,748907.644,3.4166,1.07,510.649,9.0349,3047611.3278
300474.SZ,2024-06-11,65.6,69.0,65.5,69.0,66.45,2.55,3.8375,117596.8,795726.989,3.5554,1.1,530.245,9.3816,3164562.5526
300474.SZ,2024-06-12,68.5,69.3,68.27,68.46,69.0,-0.54,-0.7826,75483.02,518572.439,2.2821,0.69,526.0952,9.3082,3139796.4109
300474.SZ,2024-06-13,68.81,70.16,68.15,68.62,68.46,0.16,0.2337,112782.65,782626.23,3.4098,1.12,527.3248,9.33,3147134.5269
300474.SZ,2024-06-14,68.68,69.59,67.02,69.5,68.62,0.88,1.2824,101398.46,694886.269,3.0656,0.98,534.0873,9.4496,3187494.1653
300474.SZ,2024-06-17,69.03,71.28,68.88,70.33,69.5,0.83,1.1942,118530.37,832815.036,3.5836,1.14,540.4656,9.5625,3225560.6424
300474.SZ,2024-06-18,70.22,70.99,69.51,69.92,70.33,-0.41,-0.583,93053.96,652408.497,2.8134,0.88,537.3149,9.5067,3206756.72
300474.SZ,2024-06-19,69.98,71.15,68.45,70.19,69.92,0.27,0.3862,115387.4,805038.51,3.4886,1.15,539.3898,9.5434,3219139.7908
300474.SZ,2024-06-20,69.5,70.72,67.86,67.95,70.19,-2.24,-3.1913,113104.0,785353.697,3.4195,1.05,522.176,9.2389,3116406.1659
300474.SZ,2024-06-21,66.97,68.19,65.73,67.81,67.95,-0.14,-0.206,87218.49,582863.816,2.6369,0.81,521.1002,9.2198,3109985.3144
300474.SZ,2024-06-24,67.02,67.79,64.95,65.11,67.81,-2.7,-3.9817,80954.31,536392.685,2.4475,0.77,500.3514,8.8527,2986154.6058
300474.SZ,2024-06-25,64.98,65.48,61.8,62.87,65.11,-2.24,-3.4403,93575.81,591949.191,2.8291,0.96,483.1377,8.5482,2883420.9809
300474.SZ,2024-06-26,62.99,64.63,62.23,64.5,62.87,1.63,2.5927,61297.75,389012.529,1.8533,0.63,495.6638,8.7698,2958178.0383
300474.SZ,2024-06-27,64.06,64.36,62.86,62.97,64.5,-1.53,-2.3721,47910.81,304973.574,1.4485,0.55,483.9062,8.5618,2888007.3034
300474.SZ,2024-06-28,62.6,64.02,62.52,63.23,62.97,0.26,0.4129,57283.35,363272.409,1.7319,0.77,485.9042,8.5971,2899931.742
300474.SZ,2024-07-01,62.96,63.68,60.9,62.76,63.23,-0.47,-0.7433,62142.07,386350.462,1.8788,0.91,482.2924,8.5332,2878376.0261
300474.SZ,2024-07-02,62.38,63.46,61.87,62.06,62.76,-0.7,-1.1154,44765.49,280165.618,1.3534,0.69,476.9131,8.438,2846271.7683
300474.SZ,2024-07-03,62.06,62.35,60.48,61.23,62.06,-0.83,-1.3374,49448.16,303015.85,1.495,0.9,470.5348,8.3252,2808205.2912
300474.SZ,2024-07-04,61.51,61.77,59.62,59.67,61.23,-1.56,-2.5478,49656.69,300344.619,1.5013,0.95,458.5466,8.1131,2736658.6596
300474.SZ,2024-07-05,59.74,60.35,58.13,59.91,59.67,0.24,0.4022,59788.71,353496.333,1.8076,1.14,460.391,8.1457,2747665.8337
300474.SZ,2024-07-08,59.69,59.96,57.62,57.9,59.91,-2.01,-3.355,51446.32,302494.172,1.5554,0.97,444.9447,7.8724,2655480.7507
300474.SZ,2024-07-09,57.5,60.3,57.5,60.28,57.9,2.38,4.1105,77455.48,458681.426,2.3418,1.52,463.2343,8.196,2764635.2271
300474.SZ,2024-07-10,59.98,60.83,59.62,60.07,60.28,-0.21,-0.3484,46778.43,281919.532,1.4143,0.81,461.6205,8.1675,2755003.9498
300474.SZ,2024-07-11,61.22,61.49,60.0,60.86,60.07,0.79,1.3151,61429.35,373484.53,1.8572,1.08,467.6914,8.2749,2791235.8978
300474.SZ,2024-07-12,60.35,60.55,59.62,60.35,60.86,-0.51,-0.838,42766.86,256732.069,1.293,0.72,463.7722,8.2055,2767845.6529
300474.SZ,2024-07-15,60.6,60.87,59.69,59.89,60.35,-0.46,-0.7622,38283.5,230650.399,1.1575,0.68,460.2373,8.143,2746748.5692
300474.SZ,2024-07-16,59.87,66.41,59.67,65.27,59.89,5.38,8.9831,185212.67,1181797.568,5.5997,3.47,501.581,8.8745,2993492.7219
300474.SZ,2024-07-17,64.45,65.56,63.28,63.3,65.27,-1.97,-3.0182,99447.11,640149.081,3.0067,1.33,486.4421,8.6066,2903142.1678
300474.SZ,2024-07-18,62.7,65.5,62.15,64.96,63.3,1.66,2.6224,114678.69,733243.645,3.4672,1.34,499.1987,8.8323,2979275.122
300474.SZ,2024-07-19,64.6,68.88,64.6,67.71,64.96,2.75,4.2334,167444.57,1127325.436,5.0625,1.74,520.3317,9.2062,3105398.9918
300474.SZ,2024-07-22,67.2,68.2,67.09,67.45,67.71,-0.26,-0.384,82510.64,557135.671,2.4946,0.68,518.3337,9.1709,3093474.5532
300474.SZ,2024-07-23,67.28,67.28,63.83,63.96,67.45,-3.49,-5.1742,93393.07,610419.318,2.8236,0.72,491.514,8.6964,2933411.8966
300474.SZ,2024-07-24,63.0,67.25,62.97,65.06,63.96,1.1,1.7198,118521.67,777171.458,3.5833,1.06,499.9672,8.8459,2983861.4445
300474.SZ,2024-07-25,65.04,68.6,64.9,66.08,65.06,1.02,1.5678,139747.11,935509.039,4.2251,1.21,507.8056,8.9846,3030641.9344
300474.SZ,2024-07-26,66.0,66.59,63.91,64.76,66.08,-1.32,-1.9976,98618.21,640211.688,2.9816,0.82,497.6618,8.8051,2970102.4769
300474.SZ,2024-07-29,64.59,64.77,63.5,63.62,64.76,-1.14,-1.7603,56134.2,358813.352,1.6971,0.53,488.9012,8.6501,2917818.3999
300474.SZ,2024-07-30,63.21,64.82,63.21,63.9,63.62,0.28,0.4401,56306.27,360617.366,1.7023,0.56,491.0529,8.6882,2930660.1031
300474.SZ,2024-07-31,63.44,66.29,63.25,65.91,63.9,2.01,3.1455,92248.78,602504.664,2.789,0.98,506.4992,8.9615,3022845.1861
300474.SZ,2024-08-01,66.49,66.88,65.51,65.78,65.91,-0.13,-0.1972,84829.68,561326.659,2.5647,0.96,505.5002,8.9438,3016882.9668
300474.SZ,2024-08-02,65.0,65.65,63.8,64.01,65.78,-1.77,-2.6908,67776.9,438309.5,2.0491,0.87,491.8983,8.7032,2935705.0579
300474.SZ,2024-08-05,63.5,64.26,59.8,59.8,64.01,-4.21,-6.5771,105346.13,649201.059,3.185,1.47,459.5456,8.1307,2742620.8789
300474.SZ,2024-08-06,61.0,61.5,60.03,60.93,59.8,1.13,1.8896,48754.54,295819.092,1.474,0.6,468.2294,8.2844,2794446.3236
300474.SZ,2024-08-07,61.0,61.55,60.36,60.46,60.93,-0.47,-0.7714,42770.57,260820.94,1.2931,0.54,464.6175,8.2205,2772890.6077
300474.SZ,2024-08-08,60.0,60.15,58.43,59.28,60.46,-1.18,-1.9517,56835.8,337033.152,1.7184,0.81,455.5496,8.06,2718772.0017
300474.SZ,2024-08-09,59.93,60.38,59.6,59.79,59.28,0.51,0.8603,44139.59,264902.857,1.3345,0.69,459.4688,8.1294,2742162.2467
300474.SZ,2024-08-12,59.79,60.05,58.6,58.9,59.79,-0.89,-1.4885,34314.88,203102.443,1.0375,0.58,452.6294,8.0084,2701343.9761
300474.SZ,2024-08-13,59.18,59.74,58.8,59.63,58.9,0.73,1.2394,29050.23,172164.169,0.8783,0.64,458.2392,8.1076,2734824.1306
300474.SZ,2024-08-14,59.7,60.58,59.11,59.12,59.63,-0.51,-0.8553,40640.14,242974.806,1.2287,0.98,454.32,8.0383,2711433.8856
300474.SZ,2024-08-15,59.01,60.15,58.71,59.75,59.12,0.63,1.0656,37077.3,221182.485,1.121,0.9,459.1614,8.1239,2740327.7177
300474.SZ,2024-08-16,59.65,60.1,59.61,59.74,59.75,-0.01,-0.0167,33019.31,197604.49,0.9983,0.89,459.0846,8.1226,2739869.0854
300474.SZ,2024-08-19,59.7,60.39,59.3,59.91,59.74,0.17,0.2846,32756.46,196411.924,0.9903,0.94,460.391,8.1457,2747665.8337
300474.SZ,2024-08-20,59.92,60.23,57.76,57.78,59.91,-2.13,-3.5553,49806.0,290784.58,1.5058,1.44,444.0225,7.8561,2649977.1636
300474.SZ,2024-08-21,57.78,58.87,57.3,57.52,57.78,-0.26,-0.45,33165.52,192428.494,1.0027,0.86,442.0245,7.8207,2638052.725
300474.SZ,2024-08-22,57.34,57.8,55.57,55.62,57.52,-1.9,-3.3032,55294.43,311349.866,1.6718,1.49,427.4236,7.5624,2550912.5967
300474.SZ,2024-08-23,55.63,55.94,55.08,55.45,55.62,-0.17,-0.3056,31893.47,177088.311,0.9643,0.78,426.1172,7.5393,2543115.8484
300474.SZ,2024-08-26,55.38,55.86,55.11,55.42,55.45,-0.03,-0.0541,24526.21,136056.146,0.7415,0.6,425.8866,7.5352,2541739.9517
300474.SZ,2024-08-27,55.2,55.42,52.87,53.13,55.42,-2.29,-4.1321,47658.1,256510.675,1.4409,1.22,408.2886,7.2239,2436713.1655
300474.SZ,2024-08-28,53.07,53.47,52.32,52.72,53.13,-0.41,-0.7717,33203.89,175384.418,1.0039,0.86,405.1379,7.1681,2417909.2431
300474.SZ,2024-08-29,53.75,55.16,53.56,54.49,52.72,1.77,3.3574,73051.0,399212.244,2.235,1.9,418.7398,7.2628,2499087.152
300474.SZ,2024-08-30,54.5,56.96,54.3,56.33,54.49,1.84,3.3768,75319.8,421521.673,2.3044,1.79,432.8797,7.508,2583475.4868
300474.SZ,2024-09-02,55.8,56.47,54.65,54.7,56.33,-1.63,-2.8937,43072.02,238911.081,1.3178,0.85,420.3536,7.2907,2508718.4294
300474.SZ,2024-09-03,55.0,55.46,54.38,55.1,54.7,0.4,0.7313,30689.99,168699.731,0.939,0.56,423.4275,7.3441,2527063.7195
300474.SZ,2024-09-04,54.36,55.38,54.21,54.85,55.1,-0.25,-0.4537,26629.9,146080.499,0.8147,0.52,421.5063,7.3107,2515597.9132
300474.SZ,2024-09-05,54.92,55.79,54.92,55.69,54.85,0.84,1.5314,39545.49,219042.236,1.2099,0.79,427.9615,7.4227,2554123.0225
300474.SZ,2024-09-06,55.52,55.98,54.63,54.73,55.69,-0.96,-1.7238,32743.77,181026.987,1.0018,0.76,420.5842,7.2947,2510094.3261
300474.SZ,2024-09-09,54.01,54.73,53.81,54.37,54.73,-0.36,-0.6578,28891.88,156708.22,0.8839,0.84,417.8177,7.2468,2493583.565
300474.SZ,2024-09-10,54.58,55.26,53.08,54.68,54.37,0.31,0.5702,43318.65,233601.543,1.3253,1.37,420.1999,7.2881,2507801.1649
300474.SZ,2024-09-11,54.4,54.85,54.03,54.58,54.68,-0.1,-0.1829,25181.58,137351.469,0.7704,0.74,419.4315,7.2747,2503214.8423
300474.SZ,2024-09-12,54.7,55.35,53.88,53.88,54.58,-0.7,-1.2825,30130.01,164752.08,0.9218,0.89,414.0522,7.1814,2471110.5846
300474.SZ,2024-09-13,54.2,54.28,52.7,52.7,53.88,-1.18,-2.1901,28897.5,154470.904,0.8841,0.9,404.9842,7.0242,2416991.9786
300474.SZ,2024-09-18,52.97,53.2,51.75,52.19,52.7,-0.51,-0.9677,33528.7,175782.601,1.0258,1.07,401.065,6.9562,2393601.7336
300474.SZ,2024-09-19,52.76,54.0,52.15,53.85,52.19,1.66,3.1807,44706.47,238605.985,1.3678,1.39,413.8216,7.1774,2469734.6878
300474.SZ,2024-09-20,53.7,53.99,52.96,53.15,53.85,-0.7,-1.2999,29791.66,158955.076,0.9115,0.92,408.4423,7.0841,2437630.43
300474.SZ,2024-09-23,53.28,53.98,53.0,53.16,53.15,0.01,0.0188,27422.65,146581.802,0.839,0.82,408.5192,7.0855,2438089.0623
300474.SZ,2024-09-24,53.45,55.3,52.9,55.29,53.16,2.13,4.0068,64065.51,348339.799,1.9601,1.95,424.8876,7.3694,2535777.7324
300474.SZ,2024-09-25,55.81,57.77,55.8,56.04,55.29,0.75,1.3565,88397.12,501952.974,2.7045,2.22,430.6511,7.4693,2570175.1514
300474.SZ,2024-09-26,56.31,58.0,55.53,57.99,56.04,1.95,3.4797,77201.85,439550.957,2.362,1.52,445.6363,7.7293,2659608.4409
300474.SZ,2024-09-27,58.95,65.54,58.9,64.03,57.99,6.04,10.4156,160175.03,994808.593,4.9005,2.79,492.052,8.5343,2936622.3224
300474.SZ,2024-09-30,68.83,76.54,66.8,76.43,64.03,12.4,19.3659,267771.92,1922605.126,8.1925,3.21,587.3424,10.187,3505326.3173
300474.SZ,2024-10-08,91.72,91.72,85.0,91.72,76.43,15.29,20.0052,345290.0,3142017.883,10.5641,2.63,704.8416,12.225,4206575.0337
300474.SZ,2024-10-09,91.26,105.48,84.01,91.69,91.72,-0.03,-0.0327,536304.29,5051574.154,16.4082,2.86,704.611,12.221,4205199.1369
300474.SZ,2024-10-10,90.2,91.5,81.66,83.86,91.69,-7.83,-8.5396,307455.38,2640723.295,9.4066,1.11,644.4398,11.1774,3846090.082
300474.SZ,2024-10-11,81.32,85.0,76.8,78.33,83.86,-5.53,-6.5943,244429.65,1951229.59,7.4783,0.76,601.9433,10.4403,3592466.4456
300474.SZ,2024-10-14,78.32,81.97,77.5,81.53,78.33,3.2,4.0853,229982.91,1839903.731,7.0363,0.68,626.5344,10.8668,3739228.7669
300474.SZ,2024-10-15,81.29,93.51,80.02,86.58,81.53,5.05,6.194,401309.84,3504307.757,12.278,1.21,665.3422,11.5399,3970838.0551
300474.SZ,2024-10-16,81.99,85.7,81.66,83.3,86.58,-3.28,-3.7884,215534.99,1803883.572,6.5943,0.63,640.1363,11.1027,3820406.6758
300474.SZ,2024-10-17,89.15,89.99,84.93,85.6,83.3,2.3,2.7611,272693.77,2367337.807,8.343,0.97,657.8111,11.4093,3925892.0942
300474.SZ,2024-10-18,84.56,98.01,84.0,92.99,85.6,7.39,8.6332,486132.75,4405550.852,14.8732,1.78,714.6012,12.3943,4264821.3299
300474.SZ,2024-10-21,93.11,105.42,93.02,98.0,92.99,5.01,5.3877,533380.86,5317281.163,16.3188,1.66,753.1015,13.062,4494596.0892
300474.SZ,2024-10-22,97.0,102.3,93.58,95.53,98.0,-2.47,-2.5204,357806.19,3490415.448,10.9471,0.94,734.1203,12.7328,4381313.9225
300474.SZ,2024-10-23,93.59,96.5,92.42,93.09,95.53,-2.44,-2.5542,264358.51,2489504.487,8.088,0.71,715.3696,12.4076,4269407.6525
300474.SZ,2024-10-24,91.38,93.0,89.83,90.87,93.09,-2.22,-2.3848,190734.61,1738229.086,5.8355,0.5,698.3096,12.1117,4167591.2921
300474.SZ,2024-10-25,91.5,93.0,89.53,91.16,90.87,0.29,0.3191,196802.03,1793933.165,6.0211,0.54,700.5381,12.1503,4180891.6275
300474.SZ,2024-10-28,94.0,95.21,91.47,92.42,91.16,1.26,1.3822,233601.5,2181216.39,7.147,0.76,710.2209,12.3494,4238679.2915
300474.SZ,2024-10-29,90.93,93.29,88.27,88.8,92.42,-3.62,-3.9169,268418.09,2420793.939,8.2122,1.08,682.4022,11.8657,4072654.4155
300474.SZ,2024-10-30,88.81,89.93,87.3,89.04,88.8,0.24,0.2703,177775.6,1574949.28,5.439,0.77,684.2465,11.8978,4083661.5896
300474.SZ,2024-10-31,89.04,93.65,88.46,92.0,89.04,2.96,3.3243,267807.83,2460510.125,8.1936,1.25,706.9933,12.2933,4219416.7368
300474.SZ,2024-11-01,90.87,91.75,85.35,85.46,92.0,-6.54,-7.1087,231215.24,2027258.603,7.074,1.01,656.7353,11.4194,3919471.2427
300474.SZ,2024-11-04,84.48,87.45,84.48,86.7,85.46,1.24,1.451,113175.02,976100.9,3.4626,0.48,666.2643,11.5851,3976341.6422
300474.SZ,2024-11-05,86.66,92.77,85.71,92.05,86.7,5.35,6.1707,244334.58,2211041.292,7.4754,1.15,707.3775,12.3,4221709.8981
300474.SZ,2024-11-06,92.1,94.68,90.43,91.5,92.05,-0.55,-0.5975,247818.54,2288913.606,7.582,1.2,703.1509,12.2265,4196485.1241
300474.SZ,2024-11-07,91.0,97.88,90.45,95.01,91.5,3.51,3.8361,251635.29,2371755.643,7.6988,1.14,831.989,6.8401,4965405.2377
300474.SZ,2024-11-08,97.0,98.88,93.61,94.13,95.01,-0.88,-0.9262,315141.52,3040928.924,9.6417,1.45,824.2829,6.7768,4919414.7461
300474.SZ,2024-11-11,97.53,103.55,95.63,101.45,94.13,7.32,7.7765,359295.5,3610272.536,10.9926,1.53,888.3831,7.3038,5301972.0173
300474.SZ,2024-11-12,101.46,101.46,94.73,96.4,101.45,-5.05,-4.9778,281880.17,2758819.235,8.6241,0.99,844.161,6.9402,5038049.3097
300474.SZ,2024-11-13,95.0,98.88,93.7,98.06,96.4,1.66,1.722,194966.94,1869892.476,5.965,0.67,858.6974,7.0597,5124804.1007
300474.SZ,2024-11-14,97.99,97.99,92.5,92.99,98.06,-5.07,-5.1703,170905.96,1620502.606,5.2289,0.61,814.3001,6.6947,4859836.1547
300474.SZ,2024-11-15,92.0,94.68,89.49,89.51,92.99,-3.48,-3.7423,164925.54,1516952.531,5.0459,0.62,783.8263,6.4442,4677964.6651
300474.SZ,2024-11-18,89.85,90.4,84.6,85.01,89.51,-4.5,-5.0274,162926.91,1412628.916,4.9847,0.7,744.4204,6.1202,4442786.0147
300474.SZ,2024-11-19,85.2,88.38,84.16,88.27,85.01,3.26,3.8348,142557.96,1230478.244,4.3616,0.73,772.9678,6.3549,4613159.8814
300474.SZ,2024-11-20,87.9,88.98,86.71,88.03,88.27,-0.24,-0.2719,114846.16,1009557.21,3.5137,0.69,770.8661,6.3376,4600617.0201
300474.SZ,2024-11-21,87.54,91.85,87.0,89.22,88.03,1.19,1.3518,166903.63,1499652.349,5.1064,1.1,781.2868,6.4233,4662808.7076
300474.SZ,2024-11-22,88.18,89.8,84.07,84.07,89.22,-5.15,-5.7722,151201.31,1315720.649,4.626,1.01,736.189,6.0525,4393659.8078
300474.SZ,2024-11-25,83.97,85.17,80.94,82.25,84.07,-1.82,-2.1649,134913.38,1111893.073,4.1277,0.91,720.2515,5.9215,4298543.1092
300474.SZ,2024-11-26,82.02,83.09,81.21,81.22,82.25,-1.03,-1.2523,76157.28,625830.218,2.33,0.54,711.2319,5.8474,4244713.3292
300474.SZ,2024-11-27,81.05,84.59,80.1,84.35,81.22,3.13,3.8537,116479.75,964594.469,3.5637,0.9,738.6409,6.0727,4408293.146
300474.SZ,2024-11-28,83.78,86.66,83.17,83.87,84.35,-0.48,-0.5691,125065.42,1062385.832,3.8264,0.97,734.4376,6.0381,4383207.4233
300474.SZ,2024-11-29,83.0,87.87,82.58,86.39,83.87,2.52,3.0047,159938.41,1366552.068,4.8933,1.32,756.5049,6.2196,4514907.4675
300474.SZ,2024-12-02,86.3,87.1,85.86,86.43,86.39,0.04,0.0463,106803.84,922565.433,3.2677,0.87,756.8551,6.2224,4516997.9444
300474.SZ,2024-12-03,86.61,87.49,83.72,84.56,86.43,-1.87,-2.1636,113550.53,971923.208,3.4741,0.97,740.4798,6.0878,4419268.1497
300474.SZ,2024-12-04,90.66,101.47,90.66,97.95,84.56,13.39,15.8349,569051.29,5524656.723,17.4101,4.58,857.7341,7.0518,5119055.2893
300474.SZ,2024-12-05,96.0,96.92,91.76,94.12,97.95,-3.83,-3.9102,442521.88,4162246.924,13.5389,2.06,824.1954,6.7761,4918892.1269
300474.SZ,2024-12-06,94.3,98.0,93.52,95.61,94.12,1.49,1.5831,351358.76,3371343.298,10.7498,1.26,837.2431,6.8833,4996762.3911
300474.SZ,2024-12-09,93.94,95.28,90.82,92.36,95.61,-3.25,-3.3992,230710.26,2133745.368,7.0586,0.73,808.7833,6.6494,4826911.1436
300474.SZ,2024-12-10,100.0,100.0,93.17,93.17,92.36,0.81,0.877,295042.96,2835885.758,9.0268,0.86,815.8764,6.7077,4869243.3007
300474.SZ,2024-12-11,91.8,97.28,90.74,95.86,93.17,2.69,2.8872,303052.96,2839629.639,9.2719,0.8,839.4323,6.9013,5009827.8717
300474.SZ,2024-12-12,96.0,102.65,95.1,100.85,95.86,4.99,5.2055,384072.07,3773297.022,11.7507,1.18,883.129,7.2606,5270614.864
300474.SZ,2024-12-13,97.05,99.78,95.56,95.73,100.85,-5.12,-5.0768,313232.8,3064623.311,9.5833,1.0,838.2939,6.892,5003033.8218
300474.SZ,2024-12-16,94.45,96.72,91.9,92.29,95.73,-3.44,-3.5934,207220.11,1950083.747,6.3399,0.68,808.1703,6.6443,4823252.8091
300474.SZ,2024-12-17,91.5,92.68,89.6,89.9,92.29,-2.39,-2.5897,148812.59,1350797.254,4.5529,0.5,787.2414,6.4723,4698346.8148
300474.SZ,2024-12-18,90.59,94.78,89.01,93.68,89.9,3.78,4.2047,213891.42,1977919.427,6.544,0.79,820.3423,6.7444,4895896.8811
300474.SZ,2024-12-19,91.3,96.77,91.3,95.3,93.68,1.62,1.7293,215444.38,2029786.776,6.5915,0.85,834.5285,6.861,4980561.1952
300474.SZ,2024-12-20,94.47,103.07,94.33,99.47,95.3,4.17,4.3757,366808.6,3630369.635,11.2225,1.67,871.0445,7.1612,5198493.4112
300474.SZ,2024-12-23,99.55,114.44,97.88,104.38,99.47,4.91,4.9362,498601.18,5298681.85,15.2547,2.16,914.0407,7.5147,5455099.4497
300474.SZ,2024-12-24,106.04,106.9,100.02,105.35,104.38,0.97,0.9293,335071.03,3464684.511,10.2515,1.16,922.5349,7.5846,5505793.5143
300474.SZ,2024-12-25,104.8,110.2,103.2,104.0,105.35,-1.35,-1.2814,313258.71,3328609.338,9.5841,0.96,910.7131,7.4874,5435239.9192
300474.SZ,2024-12-26,103.3,109.88,102.36,109.0,104.0,5.0,4.8077,356046.71,3797659.608,10.8932,1.03,954.4974,7.8473,5696549.5307
300474.SZ,2024-12-27,107.31,108.83,101.59,101.69,109.0,-7.31,-6.7064,360190.35,3787582.414,11.02,0.96,890.4848,7.3211,5314514.8787
300474.SZ,2024-12-30,100.8,104.2,100.4,101.62,101.69,-0.07,-0.0688,185627.52,1897761.079,5.6793,0.5,889.8718,7.316,5310856.5441
300474.SZ,2024-12-31,101.36,101.97,93.4,93.49,101.62,-8.13,-8.0004,297037.26,2867366.191,9.0878,0.96,818.6785,6.7307,4885967.1158
300474.SZ,2025-01-02,93.49,94.4,88.48,89.98,93.49,-3.51,-3.7544,230236.63,2107257.173,7.0441,0.76,787.942,6.478,4702527.7686
300474.SZ,2025-01-03,90.04,90.7,85.99,86.33,89.98,-3.65,-4.0565,189634.01,1671406.445,5.8018,0.66,755.9795,6.2152,4511771.7522
300474.SZ,2025-01-06,85.7,88.13,84.5,85.67,86.33,-0.66,-0.7645,131396.92,1129580.959,4.0201,0.52,750.1999,6.1677,4477278.8834
300474.SZ,2025-01-07,86.28,90.72,85.88,90.5,85.67,4.83,5.6379,202473.28,1785407.875,6.1947,0.98,792.4955,6.5155,4729703.9682
300474.SZ,2025-01-08,88.5,92.25,86.03,90.48,90.5,-0.02,-0.0221,210046.96,1868886.322,6.4264,1.0,792.3204,6.514,4728658.7297
300474.SZ,2025-01-09,89.7,92.63,89.51,90.2,90.48,-0.28,-0.3095,169889.67,1549761.694,5.1978,0.88,789.8685,6.4939,4714025.3915
300474.SZ,2025-01-10,90.35,94.48,89.3,89.3,90.2,-0.9,-0.9978,239990.11,2218829.441,7.3425,1.33,781.9873,6.4291,4666989.6614
300474.SZ,2025-01-13,86.0,88.74,84.99,88.22,89.3,-1.08,-1.2094,159651.58,1383829.133,4.8845,0.84,772.5299,6.3513,4610546.7853
300474.SZ,2025-01-14,89.0,93.05,87.82,92.81,88.22,4.59,5.2029,215783.29,1967352.379,6.6019,1.1,812.7239,6.6818,4850429.0087
300474.SZ,2025-01-15,92.0,94.58,91.2,92.43,92.81,-0.38,-0.4094,173329.69,1609504.403,5.303,0.87,809.3963,6.6544,4830569.4782
300474.SZ,2025-01-16,92.5,94.4,88.88,90.49,92.43,-1.94,-2.0989,203199.0,1858364.924,6.2169,1.06,792.408,6.5147,4729181.3489
300474.SZ,2025-01-17,89.5,93.44,89.12,91.76,90.49,1.27,1.4035,161767.91,1482334.845,4.9493,0.82,803.5292,6.6062,4795553.9902
300474.SZ,2025-01-20,89.01,91.35,86.29,90.17,91.76,-1.59,-1.7328,214436.27,1906651.85,6.5607,1.17,789.6058,6.4917,4712457.5338
300474.SZ,2025-01-21,90.18,90.44,88.1,89.26,90.17,-0.91,-1.0092,153769.87,1371480.894,4.7046,0.79,781.637,6.4262,4664899.1845
300474.SZ,2025-01-22,88.68,90.97,88.18,89.28,89.26,0.02,0.0224,123517.4,1102509.858,3.779,0.68,781.8122,6.4276,4665944.4229
300474.SZ,2025-01-23,90.88,91.98,86.3,86.3,89.28,-2.98,-3.3378,199244.96,1776789.464,6.0959,1.16,755.7167,6.2131,4510203.8945
300474.SZ,2025-01-24,86.0,87.33,85.67,86.58,86.3,0.28,0.3244,127902.99,1108760.822,3.9132,0.75,758.1687,6.2332,4524837.2327
300474.SZ,2025-01-27,86.1,86.79,81.7,81.7,86.58,-4.88,-5.6364,172989.83,1448531.812,5.2926,1.06,715.4352,5.8819,4269799.0519
300474.SZ,2025-02-05,84.59,87.88,83.7,86.51,81.7,4.81,5.8874,183921.14,1573522.72,5.6271,1.18,757.5557,6.2282,4521178.8982
300474.SZ,2025-02-06,86.51,91.3,85.5,90.85,86.51,4.34,5.0168,213746.35,1914722.29,6.5396,1.32,795.5604,6.5407,4747995.641
300474.SZ,2025-02-07,90.78,94.28,89.4,91.43,90.85,0.58,0.6384,275900.0,2543302.306,8.4411,1.54,800.6394,6.5824,4778307.5559
300474.SZ,2025-02-10,93.0,94.94,91.43,93.64,91.43,2.21,2.4171,209469.82,1958860.561,6.4087,1.07,819.9921,6.7415,4893806.4042
300474.SZ,2025-02-11,93.52,93.63,90.45,91.49,93.64,-2.15,-2.296,158216.72,1449090.542,4.8406,0.75,801.1648,6.5867,4781443.2712
300474.SZ,2025-02-12,90.79,95.95,90.36,95.47,91.49,3.98,4.3502,301170.31,2814282.371,9.2143,1.45,836.0171,6.8733,4989445.722
300474.SZ,2025-02-13,95.5,95.55,91.84,92.01,95.47,-3.46,-3.6242,192206.15,1792358.472,5.8805,0.83,805.7184,6.6242,4808619.4708
300474.SZ,2025-02-14,91.85,92.29,89.48,90.94,92.01,-1.07,-1.1629,171236.27,1550213.401,5.239,0.75,796.3486,6.5471,4752699.214
300474.SZ,2025-02-17,93.48,94.22,91.6,93.15,90.94,2.21,2.4302,204098.28,1896422.213,6.2444,0.99,815.7012,6.7062,4868198.0622
300474.SZ,2025-02-18,93.0,93.0,88.08,88.58,93.15,-4.57,-4.9061,184583.54,1671016.9,5.6473,0.9,775.6824,6.3772,4629361.0773
300474.SZ,2025-02-19,88.3,90.88,88.3,90.85,88.58,2.27,2.5627,150220.37,1354348.435,4.596,0.71,795.5604,6.5407,4747995.641
300474.SZ,2025-02-20,90.44,90.99,88.83,89.34,90.85,-1.51,-1.6621,128303.07,1148230.204,3.9254,0.71,782.3376,6.4319,4669080.1383
300474.SZ,2025-02-21,89.4,97.94,88.9,95.5,89.34,6.16,6.895,411074.38,3854360.184,12.5768,2.45,836.2798,6.8754,4991013.5797
300474.SZ,2025-02-24,94.89,97.29,93.37,96.2,95.5,0.7,0.733,268405.54,2565270.224,8.2118,1.24,842.4096,6.9258,5027596.9253
300474.SZ,2025-02-25,94.0,97.8,93.51,94.96,96.2,-1.24,-1.289,215826.54,2055262.209,6.6032,0.94,831.5511,6.8365,4962792.1416
300474.SZ,2025-02-26,96.01,101.0,93.68,99.55,94.96,4.59,4.8336,398765.84,3917611.356,12.2002,1.7,871.7451,7.167,5202674.365
300474.SZ,2025-02-27,98.99,100.79,95.0,97.42,99.55,-2.13,-2.1396,294706.27,2878219.078,9.0165,1.04,853.093,7.0137,5091356.4705
300474.SZ,2025-02-28,96.35,96.36,90.0,90.31,97.42,-7.11,-7.2983,248947.59,2309806.506,7.6165,0.78,790.8317,6.5018,4719774.2029
300474.SZ,2025-03-03,90.18,90.95,87.15,88.06,90.31,-2.25,-2.4914,177269.94,1581670.797,5.4236,0.62,771.1288,6.3398,4602184.8777
300474.SZ,2025-03-04,87.67,93.15,86.81,91.52,88.06,3.46,3.9291,177813.2,1608351.994,5.4402,0.67,801.4275,6.5889,4783011.1289
300474.SZ,2025-03-05,90.63,92.18,89.61,90.6,91.52,-0.92,-1.0052,117620.48,1063888.762,3.5986,0.45,793.3712,6.5227,4734930.1604
300474.SZ,2025-03-06,91.8,92.94,91.25,91.6,90.6,1.0,1.1038,155856.5,1434647.899,4.7684,0.77,802.1281,6.5946,4787192.0827
300474.SZ,2025-03-07,90.76,91.51,89.1,90.21,91.6,-1.39,-1.5175,122476.87,1107203.412,3.7472,0.7,789.9561,6.4946,4714548.0107
300474.SZ,2025-03-10,90.0,90.4,88.88,89.59,90.21,-0.62,-0.6873,90793.9,812220.334,2.7778,0.6,784.5268,6.4499,4682145.6189
300474.SZ,2025-03-11,88.06,89.69,87.88,89.67,89.59,0.08,0.0893,92557.0,820116.508,2.8318,0.7,785.2274,6.4557,4686326.5726
300474.SZ,2025-03-12,90.88,90.88,89.0,89.1,89.67,-0.57,-0.6357,103004.51,927653.933,3.1514,0.89,780.2359,6.4147,4656537.2769
300474.SZ,2025-03-13,89.98,89.98,86.21,87.43,89.1,-1.67,-1.8743,113337.77,994859.524,3.4676,1.0,765.612,6.2944,4569259.8667
300474.SZ,2025-03-14,87.2,89.49,86.61,89.19,87.43,1.76,2.013,101710.83,898034.659,3.1118,0.97,781.0241,6.4211,4661240.8499
300474.SZ,2025-03-17,89.5,89.78,88.38,88.89,89.19,-0.3,-0.3364,67165.9,596967.317,2.0549,0.67,778.397,6.3995,4645562.2732
300474.SZ,2025-03-18,89.33,90.55,88.9,89.29,88.89,0.4,0.45,73433.99,658180.854,2.2467,0.77,781.8997,6.4283,4666467.0422
300474.SZ,2025-03-19,89.2,89.2,87.3,87.38,89.29,-1.91,-2.1391,83670.21,734404.53,2.5599,0.91,765.1742,6.2908,4566646.7706
300474.SZ,2025-03-20,87.4,88.07,86.5,86.57,87.38,-0.81,-0.927,74450.46,649286.924,2.2778,0.85,758.0811,6.2325,4524314.6135
300474.SZ,2025-03-21,86.18,86.7,83.86,83.89,86.57,-2.68,-3.0958,101741.72,863070.4,3.1128,1.27,734.6127,6.0396,4384252.6617
300474.SZ,2025-03-24,83.76,86.38,81.8,85.91,83.89,2.02,2.4079,105455.5,886442.496,3.2264,1.32,752.3016,6.185,4489821.7448
300474.SZ,2025-03-25,85.7,85.95,83.21,83.61,85.91,-2.3,-2.6772,69242.11,584571.486,2.1185,0.79,732.1608,6.0194,4369619.3235
300474.SZ,2025-03-26,83.6,84.23,83.1,83.5,83.61,-0.11,-0.1316,44559.59,373010.094,1.3633,0.51,731.1975,6.0115,4363870.5121
300474.SZ,2025-03-27,83.65,84.86,82.51,83.38,83.5,-0.12,-0.1437,58795.41,491956.641,1.7988,0.74,730.1467,6.0029,4357599.0814
300474.SZ,2025-03-28,83.24,83.6,81.5,81.51,83.38,-1.87,-2.2427,66348.55,546353.856,2.0299,0.87,713.7714,5.8682,4259869.2867
300474.SZ,2025-03-31,81.0,81.2,77.15,78.6,81.51,-2.91,-3.5701,114567.5,900078.404,3.5052,1.66,688.2889,5.6587,4107787.0928
300474.SZ,2025-04-01,78.78,79.57,78.2,78.33,78.6,-0.27,-0.3435,52991.84,418196.118,1.6213,0.75,685.9246,5.6393,4093676.3738
300474.SZ,2025-04-02,78.35,78.85,77.59,77.77,78.33,-0.56,-0.7149,45581.0,356045.421,1.3945,0.68,681.0208,5.599,4064409.6973
300474.SZ,2025-04-03,76.96,78.55,76.7,77.88,77.77,0.11,0.1414,53298.89,414557.422,1.6307,0.79,681.984,5.6069,4070158.5087
300474.SZ,2025-04-07,73.6,74.72,62.34,64.5,77.88,-13.38,-17.1803,199544.22,1361831.354,6.105,3.0,564.8173,4.6436,3370893.9884
300474.SZ,2025-04-08,66.9,69.2,65.89,67.5,64.5,3.0,4.6512,147920.52,996173.755,4.5256,1.59,591.0878,4.8596,3527679.7553
300474.SZ,2025-04-09,67.2,73.56,66.03,72.95,67.5,5.45,8.0741,205901.55,1460271.429,6.2995,2.06,638.8127,5.252,3812507.2318
300474.SZ,2025-04-10,74.0,75.87,72.98,73.1,72.95,0.15,0.2056,157888.77,1173167.764,4.8306,1.21,640.1262,5.2628,3820346.5201
300474.SZ,2025-04-11,73.0,77.01,72.6,75.44,73.1,2.34,3.2011,158325.18,1188878.331,4.8439,1.04,660.6173,5.4312,3942639.4183
300474.SZ,2025-04-14,76.47,76.6,74.63,75.38,75.44,-0.06,-0.0795,103296.29,780026.219,3.1603,0.59,660.0919,5.4269,3939503.703
300474.SZ,2025-04-15,75.29,75.35,73.86,74.32,75.38,-1.06,-1.4062,67807.13,504589.272,2.0746,0.44,650.8096,5.3506,3884106.0653
300474.SZ,2025-04-16,75.5,76.05,73.04,74.0,74.32,-0.32,-0.4306,78116.77,581200.643,2.39,0.56,648.0074,5.3276,3867382.2502
300474.SZ,2025-04-17,73.45,75.99,73.21,74.23,74.0,0.23,0.3108,81513.45,608116.182,2.4939,0.72,650.0215,5.3441,3879402.4923
300474.SZ,2025-04-18,73.81,73.93,72.35,73.07,74.23,-1.16,-1.5627,67845.5,495368.097,2.0757,0.69,639.8635,5.2606,3818778.6625
300474.SZ,2025-04-21,73.36,74.2,72.54,74.08,73.07,1.01,1.3822,53626.5,395741.675,1.6407,0.67,648.708,5.3333,3871563.204
300474.SZ,2025-04-22,73.9,74.3,73.08,73.08,74.08,-1.0,-1.3499,48392.5,355937.841,1.4806,0.69,639.9511,5.2613,3819301.2817
300474.SZ,2025-04-23,73.28,74.98,72.7,73.72,73.08,0.64,0.8758,67364.5,495736.678,2.061,1.02,645.5555,5.3074,3852748.912
300474.SZ,2025-04-24,71.31,71.58,69.21,69.45,73.72,-4.27,-5.7922,140178.69,982103.621,4.0931,2.2,,5.1696,3629590.5037
300474.SZ,2025-04-25,69.1,69.96,68.46,69.2,69.45,-0.25,-0.36,61129.52,423766.434,1.7849,0.81,,5.151,3616525.0232
300474.SZ,2025-04-28,69.18,69.65,68.36,68.36,69.2,-0.84,-1.2139,48073.13,331340.7,1.4037,0.65,,5.0885,3572625.0084
300474.SZ,2025-04-29,68.11,68.52,67.19,67.22,68.36,-1.14,-1.6676,59060.22,400295.177,1.7245,0.81,,5.0036,3513046.417
300474.SZ,2025-04-30,67.59,69.58,67.01,69.23,67.22,2.01,2.9902,85504.5,585760.184,2.4967,1.14,,5.1532,3618092.8808
300474.SZ,2025-05-06,70.0,70.99,69.14,70.62,69.23,1.39,2.0078,83972.27,590404.266,2.4519,1.07,,5.2567,3690736.9528
300474.SZ,2025-05-07,70.92,71.27,67.51,68.2,70.62,-2.42,-3.4268,243544.18,1678559.379,5.9918,3.61,,5.0766,3564263.1009
300474.SZ,2025-05-08,68.2,70.86,67.42,70.57,68.2,2.37,3.4751,194454.56,1354143.256,4.7841,1.87,,5.253,3688123.8567
300474.SZ,2025-05-09,71.0,71.92,68.88,69.1,70.57,-1.47,-2.083,144415.06,1009844.363,3.553,1.08,,5.1436,3611298.8309
300474.SZ,2025-05-12,70.2,74.0,69.65,72.53,69.1,3.43,4.9638,231225.13,1667221.331,5.6887,1.54,,5.3989,3790557.2244
300474.SZ,2025-05-13,73.02,73.02,70.23,70.59,72.53,-1.94,-2.6748,174108.19,1240780.958,4.2835,0.97,,5.2545,3689169.0952
300474.SZ,2025-05-14,70.7,71.2,69.41,70.2,70.59,-0.39,-0.5525,127673.87,895468.451,3.1411,0.65,,5.2254,3668786.9455
300474.SZ,2025-05-15,70.2,70.2,67.8,67.8,70.2,-2.4,-3.4188,117503.9,803715.93,2.8909,0.67,,5.0468,3543358.3319
300474.SZ,2025-05-16,67.41,68.06,67.21,67.51,67.8,-0.29,-0.4277,67453.71,456468.837,1.6595,0.42,,5.0252,3528202.3745
300474.SZ,2025-05-19,67.78,68.18,66.84,68.0,67.51,0.49,0.7258,76675.83,519214.912,1.8864,0.53,,5.0617,3553810.7164
300474.SZ,2025-05-20,67.8,68.13,67.3,67.73,68.0,-0.27,-0.3971,70379.34,476461.352,1.7315,0.62,,5.0416,3539699.9974
300474.SZ,2025-05-21,67.61,67.87,67.0,67.06,67.73,-0.67,-0.9892,67646.26,455340.739,1.6643,0.74,,4.9917,3504684.5094
300474.SZ,2025-05-22,66.9,67.8,66.66,66.71,67.06,-0.35,-0.5219,63228.07,424528.161,1.5556,0.79,,4.9657,3486392.8366
300474.SZ,2025-05-23,66.39,67.08,65.27,65.35,66.71,-1.36,-2.0387,80329.58,530686.524,1.9763,1.16,,4.8644,3415316.6223
300474.SZ,2025-05-26,65.6,68.66,65.6,67.56,65.29,2.27,3.4768,120966.51,815158.811,2.9761,1.69,,5.0515,3530815.4706
300474.SZ,2025-05-27,66.92,67.26,66.01,66.33,67.56,-1.23,-1.8206,59576.44,395675.247,1.4657,0.74,,4.9595,3466533.3062
300474.SZ,2025-05-28,66.39,66.8,65.03,65.12,66.33,-1.21,-1.8242,67168.86,441301.208,1.6525,0.86,,4.8691,3403296.3802
300474.SZ,2025-05-29,65.4,68.24,65.18,67.4,65.12,2.28,3.5012,100288.05,667148.618,2.4673,1.28,,5.0395,3522453.563
300474.SZ,2025-05-30,67.0,67.1,65.8,66.0,67.4,-1.4,-2.0772,68447.41,452455.597,1.684,0.8,,4.9348,3449286.8718
300474.SZ,2025-06-03,66.0,67.0,65.88,66.36,66.0,0.36,0.5455,60075.3,400047.601,1.478,0.72,,4.9618,3468101.1638
300474.SZ,2025-06-04,66.69,68.0,66.6,67.69,66.36,1.33,2.0042,80946.79,547022.641,1.9915,1.14,,5.0612,3537609.5205
300474.SZ,2025-06-05,67.75,69.33,67.19,68.89,67.69,1.2,1.7728,116869.52,798621.156,2.8753,1.55,,5.1509,3600323.8272
300474.SZ,2025-06-06,68.8,72.46,68.18,71.99,68.89,3.1,4.4999,171402.78,1200299.59,4.217,2.01,,5.3827,3762335.7864
300474.SZ,2025-06-09,71.82,71.99,70.61,71.07,71.99,-0.92,-1.278,147308.24,1047238.44,3.6242,1.48,,5.3139,3714254.8179
300474.SZ,2025-06-10,70.98,72.72,69.0,71.04,71.07,-0.03,-0.0422,203369.89,1438205.374,5.0034,1.76,,5.3117,3712686.9602
300474.SZ,2025-06-11,71.03,72.31,70.01,71.1,71.04,0.06,0.0845,118844.75,844181.772,2.9239,0.83,,5.3162,3715822.6755
300474.SZ,2025-06-12,70.49,72.13,70.2,71.15,71.1,0.05,0.0703,119802.61,854806.977,2.9475,0.79,,5.3199,3718435.7716
300474.SZ,2025-06-13,70.7,74.09,70.7,73.04,71.15,1.89,2.6564,309677.67,2270439.953,7.6189,2.04,,5.4612,3817210.8048
300474.SZ,2025-06-16,72.44,73.32,71.58,72.67,73.04,-0.37,-0.5066,122178.25,884863.467,3.0059,0.68,,5.4336,3797873.8935
300474.SZ,2025-06-17,72.95,73.29,70.5,71.08,72.67,-1.59,-2.188,141696.83,1013036.604,3.4861,0.81,,5.3147,3714777.4371
300474.SZ,2025-06-18,70.8,71.28,70.22,70.62,71.08,-0.46,-0.6472,82210.39,580666.901,2.0226,0.51,,5.2803,3690736.9528
300474.SZ,2025-06-19,70.02,70.5,68.54,69.12,70.62,-1.5,-2.124,101752.15,706288.143,2.5034,0.66,,5.1681,3612344.0694
300474.SZ,2025-06-20,69.11,69.73,67.73,67.83,69.12,-1.29,-1.8663,69503.29,475102.14,1.71,0.46,,5.0717,3544926.1896
300474.SZ,2025-06-23,67.51,69.19,67.2,68.89,67.83,1.06,1.5627,67672.82,464067.679,1.6649,0.65,,5.1509,3600323.8272
300474.SZ,2025-06-24,68.74,71.3,68.66,70.53,68.89,1.64,2.3806,102098.08,718201.48,2.5119,1.1,,5.2736,3686033.3798
300474.SZ,2025-06-25,71.04,72.08,70.32,72.0,70.53,1.47,2.0842,131152.48,934793.95,3.2267,1.55,,5.3835,3762858.4056
300474.SZ,2025-06-26,72.14,74.88,71.83,71.84,72.0,-0.16,-0.2222,208926.42,1530787.05,5.1401,2.21,,5.3715,3754496.498
300474.SZ,2025-06-27,73.99,74.09,72.03,72.3,71.84,0.46,0.6403,183957.71,1344632.338,4.5258,1.59,,5.4059,3778536.9823
300474.SZ,2025-06-30,72.95,73.49,72.34,73.0,72.3,0.7,0.9682,130058.27,949900.121,3.1998,0.94,,5.4582,3815120.3279
300474.SZ,2025-07-01,72.84,73.77,72.25,72.6,73.0,-0.4,-0.5479,115040.08,837900.437,2.8303,0.76,,5.4283,3794215.559
300474.SZ,2025-07-02,72.06,74.35,71.03,71.84,72.6,-0.76,-1.0468,119777.07,865347.552,2.9468,0.78,,5.3715,3754496.498
300474.SZ,2025-07-03,72.22,72.46,71.29,72.0,71.84,0.16,0.2227,75629.01,543368.067,1.8607,0.5,,5.3835,3762858.4056
300474.SZ,2025-07-04,71.98,71.98,70.7,70.94,72.0,-1.06,-1.4722,89329.61,635741.058,2.1977,0.72,,5.3042,3707460.768
300474.SZ,2025-07-07,70.75,71.5,70.0,71.18,70.94,0.24,0.3383,66307.39,469129.772,1.6313,0.63,,5.3222,3720003.6293
300474.SZ,2025-07-08,71.17,71.61,70.68,71.46,71.18,0.28,0.3934,70305.47,501285.509,1.7297,0.75,,5.3431,3734636.9676
300474.SZ,2025-07-09,71.38,71.45,70.58,70.92,71.46,-0.54,-0.7557,69749.17,495503.395,1.716,0.83,,5.3027,3706415.5295
300474.SZ,2025-07-10,70.2,72.5,70.2,71.92,70.92,1.0,1.41,109673.96,783819.869,2.6983,1.48,,5.3775,3758677.4518
300474.SZ,2025-07-11,71.71,72.99,71.26,72.43,71.92,0.51,0.7091,100054.37,724209.296,2.4616,1.23,,5.4156,3785331.0322
300474.SZ,2025-07-14,72.2,72.6,71.16,71.51,72.43,-0.92,-1.2702,76552.64,549564.479,1.8834,0.92,,5.3468,3737250.0637
300474.SZ,2025-07-15,71.05,71.68,70.37,70.9,71.51,-0.61,-0.853,81849.7,580520.489,2.0137,0.96,,5.3012,3705370.2911
300474.SZ,2025-07-16,70.97,76.8,70.97,74.34,70.9,3.44,4.8519,313961.51,2355735.573,7.7243,3.59,,5.5584,3885151.3038
300474.SZ,2025-07-17,73.51,74.88,72.8,74.66,74.34,0.32,0.4305,166501.11,1228975.289,4.0964,1.22,,5.5824,3901875.1189
300474.SZ,2025-07-18,74.72,75.3,74.01,74.3,74.66,-0.36,-0.4822,94100.38,700946.563,2.3151,0.64,,5.5554,3883060.8269
300474.SZ,2025-07-21,74.1,74.33,73.37,73.66,74.3,-0.64,-0.8614,88123.91,650157.644,2.1681,0.6,,5.5076,3849613.1966
300474.SZ,2025-07-22,73.78,74.17,72.8,73.03,73.66,-0.63,-0.8553,104257.06,765166.796,2.565,0.7,,5.4605,3816688.1856
300474.SZ,2025-07-23,73.1,73.87,72.62,73.07,73.03,0.04,0.0548,85622.4,627603.47,2.1065,0.56,,5.4635,3818778.6625
300474.SZ,2025-07-24,73.1,74.09,72.72,73.98,73.07,0.91,1.2454,93074.79,685819.671,2.2899,0.86,,5.5315,3866337.0118
300474.SZ,2025-07-25,74.2,79.01,73.7,78.29,73.98,4.31,5.8259,295798.84,2256026.807,7.2774,3.18,,5.8538,4091585.8969
300474.SZ,2025-07-28,79.1,80.78,77.32,79.97,78.29,1.68,2.1459,248791.39,1978858.755,6.1209,1.87,,5.9794,4179385.9263
300474.SZ,2025-07-29,79.22,79.65,78.3,78.86,79.97,-1.11,-1.388,153953.28,1213867.938,3.7876,0.93,,5.8964,4121375.1926
300474.SZ,2025-07-30,78.6,79.68,76.8,77.26,78.86,-1.6,-2.0289,153065.13,1195791.838,3.7658,0.87,,5.7768,4037756.1169
300474.SZ,2025-07-31,77.35,82.17,77.25,79.6,77.26,2.34,3.0287,269333.96,2148981.429,6.6263,1.43,,5.9517,4160049.0151
300474.SZ,2025-08-01,79.76,80.59,78.5,79.71,79.6,0.11,0.1382,171703.28,1364691.761,4.2243,0.77,,5.96,4165797.8265
300474.SZ,2025-08-04,79.25,82.35,79.13,81.82,79.71,2.11,2.6471,204868.41,1661934.072,5.0403,1.03,,6.1177,4276070.4826
300474.SZ,2025-08-05,81.66,86.38,80.88,84.75,81.82,2.93,3.581,310212.0,2607121.792,7.632,1.63,,6.3368,4429197.9149
300474.SZ,2025-08-06,83.1,84.76,82.55,83.97,84.75,-0.78,-0.9204,215309.99,1799891.11,5.2972,0.97,,6.2785,4388433.6155
300474.SZ,2025-08-07,84.0,87.44,83.02,84.12,83.97,0.15,0.1786,275588.72,2345494.165,6.7802,1.18,,6.2897,4396272.9039
300474.SZ,2025-08-08,83.51,83.89,81.28,82.2,84.12,-1.92,-2.2825,201460.32,1656443.724,4.9564,0.86,,6.1461,4295930.0131
300474.SZ,2025-08-11,81.51,84.86,81.51,83.9,82.2,1.7,2.0681,158830.23,1320712.991,3.9076,0.66,,6.2732,4384775.281
300474.SZ,2025-08-12,83.66,86.12,80.33,85.22,83.9,1.32,1.5733,292933.69,2452614.671,7.2069,1.26,,6.3719,4453761.0184
300474.SZ,2025-08-13,84.2,85.45,84.02,84.74,85.22,-0.48,-0.5632,181502.23,1537193.863,4.4654,0.79,,6.336,4428675.2957
300474.SZ,2025-08-14,84.82,88.76,84.4,84.4,84.74,-0.34,-0.4012,314299.9,2722066.96,7.7326,1.42,,6.3106,4410906.2421
300474.SZ,2025-08-15,83.01,88.88,82.8,87.77,84.4,3.37,3.9929,319501.02,2769898.433,7.8605,1.39,,6.5626,4587028.9203
300474.SZ,2025-08-18,88.0,90.5,86.66,90.02,87.77,2.25,2.5635,324535.38,2893408.129,7.9844,1.28,,6.7308,4704618.2454
300474.SZ,2025-08-19,86.5,87.45,82.12,83.27,90.02,-6.75,-7.4983,555244.53,4700281.735,13.66,1.94,,6.2557,4351850.2699
300474.SZ,2025-08-20,82.0,83.76,80.01,83.72,83.27,0.45,0.5404,338035.95,2760686.087,8.3163,1.0,,6.2895,4375368.135
300474.SZ,2025-08-21,83.0,83.71,80.11,80.36,83.72,-3.36,-4.0134,271999.61,2221881.106,6.6917,0.73,,6.0371,4199768.076
300474.SZ,2025-08-22,81.33,89.98,81.33,88.4,80.36,8.04,10.005,641350.22,5518327.824,15.7784,1.77,,6.6411,4619953.9313
300474.SZ,2025-08-25,92.01,93.97,88.47,90.86,88.4,2.46,2.7828,597583.19,5435493.136,14.7016,1.4,,6.8259,4748518.2602
300474.SZ,2025-08-26,88.79,89.98,87.45,87.87,90.86,-2.99,-3.2908,304449.59,2695431.269,7.49,0.63,,6.6013,4592255.1125
300474.SZ,2025-08-27,88.98,89.82,85.28,85.28,87.87,-2.59,-2.9475,394453.56,3471229.198,9.7043,0.92,,6.4067,4456896.7337
300474.SZ,2025-08-28,85.18,87.92,84.4,87.9,85.28,2.62,3.0722,325344.18,2806428.37,8.0041,0.74,,6.6036,4593822.9702
300474.SZ,2025-08-29,87.0,87.1,84.0,85.0,87.9,-2.9,-3.2992,266704.75,2271999.937,6.5614,0.59,,6.3857,4442263.3955
300474.SZ,2025-09-01,86.8,86.97,84.2,85.6,85.0,0.6,0.7059,203282.83,1737935.882,5.0011,0.54,,6.4308,4473620.5489
300474.SZ,2025-09-02,85.3,85.53,81.0,81.55,85.6,-4.05,-4.7313,258915.63,2141237.856,6.3698,0.87,,6.1265,4261959.7636
300474.SZ,2025-09-03,81.72,82.38,78.28,78.86,81.55,-2.69,-3.2986,198805.91,1596728.868,4.891,0.69,,5.9244,4121375.1926
300474.SZ,2025-09-04,79.01,79.45,73.3,74.3,78.86,-4.56,-5.7824,252672.18,1916923.752,6.2162,1.01,,5.5818,3883060.8269
300474.SZ,2025-09-05,74.55,77.01,73.45,76.61,74.3,2.31,3.109,178278.07,1345669.566,4.386,0.76,,5.7554,4003785.8674
300474.SZ,2025-09-08,76.0,77.46,75.63,76.71,76.61,0.1,0.1305,129747.95,992151.997,3.192,0.59,,5.7629,4009012.0596
300474.SZ,2025-09-09,76.81,76.81,74.56,74.86,76.71,-1.85,-2.4117,107171.66,808317.868,2.6366,0.53,,5.6239,3912327.5034
300474.SZ,2025-09-10,74.86,75.94,74.86,75.22,74.86,0.36,0.4809,88063.29,663543.486,2.1665,0.51,,5.651,3931141.7954
300474.SZ,2025-09-11,74.95,78.4,74.5,77.87,75.22,2.65,3.523,189595.29,1461883.983,4.6644,1.25,,5.85,4069635.8895
300474.SZ,2025-09-12,77.97,79.85,77.32,78.35,77.87,0.48,0.6164,199919.5,1569116.367,4.9184,1.44,,5.8861,4094721.6122
300474.SZ,2025-09-15,79.88,80.12,77.92,78.01,78.35,-0.34,-0.434,127135.7,997457.004,3.1278,0.89,,5.8606,4076952.5586
300474.SZ,2025-09-16,78.58,81.58,78.12,79.74,78.01,1.73,2.2177,213538.38,1711389.02,5.2534,1.5,,5.9905,4167365.6842
300474.SZ,2025-09-17,79.14,79.75,78.0,78.89,79.74,-0.85,-1.066,138990.65,1095618.4,3.4194,0.85,,5.9267,4122943.0502
300474.SZ,2025-09-18,79.5,80.75,76.62,77.54,78.89,-1.35,-1.7112,216119.02,1714995.056,5.3169,1.24,,5.8253,4052389.4551
300474.SZ,2025-09-19,77.71,78.99,77.17,77.6,77.54,0.06,0.0774,130277.14,1016490.502,3.2051,0.73,,5.8298,4055525.1705
300474.SZ,2025-09-22,78.0,81.38,77.07,80.8,77.6,3.2,4.1237,225362.86,1803936.058,5.5443,1.36,,6.0702,4222763.3218
300474.SZ,2025-09-23,81.0,83.0,80.0,82.79,80.8,1.99,2.4629,287497.25,2341269.451,7.073,1.56,,6.2197,4326764.5472
300474.SZ,2025-09-24,82.87,83.74,81.0,82.79,82.79,0.0,0.0,256356.37,2114826.566,6.3068,1.28,,6.2197,4326764.5472
300474.SZ,2025-09-25,82.6,83.34,81.42,82.78,82.79,-0.01,-0.0121,191884.1,1583848.262,4.7207,0.86,,6.2189,4326241.928
300474.SZ,2025-09-26,82.02,82.78,80.12,80.26,82.78,-2.52,-3.0442,162409.99,1319236.752,3.9956,0.74,,6.0296,4194541.8838
300474.SZ,2025-09-29,80.58,80.99,78.66,79.6,80.26,-0.66,-0.8223,128355.31,1020059.817,3.1578,0.57,,5.98,4160049.0151
300474.SZ,2025-09-30,80.03,83.17,79.92,82.75,79.6,3.15,3.9573,203819.62,1669591.613,5.0143,0.99,,6.2167,4324674.0703
300474.SZ,2025-10-09,83.55,84.4,82.38,82.95,82.75,0.2,0.2417,231152.76,1927159.542,5.6868,1.23,,6.2317,4335126.4548
300474.SZ,2025-10-10,81.5,81.94,77.51,77.84,82.95,-5.11,-6.1603,222654.98,1763555.486,5.4777,1.21,,5.8478,4068068.0318
300474.SZ,2025-10-13,74.48,79.09,74.08,78.65,77.84,0.81,1.0406,142039.76,1099439.584,3.4944,0.75,,5.9086,4110400.1889
300474.SZ,2025-10-14,78.98,79.5,75.6,76.02,78.65,-2.63,-3.3439,159711.24,1230875.531,3.9292,0.86,,5.7111,3972951.3332
300474.SZ,2025-10-15,75.99,76.83,75.09,76.71,76.02,0.69,0.9077,90157.95,685184.284,2.218,0.47,,5.7629,4009012.0596
300474.SZ,2025-10-16,76.19,76.34,74.18,74.45,76.71,-2.26,-2.9462,100020.3,751859.006,2.4607,0.59,,5.5931,3890900.1152
300474.SZ,2025-10-17,74.0,74.45,71.5,71.51,74.45,-2.94,-3.949,119799.2,869344.062,2.9473,0.84,,5.3722,3737250.0637
300474.SZ,2025-10-20,74.13,77.38,73.18,74.99,71.51,3.48,4.8665,173351.49,1303173.258,4.2648,1.42,,5.6337,3919121.5533
300474.SZ,2025-10-21,74.52,75.97,73.89,75.53,74.99,0.54,0.7201,108207.74,810700.045,2.6621,0.84,,5.6743,3947342.9913
300474.SZ,2025-10-22,75.13,75.13,73.52,74.0,75.53,-1.53,-2.0257,90170.93,670256.079,2.2184,0.76,,5.5593,3867382.2502
300474.SZ,2025-10-23,73.87,73.87,72.48,73.34,74.0,-0.66,-0.8919,72333.21,527445.674,1.7795,0.61,,5.5097,3832889.3815
300474.SZ,2025-10-24,73.88,76.28,73.87,75.66,73.34,2.32,3.1633,118313.8,887551.988,2.9107,1.05,,5.684,3954137.0412
300474.SZ,2025-10-27,76.06,77.35,75.75,76.3,75.66,0.64,0.8459,115416.95,882115.269,2.8395,1.03,,5.7321,3987584.6715
300474.SZ,2025-10-28,76.3,76.94,75.35,75.35,76.3,-0.95,-1.2451,92612.54,705236.752,2.2784,0.92,,5.6607,3937935.8453
300474.SZ,2025-10-29,77.0,78.5,76.42,76.93,75.35,1.58,2.0969,143761.2,1113167.455,3.5368,1.47,,5.7663,4020509.6825
300474.SZ,2025-10-30,76.21,76.78,75.01,75.31,76.93,-1.62,-2.1058,109938.52,833851.583,2.7047,1.01,,5.6449,3935845.3684
300474.SZ,2025-10-31,75.02,76.29,74.4,75.64,75.31,0.33,0.4382,91332.47,690389.369,2.2469,0.79,,5.6696,3953091.8028
300474.SZ,2025-11-03,74.7,75.75,74.03,74.95,75.64,-0.69,-0.9122,72134.12,538537.434,1.7746,0.65,,5.6179,3917031.0764
300474.SZ,2025-11-04,74.45,74.9,73.07,73.46,74.95,-1.49,-1.988,64138.91,473791.621,1.5779,0.63,,5.5062,3839160.8122
300474.SZ,2025-11-05,72.15,73.18,72.01,72.8,73.46,-0.66,-0.8984,59918.1,435180.627,1.4741,0.62,,5.4568,3804667.9434
300474.SZ,2025-11-06,73.78,74.41,73.18,73.34,72.8,0.54,0.7418,68498.92,504579.12,1.6852,0.86,,5.4972,3832889.3815
300474.SZ,2025-11-07,72.72,72.96,72.05,72.33,73.34,-1.01,-1.3771,56271.03,407616.484,1.3844,0.79,,5.4215,3780104.84
300474.SZ,2025-11-10,72.43,73.2,72.19,72.58,72.33,0.25,0.3456,61119.89,443420.184,1.5037,0.95,,5.4403,3793170.3205
300474.SZ,2025-11-11,73.0,73.18,71.5,71.8,72.58,-0.78,-1.0747,65104.67,469391.384,1.6017,1.05,,5.3818,3752406.0211
300474.SZ,2025-11-12,71.7,71.7,69.62,70.13,71.8,-1.67,-2.3259,80680.18,568662.348,1.9849,1.3,,5.2566,3665128.6109
300474.SZ,2025-11-13,70.18,71.43,69.91,70.75,70.13,0.62,0.8841,59692.96,420915.622,1.4686,0.9,,5.3031,3697531.0027
300474.SZ,2025-11-14,70.22,72.25,70.2,70.66,70.75,-0.09,-0.1272,67944.07,485145.924,1.6715,1.05,,5.2964,3692827.4297
300474.SZ,2025-11-17,70.68,72.89,70.68,72.22,70.66,1.56,2.2078,83130.62,598887.534,2.0452,1.24,,5.4133,3774356.0285
300474.SZ,2025-11-18,72.1,72.86,71.6,72.24,72.22,0.02,0.0277,56385.34,406941.137,1.3872,0.79,,5.4148,3775401.267
300474.SZ,2025-11-19,72.1,73.38,71.08,72.88,72.24,0.64,0.8859,86850.45,626172.97,2.1367,1.25,,5.4628,3808848.8972
300474.SZ,2025-11-20,73.25,73.45,71.93,72.93,72.88,0.05,0.0686,74904.77,544420.028,1.8428,1.06,,5.4665,3811461.9933
300474.SZ,2025-11-21,72.5,72.7,69.7,69.76,72.93,-3.17,-4.3466,92824.2,656601.787,2.2836,1.26,,5.2289,3645791.6996
300474.SZ,2025-11-24,70.0,72.22,69.2,71.35,69.76,1.59,2.2792,72720.69,514378.261,1.7891,0.92,,5.3481,3728888.1561
300474.SZ,2025-11-25,71.51,74.38,71.2,72.9,71.35,1.55,2.1724,122972.29,901202.865,3.0253,1.6,,5.4643,3809894.1357
300474.SZ,2025-11-26,72.88,74.28,72.19,73.63,72.9,0.73,1.0014,119129.85,870585.362,2.9308,1.32,,5.519,3848045.3389
300474.SZ,2025-11-27,73.31,74.25,72.87,73.1,73.63,-0.53,-0.7198,103268.59,760165.467,2.5406,1.07,,5.4793,3820346.5201
300474.SZ,2025-11-28,72.87,73.18,71.04,72.6,73.1,-0.5,-0.684,86363.64,623167.696,2.1247,0.85,,5.4418,3794215.559
300474.SZ,2025-12-01,72.59,74.14,72.25,73.93,72.6,1.33,1.832,89677.03,657821.555,2.2062,0.89,,5.5415,3863723.9156
300474.SZ,2025-12-02,73.66,73.72,72.18,72.28,73.93,-1.65,-2.2318,70259.94,511275.245,1.7285,0.67,,5.4178,3777491.7438
300474.SZ,2025-12-03,72.21,72.37,70.7,71.18,72.28,-1.1,-1.5219,66822.99,476690.037,1.644,0.71,,5.3353,3720003.6293
300474.SZ,2025-12-04,71.5,76.61,71.0,75.29,71.18,4.11,5.7741,210922.07,1565978.798,5.1891,2.53,,5.6434,3934800.13
300474.SZ,2025-12-05,75.0,75.0,72.33,73.34,75.29,-1.95,-2.59,137372.88,1005419.48,3.3796,1.31,,5.4972,3832889.3815
300474.SZ,2025-12-08,73.34,74.0,73.12,73.4,73.34,0.06,0.0818,105360.51,774496.084,2.5921,0.92,,5.5017,3836025.0968
300474.SZ,2025-12-09,72.72,74.0,72.41,73.09,73.4,-0.31,-0.4223,83782.29,611897.613,2.0612,0.71,,5.4785,3819823.9009
300474.SZ,2025-12-10,72.6,74.03,71.61,73.71,73.09,0.62,0.8483,109794.12,800656.135,2.7011,0.91,,5.525,3852226.2927
300474.SZ,2025-12-11,73.51,78.11,73.3,75.92,73.71,2.21,2.9982,295741.76,2250795.809,7.2758,2.28,,5.6906,3967725.141
300474.SZ,2025-12-12,75.53,78.3,74.43,78.0,75.92,2.08,2.7397,238419.54,1832697.433,5.8656,1.63,,5.8465,4076429.9394
300474.SZ,2025-12-15,79.0,79.0,76.57,77.71,78.0,-0.29,-0.3718,140859.57,1093323.859,3.4654,0.85,,5.8248,4061273.9819
300474.SZ,2025-12-16,78.33,79.54,75.89,76.24,77.71,-1.47,-1.8916,180525.55,1397051.375,4.4413,1.04,,5.7146,3984448.9562
300474.SZ,2025-12-17,76.25,80.25,76.25,78.82,76.24,2.58,3.3841,219167.31,1718981.83,5.3919,1.14,,5.908,4119284.7157
300474.SZ,2025-12-18,77.8,79.1,75.3,75.78,78.82,-3.04,-3.8569,181466.97,1398567.477,4.4644,0.84,,5.6801,3960408.4719
300474.SZ,2025-12-19,76.1,77.36,74.5,75.03,75.78,-0.75,-0.9897,126147.81,950874.515,3.1035,0.66,,5.6239,3921212.0302
300474.SZ,2025-12-22,75.18,76.09,74.64,75.54,75.03,0.51,0.6797,94613.66,714475.755,2.3277,0.56,,5.6622,3947865.6105
300474.SZ,2025-12-23,75.19,75.97,74.28,74.4,75.54,-1.14,-1.5091,94864.27,710744.929,2.3338,0.59,,5.5767,3888287.0191
300474.SZ,2025-12-24,74.3,75.16,73.87,74.78,74.4,0.38,0.5108,76932.13,574593.173,1.8927,0.54,,5.6052,3908146.5496
300474.SZ,2025-12-25,74.7,75.58,74.31,75.32,74.78,0.54,0.7221,86414.82,648541.883,2.126,0.75,,5.6457,3936367.9876
300474.SZ,2025-12-26,75.16,75.79,74.15,74.28,75.32,-1.04,-1.3808,114753.13,859817.989,2.8231,1.2,,5.5677,3882015.5884
300474.SZ,2025-12-29,74.11,74.77,72.94,73.15,74.28,-1.13,-1.5213,103443.04,763369.725,2.5449,1.11,,5.483,3822959.6162
300474.SZ,2025-12-30,72.69,73.58,72.34,72.7,73.15,-0.45,-0.6152,91134.29,665236.126,2.2421,0.96,,5.4493,3799441.7512
300474.SZ,2025-12-31,72.95,73.33,71.8,71.87,72.7,-0.83,-1.1417,81219.81,585969.365,1.9982,0.86,,5.3871,3756064.3557
300474.SZ,2026-01-05,72.33,74.04,72.01,74.0,71.87,2.13,2.9637,104828.79,769227.794,2.579,1.1,,5.5467,3867382.2502
300474.SZ,2026-01-06,73.99,74.64,73.3,74.29,74.0,0.29,0.3919,108894.51,806219.562,2.679,1.1,,5.5685,3882538.2077
300474.SZ,2026-01-07,74.5,74.5,73.22,73.53,74.29,-0.76,-1.023,103809.41,765478.326,2.5539,1.06,,5.5115,3842819.1467
300474.SZ,2026-01-08,73.53,75.59,73.47,74.87,73.53,1.34,1.8224,148396.16,1110675.319,3.6508,1.51,,5.6119,3912850.1226
300474.SZ,2026-01-09,74.78,75.82,74.33,75.55,74.87,0.68,0.9082,142615.03,1072340.173,3.5086,1.3,,5.6629,3948388.2298
300474.SZ,2026-01-12,75.6,79.66,75.6,79.34,75.55,3.79,5.0165,261531.59,2041470.358,6.4342,2.15,,5.947,4146460.9153
300474.SZ,2026-01-13,79.31,79.63,75.8,76.16,79.34,-3.18,-4.0081,198236.05,1532390.782,4.877,1.3,,5.7086,3980268.0024
300474.SZ,2026-01-14,76.39,79.15,75.98,76.79,76.16,0.63,0.8272,214783.57,1670147.721,5.2841,1.26,,5.7558,4013193.0134
300474.SZ,2026-01-15,76.7,77.0,74.1,75.0,76.79,-1.79,-2.331,151137.19,1134931.425,3.7182,0.78,,5.6217,3919644.1725
300474.SZ,2026-01-16,75.86,77.48,74.58,76.27,75.0,1.27,1.6933,158262.97,1201213.98,3.8936,0.82,,5.7169,3986016.8138
300474.SZ,2026-01-19,75.7,77.07,75.6,75.91,76.27,-0.36,-0.472,109059.81,830428.005,2.6831,0.55,,5.6899,3967202.5218
300474.SZ,2026-01-20,75.8,77.7,73.53,74.46,75.91,-1.45,-1.9102,140649.46,1055750.957,3.4602,0.85,,5.5812,3891422.7345
300474.SZ,2026-01-21,73.88,78.91,73.8,78.03,74.46,3.57,4.7945,264311.56,2054206.308,6.5025,1.71,,5.8488,4077997.7971
300474.SZ,2026-01-22,79.7,82.49,78.12,78.38,78.03,0.35,0.4485,235564.37,1882515.029,5.7953,1.43,,5.875,4096289.4699
300474.SZ,2026-01-23,77.81,78.99,77.26,78.46,78.38,0.08,0.1021,149867.39,1172388.248,3.687,0.83,,5.881,4100470.4237
300474.SZ,2026-01-26,78.1,79.3,75.1,76.01,78.46,-2.45,-3.1226,149763.94,1146705.625,3.6845,0.83,,5.6974,3972428.714
300474.SZ,2026-01-27,75.59,77.57,73.82,76.9,76.01,0.89,1.1709,137779.95,1041978.795,3.3896,0.73,,5.7641,4018941.8249
300474.SZ,2026-01-28,77.06,79.5,77.03,78.7,76.9,1.8,2.3407,196751.78,1546329.412,4.8405,1.05,,5.899,4113013.285
300474.SZ,2026-01-29,78.5,78.83,75.9,76.48,78.7,-2.22,-2.8208,141374.54,1092662.408,3.4781,0.81,,5.7326,3996991.8175
300474.SZ,2026-01-30,76.06,76.66,73.33,74.28,76.48,-2.2,-2.8766,145580.9,1086712.353,3.5816,0.94,,5.5677,3882015.5884
300474.SZ,2026-02-02,73.89,74.19,70.8,70.9,74.28,-3.38,-4.5504,146125.17,1056397.567,3.5949,0.95,,5.3144,3705370.2911
300474.SZ,2026-02-03,71.77,72.28,70.8,71.98,70.9,1.08,1.5233,88341.91,632925.167,2.1734,0.58,,5.3953,3761813.1672
300474.SZ,2026-02-04,71.5,72.28,70.64,71.97,71.98,-0.01,-0.0139,84682.11,603724.837,2.0833,0.59,,5.3946,3761290.5479
300474.SZ,2026-02-05,71.4,71.78,70.7,70.91,71.97,-1.06,-1.4728,63887.64,454094.82,1.5718,0.53,,5.3151,3705892.9103
300474.SZ,2026-02-06,70.29,71.3,69.58,70.31,70.91,-0.6,-0.8461,64199.4,452201.782,1.5794,0.61,,5.2701,3674535.7569
300474.SZ,2026-02-09,71.37,72.18,71.13,71.84,70.31,1.53,2.1761,67424.56,483626.706,1.6588,0.75,,5.3848,3754496.498
300474.SZ,2026-02-10,72.0,72.49,71.3,71.52,71.84,-0.32,-0.4454,56620.98,406981.671,1.393,0.77,,5.3608,3737772.6829
300474.SZ,2026-02-11,71.3,71.98,71.2,71.59,71.52,0.07,0.0979,42921.92,307128.821,1.056,0.64,,5.3661,3741431.0175
300474.SZ,2026-02-12,72.0,72.95,71.75,72.64,71.59,1.05,1.4667,78902.46,571161.764,1.9411,1.34,,5.4448,3796306.0359
300474.SZ,2026-02-13,72.24,72.94,71.5,71.58,72.64,-1.06,-1.4593,60508.63,436955.233,1.4886,0.98,,5.3653,3740908.3982
300474.SZ,2026-02-24,72.39,72.53,71.3,71.9,71.58,0.32,0.4471,54956.83,395549.861,1.352,0.9,,5.3893,3757632.2134
300474.SZ,2026-02-25,72.0,72.4,71.78,71.96,71.9,0.06,0.0834,55973.11,403252.467,1.377,0.95,,5.3938,3760767.9287
300474.SZ,2026-02-26,72.2,72.62,71.04,72.12,71.96,0.16,0.2223,84032.16,603960.902,2.0673,1.43,,5.4058,3769129.8363
300474.SZ,2026-02-27,71.66,72.47,71.3,72.04,72.12,-0.08,-0.1109,66463.18,476924.889,1.6351,0.99,,5.3998,3764948.8825
300474.SZ,2026-03-02,73.75,75.34,72.3,72.49,72.04,0.45,0.6247,159187.52,1169382.599,3.9163,2.47,,5.4335,3788466.7475
300474.SZ,2026-03-03,74.5,75.0,72.63,72.68,72.49,0.19,0.2621,196238.14,1448886.949,4.8278,2.33,,5.4478,3798396.5128
300474.SZ,2026-03-04,70.75,70.79,64.15,68.03,72.68,-4.65,-6.3979,159386.45,1091122.699,3.9212,1.42,,5.0992,3555378.5741
300474.SZ,2026-03-05,69.17,69.3,66.66,67.28,68.03,-0.75,-1.1025,107253.27,727179.481,2.6386,0.81,,5.043,3516182.1323
300474.SZ,2026-03-06,67.0,67.75,66.78,67.52,67.28,0.24,0.3567,59720.91,402671.906,1.4692,0.43,,5.061,3528724.9937
300474.SZ,2026-03-09,66.49,66.6,64.56,66.01,67.52,-1.51,-2.2364,96906.29,634521.027,2.3841,0.71,,4.9478,3449809.491
300474.SZ,2026-03-10,66.8,67.62,66.42,67.49,66.01,1.48,2.2421,80139.32,538142.44,1.9716,0.65,,5.0588,3527157.136
300474.SZ,2026-03-11,67.49,67.76,66.27,66.37,67.49,-1.12,-1.6595,73970.76,495012.301,1.8198,0.73,,4.9748,3468623.7831
300474.SZ,2026-03-12,66.33,66.8,65.17,65.6,66.37,-0.77,-1.1602,56733.41,373821.477,1.3957,0.68,,4.9171,3428382.1029
300474.SZ,2026-03-13,65.3,65.58,64.52,64.64,65.6,-0.96,-1.4634,53292.69,346057.744,1.3111,0.73,,4.8451,3378210.6575
300474.SZ,2026-03-16,64.71,65.93,63.63,65.75,64.64,1.11,1.7172,75769.85,490754.165,1.8641,1.05,,4.9283,3436221.3912
300474.SZ,2026-03-17,65.9,65.93,64.23,64.27,65.75,-1.48,-2.251,54516.39,354207.239,1.3412,0.8,,4.8174,3358873.7462
300474.SZ,2026-03-18,64.55,66.0,64.02,65.57,64.27,1.3,2.0227,74157.84,484638.666,1.8244,1.18,,4.9148,3426814.2452
300474.SZ,2026-03-19,64.6,65.37,64.3,64.62,65.57,-0.95,-1.4488,52905.32,342760.714,1.3016,0.84,,4.8436,3377165.419
300474.SZ,2026-03-20,65.0,65.52,64.37,64.43,64.62,-0.19,-0.294,66164.23,430290.934,1.6278,1.06,,4.8294,3367235.6538
300474.SZ,2026-03-23,63.0,63.3,59.59,59.78,64.43,-4.65,-7.2171,108142.64,661363.569,2.6605,1.67,,4.4809,3124217.7151
300474.SZ,2026-03-24,60.77,61.22,58.34,60.36,59.78,0.58,0.9702,94930.98,566448.737,2.3355,1.33,,4.5243,3154529.63
300474.SZ,2026-03-25,60.37,61.44,60.17,60.89,60.36,0.53,0.8781,70249.11,427012.527,1.7283,0.89,,4.5641,3182228.4488
300474.SZ,2026-03-26,60.75,61.19,59.2,59.36,60.89,-1.53,-2.5127,60102.56,360519.732,1.4786,0.77,,4.4494,3102267.7077
300474.SZ,2026-03-27,58.3,59.88,58.11,59.4,59.36,0.04,0.0674,47309.47,280499.711,1.1639,0.59,,4.4524,3104358.1846
300474.SZ,2026-03-30,58.6,59.23,57.2,58.28,59.4,-1.12,-1.8855,64783.21,375872.891,1.5938,0.85,,4.3684,3045824.8316
300474.SZ,2026-03-31,58.3,59.25,57.57,57.61,58.28,-0.67,-1.1496,55406.24,323555.768,1.3631,0.82,,4.3182,3010809.3437
300474.SZ,2026-04-01,58.7,58.89,57.88,58.26,57.61,0.65,1.1283,50169.16,292519.12,1.2343,0.84,,4.3669,3044779.5932
300474.SZ,2026-04-02,58.0,58.03,55.71,56.03,58.26,-2.23,-3.8277,76800.84,434464.691,1.8894,1.38,,4.1998,2928235.5065
300474.SZ,2026-04-03,56.23,56.52,54.99,55.05,56.03,-0.98,-1.7491,56527.2,313370.737,1.3907,0.96,,4.1263,2877018.8226
300474.SZ,2026-04-07,55.16,56.83,55.16,56.15,55.05,1.1,1.9982,57959.27,324613.369,1.4259,0.95,,4.2088,2934506.9371
300474.SZ,2026-04-08,57.3,59.18,57.1,59.15,56.15,3.0,5.3428,95801.35,558451.985,2.3569,1.61,,4.4336,3091292.704
300474.SZ,2026-04-09,58.48,58.88,58.18,58.57,59.15,-0.58,-0.9806,57199.47,334990.079,1.4072,0.85,,4.3902,3060980.7891
300474.SZ,2026-04-10,58.98,60.49,58.77,59.54,58.57,0.97,1.6561,72335.62,432885.617,1.7796,1.05,,4.4629,3111674.8537
300474.SZ,2026-04-13,58.9,61.39,58.8,60.24,59.54,0.7,1.1757,81684.31,494312.279,2.0096,1.2,,4.5153,3148258.1994
300474.SZ,2026-04-14,60.84,60.89,60.19,60.83,60.24,0.59,0.9794,71392.45,432268.336,1.7564,0.98,,4.5596,3179092.7335
300474.SZ,2026-04-15,61.5,62.78,60.8,60.84,60.83,0.01,0.0164,105769.1,653011.841,2.6021,1.4,,4.5603,3179615.3527
300474.SZ,2026-04-16,60.71,61.26,60.57,60.91,60.84,0.07,0.1151,71992.42,438254.156,1.7711,0.93,,4.5656,3183273.6873
300474.SZ,2026-04-17,60.6,62.36,60.41,61.64,60.91,0.73,1.1985,77121.01,475239.075,1.8973,0.96,,4.6203,3221424.8906
300474.SZ,2026-04-20,61.5,62.98,61.33,62.3,61.64,0.66,1.0707,75631.19,471753.902,1.8607,0.93,,4.6697,3255917.7593
300474.SZ,2026-04-21,62.3,62.3,60.96,61.37,62.3,-0.93,-1.4928,60186.88,368997.754,1.4807,0.75,,4.6,3207314.1716
300474.SZ,2026-04-22,60.91,61.82,60.81,61.73,61.37,0.36,0.5866,61727.71,379709.612,1.5186,0.79,,4.627,3226128.4636
300474.SZ,2026-04-23,61.84,62.9,61.35,62.12,61.73,0.39,0.6318,93611.32,581061.567,2.303,1.35,,4.6562,3246510.6133
300474.SZ,2026-04-24,60.5,61.68,58.88,60.8,62.12,-1.32,-2.1249,116854.56,704217.385,2.8748,1.59,,4.6575,3177524.8758
300474.SZ,2026-04-27,61.51,64.1,61.05,63.68,60.8,2.88,4.7368,156918.85,992128.597,3.8605,1.92,,4.8782,3328039.2121
300474.SZ,2026-04-28,63.16,64.28,61.5,62.12,63.68,-1.56,-2.4497,104980.23,660068.581,2.5827,1.07,,4.7587,3246510.6133
300474.SZ,2026-04-29,61.51,62.0,60.7,61.72,62.12,-0.4,-0.6439,81485.62,500763.003,2.0047,0.76,,4.728,3225605.8444
300474.SZ,2026-04-30,61.9,66.78,61.73,65.98,61.72,4.26,6.9021,207393.79,1333616.616,5.1023,1.87,,5.0543,3448241.6334
300474.SZ,2026-05-06,67.58,70.35,66.95,67.16,65.98,1.18,1.7884,282534.67,1932759.688,6.9509,2.12,,5.1447,3509910.7017
300474.SZ,2026-05-07,67.16,68.15,66.32,67.3,67.16,0.14,0.2085,164387.62,1100622.249,4.0442,0.99,,5.1555,3517227.3708
300474.SZ,2026-05-08,66.27,67.39,65.85,66.46,67.3,-0.84,-1.2481,118392.38,789281.067,2.9127,0.7,,5.0911,3473327.3561
300474.SZ,2026-05-11,67.35,68.27,67.08,67.49,66.46,1.03,1.5498,158729.13,1073024.003,3.905,0.93,,5.17,3527157.136
300474.SZ,2026-05-12,67.26,69.85,65.69,68.57,67.49,1.08,1.6002,184253.86,1242196.576,4.533,0.99,,5.2527,3583600.0121
300474.SZ,2026-05-13,67.1,68.4,65.8,68.31,68.57,-0.26,-0.3792,179735.37,1206338.469,4.4218,0.99,,5.2328,3570011.9123
300474.SZ,2026-05-14,68.31,68.92,65.5,65.59,68.31,-2.72,-3.9818,138987.76,928106.239,3.4194,0.86,,5.0245,3427859.4837
300474.SZ,2026-05-15,65.45,66.99,64.2,64.64,65.59,-0.95,-1.4484,132455.18,868300.776,3.2586,0.85,,4.9517,3378210.6575
300474.SZ,2026-05-18,64.3,66.1,64.18,64.9,64.64,0.26,0.4022,99856.77,649941.461,2.4567,0.63,,4.9716,3391798.7573
300474.SZ,2026-05-19,64.26,65.23,62.71,65.11,64.9,0.21,0.3236,119356.98,761493.458,2.9364,0.81,,4.9877,3402773.761
300474.SZ,2026-05-20,64.85,66.16,64.5,65.19,65.11,0.08,0.1229,115332.43,754765.69,2.8374,0.86,,4.9938,3406954.7147
300474.SZ,2026-05-21,66.12,67.15,62.25,62.3,65.19,-2.89,-4.4332,171946.02,1123926.556,4.2302,1.42,,4.7724,3255917.7593
300474.SZ,2026-05-22,62.3,63.67,62.27,63.31,62.3,1.01,1.6212,107089.88,674582.289,2.6346,0.84,,4.8498,3308702.3008
300474.SZ,2026-05-25,63.89,67.5,63.61,67.05,63.31,3.74,5.9074,191834.78,1261270.862,4.7195,1.56,,5.1363,3504161.8902
300474.SZ,2026-05-26,66.5,66.5,63.04,64.54,67.05,-2.51,-3.7435,147800.99,952799.485,3.6362,1.05,,4.944,3372984.4652
300474.SZ,2026-05-27,64.61,66.45,63.15,63.22,64.54,-1.32,-2.0452,156781.47,1019807.828,3.8571,1.07,,4.8429,3303998.7278
300474.SZ,2026-05-28,62.73,64.6,61.35,63.31,63.22,0.09,0.1424,137111.23,862512.046,3.3732,0.88,,4.8498,3308702.3008
300474.SZ,2026-05-29,63.33,63.79,57.68,57.87,63.31,-5.44,-8.5926,179850.17,1074015.818,4.4246,1.21,,4.4331,3024397.4435
300474.SZ,2026-06-01,58.37,58.69,56.52,56.61,57.87,-1.26,-2.1773,101945.59,584790.524,2.508,0.63,,4.3366,2958547.4214
300474.SZ,2026-06-02,56.96,57.18,54.9,55.84,56.61,-0.77,-1.3602,90189.34,504466.323,2.2188,0.62,,4.2776,2918305.7412
300474.SZ,2026-06-03,55.85,59.98,55.81,57.68,55.84,1.84,3.2951,140203.39,810149.894,3.4493,1.05,,4.4185,3014467.6783
300474.SZ,2026-06-04,56.7,58.7,56.54,58.13,57.68,0.45,0.7802,93958.56,543712.453,2.3116,0.72,,4.453,3037985.5433
300474.SZ,2026-06-05,57.38,57.85,55.8,56.37,58.13,-1.76,-3.0277,96779.41,549690.427,2.3809,0.8,,4.3182,2946004.5601
300474.SZ,2026-06-08,54.52,55.92,53.06,53.53,56.37,-2.84,-5.0381,104404.55,568263.232,2.5685,1.0,,4.1006,2797580.7007
300474.SZ,2026-06-09,54.33,54.5,52.91,54.37,53.53,0.84,1.5692,80691.79,433956.24381,1.9852,0.77,,4.165,2841480.7155
300474.SZ,2026-06-10,53.6,55.6,52.85,53.27,54.37,-1.1,-2.0232,85219.33,460905.41332,2.0966,0.83,,4.0807,2783992.6009
300474.SZ,2026-06-11,52.81,53.19,51.12,51.6,53.27,-1.67,-3.135,96887.34,502562.71943,2.3836,1.05,,3.9528,2696715.1907
300474.SZ,2026-06-12,52.9,53.38,50.7,50.93,51.6,-0.67,-1.2984,121065.53,628907.18242,2.9784,1.3,,3.9015,2661700.0949
300474.SZ,2026-06-15,51.28,53.08,51.09,53.05,50.93,2.12,4.1626,98741.05,516358.09226,2.4292,1.01,,4.0639,2772495.3865
300474.SZ,2026-06-16,53.0,54.3,52.35,53.9,53.05,0.85,1.6023,92226.12,492245.43599,2.2689,0.96,,4.129,2816918.027
300474.SZ,2026-06-17,53.09,54.12,53.07,53.98,53.9,0.08,0.1484,81658.56,437775.73764,2.0089,0.83,,4.1351,2821098.9814
300474.SZ,2026-06-18,53.51,56.27,53.42,55.52,53.98,1.54,2.8529,136889.56,754869.51352,3.3677,1.4,,4.2531,2901582.3536
300474.SZ,2026-06-22,56.0,56.3,53.36,55.11,55.52,-0.41,-0.7385,120957.59,662716.18349,2.9758,1.14,,4.2217,2880154.9623
300474.SZ,2026-06-23,54.5,56.44,54.11,54.75,55.11,-0.36,-0.6532,117745.83,651265.21804,2.8968,1.11,,4.1941,2861340.6675
300474.SZ,2026-06-24,54.1,55.45,53.5,55.05,54.75,0.3,0.5479,98557.03,539101.70809,2.4247,0.9,,4.2171,2877019.2465
300474.SZ,2026-06-25,54.86,56.56,54.0,55.75,55.05,0.7,1.2716,160194.76,889128.42876,3.9411,1.44,,4.2707,2913602.5975
300474.SZ,2026-06-26,54.81,54.81,52.41,52.97,55.75,-2.78,-4.9865,131543.67,702919.70098,3.2362,1.04,,4.0577,2768314.4321
300474.SZ,2026-06-29,53.0,54.99,51.44,53.05,52.97,0.08,0.151,118881.07,630664.10037,2.9247,0.95,,4.0639,2772495.3865
300474.SZ,2026-06-30,53.0,61.18,52.61,60.48,53.05,7.43,14.0057,320833.13,1881390.93076,7.8931,2.56,,4.633,3160801.5264
300474.SZ,2026-07-01,59.97,61.66,58.74,59.21,60.48,-1.27,-2.0999,223235.78,1348555.24363,5.492,1.34,,4.5357,3094428.8753
300474.SZ,2026-07-02,58.25,61.85,57.0,58.8,59.21,-0.41,-0.6925,208854.26,1250374.74512,5.1382,1.09,,4.5043,3073001.484
300474.SZ,2026-07-03,57.73,59.39,57.18,57.23,58.8,-1.57,-2.6701,149813.83,867795.73687,3.6857,0.75,,4.3841,2990950.2539
300474.SZ,2026-07-06,57.26,59.2,56.56,58.09,57.23,0.86,1.5027,146955.12,850506.86195,3.6154,0.72,,4.4499,3035895.5137
300474.SZ,2026-07-07,57.77,60.3,57.25,58.95,58.09,0.86,1.4805,155192.82,917316.472,3.818,0.74,,4.5158,3080840.7735
300474.SZ,2026-07-08,59.02,61.15,56.59,61.15,58.95,2.2,3.732,233487.22,1397334.19459,5.7442,1.32,,4.6843,3195817.0195
300474.SZ,2026-07-09,60.51,63.99,59.3,62.6,61.15,1.45,2.3712,277407.29,1707285.70006,6.8247,1.55,,4.7954,3271596.818
