ts_code,trade_date,open,high,low,close,pre_close,change,pct_chg,vol,amount,turnover_rate,volume_ratio,pe,pb,total_mv
300308.SZ,2023-01-03,27.2,28.57,26.88,28.3,27.03,1.27,4.6985,113000.0,314737.995,1.51,1.89,25.847,1.9149,2266721.86
300308.SZ,2023-01-04,28.21,28.86,28.1,28.68,28.3,0.38,1.3428,74768.51,212973.186,0.9991,1.02,26.1941,1.9407,2297158.408
300308.SZ,2023-01-05,28.56,28.79,28.42,28.67,28.68,-0.01,-0.0349,67242.33,192143.889,0.8986,0.9,26.1849,1.94,2296357.4462
300308.SZ,2023-01-06,28.68,28.68,28.28,28.42,28.67,-0.25,-0.872,68780.72,195869.78,0.9191,0.86,25.9566,1.9231,2276333.4015
300308.SZ,2023-01-09,28.54,28.54,27.98,28.2,28.42,-0.22,-0.7741,69136.67,195050.074,0.9239,0.91,25.7557,1.9082,2258712.2422
300308.SZ,2023-01-10,28.2,28.35,28.02,28.25,28.2,0.05,0.1773,38061.15,107450.484,0.5086,0.48,25.8013,1.9116,2262717.0511
300308.SZ,2023-01-11,28.35,28.35,27.92,27.96,28.25,-0.29,-1.0265,41759.45,117332.14,0.558,0.66,25.5365,1.8919,2239489.1592
300308.SZ,2023-01-12,28.01,28.27,27.83,28.11,27.96,0.15,0.5365,41389.0,116163.146,0.5531,0.73,25.6735,1.9021,2251503.5861
300308.SZ,2023-01-13,28.11,28.19,27.7,27.82,28.11,-0.29,-1.0317,49454.64,137713.505,0.6609,0.95,25.4086,1.8825,2228275.6942
300308.SZ,2023-01-16,27.87,28.5,27.71,28.21,27.82,0.39,1.4019,58294.36,164893.406,0.779,1.22,25.7648,1.9089,2259513.2039
300308.SZ,2023-01-17,28.3,28.56,28.17,28.32,28.21,0.11,0.3899,48469.74,137237.771,0.6477,1.06,25.8653,1.9163,2268323.7836
300308.SZ,2023-01-18,28.32,28.86,28.11,28.7,28.32,0.38,1.3418,60343.34,172524.052,0.8064,1.26,26.2123,1.942,2298760.3316
300308.SZ,2023-01-19,28.7,28.94,28.56,28.86,28.7,0.16,0.5575,46516.83,133750.254,0.6216,0.9,26.3584,1.9528,2311575.7202
300308.SZ,2023-01-20,28.96,29.29,28.73,28.99,28.86,0.13,0.4505,57322.32,166115.698,0.766,1.09,26.4772,1.9616,2321988.2234
300308.SZ,2023-01-30,29.4,29.45,28.82,28.91,28.99,-0.08,-0.276,72234.16,210091.829,0.9653,1.33,26.4041,1.9562,2315580.5291
300308.SZ,2023-01-31,29.5,29.97,29.08,29.1,28.91,0.19,0.6572,123893.89,364297.09,1.6556,2.17,26.5776,1.9691,2330798.8031
300308.SZ,2023-02-01,30.0,30.3,29.22,29.83,29.1,0.73,2.5086,125566.01,372290.583,1.6779,1.74,27.2444,2.0185,2389269.0136
300308.SZ,2023-02-02,30.1,30.67,29.75,30.35,29.83,0.52,1.7432,156885.52,475326.404,2.0964,1.84,27.7193,2.0537,2430919.0266
300308.SZ,2023-02-03,30.38,31.7,30.3,31.56,30.35,1.21,3.9868,217364.9,677745.89,2.9046,2.03,28.8244,2.1355,2527835.4029
300308.SZ,2023-02-06,31.93,32.3,31.35,32.04,31.56,0.48,1.5209,213555.49,681956.315,2.8537,1.53,29.2628,2.168,2566281.5688
300308.SZ,2023-02-07,32.57,34.61,32.5,33.83,32.04,1.79,5.5868,398732.88,1346372.388,5.3282,2.38,30.8977,2.2891,2709653.7288
300308.SZ,2023-02-08,34.21,34.89,33.0,33.1,33.83,-0.73,-2.1578,206068.67,693838.882,2.7537,0.93,30.2309,2.2397,2651183.5183
300308.SZ,2023-02-09,33.0,35.46,32.25,35.18,33.1,2.08,6.284,368724.7,1266532.262,4.9272,1.55,32.1306,2.3805,2817783.5702
300308.SZ,2023-02-10,35.2,36.88,34.35,34.95,35.18,-0.23,-0.6538,468957.78,1672355.327,6.2666,1.67,31.9206,2.3649,2799361.4491
300308.SZ,2023-02-13,35.29,36.38,34.83,35.98,34.95,1.03,2.9471,335379.41,1197062.571,4.4816,1.01,32.8613,2.4346,2881860.5132
300308.SZ,2023-02-14,35.58,36.45,34.79,35.15,35.98,-0.83,-2.3068,281984.34,997523.033,3.7681,0.79,32.1032,2.3785,2815380.6848
300308.SZ,2023-02-15,34.86,36.65,34.6,35.78,35.15,0.63,1.7923,340292.18,1222109.77,4.5473,1.02,32.6786,2.4211,2865841.2775
300308.SZ,2023-02-16,35.53,36.6,34.7,35.04,35.78,-0.74,-2.0682,253961.58,903083.828,3.3937,0.71,32.0028,2.371,2806570.1052
300308.SZ,2023-02-17,34.83,34.89,33.17,33.35,35.04,-1.69,-4.8231,284332.85,956888.238,3.7995,0.85,30.4593,2.2567,2671207.563
300308.SZ,2023-02-20,33.4,34.28,33.3,34.2,33.35,0.85,2.5487,177241.19,599996.83,2.3685,0.59,31.2356,2.3142,2739289.315
300308.SZ,2023-02-21,34.2,34.41,33.53,33.72,34.2,-0.48,-1.4035,115231.83,390566.735,1.5398,0.43,30.7972,2.2817,2700843.1491
300308.SZ,2023-02-22,33.57,34.33,33.38,33.7,33.72,-0.02,-0.0593,109890.88,371424.146,1.4685,0.47,30.7789,2.2803,2699241.2256
300308.SZ,2023-02-23,33.55,33.94,33.35,33.5,33.7,-0.2,-0.5935,76059.1,255628.298,1.0164,0.4,30.5963,2.2668,2683221.9898
300308.SZ,2023-02-24,33.77,35.38,33.77,34.87,33.5,1.37,4.0896,262287.47,915100.131,3.5049,1.72,31.8475,2.3595,2792953.7548
300308.SZ,2023-02-27,34.76,35.27,34.39,34.58,34.87,-0.29,-0.8317,123273.7,428861.368,1.6473,0.83,31.5826,2.3399,2769725.8629
300308.SZ,2023-02-28,35.88,36.78,35.01,35.5,34.58,0.92,2.6605,279870.11,1002687.35,3.7399,2.04,32.4229,2.3862,2843414.3474
300308.SZ,2023-03-01,35.51,36.5,35.3,35.91,35.5,0.41,1.1549,267576.04,963886.06,3.5756,1.57,32.7974,2.4137,2876253.7807
300308.SZ,2023-03-02,35.8,37.77,35.66,36.62,35.91,0.71,1.9772,316349.51,1167408.048,4.2273,1.57,33.4458,2.4614,2933122.0677
300308.SZ,2023-03-03,35.67,36.34,35.08,35.43,36.62,-1.19,-3.2496,273962.67,975236.672,3.6609,1.1,32.359,2.3814,2837807.6149
300308.SZ,2023-03-06,35.25,36.48,35.25,35.57,35.43,0.14,0.3951,193422.03,692471.14,2.5847,0.77,32.4868,2.3909,2849021.0799
300308.SZ,2023-03-07,35.31,35.8,34.37,34.41,35.57,-1.16,-3.2612,184152.05,642569.051,2.4608,0.69,31.4274,2.3129,2756109.5125
300308.SZ,2023-03-08,34.5,34.97,34.0,34.63,34.41,0.22,0.6393,146435.64,505183.302,1.9568,0.59,31.6283,2.3277,2773730.6718
300308.SZ,2023-03-09,34.31,34.92,33.98,34.43,34.63,-0.2,-0.5775,116466.16,399844.286,1.5563,0.52,31.4456,2.3142,2757711.4361
300308.SZ,2023-03-10,34.05,35.1,33.96,34.32,34.43,-0.11,-0.3195,141098.47,488445.578,1.8855,0.77,31.3452,2.3068,2748900.8564
300308.SZ,2023-03-13,34.21,35.17,33.74,34.76,34.32,0.44,1.2821,173620.03,602055.184,2.3201,1.11,31.747,2.3364,2784143.1751
300308.SZ,2023-03-14,34.43,35.35,33.55,33.55,34.76,-1.21,-3.481,234818.01,799083.347,3.1378,1.54,30.6419,2.2551,2687226.7987
300308.SZ,2023-03-15,33.86,34.18,32.72,32.86,33.55,-0.69,-2.0566,183570.81,609911.022,2.453,1.13,30.0117,2.2087,2631960.4354
300308.SZ,2023-03-16,32.63,33.23,32.36,32.63,32.86,-0.23,-0.6999,118811.95,389545.79,1.5877,0.7,29.8017,2.1932,2613538.3142
300308.SZ,2023-03-17,32.88,35.45,32.8,34.61,32.63,1.98,6.068,270240.99,933458.318,3.6112,1.59,31.61,2.3263,2772128.7483
300308.SZ,2023-03-20,34.65,37.38,34.62,35.82,34.61,1.21,3.4961,405272.79,1473808.375,5.4156,2.07,32.7152,2.4077,2869045.1246
300308.SZ,2023-03-21,36.0,37.2,35.12,36.83,35.82,1.01,2.8197,278904.82,1017453.962,3.727,1.15,33.6376,2.4755,2949942.2652
300308.SZ,2023-03-22,36.95,44.2,36.95,44.2,36.83,7.37,20.0109,777000.43,3196114.089,10.383,3.09,40.3688,2.9709,3540251.103
300308.SZ,2023-03-23,45.76,51.5,45.25,50.0,44.2,5.8,13.1222,924589.53,4448686.956,12.3552,2.5,45.6661,3.3608,4004808.94
300308.SZ,2023-03-24,51.15,52.82,49.32,52.23,50.0,2.23,4.46,858603.66,4371772.913,11.4734,1.62,47.7028,3.5107,4183423.4187
300308.SZ,2023-03-27,51.0,57.04,50.8,56.04,52.23,3.81,7.2947,799712.1,4274038.709,10.6865,1.23,51.1825,3.7668,4488589.86
300308.SZ,2023-03-28,54.7,56.05,53.3,53.81,56.04,-2.23,-3.9793,586153.36,3197751.897,7.8327,0.81,49.1458,3.6169,4309975.3812
300308.SZ,2023-03-29,54.0,57.78,53.88,55.55,53.81,1.74,3.2336,646732.15,3609832.293,8.6422,0.82,50.735,3.7338,4449342.7323
300308.SZ,2023-03-30,55.08,56.49,52.0,55.0,55.55,-0.55,-0.9901,530936.1,2880082.96,7.0948,0.7,50.2327,3.6969,4405289.834
300308.SZ,2023-03-31,54.61,60.2,53.61,58.9,55.0,3.9,7.0909,609149.95,3442945.559,8.14,0.89,53.7946,3.959,4717664.9313
300308.SZ,2023-04-03,60.6,68.55,59.6,67.24,58.9,8.34,14.1596,767534.69,4910262.29,10.2565,1.21,61.4117,4.5196,5385667.0625
300308.SZ,2023-04-04,66.08,69.75,65.01,67.1,67.24,-0.14,-0.2082,556282.33,3744066.994,7.4335,0.89,61.2839,4.5102,5374453.5975
300308.SZ,2023-04-06,66.99,73.31,65.61,67.0,67.1,-0.1,-0.149,690544.08,4811856.661,9.2277,1.11,61.1925,4.5034,5366443.9796
300308.SZ,2023-04-07,67.71,71.7,66.51,70.5,67.0,3.5,5.2239,494901.45,3410824.406,6.6133,0.78,64.3891,4.7387,5646780.6054
300308.SZ,2023-04-10,71.0,77.88,67.87,70.18,70.5,-0.32,-0.4539,601379.06,4304544.046,8.0362,0.96,64.0969,4.7172,5621149.8282
300308.SZ,2023-04-11,69.05,72.0,65.98,68.3,70.18,-1.88,-2.6788,552440.83,3778873.273,7.3822,0.89,62.3798,4.5908,5470569.012
300308.SZ,2023-04-12,66.91,69.66,65.0,68.57,68.3,0.27,0.3953,482322.78,3282025.792,6.4452,0.83,62.6264,4.609,5492194.9803
300308.SZ,2023-04-13,70.66,71.98,63.8,64.73,68.57,-3.84,-5.6001,579237.52,3861364.27,7.7403,1.03,59.1193,4.3509,5184625.6537
300308.SZ,2023-04-14,65.57,67.23,63.77,66.51,64.73,1.78,2.7499,473815.59,3128243.836,6.3315,0.87,60.745,4.4705,5327196.852
300308.SZ,2023-04-17,65.3,66.26,63.86,64.68,66.51,-1.83,-2.7515,319454.71,2073132.076,4.2688,0.59,59.0736,4.3475,5180620.8448
300308.SZ,2023-04-18,65.02,77.62,64.4,74.48,64.68,9.8,15.1515,798156.28,5672390.891,10.6657,1.66,68.0242,5.0062,5965563.397
300308.SZ,2023-04-19,74.48,78.52,74.0,75.62,74.48,1.14,1.5306,645766.66,4912060.065,8.6293,1.22,69.0653,5.0828,6056873.0409
300308.SZ,2023-04-20,76.58,82.0,76.01,81.0,75.62,5.38,7.1145,616849.79,4904931.75,8.2429,1.1,73.979,5.4445,6487790.4828
300308.SZ,2023-04-21,79.99,81.37,77.0,78.19,81.0,-2.81,-3.4691,472218.91,3723809.486,6.3102,0.83,71.4126,5.2556,6262720.2204
300308.SZ,2023-04-24,80.57,89.16,80.56,85.41,78.19,7.22,9.2339,645324.61,5445679.393,8.6261,1.13,55.8911,5.5263,6841014.6313
300308.SZ,2023-04-25,83.19,86.88,78.6,80.89,85.41,-4.52,-5.2921,653017.18,5399166.232,8.729,1.03,52.9332,5.2338,6478979.9031
300308.SZ,2023-04-26,81.91,85.53,78.38,79.45,80.89,-1.44,-1.7802,664903.89,5433084.295,8.8879,1.1,51.9909,5.1407,6363641.4057
300308.SZ,2023-04-27,75.75,82.5,75.31,78.49,79.45,-0.96,-1.2083,598639.49,4737518.82,8.0021,0.98,51.3627,5.0786,6286749.074
300308.SZ,2023-04-28,79.56,91.11,78.83,90.0,78.49,11.51,14.6643,662409.8,5631069.729,8.8545,1.09,58.8947,5.8233,7208656.092
300308.SZ,2023-05-04,86.5,87.8,81.68,85.2,90.0,-4.8,-5.3333,575999.73,4866413.677,7.6995,0.89,55.7536,5.5127,6824194.4338
300308.SZ,2023-05-05,86.08,87.56,75.88,78.39,85.2,-6.81,-7.993,591266.45,4778815.173,7.9035,0.94,51.2973,5.0721,6278739.4561
300308.SZ,2023-05-08,78.2,81.63,74.01,77.44,78.39,-0.95,-1.2119,482677.43,3779901.901,6.452,0.78,50.6756,5.0106,6202648.0863
300308.SZ,2023-05-09,77.55,84.8,77.55,81.94,77.44,4.5,5.811,473711.82,3894593.551,6.3322,0.81,53.6203,5.3018,6563080.8909
300308.SZ,2023-05-10,83.37,84.69,74.17,75.8,81.94,-6.14,-7.4933,535088.08,4201026.131,7.1526,0.96,49.6024,4.9045,6071290.353
300308.SZ,2023-05-11,75.56,76.8,72.2,72.54,75.8,-3.26,-4.3008,440697.88,3267752.614,5.8909,0.83,47.4691,4.6936,5810176.8102
300308.SZ,2023-05-12,72.45,76.79,72.05,75.83,72.54,3.29,4.5354,430433.68,3236578.376,5.7537,0.85,49.622,4.9064,6073693.2384
300308.SZ,2023-05-15,77.0,79.87,72.49,79.6,75.83,3.77,4.9716,465990.84,3564786.051,6.229,0.99,52.0891,5.1504,6375655.8325
300308.SZ,2023-05-16,79.16,79.79,75.93,76.82,79.6,-2.78,-3.4925,394400.83,3063347.444,5.272,0.84,50.2699,4.9705,6152988.4554
300308.SZ,2023-05-17,77.0,82.52,76.02,79.01,76.82,2.19,2.8508,434806.17,3458715.706,5.8121,0.96,51.703,5.1122,6328399.087
300308.SZ,2023-05-18,88.5,94.81,85.55,94.81,79.01,15.8,19.9975,561366.3,5107563.879,7.5039,1.3,62.0423,6.1345,7593918.712
300308.SZ,2023-05-19,96.01,99.59,90.81,93.55,94.81,-1.26,-1.329,785144.43,7528546.731,10.4918,1.72,61.2178,6.053,7492997.5267
300308.SZ,2023-05-22,93.55,93.88,87.36,89.89,93.55,-3.66,-3.9123,480795.81,4328897.416,6.4227,0.91,58.841,5.815,7202090.5151
300308.SZ,2023-05-23,90.25,92.42,86.97,87.2,89.89,-2.69,-2.9925,529940.85,4734300.55,7.0792,1.0,57.0802,5.641,6986564.6114
300308.SZ,2023-05-24,85.3,92.21,85.08,87.67,87.2,0.47,0.539,571797.84,5079451.481,7.6383,1.02,57.3879,5.6714,7024221.5536
300308.SZ,2023-05-25,95.88,99.89,90.0,93.18,87.67,5.51,6.2849,765340.59,7280837.448,10.2238,1.31,60.9946,6.0279,7465689.1111
300308.SZ,2023-05-26,93.26,99.35,91.3,91.45,93.18,-1.73,-1.8566,609410.03,5744455.159,8.1232,0.97,59.9828,5.9085,7341845.9465
300308.SZ,2023-05-29,94.38,102.38,94.01,96.0,91.45,4.55,4.9754,624193.83,6095670.97,8.3203,1.06,62.9672,6.2025,7707131.8848
300308.SZ,2023-05-30,98.75,110.0,96.13,109.0,96.0,13.0,13.5417,646267.29,6642510.27,8.6145,1.04,71.494,7.0424,8750805.9942
300308.SZ,2023-05-31,106.03,108.09,102.3,107.5,109.0,-1.5,-1.3761,460505.64,4857237.828,6.1384,0.72,70.5102,6.9455,8630382.0585
300308.SZ,2023-06-01,105.0,110.99,104.0,108.04,107.5,0.54,0.5023,383389.94,4125007.353,5.1105,0.62,70.8644,6.9804,8673734.6754
300308.SZ,2023-06-02,111.15,112.8,104.21,106.7,108.04,-1.34,-1.2403,288436.19,3094297.932,3.8448,0.53,69.9855,6.8938,8566155.9595
300308.SZ,2023-06-05,105.0,115.38,105.0,111.2,106.7,4.5,4.2174,388504.79,4319562.469,5.1786,0.81,72.937,7.1845,8927427.7666
300308.SZ,2023-06-06,112.0,113.5,106.18,107.31,111.0,-3.69,-3.3243,320564.15,3503934.985,4.273,0.74,70.3856,7.0221,8615128.36
300308.SZ,2023-06-07,107.1,111.1,105.53,108.11,107.31,0.8,0.7455,284178.24,3083546.38,3.788,0.77,70.9103,7.0744,8679354.459
300308.SZ,2023-06-08,106.1,109.59,103.27,106.72,108.11,-1.39,-1.2857,343756.74,3661586.284,4.5822,1.03,69.9986,6.9835,8567761.6119
300308.SZ,2023-06-09,106.7,118.5,103.5,115.2,106.72,8.48,7.946,579818.13,6407554.008,7.7288,1.78,75.5607,7.5384,9248558.2618
300308.SZ,2023-06-12,115.2,122.64,114.0,121.5,115.2,6.3,5.4688,401497.43,4801762.932,5.3518,1.05,79.6929,7.9506,9754338.7917
300308.SZ,2023-06-13,120.0,123.98,118.04,121.55,121.5,0.05,0.0412,279624.6,3386989.454,3.7273,0.72,79.7257,7.9539,9758352.9229
300308.SZ,2023-06-14,124.0,134.56,121.7,129.55,121.55,8.0,6.5817,409319.52,5199427.08,5.4561,1.08,84.973,8.4774,10400613.9133
300308.SZ,2023-06-15,133.9,139.88,132.0,134.79,129.55,5.24,4.0448,440664.91,5954438.969,5.8739,1.09,88.4099,8.8203,10821294.862
300308.SZ,2023-06-16,136.35,156.5,132.64,155.0,134.79,20.21,14.9937,458446.7,6619310.082,6.1109,1.09,101.6658,10.1428,12443806.689
300308.SZ,2023-06-19,158.09,164.8,153.46,160.01,155.0,5.01,3.2323,491894.14,7804976.289,6.5568,1.24,104.9519,10.4706,12846022.6342
300308.SZ,2023-06-20,160.01,170.0,156.1,170.0,160.01,9.99,6.2434,452093.99,7319594.024,6.0263,1.09,111.5045,11.1244,13648046.046
300308.SZ,2023-06-21,165.66,166.0,157.05,159.9,170.0,-10.1,-5.9412,473777.41,7643068.871,6.3153,1.05,104.8798,10.4634,12837191.5456
300308.SZ,2023-06-26,156.56,158.0,145.24,148.0,159.9,-11.9,-7.4422,622281.26,9396374.352,8.2948,1.34,97.0745,9.6847,11881828.3224
300308.SZ,2023-06-27,147.44,149.89,144.99,147.2,148.0,-0.8,-0.5405,366485.64,5399287.868,4.8851,0.73,96.5498,9.6324,11817602.2234
300308.SZ,2023-06-28,139.01,145.5,132.96,141.98,147.2,-5.22,-3.5462,474849.29,6664986.448,6.3296,0.99,93.1259,9.2908,11398526.9271
300308.SZ,2023-06-29,144.0,149.8,143.5,148.01,141.98,6.03,4.2471,461718.18,6777628.191,6.1546,0.97,97.081,9.6854,11882631.1486
300308.SZ,2023-06-30,145.0,154.58,144.02,147.45,148.01,-0.56,-0.3784,486622.14,7258615.996,6.4865,1.01,96.7137,9.6487,11837672.8793
300308.SZ,2023-07-03,147.78,148.6,138.89,146.0,147.45,-1.45,-0.9834,413579.21,5926592.734,5.5129,0.86,95.7627,9.5539,11721263.0748
300308.SZ,2023-07-04,146.51,150.33,145.0,146.52,146.0,0.52,0.3562,310201.23,4580082.24,4.1349,0.7,96.1037,9.5879,11763010.0392
300308.SZ,2023-07-05,146.01,146.52,138.72,138.96,146.52,-7.56,-5.1597,341396.76,4864646.976,4.5507,0.8,91.1451,9.0932,11156073.4032
300308.SZ,2023-07-06,138.78,145.56,137.7,139.8,138.96,0.84,0.6045,323411.59,4578612.224,4.311,0.8,91.696,9.1481,11223510.8072
300308.SZ,2023-07-07,144.59,150.62,136.23,146.99,139.8,7.19,5.1431,507937.93,7325079.902,6.7707,1.35,96.412,9.6186,11800742.8724
300308.SZ,2023-07-10,145.22,146.89,137.04,143.6,146.99,-3.39,-2.3063,419945.61,5942156.102,5.5977,1.11,94.1885,9.3968,11528584.7777
300308.SZ,2023-07-11,145.98,148.8,142.58,148.5,143.6,4.9,3.4123,345456.28,5054824.477,4.6048,0.91,97.4024,9.7175,11921969.6343
300308.SZ,2023-07-12,149.5,152.0,138.79,138.79,148.5,-9.71,-6.5387,465961.61,6734275.073,6.2111,1.2,91.0336,9.0821,11142425.3572
300308.SZ,2023-07-13,141.84,154.7,141.84,154.2,138.79,15.41,11.1031,536982.72,7947614.825,7.1578,1.3,101.1411,10.0904,12379580.59
300308.SZ,2023-07-14,156.66,159.6,151.11,155.39,154.2,1.19,0.7717,539873.81,8351777.077,7.1963,1.19,101.9217,10.1683,12475116.9123
300308.SZ,2023-07-17,154.1,164.95,153.93,157.71,155.39,2.32,1.493,405983.14,6478700.227,5.4116,0.88,103.4434,10.3201,12661372.5995
300308.SZ,2023-07-18,160.08,160.5,149.99,151.29,157.71,-6.42,-4.0708,311921.6,4811204.346,4.1578,0.68,99.2324,9.9,12145958.1547
300308.SZ,2023-07-19,154.0,155.96,148.92,149.0,151.29,-2.29,-1.5136,221403.48,3357756.301,2.9512,0.49,97.7304,9.7502,11962110.9462
300308.SZ,2023-07-20,147.5,148.4,129.55,130.0,149.0,-19.0,-12.7517,671198.47,9235924.77,8.9469,1.66,85.2681,8.5069,10436741.094
300308.SZ,2023-07-21,130.01,131.73,125.71,130.24,130.0,0.24,0.1846,527381.78,6789054.875,7.0298,1.23,85.4255,8.5226,10456008.9237
300308.SZ,2023-07-24,130.16,135.93,128.88,131.0,130.24,0.76,0.5835,393842.08,5213235.804,5.2498,0.92,85.924,8.5723,10517023.7178
300308.SZ,2023-07-25,133.16,140.98,130.01,134.25,131.0,3.25,2.4809,447118.92,6031733.705,5.96,1.05,88.0557,8.785,10777942.2452
300308.SZ,2023-07-26,134.42,135.58,127.03,129.04,134.25,-5.21,-3.8808,400397.17,5222877.718,5.3372,0.89,84.6385,8.444,10359669.7752
300308.SZ,2023-07-27,127.1,131.1,126.11,127.9,129.04,-1.14,-0.8834,253277.07,3245832.687,3.3761,0.52,83.8907,8.3694,10268147.584
300308.SZ,2023-07-28,126.63,131.19,124.6,126.9,127.9,-1.0,-0.7819,341066.99,4345023.431,4.5463,0.84,83.2348,8.304,10187864.9602
300308.SZ,2023-07-31,124.08,131.45,124.0,128.0,126.9,1.1,0.8668,372555.34,4779940.266,4.966,1.01,83.9563,8.376,10276175.8464
300308.SZ,2023-08-01,128.0,135.99,127.66,134.8,128.0,6.8,5.3125,484145.77,6416563.399,6.4535,1.33,88.4165,8.821,10822097.6882
300308.SZ,2023-08-02,134.0,135.99,130.52,133.8,134.8,-1.0,-0.7418,264234.35,3525725.901,3.5222,0.71,87.7606,8.7555,10741815.0644
300308.SZ,2023-08-03,130.38,135.49,128.33,130.51,133.8,-3.29,-2.4589,301569.5,3954508.033,4.0198,0.88,85.6026,8.5402,10477685.2321
300308.SZ,2023-08-04,130.03,141.03,129.51,139.95,130.51,9.44,7.2332,458229.26,6212604.412,6.1081,1.3,91.7944,9.158,11235553.2008
300308.SZ,2023-08-07,141.0,146.66,138.88,141.75,139.95,1.8,1.2862,413930.28,5916033.33,5.5176,1.1,92.9751,9.2758,11380061.9237
300308.SZ,2023-08-08,141.75,144.43,134.5,134.51,141.75,-7.24,-5.1076,303276.42,4213408.871,4.0426,0.79,88.2263,8.802,10798815.7273
300308.SZ,2023-08-09,134.18,136.15,126.61,126.84,134.51,-7.67,-5.7022,417352.28,5455563.216,5.5632,1.2,83.1955,8.3001,10183048.0028
300308.SZ,2023-08-10,124.06,127.19,122.01,124.01,126.84,-2.83,-2.2312,314116.36,3903812.258,4.1871,0.83,81.3392,8.1149,9955848.1774
300308.SZ,2023-08-11,125.43,127.14,121.98,121.98,124.01,-2.03,-1.637,209528.26,2602884.599,2.7929,0.55,80.0077,7.9821,9792874.4511
300308.SZ,2023-08-14,122.7,123.52,120.31,123.52,121.98,1.54,1.2625,299862.74,3653432.708,3.9971,0.9,81.0178,8.0828,9916509.6918
300308.SZ,2023-08-15,129.0,129.88,121.01,121.9,123.52,-1.62,-1.3115,425347.71,5328572.547,5.6698,1.38,79.9553,7.9768,9786451.8412
300308.SZ,2023-08-16,120.02,123.3,118.11,121.01,121.9,-0.89,-0.7301,313831.04,3776187.152,4.1833,0.94,79.3715,7.9186,9715000.306
300308.SZ,2023-08-17,118.8,124.2,117.18,122.25,121.01,1.24,1.0247,320164.39,3886919.823,4.2677,1.02,80.1848,7.9997,9814550.7596
300308.SZ,2023-08-18,121.5,122.5,115.51,115.51,122.25,-6.74,-5.5133,315174.11,3733845.103,4.2012,1.0,75.764,7.5587,9273445.8751
300308.SZ,2023-08-21,116.33,120.55,115.3,117.87,115.51,2.36,2.0431,255052.47,3016721.235,3.3998,0.76,77.312,7.7131,9462912.8673
300308.SZ,2023-08-22,122.1,126.55,118.15,126.0,117.87,8.13,6.8974,465006.29,5683967.305,6.1984,1.43,82.6445,8.2451,10115610.5988
300308.SZ,2023-08-23,123.48,123.49,118.1,119.0,126.0,-7.0,-5.5556,286357.12,3429649.261,3.817,0.86,78.0531,7.7871,9553632.2322
300308.SZ,2023-08-24,124.0,126.0,119.33,121.0,119.0,2.0,1.6807,409584.48,5006257.034,5.4596,1.25,79.365,7.9179,9714197.4798
300308.SZ,2023-08-25,113.33,115.14,106.01,106.95,121.0,-14.05,-11.6116,580820.49,6411278.828,7.7422,1.68,70.1494,6.9985,8586226.6154
300308.SZ,2023-08-28,114.0,116.06,110.1,111.5,106.95,4.55,4.2543,487689.24,5518917.339,6.5007,1.22,73.1338,6.8947,8951512.5537
300308.SZ,2023-08-29,113.0,121.0,109.53,115.19,111.5,3.69,3.3094,439490.88,5049231.498,5.8583,0.99,75.5541,7.1229,9247755.4355
300308.SZ,2023-08-30,116.1,119.59,113.38,116.0,115.19,0.81,0.7032,313842.64,3637835.088,4.1834,0.71,76.0854,7.173,9312784.3608
300308.SZ,2023-08-31,114.0,116.34,113.75,114.62,116.0,-1.38,-1.1897,193110.98,2222072.594,2.5741,0.43,75.1803,7.0876,9201994.34
300308.SZ,2023-09-01,113.9,115.29,110.85,112.15,114.62,-2.47,-2.1549,209958.57,2366297.059,2.7987,0.52,73.5602,6.9349,9003696.2592
300308.SZ,2023-09-04,112.96,113.48,110.75,112.35,112.15,0.2,0.1783,165718.72,1853237.382,2.209,0.5,73.6913,6.9473,9019752.7839
300308.SZ,2023-09-05,111.9,111.9,108.12,109.01,112.35,-3.34,-2.9729,214383.03,2351163.353,2.8577,0.81,71.5006,6.7407,8751608.8204
300308.SZ,2023-09-06,109.12,110.95,106.8,109.7,109.01,0.69,0.633,198480.4,2159984.141,2.6457,0.9,71.9532,6.7834,8807003.8309
300308.SZ,2023-09-07,109.1,110.75,106.11,106.31,109.7,-3.39,-3.0902,239295.61,2576182.32,3.1897,1.22,69.7297,6.5738,8534845.7362
300308.SZ,2023-09-08,103.57,107.2,102.0,105.25,106.31,-1.06,-0.9971,287885.55,3020167.548,3.8374,1.4,69.0344,6.5082,8449746.155
300308.SZ,2023-09-11,106.25,112.99,104.52,109.2,105.25,3.95,3.753,379722.44,4157932.998,5.0616,1.72,71.6252,6.7525,8766862.519
300308.SZ,2023-09-12,108.08,111.88,107.55,109.92,109.2,0.72,0.6593,244786.55,2703602.919,3.2629,0.93,72.0975,6.797,8824666.0081
300308.SZ,2023-09-13,109.45,110.9,105.36,106.67,109.92,-3.25,-2.9567,180589.37,1940755.914,2.4072,0.67,69.9658,6.596,8563747.4807
300308.SZ,2023-09-14,107.17,108.31,102.5,102.65,106.67,-4.02,-3.7686,246306.02,2577436.505,3.2832,0.92,67.329,6.3475,8241011.3331
300308.SZ,2023-09-15,103.39,104.16,97.41,98.68,102.65,-3.97,-3.8675,363809.31,3651606.069,4.8495,1.36,64.7251,6.102,7922289.3166
300308.SZ,2023-09-18,99.0,99.59,94.72,95.5,98.68,-3.18,-3.2225,296946.48,2886881.29,3.9582,1.05,62.6393,5.9053,7666990.5729
300308.SZ,2023-09-19,96.4,99.26,93.69,96.5,95.5,1.0,1.0471,265243.62,2558488.944,3.5356,1.0,63.2952,5.9672,7747273.1967
300308.SZ,2023-09-20,96.49,100.9,96.0,97.15,96.5,0.65,0.6736,275469.75,2709599.897,3.6719,1.02,63.7215,6.0074,7799456.9022
300308.SZ,2023-09-21,96.5,100.32,96.21,97.37,97.15,0.22,0.2265,239776.37,2360482.803,3.1961,0.83,63.8658,6.021,7817119.0794
300308.SZ,2023-09-22,97.97,112.92,97.5,111.08,97.37,13.71,14.0803,647610.8,6867634.058,8.6324,2.25,72.8583,6.8687,8917793.8517
300308.SZ,2023-09-25,111.08,111.9,106.8,107.5,111.08,-3.58,-3.2229,410389.32,4492724.324,5.4704,1.19,70.5102,6.6474,8630382.0585
300308.SZ,2023-09-26,109.95,115.77,109.3,111.8,107.5,4.3,4.0,442133.29,4973206.851,5.8935,1.2,73.3306,6.9133,8975597.3408
300308.SZ,2023-09-27,111.25,116.2,111.25,114.07,111.8,2.27,2.0304,276081.8,3148705.128,3.6801,0.68,74.8195,7.0536,9157838.8969
300308.SZ,2023-09-28,117.88,119.33,114.02,115.8,114.07,1.73,1.5166,306390.8,3565312.269,4.0841,0.76,75.9542,7.1606,9296727.836
300308.SZ,2023-10-09,115.43,116.98,107.51,111.06,115.8,-4.74,-4.0933,442493.93,4935200.18,5.8983,1.06,72.8452,6.8675,8916188.1992
300308.SZ,2023-10-10,110.37,112.72,107.98,109.45,111.06,-1.61,-1.4497,255412.3,2811180.252,3.4046,0.68,71.7892,6.7679,8786933.1749
300308.SZ,2023-10-11,110.55,113.77,107.66,109.73,109.45,0.28,0.2558,254655.43,2814276.801,3.3945,0.74,71.9729,6.7853,8809412.3096
300308.SZ,2023-10-12,111.0,111.42,105.63,106.67,109.73,-3.06,-2.7887,218265.95,2341724.753,2.9094,0.71,69.9658,6.596,8563747.4807
300308.SZ,2023-10-13,105.8,106.37,100.9,102.37,106.67,-4.3,-4.0311,294905.6,3035091.201,3.931,1.0,67.1454,6.3301,8218532.1984
300308.SZ,2023-10-16,101.35,102.78,99.38,100.01,102.37,-2.36,-2.3054,222840.27,2239102.029,2.9704,0.76,65.5974,6.1842,8029065.2062
300308.SZ,2023-10-17,101.12,103.5,97.88,100.56,100.01,0.55,0.5499,238038.6,2390436.763,3.173,0.96,65.9582,6.2182,8073220.6493
300308.SZ,2023-10-18,96.61,98.11,93.22,97.45,100.56,-3.11,-3.0927,345663.83,3319570.127,4.6076,1.41,63.9183,6.0259,7823541.6893
300308.SZ,2023-10-19,96.77,97.51,94.23,94.64,97.45,-2.81,-2.8835,221354.69,2112414.475,2.9506,0.84,62.0752,5.8522,7597947.5164
300308.SZ,2023-10-20,96.98,97.17,93.76,94.07,94.64,-0.57,-0.6023,250654.79,2386369.705,3.3411,0.95,61.7013,5.8169,7552186.4209
300308.SZ,2023-10-23,97.17,99.16,93.7,96.1,94.07,2.03,2.158,390849.54,3745740.421,5.2099,1.53,63.0328,5.6855,7715160.1472
300308.SZ,2023-10-24,98.2,101.8,94.52,95.8,96.1,-0.3,-0.3122,580027.78,5694715.205,7.7316,2.0,62.8361,5.6678,7691075.36
300308.SZ,2023-10-25,91.46,95.64,87.8,88.01,95.8,-7.79,-8.1315,579930.66,5257017.631,7.7303,1.62,57.7265,5.2069,7065673.7206
300308.SZ,2023-10-26,88.66,90.75,87.61,89.9,88.01,1.89,2.1475,349972.31,3115896.145,4.665,0.87,58.9662,5.3187,7217407.8796
300308.SZ,2023-10-27,89.01,90.28,87.42,89.41,89.9,-0.49,-0.5451,272730.75,2430655.711,3.6354,0.63,58.6448,5.2897,7178069.394
300308.SZ,2023-10-30,89.37,90.8,87.5,89.82,89.41,0.41,0.4586,273032.12,2435833.703,3.6394,0.63,58.9137,5.314,7210985.2697
300308.SZ,2023-10-31,90.2,90.61,85.91,87.75,89.82,-2.07,-2.3046,277602.36,2422980.989,3.7004,0.68,57.556,5.1915,7044800.2385
300308.SZ,2023-11-01,87.2,88.6,85.05,85.22,87.75,-2.53,-2.8832,226989.82,1962819.214,3.0257,0.65,55.8965,5.0418,6841685.2002
300308.SZ,2023-11-02,86.54,89.33,85.9,85.93,85.22,0.71,0.8331,273153.37,2385194.8,3.641,0.98,56.3622,5.0838,6898685.8631
300308.SZ,2023-11-03,86.5,91.16,86.5,88.65,85.93,2.72,3.1654,383209.98,3426594.903,5.1081,1.45,58.1463,5.2447,7117054.5999
300308.SZ,2023-11-06,90.44,91.91,89.0,91.42,88.65,2.77,3.1246,374255.26,3392829.397,4.9887,1.3,59.9632,5.4086,7339437.4678
300308.SZ,2023-11-07,90.89,104.0,90.28,99.2,91.42,7.78,8.5102,563865.46,5399560.13,7.5161,1.84,65.0661,5.8689,7964036.281
300308.SZ,2023-11-08,97.1,98.57,95.71,96.65,99.2,-2.55,-2.5706,356275.87,3451750.191,4.749,0.98,63.3936,5.718,7759315.5903
300308.SZ,2023-11-09,99.0,103.17,98.3,100.99,96.65,4.34,4.4904,399700.41,4027566.223,5.3279,1.02,66.2402,5.9748,8107742.1776
300308.SZ,2023-11-10,100.5,105.2,100.0,101.54,100.99,0.55,0.5446,313228.06,3214256.45,4.1752,0.75,66.601,6.0074,8151897.6207
300308.SZ,2023-11-13,105.8,108.51,103.8,104.9,101.54,3.36,3.309,378874.67,4025461.363,5.0503,0.94,68.8048,6.2061,8421647.2366
300308.SZ,2023-11-14,104.91,107.64,102.55,105.01,104.9,0.11,0.1049,275454.33,2892680.628,3.6717,0.68,68.877,6.2126,8430478.3252
300308.SZ,2023-11-15,108.0,108.0,100.13,104.0,105.01,-1.01,-0.9618,308090.91,3176885.728,4.1068,0.89,68.2145,6.1529,8349392.8752
300308.SZ,2023-11-16,102.0,103.9,100.01,100.04,104.0,-3.96,-3.8077,236171.44,2397920.625,3.1481,0.7,65.6171,5.9186,8031473.685
300308.SZ,2023-11-17,100.09,107.0,100.09,105.59,100.04,5.55,5.5478,316932.54,3260389.726,4.2246,1.05,69.2574,6.247,8477042.247
300308.SZ,2023-11-20,103.65,105.57,100.58,102.35,105.59,-3.24,-3.0685,326041.34,3342265.676,4.346,1.08,67.1323,6.0553,8216926.5459
300308.SZ,2023-11-21,103.88,107.3,103.09,103.57,102.35,1.22,1.192,292441.05,3067829.702,3.8981,1.0,67.9325,6.1275,8314871.347
300308.SZ,2023-11-22,102.0,102.5,97.3,97.36,103.57,-6.21,-5.9959,367764.98,3646456.166,4.9022,1.24,63.8593,5.7601,7816316.2532
300308.SZ,2023-11-23,96.89,98.5,95.8,98.14,97.36,0.78,0.8012,206941.98,2012153.493,2.7585,0.67,64.3709,5.8062,7878936.6997
300308.SZ,2023-11-24,97.31,97.77,93.86,94.4,98.14,-3.74,-3.8109,200773.47,1911066.594,2.6762,0.66,61.9178,5.5849,7578679.6867
300308.SZ,2023-11-27,94.01,99.17,94.0,97.88,94.4,3.48,3.6864,278190.69,2690866.547,3.7082,1.0,64.2003,5.7908,7858063.2175
300308.SZ,2023-11-28,96.5,97.09,94.06,94.75,97.88,-3.13,-3.1978,161031.9,1528746.475,2.1465,0.6,62.1473,5.6056,7606778.6051
300308.SZ,2023-11-29,94.92,95.8,93.45,94.74,94.75,-0.01,-0.0106,159550.57,1510402.395,2.1268,0.66,62.1408,5.605,7605975.7788
300308.SZ,2023-11-30,94.1,95.35,93.58,94.92,94.74,0.18,0.19,151676.33,1434217.214,2.0218,0.75,62.2589,5.6157,7620426.6511
300308.SZ,2023-12-01,94.89,101.54,93.14,100.0,94.92,5.08,5.3519,410446.13,4008161.832,5.4711,2.16,65.5909,5.9162,8028262.38
300308.SZ,2023-12-04,100.52,105.0,100.1,102.78,100.0,2.78,2.78,354376.96,3652847.132,4.7237,1.53,67.4143,6.0807,8251448.0742
300308.SZ,2023-12-05,101.88,103.99,100.51,100.8,102.78,-1.98,-1.9264,270607.5,2763096.765,3.6071,1.09,66.1156,5.9636,8092488.479
300308.SZ,2023-12-06,100.0,101.5,98.8,100.68,100.8,-0.12,-0.119,177176.83,1775299.068,2.3617,0.66,66.0369,5.9565,8082854.5642
300308.SZ,2023-12-07,102.6,105.5,100.22,104.37,100.68,3.69,3.6651,323806.6,3356657.903,4.3162,1.19,68.4572,6.1748,8379097.446
300308.SZ,2023-12-08,107.86,119.9,106.03,117.5,104.37,13.13,12.5802,628438.48,7103915.958,8.3769,2.05,77.0693,6.9516,9433208.2965
300308.SZ,2023-12-11,117.24,121.0,114.22,120.15,117.5,2.65,2.2553,443290.42,5235994.39,5.9089,1.26,78.8074,7.1084,9645957.2496
300308.SZ,2023-12-12,120.12,121.5,112.0,114.96,120.15,-5.19,-4.3196,438343.98,5097963.38,5.843,1.19,75.4033,6.8013,9229290.432
300308.SZ,2023-12-13,114.15,115.99,113.13,113.4,114.96,-1.56,-1.357,205264.1,2346037.369,2.7361,0.51,74.38,6.709,9104049.5389
300308.SZ,2023-12-14,115.0,116.88,112.1,112.81,113.4,-0.59,-0.5203,238962.45,2737229.889,3.1853,0.59,73.9931,6.6741,9056682.7909
300308.SZ,2023-12-15,113.38,114.3,108.56,110.05,112.81,-2.76,-2.4466,201303.43,2227687.543,2.6833,0.52,72.1828,6.5108,8835102.7492
300308.SZ,2023-12-18,109.12,115.5,108.51,113.39,110.05,3.34,3.035,274000.48,3091409.583,3.6523,0.9,74.3735,6.7084,9103246.7127
300308.SZ,2023-12-19,114.13,114.89,109.99,113.19,113.39,-0.2,-0.1764,199868.06,2241974.669,2.6642,0.74,74.2423,6.6966,9087190.1879
300308.SZ,2023-12-20,113.2,113.56,107.55,109.3,113.19,-3.89,-3.4367,238898.01,2615125.511,3.1844,1.07,71.6908,6.4665,8774890.7813
300308.SZ,2023-12-21,108.21,117.9,107.44,114.19,109.3,4.89,4.4739,298798.41,3366749.241,3.9829,1.3,74.8982,6.7558,9167472.8117
300308.SZ,2023-12-22,112.68,114.66,109.38,110.39,114.19,-3.8,-3.3278,238635.35,2672138.708,3.1809,0.98,72.4058,6.5309,8862398.8413
300308.SZ,2023-12-25,111.11,113.28,107.68,111.25,110.39,0.86,0.7791,152210.14,1685997.618,2.0289,0.61,72.9698,6.5818,8931441.8978
300308.SZ,2023-12-26,110.59,111.38,105.61,106.96,111.25,-4.29,-3.8562,195584.62,2102879.808,2.6071,0.87,70.156,6.328,8587029.4416
300308.SZ,2023-12-27,107.58,109.01,106.61,107.13,106.96,0.17,0.1589,133510.65,1437142.545,1.7797,0.59,70.2675,6.3381,8600677.4877
300308.SZ,2023-12-28,106.88,110.2,106.4,109.01,107.13,1.88,1.7549,199078.61,2165419.497,2.6537,0.98,71.5006,6.4493,8751608.8204
300308.SZ,2023-12-29,109.11,115.93,109.08,112.91,109.01,3.9,3.5777,241047.16,2718458.84,3.2131,1.31,74.0586,6.68,9064711.0533
300308.SZ,2024-01-02,112.85,114.78,110.53,110.61,112.91,-2.3,-2.037,147910.52,1658786.396,1.9716,0.8,72.5501,6.544,8880061.0185
300308.SZ,2024-01-03,109.11,109.99,104.89,104.99,110.61,-5.62,-5.0809,221086.89,2356778.14,2.947,1.21,68.8639,6.2115,8428872.6728
300308.SZ,2024-01-04,104.7,105.67,102.36,104.0,104.99,-0.99,-0.9429,166507.44,1734928.76,2.2195,0.88,68.2145,6.1529,8349392.8752
300308.SZ,2024-01-05,103.62,104.5,99.2,100.03,104.0,-3.97,-3.8173,175520.9,1773515.105,2.3396,0.9,65.6105,5.918,8030670.8587
300308.SZ,2024-01-08,99.8,101.11,97.82,98.8,100.03,-1.23,-1.2296,132630.1,1316070.424,1.7679,0.7,64.8038,5.8452,7931923.2314
300308.SZ,2024-01-09,101.78,103.53,100.5,101.32,98.8,2.52,2.5506,200010.59,2039717.586,2.6661,1.19,66.4567,5.9943,8134235.4434
300308.SZ,2024-01-10,101.33,102.71,98.3,100.0,101.32,-1.32,-1.3028,138602.09,1393780.738,1.8475,0.77,65.5909,5.9162,8028262.38
300308.SZ,2024-01-11,100.0,104.48,99.91,103.39,100.0,3.39,3.39,192897.32,1984685.245,2.5713,1.19,67.8144,6.1168,8300420.4747
300308.SZ,2024-01-12,102.63,102.98,99.56,100.56,103.39,-2.83,-2.7372,138420.01,1398417.951,1.8451,0.82,65.9582,5.9494,8073220.6493
300308.SZ,2024-01-15,99.36,103.6,99.36,101.88,100.56,1.32,1.3126,126476.26,1289058.895,1.6859,0.79,66.824,6.0275,8179193.7127
300308.SZ,2024-01-16,100.89,101.26,98.4,100.29,101.88,-1.59,-1.5607,169025.85,1682657.692,2.2531,1.06,65.7811,5.9334,8051544.3409
300308.SZ,2024-01-17,100.66,102.84,99.02,99.02,100.29,-1.27,-1.2663,191931.81,1945345.017,2.5584,1.25,64.9481,5.8583,7949585.4087
300308.SZ,2024-01-18,97.04,109.95,96.83,109.83,99.02,10.81,10.917,370997.66,3850429.268,4.9453,2.27,72.0385,6.4978,8817440.572
300308.SZ,2024-01-19,112.3,113.58,110.39,111.0,109.83,1.17,1.0653,318973.23,3573579.547,4.2518,1.6,72.8059,6.567,8911371.2418
300308.SZ,2024-01-22,116.0,116.5,110.99,111.6,111.0,0.6,0.5405,327149.66,3731497.973,4.3608,1.39,73.1994,6.6025,8959540.8161
300308.SZ,2024-01-23,111.99,117.26,110.84,114.0,111.6,2.4,2.1505,297569.99,3408601.776,3.9665,1.08,74.7736,6.7445,9152219.1132
300308.SZ,2024-01-24,113.65,114.18,108.98,113.7,114.0,-0.3,-0.2632,269552.48,3016646.61,3.593,0.89,74.5768,6.7268,9128134.3261
300308.SZ,2024-01-25,112.48,119.2,111.42,118.35,113.7,4.65,4.0897,297009.79,3452818.092,3.959,0.94,77.6268,7.0019,9501448.5267
300308.SZ,2024-01-26,117.99,118.0,113.8,115.96,118.35,-2.39,-2.0194,232149.74,2684718.247,3.0945,0.77,76.0592,6.8605,9309573.0558
300308.SZ,2024-01-29,113.65,113.65,96.7,103.82,115.96,-12.14,-10.4691,426558.6,4424563.971,5.6859,1.5,68.0964,6.1422,8334942.0029
300308.SZ,2024-01-30,103.0,105.8,100.73,101.2,103.82,-2.62,-2.5236,213968.46,2200544.065,2.8521,0.7,66.378,5.9872,8124601.5286
300308.SZ,2024-01-31,100.02,107.89,98.75,102.8,101.2,1.6,1.581,282994.56,2927986.703,3.7722,0.98,67.4274,6.0819,8253053.7266
300308.SZ,2024-02-01,103.79,116.0,101.55,111.05,102.8,8.25,8.0253,351115.51,3847918.8,4.6803,1.21,72.8387,6.57,8915385.373
300308.SZ,2024-02-02,111.88,113.88,107.7,109.85,111.05,-1.2,-1.0806,279578.11,3103259.131,3.7267,0.93,72.0516,6.499,8819046.2244
300308.SZ,2024-02-05,108.0,117.43,107.87,112.0,109.85,2.15,1.9572,365547.28,4102681.203,4.8726,1.18,73.4618,6.6262,8991653.8656
300308.SZ,2024-02-06,110.66,124.88,109.8,124.88,112.0,12.88,11.5,354968.8,4195653.492,4.7316,1.19,81.9099,7.3882,10025694.0601
300308.SZ,2024-02-07,123.1,125.99,121.59,124.61,124.88,-0.27,-0.2162,270580.41,3350814.369,3.6068,0.83,81.7328,7.3722,10004017.7517
300308.SZ,2024-02-08,127.5,137.0,124.8,127.0,124.61,2.39,1.918,355918.06,4632654.85,4.7443,1.1,83.3004,7.5136,10195893.2226
300308.SZ,2024-02-19,138.0,152.4,133.86,152.4,127.0,25.4,20.0,415891.02,5903577.723,5.5437,1.28,99.9605,9.0164,12235071.8671
300308.SZ,2024-02-20,153.0,162.99,151.0,159.5,152.4,7.1,4.6588,448372.3,7034768.611,5.9767,1.27,104.6174,9.4364,12805078.4961
300308.SZ,2024-02-21,152.0,154.03,147.3,149.96,159.5,-9.54,-5.9812,451416.45,6804226.869,6.0172,1.22,98.3601,8.872,12039182.265
300308.SZ,2024-02-22,158.05,159.64,149.47,154.51,149.96,4.55,3.0341,419514.91,6487864.847,5.592,1.08,101.3445,9.1412,12404468.2033
300308.SZ,2024-02-23,160.0,161.0,147.05,147.73,154.51,-6.78,-4.3881,490341.04,7510727.154,6.5361,1.17,96.8974,8.7401,11860152.014
300308.SZ,2024-02-26,142.03,151.41,142.03,149.03,147.73,1.3,0.88,332926.72,4922663.307,4.4378,0.75,97.7501,8.817,11964519.4249
300308.SZ,2024-02-27,147.46,164.7,146.02,161.94,149.03,12.91,8.6627,451322.77,7020038.75,6.016,1.05,106.2179,9.5808,13000968.0982
300308.SZ,2024-02-28,161.0,162.9,149.81,149.81,161.94,-12.13,-7.4904,401106.1,6279629.115,5.3466,0.93,98.2617,8.8631,12027139.8715
300308.SZ,2024-02-29,153.0,158.8,151.0,155.16,149.81,5.35,3.5712,368093.85,5701688.972,4.9066,0.88,101.7708,8.7306,12456651.9088
300308.SZ,2024-03-01,156.03,163.52,156.03,161.1,155.16,5.94,3.8283,378206.58,6060755.921,5.0414,0.93,105.6669,9.0648,12933530.6942
300308.SZ,2024-03-04,166.11,170.66,160.11,165.66,161.1,4.56,2.8305,405034.56,6720413.345,5.399,1.05,108.6578,9.3214,13299619.4587
300308.SZ,2024-03-05,163.3,179.9,162.62,169.16,165.66,3.5,2.1128,469234.22,8060200.296,6.2547,1.17,110.9535,9.5183,13580608.642
300308.SZ,2024-03-06,167.0,170.2,162.84,167.28,169.16,-1.88,-1.1114,304079.79,5067085.333,4.0533,0.75,109.7204,9.4125,13429677.3093
300308.SZ,2024-03-07,170.0,174.77,164.0,164.14,167.28,-3.14,-1.8771,303689.22,5133479.836,4.0481,0.79,107.6609,9.2359,13177589.8705
300308.SZ,2024-03-08,168.87,176.93,164.65,174.99,164.14,10.85,6.6102,364537.83,6201217.393,4.8592,0.98,114.7775,9.8464,14048656.3388
300308.SZ,2024-03-11,167.03,170.97,164.28,170.6,174.99,-4.39,-2.5087,341617.21,5731310.734,4.5536,0.93,111.898,9.5993,13696215.6203
300308.SZ,2024-03-12,169.8,171.59,159.77,164.85,170.6,-5.75,-3.3705,361904.52,5953070.255,4.8241,1.01,108.1265,9.2758,13234590.5334
300308.SZ,2024-03-13,171.41,171.88,164.89,165.0,164.85,0.15,0.091,317683.52,5342846.965,4.2346,0.95,108.2249,9.2842,13246632.927
300308.SZ,2024-03-14,162.0,172.0,162.0,169.53,165.0,4.53,2.7455,311016.66,5214891.326,4.1458,0.92,111.1962,9.5391,13610313.2128
300308.SZ,2024-03-15,167.0,180.4,165.59,177.36,169.53,7.83,4.6187,389742.33,6764300.16,5.1951,1.15,116.332,9.9797,14238926.1572
300308.SZ,2024-03-18,178.75,186.08,177.59,179.99,177.36,2.63,1.4829,329935.96,5992840.652,4.3979,0.96,118.057,10.1277,14450069.4578
300308.SZ,2024-03-19,173.31,176.65,171.45,173.81,179.99,-6.18,-3.4335,332772.31,5780641.202,4.4357,0.97,114.0035,9.78,13953922.8427
300308.SZ,2024-03-20,172.0,175.66,166.0,168.96,173.81,-4.85,-2.7904,321579.69,5463505.015,4.2866,0.96,110.8223,9.5071,13564552.1172
300308.SZ,2024-03-21,169.24,172.66,166.33,167.68,168.96,-1.28,-0.7576,253272.81,4286810.985,3.376,0.75,109.9828,9.435,13461790.3588
300308.SZ,2024-03-22,168.0,170.52,166.36,167.68,167.68,0.0,0.0,226153.44,3808295.94,3.0146,0.69,109.9828,9.435,13461790.3588
300308.SZ,2024-03-25,167.96,171.88,164.0,166.51,167.68,-1.17,-0.6978,223356.77,3768601.702,2.9773,0.76,109.2154,9.3692,13367859.6889
300308.SZ,2024-03-26,165.51,172.78,150.0,158.5,166.51,-8.01,-4.8105,465246.26,7652591.654,6.2016,1.71,103.9615,8.9185,12724795.8723
300308.SZ,2024-03-27,160.78,161.97,152.76,154.2,158.5,-4.3,-2.7129,290856.48,4521397.249,3.877,0.98,101.1411,8.6765,12379580.59
300308.SZ,2024-03-28,155.01,159.88,151.13,154.69,154.2,0.49,0.3178,263308.65,4086742.972,3.5098,0.9,101.4625,8.7041,12418919.0756
300308.SZ,2024-03-29,153.1,157.0,151.85,156.56,154.69,1.87,1.2089,167220.33,2590950.116,2.229,0.57,102.6891,8.8093,12569047.5821
300308.SZ,2024-04-01,157.79,163.88,155.77,163.0,156.56,6.44,4.1134,217931.43,3504589.328,2.905,0.77,106.9131,9.1717,13086067.6794
300308.SZ,2024-04-02,162.0,166.0,160.03,162.55,163.0,-0.45,-0.2761,194556.16,3171195.445,2.5934,0.69,106.618,9.1464,13049940.4987
300308.SZ,2024-04-03,159.0,160.55,155.63,156.1,162.55,-6.45,-3.968,166304.36,2618840.279,2.2168,0.73,102.3873,8.7835,12532117.5752
300308.SZ,2024-04-08,155.6,169.3,155.6,164.56,156.1,8.46,5.4196,259243.09,4269465.704,3.4556,1.28,107.9363,9.2595,13211308.5725
300308.SZ,2024-04-09,164.0,165.98,160.23,164.9,164.56,0.34,0.2066,170383.29,2785007.976,2.2712,0.85,108.1593,9.2786,13238604.6646
300308.SZ,2024-04-10,162.27,164.88,157.0,159.5,164.9,-5.4,-3.2747,168490.86,2696699.549,2.2459,0.84,104.6174,8.9748,12805078.4961
300308.SZ,2024-04-11,161.0,164.58,159.79,160.15,159.5,0.65,0.4075,148862.91,2416242.537,1.9843,0.78,105.0438,9.0113,12857262.2016
300308.SZ,2024-04-12,164.0,174.3,163.5,169.33,160.15,9.18,5.7321,307350.97,5182115.971,4.0969,1.68,111.065,9.5279,13594256.6881
300308.SZ,2024-04-15,167.79,172.54,166.56,169.5,169.33,0.17,0.1004,179395.94,3047691.505,2.3913,0.85,111.1765,9.5374,13607904.7341
300308.SZ,2024-04-16,167.3,172.5,163.05,166.36,169.5,-3.14,-1.8525,187935.45,3145449.649,2.5051,0.96,109.117,9.3608,13355817.2954
300308.SZ,2024-04-17,168.33,176.05,166.0,174.61,166.36,8.25,4.9591,214535.65,3698968.619,2.8597,1.08,114.5282,9.825,14018148.9417
300308.SZ,2024-04-18,170.66,176.3,168.2,173.38,174.61,-1.23,-0.7044,164135.47,2824168.101,2.1879,0.79,113.7214,9.7558,13919401.3144
300308.SZ,2024-04-19,172.15,175.24,163.9,170.7,173.38,-2.68,-1.5457,214528.37,3624908.306,2.8596,1.02,111.9636,9.605,13704243.8827
300308.SZ,2024-04-22,155.0,159.99,150.88,158.36,170.7,-12.34,-7.2291,349182.56,5442876.6,4.665,1.82,58.4927,8.0954,12713556.305
300308.SZ,2024-04-23,158.97,161.86,154.47,157.51,158.36,-0.85,-0.5368,240667.1,3799155.367,3.2153,1.06,58.1788,8.052,12645316.0747
300308.SZ,2024-04-24,159.77,169.0,157.86,168.27,157.51,10.76,6.8313,276107.33,4549241.862,3.6887,1.17,62.1531,8.602,13509157.1068
300308.SZ,2024-04-25,164.9,167.83,163.28,164.15,168.27,-4.12,-2.4484,166718.06,2750304.964,2.2273,0.67,60.6314,8.3914,13178392.6968
300308.SZ,2024-04-26,170.99,187.98,170.6,184.86,164.15,20.71,12.6165,406578.35,7323462.76,5.4318,1.63,68.2809,9.4501,14841045.8357
300308.SZ,2024-04-29,187.96,190.0,185.52,187.7,184.86,2.84,1.5363,249759.74,4689147.216,3.3367,0.87,69.3299,9.5953,15069048.4873
300308.SZ,2024-04-30,187.5,192.88,186.1,186.31,187.7,-1.39,-0.7405,165901.48,3125768.466,2.2164,0.62,68.8165,9.5242,14957455.6402
300308.SZ,2024-05-06,191.0,192.61,182.85,183.22,186.31,-3.09,-1.6585,198701.75,3706333.216,2.6546,0.79,67.6752,9.3663,14709382.3326
300308.SZ,2024-05-07,187.78,188.72,172.1,176.79,183.22,-6.43,-3.5094,308644.35,5529937.099,4.1234,1.3,65.3001,9.0376,14193165.0616
300308.SZ,2024-05-08,175.5,177.93,173.5,174.8,176.79,-1.99,-1.1256,160687.87,2814674.417,2.1468,0.6,64.5651,8.9359,14033402.6402
300308.SZ,2024-05-09,173.9,174.6,168.22,173.18,174.8,-1.62,-0.9268,182079.93,3126602.031,2.4325,0.84,63.9667,8.853,13903344.7897
300308.SZ,2024-05-10,170.8,172.68,166.68,171.2,173.18,-1.98,-1.1433,153238.94,2601899.902,2.0472,0.75,63.2354,8.7518,13744385.1946
300308.SZ,2024-05-13,172.5,176.0,170.46,171.55,171.2,0.35,0.2044,166639.9,2884117.09,2.2263,0.83,63.3647,8.7697,13772484.1129
300308.SZ,2024-05-14,171.86,173.0,164.69,165.43,171.55,-6.12,-3.5675,214660.95,3588889.957,2.8678,1.11,61.1041,8.4569,13281154.4552
300308.SZ,2024-05-15,165.01,171.21,164.5,166.77,165.43,1.34,0.81,154121.44,2592032.885,2.059,0.88,61.5991,8.5254,13388733.1711
300308.SZ,2024-05-16,171.98,174.58,170.0,170.5,166.77,3.73,2.2366,232075.31,3996205.959,2.9048,1.33,62.9768,8.716,13688187.3579
300308.SZ,2024-05-17,167.8,173.31,164.23,170.58,170.5,0.08,0.0469,199080.93,3355521.484,2.4907,1.08,63.0338,8.7189,13700574.2975
300308.SZ,2024-05-20,169.0,178.85,166.5,176.86,170.58,6.28,3.6816,242249.38,4216190.046,3.0308,1.25,65.3544,9.0399,14204968.7552
300308.SZ,2024-05-21,176.66,180.3,175.75,177.43,176.86,0.57,0.3223,133052.16,2365089.27,1.6646,0.64,65.5651,9.069,14250749.7808
300308.SZ,2024-05-22,176.0,176.88,172.72,173.17,177.43,-4.26,-2.4009,139400.35,2424031.283,1.7441,0.73,63.9909,8.8513,13908596.8525
300308.SZ,2024-05-23,178.0,179.67,168.88,173.79,173.17,0.62,0.358,221645.06,3862401.523,2.7731,1.17,64.22,8.883,13958393.7576
300308.SZ,2024-05-24,172.0,179.74,164.98,165.39,173.79,-8.4,-4.8334,273665.78,4707445.197,3.4138,1.46,61.2957,8.4468,13322789.4757
300308.SZ,2024-05-27,166.11,170.89,165.0,168.39,165.39,3.0,1.8139,166951.23,2800223.306,2.0826,0.83,62.4075,8.6,13564450.8121
300308.SZ,2024-05-28,167.0,167.39,160.1,161.01,168.39,-7.38,-4.3827,247346.29,4020566.728,3.0855,1.32,59.6724,8.2231,12969963.9246
300308.SZ,2024-05-29,165.0,166.0,160.47,161.0,161.01,-0.01,-0.0062,157898.13,2569503.575,1.9697,0.75,59.6687,8.2226,12969158.3868
300308.SZ,2024-05-30,161.1,162.9,158.66,159.97,161.0,-1.03,-0.6398,109585.41,1761805.684,1.367,0.51,59.287,8.17,12886187.9946
300308.SZ,2024-05-31,157.0,162.68,154.54,157.27,159.97,-2.7,-1.6878,149535.77,2374106.006,1.8654,0.78,58.2863,8.0321,12668692.7919
300308.SZ,2024-06-03,161.0,171.71,159.33,168.35,157.27,11.08,7.0452,285075.97,4731275.316,3.5561,1.71,62.3927,8.598,13561228.661
300308.SZ,2024-06-04,170.0,174.99,169.4,173.0,168.35,4.65,2.7621,204401.58,3530988.623,2.5498,1.08,64.1161,8.8355,13935803.7324
300308.SZ,2024-06-05,172.1,173.5,166.96,166.96,173.0,-6.04,-3.4913,141071.65,2396263.07,1.7598,0.78,61.8776,8.527,13449258.9084
300308.SZ,2024-06-06,123.3,129.92,123.3,125.42,119.64,5.78,4.8312,405410.05,5135755.31,3.6336,2.28,64.6951,9.1206,14061670.3559
300308.SZ,2024-06-07,124.1,125.94,118.99,119.51,125.42,-5.91,-4.7122,315916.58,3833371.067,2.8315,1.33,61.6466,8.6908,13399060.9491
300308.SZ,2024-06-11,118.99,121.66,117.39,119.01,119.51,-0.5,-0.4184,199735.43,2379405.438,1.7902,0.74,61.3887,8.6545,13343002.6236
300308.SZ,2024-06-12,119.0,121.33,117.02,119.21,119.01,0.2,0.1681,166249.56,1985567.479,1.4901,0.66,61.4919,8.669,13365425.9538
300308.SZ,2024-06-13,120.87,126.43,119.68,123.7,119.21,4.49,3.7665,306309.49,3771612.455,2.7454,1.25,63.8079,8.9955,13868829.7163
300308.SZ,2024-06-14,125.01,140.48,124.08,138.3,123.7,14.6,11.8027,586873.83,7839639.212,5.2601,2.11,71.339,10.0573,15505732.8195
300308.SZ,2024-06-17,141.0,144.94,140.5,142.51,138.3,4.21,3.0441,378266.41,5391099.007,3.3904,1.2,73.5107,10.3634,15977743.9198
300308.SZ,2024-06-18,142.58,151.49,142.58,146.91,142.51,4.4,3.0875,344578.34,5098018.676,3.0884,1.05,75.7803,10.6834,16471057.1837
300308.SZ,2024-06-19,149.75,150.24,144.2,146.0,146.91,-0.91,-0.6194,246413.47,3612996.769,2.2086,0.69,75.3109,10.6172,16369031.0314
300308.SZ,2024-06-20,146.0,148.96,144.66,144.7,146.0,-1.3,-0.8904,208398.44,3048856.054,1.8678,0.56,74.6403,10.5227,16223279.3852
300308.SZ,2024-06-21,140.5,145.8,140.01,143.0,144.7,-1.7,-1.1748,236958.38,3370036.605,2.1238,0.67,73.7634,10.3991,16032681.0787
300308.SZ,2024-06-24,145.2,146.49,139.55,140.21,143.0,-2.79,-1.951,204613.06,2921350.284,1.8339,0.72,72.3242,10.1962,15719875.6227
300308.SZ,2024-06-25,135.0,137.6,133.55,134.9,140.21,-5.31,-3.7872,264489.22,3578138.739,2.3706,1.07,69.5852,9.81,15124536.2064
300308.SZ,2024-06-26,138.0,140.77,137.6,140.0,134.9,5.1,3.7806,266283.16,3707870.889,2.3867,1.15,72.2159,10.1809,15696331.126
300308.SZ,2024-06-27,137.97,140.0,135.8,136.14,140.0,-3.86,-2.7571,173074.15,2379118.68,1.5512,0.73,70.2248,9.9002,15263560.8535
300308.SZ,2024-06-28,136.0,141.84,135.75,137.88,136.14,1.74,1.2781,228263.11,3172321.954,2.0459,1.0,71.1224,10.0267,15458643.8261
300308.SZ,2024-07-01,137.35,146.33,137.01,144.9,137.88,7.02,5.0914,296493.24,4223116.021,2.6574,1.3,74.7435,10.5372,16245702.7154
300308.SZ,2024-07-02,144.98,147.66,142.7,145.61,144.9,0.71,0.49,228768.93,3316855.737,2.0504,0.93,75.1097,10.5889,16325305.5375
300308.SZ,2024-07-03,144.0,144.45,140.1,143.5,145.61,-2.11,-1.4491,151175.26,2158450.976,1.355,0.63,74.0213,10.4354,16088739.4042
300308.SZ,2024-07-04,145.8,147.35,143.01,143.01,143.5,-0.49,-0.3415,172766.64,2504152.997,1.5485,0.8,73.7686,10.3998,16033802.2452
300308.SZ,2024-07-05,143.6,144.28,138.71,141.5,143.01,-1.51,-1.0559,180386.76,2543120.86,1.6168,0.84,72.9897,10.29,15864506.1024
300308.SZ,2024-07-08,146.09,147.0,142.39,144.39,141.5,2.89,2.0424,203807.9,2949013.372,1.8267,0.99,74.4804,10.5001,16188523.2235
300308.SZ,2024-07-09,143.89,156.0,142.41,154.33,144.39,9.94,6.8841,310067.87,4642266.377,2.7791,1.65,79.6077,11.223,17302962.7334
300308.SZ,2024-07-10,154.0,157.97,152.58,157.53,154.33,3.2,2.0735,236344.59,3673033.725,2.1183,1.16,81.2584,11.4557,17661736.0163
300308.SZ,2024-07-11,159.21,159.68,149.3,153.26,157.53,-4.27,-2.7106,290842.56,4476813.445,2.6068,1.32,79.0558,11.1452,17182997.9169
300308.SZ,2024-07-12,148.11,150.97,146.0,150.12,153.26,-3.14,-2.0488,200312.26,2976010.774,1.7954,0.82,77.4361,10.9168,16830951.6331
300308.SZ,2024-07-15,148.0,151.37,145.3,149.58,150.12,-0.54,-0.3597,179397.47,2664238.646,1.6079,0.72,77.1576,10.8776,16770408.6416
300308.SZ,2024-07-16,149.68,150.48,143.8,148.12,149.58,-1.46,-0.9761,252086.46,3698321.624,2.2594,1.04,76.4044,10.7714,16606718.3313
300308.SZ,2024-07-17,146.98,147.47,140.43,141.71,148.12,-6.41,-4.3276,289922.86,4145866.195,2.5985,1.25,73.098,10.3052,15888050.599
300308.SZ,2024-07-18,136.01,140.51,133.25,140.0,141.71,-1.71,-1.2067,337908.52,4619009.629,3.0286,1.39,72.2159,10.1809,15696331.126
300308.SZ,2024-07-19,137.2,139.3,134.96,134.98,140.0,-5.02,-3.5857,224671.07,3063009.879,2.0137,0.89,69.6265,9.8158,15133505.5385
300308.SZ,2024-07-22,134.0,136.5,132.14,134.6,134.98,-0.38,-0.2815,206271.3,2777150.119,1.8488,0.8,69.4305,9.7882,15090901.2111
300308.SZ,2024-07-23,137.0,137.08,130.9,130.92,134.6,-3.68,-2.734,202717.51,2707670.56,1.8169,0.77,67.5322,9.5206,14678311.9358
300308.SZ,2024-07-24,129.51,135.5,129.19,130.34,130.92,-0.58,-0.443,221288.89,2916400.939,1.9834,0.88,67.233,9.4784,14613284.2783
300308.SZ,2024-07-25,126.7,127.38,120.85,122.27,130.34,-8.07,-6.1915,343553.6,4246699.227,3.0792,1.44,63.0703,8.8916,13708502.9055
300308.SZ,2024-07-26,122.71,125.8,121.07,124.25,122.27,1.98,1.6194,224745.01,2778076.04,2.0144,0.94,64.0916,9.0355,13930493.8743
300308.SZ,2024-07-29,123.99,131.31,123.16,129.59,124.25,5.34,4.2978,269963.45,3466688.556,2.4196,1.13,66.8462,9.4239,14529196.7901
300308.SZ,2024-07-30,128.0,129.48,125.68,127.66,129.59,-1.93,-1.4893,158538.69,2022304.842,1.421,0.63,65.8506,9.2835,14312811.6539
300308.SZ,2024-07-31,126.38,130.0,123.1,129.5,127.66,1.84,1.4413,281326.75,3589623.01,2.5215,1.15,66.7997,9.4173,14519106.2916
300308.SZ,2024-08-01,134.5,135.45,129.51,129.9,129.5,0.4,0.3089,279792.15,3706785.027,2.5077,1.09,67.0061,9.4464,14563952.9519
300308.SZ,2024-08-02,122.38,124.22,118.68,118.98,129.9,-10.92,-8.4065,379676.25,4584955.95,3.403,1.56,61.3732,8.6523,13339639.1241
300308.SZ,2024-08-05,113.04,116.8,108.99,110.12,118.98,-8.86,-7.4466,470589.02,5309927.855,4.2178,1.72,56.803,8.008,12346285.5971
300308.SZ,2024-08-06,114.9,117.24,112.92,114.48,110.12,4.36,3.9593,333817.85,3824830.262,2.992,1.06,59.052,8.3251,12835114.195
300308.SZ,2024-08-07,113.0,116.0,112.0,113.32,114.48,-1.16,-1.0133,206352.59,2351788.735,1.8495,0.59,58.4536,8.2407,12705058.88
300308.SZ,2024-08-08,110.0,112.29,109.0,110.5,113.32,-2.82,-2.4885,204451.52,2259430.351,1.8325,0.61,56.999,8.0356,12388889.9245
300308.SZ,2024-08-09,113.0,115.0,112.28,112.53,110.5,2.03,1.8371,255182.05,2902018.841,2.2872,0.8,58.0461,8.1833,12616486.7258
300308.SZ,2024-08-12,112.35,115.4,112.35,113.35,112.53,0.82,0.7287,175289.98,1998402.06,1.5711,0.6,58.4691,8.2429,12708422.3795
300308.SZ,2024-08-13,115.0,118.49,114.1,116.94,113.35,3.59,3.1672,254796.47,2963496.085,2.2837,1.08,60.3209,8.504,13110921.1562
300308.SZ,2024-08-14,120.02,120.5,115.78,115.78,116.94,-1.16,-0.992,206354.83,2433217.393,1.8495,0.94,59.7226,8.4196,12980865.8412
300308.SZ,2024-08-15,115.76,116.92,113.8,115.1,115.78,-0.68,-0.5873,149762.5,1726995.552,1.3423,0.68,59.3718,8.3701,12904626.5186
300308.SZ,2024-08-16,118.2,121.89,118.2,119.96,115.1,4.86,4.2224,275062.93,3304747.086,2.4654,1.32,61.8787,8.7236,13449513.442
300308.SZ,2024-08-19,121.2,123.65,119.45,121.64,119.96,1.68,1.4005,187253.66,2286153.026,1.6783,0.88,62.7453,8.8457,13637869.4155
300308.SZ,2024-08-20,123.99,125.18,121.25,121.69,121.64,0.05,0.0411,169605.35,2085883.211,1.5202,0.79,62.7711,8.8494,13643475.248
300308.SZ,2024-08-21,120.2,123.77,120.0,122.22,121.69,0.53,0.4355,133814.97,1634151.027,1.1994,0.68,63.0445,8.8879,13702897.073
300308.SZ,2024-08-22,122.46,123.27,120.47,121.39,122.22,-0.83,-0.6791,106734.65,1302086.378,0.9566,0.58,62.6164,8.8276,13609840.2528
300308.SZ,2024-08-23,120.99,121.48,118.5,119.92,121.39,-1.47,-1.211,122753.56,1468408.09,1.1002,0.7,61.8581,8.7207,13445028.7759
300308.SZ,2024-08-26,121.8,122.37,112.86,114.34,119.92,-5.58,-4.6531,263662.68,3067115.171,2.3632,1.83,58.9798,7.9228,12819417.8639
300308.SZ,2024-08-27,113.51,115.58,111.72,113.25,114.34,-1.09,-0.9533,163775.96,1856846.884,1.4679,1.03,58.4175,7.8473,12697210.7144
300308.SZ,2024-08-28,113.0,115.51,111.23,112.56,113.25,-0.69,-0.6093,148952.24,1681050.557,1.335,0.94,58.0616,7.7995,12619850.2253
300308.SZ,2024-08-29,106.77,107.5,102.3,106.64,112.56,-5.92,-5.2594,374850.99,3940028.514,3.3597,2.33,55.0079,7.3893,11956119.652
300308.SZ,2024-08-30,106.42,110.9,106.33,108.9,106.64,2.26,2.1193,312595.46,3403573.396,2.8018,1.46,56.1737,7.5459,12209503.283
300308.SZ,2024-09-02,108.55,109.37,104.0,104.13,108.9,-4.77,-4.3802,220858.24,2327052.895,1.9795,0.87,53.7132,7.2154,11674706.8582
300308.SZ,2024-09-03,104.15,106.11,103.2,105.31,104.13,1.18,1.1332,130148.77,1363679.676,1.1665,0.53,54.3218,7.2971,11807004.5063
300308.SZ,2024-09-04,99.0,103.16,98.0,101.9,105.31,-3.41,-3.2381,312258.53,3128802.94,2.7987,1.31,52.5629,7.0609,11424686.7267
300308.SZ,2024-09-05,101.89,104.01,100.41,101.67,101.9,-0.23,-0.2257,186346.2,1905466.636,1.6702,0.69,52.4442,7.0449,11398899.897
300308.SZ,2024-09-06,101.0,102.21,99.19,99.42,101.67,-2.25,-2.213,144856.06,1452842.458,1.2983,0.62,51.2836,6.889,11146637.4325
300308.SZ,2024-09-09,98.6,102.3,97.76,102.0,99.42,2.58,2.5951,194695.52,1943246.213,1.745,0.98,52.6145,7.0678,11435898.3918
300308.SZ,2024-09-10,102.2,108.73,101.34,106.43,102.0,4.43,4.3431,330988.28,3482064.294,2.9666,1.71,54.8996,7.3747,11932575.1553
300308.SZ,2024-09-11,108.38,109.15,105.56,106.18,106.43,-0.25,-0.2349,196116.07,2100813.641,1.7578,0.84,54.7706,7.3574,11904545.9926
300308.SZ,2024-09-12,111.0,112.0,107.9,108.0,106.18,1.82,1.7141,221984.33,2433910.086,1.9896,1.05,55.7094,7.4835,12108598.2972
300308.SZ,2024-09-13,108.3,116.7,108.27,115.94,108.0,7.94,7.3519,352839.94,4029348.721,3.1625,1.62,59.8051,8.0337,12998804.5053
300308.SZ,2024-09-18,114.0,116.22,113.01,113.64,115.94,-2.3,-1.9838,151175.6,1728577.258,1.355,0.58,58.6187,7.8743,12740936.2083
300308.SZ,2024-09-19,114.12,114.59,106.66,110.03,113.64,-3.61,-3.1767,273384.54,2991633.109,2.4503,1.09,56.7566,7.6242,12336195.0985
300308.SZ,2024-09-20,111.9,112.5,108.18,109.0,110.03,-1.03,-0.9361,160763.08,1764719.015,1.4409,0.67,56.2253,7.5528,12220714.9481
300308.SZ,2024-09-23,108.18,111.21,107.49,108.9,109.0,-0.1,-0.0917,126153.49,1383375.272,1.1307,0.54,56.1737,7.5459,12209503.283
300308.SZ,2024-09-24,109.13,122.17,109.13,122.16,108.9,13.26,12.1763,360207.19,4180930.935,3.2285,1.69,63.0136,8.4647,13696170.0739
300308.SZ,2024-09-25,125.69,126.5,121.61,121.99,122.16,-0.17,-0.1392,286311.51,3541934.247,2.5662,1.34,62.9259,8.4529,13677110.2433
300308.SZ,2024-09-26,123.01,129.98,121.7,129.68,121.99,7.69,6.3038,268389.69,3378957.116,2.4055,1.11,66.8926,8.9858,14539287.2887
300308.SZ,2024-09-27,128.79,137.68,126.06,133.6,129.68,3.92,3.0228,495555.24,6509047.689,4.4416,2.06,68.9146,9.2574,14978784.5602
300308.SZ,2024-09-30,136.0,155.5,132.0,154.86,133.6,21.26,15.9132,613065.31,8838229.249,5.4948,1.99,79.8811,10.7306,17362384.5584
300308.SZ,2024-10-08,185.8,185.83,161.7,185.83,154.86,30.97,19.9987,749893.28,13308382.364,6.7212,1.85,95.8563,12.8765,20834637.2367
300308.SZ,2024-10-09,175.11,185.57,163.5,166.4,185.83,-19.43,-10.4558,657547.69,11459742.447,5.8935,1.36,85.8338,11.5302,18656210.7098
300308.SZ,2024-10-10,168.2,169.69,157.0,162.71,166.4,-3.69,-2.2175,463608.97,7589027.759,4.1553,0.83,83.9304,11.2745,18242500.2679
300308.SZ,2024-10-11,159.01,168.3,156.69,159.64,162.71,-3.07,-1.8868,351761.1,5695350.47,3.1528,0.59,82.3468,11.0618,17898302.1497
300308.SZ,2024-10-14,159.0,162.58,152.35,162.0,159.64,2.36,1.4783,422674.43,6663611.574,3.7884,0.75,83.5641,11.2253,18162897.4458
300308.SZ,2024-10-15,161.0,167.06,157.68,157.8,162.0,-4.2,-2.5926,326374.33,5281197.958,2.9252,0.62,81.3977,10.9343,17692007.512
300308.SZ,2024-10-16,151.86,154.73,147.66,148.7,157.8,-9.1,-5.7668,378804.8,5693117.227,3.3952,0.85,76.7036,10.3037,16671745.9888
300308.SZ,2024-10-17,151.0,153.5,148.75,150.5,148.7,1.8,1.2105,251067.07,3793453.546,2.2503,0.65,77.6321,10.4284,16873555.9605
300308.SZ,2024-10-18,150.0,177.0,149.66,168.0,150.5,17.5,11.6279,586464.01,9564395.29,5.2564,1.69,86.6591,11.641,18835597.3512
300308.SZ,2024-10-21,166.4,171.8,159.11,164.97,168.0,-3.03,-1.8036,547727.48,9003582.218,4.9092,1.39,85.0961,11.4311,18495883.899
300308.SZ,2024-10-22,169.0,170.33,163.5,170.0,164.97,5.03,3.049,407264.39,6821195.796,3.6503,0.97,87.6908,11.7796,19059830.653
300308.SZ,2024-10-23,160.0,162.62,155.7,156.16,170.0,-13.84,-8.1412,605578.67,9627559.752,5.4277,1.39,80.5517,9.9114,17508136.2045
300308.SZ,2024-10-24,154.85,165.98,154.5,157.1,156.16,0.94,0.6019,440364.28,7032009.241,3.9469,0.92,81.0366,9.9711,17613525.8564
300308.SZ,2024-10-25,158.89,159.81,153.65,156.36,157.1,-0.74,-0.471,389426.13,6088855.157,3.4904,0.75,80.6549,9.9241,17530559.5347
300308.SZ,2024-10-28,156.37,156.75,148.1,150.54,156.36,-5.82,-3.7222,408521.1,6160960.45,3.6615,0.85,77.6527,9.5547,16878040.6265
300308.SZ,2024-10-29,147.9,148.0,143.07,143.47,150.54,-7.07,-4.6964,498014.54,7211970.251,4.4636,1.11,74.0058,9.106,16085375.9046
300308.SZ,2024-10-30,143.0,145.5,139.32,141.25,143.47,-2.22,-1.5474,368388.9,5242208.019,3.3018,0.79,72.8607,8.9651,15836476.9396
300308.SZ,2024-10-31,140.0,146.28,138.8,143.02,141.25,1.77,1.2531,374541.32,5363028.639,3.357,0.89,73.7737,9.0774,16034923.4117
300308.SZ,2024-11-01,141.48,145.86,139.51,140.73,143.02,-2.29,-1.6012,295208.3,4204138.032,2.6459,0.72,72.5925,8.9321,15778176.2812
300308.SZ,2024-11-04,141.99,146.9,140.99,143.15,140.73,2.42,1.7196,260752.21,3740161.224,2.3371,0.67,73.8408,9.0857,16049498.5763
300308.SZ,2024-11-05,143.15,148.83,142.5,148.29,143.15,5.14,3.5906,443240.09,6484766.792,3.9727,1.23,76.4921,9.4119,16625778.162
300308.SZ,2024-11-06,148.35,149.2,142.01,142.9,148.29,-5.39,-3.6348,418907.86,6100124.907,3.7546,1.2,73.7118,9.0698,16021469.4136
300308.SZ,2024-11-07,138.97,147.78,136.36,145.08,142.9,2.18,1.5255,421563.01,5996295.118,3.7784,1.18,74.8363,9.2082,16265883.7126
300308.SZ,2024-11-08,147.51,151.22,142.21,142.21,145.08,-2.87,-1.9782,494000.09,7280882.877,4.4277,1.34,73.3559,9.026,15944108.9245
300308.SZ,2024-11-11,141.0,147.2,138.02,144.9,142.21,2.69,1.8916,434024.14,6205807.617,3.8901,1.06,74.7435,9.1967,16245702.7154
300308.SZ,2024-11-12,145.01,150.77,142.51,147.5,144.9,2.6,1.7943,545816.2,8039834.359,4.8921,1.23,76.0846,9.3617,16537206.0078
300308.SZ,2024-11-13,146.52,158.08,144.1,156.3,147.5,8.8,5.9661,670280.63,10232668.483,6.0076,1.45,80.6239,9.9203,17523832.5357
300308.SZ,2024-11-14,154.75,156.57,148.09,148.81,156.3,-7.49,-4.7921,396361.38,6015707.948,3.5525,0.77,76.7604,9.4449,16684078.8204
300308.SZ,2024-11-15,148.81,152.88,140.2,140.5,148.81,-8.31,-5.5843,379955.02,5538616.905,3.4055,0.75,72.4738,8.9175,15752389.4515
300308.SZ,2024-11-18,139.0,139.96,130.88,132.01,140.5,-8.49,-6.0427,407716.3,5496304.222,3.6543,0.84,68.0945,8.3786,14800519.0853
300308.SZ,2024-11-19,133.33,136.67,129.87,134.8,132.01,2.79,2.1135,298371.01,3969159.058,2.6743,0.62,69.5336,8.5557,15113324.5413
300308.SZ,2024-11-20,135.49,141.49,135.38,138.14,134.8,3.34,2.4777,336937.98,4677398.033,3.0199,0.78,71.2565,8.7677,15487794.1553
300308.SZ,2024-11-21,136.01,138.3,131.25,133.8,138.14,-4.34,-3.1417,323285.05,4349951.088,2.8976,0.89,69.0178,8.4922,15001207.8904
300308.SZ,2024-11-22,133.8,138.98,131.78,132.28,133.8,-1.52,-1.136,301187.68,4081642.111,2.6995,0.86,68.2337,8.3957,14830790.5811
300308.SZ,2024-11-25,132.5,133.8,122.5,125.0,132.28,-7.28,-5.5035,430136.53,5401072.947,3.8553,1.29,64.4785,7.9337,14014581.3625
300308.SZ,2024-11-26,124.0,129.0,123.5,127.04,125.0,2.04,1.632,310496.79,3928288.905,2.7829,0.92,65.5308,8.0632,14243299.3303
300308.SZ,2024-11-27,126.0,130.49,124.41,128.69,127.04,1.65,1.2988,246176.43,3137692.951,2.2064,0.72,66.3819,8.1679,14428291.8043
300308.SZ,2024-11-28,127.42,127.89,124.3,124.79,128.69,-3.9,-3.0305,252411.52,3163033.242,2.2623,0.78,64.3702,7.9204,13991036.8658
300308.SZ,2024-11-29,125.0,129.86,124.53,126.73,124.79,1.94,1.5546,284905.44,3621763.223,2.5536,0.92,65.3709,8.0435,14208543.1686
300308.SZ,2024-12-02,127.99,134.16,127.45,132.03,126.73,5.3,4.1821,347663.23,4579339.76,3.1161,1.14,68.1048,8.3799,14802761.4183
300308.SZ,2024-12-03,132.0,133.2,128.88,130.0,132.03,-2.03,-1.5375,199422.08,2612636.277,1.7874,0.69,67.0576,8.251,14575164.617
300308.SZ,2024-12-04,129.58,131.38,127.3,128.02,130.0,-1.98,-1.5231,185633.23,2386692.595,1.6638,0.7,66.0363,8.1254,14353173.6482
300308.SZ,2024-12-05,129.11,134.46,128.95,131.84,128.02,3.82,2.9839,317611.07,4208443.763,2.8467,1.25,68.0068,8.3678,14781459.2547
300308.SZ,2024-12-06,132.06,134.2,130.79,131.51,131.84,-0.33,-0.2503,202956.2,2684755.838,1.8191,0.76,67.8365,8.3469,14744460.7599
300308.SZ,2024-12-09,131.55,131.59,123.41,125.1,131.51,-6.41,-4.8742,376290.52,4745718.897,3.3726,1.5,64.5301,7.94,14025793.0276
300308.SZ,2024-12-10,128.85,128.86,121.52,123.15,125.1,-1.95,-1.5588,450225.1,5595924.297,4.0353,1.76,63.5242,7.8163,13807165.5583
300308.SZ,2024-12-11,122.0,126.19,120.11,125.13,123.15,1.98,1.6078,327307.18,4066996.983,2.9336,1.07,64.5456,7.9419,14029156.5271
300308.SZ,2024-12-12,125.0,131.62,124.88,130.17,125.13,5.04,4.0278,450174.07,5842276.218,4.0348,1.34,67.1453,8.2618,14594224.4477
300308.SZ,2024-12-13,130.0,131.38,125.16,127.1,130.17,-3.07,-2.3585,346545.88,4411765.096,3.106,0.96,65.5617,8.067,14250026.3294
300308.SZ,2024-12-16,127.97,128.23,122.28,122.8,127.1,-4.3,-3.3832,291854.63,3608913.165,2.6159,0.75,63.3437,7.7941,13767924.7305
300308.SZ,2024-12-17,123.0,130.47,122.55,125.99,122.8,3.19,2.5977,412614.26,5244452.693,3.6982,1.11,64.9892,7.9965,14125576.8469
300308.SZ,2024-12-18,127.2,127.5,122.66,123.43,125.99,-2.56,-2.0319,265388.61,3284955.706,2.3786,0.73,63.6687,7.834,13838558.2206
300308.SZ,2024-12-19,122.18,127.53,121.8,127.04,123.43,3.61,2.9247,310959.36,3902829.556,2.7871,0.88,65.5308,8.0632,14243299.3303
300308.SZ,2024-12-20,126.31,129.99,126.31,127.1,127.04,0.06,0.0472,294910.21,3776819.027,2.6432,0.91,65.5617,8.067,14250026.3294
300308.SZ,2024-12-23,129.5,135.76,128.28,132.59,127.1,5.49,4.3194,521949.41,6901435.244,4.6782,1.66,68.3936,8.4154,14865546.7428
300308.SZ,2024-12-24,133.01,134.2,128.18,131.61,132.59,-0.98,-0.7391,350993.08,4577779.698,3.1459,0.97,67.8881,8.3532,14755672.4249
300308.SZ,2024-12-25,131.22,137.94,130.69,134.99,131.61,3.38,2.5682,363559.3,4913728.77,3.2585,1.04,69.6316,8.5677,15134626.705
300308.SZ,2024-12-26,135.87,141.5,133.56,140.8,134.99,5.81,4.304,428982.26,5971765.589,3.8449,1.16,72.6286,8.9365,15786024.4467
300308.SZ,2024-12-27,141.11,141.56,135.73,136.85,140.8,-3.95,-2.8054,333321.98,4613987.532,2.9875,0.85,70.5911,8.6858,15343163.6757
300308.SZ,2024-12-30,138.0,138.3,130.08,131.18,136.85,-5.67,-4.1432,365015.13,4836103.733,3.2716,0.91,67.6663,8.3259,14707462.2651
300308.SZ,2024-12-31,130.96,131.0,123.5,123.51,131.18,-7.67,-5.8469,393876.58,4941393.711,3.5303,1.07,63.7099,7.8391,13847527.5527
300308.SZ,2025-01-02,122.8,125.8,120.7,122.11,123.51,-1.4,-1.1335,268596.47,3303452.727,2.4074,0.71,62.9878,7.7503,13690564.2414
300308.SZ,2025-01-03,122.51,124.7,121.0,123.01,122.11,0.9,0.737,267896.78,3306147.594,2.4011,0.75,63.452,7.8074,13791469.2272
300308.SZ,2025-01-06,124.88,128.28,124.5,125.49,123.01,2.48,2.0161,263932.0,3326729.195,2.3656,0.81,64.7313,7.9648,14069518.5214
300308.SZ,2025-01-07,126.36,128.6,123.6,128.35,125.49,2.86,2.2791,292005.85,3683257.702,2.6172,0.94,66.2065,8.1463,14390172.143
300308.SZ,2025-01-08,125.88,125.9,121.72,124.22,128.35,-4.13,-3.2178,286371.18,3554744.44,2.5667,0.96,64.0762,7.8842,13927130.3748
300308.SZ,2025-01-09,123.01,123.7,121.48,121.51,124.22,-2.71,-2.1816,293510.17,3584962.691,2.6307,1.06,62.6783,7.7122,13623294.2509
300308.SZ,2025-01-10,121.44,121.44,112.8,113.13,121.51,-8.38,-6.8966,530302.79,6122576.672,4.753,1.89,58.3556,7.1803,12683756.7163
300308.SZ,2025-01-13,110.2,114.08,109.69,110.8,113.13,-2.33,-2.0596,357467.15,3992272.253,3.2039,1.07,57.1537,7.0324,12422524.9197
300308.SZ,2025-01-14,110.9,114.5,108.78,114.35,110.8,3.55,3.204,383433.64,4312170.498,3.4367,1.09,58.9849,7.2577,12820539.0304
300308.SZ,2025-01-15,113.21,113.38,110.23,110.54,114.35,-3.81,-3.3319,293297.35,3263095.817,2.6288,0.79,57.0196,7.0159,12393374.5905
300308.SZ,2025-01-16,111.88,120.37,110.7,119.49,110.54,8.95,8.0966,710477.74,8243630.407,6.3679,1.91,61.6363,7.584,13396818.616
300308.SZ,2025-01-17,120.0,120.58,115.15,116.9,119.49,-2.59,-2.1675,446539.42,5243522.714,4.0023,0.98,60.3003,7.4196,13106436.4902
300308.SZ,2025-01-20,117.96,121.4,117.84,119.16,116.9,2.26,1.9333,390652.04,4674892.853,3.5014,0.89,61.4661,7.563,13359820.1212
300308.SZ,2025-01-21,122.0,122.96,118.38,119.56,119.16,0.4,0.3357,382738.68,4591929.869,3.4304,0.86,61.6724,7.5884,13404666.7816
300308.SZ,2025-01-22,121.88,133.95,121.6,132.0,119.56,12.44,10.4048,844802.7,10837318.835,7.5719,1.9,68.0893,8.378,14799397.9188
300308.SZ,2025-01-23,132.58,134.67,127.31,127.75,132.0,-4.25,-3.2197,608419.61,7960645.535,5.4532,1.1,65.897,8.1082,14322902.1525
300308.SZ,2025-01-24,127.14,129.96,126.24,128.25,127.75,0.5,0.3914,411115.89,5262527.039,3.6848,0.77,66.1549,8.14,14378960.4779
300308.SZ,2025-01-27,123.0,123.0,114.82,114.82,128.25,-13.43,-10.4717,681942.4,8075435.667,6.1122,1.29,59.2274,7.2876,12873233.8563
300308.SZ,2025-02-05,109.0,109.0,95.82,98.25,114.82,-16.57,-14.4313,971080.77,9629075.682,8.7037,1.66,50.6801,6.2359,11015460.9509
300308.SZ,2025-02-06,100.79,101.28,98.03,101.0,98.25,2.75,2.799,654658.22,6532642.386,5.8676,0.93,52.0986,6.4104,11323781.7409
300308.SZ,2025-02-07,102.0,109.4,101.71,107.78,101.0,6.78,6.7129,762698.59,8139501.248,6.836,1.15,55.5959,6.8407,12083932.634
300308.SZ,2025-02-10,110.66,111.47,107.81,110.62,107.78,2.84,2.635,505151.82,5543789.606,4.5276,0.73,57.0609,7.021,12402343.9226
300308.SZ,2025-02-11,111.02,113.88,109.6,111.5,110.62,0.88,0.7955,438794.71,4927359.419,3.9329,0.61,57.5148,7.0768,12501006.5754
300308.SZ,2025-02-12,110.7,111.99,110.0,111.9,111.5,0.4,0.3587,354245.79,3929730.503,3.1751,0.53,57.7212,7.1022,12545853.2357
300308.SZ,2025-02-13,111.0,111.33,108.06,108.12,111.9,-3.78,-3.378,394349.96,4318115.858,3.5345,0.73,55.7713,6.8623,12122052.2953
300308.SZ,2025-02-14,109.77,111.33,106.05,107.43,108.12,-0.69,-0.6382,362389.37,3928766.784,3.248,0.74,55.4154,6.8185,12044691.8062
300308.SZ,2025-02-17,108.61,117.86,108.6,115.56,107.43,8.13,7.5677,715224.44,8128766.873,6.4105,1.74,59.6091,7.3345,12956200.178
300308.SZ,2025-02-18,114.41,116.98,113.02,113.59,115.56,-1.97,-1.7047,459562.34,5263769.142,4.119,1.01,58.5929,7.2095,12735330.3757
300308.SZ,2025-02-19,114.15,114.66,111.46,114.24,113.59,0.65,0.5722,377063.56,4275525.687,3.3796,0.82,58.9282,7.2508,12808206.1988
300308.SZ,2025-02-20,114.21,116.24,112.61,114.44,114.24,0.2,0.1751,353729.54,4047899.988,3.1704,0.77,59.0314,7.2634,12830629.529
300308.SZ,2025-02-21,115.89,120.7,114.8,118.73,114.44,4.29,3.7487,574486.44,6788966.746,5.149,1.27,61.2443,7.5357,13311609.9614
300308.SZ,2025-02-24,118.0,118.0,114.01,114.5,118.73,-4.23,-3.5627,520553.71,5995134.436,4.6657,1.05,59.0623,7.2673,12837356.5281
300308.SZ,2025-02-25,111.01,113.12,110.5,111.35,114.5,-3.15,-2.7511,457928.24,5120902.634,4.1043,1.0,57.4374,7.0673,12484189.0777
300308.SZ,2025-02-26,110.76,112.36,108.01,112.22,111.35,0.87,0.7813,494340.07,5415565.182,4.4307,1.08,57.8862,7.1225,12581730.564
300308.SZ,2025-02-27,113.8,114.83,107.53,108.18,112.22,-4.04,-3.6001,527821.29,5833183.624,4.7308,1.1,55.8023,6.8661,12128779.2944
300308.SZ,2025-02-28,103.0,103.97,100.22,100.87,108.18,-7.31,-6.7573,555440.97,5674377.804,4.9783,1.08,52.0316,6.4022,11309206.5763
300308.SZ,2025-03-03,102.44,104.48,100.12,102.77,100.87,1.9,1.8836,426040.42,4363389.327,3.8185,0.83,53.0116,6.0218,11522228.213
300308.SZ,2025-03-04,98.28,103.28,97.8,102.46,102.77,-0.31,-0.3016,321352.94,3233931.382,2.8802,0.65,52.8517,6.0036,11487472.0512
300308.SZ,2025-03-05,102.98,104.97,102.39,103.46,102.46,1.0,0.976,252248.88,2610957.4,2.2609,0.54,53.3676,6.0622,11599588.7021
300308.SZ,2025-03-06,104.0,106.48,102.8,105.17,103.46,1.71,1.6528,409558.7,4275344.978,3.6708,0.98,54.2496,6.1624,11791308.1752
300308.SZ,2025-03-07,103.77,103.79,101.86,102.24,105.17,-2.93,-2.786,327768.47,3364355.918,2.9818,0.83,51.9637,5.9027,11294458.1574
300308.SZ,2025-03-10,102.24,103.1,101.0,102.38,102.24,0.14,0.1369,240640.02,2451720.612,2.1891,0.69,52.0349,5.9108,11309923.9647
300308.SZ,2025-03-11,100.0,101.81,99.4,101.78,102.38,-0.6,-0.5861,205599.51,2072991.849,1.8704,0.66,51.7299,5.8762,11243641.9333
300308.SZ,2025-03-12,102.7,103.58,101.81,102.36,101.78,0.58,0.5699,256009.42,2630768.419,2.3289,0.89,52.0247,5.9096,11307714.5637
300308.SZ,2025-03-13,103.75,104.88,101.8,102.49,102.36,0.13,0.127,271435.8,2800508.053,2.4693,0.94,52.0908,5.9171,11322075.6705
300308.SZ,2025-03-14,102.0,104.77,101.3,103.99,102.49,1.5,1.4636,367064.35,3814550.684,3.3392,1.41,52.8532,6.0037,11487780.7491
300308.SZ,2025-03-17,105.0,105.81,104.0,104.26,103.99,0.27,0.2596,264415.29,2768114.013,2.4054,0.99,52.9904,6.0193,11517607.6632
300308.SZ,2025-03-18,104.23,109.87,102.81,108.86,104.26,4.6,4.412,652396.28,6951391.789,5.9349,2.39,55.3283,6.2849,12025769.9043
300308.SZ,2025-03-19,106.68,106.68,104.78,104.98,108.86,-3.88,-3.5642,352791.16,3727546.664,3.2094,0.97,53.3563,6.0609,11597146.101
300308.SZ,2025-03-20,105.3,106.5,104.81,105.0,104.98,0.02,0.0191,198893.05,2097735.042,1.8094,0.52,53.3665,6.0621,11599355.502
300308.SZ,2025-03-21,104.32,104.96,102.11,102.45,105.0,-2.55,-2.4286,227333.25,2343385.548,2.0681,0.62,52.0705,5.9148,11317656.8684
300308.SZ,2025-03-24,102.12,103.95,101.32,102.88,102.45,0.43,0.4197,229784.76,2360776.094,2.0904,0.68,52.289,5.9397,11365158.9909
300308.SZ,2025-03-25,103.69,104.8,101.93,102.0,102.88,-0.88,-0.8554,207223.18,2138989.701,1.8851,0.62,51.8417,5.8889,11267945.3448
300308.SZ,2025-03-26,101.94,102.47,101.07,101.08,102.0,-0.92,-0.902,159092.01,1616280.05,1.4473,0.65,51.3741,5.8357,11166312.8966
300308.SZ,2025-03-27,99.58,100.48,97.52,99.12,101.08,-1.96,-1.9391,242059.05,2392153.7,2.202,1.18,50.378,5.7226,10949791.5939
300308.SZ,2025-03-28,99.0,99.12,97.41,97.41,99.12,-1.71,-1.7252,201284.85,1975158.628,1.8311,0.94,49.5089,5.6239,10760887.8043
300308.SZ,2025-03-31,97.0,98.98,96.69,98.64,97.41,1.23,1.2627,182507.0,1785252.884,1.6603,0.88,50.134,5.6949,10896765.9687
300308.SZ,2025-04-01,99.03,99.39,98.24,98.61,98.64,-0.03,-0.0304,122959.34,1213413.301,1.1186,0.62,50.1188,5.6931,10893451.8672
300308.SZ,2025-04-02,98.88,101.38,98.32,99.76,98.61,1.15,1.1662,218279.33,2188266.043,1.9857,1.2,50.7033,5.7595,11020492.4274
300308.SZ,2025-04-03,96.88,97.96,93.43,93.88,99.76,-5.88,-5.8941,424985.48,4056901.45,3.8661,2.2,47.7147,5.4201,10370928.5193
300308.SZ,2025-04-07,80.1,82.5,75.1,75.1,93.88,-18.78,-20.0043,616306.66,4754931.662,5.6066,2.68,38.1697,4.3358,8296300.9352
300308.SZ,2025-04-08,75.19,76.76,70.47,72.28,75.1,-2.82,-3.755,692791.83,5049997.33,6.3024,2.21,36.7365,4.173,7984775.3875
300308.SZ,2025-04-09,69.98,73.54,67.2,71.99,72.28,-0.29,-0.4012,595500.89,4218907.32,5.4173,1.43,36.5891,4.1563,7952739.0723
300308.SZ,2025-04-10,80.18,81.5,77.1,77.49,71.99,5.5,7.6399,709268.83,5639536.844,6.4523,1.39,39.3845,4.4738,8560324.3605
300308.SZ,2025-04-11,76.0,79.28,75.91,78.37,77.49,0.88,1.1356,428937.17,3324538.096,3.9021,0.71,39.8317,4.5246,8657538.0066
300308.SZ,2025-04-14,81.0,84.5,80.9,81.54,78.37,3.17,4.0449,548927.18,4545571.283,4.9937,0.9,41.4429,4.7076,9007728.0727
300308.SZ,2025-04-15,81.15,81.38,79.29,80.17,81.54,-1.37,-1.6802,249800.77,2001413.996,2.2725,0.42,40.7466,4.6285,8856384.1009
300308.SZ,2025-04-16,78.53,78.71,76.66,77.99,80.17,-2.18,-2.7192,266700.94,2075615.546,2.4262,0.53,39.6386,4.5027,8615559.3867
300308.SZ,2025-04-17,77.09,78.85,77.09,77.61,77.99,-0.38,-0.4872,184924.88,1444517.769,1.6823,0.42,39.4455,4.4807,8573580.7668
300308.SZ,2025-04-18,77.61,79.27,77.55,79.14,77.61,1.53,1.9714,257548.46,2026905.322,2.343,0.77,40.2231,4.5691,8742599.9469
300308.SZ,2025-04-21,80.43,82.26,79.15,81.19,79.14,2.05,2.5903,332027.85,2684025.22,3.0205,1.1,17.3433,4.3298,8969063.5544
300308.SZ,2025-04-22,80.0,80.58,79.11,80.07,81.19,-1.12,-1.3795,236164.41,1886578.252,2.1484,0.91,17.1041,4.2701,8845337.0957
300308.SZ,2025-04-23,82.1,85.34,80.88,83.52,80.07,3.45,4.3087,608233.72,5055290.727,5.5332,2.38,17.841,4.4541,9226458.7764
300308.SZ,2025-04-24,83.0,84.16,81.26,81.33,83.52,-2.19,-2.6221,306173.72,2524324.728,2.7853,0.95,17.3732,4.3373,8984529.3617
300308.SZ,2025-04-25,82.5,86.99,82.5,85.27,81.33,3.94,4.8445,644757.61,5523635.877,5.8654,1.85,18.2148,4.5474,9419781.3681
300308.SZ,2025-04-28,85.27,85.52,83.21,83.39,85.27,-1.88,-2.2048,311217.2,2611582.784,2.8312,0.73,17.8133,4.4471,9212097.6696
300308.SZ,2025-04-29,83.35,84.23,82.42,83.09,83.39,-0.3,-0.3598,207646.94,1732324.637,1.889,0.49,17.7492,4.4311,9178956.6539
300308.SZ,2025-04-30,83.25,84.1,82.41,83.49,83.09,0.4,0.4814,224420.74,1873973.802,2.0416,0.54,17.8346,4.4525,9223144.6749
300308.SZ,2025-05-06,85.17,87.19,85.15,86.65,83.49,3.16,3.7849,347500.81,3000543.049,3.1613,1.03,18.5096,4.621,9572230.0405
300308.SZ,2025-05-07,88.76,89.04,85.64,86.65,86.65,0.0,0.0,314636.41,2739491.263,2.8623,0.91,18.5096,4.621,9572230.0405
300308.SZ,2025-05-08,88.86,98.0,88.13,96.49,86.65,9.84,11.356,991734.99,9314493.484,9.0219,3.53,20.6116,5.1458,10659255.3561
300308.SZ,2025-05-09,94.69,96.46,94.0,94.8,96.49,-1.69,-1.7515,423055.04,4016111.63,3.8486,1.01,20.2506,5.0556,10472560.9675
300308.SZ,2025-05-12,98.8,99.06,95.1,97.27,94.8,2.47,2.6055,468249.59,4517746.385,4.2597,1.02,20.7782,5.1874,10745421.9969
300308.SZ,2025-05-13,100.8,100.8,96.41,96.43,97.27,-0.84,-0.8636,522156.67,5125045.055,4.7501,1.03,20.5988,5.1426,10652627.1529
300308.SZ,2025-05-14,98.05,101.09,98.05,98.39,96.43,1.96,2.0326,545564.18,5422424.109,4.9631,1.0,21.0175,5.2471,10869148.4556
300308.SZ,2025-05-15,98.0,98.08,94.1,94.12,98.39,-4.27,-4.3399,434819.83,4153582.011,3.9556,0.74,20.1053,5.0194,10397441.3319
300308.SZ,2025-05-16,93.4,99.48,93.21,97.83,94.12,3.71,3.9418,521694.52,5097600.255,4.7459,1.09,20.8978,5.2172,10807285.2263
300308.SZ,2025-05-19,96.69,97.4,95.22,95.28,97.83,-2.55,-2.6066,305671.06,2930543.349,2.7807,0.61,20.3531,5.0812,10525586.5927
300308.SZ,2025-05-20,95.29,97.18,94.4,95.96,95.28,0.68,0.7137,264242.82,2524962.466,2.4038,0.57,20.4984,5.1175,10600706.2283
300308.SZ,2025-05-21,95.63,97.3,94.65,95.73,95.96,-0.23,-0.2397,262241.72,2513117.075,2.3856,0.63,20.4492,5.1052,10575298.1163
300308.SZ,2025-05-22,95.0,96.78,94.4,94.46,95.73,-1.27,-1.3266,239774.95,2287188.216,2.1802,0.67,20.1882,5.0376,10440285.6199
300308.SZ,2025-05-23,94.41,95.36,91.7,91.87,94.46,-2.59,-2.7419,273098.87,2542296.672,2.4832,0.86,19.6346,4.8995,10154023.2893
300308.SZ,2025-05-26,91.99,92.99,90.86,92.36,91.87,0.49,0.5334,187615.52,1722240.997,1.7059,0.7,19.7394,4.9256,10208181.0275
300308.SZ,2025-05-27,90.99,92.18,88.88,90.16,92.36,-2.2,-2.382,278218.88,2501889.887,2.5209,1.13,19.3364,4.8094,9999805.4897
300308.SZ,2025-05-28,91.0,92.99,91.0,92.62,90.16,2.46,2.7285,306260.87,2819311.095,2.7749,1.23,19.864,4.9406,10272648.4523
300308.SZ,2025-05-29,93.6,96.59,93.28,94.94,92.62,2.32,2.5049,422422.18,4021230.585,3.8274,1.64,20.3616,5.0644,10529963.7666
300308.SZ,2025-05-30,93.78,94.38,92.51,93.55,94.94,-1.39,-1.4641,212966.41,1988389.328,1.9296,0.73,20.0635,4.9902,10375796.4016
300308.SZ,2025-06-03,92.5,93.22,91.75,91.76,93.55,-1.79,-1.9134,183330.1,1691460.257,1.6611,0.65,19.6796,4.8947,10177264.3272
300308.SZ,2025-06-04,92.99,97.97,92.99,97.3,91.76,5.54,6.0375,611624.87,5901679.328,5.5418,2.18,20.8677,5.1903,10791715.5518
300308.SZ,2025-06-05,97.3,103.58,96.5,102.88,97.3,5.58,5.7348,677680.48,6838039.805,6.1403,1.95,22.0645,5.4879,11410603.2474
300308.SZ,2025-06-06,102.0,104.45,101.25,103.45,102.88,0.57,0.554,468037.62,4834350.375,4.2408,1.11,22.1867,5.5183,11473822.9582
300308.SZ,2025-06-09,105.31,111.16,105.11,108.55,103.45,5.1,4.9299,726915.72,7850645.377,6.5864,1.69,23.2805,5.7904,12039473.0026
300308.SZ,2025-06-10,108.1,109.73,106.61,107.77,108.55,-0.78,-0.7186,479186.71,5186746.23,4.3418,0.9,23.1132,5.7488,11952961.8193
300308.SZ,2025-06-11,110.0,110.98,107.08,107.98,107.77,0.21,0.1949,343044.23,3727687.087,3.1026,0.58,23.2,5.7499,11997855.7705
300308.SZ,2025-06-12,107.1,119.2,107.0,116.0,107.98,8.02,7.4273,864868.99,10020896.638,7.8222,1.6,24.9232,6.1769,12888972.6744
300308.SZ,2025-06-13,114.51,117.89,113.98,116.65,116.0,0.65,0.5603,474888.79,5533959.005,4.295,0.82,25.0628,6.2115,12961195.3661
300308.SZ,2025-06-16,116.92,123.45,116.9,120.57,116.65,3.92,3.3605,593698.56,7204021.603,5.3696,1.03,25.905,6.4203,13396753.753
300308.SZ,2025-06-17,121.01,122.2,117.9,119.36,120.57,-1.21,-1.0036,358236.76,4277997.539,3.24,0.65,25.6451,6.3558,13262308.4346
300308.SZ,2025-06-18,118.51,125.6,116.1,125.06,119.36,5.7,4.7755,678263.42,8223181.235,6.1344,1.29,26.8697,6.6594,13895645.885
300308.SZ,2025-06-19,124.56,130.79,123.6,128.3,124.56,3.74,3.0026,625734.77,8012237.03,5.6593,1.05,27.5659,7.0188,14255648.2252
300308.SZ,2025-06-20,130.0,131.18,124.77,129.5,128.3,1.2,0.9353,493005.23,6336169.527,4.4589,0.9,27.8237,7.0844,14388982.4253
300308.SZ,2025-06-23,127.3,129.33,122.68,127.09,129.5,-2.41,-1.861,535024.46,6766509.226,4.8389,0.97,27.3059,6.9526,14121202.9068
300308.SZ,2025-06-24,128.38,129.97,124.3,125.25,127.09,-1.84,-1.4478,450005.54,5693248.382,4.07,0.84,26.9106,6.8519,13916757.1334
300308.SZ,2025-06-25,127.0,128.69,123.2,125.73,125.25,0.48,0.3832,492457.12,6175859.556,4.4539,0.89,27.0137,6.8782,13970090.8134
300308.SZ,2025-06-26,127.6,133.18,127.08,129.7,125.73,3.97,3.1576,599787.41,7803404.706,5.4247,1.16,27.8667,7.0953,14411204.792
300308.SZ,2025-06-27,129.17,140.27,126.56,138.4,129.7,8.7,6.7078,662778.72,8945449.942,5.9944,1.29,29.7359,7.5713,15377877.7426
300308.SZ,2025-06-30,141.5,146.6,138.01,145.86,138.4,7.46,5.3902,752143.93,10740859.553,6.8026,1.37,31.3387,7.9794,16206772.0197
300308.SZ,2025-07-01,143.59,146.78,142.75,145.3,145.86,-0.56,-0.3839,319591.41,4641124.102,2.8905,0.54,31.2184,7.9487,16144549.393
300308.SZ,2025-07-02,142.5,142.6,138.13,138.93,145.3,-6.37,-4.384,365770.96,5109386.35,3.3081,0.65,29.8498,7.6003,15436767.0143
300308.SZ,2025-07-03,141.47,143.84,139.49,142.26,138.93,3.33,2.3969,383978.75,5430809.335,3.4728,0.71,30.5652,7.7824,15806769.4195
300308.SZ,2025-07-04,143.11,145.18,138.55,139.45,142.26,-2.81,-1.9753,418744.79,5927014.308,3.7873,0.84,29.9615,7.6287,15494545.1676
300308.SZ,2025-07-07,137.5,139.77,130.21,135.15,139.45,-4.3,-3.0835,575204.24,7722491.415,5.2023,1.28,29.0376,7.3935,15016764.284
300308.SZ,2025-07-08,134.76,145.26,133.82,144.88,135.15,9.73,7.1994,532241.12,7500377.252,4.8138,1.29,31.1282,7.9258,16097882.423
300308.SZ,2025-07-09,145.0,149.36,144.05,145.3,144.88,0.42,0.2899,415095.61,6085220.987,3.7543,0.91,31.2184,7.9487,16144549.393
300308.SZ,2025-07-10,146.52,148.68,142.0,146.59,145.3,1.29,0.8878,435403.97,6336658.699,3.9379,0.94,31.4956,8.0193,16287883.6581
300308.SZ,2025-07-11,144.74,147.88,142.55,145.28,146.59,-1.31,-0.8936,310988.62,4513795.973,2.8127,0.65,31.2141,7.9477,16142327.1564
300308.SZ,2025-07-14,144.33,150.5,144.33,149.82,145.28,4.54,3.125,388531.91,5781039.353,3.514,0.86,32.1895,8.196,16646774.88
300308.SZ,2025-07-15,155.3,174.99,155.3,174.81,149.82,24.99,16.68,924064.24,15619206.714,8.3575,2.22,37.5588,9.5631,19423459.5967
300308.SZ,2025-07-16,179.8,181.97,169.67,170.76,174.81,-4.05,-2.3168,905851.77,15982905.351,8.1928,1.83,36.6886,9.3416,18973456.6714
300308.SZ,2025-07-17,169.19,178.99,169.17,176.85,170.76,6.09,3.5664,604630.77,10555310.877,5.4685,1.02,37.9971,9.6747,19650127.7368
300308.SZ,2025-07-18,181.18,192.01,179.0,180.62,176.85,3.77,2.1318,611562.21,11298766.458,5.5312,0.98,38.8071,9.881,20069019.3487
300308.SZ,2025-07-21,179.89,188.4,177.18,187.95,180.62,7.33,4.0582,596835.09,10909835.929,5.398,0.87,40.382,10.2819,20883469.0875
300308.SZ,2025-07-22,187.1,197.1,181.4,184.44,187.95,-3.51,-1.8675,592912.85,11209847.411,5.3625,0.81,39.6278,10.0899,20493466.5523
300308.SZ,2025-07-23,179.0,187.88,176.0,186.18,184.44,1.74,0.9434,405783.73,7395940.402,3.67,0.61,40.0017,10.1851,20686801.1424
300308.SZ,2025-07-24,190.5,192.96,181.67,185.2,186.18,-0.98,-0.5264,442080.06,8263192.06,3.9983,0.79,39.7911,10.1315,20577911.5457
300308.SZ,2025-07-25,186.0,189.9,184.51,185.22,185.2,0.02,0.0108,287877.43,5368796.807,2.6037,0.54,39.7954,10.1326,20580133.7823
300308.SZ,2025-07-28,186.0,193.23,184.2,191.87,185.22,6.65,3.5903,438947.65,8281245.573,3.97,0.94,41.2242,10.4964,21319027.4745
300308.SZ,2025-07-29,198.01,210.99,198.01,209.93,191.87,18.06,9.4126,584403.68,12100039.459,5.2855,1.35,45.1045,11.4844,23325707.1857
300308.SZ,2025-07-30,207.06,211.8,203.59,210.6,209.93,0.67,0.3192,390505.74,8122926.811,3.5319,0.9,45.2484,11.521,23400152.114
300308.SZ,2025-07-31,221.0,228.6,215.93,217.61,210.6,7.01,3.3286,644065.94,14274550.601,5.8251,1.5,46.7545,11.9045,24179046.0662
300308.SZ,2025-08-01,212.52,220.88,207.63,210.63,217.61,-6.98,-3.2076,475946.74,10151901.432,4.3046,1.01,45.2549,11.5227,23403485.469
300308.SZ,2025-08-04,207.53,210.34,204.5,208.42,210.63,-2.21,-1.0492,330837.39,6857077.166,2.9922,0.65,44.78,11.4018,23157928.3172
300308.SZ,2025-08-05,216.5,218.37,203.5,210.92,208.42,2.5,1.1995,414137.57,8698318.762,3.7456,0.85,45.3172,11.5385,23435707.9007
300308.SZ,2025-08-06,206.71,213.58,206.61,210.52,210.92,-0.4,-0.1896,255301.56,5366654.09,2.309,0.57,45.2312,11.5167,23391263.1674
300308.SZ,2025-08-07,210.52,216.0,197.2,208.46,210.52,-2.06,-0.9785,453076.51,9320003.539,4.0978,1.07,44.7886,11.404,23162372.7906
300308.SZ,2025-08-08,207.0,213.88,205.0,209.3,208.46,0.84,0.403,327315.08,6886805.779,2.9603,0.85,44.9691,11.4499,23255706.7306
300308.SZ,2025-08-11,210.0,220.5,209.99,214.75,209.3,5.45,2.6039,350762.52,7548075.951,3.1724,0.98,46.1401,11.7481,23861266.2227
300308.SZ,2025-08-12,215.0,226.39,213.0,225.68,214.75,10.93,5.0896,430829.31,9534149.021,3.8966,1.2,48.4884,12.346,25075718.5617
300308.SZ,2025-08-13,226.75,252.96,224.0,252.0,225.68,26.32,11.6625,551265.47,13273577.994,4.9858,1.52,54.1434,13.7859,28000182.0168
300308.SZ,2025-08-14,246.4,248.09,239.4,239.47,252.0,-12.53,-4.9722,407601.33,9927494.343,3.6865,0.96,51.4513,13.1004,26607950.7443
300308.SZ,2025-08-15,241.47,245.45,235.11,238.05,239.47,-1.42,-0.593,350540.8,8382671.265,3.1704,0.85,51.1462,13.0227,26450171.9409
300308.SZ,2025-08-18,241.62,268.0,238.08,260.0,238.05,21.95,9.2208,469849.79,11956921.107,4.2495,1.12,55.8622,14.2235,28889076.684
300308.SZ,2025-08-19,260.0,277.58,258.9,275.5,260.0,15.5,5.9615,409789.34,11069282.565,3.7063,0.93,59.1925,15.0714,30611310.1017
300308.SZ,2025-08-20,261.99,269.0,257.41,267.79,275.5,-7.71,-2.7985,408197.32,10773818.99,3.6919,0.93,57.536,14.6497,29754637.8662
300308.SZ,2025-08-21,272.8,274.6,256.1,265.22,267.79,-2.57,-0.9597,394435.93,10428978.809,3.5674,0.96,56.9838,14.5091,29469080.4543
300308.SZ,2025-08-22,259.11,280.88,259.0,278.9,265.22,13.68,5.158,382581.65,10408840.534,3.4602,0.94,59.923,15.2574,30989090.3353
300308.SZ,2025-08-25,288.0,320.0,288.0,320.0,278.9,41.1,14.7365,498061.31,15236503.898,4.5046,1.21,68.7535,17.5058,35555786.688
300308.SZ,2025-08-26,313.6,322.8,306.0,314.0,320.0,-6.0,-1.875,361919.21,11402947.512,3.2733,0.86,67.4644,17.1776,34889115.6876
300308.SZ,2025-08-27,320.0,345.9,311.31,325.1,314.0,11.1,3.535,610746.35,20077028.381,5.5246,1.49,69.8493,15.8304,36122457.0383
300308.SZ,2025-08-28,322.87,359.58,322.45,359.03,325.1,33.93,10.4368,583916.43,20116514.922,5.2819,1.3,77.1393,17.4826,39892481.5456
300308.SZ,2025-08-29,352.0,367.7,344.97,354.92,359.03,-4.11,-1.1448,490333.1,17315300.339,4.4354,1.01,76.2562,17.2825,39435811.9103
300308.SZ,2025-09-01,372.75,413.8,364.0,406.1,354.92,51.18,14.4202,598650.89,23173867.536,5.4152,1.18,87.2525,19.7746,45122515.5437
300308.SZ,2025-09-02,402.02,419.6,373.87,384.0,406.1,-22.1,-5.442,784127.3,31063167.519,7.093,1.48,82.5042,18.6985,42666944.0256
300308.SZ,2025-09-03,392.0,429.99,379.1,426.19,384.0,42.19,10.987,712351.78,28716626.618,6.4437,1.16,91.5689,20.7529,47354752.2767
300308.SZ,2025-09-04,436.0,448.0,363.88,369.14,426.19,-57.05,-13.386,939056.71,36731803.946,8.4944,1.48,79.3115,17.9749,41015822.1813
300308.SZ,2025-09-05,378.02,418.88,361.72,407.0,369.14,37.86,10.2563,792550.67,30591669.08,7.1692,1.12,87.4459,19.8184,45222516.1938
300308.SZ,2025-09-08,394.0,394.0,344.0,369.99,407.0,-37.01,-9.0934,741116.48,27097510.063,6.7039,0.97,79.4941,18.0163,41110267.2397
300308.SZ,2025-09-09,365.02,372.61,347.0,359.29,369.99,-10.7,-2.892,480631.09,17329017.117,4.3476,0.61,77.1952,17.4952,39921370.6223
300308.SZ,2025-09-10,378.0,395.48,370.58,385.0,359.29,25.71,7.1558,620102.39,23749946.61,5.6092,0.85,82.7191,18.7472,42778055.859
300308.SZ,2025-09-11,402.19,443.99,402.19,439.97,385.0,54.97,14.2779,656801.63,27786933.615,5.9412,0.92,94.5296,21.4239,48885873.341
300308.SZ,2025-09-12,417.0,431.99,410.0,422.09,439.97,-17.88,-4.0639,472505.65,19984616.455,4.2741,0.72,90.688,20.5532,46899193.7598
300308.SZ,2025-09-15,410.0,419.97,397.64,408.02,422.09,-14.07,-3.3334,357525.41,14621407.478,3.2341,0.6,87.665,19.8681,45335850.2639
300308.SZ,2025-09-16,410.03,421.97,396.22,411.42,408.02,3.4,0.8333,442532.63,17975150.667,4.003,0.86,88.3955,20.0337,45713630.4974
300308.SZ,2025-09-17,405.0,412.98,391.11,406.2,411.42,-5.22,-1.2688,324316.21,13067610.633,2.9337,0.64,87.274,19.7795,45133626.7271
300308.SZ,2025-09-18,394.21,429.99,389.21,409.4,406.2,3.2,0.7878,561607.86,22855123.991,5.0801,1.25,87.9615,19.9353,45489184.594
300308.SZ,2025-09-19,415.4,425.0,400.03,421.5,409.4,12.1,2.9555,466535.93,19367174.603,4.2201,1.08,90.5613,20.5245,46833637.7781
300308.SZ,2025-09-22,417.29,421.8,394.68,418.0,421.5,-3.5,-0.8304,412684.76,16928692.918,3.733,0.96,89.8093,20.3541,46444746.3612
300308.SZ,2025-09-23,447.01,457.01,418.0,434.29,418.0,16.29,3.8971,534440.36,23278260.11,4.8344,1.21,93.3093,21.1473,48254758.1273
300308.SZ,2025-09-24,416.01,435.0,410.0,423.5,434.29,-10.79,-2.4845,393385.86,16589365.257,3.5584,0.86,90.991,20.6219,47055861.4449
300308.SZ,2025-09-25,416.01,442.96,404.0,434.6,423.5,11.1,2.621,505591.51,21620180.903,4.5734,1.07,93.3759,21.1624,48289202.7956
300308.SZ,2025-09-26,429.05,442.3,413.7,413.7,434.6,-20.9,-4.809,351118.15,14918149.499,3.1761,0.76,88.8854,20.1447,45966965.4776
300308.SZ,2025-09-29,410.12,433.17,403.09,416.75,413.7,3.05,0.7372,429059.21,18029890.03,3.8811,0.98,89.5407,20.2932,46305856.5695
300308.SZ,2025-09-30,418.51,435.0,398.06,403.68,416.75,-13.07,-3.1362,392893.31,16248125.252,3.554,0.89,86.7326,19.6568,44853624.9069
300308.SZ,2025-10-09,419.0,426.66,397.68,398.81,403.68,-4.87,-1.2064,390909.46,16122596.932,3.536,0.94,85.6862,19.4196,44312510.2783
300308.SZ,2025-10-10,399.01,407.8,381.01,390.0,398.81,-8.81,-2.2091,384285.92,15167250.787,3.4761,0.93,83.7934,18.9906,43333615.026
300308.SZ,2025-10-13,369.0,382.0,361.8,376.99,389.6,-12.61,-3.2367,409313.49,15302419.922,3.7025,1.05,80.9981,18.7218,41888050.0735
300308.SZ,2025-10-14,385.0,385.94,344.0,346.1,376.99,-30.89,-8.1939,514339.07,18448572.395,4.6525,1.28,74.3612,17.1878,38455805.5397
300308.SZ,2025-10-15,345.0,357.0,337.0,354.12,346.1,8.02,2.3172,353172.53,12275375.119,3.1947,0.84,76.0844,17.586,39346922.4436
300308.SZ,2025-10-16,351.14,379.3,350.03,366.97,354.12,12.85,3.6287,342568.18,12630929.312,3.0988,0.83,78.8452,18.2242,40774709.5028
300308.SZ,2025-10-17,367.17,381.91,360.0,373.6,366.97,6.63,1.8067,467636.44,17358864.503,4.2301,1.17,80.2697,18.5534,41511380.9582
300308.SZ,2025-10-20,408.19,421.21,395.58,403.0,373.6,29.4,7.8694,601550.62,24468412.27,5.4414,1.44,86.5865,20.0135,44778068.8602
300308.SZ,2025-10-21,410.0,451.48,405.0,441.5,403.0,38.5,9.5533,565178.65,24436154.423,5.1124,1.24,94.8584,21.9254,49055874.4461
300308.SZ,2025-10-22,436.09,457.5,436.09,444.3,441.5,2.8,0.6342,397499.1,17757275.763,3.5956,0.85,95.46,22.0645,49366987.5796
300308.SZ,2025-10-23,441.08,443.0,425.7,440.88,444.3,-3.42,-0.7698,276011.13,12011352.772,2.4967,0.58,94.7252,21.8946,48986985.1094
300308.SZ,2025-10-24,450.0,495.65,437.1,494.0,440.88,53.12,12.0486,491025.26,23033970.651,4.4417,1.06,106.1382,24.5326,54889245.6996
300308.SZ,2025-10-27,503.98,515.0,495.56,508.94,494.0,14.94,3.0243,450723.89,22787904.833,4.0771,0.97,109.3482,25.2746,56549256.4906
300308.SZ,2025-10-28,503.3,536.0,501.0,513.0,508.94,4.06,0.7977,417960.87,21740189.239,3.7807,0.96,110.2205,25.4762,57000370.5342
300308.SZ,2025-10-29,538.01,542.01,506.16,520.72,513.0,7.72,1.5049,417271.05,21670889.448,3.7745,1.03,111.8792,25.8596,57858153.888
300308.SZ,2025-10-30,516.51,538.0,509.0,514.74,520.72,-5.98,-1.1484,453309.84,23600113.527,4.1005,1.1,110.5943,25.5626,57193705.1243
300308.SZ,2025-10-31,503.0,509.0,472.0,473.01,514.74,-41.73,-8.107,563012.79,27346603.031,5.0928,1.26,101.6284,20.2571,52557008.3165
300308.SZ,2025-11-03,470.67,483.4,457.51,480.0,473.01,6.99,1.4778,398408.75,18730146.946,3.6039,0.87,103.1303,20.5565,53333680.032
300308.SZ,2025-11-04,489.6,504.29,473.88,477.8,480.0,-2.2,-0.4583,360853.68,17622196.968,3.2642,0.8,102.6576,20.4623,53089233.9985
300308.SZ,2025-11-05,462.02,480.0,458.79,477.01,477.8,-0.79,-0.1653,264087.51,12390456.807,2.3889,0.6,102.4879,20.4284,53001455.6501
300308.SZ,2025-11-06,488.0,507.88,482.27,496.88,477.01,19.87,4.1655,373251.44,18457495.763,3.3763,0.91,106.757,21.2794,55209247.7798
300308.SZ,2025-11-07,491.0,499.79,479.0,490.05,496.88,-6.83,-1.3746,243099.6,11923843.237,2.199,0.62,105.2896,20.9869,54450353.9577
300308.SZ,2025-11-10,488.88,495.88,460.0,490.0,490.05,-0.05,-0.0102,352110.79,16744462.629,3.1851,1.07,105.2788,20.9848,54444798.366
300308.SZ,2025-11-11,493.68,499.66,464.0,468.05,490.0,-21.95,-4.4796,325131.12,15621818.93,2.941,1.02,100.5628,20.0447,52005893.6229
300308.SZ,2025-11-12,459.63,492.39,450.01,491.75,468.05,23.7,5.0636,423022.25,19890723.54,3.8265,1.36,105.6548,21.0597,54639244.0745
300308.SZ,2025-11-13,489.28,489.28,470.01,481.0,491.75,-10.75,-2.1861,313317.46,15002143.508,2.8342,0.91,103.3451,20.5993,53444791.8654
300308.SZ,2025-11-14,465.18,473.88,454.22,462.82,481.0,-18.18,-3.7796,247272.66,11512786.152,2.2367,0.75,99.4391,19.8207,51424778.7342
300308.SZ,2025-11-17,475.2,488.64,468.4,483.2,462.82,20.38,4.4034,282466.26,13512966.106,2.5551,0.85,103.8178,20.6935,53689237.8989
300308.SZ,2025-11-18,474.7,490.8,470.01,472.91,483.2,-10.29,-2.1296,240678.56,11554982.045,2.1771,0.76,101.607,20.2529,52545897.1332
300308.SZ,2025-11-19,472.43,499.7,472.0,488.6,472.91,15.69,3.3178,337865.39,16542781.774,3.0562,1.12,104.978,20.9248,54289241.7992
300308.SZ,2025-11-20,515.0,522.38,490.33,492.0,488.6,3.4,0.6959,353522.07,17783386.638,3.1978,1.24,105.7085,21.0704,54667022.0328
300308.SZ,2025-11-21,472.99,483.0,460.0,464.01,492.0,-27.99,-5.689,414122.8,19479251.604,3.746,1.42,99.6948,19.8717,51557001.8159
300308.SZ,2025-11-24,470.0,476.99,436.96,456.8,464.01,-7.21,-1.5538,464258.0,21222535.81,4.1995,1.43,98.1457,19.5629,50755885.4971
300308.SZ,2025-11-25,477.01,494.8,470.01,479.66,456.8,22.86,5.0044,439364.81,21131904.345,3.9744,1.21,103.0572,20.5419,53295902.0086
300308.SZ,2025-11-26,475.2,556.88,470.4,543.22,479.66,63.56,13.2511,628951.48,32975131.626,5.6893,1.57,116.7134,23.264,60358170.1395
300308.SZ,2025-11-27,537.0,558.77,523.36,524.0,543.22,-19.22,-3.5382,437327.67,23641332.187,3.9559,0.95,112.5839,22.4408,58222600.7016
300308.SZ,2025-11-28,527.2,529.8,508.6,514.5,524.0,-9.5,-1.813,324657.3,16750682.587,2.9367,0.68,110.5428,22.034,57167038.2843
300308.SZ,2025-12-01,524.0,546.5,515.0,538.0,514.5,23.5,4.5675,372867.05,19884723.666,3.3728,0.81,115.5919,23.0404,59778166.3692
300308.SZ,2025-12-02,542.0,551.13,535.5,542.0,538.0,4.0,0.7435,271615.33,14774407.355,2.4569,0.62,116.4513,23.2117,60222613.7028
300308.SZ,2025-12-03,540.54,558.58,522.11,523.73,542.0,-18.27,-3.3708,368327.52,19817626.71,3.3318,0.9,112.5259,22.4293,58192600.5066
300308.SZ,2025-12-04,517.37,536.53,512.34,535.5,523.73,11.77,2.2473,263194.47,13837413.1,2.3808,0.74,115.0547,22.9333,59500386.7857
300308.SZ,2025-12-05,539.53,545.0,525.0,537.05,535.5,1.55,0.2894,282825.91,15166870.065,2.5584,0.88,115.3877,22.9997,59672610.1275
300308.SZ,2025-12-08,543.0,585.0,539.0,570.0,537.05,32.95,6.1354,408224.4,23130085.523,3.6927,1.31,122.4672,24.4108,63333745.038
300308.SZ,2025-12-09,570.09,613.0,568.54,606.0,570.0,36.0,6.3158,371293.33,22178752.621,3.3586,1.16,130.202,25.9526,67333771.0404
300308.SZ,2025-12-10,609.06,620.0,589.5,616.0,606.0,10.0,1.6502,302094.33,18313255.433,2.7326,0.89,132.3505,26.3808,68444889.3744
300308.SZ,2025-12-11,610.0,627.11,585.91,586.81,616.0,-29.19,-4.7386,363531.25,22007836.033,3.2884,1.12,126.0789,25.1307,65201534.9575
300308.SZ,2025-12-12,587.0,603.88,570.22,582.0,586.81,-4.81,-0.8197,468789.24,27362453.086,4.2405,1.36,125.0455,24.9247,64667087.0388
300308.SZ,2025-12-15,570.0,588.0,568.0,570.86,582.0,-11.14,-1.9141,300987.36,17331138.639,2.7226,0.79,122.652,24.4477,63429301.2147
300308.SZ,2025-12-16,568.8,575.0,545.01,551.79,570.86,-19.07,-3.3406,279702.37,15609524.937,2.5301,0.77,118.5547,23.631,61310398.5518
300308.SZ,2025-12-17,557.0,592.07,556.66,589.98,551.79,38.19,6.9211,323570.08,18602336.343,2.9269,0.94,126.76,25.2665,65553759.4693
300308.SZ,2025-12-18,576.99,579.87,563.43,571.2,589.98,-18.78,-3.1832,241628.87,13813326.874,2.1857,0.7,122.725,24.4622,63467079.2381
300308.SZ,2025-12-19,583.34,587.0,570.28,571.7,571.2,0.5,0.0875,224429.14,12979061.283,2.0301,0.69,122.8325,24.4836,63522635.1548
300308.SZ,2025-12-22,590.01,622.0,590.01,617.5,571.7,45.8,8.0112,394411.67,23897727.826,3.5677,1.44,132.6728,26.4451,68611557.1245
300308.SZ,2025-12-23,625.0,628.99,614.0,621.0,617.5,3.5,0.5668,233642.01,14498372.815,2.1135,0.8,133.4248,26.595,69000448.5414
300308.SZ,2025-12-24,627.64,638.0,617.6,634.4,621.0,13.4,2.1578,235091.26,14752690.734,2.1266,0.83,136.3039,27.1688,70489347.109
300308.SZ,2025-12-25,645.0,658.8,618.41,639.8,634.4,5.4,0.8512,259387.11,16554891.81,2.3463,0.98,137.4641,27.4001,71089351.0093
300308.SZ,2025-12-26,628.3,636.95,618.0,627.0,639.8,-12.8,-2.0006,213761.84,13392778.802,1.9336,0.79,134.7139,26.8519,69667119.5418
300308.SZ,2025-12-29,627.64,633.69,612.73,618.0,627.0,-9.0,-1.4354,241125.83,14961103.073,2.1811,0.9,132.7802,26.4665,68667113.0412
300308.SZ,2025-12-30,618.1,644.34,615.0,632.0,618.0,14.0,2.2654,261145.4,16460770.395,2.3622,1.1,135.7882,27.066,70222678.7088
300308.SZ,2025-12-31,629.0,633.0,608.0,610.0,632.0,-22.0,-3.481,225604.12,13944071.968,2.0407,0.93,131.0614,26.1239,67778218.374
300308.SZ,2026-01-05,621.08,627.29,600.17,623.51,610.0,13.51,2.2148,302041.57,18658748.248,2.7322,1.26,133.9641,26.7025,69279339.2432
300308.SZ,2026-01-06,606.0,615.8,590.2,605.25,623.51,-18.26,-2.9286,335583.27,20243859.699,3.0356,1.35,130.0408,25.9205,67250437.1654
300308.SZ,2026-01-07,616.8,628.0,602.0,619.6,605.25,14.35,2.3709,280014.55,17281311.977,2.5329,1.03,133.124,26.535,68844891.9746
300308.SZ,2026-01-08,611.1,616.0,592.0,595.45,619.6,-24.15,-3.8977,291961.68,17523125.451,2.641,1.04,127.9353,25.5008,66161541.198
300308.SZ,2026-01-09,575.94,595.0,561.61,583.2,595.45,-12.25,-2.0573,385723.37,22201259.67,3.4891,1.34,125.3033,24.9761,64800421.2389
300308.SZ,2026-01-12,570.0,600.0,558.85,591.97,583.2,8.77,1.5038,383607.52,22117906.764,3.47,1.2,127.1876,25.3517,65774872.0178
300308.SZ,2026-01-13,580.8,616.6,580.01,585.76,591.97,-6.21,-1.049,320559.44,19108309.974,2.8997,0.96,125.8533,25.0858,65084867.5324
300308.SZ,2026-01-14,595.35,600.88,567.01,593.0,585.76,7.24,1.236,417329.94,24433697.896,3.775,1.26,127.4089,25.3958,65889317.2062
300308.SZ,2026-01-15,583.2,636.99,581.02,625.02,593.0,32.02,5.3997,459038.24,27888274.549,4.1523,1.28,134.2885,26.7671,69447118.1117
300308.SZ,2026-01-16,635.97,645.0,615.02,617.0,625.02,-8.02,-1.2832,372723.76,23373957.057,3.3715,0.95,132.5654,26.4237,68556001.2078
300308.SZ,2026-01-19,605.0,619.0,602.57,605.5,617.0,-11.5,-1.8639,223078.62,13561463.232,2.0179,0.57,130.0946,25.9312,67278215.1237
300308.SZ,2026-01-20,605.52,608.0,580.0,585.0,605.5,-20.5,-3.3856,262900.35,15451090.11,2.3781,0.73,125.69,25.0532,65000422.539
300308.SZ,2026-01-21,586.24,599.66,581.0,581.9,585.0,-3.1,-0.5299,250959.0,14836515.565,2.2701,0.72,125.024,24.9205,64655975.8555
300308.SZ,2026-01-22,590.08,624.5,585.0,621.0,581.9,39.1,6.7194,401944.25,24274588.606,3.6359,1.28,133.4248,26.595,69000448.5414
300308.SZ,2026-01-23,614.0,615.0,580.16,585.0,621.0,-36.0,-5.7971,396560.41,23458779.409,3.5872,1.31,125.69,25.0532,65000422.539
300308.SZ,2026-01-26,580.0,598.0,572.01,589.8,585.0,4.8,0.8205,260881.15,15300491.053,2.3598,0.85,126.7213,25.2588,65533759.3393
300308.SZ,2026-01-27,589.96,630.0,586.7,615.6,589.8,25.8,4.3744,387286.71,23794065.735,3.5033,1.23,132.2646,26.3637,68400444.641
300308.SZ,2026-01-28,632.0,644.98,623.0,628.0,615.6,12.4,2.0143,329263.75,20818996.207,2.9784,0.97,134.9288,26.8947,69778231.3752
300308.SZ,2026-01-29,637.0,637.95,610.11,613.85,628.0,-14.15,-2.2532,248940.4,15437115.006,2.2518,0.7,131.8886,26.2888,68205998.9326
300308.SZ,2026-01-30,616.2,653.58,605.93,649.0,613.85,35.15,5.7262,357592.0,22650812.275,3.2347,1.1,139.4407,27.7941,72111579.8766
300308.SZ,2026-02-02,635.01,658.58,591.0,591.0,649.0,-58.0,-8.9368,559980.48,34642172.763,5.0654,1.77,126.9792,25.3102,65667093.5394
300308.SZ,2026-02-03,607.0,618.8,576.0,589.7,591.0,-1.3,-0.22,429180.19,25546318.135,3.8822,1.14,126.6998,25.2545,65522648.156
300308.SZ,2026-02-04,570.0,574.55,525.13,560.0,589.7,-29.7,-5.0365,527210.01,29004521.608,4.769,1.37,120.3187,23.9826,62222626.704
300308.SZ,2026-02-05,561.01,577.75,556.01,561.99,560.0,1.99,0.3554,318675.15,18014061.308,2.8826,0.75,120.7462,24.0678,62443739.2525
300308.SZ,2026-02-06,548.11,561.88,530.3,540.01,561.99,-21.98,-3.9111,328675.9,17909389.389,2.9731,0.75,116.0237,23.1265,60001501.1543
300308.SZ,2026-02-09,561.0,573.99,550.12,565.99,540.01,25.98,4.811,366633.37,20565541.886,3.3164,0.85,121.6056,24.2391,62888186.5861
300308.SZ,2026-02-10,561.55,573.68,555.5,555.71,565.99,-10.28,-1.8163,217158.25,12239667.575,1.9643,0.55,119.3969,23.7988,61745956.9387
300308.SZ,2026-02-11,551.01,554.0,522.53,531.91,555.71,-23.8,-4.2828,397135.51,21161447.644,3.5924,1.13,114.2834,22.7796,59101495.3038
300308.SZ,2026-02-12,535.0,546.38,523.38,527.46,531.91,-4.45,-0.8366,301786.11,16055660.076,2.7299,0.93,113.3273,22.589,58607047.6452
300308.SZ,2026-02-13,524.0,543.8,515.0,531.0,527.46,3.54,0.6711,260436.1,13816376.824,2.3558,0.81,114.0879,22.7406,59000383.5354
300308.SZ,2026-02-24,542.0,572.02,522.0,554.0,531.0,23.0,4.3315,356557.53,19693436.145,3.2253,1.16,119.0295,23.7256,61555955.7036
300308.SZ,2026-02-25,550.0,569.86,548.0,566.07,554.0,12.07,2.1787,214792.09,11999241.088,1.9429,0.7,121.6228,24.2425,62897075.5327
300308.SZ,2026-02-26,566.07,574.0,559.0,572.22,566.07,6.15,1.0864,252799.91,14340448.873,2.2867,0.83,122.9442,24.5059,63580413.3081
300308.SZ,2026-02-27,555.0,559.98,531.11,534.0,572.22,-38.22,-6.6792,347124.7,18806220.503,3.14,1.25,114.7324,22.8691,59333719.0356
300308.SZ,2026-03-02,520.0,580.0,520.0,570.58,534.0,36.58,6.8502,493103.42,27557516.445,4.4605,1.72,122.5918,21.1299,63398189.9014
300308.SZ,2026-03-03,570.8,599.04,563.28,563.8,570.58,-6.78,-1.1883,393101.0,22869564.246,3.5559,1.18,121.1351,20.8788,62644851.6709
300308.SZ,2026-03-04,554.02,563.5,536.5,539.0,563.8,-24.8,-4.3987,307429.45,16777788.85,2.7809,0.9,115.8067,19.9604,59889278.2026
300308.SZ,2026-03-05,556.0,585.0,552.6,557.0,539.0,18.0,3.3395,379003.6,21444655.496,3.4283,1.06,119.6741,20.627,61889291.2038
300308.SZ,2026-03-06,553.0,559.98,537.06,545.48,557.0,-11.52,-2.0682,219667.67,12028188.486,1.987,0.57,117.199,20.2004,60609282.883
300308.SZ,2026-03-09,520.1,528.3,506.0,525.99,545.48,-19.49,-3.573,314743.15,16230653.69,2.8471,0.88,113.0115,19.4786,58443713.2501
300308.SZ,2026-03-10,540.0,548.98,530.02,547.0,525.99,21.01,3.9944,283094.14,15348948.106,2.5608,0.88,117.5255,20.2567,60778172.8698
300308.SZ,2026-03-11,557.0,568.9,553.0,554.68,547.0,7.68,1.404,238971.7,13412042.199,2.1617,0.79,119.1756,20.5411,61631511.7503
300308.SZ,2026-03-12,557.25,563.58,528.5,534.8,554.68,-19.88,-3.584,239117.26,12905792.455,2.163,0.83,114.9043,19.8049,59422608.5023
300308.SZ,2026-03-13,526.5,548.88,525.01,542.02,534.8,7.22,1.35,211981.69,11483224.115,1.9175,0.82,116.4556,20.0723,60224835.9395
300308.SZ,2026-03-16,549.05,565.0,540.32,561.7,542.02,19.68,3.6309,274319.81,15210952.033,2.4814,1.06,120.6839,20.8011,62411516.8208
300308.SZ,2026-03-17,570.0,577.88,539.0,543.0,561.7,-18.7,-3.3292,300409.84,16803741.8,2.7174,1.2,116.6661,20.1086,60333725.5362
300308.SZ,2026-03-18,553.86,582.05,550.0,580.0,543.0,37.0,6.814,377804.87,21435555.273,3.4175,1.49,124.6158,21.4788,64444863.372
300308.SZ,2026-03-19,580.0,592.8,569.9,575.2,580.0,-4.8,-0.8276,331407.56,19280585.871,2.9978,1.18,123.5845,21.301,63911526.5717
300308.SZ,2026-03-20,605.0,632.72,604.1,612.0,575.2,36.8,6.3978,538539.42,33344122.514,4.8715,1.8,131.4911,22.6638,68000442.0408
300308.SZ,2026-03-23,590.31,618.1,585.0,599.62,612.0,-12.38,-2.0229,378519.91,22741347.135,3.424,1.04,128.8312,22.2053,66624877.5433
300308.SZ,2026-03-24,599.0,605.0,577.0,603.19,599.62,3.57,0.5954,282635.65,16716920.528,2.5566,0.73,129.5982,22.3375,67021546.7885
300308.SZ,2026-03-25,625.0,635.0,616.05,628.4,603.19,25.21,4.1794,335631.26,21048050.378,3.036,0.88,135.0147,23.2711,69822676.1086
300308.SZ,2026-03-26,626.89,645.0,612.83,614.2,628.4,-14.2,-2.2597,262769.23,16491318.31,2.3769,0.7,131.9638,22.7453,68244888.0743
300308.SZ,2026-03-27,598.85,609.88,588.66,598.0,614.2,-16.2,-2.6376,224326.03,13421963.396,2.0292,0.62,128.4831,22.1453,66444876.3732
300308.SZ,2026-03-30,585.0,595.58,579.0,589.08,598.0,-8.92,-1.4916,209254.8,12283293.316,1.8929,0.71,126.5666,21.815,65453758.8193
300308.SZ,2026-03-31,571.0,585.9,555.0,569.41,589.08,-19.67,-3.3391,261202.31,14942137.037,2.3628,0.99,58.5966,21.2558,63268189.0563
300308.SZ,2026-04-01,591.0,602.0,581.2,601.87,569.41,32.46,5.7006,255404.72,15121134.057,2.3103,0.99,61.9369,22.4675,66874879.1685
300308.SZ,2026-04-02,593.01,596.77,578.69,582.0,601.87,-19.87,-3.3014,177310.14,10393303.258,1.6039,0.73,59.8922,21.7258,64667087.0388
300308.SZ,2026-04-03,600.0,625.0,594.35,606.52,582.0,24.52,4.2131,290271.06,17694513.705,2.6257,1.29,62.4155,22.6411,67391549.1938
300308.SZ,2026-04-07,608.0,636.66,597.7,619.53,606.52,13.01,2.145,239030.65,14668397.049,2.1622,1.0,63.7543,23.1267,68837114.1463
300308.SZ,2026-04-08,653.53,688.26,643.0,688.14,619.53,68.61,11.0745,396629.74,26479882.607,3.5878,1.62,70.8148,25.6879,76460497.0359
300308.SZ,2026-04-09,682.0,700.0,678.01,693.02,688.14,4.88,0.7092,249619.27,17248692.687,2.258,0.92,71.3169,25.8701,77002722.7829
300308.SZ,2026-04-10,700.0,743.04,694.01,734.65,693.02,41.63,6.007,330800.75,23842833.151,2.9923,1.22,75.601,27.4241,81628308.4073
300308.SZ,2026-04-13,738.8,744.0,714.23,738.0,734.65,3.35,0.456,228876.18,16730510.499,2.0703,0.76,75.9457,27.5492,82000533.0492
300308.SZ,2026-04-14,750.0,786.22,748.78,773.0,738.0,35.0,4.7425,292668.36,22475999.264,2.6474,1.01,79.5475,28.8557,85889447.2182
300308.SZ,2026-04-15,787.0,808.83,766.0,779.98,773.0,6.98,0.903,323452.47,25441092.938,2.9259,1.08,80.2658,29.1163,86665007.8153
300308.SZ,2026-04-16,772.37,810.11,762.35,809.61,779.98,29.63,3.7988,286570.12,22749930.918,2.5922,1.01,83.3149,30.2223,89957251.439
300308.SZ,2026-04-17,841.0,865.0,820.24,851.0,809.61,41.39,5.1123,398571.61,33630034.467,3.6054,1.36,87.5743,26.5704,94556170.2234
300308.SZ,2026-04-20,849.0,878.98,840.58,850.0,851.0,-1.0,-0.1175,272631.13,23357063.772,2.4661,0.89,87.4714,26.5391,94445058.39
300308.SZ,2026-04-21,849.75,868.0,839.0,864.86,850.0,14.86,1.7482,251138.02,21433791.331,2.2706,0.8,89.0006,27.0031,96096180.2343
300308.SZ,2026-04-22,859.3,893.2,854.0,886.62,864.86,21.76,2.516,294382.93,25705226.811,2.6562,0.96,91.4437,27.6745,98734050.5455
300308.SZ,2026-04-23,890.0,919.99,877.78,897.0,886.62,10.38,1.1707,309869.4,27877944.598,2.7959,1.03,92.5142,27.9985,99889967.8998
300308.SZ,2026-04-24,900.25,915.0,854.53,886.99,897.0,-10.01,-1.1159,383884.41,33962426.838,3.4637,1.26,91.4818,27.6861,98775253.7653
300308.SZ,2026-04-27,899.0,900.0,854.0,857.03,886.99,-29.96,-3.3777,318148.71,27543690.271,2.8706,1.05,88.3918,26.7509,95438906.5654
300308.SZ,2026-04-28,854.0,854.0,821.0,825.0,857.03,-32.03,-3.7373,295109.05,24518220.806,2.6627,0.95,85.0883,25.7512,91872044.055
300308.SZ,2026-04-29,816.23,863.0,816.23,846.0,825.0,21.0,2.5455,251730.87,21221971.38,2.2713,0.79,87.2542,26.4066,94210605.1764
300308.SZ,2026-04-30,863.66,874.65,845.0,857.5,845.0,12.5,1.4793,212709.64,18256407.622,1.9192,0.68,88.4403,27.628,95491245.7905
300308.SZ,2026-05-06,888.5,889.0,840.45,856.0,857.5,-1.5,-0.1749,309385.72,26756822.154,2.7915,1.06,88.2856,27.5796,95324205.7104
300308.SZ,2026-05-07,858.0,889.15,835.0,877.47,856.0,21.47,2.5082,277190.1,23995585.894,2.501,1.0,90.5,28.2714,97715106.0569
300308.SZ,2026-05-08,864.95,898.95,861.56,886.0,877.47,8.53,0.9721,197640.77,17406542.425,1.7833,0.73,91.3797,28.5462,98665007.3124
300308.SZ,2026-05-11,889.06,946.79,870.0,940.13,886.0,54.13,6.1095,322655.43,29399331.289,2.9112,1.29,96.9625,30.2902,104692927.0029
300308.SZ,2026-05-12,961.0,1022.9,960.0,1017.99,940.13,77.86,8.2818,345421.36,34442619.233,3.1167,1.31,104.9928,32.7988,113363420.7607
300308.SZ,2026-05-13,999.68,1052.2,991.12,1049.2,1017.99,31.21,3.0658,260005.33,26467945.093,2.346,0.9,108.2117,33.8044,116838968.0273
300308.SZ,2026-05-14,1065.0,1088.88,1025.1,1078.0,1049.2,28.8,2.7449,300571.34,31835259.103,2.712,1.07,111.1821,34.7323,120046137.5652
300308.SZ,2026-05-15,1068.99,1099.87,1034.0,1049.87,1078.0,-28.13,-2.6095,276252.8,29275322.893,2.4926,0.97,108.2808,33.826,116913579.2631
300308.SZ,2026-05-18,1030.03,1075.0,1030.03,1045.0,1049.87,-4.87,-0.4639,243132.05,25546322.519,2.1937,0.81,107.7786,33.6691,116371255.803
300308.SZ,2026-05-19,1026.0,1037.38,988.88,1030.0,1045.0,-15.0,-1.4354,272749.08,27528008.857,2.461,0.96,106.2315,33.1858,114700855.002
300308.SZ,2026-05-20,1019.11,1071.0,1019.11,1037.0,1030.0,7.0,0.6796,225973.22,23581065.528,2.0389,0.84,106.9535,33.4113,115480375.3758
300308.SZ,2026-05-21,1060.0,1065.0,993.34,993.34,1037.0,-43.66,-4.2102,237726.01,24395401.284,2.1449,0.9,102.4505,32.0046,110618395.4444
300308.SZ,2026-05-22,1010.04,1044.87,1006.18,1037.98,993.34,44.64,4.4939,209337.69,21509318.912,1.8888,0.83,107.0545,33.4429,115589508.2281
