ts_code,trade_date,open,high,low,close,pre_close,change,pct_chg,vol,amount,turnover_rate,volume_ratio,pe,pb,total_mv
300033.SZ,2023-01-03,98.58,98.58,94.01,98.08,98.61,-0.53,-0.5375,46901.49,454262.431,1.7276,1.69,27.5888,8.1807,5272780.8
300033.SZ,2023-01-04,98.37,101.38,97.56,99.94,98.08,1.86,1.8964,42290.02,421564.0,1.5577,1.39,28.112,8.3359,5372774.4
300033.SZ,2023-01-05,101.0,104.37,99.95,103.76,99.94,3.82,3.8223,52927.7,545598.595,1.9495,1.63,29.1865,8.6545,5578137.6
300033.SZ,2023-01-06,103.5,106.36,103.01,104.44,103.76,0.68,0.6554,48204.24,505017.877,1.7755,1.29,29.3778,8.7112,5614694.4
300033.SZ,2023-01-09,105.34,109.0,104.61,107.3,104.44,2.86,2.7384,50230.7,538130.484,1.8502,1.19,30.1823,8.9498,5768448.0
300033.SZ,2023-01-10,106.8,109.49,106.29,108.0,107.3,0.7,0.6524,46340.43,501644.117,1.7069,0.96,30.3792,9.0081,5806080.0
300033.SZ,2023-01-11,108.55,109.54,107.59,107.82,108.0,-0.18,-0.1667,31433.33,341457.892,1.1576,0.65,30.3285,8.9931,5796403.2
300033.SZ,2023-01-12,107.82,110.0,107.81,109.7,107.82,1.88,1.7436,41076.72,448663.814,1.5127,0.9,30.8574,9.1499,5897472.0
300033.SZ,2023-01-13,109.7,111.5,108.7,110.8,109.7,1.1,1.0027,39894.11,439951.646,1.4691,0.92,31.1668,9.2417,5956608.0
300033.SZ,2023-01-16,111.49,119.67,110.81,116.72,110.8,5.92,5.343,82937.24,963619.616,3.0543,1.98,32.832,9.7355,6274867.2
300033.SZ,2023-01-17,115.4,118.3,115.21,117.35,116.72,0.63,0.5398,40336.76,470732.313,1.4854,0.83,33.0092,9.788,6308736.0
300033.SZ,2023-01-18,117.4,119.7,116.98,118.05,117.35,0.7,0.5965,44799.83,531397.505,1.6498,0.95,33.2061,9.8464,6346368.0
300033.SZ,2023-01-19,117.99,120.7,117.39,120.4,118.05,2.35,1.9907,40164.86,479648.996,1.4791,0.81,33.8671,10.0424,6472704.0
300033.SZ,2023-01-20,120.6,121.0,118.39,118.9,120.4,-1.5,-1.2458,36631.12,436185.603,1.349,0.74,33.4452,9.9173,6392064.0
300033.SZ,2023-01-30,121.9,125.55,119.39,120.4,118.9,1.5,1.2616,64238.03,781855.183,2.3656,1.31,33.8671,10.0424,6472704.0
300033.SZ,2023-01-31,120.4,122.0,117.01,117.95,120.4,-2.45,-2.0349,58548.68,694048.75,2.1561,1.29,33.178,9.8381,6340992.0
300033.SZ,2023-02-01,117.99,123.07,117.0,123.0,117.95,5.05,4.2815,53205.33,638997.098,1.9593,1.09,34.5985,10.2593,6612480.0
300033.SZ,2023-02-02,126.0,126.0,118.0,121.8,123.0,-1.2,-0.9756,69059.38,835319.593,2.5432,1.37,34.2609,10.1592,6547968.0
300033.SZ,2023-02-03,119.97,121.28,118.9,120.96,121.8,-0.84,-0.6897,36175.51,434327.832,1.3322,0.64,34.0247,10.0891,6502809.6
300033.SZ,2023-02-06,119.0,120.64,117.3,119.04,120.96,-1.92,-1.5873,50099.05,596955.537,1.845,0.89,33.4846,9.929,6399590.4
300033.SZ,2023-02-07,119.89,129.49,119.89,125.39,119.04,6.35,5.3343,119558.54,1506241.609,4.4029,2.24,35.2708,10.4586,6740966.4
300033.SZ,2023-02-08,124.37,125.39,120.2,123.28,125.39,-2.11,-1.6827,54924.58,675003.947,2.0227,0.84,34.6773,10.2826,6627532.8
300033.SZ,2023-02-09,124.49,126.19,121.28,125.48,123.28,2.2,1.7846,55246.97,684092.638,2.0345,0.84,35.2961,10.4661,6745804.8
300033.SZ,2023-02-10,124.69,127.75,123.0,123.09,125.48,-2.39,-1.9047,38056.05,474081.697,1.4015,0.6,34.6238,10.2668,6617318.4
300033.SZ,2023-02-13,123.06,125.0,121.75,124.59,123.09,1.5,1.2186,37699.9,465867.869,1.3883,0.59,35.0457,10.3919,6697958.4
300033.SZ,2023-02-14,124.48,126.97,123.71,126.97,124.59,2.38,1.9103,34076.76,427335.426,1.2549,0.56,35.7152,10.5904,6825907.2
300033.SZ,2023-02-15,126.64,126.93,122.7,124.0,126.97,-2.97,-2.3391,30891.55,383077.516,1.1376,0.7,34.8798,10.3427,6666240.0
300033.SZ,2023-02-16,123.9,131.5,123.48,125.19,124.0,1.19,0.9597,85145.8,1083748.343,3.1356,2.17,35.2145,10.4419,6730214.4
300033.SZ,2023-02-17,125.0,125.66,116.08,116.5,125.19,-8.69,-6.9414,93394.11,1115368.68,3.4393,2.07,32.7701,9.7171,6263040.0
300033.SZ,2023-02-20,117.87,123.16,117.7,122.9,116.5,6.4,5.4936,68784.09,829402.959,2.5331,1.22,34.5704,10.2509,6607104.0
300033.SZ,2023-02-21,122.5,123.38,120.7,123.1,122.9,0.2,0.1627,33779.93,412877.323,1.244,0.54,34.6266,10.2676,6617856.0
300033.SZ,2023-02-22,121.99,123.77,121.5,122.31,123.1,-0.79,-0.6418,30559.65,374576.768,1.1254,0.49,34.4044,10.2017,6575385.6
300033.SZ,2023-02-23,122.31,126.6,120.69,121.0,122.31,-1.31,-1.071,36879.04,451960.343,1.3581,0.59,34.0359,10.0925,6504960.0
300033.SZ,2023-02-24,121.5,121.9,119.45,119.85,121.0,-1.15,-0.9504,32668.94,392636.336,1.2031,0.62,33.7124,9.9965,6443136.0
300033.SZ,2023-02-27,118.51,120.48,117.2,118.84,119.85,-1.01,-0.8427,46081.0,545637.906,1.697,1.14,33.4283,9.9123,6388838.4
300033.SZ,2023-02-28,119.8,120.26,116.92,118.5,118.84,-0.34,-0.2861,53212.35,631237.757,1.9596,1.48,37.6692,8.7928,6370560.0
300033.SZ,2023-03-01,118.6,126.55,117.01,125.11,118.5,6.61,5.5781,84016.12,1034549.368,3.094,2.11,39.7704,9.2833,6725913.6
300033.SZ,2023-03-02,125.08,128.73,124.41,127.63,125.11,2.52,2.0142,61316.82,780882.69,2.2581,1.21,40.5715,9.4703,6861388.8
300033.SZ,2023-03-03,127.63,127.8,123.6,124.45,127.63,-3.18,-2.4916,36063.88,450847.522,1.3281,0.65,39.5606,9.2343,6690432.0
300033.SZ,2023-03-06,124.5,124.6,119.0,120.06,124.45,-4.39,-3.5275,64957.16,780508.308,2.3921,1.16,38.1651,8.9086,6454425.6
300033.SZ,2023-03-07,119.97,121.01,117.75,118.12,120.06,-1.94,-1.6159,33981.11,405546.54,1.2514,0.57,37.5484,8.7646,6350131.2
300033.SZ,2023-03-08,117.65,119.1,116.7,117.79,118.12,-0.33,-0.2794,28988.15,340784.102,1.0675,0.52,37.4435,8.7401,6332390.4
300033.SZ,2023-03-09,117.8,118.3,115.38,116.66,117.79,-1.13,-0.9593,32687.61,381301.609,1.2038,0.73,37.0843,8.6563,6271641.6
300033.SZ,2023-03-10,115.5,117.66,115.01,116.05,116.66,-0.61,-0.5229,23619.12,275735.855,0.8698,0.6,36.8904,8.611,6238848.0
300033.SZ,2023-03-13,116.0,120.47,115.51,119.65,116.05,3.6,3.1021,45965.39,547153.765,1.6927,1.25,38.0348,8.8782,6432384.0
300033.SZ,2023-03-14,118.98,120.12,116.7,117.23,119.65,-2.42,-2.0226,27790.41,327655.713,1.0234,0.84,37.2655,8.6986,6302284.8
300033.SZ,2023-03-15,118.0,121.5,116.7,116.9,117.23,-0.33,-0.2815,38536.47,457413.044,1.4191,1.21,37.1606,8.6741,6284544.0
300033.SZ,2023-03-16,116.48,120.36,115.73,118.07,116.9,1.17,1.0009,37929.05,450703.13,1.3968,1.12,37.5325,8.7609,6347443.2
300033.SZ,2023-03-17,120.0,134.4,119.65,132.42,118.07,14.35,12.1538,149839.34,1942276.007,5.518,4.31,42.0942,9.8257,7118899.2
300033.SZ,2023-03-20,135.21,145.79,134.54,140.4,132.42,7.98,6.0263,183282.63,2596087.916,6.7496,3.05,44.6309,10.4178,7547904.0
300033.SZ,2023-03-21,141.1,145.5,139.7,142.0,140.4,1.6,1.1396,130860.26,1870658.147,4.8191,1.5,45.1395,10.5366,7633920.0
300033.SZ,2023-03-22,141.59,143.63,138.5,142.2,142.0,0.2,0.1408,100558.6,1415984.514,3.7032,0.93,45.2031,10.5514,7644672.0
300033.SZ,2023-03-23,142.02,170.01,142.02,167.91,142.2,25.71,18.0802,227244.03,3544030.213,8.3685,1.89,53.3759,12.4591,9026841.6
300033.SZ,2023-03-24,166.0,180.33,162.89,176.26,167.91,8.35,4.9729,214881.35,3661620.285,7.9133,1.36,56.0302,13.0787,9475737.6
300033.SZ,2023-03-27,184.8,210.02,183.55,194.99,176.26,18.73,10.6263,235941.81,4587976.983,8.6888,1.38,61.9842,14.4685,10482662.4
300033.SZ,2023-03-28,185.84,193.89,173.13,179.0,194.99,-15.99,-8.2004,321180.76,5901567.31,11.8279,1.77,56.9012,13.282,9623040.0
300033.SZ,2023-03-29,175.05,184.19,171.3,176.33,179.0,-2.67,-1.4916,195363.76,3470977.615,7.1945,0.89,56.0525,13.0839,9479500.8
300033.SZ,2023-03-30,175.9,181.99,171.0,175.0,173.83,1.17,0.6731,136888.68,2414761.991,5.0411,0.57,55.6297,15.9426,9408000.0
300033.SZ,2023-03-31,175.04,207.32,171.0,204.3,175.0,29.3,16.7429,220925.65,4212503.226,8.1358,1.0,64.9437,18.6118,10983168.0
300033.SZ,2023-04-03,204.3,239.22,200.0,235.0,204.3,30.7,15.0269,188332.02,4116850.713,6.9355,0.85,74.7027,21.4086,12633600.0
300033.SZ,2023-04-04,230.02,234.99,217.38,226.97,235.0,-8.03,-3.417,158637.13,3592096.012,5.842,0.75,72.1501,20.6771,12201907.2
300033.SZ,2023-04-06,215.7,229.8,208.49,215.3,226.97,-11.67,-5.1416,163301.27,3544306.498,6.0138,0.91,68.4404,19.6139,11574528.0
300033.SZ,2023-04-07,214.0,225.5,205.3,220.0,215.3,4.7,2.183,133344.38,2891644.118,4.9106,0.77,69.9344,20.0421,11827200.0
300033.SZ,2023-04-10,221.99,222.2,192.0,193.24,220.0,-26.76,-12.1636,228235.55,4596217.862,8.405,1.32,61.4279,17.6042,10388582.4
300033.SZ,2023-04-11,198.55,203.0,188.0,193.7,193.24,0.46,0.238,183116.51,3551833.868,6.7435,1.05,61.5741,17.6462,10413312.0
300033.SZ,2023-04-12,199.92,210.0,191.91,200.0,193.7,6.3,3.2525,196861.1,3931600.729,7.2496,1.14,63.5768,18.2201,10752000.0
300033.SZ,2023-04-13,193.4,199.8,187.28,188.94,200.0,-11.06,-5.53,172341.96,3319570.978,6.3467,0.95,60.061,17.2125,10157414.4
300033.SZ,2023-04-14,185.19,199.88,185.19,195.8,188.94,6.86,3.6308,148462.9,2869087.344,5.4673,0.81,62.2417,17.8375,10526208.0
300033.SZ,2023-04-17,193.5,202.8,188.35,199.64,195.8,3.84,1.9612,132770.13,2609937.25,4.8894,0.71,63.4623,18.1873,10732646.4
300033.SZ,2023-04-18,197.02,204.43,191.0,195.07,199.64,-4.57,-2.2891,132203.61,2595974.182,4.8685,0.79,62.0096,17.771,10486963.2
300033.SZ,2023-04-19,194.96,202.58,192.03,197.65,195.07,2.58,1.3226,120160.46,2378021.374,4.425,0.77,62.8297,18.006,10625664.0
300033.SZ,2023-04-20,193.0,217.0,192.0,210.0,197.65,12.35,6.2484,162007.57,3362437.193,5.9661,1.15,66.7556,19.1311,11289600.0
300033.SZ,2023-04-21,213.0,213.0,195.8,196.2,210.0,-13.8,-6.5714,124825.37,2531479.964,4.5968,0.9,62.3688,17.8739,10547712.0
300033.SZ,2023-04-24,195.7,197.88,180.0,185.0,196.2,-11.2,-5.7085,173594.25,3225826.184,6.3928,1.29,58.8085,16.8536,9945600.0
300033.SZ,2023-04-25,189.0,203.23,189.0,195.01,185.0,10.01,5.4108,162279.6,3183592.645,5.9761,1.14,61.9905,17.4234,10483737.6
300033.SZ,2023-04-26,196.02,198.0,172.3,174.92,195.01,-20.09,-10.302,186812.43,3359810.259,6.8796,1.26,55.6042,15.6284,9403699.2
300033.SZ,2023-04-27,171.0,178.09,167.77,170.2,174.92,-4.72,-2.6984,149174.79,2573686.516,5.4935,0.92,54.1038,15.2067,9149952.0
300033.SZ,2023-04-28,168.45,181.0,168.45,177.99,170.2,7.79,4.577,130265.69,2309346.688,4.7972,0.82,56.5801,15.9027,9568742.4
300033.SZ,2023-05-04,177.88,180.83,169.01,175.24,177.99,-2.75,-1.545,88624.31,1543841.17,3.2637,0.55,55.706,15.657,9420902.4
300033.SZ,2023-05-05,173.1,185.0,172.0,174.95,175.24,-0.29,-0.1655,104643.05,1866676.596,3.8536,0.73,55.6138,15.6311,9405312.0
300033.SZ,2023-05-08,175.0,182.4,169.08,177.68,174.95,2.73,1.5604,100884.61,1787772.046,3.7152,0.76,56.4816,15.875,9552076.8
300033.SZ,2023-05-09,179.14,194.49,177.01,178.06,177.68,0.38,0.2139,151145.82,2795989.576,5.5661,1.32,56.6024,15.909,9572505.6
300033.SZ,2023-05-10,177.0,180.14,170.01,173.76,178.06,-4.3,-2.4149,88813.67,1548386.098,3.2707,0.77,55.2355,15.5248,9341337.6
300033.SZ,2023-05-11,176.37,178.0,168.6,169.16,173.76,-4.6,-2.6473,64511.82,1108594.558,2.3757,0.6,53.7732,15.1138,9094041.6
300033.SZ,2023-05-12,168.07,178.0,168.07,172.19,169.16,3.03,1.7912,72168.09,1252068.535,2.6577,0.71,54.7364,15.3845,9256934.4
300033.SZ,2023-05-15,173.25,174.19,165.69,172.57,172.19,0.38,0.2207,67105.23,1136240.769,2.4712,0.7,54.8572,15.4185,9277363.2
300033.SZ,2023-05-16,173.0,175.0,168.6,169.06,172.57,-3.51,-2.034,59957.41,1028454.366,2.208,0.68,53.7414,15.1049,9088665.6
300033.SZ,2023-05-17,168.65,171.6,167.0,169.5,169.06,0.44,0.2603,37669.06,637585.595,1.3872,0.53,53.8813,15.1442,9112320.0
300033.SZ,2023-05-18,169.62,188.18,169.62,187.94,169.5,18.44,10.8791,150565.37,2719317.634,5.5447,2.5,59.7431,16.7917,10103654.4
300033.SZ,2023-05-19,190.14,194.94,184.5,185.4,187.94,-2.54,-1.3515,102291.74,1938518.059,3.767,1.32,58.9357,16.5648,9967104.0
300033.SZ,2023-05-22,183.64,183.81,165.2,168.7,185.4,-16.7,-9.0076,129839.26,2225008.448,4.7815,1.55,53.627,15.0727,9069312.0
300033.SZ,2023-05-23,168.7,169.31,159.18,161.5,168.7,-7.2,-4.2679,127723.53,2073459.944,4.7036,1.33,51.3382,14.4294,8682240.0
300033.SZ,2023-05-24,162.0,162.44,152.0,155.0,161.5,-6.5,-4.0248,137245.67,2132982.73,5.0542,1.25,49.272,13.8486,8332800.0
300033.SZ,2023-05-25,157.63,159.0,151.2,154.51,155.0,-0.49,-0.3161,81894.7,1265623.84,3.0159,0.63,49.1162,13.8049,8306457.6
300033.SZ,2023-05-26,155.0,162.88,153.01,159.6,154.51,5.09,3.2943,90265.98,1435282.204,3.3241,0.78,50.7343,14.2596,8580096.0
300033.SZ,2023-05-29,162.93,164.82,152.45,154.45,159.6,-5.15,-3.2268,101049.35,1578818.919,3.7213,0.89,49.0972,13.7995,8303232.0
300033.SZ,2023-05-30,153.01,164.0,152.03,162.2,154.45,7.75,5.0178,113533.12,1803190.035,4.181,1.05,51.5608,14.4919,8719872.0
300033.SZ,2023-05-31,162.16,163.57,158.96,160.84,162.2,-1.36,-0.8385,79500.67,1277254.022,2.9277,0.76,51.1284,14.3704,8646758.4
300033.SZ,2023-06-01,161.04,179.3,160.54,176.28,160.84,15.44,9.5996,158717.92,2757760.549,5.845,1.7,56.0366,15.7499,9476812.8
300033.SZ,2023-06-02,178.6,181.6,173.0,173.85,176.28,-2.43,-1.3785,94176.2,1662064.031,3.4681,0.87,55.2641,15.5328,9346176.0
300033.SZ,2023-06-05,173.77,183.57,172.55,176.6,173.85,2.75,1.5818,92777.85,1649554.006,3.4167,0.85,56.1383,15.7785,9494016.0
300033.SZ,2023-06-06,175.56,181.36,168.5,169.01,176.6,-7.59,-4.2978,96812.47,1688990.735,3.5652,0.9,53.7255,15.1004,9085977.6
300033.SZ,2023-06-07,169.69,174.01,167.01,168.7,169.01,-0.31,-0.1834,74682.91,1271735.636,2.7503,0.72,53.627,15.0727,9069312.0
300033.SZ,2023-06-08,166.27,168.62,163.39,166.4,168.7,-2.3,-1.3634,61477.64,1019896.758,2.264,0.59,52.8959,14.8672,8945664.0
300033.SZ,2023-06-09,167.01,168.85,159.2,165.74,166.4,-0.66,-0.3966,104986.88,1712345.768,3.8663,1.25,52.6861,14.8082,8910182.4
300033.SZ,2023-06-12,163.54,172.98,163.0,167.66,165.74,1.92,1.1584,89937.48,1516860.018,3.3121,1.04,53.2964,14.9798,9013401.6
300033.SZ,2023-06-13,167.0,187.86,165.31,179.65,167.66,11.99,7.1514,151533.65,2722713.793,5.5804,1.77,57.1078,16.051,9657984.0
300033.SZ,2023-06-14,178.7,189.58,174.26,183.3,179.65,3.65,2.0317,126765.55,2338438.363,4.6683,1.31,58.2681,16.3771,9854208.0
300033.SZ,2023-06-15,186.0,189.87,177.88,179.58,183.3,-3.72,-2.0295,93766.5,1702943.767,3.4531,0.88,57.0856,16.0448,9654220.8
300033.SZ,2023-06-16,182.0,194.75,177.35,193.0,179.58,13.42,7.473,123238.89,2314104.136,4.5384,1.09,61.3516,17.2438,10375680.0
300033.SZ,2023-06-19,202.48,214.66,190.93,209.99,193.0,16.99,8.8031,176541.67,3595084.503,6.5013,1.51,66.7524,18.7618,11289062.4
300033.SZ,2023-06-20,210.41,222.8,204.5,212.0,209.99,2.01,0.9572,144601.84,3066327.337,5.3251,1.08,67.3914,18.9414,11397120.0
300033.SZ,2023-06-21,207.0,210.99,198.0,198.0,212.0,-14.0,-6.6038,113718.17,2305630.439,4.1878,0.86,62.941,17.6905,10644480.0
300033.SZ,2023-06-26,193.5,195.0,181.02,182.6,198.0,-15.4,-7.7778,115890.71,2159764.096,4.2678,0.89,58.0456,16.3146,9816576.0
300033.SZ,2023-06-27,183.05,186.96,180.0,184.63,182.6,2.03,1.1117,83310.29,1529998.114,3.068,0.62,58.6909,16.496,9925708.8
300033.SZ,2023-06-28,182.83,183.52,172.12,178.6,184.63,-6.03,-3.266,74793.14,1324911.66,2.7543,0.59,56.774,15.9572,9601536.0
300033.SZ,2023-06-29,180.0,181.0,168.0,174.96,178.6,-3.64,-2.0381,81195.7,1404930.719,2.9901,0.76,55.617,15.632,9405849.6
300033.SZ,2023-06-30,173.0,176.5,171.06,175.28,174.96,0.32,0.1829,69248.65,1204718.494,2.5502,0.74,55.7187,15.6606,9423052.8
300033.SZ,2023-07-03,174.94,174.94,162.07,171.0,175.28,-4.28,-2.4418,104895.63,1759280.746,3.8629,1.24,54.3581,15.2782,9192960.0
300033.SZ,2023-07-04,169.1,170.97,165.63,168.29,171.0,-2.71,-1.5848,70568.92,1185638.436,2.5988,0.85,53.4967,15.0361,9047270.4
300033.SZ,2023-07-05,168.0,170.48,165.6,166.7,168.29,-1.59,-0.9448,60565.05,1015007.501,2.2304,0.76,52.9912,14.894,8961792.0
300033.SZ,2023-07-06,166.7,172.3,165.62,168.24,166.7,1.54,0.9238,72324.2,1228533.343,2.6634,0.94,53.4808,15.0316,9044582.4
300033.SZ,2023-07-07,167.5,168.68,161.5,165.25,168.24,-2.99,-1.7772,67582.36,1112565.896,2.4888,0.89,52.5303,14.7644,8883840.0
300033.SZ,2023-07-10,166.45,166.89,163.09,164.91,165.25,-0.34,-0.2057,40164.5,661716.093,1.4791,0.53,52.4222,14.7341,8865561.6
300033.SZ,2023-07-11,164.77,169.08,163.63,165.25,164.91,0.34,0.2062,55017.57,910039.247,2.0261,0.88,52.5303,14.7644,8883840.0
300033.SZ,2023-07-12,164.19,164.9,157.41,157.85,165.25,-7.4,-4.4781,84618.8,1355308.817,3.1162,1.43,50.178,14.1033,8486016.0
300033.SZ,2023-07-13,160.26,163.6,157.83,162.7,157.85,4.85,3.0725,68160.28,1100896.341,2.5101,1.07,51.7197,14.5366,8746752.0
300033.SZ,2023-07-14,164.0,173.8,163.23,169.51,162.7,6.81,4.1856,112298.84,1893328.545,4.1355,1.78,53.8845,15.1451,9112857.6
300033.SZ,2023-07-17,167.05,169.8,165.06,166.68,169.51,-2.83,-1.6695,36301.29,606149.028,1.3368,0.5,52.9849,14.8922,8960716.8
300033.SZ,2023-07-18,166.79,168.49,165.06,166.36,166.68,-0.32,-0.192,29933.53,498180.453,1.1023,0.42,52.8832,14.8636,8943513.6
300033.SZ,2023-07-19,173.86,175.0,164.45,165.1,166.36,-1.26,-0.7574,65422.82,1105265.294,2.4093,0.99,52.4826,14.751,8875776.0
300033.SZ,2023-07-20,164.0,165.0,157.56,158.61,165.1,-6.49,-3.931,68615.19,1101058.239,2.5268,1.1,50.4196,14.1712,8526873.6
300033.SZ,2023-07-21,157.0,160.15,155.7,157.29,158.61,-1.32,-0.8322,38376.14,605098.305,1.4132,0.61,49.9999,14.0532,8455910.4
300033.SZ,2023-07-24,156.0,161.28,155.55,157.49,157.29,0.2,0.1272,34743.39,549505.27,1.2795,0.73,50.0635,14.0711,8466662.4
300033.SZ,2023-07-25,169.0,178.3,166.1,178.16,157.49,20.67,13.1246,181698.24,3117429.626,6.6912,3.83,56.6342,15.9179,9577881.6
300033.SZ,2023-07-26,174.0,174.57,165.58,171.4,178.16,-6.76,-3.7943,100383.87,1705264.541,3.6968,1.29,54.4853,15.3139,9214464.0
300033.SZ,2023-07-27,168.4,170.48,163.21,164.53,171.4,-6.87,-4.0082,72161.8,1204369.504,2.6574,0.85,52.3014,14.7001,8845132.8
300033.SZ,2023-07-28,163.42,195.0,163.01,192.1,164.53,27.57,16.7568,209508.27,3796018.934,7.7154,2.45,61.0655,17.1634,10327296.0
300033.SZ,2023-07-31,196.0,199.48,186.8,189.0,192.1,-3.1,-1.6137,189217.04,3631436.025,6.9681,1.58,60.08,15.8881,10160640.0
300033.SZ,2023-08-01,186.0,192.8,179.3,183.64,189.0,-5.36,-2.836,148898.26,2761988.103,5.4833,0.99,58.3762,15.4375,9872486.4
300033.SZ,2023-08-02,183.0,190.5,180.37,184.9,183.64,1.26,0.6861,106781.24,1979852.905,3.9323,0.74,58.7767,15.5434,9940224.0
300033.SZ,2023-08-03,186.0,198.66,181.24,193.9,184.9,9.0,4.8675,144144.58,2736472.38,5.3083,0.99,61.6377,16.3,10424064.0
300033.SZ,2023-08-04,200.44,213.8,192.01,195.5,193.9,1.6,0.8252,235923.36,4739810.002,8.6881,1.48,62.1463,16.4345,10510080.0
300033.SZ,2023-08-07,192.12,196.98,189.03,193.38,195.5,-2.12,-1.0844,109705.06,2116999.752,4.04,0.66,61.4724,16.2563,10396108.8
300033.SZ,2023-08-08,191.89,192.96,184.51,186.11,193.38,-7.27,-3.7594,113983.72,2135082.23,4.1976,0.76,59.1614,15.6452,10005273.6
300033.SZ,2023-08-09,184.38,188.52,183.75,184.21,186.11,-1.9,-1.0209,70294.05,1306759.961,2.5887,0.49,58.5574,15.4854,9903129.6
300033.SZ,2023-08-10,184.0,190.12,183.3,190.07,184.21,5.86,3.1812,100667.38,1887664.189,3.7072,0.75,60.4202,15.978,10218163.2
300033.SZ,2023-08-11,189.5,189.5,180.16,180.89,190.07,-9.18,-4.8298,99398.23,1820457.327,3.6605,0.79,57.502,15.2063,9724646.4
300033.SZ,2023-08-14,175.26,184.55,174.9,181.15,180.89,0.26,0.1437,71886.88,1302976.95,2.6473,0.73,57.5847,15.2282,9738624.0
300033.SZ,2023-08-15,178.0,185.4,177.05,185.0,181.15,3.85,2.1253,75516.79,1382430.335,2.781,0.83,58.8085,15.5518,9945600.0
300033.SZ,2023-08-16,181.3,190.76,179.45,182.3,185.0,-2.7,-1.4595,80986.84,1489253.589,2.9824,0.97,57.9502,15.3249,9800448.0
300033.SZ,2023-08-17,180.0,181.88,173.48,176.06,182.3,-6.24,-3.4229,93103.21,1649607.224,3.4286,1.09,55.9666,14.8003,9464985.6
300033.SZ,2023-08-18,178.0,182.25,173.98,173.98,176.06,-2.08,-1.1814,66147.56,1174127.252,2.436,0.79,55.3054,14.6255,9353164.8
300033.SZ,2023-08-21,171.53,173.01,163.89,166.12,173.98,-7.86,-4.5178,96135.67,1604726.259,3.5403,1.24,52.8069,13.9647,8930611.2
300033.SZ,2023-08-22,168.52,169.99,164.2,168.79,166.12,2.67,1.6073,82189.47,1373032.392,3.0267,1.0,53.6556,14.1892,9074150.4
300033.SZ,2023-08-23,166.7,167.25,160.6,160.9,168.79,-7.89,-4.6744,86683.44,1412165.742,3.1922,1.04,51.1475,13.5259,8649984.0
300033.SZ,2023-08-24,162.49,172.86,161.99,168.0,160.9,7.1,4.4127,111811.39,1874340.078,4.1176,1.32,53.4045,14.1228,9031680.0
300033.SZ,2023-08-25,168.14,168.97,161.8,163.28,168.0,-4.72,-2.8095,72355.45,1191721.875,2.6646,0.82,51.9041,13.726,8777932.8
300033.SZ,2023-08-28,195.0,195.0,168.18,169.5,163.28,6.22,3.8094,203243.85,3628943.493,7.4847,2.26,53.8813,14.2489,9112320.0
300033.SZ,2023-08-29,167.0,177.85,163.44,172.14,169.5,2.64,1.5575,143798.5,2436444.655,5.2955,1.29,54.7205,14.4708,9254246.4
300033.SZ,2023-08-30,170.0,173.95,167.58,171.11,172.14,-1.03,-0.5984,89873.3,1533612.435,3.3097,0.73,54.3931,14.3842,9198873.6
300033.SZ,2023-08-31,169.21,172.52,167.0,167.35,171.11,-3.76,-2.1974,65513.32,1111815.489,2.4126,0.53,53.1979,14.0681,8996736.0
300033.SZ,2023-09-01,167.5,169.5,165.8,166.35,167.35,-1.0,-0.5976,46259.88,774370.176,1.7036,0.4,52.88,13.984,8942976.0
300033.SZ,2023-09-04,167.0,169.47,163.0,166.56,166.35,0.21,0.1262,63850.13,1062725.115,2.3514,0.58,52.9467,14.0017,8954265.6
300033.SZ,2023-09-05,165.55,165.55,161.01,161.8,166.56,-4.76,-2.8578,72969.39,1186046.122,2.6872,0.89,51.4336,13.6016,8698368.0
300033.SZ,2023-09-06,161.82,161.82,156.0,156.75,161.8,-5.05,-3.1211,89607.84,1415035.17,3.2999,1.32,49.8283,13.177,8426880.0
300033.SZ,2023-09-07,156.0,159.86,155.6,157.48,156.75,0.73,0.4657,62505.45,985635.44,2.3018,0.92,50.0603,13.2384,8466124.8
300033.SZ,2023-09-08,156.97,162.01,155.77,161.47,157.48,3.99,2.5337,63330.27,1006509.922,2.3322,0.94,51.3287,13.5738,8680627.2
300033.SZ,2023-09-11,160.47,163.79,157.97,162.55,161.47,1.08,0.6689,62558.3,1009583.038,2.3038,0.89,51.672,13.6646,8738688.0
300033.SZ,2023-09-12,160.8,162.87,156.66,157.91,162.55,-4.64,-2.8545,54831.76,873127.512,2.0192,0.78,50.197,13.2745,8489241.6
300033.SZ,2023-09-13,157.39,157.65,147.89,149.61,157.91,-8.3,-5.2562,111892.23,1693614.185,4.1206,1.68,47.5586,12.5768,8043033.6
300033.SZ,2023-09-14,149.0,149.62,143.52,146.6,149.61,-3.01,-2.0119,95042.61,1387236.35,3.5001,1.34,46.6018,12.3238,7881216.0
300033.SZ,2023-09-15,147.0,148.0,144.02,144.8,146.6,-1.8,-1.2278,59326.05,865400.693,2.1847,0.77,46.0296,12.1725,7784448.0
300033.SZ,2023-09-18,143.61,146.53,143.0,145.0,144.8,0.2,0.1381,48322.54,699236.15,1.7795,0.63,46.0932,12.1893,7795200.0
300033.SZ,2023-09-19,145.0,145.17,142.3,143.97,145.0,-1.03,-0.7103,41201.03,592309.523,1.5173,0.56,45.7657,12.1027,7739827.2
300033.SZ,2023-09-20,143.7,146.9,142.3,142.67,143.97,-1.3,-0.903,41655.4,601573.617,1.534,0.59,45.3525,11.9934,7669939.2
300033.SZ,2023-09-21,142.68,144.85,141.14,141.48,142.67,-1.19,-0.8341,49280.93,701779.926,1.8148,0.86,44.9742,11.8934,7605964.8
300033.SZ,2023-09-22,141.4,153.04,141.29,152.02,141.48,10.54,7.4498,149029.1,2212077.148,5.4882,3.11,48.3247,12.7794,8172595.2
300033.SZ,2023-09-25,150.23,150.71,145.8,146.4,152.02,-5.62,-3.6969,72784.83,1072047.298,2.6804,1.1,46.5382,12.307,7870464.0
300033.SZ,2023-09-26,146.41,151.98,146.39,148.95,146.4,2.55,1.7418,73084.44,1093282.684,2.6914,1.03,47.3488,12.5213,8007552.0
300033.SZ,2023-09-27,149.0,152.33,148.58,150.88,148.95,1.93,1.2957,51404.38,775396.888,1.893,0.67,47.9623,12.6836,8111308.8
300033.SZ,2023-09-28,151.5,152.32,147.76,149.46,150.88,-1.42,-0.9411,42764.25,638571.928,1.5748,0.54,47.5109,12.5642,8034969.6
300033.SZ,2023-10-09,147.9,150.88,144.31,149.6,149.46,0.14,0.0937,50656.74,751153.369,1.8655,0.65,47.5554,12.576,8042496.0
300033.SZ,2023-10-10,150.0,153.21,150.0,150.7,149.6,1.1,0.7353,42367.72,642179.094,1.5602,0.73,47.9051,12.6684,8101632.0
300033.SZ,2023-10-11,151.2,156.06,150.81,152.61,150.7,1.91,1.2674,57804.67,885861.449,2.1287,1.11,48.5122,12.829,8204313.6
300033.SZ,2023-10-12,158.0,162.61,152.33,153.72,152.61,1.11,0.7273,78117.39,1226871.465,2.8768,1.59,48.8651,12.9223,8263987.2
300033.SZ,2023-10-13,152.01,152.87,150.1,151.12,153.72,-2.6,-1.6914,42634.55,644203.829,1.5701,0.78,48.0386,12.7038,8124211.2
300033.SZ,2023-10-16,151.12,151.9,148.74,150.05,151.12,-1.07,-0.708,34714.45,520489.082,1.2784,0.64,47.6985,12.6138,8066688.0
300033.SZ,2023-10-17,150.16,154.5,147.75,152.77,150.05,2.72,1.8127,56418.04,855828.383,2.0777,1.1,48.5631,12.8425,8212915.2
300033.SZ,2023-10-18,150.03,150.68,146.0,148.21,152.77,-4.56,-2.9849,47941.65,710332.763,1.7655,0.89,47.1136,12.4591,7967769.6
300033.SZ,2023-10-19,147.02,152.15,147.01,147.35,148.21,-0.86,-0.5803,55496.85,828918.767,2.0437,1.07,46.8402,12.3868,7921536.0
300033.SZ,2023-10-20,144.02,149.2,144.02,145.95,147.35,-1.4,-0.9501,45598.93,666571.66,1.6792,0.96,46.3951,12.2691,7846272.0
300033.SZ,2023-10-23,144.0,144.0,136.0,138.0,145.95,-7.95,-5.4471,73118.41,1016155.188,2.6927,1.52,43.868,11.0674,7418880.0
300033.SZ,2023-10-24,139.0,146.28,138.3,144.2,138.0,6.2,4.4928,85557.66,1218755.462,3.1508,1.54,45.8388,11.5646,7752192.0
300033.SZ,2023-10-25,145.74,146.48,138.28,139.4,144.2,-4.8,-3.3287,73032.04,1038350.704,2.6895,1.19,44.313,11.1796,7494144.0
300033.SZ,2023-10-26,138.0,138.0,134.4,136.66,139.4,-2.74,-1.9656,61472.04,835045.857,2.2638,0.92,43.442,10.9599,7346841.6
300033.SZ,2023-10-27,135.5,142.18,134.39,141.14,136.66,4.48,3.2782,71686.73,992439.87,2.6399,1.06,44.8661,11.3192,7587686.4
300033.SZ,2023-10-30,139.8,142.8,139.2,141.6,141.14,0.46,0.3259,54999.9,775970.751,2.0254,0.75,45.0123,11.3561,7612416.0
300033.SZ,2023-10-31,142.14,142.62,139.66,140.59,141.6,-1.01,-0.7133,40864.69,576030.767,1.5049,0.59,44.6913,11.2751,7558118.4
300033.SZ,2023-11-01,142.16,142.8,139.0,139.19,140.59,-1.4,-0.9958,35092.81,492911.062,1.2923,0.58,44.2462,11.1628,7482854.4
300033.SZ,2023-11-02,139.0,141.71,136.89,137.08,139.19,-2.11,-1.5159,43408.72,602457.471,1.5986,0.82,43.5755,10.9936,7369420.8
300033.SZ,2023-11-03,137.21,140.49,136.49,138.71,137.08,1.63,1.1891,51030.6,707241.407,1.8793,1.04,44.0937,11.1243,7457049.6
300033.SZ,2023-11-06,141.47,150.5,140.91,149.14,138.71,10.43,7.5193,132791.39,1942943.23,4.8902,2.95,47.4092,11.9608,8017766.4
300033.SZ,2023-11-07,147.39,150.25,146.69,149.18,149.14,0.04,0.0268,75874.12,1127239.478,2.7942,1.25,47.4219,11.964,8019916.8
300033.SZ,2023-11-08,149.21,154.85,148.18,151.67,149.18,2.49,1.6691,88992.89,1352059.298,3.2773,1.32,48.2134,12.1637,8153779.2
300033.SZ,2023-11-09,151.18,153.11,150.17,150.48,151.67,-1.19,-0.7846,43846.53,663596.926,1.6147,0.56,47.8352,12.0682,8089804.8
300033.SZ,2023-11-10,149.87,150.75,147.43,149.86,150.48,-0.62,-0.412,45038.35,672257.188,1.6586,0.57,47.6381,12.0185,8056473.6
300033.SZ,2023-11-13,150.5,154.26,150.0,152.08,149.86,2.22,1.4814,63027.05,961233.727,2.321,0.82,48.3438,12.1965,8175820.8
300033.SZ,2023-11-14,151.1,156.55,151.1,153.0,152.08,0.92,0.6049,63326.62,972765.917,2.3321,1.0,48.6362,12.2703,8225280.0
300033.SZ,2023-11-15,156.14,157.75,152.02,152.5,153.0,-0.5,-0.3268,65559.77,1013932.823,2.4143,1.08,48.4773,12.2302,8198400.0
300033.SZ,2023-11-16,151.0,153.3,149.69,149.69,152.5,-2.81,-1.8426,41734.62,630038.669,1.5369,0.74,47.584,12.0049,8047334.4
300033.SZ,2023-11-17,149.9,151.5,148.8,150.58,149.69,0.89,0.5946,31574.24,473666.171,1.1628,0.57,47.8669,12.0762,8095180.8
300033.SZ,2023-11-20,150.87,151.05,146.73,149.39,150.58,-1.19,-0.7903,53530.19,795873.906,1.9713,1.01,47.4887,11.9808,8031206.4
300033.SZ,2023-11-21,149.8,154.78,149.61,150.48,149.39,1.09,0.7296,64960.25,989902.514,2.3922,1.27,47.8352,12.0682,8089804.8
300033.SZ,2023-11-22,149.11,151.18,147.0,147.0,150.48,-3.48,-2.3126,40432.39,599878.031,1.489,0.79,46.7289,11.7891,7902720.0
300033.SZ,2023-11-23,146.0,146.66,142.2,143.5,147.0,-3.5,-2.381,64392.8,926389.482,2.3713,1.39,45.6163,11.5084,7714560.0
300033.SZ,2023-11-24,143.51,143.98,140.63,141.28,143.5,-2.22,-1.547,38924.28,550908.889,1.4334,0.76,44.9106,11.3304,7595212.8
300033.SZ,2023-11-27,140.51,142.78,140.39,141.13,141.28,-0.15,-0.1062,34127.19,482007.233,1.2568,0.65,44.8629,11.3184,7587148.8
300033.SZ,2023-11-28,141.44,143.2,140.1,141.71,141.13,0.58,0.411,34912.58,495369.421,1.2857,0.72,45.0473,11.3649,7618329.6
300033.SZ,2023-11-29,141.72,142.83,140.41,140.52,141.71,-1.19,-0.8397,35564.64,502803.273,1.3097,0.84,44.669,11.2695,7554355.2
300033.SZ,2023-11-30,140.87,141.79,139.27,140.48,140.52,-0.04,-0.0285,31562.42,443678.771,1.1623,0.76,44.6563,11.2662,7552204.8
300033.SZ,2023-12-01,141.0,148.91,139.9,147.01,140.48,6.53,4.6483,89032.81,1287866.335,3.2787,2.54,46.7321,11.7899,7903257.6
300033.SZ,2023-12-04,146.0,157.61,144.5,153.99,147.01,6.98,4.748,127204.89,1930535.751,4.6845,2.82,48.9509,12.3497,8278502.4
300033.SZ,2023-12-05,152.0,154.99,150.3,151.55,153.99,-2.44,-1.5845,73491.33,1118657.835,2.7064,1.15,48.1753,12.154,8147328.0
300033.SZ,2023-12-06,150.47,153.8,150.08,151.51,151.55,-0.04,-0.0264,50308.78,764915.398,1.8527,0.7,48.1626,12.1508,8145177.6
300033.SZ,2023-12-07,153.0,156.89,152.0,153.99,151.51,2.48,1.6369,78638.33,1215004.493,2.8959,1.06,48.9509,12.3497,8278502.4
300033.SZ,2023-12-08,152.65,162.09,152.5,159.3,153.99,5.31,3.4483,133373.26,2098858.61,4.9116,1.59,50.6389,12.7756,8563968.0
300033.SZ,2023-12-11,165.88,168.0,160.0,164.57,159.3,5.27,3.3082,142789.28,2335192.116,5.2584,1.54,52.3141,13.1982,8847283.2
300033.SZ,2023-12-12,164.0,168.38,160.3,162.56,164.57,-2.01,-1.2214,86495.17,1413968.869,3.1853,0.9,51.6752,13.037,8739225.6
300033.SZ,2023-12-13,162.0,163.98,159.78,160.4,162.56,-2.16,-1.3287,55854.97,902526.985,2.0569,0.57,50.9886,12.8638,8623104.0
300033.SZ,2023-12-14,161.52,162.5,157.6,158.64,160.4,-1.76,-1.0973,62862.73,1003108.496,2.315,0.63,50.4291,12.7226,8528486.4
300033.SZ,2023-12-15,160.08,161.37,156.65,157.3,158.64,-1.34,-0.8447,51285.68,812231.014,1.8887,0.53,50.0031,12.6152,8456448.0
300033.SZ,2023-12-18,157.5,162.6,156.64,158.31,157.3,1.01,0.6421,58470.72,933754.838,2.1533,0.73,50.3242,12.6962,8510745.6
300033.SZ,2023-12-19,158.63,160.23,157.1,158.99,158.31,0.68,0.4295,43472.41,689585.313,1.6009,0.69,50.5403,12.7507,8547302.4
300033.SZ,2023-12-20,159.16,159.83,151.22,151.35,158.99,-7.64,-4.8053,67131.52,1035100.689,2.4722,1.23,48.1117,12.138,8136576.0
300033.SZ,2023-12-21,152.01,155.96,150.1,152.83,151.35,1.48,0.9779,50503.95,771345.058,1.8599,0.89,48.5822,12.2567,8216140.8
300033.SZ,2023-12-22,152.54,152.82,148.0,149.04,152.83,-3.79,-2.4799,49630.56,744866.855,1.8277,0.92,47.3774,11.9527,8012390.4
300033.SZ,2023-12-25,148.11,150.61,148.02,148.96,149.04,-0.08,-0.0537,29701.22,443388.806,1.0938,0.55,47.352,11.9463,8008089.6
300033.SZ,2023-12-26,148.61,149.98,144.97,145.8,148.96,-3.16,-2.1214,42649.28,625617.795,1.5706,0.89,46.3475,11.6929,7838208.0
300033.SZ,2023-12-27,146.0,148.0,142.75,144.4,145.8,-1.4,-0.9602,57030.57,826332.946,2.1002,1.19,45.9024,11.5806,7762944.0
300033.SZ,2023-12-28,143.7,158.49,143.3,156.78,144.4,12.38,8.5734,102129.58,1556498.154,3.761,2.22,49.8378,12.5735,8428492.8
300033.SZ,2023-12-29,155.1,157.8,153.89,156.87,156.78,0.09,0.0574,55622.65,868419.332,2.0484,0.99,49.8664,12.5807,8433331.2
300033.SZ,2024-01-02,155.99,157.86,154.55,154.7,156.87,-2.17,-1.3833,41834.68,652891.314,1.5406,0.73,49.1766,12.4067,8316672.0
300033.SZ,2024-01-03,153.71,157.57,151.2,154.4,154.7,-0.3,-0.1939,53186.4,818823.174,1.9587,0.89,49.0813,12.3826,8300544.0
300033.SZ,2024-01-04,154.4,155.38,151.4,152.8,154.4,-1.6,-1.0363,42125.72,644743.852,1.5513,0.68,48.5726,12.2543,8214528.0
300033.SZ,2024-01-05,152.83,153.87,148.38,148.9,152.8,-3.9,-2.5524,42749.54,645477.368,1.5743,0.72,47.3329,11.9415,8004864.0
300033.SZ,2024-01-08,150.0,161.01,150.0,154.3,148.9,5.4,3.6266,153801.12,2405517.726,5.6639,3.27,49.0495,12.3746,8295168.0
300033.SZ,2024-01-09,153.0,154.25,143.1,145.39,154.3,-8.91,-5.7745,101135.32,1490714.387,3.698,1.52,46.2171,11.66,7816166.4
300033.SZ,2024-01-10,144.0,145.66,140.29,141.49,145.39,-3.9,-2.6824,60852.57,867678.183,2.2251,0.77,44.9774,11.3472,7606502.4
300033.SZ,2024-01-11,141.48,151.44,141.0,147.45,141.49,5.96,4.2123,84049.99,1235727.121,3.0732,1.05,46.872,11.8252,7926912.0
300033.SZ,2024-01-12,146.3,148.0,143.68,144.45,147.45,-3.0,-2.0346,45157.65,655433.6,1.6512,0.51,45.9183,11.5846,7765632.0
300033.SZ,2024-01-15,142.0,146.98,142.0,143.97,144.45,-0.48,-0.3323,41466.88,598261.402,1.5162,0.47,45.7657,11.5461,7739827.2
300033.SZ,2024-01-16,143.33,143.33,122.99,129.97,143.97,-14.0,-9.7242,229422.98,3001090.293,8.3887,3.45,41.3154,10.4234,6987187.2
300033.SZ,2024-01-17,129.44,129.48,124.8,125.22,129.97,-4.75,-3.6547,85473.56,1081868.025,3.1253,0.93,39.8054,10.0424,6731827.2
300033.SZ,2024-01-18,124.0,128.58,122.35,128.49,125.22,3.27,2.6114,109718.99,1374633.587,4.0118,1.13,40.8449,10.3047,6907622.4
300033.SZ,2024-01-19,126.8,127.99,122.67,123.11,128.49,-5.38,-4.1871,91228.82,1136468.273,3.3357,0.89,39.1347,9.8732,6618393.6
300033.SZ,2024-01-22,122.57,122.75,116.88,118.8,123.11,-4.31,-3.5009,83103.76,996135.698,3.0386,0.75,37.7646,9.5275,6386688.0
300033.SZ,2024-01-23,118.8,128.18,116.57,125.47,118.8,6.67,5.6145,132479.53,1626938.902,4.844,1.11,39.8849,10.0625,6745267.2
300033.SZ,2024-01-24,127.0,130.92,123.43,129.35,125.47,3.88,3.0924,127349.13,1616091.103,4.6565,1.27,41.1183,10.3736,6953856.0
300033.SZ,2024-01-25,127.0,130.61,125.58,129.2,129.35,-0.15,-0.116,109024.45,1397368.828,3.9864,1.0,41.0706,10.3616,6945792.0
300033.SZ,2024-01-26,127.44,130.3,126.0,127.27,129.2,-1.93,-1.4938,59701.84,766926.623,2.183,0.55,40.4571,10.2068,6842035.2
300033.SZ,2024-01-29,128.0,128.94,122.34,122.34,127.27,-4.93,-3.8737,66499.14,830574.516,2.4315,0.65,38.8899,9.8114,6576998.4
300033.SZ,2024-01-30,121.39,125.2,120.78,120.97,122.34,-1.37,-1.1198,51029.21,625396.588,1.8659,0.52,38.4544,9.7016,6503347.2
300033.SZ,2024-01-31,121.89,122.43,115.0,115.04,120.97,-5.93,-4.902,79515.65,936744.761,2.9074,0.96,36.5694,9.226,6184550.4
300033.SZ,2024-02-01,114.13,121.31,113.56,117.5,115.04,2.46,2.1384,71615.62,843859.673,2.6186,0.98,37.3513,9.4233,6316800.0
300033.SZ,2024-02-02,117.6,118.96,108.04,112.5,117.5,-5.0,-4.2553,92546.71,1045649.25,3.3839,1.41,35.7619,9.0223,6048000.0
300033.SZ,2024-02-05,110.34,112.48,104.06,108.55,112.5,-3.95,-3.5111,92595.12,1008060.704,3.3857,1.28,34.5063,8.7055,5835648.0
300033.SZ,2024-02-06,107.8,121.85,106.9,121.44,108.55,12.89,11.8747,120982.28,1413997.08,4.4237,1.56,38.6038,9.7393,6528614.4
300033.SZ,2024-02-07,122.07,123.43,117.48,119.56,121.44,-1.88,-1.5481,109082.27,1316008.307,3.9885,1.19,38.0062,9.5885,6427545.6
300033.SZ,2024-02-08,121.52,127.4,121.5,125.29,119.56,5.73,4.7926,96049.71,1197764.654,3.512,0.99,39.8277,10.048,6735590.4
300033.SZ,2024-02-19,127.0,128.88,124.81,128.8,125.29,3.51,2.8015,87881.22,1115130.275,3.2133,0.86,40.9434,10.3295,6924288.0
300033.SZ,2024-02-20,126.98,128.3,124.97,127.2,128.8,-1.6,-1.2422,77894.7,987799.815,2.8482,0.77,40.4348,10.2012,6838272.0
300033.SZ,2024-02-21,125.0,134.56,124.18,129.02,127.2,1.82,1.4308,120109.14,1565085.498,4.3917,1.22,41.0134,10.3472,6936115.2
300033.SZ,2024-02-22,127.0,131.85,126.9,130.46,129.02,1.44,1.1161,78616.19,1020883.902,2.8746,0.8,41.4711,10.4627,7013529.6
300033.SZ,2024-02-23,131.0,132.5,128.28,130.62,130.46,0.16,0.1226,69945.04,910129.573,2.5575,0.76,41.522,10.4755,7022131.2
300033.SZ,2024-02-26,129.3,132.5,129.01,130.09,130.62,-0.53,-0.4058,62561.4,817343.757,2.2875,0.72,41.3535,10.433,6993638.4
300033.SZ,2024-02-27,127.0,135.5,126.62,135.45,130.09,5.36,4.1202,128806.87,1687275.062,4.7098,1.57,51.9212,9.949,7281792.0
300033.SZ,2024-02-28,138.0,144.25,131.96,132.41,135.45,-3.04,-2.2444,171912.78,2386723.872,6.2859,1.87,50.7559,9.7257,7118361.6
300033.SZ,2024-02-29,130.31,137.19,130.31,137.07,132.41,4.66,3.5194,112917.24,1518035.837,4.1288,1.1,52.5422,10.068,7368883.2
300033.SZ,2024-03-01,136.51,143.3,134.68,141.26,137.07,4.19,3.0568,119361.05,1657215.243,4.3644,1.09,54.1484,10.3757,7594137.6
300033.SZ,2024-03-04,142.0,147.9,141.4,143.46,141.26,2.2,1.5574,113648.37,1635294.979,4.1555,0.95,54.9917,10.5373,7712409.6
300033.SZ,2024-03-05,141.73,144.68,140.03,142.51,143.46,-0.95,-0.6622,76031.69,1080794.601,2.7801,0.59,54.6275,10.4675,7661337.6
300033.SZ,2024-03-06,141.65,145.0,138.88,142.3,142.51,-0.21,-0.1474,71701.21,1019640.172,2.6217,0.6,54.547,10.4521,7650048.0
300033.SZ,2024-03-07,140.85,142.9,135.68,135.75,142.3,-6.55,-4.603,82141.97,1137140.121,3.0035,0.83,52.0362,9.971,7297920.0
300033.SZ,2024-03-08,135.75,138.55,135.28,137.55,135.75,1.8,1.326,50460.27,690399.428,1.8451,0.55,52.7262,10.1032,7394688.0
300033.SZ,2024-03-11,136.45,139.0,135.59,139.0,137.55,1.45,1.0542,60672.73,835926.562,2.2185,0.77,53.2821,10.2097,7472640.0
300033.SZ,2024-03-12,140.37,141.01,136.61,138.52,139.0,-0.48,-0.3453,72611.66,1007106.269,2.655,1.06,53.0981,10.1745,7446835.2
300033.SZ,2024-03-13,139.0,139.49,136.94,137.73,138.52,-0.79,-0.5703,58842.5,813621.647,2.1515,0.87,52.7952,10.1164,7404364.8
300033.SZ,2024-03-14,137.3,138.3,134.11,136.03,137.73,-1.7,-1.2343,63261.24,860679.856,2.3131,0.97,52.1436,9.9916,7312972.8
300033.SZ,2024-03-15,135.33,135.9,131.1,135.22,136.03,-0.81,-0.5955,82901.96,1103418.801,3.0313,1.36,51.8331,9.9321,7269427.2
300033.SZ,2024-03-18,136.05,139.95,135.54,139.2,135.22,3.98,2.9434,90154.19,1247121.34,3.2964,1.33,53.3587,10.2244,7483392.0
300033.SZ,2024-03-19,138.41,138.79,135.52,135.52,139.2,-3.68,-2.6437,65245.73,892582.519,2.3857,0.89,51.9481,9.9541,7285555.2
300033.SZ,2024-03-20,135.01,140.0,135.01,138.84,135.52,3.32,2.4498,96544.38,1336107.022,3.5301,1.34,53.2207,10.198,7464038.4
300033.SZ,2024-03-21,145.0,154.09,144.7,145.9,138.84,7.06,5.085,218991.11,3274126.054,8.0073,2.75,55.927,10.7165,7843584.0
300033.SZ,2024-03-22,145.9,146.8,140.13,143.78,145.9,-2.12,-1.4531,108091.31,1546908.05,3.9523,0.98,55.1143,10.5608,7729612.8
300033.SZ,2024-03-25,145.93,148.7,143.63,143.75,143.78,-0.03,-0.0209,115188.41,1681624.575,4.2118,0.99,55.1028,10.5586,7728000.0
300033.SZ,2024-03-26,142.48,143.68,136.86,138.0,143.75,-5.75,-4.0,98615.1,1371505.179,3.6058,0.82,52.8987,10.1363,7418880.0
300033.SZ,2024-03-27,137.5,138.18,131.03,131.03,138.0,-6.97,-5.0507,76467.46,1020822.808,2.796,0.6,50.227,9.6243,7044172.8
300033.SZ,2024-03-28,131.19,136.95,129.78,134.82,131.03,3.79,2.8925,67155.22,899543.427,2.4555,0.54,51.6798,9.9027,7247923.2
300033.SZ,2024-03-29,132.0,132.69,129.37,130.96,132.62,-1.66,-1.2517,47306.34,618697.415,1.7297,0.51,50.2001,11.4732,7040409.6
300033.SZ,2024-04-01,131.9,135.7,131.9,135.7,130.96,4.74,3.6194,62439.87,840037.151,2.2831,0.77,52.0171,11.8884,7295232.0
300033.SZ,2024-04-02,135.25,135.6,132.27,133.06,135.7,-2.64,-1.9455,48425.49,644990.143,1.7707,0.69,51.0051,11.6571,7153305.6
300033.SZ,2024-04-03,133.31,133.5,128.24,128.42,133.06,-4.64,-3.4871,62820.09,814813.796,2.297,1.04,49.2265,11.2506,6903859.2
300033.SZ,2024-04-08,128.3,128.63,124.94,126.6,128.42,-1.82,-1.4172,40269.16,509689.611,1.4724,0.7,48.5288,11.0912,6806016.0
300033.SZ,2024-04-09,126.8,127.97,126.0,127.13,126.6,0.53,0.4186,35021.43,443773.803,1.2805,0.67,48.732,11.1376,6834508.8
300033.SZ,2024-04-10,126.8,126.8,121.8,122.34,127.13,-4.79,-3.7678,53066.16,655352.981,1.9403,1.07,46.8959,10.718,6576998.4
300033.SZ,2024-04-11,121.5,123.8,111.52,117.58,122.34,-4.76,-3.8908,116247.52,1362548.974,4.2505,2.43,45.0712,10.301,6321100.8
300033.SZ,2024-04-12,116.0,118.1,111.68,112.91,117.58,-4.67,-3.9718,125213.41,1426450.317,4.5784,2.04,43.2811,9.8918,6070041.6
300033.SZ,2024-04-15,113.89,119.98,112.0,117.2,112.91,4.29,3.7995,111474.76,1304590.357,4.076,1.51,44.9256,10.2677,6300672.0
300033.SZ,2024-04-16,116.34,117.17,112.18,112.59,117.2,-4.61,-3.9334,75860.73,868041.052,2.7738,0.86,43.1585,9.8638,6052838.4
300033.SZ,2024-04-17,113.99,116.03,112.83,115.3,112.59,2.71,2.407,87413.37,1001589.03,3.1962,0.91,44.1973,10.1012,6198528.0
300033.SZ,2024-04-18,114.11,117.79,110.52,113.9,115.3,-1.4,-1.2142,103353.77,1178643.272,3.7791,1.0,43.6606,9.9786,6123264.0
300033.SZ,2024-04-19,112.8,113.0,109.67,110.7,113.9,-3.2,-2.8095,86747.63,965145.252,3.1719,0.86,42.434,9.6982,5951232.0
300033.SZ,2024-04-22,110.0,113.23,109.47,111.11,110.7,0.41,0.3704,63837.98,710935.897,2.3342,0.69,42.5911,9.7341,5973273.6
300033.SZ,2024-04-23,111.81,113.25,111.12,112.35,111.11,1.24,1.116,59248.45,665381.13,2.1664,0.71,43.0665,9.8428,6039936.0
300033.SZ,2024-04-24,112.23,113.18,110.62,112.83,112.35,0.48,0.4272,63932.98,717432.362,2.3377,0.8,43.2505,9.7145,6065740.8
300033.SZ,2024-04-25,111.87,113.0,110.78,111.04,112.83,-1.79,-1.5865,64318.62,717880.112,2.3518,0.85,42.5643,9.5604,5969510.4
300033.SZ,2024-04-26,113.58,122.03,112.62,121.0,111.04,9.96,8.9697,195270.34,2296187.579,7.14,2.89,46.3822,10.4179,6504960.0
300033.SZ,2024-04-29,120.69,125.2,119.77,123.64,121.0,2.64,2.1818,156298.27,1921984.101,5.715,1.75,47.3942,10.6453,6646886.4
300033.SZ,2024-04-30,122.0,123.99,120.4,120.91,123.64,-2.73,-2.208,78234.87,952689.613,2.8606,0.73,46.3477,10.4102,6500121.6
300033.SZ,2024-05-06,124.11,128.0,123.9,124.21,120.91,3.3,2.7293,112969.79,1420435.924,4.1307,1.01,47.6127,10.6943,6677529.6
300033.SZ,2024-05-07,123.23,124.7,122.54,123.69,124.21,-0.52,-0.4186,59290.61,733020.839,2.1679,0.49,47.4134,10.6496,6649574.4
300033.SZ,2024-05-08,122.52,123.17,119.01,119.6,123.69,-4.09,-3.3067,71465.73,860893.637,2.6131,0.59,45.8456,10.2974,6429696.0
300033.SZ,2024-05-09,119.52,122.97,119.48,121.58,119.6,1.98,1.6555,58793.43,712645.604,2.1498,0.61,46.6045,10.4679,6536140.8
300033.SZ,2024-05-10,122.5,125.65,121.7,122.33,121.58,0.75,0.6169,76191.07,939597.29,2.7859,1.0,46.892,10.5325,6576460.8
300033.SZ,2024-05-13,122.0,122.0,118.96,120.04,122.33,-2.29,-1.872,64319.07,772943.061,2.3518,0.85,46.0142,10.3353,6453350.4
300033.SZ,2024-05-14,119.76,120.98,117.77,119.84,120.04,-0.2,-0.1666,64951.95,772956.664,2.3749,0.98,45.9376,10.3181,6442598.4
300033.SZ,2024-05-15,119.84,120.25,116.01,116.05,119.84,-3.79,-3.1626,60195.21,705630.611,2.201,0.9,44.4848,9.9918,6238848.0
300033.SZ,2024-05-16,116.22,119.98,116.22,117.0,116.05,0.95,0.8186,65016.43,768310.997,2.3773,1.0,44.8489,10.0736,6289920.0
300033.SZ,2024-05-17,117.1,120.98,115.7,120.82,117.0,3.82,3.265,72989.36,864501.01,2.6688,1.1,46.3132,10.4025,6495283.2
300033.SZ,2024-05-20,121.05,125.12,120.0,123.37,120.82,2.55,2.1106,95956.87,1180857.525,3.5086,1.47,47.2907,10.622,6632371.2
300033.SZ,2024-05-21,122.0,123.5,120.18,120.66,123.37,-2.71,-2.1966,46836.68,567968.824,1.7126,0.65,46.2519,10.3887,6486681.6
300033.SZ,2024-05-22,120.26,121.43,119.61,120.59,120.66,-0.07,-0.058,43434.62,523430.83,1.5882,0.64,46.2251,10.3826,6482918.4
300033.SZ,2024-05-23,120.01,120.49,116.13,116.6,120.59,-3.99,-3.3087,72238.16,849132.696,2.6413,1.11,44.6956,10.0391,6268416.0
300033.SZ,2024-05-24,116.6,117.4,113.8,114.46,116.6,-2.14,-1.8353,52340.04,604755.092,1.9138,0.79,43.8753,9.8549,6153369.6
300033.SZ,2024-05-27,115.08,117.25,113.71,117.0,114.46,2.54,2.2191,49253.29,568326.472,1.8009,0.79,44.8489,10.0736,6289920.0
300033.SZ,2024-05-28,116.0,117.38,115.44,116.37,117.0,-0.63,-0.5385,40456.0,471444.686,1.4793,0.77,44.6074,10.0193,6256051.2
300033.SZ,2024-05-29,116.3,118.39,116.01,116.96,116.37,0.59,0.507,37936.7,445086.147,1.3871,0.74,44.8336,10.0701,6287769.6
300033.SZ,2024-05-30,116.21,117.24,114.53,116.96,116.96,0.0,0.0,30934.47,359510.322,1.1311,0.61,44.8336,10.0701,6287769.6
300033.SZ,2024-05-31,117.21,118.5,116.0,116.65,116.96,-0.31,-0.265,40120.29,470120.677,1.467,0.95,44.7148,10.0434,6271104.0
300033.SZ,2024-06-03,115.99,116.0,112.34,114.14,116.65,-2.51,-2.1517,67632.29,772936.894,2.4729,1.7,43.7526,9.8273,6136166.4
300033.SZ,2024-06-04,114.0,115.5,112.41,114.82,114.14,0.68,0.5958,46630.67,531392.725,1.705,1.07,44.0133,9.8859,6172723.2
300033.SZ,2024-06-05,114.2,114.95,112.8,112.92,114.82,-1.9,-1.6548,41238.57,469061.629,1.5079,0.92,43.285,9.7223,6070579.2
300033.SZ,2024-06-06,113.63,113.65,111.53,111.95,112.92,-0.97,-0.859,42343.44,475735.802,1.5483,0.93,42.9131,9.6388,6018432.0
300033.SZ,2024-06-07,112.6,113.41,110.43,111.93,111.95,-0.02,-0.0179,40157.57,449627.256,1.4683,0.84,42.9055,9.637,6017356.8
300033.SZ,2024-06-11,111.0,112.9,110.56,112.43,111.93,0.5,0.4467,33003.84,370018.261,1.2068,0.69,43.0971,9.6801,6044236.8
300033.SZ,2024-06-12,112.14,113.57,111.92,113.13,112.43,0.7,0.6226,33927.09,383582.408,1.2405,0.83,43.3655,9.7404,6081868.8
300033.SZ,2024-06-13,113.45,113.88,112.27,112.9,113.13,-0.23,-0.2033,33300.46,376724.776,1.2176,0.87,43.2773,9.7205,6069504.0
300033.SZ,2024-06-14,112.66,116.81,112.66,115.8,112.9,2.9,2.5686,75610.67,868304.463,2.7647,2.07,44.3889,9.9702,6225408.0
300033.SZ,2024-06-17,114.07,115.31,113.15,114.64,115.8,-1.16,-1.0017,44975.38,514532.521,1.6445,1.04,43.9443,9.8704,6163046.4
300033.SZ,2024-06-18,114.66,116.0,114.14,115.09,114.64,0.45,0.3925,49795.87,573424.388,1.8208,1.13,44.1168,9.9091,6187238.4
300033.SZ,2024-06-19,115.53,115.55,112.81,112.85,115.09,-2.24,-1.9463,43222.02,491057.605,1.5804,0.91,43.2581,9.7162,6066816.0
300033.SZ,2024-06-20,112.79,112.79,110.6,110.69,112.85,-2.16,-1.914,47208.01,525069.08,1.7261,0.96,42.4301,9.5303,5950694.4
300033.SZ,2024-06-21,110.58,111.52,110.46,110.73,110.69,0.04,0.0361,29090.51,322838.877,1.0637,0.56,42.4455,9.5337,5952844.8
300033.SZ,2024-06-24,110.0,110.75,108.68,108.9,110.73,-1.83,-1.6527,38832.0,425841.253,1.4199,0.91,41.744,9.3762,5854464.0
300033.SZ,2024-06-25,108.94,109.88,106.0,106.66,108.9,-2.24,-2.0569,42976.02,461975.483,1.5714,1.03,40.8853,9.1833,5734041.6
300033.SZ,2024-06-26,107.0,111.44,106.22,110.9,106.66,4.24,3.9752,55936.82,611857.919,2.0453,1.39,42.5106,9.5484,5961984.0
300033.SZ,2024-06-27,110.0,110.79,107.55,107.69,110.9,-3.21,-2.8945,33824.4,369164.365,1.2368,0.79,41.2802,9.272,5789414.4
300033.SZ,2024-06-28,108.09,109.6,100.01,103.7,107.69,-3.99,-3.7051,77805.78,820096.865,2.8449,1.94,39.7507,8.9284,5574912.0
300033.SZ,2024-07-01,102.5,104.62,100.01,102.02,103.7,-1.68,-1.6201,59167.83,601773.745,2.1634,1.19,39.1067,8.7838,5484595.2
300033.SZ,2024-07-02,102.03,102.99,100.03,100.4,102.02,-1.62,-1.5879,46495.49,471398.778,1.7001,0.86,38.4857,8.6443,5397504.0
300033.SZ,2024-07-03,101.09,101.13,97.85,98.47,100.4,-1.93,-1.9223,62108.12,613449.835,2.271,1.14,37.7459,8.4781,5293747.2
300033.SZ,2024-07-04,98.7,99.2,93.1,93.28,98.47,-5.19,-5.2706,108812.94,1031139.203,3.9787,1.95,35.7565,8.0313,5014732.8
300033.SZ,2024-07-05,93.0,97.0,93.0,95.6,93.28,2.32,2.4871,77129.86,735935.424,2.8202,1.09,36.6458,8.231,5139456.0
300033.SZ,2024-07-08,94.8,96.93,94.11,95.31,95.6,-0.29,-0.3033,49638.77,475967.693,1.815,0.7,36.5346,8.2061,5123865.6
300033.SZ,2024-07-09,95.98,97.87,95.25,97.17,95.31,1.86,1.9515,67258.85,651175.041,2.4593,0.98,37.2476,8.3662,5223859.2
300033.SZ,2024-07-10,96.57,97.85,95.95,96.23,97.17,-0.94,-0.9674,44664.17,432432.953,1.6331,0.61,36.8873,8.2853,5173324.8
300033.SZ,2024-07-11,98.3,101.35,97.8,99.13,96.23,2.9,3.0136,80618.57,801867.203,2.9478,1.16,37.9989,8.535,5329228.8
300033.SZ,2024-07-12,98.78,99.05,97.32,98.03,99.13,-1.1,-1.1097,38181.68,374209.639,1.3961,0.6,37.5773,8.4403,5270092.8
300033.SZ,2024-07-15,97.9,98.23,97.2,97.67,98.03,-0.36,-0.3672,24542.47,239587.694,0.8974,0.44,37.4393,8.4093,5250739.2
300033.SZ,2024-07-16,97.52,98.45,97.14,98.09,97.67,0.42,0.43,35086.32,343064.201,1.2829,0.69,37.6003,8.4454,5273318.4
300033.SZ,2024-07-17,97.88,99.28,97.66,97.88,98.09,-0.21,-0.2141,39984.62,393416.374,1.462,0.9,37.5198,8.4273,5262028.8
300033.SZ,2024-07-18,97.53,98.21,95.95,97.86,97.88,-0.02,-0.0204,48401.6,469782.057,1.7698,1.11,37.5121,8.4256,5260953.6
300033.SZ,2024-07-19,97.9,99.99,97.37,99.36,97.86,1.5,1.5328,54430.32,539252.187,1.9902,1.46,38.0871,8.5548,5341593.6
300033.SZ,2024-07-22,101.5,101.7,98.57,99.66,99.36,0.3,0.3019,58936.31,587797.754,2.155,1.46,38.2021,8.5806,5357721.6
300033.SZ,2024-07-23,98.48,99.18,96.0,96.12,99.66,-3.54,-3.5521,44517.47,435019.586,1.6278,0.94,36.8451,8.2758,5167411.2
300033.SZ,2024-07-24,95.82,96.75,94.32,94.65,96.12,-1.47,-1.5293,43977.54,419602.09,1.608,0.89,36.2816,8.1492,5088384.0
300033.SZ,2024-07-25,94.69,100.44,94.21,98.47,94.65,3.82,4.0359,83856.38,821930.941,3.0662,1.68,37.7459,8.4781,5293747.2
300033.SZ,2024-07-26,98.0,101.85,98.0,99.03,98.47,0.56,0.5687,64862.86,647706.697,2.3717,1.14,37.9606,8.5264,5323852.8
300033.SZ,2024-07-29,98.69,99.03,96.9,97.26,99.03,-1.77,-1.7873,41872.83,408850.297,1.5311,0.71,37.2821,8.374,5228697.6
300033.SZ,2024-07-30,97.0,98.0,96.22,96.81,97.26,-0.45,-0.4627,35437.56,343562.231,1.2958,0.63,37.1096,8.3352,5204505.6
300033.SZ,2024-07-31,97.0,110.0,97.0,106.91,96.81,10.1,10.4328,185395.09,1940790.146,6.7789,3.43,40.9812,9.2048,5747481.6
300033.SZ,2024-08-01,105.0,105.97,104.5,105.02,106.91,-1.89,-1.7678,93848.86,987533.432,3.4315,1.14,40.2567,9.0421,5645875.2
300033.SZ,2024-08-02,104.02,105.82,102.45,102.72,105.02,-2.3,-2.1901,60473.83,628754.602,2.2112,0.72,39.3751,8.8441,5522227.2
300033.SZ,2024-08-05,102.89,106.5,101.56,101.82,102.72,-0.9,-0.8762,83887.15,871780.783,3.0673,1.01,39.0301,8.7666,5473843.2
300033.SZ,2024-08-06,103.58,104.09,100.62,102.06,101.82,0.24,0.2357,58239.21,594161.104,2.1295,0.63,39.1221,8.7872,5486745.6
300033.SZ,2024-08-07,101.54,103.42,101.17,102.07,102.06,0.01,0.0098,53480.91,546184.514,1.9555,0.55,39.1259,8.7881,5487283.2
300033.SZ,2024-08-08,101.2,104.22,101.0,102.12,102.07,0.05,0.049,54357.4,556682.426,1.9875,0.78,39.1451,8.7924,5489971.2
300033.SZ,2024-08-09,103.0,104.59,101.23,101.24,102.12,-0.88,-0.8617,48574.61,498548.841,1.7761,0.78,38.8077,8.7166,5442662.4
300033.SZ,2024-08-12,100.98,101.55,99.5,100.47,101.24,-0.77,-0.7606,33737.0,339091.824,1.2336,0.57,38.5126,8.6503,5401267.2
300033.SZ,2024-08-13,100.92,102.7,99.88,102.62,100.47,2.15,2.1399,40929.56,413726.537,1.4966,0.82,39.3367,8.8355,5516851.2
300033.SZ,2024-08-14,101.8,102.37,101.01,101.43,102.62,-1.19,-1.1596,33214.11,337687.41,1.2145,0.72,38.8806,8.733,5452876.8
300033.SZ,2024-08-15,100.7,105.0,100.67,102.24,101.43,0.81,0.7986,70631.95,728184.469,2.5826,1.68,39.1911,8.8027,5496422.4
300033.SZ,2024-08-16,101.8,102.56,101.57,101.65,102.24,-0.59,-0.5771,31477.59,320687.228,1.151,0.69,38.9649,8.7519,5464704.0
300033.SZ,2024-08-19,101.66,103.98,101.08,101.96,101.65,0.31,0.305,38112.0,390716.662,1.3935,0.91,39.0837,8.7786,5481369.6
300033.SZ,2024-08-20,101.9,102.5,100.0,100.01,101.96,-1.95,-1.9125,39765.69,401209.102,1.454,0.93,38.3362,8.6107,5376537.6
300033.SZ,2024-08-21,99.6,100.69,99.18,100.01,100.01,0.0,0.0,32564.2,325385.249,1.1907,0.76,38.3362,8.6107,5376537.6
300033.SZ,2024-08-22,100.04,100.59,95.5,95.61,100.01,-4.4,-4.3996,61723.16,602097.688,2.2569,1.45,36.6496,8.2319,5139993.6
300033.SZ,2024-08-23,95.6,97.67,95.31,95.9,95.61,0.29,0.3033,46067.88,444309.565,1.6844,1.13,36.7608,8.2569,5155584.0
300033.SZ,2024-08-26,96.19,98.77,95.26,96.9,95.9,1.0,1.0428,40394.5,391390.903,1.477,0.93,37.1441,8.0057,5209344.0
300033.SZ,2024-08-27,96.38,96.8,94.83,94.98,96.9,-1.92,-1.9814,34313.34,327234.51,1.2546,0.78,36.4081,7.847,5106124.8
300033.SZ,2024-08-28,94.9,95.56,93.8,95.5,94.98,0.52,0.5475,28187.54,267049.426,1.0307,0.66,36.6075,7.89,5134080.0
300033.SZ,2024-08-29,95.0,97.66,95.0,96.72,95.5,1.22,1.2775,40037.28,386639.249,1.4639,0.95,37.0751,7.9908,5199667.2
300033.SZ,2024-08-30,96.12,104.5,96.12,102.91,96.72,6.19,6.3999,138002.03,1406398.406,5.046,3.65,39.4479,8.5022,5532441.6
300033.SZ,2024-09-02,101.8,103.32,98.5,98.94,102.91,-3.97,-3.8577,67078.47,672830.638,2.4527,1.19,37.9261,8.1742,5319014.4
300033.SZ,2024-09-03,98.95,100.68,98.63,100.16,98.94,1.22,1.2331,40951.2,408602.997,1.4974,0.67,38.3937,8.275,5384601.6
300033.SZ,2024-09-04,99.0,101.42,98.99,100.06,100.16,-0.1,-0.0998,35390.85,354998.738,1.294,0.56,38.3554,8.2667,5379225.6
300033.SZ,2024-09-05,100.49,102.69,100.09,100.94,100.06,0.88,0.8795,39747.0,402159.628,1.4533,0.62,38.6927,8.3394,5426534.4
300033.SZ,2024-09-06,102.5,103.5,99.46,99.6,100.94,-1.34,-1.3275,65754.62,667032.214,2.4043,1.02,38.1791,8.2287,5354496.0
300033.SZ,2024-09-09,98.14,100.5,98.0,100.02,99.6,0.42,0.4217,40474.71,402137.269,1.4799,0.81,38.3401,8.2634,5377075.2
300033.SZ,2024-09-10,100.0,101.29,98.2,100.34,100.02,0.32,0.3199,38905.61,387122.553,1.4226,0.87,38.4627,8.2899,5394278.4
300033.SZ,2024-09-11,99.98,101.26,99.5,101.0,100.34,0.66,0.6578,35246.13,354416.184,1.2888,0.8,38.7157,8.3444,5429760.0
300033.SZ,2024-09-12,101.0,101.59,99.42,99.68,101.0,-1.32,-1.3069,34850.6,349430.174,1.2743,0.79,38.2097,8.2353,5358796.8
300033.SZ,2024-09-13,99.86,101.08,98.5,98.52,99.68,-1.16,-1.1637,36828.75,367380.405,1.3466,0.86,37.7651,8.1395,5296435.2
300033.SZ,2024-09-18,98.66,100.3,97.6,99.59,98.52,1.07,1.0861,31981.2,316167.535,1.1694,0.86,38.1752,8.2279,5353958.4
300033.SZ,2024-09-19,100.57,105.29,99.72,103.48,99.59,3.89,3.906,93590.91,963311.094,3.4221,2.63,39.6664,8.5493,5563084.8
300033.SZ,2024-09-20,102.6,103.83,101.55,103.05,103.48,-0.43,-0.4155,49134.59,505180.796,1.7966,1.06,39.5015,8.5138,5539968.0
300033.SZ,2024-09-23,102.96,103.81,102.2,102.58,103.05,-0.47,-0.4561,43236.01,445549.097,1.5809,0.88,39.3214,8.4749,5514700.8
300033.SZ,2024-09-24,107.0,116.66,103.4,114.93,102.58,12.35,12.0394,220293.45,2432095.824,8.0549,4.32,44.0554,9.4953,6178636.8
300033.SZ,2024-09-25,118.51,124.5,117.66,119.48,114.93,4.55,3.9589,258485.22,3128020.793,9.4514,2.95,45.7996,9.8712,6423244.8
300033.SZ,2024-09-26,117.2,135.09,117.16,134.24,119.48,14.76,12.3535,258497.36,3235466.683,9.4518,1.94,51.4574,11.0906,7216742.4
300033.SZ,2024-09-27,140.66,161.09,138.03,161.09,134.24,26.85,20.0015,359753.61,5391175.802,13.1542,2.17,61.7497,13.3089,8660198.4
300033.SZ,2024-09-30,187.99,193.31,179.01,193.31,161.09,32.22,20.0012,221992.75,4226988.263,8.117,0.97,74.1004,15.9708,10392345.6
300033.SZ,2024-10-08,231.97,231.97,214.97,231.97,193.31,38.66,19.999,247018.91,5671026.684,9.0321,0.94,88.9197,19.1648,12470707.2
300033.SZ,2024-10-09,220.0,277.38,202.0,230.99,231.97,-0.98,-0.4225,601242.53,14304009.541,21.9841,2.23,88.544,19.0839,12418022.4
300033.SZ,2024-10-10,227.83,227.83,185.0,190.7,230.99,-40.29,-17.4423,407274.68,8135077.014,14.8918,1.21,73.0999,15.7552,10252032.0
300033.SZ,2024-10-11,185.0,193.8,176.11,182.22,190.7,-8.48,-4.4468,283383.42,5282747.004,10.3618,0.77,69.8493,15.0546,9796147.2
300033.SZ,2024-10-14,184.0,190.3,171.98,190.25,182.22,8.03,4.4068,287602.84,5229918.798,10.516,0.82,72.9274,15.718,10227840.0
300033.SZ,2024-10-15,185.0,190.81,181.8,181.91,190.25,-8.34,-4.3837,215298.47,3993532.0,7.8723,0.59,69.7305,15.029,9779481.6
300033.SZ,2024-10-16,173.41,189.49,173.2,183.72,181.91,1.81,0.995,219829.69,4005051.943,8.038,0.61,70.4243,15.1785,9876787.2
300033.SZ,2024-10-17,184.0,188.3,178.92,180.67,183.72,-3.05,-1.6601,195769.73,3608814.026,7.1582,0.69,69.2552,14.9265,9712819.2
300033.SZ,2024-10-18,180.66,216.8,178.16,210.83,180.67,30.16,16.6934,423900.81,8441185.769,15.4997,1.76,80.8162,17.4183,11334220.8
300033.SZ,2024-10-21,201.0,207.61,198.12,200.72,210.83,-10.11,-4.7953,327290.1,6622590.403,11.9672,1.22,76.9408,16.583,10790707.2
300033.SZ,2024-10-22,200.67,206.05,197.41,201.7,200.72,0.98,0.4882,218306.15,4412395.957,7.9822,0.79,77.3165,16.664,10843392.0
300033.SZ,2024-10-23,202.68,212.0,197.2,200.0,201.7,-1.7,-0.8428,251429.09,5124359.996,9.1934,0.91,76.6648,16.5235,10752000.0
300033.SZ,2024-10-24,196.38,203.01,195.68,197.1,200.0,-2.9,-1.45,133510.97,2642836.738,4.8818,0.47,75.5532,15.6242,10596096.0
300033.SZ,2024-10-25,199.2,206.89,195.3,200.85,197.1,3.75,1.9026,185484.57,3719658.142,6.7821,0.68,76.9906,15.9214,10797696.0
300033.SZ,2024-10-28,198.0,203.6,197.98,200.88,200.85,0.03,0.0149,121640.79,2437392.157,4.4477,0.54,77.0021,15.9238,10799308.8
300033.SZ,2024-10-29,203.4,207.97,198.57,198.9,200.88,-1.98,-0.9857,161226.51,3266778.589,5.8952,0.89,76.2432,15.7669,10692864.0
300033.SZ,2024-10-30,196.91,200.98,191.0,194.71,198.9,-4.19,-2.1066,164054.38,3202865.74,5.9986,0.96,74.637,15.4347,10467609.6
300033.SZ,2024-10-31,194.48,222.0,193.88,205.03,194.71,10.32,5.3002,342738.03,7124391.485,12.532,2.24,78.5929,16.2528,11022412.8
300033.SZ,2024-11-01,202.12,210.38,201.51,202.0,205.03,-3.03,-1.4778,225734.44,4623249.702,8.2539,1.16,77.4315,16.0126,10859520.0
300033.SZ,2024-11-04,203.0,225.0,202.0,225.0,202.0,23.0,11.3861,281376.71,6059616.956,10.2884,1.39,86.2479,17.8358,12096000.0
300033.SZ,2024-11-05,222.75,270.0,217.01,268.5,225.0,43.5,19.3333,418568.9,10351784.912,15.3047,1.78,102.9225,21.2841,14434560.0
300033.SZ,2024-11-06,266.0,310.99,261.01,273.01,268.5,4.51,1.6797,481682.04,13832778.223,17.6124,1.68,104.6513,21.6416,14677017.6
300033.SZ,2024-11-07,271.0,327.61,267.09,327.61,273.01,54.6,19.9993,451399.72,13206481.204,16.5052,1.29,125.5808,25.9697,17612313.6
300033.SZ,2024-11-08,330.0,340.5,302.0,303.8,327.61,-23.81,-7.2678,410064.96,13023863.514,14.9938,1.1,116.4539,24.0823,16332288.0
300033.SZ,2024-11-11,290.0,309.44,290.0,301.8,303.8,-2.0,-0.6583,258002.17,7763519.275,9.4337,0.63,115.6872,23.9238,16224768.0
300033.SZ,2024-11-12,300.0,322.0,298.0,318.78,301.8,16.98,5.6262,306909.14,9583532.676,11.222,0.76,122.1961,25.2698,17137612.8
300033.SZ,2024-11-13,312.99,328.88,297.0,318.0,318.78,-0.78,-0.2447,273947.74,8511450.599,10.0168,0.72,121.8971,25.208,17095680.0
300033.SZ,2024-11-14,314.5,333.8,314.0,317.96,318.0,-0.04,-0.0126,262067.06,8510523.262,9.5823,0.77,121.8817,25.2048,17093529.6
300033.SZ,2024-11-15,311.97,321.9,270.99,272.5,317.96,-45.46,-14.2974,420752.23,12326771.535,15.3846,1.39,104.4558,21.6012,14649600.0
300033.SZ,2024-11-18,271.0,277.0,255.34,266.28,272.5,-6.22,-2.2826,292468.65,7782028.761,10.694,0.96,102.0715,21.1081,14315212.8
300033.SZ,2024-11-19,266.88,290.0,263.12,289.0,266.28,22.72,8.5324,270343.72,7468558.236,9.885,0.87,110.7807,22.9091,15536640.0
300033.SZ,2024-11-20,283.99,289.99,279.04,284.44,289.0,-4.56,-1.5779,198354.19,5627344.264,7.2527,0.65,109.0327,22.5476,15291494.4
300033.SZ,2024-11-21,280.1,300.25,279.98,293.2,284.44,8.76,3.0797,228074.51,6649824.882,8.3394,0.79,112.3906,23.2421,15762432.0
300033.SZ,2024-11-22,290.8,298.13,278.66,279.59,293.2,-13.61,-4.6419,215824.13,6230132.521,7.8915,0.77,107.1736,22.1632,15030758.4
300033.SZ,2024-11-25,280.15,283.4,270.0,280.7,279.59,1.11,0.397,184339.92,5081008.971,6.7403,0.76,107.5991,22.2512,15090432.0
300033.SZ,2024-11-26,276.94,294.89,275.81,284.21,280.7,3.51,1.2504,174724.54,5002524.942,6.3887,0.8,108.9445,22.5294,15279129.6
300033.SZ,2024-11-27,281.45,317.97,281.45,316.98,284.21,32.77,11.5302,285601.13,8570737.713,10.4429,1.43,121.5061,25.1271,17040844.8
300033.SZ,2024-11-28,317.0,319.98,304.66,306.01,316.98,-10.97,-3.4608,237300.45,7407158.34,8.6768,1.09,117.301,24.2575,16451097.6
300033.SZ,2024-11-29,305.0,362.9,305.0,335.67,306.01,29.66,9.6925,366859.41,12126223.269,13.414,1.67,128.6704,26.6087,18045619.2
300033.SZ,2024-12-02,319.93,329.6,313.4,326.94,335.67,-8.73,-2.6008,338955.29,10920226.822,12.3937,1.36,125.324,25.9166,17576294.4
300033.SZ,2024-12-03,326.85,346.62,317.36,331.14,326.94,4.2,1.2846,278370.79,9159240.187,10.1785,0.99,126.9339,26.2496,17802086.4
300033.SZ,2024-12-04,328.6,347.0,328.58,331.31,331.14,0.17,0.0513,242573.4,8149018.314,8.8696,0.8,126.9991,26.263,17811225.6
300033.SZ,2024-12-05,332.0,348.68,331.01,344.48,331.31,13.17,3.9751,238669.99,8131667.646,8.7268,0.82,132.0475,27.307,18519244.8
300033.SZ,2024-12-06,342.0,360.5,334.23,342.01,344.48,-2.47,-0.717,282295.76,9729552.788,10.322,0.96,131.1007,27.1112,18386457.6
300033.SZ,2024-12-09,337.0,343.86,324.91,330.31,342.01,-11.7,-3.421,197961.36,6560093.266,7.2384,0.72,126.6158,26.1838,17757465.6
300033.SZ,2024-12-10,360.0,364.99,326.67,327.0,330.31,-3.31,-1.0021,343721.22,11874117.027,12.568,1.39,125.347,25.9214,17579520.0
300033.SZ,2024-12-11,320.46,325.46,311.32,318.03,327.0,-8.97,-2.7431,208783.85,6621906.564,7.6341,0.8,121.9086,25.2103,17097292.8
300033.SZ,2024-12-12,315.0,332.18,315.0,323.6,318.03,5.57,1.7514,192365.66,6213245.484,7.0337,0.76,124.0437,25.6519,17396736.0
300033.SZ,2024-12-13,316.01,319.93,303.88,306.9,323.6,-16.7,-5.1607,207479.23,6482164.768,7.5864,0.85,117.6422,24.3281,16498944.0
300033.SZ,2024-12-16,306.97,308.45,296.02,298.15,306.9,-8.75,-2.8511,164745.94,4941246.096,6.0238,0.72,114.2881,23.6344,16028544.0
300033.SZ,2024-12-17,298.33,306.0,296.51,299.46,298.15,1.31,0.4394,161197.62,4862704.495,5.8941,0.72,114.7902,23.7383,16098969.6
300033.SZ,2024-12-18,298.9,301.58,294.06,297.96,299.46,-1.5,-0.5009,111251.55,3311502.19,4.0679,0.6,114.2152,23.6194,16018329.6
300033.SZ,2024-12-19,293.93,308.5,291.87,305.0,297.96,7.04,2.3627,157264.97,4731944.022,5.7503,0.94,116.9139,24.1774,16396800.0
300033.SZ,2024-12-20,304.52,311.17,301.68,305.83,305.0,0.83,0.2721,138315.85,4233752.306,5.0574,0.86,117.232,24.2432,16441420.8
300033.SZ,2024-12-23,303.0,311.85,302.0,303.94,305.83,-1.89,-0.618,109524.38,3353877.05,4.0047,0.75,116.5075,24.0934,16339814.4
300033.SZ,2024-12-24,302.5,310.22,296.0,310.1,303.94,6.16,2.0267,129855.92,3964783.956,4.7481,0.96,118.8688,24.5817,16670976.0
300033.SZ,2024-12-25,309.66,314.79,305.91,311.96,310.1,1.86,0.5998,117915.98,3660510.399,4.3115,0.91,119.5818,24.7292,16770969.6
300033.SZ,2024-12-26,310.01,312.85,305.8,306.87,311.96,-5.09,-1.6316,110203.52,3410243.816,4.0295,0.84,117.6307,24.3257,16497331.2
300033.SZ,2024-12-27,304.89,316.88,297.89,308.98,306.87,2.11,0.6876,188240.65,5789014.55,6.8829,1.55,118.4395,24.4929,16610764.8
300033.SZ,2024-12-30,305.99,309.99,303.33,308.1,308.98,-0.88,-0.2848,105283.17,3233426.442,3.8496,0.8,118.1022,24.4232,16563456.0
300033.SZ,2024-12-31,308.12,309.9,285.0,287.5,308.1,-20.6,-6.6861,183722.15,5444655.19,6.7177,1.41,110.2057,22.7902,15456000.0
300033.SZ,2025-01-02,280.39,284.66,263.65,267.55,287.5,-19.95,-6.9391,224293.85,6114373.437,8.2012,1.59,102.5584,21.2088,14383488.0
300033.SZ,2025-01-03,267.16,268.99,256.37,256.98,267.55,-10.57,-3.9507,157835.25,4116275.451,5.7712,0.97,98.5066,20.3709,13815244.8
300033.SZ,2025-01-06,255.01,260.78,251.0,252.85,256.98,-4.13,-1.6071,108785.07,2768722.649,3.9777,0.63,96.9235,20.0435,13593216.0
300033.SZ,2025-01-07,254.3,261.68,252.47,261.0,252.85,8.15,3.2233,140486.46,3622089.78,5.1368,0.9,100.0476,20.6895,14031360.0
300033.SZ,2025-01-08,257.15,264.9,251.0,258.91,261.0,-2.09,-0.8008,141142.65,3629279.939,5.1608,0.87,99.2464,20.5239,13919001.6
300033.SZ,2025-01-09,256.86,262.88,256.5,257.88,258.91,-1.03,-0.3978,82473.52,2138058.978,3.0156,0.53,98.8516,20.4422,13863628.8
300033.SZ,2025-01-10,258.57,260.38,250.2,250.55,257.88,-7.33,-2.8424,91715.41,2341876.138,3.3535,0.73,96.0419,19.8612,13469568.0
300033.SZ,2025-01-13,246.66,255.78,244.83,252.88,250.55,2.33,0.93,100420.95,2524891.279,3.6718,0.89,96.935,20.0459,13594828.8
300033.SZ,2025-01-14,255.0,290.02,252.08,290.0,252.88,37.12,14.6789,296485.28,8074121.006,10.7615,2.67,111.164,22.9884,15590400.0
300033.SZ,2025-01-15,283.61,283.99,275.99,278.08,290.0,-11.92,-4.1103,175887.09,4904238.925,6.3842,1.23,106.5948,22.0435,14949580.8
300033.SZ,2025-01-16,282.0,292.65,277.33,283.54,278.08,5.46,1.9635,193834.7,5513476.409,7.0356,1.3,108.6877,22.4763,15243110.4
300033.SZ,2025-01-17,280.42,295.5,280.0,290.6,283.54,7.06,2.4899,204266.62,5913536.584,7.4142,1.19,111.394,23.0359,15622656.0
300033.SZ,2025-01-20,297.99,297.99,285.9,288.3,290.6,-2.3,-0.7915,168518.89,4916268.628,6.1167,0.87,110.5123,22.8536,15499008.0
300033.SZ,2025-01-21,293.0,295.0,286.0,294.22,288.3,5.92,2.0534,140954.13,4105421.077,5.1162,0.68,112.7816,23.3229,15817267.2
300033.SZ,2025-01-22,291.5,296.48,288.0,296.11,294.22,1.89,0.6424,147234.55,4306719.073,5.3442,0.83,113.5061,23.4727,15918873.6
300033.SZ,2025-01-23,304.0,325.0,298.0,298.05,296.11,1.94,0.6552,286438.92,8877938.407,10.3968,1.68,114.2497,23.6265,16023168.0
300033.SZ,2025-01-24,296.04,303.53,293.57,303.0,298.05,4.95,1.6608,163549.81,4890601.18,5.9364,0.86,116.1472,24.0189,16289280.0
300033.SZ,2025-01-27,301.07,302.5,278.0,279.13,303.0,-23.87,-7.8779,170906.17,4910898.403,6.2034,0.94,106.9973,22.1267,15006028.8
300033.SZ,2025-02-05,288.0,295.66,282.01,287.6,279.13,8.47,3.0344,139116.3,3998913.24,5.0495,0.77,110.244,22.7981,15461376.0
300033.SZ,2025-02-06,285.66,310.0,285.29,306.31,287.6,18.71,6.5056,215498.63,6496328.185,7.8219,1.19,117.416,24.2813,16467225.6
300033.SZ,2025-02-07,305.01,329.99,300.99,316.68,306.31,10.37,3.3855,300855.68,9501253.447,10.9201,1.54,121.3911,25.1033,17024716.8
300033.SZ,2025-02-10,321.0,325.8,314.0,321.19,316.68,4.51,1.4242,191644.04,6135561.347,6.9561,0.97,123.1199,25.4608,17267174.4
300033.SZ,2025-02-11,316.81,325.0,311.88,319.27,321.19,-1.92,-0.5978,144367.82,4603868.364,5.2401,0.71,122.3839,25.3086,17163955.2
300033.SZ,2025-02-12,319.69,327.6,315.13,325.48,319.27,6.21,1.9451,169045.66,5426707.927,6.1358,0.85,124.7643,25.8009,17497804.8
300033.SZ,2025-02-13,321.0,322.78,311.13,312.19,325.48,-13.29,-4.0832,172765.18,5455029.107,6.2708,0.85,119.67,24.7474,16783334.4
300033.SZ,2025-02-14,310.0,314.5,301.9,310.0,312.19,-2.19,-0.7015,144913.93,4455825.545,5.2599,0.74,118.8305,24.5738,16665600.0
300033.SZ,2025-02-17,313.9,321.36,310.15,313.83,310.0,3.83,1.2355,145921.28,4614845.5,5.2965,0.89,120.2986,24.8774,16871500.8
300033.SZ,2025-02-18,310.18,313.98,297.22,299.01,313.83,-14.82,-4.7223,132954.62,4060123.508,4.8258,0.86,114.6177,23.7026,16074777.6
300033.SZ,2025-02-19,298.41,312.0,297.63,308.75,299.01,9.74,3.2574,137938.83,4237501.464,5.0068,0.9,118.3513,24.4747,16598400.0
300033.SZ,2025-02-20,309.06,309.8,302.1,305.43,308.75,-3.32,-1.0753,87808.34,2682402.609,3.1872,0.6,117.0787,24.2115,16419916.8
300033.SZ,2025-02-21,305.16,319.8,300.7,318.26,305.43,12.83,4.2006,209177.18,6549270.241,7.5925,1.61,121.9967,25.2286,17109657.6
300033.SZ,2025-02-24,315.0,321.18,312.5,316.66,318.26,-1.6,-0.5027,134840.75,4267119.688,4.8943,0.94,121.3834,25.1017,17023641.6
300033.SZ,2025-02-25,311.0,319.55,309.0,311.66,316.66,-5.0,-1.579,129903.11,4083380.474,4.7151,0.92,91.8946,21.0116,16754841.6
300033.SZ,2025-02-26,312.74,325.0,306.0,324.33,311.66,12.67,4.0653,216272.06,6862783.601,7.85,1.55,95.6304,21.8657,17435980.8
300033.SZ,2025-02-27,319.0,319.63,306.66,312.3,324.33,-12.03,-3.7092,198031.07,6180015.424,7.1879,1.27,92.0833,21.0547,16789248.0
300033.SZ,2025-02-28,307.0,311.55,300.0,301.16,312.3,-11.14,-3.5671,121318.26,3691781.699,4.4035,0.68,88.7986,20.3037,16190361.6
300033.SZ,2025-03-03,298.42,301.88,289.0,293.64,301.16,-7.52,-2.497,102271.48,3028835.163,3.7121,0.64,86.5813,19.7967,15786086.4
300033.SZ,2025-03-04,290.0,297.59,290.0,296.84,293.64,3.2,1.0898,70831.87,2088695.494,2.571,0.46,87.5249,20.0124,15958118.4
300033.SZ,2025-03-05,296.76,299.97,292.9,298.55,296.84,1.71,0.5761,73743.71,2191440.732,2.6767,0.52,88.0291,20.1277,16050048.0
300033.SZ,2025-03-06,303.0,318.0,300.8,316.8,298.55,18.25,6.1129,203949.17,6356164.862,7.4027,1.8,93.4102,21.3581,17031168.0
300033.SZ,2025-03-07,312.12,319.79,309.11,312.5,316.8,-4.3,-1.3573,143011.1,4482494.849,5.1909,1.25,92.1423,21.0682,16800000.0
300033.SZ,2025-03-10,310.5,311.0,302.3,306.55,312.5,-5.95,-1.904,89490.11,2731121.513,3.2482,0.75,90.3879,20.6671,16480128.0
300033.SZ,2025-03-11,300.0,305.56,300.0,305.31,306.55,-1.24,-0.4045,58435.5,1774463.428,2.121,0.5,90.0223,20.5835,16413465.6
300033.SZ,2025-03-12,308.02,315.5,306.09,306.87,305.31,1.56,0.511,110352.35,3416208.248,4.0054,0.97,90.4823,20.6886,16497331.2
300033.SZ,2025-03-13,304.11,307.6,298.43,300.48,306.87,-6.39,-2.0823,84353.97,2547476.43,3.0618,0.7,88.5981,20.2578,16153804.8
300033.SZ,2025-03-14,300.49,331.08,299.2,318.7,300.48,18.22,6.0636,249216.53,7900402.034,9.0458,2.57,93.9704,21.4862,17133312.0
300033.SZ,2025-03-17,318.7,320.89,313.04,316.02,318.7,-2.68,-0.8409,99246.38,3140932.158,3.6023,0.84,93.1802,21.3055,16989235.2
300033.SZ,2025-03-18,319.0,319.99,313.5,315.56,316.02,-0.46,-0.1456,74000.08,2339575.91,2.686,0.62,93.0446,21.2745,16964505.6
300033.SZ,2025-03-19,313.99,319.65,312.12,314.48,315.56,-1.08,-0.3422,76976.3,2424146.446,2.794,0.62,92.7261,21.2017,16906444.8
300033.SZ,2025-03-20,314.46,314.75,307.0,308.02,314.48,-6.46,-2.0542,77273.7,2397335.99,2.8048,0.66,90.8214,20.7662,16559155.2
300033.SZ,2025-03-21,307.88,309.99,300.7,301.22,308.02,-6.8,-2.2076,81235.39,2469945.142,2.9486,0.7,88.8163,20.3077,16193587.2
300033.SZ,2025-03-24,301.0,303.88,298.68,302.88,301.22,1.66,0.5511,76615.61,2306706.931,2.7809,0.94,89.3058,20.4196,16282828.8
300033.SZ,2025-03-25,302.77,303.0,293.44,294.74,302.88,-8.14,-2.6875,71573.81,2125306.899,2.5979,0.93,86.9057,19.8708,15845222.4
300033.SZ,2025-03-26,295.09,301.66,295.09,295.72,294.74,0.98,0.3325,53104.16,1578059.066,1.9275,0.69,87.1946,19.9369,15897907.2
300033.SZ,2025-03-27,294.97,302.8,292.0,296.9,295.72,1.18,0.399,65527.92,1953402.515,2.3785,0.91,87.5426,20.0165,15961344.0
300033.SZ,2025-03-28,294.42,298.0,292.32,294.83,293.9,0.93,0.3164,49940.95,1471383.881,1.8127,0.72,86.9322,24.9164,15850060.8
300033.SZ,2025-03-31,291.89,291.89,276.8,285.6,294.83,-9.23,-3.1306,99114.34,2812423.919,3.5975,1.56,84.2107,24.1363,15353856.0
300033.SZ,2025-04-01,286.99,288.88,272.0,273.5,285.6,-12.1,-4.2367,112680.5,3136133.739,4.09,1.66,80.6429,23.1137,14703360.0
300033.SZ,2025-04-02,274.99,280.7,273.3,279.97,273.5,6.47,2.3656,71586.18,1994327.793,2.5984,0.94,82.5507,23.6605,15051187.2
300033.SZ,2025-04-03,276.84,283.5,276.84,280.32,279.97,0.35,0.125,57826.62,1623946.436,2.0989,0.72,82.6539,23.6901,15070003.2
300033.SZ,2025-04-07,260.0,269.0,232.0,246.18,280.32,-34.14,-12.1789,186020.88,4690851.734,6.752,2.38,72.5875,20.8049,13234636.8
300033.SZ,2025-04-08,251.02,256.99,246.65,251.3,246.18,5.12,2.0798,128069.71,3229704.551,4.6485,1.21,74.0972,21.2376,13509888.0
300033.SZ,2025-04-09,247.47,267.99,242.0,266.0,251.3,14.7,5.8496,155743.87,4010391.467,5.653,1.4,78.4315,22.4799,14300160.0
300033.SZ,2025-04-10,273.32,275.8,263.65,263.65,266.0,-2.35,-0.8835,136885.71,3686293.521,4.9685,1.14,77.7386,22.2813,14173824.0
300033.SZ,2025-04-11,262.52,268.15,260.03,264.7,263.65,1.05,0.3983,87622.94,2313339.987,3.1804,0.66,78.0482,22.37,14230272.0
300033.SZ,2025-04-14,266.5,268.4,263.5,264.24,264.7,-0.46,-0.1738,62901.42,1669086.623,2.2831,0.45,77.9126,22.3312,14205542.4
300033.SZ,2025-04-15,263.99,264.0,260.6,262.8,264.24,-1.44,-0.545,43537.52,1141059.18,1.5803,0.38,77.488,22.2095,14128128.0
300033.SZ,2025-04-16,261.21,263.61,257.0,261.55,262.8,-1.25,-0.4756,50372.0,1310081.624,1.8283,0.52,77.1194,22.1038,14060928.0
300033.SZ,2025-04-17,258.19,265.0,258.19,262.69,261.55,1.14,0.4359,50651.68,1330631.922,1.8385,0.66,77.4556,22.2002,14122214.4
300033.SZ,2025-04-18,262.0,266.69,261.0,265.49,262.69,2.8,1.0659,54252.82,1437210.918,1.9692,0.92,78.2812,22.4368,14272742.4
300033.SZ,2025-04-21,263.38,267.88,261.0,266.49,265.49,1.0,0.3767,52409.38,1391523.839,1.9023,1.0,78.576,22.5213,14326502.4
300033.SZ,2025-04-22,265.81,267.1,263.03,263.8,266.49,-2.69,-1.0094,45019.04,1191914.023,1.6341,0.9,77.7829,22.294,14181888.0
300033.SZ,2025-04-23,266.12,269.5,263.5,264.31,263.8,0.51,0.1933,71054.3,1891586.016,2.5791,1.41,77.9332,22.3371,14209305.6
300033.SZ,2025-04-24,263.3,264.75,258.67,260.75,264.31,-3.56,-1.3469,54008.85,1411875.255,1.9604,0.99,76.8835,22.0362,14017920.0
300033.SZ,2025-04-25,260.09,264.5,256.5,260.08,260.75,-0.67,-0.257,78981.5,2055955.068,2.8668,1.43,76.686,21.5773,13981900.8
300033.SZ,2025-04-28,258.12,259.95,256.66,256.77,260.08,-3.31,-1.2727,46442.78,1195265.568,1.6857,0.77,75.71,21.3027,13803955.2
300033.SZ,2025-04-29,256.23,261.49,255.55,257.1,256.77,0.33,0.1285,50939.62,1313961.96,1.849,0.86,75.8073,21.3301,13821696.0
300033.SZ,2025-04-30,257.99,264.87,257.16,258.6,257.1,1.5,0.5834,66587.33,1735882.473,2.4169,1.1,76.2496,21.4545,13902336.0
300033.SZ,2025-05-06,261.19,267.92,260.3,265.95,258.6,7.35,2.8422,102303.11,2715395.676,3.7133,1.72,78.4168,22.0643,14297472.0
300033.SZ,2025-05-07,280.72,287.77,267.28,268.18,265.95,2.23,0.8385,163545.18,4524059.786,5.9362,2.37,79.0743,22.2493,14417356.8
300033.SZ,2025-05-08,267.68,269.66,265.6,266.68,268.18,-1.5,-0.5593,64295.39,1716424.531,2.3337,0.75,78.632,22.1249,14336716.8
300033.SZ,2025-05-09,265.63,266.68,258.89,259.88,266.68,-6.8,-2.5499,62230.93,1625709.975,2.2588,0.7,76.627,21.5607,13971148.8
300033.SZ,2025-05-12,263.8,271.0,259.0,269.1,259.88,9.22,3.5478,111922.25,2969989.094,4.0624,1.22,79.3456,22.3256,14466816.0
300033.SZ,2025-05-13,270.0,272.66,264.0,264.0,269.1,-5.1,-1.8952,79059.53,2117391.756,2.8696,0.78,77.8418,21.9025,14192640.0
300033.SZ,2025-05-14,264.0,285.22,260.45,274.85,264.0,10.85,4.1098,172824.49,4710536.266,6.273,1.8,81.041,22.8027,14775936.0
300033.SZ,2025-05-15,270.34,272.99,264.88,265.21,274.85,-9.64,-3.5074,81924.38,2196908.596,2.9736,0.84,78.1986,22.0029,14257689.6
300033.SZ,2025-05-16,264.87,264.89,260.59,260.6,265.21,-4.61,-1.7382,56452.36,1478240.766,2.049,0.56,76.8393,21.6204,14009856.0
300033.SZ,2025-05-19,260.19,260.6,256.28,258.64,260.6,-1.96,-0.7521,42001.78,1084940.365,1.5245,0.42,76.2614,21.4578,13904486.4
300033.SZ,2025-05-20,258.71,260.88,258.21,258.65,258.64,0.01,0.0039,41868.86,1085448.289,1.5197,0.48,76.2643,21.4587,13905024.0
300033.SZ,2025-05-21,258.99,259.6,256.52,257.96,258.65,-0.69,-0.2668,42568.81,1096768.485,1.5451,0.54,76.0609,21.4014,13867929.6
300033.SZ,2025-05-22,256.97,259.48,256.02,256.13,257.96,-1.83,-0.7094,28043.54,720973.284,1.0179,0.53,75.5213,21.2496,13769548.8
300033.SZ,2025-05-23,255.96,257.36,249.38,250.61,256.13,-5.52,-2.1552,56582.08,1434350.194,2.0538,1.34,73.8937,20.7916,13472793.6
300033.SZ,2025-05-26,251.01,251.83,249.11,250.19,250.61,-0.42,-0.1676,35427.38,885372.926,1.2859,0.84,73.7699,20.7568,13450214.4
300033.SZ,2025-05-27,250.19,252.58,249.7,250.37,250.19,0.18,0.0719,31697.9,795121.774,1.1505,0.78,73.8229,20.7717,13459891.2
300033.SZ,2025-05-28,251.3,251.34,246.37,246.38,250.37,-3.99,-1.5936,36228.04,897314.743,1.315,0.93,72.6465,20.4407,13245388.8
300033.SZ,2025-05-29,247.0,252.58,246.86,251.57,246.38,5.19,2.1065,49833.47,1250008.964,1.8088,1.33,74.1768,20.8713,13524403.2
300033.SZ,2025-05-30,249.99,250.01,246.68,247.41,251.57,-4.16,-1.6536,36667.58,908422.288,1.3309,0.87,72.9502,20.5261,13300761.6
300033.SZ,2025-06-03,245.0,250.0,244.78,247.02,247.41,-0.39,-0.1576,34646.98,857690.862,1.2576,0.91,72.8352,20.4938,13279795.2
300033.SZ,2025-06-04,246.0,251.38,244.8,249.7,247.02,2.68,1.0849,52943.27,1318386.682,1.9217,1.4,73.6254,20.7161,13423872.0
300033.SZ,2025-06-05,249.73,255.55,248.46,254.11,249.7,4.41,1.7661,64884.22,1636593.293,2.3551,1.54,74.9257,21.082,13660953.6
300033.SZ,2025-06-06,254.18,254.8,249.0,249.5,254.11,-4.61,-1.8142,46783.26,1173537.937,1.6981,0.98,73.5664,20.6995,13413120.0
300033.SZ,2025-06-09,249.72,257.0,249.72,255.24,249.5,5.74,2.3006,77549.66,1976886.803,2.8148,1.64,75.2589,21.1758,13721702.4
300033.SZ,2025-06-10,255.0,255.77,246.5,248.88,255.24,-6.36,-2.4918,61809.78,1548168.751,2.2435,1.12,73.3836,20.6481,13379788.8
300033.SZ,2025-06-11,248.98,263.0,248.59,254.9,248.88,6.02,2.4188,107302.31,2756772.024,3.8947,1.77,75.1586,21.1475,13703424.0
300033.SZ,2025-06-12,253.0,260.28,252.26,256.14,254.9,1.24,0.4865,69132.69,1771980.278,2.5093,0.96,75.5243,21.2504,13770086.4
300033.SZ,2025-06-13,253.6,255.98,250.48,251.18,256.14,-4.96,-1.9364,57388.0,1448369.996,2.083,0.79,74.0618,20.8389,13503436.8
300033.SZ,2025-06-16,249.5,255.53,249.5,255.0,251.18,3.82,1.5208,51868.32,1317167.305,1.8827,0.69,75.1881,21.1558,13708800.0
300033.SZ,2025-06-17,253.5,254.8,251.28,252.86,255.0,-2.14,-0.8392,42687.52,1078604.8,1.5494,0.61,74.5571,20.9783,13593753.6
300033.SZ,2025-06-18,252.01,252.45,248.5,249.88,252.86,-2.98,-1.1785,39350.59,983292.842,1.4283,0.6,73.6785,20.7311,13433548.8
300033.SZ,2025-06-19,250.01,250.26,237.26,242.19,249.88,-7.69,-3.0775,69789.95,1705253.562,2.5332,1.34,71.411,20.0931,13020134.4
300033.SZ,2025-06-20,242.19,243.54,238.01,238.17,242.19,-4.02,-1.6599,45314.61,1087786.608,1.6448,0.87,70.2257,19.7596,12804019.2
300033.SZ,2025-06-23,236.66,239.39,234.51,238.52,238.17,0.35,0.147,53783.96,1275866.128,1.9522,1.08,70.3289,19.7886,12822835.2
300033.SZ,2025-06-24,239.29,254.58,238.5,253.09,238.52,14.57,6.1085,146575.16,3658975.872,5.3202,2.92,74.6249,20.9974,13606118.4
300033.SZ,2025-06-25,253.1,299.2,252.5,289.77,253.09,36.68,14.4929,343297.26,9389441.194,12.4606,4.84,85.4402,24.0405,15578035.2
300033.SZ,2025-06-26,286.66,288.32,277.0,281.23,289.77,-8.54,-2.9472,202982.72,5726571.143,7.3676,1.54,82.9222,23.332,15118924.8
300033.SZ,2025-06-27,284.81,291.49,276.01,276.45,281.23,-4.78,-1.6997,168553.19,4767172.2,6.118,1.06,81.5128,22.9354,14861952.0
300033.SZ,2025-06-30,276.22,279.0,271.22,273.01,276.45,-3.44,-1.2443,93379.39,2552176.911,3.3894,0.51,80.4985,22.65,14677017.6
300033.SZ,2025-07-01,273.03,274.5,266.2,269.32,273.01,-3.69,-1.3516,81926.48,2206082.367,2.9737,0.43,79.4105,22.3439,14478643.2
300033.SZ,2025-07-02,268.1,271.66,265.75,266.7,269.32,-2.62,-0.9728,63537.41,1702740.278,2.3062,0.36,78.6379,22.1265,14337792.0
300033.SZ,2025-07-03,267.2,270.66,266.6,268.61,266.7,1.91,0.7162,77020.57,2068630.133,2.7956,0.63,79.2011,22.285,14440473.6
300033.SZ,2025-07-04,268.6,278.5,265.5,269.73,268.61,1.12,0.417,156333.2,4254254.103,5.6744,1.61,79.5313,22.3779,14500684.8
300033.SZ,2025-07-07,267.01,272.75,266.62,269.3,269.73,-0.43,-0.1594,69450.0,1875159.259,2.5208,0.74,79.4046,22.3422,14477568.0
300033.SZ,2025-07-08,269.03,276.0,269.0,275.0,269.3,5.7,2.1166,110526.91,3031226.188,4.0118,1.23,81.0852,22.8151,14784000.0
300033.SZ,2025-07-09,274.61,278.5,271.5,272.23,275.0,-2.77,-1.0073,84172.01,2313392.081,3.0552,0.88,80.2685,22.5853,14635084.8
300033.SZ,2025-07-10,271.0,278.03,268.56,275.01,272.23,2.78,1.0212,104111.56,2859735.47,3.7789,1.05,81.0882,22.816,14784537.6
300033.SZ,2025-07-11,275.04,298.5,272.5,287.25,275.01,12.24,4.4507,253067.88,7246380.961,9.1856,2.41,84.6972,23.8314,15442560.0
300033.SZ,2025-07-14,284.92,284.98,274.36,277.08,287.25,-10.17,-3.5405,127021.21,3532377.768,4.6105,1.02,81.6985,22.9877,14895820.8
300033.SZ,2025-07-15,275.01,279.33,273.29,275.58,277.08,-1.5,-0.5414,84758.55,2340466.468,3.0765,0.62,81.2562,22.8632,14815180.8
300033.SZ,2025-07-16,275.44,278.8,273.62,275.01,275.58,-0.57,-0.2068,58443.85,1611292.167,2.1213,0.45,81.0882,22.816,14784537.6
300033.SZ,2025-07-17,274.46,277.0,273.68,275.0,275.01,-0.01,-0.0036,69481.98,1911211.776,2.522,0.55,81.0852,22.8151,14784000.0
300033.SZ,2025-07-18,275.12,279.66,274.01,275.09,275.0,0.09,0.0327,70894.17,1959788.266,2.5732,0.6,81.1118,22.8226,14788838.4
300033.SZ,2025-07-21,274.05,279.89,272.4,276.95,275.09,1.86,0.6761,73695.73,2036941.2,2.6749,0.9,81.6602,22.9769,14888832.0
300033.SZ,2025-07-22,276.96,286.9,276.96,282.52,276.95,5.57,2.0112,129569.45,3663096.487,4.703,1.81,83.3025,23.439,15188275.2
300033.SZ,2025-07-23,284.22,295.0,283.83,287.51,282.52,4.99,1.7662,177360.72,5134534.085,6.4376,2.21,84.7739,23.853,15456537.6
300033.SZ,2025-07-24,282.61,295.66,282.61,294.47,287.51,6.96,2.4208,151067.55,4403985.214,5.4833,1.45,86.8261,24.4304,15830707.2
300033.SZ,2025-07-25,294.0,296.38,288.26,289.12,294.47,-5.35,-1.8168,89130.98,2590754.071,3.2352,0.74,85.2486,23.9866,15543091.2
300033.SZ,2025-07-28,289.6,297.73,289.6,292.19,289.12,3.07,1.0618,94551.66,2773749.985,3.4319,0.76,86.1538,24.2413,15708134.4
300033.SZ,2025-07-29,290.92,294.22,284.56,294.2,292.19,2.01,0.6879,92549.15,2683646.124,3.3592,0.72,86.7465,24.408,15816192.0
300033.SZ,2025-07-30,293.33,299.59,290.0,292.77,294.2,-1.43,-0.4861,114940.47,3386763.439,4.172,0.95,86.3248,24.2894,15739315.2
300033.SZ,2025-07-31,290.0,295.66,282.28,283.6,292.77,-9.17,-3.1322,114211.23,3295638.984,4.1455,1.05,83.621,23.5286,15246336.0
300033.SZ,2025-08-01,283.65,297.62,282.31,290.9,283.6,7.3,2.574,147707.08,4302507.044,5.3613,1.46,85.7734,24.1343,15638784.0
300033.SZ,2025-08-04,288.5,293.8,286.94,288.52,290.9,-2.38,-0.8182,70848.72,2051646.142,2.5716,0.63,85.0717,23.9368,15510835.2
300033.SZ,2025-08-05,289.5,294.18,285.66,293.27,288.52,4.75,1.6463,86533.2,2509482.339,3.1409,0.8,86.4722,24.3309,15766195.2
300033.SZ,2025-08-06,291.01,293.92,289.15,292.7,293.27,-0.57,-0.1944,66893.24,1951218.687,2.428,0.63,86.3042,24.2836,15735552.0
300033.SZ,2025-08-07,293.18,299.5,289.2,291.74,292.7,-0.96,-0.328,101967.91,2993733.195,3.7011,1.05,86.0211,24.2039,15683942.4
300033.SZ,2025-08-08,291.0,291.5,286.0,286.8,291.74,-4.94,-1.6933,64168.64,1844985.089,2.3291,0.68,84.5645,23.7941,15418368.0
300033.SZ,2025-08-11,287.0,314.33,286.0,307.62,286.8,20.82,7.2594,244115.81,7441363.343,8.8606,3.13,90.7034,25.5214,16537651.2
300033.SZ,2025-08-12,306.18,319.99,306.18,318.05,307.62,10.43,3.3905,155967.75,4892011.617,5.6611,1.38,93.7788,26.3867,17098368.0
300033.SZ,2025-08-13,320.99,326.0,313.6,323.8,318.05,5.75,1.8079,179191.3,5732674.929,6.5041,1.42,95.4742,26.8638,17407488.0
300033.SZ,2025-08-14,322.0,327.33,315.66,315.81,323.8,-7.99,-2.4676,132620.05,4259774.777,4.8137,0.89,93.1183,26.2009,16977945.6
300033.SZ,2025-08-15,315.78,378.96,315.0,367.2,315.81,51.39,16.2724,307924.72,10744370.638,11.1767,1.98,108.2709,30.4644,19740672.0
300033.SZ,2025-08-18,366.7,426.88,357.0,404.9,367.2,37.7,10.2669,308798.23,12035507.477,11.2084,1.51,119.3869,33.5922,21767424.0
300033.SZ,2025-08-19,396.01,404.99,388.8,389.28,404.9,-15.62,-3.8577,203162.72,8008488.565,7.3742,0.94,114.7813,32.2963,20927692.8
300033.SZ,2025-08-20,387.31,389.88,375.55,386.5,389.28,-2.78,-0.7141,130399.43,5002167.222,4.7331,0.58,113.9616,32.0656,20778240.0
300033.SZ,2025-08-21,388.01,393.18,378.01,380.56,386.5,-5.94,-1.5369,136261.66,5231583.692,4.9459,0.63,112.2102,31.5728,20458905.6
300033.SZ,2025-08-22,377.77,401.99,376.01,400.82,380.56,20.26,5.3237,200533.21,7885952.439,7.2787,0.92,118.1839,33.2537,21548083.2
300033.SZ,2025-08-25,401.65,419.22,392.12,398.35,400.82,-2.47,-0.6162,235105.4,9466143.344,8.5336,1.2,117.4556,31.2333,21415296.0
300033.SZ,2025-08-26,398.3,412.81,393.0,402.0,398.35,3.65,0.9163,162558.96,6537669.872,5.9004,0.9,118.5319,31.5195,21611520.0
300033.SZ,2025-08-27,400.1,420.0,396.01,400.17,402.0,-1.83,-0.4552,188350.84,7699267.452,6.8366,1.09,117.9923,31.376,21513139.2
300033.SZ,2025-08-28,399.76,407.2,382.38,407.2,400.17,7.03,1.7568,184052.65,7299480.155,6.6805,1.0,120.0651,31.9272,21891072.0
300033.SZ,2025-08-29,407.5,423.37,400.63,413.14,407.2,5.94,1.4587,189886.95,7795643.099,6.8923,0.98,121.8166,32.393,22210406.4
300033.SZ,2025-09-01,407.0,410.78,383.79,397.41,413.14,-15.73,-3.8074,181061.88,7168101.007,6.572,0.94,117.1785,31.1596,21364761.6
300033.SZ,2025-09-02,394.11,398.8,381.01,383.96,397.41,-13.45,-3.3844,151107.48,5870831.174,5.4847,0.83,113.2127,30.1051,20641689.6
300033.SZ,2025-09-03,387.13,394.77,370.01,372.02,383.96,-11.94,-3.1097,141164.51,5383436.246,5.1238,0.79,109.6921,29.1689,19999795.2
300033.SZ,2025-09-04,372.21,385.55,355.0,360.09,372.02,-11.93,-3.2068,148131.33,5428286.411,5.3767,0.87,106.1745,28.2335,19358438.4
300033.SZ,2025-09-05,361.01,363.07,351.5,361.5,360.09,1.41,0.3916,136605.05,4897697.796,4.9583,0.84,106.5902,28.344,19434240.0
300033.SZ,2025-09-08,351.5,354.6,339.0,343.6,361.5,-17.9,-4.9516,189685.92,6533571.887,6.885,1.25,101.3123,26.9406,18471936.0
300033.SZ,2025-09-09,348.17,356.73,345.88,348.0,343.6,4.4,1.2806,144746.37,5075283.274,5.2538,0.94,102.6097,27.2855,18708480.0
300033.SZ,2025-09-10,345.03,358.18,345.03,351.4,348.0,3.4,0.977,94579.15,3334330.315,3.4329,0.62,103.6122,27.5521,18891264.0
300033.SZ,2025-09-11,350.0,374.45,347.0,367.41,351.4,16.01,4.5561,175656.87,6349517.631,6.3758,1.23,108.3328,28.8074,19751961.6
300033.SZ,2025-09-12,367.6,381.8,364.5,365.11,367.41,-2.3,-0.626,136469.63,5056875.55,4.9534,0.92,107.6546,28.6271,19628313.6
300033.SZ,2025-09-15,362.0,376.98,362.0,370.88,365.11,5.77,1.5803,116879.1,4352283.678,4.2423,0.79,109.356,29.0795,19938508.8
300033.SZ,2025-09-16,370.6,381.0,367.49,376.03,370.88,5.15,1.3886,121218.25,4535268.929,4.3998,0.91,110.8745,29.4833,20215372.8
300033.SZ,2025-09-17,376.08,395.86,374.11,390.42,376.03,14.39,3.8268,176957.08,6867954.043,6.423,1.37,115.1174,30.6116,20988979.2
300033.SZ,2025-09-18,383.0,383.19,360.1,366.91,390.42,-23.51,-6.0217,200773.8,7471838.806,7.2875,1.38,108.1854,28.7682,19725081.6
300033.SZ,2025-09-19,362.65,368.97,360.62,360.62,366.91,-6.29,-1.7143,85987.37,3133033.52,3.1211,0.57,106.3307,28.275,19386931.2
300033.SZ,2025-09-22,358.91,369.51,358.91,369.01,360.62,8.39,2.3265,81393.81,2975283.175,2.9543,0.58,108.8046,28.9329,19837977.6
300033.SZ,2025-09-23,363.98,363.98,351.06,358.96,368.91,-9.95,-2.6971,95570.07,3414650.359,3.4689,0.72,105.8413,28.3673,19297689.6
300033.SZ,2025-09-24,355.96,366.58,355.68,363.59,358.96,4.63,1.2898,85900.05,3101765.171,3.1179,0.67,107.2065,28.7332,19546598.4
300033.SZ,2025-09-25,363.65,374.31,363.65,367.0,363.59,3.41,0.9379,99213.62,3666815.908,3.6011,0.9,108.2119,29.0027,19729920.0
300033.SZ,2025-09-26,365.5,368.49,359.1,359.9,367.0,-7.1,-1.9346,65504.8,2384791.821,2.3776,0.73,106.1185,28.4416,19348224.0
300033.SZ,2025-09-29,356.66,389.5,356.66,379.6,359.9,19.7,5.4737,191500.76,7169474.343,6.9509,2.24,111.9271,29.9984,20407296.0
300033.SZ,2025-09-30,375.01,378.66,369.01,371.77,379.6,-7.83,-2.0627,117011.87,4365602.763,4.2472,1.09,109.6184,29.3796,19986355.2
300033.SZ,2025-10-09,370.01,385.0,364.0,380.29,371.77,8.52,2.2917,136004.35,5114948.208,4.9365,1.22,112.1306,30.0529,20444390.4
300033.SZ,2025-10-10,376.33,379.99,364.22,366.18,380.29,-14.11,-3.7103,102333.95,3807812.378,3.7144,0.84,107.9701,28.9379,19685836.8
300033.SZ,2025-10-13,345.0,362.12,345.0,360.0,366.18,-6.18,-1.6877,78024.99,2791985.921,2.8321,0.64,106.1479,28.4495,19353600.0
300033.SZ,2025-10-14,362.0,372.38,349.96,350.9,360.0,-9.1,-2.5278,87385.14,3151691.913,3.1718,0.7,103.4648,27.7304,18864384.0
300033.SZ,2025-10-15,355.0,358.88,347.08,356.5,350.9,5.6,1.5959,60818.2,2146185.979,2.2075,0.58,105.1159,28.1729,19165440.0
300033.SZ,2025-10-16,357.0,363.0,352.36,355.22,356.5,-1.28,-0.359,54676.2,1953460.126,1.9846,0.59,104.7385,28.0717,19096627.2
300033.SZ,2025-10-17,354.0,358.34,339.1,340.15,355.22,-15.07,-4.2424,74284.56,2579128.73,2.6963,0.97,100.2951,26.8808,18286464.0
300033.SZ,2025-10-20,348.99,353.8,345.94,347.59,340.15,7.44,2.1873,69823.07,2443411.319,2.5344,0.98,102.4888,27.4688,18686438.4
300033.SZ,2025-10-21,349.0,355.98,345.59,352.54,347.59,4.95,1.4241,66030.42,2324349.601,2.3967,0.95,103.9483,27.86,18952550.4
300033.SZ,2025-10-22,350.44,352.54,345.7,351.01,352.54,-1.53,-0.434,45381.84,1587504.961,1.6472,0.7,103.4972,27.739,18870297.6
300033.SZ,2025-10-23,356.5,357.77,346.73,356.29,351.01,5.28,1.5042,81795.93,2886655.953,2.9689,1.32,105.054,25.5298,19154150.4
300033.SZ,2025-10-24,356.99,362.17,350.93,361.89,356.29,5.6,1.5718,107823.0,3842480.041,3.9136,1.6,106.7052,25.931,19455206.4
300033.SZ,2025-10-27,370.2,371.6,358.44,362.09,361.89,0.2,0.0553,132215.48,4803830.071,4.799,1.78,106.7642,25.9454,19465958.4
300033.SZ,2025-10-28,358.47,375.44,355.0,366.98,362.09,4.89,1.3505,145362.14,5326077.842,5.2762,1.68,108.206,26.2958,19728844.8
300033.SZ,2025-10-29,363.0,396.82,362.5,387.2,366.98,20.22,5.5098,206272.75,7905684.242,7.4871,2.01,114.168,27.7446,20815872.0
300033.SZ,2025-10-30,382.42,384.0,366.8,367.08,387.2,-20.12,-5.1963,156816.19,5851926.93,5.6919,1.16,108.2355,26.3029,19734220.8
300033.SZ,2025-10-31,367.08,369.57,362.5,363.26,367.08,-3.82,-1.0406,77538.62,2833226.286,2.8144,0.52,107.1092,26.0292,19528857.6
300033.SZ,2025-11-03,361.0,363.1,351.17,358.89,363.26,-4.37,-1.203,70368.19,2506595.98,2.5541,0.49,105.8206,25.7161,19293926.4
300033.SZ,2025-11-04,356.41,357.88,348.91,352.01,358.89,-6.88,-1.917,60254.31,2126725.682,2.187,0.46,103.792,25.2231,18924057.6
300033.SZ,2025-11-05,348.5,354.88,348.12,353.22,352.01,1.21,0.3437,47196.27,1663157.15,1.7131,0.41,104.1488,25.3098,18989107.2
300033.SZ,2025-11-06,353.02,362.2,352.08,360.11,353.22,6.89,1.9506,65398.89,2343287.863,2.3738,0.79,106.1804,25.8035,19359513.6
300033.SZ,2025-11-07,356.5,356.51,350.0,350.08,360.11,-10.03,-2.7853,58944.64,2075383.389,2.1395,0.92,103.223,25.0848,18820300.8
300033.SZ,2025-11-10,349.0,359.8,349.0,356.67,350.08,6.59,1.8824,59554.42,2108662.851,2.1616,0.99,105.1661,25.557,19174579.2
300033.SZ,2025-11-11,357.67,357.73,345.88,346.69,356.67,-9.98,-2.7981,71496.92,2495055.495,2.5951,1.23,102.2234,24.8419,18638054.4
300033.SZ,2025-11-12,345.0,346.68,328.6,332.44,346.69,-14.25,-4.1103,88219.88,2966033.937,3.2021,1.46,98.0217,23.8208,17871974.4
300033.SZ,2025-11-13,331.69,340.7,330.28,339.6,332.44,7.16,2.1538,63643.18,2139784.697,2.3101,0.93,100.1329,24.3339,18256896.0
300033.SZ,2025-11-14,336.63,337.5,331.48,331.5,339.6,-8.1,-2.3852,47180.15,1579458.871,1.7125,0.69,97.7446,23.7535,17821440.0
300033.SZ,2025-11-17,329.0,333.36,328.0,329.83,331.5,-1.67,-0.5038,38541.57,1270742.345,1.3989,0.58,97.2522,23.6338,17731660.8
300033.SZ,2025-11-18,329.73,335.6,328.18,331.02,329.83,1.19,0.3608,44334.4,1471502.546,1.6092,0.72,97.603,23.7191,17795635.2
300033.SZ,2025-11-19,332.0,335.0,329.3,331.71,331.02,0.69,0.2084,36539.73,1212411.842,1.3263,0.65,97.8065,23.7685,17832729.6
300033.SZ,2025-11-20,337.99,339.8,323.31,323.92,331.71,-7.79,-2.3484,52508.04,1730518.672,1.9059,1.14,95.5096,23.2103,17413939.2
300033.SZ,2025-11-21,319.98,323.11,313.94,314.75,323.92,-9.17,-2.8309,64615.02,2054186.481,2.3453,1.47,92.8057,22.5533,16920960.0
300033.SZ,2025-11-24,315.56,322.84,313.37,319.5,314.75,4.75,1.5091,54326.84,1731849.243,1.9719,1.15,94.2063,22.8936,17176320.0
300033.SZ,2025-11-25,321.0,324.5,318.67,320.01,319.5,0.51,0.1596,46005.35,1478538.429,1.6699,0.91,94.3567,22.9302,17203737.6
300033.SZ,2025-11-26,318.93,326.56,318.15,321.88,320.01,1.87,0.5844,49677.01,1603770.686,1.8031,0.98,94.9081,23.0641,17304268.8
300033.SZ,2025-11-27,320.34,326.27,319.05,319.39,321.88,-2.49,-0.7736,43956.61,1416409.69,1.5955,0.82,94.1739,22.8857,17170406.4
300033.SZ,2025-11-28,319.0,322.5,317.58,321.2,319.39,1.81,0.5667,37682.8,1209113.213,1.3678,0.73,94.7075,23.0154,17267712.0
300033.SZ,2025-12-01,320.24,326.36,319.98,325.98,321.2,4.78,1.4882,50962.89,1653627.249,1.8498,1.1,96.117,23.3579,17524684.8
300033.SZ,2025-12-02,323.01,324.8,315.11,317.17,325.98,-8.81,-2.7026,54124.15,1721754.354,1.9645,1.19,93.5193,22.7267,17051059.2
300033.SZ,2025-12-03,317.16,319.84,314.41,315.41,317.17,-1.76,-0.5549,35116.0,1111211.065,1.2746,0.74,93.0003,22.6005,16956441.6
300033.SZ,2025-12-04,315.32,318.38,312.1,316.3,315.41,0.89,0.2822,34234.37,1080053.751,1.2426,0.77,93.2628,22.6643,17004288.0
300033.SZ,2025-12-05,316.88,335.67,314.8,328.81,316.3,12.51,3.9551,144524.4,4721945.324,5.2458,3.41,96.9514,23.5607,17676825.6
300033.SZ,2025-12-08,333.94,337.74,329.17,330.07,328.81,1.26,0.3832,123362.63,4101983.694,4.4777,1.93,97.3229,23.651,17744563.2
300033.SZ,2025-12-09,327.03,330.64,322.66,324.31,330.07,-5.76,-1.7451,64967.73,2117304.145,2.3581,0.83,95.6245,23.2383,17434905.6
300033.SZ,2025-12-10,322.46,326.3,318.68,324.97,324.31,0.66,0.2035,49746.98,1605579.006,1.8057,0.62,95.8192,23.2856,17470387.2
300033.SZ,2025-12-11,323.99,325.5,315.0,315.2,324.97,-9.77,-3.0064,52828.2,1689085.713,1.9175,0.63,92.9384,22.5855,16945152.0
300033.SZ,2025-12-12,317.09,318.99,312.0,316.94,315.2,1.74,0.552,59759.14,1886611.277,2.1691,0.69,93.4515,22.7102,17038694.4
300033.SZ,2025-12-15,313.85,315.88,308.16,309.0,316.94,-7.94,-2.5052,58674.5,1830052.812,2.1297,0.84,91.1103,22.1412,16611840.0
300033.SZ,2025-12-16,309.0,311.19,306.0,307.06,309.0,-1.94,-0.6278,47570.85,1467740.38,1.7267,0.83,90.5383,22.0022,16507545.6
300033.SZ,2025-12-17,306.0,319.5,305.85,316.64,307.06,9.58,3.1199,80949.73,2535255.4,2.9382,1.51,93.363,22.6887,17022566.4
300033.SZ,2025-12-18,313.62,315.99,312.0,312.0,316.64,-4.64,-1.4654,42879.41,1345983.887,1.5564,0.72,91.9949,22.3562,16773120.0
300033.SZ,2025-12-19,312.41,319.0,311.33,311.4,312.0,-0.6,-0.1923,49832.71,1566043.144,1.8088,0.86,91.818,22.3132,16740864.0
300033.SZ,2025-12-22,310.0,317.88,310.0,316.0,311.4,4.6,1.4772,53524.6,1690020.944,1.9428,0.96,93.1743,22.6428,16988160.0
300033.SZ,2025-12-23,316.01,318.08,312.6,313.8,316.0,-2.2,-0.6962,41377.15,1304073.871,1.5019,0.75,92.5256,22.4852,16869888.0
300033.SZ,2025-12-24,312.7,319.28,312.65,318.02,313.8,4.22,1.3448,53145.09,1684815.41,1.929,0.99,93.7699,22.7876,17096755.2
300033.SZ,2025-12-25,317.5,325.91,316.9,324.4,318.02,6.38,2.0062,64658.84,2081026.04,2.3469,1.34,95.6511,23.2447,17439744.0
300033.SZ,2025-12-26,324.0,333.0,322.68,326.11,324.4,1.71,0.5271,79449.21,2610291.581,2.8838,1.51,96.1553,23.3672,17531673.6
300033.SZ,2025-12-29,325.32,329.5,323.53,325.0,326.11,-1.11,-0.3404,49773.27,1623783.866,1.8066,0.85,95.828,23.2877,17472000.0
300033.SZ,2025-12-30,323.87,328.8,322.2,325.73,325.0,0.73,0.2246,46434.09,1511590.111,1.6854,0.81,96.0432,23.34,17511244.8
300033.SZ,2025-12-31,324.98,329.59,322.18,322.18,325.73,-3.55,-1.0899,54159.21,1761694.325,1.9658,0.92,94.9965,23.0856,17320396.8
300033.SZ,2026-01-05,323.0,333.33,322.25,332.11,322.18,9.93,3.0821,88673.09,2926494.043,3.2186,1.51,97.9244,23.7972,17854233.6
300033.SZ,2026-01-06,333.05,373.33,331.9,372.0,332.11,39.89,12.0111,243671.54,8715947.584,8.8445,3.83,109.6862,26.6555,19998720.0
300033.SZ,2026-01-07,364.59,370.0,357.7,363.3,372.0,-8.7,-2.3387,145147.89,5270452.727,5.2684,1.5,107.121,26.0321,19531008.0
300033.SZ,2026-01-08,355.99,356.8,344.01,347.32,363.3,-15.98,-4.3986,129984.07,4535900.375,4.718,1.12,102.4092,24.887,18671923.2
300033.SZ,2026-01-09,346.24,361.99,344.58,355.6,347.32,8.28,2.384,127766.67,4521058.44,4.6375,0.97,104.8506,25.4803,19117056.0
300033.SZ,2026-01-12,358.18,399.37,356.01,393.37,355.6,37.77,10.6215,274324.27,10486973.547,9.9571,1.87,115.9873,28.1867,21147571.2
300033.SZ,2026-01-13,400.0,414.14,389.0,393.31,393.37,-0.06,-0.0153,251022.43,10040971.664,9.1113,1.36,115.9696,28.1824,21144345.6
300033.SZ,2026-01-14,386.01,435.0,386.01,398.69,393.31,5.38,1.3679,285143.5,11757190.904,10.3498,1.54,117.5559,28.5679,21433574.4
300033.SZ,2026-01-15,390.16,398.18,383.0,388.3,398.69,-10.39,-2.606,144552.91,5627849.053,5.2468,0.68,114.4923,27.8234,20875008.0
300033.SZ,2026-01-16,394.81,399.99,375.6,376.0,388.3,-12.3,-3.1677,120777.91,4643641.508,4.3839,0.56,110.8656,26.9421,20213760.0
300033.SZ,2026-01-19,375.0,375.97,361.18,364.99,376.0,-11.01,-2.9282,123940.94,4535348.821,4.4987,0.58,107.6193,26.1532,19621862.4
300033.SZ,2026-01-20,364.41,369.66,355.28,357.86,364.99,-7.13,-1.9535,86385.02,3107005.536,3.1355,0.47,105.5169,25.6423,19238553.6
300033.SZ,2026-01-21,363.02,370.0,357.88,361.5,357.86,3.64,1.0172,111454.25,4055232.168,4.0454,0.73,106.5902,25.9031,19434240.0
300033.SZ,2026-01-22,362.86,367.98,356.2,358.19,361.5,-3.31,-0.9156,100894.03,3645123.616,3.6423,0.86,105.6142,25.6659,19256294.4
300033.SZ,2026-01-23,358.6,373.33,357.33,365.18,358.19,6.99,1.9515,125829.73,4605776.873,4.0182,1.16,107.6753,26.1668,19632076.8
300033.SZ,2026-01-26,361.9,369.63,354.08,355.03,365.18,-10.15,-2.7795,118730.86,4290399.409,3.7915,1.08,104.6825,25.4395,19086412.8
300033.SZ,2026-01-27,354.5,357.66,345.87,350.81,355.03,-4.22,-1.1886,94414.67,3311754.061,3.015,0.87,103.4382,25.1371,18859545.6
300033.SZ,2026-01-28,352.98,357.37,349.0,350.1,350.81,-0.71,-0.2024,75238.86,2653167.299,2.4026,0.68,103.2289,25.0862,18821376.0
300033.SZ,2026-01-29,348.0,363.56,341.58,357.7,350.1,7.6,2.1708,147213.92,5226808.853,4.7011,1.43,105.4698,25.6308,19229952.0
300033.SZ,2026-01-30,356.2,356.4,344.7,348.79,357.7,-8.91,-2.4909,98694.39,3451686.38,3.1517,0.88,102.8426,24.9924,18750950.4
300033.SZ,2026-02-02,348.78,358.79,345.21,345.8,348.79,-2.99,-0.8572,92106.03,3241356.129,2.9413,0.86,101.961,24.7781,18590208.0
300033.SZ,2026-02-03,349.8,354.91,345.22,353.23,345.8,7.43,2.1486,86679.21,3041076.681,2.768,0.85,104.1518,25.3105,18989644.8
300033.SZ,2026-02-04,350.89,363.0,349.54,359.49,353.23,6.26,1.7722,120877.77,4330568.32,3.8601,1.21,105.9976,25.7591,19326182.4
300033.SZ,2026-02-05,355.41,358.49,349.1,353.18,359.49,-6.31,-1.7553,86537.17,3064319.646,2.7634,0.79,104.137,25.3069,18986956.8
300033.SZ,2026-02-06,352.19,354.99,341.19,341.43,353.18,-11.75,-3.3269,86311.52,2995955.994,2.7562,0.89,100.6725,24.465,18355276.8
300033.SZ,2026-02-09,347.18,354.99,345.88,353.69,341.43,12.26,3.5908,87962.8,3096546.535,2.809,0.93,104.2874,25.3435,19014374.4
300033.SZ,2026-02-10,353.69,356.5,348.23,349.59,353.69,-4.1,-1.1592,53636.24,1885430.998,1.7128,0.57,103.0785,25.0497,18793958.4
300033.SZ,2026-02-11,348.78,348.78,342.35,344.8,349.59,-4.79,-1.3702,48221.6,1663486.226,1.5399,0.55,101.6661,24.7065,18536448.0
300033.SZ,2026-02-12,344.86,345.68,341.28,342.11,344.8,-2.69,-0.7802,49439.68,1695225.733,1.5788,0.68,100.873,24.5137,18391833.6
300033.SZ,2026-02-13,343.0,345.97,337.4,337.43,342.11,-4.68,-1.368,62014.85,2115014.105,1.9804,0.95,99.4931,24.1784,18140236.8
300033.SZ,2026-02-24,338.33,340.66,328.01,329.14,337.43,-8.29,-2.4568,81540.35,2697887.751,2.6039,1.35,97.0487,23.5844,17694566.4
300033.SZ,2026-02-25,329.31,338.72,329.31,335.91,329.14,6.77,2.0569,74367.24,2487244.532,2.3748,1.26,99.0449,24.0695,18058521.6
300033.SZ,2026-02-26,334.39,335.79,329.01,330.01,335.91,-5.9,-1.7564,60510.54,1999292.027,1.9323,0.96,97.3052,23.6467,17741337.6
300033.SZ,2026-02-27,329.02,333.86,326.69,332.36,330.01,2.35,0.7121,57575.89,1908452.841,1.8386,0.88,97.9981,23.8151,17867673.6
300033.SZ,2026-03-02,325.55,329.99,321.37,323.9,332.36,-8.46,-2.5454,78527.06,2548826.346,2.5076,1.17,95.5037,23.2089,17412864.0
300033.SZ,2026-03-03,324.5,331.0,314.2,314.51,323.9,-9.39,-2.899,97040.58,3114415.279,3.0988,1.38,92.735,22.5361,16908057.6
300033.SZ,2026-03-04,310.03,317.32,308.78,311.29,314.51,-3.22,-1.0238,65497.98,2042704.649,2.0916,0.89,91.7855,22.3053,16734950.4
300033.SZ,2026-03-05,315.92,317.0,310.01,311.99,311.29,0.7,0.2249,55704.18,1744510.193,1.7788,0.78,91.9919,22.3555,16772582.4
300033.SZ,2026-03-06,309.81,324.19,309.31,321.15,311.99,9.16,2.936,80168.55,2549471.575,2.5601,1.13,94.6928,23.0118,17265024.0
300033.SZ,2026-03-09,313.97,318.8,307.0,316.77,321.15,-4.38,-1.3638,85925.95,2685100.703,2.7439,1.14,93.4013,22.698,17029555.2
300033.SZ,2026-03-10,323.13,327.77,318.3,321.01,316.77,4.24,1.3385,78869.0,2536958.652,2.5186,1.03,53.8442,18.1816,17257497.6
300033.SZ,2026-03-11,321.1,326.5,318.44,324.64,321.01,3.63,1.1308,80734.1,2606503.819,2.5781,1.1,54.453,18.3872,17452646.4
300033.SZ,2026-03-12,322.42,326.88,321.21,325.06,324.64,0.42,0.1294,71908.69,2333578.079,2.2963,0.94,54.5235,18.411,17475225.6
300033.SZ,2026-03-13,323.32,323.37,317.15,318.18,325.06,-6.88,-2.1165,69595.34,2223767.116,2.2224,0.88,53.3695,18.0214,17105356.8
300033.SZ,2026-03-16,317.98,318.74,312.38,317.8,318.18,-0.38,-0.1194,57345.81,1809545.136,1.8313,0.74,53.3057,17.9998,17084928.0
300033.SZ,2026-03-17,319.01,337.36,318.5,326.98,317.8,9.18,2.8886,149430.51,4935085.086,4.7718,2.08,54.8455,18.5198,17578444.8
300033.SZ,2026-03-18,324.01,324.9,315.0,320.88,326.98,-6.1,-1.8656,82852.0,2649335.371,2.6458,0.97,53.8224,18.1743,17250508.8
300033.SZ,2026-03-19,316.2,326.04,315.31,322.33,320.88,1.45,0.4519,85799.87,2754397.38,2.7399,1.0,54.0656,18.2564,17328460.8
300033.SZ,2026-03-20,323.0,324.87,314.43,316.1,322.33,-6.23,-1.9328,90837.16,2885120.744,2.9008,1.02,53.0206,17.9035,16993536.0
300033.SZ,2026-03-23,309.44,317.69,306.05,307.09,316.1,-9.01,-2.8504,98675.69,3070324.471,3.1511,1.06,51.5093,17.3932,16509158.4
300033.SZ,2026-03-24,311.0,311.5,300.0,305.99,307.09,-1.1,-0.3582,83939.62,2562012.616,2.6805,0.83,51.3248,17.3309,16450022.4
300033.SZ,2026-03-25,305.99,315.39,304.48,311.61,305.99,5.62,1.8367,82272.72,2556162.443,2.6273,0.93,52.2675,17.6492,16752153.6
300033.SZ,2026-03-26,309.95,309.95,295.18,296.84,311.61,-14.77,-4.7399,98414.86,2964599.561,3.1427,1.11,49.79,16.8127,15958118.4
300033.SZ,2026-03-27,293.24,304.85,292.53,300.92,296.84,4.08,1.3745,62911.15,1882721.676,2.009,0.69,50.4744,17.0438,16177459.2
300033.SZ,2026-03-30,295.72,302.73,295.5,301.5,300.92,0.58,0.1927,48164.65,1445739.55,1.5381,0.57,50.5717,17.0766,16208640.0
300033.SZ,2026-03-31,301.99,312.0,297.18,298.5,301.5,-3.0,-0.995,69501.95,2121116.833,2.2194,0.92,50.0685,16.9067,16047360.0
300033.SZ,2026-04-01,305.49,308.5,302.49,305.7,298.5,7.2,2.4121,59212.94,1807574.349,1.8909,0.82,51.2762,17.3145,16434432.0
300033.SZ,2026-04-02,303.0,303.0,297.0,298.1,305.7,-7.6,-2.4861,55118.29,1650208.047,1.7601,0.81,50.0014,16.884,16025856.0
300033.SZ,2026-04-03,300.58,301.16,292.71,292.8,298.1,-5.3,-1.7779,44423.47,1310983.798,1.4186,0.75,49.1124,16.5839,15740928.0
300033.SZ,2026-04-07,293.19,297.16,291.66,293.4,292.8,0.6,0.2049,41874.15,1231969.499,1.3372,0.76,49.213,16.6178,15773184.0
300033.SZ,2026-04-08,302.18,319.49,301.55,319.39,293.4,25.99,8.8582,151860.11,4736626.603,4.8494,2.81,53.5724,18.0899,17170406.4
300033.SZ,2026-04-09,312.0,312.03,308.0,308.08,319.39,-11.31,-3.5411,79873.36,2473686.798,2.5506,1.13,51.6754,17.4493,16562380.8
300033.SZ,2026-04-10,220.27,236.25,220.27,228.7,216.41,12.29,5.679,227272.73,5240804.633,5.184,3.05,53.7049,25.5007,17212876.8
300033.SZ,2026-04-13,225.06,240.75,225.06,235.06,228.7,6.36,2.7809,179614.38,4215165.525,4.0969,1.65,55.1984,26.2099,17691555.84
300033.SZ,2026-04-14,238.5,239.82,235.08,239.59,235.06,4.53,1.9272,157369.34,3732410.424,3.5895,1.16,56.2622,26.715,18032501.76
300033.SZ,2026-04-15,242.0,242.4,232.11,233.99,239.59,-5.6,-2.3373,133321.87,3138422.994,3.041,0.84,54.9472,26.0906,17611023.36
300033.SZ,2026-04-16,236.0,241.0,234.63,239.77,233.99,5.78,2.4702,139385.96,3325876.585,3.1793,0.9,56.3045,26.7351,18046049.28
300033.SZ,2026-04-17,237.4,242.5,234.03,240.88,239.77,1.11,0.4629,124345.64,2959616.595,2.8363,0.74,56.5651,26.8588,18129592.32
300033.SZ,2026-04-20,240.3,251.95,239.0,246.49,240.88,5.61,2.329,169077.65,4172877.613,3.8566,1.15,57.8825,27.4844,18551823.36
300033.SZ,2026-04-21,246.0,249.8,244.08,245.77,246.49,-0.72,-0.2921,104303.73,2567352.376,2.3791,0.72,57.7134,27.4041,18497633.28
300033.SZ,2026-04-22,243.8,248.99,241.78,246.74,245.77,0.97,0.3947,124832.66,3068940.01,2.8474,0.93,57.9412,27.5122,18570639.36
300033.SZ,2026-04-23,249.11,249.79,233.98,236.01,246.74,-10.73,-4.3487,216256.28,5182767.901,4.9327,1.63,55.4215,41.8166,17763056.64
300033.SZ,2026-04-24,234.31,235.85,227.02,228.52,236.01,-7.49,-3.1736,142097.15,3253159.207,3.2412,0.96,53.6627,40.4895,17199329.28
300033.SZ,2026-04-27,230.0,236.4,228.28,229.1,228.52,0.58,0.2538,116105.55,2693381.078,2.6483,0.77,53.7989,40.5923,17242982.4
300033.SZ,2026-04-28,227.27,235.68,225.36,231.2,229.1,2.1,0.9166,134877.4,3118724.956,3.0765,0.96,54.292,40.9644,17401036.8
300033.SZ,2026-04-29,227.89,234.2,226.39,233.45,231.2,2.25,0.9732,125057.62,2878044.339,2.8525,0.85,54.8204,41.363,17570380.8
300033.SZ,2026-04-30,233.39,246.0,232.97,235.0,233.45,1.55,0.664,208400.37,4975763.243,4.7535,1.42,55.1844,41.6377,17687040.0
300033.SZ,2026-05-06,236.49,250.0,236.49,246.15,235.0,11.15,4.7447,267947.4,6571035.129,6.1118,1.84,57.8027,43.6132,18526233.6
300033.SZ,2026-05-07,249.27,252.0,242.27,247.24,246.15,1.09,0.4428,185087.0,4551984.042,4.2218,1.09,58.0586,43.8064,18608271.36
300033.SZ,2026-05-08,244.0,247.8,241.71,244.56,247.24,-2.68,-1.084,121670.16,2977271.626,2.7753,0.66,57.4293,43.3315,18406563.84
300033.SZ,2026-05-11,244.2,258.0,244.15,255.06,244.56,10.5,4.2934,279608.98,7057527.047,6.3778,1.54,59.895,45.1919,19196835.84
300033.SZ,2026-05-12,253.0,255.5,248.48,251.92,255.06,-3.14,-1.2311,174733.36,4399898.426,3.9856,0.82,59.1576,44.6356,18960506.88
300033.SZ,2026-05-13,249.5,251.4,243.2,250.98,251.92,-0.94,-0.3731,163837.85,4045057.311,3.7371,0.8,58.9369,44.469,18889758.72
300033.SZ,2026-05-14,250.95,252.67,237.0,237.0,250.98,-13.98,-5.5702,192007.19,4660497.593,4.3796,1.04,55.654,41.992,17837568.0
300033.SZ,2026-05-15,238.0,241.62,230.1,231.45,237.0,-5.55,-2.3418,167755.3,3935203.75,3.8264,0.9,54.3507,41.0087,17419852.8
300033.SZ,2026-05-18,226.0,230.88,222.22,228.0,231.45,-3.45,-1.4906,155797.87,3531887.731,3.5537,0.8,53.5406,40.3974,17160192.0
300033.SZ,2026-05-19,228.99,229.98,221.45,228.08,228.0,0.08,0.0351,135892.72,3052319.782,3.0997,0.8,53.5594,40.4116,17166213.12
300033.SZ,2026-05-20,226.33,229.5,224.0,226.9,228.08,-1.18,-0.5174,95450.35,2162347.186,2.1772,0.59,53.2823,40.2025,17077401.6
300033.SZ,2026-05-21,229.59,255.89,229.02,236.2,226.9,9.3,4.0987,406184.23,9928762.956,9.2649,2.72,55.4662,41.8503,17777356.8
300033.SZ,2026-05-22,236.0,239.49,224.36,226.87,236.2,-9.33,-3.95,248239.72,5663855.528,5.6623,1.29,53.2752,40.1972,17075143.68
