ts_code,trade_date,open,high,low,close,pre_close,change,pct_chg,vol,amount,turnover_rate,volume_ratio,pe,pb,total_mv
688268.SH,2023-01-03,73.66,79.58,73.5,78.39,74.25,4.14,5.5758,16136.73,124818.166,1.3416,1.59,72.909,6.1442,942861.1234
688268.SH,2023-01-04,79.2,79.5,76.76,77.67,78.39,-0.72,-0.9185,10653.34,82682.62,0.8857,0.99,72.2393,6.0878,934201.0901
688268.SH,2023-01-05,77.0,78.46,76.04,77.41,77.67,-0.26,-0.3347,9908.9,76415.417,0.8238,0.98,71.9975,6.0674,931073.8558
688268.SH,2023-01-06,77.43,79.44,76.72,77.07,77.41,-0.34,-0.4392,13499.63,104992.323,1.1224,1.33,71.6813,6.0407,926984.3957
688268.SH,2023-01-09,76.91,80.95,76.91,79.19,77.07,2.12,2.7507,15948.54,126796.85,1.326,1.37,73.653,6.2069,952483.3826
688268.SH,2023-01-10,79.11,80.99,78.79,79.1,79.19,-0.09,-0.1137,9413.16,75210.572,0.7826,0.71,73.5693,6.1998,951400.8784
688268.SH,2023-01-11,78.56,81.8,77.0,77.15,79.1,-1.95,-2.4652,16235.31,128295.06,1.3498,1.37,71.7557,6.047,927946.6216
688268.SH,2023-01-12,77.78,78.59,76.54,78.38,77.15,1.23,1.5943,10586.97,82441.076,0.8802,0.81,72.8997,6.1434,942740.8451
688268.SH,2023-01-13,78.37,78.4,76.02,77.07,78.38,-1.31,-1.6713,9103.76,70086.453,0.7569,0.69,71.6813,6.0407,926984.3957
688268.SH,2023-01-16,77.12,80.4,76.66,79.82,77.07,2.75,3.5682,16283.55,129022.861,1.3538,1.33,74.239,6.2563,960060.9117
688268.SH,2023-01-17,80.0,83.01,79.2,81.12,79.82,1.3,1.6287,12399.97,100993.36,1.031,1.01,75.4481,6.3582,975697.0829
688268.SH,2023-01-18,82.03,82.98,80.36,80.85,81.12,-0.27,-0.3328,7823.17,63357.775,0.6504,0.61,75.197,6.337,972449.5704
688268.SH,2023-01-19,80.53,81.57,79.7,81.2,80.85,0.35,0.4329,7408.71,59848.674,0.616,0.66,75.5225,6.3644,976659.3088
688268.SH,2023-01-20,80.87,80.87,78.96,79.38,81.2,-1.82,-2.2414,13479.23,107176.979,1.1207,1.27,73.8297,6.2218,954768.6691
688268.SH,2023-01-30,80.2,83.39,79.49,81.9,79.38,2.52,3.1746,18925.88,154271.223,1.5735,1.65,76.1735,6.4193,985078.7856
688268.SH,2023-01-31,80.88,82.37,79.52,80.31,81.9,-1.59,-1.9414,21864.96,176117.987,1.8179,1.82,74.6947,6.2947,965954.5454
688268.SH,2023-02-01,80.22,82.5,80.22,81.51,80.31,1.2,1.4942,13240.14,107736.904,1.1008,0.95,75.8108,6.3887,980387.9342
688268.SH,2023-02-02,82.09,83.98,81.51,82.83,81.51,1.32,1.6194,18181.32,150458.627,1.5116,1.21,77.0385,6.4922,996264.6619
688268.SH,2023-02-03,83.0,84.13,82.02,83.79,82.83,0.96,1.159,19758.88,164497.387,1.6428,1.15,77.9525,6.5692,1008084.8635
688268.SH,2023-02-06,83.77,83.77,80.88,81.3,83.79,-2.49,-2.9717,16831.33,137574.239,1.3994,0.92,75.636,6.374,978127.4544
688268.SH,2023-02-07,81.35,82.69,80.71,81.35,81.3,0.05,0.0615,11395.44,92935.024,0.9472,0.63,75.6825,6.3737,978729.0088
688268.SH,2023-02-08,81.69,82.6,80.14,80.32,81.35,-1.03,-1.2661,13224.57,106630.217,1.0992,0.83,74.7243,6.293,966336.9882
688268.SH,2023-02-09,79.82,83.42,79.82,83.14,80.32,2.82,3.511,23480.21,193171.302,1.9517,1.48,77.3478,6.5139,1000264.6563
688268.SH,2023-02-10,82.75,83.78,81.05,81.8,83.14,-1.34,-1.6117,13554.83,111418.193,1.1267,0.8,76.1012,6.4089,984142.9984
688268.SH,2023-02-13,81.25,83.45,81.25,83.14,81.8,1.34,1.6381,13850.99,114557.786,1.1513,0.88,77.3478,6.5139,1000264.6563
688268.SH,2023-02-14,83.77,84.19,81.88,82.74,83.14,-0.4,-0.4811,14596.47,121018.978,1.2132,0.97,76.9757,6.4826,995452.2211
688268.SH,2023-02-15,82.58,84.55,82.1,84.01,82.74,1.27,1.5349,16457.56,137370.685,1.3679,1.05,78.1572,6.5821,1010731.7029
688268.SH,2023-02-16,83.49,84.11,80.02,80.6,84.01,-3.41,-4.059,19070.28,157056.025,1.5851,1.16,74.9848,6.3149,969705.6928
688268.SH,2023-02-17,81.0,81.82,77.39,77.97,80.6,-2.63,-3.263,13890.0,109784.699,1.1545,0.9,72.538,6.1089,938063.9314
688268.SH,2023-02-20,77.69,77.69,75.63,77.01,77.97,-0.96,-1.2312,12108.58,92649.432,1.0065,0.78,71.6449,6.0337,926514.0869
688268.SH,2023-02-21,77.02,78.1,76.36,77.2,77.01,0.19,0.2467,8739.09,67459.228,0.7264,0.57,71.8217,6.0485,928799.9936
688268.SH,2023-02-22,76.9,77.69,76.5,76.97,77.2,-0.23,-0.2979,6607.41,50908.309,0.5492,0.47,71.6077,6.0305,926032.8434
688268.SH,2023-02-23,76.54,77.38,75.67,76.1,76.97,-0.87,-1.1303,8135.31,62174.432,0.6762,0.67,70.7983,5.9624,915565.7968
688268.SH,2023-02-24,76.1,77.3,75.4,75.64,76.1,-0.46,-0.6045,7933.18,60472.758,0.6594,0.8,70.3703,5.9263,910031.4963
688268.SH,2023-02-27,76.4,76.4,73.83,74.61,75.64,-1.03,-1.3617,10529.32,78542.25,0.8752,1.21,69.4121,5.8456,897639.4757
688268.SH,2023-02-28,74.1,74.75,72.8,73.78,74.61,-0.83,-1.1125,13174.34,96803.605,1.095,1.57,68.6399,5.7806,887653.6726
688268.SH,2023-03-01,73.78,74.49,73.01,73.67,73.78,-0.11,-0.1491,9913.3,73157.358,0.824,1.07,68.5376,5.772,886330.253
688268.SH,2023-03-02,73.67,74.7,71.6,71.65,73.67,-2.02,-2.742,16766.42,122004.849,1.3936,1.69,66.6583,5.6137,862027.4552
688268.SH,2023-03-03,72.25,74.2,72.25,73.21,71.65,1.56,2.1773,14962.12,109341.72,1.2436,1.28,68.1096,5.7359,880795.9525
688268.SH,2023-03-06,74.17,77.78,72.71,77.43,73.21,4.22,5.7642,27210.39,206397.63,2.2617,2.08,72.0356,6.0666,931567.1438
688268.SH,2023-03-07,77.13,77.56,74.55,75.11,77.43,-2.32,-2.9963,14798.2,112744.53,1.23,0.9,69.8773,5.8848,903655.0197
688268.SH,2023-03-08,75.12,77.88,74.6,77.05,75.11,1.94,2.5829,15076.31,115362.39,1.2531,0.9,71.6821,6.0368,926995.3304
688268.SH,2023-03-09,77.28,82.78,77.19,80.7,77.05,3.65,4.7372,34660.94,280922.692,2.881,1.95,75.0778,6.3228,970908.8016
688268.SH,2023-03-10,80.7,84.25,79.58,81.68,80.7,0.98,1.2144,38861.29,319569.009,3.2301,1.82,75.9895,6.3995,982699.2678
688268.SH,2023-03-13,80.99,83.6,79.5,80.16,81.68,-1.52,-1.8609,22727.61,183956.12,1.8891,0.87,74.5754,6.2805,964412.0141
688268.SH,2023-03-14,80.12,83.58,78.68,83.23,80.16,3.07,3.8298,31091.13,254545.47,2.5843,1.23,77.4316,6.521,1001347.4542
688268.SH,2023-03-15,83.07,88.88,83.01,85.0,83.23,1.77,2.1266,36238.97,311981.76,3.0122,1.27,79.0782,6.6597,1022642.48
688268.SH,2023-03-16,84.33,86.54,82.42,82.92,85.0,-2.08,-2.4471,27960.69,235465.624,2.3241,0.85,77.1432,6.4967,997617.817
688268.SH,2023-03-17,83.4,86.08,82.68,85.01,82.92,2.09,2.5205,28643.99,242295.948,2.3809,0.91,79.0876,6.6604,1022762.7909
688268.SH,2023-03-20,83.91,88.5,82.0,86.38,85.01,1.37,1.6116,33398.44,287607.347,2.7761,1.14,80.3621,6.7678,1039245.3814
688268.SH,2023-03-21,84.96,86.96,84.36,86.0,86.38,-0.38,-0.4399,23982.45,204691.128,1.9934,0.76,80.0086,6.738,1034673.568
688268.SH,2023-03-22,85.88,86.18,84.08,84.75,86.0,-1.25,-1.4535,18626.08,158224.122,1.5482,0.62,78.8457,6.6401,1019634.708
688268.SH,2023-03-23,85.14,85.29,82.85,84.57,84.75,-0.18,-0.2124,21433.87,180612.566,1.7816,0.81,78.6782,6.626,1017469.1122
688268.SH,2023-03-24,84.09,85.89,82.14,82.49,84.57,-2.08,-2.4595,21266.76,177398.728,1.7677,0.84,76.7431,6.463,992444.4491
688268.SH,2023-03-27,83.82,86.78,83.12,84.41,82.49,1.92,2.3276,25203.46,213468.636,2.0949,1.06,78.5294,6.6134,1015544.1381
688268.SH,2023-03-28,83.74,85.25,81.14,81.5,84.41,-2.91,-3.4475,19426.58,160001.259,1.6147,0.88,75.8221,6.3854,980533.672
688268.SH,2023-03-29,81.32,93.72,80.05,88.9,81.5,7.4,9.0798,58402.4,507826.482,4.8544,2.76,82.7065,6.9652,1069563.7232
688268.SH,2023-03-30,89.72,93.5,89.05,92.21,88.9,3.31,3.7233,49848.9,455057.008,4.1434,1.71,85.7859,7.2246,1109386.6245
688268.SH,2023-03-31,92.8,97.97,91.35,94.86,92.21,2.65,2.8739,51976.48,490732.861,4.3202,1.49,88.2513,7.4322,1141269.0077
688268.SH,2023-04-03,96.5,99.8,93.39,99.19,94.86,4.33,4.5646,44272.19,428238.024,3.6799,1.08,92.2797,7.7714,1193363.6187
688268.SH,2023-04-04,97.5,103.49,96.2,97.67,99.19,-1.52,-1.5324,42988.35,426008.937,3.5732,0.96,90.8656,7.6523,1175076.365
688268.SH,2023-04-06,95.01,106.35,95.01,99.41,97.67,1.74,1.7815,48032.82,480995.179,3.9925,0.97,92.4843,7.7887,1196010.4581
688268.SH,2023-04-07,98.98,103.49,97.11,102.33,99.41,2.92,2.9373,32959.19,328767.035,2.7395,0.69,95.2009,8.0174,1231141.235
688268.SH,2023-04-10,101.45,106.78,98.08,98.1,102.33,-4.23,-4.1337,37887.55,386610.66,3.1492,0.86,91.2656,7.686,1180249.7328
688268.SH,2023-04-11,99.87,101.95,94.88,96.72,98.1,-1.38,-1.4067,35525.68,345892.419,2.9529,0.86,89.9817,7.5779,1163646.8314
688268.SH,2023-04-12,97.19,98.9,94.99,98.35,96.72,1.63,1.6853,24944.58,242627.805,2.0734,0.63,91.4982,7.7056,1183257.5048
688268.SH,2023-04-13,97.0,98.22,93.0,93.75,98.35,-4.6,-4.6772,29989.88,284686.904,2.4927,0.84,87.2187,7.3452,1127914.5
688268.SH,2023-04-14,94.43,102.66,92.15,101.99,93.75,8.24,8.7893,54937.44,540497.56,4.5664,1.7,94.8846,7.9908,1227050.6651
688268.SH,2023-04-17,101.5,106.11,96.3,97.16,101.99,-4.83,-4.7358,40096.52,401288.573,3.3328,1.09,90.3911,7.6124,1168940.5101
688268.SH,2023-04-18,96.96,97.25,93.9,95.88,97.16,-1.28,-1.3174,26167.94,249944.294,2.1751,0.71,89.2003,7.5121,1153540.7174
688268.SH,2023-04-19,96.58,100.46,94.88,97.46,95.88,1.58,1.6479,33670.45,329258.222,2.7987,0.96,90.6702,7.6359,1172549.8365
688268.SH,2023-04-20,97.2,100.98,96.66,100.71,97.46,3.25,3.3347,43090.13,427227.672,3.5816,1.17,93.6938,7.8905,1211650.8725
688268.SH,2023-04-21,100.5,100.5,94.5,97.19,100.71,-3.52,-3.4952,46590.83,455785.223,3.8726,1.18,90.419,7.6147,1169301.4427
688268.SH,2023-04-24,97.5,97.87,88.37,89.0,97.19,-8.19,-8.4268,41641.67,378208.69,3.4612,1.1,82.7996,6.9731,1070766.832
688268.SH,2023-04-25,89.39,89.5,83.0,86.03,89.0,-2.97,-3.3371,42817.66,369581.265,3.559,1.12,80.0365,6.7404,1035034.5006
688268.SH,2023-04-26,81.86,84.78,77.45,78.34,86.03,-7.69,-8.9387,45456.5,364028.676,3.7783,1.09,72.8822,6.1379,942515.4339
688268.SH,2023-04-27,78.0,81.98,77.5,80.37,78.34,2.03,2.5913,28305.88,227200.112,2.3528,0.64,74.7708,6.2969,966938.5426
688268.SH,2023-04-28,81.81,87.27,81.81,84.99,80.37,4.62,5.7484,37939.35,321401.442,3.1535,0.93,49.5789,6.4476,1022522.1691
688268.SH,2023-05-04,83.02,85.19,81.21,81.28,84.99,-3.71,-4.3652,25492.79,211340.895,2.1189,0.65,47.4147,6.1661,977886.8326
688268.SH,2023-05-05,80.98,83.22,79.4,80.35,81.28,-0.93,-1.1442,18950.14,153201.733,1.5751,0.53,46.8722,6.0956,966697.9208
688268.SH,2023-05-08,80.57,80.96,77.5,77.64,80.35,-2.71,-3.3727,20845.09,163974.661,1.7326,0.67,45.2913,5.89,934093.6723
688268.SH,2023-05-09,78.0,78.78,76.03,77.18,77.64,-0.46,-0.5925,17525.31,135635.584,1.4567,0.67,45.023,5.8551,928559.3718
688268.SH,2023-05-10,76.33,77.28,73.5,74.2,77.18,-2.98,-3.8611,27524.27,204819.761,2.2878,1.14,43.2846,5.629,892706.7296
688268.SH,2023-05-11,75.48,77.82,74.12,74.17,74.2,-0.03,-0.0404,16965.59,127379.084,1.4102,0.77,43.2671,5.6268,892345.797
688268.SH,2023-05-12,73.9,75.7,72.5,72.6,74.17,-1.57,-2.1168,19384.66,142772.541,1.6112,0.95,42.3512,5.5077,873456.9888
688268.SH,2023-05-15,72.6,77.58,72.18,76.9,72.6,4.3,5.9229,29462.02,222011.299,2.4489,1.44,44.8596,5.8339,925190.6672
688268.SH,2023-05-16,76.9,82.18,76.88,78.8,76.9,1.9,2.4707,36492.99,290631.8,3.0333,1.65,45.968,5.978,948049.7344
688268.SH,2023-05-17,78.0,82.1,78.0,80.61,78.8,1.81,2.297,33335.47,268261.607,2.7708,1.28,47.0239,6.1153,969826.0037
688268.SH,2023-05-18,79.2,82.5,79.2,81.5,80.61,0.89,1.1041,27938.56,226830.025,2.3222,1.03,47.5431,6.1828,980533.672
688268.SH,2023-05-19,80.88,86.58,80.88,85.84,81.5,4.34,5.3252,32801.92,277139.591,2.7265,1.12,50.0748,6.5121,1032748.5939
688268.SH,2023-05-22,88.0,88.37,83.65,84.38,85.84,-1.46,-1.7008,15986.54,135752.5,1.3288,0.5,49.2231,6.4013,1015183.2054
688268.SH,2023-05-23,83.92,84.37,82.07,82.91,84.38,-1.47,-1.7421,20025.15,166335.527,1.6645,0.68,48.3656,6.2898,997497.5061
688268.SH,2023-05-24,83.03,87.99,82.17,86.21,82.91,3.3,3.9802,29156.31,250093.633,2.4234,1.12,50.2906,6.5401,1037200.0965
688268.SH,2023-05-25,86.52,87.5,83.5,85.1,86.21,-1.11,-1.2876,19213.87,162718.26,1.597,0.76,49.6431,6.4559,1023845.5888
688268.SH,2023-05-26,85.61,87.78,84.91,85.5,85.1,0.4,0.47,16354.28,140798.574,1.3594,0.7,49.8765,6.4863,1028658.024
688268.SH,2023-05-29,85.9,88.76,85.51,86.53,85.5,1.03,1.2047,15535.55,135534.139,1.2913,0.77,50.4773,6.5644,1041050.0446
688268.SH,2023-05-30,86.03,86.96,84.76,86.45,86.53,-0.08,-0.0925,9237.37,79447.086,0.7678,0.46,50.4411,6.5597,1040303.6826
688268.SH,2023-05-31,86.01,87.77,85.58,86.9,86.45,0.45,0.5205,11249.92,97318.9,0.9351,0.63,50.7037,6.5939,1045718.7972
688268.SH,2023-06-01,86.41,87.66,84.76,86.77,86.9,-0.13,-0.1496,9911.35,85509.398,0.8236,0.69,50.6278,6.7648,1044154.4308
688268.SH,2023-06-02,86.88,87.6,82.51,84.95,86.77,-1.82,-2.0975,15425.87,131039.699,1.2819,1.24,49.5659,6.6229,1022253.3006
688268.SH,2023-06-05,85.97,87.3,83.43,83.5,84.95,-1.45,-1.7069,11740.78,99699.192,0.9757,0.96,48.7199,6.5099,1004804.598
688268.SH,2023-06-06,83.26,85.7,82.46,83.61,83.5,0.11,0.1317,14346.63,120769.39,1.1922,1.25,48.7841,6.5185,1006128.2927
688268.SH,2023-06-07,83.23,84.99,82.59,83.16,83.61,-0.45,-0.5382,7448.3,62108.589,0.619,0.59,48.5215,6.4834,1000713.1781
688268.SH,2023-06-08,82.3,83.0,79.0,80.48,83.16,-2.68,-3.2227,15357.47,123584.795,1.2791,1.3,46.9578,6.2744,968463.1622
688268.SH,2023-06-09,81.23,81.88,78.0,81.03,80.48,0.55,0.6834,13405.0,106982.379,1.1165,1.04,47.2787,6.3173,975081.6356
688268.SH,2023-06-12,80.72,83.38,80.0,80.32,81.03,-0.71,-0.8762,11691.42,95455.131,0.9738,0.94,46.8644,6.262,966537.7882
688268.SH,2023-06-13,80.73,82.19,79.33,81.56,80.32,1.24,1.5438,11098.96,89785.162,0.9244,0.89,47.5879,6.3586,981459.4373
688268.SH,2023-06-14,81.3,83.3,80.59,82.18,81.56,0.62,0.7602,10014.29,82275.502,0.8341,0.85,47.9497,6.407,988920.2618
688268.SH,2023-06-15,82.0,83.92,81.11,82.15,82.18,-0.03,-0.0365,12999.59,107589.01,1.0827,1.06,47.9322,6.4046,988559.2542
688268.SH,2023-06-16,82.23,83.48,81.2,82.52,82.15,0.37,0.4504,12362.03,102081.467,1.0296,1.04,48.1481,6.4335,993011.6818
688268.SH,2023-06-19,82.97,85.28,82.0,82.65,82.52,0.13,0.1575,13939.27,116428.436,1.161,1.2,48.2239,6.4436,994576.0482
688268.SH,2023-06-20,82.39,84.2,80.44,80.61,82.65,-2.04,-2.4682,15309.57,124887.323,1.2751,1.27,47.0336,6.2846,970027.5287
688268.SH,2023-06-21,80.3,80.61,77.19,77.3,80.61,-3.31,-4.1062,12665.47,99052.777,1.0549,0.98,45.1024,6.0265,930196.3524
688268.SH,2023-06-26,77.18,79.32,76.7,78.13,77.3,0.83,1.0737,9599.75,74884.12,0.7995,0.71,45.5866,6.0912,940184.2304
688268.SH,2023-06-27,77.97,79.18,76.01,77.0,78.13,-1.13,-1.4463,11185.01,86499.608,0.9316,0.88,44.9273,6.0031,926586.276
688268.SH,2023-06-28,77.01,78.78,75.0,77.68,77.0,0.68,0.8831,11157.89,86118.254,0.9293,0.89,45.3241,6.0562,934769.1158
688268.SH,2023-06-29,78.6,78.8,76.8,77.99,77.68,0.31,0.3991,10130.55,78837.895,0.8437,0.85,45.5049,6.0803,938499.5281
688268.SH,2023-06-30,77.66,81.38,77.01,80.73,77.99,2.74,3.5133,14588.35,116878.087,1.215,1.33,47.1037,6.2939,971471.5592
688268.SH,2023-07-03,80.64,81.82,80.01,81.31,80.73,0.58,0.7184,9353.94,75787.026,0.7791,0.83,47.4421,6.3392,978451.0403
688268.SH,2023-07-04,80.96,82.29,78.88,80.11,81.31,-1.2,-1.4758,14457.94,116030.781,1.2042,1.28,46.7419,6.2456,964010.7347
688268.SH,2023-07-05,79.9,81.2,78.56,78.83,80.11,-1.28,-1.5978,8906.54,70937.911,0.7418,0.75,45.9951,6.1458,948607.742
688268.SH,2023-07-06,78.79,79.89,77.0,77.38,78.43,-1.05,-1.3388,11100.51,86495.634,0.9245,0.97,45.149,6.2259,931159.0394
688268.SH,2023-07-07,77.38,77.8,75.88,77.28,77.38,-0.1,-0.1292,9449.01,72768.4,0.787,0.81,45.0907,6.2179,929955.6806
688268.SH,2023-07-10,76.95,78.48,76.67,77.49,77.28,0.21,0.2717,6249.35,48572.767,0.5205,0.59,45.2132,6.2348,932482.7341
688268.SH,2023-07-11,77.5,79.17,77.49,78.5,77.49,1.01,1.3034,6053.48,47446.352,0.5042,0.6,45.8025,6.3161,944636.658
688268.SH,2023-07-12,78.42,78.48,74.84,75.2,78.5,-3.3,-4.2038,13419.15,102141.842,1.1176,1.61,43.8771,6.0505,904925.8176
688268.SH,2023-07-13,75.48,77.14,75.37,76.85,75.2,1.65,2.1941,10448.89,79909.41,0.8703,1.13,44.8398,6.1833,924781.2378
688268.SH,2023-07-14,77.05,77.99,75.37,75.43,76.85,-1.42,-1.8478,8861.48,67424.435,0.7381,0.97,44.0113,6.0691,907693.5428
688268.SH,2023-07-17,75.52,75.83,73.88,74.96,75.43,-0.47,-0.6231,6959.85,51943.972,0.5797,0.77,43.737,6.0312,902037.7565
688268.SH,2023-07-18,74.1,76.0,74.1,74.35,74.96,-0.61,-0.8138,5826.22,43699.594,0.4853,0.64,43.3811,5.9822,894697.2678
688268.SH,2023-07-19,74.5,74.94,72.75,73.21,74.35,-1.14,-1.5333,7000.54,51461.36,0.5831,0.77,42.716,5.8904,880978.9775
688268.SH,2023-07-20,73.5,73.94,72.67,72.88,73.21,-0.33,-0.4508,5047.89,36924.752,0.4204,0.65,42.5234,5.8639,877007.8934
688268.SH,2023-07-21,72.72,73.29,71.94,72.3,72.88,-0.58,-0.7958,5066.96,36737.371,0.422,0.75,42.185,5.8172,870028.4124
688268.SH,2023-07-24,72.93,72.93,71.7,71.92,72.3,-0.38,-0.5256,3896.96,28077.682,0.3246,0.65,41.9633,5.7866,865455.649
688268.SH,2023-07-25,72.5,73.6,72.11,73.42,71.92,1.5,2.0857,5316.5,38894.53,0.4428,0.99,42.8385,5.9073,883506.031
688268.SH,2023-07-26,74.3,74.3,72.85,73.0,73.42,-0.42,-0.5721,4590.79,33612.856,0.3824,0.87,42.5934,5.8735,878451.924
688268.SH,2023-07-27,73.1,73.37,72.51,73.15,73.0,0.15,0.2055,5469.16,39882.437,0.4555,1.14,42.6809,5.8856,880256.9622
688268.SH,2023-07-28,72.65,73.25,71.75,73.25,73.15,0.1,0.1367,5289.05,38343.752,0.4405,1.09,42.7393,5.8936,881460.321
688268.SH,2023-07-31,73.32,74.22,72.69,73.26,73.25,0.01,0.0137,9921.49,72759.868,0.8263,2.02,42.7451,5.8945,881580.6569
688268.SH,2023-08-01,73.56,74.37,72.7,74.35,73.26,1.09,1.4879,10807.25,79719.919,0.9001,1.77,43.3811,5.9822,894697.2678
688268.SH,2023-08-02,74.25,75.83,73.77,75.36,74.35,1.01,1.3584,8012.59,60166.889,0.6673,1.11,43.9704,6.0634,906851.1917
688268.SH,2023-08-03,75.33,75.41,74.51,75.33,75.36,-0.03,-0.0398,5287.44,39625.643,0.4404,0.67,43.9529,6.061,906490.184
688268.SH,2023-08-04,75.33,75.74,73.89,74.53,75.33,-0.8,-1.062,6061.91,45179.703,0.5049,0.77,43.4861,5.9966,896863.3136
688268.SH,2023-08-07,74.0,74.39,71.84,74.39,74.53,-0.14,-0.1878,14581.57,105822.857,1.2145,1.82,43.4044,5.9854,895178.6113
688268.SH,2023-08-08,73.52,73.52,71.9,72.86,74.39,-1.53,-2.0567,8358.54,60387.545,0.6962,0.93,42.5117,5.8623,876767.2217
688268.SH,2023-08-09,72.01,72.69,71.71,72.02,72.86,-0.84,-1.1529,8537.66,61417.749,0.7111,1.01,42.0216,5.7947,866659.0078
688268.SH,2023-08-10,70.65,70.65,62.2,64.67,72.02,-7.35,-10.2055,28475.27,185036.314,2.3716,3.32,37.7331,4.9129,778212.136
688268.SH,2023-08-11,64.67,64.67,62.5,63.2,64.67,-1.47,-2.2731,15810.84,99984.189,1.3168,1.2,36.8754,4.8012,760522.7616
688268.SH,2023-08-14,62.7,62.94,61.13,62.54,63.2,-0.66,-1.0443,9866.27,61202.951,0.8217,0.65,36.4903,4.7511,752580.5935
688268.SH,2023-08-15,62.79,62.88,58.6,59.19,62.54,-3.35,-5.3566,18347.05,109879.155,1.5281,1.29,34.5357,4.4966,712268.0737
688268.SH,2023-08-16,59.19,59.25,57.71,58.06,59.19,-1.13,-1.9091,9718.71,56703.903,0.8094,0.6,33.8764,4.4108,698670.1193
688268.SH,2023-08-17,57.72,59.59,57.14,59.3,58.06,1.24,2.1357,10333.99,60466.284,0.8607,0.63,34.6423,4.5105,714466.3248
688268.SH,2023-08-18,59.79,61.36,59.51,59.68,59.3,0.38,0.6408,12762.05,77205.742,1.0629,1.0,34.8643,4.5394,719044.6925
688268.SH,2023-08-21,60.01,60.96,59.43,59.71,59.68,0.03,0.0503,6942.16,41759.65,0.5775,0.57,34.8818,4.5287,719406.1426
688268.SH,2023-08-22,59.77,60.8,58.18,60.5,59.71,0.79,1.3231,8153.55,48533.974,0.6783,0.7,35.3433,4.5886,728924.328
688268.SH,2023-08-23,60.73,60.73,57.95,57.99,60.5,-2.51,-4.1488,8188.78,48127.035,0.6812,0.85,33.877,4.3982,698683.0046
688268.SH,2023-08-24,57.8,58.94,57.2,58.44,57.99,0.45,0.776,9192.42,53456.384,0.7647,0.99,34.1399,4.4323,704104.7558
688268.SH,2023-08-25,58.15,58.2,56.5,56.98,58.44,-1.46,-2.4983,11011.9,62927.354,0.916,1.22,33.287,4.3216,686514.1853
688268.SH,2023-08-28,61.0,61.38,59.0,59.0,56.98,2.02,3.5451,14506.54,86926.315,1.2067,1.67,34.467,4.4748,710851.824
688268.SH,2023-08-29,58.68,64.8,58.55,64.2,59.0,5.2,8.8136,24738.86,154635.352,2.0579,2.42,37.5048,4.8692,773503.1712
688268.SH,2023-08-30,64.1,66.38,63.86,65.56,64.2,1.36,2.1184,14551.39,95083.511,1.2105,1.08,38.2993,4.9723,789888.9082
688268.SH,2023-08-31,65.48,66.78,64.41,66.22,65.56,0.66,1.0067,18517.38,122096.273,1.5404,1.25,38.6848,5.0224,797840.8099
688268.SH,2023-09-01,66.63,67.89,65.23,65.79,66.22,-0.43,-0.6494,12424.37,82581.693,1.0335,0.75,38.4336,4.9898,792660.0254
688268.SH,2023-09-04,65.79,66.5,64.92,66.2,65.79,0.41,0.6232,13928.0,91545.506,1.1586,0.82,38.6732,5.0209,797599.8432
688268.SH,2023-09-05,66.55,68.2,66.47,66.85,66.2,0.65,0.9819,15829.17,106310.866,1.3168,0.94,39.0529,5.0702,805431.2616
688268.SH,2023-09-06,66.4,71.32,66.05,71.17,66.85,4.32,6.4622,27514.79,190867.539,2.2888,1.83,41.5766,5.3978,857480.0731
688268.SH,2023-09-07,71.88,72.88,67.7,67.91,71.17,-3.26,-4.5806,28388.35,199002.221,2.3615,1.61,39.6721,5.1506,818202.4978
688268.SH,2023-09-08,68.31,72.59,68.31,70.81,67.91,2.9,4.2704,31644.26,224985.715,2.6323,1.61,41.3663,5.3705,853142.6722
688268.SH,2023-09-11,72.01,72.01,68.0,68.91,70.81,-1.9,-2.6832,41043.94,284121.262,3.4143,1.75,40.2563,5.2264,830250.8338
688268.SH,2023-09-12,68.18,68.66,65.62,67.74,68.91,-1.17,-1.6979,24990.33,167453.301,2.0788,0.87,39.5728,5.1377,816154.2806
688268.SH,2023-09-13,66.66,68.06,65.8,66.6,67.74,-1.14,-1.6829,14494.17,96484.939,1.2057,0.47,38.9068,5.0512,802419.1776
688268.SH,2023-09-14,65.8,67.11,65.56,66.25,66.6,-0.35,-0.5255,12456.22,82690.725,1.0362,0.44,38.7024,5.0247,798202.26
688268.SH,2023-09-15,66.1,69.5,65.12,67.85,66.25,1.6,2.4151,22060.61,148223.905,1.8351,0.89,39.6371,5.146,817479.5976
688268.SH,2023-09-18,66.66,67.22,65.3,65.86,67.85,-1.99,-2.9329,17416.1,115099.073,1.4488,0.76,38.4745,4.9951,793503.409
688268.SH,2023-09-19,65.67,68.69,65.08,67.31,65.86,1.45,2.2016,19411.48,130263.59,1.6148,1.06,39.3216,5.1051,810973.4962
688268.SH,2023-09-20,66.8,67.58,65.61,65.93,67.31,-1.38,-2.0502,11088.22,73544.615,0.9224,0.65,38.5154,5.0004,794346.7925
688268.SH,2023-09-21,65.0,66.69,65.0,65.98,65.93,0.05,0.0758,6843.69,45222.661,0.5693,0.42,38.5446,5.0042,794949.2093
688268.SH,2023-09-22,65.67,67.19,65.3,67.16,65.98,1.18,1.7884,9395.55,62363.358,0.7816,0.61,39.234,5.0937,809166.2458
688268.SH,2023-09-25,66.3,68.65,66.3,67.9,67.16,0.74,1.1018,16007.19,108410.493,1.3316,1.25,39.6663,5.1498,818082.0144
688268.SH,2023-09-26,67.68,67.68,66.06,66.3,67.9,-1.6,-2.3564,6626.58,44122.169,0.5512,0.53,38.7316,5.0285,798804.6768
688268.SH,2023-09-27,66.28,67.28,66.0,66.07,66.3,-0.23,-0.3469,6878.23,45701.247,0.5722,0.69,38.5972,5.011,796033.5595
688268.SH,2023-09-28,66.01,68.59,65.82,67.7,66.07,1.63,2.4671,12286.89,82773.41,1.0221,1.34,39.5494,5.1346,815672.3472
688268.SH,2023-10-09,68.5,68.64,66.68,66.9,67.7,-0.8,-1.1817,8725.49,58773.2,0.7258,0.85,39.0821,5.074,806033.6784
688268.SH,2023-10-10,67.86,68.6,65.98,66.37,66.9,-0.53,-0.7922,11465.91,76594.277,0.9538,1.13,38.7725,5.0338,799648.286
688268.SH,2023-10-11,65.96,67.23,65.6,66.7,66.37,0.33,0.4972,12218.74,81195.55,1.0164,1.33,38.9653,5.0588,803624.238
688268.SH,2023-10-12,66.71,70.34,65.17,69.95,66.7,3.25,4.8726,22322.06,150037.133,1.8569,2.16,40.8639,5.3053,842781.341
688268.SH,2023-10-13,69.0,69.88,67.9,69.39,69.95,-0.56,-0.8006,18036.09,123904.614,1.5003,1.35,40.5367,5.2628,836034.271
688268.SH,2023-10-16,69.39,70.37,67.69,68.52,69.39,-0.87,-1.2538,14952.15,102952.248,1.2438,1.03,40.0285,5.1968,825552.2157
688268.SH,2023-10-17,68.52,69.21,66.67,67.32,68.52,-1.2,-1.7513,10488.31,70646.962,0.8725,0.66,39.3275,5.1058,811094.2084
688268.SH,2023-10-18,67.27,67.85,65.27,65.28,67.32,-2.04,-3.0303,9595.42,63446.734,0.7982,0.61,38.1357,4.9511,786515.596
688268.SH,2023-10-19,65.28,67.86,65.03,65.99,65.28,0.71,1.0876,10430.33,69580.505,0.8677,0.69,38.5505,5.0049,795069.917
688268.SH,2023-10-20,65.9,67.42,65.21,66.13,65.99,0.14,0.2122,8612.6,57055.117,0.7164,0.68,38.6323,5.0156,796756.6845
688268.SH,2023-10-23,66.0,66.2,62.67,63.2,66.13,-2.93,-4.4307,9488.7,60669.727,0.7893,0.88,36.9206,4.7933,761455.0501
688268.SH,2023-10-24,63.62,65.95,62.6,64.88,63.2,1.68,2.6582,6210.57,40085.037,0.5166,0.64,37.902,4.9208,781696.2603
688268.SH,2023-10-25,64.88,66.41,64.5,65.0,64.88,0.12,0.185,5905.74,38645.693,0.4913,0.67,37.9721,4.9299,783142.061
688268.SH,2023-10-26,64.55,65.01,61.8,62.99,65.0,-2.01,-3.0923,10251.15,64856.659,0.8527,1.26,36.7979,4.7774,758924.8988
688268.SH,2023-10-27,63.0,66.26,61.84,65.95,62.99,2.96,4.6992,18560.01,119095.464,1.5439,2.29,38.5271,4.852,794587.9834
688268.SH,2023-10-30,65.5,69.17,65.3,68.4,65.95,2.45,3.7149,12774.49,86553.519,1.0627,1.27,39.9584,5.0323,824106.415
688268.SH,2023-10-31,69.16,70.4,68.8,69.61,68.4,1.21,1.769,15667.46,109166.254,1.3033,1.46,40.6652,5.1213,838684.9056
688268.SH,2023-11-01,69.03,70.15,68.4,69.84,69.61,0.23,0.3304,7604.35,52892.097,0.6326,0.6,40.7996,5.1382,841456.0237
688268.SH,2023-11-02,69.97,69.97,68.01,68.35,69.84,-1.49,-2.1334,9181.98,63258.286,0.7638,0.71,39.9292,5.0286,823503.998
688268.SH,2023-11-03,68.69,70.64,68.21,70.29,68.35,1.94,2.8383,10250.84,71604.313,0.8527,0.8,41.0625,5.1713,846877.7764
688268.SH,2023-11-06,70.85,71.49,69.59,71.38,70.29,1.09,1.5507,14360.49,101539.94,1.1946,1.29,41.6993,5.2515,860010.4664
688268.SH,2023-11-07,70.93,71.6,70.2,71.0,71.38,-0.38,-0.5324,6425.59,45538.378,0.5345,0.56,41.4773,5.2235,855432.0974
688268.SH,2023-11-08,70.5,72.58,70.15,71.97,71.0,0.97,1.3662,7681.38,54913.038,0.639,0.8,42.0439,5.2949,867118.9866
688268.SH,2023-11-09,72.97,73.99,71.3,71.53,71.97,-0.44,-0.6114,11766.35,85460.988,0.9788,1.23,41.7869,5.2625,861817.7173
688268.SH,2023-11-10,71.53,72.66,71.01,71.75,71.53,0.22,0.3076,7924.36,57063.369,0.6592,0.78,41.9154,5.2787,864468.352
688268.SH,2023-11-13,72.39,72.4,71.19,71.96,71.75,0.21,0.2927,5020.59,36005.467,0.4176,0.52,42.0381,5.2942,866998.5032
688268.SH,2023-11-14,72.0,72.6,71.19,71.76,71.96,-0.2,-0.2779,5089.23,36568.619,0.4233,0.66,41.9212,5.2795,864588.8353
688268.SH,2023-11-15,72.44,72.83,71.36,71.88,71.76,0.12,0.1672,5637.58,40563.77,0.469,0.75,41.9913,5.2883,866034.6361
688268.SH,2023-11-16,71.68,72.26,70.65,70.65,71.88,-1.23,-1.7112,6895.61,49016.899,0.5736,0.97,41.2728,5.1978,851215.1786
688268.SH,2023-11-17,70.99,71.4,70.28,71.07,70.65,0.42,0.5945,4991.02,35390.772,0.4152,0.82,41.5182,5.2287,856275.4812
688268.SH,2023-11-20,71.71,77.6,71.67,77.3,71.07,6.23,8.766,25594.04,191869.357,2.1291,4.63,45.1576,5.687,931336.6356
688268.SH,2023-11-21,76.0,76.97,74.58,76.15,77.3,-1.15,-1.4877,15128.21,114719.607,1.2584,1.57,44.4858,5.6024,917481.0453
688268.SH,2023-11-22,76.0,76.0,73.0,73.42,76.15,-2.73,-3.585,11418.05,84656.567,0.9498,0.98,42.891,5.4016,884589.0787
688268.SH,2023-11-23,73.57,74.97,72.9,74.72,73.42,1.3,1.7706,7634.02,56613.052,0.635,0.6,43.6504,5.4972,900251.92
688268.SH,2023-11-24,74.08,75.23,73.71,74.36,74.72,-0.36,-0.4818,5874.57,43868.768,0.4887,0.45,43.4401,5.4707,895914.5178
688268.SH,2023-11-27,73.16,77.65,73.12,76.51,74.36,2.15,2.8913,9420.46,71870.571,0.7836,0.72,44.6961,5.6289,921818.4475
688268.SH,2023-11-28,76.56,78.86,75.5,76.43,76.51,-0.08,-0.1046,8059.5,62258.092,0.6704,0.81,44.6494,5.623,920854.5803
688268.SH,2023-11-29,76.4,77.57,74.68,76.24,76.43,-0.19,-0.2486,7960.64,60349.92,0.6622,0.94,44.5384,5.6091,918565.3959
688268.SH,2023-11-30,75.99,75.99,74.08,74.68,76.24,-1.56,-2.0462,5616.21,42107.355,0.4672,0.72,43.6271,5.4943,899769.9864
688268.SH,2023-12-01,74.68,75.43,73.66,74.56,74.68,-0.12,-0.1607,5732.41,42785.824,0.4769,0.78,43.557,5.4855,898324.1857
688268.SH,2023-12-04,75.15,75.99,73.93,74.48,74.56,-0.08,-0.1073,8822.02,66003.847,0.7339,1.2,43.5102,5.4796,897360.3185
688268.SH,2023-12-05,74.0,75.59,73.16,73.54,74.48,-0.94,-1.2621,6407.49,47432.508,0.533,0.89,42.9611,5.4104,886034.8795
688268.SH,2023-12-06,73.87,74.5,71.19,71.82,73.54,-1.72,-2.3389,11912.24,86424.66,0.9909,1.72,41.9563,5.2839,865311.7357
688268.SH,2023-12-07,71.34,72.34,69.8,70.41,71.82,-1.41,-1.9632,14862.87,105078.849,1.2364,1.93,41.1326,5.1801,848323.5772
688268.SH,2023-12-08,70.11,70.86,68.77,69.42,70.41,-0.99,-1.4061,20851.01,144729.397,1.7345,2.18,40.5542,5.1073,836395.7211
688268.SH,2023-12-11,69.07,69.65,67.53,69.48,69.42,0.06,0.0864,11400.14,78152.529,0.9483,0.91,40.5893,5.1117,837118.6215
688268.SH,2023-12-12,69.67,70.1,68.61,68.86,69.48,-0.62,-0.8923,5325.97,36899.672,0.443,0.41,40.2271,5.0661,829648.6511
688268.SH,2023-12-13,69.1,69.45,67.64,67.79,68.86,-1.07,-1.5539,6529.52,44606.857,0.5432,0.51,39.602,4.9874,816756.9279
688268.SH,2023-12-14,67.93,68.6,67.08,67.32,67.79,-0.47,-0.6933,4859.01,33001.636,0.4042,0.41,39.3275,4.9528,811094.2084
688268.SH,2023-12-15,67.94,68.25,66.63,66.69,67.32,-0.63,-0.9358,3845.33,25847.054,0.3199,0.39,38.9594,4.9065,803503.7546
688268.SH,2023-12-18,66.53,66.97,65.13,65.44,66.69,-1.25,-1.8743,4478.05,29440.116,0.3725,0.7,38.2292,4.8145,788443.3303
688268.SH,2023-12-19,65.81,66.75,65.0,65.83,65.44,0.39,0.596,5328.14,35083.474,0.4432,1.06,38.457,4.8432,793142.1827
688268.SH,2023-12-20,65.83,66.81,65.1,65.12,65.83,-0.71,-1.0785,3131.02,20486.352,0.2605,0.63,38.0422,4.7909,784587.8617
688268.SH,2023-12-21,65.1,66.29,64.17,65.38,65.12,0.26,0.3993,3799.75,24775.81,0.3161,0.88,38.1941,4.8101,787720.43
688268.SH,2023-12-22,65.32,65.64,64.21,64.56,65.38,-0.82,-1.2542,6599.13,42745.724,0.549,1.6,37.7151,4.7497,777840.7917
688268.SH,2023-12-25,64.56,65.35,63.99,64.33,64.56,-0.23,-0.3563,2587.21,16625.791,0.2152,0.55,37.5807,4.7328,775069.6736
688268.SH,2023-12-26,64.63,64.63,62.4,62.82,64.33,-1.51,-2.3473,4153.35,26264.966,0.3455,0.97,36.6986,4.6217,756876.6811
688268.SH,2023-12-27,63.24,65.88,62.36,64.68,62.82,1.86,2.9608,7298.39,47112.579,0.6071,1.8,37.7852,4.7586,779286.5924
688268.SH,2023-12-28,64.63,66.31,63.82,65.63,64.68,0.95,1.4688,6625.19,43362.699,0.5511,1.36,38.3402,4.8285,790732.5148
688268.SH,2023-12-29,65.62,68.4,65.3,67.38,65.63,1.75,2.6665,6860.68,46278.922,0.5707,1.26,39.3625,4.9572,811817.1088
688268.SH,2024-01-02,67.4,67.42,66.08,66.4,67.38,-0.98,-1.4544,5537.11,36877.649,0.4606,1.01,38.79,4.8851,800009.7362
688268.SH,2024-01-03,66.25,66.59,64.08,65.05,66.4,-1.35,-2.0331,6731.16,43850.139,0.5599,1.1,38.0014,4.7858,783744.9138
688268.SH,2024-01-04,65.0,65.28,63.51,63.72,65.05,-1.33,-2.0446,4642.68,29786.25,0.3862,0.7,37.2244,4.6879,767720.6135
688268.SH,2024-01-05,63.52,64.14,62.22,62.41,63.72,-1.31,-2.0559,5175.14,32635.936,0.4305,0.85,36.4591,4.5915,751937.2801
688268.SH,2024-01-08,61.01,61.01,56.62,56.73,62.41,-5.68,-9.1011,13190.45,76000.232,1.0973,2.28,33.1409,4.1737,683502.6743
688268.SH,2024-01-09,57.0,58.6,56.7,57.17,56.73,0.44,0.7756,6782.69,38982.29,0.5642,0.96,33.398,4.206,688803.9465
688268.SH,2024-01-10,56.87,57.3,55.26,55.43,57.17,-1.74,-3.0436,9087.86,51015.999,0.756,1.24,32.3815,4.078,667839.8243
688268.SH,2024-01-11,55.5,57.18,54.38,56.59,55.43,1.16,2.0927,10663.81,59204.813,0.8871,1.37,33.0591,4.1634,681815.9058
688268.SH,2024-01-12,56.35,56.5,54.53,55.04,56.59,-1.55,-2.739,10005.54,55251.9,0.8323,1.11,32.1537,4.0493,663140.9693
688268.SH,2024-01-15,54.94,55.4,53.9,54.4,55.04,-0.64,-1.1628,7793.72,42511.179,0.6483,0.78,31.7822,4.0026,655480.6198
688268.SH,2024-01-16,54.82,54.82,52.94,53.98,54.4,-0.42,-0.7721,8393.68,45044.903,0.6982,0.95,31.5369,3.9717,650419.9239
688268.SH,2024-01-17,53.53,54.15,52.5,52.6,53.98,-1.38,-2.5565,10129.11,54003.08,0.8425,1.1,30.7306,3.8694,633791.9229
688268.SH,2024-01-18,52.59,52.63,50.16,51.8,52.6,-0.8,-1.5209,14273.97,72935.825,1.1873,1.52,30.2632,3.8106,624152.502
688268.SH,2024-01-19,52.0,52.91,51.58,51.72,51.8,-0.08,-0.1544,8711.13,45517.131,0.7246,0.86,30.2165,3.8047,623188.5599
688268.SH,2024-01-22,51.71,51.74,47.87,48.12,51.72,-3.6,-6.9606,9993.22,49780.609,0.8312,1.01,28.1133,3.5399,579811.1659
688268.SH,2024-01-23,47.28,50.75,47.28,50.05,48.12,1.93,4.0108,15286.12,75772.31,1.2715,1.48,29.2408,3.6819,603066.2688
688268.SH,2024-01-24,50.0,50.55,47.83,50.55,50.05,0.5,0.999,8944.41,43791.178,0.744,0.77,29.5329,3.7186,609090.9069
688268.SH,2024-01-25,49.8,51.73,48.77,51.5,50.55,0.95,1.8793,13496.16,68205.834,1.1226,1.18,30.088,3.7885,620537.7192
688268.SH,2024-01-26,51.5,51.5,49.39,50.44,51.5,-1.06,-2.0583,9093.62,45734.197,0.7564,0.81,29.4687,3.7105,607765.4865
688268.SH,2024-01-29,50.03,55.49,47.68,55.49,50.44,5.05,10.0119,11178.14,54917.92,0.9298,0.98,32.419,4.082,668614.3308
688268.SH,2024-01-30,49.8,49.8,46.0,46.46,55.49,-9.03,-16.2732,23934.65,112449.72,1.9909,2.06,27.1434,3.4178,559809.3676
688268.SH,2024-01-31,45.46,45.87,43.39,43.79,46.46,-2.67,-5.7469,18307.83,81557.335,1.5228,1.37,25.5835,3.2213,527637.8004
688268.SH,2024-02-01,43.79,45.06,42.33,44.3,43.79,0.51,1.1646,14047.17,61619.085,1.1684,0.92,25.8815,3.2589,533782.9312
688268.SH,2024-02-02,44.56,44.56,39.98,41.26,44.3,-3.04,-6.8623,16171.21,68164.898,1.3451,1.06,24.1054,3.0352,497153.1319
688268.SH,2024-02-05,37.72,40.87,37.51,40.6,41.26,-0.66,-1.5996,17568.83,69117.044,1.4614,1.05,23.7198,2.9867,489200.6097
688268.SH,2024-02-06,38.81,44.1,37.53,43.0,40.6,2.4,5.9113,20148.52,82937.797,1.6759,1.12,25.122,3.1632,518118.8723
688268.SH,2024-02-07,43.06,44.89,42.22,44.25,43.0,1.25,2.907,18335.96,80910.369,1.5252,1.06,25.8523,3.2552,533180.4674
688268.SH,2024-02-08,43.36,48.68,43.36,47.5,44.25,3.25,7.3446,20698.43,97373.711,1.7217,1.2,27.751,3.4943,572340.6148
688268.SH,2024-02-19,47.62,49.3,45.92,46.96,47.5,-0.54,-1.1368,16817.5,79522.603,1.3989,0.9,27.4355,3.4545,565834.0057
688268.SH,2024-02-20,47.25,47.33,45.95,47.04,46.96,0.08,0.1704,6717.01,31322.114,0.5587,0.36,27.4823,3.4604,566797.9477
688268.SH,2024-02-21,46.84,48.24,46.16,47.18,47.04,0.14,0.2976,12964.55,61500.55,1.0784,0.78,27.5641,3.4707,568484.8464
688268.SH,2024-02-22,46.88,48.5,46.8,48.07,47.18,0.89,1.8864,11978.38,57087.687,0.9963,0.79,28.084,3.5362,579208.7021
688268.SH,2024-02-23,48.9,49.41,48.13,48.84,48.07,0.77,1.6018,15255.47,74233.702,1.2689,1.1,28.5339,3.5928,588486.6447
688268.SH,2024-02-26,48.47,49.96,47.5,48.88,48.84,0.04,0.0819,16871.86,82075.26,1.4034,1.32,28.5573,3.5958,588968.6158
688268.SH,2024-02-27,48.53,50.99,48.28,50.99,48.88,2.11,4.3167,15021.17,74792.103,1.2494,1.18,29.79,3.751,614392.5883
688268.SH,2024-02-28,51.01,52.3,47.01,47.13,50.99,-3.86,-7.5701,21911.45,109355.296,1.8226,1.52,27.5349,3.467,567882.3826
688268.SH,2024-02-29,46.65,50.55,46.56,50.37,47.13,3.24,6.8746,19111.28,94381.588,1.5897,1.18,29.4278,3.7054,606922.0372
688268.SH,2024-03-01,52.05,52.3,50.0,50.85,50.37,0.48,0.9529,21258.72,108449.601,1.7683,1.21,29.7082,3.7407,612705.6897
688268.SH,2024-03-04,50.78,52.29,50.0,50.93,50.85,0.08,0.1573,18303.11,93368.298,1.5224,0.97,29.7549,3.7466,613669.6318
688268.SH,2024-03-05,50.9,50.9,49.15,49.6,50.93,-1.33,-2.6114,15112.28,75101.433,1.257,0.79,28.9779,3.6488,597644.0946
688268.SH,2024-03-06,49.29,50.5,48.35,49.38,49.6,-0.22,-0.4435,11040.68,54438.029,0.9184,0.58,28.8494,3.6326,594993.2538
688268.SH,2024-03-07,49.85,50.96,49.08,49.24,49.38,-0.14,-0.2835,18192.89,91174.512,1.5133,1.07,28.7676,3.6223,593306.3552
688268.SH,2024-03-08,49.15,50.02,48.66,49.77,49.24,0.53,1.0764,11401.46,56398.629,0.9484,0.68,29.0772,3.6613,599692.4715
688268.SH,2024-03-11,49.5,50.49,48.81,50.47,49.77,0.7,1.4065,11660.5,58389.954,0.9699,0.79,29.4862,3.7128,608126.9648
688268.SH,2024-03-12,50.47,52.6,50.28,51.29,50.47,0.82,1.6247,21695.81,111081.928,1.8046,1.61,29.9653,3.7731,618007.3712
688268.SH,2024-03-13,51.5,51.83,50.6,50.88,51.29,-0.41,-0.7994,13596.59,69502.634,1.1309,0.92,29.7257,3.7429,613067.168
688268.SH,2024-03-14,50.78,51.07,49.56,50.15,50.88,-0.73,-1.4347,9642.04,48447.613,0.802,0.63,29.2992,3.6892,604271.1964
688268.SH,2024-03-15,50.0,50.79,49.5,50.53,50.15,0.38,0.7577,8346.66,41895.05,0.6943,0.61,29.5213,3.7172,608849.9213
688268.SH,2024-03-18,50.89,52.29,50.4,52.11,50.53,1.58,3.1269,12763.08,65463.22,1.0616,0.98,30.4443,3.8334,627887.7776
688268.SH,2024-03-19,51.89,52.28,51.5,51.6,52.11,-0.51,-0.9787,9486.87,49223.035,0.7891,0.72,30.1464,3.7959,621742.6468
688268.SH,2024-03-20,51.88,53.18,51.6,52.28,51.6,0.68,1.3178,11797.63,61680.238,0.9813,1.1,30.5437,3.8459,629936.1545
688268.SH,2024-03-21,53.3,53.9,51.45,51.64,52.28,-0.64,-1.2242,12823.33,67338.118,1.0666,1.23,30.1698,3.7988,622224.6178
688268.SH,2024-03-22,51.82,52.44,50.7,51.01,51.64,-0.63,-1.22,10243.77,52746.558,0.8521,0.93,29.8017,3.7525,614633.5739
688268.SH,2024-03-25,50.99,51.32,48.91,48.92,51.01,-2.09,-4.0972,12907.26,64366.599,1.0736,1.13,28.5806,3.5987,589450.5868
688268.SH,2024-03-26,48.67,49.85,46.86,47.78,48.92,-1.14,-2.3303,15567.12,74652.099,1.2949,1.36,27.9146,3.5149,575714.4121
688268.SH,2024-03-27,47.68,47.78,45.5,45.5,47.78,-2.28,-4.7719,10282.39,47662.232,0.8553,0.81,26.5826,3.3471,548242.0626
688268.SH,2024-03-28,45.5,47.41,45.29,46.66,45.5,1.16,2.5495,11778.0,54587.911,0.9797,0.95,27.2603,3.4325,562219.2228
688268.SH,2024-03-29,46.75,46.85,45.68,46.25,46.66,-0.41,-0.8787,8344.0,38510.141,0.694,0.69,27.0207,3.4023,557279.0196
688268.SH,2024-04-01,47.2,48.36,47.19,48.33,46.25,2.08,4.4973,10852.06,51825.682,0.9027,0.92,28.2359,3.5553,582341.5139
688268.SH,2024-04-02,48.35,48.4,47.2,47.97,48.33,-0.36,-0.7449,6956.77,33267.018,0.5787,0.61,28.0256,3.5288,578003.7745
688268.SH,2024-04-03,47.97,48.09,46.61,46.93,47.97,-1.04,-2.168,9746.81,45987.141,0.8107,1.01,27.4181,3.4523,565473.7476
688268.SH,2024-04-08,46.75,46.75,44.22,44.27,46.93,-2.66,-5.668,12403.71,55994.549,1.0317,1.3,25.864,3.2566,533422.604
688268.SH,2024-04-09,44.38,45.79,44.18,45.39,44.27,1.12,2.5299,14488.39,65313.511,1.2051,1.5,26.5184,3.339,546917.8223
688268.SH,2024-04-10,45.3,45.3,43.66,44.01,45.39,-1.38,-3.0403,9231.15,40862.824,0.7678,0.85,25.7121,3.2375,530289.7854
688268.SH,2024-04-11,43.72,44.7,43.37,43.74,44.01,-0.27,-0.6135,9655.21,42520.163,0.8031,0.91,25.5544,3.2176,527036.4739
688268.SH,2024-04-12,44.1,45.21,43.81,44.58,43.74,0.84,1.9204,13390.06,59502.309,1.1138,1.21,31.3916,3.2285,537157.8876
688268.SH,2024-04-15,44.58,45.49,43.68,44.31,44.58,-0.27,-0.6057,11753.86,52309.068,0.9777,0.99,31.2015,3.2089,533904.5761
688268.SH,2024-04-16,43.98,43.98,42.25,42.35,44.31,-1.96,-4.4234,13198.72,56927.116,1.0979,1.13,29.8213,3.067,510287.9439
688268.SH,2024-04-17,43.0,44.19,42.71,44.07,42.35,1.72,4.0614,10053.09,43896.165,0.8362,0.88,31.0325,3.1916,531012.7435
688268.SH,2024-04-18,43.98,45.18,43.48,44.43,44.07,0.36,0.8169,11159.74,49685.147,0.9283,0.96,31.286,3.2176,535350.4923
688268.SH,2024-04-19,44.21,44.83,43.5,44.31,44.43,-0.12,-0.2701,8085.89,35659.468,0.6726,0.68,31.2015,3.2089,533904.5761
688268.SH,2024-04-22,44.0,44.77,42.92,44.46,44.31,0.15,0.3385,6109.83,26882.265,0.5082,0.56,31.3071,3.2198,535711.9714
688268.SH,2024-04-23,44.46,45.3,44.16,44.95,44.46,0.49,1.1021,7530.61,33760.948,0.6264,0.77,31.6521,3.2553,541616.1294
688268.SH,2024-04-24,44.95,47.48,44.95,47.03,44.95,2.08,4.6274,13932.96,65028.649,1.1589,1.62,33.1168,3.4059,566678.6778
688268.SH,2024-04-25,47.03,47.85,46.62,46.92,47.03,-0.11,-0.2339,8246.29,38920.33,0.6859,0.88,33.0393,3.398,565353.2545
688268.SH,2024-04-26,46.6,48.84,46.57,48.75,46.92,1.83,3.9003,14819.03,71182.309,1.2326,1.69,34.3279,3.437,587403.4774
688268.SH,2024-04-29,48.41,52.32,48.31,51.99,48.75,3.24,6.6462,20479.41,104088.582,1.7035,2.02,36.6094,3.6654,626443.2162
688268.SH,2024-04-30,52.44,52.6,51.21,51.74,51.99,-0.25,-0.4809,12899.62,66978.927,1.073,0.99,36.4334,3.6478,623430.8907
688268.SH,2024-05-06,52.77,53.09,51.74,52.97,51.74,1.23,2.3773,12992.71,68330.177,1.0807,0.92,37.2995,3.7345,638251.5322
688268.SH,2024-05-07,52.8,54.49,52.77,54.28,52.97,1.31,2.4731,13159.16,71262.216,1.0946,0.95,38.222,3.8269,654036.118
688268.SH,2024-05-08,54.3,54.65,53.02,53.5,54.28,-0.78,-1.437,10755.74,57808.618,0.8946,0.72,37.6727,3.7719,644637.6624
688268.SH,2024-05-09,53.51,54.69,53.12,53.58,53.5,0.08,0.1495,12414.86,66698.598,1.0327,0.88,37.729,3.7775,645601.6065
688268.SH,2024-05-10,53.6,53.65,51.75,51.92,53.58,-1.66,-3.0982,11522.58,60185.392,0.9584,0.93,36.5601,3.6605,625599.765
688268.SH,2024-05-13,52.49,52.57,51.08,51.47,51.92,-0.45,-0.8667,9567.89,49557.526,0.7958,0.79,36.2433,3.6288,620177.5791
688268.SH,2024-05-14,51.65,52.21,50.8,51.0,51.47,-0.47,-0.9132,6296.69,32190.817,0.5238,0.55,35.9123,3.5956,614514.4071
688268.SH,2024-05-15,50.91,51.17,50.15,50.58,51.0,-0.42,-0.8235,4441.33,22538.0,0.3694,0.44,35.6166,3.566,609453.7002
688268.SH,2024-05-16,51.13,51.13,50.0,50.35,50.58,-0.23,-0.4547,6702.8,33850.562,0.5575,0.76,35.4546,3.5498,606682.3607
688268.SH,2024-05-17,50.59,51.5,49.9,51.45,50.35,1.1,2.1847,6175.12,31314.981,0.5136,0.8,36.2292,3.6273,619936.593
688268.SH,2024-05-20,51.31,52.39,51.22,52.35,51.45,0.9,1.7493,8464.54,43974.494,0.7041,1.28,36.8629,3.6908,630780.9649
688268.SH,2024-05-21,52.56,52.56,50.88,51.32,52.35,-1.03,-1.9675,7428.66,38152.28,0.6179,1.16,36.1376,3.6182,618370.1838
688268.SH,2024-05-22,51.68,51.83,50.2,50.68,51.32,-0.64,-1.2471,7050.97,35705.187,0.5865,1.06,35.687,3.5731,610658.6304
688268.SH,2024-05-23,50.69,50.86,49.55,49.82,50.68,-0.86,-1.6969,6492.3,32456.223,0.54,0.91,35.0814,3.5124,600296.2306
688268.SH,2024-05-24,49.8,49.81,48.15,48.69,49.82,-1.13,-2.2682,10312.09,50426.062,0.8577,1.45,34.2857,3.4328,586680.5192
688268.SH,2024-05-27,45.08,49.49,45.08,49.24,48.69,0.55,1.1296,19954.3,94730.284,1.6598,2.51,34.673,3.4715,593307.6354
688268.SH,2024-05-28,49.2,52.18,48.81,50.73,49.24,1.49,3.026,21916.32,111453.981,1.823,2.14,35.7222,3.5766,611261.0955
688268.SH,2024-05-29,50.5,51.42,49.35,49.67,50.73,-1.06,-2.0895,9078.83,45638.468,0.7552,0.69,34.9758,3.5019,598488.8353
688268.SH,2024-05-30,49.47,50.96,49.27,50.94,49.67,1.27,2.5569,7654.67,38688.869,0.6367,0.56,35.8701,3.5914,613791.449
688268.SH,2024-05-31,50.4,51.49,50.36,50.81,50.94,-0.13,-0.2552,5424.49,27584.321,0.4512,0.39,35.7785,3.5822,612225.0397
688268.SH,2024-06-03,50.82,52.85,50.51,52.29,50.81,1.48,2.9128,14690.99,76708.762,1.222,1.15,36.8207,3.6866,630058.0068
688268.SH,2024-06-04,52.2,52.54,50.89,52.19,52.29,-0.1,-0.1912,9306.85,47999.644,0.7741,0.79,36.7503,3.6795,628853.0766
688268.SH,2024-06-05,51.6,53.33,51.6,52.05,52.19,-0.14,-0.2683,8220.78,43178.648,0.6838,0.89,36.6517,3.6696,627166.1743
688268.SH,2024-06-06,51.84,54.49,51.84,51.95,52.05,-0.1,-0.1921,18847.46,100651.539,1.5677,2.08,36.5813,3.6626,625961.2441
688268.SH,2024-06-07,51.46,53.6,51.18,51.44,51.95,-0.51,-0.9817,10375.86,54325.266,0.8631,0.92,36.2221,3.6266,619816.1
688268.SH,2024-06-11,50.95,54.9,50.7,54.12,51.44,2.68,5.21,23364.09,123508.078,1.9434,1.9,38.1093,3.8156,652108.2297
688268.SH,2024-06-12,53.84,54.89,53.0,54.21,54.12,0.09,0.1663,15108.73,81731.86,1.2567,1.08,38.1727,3.8219,653192.6668
688268.SH,2024-06-13,54.3,56.49,54.2,56.33,54.21,2.12,3.9107,21528.04,119453.247,1.7907,1.42,39.6299,3.9781,678128.8233
688268.SH,2024-06-14,55.8,56.29,54.38,55.86,56.33,-0.47,-0.8344,18199.48,100588.072,1.5138,1.02,39.2993,3.9449,672470.7273
688268.SH,2024-06-17,55.3,58.69,55.15,58.0,55.86,2.14,3.831,16491.63,94401.617,1.3718,0.93,40.8048,4.0961,698233.1218
688268.SH,2024-06-18,57.52,58.79,56.53,57.25,58.0,-0.75,-1.2931,10842.53,62093.433,0.9019,0.57,40.2772,4.0431,689204.2452
688268.SH,2024-06-19,57.3,57.8,56.0,56.15,57.25,-1.1,-1.9214,14897.86,84538.019,1.2392,0.91,39.5033,3.9654,675961.8929
688268.SH,2024-06-20,55.0,57.45,54.81,55.78,56.15,-0.37,-0.6589,12420.79,69913.712,1.0331,0.76,39.243,3.9393,671507.6471
688268.SH,2024-06-21,54.83,56.24,54.55,55.04,55.78,-0.74,-1.3266,9691.21,53494.918,0.8061,0.67,38.7224,3.887,662599.1556
688268.SH,2024-06-24,55.3,56.2,53.15,53.2,55.04,-1.84,-3.343,14246.18,77697.816,1.185,1.11,37.4279,3.7571,640448.3117
688268.SH,2024-06-25,52.89,53.64,51.27,51.47,53.2,-1.73,-3.2519,11563.44,60259.051,0.9618,0.93,36.2108,3.6349,619621.7031
688268.SH,2024-06-26,51.48,52.76,51.03,52.39,51.47,0.92,1.7874,8953.59,46519.714,0.7447,0.71,36.858,3.6999,630697.125
688268.SH,2024-06-27,51.96,54.0,51.96,52.16,52.39,-0.23,-0.439,12771.25,67592.944,1.0623,1.12,36.6962,3.6836,627928.2695
688268.SH,2024-06-28,52.12,53.48,51.03,51.61,52.16,-0.55,-1.0544,10700.47,56085.093,0.8901,0.93,36.3093,3.6448,621307.0934
688268.SH,2024-07-01,51.61,52.24,49.82,51.56,51.61,-0.05,-0.0969,9493.11,48399.163,0.7896,0.82,36.2741,3.6413,620705.1683
688268.SH,2024-07-02,51.26,51.3,50.38,50.62,51.56,-0.94,-1.8231,6190.05,31420.091,0.5149,0.58,35.6128,3.5749,609388.9763
688268.SH,2024-07-03,50.5,51.5,49.43,50.12,50.62,-0.5,-0.9878,9569.74,48128.008,0.796,0.99,35.261,3.5396,603369.7253
688268.SH,2024-07-04,49.84,50.56,48.65,48.85,50.12,-1.27,-2.5339,7773.39,38428.514,0.6466,0.8,34.3675,3.4499,588080.8276
688268.SH,2024-07-05,48.3,48.74,46.01,48.05,48.35,-0.3,-0.6205,12380.21,58703.57,1.0298,1.42,33.8047,3.5169,578450.0259
688268.SH,2024-07-08,48.0,48.63,46.81,46.97,48.05,-1.08,-2.2477,8583.07,40999.515,0.7139,0.95,33.0449,3.4379,565448.4436
688268.SH,2024-07-09,46.71,49.15,46.6,48.9,46.97,1.93,4.109,9661.2,46450.537,0.8036,1.09,34.4027,3.5792,588682.7527
688268.SH,2024-07-10,48.67,49.58,48.04,48.31,48.9,-0.59,-1.2065,5926.21,28954.824,0.4929,0.62,33.9876,3.536,581580.0365
688268.SH,2024-07-11,49.14,49.57,48.0,48.6,48.31,0.29,0.6003,13955.42,67875.793,1.1608,1.57,34.1916,3.5572,585071.2021
688268.SH,2024-07-12,48.9,49.56,47.88,49.33,48.6,0.73,1.5021,10225.19,49959.324,0.8505,1.01,34.7052,3.6106,593859.3086
688268.SH,2024-07-15,49.39,51.0,48.97,49.68,49.33,0.35,0.7095,12876.25,64688.887,1.071,1.33,34.9515,3.6362,598072.7843
688268.SH,2024-07-16,49.68,51.1,48.73,51.08,49.68,1.4,2.818,10491.57,52537.638,0.8727,1.0,35.9364,3.7387,614926.6873
688268.SH,2024-07-17,51.14,51.39,50.19,50.66,51.08,-0.42,-0.8222,7543.35,38228.183,0.6274,0.71,35.6409,3.708,609870.5164
688268.SH,2024-07-18,50.38,51.7,49.17,51.27,50.66,0.61,1.2041,10749.71,54409.249,0.8941,0.98,36.0701,3.7526,617214.0027
688268.SH,2024-07-19,51.7,53.66,51.2,52.82,51.27,1.55,3.0232,14193.17,74819.193,1.1806,1.37,37.1605,3.8661,635873.6809
688268.SH,2024-07-22,52.5,52.95,52.02,52.49,52.82,-0.33,-0.6248,8591.87,45026.764,0.7147,0.77,36.9284,3.8419,631900.9752
688268.SH,2024-07-23,52.5,52.9,48.7,48.83,52.49,-3.66,-6.9728,12503.74,62902.18,1.04,1.21,34.3535,3.574,587840.0575
688268.SH,2024-07-24,48.55,49.43,47.84,47.92,48.83,-0.91,-1.8636,7285.86,35443.157,0.606,0.68,33.7132,3.5074,576885.0206
688268.SH,2024-07-25,47.45,48.91,47.32,47.5,47.92,-0.42,-0.8765,5989.6,28758.182,0.4982,0.56,33.4178,3.4767,571828.8498
688268.SH,2024-07-26,47.5,48.16,47.07,47.66,47.5,0.16,0.3368,5018.97,23898.145,0.4175,0.52,33.5303,3.4884,573755.0101
688268.SH,2024-07-29,47.67,47.93,46.51,46.66,47.66,-1.0,-2.0982,7666.49,36024.867,0.6377,0.97,32.8268,3.4152,561716.508
688268.SH,2024-07-30,46.75,47.57,46.18,47.12,46.66,0.46,0.9859,7380.58,34641.736,0.6139,0.96,33.1504,3.4489,567254.219
688268.SH,2024-07-31,47.16,50.75,46.72,50.75,47.12,3.63,7.7037,18282.78,89969.311,1.5207,2.74,35.7042,3.7146,610953.9816
688268.SH,2024-08-01,51.0,51.5,50.11,50.28,50.75,-0.47,-0.9261,7522.99,38172.663,0.6258,0.85,35.3736,3.6802,605295.8856
688268.SH,2024-08-02,50.0,50.01,48.01,48.26,50.28,-2.02,-4.0175,6872.04,33682.849,0.5716,0.75,33.9524,3.5323,580978.1113
688268.SH,2024-08-05,48.01,48.68,46.75,46.83,48.26,-1.43,-2.9631,10131.36,48123.091,0.8427,1.06,32.9464,3.4276,563763.0533
688268.SH,2024-08-06,47.19,48.18,46.74,47.34,46.83,0.51,1.089,4784.11,22626.537,0.3979,0.48,33.3052,3.465,569902.6894
688268.SH,2024-08-07,47.1,47.78,46.92,47.14,47.34,-0.2,-0.4225,3869.34,18302.6,0.3218,0.41,33.1645,3.4503,567494.989
688268.SH,2024-08-08,46.91,48.19,46.3,47.53,47.14,0.39,0.8273,5503.02,26008.008,0.4577,0.83,33.4389,3.4789,572190.0048
688268.SH,2024-08-09,48.0,48.75,46.67,46.67,47.53,-0.86,-1.8094,4787.15,22752.607,0.3982,0.77,32.8338,3.4159,561836.893
688268.SH,2024-08-12,46.33,46.68,44.78,45.21,46.67,-1.46,-3.1283,10831.09,49170.702,0.9009,1.86,31.8067,3.3091,544260.6799
688268.SH,2024-08-13,45.5,45.69,44.43,45.41,45.21,0.2,0.4424,6221.27,27924.238,0.5175,1.04,31.9474,3.3237,546668.3804
688268.SH,2024-08-14,45.4,45.4,43.66,43.76,45.41,-1.65,-3.6336,9264.8,41151.786,0.7706,1.48,30.7865,3.2029,526804.8519
688268.SH,2024-08-15,43.71,44.85,43.05,43.83,43.76,0.07,0.16,6123.38,26856.589,0.5093,0.84,30.8358,3.2081,527647.547
688268.SH,2024-08-16,43.72,44.5,43.7,43.72,43.83,-0.11,-0.251,5011.42,22048.674,0.4168,0.67,30.7584,3.2,526323.3118
688268.SH,2024-08-19,43.75,44.37,43.27,43.4,43.72,-0.32,-0.7319,4750.48,20740.403,0.3951,0.63,30.5333,3.1766,522470.9911
688268.SH,2024-08-20,44.0,44.0,41.31,41.89,43.4,-1.51,-3.4793,13580.51,57196.54,1.1296,2.16,29.4709,3.0661,504292.853
688268.SH,2024-08-21,41.5,42.17,40.83,41.31,41.89,-0.58,-1.3846,6571.56,27195.559,0.5466,0.85,29.0629,3.0236,497310.5218
688268.SH,2024-08-22,41.3,41.78,39.88,40.78,41.31,-0.53,-1.283,9714.37,39282.16,0.808,1.35,28.69,2.9848,490930.1156
688268.SH,2024-08-23,40.55,40.68,39.86,40.38,40.78,-0.4,-0.9809,5143.52,20717.872,0.4278,0.65,28.4086,2.9556,486114.7148
688268.SH,2024-08-26,40.18,41.45,40.18,40.91,40.38,0.53,1.3125,6297.27,25823.05,0.5238,0.79,28.7815,2.9943,492495.1209
688268.SH,2024-08-27,40.64,41.08,40.08,40.25,40.91,-0.66,-1.6133,3445.29,13921.907,0.2866,0.42,28.3171,2.946,484549.7095
688268.SH,2024-08-28,40.24,41.13,39.9,40.7,40.25,0.45,1.118,4162.13,16910.648,0.3462,0.67,28.6337,2.979,489967.0355
688268.SH,2024-08-29,40.47,42.0,40.29,41.91,40.7,1.21,2.973,6243.29,25914.482,0.5193,1.09,29.485,3.0675,504533.623
688268.SH,2024-08-30,43.0,46.69,42.06,44.81,41.91,2.9,6.9196,27201.07,120904.104,2.2626,5.38,31.5253,3.1719,539445.2791
688268.SH,2024-09-02,44.97,45.09,43.03,43.12,44.81,-1.69,-3.7715,17724.24,77837.824,1.4743,1.87,30.3363,3.0523,519100.2106
688268.SH,2024-09-03,43.0,44.21,43.0,43.63,43.12,0.51,1.1827,6194.55,27052.403,0.5153,0.53,30.6951,3.0884,525239.8466
688268.SH,2024-09-04,43.02,45.15,43.02,44.19,43.63,0.56,1.2835,12702.68,56191.766,1.0566,1.03,31.0891,3.128,531981.4078
688268.SH,2024-09-05,44.11,44.54,43.51,43.8,44.19,-0.39,-0.8826,6190.1,27272.315,0.5149,0.44,30.8147,3.1004,527286.392
688268.SH,2024-09-06,43.89,44.3,42.52,42.63,43.8,-1.17,-2.6712,7652.75,32952.71,0.6365,0.55,29.9916,3.0176,513201.3445
688268.SH,2024-09-09,42.65,43.2,41.9,41.98,42.63,-0.65,-1.5247,5714.92,24264.392,0.4754,0.57,29.5343,2.9716,505376.3182
688268.SH,2024-09-10,42.0,42.62,41.31,42.6,41.98,0.62,1.4769,7604.38,31939.18,0.6325,0.99,29.9704,3.0155,512840.1895
688268.SH,2024-09-11,42.9,43.02,41.97,42.22,42.6,-0.38,-0.892,7994.78,33842.504,0.665,1.0,29.7031,2.9886,508265.5587
688268.SH,2024-09-12,42.35,42.39,41.03,41.19,42.22,-1.03,-2.4396,10921.09,45515.668,0.9084,1.55,28.9785,2.9157,495865.9015
688268.SH,2024-09-13,41.1,41.37,40.5,40.52,41.19,-0.67,-1.6266,8015.69,32788.236,0.6667,1.0,28.5071,2.8683,487800.1051
688268.SH,2024-09-18,41.42,42.0,40.1,40.57,40.52,0.05,0.1234,11738.89,47936.763,0.9764,1.46,28.5423,2.8718,488402.0302
688268.SH,2024-09-19,40.9,41.39,40.01,40.2,40.57,-0.37,-0.912,19941.37,80827.636,1.6587,2.15,28.282,2.8456,483947.7844
688268.SH,2024-09-20,40.19,40.63,39.32,39.61,40.2,-0.59,-1.4677,12096.44,48225.406,1.0062,1.03,27.8669,2.8038,476845.0682
688268.SH,2024-09-23,39.61,40.0,38.97,39.44,39.61,-0.17,-0.4292,9417.02,37161.33,0.7833,0.75,27.7473,2.7918,474798.5228
688268.SH,2024-09-24,39.78,41.59,39.44,41.4,39.44,1.96,4.9696,15270.56,62035.095,1.2702,1.25,29.1262,2.9305,498393.9869
688268.SH,2024-09-25,42.0,42.85,41.42,41.51,41.4,0.11,0.2657,17914.05,75555.627,1.4901,1.31,29.2036,2.9383,499718.2222
688268.SH,2024-09-26,41.39,44.17,41.05,43.91,41.51,2.4,5.7817,19616.78,83672.865,1.6317,1.31,30.8921,3.1082,528610.6272
688268.SH,2024-09-27,44.42,47.08,44.16,46.89,43.91,2.98,6.7866,15868.05,72229.128,1.3199,1.07,32.9886,3.3192,564485.3635
688268.SH,2024-09-30,49.03,54.4,48.0,54.38,46.89,7.49,15.9736,36111.77,186671.042,3.0037,2.31,38.2581,3.8493,654653.7442
688268.SH,2024-10-08,65.2,65.2,57.01,64.39,54.38,10.01,18.4075,57821.4,360318.922,4.8095,2.76,45.3004,4.5579,775159.1502
688268.SH,2024-10-09,62.0,63.47,55.38,57.0,64.39,-7.39,-11.4769,62207.36,371154.049,5.1743,2.11,40.1013,4.0348,686194.8249
688268.SH,2024-10-10,57.51,58.89,55.34,56.45,57.0,-0.55,-0.9649,32659.39,187609.851,2.7166,0.85,39.7144,3.9959,679573.6468
688268.SH,2024-10-11,55.5,56.48,50.52,50.91,56.45,-5.54,-9.814,32382.3,171020.719,2.6935,0.79,35.8168,3.6037,612880.3252
688268.SH,2024-10-14,51.2,52.98,49.68,52.91,50.91,2.0,3.9285,25142.51,129729.683,2.0913,0.57,37.2239,3.7453,636957.3366
688268.SH,2024-10-15,52.92,54.25,52.03,52.03,52.91,-0.88,-1.6632,21278.65,112867.478,1.7699,0.51,36.6048,3.683,626363.4516
688268.SH,2024-10-16,51.51,53.06,51.05,51.93,52.03,-0.1,-0.1922,15139.54,79086.819,1.2593,0.44,36.5344,3.6759,625159.601
688268.SH,2024-10-17,52.31,53.05,51.51,51.55,51.93,-0.38,-0.7318,13527.33,70890.296,1.1252,0.53,36.2671,3.649,620584.9688
688268.SH,2024-10-18,51.55,58.48,51.15,55.63,51.55,4.08,7.9146,38851.74,212819.127,3.2316,1.81,39.1375,3.9378,669702.0721
688268.SH,2024-10-21,56.36,59.88,55.5,56.56,55.63,0.93,1.6718,40404.56,231935.199,3.3608,1.77,39.7918,4.0037,680897.8824
688268.SH,2024-10-22,57.14,58.48,56.0,56.8,56.56,0.24,0.4243,32250.33,183982.2,2.6825,1.25,39.9606,4.0206,683787.1238
688268.SH,2024-10-23,56.51,56.98,55.0,55.48,56.8,-1.32,-2.3239,30009.78,168373.641,2.4962,1.07,39.0319,3.9272,667896.2962
688268.SH,2024-10-24,55.08,55.93,54.74,55.33,55.48,-0.15,-0.2704,15746.13,87171.48,1.3097,0.51,38.9264,3.9166,666090.5204
688268.SH,2024-10-25,55.61,56.94,54.83,56.49,55.33,1.16,2.0965,18167.39,101570.943,1.5111,0.58,39.7425,3.9987,680055.187
688268.SH,2024-10-28,56.59,56.59,55.21,56.24,56.49,-0.25,-0.4426,13875.74,77643.239,1.1542,0.51,39.5666,3.981,677045.5606
688268.SH,2024-10-29,56.0,57.22,55.14,55.4,56.24,-0.84,-1.4936,17639.83,98709.769,1.4673,0.8,38.9757,3.9215,666933.2158
688268.SH,2024-10-30,54.1,54.18,51.85,52.55,55.4,-2.85,-5.1444,31618.74,166553.714,2.63,1.66,36.9706,3.6392,632623.4745
688268.SH,2024-10-31,52.2,53.68,50.73,52.98,52.55,0.43,0.8183,26332.64,137891.572,2.1903,1.36,37.2731,3.669,637800.032
688268.SH,2024-11-01,53.02,53.86,51.53,52.51,52.98,-0.47,-0.8871,23854.27,125680.488,1.9842,1.11,36.9425,3.6364,632141.9343
688268.SH,2024-11-04,52.07,53.83,51.58,53.2,52.51,0.69,1.314,15651.69,83161.79,1.3019,0.69,37.4279,3.6842,640448.5032
688268.SH,2024-11-05,52.8,55.48,52.8,55.2,53.2,2.0,3.7594,23269.95,126925.846,1.9356,1.01,38.835,3.8227,664525.5146
688268.SH,2024-11-06,55.5,56.35,54.41,55.06,55.2,-0.14,-0.2536,24905.53,137741.699,2.0716,1.03,38.7365,3.813,662840.1238
688268.SH,2024-11-07,55.0,56.3,54.52,56.08,55.06,1.02,1.8525,23416.93,130012.499,1.9478,1.03,39.4541,3.8836,675119.3997
688268.SH,2024-11-08,56.52,59.2,56.52,58.08,56.08,2.0,3.5663,42059.43,244634.872,3.4984,1.89,40.8611,4.0221,699196.4111
688268.SH,2024-11-11,58.37,61.58,58.11,60.76,58.08,2.68,4.6143,45895.93,277073.715,3.8176,1.77,42.7466,4.2077,731459.6063
688268.SH,2024-11-12,60.75,61.3,57.5,58.15,60.76,-2.61,-4.2956,43385.51,256688.537,3.6088,1.36,40.9104,4.027,700039.1065
688268.SH,2024-11-13,57.52,58.58,56.7,58.08,58.15,-0.07,-0.1204,21297.73,122889.781,1.7715,0.59,40.8611,4.0221,699196.4111
688268.SH,2024-11-14,58.0,58.0,55.38,55.62,58.08,-2.46,-4.2355,20916.34,118426.267,1.7398,0.59,39.1304,3.8518,669581.687
688268.SH,2024-11-15,55.62,56.0,53.13,53.13,55.62,-2.49,-4.4768,20191.2,110058.561,1.6795,0.58,37.3786,3.6793,639605.8078
688268.SH,2024-11-18,53.55,53.88,51.55,52.09,53.13,-1.04,-1.9575,16497.0,86514.155,1.3722,0.54,36.647,3.6073,627085.7619
688268.SH,2024-11-19,52.6,54.29,52.03,54.08,52.09,1.99,3.8203,13758.25,72925.432,1.1444,0.56,38.047,3.7451,651042.3883
688268.SH,2024-11-20,53.73,55.14,53.6,54.5,54.08,0.42,0.7766,15799.56,85713.294,1.3142,0.85,38.3425,3.7742,656098.5607
688268.SH,2024-11-21,54.37,54.82,52.62,53.0,54.5,-1.5,-2.7523,19329.16,103580.316,1.6078,1.11,37.2872,3.6703,638040.8021
688268.SH,2024-11-22,53.05,54.2,51.2,51.25,53.0,-1.75,-3.3019,19430.91,102651.76,1.6162,1.14,36.056,3.5492,616973.4171
688268.SH,2024-11-25,50.9,52.52,50.69,51.67,51.25,0.42,0.8195,12305.29,63347.782,1.0235,0.73,36.3515,3.5782,622029.5895
688268.SH,2024-11-26,51.32,52.0,50.6,50.81,51.67,-0.86,-1.6644,9780.12,50160.299,0.8135,0.61,35.7465,3.5187,611676.4746
688268.SH,2024-11-27,50.63,51.9,49.01,51.9,50.81,1.09,2.1452,16209.78,81501.56,1.3483,1.06,36.5133,3.5942,624798.4458
688268.SH,2024-11-28,51.66,52.39,51.26,51.85,51.9,-0.05,-0.0963,11639.98,60308.298,0.9682,0.76,36.4781,3.5907,624196.5205
688268.SH,2024-11-29,51.96,53.23,50.81,52.2,51.85,0.35,0.675,15092.9,78721.899,1.2554,1.09,36.7244,3.6149,628409.9975
688268.SH,2024-12-02,52.2,53.09,51.75,52.76,52.2,0.56,1.0728,13192.34,69301.753,1.0973,1.01,37.1183,3.6537,635151.5607
688268.SH,2024-12-03,52.8,53.5,51.85,52.38,52.76,-0.38,-0.7202,13523.53,71243.692,1.1249,1.03,36.851,3.6274,630576.9286
688268.SH,2024-12-04,52.83,53.32,51.33,51.52,52.38,-0.86,-1.6418,14897.0,77737.912,1.2391,1.07,36.246,3.5678,620223.8137
688268.SH,2024-12-05,51.12,52.08,51.12,51.66,51.52,0.14,0.2717,8176.3,42245.975,0.6801,0.6,36.3445,3.5775,621909.2045
688268.SH,2024-12-06,51.74,52.44,50.5,52.15,51.66,0.49,0.9485,15062.58,77900.017,1.2529,1.16,36.6892,3.6115,627808.0723
688268.SH,2024-12-09,52.15,52.38,51.02,51.4,52.15,-0.75,-1.4382,9649.35,49893.284,0.8026,0.74,36.1615,3.5595,618779.193
688268.SH,2024-12-10,52.85,53.38,51.51,51.6,51.4,0.2,0.3891,17810.75,93611.344,1.4815,1.45,36.3022,3.5734,621186.8941
688268.SH,2024-12-11,51.69,52.95,51.69,52.35,51.6,0.75,1.4535,11401.77,59703.799,0.9484,0.87,36.8299,3.6253,630215.7734
688268.SH,2024-12-12,52.4,52.84,51.61,52.35,52.35,0.0,0.0,10221.26,53249.651,0.8502,0.82,36.8299,3.6253,630215.7734
688268.SH,2024-12-13,52.05,52.19,51.15,51.21,52.35,-1.14,-2.1777,12593.01,64842.275,1.0475,0.98,36.0279,3.5464,616491.8769
688268.SH,2024-12-16,51.1,51.47,50.51,50.72,51.21,-0.49,-0.9568,9485.32,48246.149,0.789,0.77,35.6831,3.5124,610593.0091
688268.SH,2024-12-17,50.52,51.01,49.89,49.9,50.72,-0.82,-1.6167,7812.04,39268.625,0.6498,0.64,35.1062,3.4557,600721.4344
688268.SH,2024-12-18,49.89,50.66,49.81,50.0,49.9,0.1,0.2004,7522.62,37754.946,0.6257,0.73,35.1766,3.4626,601925.285
688268.SH,2024-12-19,49.51,50.13,49.1,49.95,50.0,-0.05,-0.1,15305.63,75916.205,1.2731,1.61,35.1414,3.4591,601323.3597
688268.SH,2024-12-20,49.71,51.75,49.51,50.96,49.95,1.01,2.022,14809.12,75297.543,1.2318,1.4,35.852,3.5291,613482.2505
688268.SH,2024-12-23,50.85,51.16,49.02,49.18,50.96,-1.78,-3.4929,19154.58,95183.581,1.5933,1.74,34.5997,3.4058,592053.7103
688268.SH,2024-12-24,49.17,49.47,47.91,48.95,49.18,-0.23,-0.4677,18636.59,90523.577,1.5502,1.44,34.4379,3.3899,589284.854
688268.SH,2024-12-25,48.95,48.96,47.52,47.7,48.95,-1.25,-2.5536,12361.48,59518.859,1.0282,0.82,33.5585,3.3033,574236.7219
688268.SH,2024-12-26,47.71,48.6,47.61,48.22,47.7,0.52,1.0901,12662.83,60937.33,1.0533,0.79,33.9243,3.3393,580496.7449
688268.SH,2024-12-27,48.26,48.88,47.96,47.98,48.22,-0.24,-0.4977,12049.85,58384.692,1.0023,0.78,33.7555,3.3227,577607.5035
688268.SH,2024-12-30,47.92,48.46,47.01,47.48,47.98,-0.5,-1.0421,10605.5,50572.205,0.8822,0.71,33.4037,3.2881,571588.2506
688268.SH,2024-12-31,47.56,47.77,45.87,45.92,47.48,-1.56,-3.2856,14402.3,66917.546,1.198,1.09,32.3062,3.18,552808.1817
688268.SH,2025-01-02,45.87,46.2,44.17,44.57,45.92,-1.35,-2.9399,11943.6,53997.75,0.9935,0.96,31.3564,3.0865,536556.199
688268.SH,2025-01-03,44.77,45.15,43.62,43.75,44.57,-0.82,-1.8398,10793.84,47877.77,0.8978,0.88,30.7796,3.0297,526685.2544
688268.SH,2025-01-06,43.6,44.19,43.08,43.37,43.75,-0.38,-0.8686,9795.35,42740.026,0.8148,0.82,30.5122,3.0034,522110.6167
688268.SH,2025-01-07,43.58,44.01,43.01,43.92,43.37,0.55,1.2682,8692.74,37879.843,0.7231,0.76,30.8992,3.0415,528731.8028
688268.SH,2025-01-08,43.83,44.2,42.4,43.79,43.92,-0.13,-0.296,10498.05,45472.696,0.8732,0.94,30.8077,3.0325,527166.7952
688268.SH,2025-01-09,43.73,44.42,43.36,43.88,43.79,0.09,0.2055,7611.04,33480.417,0.6331,0.74,30.871,3.0387,528250.262
688268.SH,2025-01-10,44.0,44.67,42.88,42.88,43.88,-1.0,-2.2789,8886.35,39091.945,0.7392,0.94,30.1675,2.9695,516211.7419
688268.SH,2025-01-13,42.25,43.48,42.2,43.2,42.88,0.32,0.7463,10916.26,46793.899,0.908,1.2,30.3926,2.9917,520064.0683
688268.SH,2025-01-14,43.69,44.75,43.19,44.67,43.2,1.47,3.4028,13518.32,59647.98,1.1244,1.45,31.4268,3.0935,537760.6929
688268.SH,2025-01-15,44.67,44.74,44.01,44.03,44.67,-0.64,-1.4327,6872.05,30401.174,0.5716,0.67,30.9765,3.0491,530056.04
688268.SH,2025-01-16,44.26,45.12,44.0,44.31,44.03,0.28,0.6359,8906.14,39622.352,0.7408,0.93,31.1735,3.0685,533426.8256
688268.SH,2025-01-17,44.24,45.5,44.17,45.02,44.31,0.71,1.6023,10995.9,49287.078,0.9146,1.12,31.673,3.1177,541974.1749
688268.SH,2025-01-20,45.25,45.46,44.77,45.23,45.02,0.21,0.4665,9174.54,41432.591,0.7631,0.9,31.8208,3.1322,544502.2641
688268.SH,2025-01-21,45.88,45.88,44.71,45.22,45.23,-0.01,-0.0221,7763.4,35017.105,0.6457,0.78,31.8137,3.1315,544381.8789
688268.SH,2025-01-22,45.12,45.48,44.56,44.75,45.22,-0.47,-1.0394,8319.23,37322.405,0.692,0.95,31.4831,3.099,538723.7745
688268.SH,2025-01-23,45.25,45.66,44.23,44.27,44.75,-0.48,-1.0726,13668.31,61378.736,1.1369,1.51,31.1454,3.0658,532945.2848
688268.SH,2025-01-24,44.22,44.91,44.1,44.81,44.27,0.54,1.2198,10331.03,46114.399,0.8593,1.03,31.5253,3.1032,539446.0857
688268.SH,2025-01-27,44.58,44.98,43.88,43.9,44.81,-0.91,-2.0308,10408.18,46067.755,0.8657,1.06,30.8851,3.0401,528491.0324
688268.SH,2025-02-05,44.53,44.85,43.94,44.16,43.9,0.26,0.5923,10497.05,46672.126,0.8731,1.04,31.068,3.0581,531621.0476
688268.SH,2025-02-06,44.04,45.85,44.0,45.82,44.16,1.66,3.7591,15024.86,68007.745,1.2497,1.41,32.2359,3.1731,551604.991
688268.SH,2025-02-07,45.9,47.11,45.75,46.3,45.82,0.48,1.0476,16203.8,75286.532,1.3478,1.35,32.5736,3.2063,557383.4806
688268.SH,2025-02-10,46.75,46.8,46.08,46.28,46.3,-0.02,-0.0432,20859.7,96627.522,1.7351,1.67,32.5595,3.205,557142.7102
688268.SH,2025-02-11,46.29,46.6,45.0,45.38,46.28,-0.9,-1.9447,20222.98,91885.41,1.6821,1.39,31.9263,3.1426,546308.0421
688268.SH,2025-02-12,45.4,46.67,44.99,46.66,45.38,1.28,2.8206,20570.44,94239.757,1.711,1.24,32.8268,3.2313,561717.3479
688268.SH,2025-02-13,46.52,46.8,45.75,45.75,46.66,-0.91,-1.9503,15261.25,70384.901,1.2694,0.82,32.1866,3.1682,550762.2946
688268.SH,2025-02-14,45.7,46.26,45.5,46.14,45.75,0.39,0.8525,13679.04,62777.269,1.1378,0.73,32.461,3.1953,555457.3174
688268.SH,2025-02-17,46.14,46.3,45.6,45.86,46.14,-0.28,-0.6068,15076.72,69213.518,1.2541,0.83,32.264,3.1759,552086.5318
688268.SH,2025-02-18,46.02,46.78,45.05,45.16,45.86,-0.7,-1.5264,17539.34,80676.881,1.4589,1.03,31.7715,3.1274,543659.5677
688268.SH,2025-02-19,45.02,46.5,45.02,46.47,45.16,1.31,2.9008,20303.35,93618.448,1.6888,1.24,32.6932,3.2181,559430.029
688268.SH,2025-02-20,46.44,47.1,46.28,46.89,46.47,0.42,0.9038,17113.23,80048.118,1.4235,1.05,32.9886,3.2472,564486.2075
688268.SH,2025-02-21,47.08,48.29,46.38,48.12,46.89,1.23,2.6232,25633.81,121814.173,2.1322,1.53,33.854,3.3324,579293.5872
688268.SH,2025-02-24,48.3,48.58,47.73,48.16,48.12,0.04,0.0831,19191.83,92355.944,1.5963,1.0,33.8821,3.3351,579775.128
688268.SH,2025-02-25,47.5,49.13,47.47,48.32,48.16,0.16,0.3322,22282.57,107600.105,1.8534,1.12,33.9947,3.3462,581701.2912
688268.SH,2025-02-26,49.56,49.88,48.56,49.11,48.32,0.79,1.6349,27795.63,136869.194,2.312,1.33,34.5505,3.4009,591211.7221
688268.SH,2025-02-27,48.95,49.88,48.69,49.54,49.11,0.43,0.8756,23848.17,117299.929,1.9837,1.06,34.853,3.4307,596388.2858
688268.SH,2025-02-28,49.33,49.88,48.08,48.36,49.54,-1.18,-2.3819,25294.21,123576.398,2.1039,1.07,34.0228,3.349,582182.832
688268.SH,2025-03-03,48.66,49.15,48.07,48.26,48.36,-0.1,-0.2068,18175.19,88378.991,1.5118,0.77,33.9525,3.3421,580978.98
688268.SH,2025-03-04,47.99,49.29,47.53,49.15,48.26,0.89,1.8442,22306.86,108556.581,1.8555,0.95,34.5786,3.4037,591693.2629
688268.SH,2025-03-05,49.2,49.99,48.79,49.25,49.15,0.1,0.2035,18966.73,93481.528,1.5776,0.81,34.649,3.4106,592897.1149
688268.SH,2025-03-06,49.59,50.18,49.27,49.74,49.25,0.49,0.9949,26182.67,130580.146,2.1778,1.21,34.9937,3.4446,598795.9898
688268.SH,2025-03-07,49.93,49.96,48.55,48.8,49.74,-0.94,-1.8898,20141.54,98939.734,1.6753,0.91,34.3324,3.3795,587479.7809
688268.SH,2025-03-10,48.37,49.69,48.3,48.86,48.8,0.06,0.123,13106.86,64191.388,1.0902,0.62,34.3746,3.3836,588202.0921
688268.SH,2025-03-11,48.59,49.98,48.21,49.36,48.86,0.5,1.0233,13850.16,68023.615,1.152,0.69,34.7264,3.4182,594221.3521
688268.SH,2025-03-12,49.38,49.96,48.98,49.01,49.36,-0.35,-0.7091,18571.83,91757.717,1.5448,1.01,34.4801,3.394,590007.8701
688268.SH,2025-03-13,48.78,48.84,47.61,47.95,49.01,-1.06,-2.1628,15162.99,72892.137,1.2612,0.83,33.7344,3.3206,577247.0388
688268.SH,2025-03-14,48.07,48.72,47.6,48.67,47.95,0.72,1.5016,12178.14,58956.403,1.013,0.75,34.2409,3.3705,585914.7733
688268.SH,2025-03-17,48.67,48.96,48.39,48.95,48.67,0.28,0.5753,12081.02,58861.465,1.0049,0.83,34.4379,3.3899,589285.5589
688268.SH,2025-03-18,49.02,49.58,48.5,48.86,48.95,-0.09,-0.1839,11211.6,55008.995,0.9326,0.78,34.3746,3.3836,588202.0921
688268.SH,2025-03-19,48.42,48.83,47.78,47.87,48.86,-0.99,-2.0262,12890.56,62012.447,1.0722,0.93,33.6781,3.3151,576283.9572
688268.SH,2025-03-20,47.98,48.15,47.56,47.63,47.87,-0.24,-0.5014,9323.26,44610.596,0.7755,0.73,33.5093,3.2984,573394.7124
688268.SH,2025-03-21,47.51,47.63,46.51,46.6,47.63,-1.03,-2.1625,12502.09,58713.275,1.0399,1.08,32.7846,3.2271,560995.0367
688268.SH,2025-03-24,46.6,47.05,45.64,46.64,46.6,0.04,0.0858,12992.59,60286.527,1.0807,1.12,32.8128,3.2299,561476.5775
688268.SH,2025-03-25,46.83,47.33,46.08,47.02,46.64,0.38,0.8148,8717.25,40744.078,0.7251,0.74,33.0801,3.2562,566051.2151
688268.SH,2025-03-26,46.78,47.5,46.51,47.05,47.02,0.03,0.0638,8898.1,41993.746,0.7401,0.79,33.1012,3.2583,566412.3707
688268.SH,2025-03-27,46.9,52.25,46.65,50.85,47.05,3.8,8.0765,74349.99,374572.942,6.1843,7.09,35.7746,3.5214,612158.7471
688268.SH,2025-03-28,50.95,51.85,48.8,49.3,50.85,-1.55,-3.0482,48796.05,242975.565,4.0588,2.08,34.6842,3.4141,593499.0409
688268.SH,2025-03-31,49.28,52.1,49.05,51.69,49.3,2.39,4.8479,74885.85,382628.289,6.2289,2.44,36.3656,3.5796,622271.104
688268.SH,2025-04-01,50.97,53.2,50.5,51.66,51.69,-0.03,-0.058,59483.7,308587.833,4.9478,1.38,36.3445,3.5775,621909.9484
688268.SH,2025-04-02,53.17,55.5,51.19,51.71,51.66,0.05,0.0968,61313.61,323580.362,5.1,1.15,36.3797,3.493,622512.1846
688268.SH,2025-04-03,49.92,52.52,49.65,50.46,51.71,-1.25,-2.4173,49073.04,248300.7,4.0818,0.77,35.5003,3.4085,607464.027
688268.SH,2025-04-07,47.48,51.5,46.56,48.04,50.46,-2.42,-4.7959,69575.13,341431.668,5.7872,1.19,33.7977,3.245,578330.7938
688268.SH,2025-04-08,48.3,50.29,47.3,49.4,48.04,1.36,2.831,53425.09,260607.69,4.4438,0.85,34.7545,3.3369,594703.1893
688268.SH,2025-04-09,48.89,53.26,46.65,52.85,49.4,3.45,6.9838,79671.93,407122.563,6.627,1.36,37.1817,3.57,636236.1044
688268.SH,2025-04-10,52.38,55.0,51.83,52.5,52.85,-0.35,-0.6623,83598.99,446462.384,6.9536,1.34,34.204,3.5372,632022.6203
688268.SH,2025-04-11,53.26,55.11,52.55,54.17,52.5,1.67,3.181,76921.16,414141.615,6.3982,1.15,35.292,3.6497,652126.9588
688268.SH,2025-04-14,54.4,58.0,53.3,56.58,54.17,2.41,4.449,79558.84,442904.241,6.6176,1.1,36.8621,3.8121,681139.8067
688268.SH,2025-04-15,55.58,56.13,54.45,55.05,56.58,-1.53,-2.7041,42719.83,235026.871,3.5534,0.57,35.8653,3.709,662720.8618
688268.SH,2025-04-16,54.35,55.9,53.51,54.86,55.05,-0.19,-0.3451,43408.4,237313.997,3.6106,0.6,35.7416,3.6962,660433.5418
688268.SH,2025-04-17,54.66,56.51,53.97,54.15,54.86,-0.71,-1.2942,44391.03,245972.433,3.6924,0.68,35.279,3.6484,651886.1883
688268.SH,2025-04-18,53.4,54.15,52.1,52.31,54.15,-1.84,-3.398,39874.0,210338.759,3.3167,0.69,34.0802,3.5244,629735.3003
688268.SH,2025-04-21,52.49,53.28,52.33,53.02,52.31,0.71,1.3573,26075.37,137727.842,2.1689,0.52,34.5428,3.5722,638282.6538
688268.SH,2025-04-22,52.76,55.48,52.5,55.01,53.02,1.99,3.7533,47795.3,259531.991,3.9755,1.22,35.8393,3.7063,662239.3208
688268.SH,2025-04-23,54.19,54.25,52.51,53.7,55.01,-1.31,-2.3814,46307.97,247682.925,3.8518,1.15,34.9858,3.6181,646468.8516
688268.SH,2025-04-24,53.75,53.8,50.95,51.08,53.7,-2.62,-4.879,41512.64,215431.732,3.453,1.02,33.2789,3.4415,614927.9132
688268.SH,2025-04-25,51.09,51.5,50.6,51.16,51.08,0.08,0.1566,20396.59,104216.954,1.6966,0.51,33.331,3.4469,615890.9953
688268.SH,2025-04-28,51.14,51.98,50.31,51.42,51.16,0.26,0.5082,18969.02,97427.146,1.5778,0.52,33.5004,3.4644,619021.0121
688268.SH,2025-04-29,51.0,52.17,50.39,51.86,51.42,0.44,0.8557,23600.21,121224.991,1.963,0.67,33.787,3.404,624317.9635
688268.SH,2025-04-30,51.69,52.45,51.54,52.21,51.86,0.35,0.6749,22792.22,118621.054,1.8958,0.76,34.0151,3.427,628531.4477
688268.SH,2025-05-06,52.54,54.5,52.24,54.37,52.21,2.16,4.1371,39580.85,211587.407,3.2923,1.55,35.4223,3.5688,654534.6641
688268.SH,2025-05-07,54.72,55.15,53.37,54.1,54.37,-0.27,-0.4966,33797.4,182975.7,2.8112,1.35,35.2464,3.551,651284.262
688268.SH,2025-05-08,53.7,54.47,53.46,54.04,54.1,-0.06,-0.1109,20971.64,113221.318,1.7444,0.76,35.2073,3.5471,650561.9504
688268.SH,2025-05-09,54.0,54.0,52.05,52.5,54.04,-1.54,-2.8497,23255.13,122301.713,1.9343,0.83,34.204,3.446,632022.6203
688268.SH,2025-05-12,52.92,53.18,52.16,52.65,52.5,0.15,0.2857,18075.12,95024.617,1.5035,0.64,34.3017,3.4559,633828.3992
688268.SH,2025-05-13,52.96,53.13,51.75,51.8,52.65,-0.85,-1.6144,19892.76,103864.364,1.6547,0.73,33.7479,3.4001,623595.652
688268.SH,2025-05-14,52.17,52.4,51.03,52.26,51.8,0.46,0.888,17212.02,89357.169,1.4317,0.74,34.0476,3.4303,629133.374
688268.SH,2025-05-15,51.4,51.49,49.5,49.53,52.26,-2.73,-5.2239,35470.46,177158.332,2.9504,1.78,32.269,3.2511,596268.1977
688268.SH,2025-05-16,49.77,49.83,48.78,48.88,49.53,-0.65,-1.3123,17004.03,83888.619,1.4144,0.75,31.8456,3.2084,588443.1558
688268.SH,2025-05-19,48.88,50.38,48.68,50.25,48.88,1.37,2.8028,20138.28,99845.798,1.6751,0.94,32.7381,3.2983,604935.9365
688268.SH,2025-05-20,50.0,50.44,49.52,49.98,50.25,-0.27,-0.5373,15239.55,76092.742,1.2676,0.69,32.5622,3.2806,601685.5345
688268.SH,2025-05-21,49.9,51.25,49.5,50.79,49.98,0.81,1.6206,20197.02,101865.238,1.68,0.96,33.0899,3.3338,611436.7406
688268.SH,2025-05-22,50.35,51.1,50.07,50.09,50.79,-0.7,-1.3782,15394.91,77922.041,1.2805,0.71,32.6339,3.2878,603009.7723
688268.SH,2025-05-23,50.0,50.39,49.0,49.0,50.09,-1.09,-2.1761,16027.14,79676.034,1.3331,0.91,31.9237,3.2163,589887.7789
688268.SH,2025-05-26,49.1,49.79,48.8,49.12,49.0,0.12,0.2449,15539.06,76530.446,1.2925,0.89,32.0019,3.2241,591332.402
688268.SH,2025-05-27,49.09,50.28,48.63,49.88,49.12,0.76,1.5472,14659.11,72988.66,1.2193,0.89,32.4971,3.274,600481.6819
688268.SH,2025-05-28,49.6,49.95,48.91,48.91,49.88,-0.97,-1.9447,12116.08,59643.168,1.0078,0.74,31.8651,3.2104,588804.3116
688268.SH,2025-05-29,49.09,50.18,48.79,49.99,48.91,1.08,2.2081,15906.86,79009.637,1.3231,1.08,32.5687,3.2813,601805.9197
688268.SH,2025-05-30,50.01,50.14,49.08,49.31,49.99,-0.68,-1.3603,11798.32,58240.01,0.9814,0.79,32.1257,3.2366,593619.722
688268.SH,2025-06-03,48.82,49.37,47.85,47.86,49.31,-1.45,-2.9406,27376.1,132729.225,2.2771,1.95,31.181,3.1414,576163.8591
688268.SH,2025-06-04,47.91,49.4,47.75,48.91,47.86,1.05,2.1939,23420.64,113751.397,1.9481,1.43,31.8651,3.2104,588804.3116
688268.SH,2025-06-05,48.7,48.99,48.0,48.49,48.91,-0.42,-0.8587,17173.54,83040.615,1.4285,0.95,31.5915,3.1828,583748.1306
688268.SH,2025-06-06,48.64,48.79,48.02,48.18,48.49,-0.31,-0.6393,12676.59,61341.664,1.0544,0.66,31.3684,3.166,579625.9295
688268.SH,2025-06-09,48.45,49.69,48.16,49.42,48.18,1.24,2.5737,25656.1,125550.955,2.134,1.39,32.1757,3.2475,594543.6579
688268.SH,2025-06-10,49.2,49.4,47.9,48.06,49.42,-1.36,-2.7519,26473.33,128293.301,2.202,1.25,31.2903,3.1581,578182.2784
688268.SH,2025-06-11,48.43,48.8,47.98,48.12,48.06,0.06,0.1248,14475.47,69978.21,1.204,0.69,31.3293,3.162,578904.1039
688268.SH,2025-06-12,48.12,48.29,47.5,47.65,48.12,-0.47,-0.9767,18956.68,90684.926,1.5768,0.98,31.0233,3.1312,573249.8037
688268.SH,2025-06-13,47.6,47.92,46.6,46.94,47.65,-0.71,-1.49,21775.04,102551.051,1.8112,1.11,30.5611,3.0845,564708.2011
688268.SH,2025-06-16,46.69,47.27,46.69,47.03,46.94,0.09,0.1917,9253.57,43501.235,0.7697,0.43,30.6197,3.0904,565790.9395
688268.SH,2025-06-17,46.96,47.33,46.86,47.11,47.03,0.08,0.1701,8823.03,41541.667,0.7339,0.49,30.6717,3.0957,566753.3736
688268.SH,2025-06-18,46.9,47.9,46.88,47.83,47.11,0.72,1.5283,12873.15,61024.02,1.0708,0.88,31.1405,3.143,575415.2804
688268.SH,2025-06-19,47.84,48.29,47.3,47.42,47.83,-0.41,-0.8572,14521.48,69380.374,1.2079,1.01,30.8736,3.116,570482.8057
688268.SH,2025-06-20,47.5,48.2,47.43,47.43,47.42,0.01,0.0211,11734.17,56140.522,0.976,0.87,30.8801,3.1167,570603.1099
688268.SH,2025-06-23,47.0,48.15,46.59,47.98,47.43,0.55,1.1596,12249.46,58441.984,1.0189,1.07,31.2382,3.1528,577219.8443
688268.SH,2025-06-24,48.14,48.67,47.97,48.6,47.98,0.62,1.2922,20315.94,98441.455,1.6899,1.69,31.6418,3.1936,584678.7085
688268.SH,2025-06-25,48.7,48.88,48.15,48.83,48.6,0.23,0.4733,18771.87,91171.037,1.5614,1.31,31.7916,3.2087,587445.7065
688268.SH,2025-06-26,48.7,49.13,48.25,48.25,48.83,-0.58,-1.1878,16352.09,79631.516,1.3601,1.05,31.4141,3.1705,580470.8964
688268.SH,2025-06-27,48.49,49.08,48.22,48.48,48.25,0.23,0.4767,16239.72,79018.616,1.3508,1.02,31.5639,3.1856,583237.908
688268.SH,2025-06-30,49.0,50.75,49.0,50.37,48.48,1.89,3.8985,33533.32,168361.446,2.7892,2.0,32.7944,3.3098,605975.5244
688268.SH,2025-07-01,50.97,51.46,50.27,50.38,50.37,0.01,0.0199,33436.02,169977.854,2.7811,1.59,32.8009,3.3105,606095.8293
688268.SH,2025-07-02,49.9,50.88,49.8,50.08,50.38,-0.3,-0.5955,22620.92,113565.992,1.8816,0.96,32.6056,3.2908,602486.6838
688268.SH,2025-07-03,49.95,49.95,48.6,49.22,49.48,-0.26,-0.5255,19572.19,96042.761,1.628,0.8,32.0456,3.3662,592140.4668
688268.SH,2025-07-04,48.9,49.4,48.42,48.42,49.22,-0.8,-1.6254,20021.19,97794.781,1.6653,0.8,31.5248,3.3115,582516.0789
688268.SH,2025-07-07,48.88,51.55,48.49,50.99,48.42,2.57,5.3077,45598.35,230207.598,3.7928,1.76,33.198,3.4872,613434.4251
688268.SH,2025-07-08,51.24,51.3,50.36,50.59,50.99,-0.4,-0.7845,29905.98,151963.292,2.4875,1.06,32.9376,3.4599,608622.2311
688268.SH,2025-07-09,50.86,50.86,49.97,50.09,50.59,-0.5,-0.9883,19758.15,99489.141,1.6434,0.72,32.6121,3.4257,602606.9886
688268.SH,2025-07-10,49.95,50.49,49.95,50.39,50.09,0.3,0.5989,14141.54,71094.863,1.1763,0.52,32.8074,3.4462,606216.1341
688268.SH,2025-07-11,50.12,50.83,49.9,50.42,50.39,0.03,0.0595,17432.63,87821.855,1.45,0.67,32.8269,3.4483,606577.0487
688268.SH,2025-07-14,50.38,50.81,50.0,50.09,50.42,-0.33,-0.6545,13733.47,69172.784,1.1423,0.54,32.6121,3.4257,602606.9886
688268.SH,2025-07-15,50.32,50.53,49.5,50.09,50.09,0.0,0.0,15900.52,79391.903,1.3226,0.84,32.6121,3.4257,602606.9886
688268.SH,2025-07-16,49.99,50.27,49.42,49.64,50.09,-0.45,-0.8984,14501.7,72216.929,1.2062,0.9,32.3191,3.3949,597193.2704
688268.SH,2025-07-17,49.6,50.13,49.51,50.11,49.64,0.47,0.9468,12561.82,62610.024,1.0449,0.83,32.6251,3.4271,602847.5983
688268.SH,2025-07-18,50.28,50.54,49.7,50.49,50.11,0.38,0.7583,15695.04,78542.655,1.3055,1.06,32.8725,3.4531,607419.1826
688268.SH,2025-07-21,50.39,50.55,50.12,50.5,50.49,0.01,0.0198,15941.31,80271.854,1.326,1.1,32.879,3.4537,607539.4875
688268.SH,2025-07-22,50.49,51.19,50.43,50.8,50.5,0.3,0.5941,22034.94,111960.237,1.8328,1.48,33.0743,3.4743,611148.6329
688268.SH,2025-07-23,50.82,52.55,50.31,51.3,50.8,0.5,0.9843,36470.51,188542.301,3.0336,2.26,33.3999,3.5084,617163.8754
688268.SH,2025-07-24,51.42,52.5,51.33,52.19,51.3,0.89,1.7349,30435.56,158603.724,2.5316,1.48,33.9793,3.5693,627871.0069
688268.SH,2025-07-25,52.49,52.98,51.8,52.89,52.19,0.7,1.3413,29020.18,152191.75,2.4138,1.2,34.4351,3.6172,636292.3464
688268.SH,2025-07-28,53.19,53.25,52.18,52.38,52.89,-0.51,-0.9643,23670.94,124186.995,1.9689,0.88,34.103,3.5823,630156.7991
688268.SH,2025-07-29,52.77,53.87,52.08,53.32,52.38,0.94,1.7946,33496.71,178226.685,2.7862,1.18,34.715,3.6466,641465.4549
688268.SH,2025-07-30,53.35,54.33,52.43,52.8,53.32,-0.52,-0.9752,30397.02,162085.176,2.5284,0.99,34.3765,3.611,635209.6027
688268.SH,2025-07-31,52.68,53.08,51.5,51.75,52.8,-1.05,-1.9886,30492.76,159167.648,2.5363,1.04,33.6929,3.5392,622577.5936
688268.SH,2025-08-01,51.75,53.98,51.32,52.42,51.75,0.67,1.2947,40264.36,212285.197,3.3491,1.37,34.1291,3.585,630638.0185
688268.SH,2025-08-04,51.61,53.6,51.33,53.32,52.42,0.9,1.7169,29019.27,152823.262,2.4138,0.92,34.715,3.6466,641465.4549
688268.SH,2025-08-05,53.6,54.05,52.9,53.19,53.32,-0.13,-0.2438,22806.43,121603.021,1.897,0.7,34.6304,3.6377,639901.4918
688268.SH,2025-08-06,53.22,55.13,53.09,54.41,53.19,1.22,2.2937,42368.62,230124.348,3.5241,1.38,35.4247,3.7211,654578.6834
688268.SH,2025-08-07,54.74,54.83,53.89,54.45,54.41,0.04,0.0735,25344.89,137615.589,2.1081,0.77,35.4507,3.7239,655059.9028
688268.SH,2025-08-08,54.11,55.89,54.01,54.35,54.45,-0.1,-0.1837,32233.36,177213.598,2.6811,1.01,35.3856,3.717,653856.8543
688268.SH,2025-08-11,54.3,54.85,53.5,54.54,54.35,0.19,0.3496,29421.69,159649.055,2.4472,0.97,35.5093,3.73,656142.6464
688268.SH,2025-08-12,54.55,55.83,53.63,55.5,54.54,0.96,1.7602,41995.21,230010.421,3.4931,1.38,36.1344,3.7957,667691.912
688268.SH,2025-08-13,56.92,63.1,56.81,62.47,55.5,6.97,12.5586,114658.18,699855.936,9.5371,3.35,40.6723,4.2724,751544.3917
688268.SH,2025-08-14,62.48,62.88,58.5,58.63,62.47,-3.84,-6.147,89535.44,535334.22,7.4474,1.84,38.1722,4.0098,705347.3297
688268.SH,2025-08-15,58.34,62.17,58.34,60.47,58.63,1.84,3.1383,70209.72,424933.719,5.8399,1.14,39.3702,4.1356,727483.4219
688268.SH,2025-08-18,60.8,62.4,59.6,61.5,60.47,1.03,1.7033,68957.07,418998.114,5.7357,1.0,40.0408,4.206,739874.8214
688268.SH,2025-08-19,61.42,61.42,59.6,59.66,61.5,-1.84,-2.9919,44650.2,268418.509,3.7139,0.58,38.8428,4.0802,717738.7291
688268.SH,2025-08-20,60.0,60.56,58.38,59.84,59.66,0.18,0.3017,35015.45,207915.771,2.9125,0.45,38.96,4.0925,719904.2164
688268.SH,2025-08-21,60.44,60.46,58.61,59.08,59.84,-0.76,-1.2701,26931.05,159725.842,2.2401,0.44,38.4652,4.0405,710761.0479
688268.SH,2025-08-22,58.99,61.33,58.93,60.59,59.08,1.51,2.5559,49565.02,298815.552,4.1227,1.01,39.4483,4.1438,728927.0801
688268.SH,2025-08-25,61.8,61.9,59.09,59.67,60.59,-0.92,-1.5184,55949.1,336080.083,4.6537,1.24,38.8493,4.0809,717859.034
688268.SH,2025-08-26,59.06,60.36,58.33,59.4,59.67,-0.27,-0.4525,37014.87,219203.506,3.0788,0.87,38.6735,4.0624,714610.8031
688268.SH,2025-08-27,59.61,60.99,57.82,57.83,59.4,-1.57,-2.6431,52209.23,312578.579,4.3427,1.28,37.6514,3.955,695722.9418
688268.SH,2025-08-28,56.76,59.12,56.65,58.98,57.83,1.15,1.9886,56810.64,329855.129,4.7254,1.28,38.4001,3.9447,709557.9994
688268.SH,2025-08-29,58.75,58.9,57.0,57.47,58.98,-1.51,-2.5602,39509.37,227192.338,3.2863,0.79,37.417,3.8438,691391.9672
688268.SH,2025-09-01,57.89,60.44,57.82,58.61,57.47,1.14,1.9836,40766.71,240011.81,3.3909,0.84,38.1592,3.92,705106.72
688268.SH,2025-09-02,58.49,59.44,55.61,56.4,58.61,-2.21,-3.7707,42487.99,241909.415,3.5341,0.94,36.7203,3.7722,678519.3484
688268.SH,2025-09-03,56.25,57.84,55.55,56.25,56.4,-0.15,-0.266,32933.75,186948.522,2.7394,0.71,36.6227,3.7622,676714.7756
688268.SH,2025-09-04,56.11,56.7,52.9,53.89,56.25,-2.36,-4.1956,40113.07,219585.635,3.3365,0.94,35.0861,3.6043,648322.8313
688268.SH,2025-09-05,53.9,55.79,53.9,55.6,53.89,1.71,3.1731,24392.75,134107.902,2.0289,0.62,36.1995,3.7187,668894.9604
688268.SH,2025-09-08,55.6,57.75,55.19,57.66,55.6,2.06,3.705,35742.71,202716.125,2.973,0.99,37.5407,3.8565,693677.7593
688268.SH,2025-09-09,57.18,57.4,55.31,55.57,57.66,-2.09,-3.6247,23360.95,131167.321,1.9431,0.66,36.1799,3.7167,668534.0459
688268.SH,2025-09-10,55.57,55.98,54.7,54.77,55.57,-0.8,-1.4396,17628.47,97152.387,1.4663,0.56,35.6591,3.6632,658909.658
688268.SH,2025-09-11,54.63,56.34,54.16,56.03,54.77,1.26,2.3005,23635.62,131525.788,1.966,0.84,36.4794,3.7474,674068.0689
688268.SH,2025-09-12,56.03,57.18,55.49,56.22,56.03,0.19,0.3391,24168.7,135985.696,2.0103,0.97,36.6031,3.7602,676353.8611
688268.SH,2025-09-15,55.0,55.66,54.51,55.44,56.22,-0.78,-1.3874,26177.87,144306.171,2.1774,1.05,36.0953,3.708,666970.0829
688268.SH,2025-09-16,55.07,55.59,55.05,55.28,55.44,-0.16,-0.2886,17617.75,97331.755,1.4654,0.77,35.9911,3.6973,665045.2053
688268.SH,2025-09-17,55.55,58.2,55.55,57.38,55.28,2.1,3.7988,40164.92,228633.409,3.3408,1.84,37.3584,3.8377,690309.2236
688268.SH,2025-09-18,56.96,59.3,56.61,57.89,57.38,0.51,0.8888,55902.95,325808.492,4.6499,2.12,37.6904,3.8718,696444.7709
688268.SH,2025-09-19,57.37,59.57,57.2,58.57,57.89,0.68,1.1746,48012.28,281835.884,3.9936,1.46,38.1331,3.9173,704625.5006
688268.SH,2025-09-22,59.66,59.95,58.31,59.0,58.57,0.43,0.7342,39911.92,235540.532,3.3198,1.06,38.4131,3.9461,709798.6091
688268.SH,2025-09-23,58.57,61.0,57.01,60.88,59.0,1.88,3.1864,49226.46,289204.033,4.0946,1.22,39.6371,4.0718,732415.9207
688268.SH,2025-09-24,60.5,68.09,60.0,64.78,60.88,3.9,6.406,112096.65,715799.826,9.324,2.4,42.1763,4.3327,779334.8118
688268.SH,2025-09-25,64.03,69.68,63.28,67.65,64.78,2.87,4.4304,104730.95,694856.032,8.7113,1.72,44.0449,4.5246,813862.3035
688268.SH,2025-09-26,66.66,67.03,64.6,64.75,67.65,-2.9,-4.2868,64007.9,419823.687,5.3241,0.9,42.1568,4.3307,778973.8973
688268.SH,2025-09-29,64.03,64.7,63.2,63.99,64.75,-0.76,-1.1737,40105.78,256217.09,3.3359,0.54,41.6619,4.2798,769830.7288
688268.SH,2025-09-30,64.5,66.45,63.81,65.0,63.99,1.01,1.5784,47896.8,311343.853,3.984,0.65,42.3195,4.3474,781981.5185
688268.SH,2025-10-09,66.0,68.94,64.48,66.44,65.0,1.44,2.2154,58105.86,386737.106,4.8331,0.79,43.2571,4.4437,799305.4168
688268.SH,2025-10-10,65.38,71.0,63.54,68.59,66.44,2.15,3.236,70746.27,473038.987,5.8845,1.12,44.6569,4.5875,825170.9593
688268.SH,2025-10-13,67.49,77.5,66.0,77.18,68.59,8.59,12.5237,111760.17,821938.099,9.296,1.99,50.2496,5.162,928513.3803
688268.SH,2025-10-14,77.25,77.62,70.4,71.0,77.18,-6.18,-8.0073,90963.35,664195.081,7.5662,1.38,46.226,4.7487,854164.9391
688268.SH,2025-10-15,71.02,71.02,66.0,68.16,71.0,-2.84,-4.0,55636.3,376820.988,4.6277,0.73,44.3769,4.5587,819998.3415
688268.SH,2025-10-16,67.9,67.9,65.0,65.75,68.16,-2.41,-3.5358,40163.58,266558.757,3.3407,0.52,42.8079,4.3975,791004.8556
688268.SH,2025-10-17,66.59,66.63,62.88,62.98,65.75,-2.77,-4.2129,38031.63,244361.221,3.1634,0.51,41.0044,4.2123,757680.3925
688268.SH,2025-10-20,64.18,64.5,62.4,62.8,62.98,-0.18,-0.2858,24708.97,156632.523,2.0552,0.37,40.8872,4.2002,755514.9039
688268.SH,2025-10-21,62.8,63.88,62.29,63.46,62.8,0.66,1.051,21413.66,135498.401,1.7811,0.43,41.3169,4.2444,763455.0287
688268.SH,2025-10-22,63.19,64.22,61.71,63.63,63.46,0.17,0.2679,25103.7,158013.085,2.0881,0.7,41.4276,4.2557,765500.2123
688268.SH,2025-10-23,63.06,63.61,61.18,62.01,63.63,-1.62,-2.546,25160.72,155439.009,2.0928,0.84,40.3729,4.1474,746010.8151
688268.SH,2025-10-24,62.5,64.43,62.33,63.95,62.01,1.94,3.1285,34824.71,221777.028,2.8967,1.3,41.6359,4.2771,769349.9698
688268.SH,2025-10-27,65.88,67.66,65.0,65.0,63.95,1.05,1.6419,43115.71,284593.104,3.5863,1.64,42.3196,4.3474,781981.9865
688268.SH,2025-10-28,64.5,69.0,64.08,68.52,65.0,3.52,5.4154,44780.95,297295.725,3.7248,1.5,44.6113,4.5828,824329.3187
688268.SH,2025-10-29,67.28,69.99,66.81,68.29,68.52,-0.23,-0.3357,48950.79,336197.172,4.0716,1.41,44.4616,4.5674,821562.3055
688268.SH,2025-10-30,66.95,67.54,64.31,64.51,68.29,-3.78,-5.5352,40283.89,265898.831,3.3507,1.02,42.0005,4.3146,776087.0454
688268.SH,2025-10-31,64.02,66.44,64.02,64.32,64.51,-0.19,-0.2945,23946.48,155640.685,1.9918,0.56,41.8768,4.2068,773801.2519
688268.SH,2025-11-03,64.46,64.46,61.45,63.07,64.32,-1.25,-1.9434,27863.03,173373.464,2.3176,0.69,41.063,4.125,758763.1367
688268.SH,2025-11-04,62.55,64.37,61.11,61.28,63.07,-1.79,-2.8381,18047.5,112011.894,1.5012,0.49,39.8976,4.0079,737228.5559
688268.SH,2025-11-05,60.45,61.16,59.7,60.69,61.28,-0.59,-0.9628,19263.73,116412.59,1.6023,0.61,39.5134,3.9693,730130.5655
688268.SH,2025-11-06,61.0,62.17,60.53,61.99,60.69,1.3,2.142,18805.46,115717.793,1.5642,0.73,40.3598,4.0544,745770.2053
688268.SH,2025-11-07,61.5,63.45,60.31,61.97,61.99,-0.02,-0.0323,19365.49,120531.736,1.6108,0.9,40.3468,4.0531,745529.5954
688268.SH,2025-11-10,62.28,64.77,62.28,63.67,61.97,1.7,2.7433,27652.23,176284.397,2.3001,1.34,41.4536,4.1642,765981.432
688268.SH,2025-11-11,63.11,64.31,62.5,64.09,63.67,0.42,0.6597,22211.01,140793.516,1.8475,1.08,41.7271,4.1917,771034.2387
688268.SH,2025-11-12,63.72,63.72,60.92,61.36,64.09,-2.73,-4.2596,22065.36,136162.184,1.8354,1.03,39.9497,4.0132,738190.9953
688268.SH,2025-11-13,61.02,62.88,61.02,61.71,61.36,0.35,0.5704,19942.05,123978.607,1.6587,0.91,40.1775,4.0361,742401.6675
688268.SH,2025-11-14,61.01,61.36,58.58,58.65,61.71,-3.06,-4.9587,30671.69,183177.848,2.5512,1.38,38.1853,3.8359,705588.3617
688268.SH,2025-11-17,59.38,60.88,58.58,58.91,58.65,0.26,0.4433,18500.48,110280.65,1.5388,0.75,38.3545,3.8529,708716.2896
688268.SH,2025-11-18,58.71,60.42,58.21,59.51,58.91,0.6,1.0185,19953.28,118510.988,1.6597,0.88,38.7452,3.8922,715934.5849
688268.SH,2025-11-19,59.13,60.81,59.0,60.15,59.51,0.64,1.0754,18116.35,108705.819,1.5069,0.82,39.1619,3.934,723634.0998
688268.SH,2025-11-20,60.71,61.03,58.9,59.0,60.15,-1.15,-1.9119,15545.32,93277.616,1.293,0.73,38.4131,3.8588,709799.0339
688268.SH,2025-11-21,58.21,62.86,57.8,59.84,59.0,0.84,1.4237,40420.43,243379.136,3.3621,1.97,38.96,3.9137,719904.6473
688268.SH,2025-11-24,60.9,61.24,59.12,60.73,59.84,0.89,1.4873,26621.2,160132.568,2.2143,1.18,39.5395,3.972,730611.7852
688268.SH,2025-11-25,60.1,61.23,59.4,59.82,60.73,-0.91,-1.4984,28599.25,172902.71,2.3788,1.19,38.947,3.9124,719664.0374
688268.SH,2025-11-26,59.58,59.8,58.0,58.2,59.82,-1.62,-2.7081,29763.42,174551.094,2.4757,1.15,37.8923,3.8065,700174.6402
688268.SH,2025-11-27,58.17,59.16,57.4,57.45,58.2,-0.75,-1.2887,17999.28,105044.618,1.4971,0.64,37.404,3.7574,691151.7711
688268.SH,2025-11-28,57.5,58.02,57.03,58.0,57.45,0.55,0.9574,15041.63,86766.288,1.2511,0.52,37.7621,3.7934,697768.5418
688268.SH,2025-12-01,58.02,59.8,57.61,59.3,58.0,1.3,2.2414,27619.49,162428.064,2.2973,1.17,38.6085,3.8784,713408.1815
688268.SH,2025-12-02,59.0,59.84,58.37,58.4,59.3,-0.9,-1.5177,19150.66,112841.34,1.5929,0.8,38.0225,3.8196,702580.7386
688268.SH,2025-12-03,58.6,58.99,57.33,57.81,58.4,-0.59,-1.0103,14378.11,83225.312,1.1959,0.66,37.6384,3.781,695482.7483
688268.SH,2025-12-04,57.6,58.19,56.31,57.97,57.81,0.16,0.2768,15028.85,86107.268,1.2501,0.8,37.7425,3.7914,697407.627
688268.SH,2025-12-05,57.7,58.49,56.6,58.39,57.97,0.42,0.7245,14621.14,84323.598,1.2162,0.8,38.016,3.8189,702460.4337
688268.SH,2025-12-08,58.34,59.18,57.55,58.59,58.39,0.2,0.3425,36290.27,212007.613,3.0186,2.0,38.1462,3.832,704866.5321
688268.SH,2025-12-09,58.11,58.42,56.68,56.78,58.59,-1.81,-3.0893,32073.47,184314.103,2.6678,1.61,36.9678,3.7136,683091.3414
688268.SH,2025-12-10,56.58,57.87,56.5,57.66,56.78,0.88,1.5498,20307.0,116267.581,1.6891,0.9,37.5407,3.7712,693678.1745
688268.SH,2025-12-11,58.1,58.17,56.8,57.18,57.66,-0.48,-0.8325,22522.13,129760.189,1.8733,0.95,37.2282,3.7398,687903.5383
688268.SH,2025-12-12,57.07,59.39,56.71,59.25,57.18,2.07,3.6201,40295.61,235330.563,3.3517,1.6,38.5759,3.8752,712806.6569
688268.SH,2025-12-15,58.78,61.16,58.53,59.85,59.25,0.6,1.0127,38182.64,229201.237,3.176,1.26,38.9665,3.9144,720024.9522
688268.SH,2025-12-16,59.85,60.29,58.04,59.32,59.85,-0.53,-0.8855,32277.38,190632.087,2.6848,1.05,38.6215,3.8797,713648.7914
688268.SH,2025-12-17,59.03,59.32,56.66,59.14,59.32,-0.18,-0.3034,36103.47,208952.762,3.003,1.18,38.5043,3.868,711483.3028
688268.SH,2025-12-18,59.1,61.28,58.81,58.88,59.14,-0.26,-0.4396,35738.48,214402.492,2.9727,1.05,38.335,3.851,708355.3748
688268.SH,2025-12-19,58.9,59.88,57.75,58.09,58.88,-0.79,-1.3417,24425.25,142614.597,2.0316,0.67,37.8207,3.7993,698851.2861
688268.SH,2025-12-22,57.9,60.14,57.9,59.55,58.09,1.46,2.5133,32076.31,190362.21,2.668,0.96,38.7712,3.8948,716415.8046
688268.SH,2025-12-23,59.39,61.75,59.2,60.55,59.55,1.0,1.6793,38250.79,232368.628,3.1816,1.19,39.4223,3.9602,728446.2967
688268.SH,2025-12-24,60.6,61.07,60.0,60.67,60.55,0.12,0.1982,23967.37,145199.743,1.9936,0.72,39.5004,3.968,729889.9557
688268.SH,2025-12-25,61.12,61.3,60.02,60.87,60.67,0.2,0.3297,24024.61,145595.922,1.9983,0.78,39.6306,3.9811,732296.0541
688268.SH,2025-12-26,61.2,61.2,59.3,59.43,60.87,-1.44,-2.3657,32982.1,198071.11,2.7434,1.16,38.6931,3.8869,714972.1455
688268.SH,2025-12-29,59.21,59.47,58.51,58.62,59.43,-0.81,-1.3629,22607.09,133091.6,1.8804,0.75,38.1657,3.834,705227.4469
688268.SH,2025-12-30,58.68,58.9,57.53,57.65,58.62,-0.97,-1.6547,25012.3,145140.957,2.0805,0.88,37.5342,3.7705,693557.8696
688268.SH,2025-12-31,57.9,58.47,57.3,57.39,57.65,-0.26,-0.451,20381.12,117793.195,1.6953,0.79,37.3649,3.7535,690429.9416
688268.SH,2026-01-05,58.0,59.88,57.98,59.45,57.39,2.06,3.5895,31277.65,184860.885,2.6016,1.25,38.7061,3.8882,715212.7553
688268.SH,2026-01-06,60.18,63.52,59.26,62.45,59.45,3.0,5.0463,59066.74,367223.189,4.9131,2.23,40.6593,4.0844,751304.3066
688268.SH,2026-01-07,64.91,67.8,63.88,66.47,62.45,4.02,6.4371,106362.97,699430.782,8.8471,3.36,43.2766,4.3474,799666.8897
688268.SH,2026-01-08,72.0,77.49,68.13,68.45,66.47,1.98,2.9788,151312.0,1093346.878,12.5858,3.12,44.5657,4.4769,823487.2664
688268.SH,2026-01-09,67.47,68.39,66.34,66.85,68.45,-1.6,-2.3375,87237.73,585136.578,7.2563,1.18,43.524,4.3722,804238.4771
688268.SH,2026-01-12,65.03,66.3,64.68,65.42,66.85,-1.43,-2.1391,74142.78,484219.521,6.1671,0.85,42.593,4.2787,787034.8717
688268.SH,2026-01-13,65.37,65.37,62.66,62.8,65.42,-2.62,-4.0049,58796.21,375343.03,4.8906,0.61,40.8872,4.1073,755514.9792
688268.SH,2026-01-14,62.8,64.62,62.62,63.43,62.8,0.63,1.0032,53386.64,339213.515,4.4406,0.56,41.2974,4.1485,763094.19
688268.SH,2026-01-15,62.91,66.8,62.91,66.45,63.43,3.02,4.7612,76028.91,494975.306,6.3239,0.89,43.2636,4.3461,799426.2798
688268.SH,2026-01-16,68.5,69.15,65.9,68.57,66.45,2.12,3.1904,81031.69,547426.24,6.7401,1.16,44.6439,4.4847,824930.9256
688268.SH,2026-01-19,68.77,71.7,67.42,69.25,68.57,0.68,0.9917,72159.76,497997.055,6.0021,1.05,45.0866,4.5292,833111.661
688268.SH,2026-01-20,68.55,69.15,67.0,68.7,69.25,-0.55,-0.7942,49281.48,334567.437,4.0991,0.72,44.7285,4.4932,826494.8897
688268.SH,2026-01-21,68.36,70.85,67.56,69.98,68.7,1.28,1.8632,63473.05,442033.969,5.2932,0.96,45.445,4.5652,839734.6462
688268.SH,2026-01-22,71.08,71.48,67.41,67.88,69.98,-2.1,-3.0009,51853.35,354389.095,4.3242,0.76,44.0813,4.4282,814535.4071
688268.SH,2026-01-23,67.63,68.56,66.9,68.3,67.88,0.42,0.6187,38705.58,262262.24,3.2277,0.61,44.354,4.4556,819575.2549
688268.SH,2026-01-26,68.21,68.21,65.01,65.57,68.3,-2.73,-3.9971,36126.79,238907.897,3.0127,0.66,42.5812,4.2775,786816.244
688268.SH,2026-01-27,65.0,67.29,63.72,67.15,65.57,1.58,2.4096,37648.63,247726.136,3.1396,0.79,43.6072,4.3806,805775.6716
688268.SH,2026-01-28,67.35,68.5,66.6,67.97,67.15,0.82,1.2211,40968.67,276887.35,3.4165,0.9,44.1397,4.4341,815615.3745
688268.SH,2026-01-29,67.5,67.96,64.66,64.7,67.97,-3.27,-4.8109,34491.39,228571.905,2.8763,0.84,42.0162,4.2208,776376.5592
688268.SH,2026-01-30,64.51,66.66,63.33,65.9,64.7,1.2,1.8547,33625.47,219465.137,2.8041,0.89,42.7955,4.299,790776.1244
688268.SH,2026-02-02,65.08,66.25,62.07,62.12,65.9,-3.78,-5.736,33047.56,209849.073,2.7559,0.9,40.3407,4.0524,745417.4939
688268.SH,2026-02-03,62.59,63.86,62.56,63.6,62.12,1.48,2.3825,19358.02,122550.392,1.6143,0.54,41.3019,4.149,763176.9577
688268.SH,2026-02-04,63.58,63.85,62.2,62.79,63.6,-0.81,-1.2736,13927.23,87573.054,1.1614,0.43,40.7758,4.0962,753457.2512
688268.SH,2026-02-05,62.66,62.87,60.92,61.69,62.79,-1.1,-1.7519,21042.15,129747.167,1.7547,0.78,40.0615,4.0244,740257.6497
688268.SH,2026-02-06,60.95,62.43,60.95,61.73,61.69,0.04,0.0648,14040.05,87016.909,1.1708,0.58,40.0875,4.027,740737.6352
688268.SH,2026-02-09,64.7,66.88,64.0,64.03,61.73,2.3,3.7259,42494.24,277428.584,3.5437,2.1,41.5811,4.177,768336.8019
688268.SH,2026-02-10,63.99,65.29,63.53,64.01,64.03,-0.02,-0.0312,26528.28,170663.959,2.2123,1.2,41.5681,4.1757,768096.8092
688268.SH,2026-02-11,63.82,65.19,63.37,64.05,64.01,0.04,0.0625,17356.09,111746.209,1.4474,0.74,41.5941,4.1783,768576.7947
688268.SH,2026-02-12,64.56,65.65,64.0,65.24,64.05,1.19,1.8579,21101.87,137153.944,1.7597,0.87,42.3669,4.256,782856.3635
688268.SH,2026-02-13,64.91,66.6,64.45,65.51,65.24,0.27,0.4139,28027.91,184257.524,2.3373,1.15,42.5422,4.2736,786096.2657
688268.SH,2026-02-24,66.22,67.5,65.52,66.86,65.51,1.35,2.0608,34095.88,227047.767,2.8433,1.26,43.4189,4.3617,802295.7766
688268.SH,2026-02-25,66.91,70.7,65.9,69.53,66.86,2.67,3.9934,59434.59,408079.648,4.9564,2.34,45.1528,4.5358,834334.8093
688268.SH,2026-02-26,68.92,70.98,68.33,70.77,69.53,1.24,1.7834,48903.16,342201.849,4.0781,1.53,45.9581,4.6167,849214.36
688268.SH,2026-02-27,70.29,70.4,69.01,69.74,70.77,-1.03,-1.4554,32191.92,224104.868,2.6846,0.84,45.2892,4.5495,836854.7332
688268.SH,2026-03-02,69.74,71.53,68.22,68.89,69.74,-0.85,-1.2188,43963.82,304592.161,3.6662,1.08,44.7372,4.4941,826655.0412
688268.SH,2026-03-03,70.0,72.95,69.12,69.49,68.89,0.6,0.871,106769.57,761824.761,8.9037,2.44,45.1268,4.5332,833854.8238
688268.SH,2026-03-04,69.7,72.97,68.35,69.1,69.49,-0.39,-0.5612,73352.31,514312.819,6.117,1.26,44.8736,4.5078,829174.9651
688268.SH,2026-03-05,70.23,71.0,67.37,67.7,69.1,-1.4,-2.026,57284.14,395915.447,4.777,0.94,43.9644,4.4165,812375.4723
688268.SH,2026-03-06,67.72,69.61,66.3,68.23,67.7,0.53,0.7829,45925.85,312564.852,3.8299,0.73,44.3086,4.451,818735.2803
688268.SH,2026-03-09,68.0,72.47,67.52,72.36,68.23,4.13,6.0531,93736.62,667973.469,7.8169,1.43,46.9906,4.7205,868293.784
688268.SH,2026-03-10,70.18,70.5,68.52,69.07,72.36,-3.29,-4.5467,76951.14,532988.898,6.4171,1.02,44.8541,4.5058,828814.9759
688268.SH,2026-03-11,69.59,70.38,67.89,69.4,69.07,0.33,0.4778,67006.17,462470.12,5.5878,0.96,45.0684,4.5274,832774.8564
688268.SH,2026-03-12,70.53,73.73,69.38,73.31,69.4,3.91,5.634,106009.65,762650.397,8.8404,1.55,47.6075,4.7824,879693.4398
688268.SH,2026-03-13,76.0,80.99,70.14,78.8,73.31,5.49,7.4887,149343.18,1125435.358,12.454,1.92,51.1727,5.1406,945571.4508
688268.SH,2026-03-16,81.55,84.2,78.0,78.0,78.8,-0.8,-1.0152,127188.14,1033120.28,10.6065,1.29,50.6532,5.0884,935971.7406
688268.SH,2026-03-17,75.63,77.0,72.15,73.68,78.0,-4.32,-5.5385,89106.77,660690.252,7.4308,0.85,47.8478,4.8066,884133.3057
688268.SH,2026-03-18,72.0,72.3,69.68,71.23,73.68,-2.45,-3.3252,66315.08,469429.811,5.5302,0.62,46.2568,4.6467,854734.1934
688268.SH,2026-03-19,73.12,84.76,73.12,82.77,71.23,11.54,16.201,145589.73,1152353.181,12.141,1.35,53.7509,5.3996,993210.0124
688268.SH,2026-03-20,79.35,82.5,79.35,80.07,82.77,-2.7,-3.2621,102342.91,826901.459,8.5346,0.89,51.9975,5.2234,960810.9906
688268.SH,2026-03-23,81.0,95.01,79.16,92.03,80.07,11.96,14.9369,167010.18,1501612.578,13.9273,1.57,59.7643,6.0036,1104326.6575
688268.SH,2026-03-24,86.82,93.0,86.82,92.0,92.03,-0.03,-0.0326,130730.84,1178304.133,10.9019,1.15,59.7448,6.0017,1103966.6684
688268.SH,2026-03-25,88.0,91.87,85.05,91.62,92.0,-0.38,-0.413,117509.75,1041293.751,9.7994,0.96,59.498,5.9769,1099406.8061
688268.SH,2026-03-26,92.0,98.8,88.41,96.15,91.62,4.53,4.9443,137332.0,1301839.761,11.4524,1.04,62.4398,6.2724,1153765.1649
688268.SH,2026-03-27,96.95,102.0,93.2,100.59,96.15,4.44,4.6178,119973.96,1175626.849,10.0049,0.92,65.3232,6.5621,1207043.5562
688268.SH,2026-03-30,104.99,109.92,97.95,98.51,100.59,-2.08,-2.0678,140178.98,1455326.0,11.6898,1.04,63.9724,6.4264,1182084.3098
688268.SH,2026-03-31,95.62,98.9,90.9,91.0,98.51,-7.51,-7.6236,104149.11,966769.053,8.6852,0.81,59.0954,5.9365,1091967.0307
688268.SH,2026-04-01,89.97,91.0,84.22,89.0,91.0,-2.0,-2.1978,97776.64,862645.431,8.1538,0.79,57.7966,5.806,1067967.7553
688268.SH,2026-04-02,90.2,96.98,90.2,95.5,89.0,6.5,7.3034,97678.52,922420.887,8.1456,0.81,62.0177,6.23,1145965.4004
688268.SH,2026-04-03,99.0,106.29,96.55,105.02,95.5,9.52,9.9686,116060.57,1179485.852,9.6785,1.04,68.2,6.8511,1260201.9513
688268.SH,2026-04-07,109.0,112.0,106.0,107.07,105.02,2.05,1.952,102782.4,1114811.22,8.5712,0.92,69.5313,6.9848,1284801.2085
688268.SH,2026-04-08,93.55,97.09,93.55,95.34,107.07,-11.73,-10.9554,147550.69,1405038.932,12.3046,1.42,61.9138,6.2196,1144045.4583
688268.SH,2026-04-09,97.6,108.22,97.6,102.1,95.34,6.76,7.0904,154974.74,1601039.107,12.9237,1.38,66.3038,6.6606,1225163.0092
688268.SH,2026-04-10,103.24,108.76,100.38,100.5,102.1,-1.6,-1.5671,121478.6,1257964.442,10.1304,0.98,89.0976,6.5194,1205963.5889
688268.SH,2026-04-13,105.5,107.98,95.12,97.97,100.5,-2.53,-2.5174,125771.67,1251332.117,10.4884,0.98,86.8546,6.3553,1175604.5055
688268.SH,2026-04-14,97.5,102.9,96.0,100.85,97.97,2.88,2.9397,106657.47,1069613.016,8.8944,0.82,89.4079,6.5421,1210163.462
688268.SH,2026-04-15,100.5,103.78,95.63,97.0,100.85,-3.85,-3.8176,99425.59,972538.982,8.2913,0.76,85.9947,6.2923,1163964.8569
688268.SH,2026-04-16,96.91,98.8,89.45,94.05,97.0,-2.95,-3.0412,106090.07,995256.734,8.8471,0.87,83.3794,6.101,1128565.9257
688268.SH,2026-04-17,93.0,93.05,89.41,90.86,94.05,-3.19,-3.3918,94928.57,860128.811,7.9163,0.85,80.5513,5.894,1090287.0814
688268.SH,2026-04-20,94.0,103.88,92.01,99.2,90.86,8.34,9.179,138187.76,1333458.987,11.5238,1.3,87.9451,6.4351,1190364.0598
688268.SH,2026-04-21,100.0,119.04,98.44,119.04,99.2,19.84,20.0,145606.92,1584953.66,12.1425,1.34,105.5341,7.7221,1428436.8718
688268.SH,2026-04-22,125.03,142.17,124.8,137.9,119.04,18.86,15.8434,189891.62,2487112.538,15.8355,1.63,122.2543,8.9455,1654750.0388
688268.SH,2026-04-23,141.89,149.5,135.01,147.33,137.9,9.43,6.8383,140784.43,2021668.56,11.7403,1.04,130.6144,9.5572,1767906.6223
688268.SH,2026-04-24,157.11,176.8,157.11,176.8,147.33,29.47,20.0027,155334.75,2674231.533,12.9537,1.09,156.7408,11.4689,2121535.9454
688268.SH,2026-04-27,185.63,200.85,176.19,182.0,176.8,5.2,2.9412,184961.69,3454400.071,15.4244,1.2,161.3508,11.8063,2183934.0614
688268.SH,2026-04-28,189.0,213.07,180.5,208.27,182.0,26.27,14.4341,170152.13,3334829.628,14.1894,1.04,184.6403,13.5104,2499164.5438
688268.SH,2026-04-29,197.0,197.0,182.0,190.23,208.27,-18.04,-8.6618,122368.46,2340127.864,10.2046,0.73,168.6471,12.1589,2282691.0797
688268.SH,2026-04-30,193.97,205.19,175.2,188.3,190.23,-1.93,-1.0146,117087.67,2206903.037,9.7642,0.76,166.936,12.0355,2259531.7789
688268.SH,2026-05-06,191.0,195.0,177.0,193.6,188.3,5.3,2.8147,115976.17,2149189.678,9.6715,0.77,171.6347,12.3743,2323129.8587
688268.SH,2026-05-07,183.14,184.07,166.8,167.21,193.6,-26.39,-13.6312,143653.63,2522995.897,11.9796,1.01,148.2389,10.6875,2006459.4198
688268.SH,2026-05-08,163.94,169.96,159.89,164.95,167.21,-2.26,-1.3516,97489.06,1608696.501,8.1298,0.73,146.2353,10.5431,1979340.2386
688268.SH,2026-05-11,164.24,184.2,163.91,184.2,164.95,19.25,11.6702,122744.1,2152605.099,10.2359,1.03,163.3012,11.7735,2210333.2643
688268.SH,2026-05-12,177.27,179.09,161.68,164.18,184.2,-20.02,-10.8686,102209.26,1727831.735,8.5234,0.86,145.5526,10.4939,1970100.5176
688268.SH,2026-05-13,162.0,174.8,161.88,172.49,164.18,8.31,5.0615,84261.7,1431525.017,7.0268,0.72,152.9198,11.025,2069817.5069
688268.SH,2026-05-14,176.69,197.0,176.0,179.02,172.49,6.53,3.7857,114952.74,2133688.763,9.5862,1.04,158.7089,11.4424,2148175.1411
688268.SH,2026-05-15,169.0,197.98,168.01,191.19,179.02,12.17,6.7981,113496.38,2096442.183,9.4647,1.09,169.4982,12.2203,2294210.7319
688268.SH,2026-05-18,181.0,187.99,174.02,179.95,191.19,-11.24,-5.879,100677.83,1821324.542,8.2384,0.94,162.5785,10.6465,2200551.4339
688268.SH,2026-05-19,177.8,187.85,168.68,176.44,179.95,-3.51,-1.9505,84102.34,1480756.215,6.882,0.82,159.4074,10.4389,2157628.7579
688268.SH,2026-05-20,174.68,190.6,172.11,183.0,176.44,6.56,3.718,116479.37,2142964.795,9.5314,1.17,165.3341,10.827,2237848.9158
688268.SH,2026-05-21,184.6,185.7,158.0,158.72,183.0,-24.28,-13.2678,130968.49,2235511.775,10.717,1.24,143.398,9.3905,1940936.5023
688268.SH,2026-05-22,157.0,165.19,153.07,163.88,158.72,5.16,3.251,73067.84,1170989.436,5.932,0.67,149.2329,9.4077,2019914.7721
688268.SH,2026-05-25,156.51,161.79,154.0,157.93,163.88,-5.95,-3.6307,83987.8,1325148.585,6.8186,0.83,143.8147,9.0661,1946577.6175
688268.SH,2026-05-26,155.45,161.85,150.99,158.0,157.93,0.07,0.0443,84452.07,1324698.65,6.8563,0.86,143.8785,9.0701,1947440.4076
688268.SH,2026-05-27,158.0,167.8,155.1,159.31,158.0,1.31,0.8291,81197.8,1304583.425,6.5921,0.83,145.0714,9.1453,1963586.9072
688268.SH,2026-05-28,155.02,158.75,150.18,152.3,159.31,-7.01,-4.4002,80129.45,1236148.97,6.5053,0.88,138.6879,8.7429,1877184.6461
688268.SH,2026-05-29,150.16,152.3,142.0,143.1,152.3,-9.2,-6.0407,99776.21,1454067.562,8.1004,,130.3102,8.2148,1763789.3818
688268.SH,2026-06-01,145.6,159.6,145.6,147.65,143.1,4.55,3.1796,90450.66,1378202.905,7.3433,,134.4535,8.476,1819870.7353
688268.SH,2026-06-02,147.65,150.11,142.5,146.89,147.65,-0.76,-0.5147,68758.52,1006314.088,5.4999,0.79,135.7606,7.991,1837561.8045
688268.SH,2026-06-03,145.81,176.27,145.14,176.27,146.89,29.38,20.0014,163726.33,2675199.477,13.0963,1.95,162.9145,9.5894,2205099.185
688268.SH,2026-06-04,183.18,206.58,183.0,203.6,176.27,27.33,15.5046,172999.57,3405510.379,13.8381,1.72,188.1738,11.0761,2546991.5134
688268.SH,2026-06-05,195.18,208.0,194.06,196.7,203.6,-6.9,-3.389,139114.71,2763108.536,11.1277,1.17,181.7966,10.7008,2460674.0211
688268.SH,2026-06-08,184.89,194.93,179.01,183.02,196.7,-13.68,-6.9548,107533.09,2002393.214,8.6015,0.85,169.1531,9.9566,2289540.2101
688268.SH,2026-06-09,192.0,205.3,181.8,189.33,183.02,6.31,3.4477,124274.24,2375146.319,9.9406,0.95,174.985,10.2998,2368476.9314
688268.SH,2026-06-10,188.0,198.53,179.82,190.68,189.33,1.35,0.713,170954.29,3268419.964,13.6745,1.21,176.2327,10.3733,2385365.1364
688268.SH,2026-06-11,185.18,228.82,185.18,228.82,190.68,38.14,20.0021,176094.72,3639895.775,13.7917,1.23,215.9886,11.6007,2923473.8355
688268.SH,2026-06-12,220.62,222.8,183.23,188.5,228.82,-40.32,-17.6208,189076.64,3791320.619,14.8084,1.32,177.9296,9.5566,2408333.2663
688268.SH,2026-06-15,178.0,188.49,161.0,183.93,188.5,-4.57,-2.4244,128718.41,2296043.362,10.0812,0.84,173.6159,9.3249,2349945.5579
688268.SH,2026-06-16,186.15,197.98,184.7,184.77,183.93,0.84,0.4567,134990.97,2601024.705,10.5724,0.86,174.2982,12.5663,2359180.314
