ts_code,trade_date,open,high,low,close,pre_close,change,pct_chg,vol,amount,turnover_rate,volume_ratio,pe,pb,total_mv
300748.SZ,2023-01-03,29.01,30.09,28.96,30.06,29.26,0.8,2.7341,137759.37,409960.204,1.9524,1.26,55.5957,3.7297,2518896.3312
300748.SZ,2023-01-04,29.99,30.24,29.5,29.75,30.06,-0.31,-1.0313,108518.24,324414.769,1.538,0.94,55.0223,3.6912,2492919.6891
300748.SZ,2023-01-05,29.9,30.5,29.74,30.29,29.75,0.54,1.8151,112102.11,338898.652,1.5887,1.02,56.0211,3.7582,2538169.3237
300748.SZ,2023-01-06,30.6,32.2,30.31,31.68,30.29,1.39,4.589,262459.45,828126.883,3.7197,2.5,58.5918,3.9307,2654645.2353
300748.SZ,2023-01-09,31.8,32.6,31.55,32.3,31.68,0.62,1.9571,203373.42,653969.195,2.8823,1.42,59.7385,4.0076,2706598.5195
300748.SZ,2023-01-10,32.17,32.22,31.6,32.0,32.3,-0.3,-0.9288,121515.34,387620.834,1.7222,0.74,59.1837,3.9704,2681459.8336
300748.SZ,2023-01-11,31.99,32.24,31.4,31.42,32.0,-0.58,-1.8125,104384.93,331427.057,1.4794,0.65,58.111,3.8984,2632858.3741
300748.SZ,2023-01-12,31.38,31.76,31.2,31.3,31.42,-0.12,-0.3819,99802.36,313885.312,1.4144,0.62,57.889,3.8836,2622802.8997
300748.SZ,2023-01-13,31.3,31.59,30.59,31.06,31.3,-0.24,-0.7668,114159.73,354009.904,1.6179,0.72,57.4452,3.8538,2602691.951
300748.SZ,2023-01-16,31.18,31.98,31.05,31.73,31.06,0.67,2.1571,111231.9,351695.546,1.5764,0.86,58.6843,3.9369,2658835.0163
300748.SZ,2023-01-17,31.66,31.97,31.5,31.74,31.73,0.01,0.0315,63888.8,202628.319,0.9055,0.58,58.7028,3.9382,2659672.9725
300748.SZ,2023-01-18,31.74,31.9,31.41,31.5,31.74,-0.24,-0.7561,67809.29,214253.143,0.961,0.69,58.2589,3.9084,2639562.0237
300748.SZ,2023-01-19,31.5,31.84,31.12,31.75,31.5,0.25,0.7937,83313.5,262222.644,1.1807,0.91,58.7213,3.9394,2660510.9287
300748.SZ,2023-01-20,31.75,33.04,31.66,32.75,31.75,1.0,3.1496,179617.85,584723.537,2.5456,2.04,60.5708,4.0635,2744306.5485
300748.SZ,2023-01-30,33.8,33.97,33.27,33.64,32.75,0.89,2.7176,197669.34,664791.223,2.8014,1.95,62.2168,4.1739,2818884.6501
300748.SZ,2023-01-31,33.29,33.96,33.1,33.76,33.64,0.12,0.3567,105852.11,356317.069,1.5002,0.89,62.4388,4.1888,2828940.1244
300748.SZ,2023-02-01,33.81,35.32,33.71,35.04,33.76,1.28,3.7915,181904.17,631751.278,2.578,1.43,64.8061,4.3476,2936198.5178
300748.SZ,2023-02-02,34.58,34.98,34.3,34.67,35.04,-0.37,-1.0559,141080.59,487706.954,1.9994,0.94,64.1218,4.3017,2905194.1385
300748.SZ,2023-02-03,34.45,34.61,33.6,34.07,34.67,-0.6,-1.7306,117426.09,398551.453,1.6642,0.73,63.0121,4.2272,2854916.7666
300748.SZ,2023-02-06,33.68,33.89,33.24,33.89,34.07,-0.18,-0.5283,94380.07,316782.773,1.3376,0.63,62.6792,4.2049,2839833.555
300748.SZ,2023-02-07,33.89,34.26,33.6,34.26,33.89,0.37,1.0918,107648.28,365405.918,1.5256,0.84,63.3635,4.2508,2870837.9343
300748.SZ,2023-02-08,34.57,35.06,33.83,33.9,34.26,-0.36,-1.0508,149084.86,511391.712,2.1129,1.16,62.6977,4.2062,2840671.5112
300748.SZ,2023-02-09,33.61,34.42,33.5,34.42,33.9,0.52,1.5339,103173.55,351245.689,1.4622,0.85,63.6594,4.2707,2884245.2335
300748.SZ,2023-02-10,34.12,34.28,33.83,34.05,34.42,-0.37,-1.075,111374.51,378490.787,1.5784,0.97,62.9751,4.2248,2853240.8542
300748.SZ,2023-02-13,34.0,35.1,33.8,35.0,34.05,0.95,2.79,151012.07,524221.801,2.1402,1.33,64.7321,4.3426,2932846.693
300748.SZ,2023-02-14,35.04,35.3,34.64,35.0,35.0,0.0,0.0,116179.17,406124.806,1.6465,0.93,64.7321,4.3426,2932846.693
300748.SZ,2023-02-15,34.99,35.14,34.66,34.81,35.0,-0.19,-0.5429,81999.41,285579.412,1.1621,0.65,64.3807,4.3191,2916925.5252
300748.SZ,2023-02-16,34.75,34.85,33.45,33.79,34.81,-1.02,-2.9302,104915.6,358159.257,1.4869,0.93,62.4943,4.1925,2831453.993
300748.SZ,2023-02-17,33.79,34.36,33.68,33.71,33.79,-0.08,-0.2368,70167.88,238554.857,0.9944,0.62,62.3463,4.1826,2824750.3435
300748.SZ,2023-02-20,33.68,33.68,32.62,33.43,33.71,-0.28,-0.8306,119434.19,395240.741,1.6927,1.14,61.8285,4.1478,2801287.5699
300748.SZ,2023-02-21,33.44,34.15,33.2,33.66,33.43,0.23,0.688,90949.11,305767.929,1.289,0.92,62.2538,4.1764,2820560.5625
300748.SZ,2023-02-22,33.38,33.66,33.25,33.38,33.66,-0.28,-0.8318,61041.16,203939.466,0.8651,0.65,61.736,4.1416,2797097.7889
300748.SZ,2023-02-23,33.41,33.53,32.83,33.13,33.38,-0.25,-0.749,96233.53,318470.249,1.3639,1.08,61.2736,4.1106,2776148.884
300748.SZ,2023-02-24,33.13,33.14,32.34,32.68,33.13,-0.45,-1.3583,87037.78,283678.186,1.2335,0.99,60.4413,4.0548,2738440.8551
300748.SZ,2023-02-27,32.5,32.65,32.1,32.22,32.68,-0.46,-1.4076,69065.0,223077.753,0.9788,0.76,59.5906,3.9977,2699894.87
300748.SZ,2023-02-28,32.3,32.46,31.71,32.19,32.22,-0.03,-0.0931,95398.62,305386.61,1.352,1.18,59.5351,3.994,2697381.0014
300748.SZ,2023-03-01,32.1,32.21,31.81,32.19,32.19,0.0,0.0,76927.13,246403.329,1.0902,0.94,59.5351,3.994,2697381.0014
300748.SZ,2023-03-02,31.19,31.19,28.91,29.82,32.19,-2.37,-7.3625,394795.7,1164610.551,5.5952,4.65,55.1518,3.6999,2498785.3824
300748.SZ,2023-03-03,29.4,29.75,29.25,29.55,29.82,-0.27,-0.9054,191139.29,563516.626,2.7089,1.32,54.6524,3.6664,2476160.5651
300748.SZ,2023-03-06,29.49,29.53,29.13,29.3,29.55,-0.25,-0.846,110301.46,323227.37,1.5632,0.67,54.1901,3.6354,2455211.6601
300748.SZ,2023-03-07,29.33,29.48,28.89,28.89,29.3,-0.41,-1.3993,100042.38,291648.648,1.4178,0.58,53.4318,3.5845,2420855.456
300748.SZ,2023-03-08,28.8,29.02,28.61,29.0,28.89,0.11,0.3808,74466.74,214923.585,1.0554,0.43,53.6352,3.5982,2430072.9742
300748.SZ,2023-03-09,28.98,29.23,28.9,29.14,29.0,0.14,0.4828,73026.3,212324.289,1.035,0.42,53.8941,3.6156,2441804.361
300748.SZ,2023-03-10,28.94,29.0,28.6,28.6,29.14,-0.54,-1.8531,78038.95,224194.147,1.106,0.71,52.8954,3.5486,2396554.7263
300748.SZ,2023-03-13,28.58,28.79,28.49,28.66,28.6,0.06,0.2098,53782.12,153915.477,0.7622,0.62,53.0064,3.556,2401582.4635
300748.SZ,2023-03-14,28.65,28.71,27.97,28.39,28.66,-0.27,-0.9421,70821.14,200594.958,1.0037,0.93,52.507,3.5225,2378957.6461
300748.SZ,2023-03-15,28.57,28.75,28.36,28.51,28.39,0.12,0.4227,59400.89,169684.177,0.8418,0.85,52.729,3.5374,2389013.1205
300748.SZ,2023-03-16,28.36,28.36,27.68,27.77,28.51,-0.74,-2.5956,73596.16,206031.231,1.043,1.1,51.3603,3.4456,2327004.3618
300748.SZ,2023-03-17,27.93,28.12,27.72,27.8,27.77,0.03,0.108,62434.76,174152.721,0.8848,0.93,51.4158,3.4493,2329518.2304
300748.SZ,2023-03-20,27.65,28.15,27.61,28.05,27.8,0.25,0.8993,61902.36,172782.828,0.8773,0.97,51.8782,3.4803,2350467.1354
300748.SZ,2023-03-21,28.19,28.74,28.08,28.73,28.05,0.68,2.4242,87450.41,249169.133,1.2394,1.33,53.1358,3.5647,2407448.1569
300748.SZ,2023-03-22,28.88,28.93,28.41,28.58,28.73,-0.15,-0.5221,72520.94,207616.054,1.0278,1.05,52.8584,3.5461,2394878.8139
300748.SZ,2023-03-23,28.33,28.85,28.33,28.6,28.58,0.02,0.07,76031.73,217508.972,1.0775,1.06,52.8954,3.5486,2396554.7263
300748.SZ,2023-03-24,28.65,28.98,28.45,28.94,28.6,0.34,1.1888,82139.56,236594.489,1.1641,1.14,53.5242,3.5907,2425045.237
300748.SZ,2023-03-27,28.94,28.99,28.35,28.54,28.94,-0.4,-1.3822,90952.24,259675.312,1.289,1.2,52.7844,3.5411,2391526.9891
300748.SZ,2023-03-28,28.39,28.54,28.05,28.13,28.54,-0.41,-1.4366,60982.98,172133.297,0.8643,0.75,52.0262,3.4902,2357170.785
300748.SZ,2023-03-29,28.26,28.57,28.13,28.27,28.13,0.14,0.4977,61213.66,173463.128,0.8675,0.8,52.2851,3.5076,2368902.1717
300748.SZ,2023-03-30,28.15,28.24,27.91,28.18,28.27,-0.09,-0.3184,65846.92,184643.411,0.9332,0.89,52.1186,3.4964,2361360.566
300748.SZ,2023-03-31,28.31,28.59,28.19,28.37,28.18,0.19,0.6742,91225.31,258871.079,1.2929,1.26,33.8313,3.5038,2377281.7337
300748.SZ,2023-04-03,28.5,29.2,28.37,28.96,28.37,0.59,2.0797,126101.19,364166.417,1.7871,1.7,34.5349,3.5767,2426721.1494
300748.SZ,2023-04-04,28.9,28.96,28.39,28.51,28.96,-0.45,-1.5539,93687.91,267417.391,1.3278,1.16,33.9983,3.5211,2389013.1205
300748.SZ,2023-04-06,28.49,28.94,28.4,28.9,28.51,0.39,1.3679,97407.22,280217.772,1.3805,1.11,34.4633,3.5693,2421693.4122
300748.SZ,2023-04-07,28.83,28.86,28.6,28.82,28.9,-0.08,-0.2768,57215.26,164609.367,0.8101,0.6,34.3679,3.5594,2414989.7626
300748.SZ,2023-04-10,28.86,28.93,28.44,28.54,28.82,-0.28,-0.9715,70256.7,201602.174,0.9945,0.75,34.0432,3.5258,2392170.8515
300748.SZ,2023-04-11,28.58,28.79,28.23,28.77,28.54,0.23,0.8059,62510.98,178397.135,0.8848,0.7,34.3176,3.5542,2411449.0328
300748.SZ,2023-04-12,28.72,29.49,28.6,29.38,28.77,0.61,2.1203,123240.16,359449.736,1.7444,1.62,35.0452,3.6295,2462578.1225
300748.SZ,2023-04-13,29.36,29.78,29.23,29.32,29.38,-0.06,-0.2042,124473.2,367287.254,1.7619,1.52,34.9736,3.6221,2457549.0317
300748.SZ,2023-04-14,29.45,29.85,29.3,29.61,29.32,0.29,0.9891,99228.83,293444.121,1.4045,1.13,35.3195,3.6579,2481856.3039
300748.SZ,2023-04-17,29.87,29.87,29.4,29.59,29.61,-0.02,-0.0675,78628.55,232757.796,1.113,0.82,35.2957,3.6555,2480179.9403
300748.SZ,2023-04-18,29.4,29.68,28.96,29.01,29.59,-0.58,-1.9601,87097.85,254431.794,1.2328,0.89,34.6038,3.5838,2431565.396
300748.SZ,2023-04-19,28.96,28.97,28.51,28.6,29.01,-0.41,-1.4133,73502.7,210831.423,1.0404,0.72,34.1148,3.5332,2397199.9423
300748.SZ,2023-04-20,28.63,28.66,27.92,28.13,28.6,-0.47,-1.6434,74932.51,211025.139,1.0606,0.81,33.5541,3.4751,2357805.3978
300748.SZ,2023-04-21,28.1,28.22,27.47,27.49,28.13,-0.64,-2.2752,67600.58,187916.54,0.9569,0.82,32.7907,3.396,2304161.7627
300748.SZ,2023-04-24,27.51,27.65,27.32,27.46,27.49,-0.03,-0.1091,47670.26,130924.372,0.6748,0.62,32.755,3.3923,2301647.2173
300748.SZ,2023-04-25,27.44,27.61,26.49,26.71,27.46,-0.75,-2.7312,69827.43,188971.854,0.9884,1.0,31.8603,3.2997,2238783.5825
300748.SZ,2023-04-26,26.83,27.81,26.59,27.39,26.71,0.68,2.5459,60813.96,166114.457,0.8608,0.91,32.6715,3.3837,2295779.9447
300748.SZ,2023-04-27,27.5,27.9,27.43,27.88,27.39,0.49,1.789,68001.02,188239.739,0.9625,1.06,33.2559,3.3544,2336850.8528
300748.SZ,2023-04-28,28.1,28.42,27.65,27.87,27.88,-0.01,-0.0359,64229.82,179438.011,0.9091,1.02,33.244,3.3532,2336012.671
300748.SZ,2023-05-04,27.59,27.78,27.36,27.41,27.87,-0.46,-1.6505,45591.36,125365.254,0.6453,0.73,32.6953,3.2978,2297456.3083
300748.SZ,2023-05-05,27.39,27.51,26.88,27.14,27.41,-0.27,-0.985,37755.61,102394.371,0.5344,0.61,32.3733,3.2654,2274825.3998
300748.SZ,2023-05-08,27.15,27.71,27.15,27.66,27.14,0.52,1.916,35737.12,98244.205,0.5058,0.65,32.9935,3.3279,2318410.8533
300748.SZ,2023-05-09,27.8,28.18,27.27,27.34,27.66,-0.32,-1.1569,68220.66,188709.72,0.9656,1.36,32.6118,3.2894,2291589.0357
300748.SZ,2023-05-10,27.44,27.7,27.03,27.58,27.34,0.24,0.8778,45369.72,124134.265,0.6422,0.9,32.8981,3.3169,2311705.3989
300748.SZ,2023-05-11,27.55,27.72,27.42,27.47,27.58,-0.11,-0.3988,33162.0,91301.624,0.4694,0.71,32.7669,3.3037,2302485.3991
300748.SZ,2023-05-12,27.5,27.6,27.02,27.06,27.47,-0.41,-1.4925,37564.81,102274.586,0.5315,0.85,32.3133,3.2523,2270609.4654
300748.SZ,2023-05-15,27.09,27.53,27.05,27.5,27.06,0.44,1.626,47885.84,130989.068,0.6776,1.09,32.8387,3.3052,2307529.9445
300748.SZ,2023-05-16,27.7,27.7,27.16,27.27,27.5,-0.23,-0.8364,36346.07,99416.795,0.5143,0.78,32.564,3.2775,2288230.6031
300748.SZ,2023-05-17,27.26,27.5,27.1,27.5,27.27,0.23,0.8434,28958.58,79198.091,0.4098,0.72,32.8387,3.3052,2307529.9445
300748.SZ,2023-05-18,27.58,27.58,27.16,27.27,27.5,-0.23,-0.8364,34384.73,93806.988,0.4865,0.93,32.564,3.2775,2288230.6031
300748.SZ,2023-05-19,27.26,27.29,27.06,27.22,27.27,-0.05,-0.1834,28157.98,76585.824,0.3984,0.76,32.5043,3.2715,2284035.0942
300748.SZ,2023-05-22,27.25,27.32,27.06,27.12,27.22,-0.1,-0.3674,32987.41,89600.216,0.4668,0.94,32.3849,3.2595,2275644.0762
300748.SZ,2023-05-23,27.21,27.28,26.8,26.84,27.12,-0.28,-1.0324,43573.87,117828.288,0.6166,1.35,32.0505,3.2258,2252149.2258
300748.SZ,2023-05-24,26.8,27.14,26.7,26.89,26.84,0.05,0.1863,35911.96,96733.009,0.5082,1.07,32.1103,3.2319,2256344.7348
300748.SZ,2023-05-25,26.9,26.99,26.7,26.97,26.89,0.08,0.2975,37392.76,100396.144,0.5291,1.07,32.2058,3.2415,2263057.5492
300748.SZ,2023-05-26,26.95,26.99,26.48,26.6,26.97,-0.37,-1.3719,49708.48,132372.714,0.7034,1.4,31.764,3.197,2232010.7827
300748.SZ,2023-05-29,26.66,27.08,26.66,26.9,26.6,0.3,1.1278,50202.31,135104.998,0.7104,1.26,32.1222,3.2331,2257183.8366
300748.SZ,2023-05-30,26.98,26.98,26.36,26.95,26.9,0.05,0.1859,50033.44,133377.631,0.708,1.15,32.1819,3.2391,2261379.3456
300748.SZ,2023-05-31,26.94,27.06,26.67,26.85,26.95,-0.1,-0.3711,30282.65,81251.905,0.4285,0.68,32.0625,3.227,2252988.3276
300748.SZ,2023-06-01,26.85,27.02,26.7,26.86,26.85,0.01,0.0372,39311.33,105838.992,0.5563,0.9,32.0744,3.2282,2253827.4294
300748.SZ,2023-06-02,26.96,27.47,26.86,27.4,26.86,0.54,2.0104,65571.16,179098.598,0.9278,1.49,32.7193,3.2932,2299138.9265
300748.SZ,2023-06-05,27.4,27.65,27.24,27.49,27.4,0.09,0.3285,43388.58,119116.634,0.6139,0.92,32.8267,3.304,2306690.8427
300748.SZ,2023-06-06,27.32,27.67,27.06,27.15,27.49,-0.34,-1.2368,42226.57,115648.398,0.5975,0.92,32.4207,3.2631,2278161.3816
300748.SZ,2023-06-07,27.2,27.36,26.82,26.94,27.15,-0.21,-0.7735,34969.37,94488.606,0.4948,0.79,32.17,3.2379,2260540.2438
300748.SZ,2023-06-08,26.9,27.04,26.57,26.86,26.94,-0.08,-0.297,44546.34,119253.2,0.6303,0.99,32.0744,3.2282,2253827.4294
300748.SZ,2023-06-09,26.75,27.28,26.56,27.28,26.86,0.42,1.5637,90203.96,241955.717,1.2764,1.95,32.576,3.2787,2289069.7049
300748.SZ,2023-06-12,27.01,27.07,26.65,26.85,27.28,-0.43,-1.5762,64381.65,172691.37,0.911,1.26,32.0625,3.227,2252988.3276
300748.SZ,2023-06-13,26.86,26.88,26.66,26.74,26.85,-0.11,-0.4097,41963.98,112261.085,0.5938,0.76,31.9311,3.2138,2243758.2079
300748.SZ,2023-06-14,26.74,26.86,26.5,26.5,26.74,-0.24,-0.8975,46447.11,123563.247,0.6572,0.84,31.6445,3.185,2223619.7647
300748.SZ,2023-06-15,26.56,26.98,26.37,26.92,26.5,0.42,1.5849,74429.63,199404.922,1.0532,1.29,32.1461,3.2355,2258862.0402
300748.SZ,2023-06-16,26.93,26.95,26.72,26.87,26.92,-0.05,-0.1857,45526.64,122216.724,0.6442,0.72,32.0864,3.2295,2254666.5312
300748.SZ,2023-06-19,26.91,27.2,26.85,26.93,26.87,0.06,0.2233,45249.92,122256.938,0.6403,0.83,32.158,3.2367,2259701.142
300748.SZ,2023-06-20,26.95,27.52,26.77,27.44,26.93,0.51,1.8938,84147.72,229335.23,1.1907,1.66,32.767,3.298,2302495.3337
300748.SZ,2023-06-21,27.32,27.59,26.89,26.95,27.44,-0.49,-1.7857,67993.69,184311.438,0.9621,1.15,32.1819,3.2391,2261379.3456
300748.SZ,2023-06-26,26.78,29.27,26.78,28.53,26.95,1.58,5.8627,255746.84,730881.521,3.6188,4.03,34.0681,3.429,2393917.442
300748.SZ,2023-06-27,28.51,28.66,27.77,28.13,28.53,-0.4,-1.402,133682.58,375485.717,1.8916,1.34,33.5904,3.3809,2360353.9308
300748.SZ,2023-06-28,28.01,28.19,27.31,28.02,28.13,-0.11,-0.391,103356.23,286996.718,1.4625,0.88,33.4591,3.3677,2351123.9652
300748.SZ,2023-06-29,27.86,30.57,27.79,30.49,28.02,2.47,8.8151,480604.78,1426088.294,6.8005,3.73,36.4085,3.6646,2558378.6473
300748.SZ,2023-06-30,30.22,30.33,29.61,29.92,30.49,-0.57,-1.8695,222775.51,667097.008,3.1523,1.07,35.7279,3.5961,2510550.6437
300748.SZ,2023-07-03,29.74,30.27,29.6,29.93,29.92,0.01,0.0334,160453.91,479272.607,2.2704,0.67,35.7398,3.5973,2511389.7315
300748.SZ,2023-07-04,30.29,30.87,29.68,29.9,29.93,-0.03,-0.1002,147340.97,443236.66,2.0849,0.67,35.704,3.5937,2508872.4682
300748.SZ,2023-07-05,29.58,32.33,29.49,31.58,29.9,1.68,5.6187,414837.73,1299910.937,5.8699,1.86,37.7101,3.7956,2649839.2156
300748.SZ,2023-07-06,31.0,31.43,30.44,31.1,31.58,-0.48,-1.5199,251367.69,774385.597,3.5568,0.88,37.1369,3.7379,2609563.002
300748.SZ,2023-07-07,30.64,30.99,30.1,30.3,31.1,-0.8,-2.5723,144074.06,439160.192,2.0386,0.6,36.1816,3.6417,2542435.9795
300748.SZ,2023-07-10,30.55,31.46,29.93,30.98,30.3,0.68,2.2442,190907.45,586594.058,2.7013,0.85,36.9936,3.7235,2599493.9486
300748.SZ,2023-07-11,30.55,31.26,30.2,31.13,30.98,0.15,0.4842,157862.25,486084.121,2.2337,0.69,37.1728,3.7415,2612080.2654
300748.SZ,2023-07-12,19.2,20.26,18.72,19.26,19.29,-0.03,-0.1555,454488.29,882011.251,4.0194,1.96,36.7978,3.8232,2585732.9086
300748.SZ,2023-07-13,19.18,19.55,18.81,18.86,19.26,-0.4,-2.0768,308670.81,590015.228,2.7298,1.29,36.0336,3.7438,2532031.2906
300748.SZ,2023-07-14,18.77,18.88,18.31,18.35,18.86,-0.51,-2.7041,256100.66,473953.349,2.2649,1.02,35.0592,3.6426,2463561.7276
300748.SZ,2023-07-17,18.32,18.32,17.54,17.69,18.35,-0.66,-3.5967,287872.13,509651.839,2.5459,1.05,33.7982,3.5116,2374954.0578
300748.SZ,2023-07-18,17.86,18.33,17.6,18.25,17.69,0.56,3.1656,237848.95,428092.888,2.1035,0.81,34.8681,3.6227,2450136.3231
300748.SZ,2023-07-19,18.13,18.19,17.89,17.96,18.25,-0.29,-1.589,122143.51,219630.906,1.0802,0.4,34.314,3.5652,2411202.65
300748.SZ,2023-07-20,17.89,18.85,17.89,18.31,17.96,0.35,1.9488,310780.11,575532.125,2.7484,1.28,34.9828,3.6346,2458191.5658
300748.SZ,2023-07-21,18.6,18.6,18.04,18.1,18.31,-0.21,-1.1469,145632.55,265229.929,1.2879,0.6,34.5815,3.593,2429998.2163
300748.SZ,2023-07-24,17.88,18.13,17.67,17.76,18.1,-0.34,-1.8785,123201.78,220079.804,1.0896,0.56,33.9319,3.5255,2384351.841
300748.SZ,2023-07-25,17.95,18.07,17.81,17.92,17.76,0.16,0.9009,103127.09,184794.978,0.912,0.55,34.2376,3.5572,2405832.4882
300748.SZ,2023-07-26,17.9,17.95,17.6,17.7,17.92,-0.22,-1.2277,101732.14,180268.376,0.8997,0.63,33.8173,3.5136,2376296.5983
300748.SZ,2023-07-27,17.72,17.8,17.28,17.33,17.7,-0.37,-2.0904,137371.37,240754.434,1.2149,0.88,33.1104,3.4401,2326622.6016
300748.SZ,2023-07-28,17.39,17.56,17.18,17.5,17.33,0.17,0.981,105407.54,183495.496,0.9322,0.86,33.4352,3.4739,2349445.7893
300748.SZ,2023-07-31,17.55,17.88,17.51,17.7,17.5,0.2,1.1429,116927.34,207290.47,1.0341,1.02,33.8173,3.5136,2376296.5983
300748.SZ,2023-08-01,17.89,18.33,17.67,18.26,17.7,0.56,3.1638,249090.96,449239.405,2.2029,2.21,34.8872,3.6247,2451478.8635
300748.SZ,2023-08-02,18.15,18.59,18.01,18.11,18.26,-0.15,-0.8215,179681.78,327485.821,1.5891,1.26,34.6006,3.5949,2431340.7568
300748.SZ,2023-08-03,17.85,18.06,17.83,17.93,18.11,-0.18,-0.9939,112503.59,201679.046,0.9949,0.71,34.2567,3.5592,2407175.0286
300748.SZ,2023-08-04,17.91,18.02,17.57,17.67,17.93,-0.26,-1.4501,154890.39,275076.921,1.3698,1.01,33.76,3.5076,2372268.9769
300748.SZ,2023-08-07,17.65,18.28,17.55,18.17,17.67,0.5,2.8297,205963.65,371243.048,1.8215,1.27,34.7153,3.6068,2439395.9995
300748.SZ,2023-08-08,18.02,18.12,17.8,18.01,18.17,-0.16,-0.8806,103027.21,184833.134,0.9111,0.57,34.4096,3.5751,2417915.3523
300748.SZ,2023-08-09,17.9,18.44,17.9,18.32,18.01,0.31,1.7213,221274.57,404725.531,1.9569,1.46,35.0019,3.6366,2459534.1062
300748.SZ,2023-08-10,18.29,18.5,18.14,18.24,18.32,-0.08,-0.4367,103397.5,188590.742,0.9144,0.65,34.849,3.6207,2448793.7826
300748.SZ,2023-08-11,18.24,18.27,17.68,17.71,18.24,-0.53,-2.9057,120381.42,214937.249,1.0646,0.76,33.8364,3.5155,2377639.1387
300748.SZ,2023-08-14,17.46,17.74,17.31,17.64,17.71,-0.07,-0.3953,71365.1,125514.142,0.6311,0.47,33.7027,3.5016,2368241.3556
300748.SZ,2023-08-15,17.62,17.81,17.34,17.44,17.64,-0.2,-1.1338,73708.91,129132.425,0.6519,0.59,33.3205,3.4619,2341390.5465
300748.SZ,2023-08-16,17.41,17.51,16.95,17.04,17.44,-0.4,-2.2936,97072.67,166556.268,0.8585,0.82,32.5563,3.3825,2287688.9285
300748.SZ,2023-08-17,17.04,17.3,16.9,17.2,17.04,0.16,0.939,58526.85,100235.107,0.5176,0.63,32.862,3.4143,2309169.5757
300748.SZ,2023-08-18,17.13,17.51,17.11,17.17,17.2,-0.03,-0.1744,69643.66,120574.443,0.6159,0.83,32.8047,3.4083,2305141.9544
300748.SZ,2023-08-21,17.16,17.44,17.08,17.08,17.17,-0.09,-0.5242,56628.31,97624.982,0.5008,0.76,32.6327,3.3905,2293059.0903
300748.SZ,2023-08-22,17.16,17.27,16.72,17.21,17.08,0.13,0.7611,81353.45,138207.029,0.7195,1.14,32.8811,3.4163,2310512.1162
300748.SZ,2023-08-23,17.2,17.21,16.66,16.71,17.21,-0.5,-2.9053,58818.53,99228.811,0.5202,0.81,31.9258,3.317,2243385.0936
300748.SZ,2023-08-24,16.85,16.87,16.44,16.56,16.71,-0.15,-0.8977,64009.28,106476.328,0.5661,0.98,31.6392,3.2873,2223246.9869
300748.SZ,2023-08-25,16.5,16.57,16.1,16.22,16.56,-0.34,-2.0531,80131.59,130941.153,0.7087,1.21,30.9896,3.1448,2177600.6115
300748.SZ,2023-08-28,17.23,17.28,16.18,16.26,16.22,0.04,0.2466,108793.99,180820.57,0.9621,1.6,31.0661,3.1526,2182970.7733
300748.SZ,2023-08-29,16.22,18.26,16.11,17.36,16.26,1.1,6.7651,302296.4,527627.285,2.6734,3.84,33.1677,3.3658,2330650.2229
300748.SZ,2023-08-30,17.01,17.84,16.99,17.51,17.36,0.15,0.8641,174740.07,306545.522,1.5453,1.42,33.4543,3.3949,2350788.3297
300748.SZ,2023-08-31,17.4,17.63,17.02,17.2,17.51,-0.31,-1.7704,99411.25,171694.357,0.8792,0.68,32.862,3.3348,2309169.5757
300748.SZ,2023-09-01,17.28,18.11,17.25,18.04,17.2,0.84,4.8837,274479.28,488413.874,2.4274,1.79,34.4669,3.4977,2421942.9736
300748.SZ,2023-09-04,17.98,18.23,17.9,18.08,18.04,0.04,0.2217,195079.38,352286.497,1.7252,1.02,34.5433,3.5054,2427313.1354
300748.SZ,2023-09-05,17.99,18.11,17.82,17.9,18.08,-0.18,-0.9956,105094.45,188231.418,0.9294,0.5,34.1994,3.4705,2403147.4073
300748.SZ,2023-09-06,17.83,17.9,17.67,17.73,17.9,-0.17,-0.9497,73364.49,130066.008,0.6488,0.43,33.8746,3.4376,2380324.2196
300748.SZ,2023-09-07,17.7,17.8,17.42,17.46,17.73,-0.27,-1.5228,93148.69,163620.203,0.8238,0.62,33.3588,3.3852,2344075.6274
300748.SZ,2023-09-08,17.43,17.75,17.39,17.53,17.46,0.07,0.4009,84131.43,147939.098,0.744,0.57,33.4925,3.3988,2353473.4106
300748.SZ,2023-09-11,17.53,17.68,17.22,17.53,17.53,0.0,0.0,76407.16,133441.673,0.6757,0.69,33.4925,3.3988,2353473.4106
300748.SZ,2023-09-12,17.53,17.69,17.43,17.46,17.53,-0.07,-0.3993,57067.12,99979.023,0.5047,0.66,33.3588,3.3852,2344075.6274
300748.SZ,2023-09-13,17.38,17.54,17.2,17.3,17.46,-0.16,-0.9164,60389.72,104683.918,0.5341,0.79,33.0531,3.3542,2322594.9802
300748.SZ,2023-09-14,17.26,17.35,17.03,17.09,17.3,-0.21,-1.2139,59082.37,101240.72,0.5225,0.8,32.6518,3.3135,2294401.6308
300748.SZ,2023-09-15,17.2,17.29,16.92,17.07,17.09,-0.02,-0.117,54689.3,93315.219,0.4837,0.81,32.6136,3.3096,2291716.5499
300748.SZ,2023-09-18,17.04,17.26,16.94,17.2,17.07,0.13,0.7616,71497.58,122632.956,0.6323,1.16,32.862,3.3348,2309169.5757
300748.SZ,2023-09-19,17.13,17.13,16.78,16.81,17.2,-0.39,-2.2674,67379.68,113701.856,0.5959,1.11,32.1169,3.2592,2256810.4981
300748.SZ,2023-09-20,16.76,16.86,16.52,16.54,16.81,-0.27,-1.6062,47438.35,78855.366,0.4195,0.76,31.601,3.2068,2220561.906
300748.SZ,2023-09-21,16.54,16.64,16.38,16.41,16.54,-0.13,-0.786,42569.21,70136.658,0.3765,0.71,31.3526,3.1816,2203108.8801
300748.SZ,2023-09-22,16.38,16.65,16.31,16.6,16.41,0.19,1.1578,90382.93,149039.886,0.7993,1.59,31.7157,3.2185,2228617.1487
300748.SZ,2023-09-25,17.0,17.03,16.58,16.67,16.6,0.07,0.4217,79348.31,132645.364,0.7017,1.24,31.8494,3.2321,2238014.9318
300748.SZ,2023-09-26,16.61,16.68,16.45,16.48,16.67,-0.19,-1.1398,47677.88,78848.511,0.4216,0.73,31.4864,3.1952,2212506.6632
300748.SZ,2023-09-27,16.48,16.77,16.45,16.62,16.48,0.14,0.8495,59317.83,98758.092,0.5246,0.96,31.7539,3.2224,2231302.2296
300748.SZ,2023-09-28,16.64,16.79,16.59,16.64,16.62,0.02,0.1203,49886.08,83152.028,0.4412,0.78,31.7921,3.2262,2233987.3105
300748.SZ,2023-10-09,16.64,16.8,16.49,16.75,16.64,0.11,0.6611,56138.09,93599.03,0.4965,0.86,32.0022,3.2476,2248755.2554
300748.SZ,2023-10-10,16.87,16.91,16.6,16.66,16.75,-0.09,-0.5373,60146.13,100573.529,0.5319,1.03,31.8303,3.2301,2236672.3914
300748.SZ,2023-10-11,16.68,16.78,16.54,16.65,16.66,-0.01,-0.06,58536.72,97486.392,0.5177,1.07,31.8112,3.2282,2235329.8509
300748.SZ,2023-10-12,16.69,17.02,16.64,16.9,16.65,0.25,1.5015,88774.4,149515.719,0.7851,1.56,32.2888,3.2766,2268893.3622
300748.SZ,2023-10-13,16.87,16.87,16.54,16.71,16.9,-0.19,-1.1243,75554.29,126021.544,0.6682,1.21,31.9258,3.2398,2243385.0936
300748.SZ,2023-10-16,16.79,16.8,16.31,16.4,16.71,-0.31,-1.8552,67076.3,110197.405,0.5932,0.99,31.3335,3.1797,2201766.3396
300748.SZ,2023-10-17,16.5,16.51,16.32,16.49,16.4,0.09,0.5488,42591.74,69888.742,0.3767,0.61,31.5055,3.1972,2213849.2037
300748.SZ,2023-10-18,16.4,16.48,16.17,16.22,16.49,-0.27,-1.6374,44754.2,72673.502,0.3958,0.67,30.9896,3.1448,2177600.6115
300748.SZ,2023-10-19,16.11,16.37,16.05,16.1,16.22,-0.12,-0.7398,47147.98,76262.483,0.417,0.74,30.7604,3.1215,2161490.1261
300748.SZ,2023-10-20,16.04,16.24,15.94,15.95,16.1,-0.15,-0.9317,55770.93,89761.761,0.4932,1.01,30.4738,3.0925,2141352.0193
300748.SZ,2023-10-23,15.93,15.93,15.0,15.12,15.95,-0.83,-5.2038,105272.99,161792.414,0.931,2.05,28.888,2.9315,2029921.1619
300748.SZ,2023-10-24,15.13,16.45,15.02,15.83,15.12,0.71,4.6958,153304.61,241678.528,1.3558,2.59,30.2445,3.0692,2125241.5339
300748.SZ,2023-10-25,15.83,16.07,15.68,15.86,15.83,0.03,0.1895,77718.38,123470.737,0.6873,0.96,30.3018,3.075,2129269.1553
300748.SZ,2023-10-26,15.74,16.13,15.52,16.0,15.86,0.14,0.8827,99930.21,158603.979,0.8838,1.14,30.5693,3.0349,2148064.7216
300748.SZ,2023-10-27,15.97,16.3,15.83,16.25,16.0,0.25,1.5625,93997.48,151466.292,0.8313,0.96,31.047,3.0823,2181628.2329
300748.SZ,2023-10-30,16.14,16.56,16.11,16.38,16.25,0.13,0.8,93412.07,153360.8,0.8261,0.88,31.2953,3.107,2199081.2587
300748.SZ,2023-10-31,16.5,16.66,16.32,16.56,16.38,0.18,1.0989,93132.27,153763.778,0.8236,0.9,31.6392,3.1411,2223246.9869
300748.SZ,2023-11-01,16.52,16.83,16.5,16.68,16.56,0.12,0.7246,85430.2,142348.213,0.7555,0.93,31.8685,3.1639,2239357.4723
300748.SZ,2023-11-02,16.66,17.15,16.6,16.82,16.68,0.14,0.8393,137805.38,233172.833,1.2187,1.48,32.136,3.1904,2258153.0386
300748.SZ,2023-11-03,16.89,17.34,16.81,17.25,16.82,0.43,2.5565,157678.45,271361.146,1.3945,1.56,32.9575,3.272,2315882.278
300748.SZ,2023-11-06,17.88,18.05,17.39,17.63,17.25,0.38,2.2029,224276.04,394718.714,1.9834,1.98,33.6836,3.3441,2366898.8151
300748.SZ,2023-11-07,17.5,17.75,17.3,17.57,17.63,-0.06,-0.3403,127605.25,224008.712,1.1278,0.91,33.5689,3.3327,2358843.5724
300748.SZ,2023-11-08,17.58,17.77,17.38,17.5,17.57,-0.07,-0.3984,97713.9,171568.114,0.8636,0.67,33.4352,3.3194,2349445.7893
300748.SZ,2023-11-09,17.57,18.05,17.57,17.78,17.5,0.28,1.6,158042.94,282019.068,1.3968,1.06,33.9701,3.3725,2387036.9219
300748.SZ,2023-11-10,17.6,17.76,17.51,17.51,17.78,-0.27,-1.5186,83942.32,147660.585,0.7419,0.55,33.4543,3.3213,2350788.3297
300748.SZ,2023-11-13,17.48,17.68,17.28,17.39,17.51,-0.12,-0.6853,94514.85,164459.514,0.8353,0.68,33.225,3.2985,2334677.8443
300748.SZ,2023-11-14,17.36,17.46,17.3,17.34,17.39,-0.05,-0.2875,58785.65,102117.188,0.5196,0.52,33.1295,3.2891,2327965.142
300748.SZ,2023-11-15,17.47,17.62,17.47,17.53,17.34,0.19,1.0957,69635.24,122096.151,0.6154,0.71,33.4925,3.3251,2353473.4106
300748.SZ,2023-11-16,17.43,17.66,17.38,17.49,17.53,-0.04,-0.2282,74435.37,130275.974,0.6579,0.8,33.4161,3.3175,2348103.2488
300748.SZ,2023-11-17,17.45,17.56,17.33,17.52,17.49,0.03,0.1715,44443.14,77680.128,0.3928,0.58,33.4734,3.3232,2352130.8702
300748.SZ,2023-11-20,17.66,19.49,17.52,19.0,17.52,1.48,8.4475,442754.43,821441.215,3.9131,6.48,36.3011,3.6039,2550826.8569
300748.SZ,2023-11-21,19.66,20.0,18.53,18.61,19.0,-0.39,-2.0526,393288.23,748892.21,3.4759,2.85,35.5559,3.53,2498467.7793
300748.SZ,2023-11-22,18.4,18.81,18.18,18.19,18.61,-0.42,-2.2569,202361.61,372998.6,1.7885,0.99,34.7535,3.4503,2442081.0804
300748.SZ,2023-11-23,18.09,18.69,18.0,18.6,18.19,0.41,2.254,149085.4,274661.183,1.3176,0.64,35.5368,3.5281,2497125.2389
300748.SZ,2023-11-24,18.48,18.59,18.12,18.35,18.6,-0.25,-1.3441,108337.48,198458.601,0.9575,0.44,35.0592,3.4806,2463561.7276
300748.SZ,2023-11-27,18.18,18.81,18.13,18.65,18.35,0.3,1.6349,167365.01,310974.676,1.4792,0.65,35.6323,3.5375,2503837.9411
300748.SZ,2023-11-28,18.67,18.86,18.53,18.66,18.65,0.01,0.0536,115041.03,215362.039,1.0167,0.56,35.6515,3.5394,2505180.4816
300748.SZ,2023-11-29,18.59,19.45,18.52,19.0,18.66,0.34,1.8221,258028.87,492635.618,2.2805,1.74,36.3011,3.6039,2550826.8569
300748.SZ,2023-11-30,19.28,20.25,18.8,19.79,19.0,0.79,4.1579,445761.0,878041.398,3.9397,2.79,37.8104,3.7538,2656887.5525
300748.SZ,2023-12-01,19.6,19.88,19.25,19.28,19.79,-0.51,-2.5771,178800.11,347679.832,1.5802,0.82,36.836,3.657,2588417.9895
300748.SZ,2023-12-04,19.37,19.89,19.2,19.72,19.28,0.44,2.2822,178030.76,348242.39,1.5734,0.76,37.6767,3.7405,2647489.7694
300748.SZ,2023-12-05,19.78,19.99,19.43,19.47,19.72,-0.25,-1.2677,147228.89,289180.531,1.3012,0.63,37.199,3.6931,2613926.2581
300748.SZ,2023-12-06,19.3,20.81,19.3,19.5,19.47,0.03,0.1541,359616.37,722682.674,3.1783,1.49,37.2563,3.6988,2617953.8795
300748.SZ,2023-12-07,19.17,19.63,18.8,19.32,19.5,-0.18,-0.9231,200768.03,386398.119,1.7744,0.77,36.9124,3.6646,2593788.1513
300748.SZ,2023-12-08,19.33,19.45,18.84,18.95,19.32,-0.37,-1.9151,156400.31,298017.38,1.3823,0.73,36.2055,3.5944,2544114.1546
300748.SZ,2023-12-11,18.83,19.41,18.7,19.35,18.95,0.4,2.1108,173370.71,332944.291,1.5323,0.83,36.9698,3.6703,2597815.7727
300748.SZ,2023-12-12,19.3,19.58,19.16,19.5,19.35,0.15,0.7752,107488.44,209026.274,0.95,0.52,37.2563,3.6988,2617953.8795
300748.SZ,2023-12-13,19.48,20.29,19.31,19.7,19.5,0.2,1.0256,243940.48,484588.8,2.156,1.22,37.6385,3.7367,2644804.6885
300748.SZ,2023-12-14,19.85,20.1,19.44,19.53,19.7,-0.17,-0.8629,175857.98,347534.137,1.5542,1.0,37.3137,3.7045,2621981.5008
300748.SZ,2023-12-15,19.6,19.95,19.43,19.55,19.53,0.02,0.1024,105270.73,206561.97,0.9304,0.61,37.3519,3.7083,2624666.5817
300748.SZ,2023-12-18,19.5,20.03,19.26,19.52,19.55,-0.03,-0.1535,142268.58,280061.414,1.2574,0.88,37.2946,3.7026,2620638.9604
300748.SZ,2023-12-19,19.51,19.7,19.3,19.55,19.52,0.03,0.1537,93235.99,181995.686,0.824,0.6,37.3519,3.7083,2624666.5817
300748.SZ,2023-12-20,19.51,19.86,19.07,19.14,19.55,-0.41,-2.0972,98436.38,191165.464,0.87,0.65,36.5685,3.6305,2569622.4232
300748.SZ,2023-12-21,18.99,19.98,18.84,19.86,19.14,0.72,3.7618,193735.9,378483.233,1.7123,1.57,37.9442,3.7671,2666285.3357
300748.SZ,2023-12-22,19.86,20.76,19.8,20.42,19.86,0.56,2.8197,232837.0,473488.868,2.0578,1.84,39.0141,3.8733,2741467.6009
300748.SZ,2023-12-25,20.3,20.7,20.11,20.35,20.42,-0.07,-0.3428,104148.42,211491.672,0.9187,0.68,38.9449,3.8566,2736609.4632
300748.SZ,2023-12-26,20.2,20.34,19.68,20.0,20.35,-0.35,-1.7199,99880.15,199284.596,0.881,0.69,38.2751,3.7903,2689542.47
300748.SZ,2023-12-27,19.9,20.28,19.63,20.25,20.0,0.25,1.25,101164.53,202703.124,0.8923,0.69,38.7536,3.8377,2723161.7509
300748.SZ,2023-12-28,20.12,20.64,19.98,20.38,20.25,0.13,0.642,141841.75,287404.056,1.2511,0.97,39.0024,3.8623,2740643.7769
300748.SZ,2023-12-29,20.27,20.47,19.97,20.22,20.38,-0.16,-0.7851,108693.51,219215.772,0.9588,0.8,38.6962,3.832,2719127.4372
300748.SZ,2024-01-02,20.22,20.76,19.88,20.45,20.22,0.23,1.1375,152446.58,311098.005,1.3447,1.37,39.1363,3.8756,2750057.1756
300748.SZ,2024-01-03,20.38,20.38,19.09,19.38,20.45,-1.07,-5.2323,193949.79,381229.156,1.7108,1.61,37.0886,3.6728,2606166.6534
300748.SZ,2024-01-04,19.41,19.53,19.0,19.16,19.38,-0.22,-1.1352,119366.7,229542.168,1.0529,0.85,36.6676,3.6311,2576581.6863
300748.SZ,2024-01-05,19.2,19.63,18.97,19.06,19.16,-0.1,-0.5219,108054.14,208431.512,0.9531,0.75,36.4762,3.6122,2563133.9739
300748.SZ,2024-01-08,18.95,19.16,18.37,18.55,19.06,-0.51,-2.6758,129265.62,240183.578,1.1402,0.95,35.5002,3.5155,2494550.6409
300748.SZ,2024-01-09,18.59,19.1,18.41,18.67,18.55,0.12,0.6469,115054.99,216008.019,1.0149,0.82,35.7298,3.5382,2510687.8957
300748.SZ,2024-01-10,18.66,18.96,18.3,18.5,18.67,-0.17,-0.9106,79973.73,148606.493,0.7054,0.6,35.4045,3.506,2487826.7848
300748.SZ,2024-01-11,18.44,18.94,18.31,18.75,18.5,0.25,1.3514,69023.29,129337.454,0.6088,0.63,35.8829,3.5534,2521446.0656
300748.SZ,2024-01-12,18.76,19.09,18.55,18.6,18.75,-0.15,-0.8,80573.2,151535.296,0.7107,0.8,35.5959,3.525,2501274.4971
300748.SZ,2024-01-15,18.6,18.78,18.12,18.35,18.6,-0.25,-1.3441,94179.29,173598.749,0.8307,0.99,35.1174,3.4776,2467655.2162
300748.SZ,2024-01-16,18.35,18.64,18.05,18.28,18.35,-0.07,-0.3815,100754.37,184141.602,0.8887,1.15,34.9835,3.4643,2458241.8176
300748.SZ,2024-01-17,18.26,18.35,17.69,17.72,18.28,-0.56,-3.0635,64661.88,116125.229,0.5704,0.76,33.9118,3.3582,2382934.6284
300748.SZ,2024-01-18,17.5,17.75,17.11,17.6,17.72,-0.12,-0.6772,92721.66,160821.804,0.8179,1.13,33.6821,3.3355,2366797.3736
300748.SZ,2024-01-19,17.59,17.65,17.1,17.12,17.6,-0.48,-2.7273,75815.57,131175.897,0.6687,0.88,32.7635,3.2445,2302248.3543
300748.SZ,2024-01-22,17.03,17.17,16.01,16.16,17.12,-0.96,-5.6075,119316.02,197301.842,1.0524,1.39,30.9263,3.0626,2173150.3158
300748.SZ,2024-01-23,16.19,16.66,15.87,16.41,16.16,0.25,1.547,108437.04,176893.52,0.9565,1.2,31.4047,3.1099,2206769.5966
300748.SZ,2024-01-24,16.4,16.78,16.02,16.59,16.41,0.18,1.0969,79717.27,130908.347,0.7032,0.86,31.7492,3.1441,2230975.4789
300748.SZ,2024-01-25,16.7,16.71,16.27,16.54,16.59,-0.05,-0.3014,158786.73,262264.959,1.4006,1.67,31.6535,3.1346,2224251.6227
300748.SZ,2024-01-26,16.49,16.49,15.73,15.87,16.54,-0.67,-4.0508,201926.55,323557.487,1.7811,1.86,30.3713,3.0076,2134151.9499
300748.SZ,2024-01-29,15.86,16.16,15.69,15.87,15.87,0.0,0.0,156565.14,249286.64,1.381,1.17,30.3713,3.0076,2134151.9499
300748.SZ,2024-01-30,15.7,15.85,15.38,15.42,15.87,-0.45,-2.8355,99508.94,155450.228,0.8777,0.71,29.5101,2.9223,2073637.2444
300748.SZ,2024-01-31,15.38,15.5,14.74,14.75,15.42,-0.67,-4.345,119041.38,179512.775,1.05,0.85,28.2279,2.7953,1983537.5716
300748.SZ,2024-02-01,14.63,14.83,14.3,14.41,14.75,-0.34,-2.3051,119294.4,173480.8,1.0523,0.81,27.5772,2.7309,1937815.3496
300748.SZ,2024-02-02,14.47,14.78,13.71,14.16,14.41,-0.25,-1.7349,143724.87,205621.935,1.2678,1.03,27.0988,2.6835,1904196.0688
300748.SZ,2024-02-05,14.01,14.25,12.89,13.67,14.16,-0.49,-3.4605,201606.41,274031.279,1.7783,1.58,26.1611,2.5907,1838302.2782
300748.SZ,2024-02-06,13.47,15.15,13.42,15.08,13.67,1.41,10.3146,192178.16,279936.32,1.6951,1.41,28.8594,2.8579,2027915.0224
300748.SZ,2024-02-07,15.0,16.54,14.91,16.32,15.08,1.24,8.2228,284721.09,457349.917,2.5114,1.83,31.2325,3.0929,2194666.6555
300748.SZ,2024-02-08,16.58,17.5,16.38,16.47,16.32,0.15,0.9191,246971.8,417237.899,2.1785,1.31,31.5196,3.1213,2214838.224
300748.SZ,2024-02-19,16.5,16.55,16.01,16.24,16.47,-0.23,-1.3965,179173.2,290764.022,1.5804,0.84,31.0794,3.0777,2183908.4856
300748.SZ,2024-02-20,16.08,16.22,15.53,15.95,16.24,-0.29,-1.7857,193978.89,305965.587,1.711,0.88,30.5244,3.0228,2144910.1198
300748.SZ,2024-02-21,15.82,16.91,15.71,16.25,15.95,0.3,1.8809,211967.69,347754.078,1.8697,0.97,31.0985,3.0796,2185253.2569
300748.SZ,2024-02-22,16.1,16.35,16.02,16.29,16.25,0.04,0.2462,122246.36,198200.315,1.0783,0.55,31.1751,3.0872,2190632.3418
300748.SZ,2024-02-23,16.28,17.05,15.97,17.05,16.29,0.76,4.6654,239091.33,394715.182,2.1089,1.25,32.6295,3.2312,2292834.9557
300748.SZ,2024-02-26,17.01,18.18,17.01,17.71,17.05,0.66,3.871,300468.56,532753.53,2.6503,1.59,33.8926,3.3563,2381589.8572
300748.SZ,2024-02-27,17.57,17.86,17.41,17.86,17.71,0.15,0.847,133356.07,235699.35,1.1763,0.62,34.1797,3.3847,2401761.4257
300748.SZ,2024-02-28,17.76,18.27,16.91,16.91,17.86,-0.95,-5.3191,188832.82,332762.585,1.6656,0.94,32.3616,3.2047,2274008.1584
300748.SZ,2024-02-29,16.72,17.46,16.71,17.42,16.91,0.51,3.016,118789.15,204432.738,1.0478,0.6,33.3376,3.3013,2342591.4914
300748.SZ,2024-03-01,17.5,17.68,17.19,17.45,17.42,0.03,0.1722,111988.71,194751.036,0.9878,0.57,33.395,3.307,2346625.8051
300748.SZ,2024-03-04,17.45,17.54,17.15,17.24,17.45,-0.21,-1.2034,160952.44,278385.056,1.4197,0.94,32.9932,3.2672,2318385.6091
300748.SZ,2024-03-05,17.15,17.63,16.95,17.3,17.24,0.06,0.348,153747.17,266771.083,1.3562,1.08,33.108,3.2786,2326454.2366
300748.SZ,2024-03-06,17.19,17.5,16.81,17.31,17.3,0.01,0.0578,136816.28,235066.647,1.2068,0.93,33.1271,3.2805,2327799.0078
300748.SZ,2024-03-07,17.4,18.16,17.26,17.36,17.31,0.05,0.2889,286484.13,506553.803,2.527,2.1,33.2228,3.29,2334522.864
300748.SZ,2024-03-08,17.15,17.33,16.74,16.95,17.36,-0.41,-2.3618,246787.23,418073.417,2.1768,1.45,32.4382,3.2123,2279387.2433
300748.SZ,2024-03-11,16.85,17.34,16.76,17.23,16.95,0.28,1.6519,179910.65,308133.443,1.5869,0.91,32.974,3.2653,2317040.8379
300748.SZ,2024-03-12,17.25,17.33,16.51,16.76,17.23,-0.47,-2.7278,300724.54,505023.95,2.6526,1.5,32.0746,3.1763,2253836.5899
300748.SZ,2024-03-13,16.74,16.75,16.34,16.54,16.76,-0.22,-1.3126,253931.23,419630.27,2.2398,1.1,31.6535,3.1346,2224251.6227
300748.SZ,2024-03-14,16.44,16.76,16.1,16.23,16.54,-0.31,-1.8742,201812.61,331353.302,1.7801,0.8,31.0603,3.0758,2182563.7144
300748.SZ,2024-03-15,16.05,16.38,15.61,16.36,16.23,0.13,0.801,245024.65,393008.506,2.1613,1.04,31.3091,3.1333,2200045.7405
300748.SZ,2024-03-18,16.43,16.65,16.31,16.56,16.36,0.2,1.2225,194310.64,320351.157,1.714,0.82,31.6918,3.1716,2226941.1652
300748.SZ,2024-03-19,16.51,16.94,16.37,16.48,16.56,-0.08,-0.4831,223799.74,372976.995,1.9741,0.94,31.5387,3.1563,2216182.9953
300748.SZ,2024-03-20,16.45,16.6,16.33,16.55,16.48,0.07,0.4248,128003.79,210886.696,1.1291,0.57,31.6727,3.1697,2225596.3939
300748.SZ,2024-03-21,16.63,16.64,16.15,16.28,16.55,-0.27,-1.6314,135942.12,221868.348,1.1991,0.68,31.156,3.118,2189287.5706
300748.SZ,2024-03-22,16.24,16.33,15.88,15.9,16.28,-0.38,-2.3342,109197.79,175080.685,0.9632,0.59,30.4287,3.0452,2138186.2637
300748.SZ,2024-03-25,15.91,16.06,15.57,15.62,15.9,-0.28,-1.761,121419.73,192327.528,1.071,0.77,29.8929,2.9916,2100532.6691
300748.SZ,2024-03-26,15.64,15.75,15.32,15.56,15.62,-0.06,-0.3841,114397.54,177706.926,1.0091,0.8,29.778,2.9801,2092464.0417
300748.SZ,2024-03-27,15.58,15.59,15.0,15.03,15.56,-0.53,-3.4062,117169.62,178841.463,1.0335,0.96,28.7638,2.8786,2021191.1662
300748.SZ,2024-03-28,14.91,15.77,14.9,15.41,15.03,0.38,2.5283,121438.04,187194.536,1.0712,1.02,29.491,2.9514,2072292.4731
300748.SZ,2024-03-29,15.46,15.7,15.23,15.38,15.41,-0.03,-0.1947,109422.67,168798.82,0.9652,0.94,36.6912,2.9456,2068258.1594
300748.SZ,2024-04-01,15.45,15.79,15.44,15.71,15.38,0.33,2.1456,132148.24,207269.097,1.1656,1.13,37.4785,3.0088,2112635.6102
300748.SZ,2024-04-02,15.63,15.88,15.45,15.69,15.71,-0.02,-0.1273,157065.88,245589.463,1.3854,1.32,37.4308,3.005,2109946.0677
300748.SZ,2024-04-03,15.83,16.41,15.66,16.02,15.69,0.33,2.1033,395653.83,633661.87,3.4899,3.1,38.218,3.0682,2154323.5185
300748.SZ,2024-04-08,16.16,16.61,16.1,16.24,16.02,0.22,1.3733,484987.7,793332.16,4.2779,2.65,38.7429,3.1103,2183908.4856
300748.SZ,2024-04-09,16.0,17.58,15.81,17.01,16.24,0.77,4.7414,600332.82,1004272.734,5.2953,2.35,40.5798,3.2578,2287455.8707
300748.SZ,2024-04-10,16.75,16.75,16.22,16.4,17.01,-0.61,-3.5861,334336.82,550828.816,2.9491,0.94,39.1246,3.141,2205424.8254
300748.SZ,2024-04-11,16.15,16.44,15.74,16.05,16.4,-0.35,-2.1341,283006.41,454915.531,2.4963,0.72,38.2896,3.0739,2158357.8322
300748.SZ,2024-04-12,15.92,16.14,15.42,15.48,16.05,-0.57,-3.5514,246291.29,387143.143,2.1725,0.59,36.9298,2.9648,2081705.8718
300748.SZ,2024-04-15,15.29,15.82,14.91,15.57,15.48,0.09,0.5814,241758.93,373368.918,2.1325,0.62,37.1445,2.982,2093808.8129
300748.SZ,2024-04-16,15.4,15.72,14.87,14.88,15.57,-0.69,-4.4316,215883.81,327307.039,1.9042,0.63,35.4984,2.8499,2001019.5977
300748.SZ,2024-04-17,14.95,15.43,14.95,15.41,14.88,0.53,3.5618,169874.85,259548.625,1.4984,0.64,36.7628,2.9514,2072292.4731
300748.SZ,2024-04-18,15.37,15.53,15.08,15.28,15.41,-0.13,-0.8436,160940.61,246835.799,1.4196,0.7,36.4527,2.9265,2054810.4471
300748.SZ,2024-04-19,15.25,15.3,14.52,14.58,15.28,-0.7,-4.5812,240765.17,356948.051,2.1237,1.16,34.7827,2.7924,1960676.4606
300748.SZ,2024-04-22,14.57,14.82,14.42,14.57,14.58,-0.01,-0.0686,118215.54,172916.24,1.0427,0.57,34.7589,2.7905,1959331.6894
300748.SZ,2024-04-23,14.51,14.66,14.18,14.26,14.57,-0.31,-2.1277,145154.33,207737.408,1.2804,0.8,34.0193,2.7311,1917643.7811
300748.SZ,2024-04-24,14.2,14.78,14.16,14.75,14.26,0.49,3.4362,137749.29,199269.544,1.215,0.82,35.1883,2.825,1983537.5716
300748.SZ,2024-04-25,14.63,14.8,14.49,14.58,14.75,-0.17,-1.1525,105076.49,153694.999,0.9268,0.65,34.7827,2.7924,1960676.4606
300748.SZ,2024-04-26,14.46,14.98,14.46,14.85,14.58,0.27,1.8519,186023.19,274588.377,1.6409,1.25,35.4268,2.8441,1996985.284
300748.SZ,2024-04-29,14.75,15.14,14.6,15.11,14.85,0.26,1.7508,206652.1,308972.182,1.8228,1.49,36.0471,2.8489,2031949.3361
300748.SZ,2024-04-30,15.09,15.18,14.83,14.89,15.11,-0.22,-1.456,128396.86,191985.603,1.1325,0.82,35.5223,2.8075,2002364.3689
300748.SZ,2024-05-06,15.04,15.47,15.04,15.32,14.89,0.43,2.8878,195329.23,298859.96,1.7229,1.28,36.5481,2.8885,2060189.532
300748.SZ,2024-05-07,15.42,15.57,15.32,15.46,15.32,0.14,0.9138,154618.75,238967.177,1.3638,0.94,36.8821,2.9149,2079016.3293
300748.SZ,2024-05-08,15.4,15.54,15.15,15.2,15.46,-0.26,-1.6818,129391.12,197759.276,1.1413,0.74,36.2618,2.8659,2044052.2772
300748.SZ,2024-05-09,15.19,15.65,15.11,15.54,15.2,0.34,2.2368,162442.66,252008.107,1.4329,1.0,37.0729,2.93,2089774.4992
300748.SZ,2024-05-10,15.55,15.68,15.24,15.34,15.54,-0.2,-1.287,103009.04,158502.59,0.9086,0.67,36.5958,2.8923,2062879.0745
300748.SZ,2024-05-13,15.16,15.24,14.91,14.98,15.34,-0.36,-2.3468,113696.14,171225.436,1.0029,0.76,35.737,2.8244,2014467.31
300748.SZ,2024-05-14,15.01,15.21,14.96,14.98,14.98,0.0,0.0,85865.33,129259.525,0.7574,0.65,35.737,2.8244,2014467.31
300748.SZ,2024-05-15,15.0,15.1,14.66,14.68,14.98,-0.3,-2.0027,100838.07,149728.45,0.8895,0.85,35.0213,2.7679,1974124.173
300748.SZ,2024-05-16,14.75,14.83,14.45,14.47,14.68,-0.21,-1.4305,125486.44,182849.434,1.1069,1.11,34.5203,2.7283,1945883.977
300748.SZ,2024-05-17,14.48,14.85,14.33,14.85,14.47,0.38,2.6261,122810.69,179211.423,1.0833,1.16,35.4268,2.7999,1996985.284
300748.SZ,2024-05-20,14.92,15.12,14.88,15.01,14.85,0.16,1.0774,115036.67,172700.383,1.0147,1.05,35.8085,2.8301,2018501.6237
300748.SZ,2024-05-21,14.96,14.97,14.66,14.71,15.01,-0.3,-1.9987,84213.39,124504.383,0.7428,0.77,35.0928,2.7735,1978158.4867
300748.SZ,2024-05-22,14.7,14.96,14.65,14.91,14.71,0.2,1.3596,95477.39,141542.842,0.8422,0.87,35.57,2.8112,2005053.9114
300748.SZ,2024-05-23,14.82,14.85,14.36,14.43,14.91,-0.48,-3.2193,117200.91,170123.712,1.0338,1.08,34.4249,2.7207,1940504.8921
300748.SZ,2024-05-24,14.43,14.54,14.12,14.12,14.43,-0.31,-2.1483,91853.94,131153.185,0.8102,0.86,33.6853,2.6623,1898816.9838
300748.SZ,2024-05-27,14.19,14.44,13.94,14.42,14.12,0.3,2.1246,108485.92,153703.459,0.9569,1.08,34.401,2.7189,1939160.1209
300748.SZ,2024-05-28,14.42,14.53,14.2,14.21,14.42,-0.21,-1.4563,81862.53,117657.806,0.7221,0.82,33.9,2.6793,1910919.9249
300748.SZ,2024-05-29,14.22,14.74,14.17,14.46,14.21,0.25,1.7593,139611.83,202574.256,1.2315,1.41,34.4964,2.7264,1944539.2058
300748.SZ,2024-05-30,14.35,14.65,14.31,14.37,14.46,-0.09,-0.6224,107504.59,155576.461,0.9483,1.0,34.2817,2.7094,1932436.2647
300748.SZ,2024-05-31,14.35,14.59,14.35,14.42,14.37,0.05,0.3479,92766.37,134112.286,0.8183,0.88,34.3986,2.719,1939023.4596
300748.SZ,2024-06-03,14.5,14.5,14.12,14.24,14.42,-0.18,-1.2483,78245.66,111605.361,0.6902,0.74,33.9692,2.685,1914819.2833
300748.SZ,2024-06-04,14.21,14.29,14.06,14.26,14.24,0.02,0.1404,70195.56,99494.761,0.6192,0.7,34.0169,2.6888,1917508.6362
300748.SZ,2024-06-05,14.2,14.32,14.06,14.06,14.26,-0.2,-1.4025,75268.2,106826.476,0.6639,0.77,33.5398,2.6511,1890615.107
300748.SZ,2024-06-06,14.2,14.28,13.68,13.74,14.06,-0.32,-2.276,124298.44,172497.065,1.0964,1.47,32.7765,2.5907,1847585.4602
300748.SZ,2024-06-07,13.88,14.0,13.69,13.86,13.74,0.12,0.8734,71779.08,99375.128,0.6331,0.81,33.0627,2.6134,1863721.5777
300748.SZ,2024-06-11,13.8,14.04,13.58,13.99,13.86,0.13,0.938,71317.38,98512.201,0.6291,0.85,33.3728,2.6379,1881202.3717
300748.SZ,2024-06-12,13.94,14.25,13.92,14.12,13.99,0.13,0.9292,56511.38,79700.097,0.4985,0.68,33.6829,2.6624,1898683.1658
300748.SZ,2024-06-13,14.13,14.14,13.83,13.95,14.12,-0.17,-1.204,70714.36,98824.287,0.6237,0.89,33.2774,2.6303,1875823.6659
300748.SZ,2024-06-14,13.94,14.03,13.68,14.01,13.95,0.06,0.4301,71667.27,99512.29,0.632,0.91,33.4345,2.6411,1884676.6489
300748.SZ,2024-06-17,13.93,14.13,13.8,13.98,14.01,-0.03,-0.2141,66490.18,93043.207,0.5864,0.97,33.3629,2.6354,1880640.9388
300748.SZ,2024-06-18,14.0,14.39,13.98,14.22,13.98,0.24,1.7167,121241.66,172194.135,1.0692,1.8,33.9356,2.6807,1912926.6201
300748.SZ,2024-06-19,14.18,14.42,13.99,14.0,14.22,-0.22,-1.5471,92993.4,131607.544,0.8201,1.2,33.4106,2.6392,1883331.4122
300748.SZ,2024-06-20,14.0,14.05,13.58,13.6,14.0,-0.4,-2.8571,81625.72,112188.536,0.7198,0.96,32.456,2.5638,1829521.9433
300748.SZ,2024-06-21,13.6,13.68,13.24,13.34,13.6,-0.26,-1.9118,99513.59,133233.211,0.8776,1.15,31.8355,2.5148,1794545.7885
300748.SZ,2024-06-24,13.22,13.25,12.86,13.0,13.34,-0.34,-2.5487,108609.01,141806.651,0.9578,1.18,31.0241,2.4507,1748807.7399
300748.SZ,2024-06-25,12.87,13.02,12.66,12.79,12.74,0.05,0.3925,96820.11,123992.82,0.8538,0.96,30.523,2.5346,1720557.7687
300748.SZ,2024-06-26,12.65,13.07,12.43,13.05,12.79,0.26,2.0328,100125.82,127623.973,0.883,1.04,31.1434,2.5861,1755533.9235
300748.SZ,2024-06-27,12.99,13.1,12.72,12.75,13.05,-0.3,-2.2989,78599.46,101287.209,0.6932,0.81,30.4275,2.5266,1715176.8218
300748.SZ,2024-06-28,12.75,13.15,12.7,12.96,12.75,0.21,1.6471,114020.61,148070.797,1.0055,1.18,30.9287,2.5683,1743426.793
300748.SZ,2024-07-01,13.8,14.08,13.52,13.53,12.96,0.57,4.3981,369053.44,507804.058,3.2546,3.7,32.289,2.6812,1820105.2862
300748.SZ,2024-07-02,13.3,13.46,12.78,12.84,13.53,-0.69,-5.0998,268410.64,349359.629,2.3671,1.77,30.6423,2.5445,1727283.9523
300748.SZ,2024-07-03,12.76,12.88,12.54,12.68,12.84,-0.16,-1.2461,140193.54,177727.504,1.2363,0.75,30.2605,2.5128,1705760.1648
300748.SZ,2024-07-04,12.71,12.79,12.32,12.39,12.68,-0.29,-2.2871,110251.3,138222.622,0.9723,0.57,29.5684,2.4553,1666748.2998
300748.SZ,2024-07-05,12.38,12.66,12.18,12.58,12.39,0.19,1.5335,94619.22,117938.746,0.8344,0.47,30.0218,2.493,1692307.7975
300748.SZ,2024-07-08,12.53,12.62,12.03,12.14,12.58,-0.44,-3.4976,111922.2,137017.953,0.987,0.57,28.9718,2.4058,1633117.3817
300748.SZ,2024-07-09,12.1,12.26,11.76,12.19,12.14,0.05,0.4119,137899.09,166430.471,1.2161,0.95,29.0911,2.4157,1639843.5653
300748.SZ,2024-07-10,12.18,12.46,12.08,12.22,12.19,0.03,0.2461,90618.25,111378.066,0.7991,0.76,29.1627,2.4216,1643879.2755
300748.SZ,2024-07-11,12.45,12.64,12.37,12.54,12.22,0.32,2.6187,109810.83,137576.425,0.9684,1.01,29.9263,2.485,1686926.8506
300748.SZ,2024-07-12,12.46,12.52,12.29,12.31,12.54,-0.23,-1.8341,86959.97,107593.078,0.7669,0.8,29.3775,2.4395,1655986.406
300748.SZ,2024-07-15,12.31,12.37,12.07,12.12,12.31,-0.19,-1.5435,77081.84,93876.479,0.6798,0.72,28.924,2.4018,1630426.9083
300748.SZ,2024-07-16,12.03,12.17,11.98,12.13,12.12,0.01,0.0825,70114.45,84657.287,0.6183,0.7,28.9479,2.4038,1631772.145
300748.SZ,2024-07-17,12.13,12.14,11.97,11.98,12.13,-0.15,-1.2366,72606.0,87278.489,0.6403,0.84,28.5899,2.3741,1611593.5942
300748.SZ,2024-07-18,11.87,12.08,11.73,12.03,11.98,0.05,0.4174,87745.08,104321.287,0.7738,1.05,28.7092,2.384,1618319.7778
300748.SZ,2024-07-19,11.94,12.24,11.85,12.1,12.03,0.07,0.5819,93323.64,112557.102,0.823,1.18,28.8763,2.3978,1627736.4348
300748.SZ,2024-07-22,12.07,12.18,11.96,12.02,12.1,-0.08,-0.6612,79083.2,95420.503,0.6974,0.99,28.6854,2.382,1616974.541
300748.SZ,2024-07-23,12.03,12.03,11.64,11.64,12.02,-0.38,-3.1614,136915.4,161377.49,1.2074,1.7,27.7785,2.3067,1565855.5456
300748.SZ,2024-07-24,11.58,11.7,11.36,11.45,11.64,-0.19,-1.6323,110950.28,127781.635,0.9785,1.18,27.3251,2.269,1540296.0478
300748.SZ,2024-07-25,11.4,11.68,11.35,11.53,11.45,0.08,0.6987,68357.88,78700.352,0.6028,0.67,27.516,2.2849,1551057.9416
300748.SZ,2024-07-26,11.55,11.78,11.5,11.7,11.53,0.17,1.4744,56062.4,65578.758,0.4944,0.57,27.9217,2.3186,1573926.9659
300748.SZ,2024-07-29,11.76,11.76,11.54,11.6,11.7,-0.1,-0.8547,64842.81,75216.578,0.5718,0.72,27.6831,2.2988,1560474.5987
300748.SZ,2024-07-30,11.54,11.67,11.41,11.58,11.6,-0.02,-0.1724,62105.88,71617.461,0.5477,0.71,27.6353,2.2948,1557784.1252
300748.SZ,2024-07-31,11.57,12.11,11.51,12.06,11.58,0.48,4.1451,141527.71,167774.281,1.2481,1.95,28.7808,2.3899,1622355.4879
300748.SZ,2024-08-01,12.06,12.27,11.98,12.04,12.06,-0.02,-0.1658,105431.84,127543.731,0.9298,1.34,28.7331,2.3859,1619665.0145
300748.SZ,2024-08-02,11.98,12.15,11.92,11.97,12.04,-0.07,-0.5814,78754.48,94791.651,0.6945,0.92,28.5661,2.3721,1610248.3574
300748.SZ,2024-08-05,11.88,12.14,11.68,11.68,11.97,-0.29,-2.4227,89972.49,106891.206,0.7935,0.99,27.874,2.3146,1571236.4925
300748.SZ,2024-08-06,11.78,11.96,11.67,11.84,11.68,0.16,1.3699,63686.04,75203.217,0.5616,0.67,28.2558,2.3463,1592760.28
300748.SZ,2024-08-07,11.75,11.84,11.69,11.75,11.84,-0.09,-0.7601,65157.11,76646.68,0.5746,0.68,28.041,2.3285,1580653.1495
300748.SZ,2024-08-08,11.7,11.76,11.45,11.66,11.75,-0.09,-0.766,83295.6,96707.75,0.7346,1.03,27.8263,2.3106,1568546.019
300748.SZ,2024-08-09,11.72,11.82,11.51,11.52,11.66,-0.14,-1.2007,64627.92,75164.438,0.5699,0.85,27.4921,2.2829,1549712.7049
300748.SZ,2024-08-12,11.54,11.56,11.4,11.46,11.52,-0.06,-0.5208,62094.16,71019.477,0.5476,0.85,27.349,2.271,1541641.2846
300748.SZ,2024-08-13,11.42,11.59,11.36,11.51,11.46,0.05,0.4363,65430.84,75114.893,0.577,0.97,27.4683,2.2809,1548367.4682
300748.SZ,2024-08-14,11.51,11.54,11.27,11.33,11.51,-0.18,-1.5639,69245.1,78597.657,0.6107,1.02,27.0387,2.2452,1524153.2072
300748.SZ,2024-08-15,11.28,11.4,11.11,11.27,11.33,-0.06,-0.5296,125934.13,141798.624,1.1106,1.83,26.8955,2.2334,1516081.7868
300748.SZ,2024-08-16,11.28,11.3,11.0,11.02,11.27,-0.25,-2.2183,110295.4,122429.274,0.9727,1.42,26.2989,2.1838,1482450.8687
300748.SZ,2024-08-19,11.02,11.24,10.99,11.04,11.02,0.02,0.1815,93471.41,103983.225,0.8243,1.08,26.3466,2.1878,1485141.3422
300748.SZ,2024-08-20,11.03,11.13,10.78,10.81,11.04,-0.23,-2.0833,100010.24,109160.913,0.882,1.08,25.7978,2.1422,1454200.8976
300748.SZ,2024-08-21,10.81,10.92,10.75,10.88,10.81,0.07,0.6475,73807.15,80219.456,0.6509,0.74,25.9648,2.1561,1463617.5546
300748.SZ,2024-08-22,10.83,10.92,10.58,10.6,10.88,-0.28,-2.5735,88641.8,94778.674,0.7817,0.88,25.2966,2.1006,1425950.9264
300748.SZ,2024-08-23,10.54,10.66,10.36,10.39,10.6,-0.21,-1.9811,121416.65,126776.415,1.0708,1.3,24.7954,2.059,1397700.9552
300748.SZ,2024-08-26,10.41,10.63,10.38,10.42,10.39,0.03,0.2887,151766.32,159412.052,1.3384,1.59,24.867,2.0649,1401736.6654
300748.SZ,2024-08-27,10.39,10.4,10.03,10.16,10.42,-0.26,-2.4952,132047.0,134198.595,1.1645,1.23,24.2465,2.0134,1366760.5106
300748.SZ,2024-08-28,10.14,10.44,10.1,10.35,10.16,0.19,1.8701,120445.11,124297.989,1.0622,1.06,24.7,2.051,1392320.0083
300748.SZ,2024-08-29,10.26,10.6,10.04,10.57,10.35,0.22,2.1256,137645.9,143118.046,1.214,1.12,25.225,2.0979,1421915.2162
300748.SZ,2024-08-30,10.57,10.88,10.45,10.74,10.57,0.17,1.6083,136884.81,146637.478,1.2073,1.03,25.6307,2.1317,1444784.2405
300748.SZ,2024-09-02,10.73,10.79,10.44,10.47,10.74,-0.27,-2.514,102049.1,108164.754,0.9001,0.75,24.9864,2.0781,1408462.849
300748.SZ,2024-09-03,10.49,10.83,10.42,10.69,10.47,0.22,2.1012,111600.19,119105.455,0.9843,0.89,25.5114,2.1217,1438058.0569
300748.SZ,2024-09-04,10.67,10.79,10.58,10.67,10.69,-0.02,-0.1871,84335.69,90198.694,0.7438,0.69,25.4636,2.1178,1435367.5834
300748.SZ,2024-09-05,10.69,10.88,10.63,10.69,10.67,0.02,0.1874,63055.81,67624.233,0.5561,0.55,25.5114,2.1217,1438058.0569
300748.SZ,2024-09-06,10.69,10.74,10.35,10.36,10.69,-0.33,-3.087,85264.12,89237.472,0.752,0.86,24.7238,2.0562,1393665.245
300748.SZ,2024-09-09,10.38,10.47,10.28,10.37,10.36,0.01,0.0965,65864.96,68274.827,0.5809,0.74,24.7477,2.0582,1395010.4818
300748.SZ,2024-09-10,10.42,10.51,10.24,10.43,10.37,0.06,0.5786,92211.8,95778.395,0.8133,1.12,24.8909,2.0701,1403081.9021
300748.SZ,2024-09-11,10.38,10.62,10.35,10.56,10.43,0.13,1.2464,92723.8,97650.527,0.8178,1.19,25.2011,2.0959,1420569.9795
300748.SZ,2024-09-12,10.55,10.73,10.45,10.45,10.56,-0.11,-1.0417,61670.66,65040.576,0.5439,0.77,24.9386,2.0741,1405772.3755
300748.SZ,2024-09-13,10.48,10.52,10.15,10.17,10.45,-0.28,-2.6794,77487.8,79684.818,0.6834,0.97,24.2704,2.0185,1368105.7473
300748.SZ,2024-09-18,10.2,10.25,9.99,10.13,10.17,-0.04,-0.3933,61585.38,62228.476,0.5432,0.79,24.175,2.0106,1362724.8004
300748.SZ,2024-09-19,10.19,10.57,10.13,10.46,10.13,0.33,3.2577,96209.96,99822.428,0.8486,1.25,24.9625,2.0761,1407117.6123
300748.SZ,2024-09-20,10.43,10.48,10.25,10.3,10.46,-0.16,-1.5296,75376.3,77749.418,0.6648,0.97,24.5807,2.0443,1385593.8247
300748.SZ,2024-09-23,10.27,10.4,10.21,10.24,10.3,-0.06,-0.5825,54277.37,55805.724,0.4787,0.73,24.4375,2.0324,1377522.4044
300748.SZ,2024-09-24,10.33,10.71,10.29,10.7,10.24,0.46,4.4922,148711.71,156736.446,1.3116,2.04,25.5352,2.1237,1439403.2936
300748.SZ,2024-09-25,10.86,11.17,10.76,10.8,10.7,0.1,0.9346,184200.8,201785.072,1.6246,2.11,25.7739,2.1436,1452855.6608
300748.SZ,2024-09-26,10.8,11.29,10.7,11.29,10.8,0.49,4.537,167534.85,185175.967,1.4776,1.5,26.9433,2.2408,1518772.2603
300748.SZ,2024-09-27,11.5,12.63,11.5,12.39,11.29,1.1,9.7431,405843.67,491878.225,3.5795,3.22,29.5684,2.4592,1666748.2998
300748.SZ,2024-09-30,13.05,14.58,12.88,14.44,12.31,2.13,17.303,625159.98,857642.615,5.5138,3.25,34.4606,2.912,1942521.828
300748.SZ,2024-10-08,17.33,17.33,14.9,16.49,14.44,2.05,14.1967,838173.83,1362030.527,7.3926,2.74,39.3529,3.3254,2218295.3562
300748.SZ,2024-10-09,15.58,15.58,14.05,14.09,16.49,-2.4,-14.5543,596347.11,882533.433,5.2597,1.34,33.6254,2.8414,1895438.5427
300748.SZ,2024-10-10,14.22,14.6,13.79,14.01,14.09,-0.08,-0.5678,298239.46,424385.327,2.6304,0.57,33.4345,2.8253,1884676.6489
300748.SZ,2024-10-11,13.99,14.02,13.01,13.25,14.01,-0.76,-5.4247,280541.47,376543.693,2.4743,0.51,31.6207,2.672,1782438.658
300748.SZ,2024-10-14,13.25,13.8,13.06,13.67,13.25,0.42,3.1698,232109.33,312173.288,2.0472,0.44,32.6231,2.7567,1838938.6003
300748.SZ,2024-10-15,13.54,13.7,13.21,13.24,13.67,-0.43,-3.1456,197783.62,266252.309,1.7444,0.44,31.5969,2.67,1781093.4213
300748.SZ,2024-10-16,13.08,13.44,13.03,13.19,13.24,-0.05,-0.3776,170002.92,224838.122,1.4994,0.53,31.4776,2.6599,1774367.2376
300748.SZ,2024-10-17,13.37,13.48,13.06,13.06,13.19,-0.13,-0.9856,153993.02,204536.028,1.3582,0.65,31.1673,2.6337,1756879.1602
300748.SZ,2024-10-18,13.06,14.2,12.98,13.79,13.06,0.73,5.5896,323193.63,437697.917,2.8505,1.56,32.9094,2.7809,1855081.441
300748.SZ,2024-10-21,13.9,15.16,13.75,14.74,13.79,0.95,6.8891,440129.02,634740.857,3.8819,2.04,35.1766,2.9725,1982878.9297
300748.SZ,2024-10-22,14.53,16.61,14.53,15.48,14.74,0.74,5.0204,724201.1,1138768.152,6.3874,2.82,36.9426,3.1217,2082426.4472
300748.SZ,2024-10-23,15.24,15.96,15.09,15.78,15.48,0.3,1.938,517965.14,806272.398,4.5684,1.43,37.6585,3.1822,2122783.5489
300748.SZ,2024-10-24,15.51,16.0,15.28,15.49,15.78,-0.29,-1.8378,296052.49,459319.386,2.6111,0.69,36.9664,3.1237,2083771.6839
300748.SZ,2024-10-25,15.49,17.5,15.41,16.7,15.49,1.21,7.8115,761710.93,1256784.693,6.7182,1.65,39.8541,3.3328,2246545.3274
300748.SZ,2024-10-28,16.55,18.07,16.51,17.95,16.7,1.25,7.485,907202.18,1603525.115,8.0014,1.66,42.8372,3.5823,2414699.9178
300748.SZ,2024-10-29,18.05,18.34,17.08,17.54,17.95,-0.41,-2.2841,733749.56,1293237.191,6.4716,1.14,41.8587,3.5005,2359545.2121
300748.SZ,2024-10-30,17.38,18.12,16.91,17.55,17.54,0.01,0.057,635948.83,1118400.754,5.609,0.99,41.8826,3.5025,2360890.4489
300748.SZ,2024-10-31,17.17,18.0,16.72,17.22,17.55,-0.33,-1.8803,586757.86,1017551.235,5.1751,0.88,41.095,3.4366,2316497.637
300748.SZ,2024-11-01,17.55,20.66,17.53,20.66,17.22,3.44,19.9768,753763.56,1492839.654,6.6481,1.04,49.3045,4.1232,2779259.0697
300748.SZ,2024-11-04,22.43,23.49,19.18,20.95,20.66,0.29,1.4037,1930296.92,4103269.454,17.025,2.67,49.9966,4.181,2818270.9347
300748.SZ,2024-11-05,19.78,24.99,19.78,23.26,20.95,2.31,11.0263,1786951.85,3888406.499,15.7607,1.93,55.5093,4.642,3129020.6177
300748.SZ,2024-11-06,22.27,26.5,22.03,24.59,23.26,1.33,5.718,1888003.85,4534150.584,16.652,1.66,58.6833,4.9075,3307937.1019
300748.SZ,2024-11-07,24.0,25.35,23.0,23.55,24.59,-1.04,-4.2294,1347851.97,3219322.827,11.8879,0.97,56.2014,4.6999,3168032.4827
300748.SZ,2024-11-08,23.5,24.08,22.0,22.02,23.55,-1.53,-6.4968,1080302.38,2479740.01,9.5281,0.7,52.5501,4.3946,2962211.264
300748.SZ,2024-11-11,21.51,22.75,21.39,22.56,22.02,0.54,2.4523,643944.23,1438899.622,5.6795,0.4,53.8388,4.5023,3034854.0471
300748.SZ,2024-11-12,22.56,22.93,21.5,22.02,22.56,-0.54,-2.3936,731125.58,1631530.961,6.4484,0.54,52.5501,4.3946,2962211.264
300748.SZ,2024-11-13,22.09,23.27,22.07,22.31,22.02,0.29,1.317,667797.97,1514022.656,5.8899,0.59,53.2422,4.4524,3001223.129
300748.SZ,2024-11-14,21.55,21.94,20.66,20.67,22.31,-1.64,-7.351,701775.34,1486240.595,6.1896,0.78,49.3284,4.1251,2780604.3064
300748.SZ,2024-11-15,20.63,20.82,19.64,19.66,20.67,-1.01,-4.8863,489661.28,984925.892,4.3188,0.64,46.918,3.9236,2644735.3974
300748.SZ,2024-11-18,19.83,20.15,18.4,18.57,19.66,-1.09,-5.5443,431258.47,819063.085,3.8036,0.67,44.3168,3.706,2498104.5946
300748.SZ,2024-11-19,18.71,19.49,18.56,19.49,18.57,0.92,4.9542,393163.06,749055.071,3.4676,0.65,46.5123,3.8897,2621866.3731
300748.SZ,2024-11-20,19.3,19.98,19.24,19.71,19.49,0.22,1.1288,348852.88,684709.876,3.0768,0.65,47.0373,3.9336,2651461.581
300748.SZ,2024-11-21,19.65,19.87,19.19,19.44,19.71,-0.27,-1.3699,287027.31,560371.437,2.5315,0.61,46.393,3.8797,2615140.1895
300748.SZ,2024-11-22,19.4,22.26,18.88,21.09,19.44,1.65,8.4877,1005823.47,2061308.316,8.8712,2.58,50.3307,4.209,2837104.2488
300748.SZ,2024-11-25,20.2,22.05,19.88,20.74,21.09,-0.35,-1.6596,847894.13,1774241.386,7.4783,1.72,49.4954,4.1391,2790020.9635
300748.SZ,2024-11-26,20.52,21.3,19.28,19.38,20.74,-1.36,-6.5574,552054.38,1103475.073,4.8691,0.96,46.2498,3.8677,2607068.7692
300748.SZ,2024-11-27,18.97,20.04,18.55,19.9,19.38,0.52,2.6832,483305.59,934143.029,4.2627,0.79,47.4908,3.9715,2677021.0788
300748.SZ,2024-11-28,19.66,20.15,19.36,19.44,19.9,-0.46,-2.3116,327692.33,646854.032,2.8902,0.52,46.393,3.8797,2615140.1895
300748.SZ,2024-11-29,19.4,20.1,19.08,19.86,19.44,0.42,2.1605,439075.86,864491.283,3.8726,0.68,47.3953,3.9635,2671640.1319
300748.SZ,2024-12-02,19.77,20.82,19.68,20.65,19.86,0.79,3.9778,499455.67,1014228.54,4.4051,0.94,49.2806,4.1212,2777913.833
300748.SZ,2024-12-03,20.47,22.37,20.39,21.72,20.65,1.07,5.1816,888208.16,1918055.962,7.8339,1.93,51.8342,4.3347,2921854.1624
300748.SZ,2024-12-04,22.26,22.97,21.26,22.1,21.72,0.38,1.7495,976237.45,2157153.896,8.6103,1.85,52.741,4.4105,2972973.1578
300748.SZ,2024-12-05,21.6,21.86,21.15,21.41,22.1,-0.69,-3.1222,581625.4,1248014.106,5.1299,0.93,51.0943,4.2728,2880151.8239
300748.SZ,2024-12-06,21.23,21.4,20.63,21.05,21.41,-0.36,-1.6815,427193.75,894488.269,3.7678,0.63,50.2352,4.201,2831723.3019
300748.SZ,2024-12-09,20.88,21.23,20.61,20.8,21.05,-0.25,-1.1876,273141.1,570717.775,2.4091,0.4,49.6386,4.1511,2798092.3838
300748.SZ,2024-12-10,21.55,21.64,20.6,20.65,20.8,-0.15,-0.7212,402931.62,850423.35,3.5538,0.64,49.2806,4.1212,2777913.833
300748.SZ,2024-12-11,20.5,20.86,20.41,20.65,20.65,0.0,0.0,261450.71,539514.611,2.306,0.49,49.2806,4.1212,2777913.833
300748.SZ,2024-12-12,20.55,20.55,19.86,20.16,20.65,-0.49,-2.3729,366277.86,737716.822,3.2305,0.94,48.1113,4.0234,2711997.2336
300748.SZ,2024-12-13,20.0,20.33,19.8,19.81,20.16,-0.35,-1.7361,270215.36,539904.075,2.3833,0.78,47.276,3.9535,2664913.9483
300748.SZ,2024-12-16,19.71,19.89,19.31,19.46,19.81,-0.35,-1.7668,207956.62,406004.977,1.8342,0.66,46.4407,3.8837,2617830.663
300748.SZ,2024-12-17,19.5,20.06,19.28,19.44,19.46,-0.02,-0.1028,248344.82,488462.044,2.1904,0.82,46.393,3.8797,2615140.1895
300748.SZ,2024-12-18,19.37,19.55,19.19,19.27,19.44,-0.17,-0.8745,159427.81,308907.352,1.4061,0.59,45.9873,3.8457,2592271.1652
300748.SZ,2024-12-19,19.0,19.3,18.83,19.15,19.27,-0.12,-0.6227,173953.61,331374.459,1.5342,0.69,45.7009,3.8218,2576128.3245
300748.SZ,2024-12-20,19.14,19.77,19.1,19.51,19.15,0.36,1.8799,195798.44,381135.071,1.7269,0.92,46.5601,3.8936,2624556.8466
300748.SZ,2024-12-23,19.38,19.85,18.6,18.68,19.51,-0.83,-4.2542,213186.6,405937.384,1.8803,1.08,44.5793,3.728,2512902.1986
300748.SZ,2024-12-24,18.69,18.97,18.49,18.62,18.68,-0.06,-0.3212,173063.61,323432.835,1.5264,0.87,44.4361,3.716,2504830.7782
300748.SZ,2024-12-25,18.6,18.6,17.87,17.98,18.62,-0.64,-3.4372,215851.45,390863.491,1.9038,1.18,42.9088,3.5883,2418735.628
300748.SZ,2024-12-26,17.98,19.82,17.96,19.08,17.98,1.1,6.1179,339517.0,641544.388,2.9945,1.75,45.5339,3.8078,2566711.6675
300748.SZ,2024-12-27,19.0,19.32,18.8,18.92,19.08,-0.16,-0.8386,203978.16,388483.498,1.7991,0.9,45.152,3.7759,2545187.8799
300748.SZ,2024-12-30,18.89,18.92,18.34,18.43,18.92,-0.49,-2.5899,176505.64,327859.081,1.5568,0.77,43.9827,3.6781,2479271.2805
300748.SZ,2024-12-31,18.54,18.64,17.88,17.88,18.43,-0.55,-2.9843,182500.42,332617.312,1.6096,0.82,42.6701,3.5683,2405283.2607
300748.SZ,2025-01-02,17.89,18.0,17.03,17.32,17.88,-0.56,-3.132,194621.86,340993.972,1.7165,0.87,42.1601,3.5257,2376532.4906
300748.SZ,2025-01-03,17.38,18.45,17.29,17.29,17.32,-0.03,-0.1732,360875.15,641921.47,3.1829,1.64,42.087,3.5196,2372416.0949
300748.SZ,2025-01-06,17.04,18.11,16.92,17.8,17.29,0.51,2.9497,315169.91,556299.647,2.7798,1.41,43.3285,3.6234,2442394.8229
300748.SZ,2025-01-07,17.71,18.65,17.49,18.4,17.8,0.6,3.3708,320107.39,584819.986,2.8233,1.3,44.789,3.7455,2524722.7383
300748.SZ,2025-01-08,18.34,18.39,17.42,17.95,18.4,-0.45,-2.4457,257330.3,458928.911,2.2696,0.94,43.6936,3.6539,2462976.8018
300748.SZ,2025-01-09,17.72,18.98,17.72,18.59,17.95,0.64,3.5655,389107.63,724205.803,3.4319,1.34,45.2515,3.7842,2550793.2449
300748.SZ,2025-01-10,18.41,19.36,18.04,18.85,18.59,0.26,1.3986,508883.65,958812.35,4.4883,1.55,45.8844,3.8371,2586468.6749
300748.SZ,2025-01-13,18.48,20.36,18.45,19.98,18.85,1.13,5.9947,674801.57,1325031.887,5.9517,1.88,48.635,4.0672,2741519.5822
300748.SZ,2025-01-14,19.69,20.68,19.45,20.58,19.98,0.6,3.003,684211.17,1379777.634,6.0347,1.59,50.0955,4.1893,2823847.4975
300748.SZ,2025-01-15,20.4,21.28,19.85,20.6,20.58,0.02,0.0972,657083.31,1346241.838,5.7954,1.31,50.1442,4.1934,2826591.7614
300748.SZ,2025-01-16,20.19,21.0,20.1,20.16,20.6,-0.44,-2.1359,517474.36,1064357.975,4.5641,0.89,49.0731,4.1038,2766217.9568
300748.SZ,2025-01-17,19.86,20.31,19.75,19.94,20.16,-0.22,-1.0913,369047.04,738183.395,3.2549,0.61,48.5376,4.059,2736031.0545
300748.SZ,2025-01-20,19.9,20.04,19.52,19.66,19.94,-0.28,-1.4042,306900.23,605481.771,2.7068,0.53,47.8561,4.002,2697611.3606
300748.SZ,2025-01-21,19.75,19.8,18.55,19.18,19.66,-0.48,-2.4415,400446.12,760263.666,3.5319,0.79,46.6876,3.9043,2631749.0283
300748.SZ,2025-01-22,19.67,20.79,19.59,20.03,19.18,0.85,4.4317,701900.86,1423029.821,6.1907,1.56,48.7567,4.0773,2748380.2418
300748.SZ,2025-01-23,20.12,21.21,19.97,20.15,20.03,0.12,0.5991,594420.06,1217140.245,5.2427,1.29,49.0488,4.1018,2764845.8248
300748.SZ,2025-01-24,19.97,21.44,19.65,21.17,20.15,1.02,5.062,665953.63,1372563.809,5.8736,1.4,51.5317,4.3094,2904803.281
300748.SZ,2025-01-27,21.25,21.34,19.73,19.79,21.17,-1.38,-6.5187,480979.13,978455.99,4.2422,0.9,48.1725,4.0285,2715449.0756
300748.SZ,2025-02-05,20.19,21.0,19.71,20.58,19.79,0.79,3.9919,535533.44,1097642.835,4.7233,0.94,50.0955,4.1893,2823847.4975
300748.SZ,2025-02-06,20.41,21.84,20.39,21.54,20.58,0.96,4.6647,693251.9,1474074.897,6.1144,1.16,52.4323,4.3847,2955572.1621
300748.SZ,2025-02-07,21.48,21.63,20.88,21.23,21.54,-0.31,-1.4392,602831.64,1283622.841,5.3169,1.01,51.6777,4.3216,2913036.0725
300748.SZ,2025-02-10,21.3,21.37,20.77,21.16,21.23,-0.07,-0.3297,349376.3,733355.583,3.0815,0.59,51.5073,4.3074,2903431.1491
300748.SZ,2025-02-11,21.05,21.12,20.69,20.79,21.16,-0.37,-1.7486,297034.0,619578.82,2.6198,0.56,50.6067,4.232,2852662.2679
300748.SZ,2025-02-12,20.7,21.1,20.36,20.92,20.79,0.13,0.6253,395176.51,820156.211,3.4854,0.8,50.9231,4.2585,2870499.9829
300748.SZ,2025-02-13,20.69,21.2,20.14,20.14,20.92,-0.78,-3.7285,500488.41,1036682.728,4.4142,1.07,49.0245,4.0997,2763473.6929
300748.SZ,2025-02-14,19.98,20.55,19.76,19.94,20.14,-0.2,-0.993,295801.56,590798.348,2.6089,0.69,48.5376,4.059,2736031.0545
300748.SZ,2025-02-17,19.95,20.34,19.78,20.28,19.94,0.34,1.7051,296554.63,594201.804,2.6156,0.81,49.3652,4.1282,2782683.5398
300748.SZ,2025-02-18,20.38,20.41,19.69,19.79,20.28,-0.49,-2.4162,256360.65,513351.973,2.2611,0.72,48.1725,4.0285,2715449.0756
300748.SZ,2025-02-19,19.81,22.96,19.8,22.65,19.79,2.86,14.4517,1259448.52,2735909.297,11.1082,3.61,55.1343,4.6107,3107878.8056
300748.SZ,2025-02-20,22.7,23.36,22.32,22.69,22.65,0.04,0.1766,1044688.15,2384619.091,9.214,2.0,55.2316,4.6188,3113367.3333
300748.SZ,2025-02-21,22.69,22.78,21.87,22.59,22.69,-0.1,-0.4407,684129.96,1525674.426,6.0339,1.08,54.9882,4.5985,3099646.0141
300748.SZ,2025-02-24,22.61,23.7,22.22,23.07,22.59,0.48,2.1248,937932.18,2166171.702,8.2724,1.32,56.1566,4.6962,3165508.3464
300748.SZ,2025-02-25,22.31,23.13,22.26,22.42,23.07,-0.65,-2.8175,547150.42,1236366.682,4.8258,0.65,54.5744,4.5639,3076319.7714
300748.SZ,2025-02-26,22.36,22.81,22.12,22.27,22.42,-0.15,-0.669,478501.39,1073015.553,4.2203,0.53,54.2093,4.5333,3055737.7925
300748.SZ,2025-02-27,22.61,23.1,21.6,21.96,22.27,-0.31,-1.392,519431.97,1160697.998,4.5813,0.7,53.4547,4.4702,3013201.7029
300748.SZ,2025-02-28,21.6,21.8,20.73,20.93,21.96,-1.03,-4.6903,431497.86,911908.789,3.8058,0.68,50.9475,4.2605,2871872.1148
300748.SZ,2025-03-03,20.93,22.16,20.79,21.35,20.93,0.42,2.0067,464683.86,999285.597,4.0985,0.8,51.9698,4.346,2929501.6556
300748.SZ,2025-03-04,21.16,22.06,21.07,21.64,21.35,0.29,1.3583,383034.4,827985.009,3.3783,0.78,52.6757,4.4051,2969293.4814
300748.SZ,2025-03-05,21.46,21.87,21.01,21.57,21.64,-0.07,-0.3235,334326.39,713930.674,2.9487,0.73,52.5053,4.3908,2959688.5579
300748.SZ,2025-03-06,21.58,22.05,21.58,21.75,21.57,0.18,0.8345,391316.6,852947.97,3.4514,0.92,52.9435,4.4275,2984386.9325
300748.SZ,2025-03-07,21.6,22.27,21.41,21.82,21.75,0.07,0.3218,485694.8,1064358.108,4.2838,1.21,53.1139,4.4417,2993991.856
300748.SZ,2025-03-10,21.93,22.43,21.5,22.3,21.82,0.48,2.1998,513491.56,1134039.37,4.5289,1.25,54.2823,4.5394,3059854.1883
300748.SZ,2025-03-11,21.8,22.71,21.56,22.54,22.3,0.24,1.0762,568204.45,1263729.378,5.0115,1.35,54.8665,4.5883,3092785.3544
300748.SZ,2025-03-12,22.55,22.58,21.8,21.84,22.54,-0.7,-3.1056,442316.75,979242.354,3.9012,0.96,53.1626,4.4458,2996736.1198
300748.SZ,2025-03-13,21.73,21.87,20.76,21.08,21.84,-0.76,-3.4799,372322.86,786566.583,3.2838,0.78,51.3126,4.2911,2892454.0937
300748.SZ,2025-03-14,21.12,21.35,20.82,21.17,21.08,0.09,0.4269,240606.55,508468.985,2.1221,0.51,51.5317,4.3094,2904803.281
300748.SZ,2025-03-17,21.2,21.21,20.86,20.97,21.17,-0.2,-0.9447,185450.73,389420.373,1.6357,0.43,51.0448,4.2687,2877360.6425
300748.SZ,2025-03-18,21.07,21.34,20.97,20.98,20.97,0.01,0.0477,194232.16,409924.831,1.7131,0.54,51.0692,4.2707,2878732.7745
300748.SZ,2025-03-19,20.9,21.34,20.6,21.07,20.98,0.09,0.429,286159.5,598879.89,2.5239,1.0,51.2883,4.289,2891081.9618
300748.SZ,2025-03-20,20.9,21.1,20.61,20.67,21.07,-0.4,-1.8984,195445.17,407220.883,1.7238,0.76,50.3146,4.2076,2836196.6848
300748.SZ,2025-03-21,20.48,20.65,19.87,19.88,20.67,-0.79,-3.822,250055.87,504332.437,2.2055,1.13,48.3916,4.0468,2727798.2629
300748.SZ,2025-03-24,19.91,20.17,19.46,19.91,19.88,0.03,0.1509,186509.38,369266.408,1.645,0.84,48.4646,4.0529,2731914.6587
300748.SZ,2025-03-25,19.94,20.35,19.71,19.9,19.91,-0.01,-0.0502,161807.9,323405.956,1.4271,0.73,48.4403,4.0509,2730542.5268
300748.SZ,2025-03-26,19.76,20.82,19.71,20.7,19.9,0.8,4.0201,380176.57,780363.773,3.3531,1.76,50.3876,4.2137,2840313.0806
300748.SZ,2025-03-27,20.46,20.46,20.03,20.12,20.7,-0.58,-2.8019,212171.94,428773.427,1.8713,0.9,48.9758,4.0957,2760729.4291
300748.SZ,2025-03-28,20.05,20.28,19.58,20.14,20.12,0.02,0.0994,228798.37,454680.408,2.018,0.96,49.0245,4.0997,2763473.6929
300748.SZ,2025-03-31,19.8,20.09,19.35,19.5,20.14,-0.64,-3.1778,162753.2,320027.372,1.4348,0.7,91.9334,3.8136,2675657.2499
300748.SZ,2025-04-01,19.66,19.96,19.56,19.7,19.5,0.2,1.0256,125156.78,247205.15,1.1033,0.55,92.8763,3.8527,2703099.8883
300748.SZ,2025-04-02,19.56,19.94,19.53,19.79,19.7,0.09,0.4569,114995.94,227724.595,1.0138,0.52,93.3006,3.8703,2715449.0756
300748.SZ,2025-04-03,20.3,21.35,20.0,20.82,19.79,1.03,5.2046,551427.15,1141306.967,4.8612,3.27,98.1566,4.0718,2856778.6637
300748.SZ,2025-04-07,21.35,22.56,18.0,19.29,20.82,-1.53,-7.3487,1077412.9,2272601.582,9.4981,4.55,90.9433,3.7726,2646842.4795
300748.SZ,2025-04-08,18.87,22.22,18.41,21.18,19.29,1.89,9.7978,1045969.8,2123749.695,9.221,2.57,99.8538,4.1422,2906175.4129
300748.SZ,2025-04-09,20.81,21.79,20.37,21.22,21.18,0.04,0.1889,985072.97,2090442.875,8.6841,1.69,100.0424,4.15,2911663.9406
300748.SZ,2025-04-10,20.6,22.11,20.6,21.29,21.22,0.07,0.3299,924631.41,1993654.198,8.1513,1.22,100.3724,4.1637,2921268.8641
300748.SZ,2025-04-11,21.67,21.88,20.86,21.29,21.29,0.0,0.0,702455.38,1493804.987,6.1926,0.77,100.3724,4.1637,2921268.8641
300748.SZ,2025-04-14,21.2,22.1,20.92,21.64,21.29,0.35,1.644,676195.65,1455842.077,5.9611,0.71,102.0225,4.2322,2969293.4814
300748.SZ,2025-04-15,21.49,21.7,20.77,20.85,21.64,-0.79,-3.6506,440558.75,929421.308,3.8838,0.51,98.298,4.0777,2860895.0595
300748.SZ,2025-04-16,20.8,21.36,20.48,20.99,20.85,0.14,0.6715,388170.7,814647.492,3.422,0.52,98.958,4.105,2880104.9064
300748.SZ,2025-04-17,20.75,20.98,20.0,20.07,20.99,-0.92,-4.383,407073.15,834246.699,3.5886,0.65,94.6207,3.9251,2753868.7695
300748.SZ,2025-04-18,19.8,19.83,19.12,19.26,20.07,-0.81,-4.0359,376344.0,727599.392,3.3177,0.72,90.8019,3.7667,2642726.0837
300748.SZ,2025-04-21,19.38,20.1,19.21,19.86,19.26,0.6,3.1153,299546.61,587491.991,2.6407,0.65,93.6306,3.884,2725053.9991
300748.SZ,2025-04-22,19.76,19.79,19.44,19.44,19.86,-0.42,-2.1148,198791.32,388234.842,1.7525,0.52,91.6505,3.8019,2667424.4583
300748.SZ,2025-04-23,20.2,22.38,20.2,21.46,19.44,2.02,10.3909,1031456.18,2182458.749,9.093,3.09,101.1739,4.197,2944595.1068
300748.SZ,2025-04-24,21.0,21.31,20.62,20.75,21.46,-0.71,-3.3085,493405.76,1032020.145,4.3497,1.07,97.8266,4.0581,2847173.7402
300748.SZ,2025-04-25,20.79,20.88,20.37,20.45,20.75,-0.3,-1.4458,300684.19,617176.771,2.6507,0.63,96.4122,3.9994,2806009.7825
300748.SZ,2025-04-28,20.81,21.09,20.3,20.3,20.45,-0.15,-0.7335,352692.0,728795.106,3.1092,0.76,95.705,3.8845,2785427.8037
300748.SZ,2025-04-29,20.31,20.45,20.01,20.28,20.3,-0.02,-0.0985,240237.53,487465.684,2.1179,0.51,95.6107,3.8807,2782683.5398
300748.SZ,2025-04-30,20.36,20.65,20.21,20.47,20.28,0.19,0.9369,254557.4,519939.121,2.2441,0.53,96.5065,3.917,2808754.0464
300748.SZ,2025-05-06,20.88,22.14,20.7,22.05,20.47,1.58,7.7186,885863.01,1921012.271,7.8095,2.7,103.9554,4.2194,3025550.8902
300748.SZ,2025-05-07,21.81,22.08,21.37,21.59,22.05,-0.46,-2.0862,598751.93,1300953.734,5.2784,1.47,101.7868,4.1314,2962432.8218
300748.SZ,2025-05-08,21.44,21.75,21.4,21.55,21.59,-0.04,-0.1853,331420.88,715924.094,2.9217,0.71,101.5982,4.1237,2956944.2941
300748.SZ,2025-05-09,21.57,21.65,21.15,21.27,21.55,-0.28,-1.2993,312830.8,666728.692,2.7578,0.68,100.2781,4.0701,2918524.6002
300748.SZ,2025-05-12,21.5,21.97,21.3,21.71,21.27,0.44,2.0686,396923.76,861263.787,3.4992,0.83,102.3525,4.1543,2978898.4048
300748.SZ,2025-05-13,22.01,22.01,21.05,21.06,21.71,-0.65,-2.994,402255.74,859270.226,3.5462,0.8,99.2881,4.0299,2889709.8298
300748.SZ,2025-05-14,21.08,21.89,21.08,21.65,21.06,0.59,2.8015,523576.99,1131636.511,4.6157,1.28,102.0696,4.1428,2970665.6133
300748.SZ,2025-05-15,21.6,22.18,21.28,21.31,21.65,-0.34,-1.5704,585237.82,1273035.854,5.1593,1.49,100.4667,4.0778,2924013.1279
300748.SZ,2025-05-16,21.12,22.24,21.11,21.66,21.31,0.35,1.6424,629669.97,1377780.548,5.551,1.42,102.1168,4.1447,2972037.7452
300748.SZ,2025-05-19,21.6,21.61,20.43,20.74,21.66,-0.92,-4.2475,490726.36,1018568.282,4.3261,0.97,97.7794,3.9687,2845801.6083
300748.SZ,2025-05-20,20.6,21.06,20.36,20.79,20.74,0.05,0.2411,313048.92,648129.676,2.7597,0.59,98.0151,3.9783,2852662.2679
300748.SZ,2025-05-21,20.69,20.78,20.42,20.48,20.79,-0.31,-1.4911,209461.65,429561.26,1.8466,0.41,96.5536,3.919,2810126.1783
300748.SZ,2025-05-22,20.46,20.47,20.14,20.17,20.48,-0.31,-1.5137,177733.11,360437.953,1.5668,0.4,95.0921,3.8596,2767590.0887
300748.SZ,2025-05-23,20.17,20.42,20.05,20.09,20.17,-0.08,-0.3966,201689.15,408418.408,1.778,0.55,94.715,3.8443,2756613.0333
300748.SZ,2025-05-26,20.09,20.32,19.96,20.22,20.09,0.13,0.6471,155909.81,314436.907,1.3745,0.56,95.3279,3.8692,2774450.7483
300748.SZ,2025-05-27,20.24,20.24,19.65,19.81,20.22,-0.41,-2.0277,209018.42,413893.18,1.8426,0.99,93.3949,3.7907,2718193.3395
300748.SZ,2025-05-28,19.9,19.91,19.67,19.72,19.81,-0.09,-0.4543,110705.4,219004.672,0.9759,0.58,92.9706,3.7735,2705844.1522
300748.SZ,2025-05-29,19.9,20.26,19.83,20.14,19.72,0.42,2.1298,177625.32,357060.75,1.5659,1.04,94.9507,3.8539,2763473.6929
300748.SZ,2025-05-30,20.05,20.05,19.85,19.87,20.14,-0.27,-1.3406,139715.72,278643.135,1.2317,0.82,93.6778,3.8022,2726426.131
300748.SZ,2025-06-03,20.09,20.64,20.03,20.32,19.87,0.45,2.2647,252883.44,514711.753,2.2293,1.59,95.7993,3.8883,2788172.0675
300748.SZ,2025-06-04,20.28,21.38,20.22,21.06,20.32,0.74,3.6417,526449.1,1101204.253,4.641,2.96,99.2881,4.0299,2889709.8298
300748.SZ,2025-06-05,21.17,23.0,20.99,22.09,21.06,1.03,4.8908,1142854.36,2537504.325,10.0751,4.73,104.144,4.227,3031039.4179
300748.SZ,2025-06-06,21.9,21.98,21.32,21.52,22.09,-0.57,-2.5804,538451.0,1161642.632,4.7468,1.2,101.4567,4.118,2952827.8983
300748.SZ,2025-06-09,22.35,22.68,21.61,21.87,21.4,0.47,2.1963,785732.87,1734549.307,6.9268,1.51,103.1068,4.2827,3000852.5156
300748.SZ,2025-06-10,22.22,23.8,21.66,22.31,21.87,0.44,2.0119,1138600.12,2561091.652,10.0376,1.75,105.1812,4.3689,3061226.3202
300748.SZ,2025-06-11,22.0,25.8,21.95,24.07,22.31,1.76,7.8888,1609277.99,3802407.509,14.1869,1.95,113.4788,4.7135,3302721.5387
300748.SZ,2025-06-12,24.07,25.49,23.86,24.29,24.07,0.22,0.914,1419609.06,3461335.446,12.5148,1.36,114.516,4.7566,3332908.441
300748.SZ,2025-06-13,24.53,24.8,23.6,23.8,24.29,-0.49,-2.0173,995175.78,2394712.473,8.7732,0.91,112.2059,4.6606,3265673.9767
300748.SZ,2025-06-16,23.69,24.7,23.5,24.28,23.8,0.48,2.0168,835538.42,2018229.462,7.3659,0.7,114.4689,4.7546,3331536.309
300748.SZ,2025-06-17,24.0,24.51,23.45,23.66,24.28,-0.62,-2.5535,731098.96,1742729.67,6.4451,0.61,111.5458,4.6332,3246464.1298
300748.SZ,2025-06-18,23.42,23.65,22.98,23.15,23.66,-0.51,-2.1555,577783.59,1339249.172,5.0936,0.52,109.1414,4.5334,3176485.4017
300748.SZ,2025-06-19,22.9,23.09,22.26,22.4,23.15,-0.75,-3.2397,474018.39,1070668.075,4.1788,0.52,105.6055,4.3865,3073575.5075
300748.SZ,2025-06-20,22.47,22.62,22.2,22.22,22.4,-0.18,-0.8036,299459.2,670854.6,2.6399,0.41,104.7569,4.3512,3048877.1329
300748.SZ,2025-06-23,22.09,22.62,22.05,22.39,22.22,0.17,0.7651,345977.61,772913.594,3.05,0.59,105.5584,4.3845,3072203.3756
300748.SZ,2025-06-24,22.4,22.85,22.3,22.6,22.39,0.21,0.9379,447657.17,1013580.573,3.9464,0.92,106.5484,4.4257,3101018.146
300748.SZ,2025-06-25,22.51,22.73,22.35,22.67,22.6,0.07,0.3097,429519.52,968705.253,3.7865,1.0,106.8785,4.4394,3110623.0694
300748.SZ,2025-06-26,22.55,22.63,22.12,22.19,22.67,-0.48,-2.1173,396654.66,887007.539,3.4968,0.99,104.6155,4.3454,3044760.7371
300748.SZ,2025-06-27,22.56,22.99,22.5,22.71,22.19,0.52,2.3434,669700.22,1522865.065,5.9039,1.74,107.067,4.4472,3116111.5971
300748.SZ,2025-06-30,23.05,23.97,22.67,23.84,22.71,1.13,4.9758,804645.9,1880882.473,7.0935,1.76,112.3945,4.6685,3271162.5044
300748.SZ,2025-07-01,23.62,23.65,23.2,23.51,23.84,-0.33,-1.3842,444955.09,1039862.151,3.9226,0.81,110.8387,4.6039,3225882.151
300748.SZ,2025-07-02,23.35,24.03,23.12,23.38,23.51,-0.13,-0.553,503146.51,1187075.345,4.4356,0.92,110.2258,4.5784,3208044.436
300748.SZ,2025-07-03,23.2,23.47,22.81,23.2,23.38,-0.18,-0.7699,391788.16,905835.145,3.4539,0.69,109.3772,4.5431,3183346.0614
300748.SZ,2025-07-04,23.19,23.19,22.33,22.6,23.2,-0.6,-2.5862,430110.9,974158.981,3.7917,0.76,106.5484,4.4257,3101018.146
300748.SZ,2025-07-07,22.55,23.08,22.51,22.89,22.6,0.29,1.2832,299639.94,682834.278,2.6415,0.58,107.9157,4.4824,3140809.9717
300748.SZ,2025-07-08,22.84,23.84,22.81,23.73,22.89,0.84,3.6697,643305.23,1517710.443,5.6712,1.55,111.8759,4.6469,3256069.0533
300748.SZ,2025-07-09,23.55,23.68,22.85,22.99,23.73,-0.74,-3.1184,438884.18,1020476.681,3.8691,0.97,108.3871,4.502,3154531.291
300748.SZ,2025-07-10,23.68,24.47,23.22,24.02,22.99,1.03,4.4802,1024099.8,2449293.316,9.0282,2.32,113.2431,4.7037,3295860.879
300748.SZ,2025-07-11,24.67,27.15,24.24,25.95,24.02,1.93,8.035,1422656.19,3617777.384,12.5417,2.51,122.3421,5.0817,3560682.3402
300748.SZ,2025-07-14,26.51,27.43,25.9,26.0,25.95,0.05,0.1927,1189286.33,3134569.234,10.4844,1.55,122.5779,5.0915,3567542.9998
300748.SZ,2025-07-15,25.98,26.62,25.59,25.8,26.0,-0.2,-0.7692,852311.6,2221684.235,7.5137,0.9,121.6349,5.0523,3540100.3613
300748.SZ,2025-07-16,26.07,26.68,25.7,26.22,25.8,0.42,1.6279,819034.23,2148823.228,7.2204,0.83,123.615,5.1345,3597729.9021
300748.SZ,2025-07-17,25.7,26.07,25.0,25.71,26.22,-0.51,-1.9451,690755.11,1763761.639,6.0895,0.65,121.2106,5.0347,3527751.174
300748.SZ,2025-07-18,25.7,27.66,25.61,26.73,25.71,1.02,3.9673,1051755.36,2802170.519,9.272,1.06,126.0195,5.2344,3667708.6302
300748.SZ,2025-07-21,26.41,27.69,26.17,26.73,26.73,0.0,0.0,889433.74,2397414.431,7.841,0.97,126.0195,5.2344,3667708.6302
300748.SZ,2025-07-22,26.51,27.37,26.32,26.64,26.73,-0.09,-0.3367,684051.95,1833895.379,6.0304,0.79,125.5952,5.2168,3655359.4429
300748.SZ,2025-07-23,26.27,27.08,25.73,26.47,26.64,-0.17,-0.6381,586804.07,1558731.511,5.1731,0.71,124.7937,5.1835,3632033.2002
300748.SZ,2025-07-24,26.26,29.79,26.26,29.1,26.47,2.63,9.9358,1297021.87,3666463.645,11.4342,1.66,137.1929,5.6985,3992903.8959
300748.SZ,2025-07-25,29.1,29.16,28.27,28.7,29.1,-0.4,-1.3746,932789.03,2675881.448,8.2232,1.03,135.3071,5.6202,3938018.619
300748.SZ,2025-07-28,28.64,28.93,28.32,28.55,28.7,-0.15,-0.5226,628170.68,1796654.336,5.5378,0.72,134.5999,5.5908,3917436.6402
300748.SZ,2025-07-29,28.2,28.43,27.87,28.13,28.55,-0.42,-1.4711,501216.99,1406529.762,4.4186,0.61,132.6198,5.5086,3859807.0994
300748.SZ,2025-07-30,28.27,28.38,26.89,27.33,28.13,-0.8,-2.8439,607463.12,1667950.608,5.3552,0.77,128.8482,5.3519,3750036.5456
300748.SZ,2025-07-31,27.0,27.82,27.0,27.36,27.33,0.03,0.1098,510104.31,1402979.236,4.4969,0.64,128.9896,5.3578,3754152.9413
300748.SZ,2025-08-01,27.22,27.25,26.61,26.7,27.36,-0.66,-2.4123,297211.61,797288.345,2.6201,0.47,125.878,5.2285,3663592.2344
300748.SZ,2025-08-04,26.7,27.07,26.63,27.01,26.7,0.31,1.161,276315.43,743014.832,2.4359,0.54,127.3395,5.2892,3706128.324
300748.SZ,2025-08-05,27.11,27.42,26.9,27.1,27.01,0.09,0.3332,351212.85,951639.16,3.0962,0.8,127.7638,5.3069,3718477.5113
300748.SZ,2025-08-06,27.05,28.01,26.8,27.87,27.1,0.77,2.8413,525703.07,1450567.2,4.6344,1.29,131.394,5.4577,3824131.6694
300748.SZ,2025-08-07,27.9,30.0,26.97,29.14,27.87,1.27,4.5569,1128725.81,3227049.473,9.9505,2.88,137.3815,5.7064,3998392.4236
300748.SZ,2025-08-08,28.54,29.17,28.05,28.16,29.14,-0.98,-3.3631,622108.95,1769591.662,5.4843,1.21,132.7612,5.5144,3863923.4952
300748.SZ,2025-08-11,28.4,28.44,27.7,28.16,28.16,0.0,0.0,371289.91,1042402.218,3.2732,0.64,132.7612,5.5144,3863923.4952
300748.SZ,2025-08-12,27.8,27.92,27.26,27.3,28.16,-0.86,-3.054,438220.41,1203168.407,3.8632,0.73,128.7067,5.346,3745920.1498
300748.SZ,2025-08-13,27.21,28.06,27.19,27.89,27.3,0.59,2.1612,439879.7,1216440.784,3.8778,0.71,131.4883,5.4616,3826875.9332
300748.SZ,2025-08-14,27.77,28.19,27.45,27.57,27.89,-0.32,-1.1474,433186.07,1202320.575,3.8188,0.72,129.9797,5.3989,3782967.7117
300748.SZ,2025-08-15,27.31,28.36,27.26,28.17,27.57,0.6,2.1763,499869.94,1401239.786,4.4067,1.08,132.8084,5.5164,3865295.6271
300748.SZ,2025-08-18,28.2,29.5,27.82,29.32,28.17,1.15,4.0824,782425.52,2257142.081,6.8976,1.79,138.2301,5.7416,4023090.7982
300748.SZ,2025-08-19,29.13,29.63,28.59,28.84,29.32,-0.48,-1.6371,678938.18,1976654.088,5.9853,1.31,135.9671,5.6476,3957228.4659
300748.SZ,2025-08-20,29.35,31.28,28.84,29.45,28.84,0.61,2.1151,986282.3,2949027.439,8.6948,1.74,138.843,5.6229,4040928.5132
300748.SZ,2025-08-21,29.43,31.11,29.35,29.57,29.45,0.12,0.4075,755753.02,2272962.912,6.6625,1.12,139.4087,5.6458,4057394.0963
300748.SZ,2025-08-22,29.62,30.96,29.38,30.3,29.57,0.73,2.4687,935462.05,2844692.985,8.2468,1.26,142.8503,5.7851,4157559.7267
300748.SZ,2025-08-25,31.0,36.36,30.68,36.36,30.3,6.06,20.0,1608496.43,5619871.302,14.18,1.94,171.4204,6.9422,4989071.672
300748.SZ,2025-08-26,37.15,39.48,36.11,37.4,36.36,1.04,2.8603,1927047.39,7176961.78,16.9883,1.94,176.3235,7.1407,5131773.392
300748.SZ,2025-08-27,37.18,43.28,36.55,39.88,37.4,2.48,6.631,1809455.12,7117594.38,15.9516,1.46,188.0156,7.6142,5472062.1089
300748.SZ,2025-08-28,39.6,44.46,39.6,42.59,39.88,2.71,6.7954,1615560.34,6849244.806,14.2423,1.15,200.7919,8.1317,5843909.8601
300748.SZ,2025-08-29,42.55,44.14,40.4,41.0,42.59,-1.59,-3.7333,1409211.93,5913295.593,12.4232,0.89,193.2958,7.8281,5625740.8843
300748.SZ,2025-09-01,40.98,41.6,39.39,39.65,41.0,-1.35,-3.2927,1353437.0,5444547.837,11.9315,0.81,186.9312,7.5703,5440503.0747
300748.SZ,2025-09-02,39.49,39.8,37.48,37.9,39.65,-1.75,-4.4136,1019623.86,3900880.503,8.9887,0.63,178.6808,7.2362,5200379.9882
300748.SZ,2025-09-03,38.0,38.6,37.28,37.48,37.9,-0.42,-1.1082,857194.34,3253172.859,7.5568,0.59,176.7007,7.156,5142750.4474
300748.SZ,2025-09-04,37.88,38.18,34.72,35.5,37.48,-1.98,-5.2828,901228.29,3285466.232,7.945,0.72,167.3659,6.778,4871068.3267
300748.SZ,2025-09-05,35.55,36.63,35.27,36.5,35.5,1.0,2.8169,689435.24,2489735.026,6.0779,0.62,172.0804,6.9689,5008281.519
300748.SZ,2025-09-08,36.7,36.8,36.0,36.57,36.5,0.07,0.1918,527413.45,1921725.827,4.6495,0.55,172.4105,6.9823,5017886.4424
300748.SZ,2025-09-09,35.0,35.75,34.09,34.5,36.57,-2.07,-5.6604,735555.77,2569653.102,6.4844,0.92,162.6514,6.587,4733855.1344
300748.SZ,2025-09-10,34.47,35.1,34.0,34.3,34.5,-0.2,-0.5797,423565.06,1463595.204,3.734,0.57,161.7085,6.5489,4706412.4959
300748.SZ,2025-09-11,34.29,36.17,34.24,36.01,34.3,1.71,4.9854,780530.17,2770742.671,6.8809,1.19,169.7703,6.8753,4941047.0547
300748.SZ,2025-09-12,36.13,37.37,35.4,37.37,36.01,1.36,3.7767,1009944.38,3691142.566,8.9322,1.6,175.7114,7.2596,5113958.8658
300748.SZ,2025-09-15,37.96,37.99,36.63,36.83,37.37,-0.54,-1.445,784866.84,2911559.483,6.9416,1.13,173.1724,7.1547,5040061.6812
300748.SZ,2025-09-16,36.66,36.66,34.8,35.59,36.83,-1.24,-3.3668,720532.06,2546822.772,6.3726,0.96,167.342,6.9138,4870371.85
300748.SZ,2025-09-17,35.4,38.2,35.07,37.9,35.59,2.31,6.4906,928670.39,3442755.591,8.2134,1.25,178.2035,7.3626,5186487.584
300748.SZ,2025-09-18,37.2,37.7,35.8,36.22,37.9,-1.68,-4.4327,894551.98,3272011.309,7.9117,1.06,170.3042,7.0362,4956585.232
300748.SZ,2025-09-19,35.81,36.29,35.08,35.27,36.22,-0.95,-2.6229,489873.82,1743169.354,4.3326,0.56,165.8374,6.8517,4826580.9258
300748.SZ,2025-09-22,35.01,35.54,34.7,35.34,35.27,0.07,0.1985,374670.47,1315010.727,3.3137,0.49,166.1665,6.8653,4836160.1905
300748.SZ,2025-09-23,35.01,35.34,32.91,34.08,35.34,-1.26,-3.5654,590168.02,2005377.803,5.2196,0.87,160.2421,6.6205,4663733.4264
300748.SZ,2025-09-24,33.91,34.55,33.75,34.35,34.08,0.27,0.7923,358829.26,1227132.07,3.1736,0.55,161.5116,6.6729,4700682.0187
300748.SZ,2025-09-25,34.3,35.65,34.2,35.34,34.35,0.99,2.8821,551761.11,1945257.01,4.8799,1.02,166.1665,6.8653,4836160.1905
300748.SZ,2025-09-26,35.84,36.36,34.66,34.66,35.34,-0.68,-1.9242,571512.18,2028913.795,5.0546,1.21,162.9692,6.7332,4743104.4765
300748.SZ,2025-09-29,34.66,34.98,34.13,34.51,34.66,-0.15,-0.4328,411697.27,1422198.31,3.6412,0.84,162.2639,6.704,4722577.4808
300748.SZ,2025-09-30,34.49,35.43,33.96,34.29,34.51,-0.22,-0.6375,603629.97,2087073.227,5.3387,1.22,161.2295,6.6613,4692471.2204
300748.SZ,2025-10-09,35.2,39.5,34.93,39.49,34.29,5.2,15.1648,1393050.58,5193052.625,12.3205,2.79,185.6795,7.6714,5404073.7386
300748.SZ,2025-10-10,41.3,42.66,38.74,39.88,39.49,0.39,0.9876,1543271.44,6262058.028,13.6491,2.18,187.5133,7.7472,5457443.9274
300748.SZ,2025-10-13,42.13,47.77,40.21,46.9,39.88,7.02,17.6028,1757314.74,7705852.287,15.5422,1.94,220.5209,9.1109,6418107.3269
300748.SZ,2025-10-14,45.8,47.48,42.85,42.86,46.9,-4.04,-8.6141,1549276.81,6914325.806,13.7022,1.36,201.5251,8.3261,5865246.909
300748.SZ,2025-10-15,43.38,45.55,41.61,43.12,42.86,0.26,0.6066,1155822.39,5026241.518,10.2224,0.84,202.7476,8.3766,5900827.0349
300748.SZ,2025-10-16,41.6,42.44,40.34,40.86,43.12,-2.26,-5.2412,884606.0,3647539.35,7.8237,0.6,192.1212,7.9376,5591553.6328
300748.SZ,2025-10-17,41.0,42.42,39.86,40.0,40.86,-0.86,-2.1047,888889.81,3673027.179,7.8616,0.65,188.0775,7.7705,5473865.524
300748.SZ,2025-10-20,39.95,41.1,38.66,40.32,40.0,0.32,0.8,665699.81,2654600.453,5.8876,0.53,189.5821,7.8327,5517656.4482
300748.SZ,2025-10-21,39.92,40.3,38.6,39.91,40.32,-0.41,-1.0169,603854.57,2399860.853,5.3407,0.59,187.6544,7.7864,5461549.3266
300748.SZ,2025-10-22,39.33,39.56,37.8,38.48,39.91,-1.43,-3.5831,639031.18,2458879.676,5.6518,0.76,180.9306,7.5074,5265858.6341
300748.SZ,2025-10-23,38.58,39.08,37.28,37.88,38.48,-0.6,-1.5593,452752.79,1710768.885,4.0043,0.61,178.1094,7.3904,5183750.6512
300748.SZ,2025-10-24,38.15,40.12,38.15,39.98,37.88,2.1,5.5438,737450.72,2919110.179,6.5222,1.13,187.9835,7.8001,5471128.5912
300748.SZ,2025-10-27,40.36,41.86,39.88,40.24,39.98,0.26,0.6503,842177.07,3426681.595,7.4484,1.36,189.206,7.8508,5506708.7171
300748.SZ,2025-10-28,40.6,41.01,38.83,39.15,40.24,-1.09,-2.7087,660646.85,2621483.842,5.8429,1.01,184.0809,7.6381,5357545.8816
300748.SZ,2025-10-29,38.6,40.17,38.6,40.14,39.15,0.99,2.5287,587321.34,2325778.302,5.1944,0.88,189.7182,7.8721,5521615.4382
300748.SZ,2025-10-30,40.27,44.14,39.61,42.07,40.14,1.93,4.8082,1244370.39,5205503.899,11.0056,1.9,198.8402,8.2506,5787104.1725
300748.SZ,2025-10-31,40.77,40.9,39.17,39.18,42.07,-2.89,-6.8695,792009.28,3137223.356,7.0048,0.97,185.1808,7.6838,5389558.8656
300748.SZ,2025-11-03,38.01,38.11,35.85,36.45,39.18,-2.73,-6.9678,745531.36,2725827.483,6.5937,0.9,172.2777,7.1484,5014022.9876
300748.SZ,2025-11-04,36.4,37.14,35.88,36.13,36.45,-0.32,-0.8779,394411.11,1435508.879,3.4883,0.49,170.7653,7.0856,4970004.1301
300748.SZ,2025-11-05,35.3,36.34,35.28,36.07,36.13,-0.06,-0.1661,347487.04,1242010.076,3.0733,0.46,170.4817,7.0739,4961750.5943
300748.SZ,2025-11-06,36.17,36.6,35.93,36.42,35.89,0.53,1.4767,323891.91,1174967.971,2.8646,0.46,172.1359,7.4039,5009896.2197
300748.SZ,2025-11-07,36.2,37.29,35.71,36.58,36.42,0.16,0.4393,416268.68,1523694.989,3.6816,0.8,172.8922,7.4364,5031905.6484
300748.SZ,2025-11-10,36.78,37.18,35.68,35.84,36.58,-0.74,-2.023,352619.07,1279245.178,3.1187,0.79,169.3946,7.286,4930112.0404
300748.SZ,2025-11-11,35.99,36.09,35.15,35.15,35.84,-0.69,-1.9252,330291.71,1171113.839,2.9212,0.9,166.1334,7.1457,4835196.379
300748.SZ,2025-11-12,35.09,35.3,33.94,34.33,35.15,-0.82,-2.3329,320813.93,1105180.443,2.8374,0.91,162.2577,6.979,4722398.0566
300748.SZ,2025-11-13,34.3,35.59,34.04,35.24,34.33,0.91,2.6507,373606.37,1309715.684,3.3043,1.07,166.5588,7.164,4847576.6826
300748.SZ,2025-11-14,34.75,35.2,34.5,34.5,35.24,-0.74,-2.0999,260078.83,903663.488,2.3002,0.73,163.0612,7.0136,4745783.0747
300748.SZ,2025-11-17,34.78,35.42,34.69,35.05,34.5,0.55,1.5942,257176.22,900766.35,2.2745,0.79,165.6607,7.1254,4821440.486
300748.SZ,2025-11-18,34.81,35.15,34.19,34.52,35.05,-0.53,-1.5121,255586.56,882974.457,2.2605,0.83,163.1557,7.0176,4748534.2532
300748.SZ,2025-11-19,34.4,35.7,34.32,35.32,34.52,0.8,2.3175,403720.34,1413536.872,3.5706,1.38,166.9369,7.1802,4858581.397
300748.SZ,2025-11-20,34.91,35.82,34.42,34.5,35.32,-0.82,-2.3216,347543.11,1220148.631,3.0738,1.12,163.0612,7.0136,4745783.0747
300748.SZ,2025-11-21,33.7,33.97,32.83,32.91,34.5,-1.59,-4.6087,375142.57,1249121.112,3.3179,1.23,155.5462,6.6903,4527064.3764
300748.SZ,2025-11-24,33.1,33.89,32.85,33.75,32.91,0.84,2.5524,332079.98,1109535.887,2.937,1.01,159.5164,6.8611,4642613.8774
300748.SZ,2025-11-25,33.5,34.7,33.5,33.97,33.75,0.22,0.6519,265918.5,906509.638,2.3519,0.78,160.5562,6.9058,4672876.8419
300748.SZ,2025-11-26,33.7,34.01,33.31,33.39,33.97,-0.58,-1.7074,228815.32,769161.751,2.0237,0.66,157.8149,6.7879,4593092.6627
300748.SZ,2025-11-27,33.76,34.19,33.21,33.27,33.39,-0.12,-0.3594,259587.85,875995.14,2.2959,0.84,157.2477,6.7635,4576585.5911
300748.SZ,2025-11-28,33.27,33.84,33.06,33.78,33.27,0.51,1.5329,218972.98,733892.393,1.9367,0.75,159.6582,6.8672,4646740.6453
300748.SZ,2025-12-01,34.04,34.82,34.04,34.8,33.78,1.02,3.0195,372793.74,1289997.969,3.2971,1.43,164.4791,7.0745,4787050.7536
300748.SZ,2025-12-02,34.49,34.5,33.36,33.86,34.8,-0.94,-2.7011,313856.64,1059186.975,2.7758,1.17,160.0363,6.8834,4657745.3596
300748.SZ,2025-12-03,34.4,34.98,33.63,34.26,33.86,0.4,1.1813,496236.49,1702424.886,4.3889,1.78,161.9269,6.9648,4712768.9315
300748.SZ,2025-12-04,34.0,34.72,33.68,33.72,34.26,-0.54,-1.5762,327395.37,1115419.3,2.8956,0.99,159.3746,6.855,4638487.1095
300748.SZ,2025-12-05,33.92,38.8,33.91,36.44,33.72,2.72,8.0664,968376.97,3480752.805,8.5646,2.8,172.2305,7.4079,5012647.3983
300748.SZ,2025-12-08,35.59,36.85,35.5,36.4,36.44,-0.04,-0.1098,746346.88,2701986.797,6.6009,1.51,172.0414,7.3998,5007145.0411
300748.SZ,2025-12-09,35.97,35.98,34.71,34.94,36.4,-1.46,-4.011,542830.29,1914423.264,4.8009,0.95,165.1408,7.103,4806309.0037
300748.SZ,2025-12-10,34.75,34.88,34.24,34.83,34.94,-0.11,-0.3148,301221.25,1040287.645,2.6641,0.49,164.6209,7.0806,4791177.5215
300748.SZ,2025-12-11,34.88,35.08,34.35,34.56,34.83,-0.27,-0.7752,305324.51,1059235.977,2.7004,0.53,163.3448,7.0257,4754036.6104
300748.SZ,2025-12-12,34.49,35.31,34.0,35.04,34.56,0.48,1.3889,392935.14,1365560.958,3.4752,0.69,165.6135,7.1233,4820064.8967
300748.SZ,2025-12-15,34.52,35.35,34.41,34.41,35.04,-0.63,-1.7979,276252.38,962307.201,2.4433,0.6,162.6358,6.9953,4733402.771
300748.SZ,2025-12-16,34.19,34.2,32.59,32.6,34.41,-1.81,-5.2601,360897.76,1194370.619,3.1919,0.99,154.081,6.6273,4484421.1082
300748.SZ,2025-12-17,32.6,33.1,31.86,33.05,32.6,0.45,1.3804,328105.56,1066230.933,2.9019,1.0,156.2079,6.7188,4546322.6266
300748.SZ,2025-12-18,32.73,33.3,32.3,32.3,33.05,-0.75,-2.2693,242306.2,793875.446,2.143,0.73,152.6631,6.5663,4443153.4293
300748.SZ,2025-12-19,32.72,33.55,32.62,33.33,32.3,1.03,3.1889,340184.26,1131810.589,3.0087,1.06,157.5313,6.7757,4584839.1269
300748.SZ,2025-12-22,33.25,33.96,33.22,33.81,33.33,0.48,1.4401,268848.39,906002.547,2.3778,0.87,159.8,6.8733,4650867.4132
300748.SZ,2025-12-23,33.78,34.04,33.5,33.67,33.81,-0.14,-0.4141,215966.65,729037.621,1.9101,0.7,159.1383,6.8448,4631609.163
300748.SZ,2025-12-24,33.67,33.98,33.6,33.82,33.67,0.15,0.4455,207505.95,701971.84,1.8352,0.74,159.8473,6.8753,4652243.0025
300748.SZ,2025-12-25,34.0,34.79,33.61,34.7,33.82,0.88,2.602,347611.9,1189683.999,3.0744,1.36,164.0065,7.0542,4773294.8606
300748.SZ,2025-12-26,34.71,34.95,34.25,34.45,34.7,-0.25,-0.7205,301254.09,1043415.155,2.6644,1.09,162.8249,7.0034,4738905.1282
300748.SZ,2025-12-29,34.4,35.05,34.19,34.34,34.45,-0.11,-0.3193,257453.88,890291.114,2.277,0.96,162.305,6.981,4723773.6459
300748.SZ,2025-12-30,33.92,34.7,33.5,34.4,34.34,0.06,0.1747,283516.06,970035.163,2.5075,1.07,162.5886,6.9932,4732027.1817
300748.SZ,2025-12-31,34.48,34.64,33.92,34.11,34.4,-0.29,-0.843,223242.76,764210.291,1.9744,0.8,161.2179,6.9343,4692135.0921
300748.SZ,2026-01-05,34.1,34.96,34.1,34.7,34.11,0.59,1.7297,332884.11,1156633.766,2.9441,1.18,164.0065,7.0542,4773294.8606
300748.SZ,2026-01-06,34.82,35.62,34.82,35.51,34.7,0.81,2.3343,487000.21,1721065.74,4.3072,1.74,167.8349,7.2189,4884717.5936
300748.SZ,2026-01-07,36.86,37.96,35.63,36.51,35.51,1.0,2.8161,1058337.04,3901172.755,9.3602,3.34,172.5613,7.4222,5022276.5233
300748.SZ,2026-01-08,36.01,36.33,35.32,35.5,36.51,-1.01,-2.7664,591176.85,2114353.127,5.2285,1.24,167.7876,7.2168,4883342.0044
300748.SZ,2026-01-09,36.41,38.8,36.41,37.8,35.5,2.3,6.4789,1116234.01,4211976.121,9.8723,2.07,178.6584,7.6844,5199727.5427
300748.SZ,2026-01-12,38.7,39.08,37.03,38.48,37.8,0.68,1.7989,1008709.32,3828239.904,8.9213,1.41,181.8723,7.8227,5293267.6149
300748.SZ,2026-01-13,38.25,38.32,36.93,37.14,38.48,-1.34,-3.4823,628867.51,2360788.584,5.5619,0.74,175.5389,7.5502,5108938.6491
300748.SZ,2026-01-14,36.8,37.71,36.0,36.66,37.14,-0.48,-1.2924,729557.34,2693529.607,6.4524,0.83,173.2703,7.4527,5042910.3628
300748.SZ,2026-01-15,36.5,37.48,36.47,36.71,36.66,0.05,0.1364,424743.28,1567128.236,3.7565,0.52,173.5066,7.4628,5049788.3093
300748.SZ,2026-01-16,36.75,38.32,36.75,37.81,36.71,1.1,2.9965,718295.41,2702782.876,6.3528,0.92,178.7056,7.6864,5201103.132
300748.SZ,2026-01-19,38.0,38.95,37.38,38.12,37.81,0.31,0.8199,542061.91,2071773.575,4.7941,0.77,180.1708,7.7495,5243746.4002
300748.SZ,2026-01-20,38.3,39.06,36.91,37.39,38.12,-0.73,-1.915,456007.01,1715816.233,4.0331,0.75,176.7205,7.6011,5143328.3815
300748.SZ,2026-01-21,36.88,38.18,36.85,37.71,37.39,0.32,0.8558,369631.27,1393656.326,3.2691,0.64,178.233,7.6661,5187347.239
300748.SZ,2026-01-22,37.66,38.32,37.51,37.81,37.71,0.1,0.2652,353391.62,1336989.395,3.1255,0.7,178.7056,7.6864,5201103.132
300748.SZ,2026-01-23,38.01,39.07,37.72,38.88,37.81,1.07,2.8299,684087.3,2634510.701,6.0503,1.4,183.7629,7.904,5348291.1867
300748.SZ,2026-01-26,39.01,39.77,38.55,38.83,38.88,-0.05,-0.1286,690614.66,2699593.226,6.108,1.44,183.5266,7.8938,5341413.2403
300748.SZ,2026-01-27,38.72,39.48,37.65,38.06,38.83,-0.77,-1.983,507589.77,1941036.165,4.4893,0.99,179.8872,7.7373,5235492.8644
300748.SZ,2026-01-28,37.8,39.14,36.61,38.95,38.06,0.89,2.3384,819240.58,3119389.492,7.2456,1.57,184.0937,7.9182,5357920.3118
300748.SZ,2026-01-29,38.95,44.1,38.35,41.16,38.95,2.21,5.6739,1503220.61,6130052.501,13.2949,2.46,194.5391,8.3675,5661925.5465
300748.SZ,2026-01-30,39.52,39.86,37.01,37.65,41.16,-3.51,-8.5277,907431.93,3459708.093,8.0256,1.08,177.9494,7.6539,5179093.7032
300748.SZ,2026-02-02,36.3,36.74,35.2,35.2,37.65,-2.45,-6.5073,543958.39,1958916.067,4.8109,0.61,166.3697,7.1559,4842074.3254
300748.SZ,2026-02-03,36.01,36.98,35.41,36.97,35.2,1.77,5.0284,486435.79,1759999.764,4.3022,0.57,174.7355,7.5157,5085553.631
300748.SZ,2026-02-04,37.1,37.36,35.85,36.38,36.97,-0.59,-1.5959,351894.48,1283207.208,3.1123,0.41,171.9469,7.3957,5004393.8625
300748.SZ,2026-02-05,35.85,36.13,34.4,34.71,36.38,-1.67,-4.5904,372909.66,1305509.754,3.2981,0.49,164.0538,7.0562,4774670.4499
300748.SZ,2026-02-06,34.15,35.49,33.82,34.99,34.71,0.28,0.8067,293204.61,1022673.193,2.5932,0.55,165.3772,7.1132,4813186.9502
300748.SZ,2026-02-09,35.55,37.2,35.39,36.64,34.99,1.65,4.7156,491707.63,1795195.297,4.3488,1.2,173.1757,7.4486,5040159.1842
300748.SZ,2026-02-10,36.55,37.15,36.2,36.69,36.64,0.05,0.1365,295465.61,1083180.823,2.6132,0.74,173.4121,7.4588,5047037.1307
300748.SZ,2026-02-11,36.49,39.25,36.36,37.76,36.69,1.07,2.9163,629688.7,2395526.645,5.5691,1.74,178.4693,7.6763,5194225.1855
300748.SZ,2026-02-12,37.5,38.88,37.36,38.43,37.76,0.67,1.7744,466413.76,1790161.711,4.1251,1.12,181.636,7.8125,5286389.6684
300748.SZ,2026-02-13,37.74,38.13,37.25,37.28,38.43,-1.15,-2.9925,322740.63,1215524.033,2.8544,0.74,176.2006,7.5787,5128196.8992
300748.SZ,2026-02-24,37.94,38.08,37.3,37.54,37.28,0.26,0.6974,286736.7,1080630.55,2.536,0.65,177.4295,7.6316,5163962.2209
300748.SZ,2026-02-25,37.54,41.14,37.54,40.39,37.54,2.85,7.5919,984542.86,3932494.575,8.7076,2.46,190.8998,8.2109,5556005.1706
300748.SZ,2026-02-26,39.68,40.2,39.19,39.3,40.39,-1.09,-2.6987,577263.49,2281596.192,5.1055,1.07,185.748,7.9893,5406065.9372
300748.SZ,2026-02-27,39.29,41.48,39.21,41.08,39.3,1.78,4.5293,752153.28,3067395.238,6.6523,1.43,194.161,8.3512,5650920.8321
300748.SZ,2026-03-02,40.66,40.98,39.15,39.97,41.08,-1.11,-2.702,584293.88,2333383.56,5.1677,1.0,188.9147,8.1256,5498230.4201
300748.SZ,2026-03-03,39.72,39.93,36.95,37.03,39.97,-2.94,-7.3555,617907.87,2354544.999,5.4649,0.97,175.019,7.5279,5093807.1668
300748.SZ,2026-03-04,36.14,38.49,36.14,37.08,37.03,0.05,0.135,399123.69,1497771.938,3.53,0.57,175.2554,7.538,5100685.1133
300748.SZ,2026-03-05,37.71,37.88,36.03,36.48,37.08,-0.6,-1.6181,364859.54,1344129.05,3.2269,0.62,172.4195,7.4161,5018149.7555
300748.SZ,2026-03-06,36.1,36.61,35.8,35.97,36.48,-0.51,-1.398,280416.36,1013162.362,2.4801,0.52,170.009,7.3124,4947994.7013
300748.SZ,2026-03-09,35.06,35.39,33.67,35.14,35.97,-0.83,-2.3075,415748.13,1431559.855,3.677,0.93,166.0861,7.1437,4833820.7897
300748.SZ,2026-03-10,35.68,36.08,35.35,35.82,35.14,0.68,1.9351,286825.24,1023885.473,2.5368,0.69,169.3001,7.2819,4927360.8619
300748.SZ,2026-03-11,35.7,36.35,35.12,35.27,35.82,-0.55,-1.5355,275885.61,982578.147,2.44,0.79,166.7006,7.1701,4851703.4505
300748.SZ,2026-03-12,35.0,35.46,34.34,34.88,35.27,-0.39,-1.1058,245850.47,856688.255,2.1744,0.76,164.8573,7.0908,4798055.4679
300748.SZ,2026-03-13,34.54,34.98,33.82,33.91,34.88,-0.97,-2.781,263535.78,904140.472,2.3308,0.88,160.2726,6.8936,4664623.3061
300748.SZ,2026-03-16,33.81,33.96,32.69,33.41,33.91,-0.5,-1.4745,296796.13,986356.471,2.6249,1.0,157.9094,6.792,4595843.8413
300748.SZ,2026-03-17,33.6,33.84,32.58,32.6,33.41,-0.81,-2.4244,207251.91,688025.452,1.833,0.76,154.081,6.6273,4484421.1082
300748.SZ,2026-03-18,32.87,32.95,32.25,32.83,32.6,0.23,0.7055,175820.99,573820.945,1.555,0.68,155.1681,6.6741,4516059.6621
300748.SZ,2026-03-19,32.23,32.25,31.2,31.35,32.83,-1.48,-4.5081,280105.94,885812.988,2.4773,1.18,148.173,6.3732,4312472.4461
300748.SZ,2026-03-20,31.5,31.76,30.74,30.74,31.35,-0.61,-1.9458,219611.99,687229.189,1.9423,0.9,145.2899,6.2492,4228561.499
300748.SZ,2026-03-23,30.74,31.05,29.21,29.35,30.74,-1.39,-4.5218,337080.44,1015120.674,2.9812,1.43,138.7202,5.9666,4037354.5867
300748.SZ,2026-03-24,30.0,30.19,29.02,30.13,29.35,0.78,2.6576,283020.53,838529.15,2.5031,1.16,142.4068,6.1252,4144650.5519
300748.SZ,2026-03-25,30.47,31.15,30.36,30.83,30.13,0.7,2.3233,314869.05,970131.626,2.7848,1.22,145.7153,6.2675,4240941.8027
300748.SZ,2026-03-26,31.09,31.17,30.4,30.5,30.83,-0.33,-1.0704,242240.49,745764.908,2.1437,0.84,59.4602,5.6811,4195547.3559
300748.SZ,2026-03-27,30.01,31.5,30.0,31.18,30.5,0.68,2.2295,288143.74,893985.487,2.5499,1.03,60.7858,5.8078,4289087.428
300748.SZ,2026-03-30,30.87,31.17,30.48,31.05,31.18,-0.13,-0.4169,188267.49,580557.781,1.666,0.64,60.5324,5.7836,4271204.7672
300748.SZ,2026-03-31,30.94,31.39,30.67,30.69,31.05,-0.36,-1.1594,184287.81,571274.874,1.6308,0.7,59.8306,5.7165,4221683.5525
300748.SZ,2026-04-01,31.37,31.8,31.1,31.6,30.69,0.91,2.9651,312291.25,985356.174,2.7636,1.28,61.6046,5.886,4346862.1785
300748.SZ,2026-04-02,31.4,31.41,30.4,30.63,31.6,-0.97,-3.0696,205186.22,633343.162,1.8158,0.84,59.7136,5.7053,4213430.0167
300748.SZ,2026-04-03,30.73,30.87,30.35,30.43,30.63,-0.2,-0.653,129463.74,395781.557,1.1457,0.55,59.3237,5.6681,4185918.2308
300748.SZ,2026-04-07,30.5,31.45,30.41,31.08,30.43,0.65,2.136,224476.61,693849.625,1.9865,1.1,60.5909,5.7892,4275331.5351
300748.SZ,2026-04-08,31.96,32.48,31.75,32.47,31.08,1.39,4.4723,382718.41,1231047.807,3.3868,1.81,63.3007,6.0481,4466538.4474
300748.SZ,2026-04-09,32.0,33.26,31.89,32.7,32.47,0.23,0.7083,434052.54,1420279.353,3.8411,1.73,63.7491,6.0909,4498177.0012
300748.SZ,2026-04-10,32.99,33.17,32.51,32.68,32.7,-0.02,-0.0612,329403.83,1080896.086,2.915,1.2,63.7101,6.0872,4495425.8226
300748.SZ,2026-04-13,33.14,33.54,32.73,32.84,32.68,0.16,0.4896,348204.63,1151622.288,3.0814,1.16,64.022,6.117,4517435.2513
300748.SZ,2026-04-14,32.9,33.11,32.26,32.73,32.84,-0.11,-0.335,300236.46,976962.246,2.6569,0.87,63.8076,6.0965,4502303.7691
300748.SZ,2026-04-15,32.8,33.33,32.04,32.12,32.73,-0.61,-1.8637,289832.89,947236.74,2.5648,0.81,62.6184,5.9829,4418392.822
300748.SZ,2026-04-16,32.3,32.85,32.11,32.67,32.12,0.55,1.7123,247584.69,806748.172,2.191,0.73,63.6906,6.0853,4494050.2333
300748.SZ,2026-04-17,32.46,33.19,32.46,33.0,32.67,0.33,1.0101,268031.31,884426.564,2.3719,0.88,64.3339,6.1468,4539444.6801
300748.SZ,2026-04-20,32.93,33.8,32.74,33.7,33.0,0.7,2.1212,381296.26,1271316.6,3.3742,1.31,65.6986,6.2772,4635735.9309
300748.SZ,2026-04-21,33.6,34.19,33.25,33.88,33.7,0.18,0.5341,351371.96,1187643.73,3.1094,1.18,66.0495,6.3107,4660496.5382
300748.SZ,2026-04-22,33.5,33.65,33.01,33.59,33.88,-0.29,-0.856,295699.53,987407.876,2.6167,0.96,65.4842,6.2567,4620604.4486
300748.SZ,2026-04-23,33.75,33.9,32.11,32.25,33.59,-1.34,-3.9893,352212.52,1149568.251,3.1168,1.14,62.8718,5.8215,4436275.4828
300748.SZ,2026-04-24,32.05,32.33,31.55,31.92,32.25,-0.33,-1.0233,239327.87,761542.853,2.1179,0.73,62.2285,5.762,4390881.036
300748.SZ,2026-04-27,31.81,32.37,31.61,31.99,31.92,0.07,0.2193,177226.24,568671.875,1.5683,0.55,62.3649,5.7746,4400510.1611
300748.SZ,2026-04-28,31.86,31.93,30.84,30.98,31.99,-1.01,-3.1572,262412.82,818020.144,2.3222,0.93,60.3959,5.5923,4261575.6421
300748.SZ,2026-04-29,31.21,33.64,31.2,33.49,30.98,2.51,8.102,654936.69,2152226.526,5.7957,2.47,65.2892,6.0454,4606848.5557
300748.SZ,2026-04-30,33.09,33.33,32.66,32.96,33.49,-0.53,-1.5826,341768.38,1127479.446,3.0244,1.01,64.256,5.9497,4533942.3229
300748.SZ,2026-05-06,33.5,35.2,32.9,34.8,32.96,1.84,5.5825,622838.18,2130163.865,5.5117,1.86,67.8431,6.2818,4787050.7536
300748.SZ,2026-05-07,34.76,35.0,34.26,34.74,34.8,-0.06,-0.1724,380691.88,1318358.854,3.3689,0.92,67.7261,6.271,4778797.2178
300748.SZ,2026-05-08,34.51,34.99,34.4,34.66,34.74,-0.08,-0.2303,330186.75,1144360.956,2.9219,0.73,67.5701,6.2566,4767792.5034
300748.SZ,2026-05-11,34.91,38.0,34.7,37.21,34.66,2.55,7.3572,906557.85,3276196.945,8.0224,1.95,72.5414,6.7169,5118567.7741
300748.SZ,2026-05-12,37.0,37.1,35.42,35.73,36.99,-1.26,-3.4063,541466.82,1944448.943,4.7916,1.05,69.6561,6.7164,4914980.5582
300748.SZ,2026-05-13,35.32,36.3,35.32,35.93,35.73,0.2,0.5598,431136.04,1545693.098,3.8153,0.77,70.046,6.754,4942492.3441
300748.SZ,2026-05-14,36.31,36.31,34.61,34.62,35.93,-1.31,-3.646,403212.53,1416255.11,3.5682,0.78,67.4922,6.5078,4762290.1462
300748.SZ,2026-05-15,35.15,36.88,34.6,35.43,34.62,0.81,2.3397,602088.93,2144736.504,5.3281,1.15,69.0713,6.66,4873712.8793
300748.SZ,2026-05-18,34.8,35.05,34.11,34.39,35.43,-1.04,-2.9354,379161.15,1310004.161,3.3553,0.66,67.0438,6.4645,4730651.5924
300748.SZ,2026-05-19,34.38,34.39,32.92,33.44,34.39,-0.95,-2.7624,392111.93,1308947.756,3.4699,0.83,65.1917,6.286,4599970.6092
300748.SZ,2026-05-20,33.0,34.29,32.46,33.7,33.44,0.26,0.7775,404568.55,1349353.495,3.5802,0.92,65.6986,6.3348,4635735.9309
300748.SZ,2026-05-21,33.58,35.04,33.01,33.06,33.7,-0.64,-1.8991,462127.9,1576787.353,4.0895,1.06,64.4509,6.2145,4547698.2159
300748.SZ,2026-05-22,33.42,34.65,32.91,34.34,33.06,1.28,3.8717,419679.87,1432275.935,3.7139,0.94,66.9463,6.4551,4723773.6459
