ts_code,trade_date,open,high,low,close,pre_close,change,pct_chg,vol,amount,turnover_rate,volume_ratio,pe,pb,total_mv
300024.SZ,2023-01-03,9.03,9.22,8.93,9.19,8.98,0.21,2.3385,100194.89,91380.355,0.6651,1.25,,3.6238,1424644.7821
300024.SZ,2023-01-04,9.23,9.26,9.13,9.25,9.19,0.06,0.6529,93935.01,86431.422,0.6235,1.09,,3.6475,1433946.0538
300024.SZ,2023-01-05,9.26,9.31,9.2,9.25,9.25,0.0,0.0,77278.01,71585.971,0.513,0.9,,3.6475,1433946.0538
300024.SZ,2023-01-06,9.24,9.34,9.16,9.21,9.25,-0.04,-0.4324,75765.1,69978.031,0.5029,0.93,,3.6317,1427745.206
300024.SZ,2023-01-09,9.18,9.33,9.17,9.19,9.21,-0.02,-0.2172,76880.77,71081.938,0.5103,0.93,,3.6238,1424644.7821
300024.SZ,2023-01-10,9.23,9.24,9.13,9.15,9.19,-0.04,-0.4353,60740.06,55664.773,0.4032,0.72,,3.6081,1418443.9343
300024.SZ,2023-01-11,9.17,9.18,8.98,9.02,9.15,-0.13,-1.4208,87532.22,79369.293,0.581,1.14,,3.5568,1398291.1789
300024.SZ,2023-01-12,9.02,9.18,9.02,9.09,9.02,0.07,0.7761,64456.19,58673.999,0.4279,0.85,,3.5844,1409142.6626
300024.SZ,2023-01-13,9.1,9.16,9.05,9.14,9.09,0.05,0.5501,57474.6,52358.942,0.3815,0.79,,3.6041,1416893.7223
300024.SZ,2023-01-16,9.14,9.28,9.11,9.24,9.14,0.1,1.0941,81317.64,75039.265,0.5398,1.17,,3.6435,1432395.8418
300024.SZ,2023-01-17,9.27,9.31,9.14,9.24,9.24,0.0,0.0,68969.2,63665.085,0.4578,0.98,,3.6435,1432395.8418
300024.SZ,2023-01-18,9.24,9.39,9.2,9.34,9.24,0.1,1.0823,110664.48,103283.15,0.7346,1.54,,3.683,1447897.9613
300024.SZ,2023-01-19,9.32,9.42,9.25,9.41,9.34,0.07,0.7495,87221.31,81555.88,0.579,1.14,,3.7106,1458749.445
300024.SZ,2023-01-20,9.99,10.23,9.76,9.77,9.41,0.36,3.8257,487024.9,486119.932,3.2328,6.0,,3.8525,1514557.0752
300024.SZ,2023-01-30,9.87,10.28,9.81,10.01,9.77,0.24,2.4565,423700.05,424795.808,2.8125,2.54,,3.9472,1551762.162
300024.SZ,2023-01-31,9.98,10.69,9.94,10.39,10.01,0.38,3.7962,636823.26,662111.721,4.2272,2.7,,4.097,1610670.2161
300024.SZ,2023-02-01,10.29,10.53,10.23,10.46,10.39,0.07,0.6737,468135.07,486993.846,3.1075,1.34,,4.1246,1621521.6997
300024.SZ,2023-02-02,10.45,10.97,10.39,10.63,10.46,0.17,1.6252,670326.69,718440.011,4.4496,1.59,,4.1916,1647875.3029
300024.SZ,2023-02-03,10.5,10.68,10.34,10.49,10.63,-0.14,-1.317,400991.32,420647.266,2.6618,0.75,,4.1364,1626172.3356
300024.SZ,2023-02-06,10.45,10.64,10.41,10.56,10.49,0.07,0.6673,300976.34,317261.828,1.9979,0.58,,4.164,1637023.8192
300024.SZ,2023-02-07,10.58,11.17,10.53,11.06,10.56,0.5,4.7348,714734.24,782785.5,4.7444,1.44,,4.3612,1714534.4167
300024.SZ,2023-02-08,11.07,11.07,10.7,10.76,11.06,-0.3,-2.7125,432372.83,467614.36,2.8701,0.85,,4.2429,1668028.0582
300024.SZ,2023-02-09,10.65,11.06,10.62,10.98,10.76,0.22,2.0446,372925.77,406448.298,2.4755,0.74,,4.3297,1702132.7211
300024.SZ,2023-02-10,10.9,11.23,10.86,10.94,10.98,-0.04,-0.3643,388286.63,428731.112,2.5774,0.87,,4.3139,1695931.8733
300024.SZ,2023-02-13,10.88,11.04,10.83,10.94,10.94,0.0,0.0,305995.89,334208.26,2.0312,0.69,,4.3139,1695931.8733
300024.SZ,2023-02-14,10.93,10.98,10.82,10.88,10.94,-0.06,-0.5484,207773.91,226030.161,1.3792,0.47,,4.2902,1686630.6016
300024.SZ,2023-02-15,10.85,11.05,10.8,10.99,10.88,0.11,1.011,249324.36,272790.089,1.655,0.73,,4.3336,1703682.9331
300024.SZ,2023-02-16,10.96,11.01,10.56,10.63,10.99,-0.36,-3.2757,345923.98,373279.407,2.2962,1.13,,4.1916,1647875.3029
300024.SZ,2023-02-17,10.69,10.82,10.6,10.61,10.63,-0.02,-0.1881,248096.99,265386.947,1.6469,0.83,,4.1838,1644774.879
300024.SZ,2023-02-20,10.65,10.74,10.55,10.68,10.61,0.07,0.6598,183785.09,195784.296,1.22,0.68,,4.2114,1655626.3626
300024.SZ,2023-02-21,10.69,11.02,10.69,10.86,10.68,0.18,1.6854,262500.95,285657.421,1.7425,1.06,,4.2823,1683530.1777
300024.SZ,2023-02-22,10.77,10.8,10.66,10.71,10.86,-0.15,-1.3812,171587.13,183841.108,1.139,0.67,,4.2232,1660276.9985
300024.SZ,2023-02-23,10.68,10.75,10.55,10.62,10.71,-0.09,-0.8403,151148.49,160759.442,1.0033,0.62,,4.1877,1646325.0909
300024.SZ,2023-02-24,10.61,10.69,10.48,10.63,10.62,0.01,0.0942,128671.16,136389.752,0.8541,0.63,,4.1916,1647875.3029
300024.SZ,2023-02-27,10.58,10.62,10.4,10.42,10.63,-0.21,-1.9755,180628.56,189474.877,1.199,1.01,,4.1088,1615320.8519
300024.SZ,2023-02-28,10.45,10.59,10.44,10.58,10.42,0.16,1.5355,126678.01,133245.536,0.8409,0.71,,4.1719,1640124.2431
300024.SZ,2023-03-01,10.55,10.75,10.52,10.62,10.58,0.04,0.3781,281490.37,299017.96,1.8685,1.86,,4.1877,1646325.0909
300024.SZ,2023-03-02,10.84,11.12,10.79,10.89,10.62,0.27,2.5424,507437.36,554222.548,3.3683,2.92,,4.2942,1688180.8136
300024.SZ,2023-03-03,10.79,10.83,10.51,10.66,10.89,-0.23,-2.112,300352.12,320497.189,1.9937,1.23,,4.2035,1652525.9387
300024.SZ,2023-03-06,10.67,10.84,10.63,10.68,10.66,0.02,0.1876,196013.8,210153.216,1.3011,0.7,,4.2114,1655626.3626
300024.SZ,2023-03-07,10.69,10.7,10.23,10.25,10.68,-0.43,-4.0262,275835.85,287243.963,1.831,0.98,,4.0418,1588967.2488
300024.SZ,2023-03-08,10.24,10.49,10.21,10.42,10.25,0.17,1.6585,169515.49,176266.981,1.1252,0.54,,4.1088,1615320.8519
300024.SZ,2023-03-09,10.45,10.49,10.26,10.41,10.42,-0.01,-0.096,124791.06,129487.92,0.8284,0.43,,4.1049,1613770.64
300024.SZ,2023-03-10,10.31,10.42,10.25,10.28,10.41,-0.13,-1.2488,117359.97,121187.318,0.779,0.55,,4.0536,1593617.8846
300024.SZ,2023-03-13,10.25,10.45,10.18,10.43,10.28,0.15,1.4591,154404.82,159751.626,1.0249,0.87,,4.1128,1616871.0639
300024.SZ,2023-03-14,10.36,10.41,10.06,10.22,10.43,-0.21,-2.0134,172324.38,175989.196,1.1439,1.02,,4.03,1584316.6129
300024.SZ,2023-03-15,10.33,10.54,10.33,10.36,10.22,0.14,1.3699,198293.85,206927.329,1.3163,1.34,,4.0852,1606019.5802
300024.SZ,2023-03-16,10.29,10.36,10.17,10.19,10.36,-0.17,-1.6409,119633.84,122582.528,0.7941,0.78,,4.0181,1579665.9771
300024.SZ,2023-03-17,10.27,10.53,10.23,10.45,10.19,0.26,2.5515,223806.55,233708.462,1.4856,1.47,,4.1207,1619971.4878
300024.SZ,2023-03-20,10.51,10.78,10.48,10.62,10.45,0.17,1.6268,290638.36,309742.701,1.9292,1.67,,4.1877,1646325.0909
300024.SZ,2023-03-21,10.63,10.83,10.56,10.76,10.62,0.14,1.3183,211916.11,227335.298,1.4067,1.05,,4.2429,1668028.0582
300024.SZ,2023-03-22,10.75,11.02,10.7,10.97,10.76,0.21,1.9517,316466.96,344514.031,2.1007,1.52,,4.3257,1700582.5092
300024.SZ,2023-03-23,10.93,11.0,10.81,10.99,10.97,0.02,0.1823,254269.19,277210.504,1.6878,1.09,,4.3336,1703682.9331
300024.SZ,2023-03-24,10.99,11.73,10.93,11.62,10.99,0.63,5.7325,778695.1,886662.182,5.1689,3.0,,4.582,1801346.2859
300024.SZ,2023-03-27,11.55,12.82,11.55,12.42,11.62,0.8,6.8847,1178587.19,1451277.207,7.8234,3.18,,4.8975,1925363.2419
300024.SZ,2023-03-28,12.62,13.15,12.34,12.41,12.42,-0.01,-0.0805,1235537.72,1569106.933,8.2014,2.25,,4.8935,1923813.03
300024.SZ,2023-03-29,12.31,12.53,12.0,12.19,12.41,-0.22,-1.7728,714975.48,876450.527,4.746,0.95,,4.8068,1889708.3671
300024.SZ,2023-03-30,12.17,12.27,11.63,11.8,12.19,-0.39,-3.1993,577288.1,684971.844,3.832,0.69,,4.653,1829250.101
300024.SZ,2023-03-31,11.8,12.0,11.62,11.93,11.8,0.13,1.1017,413242.72,489492.278,2.7431,0.46,,4.7043,1849402.8564
300024.SZ,2023-04-03,11.92,12.13,11.78,12.09,11.93,0.16,1.3412,513964.88,615832.842,3.4117,0.62,,4.7674,1874206.2476
300024.SZ,2023-04-04,12.03,12.31,11.77,12.08,12.09,-0.01,-0.0827,590775.11,709054.327,3.9215,0.85,,4.7634,1872656.0356
300024.SZ,2023-04-06,11.78,12.25,11.65,12.17,12.08,0.09,0.745,474832.92,568070.192,3.1519,0.84,,4.7989,1886607.9432
300024.SZ,2023-04-07,12.17,12.17,11.75,11.92,12.17,-0.25,-2.0542,435614.73,519235.757,2.8916,0.85,,4.7003,1847852.6444
300024.SZ,2023-04-10,11.95,12.61,11.95,12.14,11.92,0.22,1.8456,747426.36,919613.537,4.9614,1.54,,4.7871,1881957.3073
300024.SZ,2023-04-11,12.06,12.21,11.81,11.96,12.14,-0.18,-1.4827,428040.28,513111.755,2.8413,0.77,,4.7161,1854053.4922
300024.SZ,2023-04-12,11.99,12.43,11.99,12.29,11.96,0.33,2.7592,565092.95,692521.551,3.7511,1.06,,4.8462,1905210.4866
300024.SZ,2023-04-13,12.18,12.29,11.8,11.83,12.29,-0.46,-3.7429,493286.02,590431.734,3.2744,0.93,,4.6648,1833900.7369
300024.SZ,2023-04-14,11.96,12.15,11.74,11.89,11.83,0.06,0.5072,353047.06,421694.008,2.3395,0.66,412.8006,4.3386,1843202.0086
300024.SZ,2023-04-17,11.98,12.03,11.55,11.66,11.89,-0.23,-1.9344,361074.51,422152.542,2.3927,0.7,404.8154,4.2547,1807547.1337
300024.SZ,2023-04-18,11.67,11.75,11.47,11.58,11.66,-0.08,-0.6861,291210.63,337884.863,1.9297,0.66,402.038,4.2255,1795145.4381
300024.SZ,2023-04-19,11.5,11.74,11.46,11.52,11.58,-0.06,-0.5181,253445.24,293838.958,1.6795,0.61,399.9549,4.2036,1785844.1664
300024.SZ,2023-04-20,11.56,11.68,11.43,11.65,11.52,0.13,1.1285,208673.0,241734.706,1.3828,0.6,404.4682,4.251,1805996.9218
300024.SZ,2023-04-21,11.65,11.98,11.21,11.25,11.65,-0.4,-3.4335,397650.49,457579.358,2.6351,1.35,390.5809,4.1051,1743988.4438
300024.SZ,2023-04-24,11.25,11.45,11.09,11.19,11.25,-0.06,-0.5333,228218.41,256721.734,1.5123,0.75,388.4978,4.0832,1734687.1721
300024.SZ,2023-04-25,11.2,11.2,10.61,10.85,11.19,-0.34,-3.0384,321761.99,349553.125,2.1322,1.17,376.6936,3.9591,1681979.9658
300024.SZ,2023-04-26,10.8,11.25,10.72,10.8,10.85,-0.05,-0.4608,328817.48,360482.263,2.1789,1.17,374.9577,3.9729,1674228.906
300024.SZ,2023-04-27,10.73,11.0,10.69,10.83,10.8,0.03,0.2778,214382.66,233104.325,1.4206,0.72,375.9992,3.9839,1678879.5419
300024.SZ,2023-04-28,10.9,11.21,10.87,11.15,10.83,0.32,2.9548,250564.6,278457.926,1.6604,0.84,387.1091,4.1016,1728486.3243
300024.SZ,2023-05-04,11.16,13.38,11.16,13.38,11.15,2.23,20.0,1622133.88,2096713.113,10.7492,6.04,464.5309,4.922,2074183.5891
300024.SZ,2023-05-05,13.8,14.65,13.65,13.92,13.38,0.54,4.0359,2540365.69,3571754.064,16.8339,4.64,483.2788,5.1206,2157895.0344
300024.SZ,2023-05-08,14.22,14.44,13.36,14.08,13.92,0.16,1.1494,1695653.27,2363615.024,11.2364,1.71,488.8337,5.1795,2182698.4256
300024.SZ,2023-05-09,13.8,14.05,13.23,13.28,14.08,-0.8,-5.6818,1273621.39,1726402.708,8.4397,1.01,461.0591,4.8852,2058681.4696
300024.SZ,2023-05-10,13.36,14.55,13.3,14.11,13.28,0.83,6.25,1705646.76,2411642.829,11.3026,1.16,489.8753,5.1905,2187349.0615
300024.SZ,2023-05-11,13.82,14.08,13.45,13.5,14.11,-0.61,-4.3232,1067315.78,1461019.786,7.0726,0.6,468.6971,4.9661,2092786.1325
300024.SZ,2023-05-12,13.32,14.09,13.1,13.1,13.5,-0.4,-2.963,784844.83,1052070.045,5.2008,0.47,454.8098,4.819,2030777.6545
300024.SZ,2023-05-15,13.06,13.19,12.52,12.99,13.1,-0.11,-0.8397,749212.05,957987.102,4.9647,0.57,450.9908,4.7785,2013725.3231
300024.SZ,2023-05-16,12.9,13.84,12.68,13.23,12.99,0.24,1.8476,1064523.99,1416402.983,7.0541,0.95,459.3232,4.8668,2050930.4099
300024.SZ,2023-05-17,13.01,14.39,12.9,14.08,13.23,0.85,6.4248,1336214.02,1828749.597,8.8545,1.24,488.8337,5.1795,2182698.4256
300024.SZ,2023-05-18,14.5,16.77,14.48,16.65,14.08,2.57,18.2528,2631207.92,4164779.06,17.4359,2.63,578.0598,6.1249,2581102.8968
300024.SZ,2023-05-19,16.53,16.84,15.57,15.7,16.65,-0.95,-5.7057,2266556.58,3648915.842,15.0195,1.73,545.0774,5.7754,2433832.7615
300024.SZ,2023-05-22,15.63,15.91,15.09,15.4,15.7,-0.3,-1.9108,1693871.61,2612369.095,11.2246,1.05,534.6619,5.665,2387326.403
300024.SZ,2023-05-23,15.41,16.14,14.94,15.6,15.4,0.2,1.2987,2109805.03,3299921.663,13.9808,1.17,541.6055,5.7386,2418330.642
300024.SZ,2023-05-24,14.9,15.88,14.72,15.04,15.6,-0.56,-3.5897,1579305.98,2412477.86,10.4654,0.79,522.1633,5.5326,2331518.7728
300024.SZ,2023-05-25,14.88,16.18,14.8,15.3,15.04,0.26,1.7287,1767409.38,2754042.938,11.7119,0.86,531.19,5.6283,2371824.2835
300024.SZ,2023-05-26,15.06,16.15,14.19,16.1,15.3,0.8,5.2288,2040887.97,3100500.176,13.5241,1.08,558.9647,5.9225,2495841.2395
300024.SZ,2023-05-29,15.98,16.08,15.42,15.52,16.1,-0.58,-3.6025,1373620.3,2159323.651,9.1024,0.75,538.8281,5.7092,2405928.9464
300024.SZ,2023-05-30,15.3,15.44,14.74,15.22,15.52,-0.3,-1.933,1181776.37,1774239.353,7.8311,0.67,528.4126,5.5988,2359422.5879
300024.SZ,2023-05-31,15.01,16.1,14.93,15.68,15.22,0.46,3.0223,1476663.49,2300188.332,9.7852,0.93,544.383,5.768,2430732.3376
300024.SZ,2023-06-01,15.24,17.22,14.8,16.71,15.68,1.03,6.5689,2091014.01,3325315.274,13.8562,1.33,580.1429,6.1469,2590404.1685
300024.SZ,2023-06-02,16.31,16.62,15.29,15.3,16.71,-1.41,-8.4381,1695974.45,2720898.319,11.2385,1.04,531.19,5.6283,2371824.2835
300024.SZ,2023-06-05,15.39,15.54,15.15,15.2,15.3,-0.1,-0.6536,921289.85,1412621.321,6.105,0.59,527.7182,5.5915,2356322.164
300024.SZ,2023-06-06,15.13,15.14,14.11,14.2,15.2,-1.0,-6.5789,1251635.85,1820379.036,8.294,0.85,492.9999,5.2236,2201300.969
300024.SZ,2023-06-07,14.2,14.45,14.01,14.28,14.2,0.08,0.5634,659671.86,941549.821,4.3714,0.44,495.7774,5.253,2213702.6646
300024.SZ,2023-06-08,14.25,14.64,13.72,14.38,14.28,0.1,0.7003,763972.36,1093940.769,5.0625,0.58,499.2492,5.2898,2229204.7841
300024.SZ,2023-06-09,14.3,14.85,14.28,14.69,14.38,0.31,2.1558,783897.64,1143630.005,5.1945,0.74,510.0119,5.4039,2277261.3546
300024.SZ,2023-06-12,14.73,15.04,14.46,14.65,14.69,-0.04,-0.2723,683899.52,1009019.564,4.5319,0.78,508.6231,5.3891,2271060.5068
300024.SZ,2023-06-13,14.57,14.8,14.3,14.6,14.65,-0.05,-0.3413,573706.68,836122.749,3.8017,0.69,506.8872,5.3707,2263309.447
300024.SZ,2023-06-14,14.59,14.9,14.38,14.65,14.6,0.05,0.3425,639763.21,937077.298,4.2394,0.92,508.6231,5.3891,2271060.5068
300024.SZ,2023-06-15,14.65,15.98,14.59,15.54,14.65,0.89,6.0751,1476088.03,2275743.393,9.7814,2.14,539.5224,5.7165,2409029.3703
300024.SZ,2023-06-16,15.65,15.92,15.35,15.65,15.54,0.11,0.7079,1206686.14,1880087.579,7.9962,1.45,543.3415,5.757,2426081.7018
300024.SZ,2023-06-19,15.65,16.16,15.58,15.87,15.65,0.22,1.4058,1085168.35,1726005.175,7.1909,1.18,550.9795,5.8379,2460186.3647
300024.SZ,2023-06-20,15.9,17.15,15.55,16.44,15.87,0.57,3.5917,1641499.4,2689663.857,10.8775,1.65,570.7689,6.0476,2548548.4458
300024.SZ,2023-06-21,16.5,16.74,15.53,15.53,16.44,-0.91,-5.5353,1155463.97,1850131.463,7.6568,0.96,539.1753,5.7129,2407479.1584
300024.SZ,2023-06-26,15.53,16.36,15.05,15.12,15.53,-0.41,-2.6401,1067169.32,1678829.553,7.0717,0.81,524.9408,5.562,2343920.4684
300024.SZ,2023-06-27,15.02,15.58,14.59,15.31,15.12,0.19,1.2566,894670.54,1342340.608,5.9286,0.73,531.5372,5.6319,2373374.4955
300024.SZ,2023-06-28,15.07,16.19,14.19,16.13,15.31,0.82,5.356,1355350.4,2064893.956,8.9813,1.16,560.0062,5.9336,2500491.8754
300024.SZ,2023-06-29,15.86,17.13,15.81,16.65,16.13,0.52,3.2238,1755587.15,2907918.489,11.6335,1.44,578.0598,6.1249,2581102.8968
300024.SZ,2023-06-30,16.57,16.84,16.22,16.67,16.65,0.02,0.1201,1175346.12,1941700.555,7.7885,0.94,578.7541,6.1322,2584203.3207
300024.SZ,2023-07-03,16.64,16.73,15.52,15.78,16.67,-0.89,-5.3389,1147211.24,1830389.281,7.6021,0.92,547.8548,5.8048,2446234.4571
300024.SZ,2023-07-04,15.89,16.05,15.55,15.68,15.78,-0.1,-0.6337,743393.21,1173418.197,4.9261,0.59,544.383,5.768,2430732.3376
300024.SZ,2023-07-05,15.47,15.84,15.15,15.19,15.68,-0.49,-3.125,678344.92,1043893.394,4.4951,0.55,527.371,5.5878,2354771.9521
300024.SZ,2023-07-06,15.19,15.6,15.01,15.23,15.19,0.04,0.2633,551139.16,844226.079,3.6522,0.5,528.7598,5.6025,2360972.7999
300024.SZ,2023-07-07,15.05,15.4,14.7,14.7,15.23,-0.53,-3.48,579742.74,867556.508,3.8417,0.67,510.3591,5.4075,2278811.5665
300024.SZ,2023-07-10,14.87,14.92,14.43,14.46,14.7,-0.24,-1.6327,438512.46,640374.984,2.9058,0.59,502.0267,5.3192,2241606.4797
300024.SZ,2023-07-11,14.5,14.73,14.37,14.61,14.46,0.15,1.0373,350304.13,511152.104,2.3213,0.59,507.2344,5.3744,2264859.659
300024.SZ,2023-07-12,14.62,14.82,13.82,13.84,14.61,-0.77,-5.2704,737585.85,1048733.15,4.8877,1.42,480.5013,5.0912,2145493.3388
300024.SZ,2023-07-13,13.86,13.95,13.64,13.9,13.84,0.06,0.4335,449624.59,620946.226,2.9795,0.85,482.5844,5.1132,2154794.6105
300024.SZ,2023-07-14,13.9,14.34,13.86,14.18,13.9,0.28,2.0144,517322.14,731188.938,3.4281,1.01,492.3055,5.2162,2198200.5451
300024.SZ,2023-07-17,14.19,14.38,13.99,14.27,14.18,0.09,0.6347,327099.43,464627.9,2.1675,0.66,495.4302,5.2494,2212152.4527
300024.SZ,2023-07-18,14.75,14.93,14.24,14.26,14.27,-0.01,-0.0701,571059.18,831224.112,3.7842,1.2,495.083,5.2457,2210602.2407
300024.SZ,2023-07-19,14.0,14.05,13.65,13.69,14.26,-0.57,-3.9972,491501.56,677480.105,3.257,0.94,475.2936,5.036,2122240.1596
300024.SZ,2023-07-20,13.64,14.0,13.42,13.49,13.69,-0.2,-1.4609,379618.89,520526.028,2.5156,0.81,468.3499,4.9624,2091235.9206
300024.SZ,2023-07-21,13.41,13.59,13.21,13.25,13.49,-0.24,-1.7791,312540.6,417073.82,2.0711,0.68,460.0175,4.8741,2054030.8338
300024.SZ,2023-07-24,13.23,13.48,13.13,13.3,13.25,0.05,0.3774,199853.26,266247.726,1.3243,0.48,461.7534,4.8925,2061781.8935
300024.SZ,2023-07-25,13.48,13.65,13.4,13.6,13.3,0.3,2.2556,274845.25,372606.816,1.8213,0.7,472.1689,5.0029,2108288.252
300024.SZ,2023-07-26,13.59,13.59,13.19,13.26,13.6,-0.34,-2.5,269062.89,357825.909,1.783,0.81,460.3647,4.8778,2055581.0457
300024.SZ,2023-07-27,13.23,13.4,13.17,13.18,13.26,-0.08,-0.6033,176839.84,234670.683,1.1718,0.62,457.5872,4.8484,2043179.3501
300024.SZ,2023-07-28,13.19,13.32,13.0,13.25,13.18,0.07,0.5311,251861.91,331898.638,1.669,1.02,460.0175,4.8741,2054030.8338
300024.SZ,2023-07-31,13.24,13.48,13.08,13.39,13.25,0.14,1.0566,257964.15,344986.807,1.7094,1.1,464.8781,4.9256,2075733.8011
300024.SZ,2023-08-01,13.43,13.55,13.18,13.46,13.39,0.07,0.5228,277742.23,371006.222,1.8405,1.13,467.3084,4.9514,2086585.2847
300024.SZ,2023-08-02,13.37,13.72,13.31,13.67,13.46,0.21,1.5602,378879.61,514683.199,2.5107,1.54,474.5992,5.0286,2119139.7357
300024.SZ,2023-08-03,13.58,13.75,13.4,13.45,13.67,-0.22,-1.6094,268314.86,362403.849,1.778,1.0,466.9612,4.9477,2085035.0728
300024.SZ,2023-08-04,13.46,13.93,13.46,13.72,13.45,0.27,2.0074,440751.27,604724.919,2.9207,1.54,476.3351,5.047,2126890.7954
300024.SZ,2023-08-07,13.72,13.85,13.55,13.63,13.72,-0.09,-0.656,256805.92,351435.103,1.7017,0.79,473.2105,5.0139,2112938.8879
300024.SZ,2023-08-08,13.62,13.67,13.16,13.18,13.63,-0.45,-3.3015,335031.79,446034.798,2.2201,1.03,457.5872,4.8484,2043179.3501
300024.SZ,2023-08-09,13.11,13.26,13.06,13.07,13.18,-0.11,-0.8346,183106.9,240479.947,1.2134,0.55,453.7682,4.8079,2026127.0187
300024.SZ,2023-08-10,13.08,13.2,12.87,12.98,13.07,-0.09,-0.6886,222215.56,288990.098,1.4725,0.75,450.6436,4.7748,2012175.1111
300024.SZ,2023-08-11,13.01,13.06,12.71,12.72,12.98,-0.26,-2.0031,243246.08,313666.727,1.6119,0.85,441.6168,4.6792,1971869.6004
300024.SZ,2023-08-14,12.62,13.06,12.5,13.04,12.72,0.32,2.5157,262484.23,338620.444,1.7394,1.06,452.7267,4.7969,2021476.3828
300024.SZ,2023-08-15,13.04,13.14,12.86,12.95,13.04,-0.09,-0.6902,195596.05,254700.032,1.2961,0.78,449.602,4.7638,2007524.4753
300024.SZ,2023-08-16,12.9,12.94,12.51,12.57,12.95,-0.38,-2.9344,242565.33,306424.744,1.6074,1.1,436.4091,4.624,1948616.4212
300024.SZ,2023-08-17,12.48,13.38,12.45,13.24,12.57,0.67,5.3302,522725.67,681910.017,3.4639,2.24,459.6703,4.8705,2052480.6218
300024.SZ,2023-08-18,13.2,13.31,12.76,12.79,13.24,-0.45,-3.3988,371452.57,485004.468,2.4615,1.27,444.0471,4.7049,1982721.0841
300024.SZ,2023-08-21,12.84,12.92,12.45,12.48,12.79,-0.31,-2.4238,279583.16,354516.687,1.8527,0.88,433.2844,4.5909,1934664.5136
300024.SZ,2023-08-22,12.48,12.75,12.35,12.71,12.48,0.23,1.8429,266144.57,334391.639,1.7636,0.83,441.2696,4.6755,1970319.3885
300024.SZ,2023-08-23,12.65,12.92,12.45,12.63,12.71,-0.08,-0.6294,260352.93,330358.358,1.7252,0.77,438.4922,4.6461,1957917.6929
300024.SZ,2023-08-24,12.68,12.74,12.35,12.36,12.63,-0.27,-2.1378,269849.8,336863.699,1.7882,0.79,429.1182,4.5467,1916061.9702
300024.SZ,2023-08-25,12.3,12.3,11.93,11.95,12.36,-0.41,-3.3172,317643.07,383110.145,2.1049,1.1,414.8837,4.3959,1852503.2803
300024.SZ,2023-08-28,12.76,12.93,11.93,11.95,11.95,0.0,0.0,368978.51,453921.028,2.4303,1.32,414.8837,4.3088,1852503.2803
300024.SZ,2023-08-29,11.9,13.02,11.88,12.94,11.95,0.99,8.2845,687019.62,869691.645,4.5251,2.32,449.2549,4.6658,2005974.2633
300024.SZ,2023-08-30,12.94,13.2,12.71,12.93,12.94,-0.01,-0.0773,517079.69,669726.881,3.4058,1.36,448.9077,4.6622,2004424.0514
300024.SZ,2023-08-31,12.83,13.1,12.78,12.85,12.93,-0.08,-0.6187,319371.36,412596.043,2.1036,0.74,446.1302,4.6333,1992022.3558
300024.SZ,2023-09-01,12.8,12.89,12.64,12.78,12.85,-0.07,-0.5447,243537.04,310475.275,1.6041,0.55,443.6999,4.6081,1981170.8721
300024.SZ,2023-09-04,12.85,12.94,12.72,12.91,12.78,0.13,1.0172,282326.42,362141.662,1.8596,0.66,448.2133,4.6549,2001323.6275
300024.SZ,2023-09-05,12.86,13.02,12.66,12.68,12.91,-0.23,-1.7816,315527.01,403804.792,2.0782,0.77,440.2281,4.572,1965668.7526
300024.SZ,2023-09-06,12.62,12.74,12.38,12.69,12.68,0.01,0.0789,283229.58,355854.05,1.8655,0.84,440.5753,4.5756,1967218.9646
300024.SZ,2023-09-07,12.6,12.61,12.21,12.23,12.69,-0.46,-3.6249,301765.05,372684.756,1.9876,1.04,424.6049,4.4098,1895909.2149
300024.SZ,2023-09-08,12.2,12.6,12.19,12.48,12.23,0.25,2.0442,300734.96,373806.146,1.9808,1.05,433.2844,4.4999,1934664.5136
300024.SZ,2023-09-11,12.43,12.74,12.32,12.64,12.48,0.16,1.2821,280138.97,351092.674,1.8452,0.94,438.8394,4.5576,1959467.9048
300024.SZ,2023-09-12,12.64,12.85,12.56,12.71,12.64,0.07,0.5538,257811.15,327852.742,1.6981,0.87,441.2696,4.5828,1970319.3885
300024.SZ,2023-09-13,12.7,12.71,12.15,12.28,12.71,-0.43,-3.3832,310810.13,383005.682,2.0472,1.09,426.3408,4.4278,1903660.2746
300024.SZ,2023-09-14,12.28,12.36,12.04,12.14,12.28,-0.14,-1.1401,175928.12,213859.909,1.1588,0.61,421.4802,4.3773,1881957.3073
300024.SZ,2023-09-15,12.2,12.22,11.96,12.03,12.14,-0.11,-0.9061,207387.09,250554.368,1.366,0.78,417.6612,4.3376,1864904.9759
300024.SZ,2023-09-18,11.93,12.34,11.9,12.19,12.03,0.16,1.33,214730.31,261855.174,1.4143,0.87,423.2161,4.3953,1889708.3671
300024.SZ,2023-09-19,12.12,12.16,11.93,11.98,12.19,-0.21,-1.7227,164257.22,197302.135,1.0819,0.7,415.9253,4.3196,1857153.9161
300024.SZ,2023-09-20,11.92,12.08,11.88,11.9,11.98,-0.08,-0.6678,153716.82,183707.975,1.0125,0.72,413.1478,4.2908,1844752.2205
300024.SZ,2023-09-21,11.9,12.06,11.76,11.82,11.9,-0.08,-0.6723,179863.8,214110.278,1.1847,0.98,410.3704,4.2619,1832350.5249
300024.SZ,2023-09-22,11.78,12.27,11.76,12.27,11.82,0.45,3.8071,288338.54,349050.225,1.8992,1.57,425.9936,4.4242,1902110.0627
300024.SZ,2023-09-25,12.34,12.5,12.32,12.35,12.27,0.08,0.652,265553.74,329111.925,1.7491,1.33,428.7711,4.453,1914511.7583
300024.SZ,2023-09-26,12.36,12.65,12.32,12.53,12.35,0.18,1.4575,306416.8,383905.774,2.0182,1.46,435.0203,4.5179,1942415.5734
300024.SZ,2023-09-27,12.46,12.63,12.41,12.45,12.53,-0.08,-0.6385,246964.61,309382.641,1.6267,1.03,432.2429,4.4891,1930013.8778
300024.SZ,2023-09-28,12.52,12.57,12.35,12.44,12.45,-0.01,-0.0803,196220.93,244217.101,1.2924,0.76,431.8957,4.4855,1928463.6658
300024.SZ,2023-10-09,12.46,12.67,12.36,12.52,12.44,0.08,0.6431,256990.19,321933.359,1.6927,0.99,434.6732,4.5143,1940865.3614
300024.SZ,2023-10-10,12.52,12.63,12.42,12.43,12.52,-0.09,-0.7188,165111.3,206318.756,1.0875,0.65,431.5485,4.4819,1926913.4539
300024.SZ,2023-10-11,12.49,12.71,12.35,12.53,12.43,0.1,0.8045,245964.15,308704.501,1.6201,1.05,435.0203,4.5179,1942415.5734
300024.SZ,2023-10-12,12.59,12.61,12.37,12.45,12.53,-0.08,-0.6385,179091.61,223004.103,1.1796,0.81,432.2429,4.4891,1930013.8778
300024.SZ,2023-10-13,12.38,12.41,12.13,12.17,12.45,-0.28,-2.249,254307.03,311175.697,1.675,1.22,422.5218,4.3881,1886607.9432
300024.SZ,2023-10-16,12.17,12.2,11.8,11.86,12.17,-0.31,-2.5472,218404.0,260581.258,1.4385,0.99,411.7591,4.2763,1838551.3727
300024.SZ,2023-10-17,11.87,11.96,11.59,11.75,11.86,-0.11,-0.9275,184639.48,216483.308,1.2161,0.87,407.9401,4.2367,1821499.0413
300024.SZ,2023-10-18,11.7,11.72,11.44,11.46,11.75,-0.29,-2.4681,175089.67,201679.989,1.1532,0.81,397.8718,4.1321,1776542.8947
300024.SZ,2023-10-19,11.39,11.61,11.36,11.4,11.46,-0.06,-0.5236,158932.3,182560.181,1.0468,0.79,395.7887,4.1105,1767241.623
300024.SZ,2023-10-20,11.41,11.51,11.16,11.21,11.4,-0.19,-1.6667,164895.89,186226.722,1.0861,0.83,389.1922,4.042,1737787.596
300024.SZ,2023-10-23,11.2,11.24,10.8,10.85,11.21,-0.36,-3.2114,176360.91,193471.92,1.1616,0.98,376.6936,3.9122,1681979.9658
300024.SZ,2023-10-24,10.95,11.17,10.88,11.02,10.85,0.17,1.5668,180668.7,199027.682,1.19,1.05,382.5957,3.9735,1708333.5689
300024.SZ,2023-10-25,11.06,11.38,11.05,11.11,11.02,0.09,0.8167,197361.44,220780.552,1.2999,1.15,385.7204,4.0059,1722285.4765
300024.SZ,2023-10-26,11.02,11.15,10.92,11.15,11.11,0.04,0.36,171816.27,189791.761,1.1317,0.98,387.1091,4.057,1728486.3243
300024.SZ,2023-10-27,11.07,11.33,10.81,11.26,11.15,0.11,0.9865,244212.31,271448.732,1.6085,1.37,390.9281,4.097,1745538.6557
300024.SZ,2023-10-30,11.3,11.47,11.13,11.39,11.26,0.13,1.1545,263740.95,298170.907,1.7372,1.36,395.4415,4.1443,1765691.4111
300024.SZ,2023-10-31,11.35,11.41,11.15,11.23,11.39,-0.16,-1.4047,187742.47,211098.702,1.2366,0.89,389.8866,4.0861,1740888.0199
300024.SZ,2023-11-01,11.24,11.37,11.16,11.18,11.23,-0.05,-0.4452,149012.35,167467.581,0.9815,0.7,388.1506,4.0679,1733136.9601
300024.SZ,2023-11-02,11.19,11.34,11.06,11.08,11.18,-0.1,-0.8945,147223.23,164573.839,0.9697,0.72,384.6788,4.0315,1717634.8406
300024.SZ,2023-11-03,11.68,12.05,11.4,11.86,11.08,0.78,7.0397,852471.32,1001416.258,5.6149,4.3,411.7591,4.3154,1838551.3727
300024.SZ,2023-11-06,11.72,12.15,11.69,12.1,11.86,0.24,2.0236,624995.35,749829.49,4.1166,1.95,420.0915,4.4027,1875756.4595
300024.SZ,2023-11-07,12.15,12.19,11.99,12.1,12.1,0.0,0.0,394925.03,477353.529,2.6012,1.01,420.0915,4.4027,1875756.4595
300024.SZ,2023-11-08,12.04,12.29,11.95,12.16,12.1,0.06,0.4959,369851.3,448278.447,2.4361,0.85,422.1746,4.4245,1885057.7312
300024.SZ,2023-11-09,12.12,12.38,12.08,12.15,12.16,-0.01,-0.0822,401404.49,490454.776,2.6439,0.84,421.8274,4.4209,1883507.5193
300024.SZ,2023-11-10,12.04,12.17,12.0,12.05,12.15,-0.1,-0.823,254036.99,306549.683,1.6732,0.48,418.3556,4.3845,1868005.3998
300024.SZ,2023-11-13,12.08,12.29,12.07,12.21,12.05,0.16,1.3278,246145.66,299898.956,1.6213,0.6,423.9105,4.4427,1892808.791
300024.SZ,2023-11-14,12.15,12.33,12.13,12.28,12.21,0.07,0.5733,244530.13,299594.951,1.6106,0.73,426.3408,4.4682,1903660.2746
300024.SZ,2023-11-15,12.38,12.48,12.22,12.3,12.28,0.02,0.1629,264012.24,325250.06,1.7389,0.87,427.0351,4.4755,1906760.6985
300024.SZ,2023-11-16,12.3,12.36,12.13,12.13,12.3,-0.17,-1.3821,200859.41,245587.053,1.323,0.71,421.133,4.4136,1880407.0954
300024.SZ,2023-11-17,12.1,12.23,12.07,12.2,12.13,0.07,0.5771,165770.53,201775.839,1.0919,0.69,423.5633,4.4391,1891258.579
300024.SZ,2023-11-20,12.24,12.82,12.23,12.66,12.2,0.46,3.7705,653677.74,822328.109,4.3055,2.91,439.5337,4.6064,1962568.3287
300024.SZ,2023-11-21,12.6,12.67,12.36,12.44,12.66,-0.22,-1.7378,398620.47,498709.971,2.6256,1.3,431.8957,4.5264,1928463.6658
300024.SZ,2023-11-22,12.38,12.5,12.13,12.14,12.44,-0.3,-2.4116,261407.37,320662.704,1.7218,0.78,421.4802,4.4172,1881957.3073
300024.SZ,2023-11-23,12.13,12.24,11.99,12.22,12.14,0.08,0.659,183271.73,222455.939,1.2071,0.55,424.2577,4.4463,1894359.0029
300024.SZ,2023-11-24,12.22,12.22,11.86,11.87,12.22,-0.35,-2.8642,221132.95,264669.856,1.4565,0.66,412.1063,4.319,1840101.5847
300024.SZ,2023-11-27,11.8,12.04,11.77,11.96,11.87,0.09,0.7582,162310.56,193809.787,1.0691,0.47,415.2309,4.3517,1854053.4922
300024.SZ,2023-11-28,11.94,12.21,11.85,12.01,11.96,0.05,0.4181,216305.76,260803.305,1.4247,0.88,416.9668,4.3699,1861804.552
300024.SZ,2023-11-29,12.0,12.29,11.95,12.03,12.01,0.02,0.1665,241482.24,292689.309,1.5905,1.16,417.6612,4.3772,1864904.9759
300024.SZ,2023-11-30,12.1,12.13,11.79,11.9,12.03,-0.13,-1.0806,217119.43,259053.045,1.4301,1.06,413.1478,4.3299,1844752.2205
300024.SZ,2023-12-01,11.85,12.05,11.75,12.01,11.9,0.11,0.9244,197994.28,235715.798,1.3041,0.94,416.9668,4.3699,1861804.552
300024.SZ,2023-12-04,12.0,12.19,11.97,12.04,12.01,0.03,0.2498,200459.68,242085.216,1.3203,0.97,418.0084,4.3809,1866455.1878
300024.SZ,2023-12-05,11.95,11.98,11.57,11.58,12.04,-0.46,-3.8206,250193.36,292915.002,1.6479,1.17,402.038,4.2135,1795145.4381
300024.SZ,2023-12-06,11.54,11.72,11.5,11.61,11.58,0.03,0.2591,137606.4,159922.177,0.9064,0.62,403.0795,4.2244,1799796.074
300024.SZ,2023-12-07,11.57,11.75,11.53,11.67,11.61,0.06,0.5168,162594.61,189408.629,1.0709,0.81,405.1626,4.2462,1809097.3457
300024.SZ,2023-12-08,11.69,11.87,11.64,11.69,11.67,0.02,0.1714,183678.03,215484.462,1.2098,0.97,405.857,4.2535,1812197.7696
300024.SZ,2023-12-11,11.6,11.92,11.45,11.9,11.69,0.21,1.7964,205517.28,241503.815,1.3537,1.1,413.1478,4.3299,1844752.2205
300024.SZ,2023-12-12,11.87,12.07,11.83,12.02,11.9,0.12,1.0084,198574.13,238010.358,1.3079,1.06,417.314,4.3736,1863354.7639
300024.SZ,2023-12-13,11.98,12.32,11.93,12.1,12.02,0.08,0.6656,371905.19,451483.754,2.4496,2.09,420.0915,4.4027,1875756.4595
300024.SZ,2023-12-14,12.02,12.37,12.01,12.14,12.1,0.04,0.3306,363933.25,444848.704,2.3971,1.62,421.4802,4.4172,1881957.3073
300024.SZ,2023-12-15,12.1,12.15,11.8,11.82,12.14,-0.32,-2.6359,297467.6,353763.189,1.9593,1.12,410.3704,4.3008,1832350.5249
300024.SZ,2023-12-18,11.79,11.81,11.54,11.58,11.82,-0.24,-2.0305,172577.17,201289.693,1.1367,0.6,402.038,4.2135,1795145.4381
300024.SZ,2023-12-19,11.7,11.84,11.47,11.8,11.58,0.22,1.8998,213283.67,249068.672,1.4048,0.76,409.676,4.2935,1829250.101
300024.SZ,2023-12-20,11.78,11.91,11.56,11.56,11.8,-0.24,-2.0339,171287.1,201116.337,1.1282,0.6,401.3436,4.2062,1792045.0142
300024.SZ,2023-12-21,11.5,11.72,11.25,11.68,11.56,0.12,1.0381,220394.37,253418.297,1.4516,0.9,405.5098,4.2499,1810647.5576
300024.SZ,2023-12-22,11.67,11.73,11.35,11.42,11.68,-0.26,-2.226,192409.38,222166.505,1.2673,0.89,396.483,4.1553,1770342.0469
300024.SZ,2023-12-25,11.42,11.74,11.4,11.57,11.42,0.15,1.3135,164293.16,190001.738,1.0821,0.85,401.6908,4.2098,1793595.2262
300024.SZ,2023-12-26,11.55,11.56,11.06,11.12,11.57,-0.45,-3.8894,218413.39,244665.334,1.4386,1.14,386.0675,4.0461,1723835.6884
300024.SZ,2023-12-27,11.15,11.21,11.03,11.17,11.12,0.05,0.4496,139324.22,155110.616,0.9177,0.72,387.8035,4.0643,1731586.7482
300024.SZ,2023-12-28,11.17,11.58,11.05,11.52,11.17,0.35,3.1334,242003.96,276007.758,1.594,1.29,399.9549,4.1916,1785844.1664
300024.SZ,2023-12-29,11.5,11.92,11.48,11.87,11.52,0.35,3.0382,241865.11,284724.54,1.5931,1.26,412.1063,4.319,1840101.5847
300024.SZ,2024-01-02,11.82,11.99,11.78,11.81,11.87,-0.06,-0.5055,191061.75,227153.653,1.2584,0.95,410.0232,4.2972,1830800.313
300024.SZ,2024-01-03,11.72,11.77,11.44,11.55,11.81,-0.26,-2.2015,227957.0,263561.245,1.5015,1.1,400.9964,4.2026,1790494.8023
300024.SZ,2024-01-04,11.5,11.5,11.27,11.32,11.55,-0.23,-1.9913,158389.0,180235.757,1.0432,0.76,393.0112,4.1189,1754839.9274
300024.SZ,2024-01-05,11.36,11.5,11.12,11.17,11.32,-0.15,-1.3251,163349.06,184635.072,1.0759,0.77,387.8035,4.0643,1731586.7482
300024.SZ,2024-01-08,11.08,11.18,10.8,10.8,11.17,-0.37,-3.3124,214256.44,233699.591,1.4112,1.09,374.9577,3.9297,1674228.906
300024.SZ,2024-01-09,10.81,11.39,10.81,11.27,10.8,0.47,4.3519,322803.51,362549.83,2.1262,1.69,391.2753,4.1007,1747088.8677
300024.SZ,2024-01-10,11.2,11.27,10.94,10.95,11.27,-0.32,-2.8394,210298.55,232419.854,1.3852,0.97,380.1654,3.9842,1697482.0853
300024.SZ,2024-01-11,10.91,11.34,10.86,11.28,10.95,0.33,3.0137,203809.15,227312.468,1.3424,0.95,391.6225,4.1043,1748639.0796
300024.SZ,2024-01-12,11.21,11.27,11.05,11.07,11.28,-0.21,-1.8617,136673.64,152314.648,0.9002,0.61,384.3316,4.0279,1716084.6287
300024.SZ,2024-01-15,11.02,11.1,10.83,10.97,11.07,-0.1,-0.9033,130432.13,142972.166,0.8591,0.6,380.8598,3.9915,1700582.5092
300024.SZ,2024-01-16,10.99,11.04,10.76,10.92,10.97,-0.05,-0.4558,148719.79,161753.524,0.9796,0.74,379.1239,3.9733,1692831.4494
300024.SZ,2024-01-17,10.86,10.88,10.53,10.54,10.92,-0.38,-3.4799,147161.38,157356.578,0.9693,0.89,365.9309,3.8351,1633923.3953
300024.SZ,2024-01-18,10.46,10.64,10.13,10.48,10.54,-0.06,-0.5693,215747.55,222300.614,1.421,1.41,363.8478,3.8132,1624622.1236
300024.SZ,2024-01-19,10.42,10.52,10.25,10.25,10.48,-0.23,-2.1947,135499.96,140518.187,0.8925,0.87,355.8626,3.7295,1588967.2488
300024.SZ,2024-01-22,10.28,10.33,9.57,9.63,10.25,-0.62,-6.0488,206756.47,205217.81,1.3618,1.33,334.3373,3.504,1492854.1079
300024.SZ,2024-01-23,9.62,9.88,9.57,9.81,9.63,0.18,1.8692,164251.51,160416.957,1.0819,0.96,340.5866,3.5694,1520757.923
300024.SZ,2024-01-24,9.83,10.03,9.52,9.98,9.81,0.17,1.7329,191454.45,187626.46,1.261,1.1,346.4887,3.6313,1547111.5261
300024.SZ,2024-01-25,9.95,10.36,9.85,10.33,9.98,0.35,3.507,230429.72,234282.412,1.5177,1.26,358.6401,3.7587,1601368.9444
300024.SZ,2024-01-26,10.28,10.4,10.2,10.21,10.33,-0.12,-1.1617,162891.06,167666.942,1.0729,0.88,354.4739,3.715,1582766.401
300024.SZ,2024-01-29,10.28,10.39,9.98,10.02,10.21,-0.19,-1.8609,148916.74,150808.475,0.9809,0.78,347.8774,3.6459,1553312.3739
300024.SZ,2024-01-30,9.98,10.19,9.73,9.77,10.02,-0.25,-2.495,150904.12,150401.148,0.9939,0.84,339.1978,3.5549,1514557.0752
300024.SZ,2024-01-31,9.7,9.79,9.12,9.15,9.77,-0.62,-6.346,242798.3,227686.022,1.5992,1.37,317.6725,3.3293,1418443.9343
300024.SZ,2024-02-01,9.13,9.36,8.95,9.15,9.15,0.0,0.0,173788.19,159270.584,1.1447,0.93,317.6725,3.3293,1418443.9343
300024.SZ,2024-02-02,9.11,9.47,8.48,8.83,9.15,-0.32,-3.4973,258870.12,231297.921,1.7051,1.47,306.5626,3.2129,1368837.1519
300024.SZ,2024-02-05,8.78,8.79,7.95,8.24,8.83,-0.59,-6.6818,319720.32,268279.62,2.1059,1.64,286.0788,2.9982,1277374.6468
300024.SZ,2024-02-06,8.07,9.3,8.01,9.21,8.24,0.97,11.7718,326648.44,285708.12,2.1515,1.43,319.7556,3.3511,1427745.206
300024.SZ,2024-02-07,9.2,9.99,9.12,9.89,9.21,0.68,7.3833,466027.8,454811.862,3.0695,1.76,343.364,3.5986,1533159.6186
300024.SZ,2024-02-08,10.04,10.8,10.0,10.34,9.89,0.45,4.5501,447432.6,469311.873,2.9471,1.45,358.9873,3.7623,1602919.1563
300024.SZ,2024-02-19,10.66,10.69,10.17,10.33,10.34,-0.01,-0.0967,323004.35,333654.359,2.1275,0.89,358.6401,3.7587,1601368.9444
300024.SZ,2024-02-20,10.13,10.47,10.04,10.36,10.33,0.03,0.2904,242624.76,249604.753,1.5981,0.64,359.6816,3.7696,1606019.5802
300024.SZ,2024-02-21,10.22,10.59,10.13,10.29,10.36,-0.07,-0.6757,313201.32,326487.267,2.0629,0.87,357.2513,3.7441,1595168.0966
300024.SZ,2024-02-22,10.31,10.6,10.31,10.54,10.29,0.25,2.4295,276841.74,290091.932,1.8234,0.77,365.9309,3.8351,1633923.3953
300024.SZ,2024-02-23,10.59,10.84,10.38,10.82,10.54,0.28,2.6565,364850.01,388508.858,2.4031,1.14,375.652,3.9369,1677329.3299
300024.SZ,2024-02-26,11.5,12.92,11.5,12.55,10.82,1.73,15.9889,1301690.77,1602294.306,8.5737,4.28,435.7147,4.5664,1945515.9973
300024.SZ,2024-02-27,12.25,12.4,11.9,12.39,12.55,-0.16,-1.2749,1011794.98,1228513.219,6.6643,2.02,430.1598,4.5082,1920712.6061
300024.SZ,2024-02-28,12.25,12.47,11.37,11.39,12.39,-1.0,-8.071,921179.5,1109313.779,6.0674,1.41,395.4415,4.1443,1765691.4111
300024.SZ,2024-02-29,11.41,12.05,11.41,11.95,11.39,0.56,4.9166,614849.93,728975.713,4.0498,0.79,414.8837,4.3481,1852503.2803
300024.SZ,2024-03-01,11.92,12.28,11.86,12.14,11.95,0.19,1.59,603082.36,728156.599,3.9723,0.72,421.4802,4.4172,1881957.3073
300024.SZ,2024-03-04,12.16,12.25,11.9,12.16,12.14,0.02,0.1647,527560.83,637793.578,3.4748,0.59,422.1746,4.4245,1885057.7312
300024.SZ,2024-03-05,12.0,12.14,11.8,11.88,12.16,-0.28,-2.3026,421348.48,505156.919,2.7753,0.57,412.4534,4.3226,1841651.7966
300024.SZ,2024-03-06,11.77,12.45,11.77,12.24,11.88,0.36,3.0303,706043.12,859564.221,4.6504,1.14,424.952,4.4536,1897459.4268
300024.SZ,2024-03-07,12.45,12.63,11.92,11.92,12.24,-0.32,-2.6144,703107.39,862875.77,4.6311,1.22,413.8422,4.3372,1847852.6444
300024.SZ,2024-03-08,11.8,12.08,11.73,12.03,11.92,0.11,0.9228,390052.88,465636.909,2.5691,0.66,417.6612,4.3772,1864904.9759
300024.SZ,2024-03-11,12.01,12.09,11.83,12.08,12.03,0.05,0.4156,331196.18,396912.781,2.1815,0.6,419.3971,4.3954,1872656.0356
300024.SZ,2024-03-12,12.16,12.34,12.02,12.17,12.08,0.09,0.745,484548.19,590181.85,3.1915,0.95,422.5218,4.4282,1886607.9432
300024.SZ,2024-03-13,12.22,12.46,12.1,12.31,12.17,0.14,1.1504,605525.35,744019.835,3.9884,1.16,427.3823,4.4791,1908310.9105
300024.SZ,2024-03-14,12.36,12.46,11.92,12.1,12.31,-0.21,-1.7059,476552.62,579721.405,3.1389,0.95,420.0915,4.4027,1875756.4595
300024.SZ,2024-03-15,12.12,12.69,12.0,12.6,12.1,0.5,4.1322,761834.42,943212.394,5.0179,1.66,437.4506,4.5846,1953267.057
300024.SZ,2024-03-18,12.81,12.81,12.37,12.64,12.6,0.04,0.3175,697390.34,876627.345,4.5934,1.31,438.8394,4.5992,1959467.9048
300024.SZ,2024-03-19,12.55,12.65,12.35,12.36,12.64,-0.28,-2.2152,480902.83,599998.242,3.1675,0.79,429.1182,4.4973,1916061.9702
300024.SZ,2024-03-20,12.34,12.45,12.27,12.39,12.36,0.03,0.2427,317863.93,393131.82,2.0936,0.53,430.1598,4.5082,1920712.6061
300024.SZ,2024-03-21,12.42,12.48,12.2,12.21,12.39,-0.18,-1.4528,334937.97,412381.295,2.2061,0.61,423.9105,4.4427,1892808.791
300024.SZ,2024-03-22,12.21,12.31,11.8,12.0,12.21,-0.21,-1.7199,425586.26,510203.209,2.8032,0.82,416.6196,4.3663,1860254.34
300024.SZ,2024-03-25,11.9,12.08,11.62,11.64,12.0,-0.36,-3.0,338958.57,402107.696,2.2326,0.75,404.1211,4.2353,1804446.7098
300024.SZ,2024-03-26,11.64,11.76,11.33,11.49,11.64,-0.15,-1.2887,284856.98,328710.437,1.8762,0.75,398.9133,4.1807,1781193.5306
300024.SZ,2024-03-27,11.52,11.54,10.96,11.0,11.49,-0.49,-4.2646,277642.63,310501.871,1.8287,0.82,381.9013,4.0024,1705233.145
300024.SZ,2024-03-28,11.0,11.52,11.0,11.35,11.0,0.35,3.1818,319852.77,362160.561,2.1067,0.96,394.0527,4.1298,1759490.5633
300024.SZ,2024-03-29,11.38,11.49,11.18,11.49,11.35,0.14,1.2335,218808.66,248214.367,1.4412,0.66,398.9133,4.1807,1781193.5306
300024.SZ,2024-04-01,11.51,11.7,11.51,11.65,11.49,0.16,1.3925,256865.2,298266.022,1.6919,0.89,404.4682,4.2389,1805996.9218
300024.SZ,2024-04-02,11.64,11.66,11.33,11.37,11.65,-0.28,-2.4034,234030.58,267414.773,1.5415,0.86,394.7471,4.1371,1762590.9872
300024.SZ,2024-04-03,11.33,11.38,11.08,11.13,11.37,-0.24,-2.1108,193474.01,216040.551,1.2743,0.74,386.4147,4.0497,1725385.9004
300024.SZ,2024-04-08,11.09,11.14,10.84,10.85,11.13,-0.28,-2.5157,195958.61,215232.149,1.2907,0.8,376.6936,3.9479,1681979.9658
300024.SZ,2024-04-09,10.88,11.05,10.8,10.93,10.85,0.08,0.7373,187296.16,204712.904,1.2336,0.85,379.4711,3.977,1694381.6614
300024.SZ,2024-04-10,11.01,11.1,10.51,10.63,10.93,-0.3,-2.7447,239371.92,257055.814,1.5766,1.12,369.0556,3.8678,1647875.3029
300024.SZ,2024-04-11,10.63,10.89,10.52,10.7,10.63,0.07,0.6585,197267.61,211803.47,1.2993,0.94,371.4858,3.8933,1658726.7865
300024.SZ,2024-04-12,10.7,10.81,10.43,10.46,10.7,-0.24,-2.243,210767.97,223727.306,1.3882,1.04,363.1535,3.806,1621521.6997
300024.SZ,2024-04-15,10.48,10.65,10.19,10.39,10.46,-0.07,-0.6692,246694.3,257122.074,1.6249,1.2,360.7232,3.7805,1610670.2161
300024.SZ,2024-04-16,10.39,10.39,9.83,9.85,10.39,-0.54,-5.1973,310247.12,311542.475,2.0435,1.43,341.9753,3.584,1526958.7708
300024.SZ,2024-04-17,9.9,10.5,9.9,10.5,9.85,0.65,6.599,296568.66,306491.884,1.9534,1.23,364.5422,3.8205,1627722.5475
300024.SZ,2024-04-18,10.44,10.65,10.3,10.44,10.5,-0.06,-0.5714,239358.5,251018.494,1.5766,0.95,362.4591,3.7987,1618421.2758
300024.SZ,2024-04-19,10.39,10.55,10.25,10.34,10.44,-0.1,-0.9579,190578.98,197544.893,1.2553,0.73,330.0116,3.6669,1602919.1563
300024.SZ,2024-04-22,10.24,10.5,10.1,10.28,10.34,-0.06,-0.5803,168691.09,173820.604,1.1111,0.66,328.0966,3.6456,1593617.8846
300024.SZ,2024-04-23,10.34,10.55,10.28,10.41,10.28,0.13,1.2646,224289.41,233584.215,1.4773,0.93,332.2457,3.6917,1613770.64
300024.SZ,2024-04-24,10.39,10.6,10.39,10.59,10.41,0.18,1.7291,230577.92,242288.759,1.5187,1.03,337.9906,3.7556,1641674.4551
300024.SZ,2024-04-25,10.55,10.64,10.43,10.47,10.59,-0.12,-1.1331,194073.94,204144.798,1.2783,0.92,334.1607,3.713,1623071.9117
300024.SZ,2024-04-26,10.49,10.72,10.48,10.71,10.47,0.24,2.2923,284492.92,303016.798,1.8738,1.41,341.8205,3.7981,1660276.9985
300024.SZ,2024-04-29,10.85,11.21,10.85,11.12,10.71,0.41,3.8282,421597.7,467154.602,2.7769,1.91,354.9061,3.9884,1723835.6884
300024.SZ,2024-04-30,11.06,11.13,10.77,10.88,11.12,-0.24,-2.1583,279848.9,304949.093,1.8433,1.03,347.2462,3.9023,1686630.6016
300024.SZ,2024-05-06,10.99,11.12,10.91,10.96,10.88,0.08,0.7353,236238.92,260042.383,1.556,0.84,349.7995,3.931,1699032.2972
300024.SZ,2024-05-07,11.01,11.08,10.88,11.0,10.96,0.04,0.365,211501.46,232267.037,1.3931,0.75,351.0761,3.9453,1705233.145
300024.SZ,2024-05-08,10.99,10.99,10.68,10.69,11.0,-0.31,-2.8182,203400.71,219337.644,1.3397,0.71,341.1822,3.8341,1657176.5746
300024.SZ,2024-05-09,10.67,10.93,10.66,10.89,10.69,0.2,1.8709,176441.94,191485.398,1.1622,0.65,347.5654,3.9059,1688180.8136
300024.SZ,2024-05-10,11.38,11.6,11.02,11.04,10.89,0.15,1.3774,532756.44,600289.995,3.5091,2.41,352.3528,3.9597,1711433.9928
300024.SZ,2024-05-13,10.83,10.86,10.52,10.59,11.04,-0.45,-4.0761,341690.92,364134.361,2.2506,1.26,337.9906,3.7983,1641674.4551
300024.SZ,2024-05-14,10.63,11.2,10.63,10.84,10.59,0.25,2.3607,289759.4,316070.238,1.9085,0.99,345.9696,3.8879,1680429.7538
300024.SZ,2024-05-15,10.79,10.79,10.61,10.63,10.84,-0.21,-1.9373,194234.26,207505.491,1.2793,0.63,339.2672,3.8126,1647875.3029
300024.SZ,2024-05-16,10.63,10.73,10.45,10.5,10.63,-0.13,-1.223,208194.6,220428.574,1.3713,0.68,335.1181,3.766,1627722.5475
300024.SZ,2024-05-17,10.49,10.65,10.39,10.65,10.5,0.15,1.4286,171727.62,180801.723,1.1311,0.55,339.9055,3.8198,1650975.7268
300024.SZ,2024-05-20,10.65,10.77,10.57,10.63,10.65,-0.02,-0.1878,180399.36,192351.582,1.1882,0.75,339.2672,3.8126,1647875.3029
300024.SZ,2024-05-21,10.64,10.69,10.44,10.5,10.63,-0.13,-1.223,146390.41,154068.434,0.9642,0.7,335.1181,3.766,1627722.5475
300024.SZ,2024-05-22,10.49,10.59,10.45,10.54,10.5,0.04,0.381,135272.3,142310.101,0.891,0.75,336.3948,3.7803,1633923.3953
300024.SZ,2024-05-23,10.55,10.58,10.18,10.21,10.54,-0.33,-3.1309,214901.58,221281.812,1.4155,1.28,325.8625,3.662,1582766.401
300024.SZ,2024-05-24,10.2,10.25,10.03,10.05,10.21,-0.16,-1.5671,137253.82,138969.898,0.904,0.81,320.7559,3.6046,1557963.0098
300024.SZ,2024-05-27,10.08,10.26,9.93,10.25,10.05,0.2,1.99,154448.06,155660.611,1.0173,0.95,327.1391,3.6763,1588967.2488
300024.SZ,2024-05-28,10.29,10.31,10.1,10.11,10.25,-0.14,-1.3659,129150.69,131552.999,0.8507,0.82,322.6709,3.6261,1567264.2815
300024.SZ,2024-05-29,10.11,10.25,10.07,10.13,10.11,0.02,0.1978,106656.42,108402.483,0.7025,0.69,323.3092,3.6333,1570364.7054
300024.SZ,2024-05-30,10.08,10.36,9.99,10.23,10.13,0.1,0.9872,155715.12,158701.649,1.0256,1.05,326.5008,3.6691,1585866.8249
300024.SZ,2024-05-31,10.25,10.41,10.23,10.32,10.23,0.09,0.8798,181802.54,187897.278,1.1975,1.33,329.3733,3.7014,1599818.7324
300024.SZ,2024-06-03,10.37,10.42,10.1,10.19,10.32,-0.13,-1.2597,159192.2,163204.186,1.0485,1.09,325.2242,3.6548,1579665.9771
300024.SZ,2024-06-04,10.17,10.26,10.0,10.19,10.19,0.0,0.0,158050.28,159595.199,1.041,1.08,325.2242,3.6548,1579665.9771
300024.SZ,2024-06-05,10.17,10.28,10.1,10.13,10.19,-0.06,-0.5888,119822.0,122193.587,0.7892,0.79,323.3092,3.6333,1570364.7054
300024.SZ,2024-06-06,10.13,10.2,9.78,9.81,10.13,-0.32,-3.1589,235370.81,233104.733,1.5503,1.52,313.0961,3.5185,1520757.923
300024.SZ,2024-06-07,9.93,9.99,9.72,9.82,9.81,0.01,0.1019,131131.13,129182.713,0.8637,0.77,313.4152,3.5221,1522308.1349
300024.SZ,2024-06-11,9.79,10.07,9.58,10.06,9.82,0.24,2.444,168209.31,166219.012,1.1079,1.05,321.0751,3.6082,1559513.2217
300024.SZ,2024-06-12,10.04,10.25,10.01,10.11,10.06,0.05,0.497,165903.18,168447.096,1.0927,1.02,322.6709,3.6261,1567264.2815
300024.SZ,2024-06-13,10.25,10.82,10.22,10.52,10.11,0.41,4.0554,507598.97,535207.817,3.3433,3.09,335.7565,3.7732,1630822.9714
300024.SZ,2024-06-14,10.57,10.57,10.2,10.31,10.52,-0.21,-1.9962,304160.35,313022.258,2.0034,1.26,329.0541,3.6978,1598268.5205
300024.SZ,2024-06-17,10.19,10.44,10.17,10.28,10.31,-0.03,-0.291,197036.69,203176.379,1.2978,0.77,328.0966,3.6871,1593617.8846
300024.SZ,2024-06-18,10.31,10.53,10.29,10.48,10.28,0.2,1.9455,239199.98,249957.702,1.5755,0.89,334.4798,3.7588,1624622.1236
300024.SZ,2024-06-19,10.48,10.5,10.3,10.32,10.48,-0.16,-1.5267,159671.6,165806.93,1.0517,0.56,329.3733,3.7014,1599818.7324
300024.SZ,2024-06-20,10.32,10.37,10.03,10.04,10.32,-0.28,-2.7132,175162.4,178188.084,1.1537,0.62,320.4368,3.601,1556412.7978
300024.SZ,2024-06-21,9.96,10.12,9.92,9.99,10.04,-0.05,-0.498,123175.0,123363.896,0.8113,0.57,318.841,3.5831,1548661.7381
300024.SZ,2024-06-24,9.99,9.99,9.54,9.56,9.99,-0.43,-4.3043,183866.89,178965.759,1.2111,1.03,305.1171,3.4288,1482002.6242
300024.SZ,2024-06-25,9.6,9.75,9.51,9.58,9.56,0.02,0.2092,155724.12,150102.924,1.0257,0.88,305.7554,3.436,1485103.0481
300024.SZ,2024-06-26,9.56,9.86,9.42,9.85,9.58,0.27,2.8184,164588.28,159457.998,1.0841,1.03,314.3727,3.5329,1526958.7708
300024.SZ,2024-06-27,9.8,9.89,9.65,9.68,9.85,-0.17,-1.7259,136173.79,133170.08,0.8969,0.85,308.947,3.4719,1500605.1676
300024.SZ,2024-06-28,9.68,9.91,9.65,9.74,9.68,0.06,0.6198,159067.58,156058.779,1.0477,1.04,310.862,3.4934,1509906.4393
300024.SZ,2024-07-01,9.75,9.79,9.52,9.76,9.74,0.02,0.2053,132726.21,128072.39,0.8742,0.83,311.5003,3.5006,1513006.8632
300024.SZ,2024-07-02,9.74,9.85,9.7,9.78,9.76,0.02,0.2049,133041.0,130093.551,0.8763,0.89,312.1386,3.5077,1516107.2871
300024.SZ,2024-07-03,9.79,9.88,9.66,9.72,9.78,-0.06,-0.6135,122700.64,119794.638,0.8082,0.85,310.2236,3.4862,1506806.0154
300024.SZ,2024-07-04,9.81,9.99,9.58,9.61,9.72,-0.11,-1.1317,203856.65,199784.102,1.3427,1.49,306.7129,3.4468,1489753.684
300024.SZ,2024-07-05,9.55,9.63,9.36,9.56,9.61,-0.05,-0.5203,151574.6,143524.197,0.9984,1.01,305.1171,3.4288,1482002.6242
300024.SZ,2024-07-08,9.49,9.56,9.17,9.2,9.56,-0.36,-3.7657,155548.66,144895.381,1.0245,1.05,293.6273,3.2997,1426194.994
300024.SZ,2024-07-09,9.2,9.57,9.17,9.56,9.2,0.36,3.913,206725.05,194271.204,1.3616,1.35,305.1171,3.4288,1482002.6242
300024.SZ,2024-07-10,9.54,9.68,9.52,9.54,9.56,-0.02,-0.2092,143723.87,138037.963,0.9467,0.86,304.4788,3.4217,1478902.2003
300024.SZ,2024-07-11,9.72,9.83,9.63,9.78,9.54,0.24,2.5157,178960.63,174414.477,1.1787,1.04,312.1386,3.5077,1516107.2871
300024.SZ,2024-07-12,9.77,9.78,9.67,9.75,9.78,-0.03,-0.3067,107707.41,104689.879,0.7094,0.64,311.1811,3.497,1511456.6513
300024.SZ,2024-07-15,9.72,9.74,9.53,9.56,9.75,-0.19,-1.9487,95257.8,91529.973,0.6274,0.6,305.1171,3.4288,1482002.6242
300024.SZ,2024-07-16,9.55,9.7,9.48,9.68,9.56,0.12,1.2552,103783.2,99744.469,0.6836,0.71,308.947,3.4719,1500605.1676
300024.SZ,2024-07-17,9.7,9.73,9.55,9.57,9.68,-0.11,-1.1364,94283.3,90639.653,0.621,0.75,305.4362,3.4324,1483552.8362
300024.SZ,2024-07-18,9.57,9.68,9.38,9.64,9.57,0.07,0.7315,132857.0,126336.925,0.8751,1.15,307.6704,3.4575,1494404.3198
300024.SZ,2024-07-19,9.57,9.79,9.55,9.7,9.64,0.06,0.6224,145312.0,141056.344,0.9571,1.36,309.5853,3.4791,1503705.5915
300024.SZ,2024-07-22,9.71,9.78,9.66,9.77,9.7,0.07,0.7216,129391.51,125822.004,0.8522,1.13,311.8194,3.5042,1514557.0752
300024.SZ,2024-07-23,9.89,9.92,9.49,9.5,9.77,-0.27,-2.7636,162415.0,157722.219,1.0698,1.34,303.2021,3.4073,1472701.3525
300024.SZ,2024-07-24,9.41,9.58,9.4,9.41,9.5,-0.09,-0.9474,135732.6,128722.382,0.894,1.02,300.3297,3.375,1458749.445
300024.SZ,2024-07-25,9.4,9.61,9.31,9.45,9.41,0.04,0.4251,118415.44,111831.136,0.7854,0.84,301.6063,3.3894,1464950.2928
300024.SZ,2024-07-26,9.35,9.66,9.34,9.62,9.45,0.17,1.7989,147944.3,141279.938,0.9714,1.07,310.0837,3.4122,1506126.3919
300024.SZ,2024-07-29,9.62,9.66,9.52,9.58,9.62,-0.04,-0.4158,90569.0,86915.507,0.5947,0.65,308.7944,3.398,1499863.9121
300024.SZ,2024-07-30,9.55,9.72,9.43,9.69,9.58,0.11,1.1482,138121.09,132618.218,0.9069,1.05,312.3401,3.437,1517085.7316
300024.SZ,2024-07-31,9.69,10.09,9.68,10.09,9.69,0.4,4.128,318668.12,317205.007,2.0923,2.53,325.2333,3.5789,1579710.5296
300024.SZ,2024-08-01,10.09,10.31,10.08,10.14,10.09,0.05,0.4955,270383.67,275026.296,1.7753,1.66,326.845,3.5966,1587538.6293
300024.SZ,2024-08-02,10.07,10.21,9.93,9.95,10.14,-0.19,-1.8738,196638.75,197969.291,1.2911,1.02,320.7207,3.5292,1557791.8503
300024.SZ,2024-08-05,9.91,10.05,9.6,9.61,9.95,-0.34,-3.4171,243417.55,239074.279,1.5982,1.2,309.7614,3.4086,1504560.772
300024.SZ,2024-08-06,9.71,9.82,9.65,9.78,9.61,0.17,1.769,155217.0,151245.723,1.0191,0.66,315.241,3.4689,1531176.3111
300024.SZ,2024-08-07,9.78,9.97,9.76,9.82,9.78,0.04,0.409,150867.67,148940.134,0.9906,0.64,316.5304,3.4831,1537438.7909
300024.SZ,2024-08-08,9.77,9.77,9.54,9.68,9.82,-0.14,-1.4257,136433.45,131712.144,0.8958,0.67,312.0177,3.4334,1515520.1116
300024.SZ,2024-08-09,9.73,9.81,9.56,9.56,9.68,-0.12,-1.2397,108956.65,105417.428,0.7154,0.62,308.1497,3.3909,1496732.6722
300024.SZ,2024-08-12,9.51,9.63,9.36,9.4,9.56,-0.16,-1.6736,113199.6,106822.04,0.7433,0.71,302.9924,3.3341,1471682.753
300024.SZ,2024-08-13,9.37,9.5,9.33,9.5,9.4,0.1,1.0638,89516.12,84314.943,0.5878,0.67,306.2157,3.3696,1487338.9525
300024.SZ,2024-08-14,9.5,9.54,9.39,9.47,9.5,-0.03,-0.3158,83375.2,78891.142,0.5474,0.7,305.2487,3.359,1482642.0927
300024.SZ,2024-08-15,9.43,9.74,9.41,9.67,9.47,0.2,2.1119,158219.59,152301.104,1.0388,1.49,311.6954,3.4299,1513954.4917
300024.SZ,2024-08-16,9.65,9.75,9.62,9.64,9.67,-0.03,-0.3102,119666.02,115848.284,0.7857,1.08,310.7284,3.4192,1509257.6318
300024.SZ,2024-08-19,9.59,9.84,9.59,9.74,9.64,0.1,1.0373,142849.39,139276.922,0.9379,1.27,313.9517,3.4547,1524913.8313
300024.SZ,2024-08-20,9.69,9.75,9.47,9.5,9.74,-0.24,-2.4641,134715.4,128669.574,0.8845,1.13,306.2157,3.3696,1487338.9525
300024.SZ,2024-08-21,9.47,9.67,9.46,9.53,9.5,0.03,0.3158,147679.2,141273.263,0.9696,1.16,307.1827,3.3802,1492035.8124
300024.SZ,2024-08-22,9.56,9.58,9.14,9.17,9.53,-0.36,-3.7775,173626.73,161664.939,1.14,1.23,295.5788,3.2525,1435673.4942
300024.SZ,2024-08-23,9.14,9.21,9.06,9.15,9.17,-0.02,-0.2181,97834.16,89373.766,0.6424,0.68,294.9341,3.2454,1432542.2543
300024.SZ,2024-08-26,9.25,9.5,9.15,9.28,9.15,0.13,1.4208,119718.53,111389.438,0.7861,0.86,299.1244,3.2916,1452895.3136
300024.SZ,2024-08-27,9.21,9.24,9.05,9.07,9.28,-0.21,-2.2629,98989.01,90237.276,0.6499,0.73,292.3554,3.2171,1420017.2947
300024.SZ,2024-08-28,9.07,9.22,9.0,9.11,9.07,0.04,0.441,92735.89,84489.115,0.6089,0.73,293.6448,3.2313,1426279.7745
300024.SZ,2024-08-29,9.06,9.35,9.05,9.3,9.11,0.19,2.0856,132643.59,122618.412,0.8709,1.14,299.7691,3.2987,1456026.5535
300024.SZ,2024-08-30,9.23,9.63,9.22,9.44,9.3,0.14,1.5054,211373.27,200633.036,1.3878,1.95,304.2817,3.3483,1477945.2328
300024.SZ,2024-09-02,9.44,9.51,9.18,9.18,9.44,-0.26,-2.7542,121104.2,112772.891,0.7952,0.92,295.9011,3.3098,1437239.1141
300024.SZ,2024-09-03,9.22,9.39,9.19,9.26,9.18,0.08,0.8715,91505.58,84883.886,0.6008,0.7,298.4798,3.3386,1449764.0737
300024.SZ,2024-09-04,9.2,9.33,9.16,9.25,9.26,-0.01,-0.108,79392.2,73458.99,0.5213,0.61,298.1574,3.335,1448198.4538
300024.SZ,2024-09-05,9.25,9.39,9.25,9.31,9.25,0.06,0.6486,70938.2,66075.465,0.4658,0.56,300.0914,3.3567,1457592.1735
300024.SZ,2024-09-06,9.3,9.35,9.12,9.13,9.31,-0.18,-1.9334,91605.8,84386.023,0.6015,0.8,294.2894,3.2918,1429411.0144
300024.SZ,2024-09-09,9.1,9.19,9.02,9.14,9.13,0.01,0.1095,78328.84,71464.228,0.5143,0.86,294.6118,3.2954,1430976.6343
300024.SZ,2024-09-10,9.15,9.31,9.05,9.28,9.14,0.14,1.5317,113321.24,103876.497,0.7441,1.38,299.1244,3.3458,1452895.3136
300024.SZ,2024-09-11,9.26,9.31,9.19,9.28,9.28,0.0,0.0,78174.4,72426.03,0.5133,0.9,299.1244,3.3458,1452895.3136
300024.SZ,2024-09-12,9.31,9.41,9.26,9.26,9.28,-0.02,-0.2155,88874.8,82968.131,0.5835,1.03,298.4798,3.3386,1449764.0737
300024.SZ,2024-09-13,9.28,9.32,9.17,9.18,9.26,-0.08,-0.8639,68639.08,63334.658,0.4507,0.76,295.9011,3.3098,1437239.1141
300024.SZ,2024-09-18,9.18,9.23,8.99,9.11,9.18,-0.07,-0.7625,87920.47,79913.472,0.5773,1.03,293.6448,3.2845,1426279.7745
300024.SZ,2024-09-19,9.18,9.36,9.05,9.33,9.11,0.22,2.4149,134420.24,124450.526,0.8826,1.54,300.7361,3.3639,1460723.4134
300024.SZ,2024-09-20,9.31,9.35,9.2,9.27,9.33,-0.06,-0.6431,90681.26,84096.576,0.5954,0.99,298.8021,3.3422,1451329.6937
300024.SZ,2024-09-23,9.27,9.34,9.22,9.24,9.27,-0.03,-0.3236,78044.05,72346.426,0.5124,0.83,297.8351,3.3314,1446632.8338
300024.SZ,2024-09-24,9.28,9.54,9.24,9.54,9.24,0.3,3.2468,230365.03,217075.488,1.5125,2.51,307.5051,3.4396,1493601.4323
300024.SZ,2024-09-25,9.62,9.78,9.55,9.57,9.54,0.03,0.3145,255765.58,247604.998,1.6793,2.06,308.4721,3.4504,1498298.2922
300024.SZ,2024-09-26,9.55,9.93,9.51,9.92,9.57,0.35,3.6573,298732.15,291980.763,1.9614,1.89,319.7537,3.5766,1553094.9904
300024.SZ,2024-09-27,10.0,10.71,10.0,10.56,9.92,0.64,6.4516,560658.93,580463.269,3.6812,2.94,340.383,3.8073,1653294.6672
300024.SZ,2024-09-30,11.08,12.49,11.0,12.36,10.56,1.8,17.0455,1165925.61,1370758.272,7.6553,4.1,398.4028,4.4563,1935106.2582
300024.SZ,2024-10-08,14.83,14.83,13.37,14.83,12.36,2.47,19.9838,1740448.39,2492592.222,11.4276,3.47,478.0189,5.3468,2321814.3859
300024.SZ,2024-10-09,14.31,14.36,12.9,12.9,14.83,-1.93,-13.0142,1301919.47,1782526.032,8.5482,1.62,415.8087,4.651,2019649.7355
300024.SZ,2024-10-10,13.06,13.59,12.8,13.01,12.9,0.11,0.8527,794233.06,1046223.227,5.2148,0.78,419.3544,4.6907,2036871.555
300024.SZ,2024-10-11,12.94,12.94,11.91,12.08,13.01,-0.93,-7.1483,636891.77,785693.824,4.1817,0.57,389.3775,4.3554,1891268.8996
300024.SZ,2024-10-14,12.1,12.77,11.87,12.59,12.08,0.51,4.2219,599879.3,738355.931,3.9387,0.53,405.8164,4.5392,1971115.5171
300024.SZ,2024-10-15,12.43,12.85,12.27,12.28,12.59,-0.31,-2.4623,553291.23,694564.571,3.6328,0.55,395.8241,4.4275,1922581.2986
300024.SZ,2024-10-16,11.93,12.42,11.89,12.15,12.28,-0.13,-1.0586,363399.94,443921.719,2.386,0.47,391.6338,4.3806,1902228.2393
300024.SZ,2024-10-17,12.24,12.53,12.14,12.16,12.15,0.01,0.0823,392807.84,484613.492,2.5791,0.67,391.9561,4.3842,1903793.8592
300024.SZ,2024-10-18,12.12,13.22,12.01,12.84,12.16,0.68,5.5921,733639.03,928632.96,4.817,1.44,413.8747,4.6294,2010256.0158
300024.SZ,2024-10-21,13.01,14.08,12.93,13.71,12.84,0.87,6.7757,1063927.96,1441782.826,6.9856,2.01,441.9177,4.943,2146464.9515
300024.SZ,2024-10-22,13.71,13.71,13.29,13.5,13.71,-0.21,-1.5317,653613.02,879740.259,4.2915,1.05,435.1487,4.8673,2113586.9325
300024.SZ,2024-10-23,13.52,13.68,13.3,13.34,13.5,-0.16,-1.1852,555477.4,749991.825,3.6472,0.87,429.9914,4.8096,2088537.0133
300024.SZ,2024-10-24,13.3,13.38,13.06,13.21,13.34,-0.13,-0.9745,350935.53,462668.391,2.3042,0.52,425.801,4.7628,2068183.954
300024.SZ,2024-10-25,13.33,13.61,13.27,13.36,13.21,0.15,1.1355,461342.9,618525.954,3.0291,0.69,430.636,4.8169,2091668.2532
300024.SZ,2024-10-28,13.02,14.24,12.83,13.95,13.36,0.59,4.4162,1141543.0,1549773.868,7.4952,1.85,449.6536,5.0221,2184039.8303
300024.SZ,2024-10-29,13.95,13.96,13.27,13.34,13.95,-0.61,-4.3728,755400.3,1020914.461,4.9599,1.19,429.9914,4.8025,2088537.0133
300024.SZ,2024-10-30,13.21,13.53,13.16,13.29,13.34,-0.05,-0.3748,427225.23,569453.332,2.8051,0.65,428.3797,4.7845,2080708.9136
300024.SZ,2024-10-31,13.17,13.85,13.12,13.6,13.29,0.31,2.3326,705663.58,953021.264,4.6333,1.12,438.372,4.8961,2129243.132
300024.SZ,2024-11-01,13.59,13.69,12.84,12.88,13.6,-0.72,-5.2941,667418.4,876630.884,4.3822,0.96,415.1641,4.6369,2016518.4956
300024.SZ,2024-11-04,12.95,15.46,12.95,15.46,12.88,2.58,20.0311,1245310.6,1844051.35,8.1765,1.68,498.3258,5.5657,2420448.4427
300024.SZ,2024-11-05,16.15,18.45,15.55,18.05,15.46,2.59,16.7529,3869219.8,6652927.437,25.4048,5.09,581.8099,6.4981,2825944.0098
300024.SZ,2024-11-06,18.8,21.66,18.37,21.11,18.05,3.06,16.9529,4035087.34,8123531.014,26.4939,2.92,680.4436,7.5997,3305023.7145
300024.SZ,2024-11-07,21.33,21.66,18.78,20.3,21.11,-0.81,-3.837,3985506.9,7851058.605,26.1683,1.89,654.3347,7.3081,3178208.4985
300024.SZ,2024-11-08,19.75,22.32,19.75,20.1,20.3,-0.2,-0.9852,3610531.96,7556636.2,23.7063,1.31,647.888,7.2361,3146896.0995
300024.SZ,2024-11-11,19.5,21.75,19.41,20.73,20.1,0.63,3.1343,2839177.54,5892523.944,18.6417,0.85,668.195,7.4629,3245530.1564
300024.SZ,2024-11-12,20.51,20.51,19.3,19.7,20.73,-1.03,-4.9686,1995330.11,3966412.146,13.1011,0.54,634.9947,7.0921,3084271.3015
300024.SZ,2024-11-13,19.35,19.99,18.5,19.77,19.7,0.07,0.3553,1755392.3,3377360.641,11.5257,0.53,637.2511,7.1173,3095230.6412
300024.SZ,2024-11-14,19.56,19.66,18.68,18.78,19.77,-0.99,-5.0076,1088699.98,2082303.042,7.1483,0.38,605.3402,6.7609,2940234.2661
300024.SZ,2024-11-15,18.59,19.25,17.6,17.62,18.78,-1.16,-6.1768,1429751.43,2621304.128,9.3876,0.63,567.9496,6.3433,2758622.3519
300024.SZ,2024-11-18,17.65,18.45,16.9,17.22,17.62,-0.4,-2.2701,1222194.89,2154186.387,8.0248,0.67,555.0563,6.1993,2695997.5539
300024.SZ,2024-11-19,17.18,19.99,17.18,19.75,17.22,2.53,14.6922,2310760.02,4266886.364,15.1722,1.54,636.6064,7.1101,3092099.4013
300024.SZ,2024-11-20,19.56,21.31,19.08,20.44,19.75,0.69,3.4937,2690377.58,5529322.709,17.6647,1.72,658.8473,7.3585,3200127.1778
300024.SZ,2024-11-21,20.33,20.78,19.43,19.75,20.44,-0.69,-3.3757,1971438.52,3927645.336,12.9442,1.13,636.6064,7.1101,3092099.4013
300024.SZ,2024-11-22,19.6,19.95,18.45,18.49,19.75,-1.26,-6.3797,1444194.12,2765700.027,9.4824,0.75,595.9925,6.6565,2894831.2876
300024.SZ,2024-11-25,18.6,19.26,17.95,18.85,18.49,0.36,1.947,1255949.06,2335565.592,8.2464,0.65,607.5965,6.7861,2951193.6058
300024.SZ,2024-11-26,18.84,18.84,17.98,18.03,18.85,-0.82,-4.3501,891225.57,1629703.125,5.8517,0.46,581.1652,6.4909,2822812.7699
300024.SZ,2024-11-27,17.99,18.32,17.37,18.3,18.03,0.27,1.4975,831059.56,1484220.567,5.4566,0.5,589.8682,6.5881,2865084.5085
300024.SZ,2024-11-28,18.45,18.5,17.9,17.97,18.3,-0.33,-1.8033,713132.88,1293658.121,4.6823,0.56,579.2312,6.4693,2813419.0502
300024.SZ,2024-11-29,17.8,20.88,17.8,19.96,17.97,1.99,11.074,2331241.86,4484281.884,15.3066,2.27,643.3754,7.1857,3124977.4202
300024.SZ,2024-12-02,20.0,21.51,19.6,20.48,19.96,0.52,2.6052,2448507.41,5016156.113,16.0766,2.03,660.1367,7.3729,3206389.6576
300024.SZ,2024-12-03,20.05,21.15,19.8,20.08,20.48,-0.4,-1.9531,1793600.15,3653815.636,11.7765,1.24,647.2434,7.2289,3143764.8596
300024.SZ,2024-12-04,19.8,24.0,19.7,23.0,20.08,2.92,14.5418,3470629.81,7716929.219,22.7877,2.14,741.3644,8.2801,3600925.885
300024.SZ,2024-12-05,22.45,23.37,21.93,22.43,23.0,-0.57,-2.4783,2651552.3,5968080.073,17.4097,1.23,722.9915,8.0749,3511685.5479
300024.SZ,2024-12-06,22.0,24.0,21.38,22.46,22.43,0.03,0.1337,2847153.4,6463543.672,18.694,1.12,723.9585,8.0857,3516382.4077
300024.SZ,2024-12-09,21.83,23.49,21.69,22.44,22.46,-0.02,-0.089,2058606.18,4634137.721,13.5165,0.78,723.3138,8.0785,3513251.1678
300024.SZ,2024-12-10,23.51,24.39,22.77,22.99,22.44,0.55,2.451,2673770.58,6304820.731,17.5556,1.04,741.0421,8.2765,3599360.2651
300024.SZ,2024-12-11,22.44,22.45,21.66,22.0,22.99,-0.99,-4.3062,1759739.99,3876286.151,11.5542,0.64,709.1312,7.9201,3444363.89
300024.SZ,2024-12-12,21.87,22.3,21.29,21.99,22.0,-0.01,-0.0455,1512581.57,3287571.898,9.9314,0.63,708.8088,7.9165,3442798.2701
300024.SZ,2024-12-13,21.71,22.85,21.54,21.78,21.99,-0.21,-0.955,1856557.59,4089525.729,12.1899,0.86,702.0399,7.8409,3409920.2511
300024.SZ,2024-12-16,21.5,22.15,20.81,21.0,21.78,-0.78,-3.5813,1180600.44,2525662.284,7.7517,0.6,676.8979,7.5601,3287801.895
300024.SZ,2024-12-17,20.93,21.11,19.96,20.03,21.0,-0.97,-4.619,1014175.45,2065880.347,6.6589,0.56,645.6317,7.2109,3135936.7599
300024.SZ,2024-12-18,20.1,20.35,19.6,20.05,20.03,0.02,0.0999,778278.79,1556323.806,5.1101,0.53,646.2764,7.2181,3139067.9998
300024.SZ,2024-12-19,19.68,20.68,19.51,20.39,20.05,0.34,1.6958,986078.23,1998558.452,6.4745,0.78,657.2357,7.3405,3192299.0781
300024.SZ,2024-12-20,20.15,20.97,20.1,20.69,20.39,0.3,1.4713,936724.23,1931830.938,6.1504,0.81,666.9056,7.4485,3239267.6766
300024.SZ,2024-12-23,20.5,20.53,19.31,19.41,20.69,-1.28,-6.1866,959274.99,1899942.56,6.2985,0.98,625.6471,6.9877,3038868.323
300024.SZ,2024-12-24,19.73,19.99,19.14,19.59,19.41,0.18,0.9274,689068.6,1346486.361,4.5243,0.74,631.4491,7.0525,3067049.4821
300024.SZ,2024-12-25,19.6,19.75,18.68,18.92,19.59,-0.67,-3.4201,685463.54,1304374.894,4.5007,0.79,609.8528,6.8113,2962152.9454
300024.SZ,2024-12-26,18.89,19.41,18.78,19.2,18.92,0.28,1.4799,528217.28,1014893.652,3.4682,0.62,618.8781,6.9121,3005990.304
300024.SZ,2024-12-27,19.21,19.49,18.92,19.02,19.2,-0.18,-0.9375,597527.51,1150001.75,3.9233,0.79,613.0761,6.8473,2977809.1449
300024.SZ,2024-12-30,19.0,19.0,18.56,18.73,19.02,-0.29,-1.5247,433908.09,814238.158,2.849,0.63,603.7285,6.7429,2932406.1664
300024.SZ,2024-12-31,18.77,18.81,17.94,17.95,18.73,-0.78,-4.1644,571914.17,1043193.534,3.7551,0.97,578.5866,6.4621,2810287.8103
300024.SZ,2025-01-02,17.94,18.5,17.45,17.7,17.95,-0.25,-1.3928,746052.83,1339569.805,4.8985,1.32,570.5283,6.3721,2771147.3115
300024.SZ,2025-01-03,17.71,17.85,16.38,16.5,17.7,-1.2,-6.7797,826010.24,1398018.361,5.4235,1.44,531.8484,5.9401,2583272.9175
300024.SZ,2025-01-06,16.45,16.64,15.99,16.13,16.5,-0.37,-2.2424,546790.37,891057.255,3.5902,0.86,519.9221,5.8069,2525344.9794
300024.SZ,2025-01-07,16.23,17.01,16.2,17.0,16.13,0.87,5.3937,684259.55,1138882.852,4.4928,1.09,547.965,6.1201,2661553.915
300024.SZ,2025-01-08,16.89,18.34,16.43,17.87,17.0,0.87,5.1176,1208186.21,2097154.082,7.9328,1.79,576.0079,6.4333,2797762.8507
300024.SZ,2025-01-09,17.57,18.2,17.51,17.82,17.87,-0.05,-0.2798,896418.02,1600773.026,5.8858,1.12,574.3963,6.4153,2789934.7509
300024.SZ,2025-01-10,17.81,18.64,17.63,17.7,17.82,-0.12,-0.6734,1073971.8,1949718.876,7.0516,1.29,570.5283,6.3721,2771147.3115
300024.SZ,2025-01-13,17.0,18.3,17.0,17.85,17.7,0.15,0.8475,836725.08,1490658.433,5.4938,0.95,575.3633,6.4261,2794631.6108
300024.SZ,2025-01-14,17.88,20.99,17.66,20.2,17.85,2.35,13.1653,1607192.14,3067033.698,10.5526,1.71,651.1114,7.2721,3162552.299
300024.SZ,2025-01-15,20.22,20.23,19.51,19.6,20.2,-0.6,-2.9703,1131347.01,2229212.408,7.4283,1.01,631.7714,7.0561,3068615.102
300024.SZ,2025-01-16,19.72,20.09,19.14,19.3,19.6,-0.3,-1.5306,974844.73,1910758.004,6.4007,0.88,622.1014,6.9481,3021646.5035
300024.SZ,2025-01-17,19.11,19.59,19.0,19.13,19.3,-0.17,-0.8808,643897.41,1241217.748,4.2277,0.57,616.6218,6.8869,2995030.9644
300024.SZ,2025-01-20,19.41,19.48,19.0,19.07,19.13,-0.06,-0.3136,585885.5,1126564.253,3.8468,0.56,614.6878,6.8653,2985637.2447
300024.SZ,2025-01-21,19.27,19.82,19.13,19.69,19.07,0.62,3.2512,953061.58,1860345.447,6.2577,0.96,634.6724,7.0885,3082705.6816
300024.SZ,2025-01-22,19.5,19.5,18.95,19.05,19.69,-0.64,-3.2504,678805.15,1296729.96,4.4569,0.79,614.0431,6.8581,2982506.0048
300024.SZ,2025-01-23,19.34,20.33,19.2,19.4,19.05,0.35,1.8373,1125517.32,2216877.473,7.39,1.47,625.3248,6.9841,3037302.703
300024.SZ,2025-01-24,19.13,19.73,19.05,19.63,19.4,0.23,1.1856,814874.4,1586111.397,5.3504,1.02,632.7384,7.0669,3073311.9619
300024.SZ,2025-01-27,19.23,19.24,18.11,18.16,19.63,-1.47,-7.4885,981501.69,1812370.397,6.4444,1.18,585.3556,6.5377,2843165.8292
300024.SZ,2025-02-05,18.6,19.61,18.5,19.33,18.16,1.17,6.4427,1044973.4,1999674.451,6.8612,1.15,623.0684,6.9589,3026343.3634
300024.SZ,2025-02-06,19.3,20.46,19.15,20.25,19.33,0.92,4.7594,1267720.7,2543449.179,8.3237,1.36,652.723,7.2901,3170380.3988
300024.SZ,2025-02-07,20.26,20.55,19.65,20.19,20.25,-0.06,-0.2963,1355472.6,2734641.173,8.8999,1.29,650.789,7.2685,3160986.6791
300024.SZ,2025-02-10,20.05,20.35,19.89,20.24,20.19,0.05,0.2476,851127.89,1715864.775,5.5884,0.78,652.4007,7.2865,3168814.7788
300024.SZ,2025-02-11,20.15,20.18,19.73,19.89,20.24,-0.35,-1.7292,763002.43,1517223.954,5.0098,0.69,641.1191,7.1605,3114018.0806
300024.SZ,2025-02-12,19.75,20.79,19.64,20.59,19.89,0.7,3.5194,1286757.46,2620236.283,8.4487,1.22,663.6823,7.4125,3223611.4771
300024.SZ,2025-02-13,20.39,20.58,19.74,19.82,20.59,-0.77,-3.7397,888206.16,1778740.467,5.8318,0.8,638.8627,7.1353,3103058.7409
300024.SZ,2025-02-14,19.69,19.88,19.31,19.46,19.82,-0.36,-1.8163,646741.23,1260796.691,4.2464,0.63,627.2588,7.0057,3046696.4227
300024.SZ,2025-02-17,19.49,20.38,19.49,20.34,19.46,0.88,4.5221,1060347.84,2133201.73,6.9621,1.2,655.624,7.3225,3184470.9783
300024.SZ,2025-02-18,20.35,20.36,19.32,19.37,20.34,-0.97,-4.7689,835617.14,1656947.216,5.4866,0.9,624.3578,6.9733,3032605.8432
300024.SZ,2025-02-19,19.3,21.28,19.24,21.0,19.37,1.63,8.4151,1954092.06,4044484.232,12.8303,2.07,676.8979,7.5601,3287801.895
300024.SZ,2025-02-20,20.95,21.58,20.66,21.21,21.0,0.21,1.0,1610568.56,3402392.268,10.5748,1.5,683.6669,7.6357,3320679.914
300024.SZ,2025-02-21,21.0,21.5,20.76,21.2,21.21,-0.01,-0.0471,1239182.92,2612069.652,8.1363,1.01,683.3446,7.6321,3319114.294
300024.SZ,2025-02-24,21.1,21.76,20.45,20.95,21.2,-0.25,-1.1792,1257138.38,2654888.416,8.2542,0.94,675.2863,7.5421,3279973.7953
300024.SZ,2025-02-25,20.5,22.18,20.4,21.1,20.95,0.15,0.716,1367321.96,2913711.385,8.9777,0.99,680.1213,7.5961,3303458.0945
300024.SZ,2025-02-26,21.26,22.46,20.85,21.75,21.1,0.65,3.0806,1702604.03,3688415.292,11.1791,1.15,701.0729,7.8301,3405223.3913
300024.SZ,2025-02-27,21.43,21.46,20.5,20.92,21.75,-0.83,-3.8161,1270508.45,2668633.235,8.342,0.89,674.3193,7.5313,3275276.9354
300024.SZ,2025-02-28,20.7,20.78,19.35,19.46,20.92,-1.46,-6.979,967812.7,1929633.679,6.3545,0.71,627.2588,7.0057,3046696.4227
300024.SZ,2025-03-03,19.42,19.64,18.67,18.88,19.46,-0.58,-2.9805,787863.85,1506564.962,5.173,0.6,608.5635,6.7969,2955890.4656
300024.SZ,2025-03-04,18.77,19.45,18.7,19.29,18.88,0.41,2.1716,534759.6,1029371.279,3.5112,0.44,621.7791,6.9445,3020080.8836
300024.SZ,2025-03-05,19.3,19.54,19.05,19.4,19.29,0.11,0.5702,524022.8,1011985.046,3.4407,0.5,625.3248,6.9841,3037302.703
300024.SZ,2025-03-06,19.57,20.05,19.47,19.87,19.4,0.47,2.4227,700162.44,1387842.721,4.5972,0.86,640.4744,7.1533,3110886.8407
300024.SZ,2025-03-07,19.85,19.98,19.37,19.53,19.87,-0.34,-1.7111,544525.49,1070498.936,3.5753,0.77,629.5151,7.0309,3057655.7624
300024.SZ,2025-03-10,19.5,22.49,19.34,20.99,19.53,1.46,7.4757,1798143.58,3801696.778,11.8064,2.91,676.5756,7.5565,3286236.2751
300024.SZ,2025-03-11,20.52,20.86,20.24,20.7,20.99,-0.29,-1.3816,1105944.58,2270244.316,7.2615,1.35,667.228,7.4521,3240833.2965
300024.SZ,2025-03-12,20.8,21.17,20.55,20.58,20.7,-0.12,-0.5797,825741.55,1720992.503,5.4217,0.88,663.36,7.4089,3222045.8571
300024.SZ,2025-03-13,20.41,20.47,19.58,19.8,20.58,-0.78,-3.7901,686635.66,1364511.852,4.5084,0.69,638.2181,7.1281,3099927.501
300024.SZ,2025-03-14,19.79,20.3,19.61,20.07,19.8,0.27,1.3636,612671.52,1223189.849,4.0227,0.62,646.921,7.2253,3142199.2397
300024.SZ,2025-03-17,20.05,20.23,19.82,20.07,20.07,0.0,0.0,466244.36,933143.556,3.0613,0.46,646.921,7.2253,3142199.2397
300024.SZ,2025-03-18,20.08,20.18,19.86,19.95,20.07,-0.12,-0.5979,410436.8,820477.886,2.6949,0.56,643.053,7.1821,3123411.8003
300024.SZ,2025-03-19,20.0,20.45,19.71,20.07,19.95,0.12,0.6015,602476.67,1212716.904,3.9558,1.0,646.921,7.2253,3142199.2397
300024.SZ,2025-03-20,19.9,20.14,19.7,19.77,20.07,-0.3,-1.4948,432728.38,860133.27,2.8412,0.78,637.2511,7.1173,3095230.6412
300024.SZ,2025-03-21,19.7,19.72,19.06,19.12,19.77,-0.65,-3.2878,511697.36,986129.705,3.3597,1.01,616.2995,6.8833,2993465.3444
300024.SZ,2025-03-24,19.12,19.19,18.22,18.79,19.12,-0.33,-1.7259,476371.74,889919.977,3.1278,0.98,605.6625,6.7645,2941799.8861
300024.SZ,2025-03-25,18.76,19.04,18.63,18.75,18.79,-0.04,-0.2129,286838.6,540299.492,1.8833,0.59,604.3732,6.7501,2935537.4063
300024.SZ,2025-03-26,18.75,19.24,18.68,18.96,18.75,0.21,1.12,314614.08,598790.869,2.0657,0.68,611.1421,6.8257,2968415.4252
300024.SZ,2025-03-27,18.96,18.96,18.46,18.62,18.96,-0.34,-1.7932,289400.6,541385.013,1.9002,0.72,600.1828,6.7033,2915184.3469
300024.SZ,2025-03-28,18.59,18.73,18.21,18.21,18.62,-0.41,-2.2019,283192.4,520666.281,1.8594,0.75,586.9672,6.5557,2850993.929
300024.SZ,2025-03-31,18.17,18.17,17.4,17.83,18.21,-0.38,-2.0868,381105.41,673461.715,2.5023,1.15,574.7186,6.4189,2791500.3709
300024.SZ,2025-04-01,17.9,17.99,17.71,17.71,17.83,-0.12,-0.673,207828.0,370695.022,1.3646,0.67,570.8506,6.3757,2772712.9315
300024.SZ,2025-04-02,17.61,18.09,17.61,17.94,17.71,0.23,1.2987,241182.3,431851.767,1.5836,0.82,578.2642,6.4585,2808722.1903
300024.SZ,2025-04-03,17.71,18.15,17.61,17.75,17.94,-0.19,-1.0591,240403.4,428703.042,1.5785,0.86,572.1399,6.3901,2778975.4113
300024.SZ,2025-04-07,16.32,16.62,14.2,14.21,17.75,-3.54,-19.9437,842860.58,1276421.585,5.5341,3.11,458.0343,5.1157,2224745.949
300024.SZ,2025-04-08,14.47,15.45,14.47,14.88,14.21,0.67,4.715,641368.18,955711.729,4.2111,1.68,479.6305,5.3569,2329642.4856
300024.SZ,2025-04-09,14.74,15.84,13.87,15.78,14.88,0.9,6.0484,709665.08,1073303.42,4.6596,1.63,508.6405,5.6809,2470548.2811
300024.SZ,2025-04-10,16.2,16.7,16.14,16.18,15.78,0.4,2.5349,586324.45,960035.193,3.8497,1.1,521.5338,5.8249,2533173.0791
300024.SZ,2025-04-11,16.04,16.55,15.9,16.31,16.18,0.13,0.8035,416931.85,679463.952,2.7375,0.69,525.7241,5.8717,2553526.1385
300024.SZ,2025-04-14,16.65,16.83,16.42,16.5,16.31,0.19,1.1649,345775.4,573679.695,2.2703,0.54,531.8484,5.9401,2583272.9175
300024.SZ,2025-04-15,16.5,16.66,16.24,16.43,16.5,-0.07,-0.4242,252190.8,413249.336,1.6559,0.47,529.5921,5.9149,2572313.5779
300024.SZ,2025-04-16,16.4,16.46,15.91,16.17,16.43,-0.26,-1.5825,247024.04,399037.921,1.6219,0.53,521.2114,5.8213,2531607.4592
300024.SZ,2025-04-17,16.1,16.38,16.03,16.06,16.17,-0.11,-0.6803,223482.09,362543.288,1.4674,0.6,517.6658,5.7817,2514385.6397
300024.SZ,2025-04-18,16.04,16.2,15.97,16.16,16.06,0.1,0.6227,167664.02,270121.936,1.1009,0.56,520.8891,5.8177,2530041.8392
300024.SZ,2025-04-21,16.15,16.45,15.97,16.44,16.16,0.28,1.7327,275392.05,448846.99,1.7961,1.11,,5.8093,2573879.1978
300024.SZ,2025-04-22,16.41,16.46,16.24,16.26,16.44,-0.18,-1.0949,193254.44,315083.262,1.2604,0.83,,5.7457,2545698.0387
300024.SZ,2025-04-23,16.27,16.83,16.27,16.61,16.26,0.35,2.1525,421865.04,699827.948,2.7514,1.91,,5.8694,2600494.737
300024.SZ,2025-04-24,16.56,16.58,16.15,16.2,16.61,-0.41,-2.4684,307968.84,503259.035,2.0085,1.2,,5.7928,2536304.319
300024.SZ,2025-04-25,16.23,16.4,16.18,16.28,16.2,0.08,0.4938,189191.9,307958.973,1.2339,0.69,,5.8214,2548829.2786
300024.SZ,2025-04-28,16.22,16.34,16.03,16.06,16.28,-0.22,-1.3514,163953.42,264038.243,1.0693,0.59,,5.7428,2514385.6397
300024.SZ,2025-04-29,16.09,16.32,16.01,16.17,16.06,0.11,0.6849,172940.8,280187.766,1.1279,0.68,,5.7821,2531607.4592
300024.SZ,2025-04-30,16.23,16.79,16.17,16.66,16.17,0.49,3.0303,372225.17,617124.854,2.4276,1.48,,5.9573,2608322.8367
300024.SZ,2025-05-06,16.9,17.22,16.8,17.19,16.66,0.53,3.1813,405098.12,689665.295,2.642,1.68,,6.1468,2691300.6941
300024.SZ,2025-05-07,17.36,17.57,16.92,17.15,17.19,-0.04,-0.2327,400879.4,690370.818,2.6145,1.54,,6.1325,2685038.2143
300024.SZ,2025-05-08,17.11,17.39,17.05,17.24,17.15,0.09,0.5248,292113.4,503918.595,1.9051,0.96,,6.1647,2699128.7938
300024.SZ,2025-05-09,17.17,17.21,16.81,16.98,17.24,-0.26,-1.5081,253942.64,430752.671,1.6562,0.77,,6.0717,2658422.6751
300024.SZ,2025-05-12,17.09,17.93,17.09,17.61,16.98,0.63,3.7102,578680.65,1015956.348,3.7741,1.68,,6.297,2757056.732
300024.SZ,2025-05-13,17.8,17.88,17.3,17.35,17.61,-0.26,-1.4764,384700.77,672899.325,2.509,1.0,,6.204,2716350.6133
300024.SZ,2025-05-14,17.35,17.49,17.12,17.36,17.35,0.01,0.0576,281317.4,486038.115,1.8347,0.74,,6.2076,2717916.2332
300024.SZ,2025-05-15,17.35,17.35,16.89,16.92,17.36,-0.44,-2.5346,244605.76,416196.442,1.5953,0.68,,6.0503,2649028.9554
300024.SZ,2025-05-16,16.83,17.2,16.81,16.96,16.92,0.04,0.2364,206876.61,352888.063,1.3492,0.59,,6.0646,2655291.4352
300024.SZ,2025-05-19,16.88,16.95,16.6,16.93,16.96,-0.03,-0.1769,202966.6,340703.149,1.3237,0.6,,6.0539,2650594.5754
300024.SZ,2025-05-20,16.88,17.05,16.71,16.94,16.93,0.01,0.0591,182778.22,308978.049,1.1921,0.69,,6.0574,2652160.1953
300024.SZ,2025-05-21,16.9,16.91,16.67,16.77,16.94,-0.17,-1.0035,189210.13,316793.377,1.234,0.85,,5.9966,2625544.6562
300024.SZ,2025-05-22,16.73,16.88,16.5,16.55,16.77,-0.22,-1.3119,171886.0,286581.743,1.121,0.84,,5.918,2591101.0173
300024.SZ,2025-05-23,16.57,16.73,16.26,16.27,16.55,-0.28,-1.6918,207952.0,343138.169,1.3562,1.09,,5.8178,2547263.6587
300024.SZ,2025-05-26,16.53,16.65,16.35,16.56,16.27,0.29,1.7824,185724.0,306706.009,1.2113,0.97,,5.9215,2592666.6372
300024.SZ,2025-05-27,16.47,16.47,16.23,16.28,16.56,-0.28,-1.6908,151993.99,247816.26,0.9913,0.81,,5.8214,2548829.2786
300024.SZ,2025-05-28,16.3,16.37,16.08,16.12,16.28,-0.16,-0.9828,150807.12,244325.45,0.9835,0.83,,5.7642,2523779.3594
300024.SZ,2025-05-29,16.15,16.47,16.13,16.44,16.12,0.32,1.9851,216389.07,354344.179,1.4113,1.25,,5.8786,2573879.1978
300024.SZ,2025-05-30,16.4,16.42,16.11,16.16,16.44,-0.28,-1.7032,169695.2,274446.954,1.1067,0.93,,5.7785,2530041.8392
300024.SZ,2025-06-03,16.02,16.39,15.92,16.35,16.16,0.19,1.1757,204518.05,332971.836,1.3338,1.17,,5.8465,2559788.6183
300024.SZ,2025-06-04,16.36,16.48,16.31,16.4,16.35,0.05,0.3058,155414.2,255009.973,1.0136,0.87,,5.8643,2567616.718
300024.SZ,2025-06-05,16.45,16.65,16.28,16.62,16.4,0.22,1.3415,222631.38,367652.061,1.452,1.24,,5.943,2602060.3569
300024.SZ,2025-06-06,16.68,16.68,16.41,16.49,16.62,-0.13,-0.7822,145331.36,239338.754,0.9478,0.75,,5.8965,2581707.2976
300024.SZ,2025-06-09,16.58,16.99,16.51,16.74,16.49,0.25,1.5161,265101.76,443267.642,1.729,1.48,,5.9859,2620847.7963
300024.SZ,2025-06-10,16.8,16.8,16.25,16.48,16.74,-0.26,-1.5532,220079.0,363042.096,1.4353,1.11,,5.8929,2580141.6776
300024.SZ,2025-06-11,16.45,16.68,16.42,16.53,16.48,0.05,0.3034,162613.1,269457.116,1.0605,0.81,,5.9108,2587969.7774
300024.SZ,2025-06-12,16.53,16.85,16.33,16.72,16.53,0.19,1.1494,287002.6,477833.754,1.8718,1.41,,5.9788,2617716.5564
300024.SZ,2025-06-13,16.6,16.9,16.46,16.46,16.72,-0.26,-1.555,381557.35,635787.434,2.4885,1.77,,5.8858,2577010.4377
300024.SZ,2025-06-16,16.32,16.65,16.26,16.49,16.46,0.03,0.1823,202118.17,332048.96,1.3182,0.77,,5.8965,2581707.2976
300024.SZ,2025-06-17,16.55,16.81,16.48,16.58,16.49,0.09,0.5458,210409.19,349570.996,1.3723,0.84,,5.9287,2595797.8771
300024.SZ,2025-06-18,16.51,16.61,16.35,16.59,16.58,0.01,0.0603,179532.4,295609.888,1.1709,0.72,,5.9323,2597363.4971
300024.SZ,2025-06-19,16.51,16.59,16.1,16.16,16.59,-0.43,-2.5919,215809.95,352605.861,1.4075,0.86,,5.7785,2530041.8392
300024.SZ,2025-06-20,16.16,16.29,15.76,15.79,16.16,-0.37,-2.2896,222289.71,354357.691,1.4497,0.93,,5.6462,2472113.9011
300024.SZ,2025-06-23,15.7,16.13,15.49,16.08,15.79,0.29,1.8366,160887.44,256312.143,1.0493,0.78,,5.7499,2517516.8796
300024.SZ,2025-06-24,16.13,16.75,16.13,16.75,16.08,0.67,4.1667,429403.8,712950.902,2.8005,2.17,,5.9895,2622413.4163
300024.SZ,2025-06-25,16.76,17.0,16.68,16.99,16.75,0.24,1.4328,420263.0,708653.813,2.7409,1.74,,6.0753,2659988.2951
300024.SZ,2025-06-26,16.99,17.13,16.78,16.8,16.99,-0.19,-1.1183,297997.1,504928.077,1.9435,1.03,,6.0074,2630241.516
300024.SZ,2025-06-27,16.84,17.12,16.75,16.86,16.8,0.06,0.3571,253236.42,428629.353,1.6516,0.83,,6.0288,2639635.2357
300024.SZ,2025-06-30,16.87,17.33,16.8,17.18,16.86,0.32,1.898,372080.49,636294.185,2.4267,1.19,,6.1432,2689735.0741
300024.SZ,2025-07-01,17.15,17.18,16.85,16.95,17.18,-0.23,-1.3388,212907.0,361240.323,1.3886,0.6,,6.061,2653725.8153
300024.SZ,2025-07-02,16.95,16.98,16.66,16.75,16.95,-0.2,-1.1799,192084.03,321705.263,1.2528,0.62,,5.9895,2622413.4163
300024.SZ,2025-07-03,16.75,16.87,16.66,16.78,16.75,0.03,0.1791,171314.86,287143.41,1.1173,0.64,,6.0002,2627110.2761
300024.SZ,2025-07-04,16.81,16.89,16.52,16.63,16.78,-0.15,-0.8939,212613.7,354859.621,1.3866,0.88,,5.9466,2603625.9769
300024.SZ,2025-07-07,16.58,16.58,16.38,16.41,16.63,-0.22,-1.3229,149898.6,246252.36,0.9776,0.65,,5.8679,2569182.338
300024.SZ,2025-07-08,16.49,16.77,16.45,16.74,16.41,0.33,2.011,214584.96,357568.616,1.3995,1.14,,5.9859,2620847.7963
300024.SZ,2025-07-09,16.8,17.06,16.65,16.71,16.74,-0.03,-0.1792,251143.98,423555.524,1.6379,1.34,,5.9752,2616150.9365
300024.SZ,2025-07-10,16.6,16.8,16.56,16.73,16.71,0.02,0.1197,168456.8,280883.8,1.0987,0.84,,5.9823,2619282.1764
300024.SZ,2025-07-11,16.72,17.16,16.62,17.01,16.73,0.28,1.6736,350157.6,593657.599,2.2837,1.76,,6.0825,2663119.535
300024.SZ,2025-07-14,17.01,17.2,17.0,17.1,17.01,0.09,0.5291,291595.19,498511.098,1.9018,1.29,,6.1146,2677210.1145
300024.SZ,2025-07-15,17.1,17.2,16.8,17.02,17.1,-0.08,-0.4678,266458.17,452666.377,1.7378,1.04,,6.086,2664685.1549
300024.SZ,2025-07-16,17.02,17.19,16.88,17.05,17.02,0.03,0.1763,250999.32,428442.464,1.637,0.95,,6.0968,2669382.0148
300024.SZ,2025-07-17,17.05,17.26,16.94,17.22,17.05,0.17,0.9971,339133.57,582182.246,2.2118,1.28,,6.1576,2695997.5539
300024.SZ,2025-07-18,17.29,17.32,17.1,17.2,17.22,-0.02,-0.1161,238815.6,410312.588,1.5575,0.8,,6.1504,2692866.314
300024.SZ,2025-07-21,17.32,17.77,17.27,17.41,17.2,0.21,1.2209,468146.9,816744.932,3.0532,1.69,,6.2255,2725744.333
300024.SZ,2025-07-22,17.37,17.45,17.16,17.25,17.41,-0.16,-0.919,299782.2,517889.564,1.9551,0.96,,6.1683,2700694.4138
300024.SZ,2025-07-23,17.2,17.29,17.05,17.06,17.25,-0.19,-1.1014,262926.6,451215.021,1.7148,0.82,,6.1003,2670947.6347
300024.SZ,2025-07-24,17.18,17.4,17.18,17.37,17.06,0.31,1.8171,345011.75,597497.962,2.2501,1.07,,6.2112,2719481.8532
300024.SZ,2025-07-25,17.38,17.68,17.3,17.61,17.37,0.24,1.3817,445546.23,779977.859,2.9058,1.38,,6.297,2757056.732
300024.SZ,2025-07-28,17.77,17.79,17.36,17.45,17.61,-0.16,-0.9086,324369.16,567756.995,2.1155,0.89,,6.2398,2732006.8128
300024.SZ,2025-07-29,17.46,17.48,17.2,17.41,17.45,-0.04,-0.2292,252686.02,436941.923,1.648,0.75,,6.2255,2725744.333
300024.SZ,2025-07-30,17.37,17.38,16.94,17.09,17.41,-0.32,-1.838,296066.77,507959.564,1.9309,0.91,,6.1111,2675644.4946
300024.SZ,2025-07-31,17.08,17.37,16.85,16.89,17.09,-0.2,-1.1703,312802.88,535036.545,2.0401,0.94,,6.0395,2644332.0956
300024.SZ,2025-08-01,16.91,17.15,16.85,17.03,16.89,0.14,0.8289,225838.88,383695.161,1.4729,0.69,,6.0896,2666250.7749
300024.SZ,2025-08-04,17.0,17.45,16.93,17.43,17.03,0.4,2.3488,358276.5,618617.734,2.3366,1.27,,6.2326,2728875.5729
300024.SZ,2025-08-05,17.51,17.59,17.37,17.52,17.43,0.09,0.5164,362603.52,633212.995,2.3649,1.25,,6.2648,2742966.1524
300024.SZ,2025-08-06,17.85,20.7,17.82,20.09,17.52,2.57,14.6689,2284459.31,4459124.039,14.899,7.34,,7.1838,3145330.4796
300024.SZ,2025-08-07,19.63,19.79,18.9,19.33,20.09,-0.76,-3.783,1558557.41,2994260.401,10.1647,2.2,,6.912,3026343.3634
300024.SZ,2025-08-08,19.13,19.26,18.84,18.89,19.33,-0.44,-2.2763,755636.51,1434877.057,4.9282,0.79,,6.7547,2957456.0856
300024.SZ,2025-08-11,19.08,19.35,18.98,19.17,18.89,0.28,1.4823,771834.92,1473723.778,5.0338,0.73,,6.8548,3001293.4442
300024.SZ,2025-08-12,19.17,19.18,18.6,18.86,19.17,-0.31,-1.6171,646911.67,1216712.45,4.2191,0.56,,6.744,2952759.2257
300024.SZ,2025-08-13,18.86,18.99,18.69,18.91,18.86,0.05,0.2651,604711.07,1139718.175,3.9439,0.5,,6.7619,2960587.3255
300024.SZ,2025-08-14,18.95,22.0,18.6,20.32,18.91,1.41,7.4564,2069407.96,4126378.999,13.4965,2.39,,7.2661,3181339.7384
300024.SZ,2025-08-15,20.0,20.78,19.81,20.41,20.32,0.09,0.4429,1407297.56,2873542.322,9.1782,1.45,,7.2982,3195430.318
300024.SZ,2025-08-18,20.5,20.9,20.23,20.6,20.41,0.19,0.9309,1258524.44,2582054.81,8.208,1.14,,7.3662,3225177.097
300024.SZ,2025-08-19,20.51,21.56,20.01,20.9,20.6,0.3,1.4563,1488566.13,3094964.739,9.7083,1.24,,7.4735,3272145.6955
300024.SZ,2025-08-20,20.62,20.86,20.11,20.56,20.9,-0.34,-1.6268,841385.22,1723388.678,5.4874,0.62,,7.3519,3218914.6172
300024.SZ,2025-08-21,20.28,20.61,20.04,20.2,20.56,-0.36,-1.751,597262.91,1212311.92,3.8953,0.42,,7.2231,3162552.299
300024.SZ,2025-08-22,20.2,20.8,20.11,20.6,20.2,0.4,1.9802,830852.52,1705665.174,5.4187,0.74,,7.3662,3225177.097
300024.SZ,2025-08-25,20.91,21.18,20.43,20.85,20.6,0.25,1.2136,1017717.42,2119798.544,6.6374,1.01,,7.4556,3264317.5958
300024.SZ,2025-08-26,20.58,20.59,20.23,20.3,20.85,-0.55,-2.6379,744853.44,1520363.787,4.8369,0.78,,7.2765,3178208.4985
300024.SZ,2025-08-27,20.4,21.0,19.62,19.65,20.3,-0.65,-3.202,1052305.89,2145175.217,6.8335,1.3,,7.0435,3076443.2018
300024.SZ,2025-08-28,19.65,20.17,19.11,20.17,19.65,0.52,2.6463,888822.45,1750100.473,5.7718,1.05,,7.2299,3157855.4392
300024.SZ,2025-08-29,20.02,20.48,19.76,20.1,20.17,-0.07,-0.3471,627607.98,1256897.257,4.0756,0.69,,7.2048,3146896.0995
300024.SZ,2025-09-01,20.0,20.35,19.82,19.99,20.1,-0.11,-0.5473,454306.87,908857.339,2.9502,0.52,,7.1654,3129674.2801
300024.SZ,2025-09-02,19.98,20.49,19.18,20.23,19.99,0.24,1.2006,1093629.38,2177668.86,7.1018,1.45,,7.2514,3167249.1589
300024.SZ,2025-09-03,20.3,20.47,19.2,19.28,20.23,-0.95,-4.696,720007.13,1423096.642,4.6756,0.87,,6.9109,3018515.2636
300024.SZ,2025-09-04,19.24,19.41,18.01,18.35,19.28,-0.93,-4.8237,752090.59,1404623.42,4.8839,0.99,,6.5775,2872912.6083
300024.SZ,2025-09-05,18.35,19.1,18.17,19.04,18.35,0.69,3.7602,542588.03,1014877.749,3.5235,0.74,,6.8249,2980940.3848
300024.SZ,2025-09-08,19.03,20.8,18.96,20.29,19.04,1.25,6.5651,1263496.44,2541065.178,8.2049,1.77,,7.2729,3176642.8786
300024.SZ,2025-09-09,19.98,20.11,19.64,19.71,20.29,-0.58,-2.8586,657103.18,1303833.125,4.2671,0.75,,7.065,3085836.9215
300024.SZ,2025-09-10,19.72,20.02,19.54,19.66,19.71,-0.05,-0.2537,431630.13,852281.334,2.8029,0.55,,7.0471,3078008.8217
300024.SZ,2025-09-11,19.65,20.2,19.34,20.19,19.66,0.53,2.6958,669571.17,1332009.013,4.3481,0.92,,7.2371,3160986.6791
300024.SZ,2025-09-12,20.19,20.57,20.02,20.05,20.19,-0.14,-0.6934,651535.68,1319617.443,4.231,0.91,,7.1869,3139067.9998
300024.SZ,2025-09-15,20.0,20.29,19.86,19.89,20.05,-0.16,-0.798,457540.07,916882.128,2.9712,0.62,,7.1295,3114018.0806
300024.SZ,2025-09-16,19.82,20.74,19.81,20.68,19.89,0.79,3.9718,1046869.23,2134443.488,6.7982,1.83,,7.4127,3237702.0566
300024.SZ,2025-09-17,20.62,21.34,20.46,20.98,20.68,0.3,1.4507,1186680.97,2484674.514,7.7061,1.82,,7.5202,3284670.6551
300024.SZ,2025-09-18,21.0,21.45,20.08,20.44,20.98,-0.54,-2.5739,1253116.62,2615702.742,8.1375,1.56,,7.3267,3200127.1778
300024.SZ,2025-09-19,20.28,20.53,19.76,19.83,20.44,-0.61,-2.9843,716061.64,1437530.576,4.65,0.78,,7.108,3104624.3609
300024.SZ,2025-09-22,19.8,19.99,19.68,19.96,19.83,0.13,0.6556,409848.66,812520.551,2.6615,0.44,,7.1546,3124977.4202
300024.SZ,2025-09-23,19.77,19.9,18.96,19.5,19.96,-0.46,-2.3046,587014.12,1135692.881,3.812,0.64,,6.9897,3052958.9025
300024.SZ,2025-09-24,19.34,20.37,19.22,20.29,19.5,0.79,4.0513,742718.75,1487452.351,4.8231,0.89,,7.2729,3176642.8786
300024.SZ,2025-09-25,20.24,20.48,20.0,20.02,20.29,-0.27,-1.3307,467137.41,943568.991,3.0335,0.63,,7.1761,3134371.1399
300024.SZ,2025-09-26,19.86,19.91,19.31,19.32,20.02,-0.7,-3.4965,429077.33,839849.874,2.7863,0.73,,6.9252,3024777.7434
300024.SZ,2025-09-29,19.4,19.6,19.07,19.53,19.32,0.21,1.087,426204.2,824757.876,2.7677,0.81,,7.0005,3057655.7624
300024.SZ,2025-09-30,19.5,20.0,19.5,19.5,19.53,-0.03,-0.1536,373144.86,733392.176,2.4231,0.7,,6.9897,3052958.9025
300024.SZ,2025-10-09,19.53,20.86,19.38,20.5,19.5,1.0,5.1282,876618.69,1776473.37,5.6926,1.8,,7.3482,3209520.8975
300024.SZ,2025-10-10,20.38,20.51,19.62,19.74,20.5,-0.76,-3.7073,596805.51,1191599.59,3.8755,1.16,,7.0758,3090533.7813
300024.SZ,2025-10-13,19.19,19.8,18.54,19.72,19.74,-0.02,-0.1013,610409.98,1180726.107,3.9639,1.13,,7.0686,3087402.5414
300024.SZ,2025-10-14,19.8,19.96,18.57,18.68,19.72,-1.04,-5.2738,726381.06,1392154.068,4.717,1.26,,6.6958,2924578.0666
300024.SZ,2025-10-15,18.73,19.09,18.46,19.01,18.68,0.33,1.7666,473114.89,887248.845,3.0723,0.74,,6.8141,2976243.525
300024.SZ,2025-10-16,18.75,18.76,18.37,18.44,19.01,-0.57,-2.9984,398425.54,738940.254,2.5873,0.61,,6.6098,2887003.1878
300024.SZ,2025-10-17,18.4,18.5,17.72,17.78,18.44,-0.66,-3.5792,383399.91,692224.147,2.4897,0.68,,6.3732,2783672.2711
300024.SZ,2025-10-20,18.0,18.24,17.92,18.07,17.78,0.29,1.631,255067.46,461262.498,1.6564,0.49,,6.4772,2829075.2497
300024.SZ,2025-10-21,18.17,18.25,17.96,18.2,18.07,0.13,0.7194,236986.33,430502.409,1.5389,0.53,,6.5238,2849428.309
300024.SZ,2025-10-22,18.14,18.47,17.96,18.23,18.2,0.03,0.1648,261657.09,477555.262,1.6992,0.75,,6.5345,2854125.1689
300024.SZ,2025-10-23,18.18,18.27,17.85,18.27,18.23,0.04,0.2194,235491.89,424143.782,1.5292,0.77,,6.5488,2860387.6487
300024.SZ,2025-10-24,18.37,18.78,18.33,18.67,18.27,0.4,2.1894,387132.79,719241.257,2.514,1.41,,6.6922,2923012.4467
300024.SZ,2025-10-27,18.56,18.75,18.33,18.59,18.67,-0.08,-0.4285,359030.21,665576.583,2.3315,1.3,,6.7753,2910487.4871
300024.SZ,2025-10-28,18.5,18.57,18.32,18.39,18.59,-0.2,-1.0758,246710.82,455165.643,1.6021,0.83,,6.7024,2879175.0881
300024.SZ,2025-10-29,18.5,18.6,18.35,18.6,18.39,0.21,1.1419,259004.41,478438.053,1.6819,0.87,,6.7789,2912053.107
300024.SZ,2025-10-30,18.57,18.68,18.28,18.28,18.6,-0.32,-1.7204,257859.61,475239.919,1.6745,0.87,,6.6623,2861953.2686
300024.SZ,2025-10-31,18.27,18.65,18.21,18.44,18.28,0.16,0.8753,321307.02,595176.649,2.0865,1.06,,6.7206,2887003.1878
300024.SZ,2025-11-03,18.55,18.7,18.33,18.69,18.44,0.25,1.3557,294089.56,545098.317,1.9098,1.02,,6.8117,2926143.6866
300024.SZ,2025-11-04,18.6,18.6,18.12,18.23,18.69,-0.46,-2.4612,289985.51,530879.697,1.8831,1.05,,6.6441,2854125.1689
300024.SZ,2025-11-05,18.0,18.27,17.98,18.14,18.23,-0.09,-0.4937,201270.77,364571.735,1.307,0.71,,6.6113,2840034.5893
300024.SZ,2025-11-06,18.26,18.55,18.17,18.39,18.14,0.25,1.3782,261628.37,480385.671,1.699,0.96,,6.7024,2879175.0881
300024.SZ,2025-11-07,18.38,18.38,18.1,18.1,18.39,-0.29,-1.5769,211212.89,383497.464,1.3716,0.77,,6.5967,2833772.1095
300024.SZ,2025-11-10,18.11,18.43,18.11,18.32,18.1,0.22,1.2155,211794.01,387109.906,1.3754,0.84,,6.6769,2868215.7484
300024.SZ,2025-11-11,18.43,18.54,18.06,18.14,18.32,-0.18,-0.9825,238221.86,435655.109,1.547,1.01,,6.6113,2840034.5893
300024.SZ,2025-11-12,18.18,18.22,17.64,17.8,18.14,-0.34,-1.8743,258034.54,460930.253,1.6756,1.15,,6.4873,2786803.511
300024.SZ,2025-11-13,17.85,17.93,17.74,17.91,17.8,0.11,0.618,182628.3,326057.018,1.186,0.77,,6.5274,2804025.3305
300024.SZ,2025-11-14,17.79,17.83,17.51,17.53,17.91,-0.38,-2.1217,216236.22,382558.508,1.4042,0.98,,6.3889,2744531.7724
300024.SZ,2025-11-17,17.5,17.87,17.35,17.75,17.53,0.22,1.255,205766.76,363772.257,1.3362,0.93,,6.4691,2778975.4113
300024.SZ,2025-11-18,17.68,17.72,17.5,17.56,17.75,-0.19,-1.0704,155383.2,272886.65,1.009,0.71,,6.3999,2749228.6322
300024.SZ,2025-11-19,17.58,17.65,17.22,17.3,17.56,-0.26,-1.4806,188839.51,327675.633,1.2263,0.93,,6.3051,2708522.5135
300024.SZ,2025-11-20,17.39,17.45,17.1,17.1,17.3,-0.2,-1.1561,161469.4,278007.413,1.0486,0.85,,6.2322,2677210.1145
300024.SZ,2025-11-21,17.18,17.27,16.42,16.86,17.1,-0.24,-1.4035,375744.98,632987.918,2.44,2.03,,6.1448,2639635.2357
300024.SZ,2025-11-24,16.88,17.18,16.74,17.07,16.86,0.21,1.2456,201617.97,341852.839,1.3093,0.93,,6.2213,2672513.2547
300024.SZ,2025-11-25,17.17,17.3,17.08,17.14,17.07,0.07,0.4101,201028.35,345837.87,1.3054,0.93,,6.2468,2683472.5943
300024.SZ,2025-11-26,17.08,17.23,17.02,17.06,17.14,-0.08,-0.4667,151687.94,259858.037,0.985,0.67,,6.2176,2670947.6347
300024.SZ,2025-11-27,17.08,17.21,16.96,16.97,17.06,-0.09,-0.5275,146452.31,250395.749,0.951,0.67,,6.1848,2656857.0552
300024.SZ,2025-11-28,16.98,17.12,16.85,17.09,16.97,0.12,0.7071,126912.85,215977.575,0.8241,0.59,,6.2286,2675644.4946
300024.SZ,2025-12-01,17.01,17.34,17.01,17.3,17.09,0.21,1.2288,185228.37,319097.05,1.2028,1.12,,6.3051,2708522.5135
300024.SZ,2025-12-02,17.29,17.3,16.96,16.97,17.3,-0.33,-1.9075,162403.46,276810.451,1.0546,1.0,,6.1848,2656857.0552
300024.SZ,2025-12-03,17.05,17.09,16.68,16.72,16.97,-0.25,-1.4732,147996.26,248425.526,0.9611,0.96,,6.0937,2617716.5564
300024.SZ,2025-12-04,17.26,17.85,17.1,17.57,16.72,0.85,5.0837,633089.57,1107199.122,4.1112,4.12,,6.4035,2750794.2522
300024.SZ,2025-12-05,17.38,17.6,17.14,17.54,17.57,-0.03,-0.1707,357030.38,620127.407,2.3185,1.42,,6.3926,2746097.3923
300024.SZ,2025-12-08,17.55,18.36,17.45,18.04,17.54,0.5,2.8506,525181.38,937787.658,3.4104,1.77,,6.5748,2824378.3898
300024.SZ,2025-12-09,18.0,18.0,17.56,17.61,18.04,-0.43,-2.3836,318012.82,563269.58,2.0651,0.87,,6.4181,2757056.732
300024.SZ,2025-12-10,17.52,17.96,17.32,17.71,17.61,0.1,0.5679,259562.76,458416.86,1.6856,0.66,,6.4545,2772712.9315
300024.SZ,2025-12-11,17.68,17.69,17.24,17.24,17.71,-0.47,-2.6539,241220.37,420560.92,1.5664,0.58,,6.2832,2699128.7938
300024.SZ,2025-12-12,17.24,17.45,17.1,17.36,17.24,0.12,0.6961,221019.54,382930.006,1.4353,0.65,,6.327,2717916.2332
300024.SZ,2025-12-15,17.28,17.28,16.96,16.98,17.36,-0.38,-2.1889,182329.33,312191.763,1.184,0.58,,6.1885,2658422.6751
300024.SZ,2025-12-16,16.97,16.98,16.69,16.84,16.98,-0.14,-0.8245,185698.01,311778.151,1.2059,0.76,,6.1375,2636503.9958
300024.SZ,2025-12-17,16.79,17.13,16.6,17.0,16.84,0.16,0.9501,195135.97,328803.263,1.2672,0.9,,6.1958,2661553.915
300024.SZ,2025-12-18,16.9,17.11,16.8,16.8,17.0,-0.2,-1.1765,134471.54,228116.01,0.8732,0.66,,6.1229,2630241.516
300024.SZ,2025-12-19,16.8,17.08,16.8,17.05,16.8,0.25,1.4881,156000.04,265400.745,1.013,0.85,,6.214,2669382.0148
300024.SZ,2025-12-22,17.2,17.57,17.2,17.39,17.05,0.34,1.9941,254382.5,442962.933,1.6519,1.49,,6.3379,2722613.0931
300024.SZ,2025-12-23,17.36,17.36,17.11,17.17,17.39,-0.22,-1.2651,163774.82,282255.256,1.0635,0.88,,6.2577,2688169.4542
300024.SZ,2025-12-24,17.15,17.35,17.12,17.25,17.17,0.08,0.4659,149224.9,257786.51,0.969,0.83,,6.2869,2700694.4138
300024.SZ,2025-12-25,17.35,17.96,17.29,17.85,17.25,0.6,3.4783,484128.52,857139.301,3.1438,2.82,,6.5056,2794631.6108
300024.SZ,2025-12-26,17.85,17.9,17.5,17.67,17.85,-0.18,-1.0084,338627.62,599168.973,2.199,1.4,,6.44,2766450.4517
300024.SZ,2025-12-29,17.63,17.88,17.63,17.77,17.67,0.1,0.5659,300126.37,532971.038,1.949,1.08,,6.4764,2782106.6512
300024.SZ,2025-12-30,17.61,18.63,17.57,18.36,17.77,0.59,3.3202,762427.78,1389541.436,4.9511,2.65,,6.6914,2874478.2282
300024.SZ,2025-12-31,18.5,18.65,18.15,18.19,18.36,-0.17,-0.9259,441392.77,806050.436,2.8663,1.08,,6.6295,2847862.6891
300024.SZ,2026-01-05,18.12,18.85,18.02,18.61,18.19,0.42,2.309,577621.33,1065660.173,3.751,1.24,,6.7826,2913618.727
300024.SZ,2026-01-06,18.61,18.74,18.37,18.56,18.61,-0.05,-0.2687,455264.03,843081.641,2.9564,0.94,,6.7643,2905790.6272
300024.SZ,2026-01-07,18.5,18.66,18.12,18.23,18.56,-0.33,-1.778,425153.78,781149.031,2.7609,0.84,,6.6441,2854125.1689
300024.SZ,2026-01-08,18.29,18.56,18.2,18.35,18.23,0.12,0.6583,389649.76,715278.81,2.5303,0.73,,6.6878,2872912.6083
300024.SZ,2026-01-09,18.25,18.75,18.16,18.6,18.35,0.25,1.3624,516977.45,959016.567,3.3572,1.13,,6.7789,2912053.107
300024.SZ,2026-01-12,18.74,19.35,18.71,19.29,18.6,0.69,3.7097,764078.44,1460532.209,4.9618,1.62,,7.0304,3020080.8836
300024.SZ,2026-01-13,19.3,19.3,18.54,18.6,19.29,-0.69,-3.577,629062.19,1188862.297,4.085,1.23,,6.7789,2912053.107
300024.SZ,2026-01-14,18.7,19.19,18.33,18.61,18.6,0.01,0.0538,662275.99,1248378.498,4.3007,1.22,,6.7826,2913618.727
300024.SZ,2026-01-15,18.29,18.49,17.95,18.14,18.61,-0.47,-2.5255,485443.41,880798.757,3.1524,0.82,,6.6113,2840034.5893
300024.SZ,2026-01-16,18.22,18.65,18.06,18.51,18.14,0.37,2.0397,575399.4,1058627.549,3.7365,0.94,,6.7461,2897962.5275
300024.SZ,2026-01-19,18.68,18.81,18.4,18.44,18.51,-0.07,-0.3782,373465.02,693277.929,2.4252,0.6,,6.7206,2887003.1878
300024.SZ,2026-01-20,18.4,18.66,18.02,18.19,18.44,-0.25,-1.3557,388458.91,710640.705,2.5226,0.71,,6.6295,2847862.6891
300024.SZ,2026-01-21,18.05,18.5,18.0,18.32,18.19,0.13,0.7147,312228.7,572246.705,2.0276,0.63,,6.6769,2868215.7484
300024.SZ,2026-01-22,18.35,18.59,18.12,18.19,18.32,-0.13,-0.7096,304603.39,557451.536,1.978,0.71,,6.6295,2847862.6891
300024.SZ,2026-01-23,18.27,18.61,18.25,18.59,18.19,0.4,2.199,454276.66,839743.815,2.95,1.16,,6.7753,2910487.4871
300024.SZ,2026-01-26,18.71,20.08,18.71,19.16,18.59,0.57,3.0662,1154267.81,2228288.644,7.4956,3.15,,6.983,2999727.8242
300024.SZ,2026-01-27,18.98,18.99,18.16,18.74,19.16,-0.42,-2.1921,620130.85,1149687.272,4.027,1.19,,6.8299,2933971.7863
300024.SZ,2026-01-28,18.55,18.58,18.02,18.08,18.74,-0.66,-3.5219,538453.4,978423.61,3.4966,0.95,,6.5894,2830640.8696
300024.SZ,2026-01-29,18.0,18.13,17.57,17.7,18.08,-0.38,-2.1018,397530.26,709216.093,2.5815,0.65,,6.4509,2771147.3115
300024.SZ,2026-01-30,17.61,17.77,17.11,17.38,17.7,-0.32,-1.8079,354688.82,616651.455,2.3033,0.56,,6.3343,2721047.4731
300024.SZ,2026-02-02,17.25,17.52,16.91,16.92,17.38,-0.46,-2.6467,350566.15,602912.978,2.2765,0.57,,6.1666,2649028.9554
300024.SZ,2026-02-03,17.14,17.39,17.06,17.39,16.92,0.47,2.7778,248748.85,428645.002,1.6153,0.55,,6.3379,2722613.0931
300024.SZ,2026-02-04,17.4,17.46,17.16,17.3,17.39,-0.09,-0.5175,225037.01,388819.361,1.4613,0.6,,6.3051,2708522.5135
300024.SZ,2026-02-05,17.25,17.3,17.06,17.11,17.3,-0.19,-1.0983,181461.28,311058.204,1.1784,0.58,,6.2359,2678775.7345
300024.SZ,2026-02-06,17.06,17.38,16.86,17.21,17.11,0.1,0.5845,221858.48,381404.607,1.4407,0.82,,6.2723,2694431.934
300024.SZ,2026-02-09,17.35,17.61,17.3,17.59,17.21,0.38,2.208,266378.24,465610.144,1.7298,1.08,,6.4108,2753925.4921
300024.SZ,2026-02-10,17.61,17.8,17.52,17.66,17.59,0.07,0.398,243282.48,429255.11,1.5798,1.06,,6.4363,2764884.8317
300024.SZ,2026-02-11,17.56,17.69,17.5,17.56,17.66,-0.1,-0.5663,167530.19,295143.374,1.0879,0.74,,6.3999,2749228.6322
300024.SZ,2026-02-12,17.57,17.65,17.45,17.6,17.56,0.04,0.2278,158223.88,278321.506,1.0275,0.73,,6.4145,2755491.112
300024.SZ,2026-02-13,17.51,17.85,17.5,17.79,17.6,0.19,1.0795,301647.0,535609.764,1.9588,1.43,,6.4837,2785237.8911
300024.SZ,2026-02-24,18.35,18.5,17.85,17.92,17.79,0.13,0.7307,495582.08,897620.675,3.2182,2.18,,6.5311,2805590.9504
300024.SZ,2026-02-25,17.8,17.97,17.73,17.86,17.92,-0.06,-0.3348,260814.9,465827.329,1.6937,0.95,,6.5092,2796197.2307
300024.SZ,2026-02-26,17.87,17.89,17.55,17.56,17.86,-0.3,-1.6797,268668.35,473772.466,1.7447,0.97,,6.3999,2749228.6322
300024.SZ,2026-02-27,17.46,17.5,17.36,17.5,17.56,-0.06,-0.3417,227453.52,396215.514,1.477,0.77,,6.378,2739834.9125
300024.SZ,2026-03-02,17.08,17.26,16.9,16.99,17.5,-0.51,-2.9143,317385.44,540635.303,2.061,1.02,,6.1921,2659988.2951
300024.SZ,2026-03-03,16.99,17.09,16.11,16.13,16.99,-0.86,-5.0618,399927.47,661276.073,2.5971,1.27,,5.8787,2525344.9794
300024.SZ,2026-03-04,16.12,16.47,16.07,16.25,16.13,0.12,0.744,257791.68,419545.041,1.6741,0.87,,5.9224,2544132.4188
300024.SZ,2026-03-05,16.5,16.58,16.26,16.35,16.25,0.1,0.6154,201563.53,330474.218,1.3089,0.69,,5.9589,2559788.6183
300024.SZ,2026-03-06,16.28,16.49,16.21,16.45,16.35,0.1,0.6116,160738.64,263395.795,1.0438,0.57,,5.9953,2575444.8178
300024.SZ,2026-03-09,16.25,16.48,15.88,16.39,16.45,-0.06,-0.3647,261235.8,421013.59,1.6964,0.98,,5.9735,2566051.0981
300024.SZ,2026-03-10,16.55,16.67,16.44,16.6,16.39,0.21,1.2813,210082.31,347818.115,1.3642,0.82,,6.05,2598929.117
300024.SZ,2026-03-11,16.62,16.68,16.43,16.5,16.6,-0.1,-0.6024,173568.59,287263.619,1.1271,0.8,,6.0135,2583272.9175
300024.SZ,2026-03-12,16.39,16.52,16.25,16.29,16.5,-0.21,-1.2727,136305.85,223028.23,0.8851,0.68,,5.937,2550394.8986
300024.SZ,2026-03-13,16.3,16.48,16.06,16.48,16.29,0.19,1.1664,185614.8,301550.427,1.2053,0.99,,6.0063,2580141.6776
300024.SZ,2026-03-16,16.4,16.68,16.17,16.68,16.48,0.2,1.2136,212129.33,349481.645,1.3775,1.1,,6.0792,2611454.0766
300024.SZ,2026-03-17,16.68,16.78,16.52,16.6,16.68,-0.08,-0.4796,199118.38,331276.803,1.293,1.08,,6.05,2598929.117
300024.SZ,2026-03-18,16.5,16.63,16.34,16.5,16.6,-0.1,-0.6024,137752.83,226774.206,0.8945,0.76,,6.0135,2583272.9175
300024.SZ,2026-03-19,16.35,16.35,16.05,16.13,16.5,-0.37,-2.2424,142278.37,230025.399,0.9239,0.82,,5.8787,2525344.9794
300024.SZ,2026-03-20,16.13,16.22,15.5,15.5,16.13,-0.63,-3.9058,211708.62,334337.12,1.3748,1.21,,5.6491,2426710.9225
300024.SZ,2026-03-23,15.5,15.58,14.66,14.71,15.5,-0.79,-5.0968,286741.68,433677.824,1.862,1.59,,5.3612,2303026.9465
300024.SZ,2026-03-24,15.0,15.05,14.63,15.02,14.71,0.31,2.1074,171869.63,255197.493,1.1161,0.88,,5.4742,2351561.1649
300024.SZ,2026-03-25,15.03,15.22,15.02,15.07,15.02,0.05,0.3329,157242.31,237587.812,1.0211,0.83,,5.4924,2359389.2647
300024.SZ,2026-03-26,15.12,15.27,14.81,14.88,15.07,-0.19,-1.2608,132926.13,199855.584,0.8632,0.69,,5.4231,2329642.4856
300024.SZ,2026-03-27,14.66,15.05,14.6,14.98,14.88,0.1,0.672,111430.6,166066.326,0.7236,0.58,,5.4596,2345298.6851
300024.SZ,2026-03-30,14.75,14.86,14.52,14.79,14.98,-0.19,-1.2684,135202.81,198813.582,0.878,0.79,,5.3903,2315551.9061
300024.SZ,2026-03-31,14.79,14.99,14.68,14.71,14.79,-0.08,-0.5409,121978.95,181130.894,0.7921,0.86,,5.3612,2303026.9465
300024.SZ,2026-04-01,14.96,15.04,14.8,14.95,14.71,0.24,1.6315,141769.71,211669.312,0.9206,1.08,,5.4486,2340601.8253
300024.SZ,2026-04-02,14.92,14.92,14.48,14.58,14.95,-0.37,-2.4749,135658.51,198798.696,0.8809,1.05,,5.3138,2282673.8871
300024.SZ,2026-04-03,14.61,14.66,14.18,14.2,14.58,-0.38,-2.6063,131732.01,188754.981,0.8554,1.02,,5.1753,2223180.329
300024.SZ,2026-04-07,14.2,14.35,14.13,14.23,14.2,0.03,0.2113,93473.0,133315.915,0.607,0.7,,5.1862,2227877.1889
300024.SZ,2026-04-08,14.55,15.07,14.55,15.06,14.23,0.83,5.8327,265149.11,393543.068,1.7218,2.12,,5.4887,2357823.6447
300024.SZ,2026-04-09,14.99,14.99,14.63,14.66,15.06,-0.4,-2.656,161119.69,237612.411,1.0463,1.05,,5.3429,2295198.8467
300024.SZ,2026-04-10,14.81,15.16,14.81,14.92,14.66,0.26,1.7735,189174.86,283887.174,1.2285,1.2,,5.4377,2335904.9654
300024.SZ,2026-04-13,14.91,15.04,14.83,14.9,14.92,-0.02,-0.134,122859.28,183360.157,0.7978,0.73,,5.4304,2332773.7255
300024.SZ,2026-04-14,15.04,15.08,14.86,15.02,14.9,0.12,0.8054,143856.6,215314.488,0.9342,0.86,,5.4742,2351561.1649
300024.SZ,2026-04-15,15.1,15.19,14.8,14.85,15.02,-0.17,-1.1318,147136.81,220480.261,0.9555,0.83,,5.4122,2324945.6258
300024.SZ,2026-04-16,14.9,15.05,14.88,15.01,14.85,0.16,1.0774,154323.15,231206.833,1.0021,1.01,,5.4705,2349995.545
300024.SZ,2026-04-17,14.99,15.14,14.85,15.03,15.01,0.02,0.1332,183722.19,275226.487,1.1931,1.21,,5.4778,2353126.7849
300024.SZ,2026-04-20,15.07,15.26,15.05,15.16,15.03,0.13,0.8649,192903.1,292174.198,1.2527,1.28,,5.5252,2373479.8442
300024.SZ,2026-04-21,15.15,15.15,14.87,14.97,15.16,-0.19,-1.2533,159668.95,238744.794,1.0369,0.97,,5.4559,2343733.0652
300024.SZ,2026-04-22,14.9,15.0,14.83,14.97,14.97,0.0,0.0,151108.25,225506.133,0.9813,0.9,,5.4559,2343733.0652
300024.SZ,2026-04-23,14.96,15.1,14.75,14.78,14.97,-0.19,-1.2692,216976.18,323332.339,1.409,1.29,,5.3867,2313986.2861
300024.SZ,2026-04-24,14.52,14.66,14.14,14.36,14.78,-0.42,-2.8417,284383.66,407064.87,1.8169,1.57,,5.5565,2248230.2482
300024.SZ,2026-04-27,14.3,14.93,14.25,14.8,14.36,0.44,3.0641,254983.22,374480.238,1.6291,1.27,,5.7267,2317117.526
300024.SZ,2026-04-28,14.72,14.79,14.27,14.36,14.8,-0.44,-2.973,203339.4,293911.525,1.2991,0.95,,5.5565,2248230.2482
300024.SZ,2026-04-29,14.23,14.72,14.23,14.65,14.36,0.29,2.0195,186933.52,272485.475,1.1943,0.84,,5.6687,2293633.2268
300024.SZ,2026-04-30,14.62,15.03,14.6,14.98,14.65,0.33,2.2526,251932.68,376094.995,1.6096,1.1,,5.7964,2345298.6851
300024.SZ,2026-05-06,15.1,15.37,15.1,15.19,14.98,0.21,1.4019,278711.94,424855.528,1.7807,1.18,,5.8776,2378176.7041
300024.SZ,2026-05-07,15.19,15.53,15.15,15.42,15.19,0.23,1.5142,279534.65,430337.192,1.7859,1.19,,5.9666,2414185.9629
300024.SZ,2026-05-08,15.3,16.05,15.24,15.75,15.42,0.33,2.1401,498421.45,784012.527,3.1844,2.08,,6.0943,2465851.4213
300024.SZ,2026-05-11,15.75,15.8,15.48,15.55,15.75,-0.2,-1.2698,342143.09,532156.895,2.186,1.14,,6.0169,2434539.0223
300024.SZ,2026-05-12,15.52,15.63,15.28,15.35,15.55,-0.2,-1.2862,262569.47,404102.93,1.6776,0.8,,5.9395,2403226.6233
300024.SZ,2026-05-13,15.28,15.44,15.15,15.4,15.35,0.05,0.3257,255352.42,391024.041,1.6314,0.77,,5.9589,2411054.723
300024.SZ,2026-05-14,15.45,15.48,14.93,14.94,15.4,-0.46,-2.987,288783.3,435946.396,1.845,0.88,,5.7809,2339036.2053
300024.SZ,2026-05-15,14.92,16.64,14.91,16.09,14.94,1.15,7.6975,1133654.2,1821231.745,7.2429,3.44,,6.2259,2519082.4996
300024.SZ,2026-05-18,16.0,16.38,15.75,16.19,16.09,0.1,0.6215,691159.55,1114888.885,4.4158,1.51,,6.2646,2534738.6991
300024.SZ,2026-05-19,16.1,16.86,16.02,16.68,16.19,0.49,3.0266,756274.66,1251732.443,4.8318,1.44,,6.4542,2611454.0766
300024.SZ,2026-05-20,16.46,16.46,15.91,16.02,16.68,-0.66,-3.9568,531351.76,854425.372,3.3948,0.85,,6.1988,2508123.1599
300024.SZ,2026-05-21,16.02,16.76,16.0,16.4,16.02,0.38,2.372,838578.0,1379057.512,5.3577,1.23,,6.3458,2567616.718
300024.SZ,2026-05-22,16.24,16.54,15.92,16.27,16.4,-0.13,-0.7927,515377.22,835259.89,3.2927,0.65,,6.2955,2547263.6587
300024.SZ,2026-05-25,16.09,17.06,16.07,16.89,16.27,0.62,3.8107,782911.57,1305562.708,5.002,1.17,,6.5354,2644332.0956
300024.SZ,2026-05-26,16.73,17.5,16.42,17.04,16.89,0.15,0.8881,962095.16,1642937.698,6.1468,1.4,,6.5935,2667816.3948
300024.SZ,2026-05-27,16.6,16.85,16.29,16.47,17.04,-0.57,-3.3451,615833.19,1014119.391,3.9346,0.85,,6.3729,2578576.0577
300024.SZ,2026-05-28,16.3,16.3,15.5,15.88,16.47,-0.59,-3.5823,542895.89,856010.331,3.4686,0.73,,6.1446,2486204.4806
300024.SZ,2026-05-29,15.71,15.97,14.78,14.79,15.88,-1.09,-6.864,548964.18,834558.215,3.5073,0.8,,5.7228,2315551.9061
300024.SZ,2026-06-01,14.65,15.08,14.6,14.92,14.79,0.13,0.879,302643.4,451200.369,1.9336,0.44,,5.7731,2335904.9654
300024.SZ,2026-06-02,14.93,15.38,14.93,15.2,14.92,0.28,1.8767,356952.8,543701.632,2.2806,0.6,,5.8815,2379742.324
300024.SZ,2026-06-03,15.05,15.28,14.71,14.81,15.2,-0.39,-2.5658,378339.4,566201.019,2.4172,0.8,,5.7306,2318683.146
300024.SZ,2026-06-04,14.65,15.25,14.6,15.06,14.81,0.25,1.688,344748.06,517389.539,2.2026,0.81,,5.8273,2357823.6447
300024.SZ,2026-06-05,14.91,16.15,14.24,15.57,15.06,0.51,3.3865,730532.11,1114258.962,4.6674,1.89,,6.0247,2437670.2622
300024.SZ,2026-06-08,15.12,16.1,15.03,15.9,15.57,0.33,2.1195,742021.15,1172174.682,4.7408,1.76,,6.1523,2489335.7205
300024.SZ,2026-06-09,15.85,16.1,15.61,15.9,15.9,0.0,0.0,486972.59,769672.62114,3.1113,0.95,,6.1523,2489335.7205
300024.SZ,2026-06-10,15.77,16.68,15.03,16.14,15.9,0.24,1.5094,744097.67,1175336.47993,4.754,1.39,,6.2452,2526910.5993
300024.SZ,2026-06-11,15.6,15.69,14.92,14.95,16.14,-1.19,-7.373,575369.06,873968.1182,3.676,0.94,,5.7848,2340601.8253
300024.SZ,2026-06-12,15.15,15.4,14.83,15.0,14.95,0.05,0.3344,400295.53,602136.50869,2.5575,0.61,,5.8041,2348429.85
300024.SZ,2026-06-15,15.0,17.0,14.81,16.96,15.0,1.96,13.0667,1191502.1,1913055.7979,7.6125,2.02,,6.5625,2655291.3504
300024.SZ,2026-06-16,17.0,18.2,16.67,17.96,16.96,1.0,5.8962,1879682.88,3297276.42731,12.0093,2.77,,6.9494,2811853.3404
300024.SZ,2026-06-17,17.5,17.55,17.0,17.17,17.96,-0.79,-4.3987,932766.43,1610320.01805,5.9594,0.97,,6.6438,2688169.3683
300024.SZ,2026-06-18,17.6,18.11,17.36,17.85,17.17,0.68,3.9604,1140032.67,2029191.05348,7.2837,1.14,,6.9069,2794631.5215
300024.SZ,2026-06-22,17.99,17.99,16.84,17.17,17.85,-0.68,-3.8095,837693.02,1441033.69059,5.352,0.76,,6.6438,2688169.3683
300024.SZ,2026-06-23,16.97,17.41,16.58,16.79,17.17,-0.38,-2.2132,610899.78,1035760.53004,3.903,0.51,,6.4967,2628675.8121
300024.SZ,2026-06-24,16.66,16.87,16.02,16.23,16.79,-0.56,-3.3353,591709.88,965864.15338,3.7804,0.55,,6.28,2541001.0977
300024.SZ,2026-06-25,16.14,16.49,15.56,15.86,16.23,-0.37,-2.2797,602425.05,959898.89892,3.8489,0.73,,6.1369,2483073.1614
300024.SZ,2026-06-26,15.73,16.5,15.2,15.22,15.86,-0.64,-4.0353,759382.98,1192163.43057,4.8517,1.0,,5.8892,2382873.4878
