ts_code,trade_date,open,high,low,close,pre_close,change,pct_chg,vol,amount,turnover_rate,volume_ratio,pe,pb,total_mv
301236.SZ,2023-01-03,34.86,39.14,34.8,39.05,35.18,3.87,11.0006,69008.38,261457.189,8.4177,2.55,26.2582,2.6211,2480823.5308
301236.SZ,2023-01-04,38.85,39.34,38.55,38.8,39.05,-0.25,-0.6402,36103.84,140354.792,4.404,1.01,26.0901,2.6043,2464941.1778
301236.SZ,2023-01-05,38.63,39.5,38.59,38.6,38.8,-0.2,-0.5155,35139.29,136976.731,4.2863,0.95,25.9556,2.5909,2452235.2955
301236.SZ,2023-01-06,38.4,39.35,38.28,38.82,38.6,0.22,0.5699,35397.49,137991.7,4.3178,0.9,26.1036,2.6056,2466211.7661
301236.SZ,2023-01-09,38.94,40.8,38.94,40.0,38.82,1.18,3.0397,44772.53,178263.444,5.4614,1.14,26.897,2.6848,2541176.472
301236.SZ,2023-01-10,39.6,41.25,39.46,40.42,40.0,0.42,1.05,42090.96,170837.755,5.1343,0.95,27.1795,2.713,2567858.825
301236.SZ,2023-01-11,40.6,40.8,38.76,38.85,40.42,-1.57,-3.8842,37098.33,146854.839,4.5253,0.96,26.1238,2.6076,2468117.6484
301236.SZ,2023-01-12,38.81,39.52,38.41,38.94,38.85,0.09,0.2317,25854.86,100349.383,3.1538,0.66,26.1843,2.6137,2473835.2955
301236.SZ,2023-01-13,38.93,39.61,38.66,39.02,38.94,0.08,0.2054,19719.99,77138.433,2.4055,0.53,26.2381,2.619,2478917.6484
301236.SZ,2023-01-16,39.02,39.98,38.91,38.95,39.02,-0.07,-0.1794,23139.75,91199.417,2.8226,0.68,26.191,2.6143,2474470.5896
301236.SZ,2023-01-17,39.05,39.57,38.46,38.56,38.95,-0.39,-1.0013,18481.72,72000.872,2.2544,0.62,25.9287,2.5882,2449694.119
301236.SZ,2023-01-18,38.6,39.93,38.2,39.35,38.56,0.79,2.0488,31178.11,122532.726,3.8032,1.25,26.46,2.6412,2499882.3543
301236.SZ,2023-01-19,39.0,41.32,38.92,41.32,39.35,1.97,5.0064,50623.8,204369.391,6.1752,2.14,27.7846,2.7734,2625035.2956
301236.SZ,2023-01-20,41.36,42.75,40.56,42.06,41.32,0.74,1.7909,51207.37,214345.45,6.2464,1.79,28.2822,2.8231,2672047.0603
301236.SZ,2023-01-30,42.5,42.8,40.96,41.01,42.06,-1.05,-2.4964,42141.89,175188.961,5.1405,1.21,27.5762,2.7526,2605341.1779
301236.SZ,2023-01-31,41.01,41.18,39.7,39.9,41.01,-1.11,-2.7067,27376.54,109826.606,3.3394,0.71,26.8298,2.6781,2534823.5308
301236.SZ,2023-02-01,39.68,40.84,39.66,40.81,39.9,0.91,2.2807,30244.13,122099.02,3.6892,0.75,27.4417,2.7392,2592635.2956
301236.SZ,2023-02-02,40.73,41.65,39.3,39.94,40.81,-0.87,-2.1318,55427.88,222535.83,6.7612,1.37,26.8567,2.6808,2537364.7073
301236.SZ,2023-02-03,39.86,41.44,39.34,41.34,39.94,1.4,3.5053,44723.42,180775.904,5.4554,1.08,27.7981,2.7748,2626305.8838
301236.SZ,2023-02-06,41.01,45.0,40.79,44.2,41.34,2.86,6.9182,99613.39,434771.728,12.151,2.49,29.7212,2.9667,2808000.0016
301236.SZ,2023-02-07,43.99,44.02,41.6,41.95,44.2,-2.25,-5.0905,78665.15,332509.459,9.5957,1.53,28.2083,2.8157,2665058.825
301236.SZ,2023-02-08,41.58,41.72,40.11,40.24,41.95,-1.71,-4.0763,56771.68,230253.311,6.9251,0.92,27.0584,2.7009,2556423.5308
301236.SZ,2023-02-09,40.24,40.92,39.38,40.58,40.24,0.34,0.8449,40873.29,164591.757,4.9858,0.61,27.287,2.7238,2578023.5308
301236.SZ,2023-02-10,40.58,40.67,38.93,39.26,40.58,-1.32,-3.2528,50623.36,200346.706,6.1751,0.79,26.3994,2.6352,2494164.7073
301236.SZ,2023-02-13,39.3,39.84,38.88,39.57,39.26,0.31,0.7896,36872.11,145128.331,4.4977,0.56,26.6079,2.656,2513858.8249
301236.SZ,2023-02-14,40.15,40.46,38.56,38.64,39.57,-0.93,-2.3503,49721.16,194882.255,6.0651,0.94,25.9825,2.5935,2454776.472
301236.SZ,2023-02-15,38.45,40.28,38.4,39.98,38.64,1.34,3.4679,54406.26,215099.236,6.6366,1.16,26.8836,2.6835,2539905.8838
301236.SZ,2023-02-16,40.4,43.47,40.36,41.35,39.98,1.37,3.4267,125944.91,525454.554,15.3629,2.71,27.8048,2.7754,2626941.1779
301236.SZ,2023-02-17,41.5,42.5,38.71,38.76,41.35,-2.59,-6.2636,87008.82,346740.577,10.6135,1.37,26.0632,2.6016,2462400.0014
301236.SZ,2023-02-20,38.21,38.78,37.38,38.6,38.76,-0.16,-0.4128,52650.98,200418.28,6.4224,0.74,25.9556,2.5909,2452235.2955
301236.SZ,2023-02-21,38.54,41.24,38.28,39.51,38.6,0.91,2.3575,62102.96,247628.618,7.5754,0.84,26.5676,2.6519,2510047.0602
301236.SZ,2023-02-22,38.8,39.2,37.61,38.79,39.51,-0.72,-1.8223,56474.9,215962.358,6.8889,0.74,26.0834,2.6036,2464305.8837
301236.SZ,2023-02-23,39.0,39.15,37.77,37.86,38.79,-0.93,-2.3975,35629.25,135653.866,4.3461,0.46,25.458,2.5412,2405223.5307
301236.SZ,2023-02-24,37.72,38.08,37.49,37.64,37.86,-0.22,-0.5811,28593.69,107917.414,3.4879,0.49,25.3101,2.5264,2391247.0602
301236.SZ,2023-02-27,37.0,37.59,36.28,36.41,37.64,-1.23,-3.2678,35909.35,132118.6,4.3803,0.76,24.483,2.4439,2313105.8836
301236.SZ,2023-02-28,37.13,37.97,36.66,37.17,36.41,0.76,2.0873,30987.3,115639.745,3.7799,0.71,24.9941,2.4949,2361388.2366
301236.SZ,2023-03-01,36.94,39.16,36.87,38.79,37.17,1.62,4.3584,61013.67,233974.595,7.4425,1.63,26.0834,2.6036,2464305.8837
301236.SZ,2023-03-02,38.61,38.8,37.93,38.17,38.79,-0.62,-1.5984,33367.86,127836.181,4.0703,0.87,25.6665,2.562,2424917.6484
301236.SZ,2023-03-03,38.31,38.69,37.35,38.45,38.17,0.28,0.7336,36591.63,139226.659,4.4635,0.96,25.8548,2.5808,2442705.8837
301236.SZ,2023-03-06,38.45,39.16,38.18,38.46,38.45,0.01,0.026,34311.95,132595.514,4.1854,0.87,25.8615,2.5815,2443341.1778
301236.SZ,2023-03-07,38.3,38.51,36.81,36.86,38.46,-1.6,-4.1602,48478.89,180717.726,5.9135,1.23,24.7856,2.4741,2341694.1189
301236.SZ,2023-03-08,36.85,37.95,36.75,37.9,36.86,1.04,2.8215,37934.23,142448.651,4.6273,0.89,25.4849,2.5439,2407764.7072
301236.SZ,2023-03-09,37.72,38.23,37.28,38.01,37.9,0.11,0.2902,24338.8,91930.319,2.9689,0.64,25.5589,2.5513,2414752.9425
301236.SZ,2023-03-10,38.02,38.3,37.31,37.38,38.01,-0.63,-1.6575,28797.0,108801.394,3.5127,0.79,25.1353,2.509,2374729.4131
301236.SZ,2023-03-13,37.01,38.33,36.53,38.18,37.38,0.8,2.1402,54197.32,203233.576,6.6111,1.56,25.6732,2.5627,2425552.9425
301236.SZ,2023-03-14,37.93,37.98,36.53,37.11,38.18,-1.07,-2.8025,48124.63,179247.552,5.8703,1.24,24.9537,2.4908,2357576.4719
301236.SZ,2023-03-15,37.56,38.66,37.42,37.74,37.11,0.63,1.6977,46928.83,178468.85,5.7244,1.21,25.3774,2.5331,2397600.0013
301236.SZ,2023-03-16,37.18,39.77,36.86,38.89,37.74,1.15,3.0472,91525.44,353424.192,11.1644,2.26,26.1506,2.6103,2470658.8249
301236.SZ,2023-03-17,39.2,40.14,38.91,39.63,38.89,0.74,1.9028,79627.29,315767.657,9.7131,1.48,26.6482,2.66,2517670.5896
301236.SZ,2023-03-20,42.4,44.44,42.22,43.01,39.63,3.38,8.5289,175958.6,760527.99,21.4637,2.75,28.921,2.8869,2732400.0015
301236.SZ,2023-03-21,41.82,42.16,40.18,41.3,43.01,-1.71,-3.9758,148641.43,611070.639,18.1315,1.68,27.7712,2.7721,2623764.7073
301236.SZ,2023-03-22,40.7,40.7,34.73,34.76,41.3,-6.54,-15.8354,458059.17,1670984.047,12.1169,4.22,23.3735,2.3331,2208282.3542
301236.SZ,2023-03-23,34.3,36.07,34.22,35.85,34.76,1.09,3.1358,250316.76,884493.903,6.6216,1.31,24.1065,2.4063,2277529.413
301236.SZ,2023-03-24,37.0,43.0,36.4,42.27,35.85,6.42,17.9079,598019.06,2361640.855,15.8193,2.69,28.4234,2.8372,2685388.2368
301236.SZ,2023-03-27,46.0,50.72,45.26,50.72,42.27,8.45,19.9905,762235.49,3637453.582,20.1633,2.34,34.1054,3.4044,3222211.7665
301236.SZ,2023-03-28,52.06,53.68,49.0,51.89,50.72,1.17,2.3068,555021.58,2837855.432,14.6819,1.25,34.8922,3.4829,3296541.1783
301236.SZ,2023-03-29,51.41,52.16,49.52,50.22,51.89,-1.67,-3.2183,410131.49,2086082.962,10.8491,0.78,33.7692,3.3708,3190447.0606
301236.SZ,2023-03-30,50.07,50.23,46.56,47.0,50.22,-3.22,-6.4118,454696.07,2168062.578,12.028,0.88,31.604,3.1547,2985882.3546
301236.SZ,2023-03-31,47.65,50.58,46.58,50.0,47.0,3.0,6.383,422683.14,2058852.346,11.1812,0.76,33.6213,3.356,3176470.59
301236.SZ,2023-04-03,51.09,56.8,48.84,55.08,50.0,5.08,10.16,562811.81,2905576.848,14.8879,1.08,37.0372,3.697,3499200.0019
301236.SZ,2023-04-04,54.35,54.87,51.68,52.1,55.08,-2.98,-5.4103,428051.67,2280323.021,11.3232,0.89,35.0334,3.497,3309882.3548
301236.SZ,2023-04-06,50.0,51.52,49.7,50.21,52.1,-1.89,-3.6276,286350.31,1446567.888,7.5748,0.63,33.7625,3.3701,3189811.7665
301236.SZ,2023-04-07,51.21,52.4,50.06,51.89,50.21,1.68,3.3459,305785.04,1570319.385,8.0889,0.71,34.8922,3.4829,3296541.1783
301236.SZ,2023-04-10,49.8,49.8,45.44,46.18,51.89,-5.71,-11.004,398615.93,1905008.777,10.5445,0.99,31.0526,3.0996,2933788.2369
301236.SZ,2023-04-11,46.42,47.41,45.6,46.78,46.18,0.6,1.2993,183728.71,854586.633,4.8601,0.46,31.4561,3.1399,2971905.884
301236.SZ,2023-04-12,46.9,48.26,46.05,47.6,46.78,0.82,1.7529,188443.16,893320.504,4.9848,0.59,32.0075,3.1949,3024000.0017
301236.SZ,2023-04-13,46.9,48.99,46.75,47.13,47.6,-0.47,-0.9874,190080.11,912848.553,5.0282,0.7,31.6914,3.1634,2994141.1781
301236.SZ,2023-04-14,46.82,48.85,44.88,48.76,47.13,1.63,3.4585,237077.25,1120007.586,6.2714,0.94,32.7875,3.2728,3097694.1194
301236.SZ,2023-04-17,48.8,50.2,47.76,49.15,48.76,0.39,0.7998,217262.86,1062381.513,5.7472,0.91,33.0497,3.299,3122470.59
301236.SZ,2023-04-18,48.48,49.0,46.5,48.31,49.15,-0.84,-1.7091,143883.49,691248.66,3.8061,0.71,32.4849,3.2426,3069105.8841
301236.SZ,2023-04-19,47.67,48.46,46.08,46.48,48.31,-1.83,-3.788,178855.09,845677.719,4.7312,0.92,31.2544,3.1198,2952847.0605
301236.SZ,2023-04-20,46.5,51.27,46.5,51.21,46.48,4.73,10.1764,345733.84,1713253.647,9.1456,1.79,34.4349,3.4372,3253341.1783
301236.SZ,2023-04-21,51.21,51.4,45.3,46.06,51.21,-5.15,-10.0566,393550.34,1877446.353,10.4105,1.75,30.9719,3.0916,2926164.7075
301236.SZ,2023-04-24,45.39,46.47,44.6,44.95,46.06,-1.11,-2.4099,179314.8,813230.166,4.7434,0.7,30.2255,3.0171,2855647.0604
301236.SZ,2023-04-25,44.7,46.28,43.4,44.11,44.95,-0.84,-1.8687,160052.12,715127.234,4.2338,0.64,29.6607,2.9607,2802282.3545
301236.SZ,2023-04-26,42.98,42.98,38.43,39.35,44.11,-4.76,-10.7912,273028.78,1097926.225,7.2224,1.09,25.6841,2.471,2499882.3543
301236.SZ,2023-04-27,39.1,39.88,38.07,38.36,39.35,-0.99,-2.5159,132456.03,515211.999,3.5038,0.49,25.0379,2.4088,2436988.2366
301236.SZ,2023-04-28,38.36,39.86,38.36,39.39,38.36,1.03,2.6851,131446.6,515465.944,3.4771,0.58,25.7102,2.4735,2502423.5308
301236.SZ,2023-05-04,39.55,40.2,37.06,38.02,39.39,-1.37,-3.478,181285.39,692324.226,4.7955,1.03,24.816,2.3875,2415388.2366
301236.SZ,2023-05-05,37.8,38.64,37.3,38.0,38.02,-0.02,-0.0526,125254.76,475882.965,3.3133,0.71,24.8029,2.3862,2414117.6484
301236.SZ,2023-05-08,37.84,37.84,36.8,37.28,38.0,-0.72,-1.8947,130302.58,485413.936,3.4469,0.77,24.333,2.341,2368376.4719
301236.SZ,2023-05-09,37.2,37.97,36.86,36.9,37.28,-0.38,-1.0193,110030.33,411925.527,2.9106,0.79,24.0849,2.3172,2344235.2954
301236.SZ,2023-05-10,37.0,37.67,36.8,37.08,36.9,0.18,0.4878,103432.7,383831.482,2.7361,0.76,24.2024,2.3285,2355670.5895
301236.SZ,2023-05-11,37.08,37.3,36.32,36.33,37.08,-0.75,-2.0227,87729.32,322178.304,2.3207,0.67,23.7129,2.2814,2308023.5307
301236.SZ,2023-05-12,36.25,37.65,36.2,37.32,36.33,0.99,2.725,120336.57,444841.41,3.1832,1.08,24.3591,2.3435,2370917.6484
301236.SZ,2023-05-15,37.0,37.21,35.29,36.5,37.32,-0.82,-2.1972,123313.51,446035.504,3.262,1.12,23.8239,2.292,2318823.5307
301236.SZ,2023-05-16,36.51,36.55,35.12,35.24,36.5,-1.26,-3.4521,84767.48,301596.946,2.2423,0.78,23.0014,2.2129,2238776.4718
301236.SZ,2023-05-17,35.02,35.95,35.02,35.63,35.24,0.39,1.1067,67179.31,238958.438,1.7771,0.65,23.256,2.2374,2263552.9424
301236.SZ,2023-05-18,35.5,37.15,35.44,36.97,35.63,1.34,3.7609,130412.89,476806.286,3.4498,1.35,24.1306,2.3216,2348682.3542
301236.SZ,2023-05-19,37.38,38.68,37.33,37.82,36.97,0.85,2.2992,158252.4,600671.874,4.1862,1.5,24.6854,2.3749,2402682.3543
301236.SZ,2023-05-22,37.8,38.17,37.18,37.95,37.82,0.13,0.3437,91208.84,344338.367,2.4127,0.81,24.7703,2.3831,2410941.1778
301236.SZ,2023-05-23,38.1,38.73,37.0,37.3,37.95,-0.65,-1.7128,89621.46,340468.735,2.3707,0.84,24.346,2.3423,2369647.0601
301236.SZ,2023-05-24,37.15,37.56,36.71,36.84,37.3,-0.46,-1.2332,74862.57,277356.425,1.9803,0.7,24.0458,2.3134,2340423.5307
301236.SZ,2023-05-25,36.95,37.29,35.16,36.04,36.84,-0.8,-2.1716,116686.12,420136.693,3.0867,1.07,23.5236,2.2632,2289600.0013
301236.SZ,2023-05-26,36.54,38.92,35.85,38.66,36.04,2.62,7.2697,188984.89,714484.658,4.9992,1.78,25.2337,2.4277,2456047.0602
301236.SZ,2023-05-29,39.2,40.0,38.34,39.11,38.66,0.45,1.164,155471.7,610114.869,4.1127,1.38,25.5274,2.4559,2484635.2955
301236.SZ,2023-05-30,39.1,40.1,37.9,39.84,39.11,0.73,1.8665,149902.16,589151.903,3.9653,1.2,26.0039,2.5018,2531011.7661
301236.SZ,2023-05-31,39.99,41.23,39.91,41.23,39.84,1.39,3.489,182727.81,742839.32,4.8337,1.33,26.9112,2.5891,2619317.6485
301236.SZ,2023-06-01,40.35,43.13,40.26,42.66,41.23,1.43,3.4683,180623.48,758922.759,4.778,1.14,27.8445,2.6789,2710164.7074
301236.SZ,2023-06-02,42.6,43.66,42.0,43.34,42.66,0.68,1.594,143295.14,613195.565,3.7906,0.84,28.2884,2.7216,2753364.7074
301236.SZ,2023-06-05,44.1,45.62,43.17,44.33,43.34,0.99,2.2843,199350.62,885846.021,5.2734,1.23,28.9346,2.7837,2816258.8251
301236.SZ,2023-06-06,43.53,44.19,42.3,42.5,44.33,-1.83,-4.1281,154711.72,666971.796,4.0926,0.9,27.7401,2.6688,2700000.0015
301236.SZ,2023-06-07,42.47,43.22,42.08,42.52,42.5,0.02,0.0471,94448.5,402837.272,2.4984,0.55,27.7532,2.6701,2701270.5897
301236.SZ,2023-06-08,42.48,43.38,41.26,42.85,42.52,0.33,0.7761,140559.26,596548.202,3.7182,0.91,27.9686,2.6908,2722235.2956
301236.SZ,2023-06-09,42.66,45.64,42.47,44.93,42.85,2.08,4.8541,237734.95,1061282.025,6.2888,1.62,29.3262,2.8214,2854376.4722
301236.SZ,2023-06-12,44.8,46.17,44.38,44.85,44.93,-0.08,-0.1781,150791.52,680119.539,3.9889,0.91,29.274,2.8164,2849294.1192
301236.SZ,2023-06-13,45.06,46.8,44.9,46.02,44.85,1.17,2.6087,178345.3,818913.896,4.7177,1.15,30.0376,2.8899,2923623.531
301236.SZ,2023-06-14,45.8,45.86,44.26,44.32,46.02,-1.7,-3.694,163995.55,734222.399,4.3381,1.02,28.928,2.7831,2815623.531
301236.SZ,2023-06-15,44.1,44.55,43.18,43.37,44.32,-0.95,-2.1435,136056.37,594509.414,3.5991,0.78,28.308,2.7235,2755270.5898
301236.SZ,2023-06-16,43.15,44.86,42.7,44.19,43.37,0.82,1.8907,124951.55,548603.545,3.3053,0.72,28.8432,2.7749,2807364.7074
301236.SZ,2023-06-19,44.2,46.05,44.15,45.65,44.19,1.46,3.3039,167588.39,759077.27,4.4332,1.11,29.7961,2.8666,2900117.6487
301236.SZ,2023-06-20,30.58,31.93,30.28,31.47,30.43,1.04,3.4177,316881.93,991688.894,5.5883,2.06,30.8111,2.9643,2998905.884
301236.SZ,2023-06-21,31.16,31.19,29.45,30.0,31.47,-1.47,-4.6711,230370.48,696221.795,4.0626,1.27,29.3719,2.8258,2858823.531
301236.SZ,2023-06-26,29.32,29.61,27.5,27.85,30.0,-2.15,-7.1667,239774.43,677199.954,4.2285,1.23,27.2669,2.6233,2653941.1779
301236.SZ,2023-06-27,28.16,28.54,27.85,28.19,27.85,0.34,1.2208,146071.38,411453.853,2.576,0.68,27.5998,2.6553,2686341.178
301236.SZ,2023-06-28,27.87,27.89,25.65,26.26,28.19,-1.93,-6.8464,222394.06,587131.31,3.922,1.01,25.7102,2.4735,2502423.5308
301236.SZ,2023-06-29,26.23,27.11,26.0,26.62,26.26,0.36,1.3709,151069.79,400530.256,2.6641,0.65,26.0626,2.5074,2536729.4132
301236.SZ,2023-06-30,26.56,27.54,25.96,27.21,26.62,0.59,2.2164,160212.89,429098.117,2.8254,0.81,26.6403,2.563,2592952.9426
301236.SZ,2023-07-03,27.05,28.82,26.76,28.05,27.21,0.84,3.0871,219413.03,609976.449,3.8694,1.19,27.4627,2.6421,2673000.0015
301236.SZ,2023-07-04,27.82,29.07,27.72,28.29,28.05,0.24,0.8556,167718.53,476803.685,2.9578,0.93,27.6977,2.6647,2695870.5897
301236.SZ,2023-07-05,28.3,28.65,27.42,27.45,28.29,-0.84,-2.9692,138942.41,389367.11,2.4503,0.75,26.8753,2.5856,2615823.5309
301236.SZ,2023-07-06,27.33,28.98,27.05,28.55,27.45,1.1,4.0073,248880.54,706475.738,4.3891,1.49,27.9522,2.6892,2720647.0603
301236.SZ,2023-07-07,28.55,28.55,27.2,27.91,28.55,-0.64,-2.2417,169228.31,470373.612,2.9844,0.9,27.3256,2.6289,2659658.825
301236.SZ,2023-07-10,28.15,28.35,26.93,26.99,27.91,-0.92,-3.2963,129753.49,355577.876,2.2882,0.69,26.4249,2.5423,2571988.2367
301236.SZ,2023-07-11,26.9,27.19,26.66,26.73,26.99,-0.26,-0.9633,102587.29,275765.679,1.8091,0.6,26.1703,2.5178,2547211.7661
301236.SZ,2023-07-12,26.6,26.6,25.35,25.4,26.73,-1.33,-4.9757,164097.64,423971.16,2.8939,1.04,24.8682,2.3925,2420470.5896
301236.SZ,2023-07-13,25.64,25.79,25.22,25.47,25.4,0.07,0.2756,106953.66,272670.39,1.8861,0.66,24.9367,2.3991,2427141.1778
301236.SZ,2023-07-14,25.55,26.16,25.48,25.89,25.47,0.42,1.649,114527.94,295766.172,2.0197,0.85,25.3479,2.4387,2467164.7073
301236.SZ,2023-07-17,25.8,26.11,25.6,25.66,25.89,-0.23,-0.8884,64174.62,165571.061,1.1317,0.52,25.1227,2.417,2445247.0602
301236.SZ,2023-07-18,25.51,25.6,24.95,24.99,25.66,-0.67,-2.6111,87503.02,220401.136,1.5431,0.79,24.4668,2.3539,2381400.0013
301236.SZ,2023-07-19,25.15,25.96,25.15,25.38,24.99,0.39,1.5606,76186.42,194720.784,1.3436,0.71,24.8486,2.3906,2418564.7072
301236.SZ,2023-07-20,25.39,25.45,24.33,24.48,25.38,-0.9,-3.5461,110421.3,273641.635,1.9473,1.23,23.9675,2.3059,2332800.0013
301236.SZ,2023-07-21,24.28,24.49,23.64,23.83,24.48,-0.65,-2.6552,118632.39,284583.849,2.0921,1.31,23.3311,2.2446,2270858.8248
301236.SZ,2023-07-24,23.88,24.09,23.43,23.5,23.83,-0.33,-1.3848,75566.91,179115.445,1.3326,0.83,23.008,2.2136,2239411.766
301236.SZ,2023-07-25,23.98,24.11,23.58,23.85,23.5,0.35,1.4894,79522.3,189908.862,1.4024,0.85,23.3506,2.2465,2272764.7071
301236.SZ,2023-07-26,23.82,23.82,22.85,22.94,23.85,-0.91,-3.8155,113899.98,263982.336,2.0086,1.24,22.4597,2.1608,2186047.06
301236.SZ,2023-07-27,23.06,23.41,22.88,22.96,22.94,0.02,0.0872,96673.03,223857.522,1.421,0.97,22.4793,2.1627,2187952.9424
301236.SZ,2023-07-28,23.08,23.35,22.71,23.28,22.96,0.32,1.3937,76684.69,177416.596,1.1272,0.79,22.7926,2.1928,2218447.0601
301236.SZ,2023-07-31,23.28,24.37,23.13,23.88,23.28,0.6,2.5773,125255.83,299931.984,1.8411,1.42,23.38,2.2493,2275623.5307
301236.SZ,2023-08-01,23.97,24.87,23.71,24.51,23.88,0.63,2.6382,147822.39,360967.665,2.1729,1.5,23.9968,2.3087,2335658.8248
301236.SZ,2023-08-02,24.47,24.61,24.09,24.4,24.51,-0.11,-0.4488,87961.37,214001.253,1.2929,0.78,23.8891,2.2983,2325176.4719
301236.SZ,2023-08-03,24.12,24.46,24.05,24.27,24.4,-0.13,-0.5328,62031.9,150448.151,0.9118,0.58,23.7618,2.2861,2312788.2366
301236.SZ,2023-08-04,24.36,25.36,24.36,25.07,24.27,0.8,3.2963,141714.89,353092.916,2.0831,1.42,24.5451,2.3614,2389023.5307
301236.SZ,2023-08-07,25.0,25.34,24.8,25.21,25.07,0.14,0.5584,101664.45,255018.462,1.4944,0.9,24.6822,2.3746,2402364.7072
301236.SZ,2023-08-08,25.21,25.21,24.68,24.7,25.21,-0.51,-2.023,65816.91,163476.378,0.9674,0.61,24.1828,2.3266,2353764.7072
301236.SZ,2023-08-09,24.64,25.3,24.5,24.57,24.7,-0.13,-0.5263,75934.23,189103.651,1.1162,0.83,24.0556,2.3143,2341376.4719
301236.SZ,2023-08-10,24.4,24.74,24.22,24.45,24.57,-0.12,-0.4884,60144.0,146869.328,0.8841,0.67,23.9381,2.303,2329941.1778
301236.SZ,2023-08-11,24.47,24.85,24.0,24.0,24.45,-0.45,-1.8405,61642.83,150606.728,0.9061,0.69,23.4975,2.2606,2287058.8248
301236.SZ,2023-08-14,23.74,24.41,23.66,24.33,24.0,0.33,1.375,74793.89,180014.267,1.0994,1.02,23.8206,2.2917,2318505.8836
301236.SZ,2023-08-15,24.35,24.39,23.49,23.69,24.33,-0.64,-2.6305,90757.12,215586.455,1.334,1.34,23.194,2.2314,2257517.6483
301236.SZ,2023-08-16,23.62,23.66,22.68,22.68,23.69,-1.01,-4.2634,128377.89,295346.832,1.887,1.77,22.2051,2.1363,2161270.5894
301236.SZ,2023-08-17,22.44,22.97,22.22,22.74,22.68,0.06,0.2646,73635.41,166934.979,1.0824,0.89,22.2639,2.142,2166988.2365
301236.SZ,2023-08-18,22.79,23.46,22.33,22.34,22.74,-0.4,-1.759,89925.06,205247.434,1.3218,1.05,21.8723,2.1043,2128870.5894
301236.SZ,2023-08-21,22.33,22.86,22.13,22.13,22.34,-0.21,-0.94,70305.5,158206.899,1.0334,0.77,21.6667,2.0845,2108858.8247
301236.SZ,2023-08-22,22.4,22.74,21.94,22.49,22.13,0.36,1.6268,110764.41,247389.4,1.6281,1.22,22.0191,2.1184,2143164.7071
301236.SZ,2023-08-23,22.32,22.49,21.8,21.85,22.49,-0.64,-2.8457,81050.97,179405.467,1.1914,0.86,21.3925,2.0581,2082176.4717
301236.SZ,2023-08-24,21.9,22.1,21.38,21.39,21.85,-0.46,-2.1053,116116.47,251799.795,1.7068,1.36,20.9421,2.0148,2038341.1776
301236.SZ,2023-08-25,20.09,20.6,19.05,19.66,21.39,-1.73,-8.0879,319390.26,630505.568,4.6947,3.41,19.2484,1.8379,1873482.354
301236.SZ,2023-08-28,21.3,21.34,19.57,19.6,19.66,-0.06,-0.3052,200753.69,407612.941,2.9509,1.44,19.1896,1.8323,1867764.7069
301236.SZ,2023-08-29,19.6,20.43,19.58,20.26,19.6,0.66,3.3673,212064.76,425217.776,3.1172,1.28,19.8358,1.894,1930658.8246
301236.SZ,2023-08-30,20.71,21.32,20.66,21.0,20.26,0.74,3.6525,270118.68,566738.529,3.9705,1.45,20.5603,1.9632,2001176.4717
301236.SZ,2023-08-31,21.01,21.02,20.58,20.64,21.0,-0.36,-1.7143,149737.67,310659.685,2.201,0.67,20.2079,1.9295,1966870.5893
301236.SZ,2023-09-01,20.67,20.82,20.26,20.36,20.64,-0.28,-1.3566,111983.32,228847.022,1.6461,0.49,19.9337,1.9033,1940188.2364
301236.SZ,2023-09-04,20.53,24.28,20.33,23.74,20.36,3.38,16.6012,441844.34,966306.205,6.4947,2.34,23.2429,2.2193,2262282.3542
301236.SZ,2023-09-05,23.4,25.95,23.13,23.97,23.74,0.23,0.9688,966246.23,2379247.984,14.2029,4.07,23.4681,2.2408,2284200.0013
301236.SZ,2023-09-06,23.55,26.25,22.99,25.63,23.97,1.66,6.9253,909583.63,2237270.363,13.37,2.34,25.0934,2.396,2442388.2367
301236.SZ,2023-09-07,25.3,27.82,24.96,27.1,25.63,1.47,5.7355,1180468.7,3158454.268,17.3518,2.29,26.5326,2.5334,2582470.5897
301236.SZ,2023-09-08,27.2,28.22,26.41,26.5,27.1,-0.6,-2.214,1152135.64,3142189.127,16.9353,1.6,25.9452,2.4773,2525294.1191
301236.SZ,2023-09-11,26.2,28.5,25.99,27.25,26.5,0.75,2.8302,1047986.6,2869636.124,15.4044,1.13,26.6795,2.5474,2596764.7073
301236.SZ,2023-09-12,26.52,27.74,26.26,26.5,27.25,-0.75,-2.7523,755666.86,2033904.297,11.1076,0.72,25.9452,2.4773,2525294.1191
301236.SZ,2023-09-13,26.01,26.21,24.79,25.2,26.5,-1.3,-4.9057,710873.48,1806048.457,10.4492,0.7,24.6724,2.3558,2401411.766
301236.SZ,2023-09-14,25.12,26.34,23.79,25.28,25.2,0.08,0.3175,662069.1,1669604.537,9.7318,0.68,24.7507,2.3633,2409035.2955
301236.SZ,2023-09-15,25.31,26.15,24.73,25.55,25.28,0.27,1.068,487231.91,1239915.979,7.1619,0.56,25.015,2.3885,2434764.7072
301236.SZ,2023-09-18,25.15,27.43,25.15,26.65,25.55,1.1,4.3053,701319.67,1865569.352,10.3087,0.96,26.092,2.4913,2539588.2367
301236.SZ,2023-09-19,26.3,26.52,25.25,25.86,26.65,-0.79,-2.9644,474532.48,1226772.976,6.9752,0.72,25.3186,2.4175,2464305.8837
301236.SZ,2023-09-20,26.05,26.45,25.03,25.2,25.86,-0.66,-2.5522,481335.85,1236984.51,7.0752,0.79,24.6724,2.3558,2401411.766
301236.SZ,2023-09-21,24.8,26.67,24.7,26.51,25.2,1.31,5.1984,650640.05,1683987.059,9.5638,1.16,25.9549,2.4782,2526247.0602
301236.SZ,2023-09-22,26.41,28.0,26.06,27.88,26.51,1.37,5.1679,796598.07,2150447.429,11.7092,1.43,27.2963,2.6063,2656800.0015
301236.SZ,2023-09-25,28.11,29.9,27.27,28.0,27.88,0.12,0.4304,1014927.83,2885011.475,14.9185,1.63,27.4138,2.6175,2668235.2956
301236.SZ,2023-09-26,27.25,27.33,25.55,25.55,28.0,-2.45,-8.75,738900.84,1938967.479,10.8612,1.08,25.015,2.3885,2434764.7072
301236.SZ,2023-09-27,25.81,26.69,25.57,25.95,25.55,0.4,1.5656,522637.34,1364788.585,7.6823,0.71,25.4067,2.4259,2472882.3543
301236.SZ,2023-09-28,26.03,26.85,25.7,26.58,25.95,0.63,2.4277,451077.27,1187578.826,6.6304,0.61,26.0235,2.4848,2532917.6485
301236.SZ,2023-10-09,26.72,28.5,26.62,27.28,26.58,0.7,2.6336,633599.27,1742854.385,9.3133,0.9,26.7088,2.5502,2599623.5309
301236.SZ,2023-10-10,27.29,30.93,26.96,30.0,27.28,2.72,9.9707,1084208.28,3181795.125,15.9368,1.61,29.3719,2.8045,2858823.531
301236.SZ,2023-10-11,29.25,29.84,28.7,29.0,30.0,-1.0,-3.3333,770580.01,2256838.828,11.3268,1.12,28.3928,2.711,2763529.4133
301236.SZ,2023-10-12,28.83,31.47,28.83,29.96,29.0,0.96,3.3103,815123.54,2459613.98,11.9816,1.18,29.3327,2.8008,2855011.7663
301236.SZ,2023-10-13,29.78,32.0,29.66,31.47,29.96,1.51,5.0401,827638.8,2585040.046,12.1655,1.1,30.8111,2.9419,2998905.884
301236.SZ,2023-10-16,31.71,33.2,30.43,31.03,31.47,-0.44,-1.3982,814162.82,2579297.391,11.9674,0.99,30.3803,2.9008,2956976.4722
301236.SZ,2023-10-17,31.0,31.0,28.9,29.21,31.03,-1.82,-5.8653,585797.46,1724859.418,8.6107,0.68,28.5984,2.7307,2783541.178
301236.SZ,2023-10-18,29.47,32.7,29.21,32.39,29.21,3.18,10.8867,968569.12,3010739.846,14.2371,1.27,31.7118,3.0279,3086576.4723
301236.SZ,2023-10-19,31.8,32.87,29.82,30.0,32.39,-2.39,-7.3788,857193.43,2692357.744,12.5999,1.07,29.3719,2.8045,2858823.531
301236.SZ,2023-10-20,30.0,30.6,28.75,29.04,30.0,-0.96,-3.2,562020.76,1664424.583,8.2612,0.69,28.432,2.7148,2767341.178
301236.SZ,2023-10-23,28.71,29.74,28.16,29.25,29.04,0.21,0.7231,436154.32,1262097.529,6.4111,0.58,28.6376,2.7344,2787352.9427
301236.SZ,2023-10-24,29.18,29.18,26.69,26.88,29.25,-2.37,-8.1026,591690.18,1626896.125,8.6973,0.87,26.3172,2.5128,2561505.8838
301236.SZ,2023-10-25,27.09,32.26,27.09,32.26,26.88,5.38,20.0149,986058.4,2964233.162,14.4941,1.44,31.5846,3.0158,3074188.237
301236.SZ,2023-10-26,32.94,35.36,32.05,34.35,32.26,2.09,6.4786,1382107.63,4690123.764,20.3157,2.01,33.6308,3.1647,3273352.943
301236.SZ,2023-10-27,34.19,34.75,32.61,33.01,34.35,-1.34,-3.901,939475.58,3158637.578,13.8094,1.19,32.3189,3.0413,3145658.8253
301236.SZ,2023-10-30,33.54,35.98,33.18,34.8,33.01,1.79,5.4226,1035068.85,3567238.955,15.2145,1.19,34.0714,3.2062,3316235.296
301236.SZ,2023-10-31,34.69,36.58,33.51,35.73,34.8,0.93,2.6724,930409.29,3267308.263,13.6761,0.94,34.9819,3.2919,3404858.8254
301236.SZ,2023-11-01,34.99,35.18,32.99,33.47,35.73,-2.26,-6.3252,619592.21,2096168.34,9.1074,0.59,32.7692,3.0837,3189494.1194
301236.SZ,2023-11-02,33.38,34.26,32.43,33.52,33.47,0.05,0.1494,610168.84,2037294.669,8.9689,0.62,32.8182,3.0883,3194258.8253
301236.SZ,2023-11-03,33.03,35.2,33.03,34.77,33.52,1.25,3.7291,697973.07,2395654.914,10.2596,0.84,34.042,3.2034,3313376.4724
301236.SZ,2023-11-06,34.56,35.46,33.7,34.82,34.77,0.05,0.1438,640337.68,2218960.613,9.4124,0.82,34.091,3.208,3318141.1783
301236.SZ,2023-11-07,34.81,35.27,33.5,33.64,34.82,-1.18,-3.3889,580064.81,1979222.856,8.5264,0.83,32.9357,3.0993,3205694.1194
301236.SZ,2023-11-08,33.37,36.31,33.21,35.91,33.64,2.27,6.7479,908641.64,3195517.855,13.3562,1.44,35.1581,3.3085,3422011.7666
301236.SZ,2023-11-09,35.71,35.71,33.9,34.35,35.91,-1.56,-4.3442,592578.74,2056245.334,8.7104,0.86,33.6308,3.1647,3273352.943
301236.SZ,2023-11-10,37.77,40.39,35.89,37.59,34.35,3.24,9.4323,1287404.82,4907561.354,18.9236,1.88,36.803,3.4632,3582105.8843
301236.SZ,2023-11-13,39.1,45.11,39.09,45.11,37.59,7.52,20.0053,1267895.17,5347278.126,18.6369,1.58,44.1655,4.1561,4298717.6494
301236.SZ,2023-11-14,45.98,49.63,45.29,47.46,45.11,2.35,5.2095,1604765.46,7575492.545,23.5886,1.73,46.4663,4.3726,4522658.826
301236.SZ,2023-11-15,47.65,51.5,46.47,46.47,47.46,-0.99,-2.086,1453267.44,7058044.938,21.3617,1.28,45.497,4.2814,4428317.6495
301236.SZ,2023-11-16,46.08,47.41,45.22,45.79,46.47,-0.68,-1.4633,1118514.91,5185673.333,16.4411,0.9,44.8313,4.2187,4363517.6495
301236.SZ,2023-11-17,45.68,46.22,43.52,44.36,45.79,-1.43,-3.123,884271.02,3942166.43,12.998,0.66,43.4312,4.087,4227247.0612
301236.SZ,2023-11-20,45.69,47.9,45.18,47.3,44.36,2.94,6.6276,1079816.77,5026333.791,15.8723,0.85,46.3097,4.3578,4507411.7672
301236.SZ,2023-11-21,46.78,47.78,44.45,44.92,47.3,-2.38,-5.0317,865851.06,3986329.151,12.7272,0.71,43.9795,4.1386,4280611.7671
301236.SZ,2023-11-22,44.03,45.78,43.79,43.97,44.92,-0.95,-2.1149,608639.17,2713301.263,8.9464,0.56,43.0494,4.051,4190082.3553
301236.SZ,2023-11-23,43.07,44.4,41.6,44.07,43.97,0.1,0.2274,634533.2,2742078.334,9.327,0.7,43.1473,4.0602,4199611.767
301236.SZ,2023-11-24,44.64,44.74,41.63,42.07,44.07,-2.0,-4.5382,538202.54,2293484.568,7.9111,0.66,41.1892,3.876,4009023.5316
301236.SZ,2023-11-27,42.28,43.54,42.08,42.28,42.07,0.21,0.4992,466111.91,1990126.458,6.8514,0.63,41.3948,3.8953,4029035.2964
301236.SZ,2023-11-28,42.5,42.61,39.95,41.08,42.28,-1.2,-2.8382,607987.2,2500125.768,8.9368,0.98,40.2199,3.7848,3914682.3551
301236.SZ,2023-11-29,40.68,41.75,40.58,40.67,41.08,-0.41,-0.9981,409224.26,1682339.072,6.0152,0.72,39.8185,3.747,3875611.7669
301236.SZ,2023-11-30,40.3,40.7,38.82,40.03,40.67,-0.64,-1.5736,575173.58,2277787.243,8.4545,1.08,39.1919,3.688,3814623.5315
301236.SZ,2023-12-01,39.95,41.2,39.88,40.77,40.03,0.74,1.8486,510854.37,2076898.574,7.5091,0.98,39.9164,3.7562,3885141.1786
301236.SZ,2023-12-04,40.96,44.39,40.38,42.76,40.77,1.99,4.881,821589.48,3512639.181,12.0766,1.6,41.8647,3.9396,4074776.4729
301236.SZ,2023-12-05,42.0,42.3,39.4,39.4,42.76,-3.36,-7.8578,652248.29,2639280.625,9.5874,1.12,38.5751,3.63,3754588.2374
301236.SZ,2023-12-06,39.11,39.99,38.8,38.99,39.4,-0.41,-1.0406,461954.76,1813025.084,6.7903,0.78,38.1736,3.5922,3715517.6491
301236.SZ,2023-12-07,38.94,39.5,38.32,38.9,38.99,-0.09,-0.2308,443718.41,1727841.45,6.5222,0.73,38.0855,3.5839,3706941.1785
301236.SZ,2023-12-08,39.06,41.38,38.93,40.81,38.9,1.91,4.91,726084.57,2925329.343,10.6728,1.26,39.9555,3.7599,3888952.9433
301236.SZ,2023-12-11,41.44,44.01,41.3,41.95,40.81,1.14,2.7934,768583.08,3276467.519,11.2975,1.24,41.0717,3.8649,3997588.2375
301236.SZ,2023-12-12,41.6,45.99,41.6,44.45,41.95,2.5,5.9595,842750.01,3717419.348,12.3876,1.38,43.5193,4.0953,4235823.5318
301236.SZ,2023-12-13,44.0,44.96,43.28,43.78,44.45,-0.67,-1.5073,511100.39,2250876.257,7.5127,0.79,42.8634,4.0335,4171976.4729
301236.SZ,2023-12-14,44.18,44.48,42.3,43.15,43.78,-0.63,-1.439,467367.89,2022285.293,6.8699,0.71,42.2465,3.9755,4111941.1788
301236.SZ,2023-12-15,43.47,45.32,42.57,43.85,43.15,0.7,1.6222,566261.75,2503631.071,8.3235,0.85,42.9319,4.04,4178647.0611
301236.SZ,2023-12-18,43.5,44.14,41.2,41.29,43.85,-2.56,-5.8381,547903.47,2320329.913,8.0537,0.87,40.4255,3.8041,3934694.1198
301236.SZ,2023-12-19,42.16,44.6,41.63,44.14,41.29,2.85,6.9024,778846.75,3405340.703,11.4483,1.33,43.2158,4.0667,4206282.3553
301236.SZ,2023-12-20,44.01,46.1,43.5,43.86,44.14,-0.28,-0.6343,617570.32,2746780.449,9.0777,1.08,42.9417,4.0409,4179600.0023
301236.SZ,2023-12-21,42.8,45.9,41.8,45.34,43.86,1.48,3.3744,756294.7,3336705.609,11.1168,1.27,44.3907,4.1773,4320635.2965
301236.SZ,2023-12-22,44.76,45.0,42.51,43.67,45.34,-1.67,-3.6833,653234.25,2869105.841,9.6019,1.0,42.7557,4.0234,4161494.12
301236.SZ,2023-12-25,43.31,44.08,41.33,42.1,43.67,-1.57,-3.5951,431882.95,1832107.178,6.3483,0.64,41.2185,3.8787,4011882.3552
301236.SZ,2023-12-26,42.36,42.55,39.42,39.95,42.1,-2.15,-5.1069,495004.33,1993336.009,7.2761,0.76,39.1135,3.6807,3807000.0021
301236.SZ,2023-12-27,41.0,42.15,40.58,41.36,39.95,1.41,3.5294,476437.39,1970499.541,7.0032,0.81,40.494,3.8106,3941364.7081
301236.SZ,2023-12-28,40.9,42.66,40.41,41.79,41.36,0.43,1.0397,475053.43,1975956.974,6.9828,0.84,40.915,3.8502,3982341.1787
301236.SZ,2023-12-29,41.7,46.64,41.38,46.2,41.79,4.41,10.5528,833487.75,3703744.348,12.2515,1.65,45.2327,4.2565,4402588.2377
301236.SZ,2024-01-02,46.57,48.1,46.0,46.5,46.2,0.3,0.6494,719341.74,3370129.474,10.5737,1.33,45.5264,4.2841,4431176.4731
301236.SZ,2024-01-03,47.0,48.57,46.6,47.74,46.5,1.24,2.6667,671115.63,3192948.918,9.8648,1.12,46.7404,4.3984,4549341.179
301236.SZ,2024-01-04,47.47,49.88,45.5,45.89,47.74,-1.85,-3.8752,955092.97,4563394.93,14.039,1.5,44.9292,4.2279,4373047.0613
301236.SZ,2024-01-05,46.01,47.59,45.21,46.41,45.89,0.52,1.1331,654338.18,3030806.3,9.6182,0.9,45.4383,4.2758,4422600.0025
301236.SZ,2024-01-08,44.95,44.95,42.53,42.56,46.41,-3.85,-8.2956,607010.98,2640906.987,8.9225,0.79,41.6689,3.9211,4055717.6493
301236.SZ,2024-01-09,43.0,43.78,42.33,42.81,42.56,0.25,0.5874,381571.53,1642511.288,5.6087,0.53,41.9137,3.9442,4079541.1787
301236.SZ,2024-01-10,42.28,43.98,41.3,42.33,42.81,-0.48,-1.1212,396146.47,1692745.879,5.823,0.61,41.4437,3.8999,4033800.0022
301236.SZ,2024-01-11,42.53,49.4,42.12,48.5,42.33,6.17,14.576,873602.25,4020770.58,12.8411,1.46,47.4845,4.4684,4621764.7085
301236.SZ,2024-01-12,48.49,49.38,47.01,47.21,48.5,-1.29,-2.6598,617568.39,2960952.14,9.0777,1.06,46.2215,4.3495,4498835.2966
301236.SZ,2024-01-15,47.8,48.2,46.82,47.22,47.21,0.01,0.0212,450574.57,2136424.0,6.623,0.78,46.2313,4.3505,4499788.2378
301236.SZ,2024-01-16,47.14,47.7,45.59,47.6,47.22,0.38,0.8047,498286.6,2312822.059,7.3243,0.92,46.6034,4.3855,4536000.0025
301236.SZ,2024-01-17,47.08,48.09,44.77,45.38,47.6,-2.22,-4.6639,610652.2,2844599.461,8.976,1.08,44.4299,4.1809,4324447.0612
301236.SZ,2024-01-18,46.11,46.5,43.89,45.39,45.38,0.01,0.022,614552.52,2781204.482,9.0333,1.01,44.4396,4.1819,4325400.0024
301236.SZ,2024-01-19,44.61,45.0,41.15,41.15,45.39,-4.24,-9.3413,733549.89,3138300.675,10.7825,1.31,40.2884,3.7912,3921352.9434
301236.SZ,2024-01-22,39.7,41.09,35.78,36.2,41.15,-4.95,-12.0292,813957.41,3079930.159,11.9644,1.4,35.4421,3.3352,3449647.0607
301236.SZ,2024-01-23,36.01,37.88,35.66,37.12,36.2,0.92,2.5414,523016.96,1938599.412,7.6879,0.8,36.3428,3.4199,3537317.649
301236.SZ,2024-01-24,37.4,37.56,34.86,36.35,37.12,-0.77,-2.0744,590302.25,2116830.965,8.6769,0.9,35.5889,3.349,3463941.1784
301236.SZ,2024-01-25,36.42,37.71,35.88,36.89,36.35,0.54,1.4856,541278.19,1999732.011,7.9563,0.83,36.1176,3.3987,3515400.002
301236.SZ,2024-01-26,36.17,36.75,34.6,34.79,36.89,-2.1,-5.6926,536918.19,1910563.709,7.8922,0.84,34.0616,3.2053,3315282.3548
301236.SZ,2024-01-29,35.11,36.3,34.0,34.0,34.79,-0.79,-2.2708,383311.45,1337764.535,5.6343,0.64,33.2881,3.1325,3240000.0018
301236.SZ,2024-01-30,33.72,34.86,33.42,33.56,34.0,-0.44,-1.2941,310070.33,1055552.653,4.5577,0.6,32.8573,3.0919,3198070.59
301236.SZ,2024-01-31,33.87,33.93,31.29,31.39,33.56,-2.17,-6.466,484964.8,1561263.135,7.1285,1.03,30.7328,2.892,2991282.3546
301236.SZ,2024-02-01,31.39,34.04,31.37,32.54,31.39,1.15,3.6636,492058.44,1606815.116,7.2328,1.09,31.8587,2.998,3100870.59
301236.SZ,2024-02-02,32.9,33.3,30.29,31.25,32.54,-1.29,-3.9644,463712.58,1468203.088,6.8161,1.05,30.5957,2.8791,2977941.1781
301236.SZ,2024-02-05,31.01,31.67,28.65,29.34,31.25,-1.91,-6.112,500649.65,1498255.749,7.3591,1.17,28.7257,2.7031,2795929.4133
301236.SZ,2024-02-06,28.91,32.93,28.91,32.25,29.34,2.91,9.9182,564152.08,1754830.826,8.2925,1.25,31.5748,2.9713,3073235.2958
301236.SZ,2024-02-07,31.74,34.5,31.7,33.08,32.25,0.83,2.5736,595919.33,1988127.211,8.7595,1.19,32.3874,3.0477,3152329.4135
301236.SZ,2024-02-08,34.3,35.48,33.88,34.94,33.08,1.86,5.6227,495348.98,1727481.648,7.2812,0.95,34.2084,3.2191,3329576.4724
301236.SZ,2024-02-19,36.34,38.36,35.35,37.98,34.94,3.04,8.7006,744803.86,2720850.842,10.9479,1.42,37.1848,3.4992,3619270.5902
301236.SZ,2024-02-20,36.98,37.76,36.55,37.21,37.98,-0.77,-2.0274,486682.91,1807867.486,7.1538,0.84,36.4309,3.4282,3545894.1196
301236.SZ,2024-02-21,36.5,38.09,36.3,36.7,37.21,-0.51,-1.3706,523691.44,1960595.091,7.6978,0.91,35.9316,3.3812,3497294.1196
301236.SZ,2024-02-22,37.86,38.33,36.96,37.6,36.7,0.9,2.4523,616801.87,2321433.377,9.0664,1.08,36.8128,3.4642,3583058.8255
301236.SZ,2024-02-23,39.2,41.35,38.5,40.81,37.6,3.21,8.5372,856615.61,3433285.0,12.5914,1.49,39.9555,3.7599,3888952.9433
301236.SZ,2024-02-26,40.16,42.93,39.45,40.32,40.81,-0.49,-1.2007,788445.39,3239145.475,11.5894,1.22,39.4758,3.7148,3842258.8257
301236.SZ,2024-02-27,40.0,43.88,39.71,43.01,40.32,2.69,6.6716,769576.86,3231135.634,11.3121,1.18,42.1095,3.9626,4098600.0023
301236.SZ,2024-02-28,43.0,44.81,41.1,41.4,43.01,-1.61,-3.7433,920512.71,3929728.039,13.5307,1.29,40.5332,3.8143,3945176.4728
301236.SZ,2024-02-29,42.0,45.96,41.66,45.47,41.4,4.07,9.8309,934108.67,4124516.825,13.7305,1.18,44.518,4.1892,4333023.5318
301236.SZ,2024-03-01,45.47,46.2,44.46,45.48,45.47,0.01,0.022,740430.93,3353783.975,10.8836,0.87,44.5278,4.1902,4333976.473
301236.SZ,2024-03-04,47.56,48.64,45.51,46.85,45.48,1.37,3.0123,782778.4,3683730.244,11.5061,0.94,45.8691,4.3164,4464529.4142
301236.SZ,2024-03-05,46.19,51.2,46.01,47.88,46.85,1.03,2.1985,1027692.7,4955373.791,15.1061,1.24,46.8775,4.4113,4562682.3555
301236.SZ,2024-03-06,47.91,50.58,47.33,49.99,47.88,2.11,4.4069,804817.95,3958510.042,11.8301,0.91,48.9433,4.6057,4763752.9438
301236.SZ,2024-03-07,50.0,51.0,46.35,46.43,49.99,-3.56,-7.1214,1004088.84,4826427.249,14.7592,1.17,45.4579,4.2777,4424505.8848
301236.SZ,2024-03-08,47.2,48.57,46.11,48.0,46.43,1.57,3.3814,679987.72,3218070.282,9.9952,0.78,46.995,4.4223,4574117.6496
301236.SZ,2024-03-11,46.95,55.88,46.8,54.91,48.0,6.91,14.3958,1141300.85,5880365.895,16.7761,1.33,53.7603,5.059,5232600.0029
301236.SZ,2024-03-12,55.06,55.5,52.93,53.82,54.91,-1.09,-1.9851,842853.32,4554497.018,12.3892,0.9,52.6931,4.9585,5128729.4146
301236.SZ,2024-03-13,54.87,54.87,52.37,52.49,53.82,-1.33,-2.4712,793065.93,4246163.377,11.6573,0.89,51.391,4.836,5001988.2381
301236.SZ,2024-03-14,51.79,53.45,50.78,53.43,52.49,0.94,1.7908,765671.31,3991288.91,11.2547,0.86,52.3113,4.9226,5091564.7087
301236.SZ,2024-03-15,53.2,53.32,51.11,52.78,53.43,-0.65,-1.2165,672256.65,3515858.61,9.8815,0.8,51.6749,4.8627,5029623.5322
301236.SZ,2024-03-18,53.0,55.12,52.15,53.27,52.78,0.49,0.9284,731720.81,3935204.565,10.7556,0.87,52.1547,4.9079,5076317.6499
301236.SZ,2024-03-19,52.71,55.88,52.55,53.2,53.27,-0.07,-0.1314,810556.32,4391256.572,11.9144,1.06,52.0861,4.9014,5069647.0616
301236.SZ,2024-03-20,52.6,53.55,50.86,52.42,53.2,-0.78,-1.4662,720665.01,3759068.443,10.5931,0.95,51.3225,4.8295,4995317.6498
301236.SZ,2024-03-21,51.85,52.8,51.25,51.4,52.42,-1.02,-1.9458,473397.74,2452639.668,6.9585,0.64,50.3238,4.7356,4898117.6498
301236.SZ,2024-03-22,51.65,52.75,50.63,51.38,51.4,-0.02,-0.0389,578418.3,2986284.491,8.5022,0.85,50.3042,4.7337,4896211.7674
301236.SZ,2024-03-25,50.91,52.98,49.11,49.31,51.38,-2.07,-4.0288,631309.28,3230587.652,9.2797,0.95,48.2776,4.543,4698952.9438
301236.SZ,2024-03-26,49.0,50.25,47.11,47.99,49.31,-1.32,-2.6769,670168.06,3260107.166,9.8508,1.04,46.9852,4.4214,4573164.7084
301236.SZ,2024-03-27,47.51,47.98,44.98,45.04,47.99,-2.95,-6.1471,550745.44,2544152.028,8.0954,0.9,44.097,4.1496,4292047.0612
301236.SZ,2024-03-28,45.48,48.07,45.03,46.9,45.04,1.86,4.1297,627742.38,2929629.028,9.2272,1.08,45.918,4.321,4469294.1201
301236.SZ,2024-03-29,46.62,47.28,45.35,46.48,46.9,-0.42,-0.8955,414393.77,1919514.038,6.0912,0.68,45.5068,4.2823,4429270.5907
301236.SZ,2024-04-01,47.01,47.88,46.59,47.55,46.48,1.07,2.3021,436059.79,2064835.481,6.4097,0.75,46.5544,4.3809,4531235.2966
301236.SZ,2024-04-02,47.17,47.38,45.33,45.64,47.55,-1.91,-4.0168,452801.04,2084211.564,6.6558,0.84,44.6844,4.2049,4349223.5318
301236.SZ,2024-04-03,45.5,45.8,43.77,44.51,45.64,-1.13,-2.4759,382209.82,1703012.838,5.6181,0.77,43.5781,4.1008,4241541.1788
301236.SZ,2024-04-08,45.11,47.64,44.87,46.16,44.51,1.65,3.707,649554.29,3009219.423,9.5478,1.4,45.1935,4.2528,4398776.473
301236.SZ,2024-04-09,45.6,46.19,43.5,45.02,46.16,-1.14,-2.4697,517360.33,2307487.756,7.6047,1.11,44.0774,4.1478,4290141.1789
301236.SZ,2024-04-10,44.98,46.17,44.0,44.44,45.02,-0.58,-1.2883,429158.03,1934495.217,6.3082,0.88,43.5095,4.0943,4234870.5906
301236.SZ,2024-04-11,44.03,45.07,42.66,43.4,44.44,-1.04,-2.3402,509450.56,2240361.127,7.4884,1.05,42.4913,3.9985,4135764.7082
301236.SZ,2024-04-12,43.4,44.56,43.21,43.34,43.4,-0.06,-0.1382,376432.6,1653167.166,5.5332,0.76,42.4326,3.993,4130047.0611
301236.SZ,2024-04-15,43.19,44.28,41.98,42.86,43.34,-0.48,-1.1075,423074.39,1821658.293,6.2188,0.85,41.9626,3.9488,4084305.8846
301236.SZ,2024-04-16,42.5,42.96,40.44,40.59,42.86,-2.27,-5.2963,412674.95,1705231.572,6.0659,0.91,39.7401,3.7396,3867988.2374
301236.SZ,2024-04-17,41.4,43.27,41.37,42.8,40.59,2.21,5.4447,458645.8,1948929.88,6.7417,1.07,41.9039,3.9432,4078588.2376
301236.SZ,2024-04-18,42.2,44.89,41.46,43.5,42.8,0.7,1.6355,597670.1,2615101.159,8.7852,1.37,42.5892,4.0077,4145294.12
301236.SZ,2024-04-19,42.8,44.22,42.13,42.47,43.5,-1.03,-2.3678,389855.84,1677976.344,5.7305,0.86,41.5808,3.9128,4047141.1787
301236.SZ,2024-04-22,40.5,41.23,39.5,40.48,42.47,-1.99,-4.6857,352880.68,1429285.435,5.187,0.77,39.6325,3.7295,3857505.8845
301236.SZ,2024-04-23,41.0,41.42,40.1,40.24,40.48,-0.24,-0.5929,247411.91,1006830.701,3.6367,0.56,39.3975,3.7074,3834635.2962
301236.SZ,2024-04-24,40.77,42.67,40.3,42.65,40.24,2.41,5.9891,424743.03,1768641.803,6.2433,1.04,41.757,3.9294,4064294.1199
301236.SZ,2024-04-25,42.01,42.44,41.3,41.52,42.65,-1.13,-2.6495,307262.92,1286802.071,4.5165,0.76,40.6507,3.8253,3956611.7669
301236.SZ,2024-04-26,41.99,44.98,41.95,44.42,41.52,2.9,6.9846,609886.71,2673276.868,8.9648,1.77,43.49,4.0925,4232964.7082
301236.SZ,2024-04-29,44.0,45.41,43.67,44.63,44.42,0.21,0.4728,649108.73,2883216.362,9.5413,1.67,79.6592,4.1367,4252976.473
301236.SZ,2024-04-30,44.44,44.95,41.56,42.15,44.63,-2.48,-5.5568,587400.11,2521235.195,8.6342,1.31,75.2327,3.9068,4016647.0611
301236.SZ,2024-05-06,42.66,44.56,42.66,43.4,42.15,1.25,2.9656,418559.16,1825704.492,6.1524,0.81,77.4638,4.0227,4135764.7082
301236.SZ,2024-05-07,43.73,44.07,42.38,42.88,43.4,-0.52,-1.1982,313898.63,1352207.788,4.614,0.61,76.5357,3.9745,4086211.767
301236.SZ,2024-05-08,42.69,42.69,40.6,40.94,42.88,-1.94,-4.5243,358202.23,1476527.625,5.2652,0.69,73.073,3.7947,3901341.1786
301236.SZ,2024-05-09,41.0,41.85,40.89,41.19,40.94,0.25,0.6106,265293.88,1095614.114,3.8996,0.57,73.5192,3.8178,3925164.7081
301236.SZ,2024-05-10,41.18,41.35,39.45,39.65,41.19,-1.54,-3.7388,321600.85,1284303.444,4.7272,0.83,70.7705,3.6751,3778411.7668
301236.SZ,2024-05-13,39.51,39.6,38.29,38.51,39.65,-1.14,-2.8752,277361.09,1075565.575,4.0769,0.83,68.7357,3.5694,3669776.4726
301236.SZ,2024-05-14,38.96,39.8,38.6,39.3,38.51,0.79,2.0514,296219.24,1160404.956,4.3541,0.96,70.1458,3.6427,3745058.8256
301236.SZ,2024-05-15,39.2,40.31,38.83,39.51,39.3,0.21,0.5344,317889.08,1256128.138,4.6727,1.05,70.5206,3.6621,3765070.5903
301236.SZ,2024-05-16,39.71,39.98,38.86,38.9,39.51,-0.61,-1.5439,265330.98,1043233.761,3.9001,0.9,69.4318,3.6056,3706941.1785
301236.SZ,2024-05-17,38.6,39.7,38.3,39.51,38.9,0.61,1.5681,263026.51,1031936.464,3.8662,0.89,70.5206,3.6621,3765070.5903
301236.SZ,2024-05-20,39.48,40.33,38.88,40.09,39.51,0.58,1.468,268524.66,1070995.8,3.9471,0.95,71.5559,3.7159,3820341.1786
301236.SZ,2024-05-21,40.6,41.88,40.19,40.81,40.09,0.72,1.796,494354.74,2036471.183,7.2666,1.75,72.841,3.7826,3888952.9433
301236.SZ,2024-05-22,40.41,42.3,40.03,41.46,40.81,0.65,1.5927,441745.6,1827809.245,6.4932,1.37,74.0011,3.8429,3950894.1198
301236.SZ,2024-05-23,41.77,41.88,40.61,40.61,41.46,-0.85,-2.0502,335455.42,1380880.497,4.9309,0.97,72.484,3.7641,3869894.1198
301236.SZ,2024-05-24,40.69,41.49,39.5,39.5,40.61,-1.11,-2.7333,308319.28,1248251.176,4.532,0.85,70.5028,3.6612,3764117.6492
301236.SZ,2024-05-27,39.62,40.22,38.5,39.86,39.5,0.36,0.9114,280910.55,1105581.5,4.1291,0.76,71.1453,3.6946,3798423.5315
301236.SZ,2024-05-28,39.62,40.1,38.61,38.61,39.86,-1.25,-3.136,255035.13,999618.143,3.7488,0.69,68.9142,3.5787,3679305.8844
301236.SZ,2024-05-29,38.81,39.19,37.75,38.03,38.61,-0.58,-1.5022,275052.78,1053404.403,4.043,0.85,67.879,3.5249,3624035.2961
301236.SZ,2024-05-30,37.95,38.36,37.46,38.04,38.03,0.01,0.0263,199745.45,757979.715,2.9361,0.69,67.8968,3.5259,3624988.2373
301236.SZ,2024-05-31,38.33,41.18,38.01,39.78,38.04,1.74,4.5741,528625.53,2117119.47,7.7703,2.0,71.0025,3.6872,3790800.0021
301236.SZ,2024-06-03,40.03,40.56,39.51,40.11,39.78,0.33,0.8296,313378.29,1256147.93,4.6064,1.02,71.5916,3.7177,3822247.0609
301236.SZ,2024-06-04,39.94,40.17,39.09,39.52,40.11,-0.59,-1.471,240343.22,948474.835,3.5328,0.76,70.5385,3.6631,3766023.5315
301236.SZ,2024-06-05,39.56,40.39,38.97,38.97,39.52,-0.55,-1.3917,236152.09,935935.009,3.4712,0.76,69.5568,3.6121,3713611.7668
301236.SZ,2024-06-06,39.09,40.1,38.46,38.67,38.97,-0.3,-0.7698,348860.97,1365093.155,5.1279,1.15,69.0213,3.5843,3685023.5315
301236.SZ,2024-06-07,39.12,39.34,36.98,37.55,38.67,-1.12,-2.8963,353108.77,1335794.899,5.1904,1.06,67.0223,3.4805,3578294.1196
301236.SZ,2024-06-11,37.3,38.93,37.0,38.82,37.55,1.27,3.3822,283871.92,1089974.022,4.1727,0.95,69.2891,3.5982,3699317.6491
301236.SZ,2024-06-12,38.8,40.16,38.7,39.38,38.82,0.56,1.4426,310127.0,1229477.843,4.5586,1.06,70.2886,3.6501,3752682.355
301236.SZ,2024-06-13,40.56,41.46,40.1,40.92,39.2,1.72,4.3878,520924.21,2126159.108,7.6571,1.7,73.0373,3.8572,3899435.2963
301236.SZ,2024-06-14,40.68,42.23,40.5,41.46,40.92,0.54,1.3196,564141.35,2339462.945,8.2924,1.55,74.0011,3.9081,3950894.1198
301236.SZ,2024-06-17,41.46,41.72,40.5,40.91,41.46,-0.55,-1.3266,407070.6,1671031.357,5.9836,1.0,73.0195,3.8562,3898482.3551
301236.SZ,2024-06-18,40.9,42.71,40.81,42.59,40.91,1.68,4.1066,554810.45,2308378.036,8.1552,1.33,76.0181,4.0146,4058576.4728
301236.SZ,2024-06-19,43.28,43.35,41.84,42.21,42.59,-0.38,-0.8922,493321.47,2097780.399,7.2514,1.05,75.3398,3.9788,4022364.7081
301236.SZ,2024-06-20,42.23,42.38,40.2,40.84,42.21,-1.37,-3.2457,384788.96,1577592.394,5.656,0.76,72.8945,3.8496,3891811.7669
301236.SZ,2024-06-21,40.7,41.42,40.06,40.51,40.84,-0.33,-0.808,296203.35,1208679.426,4.3539,0.62,72.3055,3.8185,3860364.708
301236.SZ,2024-06-24,40.1,40.75,37.4,37.64,40.51,-2.87,-7.0847,468636.99,1823269.041,6.8885,1.1,67.1829,3.548,3586870.5902
301236.SZ,2024-06-25,37.6,37.6,34.94,35.21,37.64,-2.43,-6.4559,458201.76,1651137.025,6.7351,1.04,62.8456,3.3189,3355305.8842
301236.SZ,2024-06-26,35.3,37.29,34.51,36.87,35.21,1.66,4.7146,372808.15,1344829.63,5.4799,0.89,65.8085,3.4754,3513494.1196
301236.SZ,2024-06-27,36.44,36.7,35.13,35.23,36.87,-1.64,-4.4481,292266.2,1048803.934,4.296,0.74,62.8813,3.3208,3357211.7666
301236.SZ,2024-06-28,35.2,36.26,35.1,35.21,35.23,-0.02,-0.0568,263519.11,940440.276,3.8735,0.7,62.8456,3.3189,3355305.8842
301236.SZ,2024-07-01,35.2,36.18,34.89,35.92,35.21,0.71,2.0165,231858.34,827677.039,3.4081,0.62,64.1129,3.3859,3422964.7078
301236.SZ,2024-07-02,35.92,36.74,35.39,35.63,35.92,-0.29,-0.8073,246006.83,889045.665,3.6161,0.76,63.5953,3.3585,3395329.4137
301236.SZ,2024-07-03,35.32,35.37,33.77,33.95,35.63,-1.68,-4.7151,325532.47,1115852.579,4.785,1.16,60.5967,3.2002,3235235.2959
301236.SZ,2024-07-04,34.19,34.34,33.2,33.33,33.95,-0.62,-1.8262,214498.85,722791.01,3.1529,0.79,59.4901,3.1417,3176152.9429
301236.SZ,2024-07-05,33.47,34.26,33.08,33.9,33.33,0.57,1.7102,215239.34,725494.42,3.1638,0.84,60.5074,3.1955,3230470.59
301236.SZ,2024-07-08,33.64,33.99,32.86,32.95,33.9,-0.95,-2.8024,185245.31,615117.855,2.7229,0.75,58.8118,3.1059,3139941.1782
301236.SZ,2024-07-09,32.87,34.09,32.7,33.98,32.95,1.03,3.1259,262881.92,880195.545,3.8641,1.11,60.6502,3.203,3238094.1194
301236.SZ,2024-07-10,33.7,34.22,33.42,33.49,33.98,-0.49,-1.442,205791.99,696019.606,3.0249,0.86,59.7756,3.1568,3191400.0018
301236.SZ,2024-07-11,34.25,34.72,33.86,33.94,33.49,0.45,1.3437,285158.25,975291.077,4.1916,1.32,60.5788,3.1992,3234282.3547
301236.SZ,2024-07-12,33.56,33.64,32.7,32.82,33.94,-1.12,-3.2999,260071.19,858970.514,3.8228,1.13,58.5798,3.0937,3127552.9429
301236.SZ,2024-07-15,32.4,32.59,32.02,32.15,32.82,-0.67,-2.0414,210162.73,678003.967,3.0892,0.88,57.3839,3.0305,3063705.8841
301236.SZ,2024-07-16,32.03,34.62,31.86,34.2,32.15,2.05,6.3764,410030.59,1374952.191,6.0271,1.67,61.0429,3.2237,3259058.8253
301236.SZ,2024-07-17,34.06,34.56,33.37,33.4,34.2,-0.8,-2.3392,241500.8,819038.382,3.5498,0.88,59.615,3.1483,3182823.5312
301236.SZ,2024-07-18,33.3,33.31,31.8,32.85,33.4,-0.55,-1.6467,264316.89,857080.916,3.8852,0.94,58.6333,3.0965,3130411.7664
301236.SZ,2024-07-19,32.6,34.79,32.43,34.12,32.85,1.27,3.8661,338609.33,1145610.264,4.9772,1.22,60.9001,3.2162,3251435.2959
301236.SZ,2024-07-22,35.5,36.32,34.79,35.49,34.12,1.37,4.0152,548872.04,1949795.672,8.0679,1.87,63.3454,3.3453,3381988.2372
301236.SZ,2024-07-23,34.99,35.58,33.8,33.8,35.49,-1.69,-4.7619,346004.48,1196832.214,5.0859,0.96,60.329,3.186,3220941.1783
301236.SZ,2024-07-24,33.79,34.35,32.8,32.87,33.8,-0.93,-2.7515,255051.06,853607.874,3.749,0.73,58.669,3.0984,3132317.6488
301236.SZ,2024-07-25,32.64,33.31,32.41,32.53,32.87,-0.34,-1.0344,188050.69,617358.12,2.7642,0.54,58.0622,3.0663,3099917.6488
301236.SZ,2024-07-26,32.69,33.13,32.26,32.77,32.53,0.24,0.7378,173989.79,569296.889,2.5575,0.52,58.4905,3.0889,3122788.237
301236.SZ,2024-07-29,32.89,33.29,32.16,32.73,32.77,-0.04,-0.1221,171711.16,562024.414,2.524,0.57,58.4191,3.0852,3118976.4723
301236.SZ,2024-07-30,32.76,32.82,32.04,32.2,32.73,-0.53,-1.6193,175206.44,567025.041,2.5754,0.77,57.4731,3.0352,3068470.5899
301236.SZ,2024-07-31,32.33,34.46,32.23,34.45,32.2,2.25,6.9876,371638.03,1249528.457,5.4627,1.93,61.4891,3.2473,3282882.3548
301236.SZ,2024-08-01,34.3,34.61,33.59,33.89,34.45,-0.56,-1.6255,263754.82,897300.969,3.8769,1.22,60.4896,3.1945,3229517.6489
301236.SZ,2024-08-02,33.58,34.27,32.7,32.8,33.89,-1.09,-3.2163,226376.64,755628.149,3.3275,0.98,58.5441,3.0918,3125647.0606
301236.SZ,2024-08-05,32.5,33.08,31.18,31.25,32.8,-1.55,-4.7256,277230.48,888621.57,4.075,1.15,55.7775,2.9457,2977941.1781
301236.SZ,2024-08-06,31.85,32.0,31.2,31.86,31.25,0.61,1.952,159657.9,504289.559,2.3468,0.61,56.8663,3.0032,3036070.5899
301236.SZ,2024-08-07,31.84,32.24,31.41,31.47,31.86,-0.39,-1.2241,141909.7,451649.593,2.0859,0.55,56.1702,2.9664,2998905.884
301236.SZ,2024-08-08,31.2,31.62,30.5,31.15,31.47,-0.32,-1.0168,173875.49,538513.862,2.5558,0.81,55.599,2.9362,2968411.7664
301236.SZ,2024-08-09,31.68,31.68,30.96,30.96,31.15,-0.19,-0.61,110126.41,344764.963,1.6188,0.56,55.2599,2.9183,2950305.884
301236.SZ,2024-08-12,30.89,31.01,30.45,30.68,30.96,-0.28,-0.9044,101574.95,311811.828,1.4931,0.59,54.7601,2.8919,2923623.531
301236.SZ,2024-08-13,30.55,31.03,30.26,31.03,30.68,0.35,1.1408,102777.3,315408.524,1.5107,0.75,55.3848,2.9249,2956976.4722
301236.SZ,2024-08-14,31.05,32.07,30.77,31.38,31.03,0.35,1.1279,189537.01,596095.048,2.786,1.5,56.0095,2.9579,2990329.4134
301236.SZ,2024-08-15,31.2,31.98,31.08,31.55,31.38,0.17,0.5417,150709.51,475773.559,2.2153,1.11,56.313,2.9739,3006529.4134
301236.SZ,2024-08-16,31.58,32.18,31.5,31.77,31.55,0.22,0.6973,172145.98,547736.641,2.5304,1.31,56.7056,2.9947,3027494.1193
301236.SZ,2024-08-19,31.76,33.05,31.62,31.97,31.77,0.2,0.6295,261523.32,848452.183,3.8441,1.82,57.0626,3.0135,3046552.9429
301236.SZ,2024-08-20,31.8,31.84,30.98,31.11,31.97,-0.86,-2.69,182008.32,569852.672,2.6754,1.04,55.5276,2.9325,2964600.0016
301236.SZ,2024-08-21,31.11,31.57,30.84,30.89,31.11,-0.22,-0.7072,124650.5,388258.655,1.8322,0.65,55.135,2.9117,2943635.2958
301236.SZ,2024-08-22,30.81,32.35,30.42,30.57,30.89,-0.32,-1.0359,308642.54,971308.207,4.5368,1.73,54.5638,2.8816,2913141.1781
301236.SZ,2024-08-23,32.0,32.3,30.92,31.46,30.57,0.89,2.9114,365357.97,1155530.998,5.3704,1.74,56.1523,2.9655,2997952.9428
301236.SZ,2024-08-26,31.7,32.38,31.11,31.25,31.46,-0.21,-0.6675,274372.33,867299.212,4.033,1.1,55.7775,2.9457,2977941.1781
301236.SZ,2024-08-27,31.57,32.43,30.8,31.54,31.25,0.29,0.928,371145.24,1177076.576,5.4555,1.48,56.2951,2.973,3005576.4723
301236.SZ,2024-08-28,31.0,31.0,29.2,29.75,31.54,-1.79,-5.6753,362708.83,1079966.207,5.3315,1.26,53.1002,2.8043,2835000.0016
301236.SZ,2024-08-29,29.89,30.88,29.68,30.53,29.75,0.78,2.6218,289908.55,881496.226,4.2614,0.86,54.4924,2.8778,2909329.4134
301236.SZ,2024-08-30,31.5,35.1,31.45,34.03,30.53,3.5,11.4641,712234.67,2401367.975,10.4692,2.14,60.7395,3.1642,3242858.8253
301236.SZ,2024-09-02,34.03,34.19,32.95,33.22,34.03,-0.81,-2.3803,372159.26,1243389.122,5.4704,0.93,59.2937,3.0889,3165670.59
301236.SZ,2024-09-03,33.75,34.53,33.0,34.18,33.22,0.96,2.8898,424856.2,1436066.178,6.245,1.01,61.0072,3.1781,3257152.943
301236.SZ,2024-09-04,34.2,34.44,33.49,33.66,34.18,-0.52,-1.5214,281621.42,953946.336,4.1396,0.65,60.0791,3.1298,3207600.0018
301236.SZ,2024-09-05,33.87,33.91,33.16,33.26,33.66,-0.4,-1.1884,240971.7,807713.065,3.5421,0.58,59.3651,3.0926,3169482.3547
301236.SZ,2024-09-06,33.35,33.35,32.5,32.68,33.26,-0.58,-1.7438,181879.0,597386.858,2.6735,0.45,58.3299,3.0387,3114211.7664
301236.SZ,2024-09-09,32.7,32.71,31.99,32.25,32.68,-0.43,-1.3158,156981.41,506497.245,2.3075,0.52,57.5624,2.9987,3073235.2958
301236.SZ,2024-09-10,32.43,33.73,31.69,33.5,32.25,1.25,3.876,370445.94,1218376.775,5.4452,1.44,59.7935,3.1149,3192352.943
301236.SZ,2024-09-11,33.0,33.76,32.71,33.11,33.5,-0.39,-1.1642,250452.51,829706.378,3.6814,1.02,59.0974,3.0786,3155188.237
301236.SZ,2024-09-12,33.33,34.25,33.05,33.33,33.11,0.22,0.6645,354065.6,1189453.785,5.2044,1.47,59.4901,3.0991,3176152.9429
301236.SZ,2024-09-13,33.3,33.3,32.43,32.43,33.33,-0.9,-2.7003,225719.23,739337.802,3.3179,0.86,57.8837,3.0154,3090388.237
301236.SZ,2024-09-18,32.74,33.59,32.43,33.59,32.43,1.16,3.5769,261731.12,866912.749,3.8472,0.96,59.9541,3.1233,3200929.4135
301236.SZ,2024-09-19,33.85,34.79,32.94,33.93,33.59,0.34,1.0122,451633.26,1531848.565,6.6386,1.54,60.561,3.1549,3233329.4136
301236.SZ,2024-09-20,34.2,36.8,34.0,36.3,33.93,2.37,6.985,698296.53,2493629.62,10.2643,2.26,64.7912,3.3752,3459176.4725
301236.SZ,2024-09-23,36.9,38.48,36.5,36.81,36.3,0.51,1.405,731258.21,2729528.848,10.7488,1.84,65.7014,3.4227,3507776.4725
301236.SZ,2024-09-24,36.2,36.87,35.01,36.63,36.81,-0.18,-0.489,695168.06,2502260.157,10.2183,1.47,65.3802,3.4059,3490623.5314
301236.SZ,2024-09-25,36.88,38.33,36.54,36.56,36.63,-0.07,-0.1911,637200.6,2388766.981,9.3663,1.12,65.2552,3.3994,3483952.9431
301236.SZ,2024-09-26,36.48,39.96,36.33,38.56,36.56,2.0,5.4705,819477.3,3135097.744,12.0455,1.28,68.825,3.5854,3674541.1785
301236.SZ,2024-09-27,38.89,43.05,38.56,42.93,38.56,4.37,11.333,892414.99,3667151.418,13.1177,1.25,76.6249,3.9917,4090976.4729
301236.SZ,2024-09-30,49.0,51.52,45.68,51.52,42.93,8.59,20.0093,751599.31,3744529.189,11.0478,1.0,91.957,4.7904,4909552.9439
301236.SZ,2024-10-08,61.82,61.82,58.82,61.82,51.52,10.3,19.9922,621830.49,3823463.374,9.1403,0.82,110.3413,5.7481,5891082.3562
301236.SZ,2024-10-09,61.9,74.18,61.82,69.0,61.82,7.18,11.6144,1991722.59,14186810.179,29.2765,2.68,123.1567,6.4158,6575294.1213
301236.SZ,2024-10-10,67.81,67.86,55.2,55.2,69.0,-13.8,-20.0,1574778.04,9286647.036,23.1478,1.55,98.5254,5.1326,5260235.297
301236.SZ,2024-10-11,51.12,62.0,51.12,58.17,55.2,2.97,5.3804,1234891.06,7088309.526,18.1517,1.06,103.8265,5.4088,5543258.8266
301236.SZ,2024-10-14,58.0,69.8,54.62,69.8,58.17,11.63,19.9931,1402813.56,8802196.959,20.62,1.14,124.5846,6.4901,6651529.4155
301236.SZ,2024-10-15,68.94,76.5,63.09,63.67,69.8,-6.13,-8.7822,1948235.6,13607867.258,28.6372,1.43,113.6433,5.9202,6067376.474
301236.SZ,2024-10-16,60.0,64.5,60.0,61.53,63.67,-2.14,-3.3611,979551.29,6068376.495,14.3985,0.6,109.8237,5.7212,5863447.0621
301236.SZ,2024-10-17,64.74,73.84,62.1,70.87,61.53,9.34,15.1796,2053073.26,14490767.847,30.1783,1.44,126.4945,6.5896,6753494.1214
301236.SZ,2024-10-18,70.54,76.6,66.88,71.59,70.87,0.72,1.0159,1930354.82,13586089.751,28.3744,1.27,127.7796,6.6566,6822105.8861
301236.SZ,2024-10-21,69.0,76.59,68.32,72.57,71.59,0.98,1.3689,1636632.88,11773502.344,24.057,0.98,129.5288,6.7477,6915494.1215
301236.SZ,2024-10-22,71.0,72.1,65.09,66.7,72.57,-5.87,-8.0887,1169106.62,7968011.275,17.1848,0.68,119.0515,6.2019,6356117.6506
301236.SZ,2024-10-23,66.71,69.9,63.81,64.17,66.7,-2.53,-3.7931,998425.21,6622389.112,14.6759,0.64,114.5358,5.9667,6115023.5328
301236.SZ,2024-10-24,63.0,64.98,62.83,64.41,64.17,0.24,0.374,700132.63,4471822.928,10.2913,0.45,114.9641,5.989,6137894.1211
301236.SZ,2024-10-25,63.77,65.04,62.0,63.72,64.41,-0.69,-1.0713,584691.36,3731001.642,8.5944,0.45,113.7326,5.9248,6072141.1798
301236.SZ,2024-10-28,65.99,67.29,64.52,64.97,63.72,1.25,1.9617,716569.52,4691879.855,10.5329,0.7,115.9637,5.9172,6191258.827
301236.SZ,2024-10-29,64.7,68.46,64.13,64.84,64.97,-0.13,-0.2001,868829.69,5749492.093,12.771,1.04,115.7316,5.9054,6178870.5917
301236.SZ,2024-10-30,63.4,75.6,62.8,72.4,64.84,7.56,11.6595,1441954.59,9948796.8,21.1954,1.86,129.2253,6.5939,6899294.1215
301236.SZ,2024-10-31,71.68,72.1,66.96,67.94,72.4,-4.46,-6.1602,1273481.01,8885589.712,18.719,1.48,121.2648,6.1877,6474282.3565
301236.SZ,2024-11-01,66.05,66.6,59.39,60.5,67.94,-7.44,-10.9508,1001325.11,6220385.184,14.7185,1.02,107.9853,5.5101,5765294.1209
301236.SZ,2024-11-04,60.28,62.68,60.25,62.3,60.5,1.8,2.9752,542106.88,3338525.729,7.9685,0.51,111.198,5.674,5936823.5327
301236.SZ,2024-11-05,62.16,66.88,61.58,65.59,62.3,3.29,5.2809,769087.05,4974836.39,11.3049,0.75,117.0703,5.9737,6250341.1799
301236.SZ,2024-11-06,65.75,67.22,64.27,65.15,65.59,-0.44,-0.6708,633193.36,4168708.069,9.3074,0.63,116.285,5.9336,6208411.7682
301236.SZ,2024-11-07,64.8,65.65,63.28,65.18,65.15,0.03,0.046,554462.96,3576733.613,8.1501,0.66,116.3385,5.9363,6211270.5917
301236.SZ,2024-11-08,67.49,69.98,66.4,67.5,65.18,2.32,3.5594,851411.46,5818273.204,12.515,1.22,120.4794,6.1476,6432352.9448
301236.SZ,2024-11-11,68.7,71.69,66.38,70.0,67.5,2.5,3.7037,908356.74,6298075.318,13.352,1.36,124.9416,6.3753,6670588.239
301236.SZ,2024-11-12,68.51,68.95,64.57,66.25,70.0,-3.75,-5.3571,824124.23,5489036.289,12.1139,1.11,118.2483,6.0338,6313235.2976
301236.SZ,2024-11-13,65.5,67.34,64.61,66.36,66.25,0.11,0.166,406616.43,2684652.936,5.9769,0.54,118.4447,6.0438,6323717.6506
301236.SZ,2024-11-14,65.84,67.15,63.9,64.07,66.36,-2.29,-3.4509,382723.12,2510098.024,5.6257,0.54,114.3573,5.8352,6105494.121
301236.SZ,2024-11-15,64.75,65.6,60.79,60.83,64.07,-3.24,-5.057,501424.97,3156812.899,7.3705,0.74,108.5743,5.5402,5796741.1797
301236.SZ,2024-11-18,61.2,61.9,56.52,57.17,60.83,-3.66,-6.0168,466536.81,2713424.964,6.8577,0.77,102.0416,5.2068,5447964.7089
301236.SZ,2024-11-19,57.03,59.46,56.4,59.25,57.17,2.08,3.6383,348510.07,2029973.383,5.1228,0.68,105.7542,5.3963,5646176.4737
301236.SZ,2024-11-20,58.66,60.66,58.46,59.68,59.25,0.43,0.7257,319689.92,1904086.333,4.6991,0.76,106.5217,5.4354,5687152.9443
301236.SZ,2024-11-21,59.53,62.49,59.2,61.09,59.68,1.41,2.3626,470700.3,2891869.826,6.9189,1.17,109.0383,5.5638,5821517.6503
301236.SZ,2024-11-22,60.78,65.37,60.41,60.43,61.09,-0.66,-1.0804,612019.8,3858097.963,8.9961,1.45,107.8603,5.5037,5758623.5326
301236.SZ,2024-11-25,61.35,63.99,57.87,63.01,60.43,2.58,4.2694,632798.17,3903614.823,9.3015,1.43,112.4653,5.7387,6004482.3563
301236.SZ,2024-11-26,62.1,62.84,60.1,60.18,63.01,-2.83,-4.4914,346943.67,2127583.633,5.0997,0.73,107.4141,5.481,5734800.0032
301236.SZ,2024-11-27,59.3,63.43,58.21,62.79,60.18,2.61,4.337,478007.82,2923398.647,7.0263,1.0,112.0726,5.7187,5983517.6504
301236.SZ,2024-11-28,62.78,67.36,60.8,63.99,62.79,1.2,1.9111,798834.47,5077446.901,11.7421,1.57,114.2145,5.828,6097870.5916
301236.SZ,2024-11-29,63.44,65.87,63.11,63.9,63.99,-0.09,-0.1406,579287.51,3737332.577,8.515,1.01,114.0539,5.8198,6089294.121
301236.SZ,2024-12-02,62.95,64.26,62.25,63.04,63.9,-0.86,-1.3459,447482.62,2823723.321,6.5776,0.79,112.5189,5.7414,6007341.1798
301236.SZ,2024-12-03,63.06,63.48,60.57,61.01,63.04,-2.03,-3.2202,380731.13,2355765.808,5.5964,0.72,108.8955,5.5566,5813894.1209
301236.SZ,2024-12-04,61.0,61.8,60.19,60.39,61.01,-0.62,-1.0162,271848.82,1657428.678,3.9959,0.51,107.7889,5.5001,5754811.7679
301236.SZ,2024-12-05,60.4,61.66,60.0,60.66,60.39,0.27,0.4471,250527.94,1524050.155,3.6825,0.51,108.2708,5.5247,5780541.1797
301236.SZ,2024-12-06,60.8,61.5,59.21,59.95,60.66,-0.71,-1.1705,337629.65,2037768.327,4.9628,0.87,107.0036,5.46,5712882.3561
301236.SZ,2024-12-09,59.66,63.08,58.5,61.46,59.95,1.51,2.5188,545931.76,3323922.221,8.0247,1.62,109.6987,5.5975,5856776.4738
301236.SZ,2024-12-10,63.47,66.69,61.61,66.18,61.46,4.72,7.6798,932883.62,5990977.045,13.7125,2.61,118.1234,6.0274,6306564.7094
301236.SZ,2024-12-11,65.32,67.39,63.91,64.84,66.18,-1.34,-2.0248,604200.27,3946213.971,8.8812,1.29,115.7316,5.9054,6178870.5917
301236.SZ,2024-12-12,64.45,66.5,63.51,64.95,64.84,0.11,0.1696,494688.44,3208677.152,7.2715,0.93,115.928,5.9154,6189352.9446
301236.SZ,2024-12-13,64.2,64.26,62.08,62.2,64.95,-2.75,-4.234,403295.79,2546028.581,5.9281,0.69,111.0196,5.6649,5927294.1209
301236.SZ,2024-12-16,61.85,63.11,60.25,60.83,62.2,-1.37,-2.2026,315410.14,1932636.643,4.6362,0.53,108.5743,5.5402,5796741.1797
301236.SZ,2024-12-17,60.8,60.8,58.32,58.35,60.83,-2.48,-4.0769,287762.63,1710787.213,4.2298,0.52,104.1478,5.3143,5560411.7678
301236.SZ,2024-12-18,58.5,59.8,57.81,58.68,58.35,0.33,0.5656,210630.46,1239943.513,3.0961,0.5,104.7368,5.3443,5591858.8266
301236.SZ,2024-12-19,58.1,62.5,57.82,60.91,58.68,2.23,3.8003,459504.26,2790736.238,6.7543,1.34,108.7171,5.5474,5804364.7091
301236.SZ,2024-12-20,61.0,63.17,60.33,61.56,60.91,0.65,1.0671,407466.36,2525421.39,5.9894,1.22,109.8772,5.6066,5866305.8856
301236.SZ,2024-12-23,61.16,62.58,59.8,59.97,61.56,-1.59,-2.5828,282530.71,1719431.692,4.1529,0.84,107.0393,5.4618,5714788.2385
301236.SZ,2024-12-24,59.93,61.2,58.68,60.69,59.97,0.72,1.2006,238916.5,1430174.832,3.5118,0.72,108.3244,5.5274,5783400.0032
301236.SZ,2024-12-25,60.88,63.12,58.9,62.46,60.69,1.77,2.9165,482956.21,2963279.61,7.099,1.51,111.4836,5.6886,5952070.5915
301236.SZ,2024-12-26,62.2,62.98,62.01,62.4,62.46,-0.06,-0.0961,328914.91,2055400.993,4.8347,0.88,111.3765,5.6832,5946352.9445
301236.SZ,2024-12-27,62.5,64.0,61.2,61.62,62.4,-0.78,-1.25,344669.28,2163352.202,5.0663,0.99,109.9843,5.6121,5872023.5327
301236.SZ,2024-12-30,61.01,63.11,60.1,61.59,61.62,-0.03,-0.0487,239509.39,1481009.467,3.5206,0.71,109.9308,5.6094,5869164.7091
301236.SZ,2024-12-31,61.81,61.85,58.71,58.71,61.59,-2.88,-4.6761,284962.66,1701880.363,4.1887,0.87,104.7903,5.3471,5594717.6502
301236.SZ,2025-01-02,58.8,59.65,54.21,55.26,58.71,-3.45,-5.8763,365055.52,2078450.517,5.366,1.09,98.6325,5.0329,5265952.9441
301236.SZ,2025-01-03,55.39,55.69,52.03,52.04,55.26,-3.22,-5.827,329432.66,1759979.965,4.8424,1.05,92.8852,4.7396,4959105.8851
301236.SZ,2025-01-06,52.04,53.28,51.47,51.86,52.04,-0.18,-0.3459,211821.53,1102840.174,3.1136,0.68,92.5639,4.7232,4941952.9439
301236.SZ,2025-01-07,52.28,52.55,51.4,52.4,51.86,0.54,1.0413,213580.9,1111340.405,3.1394,0.75,93.5277,4.7724,4993411.7675
301236.SZ,2025-01-08,51.89,52.46,49.4,51.61,52.4,-0.79,-1.5076,352346.64,1796558.972,5.1792,1.25,92.1177,4.7004,4918129.4145
301236.SZ,2025-01-09,51.61,52.58,51.43,52.07,51.61,0.46,0.8913,225548.25,1175641.728,3.3153,0.77,92.9387,4.7423,4961964.7086
301236.SZ,2025-01-10,52.18,55.6,52.1,52.29,52.07,0.22,0.4225,459979.73,2489020.191,6.7613,1.73,93.3314,4.7624,4982929.4145
301236.SZ,2025-01-13,51.41,52.96,50.9,52.59,52.29,0.3,0.5737,238740.59,1242149.899,3.5093,0.82,93.8669,4.7897,5011517.6498
301236.SZ,2025-01-14,53.0,55.93,52.7,55.65,52.59,3.06,5.8186,444344.97,2436097.61,6.5315,1.49,99.3286,5.0684,5303117.65
301236.SZ,2025-01-15,55.1,55.42,53.53,53.78,55.65,-1.87,-3.3603,305765.5,1659325.668,4.4945,0.89,95.9909,4.8981,5124917.6499
301236.SZ,2025-01-16,58.2,62.03,57.77,58.2,53.78,4.42,8.2187,830553.13,4961032.832,12.2084,2.48,103.88,5.3006,5546117.6501
301236.SZ,2025-01-17,56.49,57.7,55.8,56.43,58.2,-1.77,-3.0412,490010.74,2771809.364,7.2027,1.07,100.7208,5.1394,5377447.0618
301236.SZ,2025-01-20,56.98,57.2,55.5,55.67,56.43,-0.76,-1.3468,286477.86,1609986.335,4.211,0.62,99.3643,5.0702,5305023.5324
301236.SZ,2025-01-21,56.0,57.18,55.25,56.46,55.67,0.79,1.4191,301971.9,1702118.507,4.4387,0.64,100.7743,5.1422,5380305.8853
301236.SZ,2025-01-22,55.9,56.28,55.0,55.25,56.46,-1.21,-2.1431,239454.14,1329245.477,3.5198,0.54,98.6146,5.032,5265000.0029
301236.SZ,2025-01-23,55.98,57.46,54.69,54.8,55.25,-0.45,-0.8145,344353.75,1940550.703,5.0617,0.8,97.8114,4.991,5222117.65
301236.SZ,2025-01-24,54.68,56.65,54.5,56.21,54.8,1.41,2.573,291344.26,1630450.077,4.2825,0.88,100.3281,5.1194,5356482.3559
301236.SZ,2025-01-27,56.54,56.88,53.68,53.68,56.21,-2.53,-4.501,255286.91,1404516.616,3.7525,0.87,95.8124,4.889,5115388.2381
301236.SZ,2025-02-05,56.65,61.0,56.64,60.1,53.68,6.42,11.9598,776011.42,4608349.157,11.4066,2.71,107.2713,5.4737,5727176.4738
301236.SZ,2025-02-06,60.62,65.83,59.32,65.1,60.1,5.0,8.3195,868933.38,5483719.139,12.7725,2.28,116.1957,5.9291,6203647.0623
301236.SZ,2025-02-07,65.41,75.4,64.0,71.64,65.1,6.54,10.0461,1371371.71,9467080.47,20.1579,2.7,127.8688,6.5247,6826870.592
301236.SZ,2025-02-10,78.8,80.5,73.9,75.99,71.64,4.35,6.072,1375511.3,10514981.523,20.2187,1.93,135.6331,6.9209,7241400.004
301236.SZ,2025-02-11,72.88,74.46,70.05,70.3,75.99,-5.69,-7.4878,1184829.98,8487091.488,17.4159,1.27,125.4771,6.4027,6699176.4743
301236.SZ,2025-02-12,70.8,72.75,70.21,71.1,70.3,0.8,1.138,945611.01,6740986.678,13.8996,0.85,126.905,6.4755,6775411.7685
301236.SZ,2025-02-13,70.7,70.81,67.16,68.46,71.1,-2.64,-3.7131,862295.45,5945018.59,12.6749,0.75,122.1929,6.2351,6523835.2977
301236.SZ,2025-02-14,68.4,71.96,67.3,70.52,68.46,2.06,3.0091,973912.51,6839385.048,14.3156,0.85,125.8698,6.4227,6720141.1802
301236.SZ,2025-02-17,72.26,72.26,68.48,69.3,70.52,-1.22,-1.73,707335.85,4929734.563,10.3972,0.66,123.6922,6.3116,6603882.3566
301236.SZ,2025-02-18,68.57,69.6,65.08,65.4,69.3,-3.9,-5.6277,653197.16,4370041.174,9.6014,0.7,116.7312,5.9564,6232235.2976
301236.SZ,2025-02-19,65.98,68.5,64.9,68.09,65.4,2.69,4.1131,553518.12,3729273.101,8.1362,0.67,121.5325,6.2014,6488576.4742
301236.SZ,2025-02-20,67.84,68.16,66.33,66.94,68.09,-1.15,-1.6889,409067.56,2740895.91,6.0129,0.55,119.4799,6.0966,6378988.2388
301236.SZ,2025-02-21,68.5,70.45,66.58,69.63,66.94,2.69,4.0185,767747.77,5284661.271,11.2852,1.16,124.2812,6.3416,6635329.4155
301236.SZ,2025-02-24,70.31,77.77,68.88,74.01,69.63,4.38,6.2904,1110925.55,8136168.325,16.3296,1.8,132.099,6.7405,7052717.651
301236.SZ,2025-02-25,71.0,73.69,70.4,70.97,74.01,-3.04,-4.1076,776386.24,5559050.71,11.4122,1.11,126.673,6.4637,6763023.5332
301236.SZ,2025-02-26,71.5,71.96,69.53,70.63,70.97,-0.34,-0.4791,520096.99,3682404.409,7.6449,0.72,126.0661,6.4327,6730623.5332
301236.SZ,2025-02-27,70.68,71.09,67.5,68.84,70.63,-1.79,-2.5343,545762.57,3756515.8,8.0222,0.76,122.8712,6.2697,6560047.0625
301236.SZ,2025-02-28,69.62,69.96,63.81,64.11,68.84,-4.73,-6.871,517435.93,3419094.721,7.6058,0.7,114.4287,5.8389,6109305.8857
301236.SZ,2025-03-03,64.9,66.66,63.88,64.81,64.11,0.7,1.0919,381901.48,2493262.693,5.6136,0.55,115.6781,5.9026,6176011.7681
301236.SZ,2025-03-04,63.69,65.99,63.27,65.45,64.81,0.64,0.9875,309373.81,2006661.33,4.5475,0.56,116.8204,5.9609,6237000.0035
301236.SZ,2025-03-05,65.49,66.77,63.9,65.62,65.45,0.17,0.2597,386607.86,2527690.173,5.6828,0.85,117.1238,5.9764,6253200.0035
301236.SZ,2025-03-06,66.72,68.44,65.85,67.18,65.62,1.56,2.3773,493334.61,3320784.271,7.2516,1.15,119.9083,6.1185,6401858.8271
301236.SZ,2025-03-07,66.62,68.61,65.8,67.55,67.18,0.37,0.5508,451239.95,3025219.021,6.6328,1.08,120.5687,6.1522,6437117.6506
301236.SZ,2025-03-10,68.98,69.97,67.01,67.5,67.55,-0.05,-0.074,394212.26,2688206.709,5.7946,0.97,120.4794,6.1476,6432352.9448
301236.SZ,2025-03-11,65.5,66.5,65.0,66.01,67.5,-1.49,-2.2074,319417.81,2098584.094,4.6951,0.78,117.82,6.0119,6290364.7094
301236.SZ,2025-03-12,66.8,67.48,65.55,65.73,66.01,-0.28,-0.4242,275441.63,1835575.066,4.0487,0.67,117.3202,5.9864,6263682.3564
301236.SZ,2025-03-13,65.88,67.98,64.98,66.17,65.73,0.44,0.6694,423526.08,2816963.442,6.2254,1.1,118.1055,6.0265,6305611.7682
301236.SZ,2025-03-14,65.51,67.36,65.01,67.21,66.17,1.04,1.5717,373503.25,2482485.945,5.4901,1.0,119.9618,6.1212,6404717.6506
301236.SZ,2025-03-17,68.35,71.36,68.03,68.13,67.21,0.92,1.3688,565611.88,3932375.649,8.314,1.58,121.6039,6.205,6492388.2389
301236.SZ,2025-03-18,67.67,69.1,67.58,68.17,68.13,0.04,0.0587,304339.45,2077767.971,4.4735,0.78,121.6753,6.2087,6496200.0036
301236.SZ,2025-03-19,68.01,68.68,65.01,66.01,68.17,-2.16,-3.1685,386130.17,2577523.111,5.6758,0.99,117.82,6.0119,6290364.7094
301236.SZ,2025-03-20,66.33,67.08,65.02,65.08,66.01,-0.93,-1.4089,278472.51,1836417.068,4.0933,0.68,116.16,5.9272,6201741.1799
301236.SZ,2025-03-21,64.5,64.51,61.0,61.05,65.08,-4.03,-6.1924,458493.54,2852811.267,6.7394,1.2,108.9669,5.5602,5817705.8856
301236.SZ,2025-03-24,60.66,60.92,58.62,60.16,61.05,-0.89,-1.4578,302619.78,1808013.386,4.4482,0.76,107.3784,5.4791,5732894.1208
301236.SZ,2025-03-25,60.4,60.48,57.67,57.8,60.16,-2.36,-3.9229,228108.86,1340958.936,3.353,0.66,103.1661,5.2642,5508000.0031
301236.SZ,2025-03-26,57.8,58.66,57.78,57.85,57.8,0.05,0.0865,157146.36,913784.449,2.3099,0.48,103.2553,5.2688,5512764.7089
301236.SZ,2025-03-27,57.7,59.33,57.15,58.66,57.85,0.81,1.4002,241798.26,1413570.583,3.5542,0.85,104.7011,5.3425,5589952.9443
301236.SZ,2025-03-28,58.7,59.2,57.77,57.8,58.66,-0.86,-1.4661,153251.9,892248.837,2.2527,0.55,103.1661,5.2642,5508000.0031
301236.SZ,2025-03-31,57.22,57.84,55.99,57.36,57.8,-0.44,-0.7612,191145.75,1085204.056,2.8097,0.88,102.3807,5.2241,5466070.5913
301236.SZ,2025-04-01,58.0,58.88,57.83,57.99,57.36,0.63,1.0983,186572.75,1087473.135,2.7424,0.96,103.5052,5.2815,5526105.8854
301236.SZ,2025-04-02,58.0,58.41,57.48,57.68,57.99,-0.31,-0.5346,120674.96,698743.017,1.7738,0.65,102.9519,5.2533,5496564.7089
301236.SZ,2025-04-03,57.0,58.12,56.34,56.91,57.68,-0.77,-1.335,146811.43,839933.277,2.158,0.82,101.5775,5.1831,5423188.2383
301236.SZ,2025-04-07,52.52,53.56,45.67,48.0,56.91,-8.91,-15.6563,487796.56,2429060.828,7.1702,3.05,85.6743,4.3717,4574117.6496
301236.SZ,2025-04-08,48.9,51.05,48.51,49.88,48.0,1.88,3.9167,350524.48,1742439.712,5.1524,1.55,89.0298,4.5429,4753270.5909
301236.SZ,2025-04-09,49.28,53.09,48.51,52.57,49.88,2.69,5.3929,437688.27,2254550.643,6.4336,1.69,93.8312,4.7879,5009611.7675
301236.SZ,2025-04-10,54.57,55.18,53.3,53.56,52.57,0.99,1.8832,360030.43,1949059.188,5.2921,1.17,95.5982,4.878,5103952.944
301236.SZ,2025-04-11,53.0,54.68,53.0,54.05,53.56,0.49,0.9149,254033.66,1369576.759,3.7341,0.71,96.4728,4.9227,5150647.0617
301236.SZ,2025-04-14,55.16,56.14,54.46,54.64,54.05,0.59,1.0916,223979.43,1235500.321,3.2923,0.59,97.5259,4.9764,5206870.5911
301236.SZ,2025-04-15,54.88,54.88,53.9,54.12,54.64,-0.52,-0.9517,138266.31,750438.919,2.0324,0.43,96.5977,4.929,5157317.6499
301236.SZ,2025-04-16,54.34,54.55,52.66,53.67,54.12,-0.45,-0.8315,156688.14,839855.654,2.3032,0.55,95.7945,4.8881,5114435.297
301236.SZ,2025-04-17,53.1,54.83,53.1,53.55,53.67,-0.12,-0.2236,173877.51,942117.819,2.5558,0.77,95.5803,4.8771,5103000.0028
301236.SZ,2025-04-18,53.67,54.52,53.13,53.87,53.55,0.32,0.5976,144512.79,779813.814,2.1242,0.76,96.1515,4.9063,5133494.1205
301236.SZ,2025-04-21,54.25,54.88,53.64,54.71,53.87,0.84,1.5593,158292.6,862588.178,2.3268,0.95,97.6508,4.9828,5213541.1794
301236.SZ,2025-04-22,55.16,55.44,54.13,54.14,54.71,-0.57,-1.0419,177314.1,969567.243,2.6064,1.15,96.6334,4.9309,5159223.5323
301236.SZ,2025-04-23,54.79,57.25,54.0,55.89,54.14,1.75,3.2324,347210.93,1934047.483,5.1037,2.14,99.757,5.0902,5325988.2383
301236.SZ,2025-04-24,55.5,55.95,53.9,53.92,55.89,-1.97,-3.5248,217852.9,1191497.665,3.2022,1.09,96.2407,4.9108,5138258.8264
301236.SZ,2025-04-25,54.38,54.9,53.68,54.29,53.92,0.37,0.6862,165805.53,901928.49,2.4372,0.79,96.9012,4.9445,5173517.6499
301236.SZ,2025-04-28,54.58,55.66,54.58,55.08,54.29,0.79,1.4551,174613.11,962118.49,2.5666,0.82,290.9882,4.9637,5248800.0029
301236.SZ,2025-04-29,55.0,56.26,54.5,56.1,55.08,1.02,1.8519,208941.31,1164960.237,3.0712,0.96,296.3768,5.0556,5346000.003
301236.SZ,2025-04-30,55.35,58.5,55.32,58.1,56.1,2.0,3.5651,357270.54,2060421.554,5.2515,1.6,306.9429,5.3495,5536588.2384
301236.SZ,2025-05-06,58.5,61.88,57.55,60.8,58.1,2.7,4.6472,525931.03,3151571.737,7.7307,2.34,321.207,5.5981,5793882.3562
301236.SZ,2025-05-07,62.01,62.3,59.35,60.23,60.8,-0.57,-0.9375,378747.23,2283806.933,5.5672,1.32,318.1957,5.5457,5739564.7091
301236.SZ,2025-05-08,59.01,60.5,57.62,58.94,60.23,-1.29,-2.1418,412092.61,2431393.045,6.0574,1.25,311.3806,5.4269,5616635.2972
301236.SZ,2025-05-09,59.5,62.65,59.01,59.65,58.94,0.71,1.2046,554579.93,3363294.949,8.1518,1.47,315.1315,5.4923,5684294.1208
301236.SZ,2025-05-12,60.07,60.98,58.8,60.39,59.65,0.74,1.2406,345339.52,2072943.893,5.0762,0.77,319.0409,5.5604,5754811.7679
301236.SZ,2025-05-13,61.0,61.2,59.08,59.34,60.39,-1.05,-1.7387,279476.91,1676504.437,4.108,0.63,313.4938,5.4637,5654752.9443
301236.SZ,2025-05-14,59.79,60.29,59.2,59.84,59.34,0.5,0.8426,196134.41,1173577.698,2.883,0.5,316.1353,5.5097,5702400.0032
301236.SZ,2025-05-15,60.15,60.16,57.35,57.42,59.84,-2.42,-4.0441,254748.7,1480699.764,3.7446,0.71,303.3504,5.2869,5471788.2383
301236.SZ,2025-05-16,57.28,58.89,56.85,58.09,57.42,0.67,1.1668,187086.47,1085475.004,2.75,0.57,306.89,5.3486,5535635.2972
301236.SZ,2025-05-19,58.38,58.38,55.81,56.48,58.09,-1.61,-2.7716,196499.19,1111084.048,2.8884,0.78,298.3844,5.2004,5382211.7677
301236.SZ,2025-05-20,56.8,56.81,55.02,55.9,56.48,-0.58,-1.0269,202751.69,1131203.939,2.9803,0.91,295.3202,5.147,5326941.1794
301236.SZ,2025-05-21,55.76,56.62,55.37,55.55,55.9,-0.35,-0.6261,176758.77,986372.254,2.5982,0.85,293.4712,5.1147,5293588.2382
301236.SZ,2025-05-22,55.3,55.72,54.42,54.54,55.55,-1.01,-1.8182,156083.29,857543.546,2.2943,0.77,288.1353,5.0218,5197341.1794
301236.SZ,2025-05-23,54.54,54.88,53.32,53.32,54.54,-1.22,-2.2369,158674.98,858654.974,2.3324,0.86,281.6901,4.9094,5081082.3558
301236.SZ,2025-05-26,53.51,54.45,53.51,53.92,53.32,0.6,1.1253,127091.35,685160.671,1.8681,0.71,284.8599,4.9647,5138258.8264
301236.SZ,2025-05-27,53.51,53.92,52.65,52.84,53.92,-1.08,-2.003,138610.17,735096.606,2.0374,0.84,279.1542,4.8652,5035341.1793
301236.SZ,2025-05-28,52.89,53.19,51.83,52.02,52.84,-0.82,-1.5519,133634.07,698314.247,1.9643,0.88,274.8222,4.7897,4957200.0028
301236.SZ,2025-05-29,52.21,53.52,52.21,53.2,52.02,1.18,2.2684,190713.48,1010026.324,2.8033,1.34,281.0561,4.8984,5069647.0616
301236.SZ,2025-05-30,53.2,53.25,51.88,52.2,53.2,-1.0,-1.8797,150833.75,787401.748,2.2171,1.01,275.7731,4.8063,4974352.9439
301236.SZ,2025-06-03,52.48,54.82,52.34,53.77,52.2,1.57,3.0077,268246.7,1445847.62,3.943,1.81,284.0674,4.9509,5123964.7087
301236.SZ,2025-06-04,53.9,54.5,53.39,54.06,53.77,0.29,0.5393,170470.03,922715.462,2.5058,0.97,285.5995,4.9776,5151600.0029
301236.SZ,2025-06-05,54.05,54.97,53.88,54.79,54.06,0.73,1.3504,195905.61,1068156.982,2.8796,1.07,289.4561,5.0448,5221164.7088
301236.SZ,2025-06-06,54.8,54.89,54.05,54.4,54.79,-0.39,-0.7118,139814.5,760783.813,2.0551,0.72,287.3957,5.0089,5184000.0029
301236.SZ,2025-06-09,54.64,55.02,54.36,54.7,54.4,0.3,0.5515,137905.9,754771.212,2.0271,0.75,288.9806,5.0365,5212588.2382
301236.SZ,2025-06-10,54.85,54.98,53.03,53.69,54.7,-1.01,-1.8464,170864.0,920458.965,2.5115,0.94,283.6448,4.9435,5116341.1793
301236.SZ,2025-06-11,53.55,54.38,53.39,53.54,53.69,-0.15,-0.2794,119429.37,643187.176,1.7555,0.73,282.8523,4.9297,5102047.0617
301236.SZ,2025-06-12,53.57,53.98,53.01,53.22,53.54,-0.32,-0.5977,140530.03,751311.027,2.0657,0.92,281.1618,4.9002,5071552.944
301236.SZ,2025-06-13,52.59,53.94,52.04,53.18,53.12,0.06,0.113,382568.06,2030373.997,5.6234,2.7,280.9504,4.942,5067741.1793
301236.SZ,2025-06-16,52.88,54.08,52.3,54.08,53.18,0.9,1.6924,186364.36,994864.435,2.7394,0.98,285.7052,5.0257,5153505.8852
301236.SZ,2025-06-17,54.32,54.39,53.26,53.36,54.08,-0.72,-1.3314,134256.16,720248.823,1.9734,0.67,281.9014,4.9588,5084894.1205
301236.SZ,2025-06-18,53.15,53.74,52.67,53.55,53.36,0.19,0.3561,138172.92,736309.578,2.031,0.72,282.9052,4.9764,5103000.0028
301236.SZ,2025-06-19,53.59,54.1,52.4,52.6,53.55,-0.95,-1.774,131227.98,697338.679,1.9289,0.67,277.8863,4.8881,5012470.591
301236.SZ,2025-06-20,52.51,52.9,51.17,51.18,52.6,-1.42,-2.6996,119745.04,621262.73,1.7601,0.62,270.3844,4.7562,4877152.9439
301236.SZ,2025-06-23,50.51,52.55,50.45,51.96,51.18,0.78,1.524,141660.13,733490.841,2.0823,1.0,274.5052,4.8287,4951482.3557
301236.SZ,2025-06-24,52.13,53.33,52.07,53.2,51.96,1.24,2.3865,151975.0,803514.612,2.2339,1.14,281.0561,4.9439,5069647.0616
301236.SZ,2025-06-25,53.33,55.67,53.01,55.59,53.2,2.39,4.4925,365890.64,2007489.581,5.3783,2.68,293.6825,5.166,5297400.0029
301236.SZ,2025-06-26,55.69,55.69,54.55,54.56,55.59,-1.03,-1.8529,259074.07,1425670.525,3.8081,1.42,288.241,5.0703,5199247.0617
301236.SZ,2025-06-27,54.66,55.21,54.03,54.1,54.56,-0.46,-0.8431,166990.25,910552.388,2.4546,0.8,285.8108,5.0275,5155411.7676
301236.SZ,2025-06-30,54.2,54.8,54.2,54.64,54.1,0.54,0.9982,135053.72,736677.572,1.9852,0.62,288.6636,5.0777,5206870.5911
301236.SZ,2025-07-01,54.64,54.97,53.83,54.26,54.64,-0.38,-0.6955,148072.42,803881.789,2.1765,0.69,286.6561,5.0424,5170658.8264
301236.SZ,2025-07-02,54.03,54.24,52.73,52.91,54.26,-1.35,-2.488,144160.62,766843.748,2.119,0.67,279.524,4.9169,5042011.7675
301236.SZ,2025-07-03,52.93,53.36,52.71,52.97,52.91,0.06,0.1134,79283.3,420357.955,1.1654,0.46,279.841,4.9225,5047729.4146
301236.SZ,2025-07-04,52.97,53.44,52.25,52.36,52.97,-0.61,-1.1516,120055.75,633767.135,1.7647,0.89,276.6184,4.8658,4989600.0028
301236.SZ,2025-07-07,52.25,52.3,51.68,51.9,52.36,-0.46,-0.8785,94756.97,492209.86,1.3928,0.76,274.1882,4.8231,4945764.7086
301236.SZ,2025-07-08,52.01,53.07,51.81,52.98,51.9,1.08,2.0809,133214.5,701415.644,1.9581,1.14,279.8938,4.9234,5048682.3557
301236.SZ,2025-07-09,53.99,55.23,52.85,53.0,52.98,0.02,0.0378,174103.83,935849.846,2.5592,1.52,279.9995,4.9253,5050588.2381
301236.SZ,2025-07-10,52.68,53.0,52.22,52.71,53.0,-0.29,-0.5472,110475.65,581060.563,1.6239,0.92,278.4674,4.8984,5022952.944
301236.SZ,2025-07-11,52.79,53.98,52.72,53.46,52.71,0.75,1.4229,172202.6,922026.508,2.5312,1.36,282.4297,4.9681,5094423.5322
301236.SZ,2025-07-14,53.91,53.91,52.91,53.15,53.46,-0.31,-0.5799,111586.1,592791.753,1.6402,0.81,280.792,4.9392,5064882.3558
301236.SZ,2025-07-15,53.16,53.76,52.52,53.67,53.15,0.52,0.9784,171754.05,913145.579,2.5246,1.22,283.5391,4.9876,5114435.297
301236.SZ,2025-07-16,53.8,54.43,53.2,53.36,53.67,-0.31,-0.5776,143327.79,770781.427,2.1068,0.97,281.9014,4.9588,5084894.1205
301236.SZ,2025-07-17,53.5,60.4,53.31,57.42,53.36,4.06,7.6087,743319.25,4216012.481,10.9261,5.24,303.3504,5.3361,5471788.2383
301236.SZ,2025-07-18,56.0,56.65,55.67,56.0,57.42,-1.42,-2.473,376934.0,2117880.381,5.5406,1.4,295.8485,5.2041,5336470.5912
301236.SZ,2025-07-21,55.81,56.37,55.55,56.1,56.0,0.1,0.1786,214828.84,1203610.611,3.1578,0.69,296.3768,5.2134,5346000.003
301236.SZ,2025-07-22,56.0,56.07,54.79,55.11,56.1,-0.99,-1.7647,209029.17,1155960.201,3.0725,0.63,291.1467,5.1214,5251658.8264
301236.SZ,2025-07-23,55.01,55.8,54.86,55.06,55.11,-0.05,-0.0907,170083.25,940106.341,2.5001,0.5,290.8825,5.1167,5246894.1206
301236.SZ,2025-07-24,55.2,55.87,55.06,55.7,55.06,0.64,1.1624,166062.74,923690.026,2.441,0.48,294.2636,5.1762,5307882.3559
301236.SZ,2025-07-25,56.2,56.82,55.81,56.59,55.7,0.89,1.5978,247287.96,1393674.777,3.6349,1.09,298.9655,5.2589,5392694.1206
301236.SZ,2025-07-28,57.41,57.52,55.8,56.14,56.59,-0.45,-0.7952,240273.13,1355988.063,3.5318,1.19,296.5882,5.2171,5349811.7677
301236.SZ,2025-07-29,55.7,55.71,54.53,55.45,56.14,-0.69,-1.2291,220191.28,1212318.12,3.2366,1.07,292.9429,5.153,5284058.8265
301236.SZ,2025-07-30,55.45,55.77,54.55,54.81,55.45,-0.64,-1.1542,181523.3,999514.938,2.6682,0.87,289.5618,5.0935,5223070.5911
301236.SZ,2025-07-31,54.62,55.71,54.62,54.95,54.81,0.14,0.2554,222639.55,1228943.922,3.2726,1.05,290.3014,5.1065,5236411.7676
301236.SZ,2025-08-01,55.12,55.39,53.82,54.42,54.95,-0.53,-0.9645,166428.6,907546.771,2.4463,0.75,287.5014,5.0573,5185905.8852
301236.SZ,2025-08-04,54.01,54.66,53.81,54.65,54.42,0.23,0.4226,117673.56,639041.833,1.7297,0.57,288.7165,5.0786,5207823.5323
301236.SZ,2025-08-05,54.6,55.19,54.5,54.99,54.65,0.34,0.6221,132858.17,728736.926,1.9529,0.73,290.5127,5.1102,5240223.5323
301236.SZ,2025-08-06,55.0,56.4,54.6,55.94,54.99,0.95,1.7276,255511.54,1422343.279,3.7558,1.56,295.5316,5.1985,5330752.9441
301236.SZ,2025-08-07,56.0,56.17,55.21,55.43,55.94,-0.51,-0.9117,189451.62,1053383.239,2.7848,1.06,292.8372,5.1511,5282152.9441
301236.SZ,2025-08-08,55.55,55.59,53.48,53.48,55.43,-1.95,-3.518,229778.09,1243658.871,3.3775,1.33,282.5353,4.9699,5096329.4146
301236.SZ,2025-08-11,53.49,54.4,53.49,54.15,53.48,0.67,1.2528,139653.53,756443.274,2.0528,0.75,286.075,5.0322,5160176.4735
301236.SZ,2025-08-12,54.2,54.62,53.7,54.28,54.15,0.13,0.2401,150567.32,814237.579,2.2132,0.79,286.7618,5.0443,5172564.7088
301236.SZ,2025-08-13,54.37,54.76,53.92,54.5,54.28,0.22,0.4053,236064.16,1283838.718,3.4699,1.22,287.924,5.0647,5193529.4147
301236.SZ,2025-08-14,54.64,55.3,53.88,53.91,54.5,-0.59,-1.0826,250328.66,1363218.647,3.6796,1.32,284.807,5.0099,5137305.8852
301236.SZ,2025-08-15,53.7,54.9,53.36,54.85,53.91,0.94,1.7436,259278.13,1412176.01,3.8111,1.29,289.7731,5.0972,5226882.3558
301236.SZ,2025-08-18,55.3,60.28,55.3,57.82,54.85,2.97,5.4148,753350.07,4339665.424,11.0735,3.64,305.4636,5.3732,5509905.8854
301236.SZ,2025-08-19,57.7,63.28,57.5,60.19,57.82,2.37,4.0989,856324.36,5170902.189,12.5872,2.6,317.9843,5.5935,5735752.9444
301236.SZ,2025-08-20,60.06,60.8,58.2,59.76,60.19,-0.43,-0.7144,508391.47,3014616.627,7.4729,1.08,315.7126,5.5535,5694776.4738
301236.SZ,2025-08-21,59.53,60.27,58.41,58.73,59.76,-1.03,-1.7236,376763.78,2233350.83,5.5381,0.72,310.2711,5.4578,5596623.5325
301236.SZ,2025-08-22,59.11,62.44,59.11,61.39,58.73,2.66,4.5292,621801.03,3769172.507,9.1399,1.13,324.324,5.705,5850105.8856
301236.SZ,2025-08-25,63.0,63.38,60.38,61.19,61.39,-0.2,-0.3258,630601.14,3895955.741,9.2692,1.01,323.2674,5.6864,5831047.0621
301236.SZ,2025-08-26,61.0,65.5,60.59,62.11,61.19,0.92,1.5035,703469.5,4460741.188,10.3403,1.17,328.1277,5.7719,5918717.6503
301236.SZ,2025-08-27,62.69,63.59,60.98,60.98,62.11,-1.13,-1.8194,578567.92,3589646.842,8.5044,1.02,322.1579,5.6669,5811035.2973
301236.SZ,2025-08-28,60.4,61.85,59.05,61.44,60.98,0.46,0.7543,546659.22,3298464.4,8.0358,0.94,324.5881,5.7748,5854870.5915
301236.SZ,2025-08-29,61.61,61.98,59.54,59.92,61.44,-1.52,-2.474,350346.99,2107024.178,5.1501,0.57,316.5579,5.6319,5710023.5326
301236.SZ,2025-09-01,61.08,62.77,59.8,60.08,59.92,0.16,0.267,401226.32,2442270.732,5.898,0.71,317.4032,5.6469,5725270.5914
301236.SZ,2025-09-02,59.52,59.64,57.0,57.26,60.08,-2.82,-4.6937,405320.64,2349821.025,5.9582,0.79,302.5051,5.3819,5456541.1795
301236.SZ,2025-09-03,57.67,57.77,55.46,55.85,57.26,-1.41,-2.4625,261992.74,1483798.11,3.8513,0.57,295.0561,5.2494,5322176.4735
301236.SZ,2025-09-04,55.93,56.46,52.61,53.7,55.85,-2.15,-3.8496,337465.73,1842299.308,4.9607,0.86,283.6976,5.0473,5117294.1205
301236.SZ,2025-09-05,54.04,54.99,53.25,54.72,53.7,1.02,1.8994,244445.88,1323250.312,3.5933,0.7,289.0863,5.1432,5214494.1205
301236.SZ,2025-09-08,54.6,55.4,54.42,54.97,54.72,0.25,0.4569,237453.98,1303543.562,3.4905,0.72,290.407,5.1667,5238317.65
301236.SZ,2025-09-09,54.91,54.91,53.06,53.28,54.97,-1.69,-3.0744,208893.83,1123425.259,3.0707,0.7,281.4787,5.0078,5077270.5911
301236.SZ,2025-09-10,53.4,54.16,53.18,53.49,53.28,0.21,0.3941,177327.99,951251.227,2.6067,0.69,282.5882,5.0276,5097282.3558
301236.SZ,2025-09-11,54.0,55.68,53.21,55.26,53.49,1.77,3.309,306976.39,1675110.082,4.5125,1.27,291.9391,5.1939,5265952.9441
301236.SZ,2025-09-12,55.25,56.44,54.9,55.19,55.26,-0.07,-0.1267,296841.65,1653805.347,4.3635,1.26,291.5693,5.1873,5259282.3559
301236.SZ,2025-09-15,54.87,57.27,54.5,55.91,55.19,0.72,1.3046,327106.71,1831378.568,4.8084,1.33,295.3731,5.255,5327894.1206
301236.SZ,2025-09-16,55.61,57.98,55.26,57.28,55.91,1.37,2.4504,334781.04,1906897.486,4.2749,1.27,302.6108,5.3838,5458447.0619
301236.SZ,2025-09-17,57.0,57.78,56.49,57.27,57.28,-0.01,-0.0175,268507.05,1534671.781,3.4286,0.93,302.558,5.3828,5457494.1207
301236.SZ,2025-09-18,57.21,60.0,56.38,57.0,57.27,-0.27,-0.4715,480167.56,2786829.046,6.1313,1.56,301.1315,5.3575,5431764.7089
301236.SZ,2025-09-19,57.8,57.96,55.8,56.08,57.0,-0.92,-1.614,303682.64,1721610.834,3.8778,0.89,296.2712,5.271,5344094.1206
301236.SZ,2025-09-22,56.08,56.7,54.74,56.23,56.08,0.15,0.2675,287797.87,1615209.641,3.6749,0.84,297.0636,5.2851,5358388.2383
301236.SZ,2025-09-23,56.18,56.18,53.5,54.74,56.23,-1.49,-2.6498,307646.4,1676163.335,3.9284,0.92,289.1919,5.145,5216400.0029
301236.SZ,2025-09-24,54.3,57.16,54.05,56.45,54.74,1.71,3.1239,303421.28,1695190.784,3.8744,0.92,298.2259,5.3058,5379352.9442
301236.SZ,2025-09-25,56.47,57.86,56.15,56.92,56.45,0.47,0.8326,340212.7,1946149.244,4.3442,1.01,300.7089,5.3499,5424141.1795
301236.SZ,2025-09-26,56.78,56.78,54.2,54.36,56.92,-2.56,-4.4975,262842.13,1454688.896,3.3563,0.85,287.1844,5.1093,5180188.2382
301236.SZ,2025-09-29,54.96,55.2,53.91,54.65,54.36,0.29,0.5335,189008.05,1030559.618,2.4135,0.63,288.7165,5.1366,5207823.5323
301236.SZ,2025-09-30,55.16,56.16,55.0,55.15,54.65,0.5,0.9149,210295.15,1167332.92,2.6853,0.75,291.358,5.1836,5255470.5912
301236.SZ,2025-10-09,55.55,56.49,54.71,55.84,55.15,0.69,1.2511,255250.99,1423477.661,3.2593,0.98,295.0033,5.2484,5321223.5324
301236.SZ,2025-10-10,55.38,55.45,52.9,53.08,55.84,-2.76,-4.9427,323682.14,1737014.85,4.1331,1.29,280.4221,4.989,5058211.7675
301236.SZ,2025-10-13,51.65,54.72,51.28,53.99,53.08,0.91,1.7144,282483.94,1520253.971,3.6071,1.14,285.2297,5.0745,5144929.4146
301236.SZ,2025-10-14,53.8,54.17,51.8,51.98,53.99,-2.01,-3.7229,272140.36,1433843.703,3.475,1.08,274.6108,4.8856,4953388.238
301236.SZ,2025-10-15,51.65,52.24,51.04,51.91,51.98,-0.07,-0.1347,165873.76,857164.466,2.1181,0.62,274.241,4.879,4946717.6498
301236.SZ,2025-10-16,51.8,54.2,50.75,53.24,51.91,1.33,2.5621,330167.29,1727117.988,4.216,1.27,281.2674,5.0041,5073458.8263
301236.SZ,2025-10-17,53.0,53.04,50.8,50.96,53.24,-2.28,-4.2825,206429.61,1069025.831,2.6359,0.75,269.2222,4.7898,4856188.238
301236.SZ,2025-10-20,51.5,51.88,50.89,50.96,50.96,0.0,0.0,136707.96,701232.908,1.7456,0.54,269.2222,4.7898,4856188.238
301236.SZ,2025-10-21,51.05,51.35,50.05,51.16,50.96,0.2,0.3925,171197.6,867608.352,2.186,0.77,270.2788,4.8086,4875247.0615
301236.SZ,2025-10-22,51.15,51.15,50.21,50.21,51.16,-0.95,-1.8569,127797.55,645596.318,1.6319,0.63,265.2599,4.7193,4784717.6497
301236.SZ,2025-10-23,50.45,50.99,50.12,50.55,50.21,0.34,0.6772,107432.74,542386.364,1.3718,0.55,267.0561,4.7512,4817117.6497
301236.SZ,2025-10-24,50.56,50.92,50.46,50.62,50.55,0.07,0.1385,128482.52,651373.707,1.6406,0.86,267.4259,4.7578,4823788.238
301236.SZ,2025-10-27,51.08,51.6,50.95,51.38,50.62,0.76,1.5014,169165.73,868445.12,2.1601,1.26,271.441,4.8292,4896211.7674
301236.SZ,2025-10-28,51.31,51.8,50.85,51.19,51.38,-0.19,-0.3698,151782.29,779568.843,1.9381,1.08,270.4373,4.8114,4878105.8851
301236.SZ,2025-10-29,51.1,51.41,50.34,51.4,51.19,0.21,0.4102,156075.59,794041.791,1.993,1.14,271.5467,4.8311,4898117.6498
301236.SZ,2025-10-30,51.79,53.0,51.55,52.14,51.4,0.74,1.4397,284216.84,1489723.225,3.6292,1.99,275.4561,4.7936,4968635.2969
301236.SZ,2025-10-31,52.01,53.35,51.69,53.21,52.14,1.07,2.0522,249499.73,1318933.663,3.1859,1.4,281.1089,4.8919,5070600.0028
301236.SZ,2025-11-03,53.37,54.5,52.73,53.72,53.21,0.51,0.9585,265606.68,1429818.269,3.3916,1.31,283.8033,4.9388,5119200.0028
301236.SZ,2025-11-04,53.21,53.69,52.46,52.99,53.72,-0.73,-1.3589,176927.5,938984.436,2.2592,0.8,279.9467,4.8717,5049635.2969
301236.SZ,2025-11-05,52.02,54.45,51.8,53.18,52.99,0.19,0.3586,209821.34,1109754.992,2.6792,0.93,280.9504,4.8892,5067741.1793
301236.SZ,2025-11-06,53.29,53.41,52.01,52.35,53.18,-0.83,-1.5607,186474.59,976111.014,2.3811,0.79,276.5655,4.8129,4988647.0616
301236.SZ,2025-11-07,52.18,52.18,51.11,51.11,52.35,-1.24,-2.3687,151415.82,779525.005,1.9335,0.7,270.0146,4.6989,4870482.3556
301236.SZ,2025-11-10,51.0,51.68,50.93,51.33,51.11,0.22,0.4304,115825.53,593073.43,1.479,0.58,271.1769,4.7191,4891447.0615
301236.SZ,2025-11-11,51.8,51.8,50.31,50.34,51.33,-0.99,-1.9287,128719.97,653572.176,1.6436,0.77,265.9467,4.6281,4797105.885
301236.SZ,2025-11-12,50.3,50.56,48.88,49.45,50.34,-0.89,-1.768,155960.36,775140.365,1.9915,0.98,261.2448,4.5462,4712294.1203
301236.SZ,2025-11-13,49.32,49.78,49.12,49.69,49.45,0.24,0.4853,98008.01,485357.332,1.2515,0.66,262.5127,4.5683,4735164.7085
301236.SZ,2025-11-14,49.65,50.06,48.8,48.87,49.69,-0.82,-1.6502,109023.36,539673.276,1.3921,0.84,258.1807,4.4929,4657023.532
301236.SZ,2025-11-17,49.97,52.5,49.86,51.74,48.87,2.87,5.8727,347953.23,1791616.428,4.4431,2.86,273.3429,4.7568,4930517.6498
301236.SZ,2025-11-18,51.3,52.85,51.25,52.31,51.74,0.57,1.1017,287900.11,1507078.396,3.6762,1.71,276.3542,4.8092,4984835.2969
301236.SZ,2025-11-19,52.25,52.25,50.91,51.08,52.31,-1.23,-2.3514,155368.42,797293.335,1.9839,0.78,269.8561,4.6961,4867623.5321
301236.SZ,2025-11-20,51.71,51.99,50.88,50.89,51.08,-0.19,-0.372,172425.2,886795.557,2.2017,0.86,268.8524,4.6786,4849517.6498
301236.SZ,2025-11-21,49.97,50.99,49.1,49.1,50.89,-1.79,-3.5174,178422.29,888054.98,2.2783,0.83,259.3958,4.5141,4678941.1791
301236.SZ,2025-11-24,49.19,49.69,46.51,48.6,49.1,-0.5,-1.0183,243705.82,1160632.085,3.1119,1.07,256.7543,4.4681,4631294.1202
301236.SZ,2025-11-25,48.6,49.88,48.6,48.99,48.6,0.39,0.8025,162931.02,804653.179,2.0805,0.78,258.8146,4.504,4668458.8261
301236.SZ,2025-11-26,48.86,49.4,48.09,48.23,48.99,-0.76,-1.5513,166282.11,808649.161,2.1233,0.91,254.7995,4.4341,4596035.2967
301236.SZ,2025-11-27,48.04,48.74,47.61,47.65,48.23,-0.58,-1.2026,130690.09,629267.756,1.6688,0.71,251.7354,4.3808,4540764.7084
301236.SZ,2025-11-28,47.82,48.06,47.21,47.65,47.65,0.0,0.0,104390.73,496656.322,1.333,0.59,251.7354,4.3808,4540764.7084
301236.SZ,2025-12-01,47.66,48.74,47.34,48.53,47.65,0.88,1.8468,138549.18,668099.642,1.7692,0.86,256.3845,4.4617,4624623.532
301236.SZ,2025-12-02,48.43,48.43,47.02,47.08,48.53,-1.45,-2.9878,134509.21,639092.655,1.7176,0.96,248.7241,4.3284,4486447.0613
301236.SZ,2025-12-03,47.18,47.28,45.85,45.95,47.08,-1.13,-2.4002,149249.3,691651.006,1.9058,1.11,242.7543,4.2245,4378764.7083
301236.SZ,2025-12-04,45.99,46.47,45.48,45.85,45.95,-0.1,-0.2176,109333.56,501433.981,1.3961,0.83,242.226,4.2153,4369235.2965
301236.SZ,2025-12-05,46.25,46.51,45.8,46.31,45.85,0.46,1.0033,128733.85,594484.305,1.6438,1.01,244.6562,4.2576,4413070.5907
301236.SZ,2025-12-08,46.33,47.12,46.33,46.88,46.31,0.57,1.2308,123422.74,578927.882,1.576,0.93,247.6675,4.31,4467388.2378
301236.SZ,2025-12-09,46.99,47.99,46.7,46.8,46.88,-0.08,-0.1706,151683.06,717569.621,1.9369,1.18,247.2448,4.3026,4459764.7084
301236.SZ,2025-12-10,46.5,46.69,46.0,46.64,46.8,-0.16,-0.3419,105808.1,489578.882,1.3511,0.8,246.3996,4.2879,4444517.6495
301236.SZ,2025-12-11,46.7,46.77,45.8,45.82,46.64,-0.82,-1.7581,112836.39,520575.664,1.4408,0.91,242.0675,4.2125,4366376.473
301236.SZ,2025-12-12,45.82,47.0,45.68,46.88,45.82,1.06,2.3134,182429.74,849926.611,2.3295,1.47,247.6675,4.31,4467388.2378
301236.SZ,2025-12-15,46.5,47.13,45.97,46.01,46.88,-0.87,-1.8558,123080.2,571875.683,1.5716,0.91,243.0713,4.23,4384482.3554
301236.SZ,2025-12-16,46.21,46.25,45.01,45.04,46.01,-0.97,-2.1082,110542.75,501982.721,1.4115,0.82,237.9467,4.1408,4292047.0612
301236.SZ,2025-12-17,45.25,45.94,44.33,45.69,45.04,0.65,1.4432,133336.31,601582.32,1.7026,1.05,241.3807,4.2006,4353988.2377
301236.SZ,2025-12-18,45.2,46.08,45.2,45.29,45.69,-0.4,-0.8755,88624.15,404724.344,1.1317,0.67,239.2675,4.1638,4315870.5906
301236.SZ,2025-12-19,45.8,46.48,45.66,46.03,45.29,0.74,1.6339,109236.05,502749.781,1.3949,0.86,243.1769,4.2318,4386388.2377
301236.SZ,2025-12-22,45.95,46.48,45.9,46.16,46.03,0.13,0.2824,93441.24,432387.948,1.1932,0.83,243.8637,4.2438,4398776.473
301236.SZ,2025-12-23,46.14,46.17,45.45,45.5,46.16,-0.66,-1.4298,84660.81,387570.128,1.081,0.79,240.3769,4.1831,4335882.3554
301236.SZ,2025-12-24,45.5,46.48,45.3,46.38,45.5,0.88,1.9341,118535.26,547953.118,1.5136,1.16,245.026,4.264,4419741.1789
301236.SZ,2025-12-25,46.59,46.84,46.22,46.71,46.38,0.33,0.7115,105410.66,491032.877,1.346,1.07,246.7694,4.2943,4451188.2378
301236.SZ,2025-12-26,46.76,47.18,46.32,46.67,46.71,-0.04,-0.0856,114677.04,536348.796,1.4643,1.12,246.5581,4.2907,4447376.4731
301236.SZ,2025-12-29,47.09,49.26,47.09,48.26,46.67,1.59,3.4069,318694.12,1541914.56,4.0695,3.08,254.958,4.4368,4598894.1202
301236.SZ,2025-12-30,47.88,48.45,47.66,47.84,48.26,-0.42,-0.8703,161584.38,775909.648,2.0633,1.09,252.7392,4.3982,4558870.5908
301236.SZ,2025-12-31,48.2,48.33,47.4,47.43,47.84,-0.41,-0.857,118061.86,563798.17,1.5075,0.72,250.5731,4.3605,4519800.0025
301236.SZ,2026-01-05,47.43,48.35,47.26,48.17,47.43,0.74,1.5602,163085.1,782884.077,2.0825,1.0,254.4826,4.4286,4590317.6496
301236.SZ,2026-01-06,48.2,48.94,48.03,48.77,48.17,0.6,1.2456,194321.72,944001.806,2.4813,1.11,257.6524,4.4837,4647494.1202
301236.SZ,2026-01-07,48.65,48.88,48.2,48.25,48.77,-0.52,-1.0662,180999.08,876471.211,2.3112,0.95,254.9052,4.4359,4597941.179
301236.SZ,2026-01-08,48.5,49.66,48.36,48.99,48.25,0.74,1.5337,219132.53,1075955.03,2.7981,1.34,258.8146,4.504,4668458.8261
301236.SZ,2026-01-09,49.0,50.0,48.95,49.9,48.99,0.91,1.8575,248757.85,1231716.712,3.1764,1.42,263.6222,4.5876,4755176.4732
301236.SZ,2026-01-12,50.59,55.08,50.18,54.39,49.9,4.49,8.998,644024.86,3415543.782,8.2236,3.2,287.3429,5.0004,5183047.0617
301236.SZ,2026-01-13,55.0,55.0,52.1,52.48,54.39,-1.91,-3.5117,479906.77,2568429.254,6.128,1.61,277.2523,4.8248,5001035.2969
301236.SZ,2026-01-14,53.19,55.2,52.8,53.93,52.48,1.45,2.763,574722.05,3103458.703,7.3387,1.62,284.9127,4.9581,5139211.7676
301236.SZ,2026-01-15,54.2,54.99,52.52,52.9,53.93,-1.03,-1.9099,367966.32,1969446.007,4.6986,0.85,279.4712,4.8634,5041058.8263
301236.SZ,2026-01-16,52.6,53.4,51.21,51.51,52.9,-1.39,-2.6276,313754.57,1629427.744,4.0064,0.68,272.1278,4.7356,4908600.0027
301236.SZ,2026-01-19,51.51,52.42,51.0,51.01,51.51,-0.5,-0.9707,209489.93,1077028.134,2.675,0.44,269.4863,4.6897,4860952.9439
301236.SZ,2026-01-20,51.18,51.79,49.67,50.16,51.01,-0.85,-1.6663,195785.6,990507.446,2.5,0.5,264.9958,4.6115,4779952.9438
301236.SZ,2026-01-21,49.7,50.44,49.47,49.83,50.16,-0.33,-0.6579,175091.79,875426.88,2.2358,0.53,263.2524,4.5812,4748505.885
301236.SZ,2026-01-22,50.11,51.13,49.82,49.93,49.83,0.1,0.2007,186773.64,940012.718,2.3849,0.74,263.7807,4.5904,4758035.2968
301236.SZ,2026-01-23,50.0,53.0,49.75,52.15,49.93,2.22,4.4462,346034.33,1781334.303,4.4186,1.6,275.5089,4.7945,4969588.2381
301236.SZ,2026-01-26,52.37,54.9,51.66,52.13,52.15,-0.02,-0.0384,340736.25,1803006.398,4.3509,1.53,275.4033,4.7926,4967682.3557
301236.SZ,2026-01-27,52.19,52.98,50.55,51.4,52.13,-0.73,-1.4003,220141.57,1126315.21,2.811,0.88,271.5467,4.7255,4898117.6498
301236.SZ,2026-01-28,51.46,51.79,50.01,50.03,51.4,-1.37,-2.6654,214873.8,1091610.951,2.7438,0.85,264.309,4.5996,4767564.7085
301236.SZ,2026-01-29,49.77,51.1,48.86,49.23,50.03,-0.8,-1.599,236832.36,1182897.079,3.0241,0.9,260.0826,4.526,4691329.4144
301236.SZ,2026-01-30,49.02,49.52,47.66,48.05,49.23,-1.18,-2.3969,203732.75,983394.201,2.6015,0.75,253.8486,4.4175,4578882.3555
301236.SZ,2026-02-02,48.34,48.84,46.9,46.94,48.05,-1.11,-2.3101,157101.32,751260.861,2.006,0.65,247.9845,4.3155,4473105.8848
301236.SZ,2026-02-03,47.56,48.46,47.28,48.43,46.94,1.49,3.1743,159196.67,763256.584,2.0328,0.77,255.8561,4.4525,4615094.1202
301236.SZ,2026-02-04,47.9,48.0,45.91,46.5,48.43,-1.93,-3.9851,286670.87,1339768.959,3.6605,1.48,245.6599,4.275,4431176.4731
301236.SZ,2026-02-05,46.19,47.14,46.01,46.54,46.5,0.04,0.086,143214.52,668206.697,1.8287,0.69,245.8713,4.2787,4434988.2378
301236.SZ,2026-02-06,46.28,46.68,45.8,46.09,46.54,-0.45,-0.9669,122462.64,566275.38,1.5637,0.64,243.4939,4.2373,4392105.8848
301236.SZ,2026-02-09,46.98,47.35,46.55,46.83,46.09,0.74,1.6056,151468.19,709991.861,1.9341,0.87,247.4033,4.3054,4462623.5319
301236.SZ,2026-02-10,46.96,48.0,46.88,47.53,46.83,0.7,1.4948,168543.43,800465.358,2.1522,0.98,251.1014,4.3697,4529329.4143
301236.SZ,2026-02-11,48.0,48.35,47.31,47.34,47.53,-0.19,-0.3997,140519.38,671727.392,1.7943,0.81,250.0977,4.3523,4511223.5319
301236.SZ,2026-02-12,47.31,48.1,47.12,47.78,47.34,0.44,0.9294,140312.82,668941.942,1.7917,0.97,252.4222,4.3927,4553152.9437
301236.SZ,2026-02-13,47.4,48.55,47.26,47.5,47.78,-0.28,-0.586,151765.66,727241.643,1.9379,1.05,250.943,4.367,4526470.5908
301236.SZ,2026-02-24,48.5,48.5,46.7,46.82,47.5,-0.68,-1.4316,157029.52,740444.248,2.0051,1.04,247.3505,4.3045,4461670.5907
301236.SZ,2026-02-25,46.99,47.16,46.74,46.8,46.82,-0.02,-0.0427,118425.97,555463.566,1.5122,0.78,247.2448,4.3026,4459764.7084
301236.SZ,2026-02-26,46.9,47.65,46.7,47.3,46.8,0.5,1.0684,162417.81,765825.283,2.0739,1.15,271.454,3.5798,4896445.2944
301236.SZ,2026-02-27,47.3,50.6,47.3,49.5,47.3,2.2,4.6512,419316.82,2078690.853,5.3543,2.87,284.0797,3.7463,5124186.936
301236.SZ,2026-03-02,48.24,49.01,47.89,48.05,49.5,-1.45,-2.9293,269187.48,1301897.909,3.4373,1.33,275.7582,3.6365,4974084.4904
301236.SZ,2026-03-03,48.01,48.98,46.11,46.25,48.05,-1.8,-3.7461,275890.1,1304998.487,3.5229,1.22,265.428,3.5003,4787750.42
301236.SZ,2026-03-04,45.6,47.18,44.95,45.21,46.25,-1.04,-2.2486,192733.08,887829.064,2.461,0.77,259.4595,3.4216,4680090.7349
301236.SZ,2026-03-05,46.0,46.45,45.23,45.31,45.21,0.1,0.2212,173464.06,790904.173,2.215,0.66,260.0334,3.4292,4690442.6277
301236.SZ,2026-03-06,45.23,47.5,44.96,47.04,45.31,1.73,3.8181,193295.36,892452.663,2.4682,0.73,269.9618,3.5601,4869530.3731
301236.SZ,2026-03-09,46.62,48.98,46.35,48.63,47.04,1.59,3.3801,344660.85,1641512.443,4.401,1.56,279.0868,3.6804,5034125.4686
301236.SZ,2026-03-10,49.0,49.12,47.63,48.05,48.63,-0.58,-1.1927,265803.22,1282859.164,3.3941,1.13,275.7582,3.6365,4974084.4904
301236.SZ,2026-03-11,47.6,48.39,47.4,47.53,48.05,-0.52,-1.0822,175378.33,836923.852,2.2394,0.75,272.7739,3.5972,4920254.6478
301236.SZ,2026-03-12,47.41,48.25,47.11,47.12,47.53,-0.41,-0.8626,157719.84,751541.85,2.0139,0.68,270.421,3.5662,4877811.8874
301236.SZ,2026-03-13,46.84,46.84,45.6,45.65,47.12,-1.47,-3.1197,155703.29,715321.169,1.9882,0.68,261.9846,3.4549,4725639.0632
301236.SZ,2026-03-16,45.5,45.54,44.6,45.54,45.65,-0.11,-0.241,123396.26,556808.68,1.5757,0.56,261.3534,3.4466,4714251.9811
301236.SZ,2026-03-17,45.52,45.73,44.6,44.66,45.54,-0.88,-1.9324,125052.49,565203.471,1.5968,0.71,256.3031,3.38,4623155.3245
301236.SZ,2026-03-18,45.04,45.35,44.6,45.34,44.66,0.68,1.5226,105951.81,476871.319,1.3529,0.72,260.2056,3.4314,4693548.1955
301236.SZ,2026-03-19,44.0,44.0,41.91,41.93,45.34,-3.41,-7.521,300885.6,1282901.553,3.8421,2.25,240.6356,3.1734,4340548.651
301236.SZ,2026-03-20,42.1,42.49,39.57,39.57,41.93,-2.36,-5.6284,251631.78,1023717.034,3.2131,1.55,227.0916,2.9948,4096243.981
301236.SZ,2026-03-23,39.0,40.21,38.08,38.51,39.57,-1.06,-2.6788,211109.63,825078.682,2.6957,1.16,221.0083,2.9145,3986513.9173
301236.SZ,2026-03-24,39.0,39.33,37.95,38.74,38.51,0.23,0.5972,148268.77,570200.215,1.8933,0.75,222.3283,2.9319,4010323.2707
301236.SZ,2026-03-25,38.74,39.5,38.73,39.02,38.74,0.28,0.7228,134869.27,527954.141,1.7222,0.66,223.9352,2.9531,4039308.5706
301236.SZ,2026-03-26,38.94,39.1,37.76,37.84,39.02,-1.18,-3.0241,128284.83,491976.386,1.6381,0.61,217.1632,2.8638,3917156.2355
301236.SZ,2026-03-27,37.45,38.17,37.1,38.05,37.84,0.21,0.555,122773.91,462525.061,1.5677,0.7,218.3684,2.8797,3938895.2104
301236.SZ,2026-03-30,37.45,37.68,36.82,37.51,38.05,-0.54,-1.4192,121371.99,453212.994,1.5498,0.81,215.2693,2.8389,3882994.9893
301236.SZ,2026-03-31,37.5,37.85,36.85,36.9,37.51,-0.61,-1.6262,117490.56,439713.185,1.5003,0.9,211.7685,2.7927,3819848.4432
301236.SZ,2026-04-01,38.01,38.48,37.84,38.25,36.9,1.35,3.6585,159710.34,610173.714,2.0327,1.28,219.5162,2.8949,3959598.996
301236.SZ,2026-04-02,38.03,38.18,36.8,36.94,38.25,-1.31,-3.4248,130237.94,486317.534,1.6576,1.0,211.9981,2.7957,3823989.2003
301236.SZ,2026-04-03,37.29,37.43,36.46,36.58,36.94,-0.36,-0.9746,88165.97,324832.203,1.1221,0.68,209.9321,2.7685,3786722.3862
301236.SZ,2026-04-07,36.97,37.26,36.63,36.83,36.58,0.25,0.6834,79034.02,291732.519,1.0059,0.64,211.3668,2.7874,3812602.1182
301236.SZ,2026-04-08,37.99,39.3,37.9,39.29,36.83,2.46,6.6793,203754.39,787608.254,2.5933,1.77,225.4847,2.9736,4067258.6811
301236.SZ,2026-04-09,38.68,38.97,38.4,38.5,39.29,-0.79,-2.0107,132685.88,512950.886,1.6887,1.0,220.9509,2.9138,3985478.728
301236.SZ,2026-04-10,38.87,39.37,38.72,38.75,38.5,0.25,0.6494,128742.0,501610.506,1.6385,1.02,222.3857,2.9327,4011358.46
301236.SZ,2026-04-13,38.05,39.19,38.05,38.79,38.75,0.04,0.1032,99842.69,387404.148,1.2707,0.79,222.6152,2.9357,4015499.2171
301236.SZ,2026-04-14,39.3,39.69,39.06,39.41,38.79,0.62,1.5984,118284.44,465127.968,1.5054,0.92,226.1734,2.9827,4079680.9525
301236.SZ,2026-04-15,39.73,39.86,38.83,38.96,39.41,-0.45,-1.1418,122787.91,482542.359,1.5628,0.9,223.5908,2.9486,4033097.4349
301236.SZ,2026-04-16,39.25,39.95,39.22,39.9,38.96,0.94,2.4127,163682.72,648788.039,2.0832,1.36,228.9855,3.0197,4130405.2272
301236.SZ,2026-04-17,39.74,40.49,39.6,40.27,39.9,0.37,0.9273,169935.78,681610.263,2.1628,1.34,231.1089,3.0477,4168707.2306
301236.SZ,2026-04-20,40.51,42.27,40.41,40.97,40.27,0.7,1.7383,223592.09,924538.239,2.8457,1.66,235.1262,3.1007,4241170.4802
301236.SZ,2026-04-21,41.0,41.3,39.67,39.86,40.97,-1.11,-2.7093,143991.07,575706.641,1.8326,0.9,228.7559,3.0167,4126264.4701
301236.SZ,2026-04-22,39.91,44.59,39.66,42.88,39.86,3.02,7.5765,504608.29,2156368.293,6.4223,3.06,246.0877,3.2453,4438891.6326
301236.SZ,2026-04-23,42.5,43.29,42.1,42.55,42.88,-0.33,-0.7696,294082.22,1256987.579,3.7429,1.22,244.1938,3.2203,4404730.3864
301236.SZ,2026-04-24,42.9,44.46,42.04,44.0,42.55,1.45,3.4078,408664.28,1775015.944,5.2012,1.53,252.5153,3.33,4554832.832
301236.SZ,2026-04-27,42.23,42.24,40.36,40.85,44.0,-3.15,-7.1591,377391.06,1551641.298,4.8032,1.2,205.1662,3.168,4228748.2088
301236.SZ,2026-04-28,40.85,41.1,39.4,39.64,40.85,-1.21,-2.9621,238912.47,955310.175,3.0407,0.69,199.089,3.0741,4103490.3059
301236.SZ,2026-04-29,39.64,40.11,39.41,39.44,39.64,-0.2,-0.5045,168444.95,669052.371,2.1439,0.46,198.0846,3.0586,4082786.5203
301236.SZ,2026-04-30,39.2,39.84,38.95,39.44,39.44,0.0,0.0,146218.56,576140.794,1.861,0.49,198.0846,3.0586,4082786.5203
301236.SZ,2026-05-06,40.16,41.75,40.12,41.53,39.44,2.09,5.2992,264233.97,1087235.002,3.363,0.99,208.5814,3.2207,4299141.0798
301236.SZ,2026-05-07,41.67,41.96,40.87,41.79,41.53,0.26,0.6261,214908.4,888207.524,2.7352,0.9,209.8873,3.2409,4326056.0011
301236.SZ,2026-05-08,41.8,42.79,41.33,41.8,41.79,0.01,0.0239,237184.63,997714.413,3.0187,1.15,209.9375,3.2416,4327091.1904
301236.SZ,2026-05-11,41.76,43.17,41.41,42.71,41.8,0.91,2.177,286454.39,1214377.471,3.6458,1.39,214.5079,3.3122,4421293.4149
301236.SZ,2026-05-12,42.42,42.6,41.3,41.42,42.71,-1.29,-3.0204,181406.77,756222.757,2.3088,0.79,208.029,3.2122,4287753.9978
301236.SZ,2026-05-13,41.18,42.28,40.95,41.91,41.42,0.49,1.183,169269.68,704357.788,2.1544,0.71,210.4899,3.2502,4338478.2725
301236.SZ,2026-05-14,42.21,42.21,39.5,39.5,41.91,-2.41,-5.7504,261221.1,1054186.733,3.3247,1.2,198.3859,3.0633,4088997.656
301236.SZ,2026-05-15,39.61,40.3,39.19,39.58,39.5,0.08,0.2025,211806.98,839894.251,2.6957,0.93,198.7877,3.0695,4097279.1702
301236.SZ,2026-05-18,38.99,41.17,38.99,40.16,39.58,0.58,1.4654,220169.89,884277.723,2.8022,0.99,201.7007,3.1145,4157320.1485
301236.SZ,2026-05-19,40.26,41.15,39.73,41.05,40.16,0.89,2.2161,246021.25,995530.776,3.1312,1.18,206.1707,3.1835,4249451.9944
301236.SZ,2026-05-20,40.81,41.16,39.95,39.99,41.05,-1.06,-2.5822,186501.57,753183.683,2.3737,0.84,200.8469,3.1013,4139721.9307
301236.SZ,2026-05-21,40.23,40.76,38.04,38.12,39.99,-1.87,-4.6762,239215.68,943244.143,3.0446,1.06,191.4549,2.9562,3946141.5354
301236.SZ,2026-05-22,38.33,38.89,37.88,38.55,38.12,0.43,1.128,161442.57,620462.096,2.0547,0.73,193.6146,2.9896,3990654.6744
301236.SZ,2026-05-25,38.93,39.77,38.25,39.42,38.55,0.87,2.2568,218547.5,852192.338,2.7815,1.04,197.9841,3.0571,4080716.1418
301236.SZ,2026-05-26,39.14,40.4,37.89,38.45,39.42,-0.97,-2.4607,238515.74,929265.388,3.0357,1.13,193.1123,2.9818,3980302.7816
301236.SZ,2026-05-27,38.0,38.26,36.45,36.5,38.45,-1.95,-5.0715,228875.56,851879.269,2.913,1.1,183.3186,2.8306,3778440.872
301236.SZ,2026-05-28,36.5,36.67,34.01,35.27,36.5,-1.23,-3.3699,316293.69,1105234.849,4.0256,1.46,177.141,2.7352,3651112.5906
301236.SZ,2026-05-29,35.51,35.88,32.88,33.04,35.27,-2.23,-6.3227,255106.58,864743.255,3.2468,1.1,165.941,2.5623,3420265.3811
301236.SZ,2026-06-01,34.35,39.65,34.31,39.65,33.04,6.61,20.0061,379416.6,1447335.041,4.829,1.51,199.1393,3.0749,4104525.4952
301236.SZ,2026-06-02,41.41,43.91,39.63,42.4,39.65,2.75,6.9357,1013276.6,4197279.567,12.8963,3.57,212.9509,3.2882,4389202.5472
301236.SZ,2026-06-03,40.81,43.6,40.81,43.59,42.4,1.19,2.8066,805183.02,3417456.007,10.2478,1.84,218.9276,3.3805,4512390.0715
301236.SZ,2026-06-04,42.2,42.95,41.03,41.58,43.59,-2.01,-4.6111,507259.78,2121858.313,6.4561,0.92,208.8325,3.2246,4304317.0262
301236.SZ,2026-06-05,41.24,43.86,41.24,41.8,41.58,0.22,0.5291,551867.71,2342815.158,7.0238,0.93,209.9375,3.2416,4327091.1904
301236.SZ,2026-06-08,40.58,44.5,40.51,43.53,41.8,1.73,4.1388,729809.03,3162112.583,9.2885,1.12,218.6263,3.3758,4506178.9358
301236.SZ,2026-06-09,43.3,46.82,42.5,44.76,43.53,1.23,2.8256,771007.05,3480598.16666,9.8129,1.07,224.8039,3.4712,4633507.2173
301236.SZ,2026-06-10,43.6,46.0,43.5,43.91,44.76,-0.85,-1.899,564562.31,2523408.96688,7.1854,0.84,220.5348,3.4053,4545516.1285
301236.SZ,2026-06-11,43.61,44.04,40.86,41.13,43.91,-2.78,-6.3311,572394.68,2390045.28342,7.2851,0.92,206.5725,3.1897,4257733.5086
301236.SZ,2026-06-12,41.6,42.2,39.72,39.75,41.13,-1.38,-3.3552,487089.06,1987185.26167,6.1994,0.76,199.6415,3.0827,4114877.4675
301236.SZ,2026-06-15,40.0,40.75,39.41,40.51,39.75,0.76,1.9119,303822.92,1224359.80604,3.8669,0.49,203.4586,3.1416,4193551.8543
301236.SZ,2026-06-16,39.88,40.53,38.38,40.19,40.46,-0.27,-0.6673,378709.34,1498534.81174,4.82,0.7,201.8514,3.1168,4160425.7967
301236.SZ,2026-06-17,39.97,40.05,38.21,38.48,40.19,-1.71,-4.2548,359959.26,1400329.06151,4.5813,0.78,193.263,2.9842,3983408.4264
301236.SZ,2026-06-18,38.18,39.18,37.54,38.56,38.48,0.08,0.2079,282140.16,1089106.74361,3.5909,0.67,193.6648,2.9904,3991689.9408
301236.SZ,2026-06-22,38.3,39.15,37.01,39.13,38.56,0.57,1.4782,320874.47,1221761.25793,4.0839,0.89,196.5276,3.0346,4050695.7309
301236.SZ,2026-06-23,38.58,40.63,37.86,40.28,39.13,1.15,2.9389,525625.88,2066075.25096,6.6898,1.6,202.3034,3.1238,4169742.5004
301236.SZ,2026-06-24,39.68,40.0,38.01,38.18,40.28,-2.1,-5.2135,359507.79,1385989.28704,4.5756,0.96,191.7563,2.9609,3952352.7474
301236.SZ,2026-06-25,38.03,39.37,37.01,37.19,38.18,-0.99,-2.593,308247.62,1170430.41594,3.9232,0.83,186.7841,2.8841,3849869.0067
301236.SZ,2026-06-26,38.0,43.36,37.51,41.69,37.19,4.5,12.1,737721.93,3059279.05869,9.3892,2.05,209.385,3.2331,4315704.1917
