ts_code,trade_date,open,high,low,close,pre_close,change,pct_chg,vol,amount,turnover_rate,volume_ratio,pe,pb,total_mv
300347.SZ,2023-01-03,104.2,105.79,101.01,101.9,104.8,-2.9,-2.7672,72528.06,744090.858,1.282,1.29,30.9305,4.6323,8889941.6618
300347.SZ,2023-01-04,101.9,106.56,101.37,105.2,101.9,3.3,3.2385,63082.51,662271.546,1.115,0.98,31.9322,4.7823,9177839.6744
300347.SZ,2023-01-05,106.2,114.66,105.37,112.5,105.2,7.3,6.9392,127475.8,1409591.829,2.2532,2.06,34.148,5.1142,9814704.975
300347.SZ,2023-01-06,112.49,112.49,107.5,109.54,112.5,-2.96,-2.6311,70212.58,765764.491,1.241,0.92,33.2496,4.9796,9556469.1819
300347.SZ,2023-01-09,109.05,109.7,105.81,109.34,109.54,-0.2,-0.1826,67418.81,727819.619,1.1917,0.91,33.1889,4.9705,9539020.8175
300347.SZ,2023-01-10,108.31,109.85,106.58,108.27,109.34,-1.07,-0.9786,44484.76,482046.239,0.7863,0.56,32.8641,4.9219,9445672.0679
300347.SZ,2023-01-11,108.79,110.65,107.5,108.49,108.27,0.22,0.2032,48179.84,525484.757,0.8516,0.65,32.9309,4.9319,9464865.2688
300347.SZ,2023-01-12,108.49,111.0,107.51,109.75,108.49,1.26,1.1614,40107.75,439727.798,0.7089,0.56,33.3133,4.9892,9574789.9645
300347.SZ,2023-01-13,109.95,116.97,109.08,115.97,109.75,6.22,5.6674,82237.17,939684.946,1.4536,1.52,35.2013,5.2719,10117434.0973
300347.SZ,2023-01-16,115.96,126.65,114.88,121.09,115.97,5.12,4.4149,118254.83,1442211.088,2.0902,2.09,36.7554,5.5047,10564112.226
300347.SZ,2023-01-17,121.99,122.51,117.05,118.15,121.09,-2.94,-2.4279,63392.74,753913.848,1.1205,0.95,35.863,5.371,10307621.2693
300347.SZ,2023-01-18,118.15,118.77,116.15,117.43,118.15,-0.72,-0.6094,37585.87,440021.716,0.6643,0.53,35.6445,5.3383,10244807.1575
300347.SZ,2023-01-19,118.19,126.68,117.04,124.93,117.43,7.5,6.3868,85465.94,1052424.599,1.5106,1.25,37.921,5.6792,10899120.8225
300347.SZ,2023-01-20,124.0,127.39,121.93,123.38,124.93,-1.55,-1.2407,50007.43,620926.984,0.8839,0.65,37.4505,5.6088,10763895.9984
300347.SZ,2023-01-30,124.1,125.3,118.0,119.19,123.38,-4.19,-3.396,68327.95,821343.881,1.2077,0.96,36.1787,5.4183,10398352.7642
300347.SZ,2023-01-31,119.01,120.47,115.75,116.3,119.19,-2.89,-2.4247,53844.63,634062.046,0.9517,0.88,35.3015,5.2869,10146223.8986
300347.SZ,2023-02-01,116.3,119.28,113.7,118.07,116.3,1.77,1.5219,54678.33,635989.584,0.9665,0.93,35.8388,5.3674,10300641.9235
300347.SZ,2023-02-02,119.45,125.55,119.03,119.42,118.07,1.35,1.1434,74242.15,901761.899,1.3123,1.19,36.2485,5.4288,10418418.3832
300347.SZ,2023-02-03,118.83,123.56,117.86,118.5,119.42,-0.92,-0.7704,56292.56,672810.456,0.995,0.93,35.9693,5.3869,10338155.907
300347.SZ,2023-02-06,117.15,118.14,113.0,113.6,118.5,-4.9,-4.135,84176.71,961902.753,1.4879,1.37,34.4819,5.1642,9910670.9792
300347.SZ,2023-02-07,114.04,116.66,113.12,114.25,113.6,0.65,0.5722,39700.92,455496.366,0.7017,0.61,34.6792,5.1937,9967378.1635
300347.SZ,2023-02-08,114.37,119.99,114.37,116.68,114.25,2.43,2.1269,53178.12,624683.871,0.9399,0.86,35.4168,5.3042,10179375.791
300347.SZ,2023-02-09,116.29,120.32,115.69,119.65,116.68,2.97,2.5454,59190.87,705292.075,1.0462,0.96,36.3183,5.4392,10438484.0023
300347.SZ,2023-02-10,118.64,124.01,116.5,122.79,119.65,3.14,2.6243,65263.89,786248.287,1.1536,1.12,37.2715,5.582,10712423.3234
300347.SZ,2023-02-13,123.61,130.0,120.01,122.6,122.79,-0.19,-0.1547,83306.14,1043850.862,1.4725,1.38,37.2138,5.5733,10695847.3772
300347.SZ,2023-02-14,121.89,124.9,120.5,121.28,122.6,-1.32,-1.0767,40016.87,488251.317,0.7073,0.67,36.8131,5.5133,10580688.1722
300347.SZ,2023-02-15,120.0,121.0,115.8,116.22,121.28,-5.06,-4.1722,66909.14,783638.745,1.1741,1.11,35.2772,5.2833,10139244.5528
300347.SZ,2023-02-16,116.6,117.26,114.2,114.48,116.22,-1.74,-1.4972,50775.55,586504.745,0.891,0.81,34.7491,5.2042,9987443.7826
300347.SZ,2023-02-17,113.98,115.89,111.18,113.71,114.48,-0.77,-0.6726,39981.24,456127.228,0.7016,0.65,34.5153,5.1692,9920267.5796
300347.SZ,2023-02-20,115.32,117.65,111.1,117.28,113.71,3.57,3.1396,52738.06,609347.573,0.9254,0.94,35.599,5.3315,10231720.8842
300347.SZ,2023-02-21,117.3,117.92,115.19,116.53,117.28,-0.75,-0.6395,40447.51,470931.019,0.7097,0.81,35.3713,5.2974,10166289.5177
300347.SZ,2023-02-22,115.87,117.7,113.5,113.67,116.53,-2.86,-2.4543,37427.55,430886.406,0.6568,0.75,34.5032,5.1674,9916777.9067
300347.SZ,2023-02-23,115.64,118.57,113.0,114.0,113.67,0.33,0.2903,33384.25,384096.078,0.5858,0.75,34.6034,5.1824,9945567.708
300347.SZ,2023-02-24,114.86,114.87,111.2,112.0,114.0,-2.0,-1.7544,36966.96,414449.423,0.6487,0.91,33.9963,5.0915,9771084.064
300347.SZ,2023-02-27,110.88,113.2,109.71,111.3,112.0,-0.7,-0.625,43697.69,486317.217,0.7668,1.09,33.7838,5.0596,9710014.7886
300347.SZ,2023-02-28,111.3,116.2,111.01,115.46,111.3,4.16,3.7376,62569.91,717027.434,1.0979,1.63,35.0465,5.2487,10072940.7681
300347.SZ,2023-03-01,115.0,115.03,112.45,113.9,115.46,-1.56,-1.3511,51225.38,581249.71,0.8989,1.2,34.573,5.1778,9936843.5258
300347.SZ,2023-03-02,113.33,114.4,111.8,112.8,113.9,-1.1,-0.9658,23131.08,260976.112,0.4059,0.51,34.2391,5.1278,9840877.5216
300347.SZ,2023-03-03,112.9,115.09,112.06,113.93,112.8,1.13,1.0018,24274.44,276070.882,0.426,0.56,34.5821,5.1792,9939460.7805
300347.SZ,2023-03-06,113.2,116.72,111.8,112.68,113.93,-1.25,-1.0972,40016.94,456918.206,0.7022,0.98,34.2027,5.1224,9830408.503
300347.SZ,2023-03-07,111.85,113.7,110.76,110.76,112.68,-1.92,-1.7039,28967.77,323836.733,0.5083,0.72,33.6199,5.0351,9662904.2047
300347.SZ,2023-03-08,110.2,112.8,109.4,110.74,110.76,-0.02,-0.0181,30408.78,337972.726,0.5336,0.91,33.6138,5.0342,9661159.3683
300347.SZ,2023-03-09,111.1,111.39,106.88,107.6,110.74,-3.14,-2.8355,64383.63,696013.863,1.1298,2.19,32.6607,4.8914,9387220.0472
300347.SZ,2023-03-10,106.98,111.8,105.66,109.99,107.6,2.39,2.2212,44214.77,482001.745,0.7759,1.18,33.3862,5.0001,9595728.0018
300347.SZ,2023-03-13,108.15,110.49,107.2,110.3,109.99,0.31,0.2818,30140.12,329060.402,0.5289,0.72,33.4803,5.0142,9622772.9666
300347.SZ,2023-03-14,110.28,112.38,108.88,109.7,110.3,-0.6,-0.544,28477.27,314474.12,0.4997,0.72,33.2981,4.9869,9570427.8734
300347.SZ,2023-03-15,110.3,113.5,110.3,111.26,109.7,1.56,1.4221,29176.66,326385.195,0.512,0.74,33.7717,5.0578,9706525.1157
300347.SZ,2023-03-16,111.25,113.0,102.36,104.05,111.26,-7.21,-6.4803,82379.32,866752.652,1.4455,2.1,31.5831,4.7301,9077511.5791
300347.SZ,2023-03-17,104.24,104.99,98.88,100.99,104.05,-3.06,-2.9409,113093.9,1141714.064,1.9845,2.64,30.6543,4.5909,8810551.6038
300347.SZ,2023-03-20,100.99,102.43,99.81,101.06,100.99,0.07,0.0693,47570.74,479313.487,0.8347,0.84,30.6756,4.5941,8816658.5313
300347.SZ,2023-03-21,102.0,108.5,101.6,107.5,101.06,6.44,6.3725,66250.79,699433.111,1.1625,1.1,32.6304,4.8869,9378495.865
300347.SZ,2023-03-22,109.0,110.37,106.02,107.43,107.5,-0.07,-0.0651,43217.98,466817.462,0.7584,0.64,32.6091,4.8837,9372388.9375
300347.SZ,2023-03-23,107.44,108.88,105.53,106.29,107.43,-1.14,-1.0612,28072.34,299481.799,0.4926,0.4,32.2631,4.8319,9272933.2604
300347.SZ,2023-03-24,106.6,108.3,105.72,106.18,106.29,-0.11,-0.1035,24827.23,264964.521,0.4357,0.42,32.2297,4.8269,9263336.66
300347.SZ,2023-03-27,106.2,113.75,104.0,110.36,106.18,4.18,3.9367,97370.79,1072762.457,1.7086,2.32,33.4985,5.0169,9628007.4759
300347.SZ,2023-03-28,111.02,111.65,108.65,109.34,110.36,-1.02,-0.9242,36107.48,396788.374,0.6336,0.7,33.1889,4.9705,9539020.8175
300347.SZ,2023-03-29,103.88,109.26,102.2,102.66,109.34,-6.68,-6.1094,86675.08,906388.951,1.5209,1.89,44.635,4.5735,8956245.4465
300347.SZ,2023-03-30,102.56,104.11,100.61,101.5,102.66,-1.16,-1.1299,49372.81,503009.921,0.8664,0.9,44.1307,4.5218,8855044.933
300347.SZ,2023-03-31,101.52,102.0,95.01,95.71,101.5,-5.79,-5.7044,113984.48,1105857.863,2.0001,1.94,41.6132,4.2639,8349914.7836
300347.SZ,2023-04-03,94.98,96.18,92.92,94.02,95.71,-1.69,-1.7658,111374.06,1045079.914,1.9543,1.45,40.8785,4.1886,8202476.1044
300347.SZ,2023-04-04,94.38,95.82,92.03,94.52,94.02,0.5,0.5318,92415.11,866709.141,1.6216,1.16,41.0959,4.2108,8246097.0154
300347.SZ,2023-04-06,95.0,99.29,93.61,97.2,94.52,2.68,2.8354,66606.55,646707.884,1.1688,0.73,42.2611,4.3302,8479905.0984
300347.SZ,2023-04-07,97.51,104.0,97.27,101.82,97.2,4.62,4.7531,76546.08,780020.645,1.3432,0.88,44.2698,4.5361,8882962.316
300347.SZ,2023-04-10,102.18,105.4,101.33,102.7,101.82,0.88,0.8643,47750.49,494180.385,0.8379,0.52,44.6524,4.5753,8959735.1194
300347.SZ,2023-04-11,103.0,103.66,98.77,100.68,102.7,-2.02,-1.9669,70611.29,710331.75,1.239,0.89,43.7741,4.4853,8783506.639
300347.SZ,2023-04-12,100.52,104.52,99.11,100.77,100.68,0.09,0.0894,52724.8,532942.411,0.9252,0.74,43.8133,4.4893,8791358.4029
300347.SZ,2023-04-13,100.82,107.97,98.85,106.0,100.77,5.23,5.19,92296.61,965504.083,1.6196,1.47,46.0872,4.7223,9247633.132
300347.SZ,2023-04-14,108.5,111.92,105.0,105.51,106.0,-0.49,-0.4623,80708.94,869174.343,1.4162,1.19,45.8741,4.7004,9204884.6392
300347.SZ,2023-04-17,106.12,107.49,104.01,106.01,105.51,0.5,0.4739,45876.41,483818.059,0.805,0.67,46.0915,4.7227,9248505.5502
300347.SZ,2023-04-18,104.1,105.48,101.75,103.0,106.01,-3.01,-2.8394,63210.69,651613.112,1.1092,0.92,44.7828,4.5886,8985907.666
300347.SZ,2023-04-19,102.66,103.36,100.3,101.48,103.0,-1.52,-1.4757,48451.07,491536.323,0.8502,0.72,44.122,4.5209,8853300.0966
300347.SZ,2023-04-20,101.71,103.2,99.68,99.89,101.48,-1.59,-1.5668,41715.69,420926.732,0.732,0.63,43.4306,4.4501,8714585.5996
300347.SZ,2023-04-21,99.7,99.89,95.8,96.12,99.89,-3.77,-3.7742,82569.54,803454.314,1.4489,1.47,41.7915,4.2821,8385683.9306
300347.SZ,2023-04-24,97.0,97.8,93.62,93.98,96.12,-2.14,-2.2264,54684.12,519925.817,0.9596,0.97,40.8611,4.1868,8198986.4316
300347.SZ,2023-04-25,94.75,94.75,90.0,91.16,93.98,-2.82,-3.0006,103868.39,950226.471,1.8226,1.79,39.635,4.0612,7952964.4935
300347.SZ,2023-04-26,88.18,93.65,87.4,92.74,91.16,1.58,1.7332,129362.8,1175419.867,2.27,1.95,40.3219,4.0163,8090806.5723
300347.SZ,2023-04-27,92.1,95.53,90.9,91.59,92.74,-1.15,-1.24,64445.59,599431.722,1.1309,0.78,39.8219,3.9665,7990478.477
300347.SZ,2023-04-28,91.0,93.65,90.55,90.96,91.59,-0.63,-0.6878,43094.62,395483.26,0.7562,0.5,39.548,3.9392,7935516.1291
300347.SZ,2023-05-04,90.0,91.5,88.52,89.34,90.96,-1.62,-1.781,45771.35,408966.255,0.8032,0.58,38.8437,3.869,7794184.3775
300347.SZ,2023-05-05,89.38,90.24,87.61,88.0,89.34,-1.34,-1.4999,33406.84,295362.715,0.5862,0.43,38.2611,3.811,7677280.336
300347.SZ,2023-05-08,88.21,92.27,87.96,90.32,88.0,2.32,2.6364,71709.89,644723.443,1.2583,1.13,39.2698,3.9115,7879681.363
300347.SZ,2023-05-09,90.08,91.39,86.21,86.42,90.32,-3.9,-4.318,67475.82,593290.893,1.184,1.31,37.5741,3.7426,7539438.2572
300347.SZ,2023-05-10,86.3,89.0,86.04,88.53,86.42,2.11,2.4416,50327.46,442320.733,0.8831,0.96,38.4915,3.834,7723518.5017
300347.SZ,2023-05-11,88.59,92.59,88.0,90.08,88.53,1.55,1.7508,65759.18,596294.997,1.1539,1.22,39.1654,3.9011,7858743.3258
300347.SZ,2023-05-12,89.97,90.35,88.68,89.23,90.08,-0.85,-0.9436,28563.02,255890.638,0.5012,0.49,38.7958,3.8643,7784587.7771
300347.SZ,2023-05-15,88.68,93.0,88.22,92.63,89.23,3.4,3.8104,41108.83,374703.45,0.7214,0.72,40.2741,4.0115,8081209.9719
300347.SZ,2023-05-16,93.5,94.2,92.11,93.0,92.63,0.37,0.3994,44590.16,415066.01,0.7824,0.88,40.435,4.0275,8113489.446
300347.SZ,2023-05-17,92.99,93.08,89.77,90.26,93.0,-2.74,-2.9462,36621.68,332176.975,0.6426,0.79,39.2437,3.9089,7874446.8537
300347.SZ,2023-05-18,90.0,90.75,88.6,89.36,90.26,-0.9,-0.9971,42907.92,383668.465,0.7529,0.99,38.8524,3.8699,7795929.2139
300347.SZ,2023-05-19,89.47,91.88,88.45,89.55,89.36,0.19,0.2126,40873.65,368766.617,0.7172,1.05,38.935,3.8781,7812505.1601
300347.SZ,2023-05-22,89.98,91.5,88.5,90.11,89.55,0.56,0.6253,30396.69,273924.987,0.5334,0.74,39.1785,3.9024,7861360.5804
300347.SZ,2023-05-23,90.68,91.2,88.3,88.3,90.11,-1.81,-2.0087,55924.9,500369.549,0.9813,1.43,38.3915,3.824,7703452.8826
300347.SZ,2023-05-24,87.2,88.98,86.1,88.0,88.3,-0.3,-0.3398,47471.26,417041.668,0.833,1.15,38.2611,3.811,7677280.336
300347.SZ,2023-05-25,87.99,88.19,85.1,86.81,88.0,-1.19,-1.3523,51872.48,446790.162,0.9102,1.19,37.7437,3.7595,7573462.5678
300347.SZ,2023-05-26,86.81,87.39,82.66,82.95,86.81,-3.86,-4.4465,82377.69,694859.141,1.4455,1.82,36.0654,3.5923,7236709.1349
300347.SZ,2023-05-29,82.96,84.88,81.41,83.93,82.95,0.98,1.1814,77090.86,638240.453,1.3527,1.44,36.4915,3.6347,7322206.1205
300347.SZ,2023-05-30,83.08,84.97,80.65,82.1,83.93,-1.83,-2.1804,67798.28,555831.499,1.1897,1.08,35.6958,3.5555,7162553.5862
300347.SZ,2023-05-31,81.26,83.74,80.53,80.8,82.1,-1.3,-1.5834,59170.43,483437.599,1.0383,0.91,35.1306,3.4992,7049139.2176
300347.SZ,2023-06-01,80.6,84.7,79.8,82.4,80.8,1.6,1.9802,68064.96,562755.777,1.1944,1.01,35.8263,3.5685,7188726.1328
300347.SZ,2023-06-02,82.3,83.07,80.85,81.88,82.4,-0.52,-0.6311,49246.12,401520.023,0.8641,0.69,35.6002,3.546,7143360.3854
300347.SZ,2023-06-05,81.53,81.73,79.0,79.3,81.88,-2.58,-3.151,74486.73,593656.447,1.307,1.16,34.4784,3.4342,6918276.4846
300347.SZ,2023-06-06,79.04,79.5,74.44,74.68,79.3,-4.62,-5.826,125281.18,954813.929,2.1984,1.97,32.4697,3.2342,6515219.267
300347.SZ,2023-06-07,75.0,75.38,72.4,72.75,74.68,-1.93,-2.5844,75352.72,553404.655,1.3222,1.0,31.6306,3.1506,6346842.5505
300347.SZ,2023-06-08,72.29,74.71,71.8,73.22,72.75,0.47,0.646,79026.25,577731.507,1.3867,1.01,31.8349,3.1709,6387846.2068
300347.SZ,2023-06-09,73.1,74.33,70.98,71.54,73.22,-1.68,-2.2945,123902.64,894602.895,2.1742,1.54,31.1045,3.0982,6241279.9459
300347.SZ,2023-06-12,70.5,71.57,69.9,70.69,71.54,-0.85,-1.1881,77563.68,547246.094,1.361,0.81,30.7349,3.0614,6167124.3972
300347.SZ,2023-06-13,70.9,71.43,69.89,71.1,70.69,0.41,0.58,60648.38,429166.092,1.0642,0.63,30.9132,3.0791,6202893.5442
300347.SZ,2023-06-14,71.93,73.45,70.85,71.3,71.1,0.2,0.2813,98163.21,704307.534,1.7225,1.18,31.0002,3.0878,6220341.9086
300347.SZ,2023-06-15,71.5,74.48,70.94,74.13,71.3,2.83,3.9691,132791.43,971714.946,2.3301,1.51,32.2306,3.2103,6467236.2649
300347.SZ,2023-06-16,74.15,74.85,72.33,73.15,74.13,-0.98,-1.322,94258.57,689630.976,1.654,0.96,31.8045,3.1679,6381739.2793
300347.SZ,2023-06-19,73.08,73.24,71.01,71.42,73.15,-1.73,-2.365,77282.97,555473.395,1.3561,0.83,31.0523,3.093,6230810.9272
300347.SZ,2023-06-20,71.63,72.3,70.09,70.3,71.42,-1.12,-1.5682,91033.46,646392.906,1.5974,0.98,30.5654,3.0445,6133100.0866
300347.SZ,2023-06-21,69.0,70.29,66.05,66.19,70.3,-4.11,-5.8464,185582.72,1247138.391,3.2565,1.88,28.7784,2.8665,5774536.1982
300347.SZ,2023-06-26,65.21,67.39,65.18,66.45,66.19,0.26,0.3928,103586.39,686188.04,1.8177,0.89,28.8914,2.8777,5797219.0719
300347.SZ,2023-06-27,66.69,67.26,65.3,65.4,66.45,-1.05,-1.5801,58592.93,386157.857,1.0282,0.53,28.4349,2.8323,5705615.1588
300347.SZ,2023-06-28,65.68,65.68,64.38,64.5,65.4,-0.9,-1.3761,53930.29,349663.049,0.9463,0.52,28.0436,2.7933,5627097.519
300347.SZ,2023-06-29,64.78,64.84,63.07,63.6,64.5,-0.9,-1.3953,69424.64,442367.447,1.2182,0.7,27.6523,2.7543,5548579.8792
300347.SZ,2023-06-30,63.96,65.7,63.5,64.54,63.6,0.94,1.478,67172.08,435007.629,1.1787,0.71,28.061,2.795,5630587.1919
300347.SZ,2023-07-03,65.01,65.69,64.04,65.38,64.54,0.84,1.3015,56630.22,368938.056,0.9937,0.8,28.4262,2.8314,5703870.3224
300347.SZ,2023-07-04,65.13,66.84,63.84,66.45,65.38,1.07,1.6366,133036.69,872044.967,2.3345,2.18,28.8914,2.8777,5797219.0719
300347.SZ,2023-07-05,66.19,67.29,65.14,65.43,66.45,-1.02,-1.535,75845.91,499193.67,1.3309,1.0,28.448,2.8336,5708232.4135
300347.SZ,2023-07-06,65.18,65.19,63.5,63.98,65.43,-1.45,-2.2161,85122.66,545679.93,1.4937,1.06,27.8175,2.7708,5581731.7716
300347.SZ,2023-07-07,63.3,63.43,62.43,62.93,63.44,-0.51,-0.8039,53407.57,336233.82,0.9372,0.64,27.361,2.7912,5490127.8585
300347.SZ,2023-07-10,63.09,65.16,62.81,63.53,62.93,0.6,0.9534,60456.99,386389.426,1.0609,0.75,27.6219,2.8178,5542472.9517
300347.SZ,2023-07-11,63.74,64.13,62.84,63.9,63.53,0.37,0.5824,38470.0,244488.273,0.675,0.47,27.7827,2.8342,5574752.4258
300347.SZ,2023-07-12,63.8,64.08,62.39,62.71,63.9,-1.19,-1.8623,53116.42,335470.53,0.9321,0.85,27.2654,2.7815,5470934.6576
300347.SZ,2023-07-13,63.21,66.01,63.21,65.14,62.71,2.43,3.875,108076.9,701845.954,1.8965,1.86,28.3219,2.8892,5682932.2851
300347.SZ,2023-07-14,65.14,65.14,63.95,64.68,65.14,-0.46,-0.7062,74978.9,483769.056,1.3157,1.2,28.1219,2.8688,5642801.047
300347.SZ,2023-07-17,64.0,64.38,63.06,63.53,64.68,-1.15,-1.778,55016.23,350355.579,0.9654,0.82,27.6219,2.8178,5542472.9517
300347.SZ,2023-07-18,64.08,64.09,63.04,63.27,63.53,-0.26,-0.4093,49931.06,316273.996,0.8762,0.76,27.5088,2.8063,5519790.0779
300347.SZ,2023-07-19,63.04,64.12,62.45,62.81,63.27,-0.46,-0.727,43030.84,270724.83,0.7551,0.63,27.3088,2.7859,5479658.8398
300347.SZ,2023-07-20,62.92,63.55,61.58,61.66,62.81,-1.15,-1.8309,53400.22,332642.084,0.937,0.81,26.8088,2.7349,5379330.7445
300347.SZ,2023-07-21,61.93,65.42,61.68,63.44,61.66,1.78,2.8868,105255.01,670696.778,1.847,1.9,27.5827,2.8138,5534621.1877
300347.SZ,2023-07-24,63.1,66.36,62.99,64.38,63.44,0.94,1.4817,92146.99,597994.855,1.6169,1.5,27.9914,2.8555,5616628.5004
300347.SZ,2023-07-25,65.5,65.93,64.64,65.55,64.38,1.17,1.8173,93648.27,611922.726,1.6433,1.36,28.5001,2.9074,5718701.4321
300347.SZ,2023-07-26,65.76,67.7,64.89,66.45,65.55,0.9,1.373,91010.09,603916.064,1.597,1.17,28.8914,2.9473,5797219.0719
300347.SZ,2023-07-27,66.3,66.5,65.5,66.2,66.45,-0.25,-0.3762,68935.64,454909.073,1.2096,0.79,28.7828,2.9363,5775408.6164
300347.SZ,2023-07-28,65.7,67.8,64.6,67.48,66.2,1.28,1.9335,110767.49,734925.868,1.9437,1.23,29.3393,2.993,5887078.1486
300347.SZ,2023-07-31,68.17,70.62,68.01,68.8,67.48,1.32,1.9561,152017.67,1051710.684,2.6675,1.67,29.9132,3.0516,6002237.3536
300347.SZ,2023-08-01,68.85,70.5,66.92,67.01,68.8,-1.79,-2.6017,137357.78,941453.238,2.4103,1.33,29.1349,2.9722,5846074.4922
300347.SZ,2023-08-02,66.75,66.94,65.48,66.35,67.01,-0.66,-0.9849,84487.96,559016.716,1.4825,0.75,28.848,2.9429,5788494.8897
300347.SZ,2023-08-03,66.14,68.95,66.14,68.89,66.35,2.54,3.8282,107046.02,726606.93,1.8784,0.97,29.9523,3.0556,6010089.1176
300347.SZ,2023-08-04,68.79,68.79,67.07,67.26,68.89,-1.63,-2.3661,71858.32,486291.548,1.2609,0.61,29.2436,2.9833,5867884.9477
300347.SZ,2023-08-07,66.61,66.65,63.2,63.49,67.26,-3.77,-5.6051,138679.81,888008.189,2.4335,1.25,27.6045,2.8161,5538983.2788
300347.SZ,2023-08-08,63.81,64.98,62.86,64.3,63.49,0.81,1.2758,78931.05,506047.842,1.385,0.73,27.9567,2.852,5609649.1546
300347.SZ,2023-08-09,64.0,70.73,63.9,69.25,64.3,4.95,7.6983,197398.32,1351161.579,3.4638,2.05,30.1088,3.0715,6041496.1735
300347.SZ,2023-08-10,68.4,70.32,68.0,69.8,69.25,0.55,0.7942,118827.08,820412.901,2.0851,1.0,30.348,3.0959,6089479.1756
300347.SZ,2023-08-11,69.8,71.39,68.79,68.98,69.8,-0.82,-1.1748,97278.31,679836.826,1.707,0.8,29.9915,3.0596,6017940.8816
300347.SZ,2023-08-14,68.57,68.98,66.41,67.85,68.98,-1.13,-1.6382,78722.51,531204.916,1.3814,0.62,29.5001,3.0094,5919357.6227
300347.SZ,2023-08-15,68.02,68.03,65.4,66.43,67.85,-1.42,-2.0929,79019.46,521761.313,1.3866,0.69,28.8828,2.9465,5795474.2355
300347.SZ,2023-08-16,66.3,67.62,65.23,65.52,66.43,-0.91,-1.3699,69419.78,459661.485,1.2181,0.61,28.4871,2.9061,5716084.1774
300347.SZ,2023-08-17,65.15,66.66,63.91,65.48,65.52,-0.04,-0.0611,69725.27,454387.909,1.2235,0.79,28.4697,2.9043,5712594.5046
300347.SZ,2023-08-18,65.14,65.45,63.01,63.01,65.48,-2.47,-3.7721,63957.34,408704.158,1.1223,0.81,27.3958,2.7948,5497107.2042
300347.SZ,2023-08-21,62.14,62.83,60.9,62.02,63.01,-0.99,-1.5712,73985.64,458949.049,1.2983,1.03,26.9654,2.7509,5410737.8004
300347.SZ,2023-08-22,62.02,62.52,60.48,61.8,62.02,-0.22,-0.3547,60085.71,368273.353,1.0543,0.84,26.8697,2.7411,5391544.5996
300347.SZ,2023-08-23,61.58,62.06,59.71,59.77,61.8,-2.03,-3.2848,53560.76,323227.172,0.9399,0.79,25.9871,2.6511,5214443.7009
300347.SZ,2023-08-24,59.76,67.3,59.75,66.57,59.77,6.8,11.3769,162437.52,1044922.689,2.8504,2.53,28.9436,2.9527,5807688.0905
300347.SZ,2023-08-25,67.13,67.18,64.06,64.45,66.57,-2.12,-3.1846,82421.35,536574.775,1.4463,1.0,28.0219,2.8586,5622735.4279
300347.SZ,2023-08-28,70.5,70.5,66.08,66.24,64.45,1.79,2.7773,123151.05,829000.625,2.1705,1.42,28.8001,2.8072,5778898.2893
300347.SZ,2023-08-29,65.74,69.1,65.0,68.35,66.24,2.11,3.1854,120546.15,811461.01,2.1246,1.25,29.7175,2.8966,5962978.5337
300347.SZ,2023-08-30,67.95,68.49,67.26,67.89,68.35,-0.46,-0.673,71499.35,484804.535,1.2602,0.66,29.5175,2.8771,5922847.2956
300347.SZ,2023-08-31,67.28,67.65,66.28,66.58,67.89,-1.31,-1.9296,71143.85,475963.458,1.2539,0.64,28.948,2.8216,5808560.5088
300347.SZ,2023-09-01,66.89,67.77,65.18,65.63,66.58,-0.95,-1.4269,52695.47,347191.913,0.9287,0.56,28.5349,2.7813,5725680.7779
300347.SZ,2023-09-04,65.7,67.91,65.69,66.26,65.63,0.63,0.9599,81942.74,545441.118,1.4442,0.93,28.8088,2.808,5780643.1257
300347.SZ,2023-09-05,65.8,66.56,65.01,65.24,66.26,-1.02,-1.5394,52382.24,343189.995,0.9232,0.66,28.3654,2.7648,5691656.4673
300347.SZ,2023-09-06,64.85,64.95,62.54,62.57,65.24,-2.67,-4.0926,96580.49,609637.041,1.7022,1.46,27.2045,2.6517,5458720.8025
300347.SZ,2023-09-07,62.67,63.11,61.37,61.5,62.57,-1.07,-1.7101,55767.86,346479.649,0.9829,0.79,26.7393,2.6063,5365372.053
300347.SZ,2023-09-08,61.36,62.33,61.01,61.76,61.5,0.26,0.4228,44143.42,272394.251,0.778,0.65,26.8523,2.6173,5388054.9267
300347.SZ,2023-09-11,61.62,63.93,61.02,62.62,61.76,0.86,1.3925,86854.88,545634.646,1.5308,1.31,27.2262,2.6538,5463082.8936
300347.SZ,2023-09-12,62.62,63.28,62.01,62.45,62.62,-0.17,-0.2715,51942.49,325315.719,0.9155,0.77,27.1523,2.6466,5448251.7839
300347.SZ,2023-09-13,62.17,62.78,61.49,62.04,62.45,-0.41,-0.6565,41883.21,259827.696,0.7382,0.62,26.974,2.6292,5412482.6369
300347.SZ,2023-09-14,61.9,62.53,61.14,61.78,62.04,-0.26,-0.4191,39679.79,244923.846,0.6993,0.71,26.861,2.6182,5389799.7632
300347.SZ,2023-09-15,61.51,64.87,60.78,63.24,61.78,1.46,2.3632,130259.75,820803.908,2.2958,2.46,27.4958,2.68,5517172.8233
300347.SZ,2023-09-18,62.91,66.3,62.68,65.59,63.24,2.35,3.716,128161.35,833170.839,2.2588,1.83,28.5175,2.7796,5722191.105
300347.SZ,2023-09-19,65.62,65.84,64.58,65.02,65.59,-0.57,-0.869,58783.15,382659.751,1.036,0.75,28.2697,2.7555,5672463.2664
300347.SZ,2023-09-20,64.72,65.3,64.31,64.92,65.02,-0.1,-0.1538,49051.11,317650.954,0.8645,0.62,28.2262,2.7512,5663739.0842
300347.SZ,2023-09-21,64.25,65.12,63.1,63.45,64.92,-1.47,-2.2643,56074.42,357276.654,0.9883,0.69,27.5871,2.6889,5535493.6059
300347.SZ,2023-09-22,63.0,64.58,62.5,64.58,63.45,1.13,1.7809,65964.51,421004.725,1.1626,0.78,28.0784,2.7368,5634076.8648
300347.SZ,2023-09-25,64.18,66.37,63.88,65.5,64.58,0.92,1.4246,115285.77,754325.981,2.0319,1.61,28.4784,2.7758,5714339.341
300347.SZ,2023-09-26,65.4,66.01,64.25,64.3,65.5,-1.2,-1.8321,63876.83,414750.028,1.1258,0.93,27.9567,2.725,5609649.1546
300347.SZ,2023-09-27,64.32,69.2,64.32,68.32,64.3,4.02,6.2519,177637.7,1203992.375,3.1308,2.54,29.7045,2.8953,5960361.279
300347.SZ,2023-09-28,68.0,68.41,66.32,66.6,68.32,-1.72,-2.5176,109486.66,737061.45,1.9297,1.14,28.9567,2.8224,5810305.3452
300347.SZ,2023-10-09,64.79,65.64,62.75,65.15,66.6,-1.45,-2.1772,115879.67,746097.334,2.0423,1.09,28.3262,2.761,5683804.7033
300347.SZ,2023-10-10,65.44,65.66,63.03,63.18,65.15,-1.97,-3.0238,89268.61,569550.039,1.5733,0.77,27.4697,2.6775,5511938.314
300347.SZ,2023-10-11,63.31,71.35,63.31,69.28,63.18,6.1,9.655,279818.56,1924713.911,4.9317,2.52,30.1219,2.936,6044113.4282
300347.SZ,2023-10-12,69.9,70.77,68.64,69.85,69.28,0.57,0.8227,146476.78,1018358.435,2.5816,0.95,30.3697,2.9602,6093841.2667
300347.SZ,2023-10-13,69.6,71.8,69.22,71.75,69.85,1.9,2.7201,181561.28,1284737.933,3.2,1.23,31.1958,3.0407,6259600.7285
300347.SZ,2023-10-16,70.95,72.16,67.97,68.47,71.75,-3.28,-4.5714,163521.61,1144254.243,2.882,1.01,29.7697,2.9017,5973447.5523
300347.SZ,2023-10-17,69.08,69.66,67.68,68.73,68.47,0.26,0.3797,95297.07,652754.515,1.6796,0.55,29.8828,2.9127,5996130.4261
300347.SZ,2023-10-18,68.13,68.31,66.61,67.28,68.73,-1.45,-2.1097,75864.18,511710.555,1.3371,0.44,29.2523,2.8513,5869629.7842
300347.SZ,2023-10-19,67.0,68.09,66.38,66.44,67.28,-0.84,-1.2485,82981.03,557674.427,1.4625,0.63,28.8871,2.8157,5796346.6537
300347.SZ,2023-10-20,65.8,66.5,64.34,64.72,66.44,-1.72,-2.5888,96980.05,631160.289,1.7092,0.81,28.1393,2.7428,5646290.7198
300347.SZ,2023-10-23,64.41,65.7,63.64,64.4,64.72,-0.32,-0.4944,74144.08,478381.064,1.3068,0.72,28.0001,2.7292,5618373.3368
300347.SZ,2023-10-24,64.75,65.11,62.22,63.5,64.4,-0.9,-1.3975,114402.49,725356.037,2.0163,1.35,27.6088,2.6911,5539855.697
300347.SZ,2023-10-25,63.86,64.77,57.78,58.0,63.5,-5.5,-8.6614,234995.46,1426823.578,4.1417,2.64,25.2175,2.458,5060025.676
300347.SZ,2023-10-26,57.0,58.07,55.94,57.41,58.0,-0.59,-1.0172,147161.33,837547.21,2.5937,1.22,24.961,2.433,5008553.001
300347.SZ,2023-10-27,57.0,61.32,56.62,61.07,57.41,3.66,6.3752,149548.51,887643.599,2.6357,1.12,26.5523,2.5881,5327858.0695
300347.SZ,2023-10-30,60.53,67.0,60.26,66.67,61.07,5.6,9.1698,245195.65,1601680.556,4.3215,1.7,28.9871,2.7618,5816412.2727
300347.SZ,2023-10-31,66.02,67.5,65.49,66.7,66.67,0.03,0.045,130312.87,866269.831,2.2967,0.73,29.0001,2.7631,5819029.5274
300347.SZ,2023-11-01,66.7,67.16,64.66,65.76,66.7,-0.94,-1.4093,111456.95,731528.958,1.9644,0.61,28.5914,2.7241,5737022.2147
300347.SZ,2023-11-02,66.3,67.73,65.67,66.0,65.76,0.24,0.365,110720.11,737888.389,1.9514,0.71,28.6958,2.7341,5757960.252
300347.SZ,2023-11-03,66.3,67.78,65.7,67.2,66.0,1.2,1.8182,100890.69,675229.273,1.7782,0.68,29.2175,2.7838,5862650.4384
300347.SZ,2023-11-06,69.35,72.0,69.3,71.31,67.2,4.11,6.1161,173484.39,1227335.54,3.0576,1.24,31.0045,2.9541,6221214.3268
300347.SZ,2023-11-07,71.0,72.31,70.51,70.81,71.31,-0.5,-0.7012,119738.46,852634.325,2.1104,0.96,30.7871,2.9333,6177593.4158
300347.SZ,2023-11-08,70.75,73.19,70.44,70.87,70.81,0.06,0.0847,128330.01,919485.968,2.2618,1.04,30.8132,2.9358,6182827.9251
300347.SZ,2023-11-09,70.87,71.86,69.7,69.78,70.87,-1.09,-1.538,97865.07,689943.362,1.7248,0.77,30.3393,2.8907,6087734.3392
300347.SZ,2023-11-10,68.86,70.2,68.5,69.81,69.78,0.03,0.043,72970.01,508036.822,1.2861,0.59,30.3523,2.8919,6090351.5938
300347.SZ,2023-11-13,71.0,71.14,68.62,68.93,69.81,-0.88,-1.2606,79051.17,547736.63,1.3933,0.67,29.9697,2.8555,6013578.7905
300347.SZ,2023-11-14,69.0,70.13,68.02,68.79,68.93,-0.14,-0.2031,73414.77,504762.034,1.2939,0.74,29.9088,2.8497,6001364.9354
300347.SZ,2023-11-15,70.89,71.8,68.43,68.82,68.79,0.03,0.0436,109513.46,762576.801,1.9301,1.21,29.9219,2.8509,6003982.19
300347.SZ,2023-11-16,68.32,69.11,66.8,66.95,68.82,-1.87,-2.7172,92058.62,622230.766,1.6225,1.06,29.1088,2.7734,5840839.9829
300347.SZ,2023-11-17,66.58,67.62,66.46,67.47,66.95,0.52,0.7767,66600.28,446475.814,1.1738,0.78,29.3349,2.795,5886205.7303
300347.SZ,2023-11-20,67.8,68.83,66.93,68.34,67.47,0.87,1.2895,92342.67,629509.816,1.6275,1.1,29.7132,2.831,5962106.1155
300347.SZ,2023-11-21,68.32,68.77,66.97,67.32,68.34,-1.02,-1.4925,85798.63,581228.107,1.5122,0.99,29.2697,2.7888,5873119.457
300347.SZ,2023-11-22,66.96,67.25,64.63,64.83,67.32,-2.49,-3.6988,115323.38,757096.055,2.0325,1.29,28.1871,2.6856,5655887.3203
300347.SZ,2023-11-23,64.83,65.51,64.35,65.15,64.83,0.32,0.4936,77786.91,505286.834,1.371,0.86,28.3262,2.6989,5683804.7033
300347.SZ,2023-11-24,65.0,65.28,63.0,63.46,65.15,-1.69,-2.594,92546.18,590647.531,1.6311,1.06,27.5914,2.6289,5536366.0241
300347.SZ,2023-11-27,63.0,63.33,62.17,62.3,63.46,-1.16,-1.8279,87136.3,544889.777,1.5357,0.94,27.0871,2.5808,5435165.5106
300347.SZ,2023-11-28,62.17,64.48,61.45,63.72,62.3,1.42,2.2793,113158.18,718015.186,1.9944,1.23,27.7045,2.6396,5559048.8978
300347.SZ,2023-11-29,63.75,63.79,62.4,62.61,63.72,-1.11,-1.742,60561.79,381428.887,1.0674,0.62,27.2219,2.5937,5462210.4754
300347.SZ,2023-11-30,62.51,63.18,61.9,62.11,62.61,-0.5,-0.7986,71682.46,447683.189,1.2634,0.83,27.0045,2.5729,5418589.5644
300347.SZ,2023-12-01,62.11,62.58,60.75,62.35,62.11,0.24,0.3864,85757.15,528787.86,1.5114,1.01,27.1088,2.5829,5439527.6017
300347.SZ,2023-12-04,61.78,62.0,58.46,58.5,62.35,-3.85,-6.1748,159898.49,949613.801,2.8182,1.91,25.4349,2.4234,5103646.587
300347.SZ,2023-12-05,58.4,59.1,57.6,57.6,58.5,-0.9,-1.5385,89303.45,520320.733,1.5739,0.91,25.0436,2.3861,5025128.9472
300347.SZ,2023-12-06,57.68,58.44,57.46,57.62,57.6,0.02,0.0347,77299.72,447596.216,1.3624,0.83,25.0523,2.3869,5026873.7836
300347.SZ,2023-12-07,57.47,57.47,56.15,56.48,57.62,-1.14,-1.9785,97631.18,553094.324,1.7207,1.01,24.5566,2.3397,4927418.1066
300347.SZ,2023-12-08,56.53,56.81,55.24,56.05,56.48,-0.43,-0.7613,130612.38,730253.779,2.302,1.28,24.3697,2.3219,4889904.1231
300347.SZ,2023-12-11,55.41,56.9,54.45,56.47,56.05,0.42,0.7493,127242.22,704508.717,2.2426,1.15,24.5523,2.3393,4926545.6883
300347.SZ,2023-12-12,56.27,56.45,55.3,55.55,56.47,-0.92,-1.6292,80349.57,447678.495,1.4161,0.77,24.1523,2.3012,4846283.2121
300347.SZ,2023-12-13,55.2,55.53,53.57,53.57,55.55,-1.98,-3.5644,118453.38,642826.925,2.0877,1.15,23.2914,2.2192,4673544.4045
300347.SZ,2023-12-14,54.29,55.9,53.74,53.84,53.57,0.27,0.504,114748.83,627925.965,2.0224,1.04,23.4088,2.2304,4697099.6965
300347.SZ,2023-12-15,54.28,55.12,53.61,53.8,53.84,-0.04,-0.0743,82627.78,448554.259,1.4563,0.72,23.3914,2.2287,4693610.0236
300347.SZ,2023-12-18,53.0,54.28,52.86,53.09,53.8,-0.71,-1.3197,71616.28,382481.803,1.2622,0.68,23.0827,2.1993,4631668.33
300347.SZ,2023-12-19,52.87,53.39,52.33,53.02,53.09,-0.07,-0.1319,66713.93,352565.116,1.1758,0.71,23.0523,2.1964,4625561.4024
300347.SZ,2023-12-20,53.12,54.16,52.51,52.54,53.02,-0.48,-0.9053,60375.26,321230.714,1.0641,0.66,22.8436,2.1765,4583685.3279
300347.SZ,2023-12-21,52.23,54.44,52.0,53.64,52.54,1.1,2.0936,97563.42,520131.47,1.7195,1.23,23.3219,2.2221,4679651.3321
300347.SZ,2023-12-22,53.3,54.15,52.6,53.63,53.64,-0.01,-0.0186,89456.86,477285.484,1.5766,1.18,23.3175,2.2217,4678778.9139
300347.SZ,2023-12-25,53.22,54.88,53.04,54.31,53.63,0.68,1.2679,84636.36,458063.872,1.4917,1.1,23.6132,2.2498,4738103.3528
300347.SZ,2023-12-26,54.1,54.27,51.06,52.3,54.31,-2.01,-3.701,100357.76,526656.944,1.7688,1.26,22.7392,2.1666,4562747.2906
300347.SZ,2023-12-27,52.3,52.61,51.67,51.89,52.3,-0.41,-0.7839,69845.61,363126.56,1.231,0.81,22.561,2.1496,4526978.1436
300347.SZ,2023-12-28,52.12,55.9,51.8,55.6,51.89,3.71,7.1497,170596.23,926147.839,3.0067,1.93,24.174,2.3033,4850645.3032
300347.SZ,2023-12-29,55.5,56.97,54.8,54.97,55.6,-0.63,-1.1331,125697.68,698374.168,2.2154,1.22,23.9001,2.2772,4795682.9553
300347.SZ,2024-01-02,54.93,54.93,52.65,53.02,54.97,-1.95,-3.5474,102027.39,544758.355,1.7982,0.93,23.0523,2.1964,4625561.4024
300347.SZ,2024-01-03,52.9,53.85,51.6,51.99,53.02,-1.03,-1.9427,112662.06,590315.612,1.9856,0.99,22.6045,2.1537,4535702.3258
300347.SZ,2024-01-04,51.75,51.92,50.2,50.42,51.99,-1.57,-3.0198,138745.84,703310.532,2.4454,1.19,21.9218,2.0887,4398732.6652
300347.SZ,2024-01-05,50.14,50.83,49.51,49.83,50.42,-0.59,-1.1702,87048.52,436335.74,1.5342,0.67,21.6653,2.0642,4347259.9903
300347.SZ,2024-01-08,49.85,49.9,48.63,48.7,49.83,-1.13,-2.2677,81324.91,399386.016,1.4333,0.72,21.174,2.0174,4248676.7314
300347.SZ,2024-01-09,48.99,50.36,48.53,49.43,48.7,0.73,1.499,104062.79,512938.369,1.8341,1.0,21.4914,2.0477,4312363.2615
300347.SZ,2024-01-10,49.01,50.66,48.55,49.71,49.43,0.28,0.5665,96769.29,482476.822,1.7055,0.92,21.6131,2.0593,4336790.9716
300347.SZ,2024-01-11,52.95,53.5,50.71,51.08,49.71,1.37,2.756,159877.99,826556.293,2.8178,1.57,22.2088,2.116,4456312.2678
300347.SZ,2024-01-12,50.69,51.7,50.12,50.12,51.08,-0.96,-1.8794,110612.93,562088.198,1.9495,1.05,21.7914,2.0763,4372560.1186
300347.SZ,2024-01-15,49.63,50.8,49.47,49.69,50.12,-0.43,-0.8579,78610.83,393516.758,1.3855,0.71,21.6045,2.0584,4335046.1352
300347.SZ,2024-01-16,49.32,50.35,48.8,50.27,49.69,0.58,1.1672,89920.39,445722.031,1.5848,0.82,21.8566,2.0825,4385646.3919
300347.SZ,2024-01-17,49.9,50.0,48.51,48.54,50.27,-1.73,-3.4414,79944.07,392338.393,1.409,0.75,21.1045,2.0108,4234718.0399
300347.SZ,2024-01-18,48.29,50.06,48.0,50.05,48.54,1.51,3.1108,109494.59,534376.431,1.9298,1.05,21.761,2.0734,4366453.1911
300347.SZ,2024-01-19,49.59,50.2,48.87,48.9,50.05,-1.15,-2.2977,82963.71,410370.705,1.4622,0.89,21.261,2.0257,4266125.0958
300347.SZ,2024-01-22,48.6,48.88,46.77,47.11,48.9,-1.79,-3.6605,86599.76,415383.285,1.5263,0.98,20.4827,1.9516,4109962.2344
300347.SZ,2024-01-23,46.7,48.8,46.7,47.76,47.11,0.65,1.3797,80651.64,384726.428,1.4215,0.9,20.7653,1.9785,4166669.4187
300347.SZ,2024-01-24,48.21,48.37,45.65,47.8,47.76,0.04,0.0838,111784.04,524267.274,1.9702,1.27,20.7827,1.9801,4170159.0916
300347.SZ,2024-01-25,47.56,48.94,47.03,48.86,47.8,1.06,2.2176,111220.8,535354.794,1.9602,1.18,21.2436,2.0241,4262635.4229
300347.SZ,2024-01-26,48.25,49.28,43.2,43.91,48.86,-4.95,-10.131,249335.62,1141236.113,4.3945,2.63,19.0914,1.819,3830788.404
300347.SZ,2024-01-29,45.0,46.24,43.28,43.31,43.91,-0.6,-1.3664,208251.23,927198.817,3.6704,1.63,18.8305,1.7941,3778443.3108
300347.SZ,2024-01-30,42.9,44.15,42.5,43.12,43.31,-0.19,-0.4387,118187.33,513492.736,2.083,0.78,18.7479,1.7863,3761867.3646
300347.SZ,2024-01-31,42.63,43.13,40.6,40.6,43.12,-2.52,-5.8442,150599.06,623635.83,2.6543,0.94,17.6523,1.6819,3542017.9732
300347.SZ,2024-02-01,40.65,42.2,40.51,41.01,40.6,0.41,1.0099,130877.12,539683.487,2.3067,0.78,17.8305,1.6989,3577787.1202
300347.SZ,2024-02-02,41.2,41.43,37.5,38.53,41.01,-2.48,-6.0473,210583.91,822438.836,3.7115,1.23,16.7523,1.5961,3361427.4017
300347.SZ,2024-02-05,38.82,39.2,36.12,37.85,38.53,-0.68,-1.7649,190616.37,722499.479,3.3596,1.16,16.4566,1.568,3302102.9627
300347.SZ,2024-02-06,37.24,40.95,37.24,40.76,37.85,2.91,7.6882,179343.79,705540.729,3.1609,1.12,17.7218,1.6885,3555976.6647
300347.SZ,2024-02-07,42.8,44.08,41.88,42.5,40.76,1.74,4.2689,263694.28,1131806.195,4.5653,1.53,18.4784,1.7606,3707777.435
300347.SZ,2024-02-08,42.23,43.15,40.81,42.8,42.5,0.3,0.7059,207399.88,875530.216,3.5907,1.06,18.6088,1.773,3733949.9816
300347.SZ,2024-02-19,42.0,42.69,41.6,42.54,42.8,-0.26,-0.6075,145136.06,612977.661,2.5127,0.69,18.4957,1.7622,3711267.1079
300347.SZ,2024-02-20,42.4,43.89,42.2,43.25,42.54,0.71,1.669,133875.27,578102.396,2.3178,0.68,18.8044,1.7917,3773208.8015
300347.SZ,2024-02-21,42.66,45.09,42.4,44.02,43.25,0.77,1.7803,168283.62,739538.81,2.9135,0.91,19.1392,1.8236,3840385.0044
300347.SZ,2024-02-22,43.77,44.22,43.51,44.05,44.02,0.03,0.0682,114787.61,503629.011,1.9873,0.62,19.1523,1.8248,3843002.2591
300347.SZ,2024-02-23,43.82,44.22,43.11,43.84,44.05,-0.21,-0.4767,144235.67,628169.158,2.4971,0.94,19.061,1.8161,3824681.4765
300347.SZ,2024-02-26,43.85,45.08,43.45,44.3,43.84,0.46,1.0493,163428.71,724561.443,2.8294,1.16,19.261,1.8352,3864812.7146
300347.SZ,2024-02-27,43.99,44.8,43.41,44.8,44.3,0.5,1.1287,150927.32,663921.129,2.613,1.04,19.4784,1.8559,3908433.6256
300347.SZ,2024-02-28,45.03,46.85,43.55,43.6,44.8,-1.2,-2.6786,219771.64,997715.492,3.8049,1.48,18.9566,1.8062,3803743.4392
300347.SZ,2024-02-29,43.29,45.1,43.0,45.05,43.6,1.45,3.3257,172339.35,761249.377,2.9837,1.09,19.5871,1.8662,3930244.0811
300347.SZ,2024-03-01,44.95,45.54,44.44,45.2,45.05,0.15,0.333,118083.59,531159.289,2.0444,0.69,19.6523,1.8724,3943330.3544
300347.SZ,2024-03-04,45.17,48.51,45.05,46.76,45.2,1.56,3.4513,253918.56,1185285.912,4.396,1.54,20.3305,1.9371,4079427.5967
300347.SZ,2024-03-05,46.06,46.1,44.4,44.62,46.76,-2.14,-4.5766,202389.48,911745.521,3.5039,1.11,19.4001,1.8484,3892730.0976
300347.SZ,2024-03-06,44.46,45.07,43.55,44.26,44.62,-0.36,-0.8068,144081.25,636883.558,2.4945,0.75,19.2436,1.8335,3861323.0417
300347.SZ,2024-03-07,41.8,43.1,41.17,41.18,44.26,-3.08,-6.9589,233981.8,983298.478,4.0509,1.31,17.9044,1.7059,3592618.23
300347.SZ,2024-03-08,41.28,42.37,40.83,41.41,41.18,0.23,0.5585,127548.47,528896.001,2.2082,0.67,18.0044,1.7154,3612683.849
300347.SZ,2024-03-11,41.84,43.26,41.25,43.04,41.41,1.63,3.9362,161557.57,681229.648,2.797,0.84,18.7131,1.783,3754888.0189
300347.SZ,2024-03-12,43.2,44.76,43.18,44.33,43.04,1.29,2.9972,204959.25,905037.762,3.5484,1.18,19.274,1.8364,3867429.9693
300347.SZ,2024-03-13,44.35,44.35,42.92,43.55,44.33,-0.78,-1.7595,150793.67,655538.591,2.6107,0.86,18.9349,1.8041,3799381.3481
300347.SZ,2024-03-14,48.97,52.26,48.97,52.26,43.55,8.71,20.0,747736.95,3858121.931,12.9454,4.25,22.7219,2.1649,4559257.6177
300347.SZ,2024-03-15,53.0,55.39,51.31,52.1,52.26,-0.16,-0.3062,592291.35,3152704.225,10.2542,2.13,22.6523,2.1583,4545298.9262
300347.SZ,2024-03-18,52.99,53.49,50.0,52.98,52.1,0.88,1.6891,421366.81,2185160.825,7.2951,1.13,23.0349,2.1947,4622071.7296
300347.SZ,2024-03-19,52.0,53.48,51.67,52.3,52.98,-0.68,-1.2835,274787.95,1445173.364,4.7574,0.65,22.7392,2.1666,4562747.2906
300347.SZ,2024-03-20,51.82,52.94,50.94,51.18,52.3,-1.12,-2.1415,255578.17,1320925.009,4.4248,0.58,22.2523,2.1202,4465036.45
300347.SZ,2024-03-21,51.17,51.37,49.69,50.29,51.18,-0.89,-1.739,192041.38,967027.527,3.3248,0.42,21.8653,2.0833,4387391.2284
300347.SZ,2024-03-22,50.02,50.2,47.85,47.92,50.29,-2.37,-4.7127,193501.07,939377.849,3.3501,0.56,20.8349,1.9851,4180628.1102
300347.SZ,2024-03-25,48.86,51.99,48.55,49.9,47.92,1.98,4.1319,294716.07,1490513.041,5.1024,1.1,21.6958,2.0671,4353366.9178
300347.SZ,2024-03-26,49.21,50.86,48.7,50.1,49.9,0.2,0.4008,196112.89,978097.634,3.3953,0.81,21.7827,2.0754,4370815.2822
300347.SZ,2024-03-27,49.85,52.77,49.23,50.91,50.1,0.81,1.6168,261564.37,1335549.687,4.5284,1.16,22.1349,2.109,4441481.158
300347.SZ,2024-03-28,50.18,53.33,49.76,52.25,50.91,1.34,2.6321,276007.08,1431749.762,4.7785,1.21,22.7175,2.1645,4558385.1995
300347.SZ,2024-03-29,51.79,54.48,51.4,53.15,52.25,0.9,1.7225,232822.17,1242209.767,4.0308,0.95,22.9,2.2052,4636902.8393
300347.SZ,2024-04-01,53.2,53.64,51.8,53.1,53.15,-0.05,-0.0941,158999.48,839869.862,2.7527,0.63,22.8784,2.2032,4632540.7482
300347.SZ,2024-04-02,52.94,53.08,51.88,52.04,53.1,-1.06,-1.9962,105066.22,550434.483,1.819,0.47,22.4217,2.1592,4540064.4169
300347.SZ,2024-04-03,51.8,52.44,50.2,50.24,52.04,-1.8,-3.4589,132180.61,676448.003,2.2884,0.64,21.6462,2.0845,4383029.1373
300347.SZ,2024-04-08,50.0,52.92,49.67,52.59,50.24,2.35,4.6775,196499.48,1021251.583,3.402,1.09,22.6587,2.182,4588047.419
300347.SZ,2024-04-09,52.54,57.25,51.84,56.92,52.59,4.33,8.2335,263806.21,1446763.147,4.5672,1.6,24.5243,2.3617,4965804.5082
300347.SZ,2024-04-10,56.46,58.31,55.33,57.62,56.92,0.7,1.2298,211452.2,1208540.458,3.6608,1.23,24.8259,2.3907,5026873.7836
300347.SZ,2024-04-11,57.1,57.2,55.52,56.2,57.62,-1.42,-2.4644,138419.25,779137.067,2.3964,0.76,24.2141,2.3318,4902990.3964
300347.SZ,2024-04-12,56.5,57.88,55.17,55.68,56.2,-0.52,-0.9253,99259.34,558016.348,1.7185,0.53,23.99,2.3102,4857624.649
300347.SZ,2024-04-15,55.69,58.86,55.5,56.35,55.68,0.67,1.2033,199960.6,1145048.282,3.4619,1.1,24.2787,2.338,4916076.6697
300347.SZ,2024-04-16,56.35,57.8,52.95,53.1,56.35,-3.25,-5.7675,187249.97,1024932.915,3.2418,1.03,22.8784,2.2032,4632540.7482
300347.SZ,2024-04-17,52.88,54.44,51.64,52.76,53.1,-0.34,-0.6403,203857.93,1076746.629,3.5294,1.22,22.7319,2.1891,4602878.5287
300347.SZ,2024-04-18,51.87,53.9,51.59,51.73,52.76,-1.03,-1.9522,137375.24,721543.902,2.3784,0.83,22.2882,2.1463,4513019.4521
300347.SZ,2024-04-19,51.0,51.22,49.19,49.64,51.73,-2.09,-4.0402,158671.37,789874.735,2.7471,0.96,21.3877,2.0596,4330684.0441
300347.SZ,2024-04-22,49.49,50.3,48.53,49.73,49.64,0.09,0.1813,116181.95,575749.463,2.0114,0.65,21.4265,2.0633,4338535.8081
300347.SZ,2024-04-23,49.81,54.1,48.56,53.09,49.73,3.36,6.7565,208431.88,1073872.359,3.6085,1.3,22.8741,2.2027,4631668.33
300347.SZ,2024-04-24,52.45,53.2,51.36,52.6,53.09,-0.49,-0.923,163321.45,854081.628,2.8276,0.99,22.663,2.1824,4588919.8372
300347.SZ,2024-04-25,51.66,54.15,51.66,53.01,52.6,0.41,0.7795,137887.73,728612.389,2.3872,0.88,22.8397,2.1994,4624688.9842
300347.SZ,2024-04-26,51.0,58.15,50.46,57.7,53.01,4.69,8.8474,304509.85,1705298.66,5.2719,1.94,24.8604,2.3821,5033853.1294
300347.SZ,2024-04-29,57.06,60.35,57.06,59.67,57.7,1.97,3.4142,238057.87,1407487.75,4.1215,1.28,25.7092,2.4634,5205719.5187
300347.SZ,2024-04-30,59.0,60.21,58.4,59.11,59.67,-0.56,-0.9385,109401.33,650106.45,1.894,0.52,25.4679,2.4403,5156864.0984
300347.SZ,2024-05-06,59.8,62.29,59.15,61.75,59.11,2.64,4.4662,191112.56,1170781.441,3.3087,1.0,26.6053,2.5493,5387182.5085
300347.SZ,2024-05-07,61.55,62.08,60.5,61.7,61.75,-0.05,-0.081,92794.08,570910.702,1.6065,0.47,26.5838,2.5473,5382820.4174
300347.SZ,2024-05-08,61.35,61.68,59.72,59.86,61.7,-1.84,-2.9822,112050.6,678237.64,1.9399,0.6,25.791,2.4713,5222295.4649
300347.SZ,2024-05-09,59.7,61.12,59.28,59.75,59.86,-0.11,-0.1838,100617.37,603565.332,1.742,0.68,25.7436,2.4668,5212698.8645
300347.SZ,2024-05-10,59.8,59.83,58.62,59.69,59.75,-0.06,-0.1004,73591.58,435933.429,1.2741,0.61,25.7178,2.4643,5207464.3552
300347.SZ,2024-05-13,62.5,63.36,57.53,57.68,59.69,-2.01,-3.3674,160357.91,950219.384,2.7762,1.41,24.8518,2.3813,5032108.293
300347.SZ,2024-05-14,57.25,59.61,57.25,59.18,57.68,1.5,2.6006,93707.21,550683.712,1.6436,0.87,25.2797,2.5262,5118765.6373
300347.SZ,2024-05-15,58.5,58.81,56.66,56.9,59.18,-2.28,-3.8527,94456.5,541436.149,1.6567,0.87,24.3058,2.4289,4921557.3633
300347.SZ,2024-05-16,57.0,59.09,56.17,58.09,56.9,1.19,2.0914,88639.0,512925.271,1.5547,0.85,24.8141,2.4797,5024486.2431
300347.SZ,2024-05-17,57.89,58.7,56.45,56.99,58.09,-1.1,-1.8936,69644.15,398138.439,1.2215,0.68,24.3442,2.4327,4929341.9004
300347.SZ,2024-05-20,57.07,58.86,56.75,58.41,56.99,1.42,2.4917,72997.81,423260.588,1.2804,0.72,24.9508,2.4934,5052164.5974
300347.SZ,2024-05-21,58.28,58.97,57.75,58.15,58.41,-0.26,-0.4451,62167.02,361566.161,1.0904,0.74,24.8397,2.4823,5029675.9346
300347.SZ,2024-05-22,58.1,58.43,55.66,56.87,58.15,-1.28,-2.2012,106692.7,604864.837,1.8714,1.38,24.293,2.4276,4918962.5176
300347.SZ,2024-05-23,56.65,56.87,54.87,55.11,56.87,-1.76,-3.0948,80059.11,444371.145,1.4042,1.0,23.5412,2.3525,4766731.5693
300347.SZ,2024-05-24,54.88,56.16,54.43,54.91,55.11,-0.2,-0.3629,62087.51,342294.477,1.089,0.79,23.4557,2.344,4749432.5979
300347.SZ,2024-05-27,54.91,55.33,53.82,55.33,54.91,0.42,0.7649,56777.78,310045.937,0.9959,0.74,23.6351,2.3619,4785760.4378
300347.SZ,2024-05-28,55.0,56.38,54.46,54.7,55.33,-0.63,-1.1386,65128.31,360133.867,1.1423,0.89,23.366,2.335,4731268.6779
300347.SZ,2024-05-29,54.53,55.15,53.0,53.25,54.7,-1.45,-2.6508,83642.36,450325.667,1.4671,1.13,22.7466,2.2731,4605851.1353
300347.SZ,2024-05-30,53.3,53.9,52.53,53.83,53.25,0.58,1.0892,53692.67,286339.401,0.9418,0.77,22.9944,2.2979,4656018.1523
300347.SZ,2024-05-31,54.45,55.29,53.8,53.93,53.83,0.1,0.1858,76335.17,415627.96,1.3389,1.19,23.0371,2.3021,4664667.638
300347.SZ,2024-06-03,52.86,54.03,52.3,53.6,53.93,-0.33,-0.6119,86101.14,457179.316,1.5102,1.28,22.8961,2.288,4636124.3352
300347.SZ,2024-06-04,53.37,55.83,53.2,55.5,53.6,1.9,3.5448,95409.97,525297.653,1.6735,1.31,23.7078,2.3691,4800464.5635
300347.SZ,2024-06-05,55.38,56.1,54.89,55.32,55.5,-0.18,-0.3243,58518.4,325273.229,1.0264,0.74,23.6309,2.3615,4784895.4892
300347.SZ,2024-06-06,55.06,57.2,55.06,56.91,55.32,1.59,2.8742,93683.82,529486.943,1.6432,1.27,24.3101,2.4293,4922422.3119
300347.SZ,2024-06-07,56.91,58.6,56.8,57.05,56.91,0.14,0.246,97953.35,565179.411,1.7181,1.19,24.3699,2.4353,4934531.5919
300347.SZ,2024-06-11,56.74,56.91,53.64,55.9,57.05,-1.15,-2.0158,112576.89,619053.135,1.9746,1.3,23.8786,2.3862,4835062.5063
300347.SZ,2024-06-12,55.5,58.86,55.2,57.6,55.9,1.7,3.0411,126084.64,722170.747,2.2115,1.38,24.6048,2.4588,4982103.7632
300347.SZ,2024-06-13,57.4,58.5,56.71,57.22,57.6,-0.38,-0.6597,82543.4,475722.165,1.4478,0.84,24.4425,2.4426,4949235.7175
300347.SZ,2024-06-14,57.1,57.38,49.36,53.8,57.22,-3.42,-5.9769,308850.36,1605690.745,5.4171,3.01,22.9816,2.2966,4653423.3066
300347.SZ,2024-06-17,52.14,53.88,51.51,53.5,53.8,-0.3,-0.5576,136038.91,716078.519,2.3861,0.93,22.8534,2.2838,4627474.8495
300347.SZ,2024-06-18,53.29,53.29,51.28,52.0,53.5,-1.5,-2.8037,84818.19,442843.898,1.4877,0.55,22.2127,2.2197,4497732.564
300347.SZ,2024-06-19,51.87,52.35,51.59,51.79,52.0,-0.21,-0.4038,46871.75,243210.744,0.8221,0.32,22.123,2.2108,4479568.644
300347.SZ,2024-06-20,51.6,52.65,50.3,50.36,51.79,-1.43,-2.7612,70804.84,362766.496,1.2419,0.54,21.5121,2.1497,4355880.9985
300347.SZ,2024-06-21,50.34,51.24,50.03,50.82,50.36,0.46,0.9134,56815.64,287901.486,0.9965,0.44,21.7086,2.1694,4395668.6327
300347.SZ,2024-06-24,50.38,51.7,50.2,50.46,50.82,-0.36,-0.7084,52473.7,267877.912,0.9204,0.66,21.5548,2.154,4364530.4842
300347.SZ,2024-06-25,50.2,50.9,48.53,49.3,50.46,-1.16,-2.2989,88514.9,436704.22,1.5525,1.42,21.0593,2.1045,4264196.4501
300347.SZ,2024-06-26,49.3,49.83,48.61,49.62,49.3,0.32,0.6491,56745.76,279810.5,0.9953,0.9,21.196,2.1181,4291874.8043
300347.SZ,2024-06-27,49.37,49.85,48.0,48.78,49.62,-0.84,-1.6929,58785.73,288446.579,1.0311,0.9,20.8372,2.0823,4219219.1245
300347.SZ,2024-06-28,48.88,50.11,48.48,48.6,48.78,-0.18,-0.369,62883.7,309045.99,1.103,1.0,20.7603,2.0746,4203650.0502
300347.SZ,2024-07-01,48.6,48.98,47.37,48.44,48.6,-0.16,-0.3292,40965.02,196459.602,0.7185,0.64,20.692,2.0678,4189810.8731
300347.SZ,2024-07-02,48.48,48.62,46.81,47.0,48.44,-1.44,-2.9727,60125.28,285130.922,1.0546,0.98,20.0768,2.0063,4065258.279
300347.SZ,2024-07-03,47.0,47.88,46.41,47.04,47.0,0.04,0.0851,57125.44,268878.294,1.002,1.02,20.0939,2.008,4068718.0733
300347.SZ,2024-07-04,47.04,48.36,46.81,47.35,47.04,0.31,0.659,63170.79,300912.729,1.108,1.13,20.2263,2.0212,4095531.479
300347.SZ,2024-07-05,47.2,51.71,46.58,51.1,47.35,3.75,7.9197,149915.86,745098.601,2.6295,2.64,21.8282,2.1813,4419887.1927
300347.SZ,2024-07-08,50.0,50.97,47.69,49.0,51.1,-2.1,-4.1096,108885.95,534263.031,1.9098,1.47,20.9312,2.0917,4238247.993
300347.SZ,2024-07-09,48.7,49.08,46.9,48.3,49.0,-0.7,-1.4286,85808.77,411100.733,1.5051,0.98,20.6322,2.0618,4177701.5931
300347.SZ,2024-07-10,48.0,49.07,47.17,47.26,48.3,-1.04,-2.1532,79862.73,382822.025,1.4008,0.86,20.1879,2.0174,4087746.9418
300347.SZ,2024-07-11,48.0,49.56,47.44,48.66,47.26,1.4,2.9623,100635.53,489766.295,1.7651,1.03,20.7859,2.0772,4208839.7416
300347.SZ,2024-07-12,48.94,51.5,48.48,48.6,48.09,0.51,1.0605,108313.77,538695.389,1.8998,1.03,20.7603,2.1259,4203650.0502
300347.SZ,2024-07-15,48.31,49.0,47.47,47.6,48.6,-1.0,-2.0576,64669.29,309224.981,1.1343,0.67,20.3331,2.0822,4117155.1932
300347.SZ,2024-07-16,47.36,48.04,47.0,47.92,47.6,0.32,0.6723,50061.58,238741.504,0.8781,0.57,20.4698,2.0962,4144833.5474
300347.SZ,2024-07-17,47.85,51.22,47.62,50.65,47.92,2.73,5.697,130437.99,652852.142,2.2878,1.62,21.636,2.2156,4380964.5071
300347.SZ,2024-07-18,50.0,51.1,49.81,51.0,50.65,0.35,0.691,79576.68,402274.185,1.3957,0.88,21.7855,2.2309,4411237.707
300347.SZ,2024-07-19,50.76,52.65,50.12,52.05,51.0,1.05,2.0588,79223.33,409078.019,1.3895,0.91,22.234,2.2768,4502057.3069
300347.SZ,2024-07-22,52.0,55.34,51.7,54.21,52.05,2.16,4.1499,101462.66,547089.39,1.7796,1.26,23.1567,2.3713,4688886.198
300347.SZ,2024-07-23,53.95,54.6,52.7,52.75,54.21,-1.46,-2.6932,79850.32,426850.85,1.4005,0.91,22.533,2.3075,4562603.7068
300347.SZ,2024-07-24,52.47,54.01,51.38,51.68,52.75,-1.07,-2.0284,70444.31,368164.421,1.2356,0.75,22.076,2.2607,4470054.2098
300347.SZ,2024-07-25,51.61,52.63,50.9,51.71,51.68,0.03,0.058,68911.6,357221.068,1.2087,0.84,22.0888,2.262,4472649.0555
300347.SZ,2024-07-26,51.59,52.09,50.45,50.92,51.71,-0.79,-1.5278,65272.11,332692.406,1.1449,0.82,21.7513,2.2274,4404318.1184
300347.SZ,2024-07-29,51.09,51.88,50.7,51.36,50.92,0.44,0.8641,60234.6,309135.035,1.0565,0.78,21.9393,2.2467,4442375.8555
300347.SZ,2024-07-30,52.0,52.85,50.4,50.85,51.36,-0.51,-0.993,70183.23,361677.763,1.231,1.02,21.7214,2.2244,4398263.4785
300347.SZ,2024-07-31,50.41,54.58,50.05,53.56,50.85,2.71,5.3294,138907.28,736521.073,2.4364,2.07,22.8791,2.3429,4632664.5409
300347.SZ,2024-08-01,53.4,53.8,52.2,52.45,53.56,-1.11,-2.0724,84595.93,446961.996,1.4838,1.05,22.4049,2.2943,4536655.2497
300347.SZ,2024-08-02,52.2,56.49,52.16,54.88,52.45,2.43,4.633,164763.75,908458.307,2.8899,1.97,23.4429,2.4006,4746837.7522
300347.SZ,2024-08-05,54.6,58.3,54.5,56.1,54.88,1.22,2.223,182962.84,1039585.602,3.2091,1.76,23.9641,2.454,4852361.4777
300347.SZ,2024-08-06,57.0,57.86,55.75,57.5,56.1,1.4,2.4955,117586.02,669560.261,2.0624,0.92,24.5621,2.5152,4973454.2775
300347.SZ,2024-08-07,57.02,57.27,55.58,56.08,57.5,-1.42,-2.4696,101406.07,568925.333,1.7786,0.74,23.9555,2.4531,4850631.5806
300347.SZ,2024-08-08,55.65,56.23,54.37,54.64,56.08,-1.44,-2.5678,84435.13,463048.893,1.481,0.65,23.3404,2.3901,4726078.9865
300347.SZ,2024-08-09,54.95,55.25,53.55,53.77,54.64,-0.87,-1.5922,74791.94,404450.437,1.3118,0.57,22.9688,2.3521,4650828.4609
300347.SZ,2024-08-12,53.75,54.25,53.19,53.42,53.77,-0.35,-0.6509,69834.76,374594.213,1.2249,0.62,22.8192,2.3368,4620555.2609
300347.SZ,2024-08-13,53.4,54.23,52.22,54.23,53.42,0.81,1.5163,82298.37,436489.666,1.4435,0.92,23.1653,2.3722,4690616.0951
300347.SZ,2024-08-14,53.98,53.98,52.02,52.2,54.23,-2.03,-3.7433,68096.58,357758.659,1.1944,0.82,22.2981,2.2834,4515031.5354
300347.SZ,2024-08-15,52.02,53.52,51.87,52.6,52.2,0.4,0.7663,64051.0,337178.283,1.1234,0.84,22.469,2.3009,4549629.4782
300347.SZ,2024-08-16,52.4,53.82,52.22,53.58,52.6,0.98,1.8631,59836.74,318747.598,1.0495,0.83,22.8876,2.3438,4634394.4381
300347.SZ,2024-08-19,53.4,53.75,52.5,53.18,53.58,-0.4,-0.7465,56147.59,298066.448,0.9848,0.82,22.7167,2.3263,4599796.4953
300347.SZ,2024-08-20,53.0,53.16,49.58,50.0,53.18,-3.18,-5.9797,124769.88,631714.227,2.1884,1.89,21.3583,2.1872,4324742.85
300347.SZ,2024-08-21,49.6,49.89,48.4,48.59,50.0,-1.41,-2.82,70732.75,347624.67,1.2406,0.95,20.756,2.1255,4202785.1016
300347.SZ,2024-08-22,48.59,48.96,47.57,47.76,48.59,-0.83,-1.7082,51314.0,246749.531,0.9,0.68,20.4015,2.0892,4130994.3703
300347.SZ,2024-08-23,47.76,47.95,47.19,47.61,47.76,-0.15,-0.3141,34578.56,164512.987,0.6065,0.48,20.3374,2.0826,4118020.1418
300347.SZ,2024-08-26,47.47,49.33,47.31,48.54,47.61,0.93,1.9534,52913.57,256648.203,0.9281,0.78,20.7347,2.1233,4198460.3588
300347.SZ,2024-08-27,48.44,48.8,47.31,47.58,48.54,-0.96,-1.9778,39911.75,190638.41,0.7,0.6,20.3246,2.0813,4115425.2961
300347.SZ,2024-08-28,47.48,48.76,47.28,48.68,47.58,1.1,2.3119,49884.95,241084.872,0.875,1.0,20.7945,2.1294,4210569.6388
300347.SZ,2024-08-29,47.6,51.58,47.56,51.18,48.68,2.5,5.1356,106553.77,535348.337,1.878,2.33,21.8624,2.2388,4426806.7813
300347.SZ,2024-08-30,50.99,51.85,50.58,50.87,51.18,-0.31,-0.6057,72758.87,371588.416,1.2824,1.28,21.73,2.1701,4399993.3756
300347.SZ,2024-09-02,50.5,51.0,48.3,48.44,50.87,-2.43,-4.7769,64682.24,318271.172,1.14,1.0,20.692,2.0664,4189810.8731
300347.SZ,2024-09-03,48.5,50.44,48.1,49.81,48.44,1.37,2.8282,58900.34,292176.312,1.0381,0.88,21.2772,2.1248,4308308.8272
300347.SZ,2024-09-04,49.58,51.1,49.28,49.9,49.81,0.09,0.1807,40620.17,203636.427,0.7159,0.58,21.3156,2.1287,4316093.3643
300347.SZ,2024-09-05,50.0,50.75,49.92,50.46,49.9,0.56,1.1222,36689.05,184857.224,0.6466,0.53,21.5548,2.1526,4364530.4842
300347.SZ,2024-09-06,50.46,50.87,48.7,48.73,50.46,-1.73,-3.4285,40321.95,198769.504,0.7107,0.74,20.8158,2.0788,4214894.3816
300347.SZ,2024-09-09,48.75,50.61,48.0,49.2,48.73,0.47,0.9645,59749.86,296370.182,1.0531,1.24,21.0166,2.0988,4255546.9644
300347.SZ,2024-09-10,49.2,49.48,47.26,48.92,49.2,-0.28,-0.5691,57731.99,278514.89,1.0175,1.22,20.897,2.0869,4231328.4044
300347.SZ,2024-09-11,48.65,50.2,48.5,49.11,48.92,0.19,0.3884,43339.9,214098.743,0.7639,0.92,20.9782,2.095,4247762.4273
300347.SZ,2024-09-12,49.22,50.09,48.79,48.84,49.11,-0.27,-0.5498,38454.1,190392.019,0.6777,0.81,20.8628,2.0835,4224408.8159
300347.SZ,2024-09-13,48.9,49.37,48.35,48.99,48.84,0.15,0.3071,32781.42,160397.697,0.5778,0.68,20.9269,2.0899,4237383.0444
300347.SZ,2024-09-18,48.78,49.99,48.78,49.91,48.99,0.92,1.8779,33188.5,164342.976,0.5849,0.72,21.3199,2.1291,4316958.3129
300347.SZ,2024-09-19,50.37,51.99,50.0,50.76,49.91,0.85,1.7031,57254.44,292250.647,1.0091,1.39,21.683,2.1654,4390478.9413
300347.SZ,2024-09-20,50.46,51.0,48.86,50.18,50.76,-0.58,-1.1426,54996.06,274296.691,0.9693,1.34,21.4352,2.1406,4340311.9243
300347.SZ,2024-09-23,51.36,51.9,49.45,49.8,50.18,-0.38,-0.7573,62320.72,316559.699,1.0984,1.44,21.2729,2.1244,4307443.8786
300347.SZ,2024-09-24,50.17,51.88,48.68,51.39,49.8,1.59,3.1928,87026.0,438184.912,1.5338,1.81,21.9521,2.1922,4444970.7012
300347.SZ,2024-09-25,51.4,54.4,51.1,53.4,51.39,2.01,3.9113,120642.25,641942.207,2.1263,2.05,22.8107,2.278,4618825.3638
300347.SZ,2024-09-26,52.8,55.9,52.0,55.61,53.4,2.21,4.1386,127162.24,682123.444,2.2412,1.66,23.7547,2.3723,4809978.9978
300347.SZ,2024-09-27,55.94,62.58,55.65,59.3,55.61,3.69,6.6355,241075.18,1403783.269,4.2489,2.67,25.331,2.5297,5129145.0201
300347.SZ,2024-09-30,61.97,69.4,60.25,68.99,59.3,9.69,16.3406,280033.92,1812766.494,4.9355,2.19,29.4702,2.943,5967280.1844
300347.SZ,2024-10-08,82.78,82.79,71.17,79.22,68.99,10.23,14.8282,448921.96,3502135.093,7.9121,2.62,33.8401,3.3794,6852122.5715
300347.SZ,2024-10-09,73.65,76.2,67.76,67.83,79.22,-11.39,-14.3777,318761.97,2299713.624,5.6181,1.31,28.9747,2.8936,5866946.1503
300347.SZ,2024-10-10,67.89,70.19,66.7,67.04,67.83,-0.79,-1.1647,159251.72,1089862.797,2.8068,0.56,28.6373,2.8599,5798615.2133
300347.SZ,2024-10-11,66.45,66.98,62.0,63.02,67.04,-4.02,-5.9964,158309.97,1007170.97,2.7902,0.55,26.92,2.6884,5450905.8881
300347.SZ,2024-10-14,62.9,63.86,60.32,63.82,63.02,0.8,1.2694,194205.68,1205542.388,3.4228,0.71,27.2618,2.7225,5520101.7737
300347.SZ,2024-10-15,63.99,64.5,61.01,61.38,63.82,-2.44,-3.8233,132900.48,837277.833,2.3423,0.52,26.2195,2.6184,5309054.3227
300347.SZ,2024-10-16,60.0,61.36,59.61,60.01,61.38,-1.37,-2.232,101019.53,609292.095,1.7804,0.52,25.6343,2.56,5190556.3686
300347.SZ,2024-10-17,60.48,61.69,59.69,59.72,60.01,-0.29,-0.4833,93507.0,566581.672,1.648,0.63,25.5104,2.5476,5165472.86
300347.SZ,2024-10-18,59.53,66.85,59.3,64.0,59.72,4.28,7.1668,180137.43,1127916.14,3.1749,1.32,27.3387,2.7302,5535670.848
300347.SZ,2024-10-21,64.01,67.3,63.06,65.91,64.0,1.91,2.9844,168366.55,1096854.934,2.9674,1.2,28.1546,2.8117,5700876.0249
300347.SZ,2024-10-22,64.8,68.25,64.72,67.91,65.91,2.0,3.0344,141832.01,951749.088,2.4997,1.05,29.0089,2.897,5873865.7389
300347.SZ,2024-10-23,67.78,69.4,65.56,67.24,67.91,-0.67,-0.9866,143316.39,957706.548,2.5259,1.05,28.7227,2.8684,5815914.1847
300347.SZ,2024-10-24,66.64,68.97,66.34,66.73,67.24,-0.51,-0.7585,121920.01,825358.151,2.1488,0.84,28.5048,2.8466,5771801.8076
300347.SZ,2024-10-25,66.2,73.0,65.57,71.06,66.73,4.33,6.4888,229408.75,1599388.926,4.0433,1.52,30.3545,3.0313,6146324.5384
300347.SZ,2024-10-28,71.12,72.73,70.21,71.72,71.06,0.66,0.9288,140053.61,1004330.991,2.4684,0.87,30.6364,3.0595,6203411.144
300347.SZ,2024-10-29,71.71,73.19,68.57,68.92,71.72,-2.8,-3.9041,127359.61,894207.054,2.2447,0.82,29.4403,2.9401,5961225.5444
300347.SZ,2024-10-30,67.55,67.9,63.18,63.97,68.92,-4.95,-7.1822,206867.2,1334530.214,3.646,1.36,27.3259,2.6267,5533076.0023
300347.SZ,2024-10-31,63.92,64.62,62.5,62.85,63.97,-1.12,-1.7508,130328.16,826569.926,2.297,0.79,26.8474,2.5807,5436201.7625
300347.SZ,2024-11-01,62.62,64.38,61.83,62.53,62.85,-0.32,-0.5091,111219.05,701431.216,1.9602,0.67,26.7107,2.5675,5408523.4082
300347.SZ,2024-11-04,63.28,65.72,62.92,63.88,62.53,1.35,2.159,109624.26,703843.904,1.9321,0.77,27.2874,2.623,5525291.4652
300347.SZ,2024-11-05,63.92,68.45,62.96,67.99,63.88,4.11,6.4339,172273.79,1138945.252,3.0363,1.26,29.0431,2.7917,5880785.3274
300347.SZ,2024-11-06,67.5,69.6,65.93,66.85,67.99,-1.14,-1.6767,162612.58,1106290.205,2.866,1.11,28.5561,2.7449,5782181.1905
300347.SZ,2024-11-07,65.4,67.56,64.5,67.43,66.85,0.58,0.8676,152854.13,1014958.725,2.694,1.11,28.8039,2.7687,5832348.2075
300347.SZ,2024-11-08,68.88,69.0,65.9,66.08,67.43,-1.35,-2.0021,149324.21,1000952.744,2.6318,1.05,28.2272,2.7133,5715580.1506
300347.SZ,2024-11-11,65.3,69.25,64.88,68.51,66.08,2.43,3.6774,161307.44,1086305.618,2.843,1.08,29.2652,2.8131,5925762.6531
300347.SZ,2024-11-12,68.58,70.93,67.33,67.94,68.51,-0.57,-0.832,214873.91,1487309.878,3.7871,1.35,29.0217,2.7897,5876460.5846
300347.SZ,2024-11-13,67.28,68.67,66.33,67.6,67.94,-0.34,-0.5004,117130.61,788798.46,2.0644,0.7,28.8765,2.7757,5847052.3332
300347.SZ,2024-11-14,67.2,68.16,64.78,64.82,67.6,-2.78,-4.1124,94806.32,629785.547,1.6709,0.6,27.6889,2.6616,5606596.6307
300347.SZ,2024-11-15,64.78,65.5,62.39,62.39,64.82,-2.43,-3.7488,96681.55,615407.586,1.704,0.66,26.6509,2.5618,5396414.1282
300347.SZ,2024-11-18,62.36,62.68,59.47,60.05,62.39,-2.34,-3.7506,131107.58,797635.594,2.3107,0.96,25.6514,2.4657,5194016.1629
300347.SZ,2024-11-19,60.48,61.33,59.8,61.14,60.05,1.09,1.8152,89920.82,545763.955,1.5848,0.69,26.117,2.5105,5288295.557
300347.SZ,2024-11-20,61.5,67.12,61.26,65.2,61.14,4.06,6.6405,238546.78,1549113.143,4.2043,2.25,27.8513,2.6772,5639464.6764
300347.SZ,2024-11-21,65.25,67.33,64.38,64.9,65.2,-0.3,-0.4601,118985.67,776905.566,2.0971,0.91,27.7231,2.6649,5613516.2193
300347.SZ,2024-11-22,65.18,65.18,61.14,61.33,64.9,-3.57,-5.5008,94317.44,594035.503,1.6623,0.7,26.1981,2.5183,5304729.5798
300347.SZ,2024-11-25,61.59,62.19,60.28,61.77,61.33,0.44,0.7174,78770.43,481427.552,1.3883,0.59,26.3861,2.5363,5342787.3169
300347.SZ,2024-11-26,61.0,62.48,60.77,60.98,61.77,-0.79,-1.2789,64051.88,393401.12,1.1289,0.52,26.0486,2.5039,5274456.3799
300347.SZ,2024-11-27,60.61,63.6,60.61,63.2,60.98,2.22,3.6405,90584.6,566082.501,1.5965,0.76,26.9969,2.5951,5466474.9624
300347.SZ,2024-11-28,63.25,64.86,62.06,62.2,63.2,-1.0,-1.5823,65163.8,412075.167,1.1485,0.73,26.5698,2.554,5379980.1054
300347.SZ,2024-11-29,62.45,66.36,62.38,64.66,62.2,2.46,3.955,125336.16,809828.059,2.209,1.6,27.6206,2.655,5592757.4536
300347.SZ,2024-12-02,64.35,66.65,64.0,66.1,64.66,1.44,2.227,102670.31,675731.13,1.8095,1.21,28.2357,2.7141,5717310.0477
300347.SZ,2024-12-03,65.97,66.73,65.11,65.77,66.1,-0.33,-0.4992,82004.17,539983.494,1.4453,0.92,28.0948,2.7006,5688766.7449
300347.SZ,2024-12-04,65.46,65.46,63.56,63.77,65.77,-2.0,-3.0409,61466.8,394522.264,1.0833,0.66,27.2404,2.6185,5515777.0309
300347.SZ,2024-12-05,63.75,64.15,62.86,63.2,63.77,-0.57,-0.8938,52757.74,334340.472,0.9298,0.6,26.9969,2.5951,5466474.9624
300347.SZ,2024-12-06,63.24,67.89,63.03,66.5,63.2,3.3,5.2215,135657.55,891681.736,2.3909,1.6,28.4066,2.7306,5751907.9905
300347.SZ,2024-12-09,68.88,69.1,65.31,66.35,66.5,-0.15,-0.2256,130668.04,875577.603,2.303,1.5,28.3425,2.7244,5738933.762
300347.SZ,2024-12-10,68.58,68.58,65.5,65.71,66.35,-0.64,-0.9646,102936.77,685849.231,1.8142,1.11,28.0691,2.6981,5683577.0535
300347.SZ,2024-12-11,65.4,66.34,65.0,65.27,65.71,-0.44,-0.6696,58209.04,381379.265,1.0259,0.6,27.8812,2.6801,5645519.3164
300347.SZ,2024-12-12,65.12,65.27,63.81,65.1,65.27,-0.17,-0.2605,84630.79,546012.629,1.4916,0.88,27.8086,2.6731,5630815.1907
300347.SZ,2024-12-13,64.51,64.6,62.5,62.54,65.1,-2.56,-3.9324,89739.42,567572.809,1.5816,0.88,26.715,2.568,5409388.3568
300347.SZ,2024-12-16,62.5,62.81,61.68,61.91,62.54,-0.63,-1.0074,53010.85,329207.723,0.9343,0.57,26.4459,2.5421,5354896.5969
300347.SZ,2024-12-17,62.02,62.38,61.2,61.65,61.91,-0.26,-0.42,49149.87,303439.139,0.8663,0.63,26.3348,2.5314,5332407.9341
300347.SZ,2024-12-18,61.89,62.66,61.6,62.19,61.65,0.54,0.8759,53639.12,333561.318,0.9454,0.8,26.5655,2.5536,5379115.1568
300347.SZ,2024-12-19,61.48,61.8,60.45,61.3,62.19,-0.89,-1.4311,60268.73,368452.696,1.0622,0.91,26.1853,2.517,5302134.7341
300347.SZ,2024-12-20,61.0,61.58,60.42,60.9,61.3,-0.4,-0.6525,63463.74,386644.328,1.1185,1.04,26.0145,2.5006,5267536.7913
300347.SZ,2024-12-23,61.0,61.5,59.0,59.17,60.9,-1.73,-2.8407,90184.48,540356.968,1.5895,1.61,25.2755,2.4296,5117900.6887
300347.SZ,2024-12-24,59.37,59.87,58.84,59.32,59.17,0.15,0.2535,65085.11,385635.405,1.1471,1.03,25.3395,2.4357,5130874.9172
300347.SZ,2024-12-25,59.96,60.28,57.0,57.36,59.32,-1.96,-3.3041,109411.21,633853.328,1.9283,1.64,24.5023,2.3553,4961344.9975
300347.SZ,2024-12-26,57.01,57.47,56.47,56.8,57.36,-0.56,-0.9763,75169.0,427989.443,1.3248,0.97,24.2631,2.3323,4912907.8776
300347.SZ,2024-12-27,56.75,56.9,55.4,55.79,56.8,-1.01,-1.7782,106504.41,595893.071,1.8771,1.32,23.8316,2.2908,4825548.072
300347.SZ,2024-12-30,55.93,57.08,55.51,56.21,55.79,0.42,0.7528,72156.41,406406.119,1.2717,0.81,24.011,2.308,4861875.912
300347.SZ,2024-12-31,56.21,56.49,54.58,54.62,56.21,-1.59,-2.8287,70367.72,390358.757,1.2402,0.82,23.3318,2.2428,4724349.0893
300347.SZ,2025-01-02,55.16,57.13,54.38,55.01,54.62,0.39,0.714,148028.13,824724.661,2.609,1.71,23.4984,2.2588,4758082.0836
300347.SZ,2025-01-03,55.0,55.36,52.87,53.06,55.01,-1.95,-3.5448,96192.25,518497.76,1.6954,1.02,22.6655,2.1787,4589417.1124
300347.SZ,2025-01-06,53.06,53.83,51.97,52.44,53.06,-0.62,-1.1685,93359.66,491550.298,1.6454,0.95,22.4006,2.1532,4535790.3011
300347.SZ,2025-01-07,52.35,52.46,50.63,51.86,52.44,-0.58,-1.106,98101.64,504765.38,1.729,1.02,22.1529,2.1294,4485623.284
300347.SZ,2025-01-08,51.47,51.9,49.92,50.5,51.86,-1.36,-2.6224,96899.51,492611.696,1.7078,0.96,21.5719,2.0736,4367990.2785
300347.SZ,2025-01-09,50.34,51.91,50.02,50.25,50.5,-0.25,-0.495,113404.61,576634.047,1.9987,1.06,21.4651,2.0633,4346366.5643
300347.SZ,2025-01-10,50.25,50.96,49.03,49.07,50.25,-1.18,-2.3483,85387.08,426018.516,1.5049,0.86,20.9611,2.0149,4244302.633
300347.SZ,2025-01-13,48.55,50.1,48.51,49.66,49.07,0.59,1.2024,74961.3,371402.305,1.3212,0.77,21.2131,2.0391,4295334.5986
300347.SZ,2025-01-14,49.99,51.13,49.66,50.6,49.66,0.94,1.8929,115853.86,585296.115,2.0419,1.24,21.6146,2.0777,4376639.7642
300347.SZ,2025-01-15,50.34,50.57,49.42,50.21,50.6,-0.39,-0.7708,106253.33,530514.806,1.8727,1.09,21.448,2.0617,4342906.77
300347.SZ,2025-01-16,50.46,51.24,49.33,49.6,50.21,-0.61,-1.2149,87480.85,439749.172,1.5418,0.88,21.1875,2.0366,4290144.9072
300347.SZ,2025-01-17,49.25,50.1,49.05,49.76,49.6,0.16,0.3226,73025.25,361936.93,1.287,0.78,21.2558,2.0432,4303984.0843
300347.SZ,2025-01-20,50.4,51.65,50.15,50.64,49.76,0.88,1.7685,128048.44,651714.901,2.2568,1.4,21.6317,2.0793,4380099.5585
300347.SZ,2025-01-21,50.7,50.85,49.29,49.6,50.64,-1.04,-2.0537,94081.36,468825.526,1.6582,0.92,21.1875,2.0366,4290144.9072
300347.SZ,2025-01-22,49.34,49.34,48.43,48.9,49.6,-0.7,-1.4113,75566.42,368758.063,1.3318,0.77,20.8885,2.0079,4229598.5073
300347.SZ,2025-01-23,49.3,49.99,48.41,48.41,48.9,-0.49,-1.002,87784.11,431674.878,1.5472,0.96,20.6791,1.9878,4187216.0274
300347.SZ,2025-01-24,48.42,49.38,47.8,48.82,48.41,0.41,0.8469,107731.24,523794.335,1.8987,1.17,20.8543,2.0046,4222678.9187
300347.SZ,2025-01-27,48.5,49.9,48.5,49.0,48.82,0.18,0.3687,111929.86,551009.948,1.9727,1.13,20.9312,2.012,4238247.993
300347.SZ,2025-02-05,48.99,49.74,48.42,49.52,49.0,0.52,1.0612,86650.5,427204.099,1.5272,0.91,21.1533,2.0333,4283225.3186
300347.SZ,2025-02-06,49.36,50.94,48.32,50.28,49.52,0.76,1.5347,137131.27,687287.325,2.4169,1.46,21.4779,2.0645,4348961.41
300347.SZ,2025-02-07,50.56,52.63,50.28,51.73,50.28,1.45,2.8839,210562.22,1092363.827,3.7111,1.98,22.0973,2.1241,4474378.9526
300347.SZ,2025-02-10,52.0,54.8,51.55,54.68,51.73,2.95,5.7027,214623.52,1136202.265,3.7827,1.64,23.3575,2.2452,4729538.7808
300347.SZ,2025-02-11,54.68,54.68,52.96,53.0,54.68,-1.68,-3.0724,125940.74,672687.763,2.2197,0.83,22.6398,2.1762,4584227.421
300347.SZ,2025-02-12,52.97,53.34,52.53,53.3,53.0,0.3,0.566,83585.0,442795.258,1.4732,0.54,22.768,2.1886,4610175.8781
300347.SZ,2025-02-13,53.28,54.14,52.71,52.74,53.3,-0.56,-1.0507,99605.87,532112.169,1.7555,0.65,22.5288,2.1656,4561738.7582
300347.SZ,2025-02-14,52.74,57.3,52.66,55.72,52.74,2.98,5.6504,250428.86,1384751.353,4.4137,1.71,23.8017,2.2879,4819493.432
300347.SZ,2025-02-17,57.39,57.44,54.97,55.36,55.72,-0.36,-0.6461,198860.16,1120994.536,3.5049,1.28,23.648,2.2731,4788355.2835
300347.SZ,2025-02-18,55.0,55.2,53.23,53.46,55.36,-1.9,-3.4321,131150.38,709038.524,2.3115,0.86,22.8363,2.1951,4624015.0552
300347.SZ,2025-02-19,53.42,54.78,52.7,54.31,53.46,0.85,1.59,115638.36,623619.749,2.0381,0.76,23.1994,2.23,4697535.6837
300347.SZ,2025-02-20,54.64,60.0,54.5,59.18,54.31,4.87,8.967,303925.14,1777506.77,5.3566,1.91,25.2797,2.43,5118765.6373
300347.SZ,2025-02-21,59.5,62.25,59.24,61.59,59.18,2.41,4.0723,243128.76,1471591.389,4.2851,1.22,26.3092,2.5289,5327218.2426
300347.SZ,2025-02-24,61.43,61.8,58.88,59.29,61.59,-2.3,-3.7344,148764.87,892656.72,2.6219,0.75,25.3267,2.4345,5128280.0715
300347.SZ,2025-02-25,58.11,58.87,57.29,57.55,59.29,-1.74,-2.9347,116271.57,675247.226,2.0493,0.62,24.5834,2.3631,4977779.0204
300347.SZ,2025-02-26,58.1,60.12,58.0,59.97,57.55,2.42,4.205,142424.37,843267.266,2.5102,0.77,25.6172,2.4624,5187096.5743
300347.SZ,2025-02-27,59.76,61.3,58.11,59.51,59.97,-0.46,-0.7671,147891.62,880872.715,2.6065,0.77,25.4207,2.4435,5147308.9401
300347.SZ,2025-02-28,59.46,60.19,56.18,56.69,59.51,-2.82,-4.7387,142942.43,826567.273,2.5193,0.9,24.2161,2.3277,4903393.4433
300347.SZ,2025-03-03,56.69,58.22,56.12,57.08,56.69,0.39,0.688,98815.92,566403.934,1.7416,0.71,24.3827,2.3438,4937126.4376
300347.SZ,2025-03-04,56.71,57.37,56.25,56.84,57.08,-0.24,-0.4205,75296.73,427242.501,1.3271,0.58,24.2802,2.3339,4916367.6719
300347.SZ,2025-03-05,56.88,57.48,55.99,56.77,56.84,-0.07,-0.1232,84029.5,474841.631,1.481,0.69,24.2503,2.331,4910313.0319
300347.SZ,2025-03-06,57.28,58.98,57.28,58.05,56.77,1.28,2.2547,94221.52,548561.575,1.6606,0.86,24.797,2.3836,5021026.4489
300347.SZ,2025-03-07,57.8,57.95,56.15,56.77,58.05,-1.28,-2.205,81433.21,463444.986,1.4352,0.82,24.2503,2.331,4910313.0319
300347.SZ,2025-03-10,57.49,58.2,55.37,56.05,56.77,-0.72,-1.2683,88265.09,498042.376,1.5556,1.02,23.9427,2.3015,4848036.7349
300347.SZ,2025-03-11,55.27,55.95,54.89,55.9,56.05,-0.15,-0.2676,82960.87,458373.028,1.4622,0.98,23.8786,2.2953,4835062.5063
300347.SZ,2025-03-12,56.24,58.31,56.06,56.61,55.9,0.71,1.2701,124407.9,715531.59,2.1927,1.44,24.1819,2.3245,4896473.8548
300347.SZ,2025-03-13,56.39,57.4,55.25,55.84,56.61,-0.77,-1.3602,78899.68,442437.287,1.3906,0.84,23.853,2.2928,4829872.8149
300347.SZ,2025-03-14,55.73,58.45,55.31,58.2,55.84,2.36,4.2264,136354.37,786051.596,2.4032,1.5,24.8611,2.3898,5034000.6774
300347.SZ,2025-03-17,58.23,58.47,57.41,57.48,58.2,-0.72,-1.2371,67990.86,392001.288,1.1983,0.67,24.5535,2.3602,4971724.3804
300347.SZ,2025-03-18,58.53,61.65,57.98,59.16,57.48,1.68,2.9228,168473.75,1005866.774,2.9693,1.72,25.2712,2.4292,5117035.7401
300347.SZ,2025-03-19,58.53,59.25,57.48,57.73,59.16,-1.43,-2.4172,99198.84,578713.731,1.7484,0.86,24.6603,2.3705,4993348.0946
300347.SZ,2025-03-20,57.5,58.0,56.01,56.25,57.73,-1.48,-2.5637,89741.58,507842.574,1.5817,0.81,24.0281,2.3097,4865335.7063
300347.SZ,2025-03-21,56.01,56.29,54.3,54.9,56.25,-1.35,-2.4,90131.02,496324.611,1.5885,0.8,23.4515,2.2542,4748567.6493
300347.SZ,2025-03-24,54.51,54.85,53.37,53.91,54.9,-0.99,-1.8033,58141.52,313972.246,1.0247,0.56,23.0286,2.2136,4662937.7409
300347.SZ,2025-03-25,53.87,53.91,52.8,53.18,53.91,-0.73,-1.3541,53918.98,287241.0,0.9503,0.53,22.7167,2.1836,4599796.4953
300347.SZ,2025-03-26,53.19,53.98,53.08,53.1,53.18,-0.08,-0.1504,36152.48,193382.568,0.6372,0.46,22.6826,2.1803,4592876.9067
300347.SZ,2025-03-27,53.4,55.65,53.1,55.39,53.1,2.29,4.3126,111441.34,610232.772,1.9641,1.7,23.6608,2.2744,4790950.1292
300347.SZ,2025-03-28,54.92,55.89,51.73,51.73,55.39,-3.66,-6.6077,166544.9,895219.356,2.9211,2.38,110.4394,2.1646,4474378.9526
300347.SZ,2025-03-31,51.3,52.5,50.32,50.81,51.73,-0.92,-1.7785,89133.73,455085.385,1.5634,1.05,108.4752,2.1261,4394803.6842
300347.SZ,2025-04-01,51.21,54.79,50.41,53.67,50.81,2.86,5.6288,144100.67,767502.036,2.5275,1.58,114.5811,2.2458,4642178.9752
300347.SZ,2025-04-02,53.0,53.58,50.89,51.17,53.67,-2.5,-4.6581,101610.35,527275.291,1.7822,0.93,109.2438,2.1412,4425941.8327
300347.SZ,2025-04-03,50.78,52.34,50.63,51.3,51.17,0.13,0.2541,65321.8,335570.953,1.1457,0.53,109.5213,2.1466,4437186.1641
300347.SZ,2025-04-07,48.4,49.47,43.89,45.8,51.3,-5.5,-10.7212,158333.48,743172.889,2.7771,1.4,97.7793,1.9165,3961464.4506
300347.SZ,2025-04-08,46.56,47.18,44.89,45.95,45.8,0.15,0.3275,95733.91,440455.509,1.6791,0.86,98.0995,1.9227,3974438.6792
300347.SZ,2025-04-09,44.5,45.17,42.86,44.49,45.95,-1.46,-3.1774,183510.75,806509.667,3.2187,1.62,94.9825,1.8617,3848156.1879
300347.SZ,2025-04-10,45.7,45.99,44.72,44.79,44.49,0.3,0.6743,140145.53,635486.723,2.4581,1.16,95.623,1.8742,3874104.645
300347.SZ,2025-04-11,44.52,45.45,44.23,44.94,44.79,0.15,0.3349,100643.21,452318.193,1.7652,0.78,95.9433,1.8805,3887078.8736
300347.SZ,2025-04-14,45.64,46.1,45.1,45.22,44.94,0.28,0.6231,79422.61,361586.238,1.393,0.59,96.541,1.8922,3911297.4335
300347.SZ,2025-04-15,45.14,45.3,44.26,44.64,45.22,-0.58,-1.2826,74050.95,330605.435,1.2988,0.62,95.3028,1.8679,3861130.4165
300347.SZ,2025-04-16,44.31,44.5,43.05,43.58,44.64,-1.06,-2.3746,79598.35,346076.715,1.3961,0.69,93.0398,1.8236,3769445.8681
300347.SZ,2025-04-17,43.18,43.97,43.08,43.67,43.58,0.09,0.2065,44876.07,196219.765,0.7871,0.47,93.2319,1.8273,3777230.4052
300347.SZ,2025-04-18,43.82,44.54,43.66,43.89,43.67,0.22,0.5038,46841.1,205864.857,0.8216,0.62,93.7016,1.8365,3796259.2737
300347.SZ,2025-04-21,43.6,44.63,43.41,44.29,43.89,0.4,0.9114,61069.23,268647.112,1.0711,0.94,94.5556,1.8533,3830857.2165
300347.SZ,2025-04-22,43.95,45.8,43.95,44.3,44.29,0.01,0.0226,98234.25,439923.317,1.723,1.6,94.5769,1.8537,3831722.1651
300347.SZ,2025-04-23,44.8,45.6,44.45,45.33,44.3,1.03,2.3251,106495.53,479180.705,1.8679,1.61,96.7759,1.8968,3920811.8678
300347.SZ,2025-04-24,45.33,46.19,45.04,45.49,45.33,0.16,0.353,113627.96,518766.919,1.993,1.59,97.1175,1.9035,3934651.0449
300347.SZ,2025-04-25,45.92,45.94,45.04,45.05,45.49,-0.44,-0.9672,63349.0,287089.052,1.1111,0.74,96.1781,1.8851,3896593.3079
300347.SZ,2025-04-28,44.95,44.97,44.03,44.15,45.05,-0.9,-1.9978,61356.74,272463.022,1.0762,0.69,94.2567,1.8474,3818747.9366
300347.SZ,2025-04-29,43.52,45.08,43.36,44.48,44.15,0.33,0.7475,81770.58,363829.459,1.4342,0.92,94.9612,1.8741,3847291.2394
300347.SZ,2025-04-30,44.47,44.93,44.1,44.61,44.48,0.13,0.2923,65503.41,292302.322,1.1489,0.77,95.2387,1.8795,3858535.5708
300347.SZ,2025-05-06,45.05,46.66,44.9,45.95,44.61,1.34,3.0038,87660.74,401174.099,1.5375,1.14,98.0995,1.936,3974438.6792
300347.SZ,2025-05-07,46.45,46.59,45.58,45.95,45.95,0.0,0.0,79357.7,364577.276,1.3919,1.1,98.0995,1.936,3974438.6792
300347.SZ,2025-05-08,45.71,46.42,45.6,45.97,45.95,0.02,0.0435,68867.56,316241.18,1.2079,0.92,98.1422,1.9368,3976168.5763
300347.SZ,2025-05-09,45.95,46.11,44.67,44.79,45.97,-1.18,-2.5669,78705.21,355583.061,1.3805,1.03,95.623,1.8871,3874104.645
300347.SZ,2025-05-12,45.05,45.22,44.37,44.65,44.79,-0.14,-0.3126,100650.17,449142.255,1.7654,1.32,95.3241,1.8812,3861995.3651
300347.SZ,2025-05-13,45.13,45.46,44.52,44.54,44.65,-0.11,-0.2464,96190.0,432379.004,1.6871,1.16,95.0893,1.8766,3852480.9308
300347.SZ,2025-05-14,44.54,44.63,43.75,44.23,44.54,-0.31,-0.696,102520.0,451518.457,1.7982,1.21,94.4275,1.8635,3825667.5251
300347.SZ,2025-05-15,44.06,45.11,43.73,43.77,44.23,-0.46,-1.04,97419.0,430685.087,1.7087,1.09,93.4454,1.8441,3785879.8909
300347.SZ,2025-05-16,43.6,43.7,41.61,42.31,43.77,-1.46,-3.3356,141142.95,603904.75,2.4756,1.48,90.3284,1.7826,3659597.3997
300347.SZ,2025-05-19,42.01,42.66,41.78,42.48,42.31,0.17,0.4018,63818.2,269611.878,1.1193,0.59,90.6914,1.7898,3674301.5254
300347.SZ,2025-05-20,42.42,45.79,42.31,45.35,42.48,2.87,6.7561,243392.22,1092246.069,4.269,2.43,96.8186,1.9107,3922541.765
300347.SZ,2025-05-21,45.36,46.19,45.06,45.57,45.35,0.22,0.4851,153172.22,698964.874,2.6866,1.18,97.2883,1.92,3941570.6335
300347.SZ,2025-05-22,45.42,45.82,44.7,45.05,45.57,-0.52,-1.1411,99229.5,447931.314,1.7405,0.71,96.1781,1.8981,3896593.3079
300347.SZ,2025-05-23,45.08,48.88,45.08,47.59,45.05,2.54,5.6382,274699.21,1307009.288,4.8181,1.96,101.6008,2.0051,4116290.2446
300347.SZ,2025-05-26,47.54,47.78,46.74,47.0,47.59,-0.59,-1.2398,120287.5,566709.545,2.1098,0.72,100.3412,1.9802,4065258.279
300347.SZ,2025-05-27,46.8,47.35,46.39,46.97,47.0,-0.03,-0.0638,116891.26,547319.969,2.0502,0.66,100.2771,1.979,4062663.4333
300347.SZ,2025-05-28,46.97,47.0,45.79,45.95,46.97,-1.02,-2.1716,84007.28,387939.096,1.4735,0.55,98.0995,1.936,3974438.6792
300347.SZ,2025-05-29,46.09,47.99,46.02,47.82,45.95,1.87,4.0696,143201.99,677080.053,2.5117,1.03,102.0918,2.0148,4136184.0617
300347.SZ,2025-05-30,47.5,50.11,47.29,49.54,47.82,1.72,3.5968,221855.44,1090722.507,3.9182,1.5,105.2843,2.0982,4265523.0517
300347.SZ,2025-06-03,48.9,49.99,48.71,49.86,49.54,0.32,0.6459,161382.52,798509.069,2.8502,1.18,105.9643,2.1118,4293075.8853
300347.SZ,2025-06-04,49.97,53.68,49.53,52.85,49.86,2.99,5.9968,258978.94,1349272.915,4.5739,1.78,112.3188,2.2384,4550522.6743
300347.SZ,2025-06-05,52.5,52.5,50.48,51.61,52.85,-1.24,-2.3463,165776.38,849588.737,2.9278,0.95,109.6835,2.1859,4443755.4441
300347.SZ,2025-06-06,51.15,51.31,49.86,50.03,51.61,-1.58,-3.0614,106016.05,532868.72,1.8724,0.56,106.3256,2.119,4307713.3282
300347.SZ,2025-06-09,50.5,53.58,50.29,52.1,50.03,2.07,4.1375,170172.41,893366.971,3.0054,0.93,110.7249,2.2066,4485945.7205
300347.SZ,2025-06-10,51.82,54.0,51.82,52.97,52.1,0.87,1.6699,191588.78,1015302.834,3.3837,1.11,112.5738,2.2435,4560854.9869
300347.SZ,2025-06-11,52.58,53.48,52.04,52.56,52.97,-0.41,-0.774,129984.54,684615.241,2.2957,0.73,111.7025,2.2261,4525552.9188
300347.SZ,2025-06-12,52.2,53.64,51.81,53.61,52.56,1.05,1.9977,162364.65,862392.361,2.8675,1.06,113.934,2.2706,4615960.6541
300347.SZ,2025-06-13,53.39,54.89,51.71,52.5,53.61,-1.11,-2.0705,194907.08,1031696.122,3.4423,1.28,111.575,2.2236,4520386.7625
300347.SZ,2025-06-16,52.49,53.6,51.66,51.77,52.5,-0.73,-1.3905,113058.06,591656.414,1.9967,0.67,110.0235,2.1927,4457531.8609
300347.SZ,2025-06-17,52.38,53.24,50.4,50.61,51.47,-0.86,-1.6709,157528.97,813443.032,2.7821,0.99,107.5583,2.1709,4357652.8391
300347.SZ,2025-06-18,50.5,50.8,49.08,49.6,50.61,-1.01,-1.9957,118535.1,589574.719,2.0935,0.78,105.4118,2.1276,4270689.208
300347.SZ,2025-06-19,49.8,50.04,48.5,48.69,49.6,-0.91,-1.8347,82639.83,406399.798,1.4595,0.55,103.4778,2.0886,4192335.8375
300347.SZ,2025-06-20,49.34,49.42,48.3,48.45,48.69,-0.24,-0.4929,54014.31,263630.631,0.954,0.41,102.9677,2.0783,4171671.2123
300347.SZ,2025-06-23,48.32,50.0,48.17,49.96,48.45,1.51,3.1166,106138.53,521248.135,1.8745,1.01,106.1769,2.1431,4301686.1458
300347.SZ,2025-06-24,49.95,51.11,49.52,50.9,49.96,0.94,1.8815,99918.57,504000.433,1.7647,0.96,108.1746,2.1834,4382622.5945
300347.SZ,2025-06-25,51.05,51.79,50.62,51.17,50.9,0.27,0.5305,90497.68,462223.593,1.5983,0.98,108.7484,2.195,4405870.2979
300347.SZ,2025-06-26,51.03,51.51,49.68,49.71,51.17,-1.46,-2.8532,80993.4,408526.406,1.4304,0.93,105.6455,2.1323,4280160.4946
300347.SZ,2025-06-27,49.69,50.98,49.3,50.5,49.71,0.79,1.5892,86894.99,438018.325,1.5347,1.01,107.3245,2.1662,4348181.5525
300347.SZ,2025-06-30,50.76,53.85,50.53,53.32,50.5,2.82,5.5842,166043.37,873566.785,2.9325,1.79,113.3177,2.2872,4590990.8986
300347.SZ,2025-07-01,53.6,54.21,53.11,54.08,53.32,0.76,1.4254,113801.37,611201.812,2.0099,1.09,114.9328,2.3198,4656428.8784
300347.SZ,2025-07-02,53.95,54.45,53.33,53.8,54.08,-0.28,-0.5178,66878.91,359967.013,1.1812,0.62,114.3378,2.3078,4632320.149
300347.SZ,2025-07-03,53.73,54.28,53.14,54.12,53.8,0.32,0.5948,90590.09,487382.606,1.5999,0.88,115.0178,2.3215,4659872.9826
300347.SZ,2025-07-04,54.18,54.64,53.22,53.76,54.12,-0.36,-0.6652,85350.43,460126.595,1.5074,0.81,114.2528,2.3061,4628876.0448
300347.SZ,2025-07-07,53.53,53.77,52.7,52.99,53.76,-0.77,-1.4323,59535.95,316302.492,1.0515,0.57,112.6163,2.273,4562577.039
300347.SZ,2025-07-08,52.94,57.36,52.8,56.42,52.99,3.43,6.4729,196410.79,1096667.147,3.4688,2.36,119.9059,2.4202,4857908.9741
300347.SZ,2025-07-09,56.4,58.89,55.88,57.58,56.42,1.16,2.056,178379.98,1026404.12,3.1504,1.79,122.3712,2.4699,4957787.9959
300347.SZ,2025-07-10,57.12,58.52,56.71,57.88,57.58,0.3,0.521,116066.67,670700.735,2.0499,0.95,123.0087,2.4828,4983618.7774
300347.SZ,2025-07-11,57.98,59.99,57.91,59.51,57.88,1.63,2.8162,203962.18,1206217.075,3.6022,1.6,126.4729,2.5527,5123966.0236
300347.SZ,2025-07-14,59.1,60.33,58.0,58.15,59.51,-1.36,-2.2853,159119.46,935500.536,2.8102,1.05,123.5825,2.4944,5006866.4808
300347.SZ,2025-07-15,57.77,58.01,56.57,57.31,58.15,-0.84,-1.4445,130368.0,745258.06,2.3025,0.76,121.7973,2.4583,4934540.2926
300347.SZ,2025-07-16,57.39,57.77,56.2,56.65,57.31,-0.66,-1.1516,115570.35,658161.487,2.0411,0.73,120.3947,2.43,4877712.5733
300347.SZ,2025-07-17,56.8,59.1,56.36,58.23,56.65,1.58,2.7891,136652.87,791287.037,2.4134,0.94,123.7526,2.4978,5013754.6892
300347.SZ,2025-07-18,59.01,59.2,57.81,58.52,58.23,0.29,0.498,101084.38,590476.55,1.7853,0.68,124.3689,2.5102,5038724.4446
300347.SZ,2025-07-21,58.02,58.49,57.02,57.97,58.52,-0.55,-0.9398,117596.88,679130.463,2.0769,0.91,123.2,2.4866,4991368.0119
300347.SZ,2025-07-22,57.7,58.88,56.81,57.2,57.97,-0.77,-1.3283,118393.4,683141.445,2.091,0.98,121.5636,2.4536,4925069.006
300347.SZ,2025-07-23,57.89,59.81,57.5,57.58,57.2,0.38,0.6643,176592.99,1035288.534,3.1188,1.5,122.3712,2.4699,4957787.9959
300347.SZ,2025-07-24,57.2,60.46,57.2,60.0,57.58,2.42,4.2028,187806.87,1111471.456,3.3169,1.44,127.5142,2.5737,5166156.3
300347.SZ,2025-07-25,59.98,63.88,59.7,62.0,60.0,2.0,3.3333,235075.16,1460001.089,4.1517,1.68,131.7647,2.6595,5338361.51
300347.SZ,2025-07-28,62.0,63.66,61.63,63.17,62.0,1.17,1.8871,166553.2,1042114.459,2.9415,1.0,134.2512,2.7097,5439101.5579
300347.SZ,2025-07-29,62.97,71.71,62.08,68.73,63.17,5.56,8.8016,319975.46,2143712.351,5.6511,1.81,146.0676,2.9482,5917832.0417
300347.SZ,2025-07-30,68.2,71.9,66.8,67.74,68.73,-0.99,-1.4404,304547.15,2101313.032,5.3787,1.4,143.9636,2.9057,5832590.4627
300347.SZ,2025-07-31,67.84,70.8,66.06,68.11,67.74,0.37,0.5462,255501.24,1749229.903,4.5124,1.05,144.7499,2.9216,5864448.4266
300347.SZ,2025-08-01,67.7,68.81,66.58,67.01,68.11,-1.1,-1.615,180725.08,1219232.369,3.1918,0.71,142.4121,2.8744,5769735.5611
300347.SZ,2025-08-04,66.01,66.47,63.17,66.18,67.01,-0.83,-1.2386,184850.32,1206405.934,3.2647,0.75,140.6482,2.8388,5698270.3989
300347.SZ,2025-08-05,67.0,67.57,65.78,66.9,66.18,0.72,1.0879,125075.02,834883.587,2.209,0.5,142.1784,2.8697,5760264.2745
300347.SZ,2025-08-06,67.43,67.59,65.69,66.0,66.9,-0.9,-1.3453,92227.15,611743.871,1.6288,0.44,140.2657,2.8311,5682771.93
300347.SZ,2025-08-07,65.65,66.6,63.5,64.67,66.0,-1.33,-2.0152,116103.26,751523.645,2.0505,0.69,137.4391,2.774,5568255.4654
300347.SZ,2025-08-08,64.19,65.55,63.63,65.24,64.67,0.57,0.8814,78486.22,506809.972,1.3862,0.56,138.6505,2.7985,5617333.9502
300347.SZ,2025-08-11,65.22,67.38,65.18,66.89,65.24,1.65,2.5291,111691.5,744878.046,1.9726,0.94,142.1571,2.8693,5759403.2485
300347.SZ,2025-08-12,67.5,68.7,66.5,67.02,66.89,0.13,0.1943,119416.61,806228.085,2.109,1.14,142.4334,2.8749,5770596.5871
300347.SZ,2025-08-13,67.5,70.5,65.47,69.0,67.02,1.98,2.9543,212681.38,1450452.744,3.7562,2.05,146.6414,2.9598,5941079.745
300347.SZ,2025-08-14,70.2,70.48,68.24,68.91,69.0,-0.09,-0.1304,124890.41,864967.388,2.2057,0.98,146.4501,2.9559,5933330.5106
300347.SZ,2025-08-15,68.2,70.17,68.03,69.86,68.91,0.95,1.3786,95805.0,663377.07,1.692,0.74,148.4691,2.9967,6015127.9853
300347.SZ,2025-08-18,69.5,69.76,67.17,69.5,69.86,-0.36,-0.5153,167893.46,1142407.636,2.9652,1.26,147.704,2.9812,5984131.0475
300347.SZ,2025-08-19,68.3,71.18,66.96,67.0,69.5,-2.5,-3.5971,142962.56,983402.512,2.5249,0.99,142.3909,2.874,5768874.535
300347.SZ,2025-08-20,66.53,67.41,64.75,66.3,67.0,-0.7,-1.0448,127651.01,844051.018,2.2545,0.86,140.9032,2.844,5708602.7115
300347.SZ,2025-08-21,66.64,67.5,66.21,66.7,66.3,0.4,0.6033,65848.15,440244.482,1.163,0.5,141.7533,2.8611,5743043.7535
300347.SZ,2025-08-22,66.89,67.17,65.9,66.42,66.7,-0.28,-0.4198,84114.99,558510.995,1.4856,0.7,141.1583,2.8491,5718935.0241
300347.SZ,2025-08-25,66.6,68.7,66.2,68.65,66.42,2.23,3.3574,143702.03,970547.237,2.5379,1.22,145.8975,2.9448,5910943.8333
300347.SZ,2025-08-26,68.15,68.6,65.4,65.4,68.65,-3.25,-4.7342,134885.49,898598.815,2.3822,1.2,138.9905,2.8054,5631110.367
300347.SZ,2025-08-27,65.88,66.86,63.88,63.88,65.4,-1.52,-2.3242,141141.52,925572.435,2.4927,1.27,135.7602,2.7402,5500234.4074
300347.SZ,2025-08-28,63.89,64.49,61.17,63.74,63.88,-0.14,-0.2192,187186.55,1173785.541,3.3059,1.64,135.4626,2.7342,5488180.0427
300347.SZ,2025-08-29,62.95,65.18,62.5,63.51,63.74,-0.23,-0.3608,174703.05,1116781.727,3.0855,1.26,134.9738,2.6643,5468376.4436
300347.SZ,2025-09-01,63.97,66.3,63.4,65.09,63.51,1.58,2.4878,179036.76,1166528.142,3.162,1.15,138.3317,2.7306,5604418.5595
300347.SZ,2025-09-02,65.19,67.36,65.0,66.25,65.09,1.16,1.7821,166191.57,1101116.619,2.9351,1.02,140.797,2.7793,5704297.5813
300347.SZ,2025-09-03,66.25,68.24,65.7,66.2,66.25,-0.05,-0.0755,127405.89,850747.629,2.2501,0.75,140.6907,2.7772,5699992.451
300347.SZ,2025-09-04,66.4,66.68,61.56,62.42,66.2,-3.78,-5.71,145791.77,932265.844,2.5749,0.87,132.6573,2.6186,5374524.6041
300347.SZ,2025-09-05,63.06,66.84,62.06,66.58,62.42,4.16,6.6645,146299.2,950451.083,2.5838,0.92,141.4983,2.7931,5732711.4409
300347.SZ,2025-09-08,66.8,68.87,66.14,67.19,66.58,0.61,0.9162,118092.43,794687.115,2.0856,0.77,142.7947,2.8187,5785234.03
300347.SZ,2025-09-09,66.99,67.56,64.0,64.66,67.19,-2.53,-3.7654,108241.84,707794.63,1.9117,0.77,137.4178,2.7126,5567394.4393
300347.SZ,2025-09-10,64.5,67.58,64.2,64.22,64.66,-0.44,-0.6805,116374.11,761855.793,2.0553,0.9,136.4827,2.6941,5529509.2931
300347.SZ,2025-09-11,59.5,61.35,55.79,61.22,64.22,-3.0,-4.6714,362219.59,2135240.84,6.3972,2.85,130.107,2.5683,5271201.4781
300347.SZ,2025-09-12,61.21,62.23,59.6,61.01,61.22,-0.21,-0.343,198043.21,1203935.485,3.4977,1.16,129.6607,2.5594,5253119.9311
300347.SZ,2025-09-15,60.99,63.45,60.8,61.77,61.01,0.76,1.2457,172490.14,1073266.069,3.0464,0.96,131.2759,2.5913,5318557.9109
300347.SZ,2025-09-16,62.05,62.23,60.36,60.87,61.77,-0.9,-1.457,100969.48,615262.316,1.7832,0.53,129.3632,2.5536,5241065.5664
300347.SZ,2025-09-17,60.93,61.21,60.0,60.22,60.87,-0.65,-1.0678,111360.41,672677.476,1.9668,0.59,127.9818,2.5263,5185098.8731
300347.SZ,2025-09-18,60.45,61.22,58.8,59.45,60.22,-0.77,-1.2786,156621.43,941896.111,2.7661,0.83,126.3454,2.494,5118799.8673
300347.SZ,2025-09-19,59.36,60.87,58.31,58.75,59.45,-0.7,-1.1775,92752.53,549953.814,1.6381,0.63,124.8577,2.4646,5058528.0438
300347.SZ,2025-09-22,59.3,59.99,58.35,59.11,58.75,0.36,0.6128,70730.15,417106.262,1.2492,0.56,125.6228,2.4797,5089524.9816
300347.SZ,2025-09-23,59.1,59.33,56.68,57.8,59.11,-1.31,-2.2162,104043.38,599234.08,1.8375,0.98,122.8387,2.4248,4976730.569
300347.SZ,2025-09-24,57.99,61.3,57.81,61.0,57.8,3.2,5.5363,150549.34,908190.931,2.6589,1.41,129.6395,2.559,5252258.905
300347.SZ,2025-09-25,61.01,62.3,60.61,60.7,61.0,-0.3,-0.4918,95875.94,588390.011,1.6933,0.83,129.0019,2.5464,5226428.1235
300347.SZ,2025-09-26,60.09,60.98,58.76,59.29,60.7,-1.41,-2.3229,103845.52,619358.009,1.834,1.01,126.0053,2.4873,5105023.4505
300347.SZ,2025-09-29,59.03,59.11,57.18,58.71,59.29,-0.58,-0.9782,106635.11,619088.628,1.8833,1.02,124.7727,2.463,5055083.9396
300347.SZ,2025-09-30,58.75,58.96,57.74,58.0,58.71,-0.71,-1.2093,121005.42,704689.325,2.1371,1.08,123.2638,2.4332,4993951.09
300347.SZ,2025-10-09,58.15,58.66,56.49,56.91,58.0,-1.09,-1.8793,130461.26,744517.423,2.3041,1.13,120.9473,2.3874,4900099.2506
300347.SZ,2025-10-10,56.79,57.08,55.5,55.62,56.91,-1.29,-2.2667,110370.72,619000.328,1.9493,0.99,118.2057,2.3333,4789026.8901
300347.SZ,2025-10-13,53.5,55.17,53.46,54.35,55.62,-1.27,-2.2834,114058.56,618512.242,2.0144,1.0,115.5066,2.2801,4679676.5818
300347.SZ,2025-10-14,55.15,56.12,53.7,53.72,54.35,-0.63,-1.1592,118828.39,652460.127,2.0986,1.02,114.1677,2.2536,4625431.9406
300347.SZ,2025-10-15,54.6,55.18,53.57,55.07,53.72,1.35,2.513,85121.29,465632.737,1.5033,0.72,117.0368,2.3103,4741670.4574
300347.SZ,2025-10-16,54.67,55.4,54.18,54.49,55.07,-0.58,-1.0532,71136.38,388880.065,1.2564,0.64,115.8042,2.2859,4691730.9465
300347.SZ,2025-10-17,54.63,55.55,53.52,53.57,54.49,-0.92,-1.6884,85234.51,463989.675,1.5053,0.85,113.849,2.2473,4612516.5499
300347.SZ,2025-10-20,54.2,54.5,53.36,54.08,53.57,0.51,0.952,67449.87,364181.314,1.1912,0.71,114.9328,2.2687,4656428.8784
300347.SZ,2025-10-21,54.2,54.23,53.48,53.7,54.08,-0.38,-0.7027,77922.49,419228.678,1.3762,0.91,114.1252,2.2528,4623709.8885
300347.SZ,2025-10-22,53.66,54.75,53.14,53.22,53.7,-0.48,-0.8939,60805.5,326639.866,1.0739,0.79,113.1051,2.2326,4582380.6381
300347.SZ,2025-10-23,53.06,53.32,51.84,52.63,53.22,-0.59,-1.1086,85892.7,449359.232,1.517,1.18,111.8512,2.2079,4531580.1012
300347.SZ,2025-10-24,52.6,53.51,52.41,52.56,52.63,-0.07,-0.133,83345.18,439643.635,1.472,1.1,111.7025,2.205,4525552.9188
300347.SZ,2025-10-27,53.16,54.05,53.05,53.37,52.56,0.81,1.5411,137731.38,737614.539,2.4325,1.83,113.4239,2.2389,4595296.0289
300347.SZ,2025-10-28,53.08,53.61,52.51,53.54,53.37,0.17,0.3185,84632.3,450156.757,1.4947,0.95,113.7852,2.2461,4609933.4717
300347.SZ,2025-10-29,54.48,59.68,54.48,59.48,53.54,5.94,11.0945,322716.92,1849193.607,5.6996,3.57,126.4091,2.4184,5121382.9454
300347.SZ,2025-10-30,59.2,60.05,58.58,59.09,59.48,-0.39,-0.6557,239484.24,1421168.403,4.2296,1.68,125.5803,2.4026,5087802.9295
300347.SZ,2025-10-31,59.02,60.43,58.05,59.88,59.09,0.79,1.3369,176414.21,1051717.125,3.1157,1.02,127.2592,2.4347,5155823.9874
300347.SZ,2025-11-03,59.9,61.67,59.51,60.38,59.88,0.5,0.835,163240.51,985454.627,2.883,0.85,128.3218,2.455,5198875.2899
300347.SZ,2025-11-04,59.73,60.65,59.01,59.28,60.38,-1.1,-1.8218,110515.61,659658.794,1.9518,0.56,125.9841,2.4103,5104162.4244
300347.SZ,2025-11-05,58.77,59.49,57.83,58.54,59.28,-0.74,-1.2483,91581.85,535301.66,1.6174,0.45,124.4114,2.3802,5040446.4967
300347.SZ,2025-11-06,58.88,60.45,58.57,58.69,58.54,0.15,0.2562,112536.86,668236.655,1.9875,0.72,124.7302,2.3863,5053361.8875
300347.SZ,2025-11-07,58.69,59.27,57.96,58.32,58.69,-0.37,-0.6304,75280.74,440462.252,1.3295,0.58,123.9438,2.3713,5021503.9236
300347.SZ,2025-11-10,58.23,60.21,57.91,60.0,58.32,1.68,2.8807,125033.95,741971.759,2.2082,1.13,127.5142,2.4396,5166156.3
300347.SZ,2025-11-11,60.0,60.0,58.08,58.82,60.0,-1.18,-1.9667,101590.04,596630.907,1.7942,0.99,125.0065,2.3916,5064555.2261
300347.SZ,2025-11-12,58.87,59.55,57.8,57.83,58.82,-0.99,-1.6831,91889.08,539695.111,1.6229,0.91,122.9025,2.3514,4979313.6472
300347.SZ,2025-11-13,57.93,59.97,57.41,59.13,57.83,1.3,2.248,97171.07,573192.101,1.7162,0.96,125.6653,2.4042,5091247.0337
300347.SZ,2025-11-14,58.88,59.5,57.89,57.9,59.13,-1.23,-2.0802,98884.1,579117.772,1.7464,1.01,123.0512,2.3542,4985340.8295
300347.SZ,2025-11-17,57.65,57.7,54.77,55.58,57.9,-2.32,-4.0069,150797.29,836663.642,2.6633,1.47,118.1207,2.2599,4785582.7859
300347.SZ,2025-11-18,55.04,55.62,53.59,53.68,55.58,-1.9,-3.4185,156667.73,847040.055,2.7669,1.45,114.0827,2.1826,4621987.8364
300347.SZ,2025-11-19,53.77,54.15,52.21,52.37,53.68,-1.31,-2.4404,108514.49,572357.691,1.9165,0.91,111.2987,2.1294,4509193.4239
300347.SZ,2025-11-20,52.78,52.85,50.53,50.69,52.37,-1.68,-3.2079,119540.12,614947.683,2.1112,0.98,107.7283,2.061,4364541.0475
300347.SZ,2025-11-21,50.28,51.0,48.81,49.59,50.69,-1.1,-2.1701,136734.22,681276.311,2.4149,1.08,105.3905,2.0163,4269828.182
300347.SZ,2025-11-24,50.0,51.3,49.82,50.7,49.59,1.11,2.2384,101828.94,515376.44,1.7984,0.76,107.7495,2.0615,4365402.0735
300347.SZ,2025-11-25,50.74,51.52,50.46,50.86,50.7,0.16,0.3156,85854.07,437683.713,1.5163,0.69,108.0896,2.068,4379178.4903
300347.SZ,2025-11-26,50.92,52.09,50.88,51.08,50.86,0.22,0.4326,88848.77,457308.101,1.5692,0.8,108.5571,2.0769,4398121.0634
300347.SZ,2025-11-27,51.08,51.94,50.58,51.2,51.08,0.12,0.2349,81701.47,419382.844,1.4429,0.77,108.8121,2.0818,4408453.376
300347.SZ,2025-11-28,51.24,51.47,50.8,51.01,51.2,-0.19,-0.3711,73004.66,373356.074,1.2893,0.74,108.4084,2.0741,4392093.8811
300347.SZ,2025-12-01,51.0,51.66,50.53,50.77,51.01,-0.24,-0.4705,104769.12,533217.505,1.8503,1.21,107.8983,2.0643,4371429.2559
300347.SZ,2025-12-02,50.61,50.65,48.75,48.8,50.77,-1.97,-3.8802,125738.8,620982.842,2.2207,1.45,103.7116,1.9842,4201807.124
300347.SZ,2025-12-03,48.84,49.05,48.14,48.3,48.8,-0.5,-1.0246,84501.41,410446.361,1.4924,0.89,102.649,1.9639,4158755.8215
300347.SZ,2025-12-04,48.5,49.05,47.9,48.88,48.3,0.58,1.2008,87571.59,425052.303,1.5466,0.93,103.8816,1.9875,4208695.3324
300347.SZ,2025-12-05,48.88,49.45,48.15,49.45,48.88,0.57,1.1661,77519.8,378739.797,1.3691,0.81,105.093,2.0106,4257773.8173
300347.SZ,2025-12-08,49.69,49.94,49.16,49.31,49.45,-0.14,-0.2831,71084.02,351325.082,1.2554,0.74,104.7954,2.0049,4245719.4526
300347.SZ,2025-12-09,49.46,50.52,49.33,49.76,49.31,0.45,0.9126,111364.09,556323.4,1.9668,1.25,105.7518,2.0232,4284465.6248
300347.SZ,2025-12-10,48.89,49.94,48.6,49.89,49.76,0.13,0.2613,75242.65,372293.172,1.3289,0.87,106.0281,2.0285,4295658.9635
300347.SZ,2025-12-11,49.97,50.66,49.19,49.19,49.89,-0.7,-1.4031,66737.53,332725.678,1.1787,0.79,104.5404,2.0001,4235387.14
300347.SZ,2025-12-12,49.6,50.45,49.02,50.28,49.19,1.09,2.2159,112488.75,562293.402,1.9867,1.4,106.8569,2.0444,4329238.9794
300347.SZ,2025-12-15,49.94,50.3,49.19,49.29,50.28,-0.99,-1.969,78253.58,388264.749,1.382,0.9,104.7529,2.0041,4243997.4005
300347.SZ,2025-12-16,49.1,49.68,48.66,49.09,49.29,-0.2,-0.4058,63383.18,310869.853,1.1194,0.71,104.3279,1.996,4226776.8795
300347.SZ,2025-12-17,48.9,50.31,48.63,50.1,49.09,1.01,2.0574,73516.44,363528.822,1.2984,0.93,106.4744,2.0371,4313740.5105
300347.SZ,2025-12-18,50.11,50.88,49.71,50.31,50.1,0.21,0.4192,93982.57,474186.335,1.6598,1.19,106.9207,2.0456,4331822.0576
300347.SZ,2025-12-19,50.34,52.25,50.0,52.04,50.31,1.73,3.4387,130914.05,674114.848,2.3121,1.55,110.5973,2.1159,4480779.5642
300347.SZ,2025-12-22,52.04,52.04,51.01,51.24,52.04,-0.8,-1.5373,96683.0,496495.086,1.7075,1.1,108.8972,2.0834,4411897.4802
300347.SZ,2025-12-23,51.34,51.64,50.88,51.03,51.24,-0.21,-0.4098,61710.54,316103.52,1.0899,0.67,108.4509,2.0749,4393815.9332
300347.SZ,2025-12-24,50.67,53.8,50.58,53.52,51.03,2.49,4.8795,159414.86,844501.311,2.8155,1.74,113.7427,2.1761,4608211.4196
300347.SZ,2025-12-25,53.32,55.2,53.22,54.85,53.52,1.33,2.4851,133278.95,723855.125,2.3539,1.23,116.5693,2.2302,4722727.8843
300347.SZ,2025-12-26,55.22,55.49,54.15,55.11,54.85,0.26,0.474,88486.77,485600.356,1.5628,0.76,117.1218,2.2408,4745114.5616
300347.SZ,2025-12-29,54.88,56.68,54.66,55.92,55.11,0.81,1.4698,105559.37,589175.077,1.8643,0.98,118.8433,2.2737,4814857.6716
300347.SZ,2025-12-30,55.92,56.98,55.66,56.63,55.92,0.71,1.2697,91381.12,515584.719,1.6139,0.83,120.3522,2.3026,4875990.5212
300347.SZ,2025-12-31,56.55,57.41,56.3,56.7,56.63,0.07,0.1236,83558.99,475349.589,1.4757,0.72,120.501,2.3054,4882017.7035
300347.SZ,2026-01-05,56.8,59.88,56.22,59.17,56.7,2.47,4.3563,142365.91,833821.385,2.5143,1.42,125.7503,2.4058,5094691.1379
300347.SZ,2026-01-06,59.18,59.43,58.14,58.98,59.17,-0.19,-0.3211,88224.88,517522.853,1.5582,0.86,125.3465,2.3981,5078331.6429
300347.SZ,2026-01-07,58.98,60.8,58.7,60.3,58.98,1.32,2.238,119778.62,719197.105,2.1154,1.17,128.1518,2.4518,5191987.0815
300347.SZ,2026-01-08,60.95,61.86,60.2,60.61,60.3,0.31,0.5141,106007.43,644786.267,1.8722,1.01,128.8106,2.4644,5218678.8891
300347.SZ,2026-01-09,60.54,61.1,59.34,60.19,60.61,-0.42,-0.693,134841.33,808864.864,2.3815,1.25,127.918,2.4473,5182515.795
300347.SZ,2026-01-12,59.98,61.41,59.3,59.78,60.19,-0.41,-0.6812,115581.78,693494.925,2.0413,0.98,127.0467,2.4306,5147213.7269
300347.SZ,2026-01-13,60.95,65.0,60.91,62.9,59.78,3.12,5.2191,226350.58,1430745.025,3.9976,2.01,133.6774,2.5575,5415853.8545
300347.SZ,2026-01-14,61.8,64.64,61.66,63.0,62.9,0.1,0.159,176843.5,1121689.879,3.1233,1.26,133.8899,2.5616,5424464.115
300347.SZ,2026-01-15,62.58,64.48,61.84,62.76,63.0,-0.24,-0.381,110878.01,699635.404,1.9582,0.73,133.3799,2.5518,5403799.4898
300347.SZ,2026-01-16,62.79,62.99,60.53,60.72,62.76,-2.04,-3.2505,130476.56,799527.221,2.3044,0.85,129.0444,2.4689,5228150.1756
300347.SZ,2026-01-19,60.76,61.48,59.46,60.39,60.72,-0.33,-0.5435,106157.78,638030.115,1.8749,0.7,128.3431,2.4554,5199736.316
300347.SZ,2026-01-20,60.45,61.05,59.4,60.03,60.39,-0.36,-0.5961,76782.5,460323.932,1.3561,0.51,127.578,2.4408,5168739.3782
300347.SZ,2026-01-21,60.2,61.22,59.17,59.97,60.03,-0.06,-0.1,73205.41,441342.568,1.2929,0.61,127.4505,2.4384,5163573.2219
300347.SZ,2026-01-22,60.08,60.59,59.47,60.28,59.97,0.31,0.5169,68966.02,414056.569,1.218,0.69,128.1093,2.451,5190265.0294
300347.SZ,2026-01-23,60.23,62.07,60.17,60.42,60.28,0.14,0.2322,89066.69,542953.911,1.573,0.98,128.4068,2.4567,5202319.3941
300347.SZ,2026-01-26,60.31,60.31,58.68,58.91,60.42,-1.51,-2.4992,116916.92,693145.054,2.0649,1.41,125.1977,2.3953,5072304.4606
300347.SZ,2026-01-27,59.47,59.89,58.2,58.5,58.91,-0.41,-0.696,89208.32,526119.107,1.5755,1.05,124.3264,2.3786,5037002.3925
300347.SZ,2026-01-28,58.58,58.81,56.71,56.91,58.5,-1.59,-2.7179,102075.7,585650.098,1.8028,1.17,120.9473,2.314,4900099.2506
300347.SZ,2026-01-29,56.6,59.8,55.93,58.91,56.91,2.0,3.5143,133766.46,781709.58,2.3625,1.43,125.1977,2.3953,5072304.4606
300347.SZ,2026-01-30,60.08,66.47,60.08,63.01,58.91,4.1,6.9598,230514.87,1475239.539,4.0712,2.17,133.9112,2.562,5425325.1411
300347.SZ,2026-02-02,62.9,63.1,60.2,60.21,63.01,-2.8,-4.4437,176965.02,1087194.753,3.1254,1.32,127.9605,2.4481,5184237.8471
300347.SZ,2026-02-03,61.21,64.05,60.45,63.2,60.21,2.99,4.966,164699.78,1031907.882,2.9088,1.12,134.315,2.5697,5441684.636
300347.SZ,2026-02-04,63.19,65.59,61.92,64.94,63.2,1.74,2.7532,169772.56,1085083.048,2.9984,1.05,138.0129,2.6404,5591503.1687
300347.SZ,2026-02-05,64.9,65.26,63.3,63.7,64.94,-1.24,-1.9095,118302.99,756193.141,2.0894,0.68,135.3776,2.59,5484735.9385
300347.SZ,2026-02-06,63.0,66.43,62.92,65.65,63.7,1.95,3.0612,175012.24,1142143.052,3.0909,1.02,139.5218,2.6693,5652636.0183
300347.SZ,2026-02-09,65.91,66.3,64.41,65.58,65.65,-0.07,-0.1066,98487.23,643981.663,1.7394,0.61,139.3731,2.6665,5646608.8359
300347.SZ,2026-02-10,65.58,67.85,64.9,66.6,65.58,1.02,1.5554,111474.83,744088.727,1.9688,0.77,141.5408,2.7079,5734433.493
300347.SZ,2026-02-11,66.39,67.08,65.26,65.42,66.6,-1.18,-1.7718,73765.58,485438.383,1.3028,0.55,139.033,2.66,5632832.4191
300347.SZ,2026-02-12,65.42,66.82,63.86,64.02,65.42,-1.4,-2.14,102657.82,665204.04,1.8131,0.89,136.0577,2.603,5512288.7721
300347.SZ,2026-02-13,63.61,63.8,60.85,60.88,64.02,-3.14,-4.9047,123312.93,763456.364,2.1778,1.1,129.3844,2.4754,5241926.5924
300347.SZ,2026-02-24,61.22,61.33,59.66,60.3,60.88,-0.58,-0.9527,90865.3,549198.644,1.6048,0.89,128.1518,2.4518,5191987.0815
300347.SZ,2026-02-25,60.18,61.28,59.4,61.27,60.3,0.97,1.6086,95630.53,577391.653,1.6889,0.95,130.2133,2.4912,5275506.6084
300347.SZ,2026-02-26,60.5,61.44,59.68,60.5,61.27,-0.77,-1.2567,66541.41,402868.249,1.1752,0.68,128.5769,2.4599,5209207.6025
300347.SZ,2026-02-27,60.18,61.15,59.42,59.64,60.5,-0.86,-1.4215,61842.04,371034.042,1.0922,0.65,126.7492,2.425,5135159.3622
300347.SZ,2026-03-02,58.6,59.65,57.78,58.84,59.64,-0.8,-1.3414,82639.68,485000.322,1.4595,0.94,125.049,2.3924,5066277.2782
300347.SZ,2026-03-03,58.84,59.2,56.7,56.88,58.84,-1.96,-3.3311,96014.32,552220.867,1.6957,1.21,120.8835,2.3127,4897516.1724
300347.SZ,2026-03-04,56.8,57.3,55.8,56.06,56.88,-0.82,-1.4416,66946.81,377593.681,1.1824,0.83,119.1408,2.2794,4826912.0363
300347.SZ,2026-03-05,56.68,57.32,55.92,56.77,56.06,0.71,1.2665,67872.22,384196.247,1.1987,0.91,120.6497,2.3083,4888044.8859
300347.SZ,2026-03-06,56.51,58.4,56.41,57.37,56.77,0.6,1.0569,68582.61,395150.547,1.2112,0.91,121.9249,2.3327,4939706.4489
300347.SZ,2026-03-09,55.94,56.87,54.91,56.53,57.37,-0.84,-1.4642,86652.55,482964.054,1.5304,1.13,120.1397,2.2985,4867380.2607
300347.SZ,2026-03-10,57.22,58.44,57.0,57.8,56.53,1.27,2.2466,67065.8,388357.578,1.1845,0.87,122.8387,2.3501,4976730.569
300347.SZ,2026-03-11,57.69,57.97,56.2,56.55,57.8,-1.25,-2.1626,81267.35,461673.198,1.4353,1.14,120.1822,2.2993,4869102.3128
300347.SZ,2026-03-12,56.65,57.2,55.69,55.81,56.55,-0.74,-1.3086,65284.06,367477.468,1.153,0.88,118.6095,2.2692,4805386.3851
300347.SZ,2026-03-13,55.6,56.33,54.7,55.11,55.81,-0.7,-1.2543,108408.03,599425.169,1.9146,1.47,117.1218,2.2408,4745114.5616
300347.SZ,2026-03-16,54.92,55.62,53.52,54.34,55.11,-0.77,-1.3972,129688.14,703880.916,2.2904,1.59,115.4854,2.2095,4678815.5557
300347.SZ,2026-03-17,54.6,54.96,52.88,52.95,54.34,-1.39,-2.558,100297.43,539207.057,1.7714,1.11,112.5313,2.1529,4559132.9348
300347.SZ,2026-03-18,52.98,53.15,52.3,52.99,52.95,0.04,0.0755,76984.3,405944.033,1.3596,0.79,112.6163,2.1546,4562577.039
300347.SZ,2026-03-19,52.37,52.5,50.97,51.17,52.99,-1.82,-3.4346,87911.0,452617.987,1.5526,0.91,108.7484,2.0806,4405870.2979
300347.SZ,2026-03-20,51.19,51.54,50.07,50.21,51.17,-0.96,-1.8761,115343.11,586469.812,2.0371,1.15,106.7082,2.0415,4323211.7971
300347.SZ,2026-03-23,49.78,49.94,47.13,47.54,50.21,-2.67,-5.3177,134001.39,649082.6,2.3666,1.31,101.0338,1.933,4093317.8417
300347.SZ,2026-03-24,48.5,48.8,48.0,48.8,47.54,1.26,2.6504,101102.05,489924.816,1.7856,0.98,103.7116,1.9842,4201807.124
300347.SZ,2026-03-25,49.0,51.0,48.93,50.48,48.8,1.68,3.4426,100536.95,507098.404,1.7756,0.98,107.282,2.0525,4346459.5004
300347.SZ,2026-03-26,50.4,52.17,50.39,50.78,50.48,0.3,0.5943,103092.33,528416.184,1.8207,0.96,107.9195,2.0647,4372290.2819
300347.SZ,2026-03-27,50.4,53.65,50.06,53.45,50.78,2.67,5.258,150599.49,789652.186,2.6598,1.36,113.5939,2.1733,4602184.2373
300347.SZ,2026-03-30,52.88,54.09,52.45,52.68,53.45,-0.77,-1.4406,125674.17,668128.671,2.2196,1.07,111.9575,2.142,4535885.2314
300347.SZ,2026-03-31,53.11,55.98,52.92,53.83,52.68,1.15,2.183,215282.01,1167437.282,3.8021,1.85,52.2013,2.2114,4634903.2272
300347.SZ,2026-04-01,54.85,57.45,54.06,57.05,53.83,3.22,5.9818,212540.34,1190030.488,3.7537,1.53,55.3239,2.3436,4912153.6153
300347.SZ,2026-04-02,56.6,57.2,56.03,56.3,57.05,-0.75,-1.3146,133001.49,752521.84,2.349,0.82,54.5966,2.3128,4847576.6615
300347.SZ,2026-04-03,55.55,56.28,54.52,55.3,56.3,-1.0,-1.7762,114082.28,631475.257,2.0148,0.68,53.6268,2.2717,4761474.0565
300347.SZ,2026-04-07,55.6,56.42,53.84,55.43,55.3,0.13,0.2351,98425.39,543932.267,1.7383,0.61,53.7529,2.2771,4772667.3952
300347.SZ,2026-04-08,56.78,56.95,54.7,56.04,55.43,0.61,1.1005,131800.03,736176.637,2.3277,0.85,54.3445,2.3021,4825189.9842
300347.SZ,2026-04-09,55.72,57.06,55.43,55.8,56.04,-0.24,-0.4283,102813.75,576885.645,1.8158,0.75,54.1117,2.2923,4804525.359
300347.SZ,2026-04-10,55.8,58.33,55.55,57.86,55.8,2.06,3.6918,165039.04,945847.156,2.9148,1.42,56.1094,2.3769,4981896.7253
300347.SZ,2026-04-13,57.33,57.6,55.86,56.06,57.86,-1.8,-3.111,91120.0,513693.56,1.6093,0.74,54.3638,2.303,4826912.0363
300347.SZ,2026-04-14,56.29,59.72,55.81,59.45,56.06,3.39,6.0471,142756.55,822041.151,2.5212,1.21,57.6513,2.4422,5118799.8673
300347.SZ,2026-04-15,60.8,60.91,57.9,59.05,59.45,-0.4,-0.6728,158218.73,932087.523,2.7943,1.25,57.2634,2.4258,5084358.8253
300347.SZ,2026-04-16,59.03,59.15,57.88,58.62,59.05,-0.43,-0.7282,85824.99,502347.717,1.5158,0.65,56.8464,2.4081,5047334.7051
300347.SZ,2026-04-17,58.63,58.63,56.69,57.6,58.62,-1.02,-1.74,117392.9,672803.763,2.0733,0.91,55.8573,2.3662,4959510.048
300347.SZ,2026-04-20,57.49,59.34,57.47,58.67,57.6,1.07,1.8576,115300.65,673910.729,2.0363,0.97,56.8949,2.4102,5051639.8354
300347.SZ,2026-04-21,58.04,59.03,57.07,57.18,58.67,-1.49,-2.5396,90466.73,521139.017,1.5977,0.73,55.45,2.349,4923346.9539
300347.SZ,2026-04-22,57.0,57.82,56.81,57.39,57.18,0.21,0.3673,71086.13,406485.46,1.2555,0.63,55.6536,2.3576,4941428.501
300347.SZ,2026-04-23,57.3,57.74,55.55,56.11,57.39,-1.28,-2.2304,93764.7,528810.02,1.656,0.98,54.4123,2.305,4831217.1666
300347.SZ,2026-04-24,55.8,57.3,55.0,56.02,56.11,-0.09,-0.1604,97693.19,548235.131,1.7254,1.0,54.3251,2.3013,4823467.9321
300347.SZ,2026-04-27,55.8,57.15,55.11,56.86,56.02,0.84,1.4995,112167.78,628281.314,1.981,1.2,55.1396,2.3358,4895794.1203
300347.SZ,2026-04-28,56.86,59.5,56.86,58.39,56.86,1.53,2.6908,181317.33,1059687.87,3.2023,1.95,56.6234,2.3987,5027531.106
300347.SZ,2026-04-29,55.8,56.77,54.38,56.38,58.39,-2.01,-3.4424,234971.54,1305768.362,4.1499,2.11,54.6742,2.3209,4854464.8699
300347.SZ,2026-04-30,55.55,56.59,54.27,55.2,56.38,-1.18,-2.0929,163597.74,901869.055,2.8893,1.14,53.5299,2.2723,4752863.796
300347.SZ,2026-05-06,54.5,55.0,51.8,53.98,55.2,-1.22,-2.2101,203437.74,1092256.825,3.5929,1.29,52.3468,2.2221,4647818.6179
300347.SZ,2026-05-07,53.65,54.18,52.92,53.13,53.98,-0.85,-1.5747,123752.68,658850.115,2.1856,0.69,51.5225,2.1871,4574631.4037
300347.SZ,2026-05-08,53.0,53.25,51.15,51.16,53.13,-1.97,-3.7079,143417.15,740313.759,2.5329,0.79,49.6121,2.106,4405009.2718
300347.SZ,2026-05-11,51.2,52.67,50.69,52.4,51.16,1.24,2.4238,133358.05,688833.968,2.3553,0.77,50.8146,2.1571,4511776.502
300347.SZ,2026-05-12,52.0,52.47,51.22,51.53,52.4,-0.87,-1.6603,103363.84,534588.958,1.8255,0.67,49.9709,2.1212,4436867.2357
300347.SZ,2026-05-13,48.88,49.98,45.23,49.09,51.53,-2.44,-4.7351,453119.59,2146714.424,8.0026,3.2,47.6047,2.0208,4226776.8795
300347.SZ,2026-05-14,48.98,50.2,47.7,47.96,49.09,-1.13,-2.3019,196505.24,956345.807,3.4689,1.03,46.5089,1.9743,4129480.9358
300347.SZ,2026-05-15,47.95,48.36,46.32,46.76,47.96,-1.2,-2.5021,177647.75,836750.971,3.136,0.86,45.3452,1.9249,4026157.8098
300347.SZ,2026-05-18,46.74,46.79,45.76,46.11,46.76,-0.65,-1.3901,119625.67,552809.505,2.1118,0.56,44.7149,1.8981,3970191.1166
300347.SZ,2026-05-19,46.0,46.4,44.49,45.61,46.11,-0.5,-1.0844,131011.93,593708.629,2.3128,0.62,44.23,1.8775,3927139.8141
300347.SZ,2026-05-20,45.51,45.7,44.6,44.89,45.61,-0.72,-1.5786,83912.44,378165.466,1.4813,0.39,43.5318,1.8479,3865145.9385
300347.SZ,2026-05-21,44.98,46.97,44.9,45.47,44.89,0.58,1.292,148737.58,684204.003,2.6257,1.05,44.0943,1.8718,3915085.4494
300347.SZ,2026-05-22,45.64,45.97,41.61,42.32,45.47,-3.15,-6.9276,314085.31,1349590.432,5.5446,2.38,41.0396,1.7421,3643862.2436
300347.SZ,2026-05-25,41.93,42.53,41.2,42.3,42.32,-0.02,-0.0473,166534.92,697861.589,2.9398,1.04,41.0202,1.7413,3642140.1915
300347.SZ,2026-05-26,42.47,42.49,40.15,40.87,42.3,-1.43,-3.3806,188155.0,765188.635,3.3215,1.11,39.6334,1.6824,3519013.4664
300347.SZ,2026-05-27,40.87,40.87,38.8,39.7,40.87,-1.17,-2.8627,209659.64,830027.634,3.7011,1.16,38.4988,1.6343,3418273.4185
300347.SZ,2026-05-28,39.78,41.55,39.24,39.24,39.7,-0.46,-1.1587,153657.7,613823.075,2.7125,0.75,38.0528,1.6153,3378666.2202
300347.SZ,2026-05-29,39.82,40.76,38.9,39.45,39.24,0.21,0.5352,170881.86,677992.858,3.0166,0.83,38.2564,1.624,3396747.7673
300347.SZ,2026-06-01,39.14,39.68,38.6,39.44,39.45,-0.01,-0.0253,147388.23,578115.534,2.6018,0.83,38.2467,1.6236,3395886.7412
300347.SZ,2026-06-02,39.7,40.08,38.92,39.19,39.44,-0.25,-0.6339,128972.51,508134.67,2.2768,0.74,38.0043,1.6133,3374361.09
300347.SZ,2026-06-03,39.19,40.08,38.65,39.37,39.19,0.18,0.4593,143955.94,565716.799,2.5413,0.89,38.1788,1.6207,3389859.5589
300347.SZ,2026-06-04,39.42,39.89,39.01,39.58,39.37,0.21,0.5334,126683.06,499341.035,2.2363,0.85,38.3825,1.6293,3407941.1059
300347.SZ,2026-06-05,39.86,40.69,38.73,38.92,39.58,-0.66,-1.6675,185586.43,732292.715,3.2762,1.29,37.7424,1.6021,3351113.3866
300347.SZ,2026-06-08,38.26,38.97,36.05,36.17,38.92,-2.75,-7.0658,216101.9,802202.728,3.8149,1.47,35.0756,1.4889,3114331.2229
300347.SZ,2026-06-09,36.49,37.97,35.57,37.01,36.17,0.84,2.3224,165015.73,609112.5728,2.913,1.03,35.8902,1.5235,3186657.4111
300347.SZ,2026-06-10,36.65,39.66,36.64,38.76,37.01,1.75,4.7285,198400.29,768531.05093,3.5024,1.18,37.5873,1.5956,3337336.9698
300347.SZ,2026-06-11,38.11,40.6,37.8,39.7,38.76,0.94,2.4252,263060.09,1043297.84872,4.6438,1.47,38.4988,1.6343,3418273.4185
300347.SZ,2026-06-12,39.83,40.25,38.39,39.82,39.7,0.12,0.3023,291741.45,1152697.92991,5.1501,1.42,38.6152,1.6392,3428605.7311
300347.SZ,2026-06-15,39.48,39.77,38.31,39.4,39.82,-0.42,-1.0547,255840.23,1002389.97715,4.5164,1.13,38.2079,1.6219,3392442.637
300347.SZ,2026-06-16,39.19,39.83,38.5,39.36,39.4,-0.04,-0.1015,192075.02,752322.27184,3.3907,0.82,38.1691,1.6203,3388998.5328
300347.SZ,2026-06-17,39.39,40.5,38.69,40.19,39.36,0.83,2.1087,182153.31,726233.98028,3.2156,0.76,38.974,1.6544,3460463.695
300347.SZ,2026-06-18,40.0,40.88,39.3,40.12,40.19,-0.07,-0.1742,193551.43,777067.73241,3.4168,0.82,38.9061,1.6515,3454436.5126
300347.SZ,2026-06-22,39.67,41.35,38.72,41.2,40.12,1.08,2.6919,212700.15,848365.8362,3.7548,0.95,39.9535,1.696,3547427.326
300347.SZ,2026-06-23,40.73,43.48,40.57,41.08,41.2,-0.12,-0.2913,271582.23,1143079.46732,4.7942,1.31,39.8371,1.6911,3537095.0134
300347.SZ,2026-06-24,41.64,44.68,41.33,43.38,41.08,2.3,5.5988,384930.5,1669730.60723,6.7952,1.83,42.0675,1.7857,3735131.0049
300347.SZ,2026-06-25,42.39,44.97,41.65,43.86,43.38,0.48,1.1065,299270.14,1294636.21289,5.283,1.2,42.533,1.8055,3776460.2553
300347.SZ,2026-06-26,43.59,45.98,43.42,45.05,43.86,1.19,2.7132,277513.05,1241845.99263,4.8989,1.02,43.687,1.8545,3878922.3553
