ts_code,trade_date,open,high,low,close,pre_close,change,pct_chg,vol,amount,turnover_rate,volume_ratio,pe,pb,total_mv
300760.SZ,2023-01-03,315.97,317.0,309.0,311.36,315.97,-4.61,-1.459,44685.56,1390447.581,0.3686,1.43,47.1791,12.4996,37750575.2436
300760.SZ,2023-01-04,311.3,320.68,310.08,318.45,311.36,7.09,2.2771,42264.37,1343914.159,0.3486,1.18,48.2534,12.7842,38610196.1919
300760.SZ,2023-01-05,320.99,323.49,315.2,320.15,318.45,1.7,0.5338,51289.16,1638866.681,0.423,1.34,48.511,12.8525,38816311.2289
300760.SZ,2023-01-06,321.12,323.96,316.0,318.1,320.15,-2.05,-0.6403,43645.55,1391768.566,0.36,1.1,48.2003,12.7702,38567760.7431
300760.SZ,2023-01-09,318.18,320.77,315.97,318.64,318.1,0.54,0.1698,35313.84,1122933.877,0.2913,0.82,48.2822,12.7918,38633232.5784
300760.SZ,2023-01-10,320.0,330.0,317.45,328.09,318.64,9.45,2.9657,46331.45,1508058.822,0.3821,1.07,49.7141,13.1712,39778989.6957
300760.SZ,2023-01-11,328.01,328.98,323.5,324.72,328.09,-3.37,-1.0272,25370.16,826723.21,0.2092,0.58,49.2034,13.0359,39370396.946
300760.SZ,2023-01-12,328.0,328.0,320.21,321.8,324.72,-2.92,-0.8992,27873.03,899784.4,0.2299,0.69,48.761,12.9187,39016364.0589
300760.SZ,2023-01-13,323.0,330.82,320.19,330.82,321.8,9.02,2.803,39032.02,1278954.854,0.3219,1.09,50.1277,13.2808,40109986.1963
300760.SZ,2023-01-16,332.73,348.3,332.03,341.88,330.82,11.06,3.3432,63364.32,2166618.808,0.5226,1.82,51.8036,13.7248,41450946.3781
300760.SZ,2023-01-17,341.35,343.93,338.41,339.33,341.88,-2.55,-0.7459,26976.64,919299.99,0.2225,0.67,51.4172,13.6224,41141773.8226
300760.SZ,2023-01-18,340.02,341.6,335.74,337.11,339.33,-2.22,-0.6542,19927.37,673102.946,0.1644,0.55,51.0808,13.5333,40872611.8331
300760.SZ,2023-01-19,339.98,344.24,336.18,341.51,337.11,4.4,1.3052,35575.23,1209728.219,0.2934,1.0,51.7476,13.71,41406086.0465
300760.SZ,2023-01-20,342.77,345.0,339.55,341.05,341.51,-0.46,-0.1347,30151.55,1029717.384,0.2487,0.82,51.6779,13.6915,41350313.7424
300760.SZ,2023-01-30,353.0,353.0,338.05,339.36,341.05,-1.69,-0.4955,50096.58,1706894.688,0.4132,1.42,51.4218,13.6237,41145411.1468
300760.SZ,2023-01-31,341.0,341.19,331.5,332.64,339.36,-6.72,-1.9802,33477.47,1120240.448,0.2761,1.03,50.4035,13.3539,40330650.53
300760.SZ,2023-02-01,334.5,334.79,326.91,330.99,332.64,-1.65,-0.496,27089.2,892261.023,0.2234,0.8,50.1535,13.2876,40130597.7
300760.SZ,2023-02-02,332.98,333.0,325.28,329.01,330.99,-1.98,-0.5982,39941.94,1310753.245,0.3294,1.13,49.8535,13.2082,39890534.304
300760.SZ,2023-02-03,327.73,328.48,322.45,325.52,329.01,-3.49,-1.0608,31994.86,1038528.363,0.2639,0.89,49.3247,13.068,39467392.2575
300760.SZ,2023-02-06,317.11,320.52,313.98,316.49,325.52,-9.03,-2.774,47712.16,1510359.537,0.3935,1.31,47.9564,12.7055,38372557.6787
300760.SZ,2023-02-07,319.65,320.5,315.35,317.19,316.49,0.7,0.2212,24122.91,765949.37,0.199,0.67,48.0625,12.7336,38457428.5763
300760.SZ,2023-02-08,318.8,325.52,317.21,320.0,317.19,2.81,0.8859,36968.17,1189990.603,0.3049,1.08,48.4882,12.8464,38798124.608
300760.SZ,2023-02-09,320.0,327.57,318.6,327.0,320.0,7.0,2.1875,32140.01,1044873.68,0.2651,0.89,49.5489,13.1275,39646833.5838
300760.SZ,2023-02-10,326.83,328.46,321.86,324.16,327.0,-2.84,-0.8685,20146.91,653686.831,0.1662,0.58,49.1186,13.0134,39302500.2279
300760.SZ,2023-02-13,322.13,324.01,318.68,320.56,324.16,-3.6,-1.1106,40172.91,1287887.935,0.3313,1.25,48.5731,12.8689,38866021.3261
300760.SZ,2023-02-14,326.0,326.78,321.12,326.78,320.56,6.22,1.9404,26109.81,848193.276,0.2153,0.85,49.5156,13.1186,39620159.8731
300760.SZ,2023-02-15,327.0,329.4,323.44,324.95,326.78,-1.83,-0.56,21125.79,687083.434,0.1742,0.68,49.2383,13.0452,39398283.098
300760.SZ,2023-02-16,326.0,326.94,321.58,322.65,324.95,-2.3,-0.7078,22755.75,737667.742,0.1877,0.81,48.8898,12.9528,39119421.5774
300760.SZ,2023-02-17,321.08,324.77,318.66,318.98,322.65,-3.67,-1.1375,23062.65,741586.778,0.1902,0.88,48.3337,12.8055,38674455.5858
300760.SZ,2023-02-20,318.05,326.6,316.05,326.18,318.98,7.2,2.2572,33249.54,1070563.585,0.2742,1.25,49.4247,13.0945,39547413.3895
300760.SZ,2023-02-21,324.98,325.68,319.1,322.49,326.18,-3.69,-1.1313,25536.65,820345.975,0.2106,1.01,48.8655,12.9464,39100022.5151
300760.SZ,2023-02-22,322.0,323.6,315.5,317.47,322.49,-5.02,-1.5566,34768.01,1104145.221,0.2868,1.38,48.1049,12.7449,38491376.9353
300760.SZ,2023-02-23,315.5,318.69,315.5,316.12,317.47,-1.35,-0.4252,20136.83,637600.699,0.1661,0.72,47.9003,12.6907,38327697.3471
300760.SZ,2023-02-24,315.0,317.3,314.5,315.04,316.12,-1.08,-0.3416,16442.67,519022.275,0.1356,0.6,47.7367,12.6473,38196753.6766
300760.SZ,2023-02-27,314.42,315.5,309.0,312.47,315.04,-2.57,-0.8158,25894.52,807641.534,0.2136,0.99,47.3473,12.5441,37885156.2383
300760.SZ,2023-02-28,312.78,319.95,312.78,314.02,312.47,1.55,0.496,28279.88,892703.407,0.2332,1.15,47.5821,12.6064,38073084.6544
300760.SZ,2023-03-01,315.0,316.98,311.01,316.49,314.02,2.47,0.7866,23525.74,741331.548,0.194,0.94,47.9564,12.7055,38372557.6787
300760.SZ,2023-03-02,313.02,316.6,310.58,311.4,316.49,-5.09,-1.6083,19635.14,614220.526,0.1619,0.86,47.1851,12.5012,37755425.0092
300760.SZ,2023-03-03,313.98,315.75,310.1,313.1,311.4,1.7,0.5459,16678.88,522124.216,0.1376,0.73,47.4427,12.5694,37961540.0461
300760.SZ,2023-03-06,312.92,314.1,310.0,313.01,313.1,-0.09,-0.0287,20725.41,645977.141,0.1709,0.91,47.4291,12.5658,37950628.0736
300760.SZ,2023-03-07,312.0,313.5,307.0,308.0,313.01,-5.01,-1.6006,26126.57,811062.001,0.2155,1.2,46.6699,12.3647,37343194.9352
300760.SZ,2023-03-08,306.06,309.88,305.0,306.09,308.0,-1.91,-0.6201,20052.28,614287.933,0.1654,0.94,46.3805,12.288,37111618.6289
300760.SZ,2023-03-09,306.0,308.6,303.46,303.61,306.09,-2.48,-0.8102,22839.34,698715.47,0.1884,1.11,46.0047,12.1885,36810933.1632
300760.SZ,2023-03-10,303.61,311.99,303.0,309.76,303.61,6.15,2.0256,31115.42,958392.522,0.2566,1.46,46.9366,12.4354,37556584.6205
300760.SZ,2023-03-13,310.38,313.33,307.68,309.01,309.76,-0.75,-0.2421,28692.52,891842.378,0.2367,1.19,46.823,12.4052,37465651.516
300760.SZ,2023-03-14,308.95,313.13,308.18,308.73,309.01,-0.28,-0.0906,15143.46,469703.234,0.1249,0.59,46.7805,12.394,37431703.157
300760.SZ,2023-03-15,313.56,314.0,308.18,308.4,308.73,-0.33,-0.1069,18027.21,559894.068,0.1487,0.76,46.7305,12.3808,37391692.591
300760.SZ,2023-03-16,307.4,316.67,307.01,314.09,308.4,5.69,1.845,29795.45,936983.059,0.2457,1.29,47.5927,12.6092,38081571.7441
300760.SZ,2023-03-17,314.99,317.0,297.23,298.95,314.09,-15.14,-4.8203,74714.57,2272684.061,0.6162,3.04,45.2986,12.0014,36245935.4736
300760.SZ,2023-03-20,298.95,302.88,294.4,295.4,298.95,-3.55,-1.1875,36433.87,1080831.86,0.3005,1.09,44.7607,11.8589,35815518.7788
300760.SZ,2023-03-21,297.77,306.8,297.01,305.5,295.4,10.1,3.4191,34981.9,1062361.71,0.2885,1.0,46.2911,12.2643,37040084.5867
300760.SZ,2023-03-22,307.74,309.89,303.01,308.6,305.5,3.1,1.0147,24346.66,747063.377,0.2008,0.63,46.7608,12.3888,37415941.4188
300760.SZ,2023-03-23,307.25,312.88,307.08,311.88,308.6,3.28,1.0629,18068.29,562346.757,0.149,0.45,47.2579,12.5205,37813622.1961
300760.SZ,2023-03-24,310.56,313.7,304.0,304.0,311.88,-7.88,-2.5266,24888.35,763867.815,0.2053,0.66,46.0638,12.2041,36858218.3776
300760.SZ,2023-03-27,304.0,308.7,301.0,305.5,304.0,1.5,0.4934,26559.25,810286.323,0.2191,0.96,46.2911,12.2643,37040084.5867
300760.SZ,2023-03-28,306.0,308.2,302.05,307.63,305.5,2.13,0.6972,22747.46,697154.211,0.1876,0.88,46.6139,12.3498,37298334.6036
300760.SZ,2023-03-29,310.23,311.0,306.4,308.0,307.63,0.37,0.1203,20530.06,632816.655,0.1693,0.88,46.6699,12.3647,37343194.9352
300760.SZ,2023-03-30,309.0,315.94,307.03,313.46,308.0,5.46,1.7727,31212.22,977127.463,0.2574,1.38,47.4973,12.5839,38005187.9363
300760.SZ,2023-03-31,314.74,315.47,311.2,311.71,313.46,-1.75,-0.5583,22558.25,705354.514,0.1861,0.9,47.2321,12.5136,37793010.6924
300760.SZ,2023-04-03,311.71,311.95,302.0,303.1,311.71,-8.61,-2.7622,38522.62,1172544.391,0.3177,1.56,45.9275,12.168,36749098.6521
300760.SZ,2023-04-04,303.5,305.5,300.21,304.12,303.1,1.02,0.3365,29752.77,901013.018,0.2454,1.1,46.082,12.2089,36872767.6743
300760.SZ,2023-04-06,303.94,305.0,301.3,303.06,304.12,-1.06,-0.3485,20474.11,619662.26,0.1689,0.72,45.9214,12.1664,36744248.8866
300760.SZ,2023-04-07,300.31,310.77,300.31,309.0,303.06,5.94,1.96,26045.79,801551.476,0.2148,0.91,46.8215,12.4048,37464439.0746
300760.SZ,2023-04-10,309.1,314.8,308.11,311.9,309.0,2.9,0.9385,27442.8,859272.862,0.2263,1.0,47.2609,12.5213,37816047.0789
300760.SZ,2023-04-11,315.5,315.5,309.67,309.78,311.9,-2.12,-0.6797,24108.01,751476.008,0.1988,0.85,46.9396,12.4362,37559009.5033
300760.SZ,2023-04-12,310.41,311.94,307.67,308.35,309.78,-1.43,-0.4616,24921.23,770622.505,0.2055,0.97,46.723,12.3788,37385630.384
300760.SZ,2023-04-13,307.0,315.55,304.2,313.36,308.35,5.01,1.6248,44448.97,1389135.409,0.3666,1.81,47.4821,12.5799,37993063.5224
300760.SZ,2023-04-14,315.0,315.8,311.92,312.5,313.36,-0.86,-0.2744,24223.02,759068.662,0.1998,0.82,47.3518,12.5454,37888793.5625
300760.SZ,2023-04-17,311.88,315.5,308.19,313.26,312.5,0.76,0.2432,32793.43,1024004.513,0.2705,1.13,47.467,12.5759,37980939.1084
300760.SZ,2023-04-18,313.0,316.9,311.69,314.51,313.26,1.25,0.399,24103.75,758254.391,0.1988,0.8,47.6564,12.626,38132494.2827
300760.SZ,2023-04-19,313.86,318.5,313.08,317.65,314.51,3.14,0.9984,33047.05,1047382.751,0.2726,1.1,48.1322,12.7521,38513200.8804
300760.SZ,2023-04-20,319.0,319.2,308.26,309.03,317.65,-8.62,-2.7137,31811.1,992006.031,0.2624,1.0,46.826,12.4061,37468076.3988
300760.SZ,2023-04-21,309.02,309.75,298.88,301.5,309.03,-7.53,-2.4367,46073.09,1393133.092,0.38,1.58,45.685,12.1038,36555108.0291
300760.SZ,2023-04-24,303.91,304.28,299.06,301.5,301.5,0.0,0.0,34182.09,1028190.374,0.2819,1.02,45.685,12.1038,36555108.0291
300760.SZ,2023-04-25,301.0,303.87,299.5,302.72,301.5,1.22,0.4046,28720.72,868405.472,0.2369,0.85,45.8699,12.1527,36703025.8792
300760.SZ,2023-04-26,300.0,304.79,299.13,300.5,302.72,-2.22,-0.7334,32171.95,969391.26,0.2653,0.93,45.5335,12.0636,36433863.8897
300760.SZ,2023-04-27,300.5,309.99,297.2,309.0,300.5,8.5,2.8286,37516.11,1143985.647,0.3094,1.08,46.8215,12.4048,37464439.0746
300760.SZ,2023-04-28,311.9,312.0,307.1,311.9,309.0,2.9,0.9385,46719.87,1450667.83,0.3853,1.31,39.3623,10.9129,37816047.0789
300760.SZ,2023-05-04,314.28,315.0,309.14,315.0,311.9,3.1,0.9939,38644.56,1208706.563,0.3187,1.08,39.7535,11.0214,38191903.911
300760.SZ,2023-05-05,315.0,316.51,311.66,314.36,315.0,-0.64,-0.2032,27890.79,876394.67,0.23,0.76,39.6728,10.999,38114307.6618
300760.SZ,2023-05-08,315.36,315.86,298.01,301.14,314.36,-13.22,-4.2054,63465.02,1923258.919,0.5234,1.73,38.0044,10.5365,36511460.1389
300760.SZ,2023-05-09,300.0,308.0,298.53,304.2,301.14,3.06,1.0161,43809.28,1336116.897,0.3613,1.02,38.3905,10.6435,36882467.2055
300760.SZ,2023-05-10,306.0,308.85,298.71,307.32,304.2,3.12,1.0256,33262.39,1013204.251,0.2743,0.75,38.7843,10.7527,37260748.9204
300760.SZ,2023-05-11,305.42,308.5,303.11,304.04,307.32,-3.28,-1.0673,21514.59,655939.05,0.1774,0.52,38.3704,10.6379,36863068.1432
300760.SZ,2023-05-12,305.0,311.33,303.16,306.79,304.04,2.75,0.9045,25588.35,788544.16,0.211,0.67,38.7174,10.7341,37196489.5265
300760.SZ,2023-05-15,306.83,309.99,305.11,309.94,306.79,3.15,1.0268,22309.22,687398.353,0.184,0.59,39.1149,10.8444,37578408.5656
300760.SZ,2023-05-16,312.0,312.99,308.25,310.6,309.94,0.66,0.2129,24577.18,761502.256,0.2027,0.84,39.1982,10.8675,37658429.6976
300760.SZ,2023-05-17,310.69,312.6,308.7,309.55,310.6,-1.05,-0.3381,17966.73,556888.31,0.1482,0.71,39.0657,10.8307,37531123.3513
300760.SZ,2023-05-18,309.55,311.0,305.9,307.46,309.55,-2.09,-0.6752,21213.54,653158.788,0.175,0.95,38.802,10.7576,37277723.0999
300760.SZ,2023-05-19,307.09,313.77,306.01,311.05,307.46,3.59,1.1676,24192.34,751726.765,0.1995,1.08,39.255,10.8832,37712989.5604
300760.SZ,2023-05-22,313.45,315.03,311.05,313.0,311.05,1.95,0.6269,19532.1,612477.62,0.1611,0.89,39.5011,10.9514,37949415.6322
300760.SZ,2023-05-23,315.0,315.5,311.21,311.38,313.0,-1.62,-0.5176,19076.21,597448.496,0.1573,0.89,39.2967,10.8947,37753000.1264
300760.SZ,2023-05-24,313.2,314.69,308.58,312.0,311.38,0.62,0.1991,25654.1,801832.812,0.2116,1.26,39.3749,10.9164,37828171.4928
300760.SZ,2023-05-25,311.87,315.45,309.75,314.71,312.0,2.71,0.8686,26407.7,828906.751,0.2178,1.2,39.7169,11.0113,38156743.1106
300760.SZ,2023-05-26,315.4,325.0,314.01,317.36,314.71,2.65,0.842,33633.1,1078480.04,0.2774,1.46,40.0514,11.104,38478040.08
300760.SZ,2023-05-29,313.38,314.3,306.5,312.02,312.86,-0.84,-0.2685,38451.41,1192472.15,0.3171,1.55,39.3774,12.9572,37830596.3756
300760.SZ,2023-05-30,314.2,314.2,305.0,307.6,312.02,-4.42,-1.4166,25685.48,790678.545,0.2118,0.9,38.8196,12.7737,37294697.2794
300760.SZ,2023-05-31,307.61,307.89,299.0,300.58,307.6,-7.02,-2.2822,37904.07,1141383.377,0.3126,1.26,37.9337,12.4822,36443563.4209
300760.SZ,2023-06-01,300.99,302.69,297.16,299.04,300.58,-1.54,-0.5123,23477.58,703473.731,0.1936,0.72,37.7393,12.4182,36256847.4462
300760.SZ,2023-06-02,300.5,303.64,299.5,301.58,299.04,2.54,0.8494,24892.51,751804.833,0.2053,0.78,38.0599,12.5237,36564807.5603
300760.SZ,2023-06-05,302.5,305.9,300.49,301.4,301.58,-0.18,-0.0597,18991.09,575263.462,0.1566,0.63,38.0372,12.5162,36542983.6152
300760.SZ,2023-06-06,302.98,303.89,299.08,300.0,301.4,-1.4,-0.4645,30264.34,910940.286,0.2496,1.16,37.8605,12.4581,36373241.82
300760.SZ,2023-06-07,301.25,303.5,294.09,294.98,300.0,-5.02,-1.6733,34407.39,1026038.13,0.2838,1.27,37.227,12.2496,35764596.2402
300760.SZ,2023-06-08,296.11,297.88,290.69,294.0,294.98,-0.98,-0.3322,28062.1,824474.871,0.2315,1.06,37.1033,12.2089,35645776.9836
300760.SZ,2023-06-09,295.88,303.24,293.65,302.0,294.0,8.0,2.7211,42385.33,1268565.864,0.3496,1.55,38.1129,12.5411,36615730.0988
300760.SZ,2023-06-12,300.9,301.6,298.0,299.35,302.0,-2.65,-0.8775,19327.56,579254.18,0.1594,0.63,37.7785,12.4311,36294433.1294
300760.SZ,2023-06-13,298.88,303.25,298.11,302.28,299.35,2.93,0.9788,20972.79,632231.398,0.173,0.68,38.1482,12.5528,36649678.4578
300760.SZ,2023-06-14,303.0,304.95,299.3,299.61,302.28,-2.67,-0.8833,20602.55,621292.9,0.1699,0.71,37.8113,12.4419,36325956.6056
300760.SZ,2023-06-15,301.64,303.18,298.29,302.3,299.61,2.69,0.8978,29027.5,874221.733,0.2394,1.1,38.1508,12.5536,36652103.3406
300760.SZ,2023-06-16,302.99,306.99,301.1,306.21,302.3,3.91,1.2934,25556.31,778549.007,0.2108,0.97,38.6442,12.716,37126167.9257
300760.SZ,2023-06-19,305.1,307.77,300.29,303.79,306.21,-2.42,-0.7903,20657.69,626381.717,0.1704,0.89,38.3388,12.6155,36832757.1083
300760.SZ,2023-06-20,303.9,304.5,301.55,303.13,303.79,-0.66,-0.2173,13972.89,423467.285,0.1152,0.6,38.2555,12.5881,36752735.9763
300760.SZ,2023-06-21,301.45,303.1,299.0,299.1,303.13,-4.03,-1.3295,22347.11,670333.524,0.1843,1.02,37.7469,12.4207,36264122.0945
300760.SZ,2023-06-26,298.0,299.9,295.5,298.6,299.1,-0.5,-0.1672,22044.62,657247.565,0.1818,0.99,37.6838,12.3999,36203500.0248
300760.SZ,2023-06-27,300.5,301.48,296.98,297.62,298.6,-0.98,-0.3282,20507.1,613130.081,0.1691,0.98,37.5601,12.3593,36084680.7682
300760.SZ,2023-06-28,298.03,301.68,295.78,299.82,297.62,2.2,0.7392,19541.65,584688.025,0.1612,0.98,37.8378,12.4506,36351417.8749
300760.SZ,2023-06-29,300.5,301.44,298.0,298.78,299.82,-1.04,-0.3469,21447.31,643255.475,0.1769,1.09,37.7065,12.4074,36225323.9699
300760.SZ,2023-06-30,298.5,302.34,295.6,299.8,298.78,1.02,0.3414,25263.83,756793.14,0.2084,1.19,37.8353,12.4498,36348992.9921
300760.SZ,2023-07-03,299.0,300.98,296.8,300.2,299.8,0.4,0.1334,18555.14,554394.071,0.153,0.85,37.8857,12.4664,36397490.6479
300760.SZ,2023-07-04,299.0,300.98,296.2,297.52,300.2,-2.68,-0.8927,25093.39,746512.08,0.207,1.19,37.5475,12.3551,36072556.3543
300760.SZ,2023-07-05,297.29,297.3,294.9,296.32,297.52,-1.2,-0.4033,21357.62,631356.498,0.1762,0.97,37.3961,12.3053,35927063.387
300760.SZ,2023-07-06,295.5,297.55,294.06,294.91,296.32,-1.41,-0.4758,23847.92,704270.22,0.1967,1.07,37.2181,12.2467,35756109.1505
300760.SZ,2023-07-07,293.68,294.92,290.68,291.64,294.91,-3.27,-1.1088,27964.77,817453.388,0.2306,1.23,36.8055,12.1109,35359640.8146
300760.SZ,2023-07-10,293.5,297.58,292.8,293.18,291.64,1.54,0.528,17397.79,512616.955,0.1435,0.74,36.9998,12.1749,35546356.7893
300760.SZ,2023-07-11,295.97,297.48,293.36,294.71,293.18,1.53,0.5219,14191.01,419087.564,0.117,0.61,37.1929,12.2384,35731860.3226
300760.SZ,2023-07-12,294.96,298.2,294.39,297.46,294.71,2.75,0.9331,20678.57,614267.593,0.1706,0.99,37.5399,12.3526,36065281.7059
300760.SZ,2023-07-13,298.64,300.74,297.02,300.25,297.46,2.79,0.9379,26219.71,786339.891,0.2163,1.26,37.8921,12.4685,36403552.8549
300760.SZ,2023-07-14,300.07,301.45,298.98,301.45,300.25,1.2,0.3997,17185.38,516471.683,0.1417,0.81,38.0435,12.5183,36549045.8221
300760.SZ,2023-07-17,301.66,301.77,298.0,299.61,301.45,-1.84,-0.6104,8034.57,240550.998,0.0663,0.42,37.8113,12.4419,36325956.6056
300760.SZ,2023-07-18,301.5,301.5,296.28,297.9,299.61,-1.71,-0.5707,23702.86,705810.274,0.1955,1.37,37.5955,12.3709,36118629.1273
300760.SZ,2023-07-19,296.0,299.98,296.0,297.52,297.9,-0.38,-0.1276,18035.77,538741.717,0.1488,0.94,37.5475,12.3551,36072556.3543
300760.SZ,2023-07-20,299.5,302.0,298.95,300.84,297.52,3.32,1.1159,19137.06,575481.031,0.1578,1.03,37.9665,12.493,36475086.8971
300760.SZ,2023-07-21,299.06,301.34,298.83,299.91,300.84,-0.93,-0.3091,16920.95,507640.776,0.1396,0.98,37.8491,12.4543,36362329.8475
300760.SZ,2023-07-24,298.01,301.5,296.61,297.72,299.91,-2.19,-0.7302,21070.68,627409.162,0.1738,1.23,37.5728,12.3634,36096805.1822
300760.SZ,2023-07-25,300.0,300.5,296.34,300.49,297.72,2.77,0.9304,33451.75,999325.308,0.2759,1.69,37.9223,12.4784,36432651.4483
300760.SZ,2023-07-26,299.02,304.02,299.0,303.4,300.49,2.91,0.9684,21756.1,657804.455,0.1794,1.0,38.2896,12.5993,36785471.894
300760.SZ,2023-07-27,304.0,305.0,300.98,304.2,303.4,0.8,0.2637,21174.13,642661.963,0.1746,0.94,38.3905,12.6325,36882467.2055
300760.SZ,2023-07-28,303.5,309.68,302.56,308.86,304.2,4.66,1.5319,32871.9,1009823.406,0.2711,1.44,38.9786,12.826,37447464.8951
300760.SZ,2023-07-31,315.0,315.03,294.65,296.0,308.86,-12.86,-4.1637,109512.0,3286408.468,0.9032,4.2,37.3557,12.292,35888265.2624
300760.SZ,2023-08-01,300.0,302.5,293.11,295.24,296.0,-0.76,-0.2568,86623.56,2581128.133,0.7145,1.98,37.2598,12.2604,35796119.7165
300760.SZ,2023-08-02,295.9,298.0,294.41,296.04,295.24,0.8,0.271,34481.38,1021368.758,0.2844,0.63,37.3607,12.2936,35893115.028
300760.SZ,2023-08-03,295.7,296.01,294.01,294.55,296.04,-1.49,-0.5033,40516.82,1194251.605,0.3342,0.71,37.1727,12.2318,35712461.2603
300760.SZ,2023-08-04,295.0,295.8,283.37,286.08,294.55,-8.47,-2.8756,114437.34,3291150.247,0.9439,1.88,36.1038,11.88,34685523.3996
300760.SZ,2023-08-07,281.93,283.0,268.0,268.81,286.08,-17.27,-6.0368,176932.64,4807416.616,1.4593,2.29,33.9243,11.1629,32591637.1121
300760.SZ,2023-08-08,265.02,274.66,265.0,270.46,268.81,1.65,0.6138,107273.07,2903796.946,0.8848,1.18,34.1325,11.2314,32791689.9421
300760.SZ,2023-08-09,273.4,273.4,268.67,271.25,270.46,0.79,0.2921,87218.2,2362879.701,0.7194,0.92,34.2322,11.2642,32887472.8123
300760.SZ,2023-08-10,271.0,271.86,267.68,270.21,271.25,-1.04,-0.3834,59015.7,1589323.36,0.4868,0.56,34.101,11.221,32761378.9073
300760.SZ,2023-08-11,270.0,271.59,266.08,266.3,270.21,-3.91,-1.447,46059.53,1233691.841,0.3799,0.42,33.6075,11.0586,32287314.3222
300760.SZ,2023-08-14,263.44,272.09,263.3,269.62,266.3,3.32,1.2467,56207.01,1515967.425,0.4636,0.59,34.0265,11.1965,32689844.865
300760.SZ,2023-08-15,268.55,270.19,266.4,267.93,269.62,-1.69,-0.6268,46169.76,1235251.2,0.3808,0.65,33.8132,11.1263,32484942.2694
300760.SZ,2023-08-16,268.0,275.8,266.87,271.75,267.93,3.82,1.4257,65227.75,1780791.947,0.538,1.11,34.2953,11.2849,32948094.882
300760.SZ,2023-08-17,270.03,274.17,269.8,273.5,271.75,1.75,0.644,46974.38,1277400.348,0.3874,0.86,34.5162,11.3576,33160272.1259
300760.SZ,2023-08-18,272.3,275.34,269.5,271.8,273.5,-1.7,-0.6216,42398.46,1157234.955,0.3497,0.81,34.3016,11.287,32954157.0889
300760.SZ,2023-08-21,270.46,274.8,265.62,270.19,271.8,-1.61,-0.5923,48618.18,1322897.363,0.401,0.95,34.0984,11.2202,32758954.0245
300760.SZ,2023-08-22,273.0,273.27,267.39,269.75,270.19,-0.44,-0.1628,43113.82,1162187.312,0.3556,0.86,34.0429,11.2019,32705606.6032
300760.SZ,2023-08-23,269.0,272.01,266.37,266.91,269.75,-2.84,-1.0528,37472.27,1007048.862,0.3091,0.76,33.6845,11.084,32361273.2473
300760.SZ,2023-08-24,265.52,275.75,265.52,275.0,266.91,8.09,3.031,57968.47,1578326.337,0.4781,1.33,34.7055,11.4199,33342138.335
300760.SZ,2023-08-25,274.9,282.99,273.9,277.99,275.0,2.99,1.0873,84102.13,2355554.198,0.6937,1.83,35.0828,11.5441,33704658.3118
300760.SZ,2023-08-28,294.03,294.78,276.05,282.43,277.99,4.44,1.5972,78446.08,2215124.715,0.647,1.45,35.6431,11.7285,34242982.2907
300760.SZ,2023-08-29,282.38,282.38,269.89,271.6,282.43,-10.83,-3.8346,130279.1,3565974.75,1.0745,2.16,34.2764,11.2787,32929908.261
300760.SZ,2023-08-30,273.0,273.5,266.5,269.0,271.6,-2.6,-0.9573,80514.17,2165631.042,0.6641,1.04,33.9482,9.7347,32614673.4986
300760.SZ,2023-08-31,267.62,272.0,267.62,270.0,269.0,1.0,0.3717,49940.7,1347432.608,0.4119,0.58,34.0745,9.7709,32735917.638
300760.SZ,2023-09-01,270.47,271.0,266.01,269.3,270.0,-0.7,-0.2593,36714.01,984820.895,0.3028,0.43,33.9861,9.7456,32651046.7404
300760.SZ,2023-09-04,271.44,271.44,268.01,268.6,269.3,-0.7,-0.2599,45666.97,1229310.757,0.3767,0.61,33.8978,9.7202,32566175.8428
300760.SZ,2023-09-05,268.3,268.4,265.6,267.49,268.6,-1.11,-0.4133,46567.26,1244610.965,0.3841,0.68,33.7577,9.6801,32431594.8481
300760.SZ,2023-09-06,266.88,267.51,264.01,265.0,267.49,-2.49,-0.9309,49645.69,1315630.008,0.4095,0.96,33.4434,9.59,32129696.941
300760.SZ,2023-09-07,264.11,264.8,256.51,257.68,265.0,-7.32,-2.7623,82205.29,2126264.204,0.678,1.8,32.5196,9.3251,31242189.8406
300760.SZ,2023-09-08,257.68,260.93,256.05,259.75,257.68,2.07,0.8033,31970.09,828089.247,0.2637,0.61,32.7809,9.4,31493165.2092
300760.SZ,2023-09-11,258.0,270.0,258.0,269.91,259.75,10.16,3.9115,108142.5,2894067.301,0.8919,2.11,34.0631,9.7677,32725005.6655
300760.SZ,2023-09-12,268.89,269.3,266.11,267.09,269.91,-2.82,-1.0448,33014.27,883259.523,0.2723,0.52,33.7072,9.6656,32383097.1923
300760.SZ,2023-09-13,268.0,268.5,264.0,266.58,267.09,-0.51,-0.1909,31392.82,834787.424,0.2589,0.51,33.6428,9.6471,32321262.6813
300760.SZ,2023-09-14,267.2,270.0,265.58,269.1,266.58,2.52,0.9453,44847.29,1202613.491,0.3699,0.78,33.9609,9.7383,32626797.9125
300760.SZ,2023-09-15,269.1,278.0,266.5,277.19,269.1,8.09,3.0063,99962.69,2748772.593,0.8245,2.0,34.9818,10.0311,33607663.0003
300760.SZ,2023-09-18,277.0,281.0,275.1,278.0,277.19,0.81,0.2922,53069.13,1472259.292,0.4377,0.84,35.0841,10.0604,33705870.7532
300760.SZ,2023-09-19,277.0,279.46,274.9,278.86,278.0,0.86,0.3094,33984.36,942421.357,0.2803,0.65,35.1926,10.0915,33810140.7131
300760.SZ,2023-09-20,277.01,278.53,273.69,276.12,278.86,-2.74,-0.9826,33890.77,933739.121,0.2795,0.64,34.8468,9.9924,33477931.7711
300760.SZ,2023-09-21,274.01,275.6,272.25,273.19,276.12,-2.93,-1.0611,31183.29,854323.451,0.2572,0.59,34.477,9.8863,33122686.4427
300760.SZ,2023-09-22,274.3,274.3,270.72,273.21,273.19,0.02,0.0073,36140.44,986608.905,0.2981,0.72,34.4796,9.8871,33125111.3255
300760.SZ,2023-09-25,274.21,277.6,272.9,276.3,273.21,3.09,1.131,38792.53,1070970.566,0.32,1.03,34.8695,9.9989,33499755.7162
300760.SZ,2023-09-26,275.0,275.99,271.56,272.37,276.3,-3.93,-1.4224,29913.79,817110.884,0.2467,0.86,34.3735,9.8567,33023266.2484
300760.SZ,2023-09-27,273.5,274.7,269.54,270.68,272.37,-1.69,-0.6205,49855.97,1354174.011,0.4112,1.47,34.1603,9.7955,32818363.6528
300760.SZ,2023-09-28,271.57,271.99,269.2,269.81,270.68,-0.87,-0.3214,31750.03,857814.291,0.2619,0.85,34.0505,9.764,32712881.2515
300760.SZ,2023-10-09,269.0,273.99,268.02,272.15,269.81,2.34,0.8673,35494.32,963805.383,0.2928,0.95,34.3458,9.8487,32996592.5377
300760.SZ,2023-10-10,274.15,276.49,271.58,271.58,272.15,-0.57,-0.2094,31113.3,850514.248,0.2566,0.84,34.2738,9.8281,32927483.3783
300760.SZ,2023-10-11,274.0,274.88,270.52,271.7,271.58,0.12,0.0442,40580.32,1106566.434,0.3347,1.14,34.289,9.8324,32942032.675
300760.SZ,2023-10-12,274.4,274.99,272.02,273.67,271.7,1.97,0.7251,25041.6,685485.806,0.2065,0.66,34.5376,9.9037,33180883.6296
300760.SZ,2023-10-13,272.21,272.99,270.01,271.21,273.67,-2.46,-0.8989,23463.58,636021.373,0.1935,0.72,34.2272,9.8147,32882623.0467
300760.SZ,2023-10-16,272.15,272.3,267.5,267.9,271.21,-3.31,-1.2205,29355.86,789212.021,0.2421,0.94,33.8094,9.6949,32481304.9453
300760.SZ,2023-10-17,279.96,279.96,263.11,266.88,267.9,-1.02,-0.3807,37022.21,992513.016,0.3054,1.24,33.6807,9.658,32357635.9231
300760.SZ,2023-10-18,264.61,266.99,262.88,264.53,266.88,-2.35,-0.8805,31556.5,835262.578,0.2603,1.01,33.3841,9.573,32072712.1955
300760.SZ,2023-10-19,262.48,264.0,259.6,260.27,264.53,-4.26,-1.6104,32386.77,844809.982,0.2671,1.11,32.8465,9.4188,31556212.1616
300760.SZ,2023-10-20,259.08,261.34,256.41,257.4,260.27,-2.87,-1.1027,24982.12,643929.558,0.206,0.81,32.4843,9.3149,31208241.4816
300760.SZ,2023-10-23,257.29,261.03,255.52,259.21,257.4,1.81,0.7032,22046.43,570543.565,0.1818,0.71,32.7127,9.3804,31427693.3739
300760.SZ,2023-10-24,259.25,261.88,257.68,260.0,259.21,0.79,0.3048,27751.52,721917.358,0.2289,0.94,32.8124,9.409,31523476.244
300760.SZ,2023-10-25,262.65,262.68,256.3,257.7,260.0,-2.3,-0.8846,30776.82,796321.145,0.2538,1.11,32.5222,9.3258,31244614.7234
300760.SZ,2023-10-26,258.57,261.7,253.48,256.8,257.7,-0.9,-0.3492,34141.28,879000.673,0.2816,1.24,32.4086,9.2932,31135494.9979
300760.SZ,2023-10-27,255.57,265.9,255.57,265.85,256.8,9.05,3.5241,58509.78,1534225.569,0.4826,2.09,33.5507,9.6207,32232754.4595
300760.SZ,2023-10-30,268.0,284.25,268.0,283.08,265.85,17.23,6.4811,97243.77,2725468.3,0.802,2.81,35.7252,9.3212,34321790.9814
300760.SZ,2023-10-31,282.4,287.33,281.31,286.02,283.08,2.94,1.0386,52916.89,1510045.057,0.4364,1.07,36.0962,9.418,34678248.7512
300760.SZ,2023-11-01,284.06,285.5,281.1,282.8,286.02,-3.22,-1.1258,35546.89,1004709.749,0.2932,0.65,35.6898,9.3119,34287842.6223
300760.SZ,2023-11-02,284.0,284.5,281.83,283.4,282.8,0.6,0.2122,30888.75,875482.879,0.2548,0.55,35.7656,9.3317,34360589.106
300760.SZ,2023-11-03,283.4,285.35,281.68,282.65,283.4,-0.75,-0.2646,31362.83,889348.165,0.2587,0.57,35.6709,9.307,34269656.0014
300760.SZ,2023-11-06,284.9,285.85,282.02,285.22,282.65,2.57,0.9093,39904.41,1132925.042,0.3291,0.8,35.9952,9.3916,34581253.4397
300760.SZ,2023-11-07,285.25,285.25,282.0,282.6,285.22,-2.62,-0.9186,24049.64,680809.023,0.1984,0.63,35.6646,9.3054,34263593.7944
300760.SZ,2023-11-08,282.2,288.36,282.0,286.7,282.6,4.1,1.4508,35922.82,1027880.869,0.2963,1.11,36.182,9.4404,34760694.766
300760.SZ,2023-11-09,284.5,285.69,282.25,284.0,286.7,-2.7,-0.9418,24792.58,704582.56,0.2045,0.76,35.8413,9.3515,34433335.5896
300760.SZ,2023-11-10,283.0,287.0,282.5,285.21,284.0,1.21,0.4261,20570.87,586865.276,0.1697,0.66,35.994,9.3913,34580040.9983
300760.SZ,2023-11-13,285.22,286.9,280.8,282.79,285.21,-2.42,-0.8485,37000.31,1044350.133,0.3052,1.27,35.6886,9.3116,34286630.1809
300760.SZ,2023-11-14,283.86,289.98,283.1,286.47,282.79,3.68,1.3013,32712.14,939126.352,0.2698,1.15,36.153,9.4328,34732808.6139
300760.SZ,2023-11-15,289.4,291.64,285.0,290.95,286.47,4.48,1.5639,34255.4,993570.695,0.2825,1.13,36.7184,9.5803,35275982.3584
300760.SZ,2023-11-16,290.1,291.73,287.2,288.08,290.95,-2.87,-0.9864,19575.81,564932.807,0.1615,0.66,36.3562,9.4858,34928011.6784
300760.SZ,2023-11-17,287.01,288.9,284.5,285.5,288.08,-2.58,-0.8956,20014.2,572020.422,0.1651,0.69,36.0306,9.4008,34615201.7987
300760.SZ,2023-11-20,286.0,287.83,284.22,287.5,285.5,2.0,0.7005,17171.2,491577.607,0.1416,0.6,36.283,9.4667,34857690.0775
300760.SZ,2023-11-21,288.46,290.45,284.22,287.2,287.5,-0.3,-0.1043,24870.4,716124.472,0.2051,1.01,36.2451,9.4568,34821316.8357
300760.SZ,2023-11-22,283.0,285.49,281.25,282.89,282.9,-0.01,-0.0035,20306.58,575726.481,0.1675,0.88,35.7012,10.8513,34298754.5949
300760.SZ,2023-11-23,283.67,284.8,278.0,282.33,282.89,-0.56,-0.198,19055.17,537564.507,0.1572,0.93,35.6305,10.8299,34230857.8768
300760.SZ,2023-11-24,282.76,283.54,280.7,283.2,282.33,0.87,0.3082,19035.03,537621.12,0.157,0.94,35.7403,10.8632,34336340.2781
300760.SZ,2023-11-27,285.0,285.96,279.0,281.27,283.2,-1.93,-0.6815,23287.59,654505.507,0.1921,1.16,35.4967,10.7892,34102339.089
300760.SZ,2023-11-28,281.77,284.77,280.01,284.58,281.27,3.31,1.1768,22474.33,636405.381,0.1854,1.05,35.9145,10.9162,34503657.1905
300760.SZ,2023-11-29,286.0,290.0,284.2,286.28,284.58,1.7,0.5974,28170.28,807884.789,0.2323,1.35,36.129,10.9814,34709772.2274
300760.SZ,2023-11-30,287.73,291.99,285.03,290.87,286.28,4.59,1.6033,40155.71,1168227.605,0.3312,1.79,36.7083,11.1574,35266282.8273
300760.SZ,2023-12-01,292.59,293.9,286.21,290.1,290.87,-0.77,-0.2647,35366.87,1023479.335,0.2917,1.33,36.6111,11.1279,35172924.8399
300760.SZ,2023-12-04,293.0,296.95,290.49,293.05,290.1,2.95,1.0169,45946.51,1349468.347,0.379,1.54,36.9834,11.2411,35530595.0512
300760.SZ,2023-12-05,294.48,294.63,288.0,288.84,293.05,-4.21,-1.4366,35803.97,1045328.547,0.2953,1.04,36.4521,11.0796,35020157.2243
300760.SZ,2023-12-06,288.77,288.8,281.2,281.85,288.84,-6.99,-2.42,44667.43,1264169.303,0.3684,1.2,35.5699,10.8114,34172660.6899
300760.SZ,2023-12-07,281.75,283.31,279.56,283.0,281.85,1.15,0.408,37309.97,1051617.84,0.3077,0.92,35.7151,10.8556,34312091.4502
300760.SZ,2023-12-08,282.9,297.68,282.1,296.0,283.0,13.0,4.5936,88030.83,2578324.092,0.7261,2.21,37.3557,11.3542,35888265.2624
300760.SZ,2023-12-11,293.9,300.0,291.29,297.84,296.0,1.84,0.6216,43599.92,1290264.242,0.3596,0.87,37.5879,11.4248,36111354.4789
300760.SZ,2023-12-12,296.91,299.88,295.35,297.79,297.84,-0.05,-0.0168,24145.77,718107.599,0.1992,0.48,37.5816,11.4229,36105292.2719
300760.SZ,2023-12-13,301.41,301.41,297.03,297.89,297.79,0.1,0.0336,27893.57,833302.957,0.2301,0.59,37.5942,11.4267,36117416.6859
300760.SZ,2023-12-14,299.88,301.0,293.88,295.0,297.89,-2.89,-0.9702,24728.34,731949.593,0.204,0.56,37.2295,11.3159,35767021.123
300760.SZ,2023-12-15,297.99,299.05,288.0,293.0,295.0,-2.0,-0.678,38538.83,1122104.347,0.3179,0.92,36.9771,11.2391,35524532.8442
300760.SZ,2023-12-18,294.5,294.5,289.5,290.97,293.0,-2.03,-0.6928,25607.38,747088.072,0.2112,0.81,36.7209,11.1613,35278407.2412
300760.SZ,2023-12-19,289.98,291.68,286.0,289.08,290.97,-1.89,-0.6496,23229.38,669874.761,0.1916,0.82,36.4824,11.0888,35049255.8178
300760.SZ,2023-12-20,290.15,293.8,289.08,290.35,289.08,1.27,0.4393,18850.85,549965.138,0.1555,0.67,36.6427,11.1375,35203235.8748
300760.SZ,2023-12-21,292.36,292.94,288.3,290.31,290.35,-0.04,-0.0138,20613.06,597061.079,0.17,0.79,36.6376,11.136,35198386.1092
300760.SZ,2023-12-22,291.34,294.69,287.5,288.82,290.31,-1.49,-0.5132,21951.6,636152.33,0.1811,0.87,36.4496,11.0788,35017732.3415
300760.SZ,2023-12-25,287.13,291.0,284.6,287.09,288.82,-1.73,-0.599,18645.55,534937.634,0.1538,0.85,36.2312,11.0124,34807979.9803
300760.SZ,2023-12-26,287.0,287.88,282.68,283.03,287.09,-4.06,-1.4142,15683.19,445455.351,0.1294,0.76,35.7189,10.8567,34315728.7744
300760.SZ,2023-12-27,283.36,286.65,281.94,285.99,283.03,2.96,1.0458,19708.77,562200.842,0.1626,1.03,36.0924,10.9702,34674611.427
300760.SZ,2023-12-28,286.93,292.0,283.71,290.51,285.99,4.52,1.5805,29618.84,854215.475,0.2443,1.53,36.6628,11.1436,35222634.9371
300760.SZ,2023-12-29,290.51,293.89,288.02,290.6,290.51,0.09,0.031,22672.58,660021.397,0.187,1.07,36.6742,11.1471,35233546.9096
300760.SZ,2024-01-02,290.6,294.0,288.58,293.47,290.6,2.87,0.9876,30550.15,891341.987,0.252,1.44,37.0364,11.2572,35581517.5897
300760.SZ,2024-01-03,291.65,294.38,289.8,289.8,293.47,-3.67,-1.2506,21974.68,640473.916,0.1812,0.93,36.5732,11.1164,35136551.5981
300760.SZ,2024-01-04,289.06,290.83,283.5,285.81,289.8,-3.99,-1.3768,29852.2,853129.312,0.2462,1.2,36.0697,10.9633,34652787.4819
300760.SZ,2024-01-05,286.74,288.86,282.5,283.69,285.81,-2.12,-0.7418,32231.27,918897.781,0.2658,1.2,35.8022,10.882,34395749.9064
300760.SZ,2024-01-08,283.66,285.87,279.1,279.1,283.69,-4.59,-1.618,26375.55,743534.656,0.2175,0.96,35.2229,10.706,33839239.3065
300760.SZ,2024-01-09,280.12,285.0,279.04,281.76,279.1,2.66,0.9531,29339.18,828486.332,0.242,1.04,35.5586,10.808,34161748.7173
300760.SZ,2024-01-10,279.8,282.39,276.32,277.57,281.76,-4.19,-1.4871,27964.6,780164.904,0.2306,1.0,35.0298,10.6473,33653735.7733
300760.SZ,2024-01-11,277.8,282.2,275.07,280.2,277.57,2.63,0.9475,29972.5,839842.145,0.2472,1.03,35.3617,10.7482,33972607.8599
300760.SZ,2024-01-12,280.0,281.8,277.0,277.0,280.2,-3.2,-1.142,22129.26,616900.938,0.1825,0.76,34.9579,10.6254,33584626.6138
300760.SZ,2024-01-15,275.13,279.6,273.55,278.5,277.0,1.5,0.5415,22922.03,635558.145,0.1891,0.84,35.1472,10.6829,33766492.8229
300760.SZ,2024-01-16,276.51,277.57,271.7,275.31,278.5,-3.19,-1.1454,32391.76,887118.757,0.2672,1.22,34.7446,10.5606,33379724.0182
300760.SZ,2024-01-17,274.5,275.36,269.12,269.5,275.31,-5.81,-2.1103,35536.72,962551.717,0.2931,1.31,34.0113,10.3377,32675295.5683
300760.SZ,2024-01-18,269.0,273.5,264.67,272.98,269.5,3.48,1.2913,40445.93,1086054.718,0.3336,1.41,34.4505,10.4712,33097225.1734
300760.SZ,2024-01-19,270.59,278.96,270.16,276.61,272.98,3.63,1.3298,38583.22,1065474.071,0.3182,1.26,34.9086,10.6104,33537341.3994
300760.SZ,2024-01-22,277.73,280.66,273.82,274.86,276.61,-1.75,-0.6327,46755.37,1296367.521,0.3856,1.38,34.6878,10.5433,33325164.1555
300760.SZ,2024-01-23,272.9,278.2,271.5,275.5,274.86,0.64,0.2328,34510.67,950863.277,0.2846,0.89,34.7686,10.5679,33402760.4047
300760.SZ,2024-01-24,278.21,284.36,275.15,283.0,275.5,7.5,2.7223,35999.03,1005059.155,0.2969,0.92,35.7151,10.8556,34312091.4502
300760.SZ,2024-01-25,280.29,284.4,279.45,283.85,283.0,0.85,0.3004,29493.56,833129.987,0.2433,0.75,35.8223,10.8882,34415148.9687
300760.SZ,2024-01-26,281.1,285.38,280.69,284.32,283.85,0.47,0.1656,31602.94,896695.559,0.2607,0.85,35.8817,10.9062,34472133.7142
300760.SZ,2024-01-29,285.98,287.0,267.89,269.0,284.32,-15.32,-5.3883,52231.7,1435905.935,0.4308,1.46,33.9482,10.3185,32614673.4986
300760.SZ,2024-01-30,269.1,272.58,266.01,267.77,269.0,-1.23,-0.4572,28101.49,755529.184,0.2318,0.76,33.793,10.2713,32465543.2071
300760.SZ,2024-01-31,267.0,271.0,263.51,268.33,267.77,0.56,0.2091,34171.8,911304.107,0.2818,0.96,33.8637,10.2928,32533439.9252
300760.SZ,2024-02-01,268.99,274.4,265.14,273.19,268.33,4.86,1.8112,32079.77,869416.995,0.2646,0.91,34.477,10.4793,33122686.4427
300760.SZ,2024-02-02,271.19,274.0,266.0,267.43,273.19,-5.76,-2.1084,36883.39,997485.949,0.3042,1.03,33.7501,10.2583,32424320.1997
300760.SZ,2024-02-05,265.0,289.8,264.13,284.34,267.43,16.91,6.3231,79062.5,2211354.228,0.6521,2.15,35.8842,10.907,34474558.597
300760.SZ,2024-02-06,282.36,296.62,281.51,292.5,284.34,8.16,2.8698,75487.74,2208264.947,0.6226,1.79,36.914,11.22,35463910.7745
300760.SZ,2024-02-07,292.46,302.1,288.57,301.0,292.5,8.5,2.906,80591.37,2402055.076,0.6647,1.56,37.9867,11.546,36494485.9594
300760.SZ,2024-02-08,301.38,307.1,294.5,297.38,301.0,-3.62,-1.2027,62741.27,1871638.05,0.5175,1.03,37.5299,11.4072,36055582.1748
300760.SZ,2024-02-19,301.5,302.0,296.2,298.48,297.38,1.1,0.3699,44606.66,1334238.757,0.3679,0.67,37.6687,11.4494,36188950.7281
300760.SZ,2024-02-20,298.58,301.97,296.0,300.09,298.48,1.61,0.5394,40205.6,1200893.644,0.3316,0.59,37.8719,11.5111,36384153.7925
300760.SZ,2024-02-21,297.99,305.0,297.2,301.35,300.09,1.26,0.4199,34843.54,1052878.313,0.2874,0.57,38.0309,11.5594,36536921.4082
300760.SZ,2024-02-22,301.6,301.6,294.6,295.03,301.35,-6.32,-2.0972,39364.36,1165916.563,0.3247,0.75,37.2333,11.317,35770658.4472
300760.SZ,2024-02-23,294.5,294.98,289.0,290.21,295.03,-4.82,-1.6337,42519.13,1237725.797,0.3507,0.96,36.625,11.1321,35186261.6953
300760.SZ,2024-02-26,291.99,291.99,288.13,290.12,290.21,-0.09,-0.031,33185.26,963555.585,0.2737,0.82,36.6136,11.1287,35175349.7227
300760.SZ,2024-02-27,289.01,292.1,287.38,292.0,290.12,1.88,0.648,30177.26,874434.064,0.2489,0.79,36.8509,11.2008,35403288.7048
300760.SZ,2024-02-28,292.0,292.6,288.0,288.0,292.0,-4.0,-1.3699,37764.54,1095916.182,0.3115,1.05,36.3461,11.0473,34918312.1472
300760.SZ,2024-02-29,286.05,292.39,286.05,289.18,288.0,1.18,0.4097,46732.85,1352618.984,0.3854,1.28,36.495,11.0926,35061380.2317
300760.SZ,2024-03-01,291.69,291.69,287.19,290.17,289.18,0.99,0.3423,35007.65,1011782.91,0.2887,0.92,36.6199,11.1306,35181411.9297
300760.SZ,2024-03-04,288.99,292.96,288.38,291.21,290.17,1.04,0.3584,33736.82,981328.36,0.2783,0.92,36.7512,11.1705,35307505.8347
300760.SZ,2024-03-05,289.08,299.6,289.0,297.92,291.21,6.71,2.3042,61316.37,1816840.019,0.5057,1.67,37.598,11.4279,36121054.01
300760.SZ,2024-03-06,298.66,301.96,296.11,298.1,297.92,0.18,0.0604,35331.67,1056954.694,0.2914,0.82,37.6207,11.4348,36142877.9551
300760.SZ,2024-03-07,298.1,299.63,294.85,296.03,298.1,-2.07,-0.6944,28756.91,852784.122,0.2372,0.68,37.3595,11.3554,35891902.5866
300760.SZ,2024-03-08,296.26,298.6,290.6,292.28,296.03,-3.75,-1.2668,29958.43,877924.207,0.2471,0.77,36.8862,11.2115,35437237.0638
300760.SZ,2024-03-11,293.99,306.0,291.5,304.59,292.28,12.31,4.2117,56447.31,1702421.748,0.4656,1.49,38.4398,11.6837,36929752.4198
300760.SZ,2024-03-12,304.74,306.6,301.6,305.42,304.59,0.83,0.2725,37157.64,1131577.132,0.3065,0.88,38.5445,11.7156,37030385.0555
300760.SZ,2024-03-13,303.0,304.0,297.6,298.8,305.42,-6.62,-2.1675,31190.14,933678.968,0.2573,0.83,37.7091,11.4616,36227748.8527
300760.SZ,2024-03-14,305.0,306.98,297.0,297.66,298.8,-1.14,-0.3815,52282.55,1573577.278,0.4312,1.42,37.5652,11.4179,36089530.5338
300760.SZ,2024-03-15,296.6,298.21,290.51,294.47,297.66,-3.19,-1.0717,35305.75,1035948.284,0.2912,0.85,37.1626,11.2955,35702761.7291
300760.SZ,2024-03-18,292.0,294.1,289.13,293.07,294.47,-1.4,-0.4754,27599.41,806570.096,0.2276,0.65,36.9859,11.2418,35533019.934
300760.SZ,2024-03-19,292.02,295.83,291.06,292.77,293.07,-0.3,-0.1024,22583.42,663369.494,0.1863,0.62,36.9481,11.2303,35496646.6921
300760.SZ,2024-03-20,291.33,293.98,290.28,292.0,292.77,-0.77,-0.263,19714.78,576016.812,0.1626,0.58,36.8509,11.2008,35403288.7048
300760.SZ,2024-03-21,293.9,293.99,290.0,290.0,292.0,-2.0,-0.6849,19210.82,559360.285,0.1584,0.61,36.5985,11.1241,35160800.426
300760.SZ,2024-03-22,290.03,290.68,286.05,289.29,290.0,-0.71,-0.2448,28741.25,828762.732,0.2371,1.16,36.5089,11.0968,35074717.087
300760.SZ,2024-03-25,290.35,292.0,287.8,287.88,289.29,-1.41,-0.4874,26959.8,782243.75,0.2224,1.14,36.3309,11.0427,34903762.8505
300760.SZ,2024-03-26,289.88,289.88,285.23,286.18,287.88,-1.7,-0.5905,27721.2,794724.744,0.2286,1.18,36.1164,10.9775,34697647.8135
300760.SZ,2024-03-27,286.18,286.89,282.56,283.36,286.18,-2.82,-0.9854,29490.69,839781.947,0.2432,1.21,35.7605,10.8694,34355739.3404
300760.SZ,2024-03-28,282.05,282.9,277.39,279.89,283.36,-3.47,-1.2246,45462.64,1271784.475,0.375,1.72,35.3226,10.7363,33935022.1767
300760.SZ,2024-03-29,279.99,282.75,279.0,281.46,279.89,1.57,0.5609,20211.24,566899.194,0.1667,0.64,35.5207,10.7965,34125375.4755
300760.SZ,2024-04-01,281.46,286.73,281.0,282.75,281.46,1.29,0.4583,25892.49,734872.172,0.2136,0.86,35.6835,10.846,34281780.4154
300760.SZ,2024-04-02,282.88,282.93,279.5,281.47,282.75,-1.28,-0.4527,27122.55,762355.046,0.2237,0.91,35.522,10.7969,34126587.9169
300760.SZ,2024-04-03,280.2,283.18,280.08,281.32,281.47,-0.15,-0.0533,28442.6,801137.121,0.2346,0.96,35.5031,10.7911,34108401.296
300760.SZ,2024-04-08,281.89,282.0,276.0,276.25,281.32,-5.07,-1.8022,29036.25,805151.858,0.2395,0.99,34.8632,10.5966,33493693.5093
300760.SZ,2024-04-09,277.85,279.5,275.66,279.3,276.25,3.05,1.1041,26880.06,747478.782,0.2217,1.03,35.2481,10.7136,33863488.1344
300760.SZ,2024-04-10,278.06,278.88,274.0,274.6,279.3,-4.7,-1.6828,24838.11,684620.218,0.2049,0.9,34.655,10.5333,33293640.6792
300760.SZ,2024-04-11,271.0,274.5,270.02,271.81,274.6,-2.79,-1.016,27704.53,754186.893,0.2285,1.02,34.3029,10.4263,32955369.5303
300760.SZ,2024-04-12,270.08,274.62,270.08,270.64,271.81,-1.17,-0.4304,24884.3,675026.947,0.2052,0.91,34.1552,10.3814,32813513.8872
300760.SZ,2024-04-15,270.58,279.36,270.58,277.5,270.64,6.86,2.5347,41624.07,1153161.159,0.3433,1.56,35.021,10.6446,33645248.6835
300760.SZ,2024-04-16,263.63,270.0,257.0,267.8,277.5,-9.7,-3.4955,92941.46,2460440.527,0.7666,3.18,33.7968,10.2725,32469180.5313
300760.SZ,2024-04-17,265.76,278.8,265.28,272.56,267.8,4.76,1.7774,46920.98,1281717.871,0.387,1.11,34.3975,10.4551,33046302.6349
300760.SZ,2024-04-18,273.5,280.0,272.0,272.2,272.56,-0.36,-0.1321,41119.48,1132272.653,0.3391,0.88,34.3521,10.4413,33002654.7447
300760.SZ,2024-04-19,270.89,274.8,268.5,271.39,272.2,-0.81,-0.2976,32671.98,884678.965,0.2695,0.66,34.2499,10.4102,32904446.9918
300760.SZ,2024-04-22,273.5,281.21,271.51,278.53,271.39,7.14,2.6309,45844.29,1278353.871,0.3781,0.9,35.151,10.6841,33770130.1471
300760.SZ,2024-04-23,279.88,286.0,278.16,284.5,278.53,5.97,2.1434,44628.28,1264701.429,0.3681,0.86,35.9044,10.9131,34493957.6593
300760.SZ,2024-04-24,285.0,287.51,282.79,285.85,284.5,1.35,0.4745,26533.76,758104.415,0.2188,0.63,36.0747,10.9649,34657637.2475
300760.SZ,2024-04-25,285.04,287.49,283.5,285.1,285.85,-0.75,-0.2624,23510.84,670032.991,0.1939,0.62,35.9801,10.9361,34566704.1429
300760.SZ,2024-04-26,283.3,290.1,283.3,288.8,285.1,3.7,1.2978,30280.99,871445.712,0.2498,0.87,36.447,11.078,35015307.4587
300760.SZ,2024-04-29,294.98,307.27,291.5,302.11,288.8,13.31,4.6087,86116.18,2593154.33,0.7103,2.52,31.6252,10.1257,36629066.9541
300760.SZ,2024-04-30,300.61,307.34,300.35,304.59,302.11,2.48,0.8209,48567.89,1482125.758,0.4006,1.15,31.8848,10.2088,36929752.4198
300760.SZ,2024-05-06,306.0,315.0,305.02,313.16,304.59,8.57,2.8136,64351.65,2006040.858,0.5308,1.5,32.782,10.496,37968814.6945
300760.SZ,2024-05-07,315.1,316.1,310.1,311.6,313.16,-1.56,-0.4981,34830.59,1089777.322,0.2873,0.69,32.6187,10.4438,37779673.837
300760.SZ,2024-05-08,310.0,310.0,303.11,304.79,311.6,-6.81,-2.1855,46639.0,1424896.114,0.3847,0.88,31.9058,10.2155,36954001.2477
300760.SZ,2024-05-09,302.74,305.4,300.63,303.63,304.79,-1.16,-0.3806,37853.81,1145353.158,0.3122,0.67,31.7844,10.1766,36813358.046
300760.SZ,2024-05-10,303.8,308.1,303.1,304.72,303.63,1.09,0.359,27359.09,834744.938,0.2257,0.59,31.8985,10.2132,36945514.158
300760.SZ,2024-05-13,303.1,309.1,300.16,306.93,304.72,2.21,0.7253,35461.87,1081785.463,0.2925,0.84,32.1298,10.2872,37213463.706
300760.SZ,2024-05-14,305.03,310.85,305.03,310.2,306.93,3.27,1.0654,35594.23,1100602.674,0.2936,0.98,32.4721,10.3968,37609932.0419
300760.SZ,2024-05-15,309.49,313.6,308.12,311.05,310.2,0.85,0.274,26012.2,811477.395,0.2145,0.71,32.5611,10.4253,37712989.5604
300760.SZ,2024-05-16,311.12,314.1,308.2,312.76,311.05,1.71,0.5498,32442.58,1013547.652,0.2676,1.0,32.7401,10.4826,37920317.0387
300760.SZ,2024-05-17,312.52,314.49,306.2,309.0,312.76,-3.76,-1.2022,37551.06,1159115.156,0.3097,1.2,32.3465,10.3566,37464439.0746
300760.SZ,2024-05-20,309.2,311.47,305.01,307.5,309.0,-1.5,-0.4854,38593.07,1186204.785,0.3183,1.16,32.1895,10.3063,37282572.8655
300760.SZ,2024-05-21,307.49,308.5,303.73,305.48,307.5,-2.02,-0.6569,27439.12,838645.336,0.2263,0.81,31.978,10.2386,37037659.7039
300760.SZ,2024-05-22,304.67,306.1,301.6,305.0,305.48,-0.48,-0.1571,30704.82,934606.95,0.2532,0.95,31.9278,10.2226,36979462.517
300760.SZ,2024-05-23,304.58,310.53,304.58,310.0,305.0,5.0,1.6393,39905.65,1232485.996,0.3291,1.2,32.4512,10.3901,37585683.214
300760.SZ,2024-05-24,309.0,309.5,302.1,302.1,310.0,-7.9,-2.5484,29106.62,886675.709,0.2401,0.84,31.6242,10.1254,36627854.5127
300760.SZ,2024-05-27,302.1,304.5,299.63,301.19,302.1,-0.91,-0.3012,27864.0,839863.417,0.2298,0.84,31.5289,10.0949,36517522.3459
300760.SZ,2024-05-28,300.45,300.81,296.12,298.39,299.69,-1.3,-0.4338,28852.04,859981.212,0.238,0.93,31.2358,10.5304,36178038.7556
300760.SZ,2024-05-29,297.22,302.4,297.22,299.34,298.39,0.95,0.3184,23492.67,704486.153,0.1938,0.75,31.3353,10.564,36293220.688
300760.SZ,2024-05-30,299.0,301.0,296.6,298.43,299.34,-0.91,-0.304,17456.37,521202.031,0.144,0.58,31.24,10.5318,36182888.5211
300760.SZ,2024-05-31,300.6,301.33,290.14,290.14,298.43,-8.29,-2.7779,35000.48,1036012.942,0.2887,1.38,30.3722,10.2393,35177774.6055
300760.SZ,2024-06-03,293.85,299.8,293.04,296.6,290.14,6.46,2.2265,35447.2,1050354.016,0.2924,1.34,31.0484,10.4673,35961011.746
300760.SZ,2024-06-04,294.7,300.6,294.5,298.5,296.6,1.9,0.6406,22316.6,667331.728,0.1841,0.8,31.2473,10.5343,36191375.6109
300760.SZ,2024-06-05,298.75,306.6,298.75,304.27,298.5,5.77,1.933,35969.43,1096132.787,0.2967,1.35,31.8514,10.7379,36890954.2952
300760.SZ,2024-06-06,306.6,306.6,299.1,304.68,304.27,0.41,0.1347,33820.02,1028381.412,0.2789,1.16,31.8943,10.7524,36940664.3924
300760.SZ,2024-06-07,304.68,305.88,299.2,299.77,304.68,-4.91,-1.6115,38632.02,1164451.082,0.3186,1.19,31.3803,10.5791,36345355.6679
300760.SZ,2024-06-11,299.77,303.6,298.63,302.47,299.77,2.7,0.9007,28577.4,860408.975,0.2357,0.86,31.6629,10.6744,36672714.8443
300760.SZ,2024-06-12,302.41,302.55,296.18,296.21,302.47,-6.26,-2.0696,34582.76,1028818.64,0.2852,1.09,31.0076,10.4535,35913726.5317
300760.SZ,2024-06-13,299.58,299.58,294.67,296.16,296.21,-0.05,-0.0169,38937.37,1155124.744,0.3211,1.13,31.0024,10.4517,35907664.3247
300760.SZ,2024-06-14,296.61,299.1,288.71,299.1,296.16,2.94,0.9927,79760.39,2339100.531,0.6578,2.28,31.3101,10.5555,36264122.0945
300760.SZ,2024-06-17,295.2,297.97,293.78,295.98,299.1,-3.12,-1.0431,28822.19,851973.202,0.2377,0.65,30.9835,10.4454,35885840.3796
300760.SZ,2024-06-18,295.03,296.0,291.4,292.92,295.98,-3.06,-1.0339,21460.73,628089.267,0.177,0.51,30.6632,10.3374,35514833.313
300760.SZ,2024-06-19,293.5,294.5,291.2,293.32,292.92,0.4,0.1366,20654.69,606037.347,0.1704,0.51,30.7051,10.3515,35563330.9688
300760.SZ,2024-06-20,292.2,296.1,292.0,294.82,293.32,1.5,0.5114,24394.04,718577.765,0.2012,0.64,30.8621,10.4044,35745197.1779
300760.SZ,2024-06-21,294.11,296.14,288.38,290.98,294.82,-3.84,-1.3025,36614.01,1064961.801,0.302,1.05,30.4601,10.2689,35279619.6826
300760.SZ,2024-06-24,290.0,297.6,288.68,295.34,290.98,4.36,1.4984,37358.6,1102196.125,0.3081,1.42,30.9165,10.4228,35808244.1304
300760.SZ,2024-06-25,293.9,295.34,285.67,293.2,295.34,-2.14,-0.7246,40052.84,1169692.811,0.3303,1.43,30.6925,10.3473,35548781.6721
300760.SZ,2024-06-26,291.88,295.6,291.8,295.0,293.2,1.8,0.6139,24605.79,724024.129,0.2029,0.77,30.881,10.4108,35767021.123
300760.SZ,2024-06-27,292.38,295.36,291.01,294.5,295.0,-0.5,-0.1695,26295.36,771575.278,0.2169,0.81,30.8286,10.3931,35706399.0533
300760.SZ,2024-06-28,291.6,295.2,290.1,290.91,294.5,-3.59,-1.219,31085.8,909208.963,0.2564,0.94,30.4528,10.2664,35271132.5929
300760.SZ,2024-07-01,291.15,292.32,282.1,285.03,290.91,-5.88,-2.0212,24030.19,687085.506,0.1982,0.75,29.8373,10.0589,34558217.0532
300760.SZ,2024-07-02,284.6,288.75,283.1,285.2,285.03,0.17,0.0596,27814.16,794306.761,0.2294,0.95,29.8551,10.0649,34578828.5569
300760.SZ,2024-07-03,283.43,285.21,278.88,280.6,285.2,-4.6,-1.6129,21558.62,606658.948,0.1778,0.81,29.3735,9.9026,34021105.5156
300760.SZ,2024-07-04,282.0,285.1,281.05,284.0,280.6,3.4,1.2117,21100.66,597992.879,0.174,0.81,29.7295,10.0226,34433335.5896
300760.SZ,2024-07-05,283.12,286.49,280.83,285.93,284.0,1.93,0.6796,26379.63,747879.747,0.2176,1.05,29.9315,10.0907,34667336.7786
300760.SZ,2024-07-08,285.98,287.44,279.29,280.3,285.93,-5.63,-1.969,24392.51,687669.916,0.2012,1.01,29.3421,9.892,33984732.2738
300760.SZ,2024-07-09,280.3,282.49,276.2,281.11,280.3,0.81,0.289,27912.49,779986.381,0.2302,1.15,29.4269,9.9206,34082940.0267
300760.SZ,2024-07-10,280.8,283.53,277.6,278.9,281.11,-2.21,-0.7862,21879.03,612393.213,0.1805,0.9,29.1956,9.8426,33814990.4787
300760.SZ,2024-07-11,279.91,282.5,274.8,282.11,278.9,3.21,1.151,31789.7,891197.756,0.2622,1.31,29.5316,9.9559,34204184.1661
300760.SZ,2024-07-12,284.04,284.28,274.0,281.0,282.11,-1.11,-0.3935,34303.54,959835.711,0.2829,1.3,29.4154,9.9167,34069603.1714
300760.SZ,2024-07-15,279.5,282.0,276.6,277.5,281.0,-3.5,-1.2456,22179.78,617522.532,0.1829,0.79,29.049,9.7932,33645248.6835
300760.SZ,2024-07-16,276.22,277.77,271.68,271.8,277.5,-5.7,-2.0541,40338.88,1101967.723,0.3327,1.46,28.4524,9.592,32954157.0889
300760.SZ,2024-07-17,271.5,282.0,269.3,281.0,271.8,9.2,3.3848,46757.36,1296115.196,0.3856,1.55,29.4154,9.9167,34069603.1714
300760.SZ,2024-07-18,280.9,287.66,279.75,286.04,281.0,5.04,1.7936,39999.47,1141602.386,0.3299,1.14,29.943,10.0946,34680673.634
300760.SZ,2024-07-19,285.0,286.47,282.6,285.25,286.04,-0.79,-0.2762,32352.15,920022.533,0.2668,0.88,29.8603,10.0667,34584890.7639
300760.SZ,2024-07-22,285.15,287.48,282.36,284.15,285.25,-1.1,-0.3856,27410.85,781373.746,0.2261,0.75,29.7452,10.0279,34451522.2105
300760.SZ,2024-07-23,283.88,284.7,276.5,276.6,284.15,-7.55,-2.657,34218.42,954141.135,0.2822,0.92,28.9548,9.7614,33536128.958
300760.SZ,2024-07-24,275.2,276.27,269.5,270.88,276.6,-5.72,-2.068,37900.3,1030373.977,0.3126,1.05,28.356,9.5596,32842612.4807
300760.SZ,2024-07-25,270.2,271.0,266.39,269.8,270.88,-1.08,-0.3987,32540.71,873880.308,0.2684,0.95,28.243,9.5215,32711668.8101
300760.SZ,2024-07-26,270.98,271.01,266.18,267.95,269.8,-1.85,-0.6857,32915.44,881757.981,0.2715,1.0,28.0493,9.4562,32487367.1522
300760.SZ,2024-07-29,267.95,268.37,256.53,257.2,267.95,-10.75,-4.0119,56482.87,1473230.315,0.4659,1.71,26.924,9.0768,31183992.6537
300760.SZ,2024-07-30,256.51,257.37,243.23,248.14,257.2,-9.06,-3.5226,91041.48,2257142.668,0.7509,2.35,25.9756,8.7571,30085520.7507
300760.SZ,2024-07-31,247.0,260.99,247.0,257.11,248.14,8.97,3.6149,80615.3,2068064.388,0.6649,1.61,26.9146,9.0736,31173080.6811
300760.SZ,2024-08-01,258.67,258.67,253.5,255.23,257.11,-1.88,-0.7312,45838.97,1174821.19,0.3781,0.78,26.7178,9.0073,30945141.6991
300760.SZ,2024-08-02,255.0,264.95,254.49,260.35,255.23,5.12,2.006,40445.07,1057951.283,0.3336,0.66,27.2538,9.188,31565911.6928
300760.SZ,2024-08-05,260.0,265.85,259.01,260.6,260.35,0.25,0.096,47422.16,1246327.146,0.3911,0.75,27.2799,9.1968,31596222.7276
300760.SZ,2024-08-06,260.9,266.36,260.28,261.29,260.6,0.69,0.2648,30952.22,814164.341,0.2553,0.51,27.3522,9.2211,31679881.1838
300760.SZ,2024-08-07,261.31,264.6,257.53,263.1,261.29,1.81,0.6927,33001.68,868001.215,0.2722,0.67,27.5416,9.285,31899333.0761
300760.SZ,2024-08-08,262.95,266.0,260.08,264.0,263.1,0.9,0.3421,23818.22,628813.302,0.1964,0.6,27.6358,9.3168,32008452.8016
300760.SZ,2024-08-09,264.81,267.99,259.42,259.78,264.0,-4.22,-1.5985,28195.43,741260.953,0.2326,0.8,27.1941,9.1678,31496802.5333
300760.SZ,2024-08-12,259.0,263.5,257.53,262.0,259.78,2.22,0.8546,23195.65,605636.596,0.1913,0.71,27.4265,9.2462,31765964.5228
300760.SZ,2024-08-13,260.88,261.88,251.5,256.18,262.0,-5.82,-2.2214,40412.96,1030460.295,0.3333,1.45,26.8172,9.0408,31060323.6315
300760.SZ,2024-08-14,255.3,255.88,250.13,252.04,256.18,-4.14,-1.6161,30050.83,757674.781,0.2479,1.01,26.3839,8.8947,30558372.8944
300760.SZ,2024-08-15,251.39,255.7,251.01,252.96,252.04,0.92,0.365,26553.23,672767.303,0.219,0.91,26.4802,8.9272,30669917.5026
300760.SZ,2024-08-16,252.01,254.56,249.8,253.97,252.96,1.01,0.3993,32234.79,812122.157,0.2659,1.09,26.5859,8.9628,30792374.0834
300760.SZ,2024-08-19,253.8,259.88,253.0,255.6,253.97,1.63,0.6418,25533.48,653220.139,0.2106,0.84,26.7565,9.0203,30990002.0306
300760.SZ,2024-08-20,255.0,257.0,250.21,251.0,255.6,-4.6,-1.7997,29037.7,729806.998,0.2395,0.94,26.275,8.858,30432278.9894
300760.SZ,2024-08-21,251.0,252.52,248.68,249.72,251.0,-1.28,-0.51,30492.2,762384.193,0.2515,1.06,26.141,8.8128,30277086.491
300760.SZ,2024-08-22,249.5,250.94,247.6,249.0,249.72,-0.72,-0.2883,31604.56,786853.246,0.2607,1.1,26.0656,8.7874,30189790.7106
300760.SZ,2024-08-23,247.02,248.9,244.0,245.67,249.0,-3.33,-1.3373,45906.69,1127126.454,0.3786,1.54,25.717,8.6699,29786047.7264
300760.SZ,2024-08-26,245.54,245.63,231.51,233.96,245.67,-11.71,-4.7666,74266.5,1759905.672,0.6125,2.28,24.4912,8.2566,28366278.854
300760.SZ,2024-08-27,233.01,236.5,232.07,235.66,233.96,1.7,0.7266,30816.87,724146.13,0.2542,0.73,24.6692,8.3166,28572393.891
300760.SZ,2024-08-28,235.5,236.55,225.12,226.52,235.66,-9.14,-3.8785,70728.91,1612822.129,0.5834,1.66,23.7124,7.9941,27464222.4569
300760.SZ,2024-08-29,226.9,230.3,224.71,228.2,226.52,1.68,0.7417,54040.19,1230038.572,0.4457,1.07,23.8883,8.0534,27667912.6111
300760.SZ,2024-08-30,240.0,254.95,238.54,250.8,228.2,22.6,9.9036,117716.92,2923371.113,0.9709,2.13,26.254,7.8275,30408030.1615
300760.SZ,2024-09-02,249.51,250.0,243.01,246.48,250.8,-4.32,-1.7225,57584.14,1416587.877,0.4749,0.83,25.8018,7.6927,29884255.4793
300760.SZ,2024-09-03,244.21,251.42,243.01,247.49,246.48,1.01,0.4098,39964.8,989424.12,0.3296,0.6,25.9076,7.7242,30006712.0601
300760.SZ,2024-09-04,247.84,252.95,245.82,247.82,247.49,0.33,0.1333,37170.08,926268.432,0.3066,0.55,25.9421,7.7345,30046722.6261
300760.SZ,2024-09-05,248.38,252.29,246.24,249.88,247.82,2.06,0.8312,38459.48,962346.188,0.3172,0.63,26.1577,7.7988,30296485.5533
300760.SZ,2024-09-06,249.13,251.0,241.71,242.1,249.88,-7.78,-3.1135,31909.43,781733.403,0.2632,0.55,25.3433,7.556,29353206.1487
300760.SZ,2024-09-09,237.5,243.26,237.38,240.51,238.04,2.47,1.0376,46460.28,1117937.672,0.3832,1.13,25.1769,8.5955,29160427.9671
300760.SZ,2024-09-10,239.99,245.5,239.15,241.0,240.51,0.49,0.2037,40035.58,970403.237,0.3302,1.03,25.2282,8.613,29219837.5954
300760.SZ,2024-09-11,239.99,242.5,237.71,240.03,241.0,-0.97,-0.4025,26644.72,639961.27,0.2198,0.69,25.1266,8.5784,29102230.7802
300760.SZ,2024-09-12,240.03,241.0,231.61,232.13,240.03,-7.9,-3.2913,51291.4,1198811.06,0.423,1.4,24.2996,8.296,28144402.0789
300760.SZ,2024-09-13,233.01,234.49,231.0,231.67,232.13,-0.46,-0.1982,31107.63,722726.879,0.2566,0.79,24.2515,8.2796,28088629.7748
300760.SZ,2024-09-18,231.79,234.23,228.05,228.07,231.67,-3.6,-1.5539,31860.39,733691.443,0.2628,0.81,23.8746,8.1509,27652150.873
300760.SZ,2024-09-19,231.0,231.5,224.38,230.63,228.07,2.56,1.1225,67421.9,1537741.908,0.5561,1.86,24.1426,8.2424,27962535.8698
300760.SZ,2024-09-20,232.6,232.6,225.38,227.88,230.63,-2.75,-1.1924,60007.21,1368410.477,0.4949,1.44,23.8548,8.1442,27629114.4865
300760.SZ,2024-09-23,227.96,229.44,221.66,222.34,227.88,-5.54,-2.4311,51306.92,1151450.55,0.4232,1.06,23.2748,7.9462,26957421.9542
300760.SZ,2024-09-24,226.78,240.5,225.64,233.03,222.34,10.69,4.808,133294.34,3103141.112,1.0994,2.76,24.3939,8.3282,28253521.8044
300760.SZ,2024-09-25,238.0,241.9,234.2,235.85,233.03,2.82,1.2101,142040.23,3384130.821,1.1715,2.07,24.6891,8.429,28595430.2775
300760.SZ,2024-09-26,235.1,239.0,222.01,238.36,235.85,2.51,1.0642,164797.68,3783673.396,1.3592,1.81,24.9518,8.5187,28899753.0674
300760.SZ,2024-09-27,246.0,272.38,246.0,265.03,238.36,26.67,11.189,225779.3,5868790.281,1.8622,2.05,27.7437,9.4719,32133334.2652
300760.SZ,2024-09-30,281.0,300.88,269.14,293.0,265.03,27.97,10.5535,234796.73,6736347.853,1.9366,1.64,30.6716,10.4715,35524532.8442
300760.SZ,2024-10-08,351.6,351.6,308.5,324.5,293.0,31.5,10.7509,299444.52,9869920.955,2.4698,1.66,33.9691,11.5972,39343723.2353
300760.SZ,2024-10-09,320.0,328.99,296.68,296.68,324.5,-27.82,-8.5732,184483.32,5752189.392,1.5216,0.86,31.0568,10.603,35970711.2772
300760.SZ,2024-10-10,301.71,311.71,294.01,298.02,296.68,1.34,0.4517,141130.88,4270585.149,1.164,0.64,31.1971,10.6509,36133178.424
300760.SZ,2024-10-11,297.0,297.0,281.0,284.44,298.02,-13.58,-4.5567,90606.75,2595943.482,0.7473,0.42,29.7755,10.1655,34486683.0109
300760.SZ,2024-10-14,289.26,290.41,277.77,284.9,284.44,0.46,0.1617,101724.3,2881918.465,0.839,0.54,29.8237,10.182,34542455.3151
300760.SZ,2024-10-15,284.89,284.89,270.52,270.9,284.9,-14.0,-4.914,95714.65,2649235.67,0.7894,0.59,28.3581,9.6816,32845037.3635
300760.SZ,2024-10-16,266.27,269.86,261.01,262.0,270.9,-8.9,-3.2853,85447.74,2253755.498,0.7048,0.7,27.4265,9.3636,31765964.5228
300760.SZ,2024-10-17,264.0,264.5,257.0,257.0,262.0,-5.0,-1.9084,83731.71,2173704.617,0.6906,0.81,26.9031,9.1849,31159743.8258
300760.SZ,2024-10-18,256.0,280.0,250.01,269.2,257.0,12.2,4.7471,173220.2,4544324.827,1.4287,1.89,28.1802,9.6209,32638922.3265
300760.SZ,2024-10-21,266.0,274.47,262.5,268.1,269.2,-1.1,-0.4086,115442.83,3090836.277,0.9522,1.07,28.065,9.5816,32505553.7731
300760.SZ,2024-10-22,267.0,274.31,266.3,271.95,268.1,3.85,1.436,83018.21,2253774.835,0.6847,0.75,28.4681,9.7192,32972343.7098
300760.SZ,2024-10-23,272.1,276.5,268.15,273.15,271.95,1.2,0.4413,76847.15,2093453.235,0.6338,0.71,28.5937,9.7621,33117836.6771
300760.SZ,2024-10-24,271.0,278.3,270.85,274.5,273.15,1.35,0.4942,74600.49,2050860.476,0.6153,0.7,28.735,9.8103,33281516.2653
300760.SZ,2024-10-25,274.0,284.5,271.0,279.91,274.5,5.41,1.9709,91217.88,2532570.94,0.7523,0.87,29.3013,10.0036,33937447.0595
300760.SZ,2024-10-28,278.94,279.88,272.79,278.27,279.91,-1.64,-0.5859,80332.23,2224963.322,0.6626,0.91,29.1296,9.945,33738606.6708
300760.SZ,2024-10-29,277.45,279.95,269.97,271.24,278.27,-7.03,-2.5263,83834.65,2291595.962,0.6915,1.03,28.3937,9.6938,32886260.3709
300760.SZ,2024-10-30,260.18,277.47,260.1,270.5,271.24,-0.74,-0.2728,114096.69,3097327.575,0.941,1.4,28.3163,8.8415,32796539.7077
300760.SZ,2024-10-31,269.99,270.64,265.21,266.6,270.5,-3.9,-1.4418,77751.31,2078041.24,0.6413,0.88,27.908,8.714,32323687.564
300760.SZ,2024-11-01,269.28,269.96,265.76,266.25,266.6,-0.35,-0.1313,50461.73,1351710.789,0.4162,0.56,27.8714,8.7026,32281252.1153
300760.SZ,2024-11-04,266.01,272.81,266.01,271.08,266.25,4.83,1.8141,50770.68,1368564.773,0.4187,0.62,28.377,8.8604,32866861.3086
300760.SZ,2024-11-05,269.8,281.0,267.67,278.91,271.08,7.83,2.8884,96916.63,2686736.698,0.7994,1.29,29.1966,9.1164,33816202.9201
300760.SZ,2024-11-06,278.92,282.0,273.31,274.6,278.91,-4.31,-1.5453,79353.23,2200943.612,0.6545,1.02,28.7455,8.9755,33293640.6792
300760.SZ,2024-11-07,272.0,281.5,270.5,281.19,272.95,8.24,3.0189,84989.75,2362043.193,0.701,1.2,29.4353,9.7148,34092639.5579
300760.SZ,2024-11-08,285.55,292.0,283.2,284.21,281.19,3.02,1.074,92335.04,2652080.384,0.7616,1.27,29.7514,9.8192,34458796.8589
300760.SZ,2024-11-11,280.66,285.85,278.67,282.49,284.21,-1.72,-0.6052,81858.64,2299355.674,0.6752,1.01,29.5714,9.7598,34250256.9391
300760.SZ,2024-11-12,281.22,296.0,279.7,287.12,282.49,4.63,1.639,116871.89,3390264.381,0.9639,1.34,30.0561,9.9197,34811617.3045
300760.SZ,2024-11-13,285.23,294.85,285.12,286.69,287.12,-0.43,-0.1498,88514.45,2561807.639,0.7301,0.97,30.0111,9.9049,34759482.3246
300760.SZ,2024-11-14,284.34,285.85,276.44,276.6,286.69,-10.09,-3.5195,64775.47,1818880.4,0.5343,0.7,28.9548,9.5563,33536128.958
300760.SZ,2024-11-15,276.35,278.45,270.67,270.68,276.6,-5.92,-2.1403,60786.19,1661495.32,0.5014,0.68,28.3351,9.3517,32818363.6528
300760.SZ,2024-11-18,270.8,273.48,265.53,267.63,270.68,-3.05,-1.1268,75144.56,2025800.354,0.6198,0.91,28.0158,9.2464,32448569.0276
300760.SZ,2024-11-19,267.51,270.2,264.39,269.87,267.63,2.24,0.837,53779.68,1436971.284,0.4436,0.66,28.2503,9.3237,32720155.8999
300760.SZ,2024-11-20,269.0,278.8,266.6,275.0,269.87,5.13,1.9009,65720.35,1792977.076,0.5421,0.96,28.7873,9.501,33342138.335
300760.SZ,2024-11-21,274.03,275.61,270.57,272.01,275.0,-2.99,-1.0873,31823.09,867622.565,0.2625,0.5,28.4743,9.3977,32979618.3582
300760.SZ,2024-11-22,271.64,272.2,263.31,263.31,272.01,-8.7,-3.1984,52041.13,1391604.758,0.4292,0.91,27.5636,9.0971,31924794.3454
300760.SZ,2024-11-25,265.93,267.4,261.36,261.36,263.31,-1.95,-0.7406,52534.85,1384526.557,0.4333,0.94,27.3595,9.0297,31688368.2736
300760.SZ,2024-11-26,261.36,269.88,261.36,266.58,261.36,5.22,1.9972,52287.6,1396898.503,0.4313,1.02,27.9059,9.2101,32321262.6813
300760.SZ,2024-11-27,263.91,270.0,262.6,269.06,266.58,2.48,0.9303,44595.92,1190880.998,0.3678,0.88,28.1655,9.2958,32621948.147
300760.SZ,2024-11-28,267.1,268.12,258.3,260.01,269.06,-9.05,-3.3636,80356.17,2101162.248,0.6628,1.72,27.2182,8.9831,31524688.6854
300760.SZ,2024-11-29,260.0,264.77,259.01,260.49,260.01,0.48,0.1846,61540.3,1607900.065,0.5076,1.09,27.2684,8.9997,31582885.8723
300760.SZ,2024-12-02,262.27,267.4,261.0,263.21,260.49,2.72,1.0442,61491.44,1624711.931,0.5072,1.06,27.5531,9.0936,31912669.9315
300760.SZ,2024-12-03,263.22,264.91,259.55,260.71,263.21,-2.5,-0.9498,52053.87,1359623.084,0.4293,0.87,27.2914,9.0073,31609559.583
300760.SZ,2024-12-04,260.29,260.6,257.29,259.56,260.71,-1.15,-0.4411,36295.56,940863.144,0.2994,0.6,27.1711,8.9675,31470128.8227
300760.SZ,2024-12-05,257.69,259.6,253.06,255.0,259.56,-4.56,-1.7568,51074.58,1304565.911,0.4213,0.88,26.6937,8.81,30917255.547
300760.SZ,2024-12-06,256.08,263.96,256.08,262.81,255.0,7.81,3.0627,69871.74,1827303.48,0.5763,1.33,27.5113,9.0798,31864172.2757
300760.SZ,2024-12-09,262.81,263.52,258.18,259.85,262.81,-2.96,-1.1263,44533.86,1159163.175,0.3673,0.82,27.2014,8.9776,31505289.6231
300760.SZ,2024-12-10,270.0,270.71,262.1,262.98,259.85,3.13,1.2045,88252.07,2346957.204,0.7279,1.74,27.5291,9.0857,31884783.7794
300760.SZ,2024-12-11,262.36,262.99,258.08,262.3,262.98,-0.68,-0.2586,54353.68,1417416.481,0.4483,0.94,27.4579,9.0622,31802337.7646
300760.SZ,2024-12-12,260.52,270.0,260.39,269.28,262.3,6.98,2.6611,78199.52,2087347.078,0.645,1.27,28.1886,9.3034,32648621.8576
300760.SZ,2024-12-13,268.0,269.98,259.17,259.17,269.28,-10.11,-3.7545,80590.41,2133544.665,0.6647,1.2,27.1302,8.9541,31422843.6083
300760.SZ,2024-12-16,260.2,261.0,252.19,253.7,259.17,-5.47,-2.1106,72487.61,1846670.577,0.5979,1.05,26.5576,8.7651,30759638.1658
300760.SZ,2024-12-17,253.66,255.29,252.6,253.0,253.7,-0.7,-0.2759,43272.88,1097944.764,0.3569,0.58,26.4843,8.7409,30674767.2682
300760.SZ,2024-12-18,253.81,254.25,252.11,252.12,253.0,-0.88,-0.3478,38113.18,963267.446,0.3144,0.58,26.3922,8.7105,30568072.4255
300760.SZ,2024-12-19,251.5,254.25,249.5,252.5,252.12,0.38,0.1507,43627.52,1100670.8,0.3598,0.7,26.432,8.7236,30614145.1985
300760.SZ,2024-12-20,252.37,254.85,250.26,250.26,252.5,-2.24,-0.8871,39478.53,999387.151,0.3256,0.71,26.1975,8.6462,30342558.3262
300760.SZ,2024-12-23,251.0,256.0,250.66,253.81,250.26,3.55,1.4185,38665.36,981550.343,0.3189,0.82,26.5691,8.7689,30772975.0211
300760.SZ,2024-12-24,253.18,256.5,253.1,254.97,253.81,1.16,0.457,32450.75,827339.094,0.2676,0.8,26.6906,8.809,30913618.2228
300760.SZ,2024-12-25,256.91,259.77,255.0,256.55,254.97,1.58,0.6197,44783.78,1152833.241,0.3694,1.16,26.856,8.8635,31105183.9631
300760.SZ,2024-12-26,255.69,256.5,253.72,254.27,256.55,-2.28,-0.8887,26920.95,686091.393,0.222,0.68,26.6173,8.7848,30828747.3252
300760.SZ,2024-12-27,253.55,260.2,252.16,258.23,254.27,3.96,1.5574,51515.73,1323462.218,0.4249,1.41,27.0318,8.9216,31308874.1173
300760.SZ,2024-12-30,256.51,264.0,256.51,258.79,258.23,0.56,0.2169,41951.45,1093744.665,0.346,1.08,27.0904,8.9409,31376770.8353
300760.SZ,2024-12-31,257.5,260.53,255.0,255.0,258.79,-3.79,-1.4645,51217.02,1320021.16,0.4224,1.3,26.6937,8.81,30917255.547
300760.SZ,2025-01-02,255.41,256.56,246.26,247.85,255.0,-7.15,-2.8039,62092.62,1549132.33,0.5121,1.43,25.9452,8.563,30050359.9503
300760.SZ,2025-01-03,247.86,249.13,243.07,243.66,247.85,-4.19,-1.6905,47433.98,1167652.15,0.3912,1.01,25.5066,8.4182,29542347.0062
300760.SZ,2025-01-06,246.0,249.84,244.6,245.5,243.66,1.84,0.7552,38839.75,957320.821,0.3203,0.76,25.6992,8.4818,29765436.2227
300760.SZ,2025-01-07,246.33,246.73,239.51,241.3,245.5,-4.2,-1.7108,48854.08,1180095.474,0.4029,1.01,25.2596,8.3367,29256210.8372
300760.SZ,2025-01-08,241.19,241.82,237.2,239.28,241.3,-2.02,-0.8371,53434.19,1278735.513,0.4407,1.08,25.0481,8.2669,29011297.6756
300760.SZ,2025-01-09,238.32,240.3,236.16,236.28,239.28,-3.0,-1.2538,45447.67,1077240.419,0.3748,0.91,24.7341,8.1632,28647565.2574
300760.SZ,2025-01-10,236.31,237.1,231.0,231.0,236.28,-5.28,-2.2346,61349.44,1429155.213,0.506,1.31,24.1814,7.9808,28007396.2014
300760.SZ,2025-01-13,230.0,232.3,229.97,231.45,231.0,0.45,0.1948,35138.63,811311.261,0.2898,0.71,24.2285,7.9964,28061956.0641
300760.SZ,2025-01-14,230.95,237.21,230.18,236.0,231.45,4.55,1.9659,57125.59,1341057.937,0.4712,1.17,24.7048,8.1536,28613616.8984
300760.SZ,2025-01-15,235.0,236.06,232.66,235.0,236.0,-1.0,-0.4237,38477.21,901960.204,0.3174,0.76,24.6001,8.119,28492372.759
300760.SZ,2025-01-16,236.18,238.78,234.24,234.54,235.0,-0.46,-0.1957,32032.38,757055.876,0.2642,0.67,24.5519,8.1031,28436600.4549
300760.SZ,2025-01-17,234.12,236.48,232.85,233.85,234.54,-0.69,-0.2942,40073.13,938568.031,0.3305,0.89,24.4797,8.0793,28352941.9987
300760.SZ,2025-01-20,234.78,237.33,234.0,236.4,233.85,2.55,1.0904,45793.18,1079408.679,0.3777,1.13,24.7466,8.1674,28662114.5542
300760.SZ,2025-01-21,237.0,237.57,232.62,235.38,236.4,-1.02,-0.4315,31864.14,748336.814,0.2628,0.75,24.6399,8.1321,28538445.532
300760.SZ,2025-01-22,234.77,234.94,228.6,229.37,235.38,-6.01,-2.5533,53852.32,1240071.46,0.4442,1.43,24.0107,7.9245,27809768.2542
300760.SZ,2025-01-23,231.46,235.95,231.0,233.33,229.37,3.96,1.7265,53254.94,1245232.509,0.4392,1.31,24.4253,8.0613,28289895.0462
300760.SZ,2025-01-24,232.32,237.48,231.62,234.04,233.33,0.71,0.3043,44736.33,1050665.995,0.369,0.99,24.4996,8.0859,28375978.3852
300760.SZ,2025-01-27,235.03,235.8,232.36,232.4,234.04,-1.64,-0.7007,34792.91,813682.639,0.287,0.76,24.3279,8.0292,28177137.9966
300760.SZ,2025-02-05,234.13,239.2,232.4,236.8,232.4,4.4,1.8933,61181.97,1445795.16,0.5046,1.4,24.7885,8.1812,28710612.2099
300760.SZ,2025-02-06,237.51,243.78,235.28,240.0,236.8,3.2,1.3514,69833.32,1670991.97,0.576,1.41,25.1235,8.2918,29098593.456
300760.SZ,2025-02-07,242.08,252.5,240.31,251.19,240.0,11.19,4.6625,108576.43,2695825.17,0.8955,2.06,26.2949,8.6784,30455315.3759
300760.SZ,2025-02-10,251.31,256.75,249.03,254.05,251.19,2.86,1.1386,73445.87,1863146.766,0.6058,1.15,26.5943,8.7772,30802073.6146
300760.SZ,2025-02-11,254.65,257.85,252.22,252.67,254.05,-1.38,-0.5432,59784.28,1523071.464,0.4931,0.86,26.4498,8.7295,30634756.7022
300760.SZ,2025-02-12,250.5,253.65,250.1,252.33,252.67,-0.34,-0.1346,38966.73,980997.357,0.3214,0.52,26.4142,8.7178,30593533.6948
300760.SZ,2025-02-13,252.4,252.98,248.66,251.0,252.33,-1.33,-0.5271,35528.72,891977.237,0.293,0.51,26.275,8.6718,30432278.9894
300760.SZ,2025-02-14,250.5,262.96,250.18,261.8,251.0,10.8,4.3028,85728.0,2216846.1,0.7071,1.36,27.4055,9.0449,31741715.6949
300760.SZ,2025-02-17,266.8,267.1,258.37,258.84,261.8,-2.96,-1.1306,75336.66,1975765.935,0.6214,1.28,27.0957,8.9427,31382833.0423
300760.SZ,2025-02-18,258.58,261.8,255.05,256.4,258.84,-2.44,-0.9427,54316.21,1402938.688,0.448,0.92,26.8403,8.8584,31086997.3422
300760.SZ,2025-02-19,255.8,257.2,253.5,256.0,256.4,-0.4,-0.156,45998.21,1175727.661,0.3794,0.79,26.7984,8.8445,31038499.6864
300760.SZ,2025-02-20,255.78,260.8,255.21,256.66,256.0,0.66,0.2578,45158.35,1163846.17,0.3725,0.76,26.8675,8.8674,31118520.8184
300760.SZ,2025-02-21,256.66,263.8,255.36,257.82,256.66,1.16,0.452,68087.12,1762338.48,0.5616,1.11,26.9889,8.9074,31259164.0201
300760.SZ,2025-02-24,260.0,262.84,254.61,260.37,257.82,2.55,0.9891,64201.78,1669179.799,0.5295,1.11,27.2558,8.9955,31568336.5756
300760.SZ,2025-02-25,257.0,260.76,254.5,254.5,260.37,-5.87,-2.2545,51005.21,1308833.591,0.4207,0.92,26.6414,8.7927,30856633.4773
300760.SZ,2025-02-26,254.13,255.93,252.78,255.28,254.5,0.78,0.3065,37777.53,961247.837,0.3116,0.69,26.723,8.8197,30951203.906
300760.SZ,2025-02-27,254.0,257.12,252.08,255.79,255.28,0.51,0.1998,45083.22,1148973.117,0.3718,0.85,26.7764,8.8373,31013038.4171
300760.SZ,2025-02-28,254.98,261.8,252.4,252.91,255.79,-2.88,-1.1259,61871.7,1587994.066,0.5103,1.16,26.4749,8.7378,30663855.2957
300760.SZ,2025-03-03,251.61,252.6,248.14,249.91,252.91,-3.0,-1.1862,71729.55,1791770.044,0.5916,1.38,26.1609,8.6341,30300122.8775
300760.SZ,2025-03-04,248.8,248.8,241.35,246.0,249.91,-3.91,-1.5646,61559.05,1504333.117,0.5077,1.15,25.7516,8.4991,29826058.2924
300760.SZ,2025-03-05,246.0,246.85,242.85,243.25,246.0,-2.75,-1.1179,40951.3,998913.804,0.3378,0.74,25.4637,8.404,29492636.9091
300760.SZ,2025-03-06,244.9,248.64,243.5,247.34,243.25,4.09,1.6814,57014.58,1405708.176,0.4702,1.01,25.8918,8.5454,29988525.4392
300760.SZ,2025-03-07,248.2,248.34,243.65,244.08,247.34,-3.26,-1.318,49650.63,1217338.146,0.4095,0.85,25.5506,8.4327,29593269.5448
300760.SZ,2025-03-10,245.5,247.78,243.62,245.8,244.08,1.72,0.7047,54283.01,1330245.418,0.4477,0.97,25.7306,8.4921,29801809.4645
300760.SZ,2025-03-11,244.0,245.53,243.35,245.1,245.8,-0.7,-0.2848,51328.1,1253811.685,0.4233,0.97,25.6574,8.468,29716938.5669
300760.SZ,2025-03-12,246.38,246.46,243.65,244.21,245.1,-0.89,-0.3631,41980.2,1026923.019,0.3462,0.83,25.5642,8.4372,29609031.2829
300760.SZ,2025-03-13,245.2,246.3,243.72,244.55,244.21,0.34,0.1392,44479.3,1088770.923,0.3669,0.87,25.5998,8.449,29650254.2903
300760.SZ,2025-03-14,244.99,252.25,243.51,250.42,244.55,5.87,2.4003,89595.83,2239411.518,0.739,1.85,26.2143,8.6518,30361957.3885
300760.SZ,2025-03-17,252.0,253.35,249.1,250.15,250.42,-0.27,-0.1078,52792.71,1325303.978,0.4354,0.94,26.186,8.6424,30329221.4709
300760.SZ,2025-03-18,251.61,255.6,248.85,250.52,250.15,0.37,0.1479,55202.0,1395227.653,0.4553,0.99,26.2247,8.6552,30374081.8025
300760.SZ,2025-03-19,250.03,251.83,248.0,249.12,250.52,-1.4,-0.5588,36759.67,916997.29,0.3032,0.65,26.0782,8.6069,30204340.0073
300760.SZ,2025-03-20,249.0,249.54,243.88,243.98,249.12,-5.14,-2.0633,44039.95,1083557.993,0.3632,0.79,25.5401,8.4293,29581145.1308
300760.SZ,2025-03-21,243.62,245.88,240.25,240.5,243.98,-3.48,-1.4263,49600.47,1202174.321,0.4091,0.89,25.1758,8.309,29159215.5257
300760.SZ,2025-03-24,239.65,241.44,238.26,239.5,240.5,-1.0,-0.4158,41043.06,983260.708,0.3385,0.86,25.0711,8.2745,29037971.3863
300760.SZ,2025-03-25,240.01,241.31,238.29,240.33,239.5,0.83,0.3466,30066.44,721792.271,0.248,0.66,25.158,8.3032,29138604.022
300760.SZ,2025-03-26,240.46,241.25,238.4,240.1,240.33,-0.23,-0.0957,28536.9,684541.289,0.2354,0.71,25.134,8.2952,29110717.8699
300760.SZ,2025-03-27,239.3,242.64,238.74,242.38,240.1,2.28,0.9496,33803.02,814780.547,0.2788,0.87,25.3726,8.374,29387154.5078
300760.SZ,2025-03-28,241.78,242.6,238.08,238.08,242.38,-4.3,-1.7741,43008.83,1031221.439,0.3547,1.17,24.9225,8.2254,28865804.7084
300760.SZ,2025-03-31,238.08,239.78,234.0,234.0,238.08,-4.08,-1.7137,61867.26,1460519.562,0.5103,1.75,24.4954,8.0845,28371128.6196
300760.SZ,2025-04-01,234.99,239.8,232.25,236.66,234.0,2.66,1.1368,82067.01,1940733.182,0.6769,2.08,24.7739,8.1764,28693638.0304
300760.SZ,2025-04-02,236.6,238.36,229.25,229.86,236.66,-6.8,-2.8733,92888.01,2161650.609,0.7661,1.86,24.062,7.9414,27869177.8825
300760.SZ,2025-04-03,228.0,230.49,225.11,225.27,229.86,-4.59,-1.9969,107044.04,2428159.01,0.8829,1.71,23.5815,7.7829,27312667.2826
300760.SZ,2025-04-07,217.06,222.0,206.8,211.59,225.27,-13.68,-6.0727,174623.38,3778398.606,1.4403,2.26,22.1495,7.3102,25654047.4556
300760.SZ,2025-04-08,213.82,214.8,209.17,214.11,211.59,2.52,1.191,111790.43,2378599.473,0.922,1.08,22.4133,7.3973,25959582.6869
300760.SZ,2025-04-09,211.53,214.98,209.6,213.76,214.11,-0.35,-0.1635,91857.88,1957556.629,0.7576,0.81,22.3767,7.3852,25917147.2381
300760.SZ,2025-04-10,216.8,219.3,214.6,215.85,213.76,2.09,0.9777,86851.82,1886480.162,0.7163,0.75,22.5954,7.4574,26170547.4895
300760.SZ,2025-04-11,215.04,216.67,212.51,214.9,215.85,-0.95,-0.4401,61343.77,1315833.241,0.506,0.54,22.496,7.4246,26055365.5571
300760.SZ,2025-04-14,216.75,218.5,214.48,214.71,214.9,-0.19,-0.0884,64872.37,1401863.785,0.5351,0.62,22.4761,7.418,26032329.1706
300760.SZ,2025-04-15,214.73,215.22,212.73,214.15,214.71,-0.56,-0.2608,39350.05,841800.509,0.3246,0.47,22.4175,7.3987,25964432.4525
300760.SZ,2025-04-16,213.14,214.1,210.68,213.26,214.15,-0.89,-0.4156,50887.36,1077948.127,0.4197,0.74,22.3243,7.3679,25856525.1684
300760.SZ,2025-04-17,212.7,222.88,212.19,221.66,213.26,8.4,3.9389,84535.53,1853379.471,0.6972,1.39,23.2036,7.6581,26874975.9394
300760.SZ,2025-04-18,221.27,221.27,215.05,217.08,221.66,-4.58,-2.0662,48570.88,1054451.267,0.4006,0.81,22.7242,7.4999,26319677.781
300760.SZ,2025-04-21,215.05,216.79,215.05,216.02,217.08,-1.06,-0.4883,28213.04,609486.586,0.2327,0.49,22.6132,7.4633,26191158.9932
300760.SZ,2025-04-22,216.05,221.14,215.31,219.6,216.02,3.58,1.6573,78399.33,1719013.376,0.6466,1.56,22.988,7.587,26625213.0122
300760.SZ,2025-04-23,220.02,220.6,216.6,217.22,219.6,-2.38,-1.0838,48758.98,1062967.704,0.4022,0.84,22.7389,7.5047,26336651.9605
300760.SZ,2025-04-24,217.0,218.96,213.96,214.71,217.22,-2.51,-1.1555,48455.25,1047505.476,0.3997,0.84,22.4761,7.418,26032329.1706
300760.SZ,2025-04-25,214.77,219.31,214.77,217.01,214.71,2.3,1.0712,46363.34,1009368.315,0.3824,0.92,22.7169,7.4975,26311190.6912
300760.SZ,2025-04-28,216.8,217.0,214.27,214.8,217.01,-2.21,-1.0184,44018.08,947574.206,0.3631,0.88,22.4855,7.4211,26043241.1431
300760.SZ,2025-04-29,210.7,218.81,209.99,215.85,214.8,1.05,0.4888,90084.7,1935767.245,0.743,1.69,22.4284,6.7817,26170547.4895
300760.SZ,2025-04-30,215.5,221.64,214.18,219.66,215.85,3.81,1.7651,82643.95,1811710.769,0.6816,1.49,22.8243,6.9014,26632487.6606
300760.SZ,2025-05-06,222.59,222.59,217.03,220.24,219.66,0.58,0.264,63032.45,1382989.159,0.5199,1.01,22.8846,6.9196,26702809.2615
300760.SZ,2025-05-07,222.57,223.18,219.83,222.41,220.24,2.17,0.9853,66563.98,1476426.178,0.549,1.02,23.11,6.9878,26965909.044
300760.SZ,2025-05-08,221.23,226.52,221.22,225.85,222.41,3.44,1.5467,68716.3,1547399.579,0.5668,0.99,23.4675,7.0959,27382988.8835
300760.SZ,2025-05-09,225.69,226.07,223.38,224.0,225.85,-1.85,-0.8191,49108.72,1102732.354,0.405,0.66,23.2752,7.0378,27158687.2256
300760.SZ,2025-05-12,226.48,229.68,225.2,229.15,224.0,5.15,2.2991,77825.36,1772895.178,0.6419,1.18,23.8104,7.1996,27783094.5435
300760.SZ,2025-05-13,230.0,233.67,229.5,232.98,229.15,3.83,1.6714,80930.48,1884278.785,0.6675,1.24,24.2083,7.3199,28247459.5974
300760.SZ,2025-05-14,232.07,233.49,230.3,231.9,232.98,-1.08,-0.4636,51065.59,1184204.267,0.4212,0.74,24.0961,7.286,28116515.9269
300760.SZ,2025-05-15,231.15,233.2,228.24,228.58,231.9,-3.32,-1.4317,43482.61,997845.892,0.3586,0.66,23.7511,7.1817,27713985.3841
300760.SZ,2025-05-16,227.95,229.34,225.7,226.35,228.58,-2.23,-0.9756,41908.54,951131.054,0.3457,0.69,23.5194,7.1116,27443610.9532
300760.SZ,2025-05-19,227.49,228.0,225.37,226.01,226.35,-0.34,-0.1502,27046.93,611662.176,0.2231,0.46,23.4841,7.1009,27402387.9458
300760.SZ,2025-05-20,226.0,227.87,222.84,223.72,226.01,-2.29,-1.0132,51596.07,1157654.07,0.4256,1.06,23.2461,7.029,27124738.8666
300760.SZ,2025-05-21,223.7,228.38,222.67,226.67,223.72,2.95,1.3186,57818.97,1305432.528,0.4769,1.34,23.5527,7.1216,27482409.0778
300760.SZ,2025-05-22,227.38,230.5,225.42,225.6,226.67,-1.07,-0.4721,36548.2,831261.064,0.3014,0.82,23.4415,7.088,27352677.8486
300760.SZ,2025-05-23,225.37,234.96,225.37,231.9,225.6,6.3,2.7926,92372.73,2138998.142,0.7619,2.15,24.0961,7.286,28116515.9269
300760.SZ,2025-05-26,230.77,234.44,228.2,228.31,231.9,-3.59,-1.5481,43146.42,995100.516,0.3559,0.81,23.7231,7.1732,27681249.4664
300760.SZ,2025-05-27,228.29,229.54,226.18,227.28,228.31,-1.03,-0.4511,29201.04,664564.261,0.2408,0.52,23.6161,7.1408,27556368.0028
300760.SZ,2025-05-28,227.45,232.33,226.48,230.51,227.28,3.23,1.4212,36592.97,843743.284,0.3018,0.71,23.9517,7.2423,27947986.5731
300760.SZ,2025-05-29,228.22,229.77,226.41,227.71,228.54,-0.83,-0.3632,48656.51,1108955.553,0.4013,1.02,23.6607,7.2824,27608502.9828
300760.SZ,2025-05-30,227.6,229.46,225.87,225.87,227.71,-1.84,-0.808,43970.15,1000357.225,0.3627,0.88,23.4695,7.2236,27385413.7663
300760.SZ,2025-06-03,224.0,232.98,223.8,232.69,225.87,6.82,3.0194,69993.98,1615763.86,0.5773,1.74,24.1782,7.4417,28212298.797
300760.SZ,2025-06-04,232.0,232.0,228.55,228.85,232.69,-3.84,-1.6503,47693.27,1095857.264,0.3934,1.04,23.7792,7.3189,27746721.3017
300760.SZ,2025-06-05,230.0,235.75,228.3,235.3,228.85,6.45,2.8184,54737.4,1272839.302,0.4515,1.11,24.4494,7.5252,28528746.0008
300760.SZ,2025-06-06,235.9,235.9,231.62,232.5,235.3,-2.8,-1.19,40386.75,939347.676,0.3331,0.76,24.1585,7.4356,28189262.4105
300760.SZ,2025-06-09,232.97,238.0,232.2,235.75,232.5,3.25,1.3978,51060.4,1205160.378,0.4211,0.99,24.4962,7.5396,28583305.8636
300760.SZ,2025-06-10,235.75,240.85,234.0,235.75,235.75,0.0,0.0,53813.92,1281509.038,0.4439,1.02,24.4962,7.5396,28583305.8636
300760.SZ,2025-06-11,236.79,240.18,236.05,237.32,235.75,1.57,0.666,46491.44,1106728.332,0.3835,0.94,24.6593,7.5898,28773659.1624
300760.SZ,2025-06-12,237.01,238.76,233.86,236.6,237.32,-0.72,-0.3034,41308.71,976348.873,0.3407,0.84,24.5845,7.5668,28686363.382
300760.SZ,2025-06-13,236.6,242.52,235.1,237.28,236.6,0.68,0.2874,81082.48,1946999.628,0.6688,1.74,24.6551,7.5885,28768809.3968
300760.SZ,2025-06-16,237.78,239.96,234.56,236.61,237.28,-0.67,-0.2824,37868.61,896367.446,0.3123,0.69,24.5855,7.5671,28687575.8234
300760.SZ,2025-06-17,236.3,237.13,231.6,232.01,236.61,-4.6,-1.9441,45943.98,1071818.451,0.3789,0.88,24.1075,7.42,28129852.7822
300760.SZ,2025-06-18,231.41,232.6,229.3,229.3,232.01,-2.71,-1.1681,26629.96,613452.368,0.2196,0.53,23.826,7.3333,27801281.1644
300760.SZ,2025-06-19,229.06,229.96,225.3,225.95,229.3,-3.35,-1.461,33552.57,761023.855,0.2767,0.72,23.4779,7.2262,27395113.2974
300760.SZ,2025-06-20,226.0,227.83,225.02,227.26,225.95,1.31,0.5798,30498.38,691948.48,0.2515,0.68,23.614,7.2681,27553943.12
300760.SZ,2025-06-23,227.26,229.26,224.89,225.83,227.26,-1.43,-0.6292,32821.43,742988.547,0.2707,0.94,23.4654,7.2223,27380564.0007
300760.SZ,2025-06-24,226.04,228.0,224.77,224.84,225.83,-0.99,-0.4384,51914.38,1173422.096,0.4282,1.53,23.3625,7.1907,27260532.3027
300760.SZ,2025-06-25,225.45,229.58,224.01,229.05,224.84,4.21,1.8724,43052.81,976881.206,0.3551,1.23,23.8,7.3253,27770970.1296
300760.SZ,2025-06-26,228.85,231.9,227.5,227.5,229.05,-1.55,-0.6767,39150.17,897380.793,0.3229,1.02,23.6389,7.2757,27583041.7135
300760.SZ,2025-06-27,227.97,229.5,226.03,226.64,227.5,-0.86,-0.378,39135.15,890565.253,0.3228,0.99,23.5496,7.2482,27478771.7536
300760.SZ,2025-06-30,224.1,226.2,223.0,224.75,226.64,-1.89,-0.8339,55763.67,1248974.042,0.4599,1.35,23.3532,7.1878,27249620.3302
300760.SZ,2025-07-01,224.77,227.77,224.36,226.5,224.75,1.75,0.7786,37355.69,846351.563,0.3081,0.82,23.535,7.2437,27461797.5741
300760.SZ,2025-07-02,226.96,227.93,224.5,224.99,226.5,-1.51,-0.6667,29547.98,667529.588,0.2437,0.69,23.3781,7.1955,27278718.9236
300760.SZ,2025-07-03,225.21,225.99,219.88,220.2,224.99,-4.79,-2.129,76370.63,1694538.932,0.6299,1.9,22.8804,7.0423,26697959.4959
300760.SZ,2025-07-04,220.91,224.19,220.0,223.8,220.2,3.6,1.6349,60760.97,1356097.935,0.5012,1.28,23.2545,7.1574,27134438.3977
300760.SZ,2025-07-07,224.5,226.16,216.03,216.41,223.8,-7.39,-3.3021,92384.8,2019724.951,0.762,1.78,22.4866,6.9211,26238444.2076
300760.SZ,2025-07-08,216.41,218.29,214.11,217.33,216.41,0.92,0.4251,53591.81,1161448.758,0.442,0.9,22.5822,6.9505,26349988.8158
300760.SZ,2025-07-09,217.33,217.34,214.3,214.48,217.33,-2.85,-1.3114,80216.79,1728280.16,0.6616,1.28,22.286,6.8593,26004443.0185
300760.SZ,2025-07-10,214.49,219.36,214.13,218.65,214.48,4.17,1.9442,67383.94,1465203.802,0.5558,0.93,22.7193,6.9927,26510031.0798
300760.SZ,2025-07-11,219.76,222.98,218.2,221.08,218.65,2.43,1.1114,62329.2,1377133.447,0.5141,0.88,22.9718,7.0704,26804654.3386
300760.SZ,2025-07-14,221.08,221.75,216.87,217.0,221.08,-4.08,-1.8455,54553.24,1190394.281,0.45,0.77,22.5479,6.9399,26309978.2498
300760.SZ,2025-07-15,216.63,217.99,214.86,215.06,217.0,-1.94,-0.894,50039.5,1081007.202,0.4127,0.79,22.3463,6.8779,26074764.6194
300760.SZ,2025-07-16,214.86,216.29,214.0,214.65,215.06,-0.41,-0.1906,52238.67,1121613.341,0.4309,0.83,22.3037,6.8648,26025054.5222
300760.SZ,2025-07-17,214.59,217.19,214.06,217.18,214.65,2.53,1.1787,59230.01,1275720.56,0.4885,1.03,22.5666,6.9457,26331802.1949
300760.SZ,2025-07-18,217.28,225.52,217.27,225.32,217.18,8.14,3.748,113354.13,2508390.427,0.9349,2.04,23.4124,7.206,27318729.4896
300760.SZ,2025-07-21,225.5,226.98,224.09,225.79,225.32,0.47,0.2086,57396.56,1295281.348,0.4734,0.87,23.4612,7.221,27375714.2351
300760.SZ,2025-07-22,225.5,226.19,222.03,226.0,225.79,0.21,0.093,62217.7,1394868.072,0.5132,0.94,23.4831,7.2278,27401175.5044
300760.SZ,2025-07-23,226.04,232.42,226.04,228.5,226.0,2.5,1.1062,89103.58,2043278.027,0.7349,1.29,23.7428,7.3077,27704285.8529
300760.SZ,2025-07-24,228.74,236.28,226.0,232.07,228.5,3.57,1.5624,111184.18,2561826.514,0.917,1.46,24.1138,7.4219,28137127.4306
300760.SZ,2025-07-25,231.96,235.93,230.18,231.84,232.07,-0.23,-0.0991,71920.4,1673424.579,0.5932,0.83,24.0899,7.4145,28109241.2785
300760.SZ,2025-07-28,232.5,234.66,230.68,233.18,231.84,1.34,0.578,54993.6,1281505.996,0.4536,0.7,24.2291,7.4574,28271708.4253
300760.SZ,2025-07-29,232.85,234.4,228.01,231.82,233.18,-1.36,-0.5832,79262.24,1830368.252,0.6538,1.02,24.0878,7.4139,28106816.3957
300760.SZ,2025-07-30,231.8,242.0,228.7,237.96,231.82,6.14,2.6486,135509.28,3233304.462,1.1177,1.67,24.7258,7.6103,28851255.4116
300760.SZ,2025-07-31,237.96,238.0,229.99,231.2,237.96,-6.76,-2.8408,84323.43,1973821.629,0.6955,0.93,24.0234,7.3941,28031645.0293
300760.SZ,2025-08-01,231.0,233.44,226.0,227.23,231.2,-3.97,-1.7171,71683.59,1639613.53,0.5912,0.84,23.6109,7.2671,27550305.7959
300760.SZ,2025-08-04,226.99,228.0,224.66,227.3,227.23,0.07,0.0308,59351.33,1340214.31,0.4895,0.7,23.6181,7.2693,27558792.8856
300760.SZ,2025-08-05,227.31,228.56,226.14,228.03,227.3,0.73,0.3212,36609.82,832311.75,0.302,0.43,23.694,7.2927,27647301.1074
300760.SZ,2025-08-06,228.6,229.98,226.68,228.31,228.03,0.28,0.1228,40520.63,923386.747,0.3342,0.52,23.7231,7.3016,27681249.4664
300760.SZ,2025-08-07,228.0,235.3,227.34,230.79,228.31,2.48,1.0862,72880.0,1689274.498,0.6011,1.25,23.9808,7.3809,27981934.9321
300760.SZ,2025-08-08,231.61,235.97,229.18,230.71,230.79,-0.08,-0.0347,64369.39,1495955.388,0.5309,1.15,23.9725,7.3784,27972235.401
300760.SZ,2025-08-11,231.0,231.86,227.01,230.5,230.71,-0.21,-0.091,62596.66,1436486.998,0.5163,1.14,23.9506,7.3717,27946774.1317
300760.SZ,2025-08-12,230.5,238.68,230.1,234.3,230.5,3.8,1.6486,108728.2,2560821.098,0.8968,1.96,24.3455,7.4932,28407501.8614
300760.SZ,2025-08-13,234.5,236.7,232.53,236.49,234.3,2.19,0.9347,73985.9,1738057.177,0.6102,1.06,24.573,7.5632,28673026.5267
300760.SZ,2025-08-14,238.05,240.5,232.53,233.44,236.49,-3.05,-1.2897,76274.73,1796036.727,0.6291,1.0,24.2561,7.4657,28303231.9015
300760.SZ,2025-08-15,233.4,237.47,232.16,235.23,233.44,1.79,0.7668,74717.63,1751996.918,0.6163,0.97,24.4421,7.5229,28520258.9111
300760.SZ,2025-08-18,235.24,238.0,234.36,236.65,235.23,1.42,0.6037,81678.39,1929048.017,0.6737,1.03,24.5897,7.5684,28692425.589
300760.SZ,2025-08-19,236.65,238.49,234.14,234.18,236.65,-2.47,-1.0437,69015.88,1629000.476,0.5692,0.83,24.333,7.4894,28392952.5647
300760.SZ,2025-08-20,233.7,236.99,231.8,236.56,234.18,2.38,1.0163,62522.58,1464945.109,0.5157,0.83,24.5803,7.5655,28681513.6165
300760.SZ,2025-08-21,236.98,248.83,236.88,245.71,236.56,9.15,3.8679,166478.46,4081338.907,1.3731,2.29,25.5311,7.8581,29790897.492
300760.SZ,2025-08-22,245.49,247.0,242.2,244.25,245.71,-1.46,-0.5942,91477.93,2230871.105,0.7545,1.01,25.3794,7.8114,29613881.0485
300760.SZ,2025-08-25,246.46,247.18,243.27,245.5,244.25,1.25,0.5118,95133.71,2332023.19,0.7847,1.01,25.5093,7.8514,29765436.2227
300760.SZ,2025-08-26,244.11,250.26,244.0,246.77,245.5,1.27,0.5173,100124.24,2474133.451,0.8258,1.03,25.6412,7.892,29919416.2797
300760.SZ,2025-08-27,245.6,257.0,245.56,247.31,246.77,0.54,0.2188,163505.99,4109466.139,1.3486,1.59,25.6973,7.9093,29984888.115
300760.SZ,2025-08-28,243.0,251.0,240.51,247.08,247.31,-0.23,-0.093,174052.74,4277787.07,1.4356,1.41,25.6734,7.6733,29957001.963
300760.SZ,2025-08-29,244.34,246.66,241.6,242.79,247.08,-4.29,-1.7363,118385.42,2881779.929,0.9765,0.95,25.2277,7.5401,29436864.6049
300760.SZ,2025-09-01,244.42,248.35,242.52,246.48,242.79,3.69,1.5198,109967.66,2696774.3,0.907,0.84,25.6111,7.6547,29884255.4793
300760.SZ,2025-09-02,246.26,250.75,240.78,242.16,246.48,-4.32,-1.7527,105058.76,2569370.677,0.8665,0.79,25.1622,7.5205,29360480.7971
300760.SZ,2025-09-03,241.96,244.16,238.01,238.81,242.16,-3.35,-1.3834,88111.43,2120999.444,0.7267,0.66,24.8141,7.4165,28954312.9301
300760.SZ,2025-09-04,238.97,240.81,231.31,233.5,238.81,-5.31,-2.2235,98147.53,2315543.247,0.8095,0.82,24.2624,7.2515,28310506.5499
300760.SZ,2025-09-05,233.4,238.61,231.46,237.96,232.19,5.77,2.485,74977.53,1764298.875,0.6184,0.72,24.7258,7.7035,28851255.4116
300760.SZ,2025-09-08,236.0,252.95,236.0,248.04,237.96,10.08,4.236,161964.73,4019032.36,1.3359,1.7,25.7732,8.0298,30073396.3368
300760.SZ,2025-09-09,246.33,248.04,240.05,241.0,248.04,-7.04,-2.8383,114742.54,2792435.649,0.9464,1.09,25.0417,7.8019,29219837.5954
300760.SZ,2025-09-10,240.96,241.93,237.65,238.71,241.0,-2.29,-0.9502,64822.85,1552723.738,0.5347,0.6,24.8037,7.7277,28942188.5162
300760.SZ,2025-09-11,237.7,243.95,236.41,243.74,238.71,5.03,2.1072,76107.02,1830606.126,0.6277,0.74,25.3264,7.8906,29552046.5374
300760.SZ,2025-09-12,243.7,247.25,240.78,240.99,243.74,-2.75,-1.1283,68985.13,1672429.304,0.569,0.7,25.0406,7.8015,29218625.154
300760.SZ,2025-09-15,241.5,242.53,239.0,239.6,240.99,-1.39,-0.5768,68048.03,1635753.802,0.5613,0.7,24.8962,7.7565,29050095.8002
300760.SZ,2025-09-16,239.7,242.23,238.5,239.6,239.6,0.0,0.0,57731.18,1384797.823,0.4762,0.74,24.8962,7.7565,29050095.8002
300760.SZ,2025-09-17,239.6,242.48,238.07,239.39,239.6,-0.21,-0.0876,60529.35,1449116.769,0.4992,0.9,24.8744,7.7498,29024634.531
300760.SZ,2025-09-18,239.98,242.99,236.51,237.8,239.39,-1.59,-0.6642,99119.72,2379753.662,0.8175,1.5,24.7092,7.6983,28831856.3493
300760.SZ,2025-09-19,238.5,240.78,235.0,235.0,237.8,-2.8,-1.1775,75771.02,1796059.142,0.625,1.07,24.4182,7.6076,28492372.759
300760.SZ,2025-09-22,236.08,240.25,235.6,237.15,235.0,2.15,0.9149,75817.93,1799709.71,0.6254,1.05,24.6416,7.6772,28753047.6587
300760.SZ,2025-09-23,236.28,236.73,230.0,233.5,237.15,-3.65,-1.5391,90111.32,2096574.298,0.7432,1.22,24.2624,7.5591,28310506.5499
300760.SZ,2025-09-24,232.6,235.87,232.6,233.89,233.5,0.39,0.167,55407.0,1295073.033,0.457,0.69,24.3029,7.5717,28357791.7643
300760.SZ,2025-09-25,233.68,246.45,232.72,245.0,233.89,11.11,4.7501,162158.1,3907220.904,1.3375,2.05,25.4573,7.9314,29704814.153
300760.SZ,2025-09-26,244.36,244.36,238.3,238.55,245.0,-6.45,-2.6327,79435.95,1915041.089,0.6552,0.86,24.7871,7.7226,28922789.4539
300760.SZ,2025-09-29,238.55,240.38,234.33,239.0,238.55,0.45,0.1886,82397.2,1950274.672,0.6796,0.89,24.8339,7.7371,28977349.3166
300760.SZ,2025-09-30,238.79,246.65,237.8,245.69,239.0,6.69,2.7992,102794.28,2497367.842,0.8479,1.09,25.529,7.9537,29788472.6092
300760.SZ,2025-10-09,244.0,248.98,240.01,248.24,245.69,2.55,1.0379,109825.87,2679400.2,0.9059,1.14,25.794,8.0363,30097645.1647
300760.SZ,2025-10-10,246.3,247.0,241.72,242.0,248.24,-6.24,-2.5137,77967.51,1901300.944,0.6431,0.73,25.1456,7.8342,29341081.7348
300760.SZ,2025-10-13,238.0,239.99,233.05,235.2,242.0,-6.8,-2.8099,108612.64,2561177.744,0.8958,1.2,24.439,7.6141,28516621.5869
300760.SZ,2025-10-14,237.7,239.79,230.23,230.68,235.2,-4.52,-1.9218,104262.06,2441730.601,0.86,1.08,23.9693,7.4678,27968598.0768
300760.SZ,2025-10-15,232.0,233.43,229.7,230.5,230.68,-0.18,-0.078,82783.55,1911219.145,0.6828,0.82,23.9506,7.462,27946774.1317
300760.SZ,2025-10-16,230.51,233.95,229.1,230.93,230.5,0.43,0.1866,60726.53,1405171.059,0.5009,0.63,23.9953,7.4759,27998909.1116
300760.SZ,2025-10-17,230.03,231.49,225.28,225.5,230.93,-5.43,-2.3514,74637.3,1696692.464,0.6156,0.86,23.4311,7.3001,27340553.4347
300760.SZ,2025-10-20,227.02,227.81,222.73,223.47,225.5,-2.03,-0.9002,62568.62,1406185.055,0.5161,0.73,23.2202,7.2344,27094427.8317
300760.SZ,2025-10-21,223.47,226.95,223.24,223.57,223.47,0.1,0.0447,65198.7,1462859.764,0.5378,0.85,23.2306,7.2376,27106552.2457
300760.SZ,2025-10-22,222.67,223.5,220.11,220.2,223.57,-3.37,-1.5074,60059.54,1328767.861,0.4954,0.87,22.8804,7.1285,26697959.4959
300760.SZ,2025-10-23,220.31,222.18,219.02,221.8,220.2,1.6,0.7266,50167.35,1105082.596,0.4138,0.78,23.0466,7.1803,26891950.1189
300760.SZ,2025-10-24,221.85,222.98,220.85,221.55,221.8,-0.25,-0.1127,43888.26,972603.189,0.362,0.7,23.0207,7.1722,26861639.0841
300760.SZ,2025-10-27,222.98,224.7,221.91,223.3,221.55,1.75,0.7899,65892.29,1470876.537,0.5435,1.17,23.2025,7.2289,27073816.328
300760.SZ,2025-10-28,223.51,226.36,222.47,225.09,223.3,1.79,0.8016,59364.99,1333788.834,0.4896,1.04,23.3885,7.2868,27290843.3375
300760.SZ,2025-10-29,224.49,224.69,218.28,222.83,225.09,-2.26,-1.004,91691.27,2022219.15,0.7563,1.64,23.1537,7.2137,27016831.5825
300760.SZ,2025-10-30,220.0,224.5,216.0,216.69,222.83,-6.14,-2.7555,120014.57,2636425.724,0.9899,1.93,22.5157,6.6855,26272392.5666
300760.SZ,2025-10-31,215.5,216.89,212.13,215.04,216.69,-1.65,-0.7615,108868.96,2343803.678,0.898,1.43,22.3442,6.6346,26072339.7366
300760.SZ,2025-11-03,215.03,216.38,211.5,212.01,215.04,-3.03,-1.409,93440.35,1986531.361,0.7707,1.05,22.0294,6.5411,25704969.9942
300760.SZ,2025-11-04,211.5,212.88,205.05,207.0,212.01,-5.01,-2.3631,126052.54,2622502.209,1.0397,1.33,21.5088,6.3865,25097536.8558
300760.SZ,2025-11-05,205.11,208.97,204.55,206.27,207.0,-0.73,-0.3527,74890.28,1551641.928,0.6177,0.69,21.433,6.364,25009028.634
300760.SZ,2025-11-06,206.7,207.89,205.73,206.35,206.27,0.08,0.0388,60461.4,1250529.177,0.4987,0.58,21.4413,6.3665,25018728.1652
300760.SZ,2025-11-07,206.23,207.27,204.55,205.79,206.35,-0.56,-0.2714,59247.26,1219514.252,0.4887,0.64,21.3831,6.3492,24950831.4471
300760.SZ,2025-11-10,205.5,209.65,205.05,209.35,205.79,3.56,1.7299,81960.14,1703133.877,0.676,0.99,21.753,6.459,25382460.5834
300760.SZ,2025-11-11,208.8,209.6,207.0,208.7,209.35,-0.65,-0.3105,60990.34,1269951.881,0.5031,0.76,21.6855,6.439,25303651.8928
300760.SZ,2025-11-12,207.79,210.88,207.79,208.2,207.35,0.85,0.4099,74925.87,1571625.808,0.618,1.11,21.6335,6.7027,25243029.8231
300760.SZ,2025-11-13,208.58,209.19,207.21,208.21,208.2,0.01,0.0048,57089.83,1187586.307,0.4709,0.85,21.6345,6.7031,25244242.2645
300760.SZ,2025-11-14,207.5,209.67,207.2,207.7,208.21,-0.51,-0.2449,51736.89,1080135.957,0.4267,0.77,21.5816,6.6866,25182407.7534
300760.SZ,2025-11-17,207.0,207.56,205.8,206.04,207.7,-1.66,-0.7992,45309.36,934167.629,0.3737,0.69,21.4091,6.6332,24981142.482
300760.SZ,2025-11-18,206.0,206.85,205.56,206.71,206.04,0.67,0.3252,39737.86,819165.198,0.3278,0.69,21.4787,6.6548,25062376.0554
300760.SZ,2025-11-19,206.72,207.25,204.81,204.81,206.71,-1.9,-0.9192,50729.02,1043110.57,0.4184,0.94,21.2813,6.5936,24832012.1905
300760.SZ,2025-11-20,204.8,205.38,198.01,198.85,204.81,-5.96,-2.91,106077.18,2125929.779,0.8749,2.17,20.662,6.4017,24109397.1197
300760.SZ,2025-11-21,197.99,199.57,193.68,195.11,198.85,-3.74,-1.8808,97875.93,1918216.284,0.8073,1.67,20.2734,6.2813,23655944.0383
300760.SZ,2025-11-24,195.11,197.0,192.25,193.0,195.11,-2.11,-1.0814,65134.79,1265281.317,0.5372,0.96,20.0541,6.2134,23400118.9042
300760.SZ,2025-11-25,193.75,195.22,192.75,193.88,193.0,0.88,0.456,59671.45,1157044.916,0.4922,0.83,20.1456,6.2417,23506813.7469
300760.SZ,2025-11-26,193.96,194.9,192.68,193.4,193.88,-0.48,-0.2476,60768.83,1176347.908,0.5012,0.8,20.0957,6.2263,23448616.56
300760.SZ,2025-11-27,193.39,197.75,191.78,196.3,193.4,2.9,1.4995,71969.72,1404717.501,0.5936,0.92,20.397,6.3196,23800224.5642
300760.SZ,2025-11-28,199.0,204.5,198.71,204.01,196.3,7.71,3.9277,117760.89,2378087.621,0.9713,1.66,21.1981,6.5678,24735016.879
300760.SZ,2025-12-01,204.0,204.0,200.5,201.62,204.01,-2.39,-1.1715,58860.38,1185132.545,0.4855,0.78,20.9498,6.4909,24445243.3858
300760.SZ,2025-12-02,201.0,202.24,200.2,200.62,201.62,-1.0,-0.496,42517.96,855263.688,0.3507,0.58,20.8459,6.4587,24323999.2464
300760.SZ,2025-12-03,200.62,201.07,198.31,199.5,200.62,-1.12,-0.5583,44689.66,892968.122,0.3686,0.64,20.7295,6.4226,24188205.8103
300760.SZ,2025-12-04,200.0,201.99,199.68,200.0,199.5,0.5,0.2506,36312.02,728550.136,0.2995,0.54,20.7815,6.4387,24248827.88
300760.SZ,2025-12-05,200.05,202.88,199.3,202.39,200.0,2.39,1.195,44732.59,898941.166,0.369,0.75,21.0298,6.5157,24538601.3732
300760.SZ,2025-12-08,202.39,204.75,200.02,200.05,202.39,-2.34,-1.1562,61071.54,1233828.999,0.5037,1.34,20.7867,6.4404,24254890.087
300760.SZ,2025-12-09,200.0,203.49,198.03,198.71,200.05,-1.34,-0.6698,57404.02,1147924.114,0.4735,1.25,20.6474,6.3972,24092422.9402
300760.SZ,2025-12-10,197.75,198.45,195.85,198.0,198.71,-0.71,-0.3573,51344.63,1012919.769,0.4235,1.05,20.5737,6.3744,24006339.6012
300760.SZ,2025-12-11,198.0,198.69,195.77,195.77,198.0,-2.23,-1.1263,56728.46,1116988.941,0.4679,1.13,20.3419,6.3026,23735965.1703
300760.SZ,2025-12-12,195.75,200.75,194.51,199.82,195.77,4.05,2.0688,112033.42,2222511.006,0.9241,2.06,20.7628,6.4329,24227003.9349
300760.SZ,2025-12-15,199.64,200.0,197.01,197.01,199.82,-2.81,-1.4063,49455.01,982059.614,0.4079,0.73,20.4708,6.3425,23886307.9032
300760.SZ,2025-12-16,197.03,198.98,194.81,194.81,197.01,-2.2,-1.1167,51519.33,1008042.443,0.4249,0.79,20.2422,6.2717,23619570.7965
300760.SZ,2025-12-17,194.8,197.84,193.47,196.36,194.81,1.55,0.7956,57774.55,1128723.675,0.4765,0.9,20.4032,6.3216,23807499.2126
300760.SZ,2025-12-18,196.0,199.91,195.75,197.77,196.36,1.41,0.7181,48335.49,957501.152,0.3987,0.74,20.5498,6.367,23978453.4491
300760.SZ,2025-12-19,197.7,200.3,197.51,198.19,197.77,0.42,0.2124,47550.16,944854.022,0.3922,0.75,20.5934,6.3805,24029375.9877
300760.SZ,2025-12-22,198.34,200.93,197.75,199.7,198.19,1.51,0.7619,50421.43,1007424.679,0.4159,0.99,20.7503,6.4291,24212454.6382
300760.SZ,2025-12-23,200.0,200.45,198.0,198.07,199.7,-1.63,-0.8162,42562.22,845242.974,0.3511,0.83,20.5809,6.3766,24014826.691
300760.SZ,2025-12-24,197.75,198.73,197.31,198.13,198.07,0.06,0.0303,34517.61,683646.785,0.2847,0.7,20.5872,6.3785,24022101.3393
300760.SZ,2025-12-25,198.0,202.1,197.06,201.43,198.13,3.3,1.6656,57631.1,1154498.72,0.4753,1.29,20.9301,6.4848,24422206.9993
300760.SZ,2025-12-26,201.25,201.88,199.61,199.99,201.43,-1.44,-0.7149,41233.88,825869.252,0.3401,0.89,20.7804,6.4384,24247615.4386
300760.SZ,2025-12-29,200.02,201.5,198.8,199.0,199.99,-0.99,-0.495,51736.89,1033931.127,0.4267,1.14,20.6776,6.4065,24127583.7406
300760.SZ,2025-12-30,199.03,199.5,194.98,195.59,199.0,-3.41,-1.7136,82724.16,1623313.218,0.6823,1.82,20.3232,6.2968,23714141.2252
300760.SZ,2025-12-31,195.2,195.38,190.37,190.45,195.59,-5.14,-2.6279,113748.04,2181941.819,0.9382,2.12,19.7892,6.1313,23090946.3487
300760.SZ,2026-01-05,190.46,199.86,190.46,199.6,190.45,9.15,4.8044,169748.45,3338574.021,1.4001,2.45,20.7399,6.4259,24200330.2242
300760.SZ,2026-01-06,200.5,205.7,200.11,203.94,199.6,4.34,2.1743,134773.21,2736507.776,1.1116,1.47,21.1909,6.5656,24726529.7892
300760.SZ,2026-01-07,203.87,204.14,200.04,200.87,203.94,-3.07,-1.5053,97680.42,1970678.841,0.8057,0.88,20.8719,6.4668,24354310.2813
300760.SZ,2026-01-08,201.25,203.3,199.3,201.71,200.87,0.84,0.4182,83669.47,1684368.758,0.6901,0.7,20.9591,6.4938,24456155.3584
300760.SZ,2026-01-09,202.0,205.2,201.85,203.68,201.71,1.97,0.9766,89798.0,1827441.993,0.7407,0.75,21.1638,6.5572,24695006.313
300760.SZ,2026-01-12,204.75,209.31,204.5,208.03,203.68,4.35,2.1357,129125.14,2681170.242,1.065,1.12,21.6158,6.6973,25222418.3194
300760.SZ,2026-01-13,209.2,213.08,207.5,208.22,208.03,0.19,0.0913,156085.09,3275701.164,1.2874,1.46,21.6356,6.7034,25245454.7059
300760.SZ,2026-01-14,208.0,214.12,206.12,207.76,208.22,-0.46,-0.2209,155120.54,3264068.434,1.2794,1.39,21.5878,6.6886,25189682.4017
300760.SZ,2026-01-15,206.75,207.5,203.5,204.08,207.76,-3.68,-1.7713,99753.95,2042603.169,0.8228,0.81,21.2054,6.5701,24743503.9688
300760.SZ,2026-01-16,204.51,206.71,201.03,201.19,204.08,-2.89,-1.4161,96088.26,1947856.719,0.7925,0.76,20.9051,6.4771,24393108.4059
300760.SZ,2026-01-19,201.19,202.88,199.88,200.19,201.19,-1.0,-0.497,71559.55,1438803.781,0.5902,0.56,20.8012,6.4449,24271864.2665
300760.SZ,2026-01-20,200.91,201.18,196.6,197.0,200.19,-3.19,-1.5935,81094.2,1607818.354,0.6689,0.7,20.4697,6.3422,23885095.4618
300760.SZ,2026-01-21,196.9,198.18,195.06,195.3,197.0,-1.7,-0.8629,75113.34,1475799.679,0.6195,0.75,20.2931,6.2874,23678980.4248
300760.SZ,2026-01-22,195.85,196.09,193.35,193.5,195.3,-1.8,-0.9217,72341.51,1406657.819,0.5967,0.85,20.1061,6.2295,23460740.9739
300760.SZ,2026-01-23,194.75,197.0,194.3,195.51,193.5,2.01,1.0388,83472.62,1633560.992,0.6885,1.05,20.3149,6.2942,23704441.6941
300760.SZ,2026-01-26,195.88,196.72,193.13,195.1,195.51,-0.41,-0.2097,99070.37,1927293.439,0.8171,1.29,20.2723,6.281,23654731.5969
300760.SZ,2026-01-27,195.25,196.5,192.0,192.16,195.1,-2.94,-1.5069,95524.48,1847847.777,0.7879,1.16,19.9668,6.1863,23298273.8271
300760.SZ,2026-01-28,192.1,192.15,188.0,188.06,192.16,-4.1,-2.1336,143050.5,2710394.003,1.1799,1.68,19.5408,6.0543,22801172.8556
300760.SZ,2026-01-29,188.07,194.5,186.75,193.38,188.06,5.32,2.8289,116544.56,2228474.532,0.9613,1.18,20.0936,6.2256,23446191.6772
300760.SZ,2026-01-30,193.33,193.33,189.26,189.26,193.38,-4.12,-2.1305,75037.22,1433946.563,0.6189,0.7,19.6655,6.093,22946665.8228
300760.SZ,2026-02-02,189.5,190.95,187.11,187.11,189.26,-2.15,-1.136,66633.76,1259069.263,0.5496,0.63,19.4421,6.0238,22685990.9231
300760.SZ,2026-02-03,187.79,188.88,187.03,188.15,187.11,1.04,0.5558,57471.24,1080126.908,0.474,0.58,19.5502,6.0572,22812084.8281
300760.SZ,2026-02-04,187.98,193.22,187.37,192.66,188.15,4.51,2.397,84305.84,1602704.046,0.6954,0.92,20.0188,6.2024,23358895.8968
300760.SZ,2026-02-05,191.96,193.5,191.25,192.1,192.66,-0.56,-0.2907,56819.61,1093047.725,0.4687,0.71,19.9606,6.1844,23290999.1787
300760.SZ,2026-02-06,191.89,192.32,188.66,189.49,192.1,-2.61,-1.3587,70936.55,1346819.776,0.5851,1.04,19.6894,6.1004,22974551.9749
300760.SZ,2026-02-09,189.68,189.94,188.81,189.17,189.49,-0.32,-0.1689,50720.57,959213.244,0.4183,0.75,19.6562,6.0901,22935753.8503
300760.SZ,2026-02-10,189.16,191.0,188.68,190.36,189.17,1.19,0.6291,51748.28,983171.129,0.4268,0.81,19.7798,6.1284,23080034.3762
300760.SZ,2026-02-11,190.0,190.38,189.12,189.21,190.36,-1.15,-0.6041,35631.78,675849.315,0.2939,0.57,19.6603,6.0914,22940603.6159
300760.SZ,2026-02-12,189.21,189.77,188.0,188.0,189.21,-1.21,-0.6395,46481.76,875685.158,0.3834,0.87,19.5346,6.0524,22793898.2072
300760.SZ,2026-02-13,187.96,187.96,185.67,185.77,188.0,-2.23,-1.1862,64605.77,1204825.807,0.5329,1.26,19.3029,5.9806,22523523.7763
300760.SZ,2026-02-24,187.82,187.95,185.79,186.2,185.77,0.43,0.2315,42495.37,792131.147,0.3505,0.85,19.3475,5.9945,22575658.7563
300760.SZ,2026-02-25,186.2,187.94,185.15,186.96,186.2,0.76,0.4082,50335.61,941800.595,0.4152,1.04,19.4265,6.0189,22667804.3022
300760.SZ,2026-02-26,187.6,189.99,186.5,187.28,186.96,0.32,0.1712,57759.8,1084388.865,0.4764,1.21,19.4598,6.0292,22706602.4268
300760.SZ,2026-02-27,186.9,186.9,185.78,185.92,187.28,-1.36,-0.7262,53193.41,989897.082,0.4387,1.02,19.3185,5.9855,22541710.3972
300760.SZ,2026-03-02,184.91,186.01,181.75,183.7,185.92,-2.22,-1.1941,86209.61,1584365.515,0.7111,1.61,19.0878,5.914,22272548.4078
300760.SZ,2026-03-03,183.25,183.85,180.3,180.4,183.7,-3.3,-1.7964,85671.85,1556552.528,0.7066,1.48,18.7449,5.8077,21872442.7478
300760.SZ,2026-03-04,179.75,179.78,175.75,175.75,180.4,-4.65,-2.5776,88354.47,1566433.299,0.7288,1.33,18.2617,5.658,21308657.4996
300760.SZ,2026-03-05,178.0,178.3,175.9,176.2,175.75,0.45,0.256,50981.38,901181.052,0.4205,0.69,18.3085,5.6725,21363217.3623
300760.SZ,2026-03-06,175.8,182.25,175.5,181.37,176.2,5.17,2.9342,76384.94,1378955.726,0.63,1.05,18.8457,5.839,21990049.563
300760.SZ,2026-03-09,179.5,181.98,177.83,178.78,181.37,-2.59,-1.428,58667.63,1052744.457,0.4839,0.76,18.5766,5.7556,21676027.2419
300760.SZ,2026-03-10,179.99,180.76,179.27,180.34,178.78,1.56,0.8726,39387.99,709263.505,0.3249,0.55,18.7386,5.8058,21865168.0994
300760.SZ,2026-03-11,180.5,181.85,179.32,180.57,180.34,0.23,0.1275,51409.47,927062.42,0.424,0.82,18.7625,5.8132,21893054.2515
300760.SZ,2026-03-12,180.3,180.72,178.01,178.18,180.57,-2.39,-1.3236,49683.01,888132.452,0.4098,0.9,18.5142,5.7363,21603280.7583
300760.SZ,2026-03-13,178.51,179.21,177.32,178.57,178.18,0.39,0.2189,39191.06,699907.578,0.3233,0.71,18.5547,5.7488,21650565.9727
300760.SZ,2026-03-16,179.0,179.13,176.66,177.25,178.57,-1.32,-0.7392,51759.44,918869.004,0.4269,1.09,18.4176,5.7063,21490523.7087
300760.SZ,2026-03-17,177.5,180.55,177.18,178.1,177.25,0.85,0.4795,71737.27,1284850.937,0.5917,1.55,18.5059,5.7337,21593581.2271
300760.SZ,2026-03-18,177.8,178.39,174.24,174.92,178.1,-3.18,-1.7855,81501.12,1428657.766,0.6722,1.54,18.1755,5.6313,21208024.8638
300760.SZ,2026-03-19,173.18,173.95,171.69,171.86,174.92,-3.06,-1.7494,67672.5,1167586.341,0.5582,1.15,17.8575,5.5328,20837017.7973
300760.SZ,2026-03-20,171.86,173.23,169.52,169.52,171.86,-2.34,-1.3616,66369.41,1133363.431,0.5474,1.06,17.6144,5.4575,20553306.5111
300760.SZ,2026-03-23,167.01,168.75,165.17,165.61,169.52,-3.91,-2.3065,87857.93,1465283.908,0.7247,1.3,17.2081,5.3316,20079241.926
300760.SZ,2026-03-24,167.96,168.25,165.25,166.37,165.61,0.76,0.4589,56092.47,932803.796,0.4627,0.75,17.2871,5.3561,20171387.472
300760.SZ,2026-03-25,168.0,168.49,166.78,167.47,166.37,1.1,0.6612,52101.87,873242.057,0.4297,0.72,17.4014,5.3915,20304756.0253
300760.SZ,2026-03-26,166.99,168.25,164.25,164.3,167.47,-3.17,-1.8929,62222.87,1031465.535,0.5132,0.94,17.072,5.2894,19920412.1034
300760.SZ,2026-03-27,163.0,169.98,162.6,169.6,164.3,5.3,3.2258,79019.69,1327258.389,0.6518,1.22,17.6227,5.4601,20563006.0422
300760.SZ,2026-03-30,168.5,171.49,168.04,170.77,169.6,1.17,0.6899,61306.35,1043269.848,0.5057,0.91,17.7443,5.4977,20704861.6853
300760.SZ,2026-03-31,167.36,169.0,164.66,164.66,170.77,-6.11,-3.5779,89706.21,1495198.847,0.7405,1.44,24.5386,5.2408,19964059.9936
300760.SZ,2026-04-01,165.76,170.25,164.75,165.9,164.66,1.24,0.7531,98331.02,1639402.203,0.8117,1.43,24.7234,5.2803,20114402.7265
300760.SZ,2026-04-02,165.5,165.58,162.1,162.4,165.9,-3.5,-2.1097,91590.12,1495120.696,0.7561,1.17,24.2018,5.1689,19690048.2386
300760.SZ,2026-04-03,161.98,162.44,158.32,158.4,162.4,-4.0,-2.4631,75718.85,1207402.89,0.6251,0.9,23.6057,5.0416,19205071.681
300760.SZ,2026-04-07,158.43,159.78,157.36,157.76,158.4,-0.64,-0.404,47254.84,748480.77,0.3901,0.57,23.5103,5.0212,19127475.4317
300760.SZ,2026-04-08,159.53,162.98,159.53,162.92,157.76,5.16,3.2708,81943.02,1325537.834,0.6764,1.02,24.2793,5.1854,19753095.191
300760.SZ,2026-04-09,161.5,161.91,156.18,156.3,162.92,-6.62,-4.0633,118938.84,1879819.789,0.9818,1.51,23.2928,4.9747,18950458.9882
300760.SZ,2026-04-10,157.1,159.98,156.35,158.18,156.3,1.88,1.2028,87890.75,1391683.141,0.7255,1.06,23.5729,5.0346,19178397.9703
300760.SZ,2026-04-13,157.5,159.62,156.51,157.94,158.18,-0.24,-0.1517,59907.31,946382.375,0.4945,0.73,23.5372,5.0269,19149299.3768
300760.SZ,2026-04-14,158.68,161.57,156.91,160.46,157.94,2.52,1.5955,89108.06,1415425.782,0.7356,1.13,23.9127,5.1071,19454834.6081
300760.SZ,2026-04-15,161.54,162.62,160.02,160.3,160.46,-0.16,-0.0997,66862.83,1076187.327,0.5519,0.76,23.8889,5.1021,19435435.5458
300760.SZ,2026-04-16,160.32,160.86,159.46,160.46,160.3,0.16,0.0998,54493.17,872440.53,0.4498,0.64,23.9127,5.1071,19454834.6081
300760.SZ,2026-04-17,159.92,159.92,156.71,156.75,160.46,-3.71,-2.3121,89170.87,1404800.005,0.7361,1.24,23.3598,4.9891,19005018.851
300760.SZ,2026-04-20,156.5,159.77,154.6,158.1,156.75,1.35,0.8612,91232.93,1433529.678,0.7531,1.27,23.561,5.032,19168698.4391
300760.SZ,2026-04-21,158.13,161.81,158.0,158.85,158.1,0.75,0.4744,79928.42,1273422.195,0.6598,1.02,23.6728,5.0559,19259631.5437
300760.SZ,2026-04-22,157.01,160.99,157.01,159.6,158.85,0.75,0.4721,70471.62,1119470.514,0.5817,0.92,23.7845,5.0798,19350564.6482
300760.SZ,2026-04-23,159.49,162.46,159.0,161.04,159.6,1.44,0.9023,102520.27,1652382.265,0.8463,1.33,23.9991,5.1256,19525156.209
300760.SZ,2026-04-24,160.25,162.76,158.63,161.0,161.04,-0.04,-0.0248,92238.24,1485053.892,0.7614,1.06,23.9932,5.1243,19520306.4434
300760.SZ,2026-04-27,160.3,160.92,157.81,158.01,161.0,-2.99,-1.8571,80513.6,1280012.694,0.6646,0.92,23.5476,5.0292,19157786.4666
300760.SZ,2026-04-28,157.77,162.9,157.6,161.11,158.01,3.1,1.9619,126774.91,2035785.4,1.0465,1.49,24.0096,5.1278,19533643.2987
300760.SZ,2026-04-29,162.3,169.01,162.11,168.4,161.11,7.29,4.5249,195908.34,3272550.513,1.6172,2.07,25.096,5.0904,20417513.075
300760.SZ,2026-04-30,167.5,169.88,166.81,168.4,168.4,0.0,0.0,97616.04,1643218.327,0.8058,0.82,25.096,5.0904,20417513.075
300760.SZ,2026-05-06,168.39,173.3,168.0,172.68,168.4,4.28,2.5416,127733.23,2198045.33,1.0544,1.08,25.7338,5.2197,20936437.9916
300760.SZ,2026-05-07,173.19,176.56,170.25,170.5,172.68,-2.18,-1.2625,103423.0,1777293.309,0.8537,0.82,25.4089,5.1538,20672125.7677
300760.SZ,2026-05-08,170.4,172.67,170.32,170.61,170.5,0.11,0.0645,71134.42,1220721.297,0.5872,0.55,25.4253,5.1572,20685462.623
300760.SZ,2026-05-11,170.0,170.9,167.03,169.21,170.61,-1.4,-0.8206,122537.32,2063686.52,1.0115,1.03,25.2167,5.1149,20515720.8279
300760.SZ,2026-05-12,168.68,169.84,166.26,166.39,169.21,-2.82,-1.6666,81036.59,1357088.446,0.669,0.78,24.7964,5.0296,20173812.3548
300760.SZ,2026-05-13,166.3,167.25,164.22,165.94,166.39,-0.45,-0.2704,71097.95,1175652.869,0.5869,0.7,24.7294,5.016,20119252.492
300760.SZ,2026-05-14,165.1,166.49,161.24,161.24,165.94,-4.7,-2.8323,85949.22,1404118.578,0.7095,0.96,24.0289,4.8739,19549405.0369
300760.SZ,2026-05-15,161.11,163.1,160.07,160.37,161.24,-0.87,-0.5396,70136.94,1132546.315,0.579,0.81,23.8993,4.8476,19443922.6356
300760.SZ,2026-05-18,160.25,160.37,155.69,156.33,160.37,-4.04,-2.5192,90449.17,1421831.476,0.7467,1.05,23.2972,4.7255,18954096.3124
300760.SZ,2026-05-19,156.0,159.38,156.0,158.15,156.33,1.82,1.1642,65189.72,1028633.13,0.5381,0.82,23.5684,4.7805,19174760.6461
300760.SZ,2026-05-20,158.2,158.3,154.8,154.8,158.15,-3.35,-2.1182,81294.59,1264191.902,0.6711,1.06,23.0692,4.6793,18768592.7791
300760.SZ,2026-05-21,154.8,165.89,154.1,158.26,154.8,3.46,2.2351,152873.48,2461681.917,1.262,1.94,23.5848,4.7839,19188097.5014
300760.SZ,2026-05-22,158.0,158.3,152.9,153.0,158.26,-5.26,-3.3236,136238.59,2107886.622,1.1246,1.48,22.801,4.6249,18550353.3282
300760.SZ,2026-05-25,152.58,155.17,151.36,153.63,153.0,0.63,0.4118,69033.95,1059469.93,0.5699,0.66,22.8949,4.6439,18626737.136
300760.SZ,2026-05-26,152.5,155.59,152.5,153.15,153.63,-0.48,-0.3124,69248.76,1064947.261,0.5716,0.69,22.8233,4.6294,18568539.9491
300760.SZ,2026-05-27,152.8,155.68,150.1,154.0,153.15,0.85,0.555,109336.53,1668289.245,0.9026,1.07,22.95,4.6551,18671597.4676
300760.SZ,2026-05-28,152.0,152.5,148.44,150.78,152.44,-1.66,-1.089,96815.54,1452862.748,0.7992,0.9,22.4701,4.7833,18281191.3387
300760.SZ,2026-05-29,150.71,154.36,150.0,151.83,150.78,1.05,0.6964,104303.19,1591733.174,0.861,1.08,22.6266,4.8166,18408497.6851
300760.SZ,2026-06-01,151.65,152.55,148.8,149.43,151.83,-2.4,-1.5807,85597.43,1284034.08,0.7066,0.95,22.2689,4.7405,18117511.7505
300760.SZ,2026-06-02,149.02,149.16,146.71,146.99,149.43,-2.44,-1.6329,82259.27,1213625.584,0.679,0.88,21.9053,4.6631,17821676.0504
300760.SZ,2026-06-03,146.69,146.72,144.58,144.59,146.99,-2.4,-1.6328,79354.22,1151309.129,0.6551,0.83,21.5477,4.5869,17530690.1158
300760.SZ,2026-06-04,143.33,143.78,141.88,142.59,144.59,-2.0,-1.3832,89145.08,1271483.396,0.7359,0.99,21.2496,4.5235,17288201.837
300760.SZ,2026-06-05,143.64,145.47,142.93,144.39,142.59,1.8,1.2624,77959.79,1124932.248,0.6436,0.88,21.5179,4.5806,17506441.288
300760.SZ,2026-06-08,143.37,145.0,141.08,142.74,144.39,-1.65,-1.1427,80154.42,1143298.111,0.6617,0.97,21.272,4.5283,17306388.458
300760.SZ,2026-06-09,142.88,143.5,140.64,142.33,142.74,-0.41,-0.2872,62916.37,893180.54281,0.5194,0.77,21.2109,4.5152,17256678.3608
300760.SZ,2026-06-10,141.43,143.88,141.0,143.5,142.33,1.17,0.822,65777.63,938962.20595,0.543,0.84,21.3852,4.5524,17398534.0039
300760.SZ,2026-06-11,142.6,147.65,142.5,146.88,143.5,3.38,2.3554,96107.84,1398520.17651,0.7934,1.28,21.8889,4.6596,17808339.1951
300760.SZ,2026-06-12,145.85,152.29,143.85,151.04,146.88,4.16,2.8322,125936.08,1885965.177,1.0396,1.64,22.5089,4.5656,18312714.815
300760.SZ,2026-06-15,151.2,151.21,146.0,146.5,151.04,-4.54,-3.0058,94240.15,1390759.55973,0.7779,1.09,21.8323,4.4284,17762266.4221
300760.SZ,2026-06-16,146.0,146.2,142.58,142.9,146.5,-3.6,-2.4573,69018.22,991774.77389,0.5697,0.78,21.2958,4.3196,17325787.5203
300760.SZ,2026-06-17,142.69,144.24,142.49,143.35,142.9,0.45,0.3149,53957.61,773093.74072,0.4454,0.6,21.3629,4.3332,17380347.383
300760.SZ,2026-06-18,143.35,145.25,140.01,140.01,143.35,-3.34,-2.33,104817.52,1485815.10624,0.8653,1.19,20.8651,4.2322,16975391.9574
300760.SZ,2026-06-22,139.96,142.5,136.93,141.85,140.01,1.84,1.3142,106401.32,1477642.49491,0.8783,1.19,21.1393,4.2878,17198481.1739
300760.SZ,2026-06-23,141.33,144.5,139.01,139.38,141.85,-2.47,-1.7413,90100.97,1278496.39155,0.7438,1.05,20.7712,4.2132,16899008.1496
300760.SZ,2026-06-24,141.0,143.17,136.65,136.73,139.38,-2.65,-1.9013,106482.46,1480071.25797,0.879,1.25,20.3763,4.1331,16577711.1802
300760.SZ,2026-06-25,135.01,139.44,134.01,138.16,136.73,1.43,1.0459,130453.39,1782104.38683,1.0769,1.41,20.5894,4.1763,16751090.2995
300760.SZ,2026-06-26,138.98,140.79,133.83,133.98,138.16,-4.18,-3.0255,106565.78,1447654.32204,0.8797,0.99,19.9665,4.0499,16244289.7968
300760.SZ,2026-06-29,133.34,139.76,130.66,137.49,133.98,3.51,2.6198,158540.91,2156209.23115,1.3087,1.47,20.4896,4.156,16669856.7261
300760.SZ,2026-06-30,136.97,137.49,134.71,135.83,137.49,-1.66,-1.2074,89204.56,1210623.02619,0.7364,0.75,20.2422,4.1058,16468591.4547
300760.SZ,2026-07-01,135.73,142.5,134.77,141.7,135.83,5.87,4.3216,130570.08,1826413.72068,1.0778,1.1,21.117,4.2833,17180294.553
300760.SZ,2026-07-02,142.13,144.08,137.91,139.2,141.7,-2.5,-1.7643,134438.14,1878805.2475,1.1098,1.09,20.7444,4.2077,16877184.2045
300760.SZ,2026-07-03,140.41,144.06,138.5,140.02,139.2,0.82,0.5891,121739.46,1710892.99334,1.0049,0.98,20.8666,4.2325,16976604.3988
300760.SZ,2026-07-06,139.85,142.46,138.31,140.6,140.02,0.58,0.4142,123219.21,1735279.18351,1.0172,0.97,20.953,4.25,17046925.9996
300760.SZ,2026-07-07,139.12,139.88,137.37,138.17,140.6,-2.43,-1.7283,83055.82,1147918.63556,0.6856,0.69,20.5909,4.1766,16752302.7409
300760.SZ,2026-07-08,137.98,139.15,136.08,138.0,138.17,-0.17,-0.123,72916.18,1003961.63366,0.6019,0.61,20.5656,4.1714,16731691.2372
300760.SZ,2026-07-09,136.8,140.77,136.02,139.5,138.0,1.5,1.087,90372.73,1255901.56304,0.746,0.84,20.7891,4.2168,16913557.4463
