ts_code,trade_date,open,high,low,close,pre_close,change,pct_chg,vol,amount,turnover_rate,volume_ratio,pe,pb,total_mv
300223.SZ,2023-01-03,70.46,71.47,69.8,71.22,70.44,0.78,1.1073,26785.4,189921.507,0.653,1.1,37.031,3.059,3429740.9061
300223.SZ,2023-01-04,71.22,72.33,69.68,69.98,71.22,-1.24,-1.7411,39795.66,281462.924,0.9702,1.65,36.3863,3.0057,3370026.2372
300223.SZ,2023-01-05,70.18,70.93,69.68,70.42,69.98,0.44,0.6288,26789.1,188623.715,0.6531,1.02,36.615,3.0246,3391215.3133
300223.SZ,2023-01-06,70.05,71.73,69.57,71.04,70.42,0.62,0.8804,41895.97,297437.437,1.0214,1.53,36.9374,3.0513,3421072.6477
300223.SZ,2023-01-09,70.6,72.37,70.58,71.01,71.04,-0.03,-0.0422,41319.97,294486.335,1.0074,1.32,36.9218,3.05,3419627.938
300223.SZ,2023-01-10,70.91,72.6,70.66,71.81,71.01,0.8,1.1266,47905.44,344197.968,1.1679,1.36,37.3378,3.0843,3458153.5309
300223.SZ,2023-01-11,71.68,73.08,71.4,71.53,71.81,-0.28,-0.3899,41674.81,301036.342,1.016,1.05,37.1922,3.0723,3444669.5734
300223.SZ,2023-01-12,71.53,71.75,69.8,70.2,71.53,-1.33,-1.8594,41271.82,290333.54,1.0062,1.03,36.5006,3.0152,3380620.7752
300223.SZ,2023-01-13,70.2,70.7,69.66,70.21,70.2,0.01,0.0142,27707.36,193985.394,0.6755,0.65,36.5058,3.0156,3381102.3451
300223.SZ,2023-01-16,69.66,75.8,69.51,75.56,70.21,5.35,7.62,102769.4,749822.608,2.5055,2.57,39.2876,3.2454,3638742.2475
300223.SZ,2023-01-17,75.05,77.76,74.82,76.62,75.56,1.06,1.4029,88304.94,677709.874,2.1529,1.69,39.8387,3.2909,3689788.6581
300223.SZ,2023-01-18,76.9,76.92,75.68,76.59,76.62,-0.03,-0.0392,40080.35,305666.541,0.9772,0.66,39.8231,3.2896,3688343.9483
300223.SZ,2023-01-19,76.62,80.0,76.18,79.73,76.59,3.14,4.0998,82902.31,652328.497,2.0212,1.38,41.4558,3.4245,3839556.9004
300223.SZ,2023-01-20,79.11,80.29,78.93,79.99,79.73,0.26,0.3261,56466.76,450003.562,1.3767,0.83,41.591,3.4357,3852077.7181
300223.SZ,2023-01-30,80.33,80.92,78.21,79.72,79.99,-0.27,-0.3375,52536.55,419690.378,1.2808,0.71,41.4506,3.4241,3839075.3305
300223.SZ,2023-01-31,79.01,79.96,77.66,77.85,79.72,-1.87,-2.3457,45970.33,359926.686,1.1208,0.72,40.4783,3.3438,3749021.7571
300223.SZ,2023-02-01,77.87,80.08,77.87,79.48,77.85,1.63,2.0938,42406.53,334878.131,1.0339,0.76,41.3258,3.4138,3827517.6526
300223.SZ,2023-02-02,79.64,81.0,79.12,79.13,79.48,-0.35,-0.4404,60336.78,482960.342,1.471,1.08,41.1438,3.3987,3810662.7057
300223.SZ,2023-02-03,78.52,79.78,77.5,78.92,79.13,-0.21,-0.2654,40808.59,319965.646,0.9949,0.79,41.0346,3.3897,3800549.7376
300223.SZ,2023-02-06,78.08,79.36,77.76,77.9,78.92,-1.02,-1.2924,25035.95,195943.351,0.6104,0.52,40.5043,3.3459,3751429.6067
300223.SZ,2023-02-07,78.49,78.67,77.25,78.19,77.9,0.29,0.3723,26764.75,208588.524,0.6525,0.62,40.6551,3.3584,3765395.1341
300223.SZ,2023-02-08,78.6,80.39,77.18,77.31,78.19,-0.88,-1.1255,42451.42,333462.309,1.035,1.09,40.1975,3.3206,3723016.9819
300223.SZ,2023-02-09,76.8,80.7,76.31,80.3,77.31,2.99,3.8675,88774.73,706333.264,2.1643,2.27,41.7522,3.449,3867006.3853
300223.SZ,2023-02-10,81.0,84.49,80.1,80.72,80.3,0.42,0.523,118700.1,977659.2,2.8939,2.65,41.9705,3.467,3887232.3216
300223.SZ,2023-02-13,80.5,82.87,78.91,81.28,80.72,0.56,0.6938,109275.57,879050.622,2.6641,1.81,42.2617,3.4911,3914200.2366
300223.SZ,2023-02-14,80.77,83.7,79.39,79.76,81.28,-1.52,-1.8701,79899.7,646070.255,1.948,1.04,41.4714,3.4258,3841001.6101
300223.SZ,2023-02-15,79.51,81.0,78.68,80.7,79.76,0.94,1.1785,67428.88,538329.538,1.6439,0.77,41.9601,3.4662,3886269.1818
300223.SZ,2023-02-16,81.94,86.68,80.61,83.58,80.7,2.88,3.5688,196922.51,1655629.005,4.801,2.12,43.4576,3.5899,4024961.3161
300223.SZ,2023-02-17,82.9,83.65,77.3,77.35,83.58,-6.23,-7.4539,172506.8,1376637.926,4.2057,1.51,40.2183,3.3223,3724943.2616
300223.SZ,2023-02-20,76.95,77.33,74.61,76.99,77.35,-0.36,-0.4654,91565.01,693826.999,2.2324,0.73,40.0311,3.3068,3707606.7448
300223.SZ,2023-02-21,76.68,77.69,75.77,76.6,76.99,-0.39,-0.5066,52660.43,403484.881,1.2839,0.43,39.8283,3.2901,3688825.5183
300223.SZ,2023-02-22,75.56,77.59,75.51,76.99,76.6,0.39,0.5091,37458.74,286502.55,0.9132,0.32,40.0311,3.3068,3707606.7448
300223.SZ,2023-02-23,76.8,77.4,76.01,76.9,76.99,-0.09,-0.1169,33773.0,259066.043,0.8234,0.31,39.9843,3.303,3703272.6156
300223.SZ,2023-02-24,77.7,78.27,76.86,77.0,76.9,0.1,0.13,43305.85,335531.508,1.0558,0.56,40.0363,3.3073,3708088.3147
300223.SZ,2023-02-27,75.8,76.7,74.51,74.88,77.0,-2.12,-2.7532,44187.25,333600.469,1.0773,0.85,38.934,3.2162,3605995.4936
300223.SZ,2023-02-28,75.32,75.78,74.34,75.7,74.88,0.82,1.0951,26818.79,201587.256,0.6538,0.63,39.3604,3.2514,3645484.2263
300223.SZ,2023-03-01,75.2,76.69,75.09,76.47,75.7,0.77,1.0172,41263.35,313401.012,1.006,1.11,39.7607,3.2845,3682565.1094
300223.SZ,2023-03-02,76.5,78.1,76.22,76.42,76.47,-0.05,-0.0654,41943.28,322954.724,1.0226,1.11,39.7347,3.2823,3680157.2599
300223.SZ,2023-03-03,78.8,79.51,77.07,77.9,76.42,1.48,1.9367,73508.62,576183.787,1.7921,1.86,40.5043,3.3459,3751429.6067
300223.SZ,2023-03-06,77.0,77.98,76.12,77.1,77.9,-0.8,-1.027,51846.05,399107.271,1.264,1.14,40.0883,3.3115,3712904.0138
300223.SZ,2023-03-07,77.1,77.55,74.88,74.88,77.1,-2.22,-2.8794,43018.38,326335.25,1.0488,0.91,38.934,3.2162,3605995.4936
300223.SZ,2023-03-08,74.51,76.22,74.45,76.12,74.88,1.24,1.656,33985.71,256896.088,0.8286,0.68,39.5788,3.2695,3665710.1625
300223.SZ,2023-03-09,76.13,77.28,75.73,75.88,76.12,-0.24,-0.3153,45142.76,345668.036,1.1006,0.92,39.454,3.2591,3654152.4847
300223.SZ,2023-03-10,74.94,75.98,73.81,73.97,75.88,-1.91,-2.5171,48581.15,363149.973,1.1844,0.98,38.4609,3.1771,3562172.6317
300223.SZ,2023-03-13,73.75,74.7,73.0,73.91,73.97,-0.06,-0.0811,38407.41,283806.669,0.9364,0.86,38.4297,3.1745,3559283.2122
300223.SZ,2023-03-14,73.39,78.15,73.16,77.77,73.91,3.86,5.2226,100014.59,759531.529,2.4384,2.39,40.4367,3.3403,3745169.1978
300223.SZ,2023-03-15,78.44,78.8,77.06,77.19,77.77,-0.58,-0.7458,69831.14,543676.351,1.7025,1.31,40.1351,3.3154,3717238.143
300223.SZ,2023-03-16,76.5,78.85,76.5,77.35,77.19,0.16,0.2073,69592.58,541908.537,1.6967,1.15,40.2183,3.3223,3724943.2616
300223.SZ,2023-03-17,78.5,79.12,77.34,78.37,77.35,1.02,1.3187,85493.43,668759.797,2.0843,1.31,40.7487,3.3661,3774063.3925
300223.SZ,2023-03-20,78.32,81.1,78.0,79.54,78.37,1.17,1.4929,105294.85,841862.866,2.5671,1.45,41.357,3.4163,3830407.0721
300223.SZ,2023-03-21,79.6,80.2,78.6,79.64,79.54,0.1,0.1257,54136.92,429515.98,1.3199,0.63,41.409,3.4206,3835222.7712
300223.SZ,2023-03-22,79.74,80.9,78.92,80.16,79.64,0.52,0.6529,63825.8,510675.388,1.5561,0.83,41.6794,3.443,3860264.4066
300223.SZ,2023-03-23,79.5,85.8,79.5,85.36,80.16,5.2,6.487,175533.34,1462294.99,4.2795,2.32,44.3831,3.6663,4110680.7603
300223.SZ,2023-03-24,84.88,86.5,83.0,85.43,85.36,0.07,0.082,145033.63,1229386.478,3.5359,1.5,44.4195,3.6693,4114051.7497
300223.SZ,2023-03-27,84.68,85.72,82.8,83.54,85.43,-1.89,-2.2123,115743.82,973343.545,2.8218,1.06,43.4368,3.5882,4023035.0365
300223.SZ,2023-03-28,82.82,83.6,81.6,81.83,83.54,-1.71,-2.0469,72678.18,598515.953,1.7719,0.66,42.5477,3.5147,3940686.5817
300223.SZ,2023-03-29,81.8,85.45,81.3,84.43,81.83,2.6,3.1773,128762.7,1078553.914,3.1392,1.12,43.8996,3.6264,4065894.7586
300223.SZ,2023-03-30,85.28,91.91,85.28,88.76,84.43,4.33,5.1285,259997.08,2323591.447,6.3387,2.04,46.151,3.8124,4274414.53
300223.SZ,2023-03-31,88.01,89.66,86.95,89.01,88.76,0.25,0.2817,120571.34,1065062.832,2.9395,0.83,46.2809,3.8231,4286453.7778
300223.SZ,2023-04-03,98.4,105.55,96.66,100.3,89.01,11.29,12.684,416775.94,4201870.22,10.161,2.99,52.1512,4.308,4830146.2073
300223.SZ,2023-04-04,100.02,112.58,100.02,110.24,100.3,9.94,9.9103,478488.34,5029786.342,11.6656,2.4,57.3195,4.735,5308826.6989
300223.SZ,2023-04-06,108.86,119.88,107.71,109.38,110.24,-0.86,-0.7801,441980.88,5044260.628,10.7755,1.57,56.8724,4.698,5267411.6865
300223.SZ,2023-04-07,111.79,115.9,108.51,112.98,109.38,3.6,3.2913,345887.19,3876455.203,8.4327,1.01,58.7442,4.8526,5440776.8545
300223.SZ,2023-04-10,111.65,112.88,102.4,103.99,112.98,-8.99,-7.9572,347318.37,3744268.255,8.4677,0.96,63.4512,4.4621,5007845.5045
300223.SZ,2023-04-11,107.0,113.15,106.76,109.12,103.99,5.13,4.9332,337799.93,3709068.197,8.2356,0.83,66.5814,4.6822,5254890.8688
300223.SZ,2023-04-12,108.64,110.77,105.12,108.73,109.12,-0.39,-0.3574,209583.22,2271525.807,5.1097,0.54,66.3434,4.6655,5236109.6423
300223.SZ,2023-04-13,106.6,107.5,104.0,104.61,108.73,-4.12,-3.7892,167931.57,1773504.508,4.0942,0.5,63.8295,4.4887,5037702.839
300223.SZ,2023-04-14,104.68,105.48,98.3,104.0,104.61,-0.61,-0.5831,270068.2,2766414.698,6.5843,0.96,63.4573,4.4626,5008327.0744
300223.SZ,2023-04-17,103.0,106.0,101.68,102.2,104.0,-1.8,-1.7308,154101.29,1592900.168,3.757,0.58,62.359,4.3853,4921644.4904
300223.SZ,2023-04-18,101.45,103.37,99.0,102.58,102.2,0.38,0.3718,142306.2,1436870.915,3.4694,0.62,62.5909,4.4016,4939944.147
300223.SZ,2023-04-19,101.17,105.4,101.0,101.81,102.58,-0.77,-0.7506,176601.13,1823285.258,4.3056,0.94,62.121,4.3686,4902863.2639
300223.SZ,2023-04-20,100.0,105.48,100.0,105.48,101.81,3.67,3.6048,216993.15,2245003.372,5.2903,1.19,64.3604,4.5261,5079599.4212
300223.SZ,2023-04-21,104.1,104.1,93.93,95.75,105.48,-9.73,-9.2245,262279.54,2582722.097,6.3944,1.37,58.4234,4.1086,4611031.8978
300223.SZ,2023-04-24,95.58,96.7,91.3,92.33,95.75,-3.42,-3.5718,171219.35,1597969.439,4.1743,0.9,56.3367,3.9618,4446334.9883
300223.SZ,2023-04-25,93.78,96.6,92.4,93.23,92.33,0.9,0.9748,166915.96,1575019.669,4.0694,0.86,56.8858,3.9794,4489676.2803
300223.SZ,2023-04-26,91.84,92.69,87.11,87.8,93.23,-5.43,-5.8243,174497.04,1556590.206,4.2543,0.88,53.5726,3.7477,4228183.8186
300223.SZ,2023-04-27,87.91,90.61,87.06,87.83,87.8,0.03,0.0342,116378.21,1034314.472,2.8373,0.59,53.5909,3.7489,4229628.5283
300223.SZ,2023-04-28,86.4,89.3,86.26,88.42,87.83,0.59,0.6718,120234.23,1060369.053,2.9313,0.67,53.9509,3.7741,4258041.1531
300223.SZ,2023-05-04,87.03,87.74,83.5,84.05,88.42,-4.37,-4.9423,133458.85,1132964.627,3.2537,0.89,51.2845,3.5876,4047595.102
300223.SZ,2023-05-05,83.9,85.43,81.99,82.45,84.05,-1.6,-1.9036,96055.11,800055.813,2.3418,0.68,50.3082,3.5193,3970543.9162
300223.SZ,2023-05-08,82.46,83.28,81.8,82.96,82.45,0.51,0.6186,92502.6,764189.896,2.2552,0.72,50.6194,3.5411,3995103.9817
300223.SZ,2023-05-09,82.98,84.08,81.81,81.81,82.96,-1.15,-1.3862,108620.84,898443.261,2.6482,0.97,49.9177,3.492,3939723.4419
300223.SZ,2023-05-10,81.53,82.3,79.42,80.34,81.81,-1.47,-1.7968,82479.37,663575.912,2.0109,0.75,49.0208,3.4292,3868932.665
300223.SZ,2023-05-11,80.64,82.1,79.72,81.65,80.34,1.31,1.6306,114006.53,925479.718,2.7795,1.11,49.8201,3.4851,3932018.3233
300223.SZ,2023-05-12,81.65,83.28,79.8,79.8,81.65,-1.85,-2.2658,105935.66,865178.457,2.5827,1.07,48.6913,3.4062,3842927.8898
300223.SZ,2023-05-15,78.82,80.29,78.38,80.29,79.8,0.49,0.614,71313.39,565510.392,1.7386,0.71,48.9903,3.4271,3866524.8154
300223.SZ,2023-05-16,81.29,86.14,79.41,83.97,80.29,3.68,4.5834,205007.02,1710503.639,4.9981,2.13,51.2357,3.5842,4043742.5427
300223.SZ,2023-05-17,83.96,87.93,82.65,85.14,83.97,1.17,1.3934,180282.23,1546670.022,4.3808,1.56,51.9496,3.6341,4100086.2223
300223.SZ,2023-05-18,84.01,85.81,83.33,84.27,85.14,-0.87,-1.0218,108782.07,918535.614,2.6433,0.8,51.4187,3.597,4058189.64
300223.SZ,2023-05-19,85.94,90.86,85.74,88.87,84.27,4.6,5.4586,217574.22,1934454.353,5.2869,1.62,54.2255,3.7933,4279711.7991
300223.SZ,2023-05-22,95.2,95.99,89.77,91.38,88.87,2.51,2.8244,249298.24,2305300.153,5.9955,1.59,55.757,3.9005,4400585.8467
300223.SZ,2023-05-23,89.2,90.69,87.4,88.5,91.38,-2.88,-3.1517,145145.94,1292354.93,3.4907,0.76,53.9997,3.7775,4261893.7124
300223.SZ,2023-05-24,87.3,91.36,85.56,88.71,88.5,0.21,0.2373,165320.43,1466997.374,3.9759,0.92,54.1279,3.7865,4272006.6805
300223.SZ,2023-05-25,89.71,91.71,86.68,90.93,88.71,2.22,2.5025,146322.34,1305113.167,3.519,0.83,55.4824,3.8813,4378915.2007
300223.SZ,2023-05-26,90.21,96.0,89.63,94.01,90.93,3.08,3.3872,219545.11,2053104.234,5.28,1.19,57.3617,4.0127,4527238.7333
300223.SZ,2023-05-29,94.61,96.49,91.22,91.3,94.01,-2.71,-2.8827,164881.03,1540353.022,3.9653,0.89,55.7082,3.897,4396733.2874
300223.SZ,2023-05-30,90.6,93.8,89.19,93.77,91.3,2.47,2.7054,140980.5,1291384.937,3.3905,0.84,57.2153,4.0025,4515681.0554
300223.SZ,2023-05-31,92.75,95.95,90.81,94.42,93.77,0.65,0.6932,178225.88,1668627.427,4.2863,1.06,57.6119,4.0302,4546983.0997
300223.SZ,2023-06-01,92.76,94.9,91.68,92.06,94.42,-2.36,-2.4995,141195.88,1312793.132,3.3957,0.83,56.1719,3.9295,4433332.6007
300223.SZ,2023-06-02,92.02,92.4,89.6,90.27,92.06,-1.79,-1.9444,114302.74,1035502.391,2.7489,0.68,55.0797,3.8531,4347131.5866
300223.SZ,2023-06-05,89.67,91.76,88.91,89.12,90.27,-1.15,-1.274,92942.89,838487.405,2.2352,0.63,54.378,3.804,4291751.0468
300223.SZ,2023-06-06,88.5,88.9,84.87,85.0,89.12,-4.12,-4.623,119037.67,1032884.768,2.8628,0.89,51.8641,3.6281,4093344.2435
300223.SZ,2023-06-07,85.5,86.5,84.28,85.55,84.92,0.63,0.7419,70124.28,599266.058,1.6865,0.54,52.1997,3.6641,4119830.5886
300223.SZ,2023-06-08,85.56,85.6,83.12,84.0,85.55,-1.55,-1.8118,71525.82,600152.859,1.7202,0.67,51.254,3.5977,4045187.2524
300223.SZ,2023-06-09,84.45,88.28,83.21,88.16,84.0,4.16,4.9524,118954.38,1019788.633,2.8608,1.27,53.7923,3.7759,4245520.3354
300223.SZ,2023-06-12,87.11,89.92,87.0,88.26,88.16,0.1,0.1134,88340.0,782799.966,2.1245,0.93,53.8533,3.7802,4250336.0345
300223.SZ,2023-06-13,88.05,94.83,87.91,94.23,88.26,5.97,6.7641,206174.37,1899411.724,4.9584,2.2,57.496,4.0359,4537833.2714
300223.SZ,2023-06-14,93.77,95.0,92.91,93.61,94.23,-0.62,-0.658,121210.05,1136326.458,2.9151,1.09,57.1177,4.0093,4507975.9369
300223.SZ,2023-06-15,94.0,94.3,91.19,91.4,93.61,-2.21,-2.3609,104133.73,960206.1,2.5044,0.86,55.7692,3.9147,4401548.9865
300223.SZ,2023-06-16,91.01,93.85,90.49,93.36,91.4,1.96,2.1444,112769.73,1043686.091,2.7121,0.88,56.9651,3.9986,4495936.6891
300223.SZ,2023-06-19,92.55,95.52,91.8,93.75,93.36,0.39,0.4177,147438.04,1386781.188,3.5458,1.17,57.2031,4.0153,4514717.9156
300223.SZ,2023-06-20,92.7,93.63,91.75,92.3,93.75,-1.45,-1.5467,103979.46,961176.904,2.5007,0.75,56.3184,3.9532,4444890.2785
300223.SZ,2023-06-21,91.9,92.2,86.8,86.82,92.3,-5.48,-5.9372,125449.69,1112546.708,3.017,1.06,52.9746,3.7185,4180989.9673
300223.SZ,2023-06-26,85.1,88.68,85.1,87.21,86.82,0.39,0.4492,93622.81,815629.315,2.2516,0.79,53.2126,3.7352,4199771.1938
300223.SZ,2023-06-27,86.8,88.46,86.6,86.76,87.21,-0.45,-0.516,67461.4,588741.397,1.6224,0.58,52.938,3.716,4178100.5478
300223.SZ,2023-06-28,86.7,88.2,83.51,86.25,86.76,-0.51,-0.5878,80907.83,694656.106,1.9458,0.75,52.6269,3.6941,4153540.4824
300223.SZ,2023-06-29,87.14,91.44,87.14,88.25,86.25,2.0,2.3188,112762.29,1006410.31,2.7119,1.2,53.8472,3.7798,4249854.4646
300223.SZ,2023-06-30,87.4,88.8,85.96,88.31,88.25,0.06,0.068,75267.23,660012.402,1.8102,0.78,53.8838,3.7823,4252743.884
300223.SZ,2023-07-03,88.0,88.7,86.58,87.35,88.31,-0.96,-1.0871,75429.75,659808.606,1.8141,0.88,53.298,3.7412,4206513.1726
300223.SZ,2023-07-04,87.34,92.46,85.58,91.4,87.35,4.05,4.6365,173575.85,1552749.518,4.1744,2.11,55.7692,3.9147,4401548.9865
300223.SZ,2023-07-05,90.47,92.87,90.05,90.65,91.4,-0.75,-0.8206,109230.73,998880.605,2.627,1.05,55.3116,3.8826,4365431.2432
300223.SZ,2023-07-06,91.0,93.45,90.5,91.98,90.65,1.33,1.4672,105591.08,973148.407,2.5394,0.97,56.1231,3.9395,4429480.0414
300223.SZ,2023-07-07,91.05,91.22,88.02,88.79,91.98,-3.19,-3.4681,87739.41,784419.55,2.1101,0.81,54.1767,3.8029,4275859.2398
300223.SZ,2023-07-10,89.43,90.83,88.67,89.47,88.79,0.68,0.7659,62321.88,559952.781,1.4988,0.56,54.5916,3.832,4308605.9937
300223.SZ,2023-07-11,89.47,95.45,89.44,95.2,89.47,5.73,6.4044,242561.61,2284996.383,5.8335,2.25,58.0878,4.0774,4584545.5527
300223.SZ,2023-07-12,95.22,99.2,94.6,94.6,95.2,-0.6,-0.6303,259990.38,2519076.468,6.2527,2.14,57.7217,4.0517,4555651.3581
300223.SZ,2023-07-13,95.81,100.88,94.0,99.16,94.6,4.56,4.8203,252696.63,2484691.123,6.0773,1.67,60.5041,4.247,4775247.2375
300223.SZ,2023-07-14,99.05,100.79,97.17,97.35,99.16,-1.81,-1.8253,156470.96,1539489.339,3.7631,0.86,59.3997,4.1695,4688083.0836
300223.SZ,2023-07-17,96.29,97.33,94.5,95.86,97.35,-1.49,-1.5306,115676.29,1106870.858,2.782,0.59,58.4906,4.1057,4616329.1668
300223.SZ,2023-07-18,96.01,98.7,94.0,94.19,95.86,-1.67,-1.7421,136943.37,1320223.916,3.2934,0.67,57.4716,4.0342,4535906.9917
300223.SZ,2023-07-19,92.44,94.8,92.06,92.29,94.19,-1.9,-2.0172,86388.8,802652.363,2.0776,0.47,56.3123,3.9528,4444408.7086
300223.SZ,2023-07-20,92.48,93.24,90.1,90.26,92.29,-2.03,-2.1996,82433.95,754380.876,1.9825,0.55,55.0736,3.8659,4346650.0167
300223.SZ,2023-07-21,89.99,91.49,89.0,91.4,90.26,1.14,1.263,74839.63,678637.005,1.7999,0.65,55.7692,3.9147,4401548.9865
300223.SZ,2023-07-24,90.13,91.7,89.55,90.13,91.4,-1.27,-1.3895,57801.35,522905.409,1.3901,0.58,54.9943,3.8603,4340389.6078
300223.SZ,2023-07-25,91.43,93.62,90.26,93.29,90.13,3.16,3.506,88123.09,811784.151,2.1193,1.01,56.9224,3.9956,4492565.6997
300223.SZ,2023-07-26,92.5,94.49,92.3,92.56,93.29,-0.73,-0.7825,70149.96,653864.565,1.6871,0.9,56.477,3.9644,4457411.0962
300223.SZ,2023-07-27,92.31,94.4,92.13,93.1,92.56,0.54,0.5834,64041.89,595748.612,1.5402,0.86,56.8065,3.9875,4483415.8714
300223.SZ,2023-07-28,91.4,91.66,83.0,84.12,93.1,-8.98,-9.6455,255070.82,2184501.687,6.1344,3.59,51.3272,3.6029,4050966.0913
300223.SZ,2023-07-31,82.9,84.79,81.31,83.81,84.12,-0.31,-0.3685,117169.86,977127.495,2.8179,1.09,51.138,3.5896,4036037.4241
300223.SZ,2023-08-01,83.6,84.99,83.38,83.93,83.81,0.12,0.1432,71602.33,602681.281,1.722,0.6,51.2113,3.5947,4041816.263
300223.SZ,2023-08-02,83.76,84.43,82.7,83.01,83.93,-0.92,-1.0962,58916.46,492532.11,1.4169,0.51,50.6499,3.5553,3997511.8312
300223.SZ,2023-08-03,82.25,83.0,80.65,81.55,83.01,-1.46,-1.7588,91687.6,748344.786,2.2051,0.81,49.7591,3.4928,3927202.6242
300223.SZ,2023-08-04,81.58,82.2,79.2,80.72,81.55,-0.83,-1.0178,118463.37,952950.062,2.849,1.0,49.2526,3.4573,3887232.3216
300223.SZ,2023-08-07,80.69,81.52,80.4,81.15,80.72,0.43,0.5327,56672.26,459068.349,1.3629,0.62,49.515,3.4757,3907939.8278
300223.SZ,2023-08-08,79.68,80.98,78.78,80.13,81.15,-1.02,-1.2569,61626.96,493145.232,1.4821,0.78,48.8926,3.432,3858819.6968
300223.SZ,2023-08-09,79.79,80.42,79.5,79.81,80.13,-0.32,-0.3994,46249.86,369587.739,1.1123,0.6,48.6974,3.4183,3843409.4597
300223.SZ,2023-08-10,79.81,80.6,79.81,80.42,79.81,0.61,0.7643,42559.91,341322.246,1.0236,0.57,49.0696,3.4444,3872785.2243
300223.SZ,2023-08-11,80.43,80.5,78.6,79.03,80.42,-1.39,-1.7284,57710.05,458644.093,1.3879,0.89,48.2215,3.3849,3805847.0066
300223.SZ,2023-08-14,78.08,78.48,76.58,78.11,79.03,-0.92,-1.1641,50879.94,394109.746,1.2236,0.96,47.6601,3.3455,3761542.5748
300223.SZ,2023-08-15,78.2,78.79,75.89,76.8,78.11,-1.31,-1.6771,57562.84,444771.58,1.3844,1.11,46.8608,3.2894,3698456.9165
300223.SZ,2023-08-16,76.0,77.0,74.86,75.0,76.8,-1.8,-2.3438,54937.01,415225.675,1.3212,1.08,45.7625,3.2123,3611774.3325
300223.SZ,2023-08-17,74.1,75.9,74.1,75.39,75.0,0.39,0.52,47789.28,359422.581,1.1493,0.91,46.0004,3.229,3630555.559
300223.SZ,2023-08-18,75.21,76.0,73.75,73.8,75.39,-1.59,-2.109,39744.92,298042.758,0.9559,0.74,45.0303,3.1609,3553985.9432
300223.SZ,2023-08-21,74.39,74.39,72.38,72.38,73.8,-1.42,-1.9241,39609.5,289948.517,0.9526,0.79,44.1638,3.1001,3485603.0158
300223.SZ,2023-08-22,73.0,73.58,70.88,73.26,72.38,0.88,1.2158,60921.17,441093.446,1.4651,1.27,44.7008,3.1377,3527981.168
300223.SZ,2023-08-23,73.02,73.13,71.25,71.28,73.26,-1.98,-2.7027,32042.75,230993.609,0.7706,0.66,43.4927,3.0529,3432630.3256
300223.SZ,2023-08-24,71.77,73.48,71.15,72.39,71.28,1.11,1.5572,46275.3,334870.902,1.1129,1.05,44.1699,3.1005,3486084.5857
300223.SZ,2023-08-25,71.5,71.95,69.62,70.49,72.39,-1.9,-2.6247,54172.46,382773.401,1.3028,1.24,43.0106,3.0191,3394586.3026
300223.SZ,2023-08-28,74.49,75.2,70.0,70.4,70.49,-0.09,-0.1277,68528.26,494974.166,1.6481,1.47,42.9557,3.0153,3390252.1734
300223.SZ,2023-08-29,69.65,72.99,69.61,72.34,70.4,1.94,2.7557,72719.48,522158.094,1.7489,1.39,44.1394,3.0983,3483676.7362
300223.SZ,2023-08-30,72.4,75.24,72.4,73.43,72.34,1.09,1.5068,94079.16,695788.187,2.2626,1.72,44.8045,3.145,3536167.8565
300223.SZ,2023-08-31,72.72,74.44,72.05,73.84,73.43,0.41,0.5584,61906.49,455182.59,1.4888,0.92,45.0547,3.0718,3555912.2228
300223.SZ,2023-09-01,74.9,76.1,73.69,74.0,73.84,0.16,0.2167,65014.08,486149.385,1.5636,0.93,45.1523,3.0784,3563617.3414
300223.SZ,2023-09-04,74.03,76.39,73.7,76.25,74.0,2.25,3.0405,75438.59,566465.704,1.8143,1.04,46.5252,3.172,3671970.5714
300223.SZ,2023-09-05,75.99,78.18,75.6,76.55,76.25,0.3,0.3934,94143.84,725901.377,2.2641,1.28,46.7082,3.1845,3686417.6687
300223.SZ,2023-09-06,76.0,78.28,76.0,77.79,76.55,1.24,1.6199,83973.52,648512.448,2.0195,1.07,47.4648,3.2361,3746132.3377
300223.SZ,2023-09-07,77.35,77.59,75.82,75.82,77.79,-1.97,-2.5325,67683.65,518008.286,1.6278,0.89,46.2628,3.1541,3651263.0652
300223.SZ,2023-09-08,74.99,76.66,74.82,75.96,75.82,0.14,0.1846,39008.66,296697.716,0.9381,0.5,46.3482,3.1599,3658005.044
300223.SZ,2023-09-11,75.8,76.79,75.41,76.18,75.96,0.22,0.2896,43417.35,330625.447,1.0442,0.6,46.4825,3.1691,3668599.582
300223.SZ,2023-09-12,76.18,76.75,75.26,75.28,76.18,-0.9,-1.1814,36619.12,276990.601,0.8807,0.56,45.9333,3.1317,3625258.29
300223.SZ,2023-09-13,75.34,77.17,74.26,75.5,75.28,0.22,0.2922,56506.42,427133.735,1.359,1.04,46.0676,3.1408,3635852.8281
300223.SZ,2023-09-14,74.88,75.3,73.76,73.9,75.5,-1.6,-2.1192,42607.14,316357.403,1.0247,0.88,45.0913,3.0743,3558801.6423
300223.SZ,2023-09-15,74.33,77.0,73.12,75.38,73.9,1.48,2.0027,74931.55,564102.679,1.8021,1.72,45.9943,3.1358,3630073.9891
300223.SZ,2023-09-18,74.55,75.08,74.0,74.33,75.38,-1.05,-1.3929,42381.73,315472.327,1.0193,0.83,45.3537,3.0921,3579509.1485
300223.SZ,2023-09-19,74.3,76.28,73.2,75.15,74.33,0.82,1.1032,64947.09,486307.866,1.562,1.28,45.854,3.1263,3618997.8812
300223.SZ,2023-09-20,74.8,75.85,73.6,73.67,75.15,-1.48,-1.9694,47443.27,354379.77,1.141,0.84,44.951,3.0647,3547725.5343
300223.SZ,2023-09-21,73.29,74.56,73.2,74.16,73.67,0.49,0.6651,39118.9,289083.69,0.9408,0.72,45.2499,3.0851,3571322.46
300223.SZ,2023-09-22,73.77,76.59,72.52,76.37,74.16,2.21,2.98,78165.49,588386.471,1.8799,1.45,46.5984,3.177,3677749.4103
300223.SZ,2023-09-25,76.19,76.19,74.07,74.2,76.37,-2.17,-2.8414,55193.25,412914.62,1.3274,1.01,45.2743,3.0867,3573248.7396
300223.SZ,2023-09-26,74.01,74.74,72.52,72.89,74.2,-1.31,-1.7655,43611.33,320524.574,1.0488,0.77,44.475,3.0322,3510163.0813
300223.SZ,2023-09-27,72.75,74.2,72.72,73.46,72.89,0.57,0.782,37193.41,272967.204,0.8945,0.71,44.8228,3.0559,3537612.5662
300223.SZ,2023-09-28,73.45,74.39,73.15,73.71,73.46,0.25,0.3403,31732.95,234299.787,0.7632,0.63,44.9754,3.0663,3549651.814
300223.SZ,2023-10-09,73.58,75.86,73.58,74.99,73.71,1.28,1.7365,58294.71,436670.192,1.402,1.19,45.7564,3.1196,3611292.7626
300223.SZ,2023-10-10,74.83,77.49,74.37,76.81,74.99,1.82,2.427,82725.95,629479.013,1.9895,1.83,46.8669,3.1953,3698938.4864
300223.SZ,2023-10-11,76.45,77.79,75.8,76.83,76.81,0.02,0.026,69034.33,529651.08,1.6603,1.36,46.8791,3.1961,3699901.6262
300223.SZ,2023-10-12,76.87,77.08,75.61,76.49,76.83,-0.34,-0.4425,44073.6,336137.908,1.06,0.79,46.6716,3.182,3683528.2492
300223.SZ,2023-10-13,76.0,77.43,75.65,76.63,76.49,0.14,0.183,56664.3,433479.383,1.3628,0.99,46.7571,3.1878,3690270.228
300223.SZ,2023-10-16,76.05,76.3,67.17,67.9,76.63,-8.73,-11.3924,144948.12,1023195.574,3.486,2.33,41.4303,2.8247,3269859.6957
300223.SZ,2023-10-17,67.8,69.79,67.3,68.9,67.9,1.0,1.4728,67054.79,459329.214,1.6126,0.84,42.0405,2.8663,3318016.6868
300223.SZ,2023-10-18,68.5,69.85,67.61,67.65,68.9,-1.25,-1.8142,53698.92,368037.405,1.2914,0.7,41.2778,2.8143,3257820.4479
300223.SZ,2023-10-19,67.34,70.53,66.96,68.59,67.65,0.94,1.3895,66388.7,459822.476,1.5966,0.91,41.8513,2.8534,3303088.0195
300223.SZ,2023-10-20,68.0,68.85,66.62,66.83,68.59,-1.76,-2.566,47126.74,317145.603,1.1334,0.61,40.7774,2.7801,3218331.7152
300223.SZ,2023-10-23,66.4,66.75,64.5,65.61,66.83,-1.22,-1.8255,50278.42,328355.744,1.2092,0.66,40.033,2.7294,3159580.1861
300223.SZ,2023-10-24,66.0,67.36,64.59,66.33,65.61,0.72,1.0974,46658.83,308076.162,1.1221,0.82,40.4723,2.7593,3194253.2197
300223.SZ,2023-10-25,66.2,67.47,65.9,67.05,66.33,0.72,1.0855,52101.52,348239.739,1.253,0.99,40.9117,2.7893,3228926.2533
300223.SZ,2023-10-26,66.61,68.33,66.39,67.82,67.05,0.77,1.1484,55229.52,371772.607,1.3283,1.05,41.3815,2.8156,3266007.1364
300223.SZ,2023-10-27,67.99,71.2,67.85,70.66,67.82,2.84,4.1876,88768.43,621176.614,2.1349,1.77,43.1144,2.9335,3402772.9911
300223.SZ,2023-10-30,70.0,74.26,69.9,73.61,70.66,2.95,4.1749,94908.12,691409.576,2.2825,1.62,44.9143,3.056,3544836.1149
300223.SZ,2023-10-31,73.73,74.96,73.2,73.8,73.61,0.19,0.2581,59750.09,441799.771,1.437,0.88,45.0303,3.0639,3553985.9432
300223.SZ,2023-11-01,73.5,75.0,73.37,73.41,73.8,-0.39,-0.5285,39528.85,292274.5,0.9507,0.56,44.7923,3.0477,3535204.7167
300223.SZ,2023-11-02,73.7,74.3,72.25,72.31,73.41,-1.1,-1.4984,38034.24,277885.104,0.9147,0.56,44.1211,3.002,3482232.0264
300223.SZ,2023-11-03,72.46,76.99,72.46,76.27,72.31,3.96,5.4764,88993.63,669237.43,2.1403,1.39,46.5374,3.1664,3672933.7112
300223.SZ,2023-11-06,76.59,77.77,76.27,77.36,76.27,1.09,1.4291,74433.7,573368.158,1.7901,1.16,47.2025,3.2117,3725424.8315
300223.SZ,2023-11-07,77.2,77.7,76.59,77.36,77.36,0.0,0.0,58140.38,449322.945,1.3983,0.97,47.2025,3.2117,3725424.8315
300223.SZ,2023-11-08,76.99,78.58,76.8,77.56,77.36,0.2,0.2585,57840.56,449780.544,1.391,0.97,47.3245,3.22,3735056.2297
300223.SZ,2023-11-09,77.5,77.76,76.42,76.7,77.56,-0.86,-1.1088,48248.1,370959.18,1.1604,0.76,46.7998,3.1843,3693641.2174
300223.SZ,2023-11-10,76.8,77.96,76.29,76.57,76.7,-0.13,-0.1695,43419.34,334212.482,1.0442,0.66,46.7204,3.1789,3687380.8085
300223.SZ,2023-11-13,77.0,77.29,75.84,76.43,76.57,-0.14,-0.1828,34921.88,266599.686,0.8399,0.62,46.635,3.1731,3680638.8298
300223.SZ,2023-11-14,76.05,77.39,75.88,76.32,76.43,-0.11,-0.1439,35227.53,269594.635,0.8472,0.73,46.5679,3.1685,3675341.5608
300223.SZ,2023-11-15,77.0,78.15,76.53,77.0,76.32,0.68,0.891,55992.76,432834.453,1.3466,1.27,46.9828,3.1967,3708088.3147
300223.SZ,2023-11-16,76.4,76.7,74.79,74.91,77.0,-2.09,-2.7143,56186.71,424060.558,1.3513,1.29,45.7076,3.11,3607440.2033
300223.SZ,2023-11-17,74.55,75.5,73.95,74.53,74.91,-0.38,-0.5073,41835.44,311982.099,1.0061,0.93,45.4757,3.0942,3589140.5467
300223.SZ,2023-11-20,75.1,75.2,72.78,73.04,74.53,-1.49,-1.9992,69677.85,511655.263,1.6757,1.55,44.5666,3.0323,3517386.6299
300223.SZ,2023-11-21,73.12,73.31,71.71,71.95,73.04,-1.09,-1.4923,46637.2,337944.783,1.1216,0.9,43.9015,2.9871,3464895.5096
300223.SZ,2023-11-22,71.7,71.8,70.03,70.08,71.95,-1.87,-2.599,46368.82,328077.322,1.1152,0.86,42.7605,2.9094,3374841.9363
300223.SZ,2023-11-23,70.07,70.75,69.57,70.72,70.08,0.64,0.9132,31492.96,221415.958,0.7574,0.6,43.151,2.936,3405662.4106
300223.SZ,2023-11-24,70.68,70.68,69.32,69.47,70.72,-1.25,-1.7675,29451.7,205592.051,0.7083,0.62,42.3883,2.8841,3345466.1717
300223.SZ,2023-11-27,69.0,70.1,69.0,69.26,69.47,-0.21,-0.3023,44186.33,307275.664,1.0627,0.99,42.2601,2.8754,3335353.2036
300223.SZ,2023-11-28,69.64,69.71,68.41,69.25,69.26,-0.01,-0.0144,41646.91,287561.149,1.0016,1.05,42.254,2.875,3334871.6337
300223.SZ,2023-11-29,69.23,70.33,68.55,68.72,69.25,-0.53,-0.7653,44369.74,308229.596,1.0671,1.15,41.9306,2.853,3309348.4284
300223.SZ,2023-11-30,68.23,68.7,67.11,68.06,68.72,-0.66,-0.9604,42491.3,287899.096,1.0219,1.11,41.5279,2.8256,3277564.8143
300223.SZ,2023-12-01,68.0,68.99,67.7,68.9,68.06,0.84,1.2342,47570.08,325337.045,1.144,1.18,42.0405,2.8605,3318016.6868
300223.SZ,2023-12-04,69.09,69.55,68.4,68.84,68.9,-0.06,-0.0871,47795.58,329520.542,1.1495,1.08,42.0039,2.858,3315127.2673
300223.SZ,2023-12-05,68.33,68.6,66.0,66.0,68.84,-2.84,-4.1255,51492.29,344785.746,1.2384,1.15,40.271,2.7401,3178361.4126
300223.SZ,2023-12-06,65.92,66.7,65.69,66.25,66.0,0.25,0.3788,39349.05,260843.694,0.9463,0.84,40.4235,2.7504,3190400.6604
300223.SZ,2023-12-07,66.19,66.23,64.73,65.18,66.25,-1.07,-1.6151,53158.93,346498.225,1.2785,1.16,39.7706,2.706,3138872.6799
300223.SZ,2023-12-08,65.68,66.5,65.25,66.35,65.18,1.17,1.795,73021.89,482177.039,1.7562,1.53,40.4845,2.7546,3195216.3595
300223.SZ,2023-12-11,66.0,68.4,65.01,68.24,66.35,1.89,2.8485,65001.06,433860.089,1.5633,1.23,41.6378,2.8331,3286233.0727
300223.SZ,2023-12-12,68.23,68.36,67.42,68.02,68.24,-0.22,-0.3224,49542.43,336216.68,1.1915,0.88,41.5035,2.8239,3275638.5346
300223.SZ,2023-12-13,67.76,68.28,67.04,67.07,68.02,-0.95,-1.3966,40281.93,272837.013,0.9688,0.72,40.9239,2.7845,3229889.3931
300223.SZ,2023-12-14,67.58,69.2,67.33,67.9,67.07,0.83,1.2375,62166.36,424212.674,1.4951,1.11,41.4303,2.8189,3269859.6957
300223.SZ,2023-12-15,68.44,68.44,66.51,66.79,67.9,-1.11,-1.6348,41424.16,278560.4,0.9962,0.71,40.753,2.7729,3216405.4356
300223.SZ,2023-12-18,66.13,66.68,65.6,65.79,66.79,-1.0,-1.4972,31152.32,205926.074,0.7492,0.6,40.1428,2.7313,3168248.4445
300223.SZ,2023-12-19,65.51,66.72,65.26,65.9,65.79,0.11,0.1672,32380.51,213320.904,0.7787,0.72,40.21,2.7359,3173545.7135
300223.SZ,2023-12-20,65.92,66.29,63.71,63.73,65.9,-2.17,-3.2929,38436.29,249094.782,0.9244,0.93,38.8859,2.6458,3069045.0428
300223.SZ,2023-12-21,62.68,64.85,62.68,64.5,63.73,0.77,1.2082,40927.12,261888.032,0.9843,1.0,39.3557,2.6778,3106125.926
300223.SZ,2023-12-22,64.54,64.91,63.13,63.21,64.5,-1.29,-2.0,38805.33,247313.362,0.9333,1.05,38.5686,2.6242,3044003.4074
300223.SZ,2023-12-25,63.1,64.29,63.1,63.58,63.21,0.37,0.5854,32638.76,207938.249,0.785,0.9,38.7944,2.6396,3061821.4941
300223.SZ,2023-12-26,63.35,64.2,61.4,61.83,63.58,-1.75,-2.7524,35423.54,220244.784,0.8519,0.97,37.7266,2.5669,2977546.7597
300223.SZ,2023-12-27,62.06,63.7,61.76,62.46,61.83,0.63,1.0189,37235.79,233432.218,0.8955,1.0,38.111,2.5931,3007885.6641
300223.SZ,2023-12-28,62.36,65.15,61.87,64.46,62.46,2.0,3.202,59273.89,378891.994,1.4255,1.6,39.3313,2.6761,3104199.6463
300223.SZ,2023-12-29,64.32,65.19,64.2,64.65,64.46,0.19,0.2948,50012.51,323138.218,1.2028,1.23,39.4473,2.684,3113349.4746
300223.SZ,2024-01-02,64.65,64.8,63.21,63.33,64.65,-1.32,-2.0418,43757.42,278357.353,1.0524,1.02,38.6418,2.6292,3049782.2464
300223.SZ,2024-01-03,63.08,63.37,61.81,62.2,63.33,-1.13,-1.7843,41700.1,260140.506,1.0029,0.92,37.9524,2.5823,2995364.8464
300223.SZ,2024-01-04,62.24,62.29,60.2,60.37,62.2,-1.83,-2.9421,51459.91,313563.815,1.2376,1.11,36.8357,2.5063,2907237.5527
300223.SZ,2024-01-05,60.28,60.88,59.05,59.63,60.37,-0.74,-1.2258,40309.89,242447.045,0.9694,0.82,36.3842,2.4756,2871601.3793
300223.SZ,2024-01-08,59.4,59.57,57.6,57.62,59.63,-2.01,-3.3708,41509.51,240937.226,0.9983,0.91,35.1578,2.3922,2774805.8272
300223.SZ,2024-01-09,58.03,58.78,56.95,57.64,57.62,0.02,0.0347,45269.0,261660.556,1.0887,1.03,35.17,2.393,2775768.967
300223.SZ,2024-01-10,57.4,57.83,55.85,57.06,57.64,-0.58,-1.0062,36815.61,209528.385,0.8854,0.84,34.8161,2.3689,2747837.9122
300223.SZ,2024-01-11,57.06,58.32,56.67,57.99,57.06,0.93,1.6299,41517.43,239564.996,0.9985,0.96,35.3836,2.4075,2792623.9139
300223.SZ,2024-01-12,57.77,57.77,56.45,56.53,57.99,-1.46,-2.5177,45655.47,260260.993,1.098,1.11,34.4927,2.3469,2722314.7069
300223.SZ,2024-01-15,56.24,57.68,55.8,56.74,56.53,0.21,0.3715,44089.86,250746.166,1.0603,1.05,34.6208,2.3556,2732427.675
300223.SZ,2024-01-16,56.45,56.84,55.13,56.39,56.74,-0.35,-0.6168,51577.76,288800.028,1.2404,1.21,34.4073,2.3411,2715572.7281
300223.SZ,2024-01-17,56.01,56.59,54.54,54.54,56.39,-1.85,-3.2807,41591.47,230240.939,1.0003,0.95,33.2785,2.2643,2626482.2946
300223.SZ,2024-01-18,54.21,55.15,53.0,54.89,54.54,0.35,0.6417,84522.14,457116.083,2.0327,1.88,33.492,2.2788,2643337.2415
300223.SZ,2024-01-19,54.48,55.35,54.13,54.35,54.89,-0.54,-0.9838,58930.2,321706.716,1.4173,1.1,33.1625,2.2564,2617332.4663
300223.SZ,2024-01-22,54.15,54.5,51.6,52.21,54.35,-2.14,-3.9374,77337.57,411901.183,1.8599,1.38,31.8568,2.1676,2514276.5053
300223.SZ,2024-01-23,52.0,52.98,51.48,52.15,52.21,-0.06,-0.1149,62968.11,329662.99,1.5144,1.0,31.8202,2.1651,2511387.0859
300223.SZ,2024-01-24,52.59,52.59,49.79,51.93,52.15,-0.22,-0.4219,101389.97,518756.581,2.4384,1.56,31.6859,2.1559,2500792.5478
300223.SZ,2024-01-25,51.96,53.22,51.25,53.19,51.93,1.26,2.4263,76716.64,402709.159,1.845,1.0,32.4548,2.2082,2561470.3566
300223.SZ,2024-01-26,52.71,52.87,50.97,51.09,53.19,-2.1,-3.9481,72907.98,377306.381,1.7534,0.97,31.1734,2.1211,2460340.6753
300223.SZ,2024-01-29,51.79,53.35,51.2,51.21,51.09,0.12,0.2349,93618.41,487665.402,2.2515,1.2,31.2466,2.126,2466119.5142
300223.SZ,2024-01-30,51.01,51.68,49.29,49.35,51.21,-1.86,-3.6321,64188.23,322977.176,1.5437,0.79,30.1117,2.0488,2376547.5108
300223.SZ,2024-01-31,49.0,49.75,47.51,47.55,49.35,-1.8,-3.6474,66418.49,321315.947,1.5973,0.81,29.0134,1.9741,2289864.9268
300223.SZ,2024-02-01,47.55,49.15,46.93,48.29,47.55,0.74,1.5563,63081.35,304063.312,1.5171,0.84,29.4649,2.0048,2325501.1002
300223.SZ,2024-02-02,48.45,48.79,44.3,45.66,48.29,-2.63,-5.4463,86170.94,399595.944,2.0724,1.2,27.8602,1.8956,2198848.2136
300223.SZ,2024-02-05,45.5,45.5,41.38,43.81,45.66,-1.85,-4.0517,114814.29,499815.132,2.7612,1.54,26.7314,1.8188,2109757.7801
300223.SZ,2024-02-06,43.47,46.78,43.0,46.67,43.81,2.86,6.5282,90850.99,412367.643,2.1849,1.15,28.4765,1.9376,2247486.7746
300223.SZ,2024-02-07,46.73,48.47,46.4,47.33,46.67,0.66,1.4142,107118.64,509377.281,2.5762,1.27,28.8792,1.965,2279270.3888
300223.SZ,2024-02-08,47.8,50.61,47.3,50.0,47.33,2.67,5.6412,120557.33,595257.101,2.8994,1.3,30.5083,2.0758,2407849.555
300223.SZ,2024-02-19,51.51,51.98,50.0,51.27,50.0,1.27,2.54,115821.94,588537.347,2.7855,1.11,31.2832,2.1285,2469008.9337
300223.SZ,2024-02-20,50.54,61.52,49.42,61.52,51.27,10.25,19.9922,205457.62,1126810.111,4.9412,1.87,37.5374,2.5541,2962618.0925
300223.SZ,2024-02-21,63.41,72.33,61.63,66.23,61.52,4.71,7.656,435402.64,2833209.74,10.4713,3.4,40.4113,2.7496,3189437.5206
300223.SZ,2024-02-22,62.0,66.0,61.52,64.64,66.23,-1.59,-2.4007,308382.54,1970722.959,7.4165,1.57,39.4412,2.6836,3112867.9047
300223.SZ,2024-02-23,64.63,69.69,63.27,66.07,64.64,1.43,2.2123,327655.28,2151066.149,7.88,1.38,40.3137,2.743,3181732.402
300223.SZ,2024-02-26,64.85,66.88,64.19,64.7,66.07,-1.37,-2.0736,238438.51,1554174.415,5.7344,0.86,39.4778,2.6861,3115757.3242
300223.SZ,2024-02-27,64.0,66.38,62.71,66.13,64.7,1.43,2.2102,255370.26,1651179.024,6.1416,0.84,40.3503,2.7455,3184621.8214
300223.SZ,2024-02-28,66.0,67.16,61.15,61.2,66.13,-4.93,-7.455,246187.69,1588367.559,5.9207,0.79,37.3422,2.5408,2947207.8553
300223.SZ,2024-02-29,60.5,65.64,60.27,65.55,61.2,4.35,7.1078,246576.94,1581578.759,5.9301,0.9,39.9964,2.7214,3156690.7666
300223.SZ,2024-03-01,65.88,70.28,64.9,68.15,65.55,2.6,3.9664,307418.59,2063200.372,7.3933,1.17,41.5828,2.8293,3281898.9435
300223.SZ,2024-03-04,67.9,68.98,66.05,67.59,68.15,-0.56,-0.8217,209301.69,1410126.627,5.0336,0.81,41.2411,2.8061,3254931.0284
300223.SZ,2024-03-05,66.3,68.59,64.69,65.91,67.59,-1.68,-2.4856,211961.05,1419181.328,5.0976,0.84,40.2161,2.7363,3174027.2834
300223.SZ,2024-03-06,64.5,65.88,64.01,64.65,65.91,-1.26,-1.9117,141380.82,916935.422,3.4002,0.58,39.4473,2.684,3113349.4746
300223.SZ,2024-03-07,64.74,65.73,62.64,62.7,64.65,-1.95,-3.0162,136527.96,873366.174,3.2835,0.61,38.2574,2.6031,3019443.342
300223.SZ,2024-03-08,63.04,65.3,62.56,65.04,62.7,2.34,3.7321,143686.56,923578.602,3.4556,0.71,39.6852,2.7002,3132130.7011
300223.SZ,2024-03-11,64.04,65.5,63.4,65.08,65.04,0.04,0.0615,121215.19,782569.023,2.9152,0.72,39.7096,2.7019,3134056.9808
300223.SZ,2024-03-12,64.7,69.5,64.67,66.87,65.08,1.79,2.7505,239915.82,1615511.609,5.7699,1.59,40.8018,2.7762,3220257.9949
300223.SZ,2024-03-13,66.99,70.25,65.91,68.12,66.87,1.25,1.8693,235950.62,1605657.628,5.6745,1.51,41.5645,2.8281,3280454.2337
300223.SZ,2024-03-14,67.05,67.43,65.06,66.54,68.12,-1.58,-2.3194,146103.4,969835.02,3.5137,0.83,40.6005,2.7625,3204366.1878
300223.SZ,2024-03-15,66.4,67.5,65.21,67.41,66.54,0.87,1.3075,118216.0,786273.437,2.8431,0.67,41.1313,2.7986,3246262.7701
300223.SZ,2024-03-18,68.1,68.4,66.52,68.23,67.41,0.82,1.2164,143599.2,971995.621,3.4535,0.83,41.6317,2.8326,3285751.5028
300223.SZ,2024-03-19,68.23,71.13,67.38,67.38,68.23,-0.85,-1.2458,204029.17,1413058.245,4.9068,1.15,41.113,2.7974,3244818.0603
300223.SZ,2024-03-20,66.66,68.1,66.28,67.36,67.38,-0.02,-0.0297,132814.8,891182.874,3.1942,0.78,41.1008,2.7965,3243854.9205
300223.SZ,2024-03-21,69.8,71.14,68.22,69.0,67.36,1.64,2.4347,232665.59,1622267.807,5.5955,1.56,42.1015,2.8646,3322832.3859
300223.SZ,2024-03-22,69.83,71.08,68.53,69.13,69.0,0.13,0.1884,230524.34,1609102.379,5.544,1.39,42.1808,2.87,3329092.7947
300223.SZ,2024-03-25,67.59,67.6,64.0,64.2,69.13,-4.93,-7.1315,183838.53,1213340.782,4.4213,0.97,39.1727,2.6653,3091678.8286
300223.SZ,2024-03-26,64.06,67.3,64.06,64.19,64.2,-0.01,-0.0156,140380.64,917873.862,3.3761,0.71,39.1666,2.6649,3091197.2587
300223.SZ,2024-03-27,64.01,64.01,60.0,60.21,64.19,-3.98,-6.2003,127266.48,783617.22,3.0607,0.69,36.7381,2.4997,2899532.4341
300223.SZ,2024-03-28,60.27,62.51,60.0,61.18,60.21,0.97,1.611,116111.99,711234.709,2.7925,0.63,37.33,2.54,2946244.7155
300223.SZ,2024-03-29,61.15,61.98,60.17,61.8,61.18,0.62,1.0134,79725.75,486471.504,1.9174,0.5,37.7083,2.5657,2976102.05
300223.SZ,2024-04-01,62.26,63.3,61.7,63.1,61.8,1.3,2.1036,83238.44,520967.166,2.0019,0.64,38.5015,2.6197,3038706.1384
300223.SZ,2024-04-02,63.77,64.0,60.88,61.25,63.1,-1.85,-2.9319,84376.79,523419.18,2.0292,0.77,37.3727,2.5429,2949615.7049
300223.SZ,2024-04-03,61.04,63.7,60.58,62.62,61.25,1.37,2.2367,112203.59,699538.482,2.6985,1.14,38.2086,2.5997,3015590.7827
300223.SZ,2024-04-08,61.71,62.89,60.66,60.82,62.62,-1.8,-2.8745,73486.0,453872.002,1.7673,0.77,37.1103,2.525,2928908.1987
300223.SZ,2024-04-09,61.0,62.0,59.51,61.99,60.82,1.17,1.9237,62802.37,381585.267,1.5104,0.73,37.8242,2.5736,2985251.8783
300223.SZ,2024-04-10,61.7,61.76,58.4,59.71,61.99,-2.28,-3.678,84308.15,505316.151,2.0276,1.01,36.433,2.4789,2875453.9386
300223.SZ,2024-04-11,59.0,63.18,58.7,61.72,59.71,2.01,3.3663,118903.79,734217.161,2.8596,1.43,37.6595,2.5624,2972249.4907
300223.SZ,2024-04-12,61.0,63.01,61.0,61.75,61.72,0.03,0.0486,87910.28,545306.482,2.1142,0.97,37.6778,2.5636,2973694.2004
300223.SZ,2024-04-15,61.47,62.98,61.0,62.47,61.75,0.72,1.166,92376.44,572620.085,2.2218,1.08,55.9952,2.5514,3008367.234
300223.SZ,2024-04-16,61.5,62.35,60.2,60.38,62.47,-2.09,-3.3456,71810.28,439037.781,1.7272,0.8,54.1218,2.466,2907719.1226
300223.SZ,2024-04-17,61.88,65.55,61.5,65.35,60.38,4.97,8.2312,155174.0,992256.634,3.7322,1.7,58.5767,2.669,3147059.3684
300223.SZ,2024-04-18,64.5,65.16,63.66,63.79,65.35,-1.56,-2.3871,105645.81,681067.619,2.541,1.0,57.1784,2.6053,3071934.4623
300223.SZ,2024-04-19,63.36,63.5,61.08,61.7,63.79,-2.09,-3.2764,91383.83,566742.83,2.198,0.89,55.305,2.5199,2971286.3509
300223.SZ,2024-04-22,60.45,62.23,59.06,61.5,61.7,-0.2,-0.3241,64318.44,391688.087,1.547,0.62,55.1257,2.5117,2961654.9527
300223.SZ,2024-04-23,61.7,62.5,60.7,61.05,61.5,-0.45,-0.7317,50030.62,306890.982,1.2033,0.51,54.7224,2.4934,2939984.3067
300223.SZ,2024-04-24,61.29,62.85,60.9,62.85,61.05,1.8,2.9484,80401.6,500674.098,1.9338,0.86,56.3358,2.5669,3026666.8906
300223.SZ,2024-04-25,59.6,62.2,59.11,60.6,62.85,-2.25,-3.58,108386.99,656713.918,2.6069,1.38,54.319,2.4712,2918313.6607
300223.SZ,2024-04-26,60.6,62.29,60.42,61.83,60.6,1.23,2.0297,83025.55,511507.589,1.9969,1.05,55.4215,2.5213,2977546.7597
300223.SZ,2024-04-29,61.88,63.7,61.88,63.02,61.83,1.19,1.9246,98395.91,619948.258,2.3666,1.27,56.4882,2.5699,3034853.5791
300223.SZ,2024-04-30,62.79,64.19,62.69,63.89,63.02,0.87,1.3805,92718.91,590563.749,2.2301,1.1,57.268,2.6053,3076750.1614
300223.SZ,2024-05-06,65.01,65.3,64.01,64.02,63.89,0.13,0.2035,87063.87,562068.15,2.094,0.94,57.3846,2.6106,3083010.5702
300223.SZ,2024-05-07,64.3,65.5,63.55,64.16,64.02,0.14,0.2187,71885.03,463973.063,1.729,0.77,57.51,2.6163,3089752.549
300223.SZ,2024-05-08,63.91,63.99,62.67,62.94,64.16,-1.22,-1.9015,55355.87,349617.421,1.3314,0.64,56.4165,2.5666,3031001.0198
300223.SZ,2024-05-09,62.95,64.48,62.8,64.29,62.94,1.35,2.1449,66015.44,421588.348,1.5878,0.81,57.6266,2.6216,3096012.9578
300223.SZ,2024-05-10,64.74,64.74,62.37,63.04,64.29,-1.25,-1.9443,74363.08,470218.381,1.7886,1.0,56.5061,2.5707,3035816.7189
300223.SZ,2024-05-13,62.43,63.51,61.26,62.6,63.04,-0.44,-0.698,53720.9,336477.096,1.2921,0.76,56.1117,2.5527,3014627.6429
300223.SZ,2024-05-14,62.61,63.74,61.71,62.13,62.6,-0.47,-0.7508,48906.67,305606.651,1.1763,0.76,55.6904,2.5336,2991993.857
300223.SZ,2024-05-15,62.0,62.33,59.94,60.09,62.13,-2.04,-3.2834,66177.91,402530.997,1.5917,1.11,53.8619,2.4504,2893753.5952
300223.SZ,2024-05-16,60.66,60.98,60.0,60.1,60.09,0.01,0.0166,43278.29,261681.225,1.0409,0.7,53.8709,2.4508,2894235.1651
300223.SZ,2024-05-17,59.98,60.5,59.37,60.49,60.1,0.39,0.6489,40277.49,241729.324,0.9687,0.7,54.2204,2.4667,2913016.3916
300223.SZ,2024-05-20,60.45,60.96,60.0,60.36,60.49,-0.13,-0.2149,43447.65,262495.12,1.045,0.86,54.1039,2.4614,2906755.9828
300223.SZ,2024-05-21,60.16,60.47,59.7,59.76,60.36,-0.6,-0.994,34387.0,206275.28,0.8271,0.71,53.5661,2.4369,2877861.7881
300223.SZ,2024-05-22,59.8,60.33,59.58,60.28,59.76,0.52,0.8701,33382.54,200280.817,0.8029,0.73,54.0322,2.4581,2902903.4235
300223.SZ,2024-05-23,60.37,60.37,59.0,59.0,60.28,-1.28,-2.1234,36939.98,220219.212,0.8885,0.95,52.8849,2.4059,2841262.4749
300223.SZ,2024-05-24,59.12,59.46,55.81,55.83,59.0,-3.17,-5.3729,75418.05,430558.879,1.8139,2.0,50.0434,2.2767,2688604.8131
300223.SZ,2024-05-27,56.2,57.28,54.69,57.28,55.83,1.45,2.5972,58888.14,330411.939,1.4164,1.32,51.3431,2.3358,2758432.4502
300223.SZ,2024-05-28,57.3,59.14,56.52,57.47,57.08,0.39,0.6833,80914.33,469622.043,1.9461,1.69,51.5134,2.3628,2767582.2785
300223.SZ,2024-05-29,56.95,57.5,56.36,56.61,57.47,-0.86,-1.4964,44244.6,251429.177,1.0642,0.77,50.7426,2.3274,2726167.2662
300223.SZ,2024-05-30,56.58,59.31,55.89,58.37,56.61,1.76,3.109,83429.76,483106.723,2.0066,1.41,52.3202,2.3998,2810923.5705
300223.SZ,2024-05-31,58.1,58.93,57.84,58.22,58.37,-0.15,-0.257,56984.0,332296.342,1.3706,0.83,52.1857,2.3936,2803700.0218
300223.SZ,2024-06-03,59.17,61.13,58.99,60.22,58.22,2.0,3.4352,125662.13,757938.017,3.0224,1.94,53.9784,2.4759,2900014.004
300223.SZ,2024-06-04,59.54,60.02,58.78,59.59,60.22,-0.63,-1.0462,64360.26,381355.198,1.548,0.82,53.4137,2.45,2869675.0996
300223.SZ,2024-06-05,59.37,60.64,59.22,59.33,59.59,-0.26,-0.4363,63037.26,379090.377,1.5162,0.84,53.1807,2.4393,2857154.282
300223.SZ,2024-06-06,60.0,60.64,58.31,58.45,59.33,-0.88,-1.4832,72483.13,431221.839,1.7434,0.92,52.3919,2.4031,2814776.1298
300223.SZ,2024-06-07,58.6,59.61,57.57,57.8,58.45,-0.65,-1.1121,52812.31,308351.539,1.2702,0.69,51.8092,2.3764,2783474.0856
300223.SZ,2024-06-11,58.0,60.3,57.92,60.11,57.8,2.31,3.9965,89645.55,533588.56,2.1561,1.18,53.8798,2.4713,2894716.735
300223.SZ,2024-06-12,59.91,60.47,59.51,59.87,60.11,-0.24,-0.3993,70498.64,422645.19,1.6956,1.03,53.6647,2.4615,2883159.0572
300223.SZ,2024-06-13,60.99,61.36,60.03,60.08,59.87,0.21,0.3508,109327.57,664328.58,2.6295,1.57,53.8529,2.4701,2893272.0253
300223.SZ,2024-06-14,59.41,61.35,59.07,60.77,60.08,0.69,1.1485,118659.93,716448.773,2.854,1.5,54.4714,2.4985,2926500.3491
300223.SZ,2024-06-17,60.4,61.6,60.3,60.93,60.77,0.16,0.2633,98433.63,601062.253,2.3675,1.12,54.6148,2.5051,2934205.4677
300223.SZ,2024-06-18,60.87,61.37,59.91,60.43,60.93,-0.5,-0.8206,79544.72,482126.778,1.9132,0.82,54.1666,2.4845,2910126.9722
300223.SZ,2024-06-19,61.1,61.49,59.15,59.98,60.43,-0.45,-0.7447,82132.16,493666.327,1.9754,0.86,53.7633,2.466,2888456.3262
300223.SZ,2024-06-20,59.6,60.8,58.5,58.62,59.98,-1.36,-2.2674,94434.42,564244.99,2.2713,0.97,52.5442,2.4101,2822962.8183
300223.SZ,2024-06-21,57.5,59.06,56.6,58.81,58.62,0.19,0.3241,62858.05,365157.764,1.5119,0.66,52.7146,2.4179,2832112.6466
300223.SZ,2024-06-24,58.8,59.55,56.68,56.75,58.81,-2.06,-3.5028,67267.13,391043.538,1.6179,0.81,50.8681,2.3332,2732909.2449
300223.SZ,2024-06-25,56.75,56.94,52.99,53.69,56.75,-3.06,-5.3921,97994.8,534055.286,2.357,1.27,48.1252,2.2074,2585548.8522
300223.SZ,2024-06-26,53.0,55.33,52.88,54.98,53.69,1.29,2.4027,87948.65,476474.844,2.1153,1.09,49.2815,2.2604,2647671.3707
300223.SZ,2024-06-27,54.53,57.58,54.38,55.18,54.98,0.2,0.3638,82627.62,463267.403,1.9873,1.01,49.4608,2.2687,2657302.7689
300223.SZ,2024-06-28,54.75,56.19,54.65,55.44,55.18,0.26,0.4712,59893.03,332558.249,1.4405,0.75,49.6938,2.2793,2669823.5866
300223.SZ,2024-07-01,55.09,55.76,53.59,55.51,55.44,0.07,0.1263,47173.0,257968.612,1.1346,0.6,49.7566,2.2822,2673194.576
300223.SZ,2024-07-02,55.42,55.54,54.01,54.16,55.51,-1.35,-2.432,36066.8,197464.221,0.8675,0.48,48.5465,2.2267,2608182.638
300223.SZ,2024-07-03,54.07,55.4,53.54,54.6,54.16,0.44,0.8124,41286.81,225164.601,0.993,0.66,48.9409,2.2448,2629371.7141
300223.SZ,2024-07-04,54.61,54.98,53.5,53.57,54.6,-1.03,-1.8864,42342.8,229372.01,1.0184,0.79,48.0177,2.2025,2579770.0132
300223.SZ,2024-07-05,53.41,54.03,52.66,53.63,53.57,0.06,0.112,32371.72,172549.534,0.7786,0.71,48.0714,2.2049,2582659.4327
300223.SZ,2024-07-08,53.87,54.57,52.74,52.89,53.63,-0.74,-1.3798,42712.6,229618.141,1.0273,1.07,47.4081,2.1745,2547023.2593
300223.SZ,2024-07-09,52.66,55.39,52.38,55.27,52.89,2.38,4.4999,86942.9,472157.928,2.0911,2.23,49.5415,2.2724,2661636.8981
300223.SZ,2024-07-10,54.67,55.85,54.54,55.42,55.27,0.15,0.2714,52630.6,291734.525,1.2659,1.07,49.6759,2.2785,2668860.4468
300223.SZ,2024-07-11,56.3,56.76,55.6,55.87,55.42,0.45,0.812,72601.58,407172.964,1.7462,1.41,50.0793,2.297,2690531.0928
300223.SZ,2024-07-12,55.3,56.03,54.76,55.76,55.87,-0.11,-0.1969,47096.59,260645.778,1.1328,0.82,49.9807,2.2925,2685233.8237
300223.SZ,2024-07-15,55.79,56.6,55.45,55.6,55.76,-0.16,-0.2869,42893.42,240154.618,1.0317,0.71,49.8373,2.2859,2677528.7052
300223.SZ,2024-07-16,55.51,57.14,55.06,56.97,55.6,1.37,2.464,67321.31,378937.353,1.6192,1.11,51.0653,2.3423,2743503.783
300223.SZ,2024-07-17,56.74,57.39,56.4,56.52,56.97,-0.45,-0.7899,56494.77,321564.696,1.3588,1.0,50.6619,2.3237,2721833.137
300223.SZ,2024-07-18,55.78,56.88,54.53,56.43,56.52,-0.09,-0.1592,64101.84,357278.115,1.5418,1.12,50.5812,2.32,2717499.0078
300223.SZ,2024-07-19,56.06,62.26,55.9,60.11,56.43,3.68,6.5214,180002.27,1074322.938,4.3294,3.24,53.8798,2.4713,2894716.735
300223.SZ,2024-07-22,60.0,60.77,59.33,60.09,60.11,-0.02,-0.0333,92954.22,558282.135,2.2357,1.13,53.8619,2.4705,2893753.5952
300223.SZ,2024-07-23,60.0,60.0,57.05,57.07,60.09,-3.02,-5.0258,82586.74,481921.449,1.9864,0.9,51.1549,2.3464,2748319.4821
300223.SZ,2024-07-24,56.45,57.79,55.89,56.08,57.07,-0.99,-1.7347,68565.74,389591.589,1.6491,0.72,50.2675,2.3057,2700644.0609
300223.SZ,2024-07-25,55.62,55.94,54.67,55.08,56.08,-1.0,-1.7832,64488.02,355723.726,1.5511,0.66,49.3712,2.2645,2652487.0698
300223.SZ,2024-07-26,54.78,55.72,54.26,54.78,55.08,-0.3,-0.5447,56327.74,309455.287,1.3548,0.58,49.1023,2.2522,2638039.9725
300223.SZ,2024-07-29,54.8,54.92,53.72,53.72,54.78,-1.06,-1.935,47200.48,255463.892,1.1353,0.65,48.1521,2.2086,2586993.5619
300223.SZ,2024-07-30,53.5,54.37,52.78,54.26,53.72,0.54,1.0052,46899.05,252004.317,1.128,0.73,48.6361,2.2308,2612998.3371
300223.SZ,2024-07-31,54.06,55.89,53.81,55.85,54.26,1.59,2.9303,64130.74,354482.632,1.5425,1.13,50.0613,2.2962,2689567.9529
300223.SZ,2024-08-01,55.99,57.5,55.38,56.6,55.85,0.75,1.3429,81283.05,458863.869,1.955,1.46,50.7336,2.327,2725685.6963
300223.SZ,2024-08-02,56.01,56.59,54.68,54.98,56.6,-1.62,-2.8622,59423.48,330663.764,1.4292,1.0,49.2815,2.2604,2647671.3707
300223.SZ,2024-08-05,54.27,55.16,52.51,52.52,54.98,-2.46,-4.4744,66133.69,353857.568,1.5906,1.11,47.0765,2.1593,2529205.1726
300223.SZ,2024-08-06,53.5,53.6,51.92,52.8,52.52,0.28,0.5331,54497.85,286215.324,1.3108,0.86,47.3275,2.1708,2542689.1301
300223.SZ,2024-08-07,52.71,52.98,50.6,51.23,52.8,-1.57,-2.9735,53645.67,278395.565,1.2903,0.82,45.9202,2.1063,2467082.6541
300223.SZ,2024-08-08,50.65,51.69,49.88,50.26,51.23,-0.97,-1.8934,60629.81,306909.493,1.4583,0.96,45.0507,2.0664,2420370.3727
300223.SZ,2024-08-09,50.84,51.4,50.6,50.6,50.26,0.34,0.6765,49102.58,250109.27,1.181,0.83,45.3555,2.0804,2436743.7497
300223.SZ,2024-08-12,49.58,50.03,48.05,48.34,50.6,-2.26,-4.4664,70570.96,344761.675,1.6974,1.24,43.3297,1.9874,2327908.9498
300223.SZ,2024-08-13,48.41,48.99,48.1,48.6,48.34,0.26,0.5379,35058.03,170085.605,0.8432,0.61,43.5628,1.9981,2340429.7675
300223.SZ,2024-08-14,48.61,48.98,48.1,48.25,48.6,-0.35,-0.7202,42183.8,204230.38,1.0146,0.78,43.2491,1.9837,2323574.8206
300223.SZ,2024-08-15,48.2,49.2,47.69,48.7,48.25,0.45,0.9326,42774.7,208199.213,1.0288,0.83,43.6524,2.0022,2345245.4666
300223.SZ,2024-08-16,49.0,49.1,48.22,48.23,48.7,-0.47,-0.9651,30370.0,147742.95,0.7305,0.63,43.2311,1.9829,2322611.6808
300223.SZ,2024-08-19,48.39,48.94,48.02,48.1,48.23,-0.13,-0.2695,26615.0,129075.402,0.6401,0.6,43.1146,1.9776,2316351.2719
300223.SZ,2024-08-20,48.18,48.55,46.5,46.69,48.1,-1.41,-2.9314,51786.21,244408.219,1.2456,1.46,41.8508,1.9196,2248449.9145
300223.SZ,2024-08-21,46.37,46.8,45.2,45.34,46.69,-1.35,-2.8914,79140.48,361924.41,1.9035,2.04,40.6407,1.8641,2183437.9765
300223.SZ,2024-08-22,45.32,45.87,44.95,45.24,45.34,-0.1,-0.2206,55820.88,253633.495,1.3426,1.21,40.551,1.86,2178622.2774
300223.SZ,2024-08-23,45.04,45.36,44.26,44.38,45.24,-0.86,-1.901,48242.49,215272.022,1.1603,0.99,39.7802,1.8246,2137207.265
300223.SZ,2024-08-26,44.35,44.78,43.92,44.28,44.38,-0.1,-0.2253,43260.39,191452.701,1.0405,0.83,39.6905,1.8205,2132391.5659
300223.SZ,2024-08-27,44.25,44.41,43.5,43.7,44.28,-0.58,-1.3098,45143.53,198212.277,1.0858,0.81,39.1707,1.7967,2104460.5111
300223.SZ,2024-08-28,43.5,44.25,43.36,44.12,43.7,0.42,0.9611,43740.88,191761.851,1.052,0.81,39.5471,1.8139,2124686.4473
300223.SZ,2024-08-29,44.1,45.89,43.8,45.51,44.12,1.39,3.1505,65895.72,297596.447,1.5705,1.39,40.7931,1.8536,2191624.665
300223.SZ,2024-08-30,45.32,47.08,45.01,46.68,45.51,1.17,2.5709,66689.02,310337.955,1.5894,1.35,41.8418,1.9013,2247968.3445
300223.SZ,2024-09-02,46.23,46.9,44.95,44.95,46.68,-1.73,-3.7061,53605.15,245267.447,1.2776,1.01,40.2911,1.8308,2164656.7499
300223.SZ,2024-09-03,44.95,46.47,44.66,45.89,44.95,0.94,2.0912,49155.06,225702.138,1.1715,0.89,41.1337,1.8691,2209924.3216
300223.SZ,2024-09-04,45.29,46.25,45.29,45.66,45.89,-0.23,-0.5012,36980.11,169373.48,0.8813,0.66,40.9275,1.8597,2198848.2136
300223.SZ,2024-09-05,45.56,46.46,45.56,46.17,45.66,0.51,1.117,44789.0,206465.389,1.0674,0.82,41.3846,1.8805,2223408.2791
300223.SZ,2024-09-06,46.17,46.29,45.14,45.26,46.17,-0.91,-1.971,30662.59,139549.076,0.7308,0.61,40.569,1.8434,2179585.4172
300223.SZ,2024-09-09,44.88,45.56,44.7,45.01,45.26,-0.25,-0.5524,27647.06,124533.773,0.6589,0.64,40.3449,1.8332,2167546.1694
300223.SZ,2024-09-10,45.0,45.65,44.2,45.28,45.01,0.27,0.5999,30405.01,136455.197,0.7246,0.8,40.5869,1.8442,2180548.557
300223.SZ,2024-09-11,45.14,45.53,44.9,45.42,45.28,0.14,0.3092,22234.0,100728.125,0.5299,0.65,40.7124,1.8499,2187290.5358
300223.SZ,2024-09-12,45.64,46.15,44.71,44.72,45.42,-0.7,-1.5412,27501.56,124760.085,0.6554,0.88,40.0849,1.8214,2153580.642
300223.SZ,2024-09-13,44.8,45.0,44.0,44.0,44.72,-0.72,-1.61,26191.39,116460.756,0.6242,0.95,39.4396,1.7921,2118907.6084
300223.SZ,2024-09-18,44.69,44.69,43.23,43.6,44.0,-0.4,-0.9091,26783.97,116963.191,0.6383,1.0,39.081,1.7758,2099644.812
300223.SZ,2024-09-19,44.0,45.1,43.55,44.3,43.6,0.7,1.6055,39282.91,174027.752,0.9362,1.48,39.7085,1.8043,2133354.7057
300223.SZ,2024-09-20,44.3,44.62,43.3,43.77,44.3,-0.53,-1.1964,37653.69,164852.043,0.8974,1.33,39.2334,1.7827,2107831.5004
300223.SZ,2024-09-23,43.7,44.25,43.06,43.09,43.77,-0.68,-1.5536,32738.0,142643.412,0.7802,1.04,38.6239,1.755,2075084.7465
300223.SZ,2024-09-24,43.54,45.61,42.8,45.6,43.09,2.51,5.825,81328.95,360763.617,1.9383,2.5,40.8737,1.8573,2195958.7942
300223.SZ,2024-09-25,46.2,47.3,46.06,46.39,45.6,0.79,1.7325,80953.55,377959.483,1.9293,1.86,41.5818,1.8894,2234002.8171
300223.SZ,2024-09-26,46.63,48.95,46.26,48.94,46.39,2.55,5.4969,109761.75,523955.27,2.6159,2.02,43.8675,1.9933,2356803.1444
300223.SZ,2024-09-27,49.58,55.0,49.58,54.18,48.94,5.24,10.707,155532.76,812212.312,3.7068,2.27,48.5644,2.2067,2609145.7778
300223.SZ,2024-09-30,58.72,65.0,56.77,64.92,54.18,10.74,19.8228,255341.91,1564255.834,6.0855,2.77,58.1913,2.6442,3126351.8622
300223.SZ,2024-10-08,77.9,77.9,74.01,77.9,64.92,12.98,19.9938,275426.58,2134982.053,6.5642,2.02,69.8259,3.1728,3751429.6067
300223.SZ,2024-10-09,76.0,89.14,73.0,78.65,77.9,0.75,0.9628,535318.37,4351672.553,12.7581,3.05,70.4982,3.2034,3787547.35
300223.SZ,2024-10-10,78.6,79.68,70.64,72.9,78.65,-5.75,-7.3109,314928.49,2364607.494,7.5056,1.18,65.3442,2.9692,3510644.6512
300223.SZ,2024-10-11,70.08,73.8,64.88,66.02,72.9,-6.88,-9.4376,234508.57,1583663.881,5.589,0.76,59.1773,2.689,3179324.5524
300223.SZ,2024-10-14,66.01,68.45,62.86,67.98,66.02,1.96,2.9688,235631.89,1554945.462,5.6158,0.73,60.9341,2.7688,3273712.255
300223.SZ,2024-10-15,67.4,70.36,66.01,66.12,67.98,-1.86,-2.7361,216358.07,1473863.51,5.1564,0.68,59.2669,2.693,3184140.2515
300223.SZ,2024-10-16,64.01,66.26,63.56,64.7,66.12,-1.42,-2.1476,131183.45,853087.274,3.1265,0.43,57.9941,2.6352,3115757.3242
300223.SZ,2024-10-17,66.4,66.54,64.0,64.01,64.7,-0.69,-1.0665,134979.6,880915.804,3.2169,0.6,57.3756,2.6071,3082529.0003
300223.SZ,2024-10-18,63.58,76.47,63.58,72.25,64.01,8.24,12.873,333190.65,2315908.565,7.9409,1.75,64.7615,2.9427,3479342.607
300223.SZ,2024-10-21,73.96,79.8,72.67,73.61,72.25,1.36,1.8824,369130.67,2776363.072,8.7974,1.76,65.9806,2.9981,3544836.1149
300223.SZ,2024-10-22,73.56,74.7,71.45,72.76,73.61,-0.85,-1.1547,228035.41,1666840.337,5.4347,0.96,65.2187,2.9635,3503902.6724
300223.SZ,2024-10-23,72.0,73.76,71.36,71.98,72.76,-0.78,-1.072,151851.74,1097149.08,3.619,0.63,64.5195,2.9317,3466340.2194
300223.SZ,2024-10-24,71.36,73.68,70.98,71.85,71.98,-0.13,-0.1806,162915.64,1178423.2,3.8827,0.67,64.403,2.9264,3460079.8105
300223.SZ,2024-10-25,72.0,75.5,71.4,73.66,71.85,1.81,2.5191,176951.95,1301321.697,4.2173,0.71,66.0254,3.0001,3547243.9644
300223.SZ,2024-10-28,72.0,72.56,70.68,72.4,73.66,-1.26,-1.7106,141295.21,1013921.65,3.3675,0.65,64.896,2.9288,3486566.1556
300223.SZ,2024-10-29,72.39,76.18,71.7,73.05,72.4,0.65,0.8978,214704.43,1588661.334,5.117,1.25,65.4786,2.955,3517868.1999
300223.SZ,2024-10-30,72.0,72.89,69.99,71.34,73.05,-1.71,-2.3409,159919.2,1142381.216,3.8113,0.94,63.9459,2.8859,3435519.7451
300223.SZ,2024-10-31,70.8,74.0,69.71,72.88,71.34,1.54,2.1587,199647.35,1441399.709,4.7581,1.17,65.3263,2.9482,3509681.5114
300223.SZ,2024-11-01,71.77,72.4,68.5,68.63,72.88,-4.25,-5.8315,161828.29,1132736.092,3.8568,0.91,61.5167,2.7762,3305014.2992
300223.SZ,2024-11-04,67.72,69.97,67.7,69.58,68.63,0.95,1.3842,81172.04,562229.611,1.9346,0.46,62.3683,2.8147,3350763.4407
300223.SZ,2024-11-05,69.4,72.91,69.2,72.47,69.58,2.89,4.1535,160992.2,1157256.365,3.8369,0.98,64.9587,2.9316,3489937.145
300223.SZ,2024-11-06,72.75,74.45,71.88,73.03,72.47,0.56,0.7727,176956.09,1297161.622,4.2174,1.16,65.4607,2.9542,3516905.06
300223.SZ,2024-11-07,73.07,75.55,72.73,74.98,73.03,1.95,2.6701,162303.81,1204395.901,3.8681,1.04,67.2086,3.0331,3610811.1927
300223.SZ,2024-11-08,77.68,78.87,72.8,72.97,74.98,-2.01,-2.6807,291125.07,2206917.215,6.9383,1.96,65.4069,2.9518,3514015.6406
300223.SZ,2024-11-11,73.21,77.48,73.21,76.76,72.97,3.79,5.1939,313929.9,2385580.035,7.4818,1.8,68.8041,3.1051,3696530.6368
300223.SZ,2024-11-12,77.17,81.8,74.79,79.99,76.76,3.23,4.2079,382141.66,2981670.492,9.1075,1.73,71.6993,3.2358,3852077.7181
300223.SZ,2024-11-13,80.15,83.77,76.6,83.5,79.99,3.51,4.388,395625.71,3166047.451,9.4289,1.49,74.8455,3.3778,4021108.7569
300223.SZ,2024-11-14,82.3,83.0,77.11,78.11,83.5,-5.39,-6.4551,241306.38,1945658.959,5.751,0.78,70.0142,3.1597,3761542.5748
300223.SZ,2024-11-15,78.5,79.27,73.17,73.2,78.11,-4.91,-6.286,224370.1,1709703.623,5.3474,0.69,65.6131,2.9611,3525091.7485
300223.SZ,2024-11-18,73.19,74.99,71.22,73.34,73.2,0.14,0.1913,170175.76,1246409.692,4.0558,0.55,65.7386,2.9668,3531833.7273
300223.SZ,2024-11-19,73.34,75.97,73.12,75.97,73.34,2.63,3.586,144245.57,1079568.362,3.4378,0.51,68.096,3.0732,3658486.6139
300223.SZ,2024-11-20,75.24,75.85,74.24,74.77,75.97,-1.2,-1.5796,131362.64,983950.38,3.1307,0.56,67.0204,3.0246,3600698.2245
300223.SZ,2024-11-21,74.48,75.37,71.0,72.07,74.77,-2.7,-3.6111,152681.64,1121909.45,3.6388,0.84,64.6002,2.9154,3470674.3486
300223.SZ,2024-11-22,72.0,73.02,68.0,68.1,72.07,-3.97,-5.5085,161663.69,1139061.899,3.8529,0.98,61.0417,2.7548,3279491.0939
300223.SZ,2024-11-25,68.1,68.9,65.59,67.3,68.1,-0.8,-1.1747,112061.41,750968.81,2.6707,0.74,60.3246,2.7224,3240965.501
300223.SZ,2024-11-26,67.03,67.8,65.89,65.9,67.3,-1.4,-2.0802,68322.76,455957.385,1.6283,0.49,59.0697,2.6658,3173545.7135
300223.SZ,2024-11-27,65.62,69.19,64.58,68.66,65.9,2.76,4.1882,121570.22,814877.508,2.8974,0.97,61.5436,2.7775,3306459.0089
300223.SZ,2024-11-28,68.01,69.26,67.42,67.54,68.66,-1.12,-1.6312,91182.8,623190.058,2.1731,0.74,60.5397,2.7322,3252523.1789
300223.SZ,2024-11-29,66.9,70.28,66.51,68.98,67.54,1.44,2.1321,111752.43,766737.813,2.6634,1.01,61.8305,2.7904,3321869.2461
300223.SZ,2024-12-02,68.5,69.95,68.23,69.31,68.98,0.33,0.4784,90405.86,626022.036,2.1546,0.9,62.1263,2.8038,3337761.0531
300223.SZ,2024-12-03,69.42,69.86,67.31,68.21,69.31,-1.1,-1.5871,91862.6,628408.275,2.1893,0.95,61.1403,2.7593,3284788.3629
300223.SZ,2024-12-04,71.5,73.38,69.5,70.0,68.21,1.79,2.6242,185881.44,1326718.694,4.4301,1.83,62.7448,2.8317,3370989.377
300223.SZ,2024-12-05,68.84,69.98,68.75,69.45,70.0,-0.55,-0.7857,95368.0,661081.129,2.2729,0.83,62.2518,2.8094,3344503.0319
300223.SZ,2024-12-06,69.4,70.48,68.18,70.05,69.45,0.6,0.8639,118520.5,824182.197,2.8247,1.03,62.7896,2.8337,3373397.2266
300223.SZ,2024-12-09,69.62,70.15,67.96,68.59,70.05,-1.46,-2.0842,99368.73,685044.03,2.3682,0.85,61.4809,2.7746,3303088.0195
300223.SZ,2024-12-10,71.57,71.8,68.91,69.18,68.59,0.59,0.8602,160208.43,1127194.459,3.8182,1.36,62.0097,2.7985,3331500.6443
300223.SZ,2024-12-11,68.97,70.36,68.51,70.0,69.18,0.82,1.1853,111584.3,775563.238,2.6594,0.85,62.7448,2.8317,3370989.377
300223.SZ,2024-12-12,69.55,69.91,68.51,69.78,70.0,-0.22,-0.3143,104030.19,720362.38,2.4793,0.89,62.5476,2.8228,3360394.839
300223.SZ,2024-12-13,68.91,73.12,68.81,71.12,69.78,1.34,1.9203,311318.48,2219133.883,7.4196,2.62,63.7487,2.877,3424925.207
300223.SZ,2024-12-16,72.02,72.27,68.0,68.61,71.12,-2.51,-3.5292,206423.13,1454440.931,4.9196,1.31,61.4988,2.7754,3304051.1594
300223.SZ,2024-12-17,67.82,70.22,66.89,68.42,68.61,-0.19,-0.2769,169922.5,1160344.031,4.0497,0.95,61.3285,2.7678,3294901.3311
300223.SZ,2024-12-18,68.08,74.3,67.0,73.5,68.42,5.08,7.4247,325428.17,2329326.908,7.7558,1.8,65.882,2.9732,3539538.8459
300223.SZ,2024-12-19,71.8,75.24,71.45,74.61,73.5,1.11,1.5102,284773.89,2103761.027,6.7869,1.27,66.8769,3.0182,3592993.106
300223.SZ,2024-12-20,74.0,77.34,73.8,74.49,74.61,-0.12,-0.1608,314630.12,2368448.766,7.4985,1.21,66.7694,3.0133,3587214.267
300223.SZ,2024-12-23,74.03,75.15,72.9,74.78,74.49,0.29,0.3893,214710.22,1587994.788,5.1171,0.83,67.0293,3.025,3601179.7945
300223.SZ,2024-12-24,75.0,75.49,72.1,74.66,74.78,-0.12,-0.1605,180790.61,1331622.924,4.3087,0.69,66.9218,3.0202,3595400.9555
300223.SZ,2024-12-25,73.72,75.12,72.48,72.75,74.66,-1.91,-2.5583,125091.09,921321.638,2.9813,0.47,65.2097,2.9429,3503421.1025
300223.SZ,2024-12-26,72.51,75.36,72.16,74.75,72.75,2.0,2.7491,171418.72,1274986.283,4.0854,0.77,67.0024,3.0238,3599735.0847
300223.SZ,2024-12-27,74.78,76.72,73.23,73.29,74.75,-1.46,-1.9532,182888.1,1372988.944,4.3587,0.91,65.6938,2.9648,3529425.8777
300223.SZ,2024-12-30,72.96,74.79,72.02,73.3,73.29,0.01,0.0136,111864.49,821778.515,2.666,0.64,65.7027,2.9652,3529907.4476
300223.SZ,2024-12-31,73.25,74.0,68.11,68.2,73.3,-5.1,-6.9577,169850.82,1197068.627,4.048,1.1,61.1313,2.7589,3284306.793
300223.SZ,2025-01-02,68.2,68.2,63.28,64.33,68.2,-3.87,-5.6745,155125.28,1018454.446,3.6971,1.02,57.6624,2.6023,3097939.2375
300223.SZ,2025-01-03,64.35,64.85,61.68,61.77,64.33,-2.56,-3.9795,115791.54,731440.923,2.7596,0.73,55.3678,2.4987,2974657.3402
300223.SZ,2025-01-06,61.44,62.62,60.4,61.18,61.77,-0.59,-0.9552,78396.31,480838.382,1.8684,0.53,54.8389,2.4749,2946244.7155
300223.SZ,2025-01-07,61.5,62.89,61.08,62.7,61.18,1.52,2.4845,88474.55,547653.726,2.1086,0.7,56.2014,2.5364,3019443.342
300223.SZ,2025-01-08,62.02,63.71,59.87,62.65,62.7,-0.05,-0.0797,106127.26,656910.096,2.5293,0.87,56.1566,2.5343,3017035.4924
300223.SZ,2025-01-09,62.16,64.0,62.16,62.61,62.65,-0.04,-0.0638,86968.54,549968.043,2.0727,0.8,56.1207,2.5327,3015109.2128
300223.SZ,2025-01-10,62.11,63.98,60.9,60.9,62.61,-1.71,-2.7312,96967.36,606359.895,2.311,1.02,54.5879,2.4635,2932760.758
300223.SZ,2025-01-13,60.0,61.9,59.95,61.38,60.9,0.48,0.7882,66830.55,407288.452,1.5928,0.73,55.0182,2.483,2955876.1137
300223.SZ,2025-01-14,61.8,64.92,61.09,64.75,61.38,3.37,5.4904,123212.01,780825.521,2.9365,1.38,58.0389,2.6193,3118165.1737
300223.SZ,2025-01-15,64.75,65.2,63.94,64.17,64.75,-0.58,-0.8958,80810.67,521028.788,1.9259,0.84,57.519,2.5958,3090234.1189
300223.SZ,2025-01-16,64.4,65.5,63.2,63.98,64.17,-0.19,-0.2961,90927.02,584684.724,2.167,1.0,57.3487,2.5881,3081084.2906
300223.SZ,2025-01-17,63.38,66.85,63.33,65.54,63.98,1.56,2.4383,130316.25,851541.19,3.1058,1.42,58.747,2.6512,3156209.1967
300223.SZ,2025-01-20,65.6,65.69,64.23,64.48,65.54,-1.06,-1.6173,96884.54,629622.647,2.309,0.98,57.7969,2.6084,3105162.7861
300223.SZ,2025-01-21,64.73,66.28,63.89,66.11,64.48,1.63,2.5279,112405.19,733616.624,2.6789,1.08,59.2579,2.6743,3183658.6816
300223.SZ,2025-01-22,65.52,67.35,65.31,66.8,66.11,0.69,1.0437,119242.03,792490.115,2.8419,1.17,59.8764,2.7022,3216887.0055
300223.SZ,2025-01-23,68.38,68.68,65.81,65.81,66.8,-0.99,-1.482,108732.88,731538.912,2.5914,0.99,58.989,2.6622,3169211.5843
300223.SZ,2025-01-24,65.5,66.96,65.3,66.51,65.81,0.7,1.0637,77010.23,510080.235,1.8354,0.68,59.6165,2.6905,3202921.4781
300223.SZ,2025-01-27,66.7,66.85,64.4,64.4,66.51,-2.11,-3.1725,68243.77,446550.278,1.6264,0.66,57.7252,2.6051,3101310.2268
300223.SZ,2025-02-05,66.89,77.28,66.23,73.37,64.4,8.97,13.9286,390285.2,2840536.386,9.3016,4.02,65.7655,2.968,3533278.437
300223.SZ,2025-02-06,72.05,78.0,71.38,76.7,73.37,3.33,4.5386,396450.89,3001534.956,9.4485,2.6,68.7503,3.1027,3693641.2174
300223.SZ,2025-02-07,77.5,78.91,75.01,77.08,76.7,0.38,0.4954,399013.85,3074533.833,9.5096,1.92,69.0909,3.1181,3711940.874
300223.SZ,2025-02-10,77.23,80.39,76.63,78.39,77.08,1.31,1.6995,342215.82,2699477.026,8.1559,1.29,70.2652,3.1711,3775026.5323
300223.SZ,2025-02-11,77.1,80.0,76.0,76.19,78.39,-2.2,-2.8065,281891.26,2184967.632,6.7182,0.88,68.2932,3.0821,3669081.1519
300223.SZ,2025-02-12,75.19,80.04,74.31,80.02,76.19,3.83,5.0269,379654.88,2925099.338,9.0482,1.05,71.7262,3.237,3853522.4278
300223.SZ,2025-02-13,79.0,81.85,78.41,78.88,80.02,-1.14,-1.4246,336118.5,2685852.984,8.0106,0.93,70.7044,3.1909,3798623.458
300223.SZ,2025-02-14,77.5,79.08,75.56,78.28,78.88,-0.6,-0.7606,244712.43,1891649.463,5.8322,0.7,70.1666,3.1666,3769729.2633
300223.SZ,2025-02-17,78.5,82.43,76.54,81.2,78.28,2.92,3.7302,353819.9,2805907.698,8.4325,1.12,72.7839,3.2847,3910347.6773
300223.SZ,2025-02-18,80.25,80.25,74.22,74.58,81.2,-6.62,-8.1527,378855.81,2925863.55,9.0292,1.19,66.8501,3.0169,3591548.3962
300223.SZ,2025-02-19,74.56,77.66,74.56,77.48,74.58,2.9,3.8884,262837.78,2013362.58,6.2641,0.78,69.4495,3.1342,3731203.6704
300223.SZ,2025-02-20,77.48,78.88,76.53,77.1,77.48,-0.38,-0.4904,205662.09,1596731.435,4.9015,0.65,69.1089,3.1189,3712904.0138
300223.SZ,2025-02-21,77.11,80.33,76.6,79.67,77.1,2.57,3.3333,293552.41,2315371.359,6.9962,1.02,71.4125,3.2228,3836667.4809
300223.SZ,2025-02-24,79.25,89.03,78.7,85.96,79.67,6.29,7.8951,576457.49,4868345.976,13.7386,1.93,77.0506,3.4773,4139574.955
300223.SZ,2025-02-25,83.88,93.98,83.7,90.0,85.96,4.04,4.6999,546519.66,4849249.213,13.0251,1.59,80.6718,3.6407,4334129.199
300223.SZ,2025-02-26,89.49,94.39,86.1,92.18,90.0,2.18,2.4222,631161.88,5702689.836,15.0423,1.67,82.6259,3.7289,4439111.4396
300223.SZ,2025-02-27,93.17,94.8,88.88,92.5,92.18,0.32,0.3471,443708.38,4057857.043,10.5748,0.98,82.9127,3.7418,4454521.6768
300223.SZ,2025-02-28,92.0,92.63,85.05,85.05,92.5,-7.45,-8.0541,419554.39,3679255.445,9.9991,0.84,76.2349,3.4405,4095752.0931
300223.SZ,2025-03-03,86.45,86.97,81.69,82.83,85.05,-2.22,-2.6102,297589.82,2486190.192,7.0924,0.57,74.245,3.3507,3988843.5728
300223.SZ,2025-03-04,81.01,95.08,80.2,92.0,82.83,9.17,11.0709,552357.68,4870230.796,13.1642,1.18,82.4645,3.7216,4430443.1812
300223.SZ,2025-03-05,93.1,95.67,90.1,91.01,92.0,-0.99,-1.0761,489721.35,4547166.81,11.6714,1.04,81.5771,3.6816,4382767.76
300223.SZ,2025-03-06,89.98,91.23,87.28,87.4,91.01,-3.61,-3.9666,486425.67,4312608.247,11.5929,1.1,78.3413,3.5355,4208921.0221
300223.SZ,2025-03-07,85.49,87.59,82.98,85.77,87.4,-1.63,-1.865,398721.54,3393661.569,9.5026,0.89,76.8802,3.4696,4130425.1266
300223.SZ,2025-03-10,84.4,85.77,83.62,85.0,85.77,-0.77,-0.8977,206259.91,1744406.419,4.9157,0.46,76.1901,3.4385,4093344.2435
300223.SZ,2025-03-11,83.39,84.65,80.95,82.21,85.0,-2.79,-3.2824,259857.76,2145730.115,6.1931,0.61,73.6892,3.3256,3958986.2383
300223.SZ,2025-03-12,82.28,84.03,81.82,81.92,82.21,-0.29,-0.3528,201098.37,1664298.247,4.7927,0.55,73.4293,3.3139,3945020.7109
300223.SZ,2025-03-13,81.03,81.91,76.63,77.15,81.92,-4.77,-5.8228,304303.35,2386782.692,7.2524,0.98,69.1537,3.1209,3715311.8634
300223.SZ,2025-03-14,77.05,79.88,76.96,79.14,77.15,1.99,2.5794,206818.85,1623969.422,4.9291,0.75,70.9374,3.2014,3811144.2757
300223.SZ,2025-03-17,79.5,79.66,78.11,78.71,79.14,-0.43,-0.5433,148025.82,1168213.09,3.5279,0.63,70.552,3.184,3790436.7695
300223.SZ,2025-03-18,78.98,80.77,78.5,78.81,78.71,0.1,0.127,167529.03,1330169.031,3.9927,0.75,70.6416,3.1881,3795252.4686
300223.SZ,2025-03-19,78.28,79.58,77.41,77.87,78.81,-0.94,-1.1927,138168.82,1077821.11,3.2929,0.67,69.7991,3.15,3749984.897
300223.SZ,2025-03-20,77.63,78.45,77.01,77.05,77.87,-0.82,-1.053,109232.04,849060.46,2.6033,0.57,69.064,3.1169,3710496.1643
300223.SZ,2025-03-21,76.25,77.38,74.55,74.83,77.05,-2.22,-2.8812,160831.08,1214356.138,3.833,1.04,67.0741,3.0271,3603587.644
300223.SZ,2025-03-24,74.8,75.17,71.85,73.63,74.83,-1.2,-1.6036,142981.63,1049195.63,3.4076,0.99,65.9985,2.9785,3545799.2547
300223.SZ,2025-03-25,73.5,73.98,71.85,72.29,73.63,-1.34,-1.8199,88682.15,645435.244,2.1135,0.62,64.7974,2.9243,3481268.8866
300223.SZ,2025-03-26,72.28,73.65,72.02,72.54,72.29,0.25,0.3458,110130.51,803921.871,2.6247,0.86,65.0215,2.9344,3493308.1344
300223.SZ,2025-03-27,72.55,74.62,72.03,72.88,72.54,0.34,0.4687,129623.51,950220.946,3.0893,1.06,65.3263,2.9482,3509681.5114
300223.SZ,2025-03-28,72.87,73.75,72.11,72.77,72.88,-0.11,-0.1509,89871.07,654847.515,2.1419,0.71,65.2277,2.9437,3504384.2423
300223.SZ,2025-03-31,72.16,73.0,70.38,71.7,72.77,-1.07,-1.4704,111380.33,794065.632,2.6545,0.99,64.2686,2.9004,3452856.2619
300223.SZ,2025-04-01,71.8,72.41,71.2,71.2,71.7,-0.5,-0.6974,72351.35,519088.911,1.7243,0.68,63.8204,2.8802,3428777.7663
300223.SZ,2025-04-02,71.32,72.05,70.91,71.18,71.2,-0.02,-0.0281,58964.36,420905.787,1.4053,0.57,63.8025,2.8794,3427814.6265
300223.SZ,2025-04-03,70.41,71.64,69.61,70.6,71.18,-0.58,-0.8148,89330.08,631296.932,2.129,0.97,63.2826,2.8559,3399883.5717
300223.SZ,2025-04-07,66.07,68.0,56.95,60.4,70.6,-10.2,-14.4476,237912.49,1507396.012,5.6701,2.82,54.1398,2.4433,2908682.2624
300223.SZ,2025-04-08,62.0,63.86,60.26,61.29,60.4,0.89,1.4735,174754.67,1083270.975,4.1649,1.53,54.9375,2.4793,2951541.9845
300223.SZ,2025-04-09,60.31,65.06,58.0,63.92,61.29,2.63,4.2911,196357.77,1233112.396,4.6797,1.55,57.2949,2.5857,3078194.8711
300223.SZ,2025-04-10,65.53,67.32,65.0,65.03,63.92,1.11,1.7365,167176.52,1103301.537,3.9843,1.1,58.2899,2.6306,3131649.1312
300223.SZ,2025-04-11,64.11,70.58,64.11,68.46,65.03,3.43,5.2745,280883.39,1910889.765,6.6942,1.62,61.3644,2.7694,3296827.6107
300223.SZ,2025-04-14,69.51,70.47,68.28,69.35,68.46,0.89,1.3,206540.47,1435508.105,4.9224,0.98,62.1621,2.8054,3339687.3328
300223.SZ,2025-04-15,69.07,70.4,68.01,69.11,69.35,-0.24,-0.3461,116903.31,806206.438,2.7861,0.57,61.947,2.7957,3328129.6549
300223.SZ,2025-04-16,69.09,69.76,67.04,68.34,69.11,-0.77,-1.1142,91905.82,629030.458,2.1904,0.47,61.2568,2.7645,3291048.7718
300223.SZ,2025-04-17,67.52,69.8,67.52,68.0,68.34,-0.34,-0.4975,98454.15,678271.298,2.3464,0.57,60.952,2.7508,3274675.3948
300223.SZ,2025-04-18,67.8,68.3,67.21,67.71,68.0,-0.29,-0.4265,62677.48,424587.138,1.4938,0.39,60.6921,2.739,3260709.8674
300223.SZ,2025-04-21,67.51,68.2,67.0,67.89,67.71,0.18,0.2658,84023.4,568495.588,2.0025,0.73,89.278,2.7123,3269378.1258
300223.SZ,2025-04-22,67.31,67.77,66.5,66.84,67.89,-1.05,-1.5466,85904.08,577180.995,2.0473,0.95,87.8972,2.6703,3218813.2851
300223.SZ,2025-04-23,67.57,68.17,66.75,67.59,66.84,0.75,1.1221,81628.33,550656.766,1.9454,0.96,88.8835,2.7003,3254931.0284
300223.SZ,2025-04-24,67.65,67.66,65.8,65.94,67.59,-1.65,-2.4412,73780.8,490558.586,1.7584,0.89,86.7136,2.6344,3175471.9931
300223.SZ,2025-04-25,65.94,66.7,65.32,65.8,65.94,-0.14,-0.2123,71884.72,474232.61,1.7132,0.93,86.5295,2.6168,3168730.0144
300223.SZ,2025-04-28,65.49,66.35,65.12,65.35,65.8,-0.45,-0.6839,51482.2,338214.471,1.227,0.65,85.9378,2.5989,3147059.3684
300223.SZ,2025-04-29,65.05,67.26,64.89,66.76,65.35,1.41,2.1576,86735.28,573680.768,2.0671,1.19,87.792,2.6549,3214960.7258
300223.SZ,2025-04-30,66.6,68.37,66.15,67.85,66.76,1.09,1.6327,100729.3,681129.775,2.4007,1.38,89.2254,2.6983,3267451.8461
300223.SZ,2025-05-06,68.32,70.68,68.32,70.6,67.85,2.75,4.0531,126366.25,884563.311,3.0117,1.64,92.8417,2.8076,3399883.5717
300223.SZ,2025-05-07,71.2,71.88,68.8,69.5,70.6,-1.1,-1.5581,115422.54,809044.987,2.7508,1.32,91.3952,2.7639,3346910.8815
300223.SZ,2025-05-08,69.49,70.08,69.3,69.69,69.5,0.19,0.2734,70805.56,493871.993,1.6875,0.74,91.645,2.7715,3356060.7098
300223.SZ,2025-05-09,69.64,69.64,67.74,67.88,69.69,-1.81,-2.5972,78681.0,536348.322,1.8752,0.79,89.2648,2.6995,3268896.5559
300223.SZ,2025-05-12,68.08,69.49,68.08,69.05,67.88,1.17,1.7236,67175.36,462371.547,1.601,0.68,90.8034,2.746,3325240.2355
300223.SZ,2025-05-13,69.62,70.3,68.4,68.5,69.05,-0.55,-0.7965,77380.77,535708.532,1.8442,0.84,90.0801,2.7241,3298753.8904
300223.SZ,2025-05-14,68.88,69.44,67.97,68.88,68.5,0.38,0.5547,73471.51,504708.555,1.751,0.9,90.5799,2.7392,3317053.547
300223.SZ,2025-05-15,69.15,69.15,66.85,66.85,68.88,-2.03,-2.9472,66693.28,450747.648,1.5895,0.91,87.9103,2.6585,3219294.855
300223.SZ,2025-05-16,66.61,67.35,66.53,66.54,66.85,-0.31,-0.4637,45084.0,301537.684,1.0745,0.62,87.5027,2.6462,3204366.1878
300223.SZ,2025-05-19,66.0,67.15,66.0,66.7,66.54,0.16,0.2405,39046.75,259890.923,0.9306,0.59,87.7131,2.6525,3212071.3064
300223.SZ,2025-05-20,66.73,67.87,66.3,67.73,66.7,1.03,1.5442,63824.29,428534.962,1.5211,1.06,89.0676,2.6935,3261673.0072
300223.SZ,2025-05-21,67.53,67.53,66.0,66.55,67.73,-1.18,-1.7422,53488.62,357019.679,1.2748,0.93,87.5158,2.6466,3204847.7577
300223.SZ,2025-05-22,66.11,67.33,66.1,66.26,66.55,-0.29,-0.4358,46344.53,308667.048,1.1045,0.86,87.1345,2.6351,3190882.2303
300223.SZ,2025-05-23,66.15,66.15,64.51,64.62,66.26,-1.64,-2.4751,72577.04,473565.262,1.7297,1.46,84.9778,2.5698,3111904.7649
300223.SZ,2025-05-26,64.62,65.19,64.32,65.13,64.62,0.51,0.7892,47333.72,306504.084,1.1281,0.86,85.6485,2.5901,3136464.8303
300223.SZ,2025-05-27,64.97,65.03,63.25,63.37,65.13,-1.76,-2.7023,66999.3,428296.223,1.5968,1.18,83.334,2.5201,3051708.526
300223.SZ,2025-05-28,63.71,64.2,62.89,63.53,63.37,0.16,0.2525,52770.24,334982.847,1.2577,0.92,83.5444,2.5265,3059413.6446
300223.SZ,2025-05-29,63.75,65.79,63.48,65.4,63.53,1.87,2.9435,84600.96,547192.204,2.0163,1.48,86.0035,2.6008,3149467.2179
300223.SZ,2025-05-30,65.0,65.02,63.34,63.45,65.4,-1.95,-2.9817,62715.7,400501.391,1.4947,0.97,83.4392,2.5233,3055561.0853
300223.SZ,2025-06-03,62.82,64.22,62.8,63.49,63.45,0.04,0.063,47618.62,303730.573,1.1349,0.76,83.4918,2.5249,3057487.3649
300223.SZ,2025-06-04,63.55,64.49,63.55,64.04,63.49,0.55,0.8663,40184.69,257397.106,0.9577,0.64,84.2151,2.5468,3083973.71
300223.SZ,2025-06-05,64.28,65.79,63.9,65.23,64.04,1.19,1.8582,79469.55,515372.074,1.894,1.38,85.78,2.5941,3141280.5295
300223.SZ,2025-06-06,65.14,67.23,64.78,66.29,65.23,1.06,1.625,113241.88,749785.235,2.6989,1.8,87.1739,2.6362,3192326.94
300223.SZ,2025-06-09,66.29,66.73,65.63,66.48,66.29,0.19,0.2866,68631.83,454696.072,1.6357,1.0,87.4238,2.6438,3201476.7683
300223.SZ,2025-06-10,66.49,66.68,64.16,64.7,66.48,-1.78,-2.6775,81384.35,529700.31,1.9396,1.17,85.083,2.573,3115757.3242
300223.SZ,2025-06-11,64.6,65.99,64.5,65.02,64.7,0.32,0.4946,56484.64,368906.569,1.3462,0.74,85.5038,2.5857,3131167.5613
300223.SZ,2025-06-12,64.5,65.3,63.95,63.95,65.02,-1.07,-1.6456,61809.86,398313.921,1.4731,0.77,84.0967,2.5432,3079639.5808
300223.SZ,2025-06-13,63.53,64.25,62.7,62.99,63.95,-0.96,-1.5012,69025.74,436125.525,1.6413,0.9,83.0013,2.5039,3039524.0142
300223.SZ,2025-06-16,62.5,66.0,62.5,64.91,62.99,1.92,3.0481,103675.11,670995.787,2.4652,1.54,85.5312,2.5802,3132171.833
300223.SZ,2025-06-17,64.88,66.46,64.64,65.6,64.91,0.69,1.063,103656.16,679324.784,2.4647,1.39,86.4404,2.6076,3165467.1429
300223.SZ,2025-06-18,65.28,66.66,64.99,66.0,65.6,0.4,0.6098,105617.55,696539.015,2.5113,1.34,86.9675,2.6235,3184768.7718
300223.SZ,2025-06-19,65.55,66.6,65.1,65.6,66.0,-0.4,-0.6061,85420.07,563197.132,2.0311,0.96,86.4404,2.6076,3165467.1429
300223.SZ,2025-06-20,65.5,66.08,64.47,64.5,65.6,-1.1,-1.6768,73529.76,478458.536,1.7484,0.79,84.991,2.5639,3112387.6634
300223.SZ,2025-06-23,64.32,66.3,64.06,65.63,64.5,1.13,1.7519,72783.13,476252.193,1.7306,0.77,86.48,2.6088,3166914.765
300223.SZ,2025-06-24,66.01,67.66,66.01,67.46,65.53,1.93,2.9452,135369.83,908491.749,3.2188,1.53,88.8913,2.6922,3255219.7174
300223.SZ,2025-06-25,68.1,68.74,67.17,68.7,67.46,1.24,1.8381,154324.83,1052128.648,3.6695,1.63,90.5253,2.7417,3315054.767
300223.SZ,2025-06-26,68.58,70.32,67.8,68.1,68.7,-0.6,-0.8734,132018.2,904373.572,3.1391,1.27,89.7347,2.7178,3286102.3236
300223.SZ,2025-06-27,68.75,69.58,67.87,68.49,68.1,0.39,0.5727,123284.47,847804.574,2.9314,1.09,90.2486,2.7333,3304921.4118
300223.SZ,2025-06-30,68.95,69.48,68.71,69.2,68.49,0.71,1.0366,108396.36,748771.134,2.5774,0.88,91.1841,2.7617,3339181.8032
300223.SZ,2025-07-01,69.36,69.88,68.22,68.36,69.2,-0.84,-1.2139,104725.58,720875.194,2.4901,0.8,90.0773,2.7281,3298648.3824
300223.SZ,2025-07-02,67.83,67.94,66.37,66.84,68.36,-1.52,-2.2235,103524.78,693156.455,2.4616,0.83,88.0744,2.6675,3225302.1925
300223.SZ,2025-07-03,66.71,67.45,66.51,67.05,66.84,0.21,0.3142,68482.83,458628.322,1.6284,0.6,88.3511,2.6759,3235435.5477
300223.SZ,2025-07-04,67.1,67.47,65.67,66.31,67.05,-0.74,-1.1037,101875.21,676287.884,2.4224,1.0,87.376,2.6463,3199727.5342
300223.SZ,2025-07-07,66.35,66.63,65.84,66.04,66.31,-0.27,-0.4072,55915.54,369806.309,1.3295,0.57,87.0202,2.6356,3186698.9347
300223.SZ,2025-07-08,66.55,67.48,66.3,67.31,66.04,1.27,1.9231,89118.36,598037.332,2.119,1.03,88.6937,2.6862,3247981.6065
300223.SZ,2025-07-09,67.3,67.38,66.38,66.57,67.31,-0.74,-1.0994,73587.25,491732.293,1.7497,0.88,87.7186,2.6567,3212273.593
300223.SZ,2025-07-10,66.56,66.78,66.01,66.36,66.57,-0.21,-0.3155,57639.0,382407.997,1.3705,0.74,87.4419,2.6483,3202140.2378
300223.SZ,2025-07-11,66.21,67.4,66.11,67.02,66.36,0.66,0.9946,91604.94,613511.22,2.1782,1.21,88.3116,2.6747,3233987.9255
300223.SZ,2025-07-14,67.0,67.2,66.61,66.93,67.02,-0.09,-0.1343,58267.14,390095.113,1.3855,0.79,88.193,2.6711,3229645.059
300223.SZ,2025-07-15,66.77,67.2,65.88,66.42,66.93,-0.51,-0.762,83172.06,552545.075,1.9776,1.12,87.5209,2.6507,3205035.4822
300223.SZ,2025-07-16,66.31,67.78,66.2,66.68,66.42,0.26,0.3914,92849.5,623138.666,2.2078,1.27,87.8635,2.6611,3217581.541
300223.SZ,2025-07-17,66.5,67.9,66.06,67.88,66.68,1.2,1.7996,111176.78,748530.99,2.6435,1.45,89.4448,2.709,3275486.4277
300223.SZ,2025-07-18,67.88,68.18,66.73,67.12,67.88,-0.76,-1.1196,100146.68,674163.051,2.3813,1.15,88.4433,2.6787,3238813.3328
300223.SZ,2025-07-21,67.12,67.34,66.86,67.17,67.12,0.05,0.0745,59774.55,401201.703,1.4213,0.67,88.5092,2.6806,3241226.0364
300223.SZ,2025-07-22,66.5,66.5,65.26,65.28,67.17,-1.89,-2.8138,162734.46,1067038.413,3.8695,1.82,86.0188,2.6052,3150025.8397
300223.SZ,2025-07-23,65.25,66.35,65.05,65.51,65.28,0.23,0.3523,93073.51,611548.925,2.2131,0.88,86.3219,2.6144,3161124.2764
300223.SZ,2025-07-24,65.5,68.6,65.33,67.76,65.51,2.25,3.4346,186787.84,1258431.29,4.4414,1.77,89.2867,2.7042,3269695.939
300223.SZ,2025-07-25,67.98,68.58,67.45,68.56,67.76,0.8,1.1806,136664.1,929713.879,3.2496,1.13,90.3408,2.7361,3308299.1969
300223.SZ,2025-07-28,68.6,68.71,67.9,68.25,68.56,-0.31,-0.4522,92893.16,633615.007,2.2088,0.73,89.9323,2.7237,3293340.4345
300223.SZ,2025-07-29,67.92,68.68,67.88,68.46,68.25,0.21,0.3077,104143.29,710788.205,2.4763,0.77,90.209,2.7321,3303473.7897
300223.SZ,2025-07-30,68.43,70.29,67.44,67.97,68.46,-0.49,-0.7157,205395.03,1417444.534,4.8838,1.67,89.5634,2.7126,3279829.2942
300223.SZ,2025-07-31,67.56,68.91,66.62,66.75,67.97,-1.22,-1.7949,146619.48,993205.976,3.4863,1.01,87.9558,2.6639,3220959.326
300223.SZ,2025-08-01,66.9,67.69,65.9,66.42,66.75,-0.33,-0.4944,96847.78,645307.922,2.3028,0.71,87.5209,2.6507,3205035.4822
300223.SZ,2025-08-04,66.18,66.98,66.01,66.88,66.42,0.46,0.6926,67455.08,449212.006,1.6039,0.52,88.1271,2.6691,3227232.3554
300223.SZ,2025-08-05,67.17,67.2,66.53,66.96,66.88,0.08,0.1196,73473.4,490989.612,1.747,0.59,88.2325,2.6723,3231092.6812
300223.SZ,2025-08-06,66.84,68.2,66.4,68.02,66.96,1.06,1.583,110970.3,747927.402,2.6386,0.94,89.6293,2.7146,3282241.9978
300223.SZ,2025-08-07,68.08,69.75,67.75,68.82,68.02,0.8,1.1761,183197.78,1259290.419,4.356,1.85,90.6834,2.7465,3320845.2557
300223.SZ,2025-08-08,68.36,68.48,67.02,67.13,68.82,-1.69,-2.4557,116077.65,785342.224,2.7601,1.09,88.4565,2.6791,3239295.8735
300223.SZ,2025-08-11,67.48,69.36,67.38,68.52,67.13,1.39,2.0706,122460.99,839896.739,2.9118,1.11,90.2881,2.7345,3306369.034
300223.SZ,2025-08-12,69.01,70.16,68.19,69.62,68.52,1.1,1.6054,191868.31,1330895.388,4.5622,1.58,91.7376,2.7784,3359448.5135
300223.SZ,2025-08-13,69.54,70.08,69.13,69.48,69.62,-0.14,-0.2011,164492.44,1144616.945,3.9113,1.14,91.5531,2.7728,3352692.9434
300223.SZ,2025-08-14,69.48,71.2,68.67,68.9,69.48,-0.58,-0.8348,225618.51,1579528.483,5.3647,1.45,90.7888,2.7497,3324705.5815
300223.SZ,2025-08-15,68.5,70.5,68.5,70.3,68.9,1.4,2.0319,167513.29,1167601.465,3.9831,1.02,92.6336,2.8056,3392261.2827
300223.SZ,2025-08-18,70.5,72.0,69.8,71.72,70.3,1.42,2.0199,222979.55,1587902.399,5.3019,1.28,94.5047,2.8622,3460782.0654
300223.SZ,2025-08-19,71.6,72.28,70.42,71.08,71.72,-0.64,-0.8924,162153.81,1159557.898,3.8557,0.83,93.6614,2.8367,3429899.4591
300223.SZ,2025-08-20,70.65,73.88,70.27,73.8,71.08,2.72,3.8267,246069.04,1771494.844,5.851,1.31,97.2455,2.9452,3561150.5357
300223.SZ,2025-08-21,74.0,76.78,72.82,73.13,73.8,-0.67,-0.9079,327000.97,2446685.44,7.7753,1.6,96.3626,2.9185,3528820.3073
300223.SZ,2025-08-22,73.12,76.36,73.01,76.0,73.13,2.87,3.9245,297829.42,2239458.028,7.0817,1.32,100.1444,3.033,3667309.4948
300223.SZ,2025-08-25,76.96,79.39,74.58,75.51,76.0,-0.49,-0.6447,342929.63,2618287.636,8.1541,1.37,99.4987,3.0135,3643664.9994
300223.SZ,2025-08-26,75.4,78.68,74.81,77.19,75.51,1.68,2.2249,273707.88,2095494.831,6.508,0.99,101.7125,2.9983,3724731.8408
300223.SZ,2025-08-27,77.19,80.01,75.8,75.91,77.19,-1.28,-1.6582,363924.39,2838724.365,8.6531,1.22,100.0258,2.9486,3662966.6283
300223.SZ,2025-08-28,75.5,77.4,74.52,77.21,75.91,1.3,1.7126,286022.04,2177086.566,6.8008,0.89,101.7388,2.9991,3725696.9223
300223.SZ,2025-08-29,76.78,76.8,74.92,75.18,77.21,-2.03,-2.6292,194720.18,1468023.648,4.6299,0.62,99.0639,2.9202,3627741.1555
300223.SZ,2025-09-01,77.78,81.9,77.58,78.9,75.18,3.72,4.9481,387029.8,3082474.827,9.2025,1.32,103.9657,3.0647,3807246.3045
300223.SZ,2025-09-02,78.0,81.78,75.0,77.41,78.9,-1.49,-1.8885,389201.23,3024267.422,9.2541,1.29,102.0024,3.0069,3735347.7367
300223.SZ,2025-09-03,77.0,78.61,75.0,75.05,77.41,-2.36,-3.0487,249202.74,1897919.637,5.9254,0.77,98.8926,2.9152,3621468.1261
300223.SZ,2025-09-04,74.99,75.0,69.81,71.32,75.05,-3.73,-4.97,242687.44,1766147.213,5.7704,0.81,93.9776,2.7703,3441480.4364
300223.SZ,2025-09-05,71.61,74.12,70.5,73.9,71.32,2.58,3.6175,174778.31,1269142.697,4.1557,0.6,97.3773,2.8705,3565975.943
300223.SZ,2025-09-08,73.64,74.26,72.72,73.84,73.9,-0.06,-0.0812,132030.66,971570.038,3.1393,0.46,97.2982,2.8682,3563080.6986
300223.SZ,2025-09-09,73.18,73.45,71.5,71.62,73.84,-2.22,-3.0065,114580.88,828216.435,2.7244,0.48,94.3729,2.782,3455956.6581
300223.SZ,2025-09-10,71.61,72.69,71.35,71.6,71.62,-0.02,-0.0279,94712.55,681694.129,2.252,0.52,94.3466,2.7812,3454991.5767
300223.SZ,2025-09-11,71.6,74.5,70.72,74.45,71.6,2.85,3.9804,188328.24,1379239.985,4.4779,1.24,98.102,2.8919,3592515.6827
300223.SZ,2025-09-12,74.46,87.98,74.0,84.95,74.45,10.5,14.1034,686828.97,5634765.208,16.3309,4.88,111.9377,3.2997,4099183.4419
300223.SZ,2025-09-15,88.5,89.5,82.3,83.6,84.95,-1.35,-1.5892,523381.49,4398713.613,12.4446,2.15,110.1589,3.2473,4034040.4443
300223.SZ,2025-09-16,83.0,84.65,81.86,82.85,83.6,-0.75,-0.8971,314758.73,2612855.054,7.4841,0.98,109.1706,3.2182,3997849.8901
300223.SZ,2025-09-17,83.0,84.2,81.38,82.23,82.85,-0.62,-0.7483,265515.46,2195187.497,6.3132,0.73,108.3536,3.1941,3967932.3652
300223.SZ,2025-09-18,82.24,84.59,79.5,80.65,82.23,-1.58,-1.9214,392828.75,3242195.556,9.3404,0.99,106.2717,3.1327,3891690.931
300223.SZ,2025-09-19,81.01,84.68,81.01,81.7,80.65,1.05,1.3019,365721.64,3039802.492,8.6958,0.84,107.6552,3.1735,3942357.7069
300223.SZ,2025-09-22,82.5,84.33,81.6,83.13,81.7,1.43,1.7503,316763.23,2637613.603,7.5318,0.85,109.5395,3.229,4011361.0303
300223.SZ,2025-09-23,83.2,85.86,81.0,84.1,83.13,0.97,1.1668,348430.01,2909358.027,8.2847,1.05,110.8177,3.2667,4058167.4804
300223.SZ,2025-09-24,83.37,88.98,83.1,86.89,84.1,2.79,3.3175,510148.02,4404623.749,12.1299,1.51,114.4941,3.3751,4192796.3421
300223.SZ,2025-09-25,85.42,85.79,84.01,85.09,86.89,-1.8,-2.0716,309112.53,2625287.114,7.3498,0.8,112.1222,3.3052,4105939.012
300223.SZ,2025-09-26,84.1,86.2,81.68,81.81,85.09,-3.28,-3.8547,261274.03,2189411.581,6.2124,0.71,107.8002,3.1778,3947665.6549
300223.SZ,2025-09-29,83.8,84.2,81.95,83.0,81.81,1.19,1.4546,187363.67,1557647.747,4.455,0.54,109.3682,3.224,4005088.0009
300223.SZ,2025-09-30,84.39,93.0,84.39,89.01,83.0,6.01,7.241,607907.63,5382935.314,14.4544,1.88,117.2876,3.4574,4295094.9754
300223.SZ,2025-10-09,93.0,101.25,90.5,96.16,89.01,7.15,8.0328,706293.15,6766958.262,16.7937,1.88,126.709,3.7352,4640111.5924
300223.SZ,2025-10-10,94.86,95.8,89.21,89.75,96.16,-6.41,-6.666,449045.98,4104513.955,10.6771,1.08,118.2626,3.4862,4330802.9889
300223.SZ,2025-10-13,84.95,91.39,84.77,89.23,89.75,-0.52,-0.5794,356564.87,3166582.27,8.4781,0.81,117.5774,3.466,4305710.8713
300223.SZ,2025-10-14,91.38,93.98,87.16,87.91,89.23,-1.32,-1.4793,413245.95,3749633.13,9.8258,0.9,115.8381,3.4147,4242015.4959
300223.SZ,2025-10-15,87.2,90.0,86.2,89.3,87.91,1.39,1.5812,312210.65,2752993.787,7.4235,0.62,117.6697,3.4687,4309088.6564
300223.SZ,2025-10-16,88.08,93.66,87.55,90.04,89.3,0.74,0.8287,417725.34,3808012.595,9.9324,0.93,118.6448,3.4974,4344796.6699
300223.SZ,2025-10-17,90.04,91.15,84.0,84.3,90.04,-5.74,-6.3749,331564.31,2880494.57,7.8837,0.85,111.0812,3.2745,4067818.2949
300223.SZ,2025-10-20,86.28,87.55,83.38,84.16,84.3,-0.14,-0.1661,250135.69,2136414.713,5.9475,0.68,110.8968,3.269,4061062.7248
300223.SZ,2025-10-21,84.8,88.0,84.5,86.37,84.16,2.21,2.626,280486.65,2432109.516,6.6692,0.81,113.8089,3.3549,4167704.2246
300223.SZ,2025-10-22,85.0,85.0,82.4,83.8,86.37,-2.57,-2.9756,227948.81,1903079.753,5.42,0.72,110.4224,3.2551,4043691.2587
300223.SZ,2025-10-23,83.0,83.57,80.51,83.37,83.8,-0.43,-0.5131,217702.67,1779354.605,5.1764,0.72,109.8558,3.2384,4022942.0077
300223.SZ,2025-10-24,85.11,90.0,84.69,89.99,83.37,6.62,7.9405,417444.24,3696835.72,9.9257,1.6,118.5789,3.4955,4342383.9663
300223.SZ,2025-10-27,92.5,94.74,89.05,93.92,89.99,3.93,4.3672,502316.32,4613889.701,11.9437,1.8,123.7574,3.6482,4532022.4704
300223.SZ,2025-10-28,88.63,92.43,88.19,91.35,93.92,-2.57,-2.7364,433586.79,3930491.873,10.3095,1.32,120.371,3.5582,4408009.5046
300223.SZ,2025-10-29,90.29,97.05,90.29,92.99,91.35,1.64,1.7953,411437.44,3851797.317,9.7828,1.14,122.532,3.6221,4487146.1832
300223.SZ,2025-10-30,95.0,96.0,91.7,91.92,92.99,-1.07,-1.1507,349231.8,3265873.75,8.3038,0.88,121.122,3.5804,4435514.3258
300223.SZ,2025-10-31,92.92,93.23,86.52,86.81,91.92,-5.11,-5.5592,331478.45,2924898.571,7.8816,0.78,114.3886,3.3814,4188936.0164
300223.SZ,2025-11-03,86.5,91.2,83.13,89.7,86.81,2.89,3.3291,359547.67,3138602.807,8.549,0.89,118.1968,3.4939,4328390.2853
300223.SZ,2025-11-04,89.71,91.28,87.55,89.72,89.7,0.02,0.0223,282737.47,2535449.543,6.7227,0.75,118.2231,3.4947,4329355.3668
300223.SZ,2025-11-05,86.7,89.5,86.3,88.32,89.72,-1.4,-1.5604,212148.57,1870670.724,5.0443,0.61,116.3784,3.4402,4261799.6655
300223.SZ,2025-11-06,90.1,90.5,87.0,87.79,88.32,-0.53,-0.6001,247732.21,2190806.582,5.8904,0.81,115.68,3.4196,4236225.0072
300223.SZ,2025-11-07,86.0,87.95,84.45,86.7,87.79,-1.09,-1.2416,217331.05,1872665.587,5.1675,0.76,114.2437,3.3771,4183628.0684
300223.SZ,2025-11-10,88.61,102.0,88.6,95.56,86.7,8.86,10.2191,645114.69,6159646.553,15.339,2.44,125.9184,3.7222,4611159.149
300223.SZ,2025-11-11,95.56,97.46,93.11,93.75,95.56,-1.81,-1.8941,377187.6,3594934.157,8.9685,1.17,123.5334,3.6517,4523819.2781
300223.SZ,2025-11-12,93.3,96.26,91.08,92.21,93.75,-1.54,-1.6427,308048.4,2872030.63,7.3245,0.91,121.5042,3.5917,4449508.0068
300223.SZ,2025-11-13,92.45,98.3,92.39,96.13,92.21,3.92,4.2512,444196.01,4272052.423,10.5618,1.24,126.6695,3.7444,4638663.9702
300223.SZ,2025-11-14,92.0,94.25,88.01,92.16,96.13,-3.97,-4.1298,516685.65,4690451.5,12.2854,1.3,121.4383,3.5898,4447095.3032
300223.SZ,2025-11-17,92.18,97.5,92.18,93.95,92.16,1.79,1.9423,365327.1,3465917.329,8.6865,0.8,123.7969,3.6595,4533470.0926
300223.SZ,2025-11-18,93.12,93.94,90.08,90.47,93.95,-3.48,-3.7041,235051.05,2151739.521,5.5889,0.58,119.2114,3.5239,4365545.921
300223.SZ,2025-11-19,90.01,90.95,86.5,87.26,90.47,-3.21,-3.5481,229329.34,2029469.893,5.4528,0.61,114.9816,3.3989,4210650.3489
300223.SZ,2025-11-20,88.99,89.28,84.13,85.25,87.26,-2.01,-2.3035,227845.91,1949868.35,5.4175,0.64,112.333,3.3206,4113659.6636
300223.SZ,2025-11-21,81.29,82.75,77.57,77.58,85.25,-7.67,-8.9971,284318.51,2263848.521,6.7603,0.9,102.2264,3.0219,3743550.929
300223.SZ,2025-11-24,77.89,78.39,76.5,77.4,77.58,-0.18,-0.232,151029.45,1170457.864,3.5911,0.56,101.9892,3.0148,3734865.196
300223.SZ,2025-11-25,79.25,80.81,78.72,79.07,77.4,1.67,2.1576,180994.32,1440483.231,4.3035,0.8,104.1897,3.0771,3815449.4968
300223.SZ,2025-11-26,78.26,79.99,77.9,78.78,79.07,-0.29,-0.3668,134643.73,1064736.048,3.2015,0.63,103.8076,3.0658,3801455.8158
300223.SZ,2025-11-27,78.78,80.86,78.0,78.01,78.78,-0.77,-0.9774,152537.49,1212178.985,3.6269,0.78,102.793,3.0358,3764300.1801
300223.SZ,2025-11-28,77.71,79.5,77.35,79.4,78.01,1.39,1.7818,137763.55,1082271.852,3.2756,0.76,104.6246,3.0899,3831373.3406
300223.SZ,2025-12-01,80.64,95.28,80.64,95.28,79.4,15.88,20.0,709226.9,6297508.432,16.8635,4.68,125.5495,3.7079,4597648.0087
300223.SZ,2025-12-02,96.14,96.14,91.38,91.63,95.28,-3.65,-3.8308,483399.29,4506855.987,11.4939,1.84,120.7399,3.5658,4421520.6448
300223.SZ,2025-12-03,94.3,95.31,92.26,92.98,91.63,1.35,1.4733,323975.96,3023643.611,7.7033,1.0,122.5188,3.6184,4486663.6425
300223.SZ,2025-12-04,90.51,92.97,90.35,92.38,92.98,-0.6,-0.6453,218279.09,2001411.567,5.1901,0.6,121.7282,3.595,4457711.1991
300223.SZ,2025-12-05,92.94,93.5,90.0,91.43,92.38,-0.95,-1.0284,186745.17,1708475.402,4.4403,0.5,120.4764,3.558,4411869.8304
300223.SZ,2025-12-08,91.43,94.39,91.0,93.85,91.43,2.42,2.6468,324927.72,3016764.11,7.7259,0.85,123.6652,3.6522,4528644.6854
300223.SZ,2025-12-09,92.1,100.88,92.08,97.06,93.85,3.21,3.4204,454142.16,4436275.76,10.7982,1.48,127.895,3.7771,4683540.2574
300223.SZ,2025-12-10,97.3,99.84,95.51,97.95,97.06,0.89,0.917,282209.33,2743691.13,6.7102,0.94,129.0677,3.8118,4726486.3818
300223.SZ,2025-12-11,98.3,99.0,93.6,93.62,97.95,-4.33,-4.4206,255558.07,2429722.522,6.0765,0.87,123.3621,3.6433,4517546.2487
300223.SZ,2025-12-12,93.76,101.03,91.99,98.25,93.62,4.63,4.9455,350665.18,3401862.11,8.3378,1.17,129.463,3.8235,4740962.6035
300223.SZ,2025-12-15,97.55,98.0,93.0,93.24,98.25,-5.01,-5.0992,227449.72,2141276.167,5.4081,0.68,122.8614,3.6285,4499209.7013
300223.SZ,2025-12-16,92.69,96.59,90.82,91.05,93.24,-2.19,-2.3488,190968.11,1773644.812,4.5407,0.61,119.9756,3.5433,4393533.2829
300223.SZ,2025-12-17,91.04,93.7,89.33,93.37,91.05,2.32,2.5481,192814.31,1770048.549,4.5846,0.74,123.0327,3.6335,4505482.7307
300223.SZ,2025-12-18,93.47,96.78,93.22,93.82,93.37,0.45,0.482,228121.68,2165028.612,5.4241,0.94,123.6256,3.6511,4527197.0632
300223.SZ,2025-12-19,95.0,95.85,90.1,90.16,93.82,-3.66,-3.9011,258304.97,2368688.413,6.1418,1.09,118.8029,3.5086,4350587.1586
300223.SZ,2025-12-22,91.06,95.6,91.06,94.1,90.16,3.94,4.37,277319.51,2619871.336,6.5939,1.26,123.9946,3.662,4540708.2034
300223.SZ,2025-12-23,93.55,101.37,93.55,99.2,94.1,5.1,5.4198,411999.39,4053398.318,9.7962,1.8,130.7148,3.8604,4786803.9722
300223.SZ,2025-12-24,102.0,112.22,102.0,107.19,99.2,7.99,8.0544,548867.84,5855064.679,13.0506,2.01,141.2432,4.1714,5172354.0098
300223.SZ,2025-12-25,112.0,116.0,108.6,114.06,107.19,6.87,6.4092,513645.15,5782082.023,12.2131,1.49,150.2957,4.4387,5503859.4865
300223.SZ,2025-12-26,116.0,117.99,110.2,111.38,114.06,-2.68,-2.3496,415113.23,4703480.822,9.8702,1.03,146.7643,4.3344,5374538.5728
300223.SZ,2025-12-29,110.87,116.23,109.88,110.98,111.38,-0.4,-0.3591,283744.0,3179090.717,6.7466,0.65,146.2372,4.3188,5355236.9439
300223.SZ,2025-12-30,112.04,113.6,107.56,112.39,110.98,1.41,1.2705,349125.58,3867365.382,8.3012,0.8,148.0951,4.3737,5423275.1858
300223.SZ,2025-12-31,114.63,114.8,105.71,106.04,112.39,-6.35,-5.65,298715.53,3210527.275,7.1026,0.71,139.7278,4.1266,5116861.8267
300223.SZ,2026-01-05,109.09,115.97,109.04,115.69,106.04,9.65,9.1003,402461.33,4549557.103,9.5694,1.08,152.4435,4.5021,5582513.6244
300223.SZ,2026-01-06,114.17,127.99,113.08,125.16,115.69,9.47,8.1857,573245.33,6903181.503,13.6302,1.64,164.922,4.8707,6039479.6891
300223.SZ,2026-01-07,131.0,133.0,122.3,124.01,125.16,-1.15,-0.9188,551760.68,7020384.093,13.1193,1.45,163.4067,4.8259,5983987.5059
300223.SZ,2026-01-08,124.32,126.8,120.6,121.02,124.01,-2.99,-2.4111,335175.43,4113752.607,7.9695,0.77,159.4668,4.7096,5839707.8297
300223.SZ,2026-01-09,121.0,121.02,116.67,117.75,121.02,-3.27,-2.702,348328.78,4113603.062,8.2823,0.81,155.158,4.5823,5681917.0133
300223.SZ,2026-01-12,120.2,121.46,116.3,118.97,117.75,1.22,1.0361,380994.06,4530381.039,9.059,0.86,156.7655,4.6298,5740786.9815
300223.SZ,2026-01-13,118.97,120.45,113.68,115.96,118.97,-3.01,-2.53,329239.85,3826647.01,7.8284,0.75,152.7993,4.5126,5595542.2239
300223.SZ,2026-01-14,117.38,121.19,113.86,115.13,115.96,-0.83,-0.7158,395688.27,4661565.964,9.4084,1.02,151.7056,4.4803,5555491.3439
300223.SZ,2026-01-15,113.0,119.0,112.9,117.42,115.13,2.29,1.9891,283816.07,3308978.04,6.7484,0.79,154.7231,4.5695,5665993.1695
300223.SZ,2026-01-16,120.0,126.31,117.51,123.8,117.42,6.38,5.4335,434551.96,5320086.554,10.3324,1.25,163.13,4.8177,5973854.1507
300223.SZ,2026-01-19,125.07,130.0,122.5,125.58,123.8,1.78,1.4378,363732.68,4599909.707,8.6486,1.0,165.4755,4.887,6059746.3994
300223.SZ,2026-01-20,123.8,135.3,123.35,128.0,125.58,2.42,1.9271,388381.01,5033189.155,9.2346,1.07,168.6643,4.9812,6176521.2544
300223.SZ,2026-01-21,128.0,135.5,126.58,130.92,128.0,2.92,2.2813,402590.75,5292035.937,9.5725,1.08,172.5119,5.0948,6317423.1455
300223.SZ,2026-01-22,135.6,139.97,130.0,132.81,130.92,1.89,1.4436,371555.94,4978767.936,8.8346,0.99,175.0024,5.1684,6408623.3422
300223.SZ,2026-01-23,130.0,135.88,126.73,128.55,132.81,-4.26,-3.2076,296799.41,3852576.405,7.0571,0.76,169.389,5.0026,6203060.9942
300223.SZ,2026-01-26,129.24,134.88,127.4,130.61,128.55,2.06,1.6025,278030.7,3637983.097,6.6108,0.76,172.1034,5.0828,6302464.3831
300223.SZ,2026-01-27,128.69,142.18,127.0,139.35,130.61,8.74,6.6917,415584.85,5638283.61,9.8815,1.2,183.6201,5.4229,6724204.975
300223.SZ,2026-01-28,140.0,151.98,139.2,147.5,139.35,8.15,5.8486,428022.77,6293984.149,10.1772,1.21,194.3592,5.74,7117475.6643
300223.SZ,2026-01-29,148.68,150.0,136.7,137.27,147.5,-10.23,-6.9356,441626.06,6234481.66,10.5006,1.23,180.8793,5.3419,6623836.5046
300223.SZ,2026-01-30,138.1,148.08,138.1,143.8,137.27,6.53,4.757,391695.46,5619529.193,9.3134,1.05,189.4838,5.5961,6938935.5967
300223.SZ,2026-02-02,138.05,139.0,127.2,127.89,143.8,-15.91,-11.064,358968.15,4748830.076,8.5353,0.92,168.5193,4.9769,6171213.3064
300223.SZ,2026-02-03,134.18,136.43,131.14,133.73,127.89,5.84,4.5664,275964.86,3688530.109,6.5617,0.68,176.2146,5.2042,6453017.0887
300223.SZ,2026-02-04,131.33,132.52,126.01,132.15,133.73,-1.58,-1.1815,259571.54,3344808.57,6.1719,0.68,174.1327,5.1427,6376775.6544
300223.SZ,2026-02-05,127.45,129.74,125.0,128.33,132.15,-3.82,-2.8907,180231.49,2295283.066,4.2854,0.52,169.0991,4.994,6192445.0983
300223.SZ,2026-02-06,126.6,126.98,123.41,123.63,128.33,-4.7,-3.6624,164434.97,2054403.809,3.9098,0.56,162.906,4.8111,5965650.9584
300223.SZ,2026-02-09,126.98,127.24,123.42,125.48,123.63,1.85,1.4964,183910.22,2308175.283,4.3729,0.74,165.3437,4.8831,6054920.9922
300223.SZ,2026-02-10,125.05,126.9,121.68,122.19,125.48,-3.29,-2.6219,178252.59,2191452.036,4.2384,0.84,161.0085,4.7551,5896165.0943
300223.SZ,2026-02-11,120.5,122.22,119.15,120.7,122.19,-1.49,-1.2194,132935.24,1603324.814,3.1608,0.69,159.0451,4.6971,5824266.5266
300223.SZ,2026-02-12,122.16,125.54,120.8,123.44,120.7,2.74,2.2701,234790.99,2888585.302,5.5827,1.4,162.6556,4.8037,5956482.6847
300223.SZ,2026-02-13,122.46,125.5,121.81,121.83,123.44,-1.61,-1.3043,178368.1,2205550.277,4.2411,1.0,160.5341,4.7411,5878793.6283
300223.SZ,2026-02-24,124.3,139.88,124.1,136.68,121.83,14.85,12.1891,435878.75,5786518.947,10.364,2.4,180.1018,5.319,6595366.602
300223.SZ,2026-02-25,134.89,141.5,132.5,140.46,136.68,3.78,2.7656,314972.56,4348000.698,7.4892,1.36,185.0827,5.4661,6777766.9953
300223.SZ,2026-02-26,142.0,144.5,136.66,138.61,140.46,-1.85,-1.3171,233035.88,3243427.824,5.5409,0.9,182.645,5.3941,6688496.9615
300223.SZ,2026-02-27,135.6,135.6,129.6,133.2,138.61,-5.41,-3.903,213237.89,2821299.611,5.0702,0.76,175.5163,5.1836,6427442.4304
300223.SZ,2026-03-02,130.0,134.17,128.58,128.8,133.2,-4.4,-3.3033,196052.55,2558429.017,4.6616,0.71,169.7184,5.0123,6215124.5122
300223.SZ,2026-03-03,129.5,129.79,118.04,118.38,128.8,-10.42,-8.0901,281985.28,3427677.702,6.7048,1.01,155.9881,4.6068,5712317.0789
300223.SZ,2026-03-04,120.04,125.38,119.26,120.0,118.38,1.62,1.3685,269668.24,3301044.85,6.412,1.09,158.1228,4.6699,5790488.676
300223.SZ,2026-03-05,124.07,127.0,121.87,123.0,120.0,3.0,2.5,286401.61,3571476.655,6.8098,1.2,162.0758,4.7866,5935250.8929
300223.SZ,2026-03-06,121.63,125.9,121.26,124.53,123.0,1.53,1.2439,207480.87,2574036.06,4.9333,0.83,164.0919,4.8462,6009079.6235
300223.SZ,2026-03-09,117.41,120.48,115.02,119.28,124.53,-5.25,-4.2159,260225.05,3043849.934,6.1874,1.05,157.174,4.6418,5755745.7439
300223.SZ,2026-03-10,122.5,125.5,120.69,124.5,119.28,5.22,4.3763,290139.45,3578143.097,6.8987,1.11,164.0524,4.845,6007632.0014
300223.SZ,2026-03-11,124.0,125.15,120.6,121.0,124.5,-3.5,-2.8112,224431.99,2750266.568,5.3364,0.85,159.4405,4.7088,5838742.7483
300223.SZ,2026-03-12,120.4,121.79,118.08,119.8,121.0,-1.2,-0.9917,197633.8,2367402.017,4.6992,0.78,157.8592,4.6621,5780837.8615
300223.SZ,2026-03-13,118.0,123.39,117.22,119.15,119.8,-0.65,-0.5426,167860.38,2019824.063,3.9913,0.71,157.0027,4.6368,5749472.7145
300223.SZ,2026-03-16,122.51,129.95,121.8,129.9,119.15,10.75,9.0222,474794.46,5969873.108,11.2893,2.08,171.1679,5.0551,6268203.9918
300223.SZ,2026-03-17,128.95,131.56,123.83,124.36,129.9,-5.54,-4.2648,302155.8,3849137.809,7.1844,1.12,163.8679,4.8395,6000876.4312
300223.SZ,2026-03-18,128.1,133.68,127.12,130.63,124.36,6.27,5.0418,366014.84,4788713.253,8.7028,1.34,172.1298,5.0835,6303429.4645
300223.SZ,2026-03-19,127.98,128.8,120.38,121.92,130.63,-8.71,-6.6677,412166.82,5080487.692,9.8002,1.37,160.6527,4.7446,5883136.4948
300223.SZ,2026-03-20,122.12,126.5,118.22,119.8,121.92,-2.12,-1.7388,295149.1,3608432.63,7.0178,0.86,157.8592,4.6621,5780837.8615
300223.SZ,2026-03-23,117.65,117.88,110.5,111.0,119.8,-8.8,-7.3456,271421.26,3090490.195,6.4536,0.73,146.2636,4.3196,5356202.0253
300223.SZ,2026-03-24,112.9,113.0,105.15,111.52,111.0,0.52,0.4685,227178.61,2459894.667,5.4017,0.69,146.9488,4.3399,5381294.1429
300223.SZ,2026-03-25,112.68,116.85,111.63,114.42,111.52,2.9,2.6004,221483.27,2537475.816,5.2663,0.7,150.7701,4.4527,5521230.9526
300223.SZ,2026-03-26,111.36,112.3,108.73,109.76,114.42,-4.66,-4.0727,208946.39,2303306.614,4.9682,0.73,144.6296,4.2714,5296366.9756
300223.SZ,2026-03-27,107.47,114.1,105.94,111.13,109.76,1.37,1.2482,222095.02,2441838.582,5.2808,0.91,146.4349,4.3247,5362475.0547
300223.SZ,2026-03-30,109.24,110.96,107.77,110.45,111.13,-0.68,-0.6119,141068.25,1544105.561,3.3542,0.61,141.6612,4.2812,5329662.2855
300223.SZ,2026-03-31,108.88,110.0,103.76,104.3,110.45,-6.15,-5.5681,209939.52,2220896.041,4.9918,1.03,133.7733,4.0429,5032899.7409
300223.SZ,2026-04-01,109.17,109.75,106.97,108.19,104.3,3.89,3.7296,182501.81,1978586.655,4.3394,0.91,138.7625,4.1936,5220608.0821
300223.SZ,2026-04-02,109.01,111.0,105.56,106.12,108.19,-2.07,-1.9133,153705.39,1661263.723,3.6547,0.8,136.1076,4.1134,5120722.1525
300223.SZ,2026-04-03,108.0,108.76,104.38,104.7,106.12,-1.42,-1.3381,117511.25,1241603.431,2.7941,0.65,134.2863,4.0584,5052201.3698
300223.SZ,2026-04-07,106.68,107.3,104.22,104.56,104.7,-0.14,-0.1337,107111.53,1132521.377,2.5468,0.67,134.1068,4.0529,5045445.7997
300223.SZ,2026-04-08,108.0,112.85,107.19,112.72,104.56,8.16,7.8041,253014.19,2771858.412,6.016,1.64,144.5726,4.3692,5439199.0297
300223.SZ,2026-04-09,109.0,111.28,108.49,109.49,112.72,-3.23,-2.8655,189579.26,2078419.022,4.5077,1.16,140.4299,4.244,5283338.3761
300223.SZ,2026-04-10,111.0,113.2,110.92,111.56,109.49,2.07,1.8906,214063.87,2398932.86,5.0898,1.3,143.0848,4.3243,5383224.3058
300223.SZ,2026-04-13,109.56,114.55,109.5,112.19,111.56,0.63,0.5647,176442.5,1983994.066,4.1953,1.0,143.8929,4.3487,5413624.3713
300223.SZ,2026-04-14,114.0,118.63,113.4,116.34,112.19,4.15,3.6991,282849.34,3291686.497,6.7254,1.5,149.2156,4.5096,5613878.7714
300223.SZ,2026-04-15,117.27,118.0,111.6,112.44,116.34,-3.9,-3.3522,217512.7,2491518.215,5.1718,0.97,144.2135,4.3584,5425687.8894
300223.SZ,2026-04-16,111.66,117.22,111.12,116.1,112.44,3.66,3.2551,224412.95,2588766.992,5.3359,1.04,148.9078,4.5003,5602297.794
300223.SZ,2026-04-17,115.0,117.45,114.5,116.79,116.1,0.69,0.5943,189068.95,2199380.891,4.4955,0.85,149.7928,4.527,5635593.1039
300223.SZ,2026-04-20,118.0,124.9,117.98,121.04,116.79,4.25,3.639,356257.02,4335267.764,8.4708,1.63,155.2437,4.6917,5840672.9112
300223.SZ,2026-04-21,120.14,121.81,117.17,120.26,121.04,-0.78,-0.6444,188580.38,2257368.668,4.4839,0.74,154.2433,4.6615,5803034.7348
300223.SZ,2026-04-22,119.0,124.95,118.83,123.89,120.26,3.63,3.0185,232442.01,2855132.039,5.5268,0.99,158.8991,4.8022,5978197.0172
300223.SZ,2026-04-23,127.0,127.88,118.5,119.34,123.89,-4.55,-3.6726,258520.41,3149865.936,6.1469,1.09,153.0633,4.6258,5758640.9883
300223.SZ,2026-04-24,120.5,121.98,117.08,119.8,119.34,0.46,0.3855,217484.27,2598814.476,5.1712,0.89,153.6533,4.6437,5780837.8615
300223.SZ,2026-04-27,120.93,123.45,120.6,122.48,119.8,2.68,2.2371,213448.99,2609513.214,5.0752,0.85,157.0906,4.7476,5910158.7753
300223.SZ,2026-04-28,122.76,129.0,121.61,124.02,122.48,1.54,1.2573,297929.87,3716362.369,7.0839,1.34,159.0658,4.8072,5984470.0466
300223.SZ,2026-04-29,125.0,126.89,120.86,125.32,124.02,1.3,1.0482,375995.8,4692752.412,8.9401,1.54,160.7332,4.7558,6047200.3406
300223.SZ,2026-04-30,126.0,126.75,123.3,124.18,125.32,-1.14,-0.9097,310332.66,3874941.983,7.3788,1.14,159.271,4.7125,5992190.6982
300223.SZ,2026-05-06,129.3,140.98,129.28,136.69,124.18,12.51,10.0741,530986.21,7265303.325,12.6254,1.88,175.3161,5.1873,6595849.1427
300223.SZ,2026-05-07,136.75,139.31,135.5,137.35,136.69,0.66,0.4828,331111.48,4546666.942,7.8729,0.96,176.1626,5.2123,6627696.8304
300223.SZ,2026-05-08,134.0,135.08,132.52,133.88,137.35,-3.47,-2.5264,269876.23,3610911.987,6.4169,0.73,171.7121,5.0806,6460255.1995
300223.SZ,2026-05-11,140.57,148.99,137.86,146.08,133.88,12.2,9.1126,484497.42,6979224.766,11.52,1.33,187.3596,5.5436,7048954.8816
300223.SZ,2026-05-12,146.81,149.8,141.95,146.83,146.08,0.75,0.5134,355174.14,5171003.042,8.4451,0.92,188.3215,5.5721,7085145.4358
300223.SZ,2026-05-13,142.68,149.49,138.92,148.65,146.83,1.82,1.2395,392329.47,5670965.604,9.3285,0.99,190.6558,5.6411,7172967.8474
300223.SZ,2026-05-14,147.23,148.0,141.88,141.88,148.65,-6.77,-4.5543,295247.41,4286348.831,7.0202,0.81,181.9727,5.3842,6846287.7779
300223.SZ,2026-05-15,142.0,144.0,134.4,136.4,141.88,-5.48,-3.8624,347930.71,4796356.257,8.2728,0.97,174.9442,5.1763,6581855.4617
300223.SZ,2026-05-18,136.5,142.5,136.26,137.81,136.4,1.41,1.0337,264065.33,3677431.501,6.2787,0.7,176.7526,5.2298,6649893.7037
300223.SZ,2026-05-19,134.68,138.41,131.06,137.68,137.81,-0.13,-0.0943,245688.06,3310848.849,5.8418,0.74,176.5859,5.2248,6643620.6743
300223.SZ,2026-05-20,137.53,143.13,136.55,141.9,137.53,4.37,3.1775,269608.44,3788277.8,6.4105,0.87,181.9984,5.4158,6847252.8594
300223.SZ,2026-05-21,144.38,144.93,130.6,130.72,141.9,-11.18,-7.8788,352651.26,4884371.021,8.3851,1.24,167.6591,4.9891,6307772.3311
300223.SZ,2026-05-22,133.0,139.34,132.07,138.4,130.72,7.68,5.8752,324463.43,4392581.925,7.7148,1.1,177.5093,5.2822,6678363.6063
300223.SZ,2026-05-25,139.65,142.0,136.08,141.92,138.4,3.52,2.5434,297167.77,4158011.103,7.0658,1.02,182.024,5.4166,6848217.9408
300223.SZ,2026-05-26,139.37,152.0,133.5,149.6,141.92,7.68,5.4115,595428.31,8527105.494,14.1576,2.0,191.8743,5.7097,7218809.2161
300223.SZ,2026-05-27,172.25,175.98,158.5,160.01,149.6,10.41,6.9586,841972.2,14016018.42,20.0198,2.29,205.2259,6.107,7721134.1087
300223.SZ,2026-05-28,163.2,167.94,155.9,161.59,160.01,1.58,0.9874,536094.75,8656326.322,12.7468,1.11,207.2524,6.1673,7797375.543
300223.SZ,2026-05-29,164.1,170.88,155.55,157.46,161.59,-4.13,-2.5559,545401.08,8913355.825,12.9681,1.05,201.9554,6.0097,7598086.2244
300223.SZ,2026-06-01,159.02,162.77,143.63,144.11,157.46,-13.35,-8.4783,434607.48,6518174.179,10.3338,0.77,184.8329,5.5001,6953894.3592
300223.SZ,2026-06-02,143.03,145.2,137.48,142.27,144.11,-1.84,-1.2768,359187.0,5106082.356,8.5405,0.61,182.4729,5.4299,6865106.8661
300223.SZ,2026-06-03,141.6,150.91,141.6,144.36,142.27,2.09,1.469,398707.24,5873026.005,9.4802,0.73,185.1535,5.5097,6965957.8772
300223.SZ,2026-06-04,141.5,152.5,141.5,150.41,144.36,6.05,4.1909,390202.51,5814531.415,9.2779,0.86,192.9132,5.7406,7257895.0146
300223.SZ,2026-06-05,145.0,146.84,138.6,139.36,150.41,-11.05,-7.3466,363045.39,5192949.484,8.6322,0.85,178.7406,5.3189,6724687.5157
300223.SZ,2026-06-08,132.38,154.2,132.38,149.26,139.36,9.9,7.1039,545309.58,8057068.279,12.9314,1.4,191.884,5.6945,7219174.3418
300223.SZ,2026-06-09,152.01,161.0,146.5,159.89,149.26,10.63,7.1218,575324.73,8854633.55078,13.6432,1.4,205.5496,6.1,7733309.564
300223.SZ,2026-06-10,159.64,159.7,148.0,148.95,159.89,-10.94,-6.8422,354096.43,5405330.09302,8.397,0.78,191.4854,5.6826,7204180.7465
300223.SZ,2026-06-11,149.5,152.18,142.5,145.49,148.95,-3.46,-2.3229,335567.96,4893945.0149,7.9576,0.75,187.0374,5.5506,7036832.8755
300223.SZ,2026-06-12,152.25,155.14,144.89,145.6,145.49,0.11,0.0756,373488.99,5611058.62548,8.8569,0.86,187.1788,5.5382,7042152.208
300223.SZ,2026-06-15,149.62,164.76,145.35,164.3,145.6,18.7,12.8434,515800.22,8089910.84336,12.2316,1.18,211.2189,6.2495,7946604.449
300223.SZ,2026-06-16,163.0,167.5,161.02,162.02,164.3,-2.28,-1.3877,330405.57,5406678.57711,7.8352,0.77,208.2878,6.1628,7836328.9886
300223.SZ,2026-06-17,162.23,172.53,161.36,171.7,162.02,9.68,5.9746,460901.91,7760233.03733,10.9298,1.21,220.7321,6.531,8304516.031
300223.SZ,2026-06-18,172.66,190.6,172.66,186.05,171.7,14.35,8.3576,583883.95,10656239.8204,13.8461,1.45,239.18,7.0769,8998574.3015
300223.SZ,2026-06-22,190.0,193.19,179.79,192.75,186.05,6.7,3.6012,545060.88,10182897.9043,12.9255,1.2,247.7933,7.3317,9322629.3825
300223.SZ,2026-06-23,191.69,203.48,186.01,194.0,192.75,1.25,0.6485,488149.03,9549010.35943,11.5759,1.0,249.4003,7.3793,9383087.42
300223.SZ,2026-06-24,192.76,199.0,186.78,197.8,194.0,3.8,1.9588,441416.07,8542827.15393,10.4677,0.92,254.2854,7.5238,9566879.854
300223.SZ,2026-06-25,207.0,237.36,206.0,237.36,197.8,39.56,20.0,564367.16,12658486.3939,13.3833,1.12,305.1425,9.0286,11480255.8248
300223.SZ,2026-06-26,240.0,242.0,229.0,233.21,237.36,-4.15,-1.7484,583140.43,13740859.3292,13.8285,1.11,299.8074,8.8707,11279535.1403
300223.SZ,2026-06-29,232.0,249.67,220.0,242.05,233.21,8.84,3.7906,624685.92,14750338.4601,14.8137,1.19,311.1718,9.207,11707094.3815
300223.SZ,2026-06-30,230.0,255.49,225.01,248.9,242.05,6.85,2.83,560203.03,13602375.8965,13.2846,1.04,319.978,9.4675,12038404.427
300223.SZ,2026-07-01,248.0,279.44,245.68,259.05,248.9,10.15,4.0779,585849.71,15445071.2706,13.8928,1.06,333.0265,9.8536,12529323.6915
300223.SZ,2026-07-02,240.0,253.0,233.0,234.67,259.05,-24.38,-9.4113,475257.6,11500532.403,11.2702,0.81,301.6843,8.9262,11350150.1281
300223.SZ,2026-07-03,238.99,268.88,237.78,259.56,234.67,24.89,10.6064,566583.14,14426910.673,13.4359,1.0,333.6821,9.873,12553990.5708
300223.SZ,2026-07-06,264.61,266.0,238.0,253.0,259.56,-6.56,-2.5274,536363.22,13477401.1642,12.7192,0.95,325.2488,9.6235,12236706.79
300223.SZ,2026-07-07,240.0,247.7,226.0,231.2,253.0,-21.8,-8.6166,465781.53,10970697.1073,11.0455,0.85,297.2234,8.7943,11182318.616
300223.SZ,2026-07-08,231.18,239.0,215.0,215.38,231.2,-15.82,-6.8426,413168.8,9187309.36516,9.7978,0.79,276.8857,8.1925,10417161.6934
300223.SZ,2026-07-09,221.0,237.0,220.68,236.02,215.38,20.64,9.5831,425540.4,9769342.54551,10.0912,0.87,303.4199,8.9776,11415444.8086
