ts_code,trade_date,open,high,low,close,pre_close,change,pct_chg,vol,amount,turnover_rate,volume_ratio,pe,pb,total_mv
688568.SH,2023-01-03,62.78,64.37,61.62,63.68,62.04,1.64,2.6435,10567.97,67147.232,0.9911,1.36,70.8933,5.1148,1561820.4942
688568.SH,2023-01-04,63.45,64.5,63.0,63.87,63.68,0.19,0.2984,12494.43,79511.851,1.1718,1.65,71.1049,5.13,1566480.4486
688568.SH,2023-01-05,63.59,64.29,62.98,63.55,63.87,-0.32,-0.501,7021.73,44642.577,0.6585,0.89,70.7486,5.1043,1558632.1044
688568.SH,2023-01-06,63.88,63.88,61.26,61.49,63.55,-2.06,-3.2415,20708.39,128161.494,1.9422,2.52,68.4553,4.9389,1508108.3886
688568.SH,2023-01-09,61.49,62.07,60.61,60.71,61.49,-0.78,-1.2685,9386.28,57332.094,0.8803,0.84,67.5869,4.8762,1488978.0497
688568.SH,2023-01-10,61.5,61.5,60.0,60.8,60.71,0.09,0.1482,6338.19,38595.538,0.5944,0.53,67.6871,4.8835,1491185.3965
688568.SH,2023-01-11,60.45,60.88,59.8,59.8,60.8,-1.0,-1.6447,7048.96,42436.286,0.6611,0.63,66.5738,4.8031,1466659.3209
688568.SH,2023-01-12,59.59,60.38,58.91,59.8,59.8,0.0,0.0,6468.21,38511.613,0.6066,0.64,66.5738,4.8031,1466659.3209
688568.SH,2023-01-13,59.6,60.98,58.68,59.39,59.8,-0.41,-0.6856,6796.64,40345.222,0.6374,0.68,66.1174,4.7702,1456603.6299
688568.SH,2023-01-16,60.0,61.32,59.5,60.56,59.39,1.17,1.97,6243.7,37847.123,0.5856,0.87,67.4199,4.8642,1485299.1383
688568.SH,2023-01-17,60.49,61.29,60.23,60.82,60.56,0.26,0.4293,4726.0,28713.62,0.4432,0.72,67.7094,4.8851,1491675.918
688568.SH,2023-01-18,60.7,61.78,60.03,61.69,60.82,0.87,1.4305,5659.03,34757.877,0.5307,0.9,68.6779,4.955,1513013.6038
688568.SH,2023-01-19,61.63,65.3,61.41,64.97,61.69,3.28,5.3169,18163.08,116480.079,1.3772,3.04,72.3295,5.2184,1593459.1317
688568.SH,2023-01-20,64.77,66.86,63.8,65.7,64.97,0.73,1.1236,8460.59,55739.908,0.6415,1.02,73.1422,5.277,1611363.1669
688568.SH,2023-01-30,66.0,66.68,65.0,65.39,65.7,-0.31,-0.4718,16749.92,110188.504,1.27,1.94,72.797,5.2521,1603760.0835
688568.SH,2023-01-31,65.21,65.41,63.48,63.78,65.39,-1.61,-2.4622,9291.83,59761.905,0.7045,0.86,71.0047,5.1228,1564273.1018
688568.SH,2023-02-01,64.0,66.48,63.74,65.69,63.78,1.91,2.9947,11615.47,75906.545,0.8807,1.0,73.131,5.2762,1611117.9062
688568.SH,2023-02-02,66.3,67.31,65.73,66.74,65.69,1.05,1.5984,14419.71,96058.162,1.0934,1.12,74.3,5.3606,1636870.2855
688568.SH,2023-02-03,65.73,67.47,65.73,67.26,66.74,0.52,0.7791,12043.65,80469.033,0.9132,0.99,74.8789,5.4023,1649623.8449
688568.SH,2023-02-06,67.49,68.68,66.76,67.67,67.26,0.41,0.6096,10197.99,69104.025,0.7732,0.8,75.3353,5.4353,1659679.5359
688568.SH,2023-02-07,67.39,67.6,65.79,66.81,67.67,-0.86,-1.2709,12832.79,85438.799,0.973,1.11,74.3779,5.3662,1638587.1108
688568.SH,2023-02-08,66.78,67.5,65.1,66.08,66.81,-0.73,-1.0927,9487.17,62536.927,0.7193,0.78,73.5652,5.3076,1620683.0756
688568.SH,2023-02-09,66.0,67.3,65.09,67.21,66.08,1.13,1.71,12603.18,84156.781,0.9556,1.07,74.8232,5.3983,1648397.5411
688568.SH,2023-02-10,66.4,67.37,65.9,66.28,67.21,-0.93,-1.3837,10295.54,68548.149,0.7806,0.9,73.7879,5.3236,1625588.2908
688568.SH,2023-02-13,66.07,67.0,65.6,66.51,66.28,0.23,0.347,12253.83,81179.298,0.9291,1.11,74.0439,5.3421,1631229.2882
688568.SH,2023-02-14,67.0,67.38,65.96,66.43,66.51,-0.08,-0.1203,7699.01,51192.602,0.5838,0.67,73.9548,5.3357,1629267.2021
688568.SH,2023-02-15,66.8,70.3,66.02,69.47,66.43,3.04,4.5762,23819.18,164049.475,1.8061,2.28,77.3392,5.5798,1703826.4719
688568.SH,2023-02-16,69.94,70.7,68.35,68.5,69.47,-0.97,-1.3963,17769.82,123505.261,1.3474,1.33,76.2593,5.5019,1680036.1786
688568.SH,2023-02-17,69.01,69.08,66.3,66.75,68.5,-1.75,-2.5547,12899.57,86711.346,0.9781,0.9,74.3111,5.3614,1637115.5463
688568.SH,2023-02-20,66.22,68.5,65.66,67.88,66.75,1.13,1.6929,8180.5,55047.193,0.6203,0.55,75.5691,5.4521,1664830.0117
688568.SH,2023-02-21,68.5,69.38,67.01,67.47,67.88,-0.41,-0.604,9010.38,61011.059,0.6832,0.64,75.1127,5.4192,1654774.3207
688568.SH,2023-02-22,67.08,69.46,66.97,68.91,67.47,1.44,2.1343,9985.11,68405.5,0.7571,0.7,76.7158,5.5349,1690091.8696
688568.SH,2023-02-23,68.76,71.98,68.52,69.04,68.91,0.13,0.1887,24861.67,174370.478,1.8851,2.15,76.8605,5.5453,1693280.2594
688568.SH,2023-02-24,69.05,71.33,68.63,70.17,69.04,1.13,1.6367,16631.09,116910.359,1.261,1.28,78.1185,5.6361,1720994.7249
688568.SH,2023-02-27,69.72,74.2,69.72,72.38,70.17,2.21,3.1495,31368.55,228136.986,2.3785,2.28,80.5788,5.8136,1775197.3519
688568.SH,2023-02-28,71.15,73.6,70.45,72.19,72.38,-0.19,-0.2625,37942.97,274249.416,2.877,2.07,80.3673,5.4839,1770537.3976
688568.SH,2023-03-01,71.9,75.03,71.6,74.35,72.19,2.16,2.9921,42013.08,308587.434,3.1856,1.74,82.772,5.648,1823513.7209
688568.SH,2023-03-02,74.5,77.3,73.62,75.49,74.35,1.14,1.5333,32393.3,245423.532,2.4562,1.06,84.0411,5.7346,1851473.447
688568.SH,2023-03-03,75.0,75.39,73.51,74.25,75.49,-1.24,-1.6426,14246.47,105987.15,1.0802,0.44,82.6607,5.6404,1821061.1133
688568.SH,2023-03-06,75.25,77.58,74.25,74.47,74.25,0.22,0.2963,17843.17,135129.424,1.3529,0.56,82.9056,5.6571,1826456.8499
688568.SH,2023-03-07,74.47,74.69,71.81,71.9,74.47,-2.57,-3.4511,20628.31,150599.704,1.5641,0.71,80.0445,5.4619,1763424.8356
688568.SH,2023-03-08,72.37,74.5,71.97,72.93,71.9,1.03,1.4325,13477.7,98657.025,1.0219,0.53,81.1911,5.5401,1788686.6935
688568.SH,2023-03-09,73.0,74.36,72.7,73.8,72.93,0.87,1.1929,10992.07,80994.807,0.8335,0.56,82.1597,5.6062,1810024.3793
688568.SH,2023-03-10,73.13,76.59,72.6,74.56,73.8,0.76,1.0298,21883.89,164297.931,1.6593,1.42,83.0058,5.6639,1828664.1967
688568.SH,2023-03-13,73.96,78.12,73.7,77.99,74.56,3.43,4.6003,21471.47,165501.308,1.628,1.27,86.8243,5.9245,1912788.636
688568.SH,2023-03-14,78.05,78.58,75.38,77.12,77.99,-0.87,-1.1155,19971.14,153642.303,1.5143,1.13,85.8558,5.8584,1891450.9503
688568.SH,2023-03-15,77.06,78.17,76.09,77.4,77.12,0.28,0.3631,11411.82,88083.688,0.8653,0.65,86.1675,5.8797,1898318.2514
688568.SH,2023-03-16,77.0,77.4,74.05,74.66,77.4,-2.74,-3.5401,13730.02,103375.44,1.0411,0.8,83.1171,5.6715,1831116.8043
688568.SH,2023-03-17,75.31,76.8,74.6,75.01,74.66,0.35,0.4688,15395.17,116382.149,1.1673,0.87,83.5067,5.6981,1839700.9308
688568.SH,2023-03-20,75.6,77.5,73.6,73.91,75.01,-1.1,-1.4665,14638.9,110332.066,1.11,0.89,82.2821,5.6145,1812722.2476
688568.SH,2023-03-21,74.29,75.58,73.8,75.0,73.91,1.09,1.4748,10987.88,82359.872,0.8331,0.73,83.4956,5.6973,1839455.67
688568.SH,2023-03-22,74.98,76.6,74.13,76.04,75.0,1.04,1.3867,12943.59,97436.433,0.9814,0.98,84.6534,5.7764,1864962.7886
688568.SH,2023-03-23,75.35,76.1,73.76,75.98,76.04,-0.06,-0.0789,15520.35,116439.408,1.1768,1.15,84.5866,5.7718,1863491.2241
688568.SH,2023-03-24,75.8,80.55,74.81,79.98,75.98,4.0,5.2645,25719.53,202421.552,1.9501,1.85,89.0397,6.0757,1961595.5265
688568.SH,2023-03-27,79.78,83.15,79.32,80.51,79.98,0.53,0.6627,23894.17,193464.782,1.8117,1.5,89.6298,6.1159,1974594.3466
688568.SH,2023-03-28,81.0,81.0,77.82,78.69,80.51,-1.82,-2.2606,18631.5,147386.058,1.4127,1.05,87.6036,5.9777,1929956.889
688568.SH,2023-03-29,78.41,81.8,77.15,79.0,78.69,0.31,0.394,18417.31,146004.202,1.3965,0.95,87.9487,6.0012,1937559.9724
688568.SH,2023-03-30,78.64,79.44,76.33,77.11,79.0,-1.89,-2.3924,12768.51,99248.514,0.9682,0.62,85.8446,5.8576,1891205.6895
688568.SH,2023-03-31,77.13,78.6,75.12,78.56,77.11,1.45,1.8804,16419.49,126308.942,1.245,0.83,87.4589,5.9678,1926768.4991
688568.SH,2023-04-03,77.82,80.6,76.9,79.95,78.56,1.39,1.7693,17061.24,134476.625,1.2936,0.95,89.0063,6.0734,1960859.7442
688568.SH,2023-04-04,79.85,83.89,78.78,83.0,79.95,3.05,3.8149,36558.07,297612.813,2.772,2.19,92.4018,6.3051,2035664.2748
688568.SH,2023-04-06,81.96,84.96,81.04,84.49,83.0,1.49,1.7952,20300.05,169546.048,1.5392,1.0,94.0606,6.4183,2072208.1274
688568.SH,2023-04-07,84.34,87.78,82.92,86.36,84.49,1.87,2.2133,23796.29,203652.486,1.8043,1.15,96.1424,6.5603,2118071.8888
688568.SH,2023-04-10,86.2,88.46,84.7,86.07,86.36,-0.29,-0.3358,20152.04,173430.978,1.528,0.88,95.8196,6.5383,2110959.3269
688568.SH,2023-04-11,84.5,86.35,83.25,85.8,86.07,-0.27,-0.3137,17668.7,149703.355,1.3397,0.75,95.519,6.5178,2104337.2865
688568.SH,2023-04-12,86.52,87.89,84.51,84.76,85.8,-1.04,-1.2121,12907.56,111335.686,0.9787,0.54,94.3612,6.4388,2078830.1679
688568.SH,2023-04-13,84.76,84.76,82.68,82.78,84.76,-1.98,-2.336,10347.13,86387.18,0.7846,0.55,92.1569,6.2884,2030268.5382
688568.SH,2023-04-14,83.09,84.46,81.3,84.08,82.78,1.3,1.5704,13865.81,115499.332,1.0514,0.82,93.6041,6.3871,2062152.4364
688568.SH,2023-04-17,84.48,84.97,81.58,82.64,84.08,-1.44,-1.7127,21721.55,179633.672,1.647,1.45,83.4958,6.3082,2026834.8876
688568.SH,2023-04-18,82.7,87.53,81.3,86.59,82.64,3.95,4.7798,35619.63,302003.873,2.7008,2.33,87.4867,6.5974,2123712.8862
688568.SH,2023-04-19,86.99,88.8,84.0,84.91,86.59,-1.68,-1.9402,29609.3,256920.586,2.2451,1.57,85.7893,6.4694,2082509.0792
688568.SH,2023-04-20,83.9,86.36,82.6,83.76,84.91,-1.15,-1.3544,21089.23,177815.933,1.5991,0.95,84.6274,6.3818,2054304.0923
688568.SH,2023-04-21,83.76,87.11,83.38,84.0,83.76,0.24,0.2865,26539.12,225512.574,2.0123,1.09,84.8699,6.4,2060190.3504
688568.SH,2023-04-24,84.0,86.95,81.76,82.56,84.0,-1.44,-1.7143,20691.59,174294.434,1.5689,0.77,83.415,6.2903,2024872.8015
688568.SH,2023-04-25,82.55,84.79,80.56,81.38,82.56,-1.18,-1.4293,21703.4,178268.325,1.6456,0.81,82.2228,6.2004,1995932.0323
688568.SH,2023-04-26,82.28,82.35,76.2,77.9,81.38,-3.48,-4.2762,25979.44,203198.26,1.9698,1.09,78.7068,5.9353,1910581.2892
688568.SH,2023-04-27,77.99,80.65,77.16,78.61,77.9,0.71,0.9114,12249.98,96484.027,0.9288,0.53,79.4241,5.9894,1927994.8029
688568.SH,2023-04-28,78.62,81.77,78.5,81.28,78.61,2.67,3.3965,13035.77,105092.108,0.9884,0.61,82.1218,6.1928,1993479.4248
688568.SH,2023-05-04,81.27,84.69,77.81,78.78,81.28,-2.5,-3.0758,21875.68,175945.481,1.6587,1.17,79.5959,6.0023,1932164.2358
688568.SH,2023-05-05,78.87,79.3,76.15,78.84,78.78,0.06,0.0762,20361.01,158464.833,1.5438,1.07,79.6565,6.0069,1933635.8003
688568.SH,2023-05-08,79.08,82.45,78.4,81.51,78.84,2.67,3.3866,16557.48,133502.931,1.2554,0.89,82.3541,6.2103,1999120.4222
688568.SH,2023-05-09,82.0,82.93,77.53,77.81,81.51,-3.7,-4.5393,28197.09,223495.622,2.138,1.68,78.6158,5.9284,1908373.9424
688568.SH,2023-05-10,78.7,79.14,75.62,76.45,77.81,-1.36,-1.7478,16397.09,125498.765,1.2433,0.82,77.2417,5.8248,1875018.4796
688568.SH,2023-05-11,76.62,77.54,73.98,74.24,76.45,-2.21,-2.8908,22364.69,167289.066,1.6958,1.08,75.0088,5.6564,1820815.8525
688568.SH,2023-05-12,74.19,74.82,72.55,73.0,74.24,-1.24,-1.6703,12127.05,88954.32,0.9195,0.58,73.756,5.5619,1790403.5188
688568.SH,2023-05-15,73.0,73.49,71.18,72.95,73.0,-0.05,-0.0685,11815.58,85335.095,0.8959,0.62,73.7055,5.5581,1789177.215
688568.SH,2023-05-16,72.5,73.43,71.15,71.68,72.95,-1.27,-1.7409,12869.24,92921.837,0.9758,0.71,72.4223,5.4614,1758029.099
688568.SH,2023-05-17,71.05,73.49,70.88,72.65,71.68,0.97,1.3532,12508.8,90505.901,0.9485,0.83,73.4024,5.5353,1781819.3923
688568.SH,2023-05-18,72.65,75.65,72.65,74.9,72.65,2.25,3.097,13533.86,100924.359,1.0262,0.94,75.6757,5.7067,1837003.0624
688568.SH,2023-05-19,74.89,76.78,74.88,76.43,74.9,1.53,2.0427,13249.2,100932.384,1.0046,1.05,77.2215,5.8233,1874527.9581
688568.SH,2023-05-22,76.44,77.2,75.59,75.93,76.43,-0.5,-0.6542,9785.85,74713.234,0.742,0.76,76.7164,5.7852,1862264.9203
688568.SH,2023-05-23,76.03,76.99,75.56,75.9,75.93,-0.03,-0.0395,8743.18,66763.991,0.6629,0.71,76.686,5.7829,1861529.138
688568.SH,2023-05-24,75.88,75.88,73.03,73.09,75.9,-2.81,-3.7022,18946.86,139724.302,1.4366,1.64,73.8469,5.5688,1792610.8656
688568.SH,2023-05-25,73.52,73.66,72.0,73.49,73.09,0.4,0.5473,10834.86,78865.674,0.8215,0.84,74.2511,5.5993,1802421.2958
688568.SH,2023-05-26,73.47,76.15,73.02,75.9,73.49,2.41,3.2794,9687.89,72770.705,0.7346,0.79,76.686,5.7829,1861529.138
688568.SH,2023-05-29,76.78,81.26,76.14,78.33,75.9,2.43,3.2016,23461.88,185133.611,1.779,2.02,79.1412,5.968,1921127.5017
688568.SH,2023-05-30,78.01,79.79,77.08,79.47,78.33,1.14,1.4554,13464.6,105700.083,1.0209,0.94,80.293,6.0549,1949087.2279
688568.SH,2023-05-31,78.9,81.2,78.77,80.79,79.47,1.32,1.661,16370.42,130630.744,1.2413,1.07,81.6267,6.1555,1981461.6477
688568.SH,2023-06-01,80.22,83.38,80.21,83.0,80.79,2.21,2.7355,19294.35,159329.972,1.463,1.31,83.8596,6.3238,2035664.2748
688568.SH,2023-06-02,82.68,83.66,81.0,81.29,83.0,-1.71,-2.0602,11386.95,93637.558,0.8634,0.69,82.1319,6.1936,1993724.6855
688568.SH,2023-06-05,81.14,83.8,80.63,80.94,81.29,-0.35,-0.4306,13716.79,112365.037,1.0401,0.82,81.7782,6.1669,1985140.5591
688568.SH,2023-06-06,80.58,81.03,78.06,78.57,80.94,-2.37,-2.9281,9802.93,77702.09,0.7433,0.66,79.3837,5.9863,1927013.7599
688568.SH,2023-06-07,78.53,79.72,78.02,78.58,78.57,0.01,0.0127,7172.76,56462.842,0.5439,0.51,79.3938,5.9871,1927259.0206
688568.SH,2023-06-08,79.58,79.58,77.46,78.69,78.58,0.11,0.14,15797.86,123682.206,1.1978,1.29,79.5049,5.9955,1929956.889
688568.SH,2023-06-09,78.53,79.96,77.51,77.78,78.69,-0.91,-1.1564,32244.05,253520.651,2.4449,2.79,78.5855,5.9261,1907638.1602
688568.SH,2023-06-12,78.0,82.5,77.5,79.93,77.78,2.15,2.7642,37087.97,297978.954,2.8121,2.36,80.7578,6.0899,1960369.2227
688568.SH,2023-06-13,79.4,81.77,78.8,81.35,79.93,1.42,1.7766,16566.27,134002.843,1.2561,0.81,82.1925,6.1981,1995196.2501
688568.SH,2023-06-14,80.92,80.92,79.81,80.09,81.35,-1.26,-1.5489,9265.2,74423.32,0.7025,0.43,80.9194,6.1021,1964293.3948
688568.SH,2023-06-15,79.68,80.69,78.33,78.77,80.09,-1.32,-1.6481,8865.46,70180.695,0.6722,0.4,79.5858,6.0016,1931918.975
688568.SH,2023-06-16,78.59,80.21,78.02,79.48,78.77,0.71,0.9014,7340.73,58267.562,0.5566,0.35,80.3031,6.0557,1949332.4887
688568.SH,2023-06-19,79.43,83.88,79.43,82.59,79.48,3.11,3.9129,38549.09,318010.888,2.9229,2.44,83.4453,6.2926,2025608.5838
688568.SH,2023-06-20,82.68,90.1,82.68,89.73,82.59,7.14,8.6451,58708.74,513579.167,4.4515,3.64,90.6593,6.8366,2200724.7636
688568.SH,2023-06-21,89.66,92.78,88.25,89.56,89.73,-0.17,-0.1895,44205.99,398813.845,3.3518,1.8,90.4875,6.8237,2196555.3307
688568.SH,2023-06-26,87.73,88.0,83.53,84.48,89.56,-5.08,-5.6722,33652.84,286717.973,2.5517,1.07,85.3549,6.4366,2071962.8667
688568.SH,2023-06-27,84.3,84.6,81.28,82.2,84.48,-2.28,-2.6989,26967.85,222190.029,2.0448,0.74,83.0513,6.2629,2016043.4143
688568.SH,2023-06-28,82.52,82.52,75.3,78.99,82.2,-3.21,-3.9051,31390.9,243564.079,2.3802,0.78,79.808,6.0183,1937314.7116
688568.SH,2023-06-29,79.62,81.6,78.63,79.0,78.99,0.01,0.0127,19934.92,158910.809,1.5115,0.51,79.8181,6.0191,1937559.9724
688568.SH,2023-06-30,79.34,80.96,77.42,80.58,79.0,1.58,2.0,17794.54,140749.601,1.3492,0.57,81.4145,6.1395,1976311.1718
688568.SH,2023-07-03,80.6,82.19,78.6,80.75,80.58,0.17,0.211,20824.7,168018.715,1.579,0.8,81.5863,6.1524,1980480.6047
688568.SH,2023-07-04,80.4,82.25,79.31,81.81,80.75,1.06,1.3127,20653.76,167291.965,1.566,0.88,82.6572,6.2332,2006478.2448
688568.SH,2023-07-05,54.77,54.77,52.48,52.49,54.77,-2.28,-4.1629,28834.83,153313.765,1.4674,1.3,79.0201,6.0511,1918186.823
688568.SH,2023-07-06,52.0,54.78,51.88,53.18,52.49,0.69,1.3145,30280.04,161688.392,1.5409,1.4,80.0588,6.1306,1943402.0813
688568.SH,2023-07-07,52.81,53.17,50.85,51.22,53.18,-1.96,-3.6856,26845.02,138272.757,1.3661,1.13,77.1082,5.9047,1871776.1302
688568.SH,2023-07-10,51.0,52.86,50.9,51.71,51.22,0.49,0.9567,22896.06,118614.663,0.6265,0.9,77.8458,5.9612,1889682.6179
688568.SH,2023-07-11,51.51,54.0,51.4,53.18,51.71,1.47,2.8428,24484.43,130223.611,0.67,0.95,80.0588,6.1306,1943402.0813
688568.SH,2023-07-12,53.3,54.3,52.28,52.33,53.18,-0.85,-1.5983,20971.95,111748.704,0.5739,0.79,78.7792,6.0327,1912339.8066
688568.SH,2023-07-13,52.5,52.66,51.6,52.11,52.33,-0.22,-0.4204,16325.5,85045.814,0.4467,0.65,78.448,6.0073,1904300.159
688568.SH,2023-07-14,52.5,54.18,52.07,53.8,52.11,1.69,3.2431,21794.63,116731.379,0.5964,0.98,80.9922,6.2021,1966059.2699
688568.SH,2023-07-17,53.7,53.96,51.91,52.16,53.8,-1.64,-3.0483,19487.9,102636.227,0.5333,0.92,78.5233,6.0131,1906127.3516
688568.SH,2023-07-18,52.36,52.36,51.3,51.65,52.16,-0.51,-0.9778,13243.79,68453.525,0.3624,0.64,77.7555,5.9543,1887489.9868
688568.SH,2023-07-19,51.88,52.3,51.02,51.69,51.65,0.04,0.0774,12419.65,64279.252,0.3399,0.68,77.8157,5.9589,1888951.7409
688568.SH,2023-07-20,51.45,51.89,49.81,49.98,51.69,-1.71,-3.3082,19735.5,99599.715,0.54,1.19,75.2414,5.7618,1826461.7529
688568.SH,2023-07-21,49.83,50.44,49.32,49.83,49.98,-0.15,-0.3001,14184.46,70622.415,0.3881,0.82,75.0156,5.7445,1820980.1751
688568.SH,2023-07-24,49.88,50.77,49.5,49.83,49.83,0.0,0.0,10878.16,54371.074,0.2977,0.69,75.0156,5.7445,1820980.1751
688568.SH,2023-07-25,49.86,50.86,48.6,49.22,49.83,-0.61,-1.2242,23835.33,117691.6,0.6522,1.69,74.0973,5.6741,1798688.425
688568.SH,2023-07-26,49.38,51.08,49.26,49.94,49.22,0.72,1.4628,18350.06,92497.473,0.5021,1.13,75.1812,5.7571,1824999.9988
688568.SH,2023-07-27,49.46,50.66,49.46,49.5,49.94,-0.44,-0.8811,12803.71,63823.116,0.3504,0.74,74.5188,5.7064,1808920.7037
688568.SH,2023-07-28,49.5,52.58,49.3,51.97,49.5,2.47,4.9899,34742.31,179013.634,0.9507,2.17,78.2372,5.9912,1899184.0196
688568.SH,2023-07-31,52.47,52.61,48.75,48.95,51.97,-3.02,-5.811,48056.49,240483.361,1.315,2.39,73.6908,5.643,1788821.5848
688568.SH,2023-08-01,48.91,48.95,48.08,48.13,48.95,-0.82,-1.6752,20522.23,99277.122,0.5616,0.74,72.4564,5.5485,1758855.6256
688568.SH,2023-08-02,48.24,49.18,48.01,49.17,48.13,1.04,2.1608,21872.73,106341.641,0.5985,0.81,74.022,5.6684,1796861.2323
688568.SH,2023-08-03,49.15,49.52,48.06,48.5,49.17,-0.67,-1.3626,16514.93,80279.445,0.4519,0.6,73.0134,5.5911,1772376.8511
688568.SH,2023-08-04,48.39,49.49,48.01,48.77,48.5,0.27,0.5567,20888.83,101605.436,0.5716,0.74,73.4199,5.6223,1782243.6913
688568.SH,2023-08-07,48.8,49.25,48.21,48.36,48.77,-0.41,-0.8407,12699.57,61569.341,0.3475,0.5,72.8026,5.575,1767260.7117
688568.SH,2023-08-08,48.18,48.96,47.95,47.95,48.36,-0.41,-0.8478,12105.99,58570.52,0.3313,0.65,72.1854,5.5277,1752277.7322
688568.SH,2023-08-09,48.0,48.45,47.6,48.0,47.95,0.05,0.1043,9768.06,46872.112,0.2673,0.58,72.2607,5.5335,1754104.9248
688568.SH,2023-08-10,48.0,48.0,47.28,47.82,48.0,-0.18,-0.375,9802.86,46745.589,0.2682,0.68,71.9897,5.5127,1747527.0313
688568.SH,2023-08-11,47.79,48.55,47.5,47.77,47.82,-0.05,-0.1046,10057.05,48365.76,0.2752,0.77,71.9144,5.507,1745699.8387
688568.SH,2023-08-14,47.6,48.98,47.2,48.79,47.77,1.02,2.1352,13044.37,62620.431,0.357,1.2,73.45,5.6246,1782974.5684
688568.SH,2023-08-15,48.51,48.79,47.17,47.75,48.79,-1.04,-2.1316,15398.95,73431.999,0.4214,1.41,71.8843,5.5047,1744968.9617
688568.SH,2023-08-16,47.35,48.15,46.0,46.1,47.75,-1.65,-3.4555,29959.32,140122.151,0.8198,2.58,69.4004,5.3145,1684671.6049
688568.SH,2023-08-17,46.5,47.8,45.77,47.25,46.1,1.15,2.4946,26723.4,125676.202,0.7313,1.71,71.1316,5.447,1726697.0354
688568.SH,2023-08-18,47.71,48.68,47.17,47.17,47.25,-0.08,-0.1693,15784.0,75438.18,0.4319,0.83,71.0112,5.4378,1723773.5271
688568.SH,2023-08-21,47.15,47.93,46.5,46.51,47.17,-0.66,-1.3992,10183.64,47993.346,0.2787,0.5,70.0176,5.3617,1699654.5844
688568.SH,2023-08-22,46.86,47.3,45.8,47.24,46.51,0.73,1.5696,15058.3,70261.476,0.4121,0.77,71.1166,5.4459,1726331.5968
688568.SH,2023-08-23,47.24,47.3,46.12,46.55,47.24,-0.69,-1.4606,17862.07,83514.338,0.4888,0.91,70.0778,5.3663,1701116.3385
688568.SH,2023-08-24,46.25,47.08,45.81,46.07,46.55,-0.48,-1.0311,18785.91,86942.348,0.5141,1.1,69.3552,5.311,1683575.2893
688568.SH,2023-08-25,45.75,45.91,44.39,44.91,46.07,-1.16,-2.5179,26770.24,120566.526,0.7326,1.72,67.6089,5.0323,1641184.4203
688568.SH,2023-08-28,47.0,47.89,44.12,44.19,44.91,-0.72,-1.6032,19307.59,88719.026,0.5283,1.09,66.525,4.9516,1614872.8464
688568.SH,2023-08-29,44.11,46.69,43.98,46.32,44.19,2.13,4.8201,19563.32,89069.044,0.5353,1.0,69.7316,5.1903,1692711.2524
688568.SH,2023-08-30,46.49,48.21,46.29,47.77,46.32,1.45,3.1304,22472.26,106963.807,0.6149,1.1,71.9144,5.3528,1745699.8387
688568.SH,2023-08-31,47.87,49.5,47.63,48.81,47.77,1.04,2.1771,27566.7,134184.587,0.7543,1.29,73.4801,5.4693,1783705.4454
688568.SH,2023-09-01,49.11,49.11,47.78,48.49,48.81,-0.32,-0.6556,13938.64,67111.842,0.3814,0.6,72.9983,5.4335,1772011.4126
688568.SH,2023-09-04,48.49,48.55,47.31,48.05,48.49,-0.44,-0.9074,17009.19,81546.739,0.4654,0.83,72.336,5.3842,1755932.1174
688568.SH,2023-09-05,48.0,48.47,47.35,47.77,48.05,-0.28,-0.5827,13031.79,62438.049,0.3566,0.65,71.9144,5.3528,1745699.8387
688568.SH,2023-09-06,47.48,49.5,47.04,49.35,47.77,1.58,3.3075,22028.35,107517.322,0.6028,1.17,74.293,5.5298,1803439.1258
688568.SH,2023-09-07,49.8,49.8,48.28,48.35,49.35,-1.0,-2.0263,20206.26,98849.868,0.5529,1.08,72.7876,5.4178,1766895.2732
688568.SH,2023-09-08,48.18,50.28,47.91,50.09,48.35,1.74,3.5988,33409.05,165790.743,0.9142,1.94,75.407,5.6128,1830481.5767
688568.SH,2023-09-11,50.45,50.45,48.21,48.67,50.09,-1.42,-2.8349,27275.96,133074.216,0.7464,1.29,73.2693,5.4536,1778589.306
688568.SH,2023-09-12,48.6,49.1,48.34,48.39,48.67,-0.28,-0.5753,15413.88,74941.769,0.4218,0.66,72.8478,5.4223,1768357.0273
688568.SH,2023-09-13,48.1,48.65,47.71,48.23,48.39,-0.16,-0.3306,13941.64,67069.767,0.3815,0.59,72.6069,5.4043,1762510.0109
688568.SH,2023-09-14,48.04,48.23,46.9,46.98,48.23,-1.25,-2.5917,17024.13,80414.334,0.4659,0.77,70.7251,5.2643,1716830.1951
688568.SH,2023-09-15,47.0,47.17,45.9,45.99,46.98,-0.99,-2.1073,17207.79,79498.871,0.4709,0.8,69.2348,5.1533,1680651.7811
688568.SH,2023-09-18,46.09,46.84,45.61,46.7,45.99,0.71,1.5438,16279.49,75431.064,0.4455,0.9,70.3036,5.2329,1706597.9164
688568.SH,2023-09-19,46.33,46.73,45.55,46.34,46.7,-0.36,-0.7709,14857.26,68671.551,0.4066,0.93,69.7617,5.1926,1693442.1295
688568.SH,2023-09-20,46.16,46.66,44.4,44.65,46.34,-1.69,-3.647,17757.29,80261.658,0.4859,1.12,67.2175,5.0032,1631683.0186
688568.SH,2023-09-21,44.74,45.05,43.62,44.0,44.65,-0.65,-1.4558,19806.45,87419.303,0.542,1.19,66.239,4.9304,1607929.5144
688568.SH,2023-09-22,43.91,45.15,43.73,45.06,44.0,1.06,2.4091,13803.67,61369.949,0.3777,0.8,67.8347,5.0491,1646665.9982
688568.SH,2023-09-25,45.08,45.34,44.0,44.55,45.06,-0.51,-1.1318,14269.5,63672.267,0.3905,0.86,67.0669,4.992,1628028.6333
688568.SH,2023-09-26,44.82,45.76,44.5,45.25,44.55,0.7,1.5713,14063.81,63614.512,0.3848,0.87,68.1207,5.0704,1653609.3302
688568.SH,2023-09-27,45.2,45.93,44.55,45.7,45.25,0.45,0.9945,12286.95,55827.442,0.3362,0.77,68.7982,5.1208,1670054.0638
688568.SH,2023-09-28,46.27,46.68,45.78,46.49,45.7,0.79,1.7287,11886.38,55114.577,0.3253,0.8,69.9875,5.2094,1698923.7074
688568.SH,2023-10-09,46.17,46.98,46.01,46.74,46.49,0.25,0.5378,11273.18,52554.133,0.3085,0.85,70.3638,5.2374,1708059.6705
688568.SH,2023-10-10,46.5,48.0,46.5,47.39,46.74,0.65,1.3907,14882.7,70823.574,0.4073,1.17,71.3424,5.3102,1731813.1747
688568.SH,2023-10-11,47.51,48.18,46.8,47.79,47.39,0.4,0.8441,14869.5,70775.767,0.4069,1.15,71.9445,5.355,1746430.7158
688568.SH,2023-10-12,47.98,48.0,46.58,46.74,47.79,-1.05,-2.1971,11778.2,55344.679,0.3223,0.9,70.3638,5.2374,1708059.6705
688568.SH,2023-10-13,46.84,46.84,45.91,46.01,46.74,-0.73,-1.5618,9563.94,44158.668,0.2617,0.74,69.2649,5.1556,1681382.6581
688568.SH,2023-10-16,46.2,46.25,45.0,45.49,46.01,-0.52,-1.1302,8633.29,39207.209,0.2362,0.69,68.482,5.0973,1662379.8548
688568.SH,2023-10-17,45.59,46.53,45.21,46.21,45.49,0.72,1.5828,14950.02,68705.489,0.4091,1.25,69.566,5.178,1688691.4286
688568.SH,2023-10-18,46.21,46.21,45.36,45.79,46.21,-0.42,-0.9089,8680.42,39752.965,0.2375,0.73,68.9337,5.1309,1673343.0106
688568.SH,2023-10-19,45.54,47.45,45.33,45.33,45.79,-0.46,-1.0046,13370.87,61997.717,0.3659,1.25,68.2412,5.0794,1656532.8384
688568.SH,2023-10-20,45.06,45.58,43.64,43.66,45.33,-1.67,-3.6841,14942.46,66121.867,0.4089,1.35,65.7271,4.8923,1595504.6045
688568.SH,2023-10-23,43.9,43.98,42.6,42.85,43.66,-0.81,-1.8552,10521.02,45309.474,0.2879,0.87,64.5077,4.8015,1565904.0839
688568.SH,2023-10-24,43.09,43.56,42.36,42.95,42.85,0.1,0.2334,12626.66,54063.809,0.3455,1.01,64.6583,4.8127,1569558.4692
688568.SH,2023-10-25,43.59,46.96,43.59,44.85,42.95,1.9,4.4237,31546.54,143279.57,0.8633,2.62,67.5186,5.0256,1638991.7891
688568.SH,2023-10-26,44.45,46.28,44.31,45.59,44.85,0.74,1.6499,15917.5,72316.049,0.4356,0.96,68.6326,5.1085,1666034.24
688568.SH,2023-10-27,49.87,49.98,45.85,46.87,45.59,1.28,2.8076,56109.76,266857.502,1.5354,3.28,70.5595,5.1438,1712810.3714
688568.SH,2023-10-30,46.6,50.89,46.56,49.7,46.87,2.83,6.038,51149.75,250353.087,1.3997,2.02,74.8199,5.4544,1816229.4742
688568.SH,2023-10-31,49.4,50.18,48.98,49.32,49.7,-0.38,-0.7646,23758.82,117479.22,0.6501,0.71,74.2478,5.4127,1802342.8102
688568.SH,2023-11-01,49.32,49.75,48.02,48.28,49.32,-1.04,-2.1087,19636.67,95247.284,0.5373,0.55,72.6822,5.2986,1764337.2035
688568.SH,2023-11-02,48.28,48.78,47.18,47.3,48.28,-0.98,-2.0298,16200.41,77284.445,0.4433,0.49,71.2069,5.191,1728524.228
688568.SH,2023-11-03,47.32,49.27,47.07,48.98,47.3,1.68,3.5518,19444.19,94473.654,0.5321,0.58,73.736,5.3754,1789917.9003
688568.SH,2023-11-06,49.13,49.74,48.51,49.57,48.98,0.59,1.2046,19746.77,97397.981,0.5404,0.76,74.6242,5.4401,1811478.7734
688568.SH,2023-11-07,49.3,50.49,49.13,50.21,49.57,0.64,1.2911,19275.72,96211.356,0.5275,0.98,75.5877,5.5104,1834866.839
688568.SH,2023-11-08,50.39,52.5,49.93,51.64,50.21,1.43,2.848,31471.11,162091.431,0.8612,1.67,77.7404,5.6673,1887124.5483
688568.SH,2023-11-09,51.6,52.11,50.81,51.61,51.64,-0.03,-0.0581,21294.72,109649.834,0.5827,1.0,77.6953,5.664,1886028.2327
688568.SH,2023-11-10,51.81,52.48,51.0,51.95,51.61,0.34,0.6588,17561.5,91321.917,0.4806,0.79,78.2071,5.7013,1898453.1426
688568.SH,2023-11-13,52.0,52.89,51.66,52.31,51.95,0.36,0.693,15253.41,79860.336,0.4174,0.7,78.7491,5.7408,1911608.9295
688568.SH,2023-11-14,52.33,53.48,52.19,53.2,52.31,0.89,1.7014,17292.23,91668.44,0.4732,0.82,80.0889,5.8385,1944132.9583
688568.SH,2023-11-15,53.2,54.27,52.66,52.76,53.2,-0.44,-0.8271,22006.72,117011.543,0.6022,1.07,79.4265,5.7902,1928053.6632
688568.SH,2023-11-16,52.88,53.17,51.86,52.46,52.76,-0.3,-0.5686,21140.97,111121.067,0.5785,1.13,78.9749,5.7573,1917090.5074
688568.SH,2023-11-17,52.35,52.9,51.73,52.38,52.46,-0.08,-0.1525,15574.36,81215.26,0.4262,0.84,78.8545,5.7485,1914166.9992
688568.SH,2023-11-20,52.38,53.25,52.0,52.91,52.38,0.53,1.0118,23873.29,125375.436,0.6533,1.31,79.6523,5.8067,1933535.2411
688568.SH,2023-11-21,53.0,53.0,51.4,51.52,52.91,-1.39,-2.6271,21448.14,111163.624,0.5869,1.07,77.5598,5.6541,1882739.286
688568.SH,2023-11-22,51.45,52.2,51.05,51.72,51.52,0.2,0.3882,17288.45,89519.805,0.4731,0.83,77.8609,5.6761,1890048.0565
688568.SH,2023-11-23,51.47,52.53,51.0,52.4,51.72,0.68,1.3148,12324.67,64062.539,0.3373,0.62,78.8846,5.7507,1914897.8762
688568.SH,2023-11-24,52.31,52.33,50.7,50.94,52.4,-1.46,-2.7863,17039.37,87349.756,0.4663,0.94,76.6866,5.5905,1861543.8514
688568.SH,2023-11-27,50.55,51.49,50.3,51.17,50.94,0.23,0.4515,16699.35,84990.334,0.457,0.91,77.0329,5.6157,1869948.9375
688568.SH,2023-11-28,51.15,51.78,50.51,50.98,51.17,-0.19,-0.3713,12260.66,62640.628,0.3355,0.72,76.7469,5.5949,1863005.6055
688568.SH,2023-11-29,51.12,51.93,50.35,51.02,50.98,0.04,0.0785,14354.37,73492.043,0.3928,0.95,76.8071,5.5993,1864467.3597
688568.SH,2023-11-30,50.55,50.8,49.62,50.15,51.02,-0.87,-1.7052,15775.49,78874.44,0.4317,1.09,75.4974,5.5038,1832674.2079
688568.SH,2023-12-01,50.12,51.28,49.61,50.94,50.15,0.79,1.5753,14772.29,74377.211,0.4042,0.97,76.6866,5.5905,1861543.8514
688568.SH,2023-12-04,51.0,51.85,50.4,50.69,50.94,-0.25,-0.4908,19803.13,101186.454,0.5419,1.34,76.3103,5.563,1852407.8883
688568.SH,2023-12-05,49.88,49.88,46.36,47.5,50.69,-3.19,-6.2932,52919.53,252779.907,1.4481,3.44,71.508,5.213,1735832.9985
688568.SH,2023-12-06,47.65,48.95,47.1,48.55,47.5,1.05,2.2105,27067.03,130501.664,0.7407,1.15,73.2899,5.3429,1779087.9358
688568.SH,2023-12-07,48.1,49.29,48.1,48.94,48.55,0.39,0.8033,15536.29,75805.87,0.4251,0.6,73.8786,5.3858,1793379.2704
688568.SH,2023-12-08,48.9,49.68,48.5,48.96,48.94,0.02,0.0409,23958.62,117692.346,0.6538,0.92,73.9088,5.3493,1794112.1594
688568.SH,2023-12-11,48.78,50.47,48.4,50.44,48.96,1.48,3.0229,24290.99,120399.154,0.6629,0.87,76.143,5.5111,1848345.942
688568.SH,2023-12-12,50.32,51.28,50.09,50.6,50.44,0.16,0.3172,21263.44,107852.386,0.5803,0.74,76.3845,5.5285,1854209.0536
688568.SH,2023-12-13,50.6,51.2,50.03,50.36,50.6,-0.24,-0.4743,17549.36,88833.675,0.4789,0.78,76.0222,5.5023,1845414.3862
688568.SH,2023-12-14,50.58,50.7,49.8,50.03,50.36,-0.33,-0.6553,17732.82,89122.536,0.4839,0.86,75.524,5.4663,1833321.7184
688568.SH,2023-12-15,49.8,50.14,49.0,49.39,50.03,-0.64,-1.2792,13047.12,64591.002,0.356,0.62,74.5579,5.3963,1809869.2719
688568.SH,2023-12-18,49.25,49.9,48.5,48.71,49.39,-0.68,-1.3768,15741.38,77203.203,0.4296,0.84,73.5314,5.322,1784951.0475
688568.SH,2023-12-19,48.9,48.94,47.85,48.5,48.71,-0.21,-0.4311,14560.35,70305.164,0.3973,0.85,73.2144,5.2991,1777255.7135
688568.SH,2023-12-20,48.26,48.6,47.0,47.25,48.5,-1.25,-2.5773,18314.19,86885.01,0.4998,1.16,71.3274,5.1625,1731450.1538
688568.SH,2023-12-21,47.01,48.09,46.8,47.35,47.25,0.1,0.2116,12545.78,59395.555,0.3424,0.79,71.4784,5.1734,1735114.5986
688568.SH,2023-12-22,47.4,49.04,46.71,47.9,47.35,0.55,1.1616,20323.95,97413.941,0.5546,1.37,72.3086,5.2335,1755269.0448
688568.SH,2023-12-25,47.7,48.39,46.88,47.44,47.9,-0.46,-0.9603,17163.14,81225.594,0.4684,1.05,71.6142,5.1833,1738412.5989
688568.SH,2023-12-26,47.25,47.88,45.95,46.79,47.44,-0.65,-1.3702,14243.51,66426.694,0.3887,0.86,70.633,5.1123,1714593.7079
688568.SH,2023-12-27,46.97,47.7,46.51,47.4,46.79,0.61,1.3037,15220.85,71984.043,0.4154,0.92,71.5538,5.1789,1736946.821
688568.SH,2023-12-28,47.31,48.63,46.46,48.21,47.4,0.81,1.7089,18373.35,87684.954,0.5014,1.16,72.7766,5.2674,1766628.8236
688568.SH,2023-12-29,48.2,49.1,47.5,49.06,48.21,0.85,1.7631,20172.05,97956.721,0.5505,1.18,74.0597,5.3603,1797776.6042
688568.SH,2024-01-02,48.67,49.4,48.2,48.23,49.06,-0.83,-1.6918,16459.21,80459.084,0.4492,0.97,72.8068,5.2696,1767361.7126
688568.SH,2024-01-03,48.68,48.68,45.58,46.3,48.23,-1.93,-4.0017,35001.86,162046.926,0.9552,2.07,69.8933,5.0587,1696637.9285
688568.SH,2024-01-04,46.5,46.5,45.5,45.73,46.3,-0.57,-1.2311,13562.55,62449.715,0.3701,0.64,69.0329,4.9964,1675750.5933
688568.SH,2024-01-05,45.75,45.84,44.6,44.76,45.73,-0.97,-2.1211,15794.16,71240.895,0.431,0.76,67.5686,4.8905,1640205.4791
688568.SH,2024-01-08,44.51,44.74,43.6,43.97,44.76,-0.79,-1.765,15626.72,68723.325,0.4264,0.77,66.376,4.8041,1611256.3654
688568.SH,2024-01-09,44.02,44.62,43.41,43.9,43.97,-0.07,-0.1592,19491.65,85441.109,0.5319,1.01,66.2703,4.7965,1608691.254
688568.SH,2024-01-10,43.8,44.04,42.8,43.72,43.9,-0.18,-0.41,13728.54,59795.554,0.3746,0.69,65.9986,4.7768,1602095.2534
688568.SH,2024-01-11,43.59,45.17,43.59,44.84,43.72,1.12,2.5618,15649.54,69629.965,0.4271,1.0,67.6893,4.8992,1643137.0349
688568.SH,2024-01-12,45.28,45.28,44.29,44.57,44.84,-0.27,-0.6021,13278.97,59407.34,0.3624,0.83,67.2818,4.8697,1633243.034
688568.SH,2024-01-15,44.79,44.8,43.95,44.11,44.57,-0.46,-1.0321,8372.73,37064.048,0.2285,0.54,66.5873,4.8194,1616386.588
688568.SH,2024-01-16,44.25,44.31,42.91,43.96,44.11,-0.15,-0.3401,11642.41,50714.2,0.3177,0.83,66.3609,4.803,1610889.9209
688568.SH,2024-01-17,43.89,44.06,42.51,42.51,43.96,-1.45,-3.2985,8461.92,36787.318,0.2309,0.68,64.172,4.6446,1557755.4717
688568.SH,2024-01-18,42.47,43.5,41.29,43.0,42.51,0.49,1.1527,18896.87,79598.551,0.5157,1.65,64.9117,4.6982,1575711.2511
688568.SH,2024-01-19,42.78,43.46,42.16,42.44,43.0,-0.56,-1.3023,9585.8,40979.571,0.2616,0.79,64.0664,4.637,1555190.3604
688568.SH,2024-01-22,42.14,42.78,40.11,40.25,42.44,-2.19,-5.1602,15811.89,65290.403,0.4315,1.39,60.7604,4.3977,1474939.0199
688568.SH,2024-01-23,40.2,41.17,39.79,40.87,40.25,0.62,1.5404,10614.47,43028.812,0.2897,0.82,61.6963,4.4654,1497658.5775
688568.SH,2024-01-24,40.8,41.72,39.61,41.41,40.87,0.54,1.3213,11532.3,46973.668,0.3147,0.91,62.5115,4.5244,1517446.5793
688568.SH,2024-01-25,41.41,43.48,41.0,43.45,41.41,2.04,4.9263,16597.23,70641.985,0.4529,1.25,65.591,4.7473,1592201.2526
688568.SH,2024-01-26,43.25,43.44,42.4,42.89,43.45,-0.56,-1.2888,11423.62,49071.757,0.3117,0.89,64.7457,4.6861,1571680.3619
688568.SH,2024-01-29,43.08,43.66,41.41,41.62,42.89,-1.27,-2.9611,13479.53,56609.943,0.3678,1.02,62.8285,4.5474,1525141.9133
688568.SH,2024-01-30,42.33,43.37,41.1,41.11,41.62,-0.51,-1.2254,19662.29,83496.392,0.5366,1.54,62.0586,4.4917,1506453.2449
688568.SH,2024-01-31,41.0,41.7,39.71,39.92,41.11,-1.19,-2.8947,17784.18,72073.798,0.4853,1.22,60.2622,4.3616,1462846.3522
688568.SH,2024-02-01,39.71,40.98,38.88,40.03,39.92,0.11,0.2756,18225.91,73022.621,0.4974,1.15,60.4283,4.3737,1466877.2414
688568.SH,2024-02-02,39.71,40.59,33.95,38.02,40.03,-2.01,-5.0212,51536.01,192390.528,1.4064,3.2,57.394,4.154,1393221.9016
688568.SH,2024-02-05,37.0,37.0,33.53,35.29,38.02,-2.73,-7.1804,38576.89,136442.759,1.0527,1.6,53.2729,3.8558,1293182.5593
688568.SH,2024-02-06,34.46,39.29,33.71,39.0,35.29,3.71,10.5129,33226.5,122952.285,0.9067,1.14,58.8734,4.2611,1429133.4603
688568.SH,2024-02-07,39.1,42.77,39.1,42.23,39.0,3.23,8.2821,36646.04,153093.334,1.0,1.15,63.7493,4.614,1547495.0264
688568.SH,2024-02-08,42.44,44.4,42.02,42.93,42.23,0.7,1.6576,36907.5,160749.59,1.0072,1.04,64.806,4.6905,1573146.1398
688568.SH,2024-02-19,43.5,43.5,40.17,41.3,42.93,-1.63,-3.7969,43944.17,182001.337,1.1992,1.12,62.3454,4.5124,1513415.69
688568.SH,2024-02-20,41.25,41.25,39.15,39.85,41.3,-1.45,-3.5109,41314.63,164429.422,1.1274,1.09,60.1566,4.354,1460281.2408
688568.SH,2024-02-21,39.41,41.98,39.22,40.44,39.85,0.59,1.4806,38552.43,156838.084,1.0521,1.0,61.0472,4.4185,1481901.465
688568.SH,2024-02-22,40.49,42.29,40.4,41.44,40.44,1.0,2.4728,27400.85,113261.597,0.7477,0.69,62.5568,4.5277,1518545.9127
688568.SH,2024-02-23,41.49,42.53,41.2,42.33,41.44,0.89,2.1477,24817.97,103808.166,0.6773,0.66,63.9003,4.625,1551159.4711
688568.SH,2024-02-26,42.2,43.71,41.91,42.7,42.33,0.37,0.8741,25670.15,110373.956,0.7005,0.73,64.4588,4.6654,1564717.9168
688568.SH,2024-02-27,42.43,45.18,42.21,45.15,42.7,2.45,5.7377,34731.57,153529.785,0.9478,1.1,68.1573,4.9331,1654496.8137
688568.SH,2024-02-28,45.3,45.96,42.52,42.56,45.15,-2.59,-5.7364,45020.16,199544.539,1.2286,1.49,64.2475,4.6501,1559587.6941
688568.SH,2024-02-29,43.2,45.26,43.18,45.24,42.56,2.68,6.297,34545.92,153708.144,0.9427,1.1,68.2932,4.6534,1657794.8139
688568.SH,2024-03-01,45.02,48.3,45.0,47.97,45.24,2.73,6.0345,43298.15,203852.027,1.1816,1.31,72.4143,4.9342,1757834.1562
688568.SH,2024-03-04,47.98,48.63,46.3,47.35,47.97,-0.62,-1.2925,29263.14,138115.944,0.7986,0.8,71.4784,4.8704,1735114.5986
688568.SH,2024-03-05,46.81,47.85,46.47,47.0,47.35,-0.35,-0.7392,26098.78,123144.103,0.7122,0.7,70.95,4.8344,1722289.0419
688568.SH,2024-03-06,46.88,47.74,46.16,46.9,47.0,-0.1,-0.2128,21517.09,100968.998,0.5872,0.6,70.7991,4.8241,1718624.5971
688568.SH,2024-03-07,47.5,47.5,45.19,45.2,46.9,-1.7,-3.6247,23846.21,110011.249,0.6507,0.77,68.2328,4.6493,1656329.036
688568.SH,2024-03-08,45.61,46.19,44.83,45.85,45.2,0.65,1.4381,19418.07,88486.078,0.5299,0.67,69.214,4.7161,1680147.927
688568.SH,2024-03-11,45.43,46.87,45.21,46.79,45.85,0.94,2.0502,21681.93,99936.844,0.5917,0.9,70.633,4.8128,1714593.7079
688568.SH,2024-03-12,46.46,47.48,46.2,47.17,46.79,0.38,0.8121,23803.91,111703.315,0.6496,1.06,71.2066,4.8519,1728518.598
688568.SH,2024-03-13,47.3,48.56,47.3,47.8,47.17,0.63,1.3356,23086.58,110906.604,0.63,1.05,72.1577,4.9167,1751604.6001
688568.SH,2024-03-14,47.82,47.9,46.77,47.25,47.8,-0.55,-1.1506,19242.97,90716.671,0.5251,0.86,71.3274,4.8601,1731450.1538
688568.SH,2024-03-15,47.29,48.77,46.88,48.3,47.25,1.05,2.2222,25311.62,121246.39,0.6907,1.18,72.9125,4.9681,1769926.8239
688568.SH,2024-03-18,48.7,53.06,48.37,52.71,48.3,4.41,9.1304,55908.75,289476.327,1.5257,2.47,79.5697,5.4217,1931528.8383
688568.SH,2024-03-19,52.8,53.46,51.53,51.6,52.71,-1.11,-2.1059,43236.27,226901.348,1.1799,1.47,77.8941,5.3076,1890853.5013
688568.SH,2024-03-20,52.63,57.0,51.73,53.05,51.6,1.45,2.8101,94143.08,508009.162,2.5691,2.82,80.0829,5.4567,1943987.9505
688568.SH,2024-03-21,53.05,56.04,52.6,55.11,53.05,2.06,3.8831,78743.23,428007.953,2.1488,1.66,83.1927,5.6686,2019475.5127
688568.SH,2024-03-22,55.3,55.89,53.83,54.3,55.11,-0.81,-1.4698,40618.2,221322.595,1.1084,0.68,81.9699,5.5853,1989793.5101
688568.SH,2024-03-25,54.28,54.9,51.2,51.25,54.3,-3.05,-5.6169,52948.96,278736.474,1.4449,0.85,77.3657,5.2716,1878027.9446
688568.SH,2024-03-26,52.0,52.21,50.74,51.3,51.25,0.05,0.0976,37830.21,194749.378,1.0324,0.61,77.4412,5.2767,1879860.167
688568.SH,2024-03-27,51.0,51.28,49.25,49.4,51.3,-1.9,-3.7037,25855.14,129370.135,0.7056,0.42,74.573,5.0813,1810235.7164
688568.SH,2024-03-28,50.47,58.13,50.47,55.5,49.4,6.1,12.3482,122889.6,678082.225,3.3536,2.6,83.7814,5.7087,2033766.8474
688568.SH,2024-03-29,55.07,56.3,54.0,55.4,55.5,-0.1,-0.1802,63374.69,349831.06,1.7294,1.13,83.6304,5.6984,2030102.4026
688568.SH,2024-04-01,56.35,56.99,53.4,55.5,55.4,0.1,0.1805,59088.65,324301.792,1.6125,0.98,83.7814,5.7087,2033766.8474
688568.SH,2024-04-02,54.84,55.87,53.82,54.66,55.5,-0.84,-1.5135,55524.1,305248.063,1.5152,0.9,82.5134,5.6223,2002985.5113
688568.SH,2024-04-03,53.61,54.78,52.8,53.4,54.66,-1.26,-2.3052,42275.09,226392.163,1.1537,0.65,80.6113,5.4927,1956813.5072
688568.SH,2024-04-08,52.96,53.18,52.01,52.4,53.4,-1.0,-1.8727,29942.48,156948.437,0.8171,0.44,79.1017,5.3898,1920169.0595
688568.SH,2024-04-09,52.38,54.4,52.01,52.84,52.4,0.44,0.8397,42589.76,225871.444,1.168,0.85,79.3749,5.5327,1926801.4851
688568.SH,2024-04-10,52.2,54.66,51.83,53.82,52.84,0.98,1.8547,42199.19,224585.392,1.1573,0.92,80.8471,5.6353,1962537.0161
688568.SH,2024-04-11,52.87,54.43,51.33,51.6,53.82,-2.22,-4.1249,38833.64,203541.082,1.065,0.91,77.5122,5.4029,1881585.099
688568.SH,2024-04-12,51.0,53.07,51.0,52.34,51.6,0.74,1.4341,35501.16,185351.682,0.9736,0.91,78.6239,5.4804,1908569.0714
688568.SH,2024-04-15,53.33,55.18,51.67,54.46,52.34,2.12,4.0504,57028.98,306780.785,1.5639,1.51,57.9734,5.6996,1985874.5057
688568.SH,2024-04-16,53.98,55.49,52.81,53.12,54.46,-1.34,-2.4605,48537.07,262315.361,1.3311,1.12,56.5469,5.5594,1937011.6368
688568.SH,2024-04-17,53.12,58.48,52.89,57.94,53.12,4.82,9.0738,73705.79,410084.673,2.0213,1.66,61.6779,6.0638,2112772.1054
688568.SH,2024-04-18,58.2,61.7,56.03,56.98,57.94,-0.96,-1.6569,96763.98,566390.994,2.6536,1.91,60.656,5.9634,2077765.871
688568.SH,2024-04-19,57.0,58.35,54.87,58.19,56.98,1.21,2.1236,85423.13,486273.054,2.3426,1.37,61.944,6.09,2121888.3122
688568.SH,2024-04-22,57.9,59.84,55.0,58.48,58.19,0.29,0.4984,67156.41,388055.621,1.8417,0.93,62.2527,6.1204,2132463.1122
688568.SH,2024-04-23,58.2,59.16,56.0,56.6,58.48,-1.88,-3.2148,53098.95,305702.03,1.4562,0.71,60.2514,5.9236,2063909.2365
688568.SH,2024-04-24,56.3,60.46,55.99,59.21,56.6,2.61,4.6113,60902.78,358284.505,1.6702,0.81,63.0298,6.1968,2159082.4363
688568.SH,2024-04-25,58.3,59.44,57.7,58.9,59.21,-0.31,-0.5236,34996.63,205123.948,0.9597,0.48,62.6998,6.1643,2147778.3398
688568.SH,2024-04-26,57.19,60.65,56.0,57.3,58.9,-1.6,-2.7165,90034.83,523173.308,2.4691,1.49,60.9966,5.9969,2089434.6158
688568.SH,2024-04-29,57.03,57.77,56.15,56.75,57.3,-0.55,-0.9599,56702.95,322745.671,1.555,0.93,60.4111,6.0218,2069378.9606
688568.SH,2024-04-30,56.32,56.6,53.2,53.77,56.75,-2.98,-5.2511,67724.24,367426.638,1.8572,1.15,57.2389,5.7056,1960713.7747
688568.SH,2024-05-06,54.3,55.0,53.15,53.32,53.77,-0.45,-0.8369,38362.79,207102.662,1.052,0.62,56.7598,5.6578,1944304.6023
688568.SH,2024-05-07,54.0,55.18,53.03,53.93,53.32,0.61,1.144,40011.96,215925.996,1.0973,0.7,57.4092,5.7226,1966548.1471
688568.SH,2024-05-08,53.59,53.84,52.2,53.0,53.93,-0.93,-1.7245,42470.92,224492.773,1.1647,0.73,56.4192,5.6239,1932635.8575
688568.SH,2024-05-09,52.55,54.68,52.3,54.09,53.0,1.09,2.0566,35371.62,189822.667,0.97,0.72,57.5795,5.7395,1972382.5195
688568.SH,2024-05-10,54.0,54.81,52.03,52.97,54.09,-1.12,-2.0706,47906.7,255520.578,1.3138,1.07,56.3873,5.6207,1931541.9127
688568.SH,2024-05-13,52.2,52.97,50.9,51.6,52.97,-1.37,-2.5864,53636.01,277143.761,1.4709,1.31,54.9289,5.4753,1881585.099
688568.SH,2024-05-14,51.59,52.57,51.11,52.1,51.6,0.5,0.969,22298.19,116204.583,0.6115,0.51,55.4611,5.5284,1899817.5128
688568.SH,2024-05-15,52.0,53.03,51.31,52.64,52.1,0.54,1.0365,21379.55,112337.915,0.5863,0.53,56.036,5.5857,1919508.5196
688568.SH,2024-05-16,52.66,53.87,52.5,53.08,52.64,0.44,0.8359,29806.7,158803.421,0.8174,0.83,56.5044,5.6324,1935553.0437
688568.SH,2024-05-17,53.6,54.1,52.4,53.68,53.08,0.6,1.1304,24798.4,132454.222,0.6801,0.71,57.1431,5.696,1957431.9402
688568.SH,2024-05-20,53.68,54.69,53.09,54.4,53.68,0.72,1.3413,29602.25,160594.209,0.8118,0.97,57.9095,5.7724,1983686.616
688568.SH,2024-05-21,54.12,54.3,53.35,53.57,54.4,-0.83,-1.5257,18862.0,101370.347,0.5173,0.74,57.026,5.6844,1953420.8092
688568.SH,2024-05-22,53.26,54.0,52.54,52.67,53.57,-0.9,-1.68,17018.77,90031.647,0.4667,0.68,56.0679,5.5889,1920602.4644
688568.SH,2024-05-23,52.55,53.13,51.22,51.42,52.67,-1.25,-2.3733,19275.96,100166.327,0.5286,0.8,54.7373,5.4562,1875021.4301
688568.SH,2024-05-24,51.01,51.54,49.28,49.42,51.42,-2.0,-3.8895,25848.01,129574.87,0.7088,1.18,52.6082,5.244,1802091.7751
688568.SH,2024-05-27,49.42,50.49,48.86,50.39,49.42,0.97,1.9628,16466.89,81670.081,0.4516,0.74,53.6408,5.3469,1837462.6577
688568.SH,2024-05-28,50.22,50.66,49.49,49.54,50.39,-0.85,-1.6868,10466.06,52292.476,0.287,0.54,52.736,5.2567,1806467.5544
688568.SH,2024-05-29,49.08,50.07,48.8,49.25,49.54,-0.29,-0.5854,11477.82,56777.022,0.3148,0.64,52.4273,5.226,1795892.7544
688568.SH,2024-05-30,48.82,50.99,47.99,50.44,49.25,1.19,2.4162,24105.46,120237.912,0.6611,1.44,53.694,5.3522,1839285.8991
688568.SH,2024-05-31,50.31,51.58,50.31,50.5,50.44,0.06,0.119,19134.14,97638.032,0.5247,1.08,53.7579,5.3586,1841473.7888
688568.SH,2024-06-03,50.7,52.8,50.47,51.82,50.5,1.32,2.6139,30643.0,159114.295,0.8403,1.88,55.1631,5.4987,1889607.3611
688568.SH,2024-06-04,51.44,52.4,51.25,52.05,51.82,0.23,0.4438,12426.69,64259.504,0.3408,0.65,55.4079,5.5231,1897994.2714
688568.SH,2024-06-05,52.11,53.2,51.57,52.48,52.05,0.43,0.8261,18273.69,96233.534,0.5011,0.93,55.8656,5.5687,1913674.1472
688568.SH,2024-06-06,52.11,52.81,49.31,49.65,52.48,-2.83,-5.3925,51130.43,256865.004,1.4022,2.44,52.8531,5.2684,1810478.6854
688568.SH,2024-06-07,50.0,50.74,48.65,48.92,49.65,-0.73,-1.4703,24856.02,123041.657,0.6816,0.94,52.076,5.191,1783859.3613
688568.SH,2024-06-11,49.01,49.15,48.12,48.92,48.92,0.0,0.0,30199.72,146756.107,0.8282,1.1,52.076,5.191,1783859.3613
688568.SH,2024-06-12,49.11,49.44,46.36,46.63,48.92,-2.29,-4.6811,55377.37,262243.39,1.5187,2.02,49.6382,4.948,1700354.9063
688568.SH,2024-06-13,46.69,48.45,45.38,48.09,46.63,1.46,3.131,56569.54,267307.799,1.5513,1.57,51.1924,5.1029,1753593.5545
688568.SH,2024-06-14,47.89,49.22,47.68,47.97,48.09,-0.12,-0.2495,57950.7,280890.757,1.5892,1.33,51.0647,5.0901,1749217.7752
688568.SH,2024-06-17,48.0,49.92,47.7,49.41,47.97,1.44,3.0019,42385.99,209203.281,1.1624,0.94,52.5976,5.2429,1801727.1268
688568.SH,2024-06-18,49.06,50.8,49.06,49.53,49.41,0.12,0.2429,34175.85,171013.395,0.9372,0.7,52.7253,5.2557,1806102.9061
688568.SH,2024-06-19,49.56,50.24,48.9,49.5,49.53,-0.03,-0.0606,25090.5,124354.779,0.6881,0.51,52.6934,5.2525,1805008.9613
688568.SH,2024-06-20,49.18,50.13,48.71,48.93,49.5,-0.57,-1.1515,23030.55,113822.734,0.6316,0.53,52.0866,5.192,1784224.0096
688568.SH,2024-06-21,48.88,50.4,48.31,49.89,48.93,0.96,1.962,22132.43,109962.294,0.607,0.61,53.1086,5.2939,1819230.244
688568.SH,2024-06-24,49.5,50.11,48.15,48.28,49.89,-1.61,-3.2271,27405.6,135196.57,0.7516,0.93,51.3947,5.123,1760521.8717
688568.SH,2024-06-25,48.38,48.59,46.54,46.89,48.28,-1.39,-2.879,24021.45,113471.571,0.6588,0.91,49.915,4.9755,1709835.7615
688568.SH,2024-06-26,46.98,48.09,46.33,47.88,46.89,0.99,2.1113,20120.0,94920.327,0.5518,0.83,50.9689,5.0806,1745935.9407
688568.SH,2024-06-27,47.86,47.86,46.11,46.93,47.88,-0.95,-1.9841,20312.95,94997.924,0.5571,0.87,49.9576,4.9798,1711294.3546
688568.SH,2024-06-28,46.75,48.62,46.52,47.7,46.93,0.77,1.6407,25295.33,121121.203,0.6937,1.11,50.7773,5.0615,1739372.2718
688568.SH,2024-07-01,47.7,47.97,45.55,46.23,47.7,-1.47,-3.0818,26501.47,122586.283,0.7268,1.13,49.2124,4.9055,1685768.9753
688568.SH,2024-07-02,46.13,46.56,45.3,45.55,46.23,-0.68,-1.4709,20213.33,92608.331,0.5543,0.87,48.4886,4.8334,1660972.8926
688568.SH,2024-07-03,45.15,45.73,44.39,44.53,45.55,-1.02,-2.2393,18689.46,84089.513,0.5125,0.83,47.4028,4.7251,1623778.7686
688568.SH,2024-07-04,29.92,30.24,29.27,29.36,29.76,-0.4,-1.3441,25633.6,76246.31,0.4718,1.15,46.5686,4.7385,1595204.9305
688568.SH,2024-07-05,29.31,30.1,28.77,30.03,29.36,0.67,2.282,31229.06,92218.204,0.5748,1.34,47.6313,4.8467,1631607.7678
688568.SH,2024-07-08,29.99,30.03,28.92,29.15,30.03,-0.88,-2.9304,25948.22,76041.082,0.4776,1.06,46.2355,4.7046,1583795.086
688568.SH,2024-07-09,28.99,30.64,28.95,30.44,29.15,1.29,4.4254,34530.86,103575.752,0.6355,1.42,48.2816,4.9128,1653884.1309
688568.SH,2024-07-10,30.4,30.97,30.13,30.51,30.44,0.07,0.23,23940.1,73370.587,0.4406,0.88,48.3927,4.9241,1657687.4124
688568.SH,2024-07-11,31.35,31.5,30.41,30.78,30.51,0.27,0.885,26945.31,83254.37,0.4959,0.95,48.8209,4.9677,1672357.2125
688568.SH,2024-07-12,30.56,30.74,30.18,30.35,30.78,-0.43,-1.397,22559.07,68564.328,0.4152,0.79,48.1389,4.8983,1648994.1976
688568.SH,2024-07-15,31.25,31.25,30.4,30.72,30.35,0.37,1.2191,37782.11,116453.597,0.6954,1.41,48.7257,4.958,1669097.257
688568.SH,2024-07-16,30.97,31.9,30.6,31.79,30.72,1.07,3.4831,48388.79,151805.378,0.8906,1.66,50.4229,5.1307,1727233.1315
688568.SH,2024-07-17,31.73,32.08,31.2,31.53,31.79,-0.26,-0.8179,21867.47,69038.874,0.4025,0.69,50.0105,5.0887,1713106.6573
688568.SH,2024-07-18,31.42,31.8,30.87,31.6,31.53,0.07,0.222,32300.87,101232.415,0.5945,1.03,50.1215,5.1,1716909.9388
688568.SH,2024-07-19,31.49,32.25,31.08,31.88,31.6,0.28,0.8861,27420.86,87194.04,0.5047,0.84,50.5656,5.1452,1732123.0648
688568.SH,2024-07-22,32.28,32.64,31.66,32.28,31.88,0.4,1.2547,26677.32,86244.013,0.491,0.8,51.2001,5.2098,1753856.102
688568.SH,2024-07-23,32.15,32.4,30.66,30.66,32.28,-1.62,-5.0186,28217.48,88217.021,0.5193,0.9,48.6306,4.9483,1665837.3014
688568.SH,2024-07-24,30.66,30.66,29.82,29.95,30.66,-0.71,-2.3157,26102.58,78872.251,0.4804,0.96,47.5044,4.8337,1627261.1604
688568.SH,2024-07-25,29.65,30.39,29.45,29.55,29.95,-0.4,-1.3356,20120.59,59998.434,0.3703,0.71,46.87,4.7692,1605528.1232
688568.SH,2024-07-26,29.43,29.94,28.9,29.69,29.55,0.14,0.4738,32669.96,96289.265,0.6013,1.27,47.092,4.7918,1613134.6862
688568.SH,2024-07-29,29.69,30.0,29.21,29.76,29.69,0.07,0.2358,24043.28,71335.181,0.4425,0.9,47.2031,4.8031,1616937.9677
688568.SH,2024-07-30,29.7,30.95,29.41,30.68,29.76,0.92,3.0914,47637.68,144458.443,0.8768,1.82,48.6623,4.9516,1666923.9532
688568.SH,2024-07-31,30.59,31.77,29.56,31.77,30.68,1.09,3.5528,70590.35,218074.137,1.2992,2.34,50.3912,5.1275,1726146.4796
688568.SH,2024-08-01,31.86,32.82,31.61,32.47,31.77,0.7,2.2033,59915.23,193885.306,1.1027,1.54,51.5015,5.2405,1764179.2947
688568.SH,2024-08-02,32.25,33.12,31.86,32.02,32.47,-0.45,-1.3859,46514.78,150755.72,0.8561,0.99,50.7877,5.1678,1739729.6279
688568.SH,2024-08-05,31.58,32.37,30.52,30.59,32.02,-1.43,-4.466,42915.36,134789.871,0.7899,0.86,48.5195,4.937,1662034.0199
688568.SH,2024-08-06,31.09,31.98,30.77,31.56,30.59,0.97,3.171,39897.97,125313.037,0.7343,0.75,50.0581,5.0936,1714736.6351
688568.SH,2024-08-07,31.62,32.56,31.33,31.89,31.56,0.33,1.0456,40910.12,130790.33,0.753,0.79,50.5815,5.1468,1732666.3908
688568.SH,2024-08-08,31.58,32.02,30.3,30.73,31.89,-1.16,-3.6375,29968.94,92333.579,0.5516,0.65,48.7416,4.9596,1669640.5829
688568.SH,2024-08-09,30.7,31.2,30.01,30.18,30.73,-0.55,-1.7898,25497.0,77667.479,0.4693,0.64,47.8692,4.8709,1639757.6567
688568.SH,2024-08-12,30.0,30.19,29.4,29.61,30.18,-0.57,-1.8887,22109.7,65555.965,0.4069,0.62,46.9651,4.7789,1608788.0787
688568.SH,2024-08-13,29.6,30.05,29.36,29.74,29.61,0.13,0.439,18302.58,54269.644,0.3369,0.58,47.1713,4.7998,1615851.3158
688568.SH,2024-08-14,29.76,29.82,29.13,29.19,29.74,-0.55,-1.8494,15948.5,46770.187,0.2935,0.58,46.299,4.7111,1585968.3897
688568.SH,2024-08-15,29.18,29.97,28.82,29.39,29.19,0.2,0.6852,26323.52,77374.361,0.4845,1.18,46.6162,4.7434,1596834.9083
688568.SH,2024-08-16,29.34,29.96,28.31,28.37,29.39,-1.02,-3.4706,45477.77,131110.572,0.837,2.1,44.9984,4.5787,1541415.6634
688568.SH,2024-08-19,28.47,28.89,28.18,28.36,28.37,-0.01,-0.0352,26139.4,74443.665,0.4811,1.02,44.9825,4.5771,1540872.3375
688568.SH,2024-08-20,28.32,28.59,27.72,27.85,28.36,-0.51,-1.7983,28533.03,80009.267,0.5252,1.08,44.1736,4.4948,1513162.7151
688568.SH,2024-08-21,27.85,28.1,26.91,27.16,27.85,-0.69,-2.4776,41202.58,112793.986,0.7583,1.45,43.0791,4.3835,1475673.2259
688568.SH,2024-08-22,27.04,27.68,26.93,27.08,27.16,-0.08,-0.2946,28429.36,77268.449,0.5232,0.85,42.9522,4.3705,1471326.6184
688568.SH,2024-08-23,27.58,27.65,26.68,26.99,27.08,-0.09,-0.3323,33730.42,91720.673,0.6208,0.99,42.8095,4.1663,1466436.6851
688568.SH,2024-08-26,26.99,27.27,26.45,26.76,26.99,-0.23,-0.8522,24660.51,66079.498,0.4539,0.78,42.4447,4.1308,1453940.1887
688568.SH,2024-08-27,26.66,26.9,25.91,26.2,26.76,-0.56,-2.0927,37950.63,99358.285,0.6985,1.21,41.5565,4.0444,1423513.9366
688568.SH,2024-08-28,26.32,26.88,25.65,25.81,26.2,-0.39,-1.4885,29233.38,75840.442,0.538,0.88,40.9379,3.9842,1402324.2253
688568.SH,2024-08-29,25.71,26.71,25.52,26.67,25.81,0.86,3.332,61230.2,161626.658,1.127,1.99,42.3019,4.1169,1449050.2553
688568.SH,2024-08-30,26.6,27.87,26.51,27.27,26.67,0.6,2.2497,41907.12,114850.98,0.7713,1.12,43.2536,4.2095,1481649.8111
688568.SH,2024-09-02,27.28,27.28,26.08,26.14,27.27,-1.13,-4.1437,38847.62,102926.749,0.715,1.0,41.4613,4.0351,1420253.981
688568.SH,2024-09-03,26.2,26.69,26.08,26.33,26.14,0.19,0.7269,25811.53,67919.285,0.4751,0.62,41.7627,4.0644,1430577.1737
688568.SH,2024-09-04,26.48,27.44,26.3,26.99,26.33,0.66,2.5066,44755.73,120797.045,0.8237,1.14,42.8095,4.1663,1466436.6851
688568.SH,2024-09-05,26.9,27.96,26.82,27.67,26.99,0.68,2.5195,37937.03,104465.931,0.6982,0.89,43.8881,4.2713,1503382.8483
688568.SH,2024-09-06,27.6,27.79,26.83,26.83,27.67,-0.84,-3.0358,28837.27,78248.554,0.5308,0.76,42.5557,4.1416,1457743.4702
688568.SH,2024-09-09,26.8,27.15,26.43,26.5,26.83,-0.33,-1.23,21164.44,56585.611,0.3895,0.6,42.0323,4.0907,1439813.7145
688568.SH,2024-09-10,26.58,27.24,26.1,27.03,26.5,0.53,2.0,25028.3,66708.993,0.4606,0.79,42.8729,4.1725,1468609.9888
688568.SH,2024-09-11,26.96,27.48,26.88,27.36,27.03,0.33,1.2209,25560.22,69668.122,0.4704,0.81,43.3964,4.2234,1486539.7445
688568.SH,2024-09-12,27.3,28.09,27.29,27.41,27.36,0.05,0.1827,25055.65,69396.406,0.4612,0.9,43.4757,4.2311,1489256.3741
688568.SH,2024-09-13,27.2,27.56,26.91,26.98,27.41,-0.43,-1.5688,20054.6,54546.258,0.3691,0.8,42.7936,4.1648,1465893.3591
688568.SH,2024-09-18,27.25,28.37,26.76,27.98,26.98,1.0,3.7064,44674.95,123390.684,0.8222,1.91,44.3798,4.3191,1520225.9521
688568.SH,2024-09-19,28.27,28.98,27.33,28.57,27.98,0.59,2.1086,58950.62,166937.675,1.085,2.1,45.3156,4.4102,1552282.182
688568.SH,2024-09-20,28.49,28.65,28.05,28.52,28.57,-0.05,-0.175,36795.16,104273.178,0.6772,1.06,45.2363,4.4025,1549565.5524
688568.SH,2024-09-23,28.45,28.86,27.68,27.94,28.52,-0.58,-2.0337,39516.74,111516.35,0.7273,1.06,44.3163,4.313,1518052.6484
688568.SH,2024-09-24,27.7,28.66,27.01,28.5,27.94,0.56,2.0043,54488.36,152625.762,1.0029,1.36,45.2045,4.3994,1548478.9005
688568.SH,2024-09-25,28.77,29.44,28.24,28.38,28.5,-0.12,-0.4211,47211.57,136160.557,0.8689,1.01,45.0142,4.3809,1541958.9893
688568.SH,2024-09-26,28.35,29.58,28.02,29.53,28.38,1.15,4.0521,45522.05,131074.633,0.8378,0.96,46.8383,4.5584,1604441.4713
688568.SH,2024-09-27,30.0,32.23,29.9,32.13,29.53,2.6,8.8046,47186.61,145201.506,0.8685,1.06,50.9622,4.9597,1745706.2131
688568.SH,2024-09-30,35.06,37.8,33.56,37.46,32.13,5.33,16.5889,122263.56,436479.859,2.2503,2.61,59.4162,5.7825,2035298.9338
688568.SH,2024-10-08,44.93,44.95,40.42,44.95,37.46,7.49,19.9947,189528.02,824713.194,3.4883,2.99,71.2963,6.9387,2442250.0554
688568.SH,2024-10-09,42.45,43.82,38.88,39.11,44.95,-5.84,-12.9922,185309.67,769079.795,3.4107,2.05,62.0333,6.0372,2124947.7122
688568.SH,2024-10-10,39.85,42.3,38.57,38.76,39.11,-0.35,-0.8949,135331.03,543506.341,2.4908,1.15,61.4782,5.9832,2105931.3047
688568.SH,2024-10-11,38.8,38.87,35.37,36.0,38.76,-2.76,-7.1207,91306.38,335404.242,1.6805,0.67,57.1005,5.5571,1955973.348
688568.SH,2024-10-14,36.4,37.89,35.53,37.5,36.0,1.5,4.1667,82870.76,305895.943,1.5252,0.57,59.4797,5.7887,2037472.2375
688568.SH,2024-10-15,37.1,38.26,36.4,36.59,37.5,-0.91,-2.4267,92607.79,345194.175,1.7045,0.68,58.0363,5.6482,1988029.5779
688568.SH,2024-10-16,35.5,36.97,35.4,36.2,36.59,-0.39,-1.0659,50276.79,182318.538,0.9254,0.43,57.4177,5.588,1966839.8666
688568.SH,2024-10-17,37.0,38.98,36.8,37.33,36.2,1.13,3.1215,111023.21,421203.803,2.0434,1.23,59.21,5.7624,2028235.6967
688568.SH,2024-10-18,37.0,41.55,36.7,39.8,37.33,2.47,6.6167,165404.19,650567.484,3.0443,1.93,63.1278,6.1437,2162437.2014
688568.SH,2024-10-21,40.67,42.79,40.45,42.78,39.8,2.98,7.4874,195626.56,809735.841,3.6005,1.95,67.8544,6.6037,2324348.3285
688568.SH,2024-10-22,44.06,44.09,38.85,39.08,42.78,-3.7,-8.6489,208007.56,843800.818,3.8284,1.69,61.9857,6.0326,2123317.7344
688568.SH,2024-10-23,39.0,40.88,38.2,38.96,39.08,-0.12,-0.3071,136847.25,545600.198,2.5187,0.94,61.7954,6.0141,2116797.8233
688568.SH,2024-10-24,39.2,39.87,38.8,39.16,38.96,0.2,0.5133,83765.84,329145.16,1.5417,0.51,62.1126,6.0449,2127664.3419
688568.SH,2024-10-25,39.32,40.7,39.1,40.13,39.16,0.97,2.477,98564.65,393785.511,1.8141,0.62,63.6512,6.1947,2180366.9571
688568.SH,2024-10-28,40.6,41.3,40.0,40.35,40.13,0.22,0.5482,92458.44,375779.704,1.7017,0.64,64.0001,6.2286,2192320.1276
688568.SH,2024-10-29,40.9,42.15,39.9,40.2,40.35,-0.15,-0.3717,134374.36,550883.282,2.4732,1.08,63.7622,6.064,2184170.2386
688568.SH,2024-10-30,40.66,41.48,39.95,40.77,40.2,0.57,1.4179,101113.97,411697.748,1.861,0.93,64.6663,6.15,2215139.8166
688568.SH,2024-10-31,40.96,41.96,40.57,41.4,40.77,0.63,1.5453,123947.77,512691.342,2.2813,1.21,65.6656,6.245,2249369.3502
688568.SH,2024-11-01,41.41,42.16,39.6,39.66,41.4,-1.74,-4.2029,113484.86,460896.304,2.0887,1.03,62.9057,5.9826,2154830.6384
688568.SH,2024-11-04,39.66,43.35,39.22,43.24,39.66,3.58,9.0267,182304.66,770339.966,3.3553,1.61,68.584,6.5226,2349341.3213
688568.SH,2024-11-05,43.6,51.89,43.1,51.89,43.24,8.65,20.0046,310174.86,1519617.54,5.7088,2.37,82.304,7.8274,2819318.2508
688568.SH,2024-11-06,54.4,62.18,54.11,54.96,51.89,3.07,5.9164,410505.88,2330873.199,7.5554,2.47,87.1734,8.2905,2986119.3113
688568.SH,2024-11-07,57.8,61.8,55.48,57.57,54.96,2.61,4.7489,330961.08,1904100.312,6.0914,1.45,91.3132,8.6842,3127927.379
688568.SH,2024-11-08,57.3,68.88,57.21,65.0,57.57,7.43,12.906,326287.23,2062319.574,6.0054,1.21,103.0981,9.805,3531618.545
688568.SH,2024-11-11,66.55,75.21,63.75,71.95,65.0,6.95,10.6923,296662.85,2036320.642,5.4601,0.95,114.1217,10.8534,3909230.0664
688568.SH,2024-11-12,69.2,70.8,65.55,66.71,71.95,-5.24,-7.2828,286270.19,1933881.277,5.2688,0.85,105.8104,10.063,3624527.279
688568.SH,2024-11-13,65.59,69.7,64.6,65.92,66.71,-0.79,-1.1842,188074.45,1256437.253,3.4615,0.57,104.5573,9.9438,3581604.5306
688568.SH,2024-11-14,64.37,67.19,60.9,61.4,65.92,-4.52,-6.8568,238164.27,1512833.146,4.3835,0.83,97.388,9.262,3336021.2102
688568.SH,2024-11-15,61.01,62.5,59.01,59.08,61.4,-2.32,-3.7785,174401.05,1058944.611,3.2099,0.65,93.7082,8.912,3209969.5944
688568.SH,2024-11-18,58.8,59.49,55.7,56.26,59.08,-2.82,-4.7732,164697.96,942548.85,3.0313,0.7,89.2354,8.4866,3056751.6822
688568.SH,2024-11-19,56.95,58.8,55.61,57.91,56.26,1.65,2.9328,158707.23,910382.573,2.921,0.75,91.8525,8.7355,3146400.4606
688568.SH,2024-11-20,58.5,59.8,56.81,58.97,57.91,1.06,1.8304,174858.41,1020753.438,3.2183,0.95,93.5338,8.8954,3203993.0092
688568.SH,2024-11-21,58.9,63.44,58.02,61.48,58.97,2.51,4.2564,220636.6,1335637.491,4.0609,1.21,97.5149,9.274,3340367.8176
688568.SH,2024-11-22,61.01,61.01,55.77,56.0,61.48,-5.48,-8.9135,178630.62,1041855.275,3.2877,1.0,88.823,8.4474,3042625.208
688568.SH,2024-11-25,56.32,58.0,55.52,57.32,56.0,1.32,2.3571,113625.57,644442.148,2.0913,0.63,90.9167,8.6465,3114344.2308
688568.SH,2024-11-26,57.76,58.88,55.72,56.02,57.32,-1.3,-2.268,107401.82,617876.023,1.9767,0.63,88.8547,8.4504,3043711.8599
688568.SH,2024-11-27,55.69,59.33,54.3,59.25,56.02,3.23,5.7658,151997.34,866352.501,2.7975,0.96,93.9779,8.9377,3219206.1353
688568.SH,2024-11-28,59.25,60.15,58.16,58.62,59.25,-0.63,-1.0633,125036.64,739454.076,2.3013,0.81,92.9786,8.8426,3184976.6017
688568.SH,2024-11-29,58.3,61.0,56.96,59.58,58.62,0.96,1.6377,134004.91,792217.898,2.4664,0.99,94.5013,8.9874,3237135.8909
688568.SH,2024-12-02,59.07,64.38,58.85,62.6,59.58,3.02,5.0688,172941.2,1079649.327,3.183,1.37,99.2914,9.443,3401220.3218
688568.SH,2024-12-03,63.0,64.17,61.5,62.7,62.6,0.1,0.1597,131111.72,825603.695,2.4131,0.95,99.45,9.4581,3406653.5811
688568.SH,2024-12-04,62.24,63.18,58.23,58.88,62.7,-3.82,-6.0925,150869.45,911902.534,2.7768,1.05,93.391,8.8818,3199103.0758
688568.SH,2024-12-05,58.9,59.68,58.24,59.17,58.88,0.29,0.4925,78001.06,460193.557,1.4356,0.55,93.851,8.9256,3214859.5278
688568.SH,2024-12-06,59.29,60.0,57.34,58.5,59.17,-0.67,-1.1323,93625.03,548959.254,1.7232,0.7,92.7883,8.8245,3178456.6905
688568.SH,2024-12-09,58.5,59.0,57.38,57.61,58.5,-0.89,-1.5214,66934.63,387750.764,1.2319,0.53,91.3766,8.6903,3130100.6827
688568.SH,2024-12-10,60.01,60.57,58.02,58.63,57.61,1.02,1.7705,141213.04,834011.404,2.599,1.36,92.9945,8.8441,3185519.9276
688568.SH,2024-12-11,58.46,59.2,57.69,58.5,58.63,-0.13,-0.2217,73878.57,431760.29,1.3597,0.7,92.7883,8.8245,3178456.6905
688568.SH,2024-12-12,58.65,59.3,57.0,58.54,58.5,0.04,0.0684,89302.16,521104.395,1.6436,0.98,92.8517,8.8306,3180629.9942
688568.SH,2024-12-13,57.98,58.35,56.4,56.52,58.54,-2.02,-3.4506,102089.71,582650.475,1.879,1.1,89.6478,8.5258,3070878.1564
688568.SH,2024-12-16,56.4,56.8,55.51,55.89,56.52,-0.63,-1.1146,63745.57,357099.468,1.1732,0.67,88.6485,8.4308,3036648.6228
688568.SH,2024-12-17,55.9,56.18,52.72,52.9,55.89,-2.99,-5.3498,113008.6,612047.767,2.0799,1.2,83.906,7.9798,2874194.1697
688568.SH,2024-12-18,53.01,53.95,52.65,53.5,52.9,0.6,1.1342,68249.0,364012.52,1.2561,0.77,84.8577,8.0703,2906793.7255
688568.SH,2024-12-19,52.6,53.84,52.55,53.68,53.5,0.18,0.3364,68882.45,366874.937,1.2678,0.79,85.1432,8.0974,2916573.5922
688568.SH,2024-12-20,53.84,55.7,53.32,54.65,53.68,0.97,1.807,82869.71,452341.281,1.5252,1.0,86.6817,8.2438,2969276.2075
688568.SH,2024-12-23,54.66,54.91,52.52,52.55,54.65,-2.1,-3.8426,87174.27,464365.736,1.6045,1.1,83.3508,7.927,2855177.7622
688568.SH,2024-12-24,53.18,53.79,51.75,51.9,52.55,-0.65,-1.2369,103876.77,546313.501,1.9119,1.24,82.3199,7.8289,2819861.5767
688568.SH,2024-12-25,50.11,52.78,49.41,51.25,51.9,-0.65,-1.2524,153787.64,781327.814,2.8305,1.87,81.2889,7.7309,2784545.3913
688568.SH,2024-12-26,51.05,53.33,50.97,52.17,51.25,0.92,1.7951,94431.67,494569.038,1.738,0.95,82.7481,7.8697,2834531.3768
688568.SH,2024-12-27,51.99,53.5,51.81,52.24,52.17,0.07,0.1342,85382.87,449142.522,1.5715,0.82,82.8591,7.8802,2838334.6583
688568.SH,2024-12-30,52.43,53.18,51.31,52.45,52.24,0.21,0.402,72385.73,380682.822,1.3323,0.69,83.1922,7.9119,2849744.5029
688568.SH,2024-12-31,53.0,53.4,50.93,51.03,52.45,-1.42,-2.7073,70056.88,363792.919,1.2894,0.69,80.9399,7.6977,2772592.2208
688568.SH,2025-01-02,51.2,51.58,47.37,48.0,51.03,-3.03,-5.9377,112817.16,556057.691,2.0764,1.18,76.134,7.2406,2607964.464
688568.SH,2025-01-03,48.4,48.45,45.68,46.08,48.0,-1.92,-4.0,126909.17,597417.981,2.3358,1.46,73.0886,6.951,2503645.8854
688568.SH,2025-01-06,46.08,47.09,45.15,45.49,46.08,-0.59,-1.2804,82011.5,375816.702,1.5094,0.88,72.1528,6.862,2471589.6556
688568.SH,2025-01-07,45.5,46.7,45.5,46.36,45.49,0.87,1.9125,55702.12,257535.878,1.0252,0.6,73.5327,6.9932,2518859.0115
688568.SH,2025-01-08,46.19,47.87,45.07,47.1,46.36,0.74,1.5962,95993.07,447094.314,1.7668,1.07,74.7065,7.1049,2559065.1303
688568.SH,2025-01-09,46.77,48.39,46.62,47.85,47.1,0.75,1.5924,88923.92,423941.176,1.6367,0.94,75.8961,7.218,2599814.5751
688568.SH,2025-01-10,47.61,48.77,46.33,46.43,47.85,-1.42,-2.9676,73353.94,349215.369,1.3501,0.82,73.6438,7.0038,2522662.293
688568.SH,2025-01-13,46.04,48.44,45.53,47.45,46.43,1.02,2.1969,71034.45,335418.367,1.3074,0.9,75.2616,7.1577,2578081.5379
688568.SH,2025-01-14,47.5,49.98,47.25,49.59,47.45,2.14,4.51,102585.22,502250.535,1.8881,1.33,78.6559,7.4805,2694353.2869
688568.SH,2025-01-15,49.7,49.99,47.33,47.48,49.59,-2.11,-4.2549,106736.59,512856.235,1.9645,1.24,75.3092,7.1622,2579711.5156
688568.SH,2025-01-16,47.7,48.36,46.81,47.1,47.48,-0.38,-0.8003,88872.56,422095.364,1.6357,1.0,74.7065,7.1049,2559065.1303
688568.SH,2025-01-17,46.91,49.35,46.74,48.22,47.1,1.12,2.3779,84938.99,408019.986,1.5633,0.96,76.4829,7.2738,2619917.6345
688568.SH,2025-01-20,49.06,49.92,48.49,49.63,48.22,1.41,2.9241,125304.82,617298.441,2.3063,1.38,78.7194,7.4865,2696526.5906
688568.SH,2025-01-21,49.98,50.8,49.02,50.35,49.63,0.72,1.4507,102672.28,513027.057,1.8897,1.01,79.8614,7.5951,2735646.0576
688568.SH,2025-01-22,50.18,50.69,48.39,49.23,50.35,-1.12,-2.2244,88409.75,435304.635,1.6272,0.87,78.0849,7.4262,2674793.5534
688568.SH,2025-01-23,49.83,50.7,48.61,48.8,49.23,-0.43,-0.8735,85509.16,425062.302,1.5738,0.87,77.4029,7.3613,2651430.5384
688568.SH,2025-01-24,48.67,50.49,48.5,49.62,48.8,0.82,1.6803,79631.75,395208.423,1.4656,0.82,78.7035,7.485,2695983.2647
688568.SH,2025-01-27,49.92,50.3,48.9,49.05,49.62,-0.57,-1.1487,66811.01,331138.659,1.2297,0.69,77.7994,7.399,2665013.6867
688568.SH,2025-02-05,49.71,54.57,49.68,53.08,49.05,4.03,8.2161,182911.33,965116.865,3.3665,2.16,84.1915,8.0069,2883974.0364
688568.SH,2025-02-06,52.88,57.62,52.5,56.75,53.08,3.67,6.9141,181076.82,1009681.609,3.3327,1.8,90.0126,8.5605,3083374.6528
688568.SH,2025-02-07,56.66,59.56,55.25,56.94,56.75,0.19,0.3348,196227.89,1129172.943,3.6116,1.65,90.3139,8.5892,3093697.8454
688568.SH,2025-02-10,58.0,61.6,57.2,61.05,56.94,4.11,7.2181,179734.38,1077462.432,3.308,1.27,96.8329,9.2092,3317004.8027
688568.SH,2025-02-11,61.21,62.55,59.1,61.31,61.05,0.26,0.4259,139952.42,851443.626,2.5758,0.87,97.2453,9.2484,3331131.2768
688568.SH,2025-02-12,60.93,62.5,59.75,61.03,61.31,-0.28,-0.4567,108471.61,660663.512,1.9964,0.62,96.8012,9.2062,3315918.1508
688568.SH,2025-02-13,62.23,64.55,59.35,59.49,61.03,-1.54,-2.5233,176755.04,1095068.827,3.2532,1.1,94.3585,8.9739,3232245.9576
688568.SH,2025-02-14,59.01,62.0,58.8,61.18,59.49,1.69,2.8408,128419.63,773246.291,2.3636,0.8,97.0391,9.2288,3324068.0397
688568.SH,2025-02-17,61.89,62.01,59.61,60.31,61.18,-0.87,-1.422,125555.97,760945.777,2.3109,0.86,95.6592,9.0976,3276798.6838
688568.SH,2025-02-18,59.99,61.8,57.9,58.3,60.31,-2.01,-3.3328,103385.49,617084.016,1.9028,0.76,92.4711,8.7944,3167590.1719
688568.SH,2025-02-19,58.3,60.68,58.11,60.47,58.3,2.17,3.7221,84563.67,504047.538,1.5564,0.66,95.9129,9.1217,3285491.8987
688568.SH,2025-02-20,60.0,60.36,58.68,59.88,60.47,-0.59,-0.9757,87101.0,519185.995,1.6031,0.7,94.9771,9.0327,3253435.6688
688568.SH,2025-02-21,59.96,61.5,59.47,61.2,59.88,1.32,2.2044,94759.08,575624.343,1.7441,0.9,97.0708,9.2318,3325154.6916
688568.SH,2025-02-24,60.61,64.2,60.61,62.02,61.2,0.82,1.3399,139641.97,875262.551,2.5701,1.41,98.3714,9.3555,3369707.4179
688568.SH,2025-02-25,60.18,63.56,60.0,62.55,62.02,0.53,0.8546,102430.76,638262.788,1.8853,1.01,99.2121,9.4355,3398503.6922
688568.SH,2025-02-26,62.94,64.1,61.75,63.03,62.55,0.48,0.7674,93646.05,590192.58,1.7236,0.92,99.9734,9.5079,3424583.3368
688568.SH,2025-02-27,62.8,63.38,59.7,61.2,63.03,-1.83,-2.9034,111663.74,684252.691,2.0552,1.08,97.0708,9.2318,3325154.6916
688568.SH,2025-02-28,58.7,58.94,54.51,54.7,61.2,-6.5,-10.6209,179238.51,1005970.092,3.2989,1.65,86.761,7.7399,2971992.8371
688568.SH,2025-03-03,54.9,57.19,53.21,56.2,54.7,1.5,2.7422,108832.57,607937.023,2.0031,0.87,89.1402,7.9521,3053491.7266
688568.SH,2025-03-04,55.6,59.0,55.6,58.15,56.2,1.95,3.4698,87280.36,504955.891,1.6064,0.73,89.8338,8.2285,3159440.283
688568.SH,2025-03-05,58.21,60.04,57.52,59.02,58.15,0.87,1.4961,89736.42,528934.724,1.6516,0.77,91.1778,8.3516,3206709.6389
688568.SH,2025-03-06,59.58,60.38,58.58,59.1,59.02,0.08,0.1355,96026.9,570028.433,1.7674,0.83,91.3014,8.3629,3211056.2463
688568.SH,2025-03-07,58.3,59.49,56.66,57.74,59.1,-1.36,-2.3012,107755.53,623733.168,1.9833,0.96,89.2004,8.1705,3137163.9198
688568.SH,2025-03-10,57.05,58.25,56.74,57.74,57.74,0.0,0.0,58523.86,337275.125,1.0771,0.6,89.2004,8.1705,3137163.9198
688568.SH,2025-03-11,57.0,61.19,56.89,61.12,57.74,3.38,5.8538,137240.81,824402.284,2.5259,1.56,94.422,8.6488,3320808.0842
688568.SH,2025-03-12,63.18,63.68,59.32,59.52,61.12,-1.6,-2.6178,116152.45,703102.263,2.1378,1.19,91.9502,8.4224,3233875.9354
688568.SH,2025-03-13,59.3,59.6,58.15,58.88,59.52,-0.64,-1.0753,66238.63,388473.77,1.2191,0.64,90.9615,8.3318,3199103.0758
688568.SH,2025-03-14,59.32,62.66,59.32,61.22,58.88,2.34,3.9742,143879.81,884427.118,2.6481,1.48,94.5765,8.6629,3326241.3435
688568.SH,2025-03-17,62.6,63.54,60.56,61.0,61.22,-0.22,-0.3594,98180.98,604678.641,1.807,0.94,94.2366,8.6318,3314288.173
688568.SH,2025-03-18,60.75,61.34,59.6,59.76,61.0,-1.24,-2.0328,79479.2,478368.689,1.4628,0.71,92.321,8.4563,3246915.7577
688568.SH,2025-03-19,59.5,59.76,57.3,57.57,59.76,-2.19,-3.6647,78227.29,453735.403,1.4398,0.78,88.9378,8.1464,3127927.379
688568.SH,2025-03-20,57.76,60.29,57.21,58.39,57.57,0.82,1.4244,78976.22,463920.003,1.4536,0.85,90.2045,8.2625,3172480.1053
688568.SH,2025-03-21,58.14,59.25,57.4,57.95,58.39,-0.44,-0.7536,66903.27,390036.965,1.2314,0.7,89.5248,8.2002,3148573.7644
688568.SH,2025-03-24,57.83,58.3,54.7,56.0,57.95,-1.95,-3.365,89721.55,501266.616,1.6513,1.12,86.5123,7.9243,3042625.208
688568.SH,2025-03-25,55.96,56.84,54.88,55.16,56.0,-0.84,-1.5,59157.68,330102.913,1.0888,0.75,85.2146,7.8054,2996985.8299
688568.SH,2025-03-26,55.15,55.53,53.7,53.77,55.16,-1.39,-2.5199,64497.12,350028.267,1.1871,0.86,83.0673,7.6087,2921463.5256
688568.SH,2025-03-27,53.51,55.37,52.95,54.31,53.77,0.54,1.0043,49336.51,267892.998,0.908,0.69,83.9015,7.6851,2950803.1258
688568.SH,2025-03-28,54.35,54.87,53.83,53.91,54.31,-0.4,-0.7365,31763.11,172066.381,0.5846,0.48,83.2836,7.6285,2929070.0886
688568.SH,2025-03-31,53.6,54.85,53.01,54.4,53.91,0.49,0.9089,49505.27,268260.072,0.9112,0.84,84.0405,7.6979,2955693.0592
688568.SH,2025-04-01,54.65,55.45,54.19,54.4,54.4,0.0,0.0,48543.57,265601.781,0.8935,0.95,84.0405,7.6979,2955693.0592
688568.SH,2025-04-02,54.35,54.77,53.81,54.11,54.4,-0.29,-0.5331,33341.38,180682.501,0.6137,0.68,83.5925,7.6568,2939936.6072
688568.SH,2025-04-03,53.78,54.77,53.2,53.52,54.11,-0.59,-1.0904,41669.83,224383.637,0.7669,0.98,82.6811,7.5733,2907880.3774
688568.SH,2025-04-07,50.01,51.49,45.0,46.75,53.52,-6.77,-12.6495,131928.09,640692.495,2.4282,3.22,72.2223,6.6153,2540048.7228
688568.SH,2025-04-08,47.04,49.39,47.04,48.29,46.75,1.54,3.2941,94138.75,455595.589,1.7326,1.54,74.6014,6.8333,2623720.916
688568.SH,2025-04-09,47.88,50.96,46.5,49.64,48.29,1.35,2.7956,95875.15,472267.859,1.7646,1.37,76.687,7.0243,2697069.9165
688568.SH,2025-04-10,50.88,51.57,49.73,49.8,49.64,0.16,0.3223,85588.04,433245.665,1.5753,1.08,76.9342,7.0469,2705763.1314
688568.SH,2025-04-11,49.51,51.96,49.39,51.42,49.8,1.62,3.253,86991.54,442314.708,1.6011,0.97,79.4369,7.2762,2793781.9321
688568.SH,2025-04-14,51.5,51.88,50.23,50.38,51.42,-1.04,-2.0226,66526.35,339348.283,1.2244,0.67,77.8302,7.129,2737276.0353
688568.SH,2025-04-15,50.88,51.4,49.9,50.69,50.38,0.31,0.6153,43773.81,220995.099,0.8057,0.51,78.3091,7.1729,2754119.1392
688568.SH,2025-04-16,50.5,50.83,48.71,49.63,50.69,-1.06,-2.0911,53568.41,265847.061,0.9859,0.71,76.6716,7.0229,2696526.5906
688568.SH,2025-04-17,49.32,51.13,49.0,49.9,49.63,0.27,0.544,46690.27,235107.345,0.8593,0.69,77.0887,7.0611,2711196.3907
688568.SH,2025-04-18,50.0,50.15,49.28,49.74,49.9,-0.16,-0.3206,25469.66,126473.878,0.4688,0.43,76.8415,7.0384,2702503.1758
688568.SH,2025-04-21,50.0,51.16,49.6,51.1,49.74,1.36,2.7342,41922.81,212113.439,0.7716,0.89,78.9425,7.2309,2776395.5023
688568.SH,2025-04-22,51.16,51.6,50.62,51.04,51.1,-0.06,-0.1174,43617.86,223262.706,0.8028,1.03,78.8498,7.2224,2773135.5467
688568.SH,2025-04-23,51.93,52.18,50.91,51.53,51.04,0.49,0.96,44984.65,231670.005,0.8279,1.06,79.6068,7.2917,2799758.5173
688568.SH,2025-04-24,51.5,51.5,49.49,49.68,51.53,-1.85,-3.5901,64770.58,324995.649,1.1921,1.6,76.7488,7.0299,2699243.2202
688568.SH,2025-04-25,49.73,50.07,48.6,48.86,49.68,-0.82,-1.6506,62950.78,309738.126,1.1586,1.43,75.482,6.9139,2654690.494
688568.SH,2025-04-28,48.95,50.24,48.95,49.58,48.86,0.72,1.4736,47606.22,236184.079,0.8762,0.92,76.5943,7.0158,2693809.9609
688568.SH,2025-04-29,49.5,50.07,49.15,49.92,49.58,0.34,0.6858,34261.28,170260.283,0.6306,0.65,77.1196,7.0639,2712283.0426
688568.SH,2025-04-30,50.81,53.72,50.77,53.07,49.92,3.15,6.3101,126334.2,667574.842,2.3252,2.48,81.9859,7.6057,2883430.7105
688568.SH,2025-05-06,53.61,54.29,53.06,54.16,53.07,1.09,2.0539,72802.25,391175.372,1.3399,1.08,83.6698,7.762,2942653.2369
688568.SH,2025-05-07,55.48,58.57,55.48,56.86,54.16,2.7,4.9852,145985.38,834701.461,2.6869,2.12,87.8409,8.1489,3089351.238
688568.SH,2025-05-08,56.7,57.27,56.0,56.8,56.86,-0.06,-0.1055,79416.4,449289.86,1.4617,0.93,87.7482,8.1403,3086091.2824
688568.SH,2025-05-09,57.0,58.2,55.66,57.53,56.8,0.73,1.2852,101495.25,580735.291,1.868,1.11,88.876,8.2449,3125754.0753
688568.SH,2025-05-12,57.4,59.68,56.69,58.58,57.53,1.05,1.8251,118669.55,695840.374,2.1841,1.13,90.4981,8.3954,3182803.2979
688568.SH,2025-05-13,59.03,59.08,55.88,56.11,58.58,-2.47,-4.2165,101308.15,574776.553,1.8646,0.98,86.6823,8.0414,3048601.7932
688568.SH,2025-05-14,56.5,57.05,55.91,56.11,56.11,0.0,0.0,59386.37,334937.81,1.093,0.54,86.6823,8.0414,3048601.7932
688568.SH,2025-05-15,56.26,56.79,55.09,55.53,56.11,-0.58,-1.0337,64962.01,362503.695,1.1956,0.71,85.7862,7.9583,3017088.8893
688568.SH,2025-05-16,55.46,55.86,54.86,54.93,55.53,-0.6,-1.0805,40796.13,225369.575,0.7509,0.46,84.8593,7.8723,2984489.3335
688568.SH,2025-05-19,54.55,55.96,54.55,55.67,54.93,0.74,1.3472,50656.27,280345.607,0.9323,0.66,86.0025,7.9784,3024695.4523
688568.SH,2025-05-20,55.58,55.92,55.19,55.33,55.67,-0.34,-0.6107,39137.19,217165.196,0.7203,0.62,85.4773,7.9296,3006222.3707
688568.SH,2025-05-21,36.9,37.68,36.8,37.23,37.05,0.18,0.4858,75100.7,280291.788,0.9277,1.47,85.6977,8.101,3013975.6328
688568.SH,2025-05-22,37.01,37.65,36.5,36.64,37.23,-0.59,-1.5847,65761.02,243548.414,0.8123,1.21,84.3396,7.9726,2966211.8503
688568.SH,2025-05-23,36.44,37.62,36.0,36.75,36.64,0.11,0.3002,68113.47,250567.328,0.8414,1.25,84.5928,7.9966,2975116.9623
688568.SH,2025-05-26,38.5,38.5,36.67,37.13,36.75,0.38,1.034,122773.82,459607.061,1.5166,2.05,85.4675,8.0793,3005880.0765
688568.SH,2025-05-27,36.73,37.0,35.83,36.07,37.13,-1.06,-2.8548,82597.04,299633.455,1.0203,1.11,83.0276,7.8486,2920067.1791
688568.SH,2025-05-28,36.2,36.35,34.9,35.17,36.07,-0.9,-2.4951,94054.26,332997.792,1.1618,1.13,80.9559,7.6528,2847207.1718
688568.SH,2025-05-29,34.97,36.11,34.97,35.58,35.17,0.41,1.1658,86291.82,307469.072,1.0659,1.0,81.8997,7.742,2880398.9529
688568.SH,2025-05-30,32.0,32.99,30.61,32.98,35.58,-2.6,-7.3075,282891.88,900574.167,3.4944,3.12,75.9149,7.1762,2669914.4875
688568.SH,2025-06-03,32.6,34.42,32.6,33.83,32.98,0.85,2.5773,121350.16,407811.318,1.499,0.91,77.8714,7.3612,2738726.7166
688568.SH,2025-06-04,33.48,34.2,33.39,33.48,33.83,-0.35,-1.0346,82439.13,277466.053,1.0183,0.62,77.0658,7.285,2710392.2693
688568.SH,2025-06-05,33.51,34.05,33.31,33.89,33.48,0.41,1.2246,92556.68,312042.673,1.1433,0.69,78.0096,7.3742,2743584.0504
688568.SH,2025-06-06,33.9,34.35,33.63,33.82,33.89,-0.07,-0.2066,75871.0,257129.595,0.9372,0.57,77.8484,7.359,2737917.161
688568.SH,2025-06-09,33.9,34.78,33.85,34.59,33.82,0.77,2.2768,89643.28,307973.081,1.1073,0.68,79.6208,7.5266,2800252.9449
688568.SH,2025-06-10,35.15,35.28,32.8,33.07,34.59,-1.52,-4.3943,139657.65,466993.611,1.7251,1.51,76.122,7.1958,2677200.4883
688568.SH,2025-06-11,33.09,33.28,32.44,32.53,33.07,-0.54,-1.6329,90901.08,298324.155,1.1229,0.95,74.879,7.0783,2633484.4839
688568.SH,2025-06-12,32.6,32.85,32.08,32.56,32.53,0.03,0.0922,105055.41,340449.005,1.2977,1.08,74.9481,7.0848,2635913.1508
688568.SH,2025-06-13,32.4,33.38,32.1,33.38,32.56,0.82,2.5184,189221.59,618003.188,2.3374,1.89,76.8356,7.2633,2702296.713
688568.SH,2025-06-16,33.37,33.97,32.9,33.74,33.38,0.36,1.0785,105177.37,353970.958,1.2992,0.86,77.6643,7.3416,2731440.7159
688568.SH,2025-06-17,33.71,33.87,33.0,33.42,33.74,-0.32,-0.9484,57835.18,192763.733,0.7144,0.46,76.9277,7.272,2705534.9355
688568.SH,2025-06-18,33.38,33.68,32.94,33.55,33.42,0.13,0.389,58645.21,195433.364,0.7244,0.53,77.2269,7.3003,2716059.1588
688568.SH,2025-06-19,34.63,35.61,34.4,34.54,33.55,0.99,2.9508,154368.02,538071.571,1.9068,1.5,79.5058,7.5157,2796205.1667
688568.SH,2025-06-20,34.35,34.48,33.8,33.93,34.54,-0.61,-1.7661,75690.76,258214.196,0.935,0.67,78.1016,7.383,2746822.2729
688568.SH,2025-06-23,33.7,34.28,33.6,34.18,33.93,0.25,0.7368,55337.35,188362.855,0.6836,0.61,78.6771,7.4374,2767061.1638
688568.SH,2025-06-24,34.18,35.4,34.18,34.82,34.18,0.64,1.8724,96626.82,335716.983,1.1936,1.2,80.1503,7.5766,2818872.7246
688568.SH,2025-06-25,34.82,35.5,34.59,35.4,34.82,0.58,1.6657,102828.83,361282.028,1.2702,1.17,81.4853,7.7028,2865826.9514
688568.SH,2025-06-26,35.38,36.03,35.22,35.31,35.4,-0.09,-0.2542,97904.51,348452.424,1.2094,1.01,81.2782,7.6832,2858540.9507
688568.SH,2025-06-27,35.35,35.8,35.03,35.37,35.31,0.06,0.1699,71905.87,254534.181,0.8882,0.84,81.4163,7.6963,2863398.2845
688568.SH,2025-06-30,35.58,36.2,35.5,36.01,35.37,0.64,1.8094,121061.08,434152.173,1.4954,1.43,82.8895,7.8355,2915209.8452
688568.SH,2025-07-01,36.0,36.23,35.3,36.05,36.01,0.04,0.1111,105776.9,378517.492,1.3066,1.08,82.9815,7.8443,2918448.0678
688568.SH,2025-07-02,36.4,36.4,35.33,35.48,36.05,-0.57,-1.5811,100143.1,359541.489,1.237,1.0,81.6695,7.7202,2872303.3965
688568.SH,2025-07-03,35.39,36.17,35.38,35.5,35.48,0.02,0.0564,67504.5,240915.776,0.8338,0.68,81.7155,7.7246,2873922.5078
688568.SH,2025-07-04,35.4,35.48,34.75,35.09,35.5,-0.41,-1.1549,74852.45,262132.803,0.9246,0.8,80.7718,7.6354,2840730.7267
688568.SH,2025-07-07,35.06,35.49,34.94,35.38,35.09,0.29,0.8264,47891.47,168997.508,0.5916,0.51,81.4393,7.6985,2864207.8402
688568.SH,2025-07-08,35.4,36.8,35.28,36.35,35.38,0.97,2.7417,111414.06,401898.392,1.3762,1.41,83.6721,7.9095,2942734.7369
688568.SH,2025-07-09,37.18,37.49,35.95,36.11,36.35,-0.24,-0.6602,115116.99,421292.582,1.422,1.43,83.1197,7.8573,2923305.4016
688568.SH,2025-07-10,35.88,36.01,35.14,35.19,36.11,-0.92,-2.5478,100028.55,354061.664,1.2356,1.2,81.002,7.6571,2848826.2831
688568.SH,2025-07-11,35.19,36.45,35.1,36.14,35.19,0.95,2.6996,118536.11,426100.908,1.4642,1.32,83.1887,7.8638,2925734.0685
688568.SH,2025-07-14,36.25,36.5,35.74,35.83,36.14,-0.31,-0.8578,55883.99,200787.14,0.6903,0.57,82.4751,7.7964,2900637.8438
688568.SH,2025-07-15,35.78,36.32,35.45,36.1,35.83,0.27,0.7536,77190.18,276916.842,0.9535,0.77,83.0966,7.8551,2922495.846
688568.SH,2025-07-16,36.28,36.36,35.75,35.81,36.1,-0.29,-0.8033,71423.5,257602.999,0.8823,0.77,82.4291,7.792,2899018.7325
688568.SH,2025-07-17,35.98,36.6,35.56,36.26,35.81,0.45,1.2566,104691.62,378206.53,1.2932,1.24,83.4649,7.8899,2935448.7361
688568.SH,2025-07-18,36.28,36.4,35.9,36.1,36.26,-0.16,-0.4413,90329.47,326241.654,1.1158,1.06,83.0966,7.8551,2922495.846
688568.SH,2025-07-21,36.2,36.24,35.7,35.9,36.1,-0.2,-0.554,80731.27,290345.906,0.9972,1.01,82.6363,7.8116,2906304.7332
688568.SH,2025-07-22,35.93,36.26,35.35,35.5,35.9,-0.4,-1.1142,108407.16,387549.467,1.3391,1.28,81.7155,7.7246,2873922.5078
688568.SH,2025-07-23,35.5,36.16,35.38,35.88,35.5,0.38,1.0704,121445.56,435870.606,1.5002,1.33,82.5902,7.8073,2904685.622
688568.SH,2025-07-24,35.79,36.6,35.75,36.59,35.88,0.71,1.9788,121528.99,441956.596,1.5012,1.2,84.2245,7.9618,2962164.0721
688568.SH,2025-07-25,36.58,37.16,36.3,37.1,36.59,0.51,1.3938,96334.54,354078.725,1.19,0.92,85.3985,8.0727,3003451.4096
688568.SH,2025-07-28,37.23,37.25,36.71,36.87,37.1,-0.23,-0.6199,82913.39,306252.409,1.0242,0.78,84.8691,8.0227,2984831.6299
688568.SH,2025-07-29,36.77,37.92,36.46,37.65,36.87,0.78,2.1155,123154.64,458487.673,1.5213,1.16,86.6645,8.1924,3047976.9695
688568.SH,2025-07-30,37.88,38.15,36.7,37.17,37.65,-0.48,-1.2749,112086.36,420175.625,1.3845,1.03,85.5596,8.088,3009118.299
688568.SH,2025-07-31,37.09,38.15,36.35,36.5,37.17,-0.67,-1.8025,117436.35,436653.433,1.4506,1.1,84.0174,7.9422,2954878.0714
688568.SH,2025-08-01,36.5,36.87,35.97,36.64,36.5,0.14,0.3836,98942.58,360657.54,1.2222,0.93,84.3396,7.9726,2966211.8503
688568.SH,2025-08-04,36.35,39.15,36.25,39.12,36.64,2.48,6.7686,209853.3,800954.565,2.5922,1.96,90.0482,8.5123,3166981.648
688568.SH,2025-08-05,39.69,41.18,39.15,40.89,39.12,1.77,4.5245,270990.41,1099982.694,3.3474,2.05,94.1225,8.8974,3310272.9956
688568.SH,2025-08-06,40.9,41.15,40.13,40.4,40.89,-0.49,-1.1983,177312.01,717703.44,2.1902,1.1,92.9946,8.7908,3270604.7694
688568.SH,2025-08-07,40.53,40.71,39.51,39.86,40.4,-0.54,-1.3366,127118.33,507620.157,1.5702,0.73,91.7516,8.6733,3226888.7651
688568.SH,2025-08-08,40.07,40.65,39.27,39.33,39.86,-0.53,-1.3297,140335.05,559438.134,1.7335,0.79,90.5316,8.558,3183982.3164
688568.SH,2025-08-11,39.93,40.16,39.34,39.4,39.33,0.07,0.178,141976.18,564882.497,1.7538,0.77,90.6927,8.5732,3189649.2058
688568.SH,2025-08-12,39.3,39.69,38.53,39.11,39.4,-0.29,-0.736,113007.15,441153.756,1.3959,0.66,90.0252,8.5101,3166172.0924
688568.SH,2025-08-13,39.16,39.56,38.88,39.28,39.11,0.17,0.4347,115540.39,452894.91,1.4272,0.83,90.4165,8.5471,3179934.5382
688568.SH,2025-08-14,39.08,39.3,38.1,38.2,39.28,-1.08,-2.7495,134156.6,518456.476,1.6572,1.05,87.9305,8.3121,3092502.5295
688568.SH,2025-08-15,38.12,39.11,38.12,38.86,38.2,0.66,1.7277,99657.44,386099.154,1.231,0.77,89.4497,8.4557,3145933.2015
688568.SH,2025-08-18,39.35,39.85,39.08,39.48,38.86,0.62,1.5955,154568.91,611087.69,1.9093,1.28,90.8769,8.5906,3196125.6509
688568.SH,2025-08-19,39.51,39.85,39.02,39.41,39.48,-0.07,-0.1773,121816.41,480846.42,1.5047,0.99,90.7157,8.5754,3190458.7615
688568.SH,2025-08-20,39.2,39.89,38.61,39.88,39.41,0.47,1.1926,130342.05,511018.849,1.61,1.04,91.7976,8.6776,3228507.8764
688568.SH,2025-08-21,39.88,40.17,39.08,39.33,39.88,-0.55,-1.3791,107672.44,426079.679,1.33,0.84,90.5316,8.558,3183982.3164
688568.SH,2025-08-22,39.27,41.5,39.21,41.19,39.33,1.86,4.7292,241161.88,976938.341,2.9844,1.96,94.6401,9.0681,3328477.0385
688568.SH,2025-08-25,41.87,48.16,41.04,46.26,41.19,5.07,12.3088,353337.19,1530877.759,4.3726,2.34,106.2892,10.1843,3738173.0469
688568.SH,2025-08-26,46.26,47.8,45.44,45.5,46.26,-0.76,-1.6429,242735.14,1120943.417,3.0039,1.27,104.5429,10.017,3676759.0496
688568.SH,2025-08-27,46.14,47.16,44.9,44.9,45.5,-0.6,-1.3187,237563.85,1094844.178,2.9399,1.1,103.1644,9.8849,3628274.3149
688568.SH,2025-08-28,45.6,47.9,45.45,47.89,44.9,2.99,6.6592,290480.04,1356096.073,3.5947,1.23,110.0343,10.5431,3869889.9096
688568.SH,2025-08-29,47.0,48.66,46.0,46.98,47.89,-0.91,-1.9002,255257.51,1197468.486,3.1588,0.93,107.9435,10.1277,3796354.7286
688568.SH,2025-09-01,46.55,48.44,46.01,46.11,46.98,-0.87,-1.8519,187111.58,871539.509,2.3155,0.68,105.9445,9.9401,3726051.8632
688568.SH,2025-09-02,46.05,46.4,43.36,43.7,46.11,-2.41,-5.2266,227400.72,1012815.423,2.8141,0.94,100.4072,9.4206,3531304.8454
688568.SH,2025-09-03,43.79,44.05,42.42,42.54,43.7,-1.16,-2.6545,152900.82,659147.557,1.8922,0.64,97.7419,9.1705,3437567.6916
688568.SH,2025-09-04,42.59,42.84,39.21,40.0,42.54,-2.54,-5.9709,200290.94,818427.866,2.4786,0.9,91.9059,8.623,3232315.648
688568.SH,2025-09-05,40.95,41.36,39.76,41.2,40.0,1.2,3.0,134515.09,546274.893,1.6646,0.66,94.6631,8.8817,3329285.1174
688568.SH,2025-09-08,42.11,44.1,41.76,43.62,41.2,2.42,5.8738,191192.97,817849.781,2.366,1.06,100.2234,9.4034,3524840.2141
688568.SH,2025-09-09,43.25,43.5,41.52,41.56,43.62,-2.06,-4.7226,147476.59,624205.52,1.825,0.81,95.4902,8.9593,3358375.9583
688568.SH,2025-09-10,41.54,42.65,41.31,41.32,41.56,-0.24,-0.5775,94648.57,396223.477,1.1713,0.57,94.9388,8.9075,3338982.0644
688568.SH,2025-09-11,41.39,43.18,40.79,42.7,41.32,1.38,3.3398,133522.01,565011.112,1.6523,0.87,98.1095,9.205,3450496.9542
688568.SH,2025-09-12,42.9,43.7,42.55,42.64,42.7,-0.06,-0.1405,134337.45,578561.639,1.6624,0.96,97.9717,9.1921,3445648.4808
688568.SH,2025-09-15,42.59,43.1,42.0,42.0,42.64,-0.64,-1.5009,112677.18,478138.818,1.3944,0.8,96.5012,9.0541,3393931.4304
688568.SH,2025-09-16,42.01,42.9,41.73,42.53,42.0,0.53,1.2619,94403.93,399647.296,1.1683,0.76,97.7189,9.1684,3436759.6127
688568.SH,2025-09-17,42.26,43.38,42.11,42.89,42.53,0.36,0.8465,94979.89,407495.946,1.1754,0.83,98.5461,9.246,3465850.4536
688568.SH,2025-09-18,42.89,44.18,40.82,41.23,42.89,-1.66,-3.8704,208461.06,888632.15,2.5797,1.83,94.732,8.8881,3331709.3542
688568.SH,2025-09-19,41.0,42.18,40.87,41.32,41.23,0.09,0.2183,113622.91,471224.277,1.4061,0.88,94.9388,8.9075,3338982.0644
688568.SH,2025-09-22,41.21,42.87,40.91,42.65,41.32,1.33,3.2188,118523.64,497862.464,1.4667,0.95,97.9946,9.1943,3446456.5597
688568.SH,2025-09-23,42.62,42.85,40.64,41.54,42.65,-1.11,-2.6026,137342.77,567537.725,1.6996,1.09,95.4443,8.955,3356759.8004
688568.SH,2025-09-24,41.23,43.1,41.11,43.02,41.54,1.48,3.5628,145857.26,619048.573,1.805,1.08,98.8448,9.274,3476355.4794
688568.SH,2025-09-25,43.08,44.36,42.75,43.56,43.02,0.54,1.2552,152729.93,669769.231,1.89,1.06,100.0855,9.3904,3519991.7407
688568.SH,2025-09-26,43.38,43.56,42.1,42.29,43.56,-1.27,-2.9155,134527.65,574940.647,1.6648,1.01,97.1675,9.1166,3417365.7188
688568.SH,2025-09-29,42.21,42.76,41.7,42.41,42.29,0.12,0.2838,88110.56,372006.019,1.0904,0.64,97.4432,9.1425,3427062.6658
688568.SH,2025-09-30,42.69,43.91,42.64,43.54,42.41,1.13,2.6645,144898.58,629437.367,1.7931,1.1,100.0396,9.3861,3518375.5828
688568.SH,2025-10-09,43.54,45.15,43.08,44.59,43.54,1.05,2.4116,157386.77,698721.891,1.9477,1.18,102.4521,9.6125,3603223.8686
688568.SH,2025-10-10,44.5,44.5,42.94,43.18,44.59,-1.41,-3.1621,130041.64,564969.268,1.6093,0.96,99.2124,9.3085,3489284.742
688568.SH,2025-10-13,42.08,45.37,41.92,44.68,43.18,1.5,3.4738,175351.84,771214.13,2.17,1.34,102.6589,9.6319,3610496.5788
688568.SH,2025-10-14,44.88,45.02,42.75,43.1,44.68,-1.58,-3.5363,150686.78,659609.635,1.8648,1.08,99.0286,9.2913,3482820.1107
688568.SH,2025-10-15,43.1,44.38,42.56,43.91,43.1,0.81,1.8794,104528.29,457039.823,1.2935,0.69,100.8897,9.4659,3548274.5026
688568.SH,2025-10-16,43.62,43.88,41.96,42.14,43.91,-1.77,-4.031,110927.45,474286.478,1.3727,0.77,96.8228,9.0843,3405244.5352
688568.SH,2025-10-17,42.41,42.68,40.15,40.31,42.14,-1.83,-4.3427,106055.66,436644.956,1.3124,0.79,92.6182,8.6898,3257366.0943
688568.SH,2025-10-20,40.61,41.3,39.52,39.92,40.31,-0.39,-0.9675,87414.02,353578.15,1.0818,0.67,91.7221,8.6057,3225851.0167
688568.SH,2025-10-21,40.49,40.94,40.01,40.38,39.92,0.46,1.1523,65438.96,264530.303,0.8098,0.58,92.779,8.7049,3263022.6467
688568.SH,2025-10-22,40.0,40.12,38.64,39.06,40.38,-1.32,-3.2689,135631.73,531780.338,1.6784,1.43,89.7461,8.4203,3156356.2303
688568.SH,2025-10-23,38.88,40.69,38.0,40.6,39.06,1.54,3.9427,110004.02,431357.042,1.3613,1.09,93.2845,8.7523,3280800.3827
688568.SH,2025-10-24,41.66,42.83,40.98,41.65,40.6,1.05,2.5862,149635.43,627214.996,1.8517,1.48,95.697,8.9787,3365648.6685
688568.SH,2025-10-27,41.68,42.53,41.48,42.12,41.65,0.47,1.1285,102256.68,429623.78,1.2654,0.93,96.7769,9.08,3403628.3773
688568.SH,2025-10-28,42.12,42.5,41.61,41.66,42.12,-0.46,-1.0921,83793.67,352313.232,1.0369,0.74,95.72,8.9808,3366456.7474
688568.SH,2025-10-29,41.61,42.3,41.5,41.79,41.66,0.13,0.312,68483.71,286432.145,0.8475,0.59,96.0187,9.0089,3376961.7732
688568.SH,2025-10-30,41.8,42.95,41.21,41.55,41.79,-0.24,-0.5743,138884.0,583769.316,1.7187,1.35,95.4672,8.9571,3357567.8794
688568.SH,2025-10-31,40.82,41.5,40.58,40.8,41.55,-0.75,-1.8051,84439.35,345997.155,1.0449,0.78,93.744,8.5263,3296961.961
688568.SH,2025-11-03,40.88,41.04,39.93,40.21,40.8,-0.59,-1.4461,96651.14,389549.503,1.1961,1.01,92.3884,8.403,3249285.3052
688568.SH,2025-11-04,40.26,40.26,39.18,39.39,40.21,-0.82,-2.0393,86421.57,341997.315,1.0695,0.91,90.5043,8.2316,3183022.8344
688568.SH,2025-11-05,39.0,39.26,38.7,38.97,39.39,-0.42,-1.0663,62021.44,241826.917,0.7675,0.65,89.5393,8.1439,3149083.5201
688568.SH,2025-11-06,38.79,39.7,38.74,39.43,38.97,0.46,1.1804,65288.06,256751.058,0.8079,0.7,90.5962,8.24,3186255.15
688568.SH,2025-11-07,39.1,41.4,38.68,40.34,39.43,0.91,2.3079,108413.42,433378.656,1.3416,1.37,92.6871,8.4302,3259790.331
688568.SH,2025-11-10,41.68,43.42,41.68,41.89,40.34,1.55,3.8423,204225.96,868596.963,2.5273,2.44,96.2484,8.7541,3385042.5624
688568.SH,2025-11-11,42.0,42.33,40.75,40.93,41.89,-0.96,-2.2917,113731.09,470517.179,1.4074,1.08,94.0427,8.5535,3307466.9868
688568.SH,2025-11-12,40.83,43.18,40.1,42.92,40.93,1.99,4.862,146771.75,611478.908,1.8163,1.33,98.615,8.9693,3468274.6903
688568.SH,2025-11-13,42.8,42.91,41.96,42.61,42.92,-0.31,-0.7223,119138.06,505964.382,1.4743,0.93,97.9027,8.9045,3443224.244
688568.SH,2025-11-14,42.42,42.42,41.1,41.1,42.61,-1.51,-3.5438,85029.27,353763.053,1.0522,0.61,94.4333,8.589,3321204.3283
688568.SH,2025-11-17,40.95,41.74,40.7,40.9,41.1,-0.2,-0.4866,71106.12,292440.042,0.8799,0.53,93.9738,8.5472,3305042.7501
688568.SH,2025-11-18,40.72,40.84,39.94,40.26,40.9,-0.64,-1.5648,64138.38,258184.164,0.7937,0.6,92.5033,8.4134,3253325.6997
688568.SH,2025-11-19,40.26,40.63,39.75,39.83,40.26,-0.43,-1.0681,54468.15,218048.675,0.674,0.56,91.5153,8.3236,3218578.3065
688568.SH,2025-11-20,40.26,40.59,39.66,39.92,39.83,0.09,0.226,45321.11,181376.638,0.5609,0.58,91.7221,8.3424,3225851.0167
688568.SH,2025-11-21,39.5,41.36,38.88,40.47,39.92,0.55,1.3778,129295.29,518992.704,1.6,2.02,92.9858,8.4573,3270295.3569
688568.SH,2025-11-24,40.95,41.65,40.4,41.12,40.47,0.65,1.6061,94661.48,388608.434,1.1714,1.3,94.4792,8.5932,3322820.4861
688568.SH,2025-11-25,41.39,42.3,40.95,41.35,41.12,0.23,0.5593,115062.67,479789.624,1.4239,1.48,95.0077,8.6412,3341406.3011
688568.SH,2025-11-26,41.8,42.01,40.83,40.85,41.35,-0.5,-1.2092,86053.43,355356.685,1.0649,0.98,93.8589,8.5367,3301002.3555
688568.SH,2025-11-27,40.74,41.37,40.19,40.68,40.85,-0.17,-0.4162,64756.34,264567.905,0.8014,0.69,93.4683,8.5012,3287265.014
688568.SH,2025-11-28,41.39,43.5,41.39,43.39,40.68,2.71,6.6618,228624.89,972734.049,2.8292,2.33,99.6949,9.0675,3506254.3992
688568.SH,2025-12-01,43.9,45.98,43.71,44.29,43.39,0.9,2.0742,286096.82,1280905.368,3.5405,2.43,101.7628,9.2556,3578981.5012
688568.SH,2025-12-02,44.01,45.95,43.45,45.12,44.29,0.83,1.874,239005.92,1073369.403,2.9577,1.53,103.6698,9.4291,3646052.0509
688568.SH,2025-12-03,44.75,45.14,42.26,43.71,45.12,-1.41,-3.125,214173.16,940054.414,2.6504,1.18,100.4302,9.1344,3532112.9244
688568.SH,2025-12-04,43.4,44.97,43.24,44.18,43.71,0.47,1.0753,167923.79,740518.582,2.0781,0.81,101.51,9.2326,3570092.6332
688568.SH,2025-12-05,43.98,45.55,43.8,45.2,44.18,1.02,2.3087,203346.0,914220.43,2.5164,0.9,103.8536,9.4458,3652516.6822
688568.SH,2025-12-08,45.9,47.5,44.71,45.1,45.2,-0.1,-0.2212,327623.14,1513747.271,4.0543,1.48,103.6239,9.4249,3644435.8931
688568.SH,2025-12-09,44.97,45.38,43.86,44.09,45.1,-1.01,-2.2395,197385.01,878260.328,2.4426,0.86,101.3033,9.2138,3562819.923
688568.SH,2025-12-10,44.83,48.5,44.09,47.15,44.09,3.06,6.9403,359863.52,1684170.295,4.4533,1.62,108.3341,9.8533,3810092.0701
688568.SH,2025-12-11,47.16,48.49,46.42,47.54,47.15,0.39,0.8271,295275.92,1405474.413,3.654,1.18,109.2301,9.9348,3841607.1476
688568.SH,2025-12-12,47.43,49.58,46.27,47.78,47.54,0.24,0.5048,320303.84,1518272.615,3.9638,1.16,109.7816,9.985,3861001.0415
688568.SH,2025-12-15,47.38,49.38,47.0,47.75,47.78,-0.03,-0.0628,344470.59,1667647.293,4.2628,1.15,109.7126,9.9787,3858576.8048
688568.SH,2025-12-16,47.32,47.33,44.78,45.35,47.75,-2.4,-5.0262,276554.68,1258475.346,3.4224,0.91,104.1983,9.4771,3664637.8659
688568.SH,2025-12-17,45.22,46.06,44.23,44.95,45.35,-0.4,-0.882,171030.7,768878.29,2.1165,0.54,103.2792,9.3935,3632314.7094
688568.SH,2025-12-18,44.36,52.2,44.36,49.8,44.95,4.85,10.7898,486097.61,2386328.694,6.0155,1.73,114.4228,10.4071,4024232.9818
688568.SH,2025-12-19,50.66,52.5,49.3,49.62,49.8,-0.18,-0.3614,339639.0,1716893.248,4.203,1.06,114.0092,10.3695,4009687.5613
688568.SH,2025-12-22,50.0,51.09,49.13,49.75,49.62,0.13,0.262,263918.28,1317094.817,3.266,0.82,114.3079,10.3966,4020192.5872
688568.SH,2025-12-23,50.0,50.3,47.13,47.65,49.75,-2.1,-4.2211,302608.39,1470332.928,3.7448,0.98,109.4829,9.9578,3850496.0157
688568.SH,2025-12-24,47.0,49.16,46.71,48.51,47.65,0.86,1.8048,282917.21,1359062.493,3.5011,0.9,111.4589,10.1375,3919990.8021
688568.SH,2025-12-25,48.21,52.12,48.15,51.96,48.51,3.45,7.1119,362620.64,1832832.596,4.4874,1.08,119.3857,10.8585,4198778.0268
688568.SH,2025-12-26,51.3,54.34,51.01,53.31,51.96,1.35,2.5982,407615.08,2145802.693,5.0442,1.31,122.4876,11.1406,4307868.6799
688568.SH,2025-12-29,53.32,55.5,52.36,54.41,53.31,1.1,2.0634,357678.51,1940580.769,4.4263,1.1,125.015,11.3705,4396757.3602
688568.SH,2025-12-30,53.5,55.63,52.8,53.12,54.41,-1.29,-2.3709,347107.41,1870861.843,4.2955,1.01,122.051,11.1009,4292515.1805
688568.SH,2025-12-31,53.23,60.59,53.0,59.0,53.12,5.88,11.0693,436458.65,2465760.367,5.4012,1.24,135.5612,12.3297,4767665.5808
688568.SH,2026-01-05,60.0,62.48,58.88,59.59,59.0,0.59,1.0,493317.44,2988999.759,6.1048,1.29,136.9168,12.453,4815342.2366
688568.SH,2026-01-06,59.06,62.6,57.51,61.96,59.59,2.37,3.9772,444718.17,2644581.963,5.5034,1.09,142.3622,12.9483,5006856.9388
688568.SH,2026-01-07,60.0,60.4,57.0,58.21,61.96,-3.75,-6.0523,400491.54,2340615.751,4.9561,0.96,133.746,12.1646,4703827.3468
688568.SH,2026-01-08,57.7,61.79,57.57,61.0,58.21,2.79,4.793,368531.28,2207858.921,4.5606,0.87,140.1565,12.7476,4929281.3632
688568.SH,2026-01-09,61.11,69.8,60.64,65.91,61.0,4.91,8.0492,459766.52,3012194.017,5.6896,1.07,151.4379,13.7737,5326048.109
688568.SH,2026-01-12,68.89,79.09,68.01,79.09,65.91,13.18,19.997,481656.14,3610142.833,5.9605,1.11,181.7209,16.528,6391096.115
688568.SH,2026-01-13,81.34,94.7,70.5,84.25,79.09,5.16,6.5242,754028.23,6255867.764,9.3311,1.75,193.5768,17.6064,6808064.8336
688568.SH,2026-01-14,84.25,99.95,81.68,95.98,84.25,11.73,13.9228,711211.48,6487500.443,8.8013,1.44,220.5282,20.0577,7755941.3974
688568.SH,2026-01-15,90.0,90.0,76.8,77.66,95.98,-18.32,-19.0873,654371.47,5321018.154,8.0979,1.18,178.4353,16.2292,6275540.8306
688568.SH,2026-01-16,81.01,86.0,79.48,80.24,77.66,2.58,3.3222,433132.65,3547898.318,5.36,0.71,184.3632,16.7684,6484025.1899
688568.SH,2026-01-19,79.39,82.2,77.95,78.16,80.24,-2.08,-2.5922,329276.69,2623042.056,4.0748,0.54,179.5841,16.3337,6315944.7762
688568.SH,2026-01-20,78.88,79.74,73.8,74.8,78.16,-3.36,-4.2989,361571.53,2734929.884,4.4745,0.63,171.864,15.6315,6044430.2618
688568.SH,2026-01-21,74.78,76.22,73.06,73.5,74.8,-1.3,-1.738,227056.71,1681692.778,2.8098,0.46,168.8771,15.3599,5939380.0032
688568.SH,2026-01-22,73.2,75.68,72.59,74.68,73.5,1.18,1.6054,288522.45,2150571.392,3.5705,0.72,171.5883,15.6065,6034733.3148
688568.SH,2026-01-23,75.78,87.18,74.82,86.66,74.68,11.98,16.0418,596638.99,4846944.44,7.3834,1.82,199.1141,18.11,7002811.8514
688568.SH,2026-01-26,82.01,83.0,76.0,77.1,86.66,-9.56,-11.0316,490722.32,3895705.929,6.0727,1.36,177.1486,16.1122,6230288.4115
688568.SH,2026-01-27,75.3,79.04,74.8,75.66,77.1,-1.44,-1.8677,296775.69,2269624.833,3.6726,0.76,173.84,15.8113,6113925.0482
688568.SH,2026-01-28,75.71,76.68,73.02,73.95,75.66,-1.71,-2.2601,249419.64,1853141.496,3.0866,0.66,169.911,15.4539,5975743.5542
688568.SH,2026-01-29,73.14,76.11,72.88,74.19,73.95,0.24,0.3245,249560.45,1864423.59,3.0883,0.65,170.4624,15.5041,5995137.4481
688568.SH,2026-01-30,73.1,74.0,69.12,70.7,74.19,-3.49,-4.7041,271960.67,1919252.255,3.3655,0.72,162.4436,14.7747,5713117.9078
688568.SH,2026-02-02,72.11,73.1,68.02,68.09,70.7,-2.61,-3.6917,235313.56,1644681.739,2.912,0.75,156.4468,14.2293,5502209.3118
688568.SH,2026-02-03,69.26,71.3,67.8,70.87,68.09,2.78,4.0828,238659.0,1667628.695,2.9534,0.92,162.8342,14.8102,5726855.2493
688568.SH,2026-02-04,70.87,71.35,68.5,69.89,70.87,-0.98,-1.3828,191023.17,1329738.868,2.3639,0.77,160.5826,14.6054,5647663.516
688568.SH,2026-02-05,68.01,69.67,67.1,67.5,69.89,-2.39,-3.4197,167090.89,1137850.685,2.0678,0.7,155.0912,14.106,5454532.656
688568.SH,2026-02-06,67.0,69.11,66.66,66.74,67.5,-0.76,-1.1259,136268.86,921935.422,1.6863,0.62,153.345,13.9472,5393118.6587
688568.SH,2026-02-09,68.58,68.76,66.57,67.61,66.74,0.87,1.3036,139011.07,937648.417,1.7203,0.72,155.3439,14.129,5463421.524
688568.SH,2026-02-10,67.66,67.89,66.0,66.76,67.61,-0.85,-1.2572,125257.74,836470.964,1.5501,0.72,153.3909,13.9513,5394734.8165
688568.SH,2026-02-11,67.2,68.41,66.56,66.78,66.76,0.02,0.03,121438.62,816072.2,1.5028,0.8,153.4369,13.9555,5396350.9743
688568.SH,2026-02-12,67.01,67.11,66.01,66.42,66.78,-0.36,-0.5391,124195.28,825748.54,1.5369,0.9,152.6097,13.8803,5367260.1335
688568.SH,2026-02-13,66.25,66.85,65.1,65.1,66.42,-1.32,-1.9874,131697.43,867963.372,1.6298,1.02,149.5768,13.6044,5260593.7171
688568.SH,2026-02-24,65.42,65.69,64.08,64.42,65.1,-0.68,-1.0445,113435.19,734874.301,1.4038,0.88,148.0144,13.4623,5205644.3511
688568.SH,2026-02-25,64.51,66.55,64.08,65.87,64.42,1.45,2.2509,144581.06,946297.57,1.7892,1.17,151.346,13.7654,5322815.7933
688568.SH,2026-02-26,65.53,67.95,64.8,67.33,65.87,1.46,2.2165,173713.77,1163095.573,2.1497,1.37,154.7006,14.0705,5440795.3145
688568.SH,2026-02-27,67.06,68.48,66.11,67.77,67.33,0.44,0.6535,214893.07,1453417.377,2.6593,1.56,155.7115,14.1624,5476350.7866
688568.SH,2026-03-02,71.33,76.99,69.14,73.37,67.77,5.6,8.2632,472276.49,3452917.897,5.8444,3.03,168.5784,15.6693,5928874.9773
688568.SH,2026-03-03,73.0,76.66,70.01,71.76,73.37,-1.61,-2.1944,380908.68,2784033.748,4.7138,1.7,164.8792,15.3255,5798774.2725
688568.SH,2026-03-04,69.0,74.84,68.33,74.7,71.76,2.94,4.097,274264.81,1983414.191,3.394,0.99,171.6342,15.9533,6036349.4726
688568.SH,2026-03-05,75.25,77.0,72.68,76.8,74.7,2.1,2.8112,288983.16,2153342.55,3.5762,0.95,176.4593,16.4018,6206046.0442
688568.SH,2026-03-06,75.19,80.75,75.19,78.08,76.8,1.28,1.6667,259902.93,2052364.927,3.2163,0.8,179.4003,16.6752,6309480.1449
688568.SH,2026-03-09,75.13,75.2,72.4,73.26,78.08,-4.82,-6.1732,219971.01,1620566.471,2.7221,0.66,168.3256,15.6458,5919986.1093
688568.SH,2026-03-10,73.99,75.2,71.45,74.11,73.26,0.85,1.1603,205863.1,1510878.0,2.5476,0.72,170.2786,15.8273,5988672.8168
688568.SH,2026-03-11,73.5,73.5,70.56,70.72,74.11,-3.39,-4.5743,183972.44,1314777.492,2.2767,0.74,162.4896,15.1033,5714734.0657
688568.SH,2026-03-12,70.13,70.91,67.65,69.88,70.72,-0.84,-1.1878,197488.63,1366458.177,2.4439,0.85,160.5596,14.924,5646855.4371
688568.SH,2026-03-13,69.01,70.98,67.1,68.58,69.88,-1.3,-1.8603,254376.41,1756306.818,3.1479,1.19,157.5726,14.6463,5541805.1785
688568.SH,2026-03-16,68.58,68.68,66.22,67.39,68.58,-1.19,-1.7352,127069.01,855896.539,1.5725,0.6,154.8384,14.3922,5445643.788
688568.SH,2026-03-17,67.75,68.7,65.01,65.01,67.39,-2.38,-3.5317,100316.39,672071.693,1.2414,0.52,149.37,13.8839,5253321.0069
688568.SH,2026-03-18,65.61,67.8,64.78,67.25,65.01,2.24,3.4456,115484.38,765739.294,1.4291,0.67,154.5168,14.3623,5434330.6832
688568.SH,2026-03-19,66.0,68.78,65.72,68.09,67.25,0.84,1.2491,120411.63,811480.881,1.4901,0.76,156.4468,14.5417,5502209.3118
688568.SH,2026-03-20,68.6,68.76,64.88,66.31,68.09,-1.78,-2.6142,121185.4,803269.078,1.4997,0.84,152.357,14.1615,5358371.2655
688568.SH,2026-03-23,65.78,66.17,61.47,62.01,66.31,-4.3,-6.4847,156666.96,994198.616,1.9388,1.34,142.4771,13.2432,5010897.3333
688568.SH,2026-03-24,62.95,62.99,59.81,62.05,62.01,0.04,0.0645,140982.03,862693.211,1.7447,1.15,142.569,13.2517,5014129.649
688568.SH,2026-03-25,62.49,63.38,60.12,61.0,62.05,-1.05,-1.6922,135225.72,830368.713,1.6734,1.03,140.1565,13.0275,4929281.3632
688568.SH,2026-03-26,61.5,61.8,59.56,60.48,61.0,-0.52,-0.8525,103231.91,627035.888,1.2775,0.77,138.9617,12.9164,4887261.2598
688568.SH,2026-03-27,59.89,60.45,59.06,59.84,60.48,-0.64,-1.0582,78261.0,467486.944,0.9685,0.6,137.4912,12.7798,4835544.2094
688568.SH,2026-03-30,58.9,60.8,58.68,60.32,59.84,0.48,0.8021,89977.73,540005.558,1.1135,0.73,138.5941,12.8823,4874331.9972
688568.SH,2026-03-31,60.28,63.3,60.28,61.0,60.32,0.68,1.1273,140804.0,875121.312,1.7425,1.29,140.1565,13.0275,4929281.3632
688568.SH,2026-04-01,62.22,62.88,59.74,60.59,61.0,-0.41,-0.6721,94245.15,572207.614,1.1663,0.86,139.2144,12.9399,4896150.1278
688568.SH,2026-04-02,60.55,60.99,59.05,59.39,60.59,-1.2,-1.9805,77806.91,463527.805,0.9629,0.77,136.4573,12.6836,4799180.6584
688568.SH,2026-04-03,59.88,60.27,57.89,57.97,59.39,-1.42,-2.391,80910.91,474769.75,1.0013,0.84,133.1946,12.3804,4684433.4529
688568.SH,2026-04-07,58.8,59.09,57.1,57.32,57.97,-0.65,-1.1213,75405.04,436886.937,0.9331,0.78,131.7011,12.2416,4631908.3236
688568.SH,2026-04-08,58.81,61.2,58.81,60.85,57.32,3.53,6.1584,138207.26,830362.931,1.7103,1.47,139.8118,12.9955,4917160.1795
688568.SH,2026-04-09,60.03,60.87,59.23,59.55,60.85,-1.3,-2.1364,85170.39,510577.252,1.054,0.91,136.8249,12.7178,4812109.921
688568.SH,2026-04-10,60.2,61.18,59.53,59.58,59.55,0.03,0.0504,86663.23,522213.412,1.0725,0.95,136.8938,12.7242,4814534.1577
688568.SH,2026-04-13,59.18,60.33,58.85,59.8,59.58,0.22,0.3693,77709.51,464567.007,0.9617,0.83,137.3993,12.7712,4832311.8938
688568.SH,2026-04-14,60.05,62.23,59.67,62.22,59.8,2.42,4.0468,138590.7,848541.649,1.7151,1.5,142.9596,13.288,5027866.9905
688568.SH,2026-04-15,61.75,64.0,59.88,60.22,62.22,-2.0,-3.2144,190482.92,1178855.942,2.3572,1.81,1655.1802,12.8566,4866251.2081
688568.SH,2026-04-16,60.29,61.71,58.7,61.0,60.22,0.78,1.2953,126033.69,759955.86,1.5597,1.09,1676.6189,13.0231,4929281.3632
688568.SH,2026-04-17,60.95,62.78,60.3,62.05,61.0,1.05,1.7213,123583.27,765092.243,1.5293,1.0,1705.4788,13.2473,5014129.649
688568.SH,2026-04-20,62.06,65.98,61.8,65.26,62.05,3.21,5.1732,222600.74,1431810.106,2.7547,1.7,1793.7074,13.9326,5273522.9797
688568.SH,2026-04-21,65.97,66.38,64.06,64.65,65.26,-0.61,-0.9347,157150.68,1018497.715,1.9447,0.98,1776.9412,13.8024,5224230.1661
688568.SH,2026-04-22,64.16,65.2,63.33,64.22,64.65,-0.43,-0.6651,130810.78,837098.645,1.6188,0.8,1765.1224,13.7106,5189482.7729
688568.SH,2026-04-23,64.0,64.98,62.0,62.61,64.22,-1.61,-2.507,140338.05,888183.869,1.7367,0.92,1720.8707,13.3668,5059382.068
688568.SH,2026-04-24,62.28,62.33,59.7,60.35,62.61,-2.26,-3.6096,141028.51,854595.508,1.7452,0.91,1658.7533,12.8843,4876756.2339
688568.SH,2026-04-27,55.0,56.33,52.74,55.51,60.35,-4.84,-8.0199,264965.71,1455805.597,3.279,1.67,1525.7232,12.336,4485646.0405
688568.SH,2026-04-28,55.46,56.07,54.04,54.41,55.51,-1.1,-1.9816,131622.82,721710.466,1.6288,0.79,1495.4891,12.0916,4396757.3602
688568.SH,2026-04-29,54.51,55.47,53.87,54.8,54.41,0.39,0.7168,105673.25,575534.176,1.3077,0.65,1506.2085,12.1783,4428272.4378
688568.SH,2026-04-30,54.51,57.18,54.24,56.65,54.8,1.85,3.3759,133705.94,749241.036,1.6546,0.85,1557.0568,12.5894,4577767.0365
688568.SH,2026-05-06,57.0,61.91,56.12,59.69,56.65,3.04,5.3663,206570.0,1247139.712,2.5563,1.33,1640.6129,13.265,4823423.0257
688568.SH,2026-05-07,61.25,62.28,60.25,61.89,59.69,2.2,3.6857,166041.14,1019611.893,2.0548,0.99,1701.0811,13.7539,5001200.3864
688568.SH,2026-05-08,61.55,67.06,60.99,66.8,61.89,4.91,7.9334,307453.05,1976973.019,3.8047,2.07,1836.0352,14.845,5397967.1322
688568.SH,2026-05-11,68.96,70.14,64.86,66.0,66.8,-0.8,-1.1976,355888.5,2397501.949,4.4041,1.94,1814.0467,14.6673,5333320.8192
688568.SH,2026-05-12,66.98,66.99,62.69,62.77,66.0,-3.23,-4.8939,208351.93,1327298.115,2.5784,0.89,1725.2684,13.9494,5072311.3306
688568.SH,2026-05-13,62.6,63.76,61.31,62.52,62.77,-0.25,-0.3983,168627.89,1053562.48,2.0868,0.68,1718.397,13.8939,5052109.3578
688568.SH,2026-05-14,63.0,63.35,58.27,58.27,62.52,-4.25,-6.7978,187393.74,1123163.015,2.319,0.78,1601.5834,12.9494,4708675.8202
688568.SH,2026-05-15,58.29,58.4,55.62,56.2,58.27,-2.07,-3.5524,199773.34,1130974.064,2.4722,0.81,1544.6883,12.4894,4541403.4854
688568.SH,2026-05-18,56.0,58.13,55.52,57.55,56.2,1.35,2.4021,155162.66,886886.67,1.9201,0.69,1581.7938,12.7894,4650494.1386
688568.SH,2026-05-19,57.4,57.95,55.6,56.35,57.55,-1.2,-2.0851,124301.21,700468.494,1.5382,0.68,1548.8111,12.5227,4553524.6691
688568.SH,2026-05-20,55.7,56.52,55.13,55.62,56.35,-0.73,-1.2955,101954.11,566358.17,1.2617,0.61,1528.7466,12.3605,4494534.9085
688568.SH,2026-05-21,55.9,56.98,53.57,53.76,55.62,-1.86,-3.3441,141834.83,790154.85,1.7552,0.92,1477.6235,11.9471,4344232.2309
688568.SH,2026-05-22,53.88,54.17,52.82,53.6,53.76,-0.16,-0.2976,119254.91,638493.855,1.4758,0.82,1473.2258,11.9116,4331302.9683
688568.SH,2026-05-25,53.74,55.5,52.79,54.5,53.6,0.9,1.6791,138347.66,748106.65,1.7121,1.08,1497.9628,12.1116,4404030.0704
688568.SH,2026-05-26,54.1,54.1,52.02,52.87,54.5,-1.63,-2.9908,113770.14,599666.393,1.4079,0.91,1453.1614,11.7494,4272313.2077
688568.SH,2026-05-27,52.88,53.38,50.56,51.05,52.87,-1.82,-3.4424,117790.39,609872.164,1.4577,0.96,1403.1377,11.3449,4125242.8458
688568.SH,2026-05-28,51.3,51.3,49.67,50.63,51.05,-0.42,-0.8227,115910.86,585059.927,1.4344,0.92,1391.5937,11.2516,4091303.5315
688568.SH,2026-05-29,50.65,50.85,47.3,48.67,50.63,-1.96,-3.8712,145695.63,707432.076,1.803,1.2,1337.722,10.816,3932920.0647
688568.SH,2026-06-01,48.19,48.28,46.72,46.88,48.67,-1.79,-3.6778,125653.74,596075.008,1.555,0.99,1288.5229,10.4182,3788273.9395
688568.SH,2026-06-02,47.43,47.49,45.22,45.81,46.88,-1.07,-2.2824,111340.07,511017.232,1.3778,0.9,1259.1133,10.1804,3701809.4959
688568.SH,2026-06-03,45.61,47.62,45.15,46.02,45.81,0.21,0.4584,130268.98,601830.284,1.6121,1.06,1264.8853,10.2271,3718779.153
688568.SH,2026-06-04,45.58,45.9,44.5,44.85,46.02,-1.17,-2.5424,106205.35,478037.267,1.3143,0.84,1232.7272,9.9671,3624233.9203
688568.SH,2026-06-05,44.86,46.99,43.91,45.9,44.85,1.05,2.3411,157115.9,718370.464,1.9443,1.27,1261.587,10.2004,3709082.2061
688568.SH,2026-06-08,44.0,46.25,43.26,44.0,45.9,-1.9,-4.1394,127117.79,566771.823,1.5731,1.01,1209.3645,9.7782,3555547.2128
688568.SH,2026-06-09,44.4,45.75,43.58,45.4,44.0,1.4,3.1818,114339.63,513494.354,1.415,0.9,1247.8443,10.0893,3668678.2605
688568.SH,2026-06-10,45.0,46.38,44.31,44.88,45.4,-0.52,-1.1454,106734.51,481642.618,1.3208,0.84,1233.5518,9.9737,3626658.1571
688568.SH,2026-06-11,44.53,44.95,43.44,44.38,44.88,-0.5,-1.1141,106135.48,469440.367,1.3134,0.87,1219.809,9.8626,3586254.2115
688568.SH,2026-06-12,45.0,46.11,44.44,45.21,44.38,0.83,1.8702,156601.9,707568.195,1.938,1.28,1242.622,10.0471,3653324.7612
688568.SH,2026-06-15,45.0,45.02,42.96,44.0,45.21,-1.21,-2.6764,181754.4,793569.021,2.2492,1.4875,1209.3645,9.7782,3555547.16
688568.SH,2026-06-16,44.44,44.82,43.14,43.77,44.0,-0.23,-0.5227,130554.21,573630.365,1.6156,0.98,1203.0428,9.7271,3536961.3453
