ts_code,trade_date,open,high,low,close,pre_close,change,pct_chg,vol,amount,turnover_rate,volume_ratio,pe,pb,total_mv
300604.SZ,2023-01-03,44.52,45.89,43.6,45.53,44.58,0.95,2.131,115627.97,519448.422,2.5808,1.49,126.0791,12.995,2751508.6986
300604.SZ,2023-01-04,46.5,47.4,42.11,42.8,45.53,-2.73,-5.996,292628.68,1280139.553,6.5315,3.25,118.5193,12.2158,2586526.9558
300604.SZ,2023-01-05,42.12,43.23,41.82,42.56,42.8,-0.24,-0.5607,147073.94,627473.992,3.2827,1.18,117.8547,12.1473,2572023.0664
300604.SZ,2023-01-06,42.4,42.76,40.88,41.93,42.56,-0.63,-1.4803,172554.22,720848.405,3.8514,1.23,116.1102,11.9675,2533950.3565
300604.SZ,2023-01-09,42.0,43.16,40.71,40.91,41.93,-1.02,-2.4326,177915.23,738305.613,3.9711,1.11,113.2856,11.6764,2472308.8262
300604.SZ,2023-01-10,41.06,41.89,40.89,41.25,40.91,0.34,0.8311,105741.74,437486.728,2.3602,0.58,114.2271,11.7734,2492856.003
300604.SZ,2023-01-11,40.6,42.11,39.16,39.4,41.25,-1.85,-4.4848,230336.34,927042.958,5.1411,1.29,109.1042,11.2454,2381055.1883
300604.SZ,2023-01-12,39.46,39.89,38.8,39.55,39.4,0.15,0.3807,123555.59,487934.349,2.7578,0.74,109.5196,11.2882,2390120.1192
300604.SZ,2023-01-13,39.67,39.78,38.58,39.35,39.55,-0.2,-0.5057,107119.54,418190.279,2.3909,0.66,108.9658,11.2311,2378033.5447
300604.SZ,2023-01-16,39.25,42.18,39.11,40.85,39.35,1.5,3.8119,205386.27,839376.287,4.5842,1.38,113.1195,11.6593,2468682.8539
300604.SZ,2023-01-17,41.04,43.28,40.7,43.06,40.85,2.21,5.41,211142.16,895156.268,4.7127,1.37,119.2393,12.29,2602239.5028
300604.SZ,2023-01-18,43.01,43.6,42.48,42.49,43.06,-0.57,-1.3237,103033.16,441118.38,2.2997,0.59,117.6609,12.1273,2567792.7653
300604.SZ,2023-01-19,42.49,43.68,42.08,43.26,42.49,0.77,1.8122,117485.54,505009.867,2.6223,0.78,119.7931,12.3471,2614326.0773
300604.SZ,2023-01-20,45.0,45.4,43.61,44.18,43.26,0.92,2.1267,191717.5,848882.717,4.2791,1.29,122.3407,12.6097,2669924.3203
300604.SZ,2023-01-30,44.18,45.39,43.67,43.68,44.18,-0.5,-1.1317,166068.28,739148.826,3.7066,1.0,120.9562,12.467,2639707.8839
300604.SZ,2023-01-31,43.5,44.09,42.68,43.2,43.68,-0.48,-1.0989,150026.65,646552.576,3.3486,0.95,119.627,12.33,2610700.105
300604.SZ,2023-02-01,43.45,44.68,43.22,44.49,43.2,1.29,2.9861,128362.16,565429.854,2.865,0.88,123.1992,12.6982,2688658.5109
300604.SZ,2023-02-02,44.9,46.88,44.41,45.61,44.49,1.12,2.5174,228254.07,1037792.406,5.0946,1.51,126.3006,13.0178,2756343.3284
300604.SZ,2023-02-03,45.15,45.7,43.83,44.95,45.61,-0.66,-1.4471,152806.74,680983.248,3.4106,0.88,124.473,12.8295,2716457.6324
300604.SZ,2023-02-06,44.3,45.8,44.3,44.95,44.95,0.0,0.0,113429.52,510272.233,2.5317,0.69,124.473,12.8295,2716457.6324
300604.SZ,2023-02-07,44.99,45.1,43.6,44.16,44.95,-0.79,-1.7575,108702.7,479020.536,2.4262,0.7,122.2853,12.604,2668715.6628
300604.SZ,2023-02-08,44.0,45.14,43.16,43.24,44.16,-0.92,-2.0833,112231.39,492413.02,2.505,0.77,119.7377,12.3414,2613117.4199
300604.SZ,2023-02-09,43.05,46.58,42.79,46.42,43.24,3.18,7.3543,235187.83,1059724.626,5.2494,1.64,128.5436,13.249,2805293.9554
300604.SZ,2023-02-10,46.4,47.08,45.11,45.8,46.42,-0.62,-1.3356,175098.2,804969.211,3.9082,1.21,126.8267,13.0721,2767825.5742
300604.SZ,2023-02-13,46.05,46.44,44.85,46.25,45.8,0.45,0.9825,140174.91,642639.063,3.1287,0.94,128.0729,13.2005,2795020.367
300604.SZ,2023-02-14,46.42,48.77,46.42,47.93,46.25,1.68,3.6324,236500.35,1135586.961,5.2787,1.53,132.725,13.68,2896547.5933
300604.SZ,2023-02-15,47.76,50.82,47.5,50.58,47.93,2.65,5.5289,229497.13,1137019.078,5.1224,1.28,140.0632,14.4364,3056694.7062
300604.SZ,2023-02-16,50.19,51.68,49.59,49.95,50.58,-0.63,-1.2456,205883.64,1040446.369,4.5953,1.01,138.3187,14.2566,3018621.9964
300604.SZ,2023-02-17,49.68,50.0,46.7,46.92,49.95,-3.03,-6.0661,179289.16,857660.008,4.0017,0.91,129.9282,13.3917,2835510.3918
300604.SZ,2023-02-20,46.9,47.17,45.6,46.93,46.92,0.01,0.0213,127783.05,591883.021,2.8521,0.64,129.9559,13.3946,2836114.7205
300604.SZ,2023-02-21,46.82,47.4,45.58,46.09,46.93,-0.84,-1.7899,100764.16,464705.875,2.2491,0.51,127.6298,13.1548,2785351.1074
300604.SZ,2023-02-22,45.66,47.06,45.66,46.39,46.09,0.3,0.6509,80324.11,373128.993,1.7928,0.48,128.4605,13.2405,2803480.9692
300604.SZ,2023-02-23,46.06,46.59,45.51,45.99,46.39,-0.4,-0.8623,71598.35,329406.946,1.5981,0.52,127.3529,13.1263,2779307.8201
300604.SZ,2023-02-24,46.21,46.5,45.3,45.33,45.99,-0.66,-1.4351,71174.6,325636.509,1.5886,0.64,125.5252,12.9379,2739422.124
300604.SZ,2023-02-27,44.96,45.17,44.1,44.22,45.33,-1.11,-2.4487,89098.01,397270.916,1.9887,0.99,122.4515,12.6211,2672341.6352
300604.SZ,2023-02-28,44.58,44.86,43.27,44.28,44.22,0.06,0.1357,85060.91,372577.783,1.8986,1.03,122.6176,12.6382,2675967.6076
300604.SZ,2023-03-01,43.95,44.03,43.32,43.7,44.28,-0.58,-1.3098,97755.84,426370.883,2.1819,1.23,121.0115,12.4727,2640916.5414
300604.SZ,2023-03-02,43.74,44.75,43.48,43.89,43.7,0.19,0.4348,105711.68,465698.737,2.3595,1.27,121.5377,12.5269,2652398.7872
300604.SZ,2023-03-03,44.65,48.23,44.65,48.22,43.89,4.33,9.8656,297364.26,1375228.765,6.6372,3.31,133.5281,13.7628,2914073.1264
300604.SZ,2023-03-06,48.0,51.51,46.9,49.75,48.22,1.53,3.173,312431.96,1540773.014,6.9735,2.31,137.7649,14.1995,3006535.4218
300604.SZ,2023-03-07,50.5,50.64,48.55,48.75,49.75,-1.0,-2.0101,184299.89,906539.179,4.1136,1.03,134.9957,13.9141,2946102.549
300604.SZ,2023-03-08,48.46,50.15,48.13,49.65,48.75,0.9,1.8462,148533.97,733229.596,3.3153,0.74,137.4879,14.1709,3000492.1345
300604.SZ,2023-03-09,49.36,52.75,49.36,50.77,49.65,1.12,2.2558,249747.18,1277157.891,5.5744,1.19,140.5894,14.4906,3068176.9521
300604.SZ,2023-03-10,49.9,51.68,48.81,50.34,50.77,-0.43,-0.847,206155.71,1034730.715,4.6014,0.86,139.3987,14.3679,3042190.8168
300604.SZ,2023-03-13,49.98,50.54,48.88,49.4,50.34,-0.94,-1.8673,170994.38,846129.598,3.8166,0.78,136.7957,14.0996,2985383.9163
300604.SZ,2023-03-14,49.6,53.77,48.82,53.05,49.4,3.65,7.3887,291217.53,1491794.993,6.5,1.52,146.903,15.1413,3205963.902
300604.SZ,2023-03-15,52.3,53.74,51.46,51.9,53.05,-1.15,-2.1678,247740.96,1298001.562,5.5296,1.16,143.7185,14.8131,3136466.0983
300604.SZ,2023-03-16,51.02,51.85,45.36,46.17,51.9,-5.73,-11.0405,374832.44,1806542.972,8.3663,1.61,127.8513,13.1777,2790185.7372
300604.SZ,2023-03-17,46.11,47.46,44.04,46.58,46.17,0.41,0.888,328736.21,1500775.021,7.2787,1.27,129.7583,13.1561,2831802.1366
300604.SZ,2023-03-20,46.01,47.31,45.5,46.88,46.58,0.3,0.6441,223915.88,1038192.73,4.9578,0.79,130.594,13.2409,2850040.45
300604.SZ,2023-03-21,46.3,46.39,43.59,44.51,46.88,-2.37,-5.0555,237459.24,1060768.523,5.2577,0.81,123.9918,12.5715,2705957.7737
300604.SZ,2023-03-22,44.2,44.2,42.93,43.35,44.51,-1.16,-2.6062,171358.07,746126.531,3.7941,0.61,120.7604,12.2438,2635436.295
300604.SZ,2023-03-23,43.0,45.65,42.93,45.32,43.35,1.97,4.5444,206503.06,917138.531,4.5723,0.77,126.2483,12.8002,2755201.22
300604.SZ,2023-03-24,45.33,46.46,44.55,44.95,45.32,-0.37,-0.8164,154174.43,699829.116,3.4136,0.66,125.2176,12.6957,2732707.3001
300604.SZ,2023-03-27,44.58,46.4,44.0,45.89,44.95,0.94,2.0912,151213.06,687900.146,3.3481,0.76,127.8361,12.9612,2789854.0156
300604.SZ,2023-03-28,45.67,46.33,44.62,45.13,45.89,-0.76,-1.6561,94732.48,428005.725,2.0975,0.51,125.719,12.7466,2743650.2882
300604.SZ,2023-03-29,45.06,51.5,44.59,49.94,45.13,4.81,10.6581,300795.97,1461955.934,6.66,1.93,139.1182,14.1051,3036071.2473
300604.SZ,2023-03-30,49.7,50.22,47.56,48.33,49.94,-1.61,-3.2239,202618.86,985940.007,4.4863,1.12,134.6333,13.6504,2938192.2984
300604.SZ,2023-03-31,48.21,48.93,47.6,48.36,48.33,0.03,0.0621,135027.77,651850.768,2.9897,0.75,134.7168,13.6589,2940016.1298
300604.SZ,2023-04-03,48.91,50.2,48.51,49.98,48.36,1.62,3.3499,208151.65,1031315.639,4.6088,1.18,139.2297,14.1164,3038503.0224
300604.SZ,2023-04-04,49.9,51.5,48.89,49.96,49.98,-0.02,-0.04,216609.45,1087759.625,4.796,1.15,139.174,14.1108,3037287.1349
300604.SZ,2023-04-06,48.98,55.0,48.8,52.55,49.96,2.59,5.1841,288623.1,1506792.432,6.3905,1.36,146.3889,14.8423,3194744.5744
300604.SZ,2023-04-07,52.59,56.17,52.59,56.17,52.55,3.62,6.8887,341719.39,1870582.995,7.5661,1.63,156.4732,15.8647,3414820.2235
300604.SZ,2023-04-10,56.0,57.43,52.49,52.9,56.17,-3.27,-5.8216,254743.9,1392316.302,5.6404,1.07,147.3639,14.9412,3216022.6068
300604.SZ,2023-04-11,53.33,55.66,53.33,54.31,52.9,1.41,2.6654,210982.62,1150968.881,4.6714,0.81,151.2918,15.3394,3301742.68
300604.SZ,2023-04-12,54.3,58.68,53.26,57.9,54.31,3.59,6.6102,312345.99,1776459.733,6.9158,1.19,161.2925,16.3534,3519994.4978
300604.SZ,2023-04-13,57.16,58.1,54.83,56.61,57.9,-1.29,-2.228,203928.0,1150865.467,4.5152,0.72,157.6989,15.989,3441569.7499
300604.SZ,2023-04-14,57.38,60.93,55.1,59.27,56.61,2.66,4.6988,293866.29,1723909.066,6.5066,1.11,165.1089,16.7403,3603282.7959
300604.SZ,2023-04-17,59.49,60.17,56.75,57.71,59.27,-1.56,-2.632,201850.84,1175283.334,4.4692,0.79,160.7632,16.2997,3508443.5659
300604.SZ,2023-04-18,56.4,56.92,54.46,55.0,57.71,-2.71,-4.6959,236757.51,1309789.127,5.2421,0.97,153.2139,15.5343,3343690.801
300604.SZ,2023-04-19,55.01,55.52,53.44,53.99,55.0,-1.01,-1.8364,245392.9,1333533.167,5.4333,0.98,150.4004,15.249,3282288.479
300604.SZ,2023-04-20,53.6,57.42,53.25,56.7,53.99,2.71,5.0194,266799.46,1485245.869,5.9073,1.13,157.9496,16.0144,3447041.2439
300604.SZ,2023-04-21,55.68,55.82,52.01,52.02,56.7,-4.68,-8.254,220624.57,1184061.291,4.8849,0.89,68.5894,13.6782,3162523.554
300604.SZ,2023-04-24,52.41,53.6,50.23,50.86,52.02,-1.16,-2.2299,189472.35,977800.912,4.1952,0.81,67.0599,13.3731,3092002.0753
300604.SZ,2023-04-25,51.0,51.35,48.13,48.64,50.86,-2.22,-4.3649,177927.55,881787.715,3.9396,0.77,64.1328,12.7894,2957038.5556
300604.SZ,2023-04-26,48.64,49.12,46.06,46.5,48.64,-2.14,-4.3997,182999.76,865715.791,4.0519,0.83,61.3112,12.2267,2826938.5863
300604.SZ,2023-04-27,46.49,48.98,46.12,47.18,46.5,0.68,1.4624,146091.17,696963.736,3.2347,0.7,62.2078,12.4055,2868278.7635
300604.SZ,2023-04-28,43.38,49.93,43.35,48.2,47.18,1.02,2.1619,314891.9,1497933.737,6.9721,1.72,63.5527,12.9126,2930289.0292
300604.SZ,2023-05-04,47.48,47.91,45.45,46.11,48.2,-2.09,-4.3361,132534.25,612452.445,2.9345,0.66,60.797,12.3527,2803228.7788
300604.SZ,2023-05-05,46.11,47.22,44.46,44.94,46.11,-1.17,-2.5374,97510.4,444477.66,2.159,0.51,59.2543,12.0393,2732099.3563
300604.SZ,2023-05-08,44.76,45.41,43.75,44.11,44.94,-0.83,-1.8469,99231.34,440678.183,2.1971,0.57,58.1599,11.8169,2681640.0224
300604.SZ,2023-05-09,43.98,44.32,42.24,42.3,44.11,-1.81,-4.1034,141571.0,608409.733,3.1346,0.9,55.7734,11.332,2571602.1979
300604.SZ,2023-05-10,42.0,42.69,40.19,41.35,42.3,-0.95,-2.2459,141201.56,580334.222,3.1264,0.9,54.5208,11.0775,2513847.5386
300604.SZ,2023-05-11,41.5,42.35,40.16,40.18,41.35,-1.17,-2.8295,133305.95,546907.956,2.9516,1.09,52.9781,10.7641,2442718.1161
300604.SZ,2023-05-12,40.3,41.28,39.56,39.69,40.18,-0.49,-1.2195,91826.27,369717.884,2.0332,0.75,52.3321,10.6328,2412928.8708
300604.SZ,2023-05-15,39.48,41.05,39.48,40.92,39.69,1.23,3.099,141213.1,568863.045,3.1266,1.16,53.9538,10.9623,2487705.9559
300604.SZ,2023-05-16,40.92,42.9,40.55,42.46,40.92,1.54,3.7634,194319.57,816100.162,4.3025,1.5,55.9844,11.3749,2581329.2984
300604.SZ,2023-05-17,42.7,47.1,42.66,45.84,42.46,3.38,7.9604,257314.68,1178459.068,5.6973,1.83,60.441,12.2804,2786814.2967
300604.SZ,2023-05-18,45.14,46.96,45.09,46.82,45.84,0.98,2.1379,141753.07,656279.255,3.1386,0.87,61.7331,12.5429,2846392.7873
300604.SZ,2023-05-19,46.6,47.88,45.9,46.88,46.82,0.06,0.1282,116640.72,547079.675,2.5826,0.71,61.8122,12.559,2850040.45
300604.SZ,2023-05-22,46.99,48.44,46.87,47.45,46.88,0.57,1.2159,106229.45,505055.795,2.3521,0.62,62.5638,12.7117,2884693.2456
300604.SZ,2023-05-23,47.45,47.46,45.7,45.88,47.45,-1.57,-3.3087,101605.97,470200.339,2.2497,0.62,60.4937,12.2911,2789246.0718
300604.SZ,2023-05-24,46.01,48.32,45.15,47.78,45.88,1.9,4.1412,115756.85,546176.032,2.563,0.8,62.9989,12.8001,2904755.3904
300604.SZ,2023-05-25,47.5,48.28,46.74,48.0,47.78,0.22,0.4604,73637.85,349783.497,1.6304,0.63,63.289,12.859,2918130.1536
300604.SZ,2023-05-26,48.06,49.79,47.47,47.8,48.0,-0.2,-0.4167,105643.81,514221.756,2.3391,1.03,63.0253,12.8054,2905971.278
300604.SZ,2023-05-29,48.0,48.75,46.9,47.93,47.8,0.13,0.272,97403.91,466831.578,2.1567,0.97,63.1967,12.8403,2913874.5471
300604.SZ,2023-05-30,47.6,50.0,46.88,49.64,47.93,1.71,3.5677,120377.65,586425.275,2.6653,1.22,65.4513,13.2984,3017832.9338
300604.SZ,2023-05-31,49.62,51.84,49.1,50.51,49.64,0.87,1.7526,97501.26,493297.727,2.1588,0.95,66.5984,13.5314,3070724.0429
300604.SZ,2023-06-01,50.25,51.38,49.3,50.1,50.51,-0.41,-0.8117,70876.65,356392.16,1.5693,0.72,66.0579,13.4216,3045798.3478
300604.SZ,2023-06-02,50.0,51.79,49.86,50.48,50.1,0.38,0.7585,69568.57,354813.944,1.5403,0.71,66.5589,13.5234,3068900.2115
300604.SZ,2023-06-05,51.0,53.5,50.94,52.3,50.48,1.82,3.6054,117274.64,618413.267,2.5966,1.29,68.9586,14.011,3179545.9799
300604.SZ,2023-06-06,51.79,52.01,50.48,50.48,52.3,-1.82,-3.4799,83919.62,428868.308,1.8581,0.88,66.5589,13.5234,3068900.2115
300604.SZ,2023-06-07,50.26,51.96,49.21,50.86,50.48,0.38,0.7528,76512.9,386229.262,1.6941,0.87,67.0599,13.6252,3092002.0753
300604.SZ,2023-06-08,50.68,51.26,48.88,50.28,50.86,-0.58,-1.1404,84402.16,424617.036,1.8688,1.01,66.2952,13.4698,3056741.3359
300604.SZ,2023-06-09,50.53,51.39,49.42,50.99,50.28,0.71,1.4121,82961.13,417791.663,1.8369,0.96,67.2313,13.66,3099905.3444
300604.SZ,2023-06-12,50.71,51.49,49.25,49.55,50.99,-1.44,-2.8241,92001.78,459696.07,2.037,1.03,65.3327,13.2743,3012361.4398
300604.SZ,2023-06-13,49.8,50.6,48.97,49.8,49.55,0.25,0.5045,55905.13,278890.603,1.2378,0.67,65.6623,13.3412,3027560.0344
300604.SZ,2023-06-14,49.81,51.15,49.19,51.12,49.8,1.32,2.6506,74756.35,376276.388,1.6552,0.95,67.4027,13.6949,3107808.6136
300604.SZ,2023-06-15,50.6,52.85,50.0,50.67,51.12,-0.45,-0.8803,83498.56,427953.218,1.8488,1.07,66.8094,13.5743,3080451.1434
300604.SZ,2023-06-16,50.62,53.43,50.0,53.05,50.67,2.38,4.6971,118311.55,618038.347,2.6196,1.52,69.9475,14.2119,3225141.7635
300604.SZ,2023-06-19,52.6,53.79,51.82,53.16,53.05,0.11,0.2074,81667.37,432669.546,1.8082,0.96,70.0925,14.2414,3231829.1451
300604.SZ,2023-06-20,52.9,53.17,50.43,51.64,53.16,-1.52,-2.8593,87447.44,450192.233,1.9362,1.06,68.0884,13.8342,3139421.6902
300604.SZ,2023-06-21,51.0,51.9,47.2,47.27,51.64,-4.37,-8.4624,167816.03,812258.468,3.7157,1.88,62.3264,12.6635,2873750.2575
300604.SZ,2023-06-26,46.69,48.59,46.3,47.28,47.27,0.01,0.0212,73767.46,349892.677,1.6333,0.68,62.3396,12.6661,2874358.2013
300604.SZ,2023-06-27,47.72,48.42,45.7,46.01,47.28,-1.27,-2.6861,75574.22,350817.168,1.6733,0.71,60.6651,12.3259,2797149.341
300604.SZ,2023-06-28,46.05,47.75,45.0,46.83,46.01,0.82,1.7822,93714.34,437083.899,2.075,0.96,61.7463,12.5456,2847000.7311
300604.SZ,2023-06-29,46.69,48.07,46.22,46.83,46.83,0.0,0.0,79741.99,377313.127,1.7656,0.8,61.7463,12.5456,2847000.7311
300604.SZ,2023-06-30,46.69,48.6,46.35,47.49,46.73,0.76,1.6264,70695.84,338011.634,1.5653,0.72,62.6165,13.0726,2887125.0207
300604.SZ,2023-07-03,47.93,49.67,47.51,48.03,47.49,0.54,1.1371,97323.56,472669.941,2.1549,1.24,63.3285,13.2213,2919953.9849
300604.SZ,2023-07-04,48.0,48.2,46.4,47.2,48.03,-0.83,-1.7281,70183.8,331619.825,1.554,0.84,62.2341,12.9928,2869494.651
300604.SZ,2023-07-05,46.87,47.65,46.61,47.05,47.2,-0.15,-0.3178,50040.45,235922.182,1.108,0.61,62.0364,12.9515,2860375.4943
300604.SZ,2023-07-06,46.94,47.86,46.6,46.67,47.05,-0.38,-0.8077,41699.12,196013.487,0.9233,0.57,61.5353,12.8469,2837273.6306
300604.SZ,2023-07-07,46.34,47.0,45.66,45.88,46.67,-0.79,-1.6927,56292.49,259885.861,1.2464,0.85,60.4937,12.6294,2789246.0718
300604.SZ,2023-07-10,46.06,46.16,44.26,44.79,45.88,-1.09,-2.3758,97012.94,434299.836,2.148,1.54,59.0565,12.3294,2722980.1996
300604.SZ,2023-07-11,44.66,45.4,43.97,45.19,44.79,0.4,0.8931,83066.01,371070.3,1.8392,1.32,59.5839,12.4395,2747297.9509
300604.SZ,2023-07-12,44.61,45.28,42.98,43.0,45.19,-2.19,-4.8462,113001.48,494917.597,2.502,1.72,56.6964,11.8366,2614158.2626
300604.SZ,2023-07-13,43.56,44.99,43.44,44.52,43.0,1.52,3.5349,75334.56,333322.407,1.668,0.96,58.7005,12.2551,2706565.7175
300604.SZ,2023-07-14,44.99,45.23,44.15,44.24,44.52,-0.28,-0.6289,59159.95,263653.688,1.3099,0.7,58.3313,12.178,2689543.2916
300604.SZ,2023-07-17,44.1,44.3,42.06,43.25,44.24,-0.99,-2.2378,97438.69,416968.187,2.1574,1.14,57.026,11.9055,2629356.8572
300604.SZ,2023-07-18,43.35,44.58,43.12,43.64,43.25,0.39,0.9017,64831.1,284673.114,1.4354,0.76,57.5402,12.0128,2653066.6646
300604.SZ,2023-07-19,43.31,44.09,42.97,43.79,43.64,0.15,0.3437,56173.98,244800.499,1.2452,0.69,57.738,12.0541,2662185.8214
300604.SZ,2023-07-20,43.73,43.99,42.48,42.72,43.79,-1.07,-2.4435,50780.49,218395.888,1.1257,0.72,56.3272,11.7596,2597135.8367
300604.SZ,2023-07-21,42.52,42.6,41.53,41.96,42.72,-0.76,-1.779,71605.48,299823.659,1.5873,1.09,55.9504,10.3804,2579763.3204
300604.SZ,2023-07-24,42.2,42.2,41.21,41.45,41.96,-0.51,-1.2154,40893.17,169705.48,0.9065,0.6,55.2703,10.2542,2548407.7605
300604.SZ,2023-07-25,41.9,42.61,41.6,42.4,41.45,0.95,2.2919,52632.54,222354.312,1.1667,0.93,56.5371,10.4892,2606815.176
300604.SZ,2023-07-26,42.6,43.61,42.23,42.68,42.4,0.28,0.6604,54887.34,235738.576,1.2167,1.01,56.9105,10.5585,2624029.9932
300604.SZ,2023-07-27,42.35,42.44,40.89,41.1,42.68,-1.58,-3.702,65950.58,273167.899,1.462,1.22,54.8037,10.1676,2526889.239
300604.SZ,2023-07-28,41.4,41.58,40.64,41.34,41.1,0.24,0.5839,56378.59,232143.941,1.2498,0.99,55.1237,10.227,2541644.7966
300604.SZ,2023-07-31,41.21,43.05,41.04,42.07,41.34,0.73,1.7658,68712.79,289359.291,1.5232,1.27,56.0971,10.4076,2586526.2843
300604.SZ,2023-08-01,41.88,42.99,41.7,42.34,42.07,0.27,0.6418,59084.33,250208.24,1.3097,0.99,56.4571,10.4744,2603126.2866
300604.SZ,2023-08-02,41.97,42.85,41.96,42.29,42.34,-0.05,-0.1181,61498.35,260707.551,1.3633,1.01,56.3904,10.462,2600052.2121
300604.SZ,2023-08-03,41.99,42.24,41.25,41.46,42.29,-0.83,-1.9626,62528.8,260524.901,1.3861,1.0,55.2837,10.2567,2549022.5754
300604.SZ,2023-08-04,41.7,41.79,39.38,41.06,41.46,-0.4,-0.9648,140949.86,568784.81,3.1245,2.29,54.7503,10.1577,2524429.9794
300604.SZ,2023-08-07,40.9,41.3,40.31,40.53,41.06,-0.53,-1.2908,49216.27,200124.893,1.091,0.63,54.0436,10.0266,2491844.7897
300604.SZ,2023-08-08,40.5,40.65,39.47,39.7,40.53,-0.83,-2.0479,74869.28,298511.782,1.6597,1.0,52.9369,9.8213,2440815.153
300604.SZ,2023-08-09,39.59,39.85,38.88,39.39,39.7,-0.31,-0.7809,61279.78,241325.643,1.3584,0.79,52.5235,9.7446,2421755.8911
300604.SZ,2023-08-10,39.41,39.83,39.12,39.5,39.39,0.11,0.2793,48474.17,191452.444,1.0745,0.62,52.6702,9.7718,2428518.855
300604.SZ,2023-08-11,39.58,39.59,38.22,38.33,39.5,-1.17,-2.962,81538.0,315368.33,1.8075,1.09,51.1101,9.4824,2356585.5117
300604.SZ,2023-08-14,37.9,38.17,37.4,37.78,38.33,-0.55,-1.4349,51818.0,195448.268,1.1487,0.82,50.3767,9.3463,2322770.6922
300604.SZ,2023-08-15,37.91,38.07,36.16,36.5,37.78,-1.28,-3.388,96941.03,355897.151,2.1489,1.52,48.6699,9.0296,2244074.385
300604.SZ,2023-08-16,36.3,36.76,35.25,35.35,36.5,-1.15,-3.1507,86986.21,310778.28,1.9283,1.28,47.1365,8.7451,2173370.6715
300604.SZ,2023-08-17,35.42,36.56,34.91,36.05,35.35,0.7,1.9802,91754.49,329949.55,2.034,1.25,48.0699,8.9183,2216407.7145
300604.SZ,2023-08-18,36.14,36.38,35.3,35.35,36.05,-0.7,-1.9417,89141.27,319332.052,1.976,1.09,47.1365,8.7451,2173370.6715
300604.SZ,2023-08-21,35.29,35.62,34.7,34.75,35.35,-0.6,-1.6973,57341.91,201096.922,1.2711,0.69,46.3364,8.5967,2136481.7775
300604.SZ,2023-08-22,34.76,35.24,33.81,34.8,34.75,0.05,0.1439,85362.52,293526.526,1.8923,1.01,46.4031,8.6091,2139555.852
300604.SZ,2023-08-23,34.81,34.81,33.38,33.45,34.8,-1.35,-3.8793,61839.34,209265.064,1.3708,0.75,44.603,8.2751,2056555.8405
300604.SZ,2023-08-24,33.57,34.47,33.1,33.44,33.45,-0.01,-0.0299,87529.72,295025.008,1.9403,1.14,44.5896,8.2726,2055941.0256
300604.SZ,2023-08-25,33.34,33.4,32.05,32.36,33.44,-1.08,-3.2297,75870.97,248109.825,1.6819,1.0,43.1495,8.0055,1989541.0164
300604.SZ,2023-08-28,34.0,34.6,31.73,31.84,32.36,-0.52,-1.6069,102343.46,334542.744,2.2687,1.39,42.4562,7.8768,1957570.6416
300604.SZ,2023-08-29,32.09,35.9,31.71,35.61,31.84,3.77,11.8405,193884.27,663364.653,4.2979,2.35,47.4832,7.631,2189355.8589
300604.SZ,2023-08-30,36.33,37.5,35.5,36.75,35.61,1.14,3.2013,173878.21,638194.816,3.8544,1.67,49.0033,8.7159,2259444.7575
300604.SZ,2023-08-31,36.44,37.7,36.17,37.37,36.75,0.62,1.6871,111890.76,414606.793,2.4803,0.88,49.83,8.863,2297563.2813
300604.SZ,2023-09-01,37.4,39.2,37.01,37.42,37.37,0.05,0.1338,114219.07,431010.68,2.5319,0.87,49.8967,8.8748,2300637.3558
300604.SZ,2023-09-04,37.53,38.38,37.02,37.94,37.42,0.52,1.3896,98214.03,369391.659,2.1771,0.71,50.59,8.9981,2332607.7306
300604.SZ,2023-09-05,38.32,39.05,37.56,37.72,37.94,-0.22,-0.5799,131219.37,502240.476,2.9088,0.95,50.2967,8.946,2319081.8028
300604.SZ,2023-09-06,37.56,38.8,37.48,38.44,37.72,0.72,1.9088,152069.49,581399.043,3.371,1.21,51.2567,9.1167,2363348.4756
300604.SZ,2023-09-07,38.12,38.3,36.74,36.74,38.44,-1.7,-4.4225,121376.26,453237.364,2.6906,1.0,48.9899,8.7135,2258829.9426
300604.SZ,2023-09-08,37.0,37.95,36.05,37.4,36.74,0.66,1.7964,114213.42,423540.69,2.5318,0.93,49.87,8.8701,2299407.726
300604.SZ,2023-09-11,37.1,37.79,36.7,36.9,37.4,-0.5,-1.3369,91090.48,338151.266,2.0193,0.74,49.2033,8.7515,2268666.981
300604.SZ,2023-09-12,36.8,37.27,35.66,35.83,36.9,-1.07,-2.8997,120274.53,434522.815,2.6662,0.99,47.7765,8.4977,2202881.7867
300604.SZ,2023-09-13,35.75,36.11,34.68,35.08,35.83,-0.75,-2.0932,80495.62,283344.554,1.7844,0.67,46.7765,8.3198,2156770.6692
300604.SZ,2023-09-14,35.13,35.14,34.28,34.68,35.08,-0.4,-1.1403,60923.38,210485.013,1.3505,0.58,46.2431,8.225,2132178.0732
300604.SZ,2023-09-15,34.9,35.7,33.95,34.66,34.68,-0.02,-0.0577,72712.44,251838.629,1.6119,0.78,46.2164,8.2202,2130948.4434
300604.SZ,2023-09-18,34.39,34.87,33.92,34.07,34.66,-0.59,-1.7023,55678.17,190888.062,1.2343,0.65,45.4297,8.0803,2094674.3643
300604.SZ,2023-09-19,34.1,34.1,33.09,33.46,34.07,-0.61,-1.7904,59158.49,198029.322,1.3114,0.76,44.6163,7.9356,2057170.6554
300604.SZ,2023-09-20,33.46,33.65,33.05,33.08,33.46,-0.38,-1.1357,55369.25,184180.71,1.2274,0.84,44.1096,7.8455,2033807.6892
300604.SZ,2023-09-21,33.08,33.37,32.76,33.1,33.08,0.02,0.0605,53345.88,176278.121,1.1826,0.88,44.1363,7.8502,2035037.319
300604.SZ,2023-09-22,33.03,36.35,32.76,36.35,33.1,3.25,9.8187,154152.23,535667.875,3.4172,2.6,48.4699,8.621,2234852.1615
300604.SZ,2023-09-25,35.88,36.05,34.11,34.31,36.35,-2.04,-5.6121,159733.28,556645.604,3.5409,2.11,45.7497,8.1372,2109429.9219
300604.SZ,2023-09-26,34.45,34.46,33.5,33.65,34.31,-0.66,-1.9236,86838.86,293928.77,1.925,0.9,44.8697,7.9807,2068852.1385
300604.SZ,2023-09-27,33.53,34.86,33.36,33.85,33.65,0.2,0.5944,104782.72,355722.475,2.3228,1.03,45.1363,8.0281,2081148.4365
300604.SZ,2023-09-28,33.94,34.53,32.86,33.53,33.85,-0.32,-0.9453,123351.18,415343.743,2.7344,1.1,44.7096,7.9522,2061474.3597
300604.SZ,2023-10-09,33.74,34.51,33.38,33.6,33.53,0.07,0.2088,104334.08,352860.341,2.3129,0.83,44.803,7.9688,2065778.064
300604.SZ,2023-10-10,33.95,34.59,33.45,33.97,33.6,0.37,1.1012,107889.52,366297.985,2.3917,0.93,45.2964,8.0566,2088526.2153
300604.SZ,2023-10-11,34.0,34.5,33.33,33.75,33.97,-0.22,-0.6476,106332.77,359326.235,2.3572,1.01,45.003,8.0044,2075000.2875
300604.SZ,2023-10-12,33.82,34.9,33.17,34.3,33.75,0.55,1.6296,170716.04,579756.712,3.7844,1.56,45.7364,8.1348,2108815.107
300604.SZ,2023-10-13,34.2,34.52,33.38,34.05,34.3,-0.25,-0.7289,142089.75,482711.295,3.1498,1.16,46.0245,7.4231,2122099.3418
300604.SZ,2023-10-16,33.89,33.99,32.67,33.2,34.05,-0.85,-2.4963,110644.39,366628.832,2.4527,0.88,44.8756,7.2378,2069124.762
300604.SZ,2023-10-17,33.16,33.67,32.76,33.39,33.2,0.19,0.5723,73787.7,245155.5,1.6357,0.58,45.1324,7.2792,2080966.1387
300604.SZ,2023-10-18,33.35,34.48,32.3,32.36,33.39,-1.03,-3.0848,102615.07,340864.53,2.2747,0.85,43.7402,7.0547,2016773.4126
300604.SZ,2023-10-19,32.01,35.33,32.01,33.62,32.36,1.26,3.8937,237966.28,812295.349,5.2752,1.98,45.4433,7.3294,2095300.4367
300604.SZ,2023-10-20,33.31,33.68,32.34,32.41,33.62,-1.21,-3.599,114363.95,375119.561,2.5352,0.86,43.8077,7.0656,2019889.5644
300604.SZ,2023-10-23,32.23,32.35,31.2,31.37,32.41,-1.04,-3.2089,81591.07,258238.725,1.8087,0.64,42.402,6.8389,1955073.608
300604.SZ,2023-10-24,31.95,37.64,31.62,36.17,31.37,4.8,15.3012,451402.47,1595436.881,10.0066,3.7,48.89,7.8853,2254224.176
300604.SZ,2023-10-25,37.0,38.5,36.27,37.86,36.17,1.69,4.6724,412088.03,1536034.459,9.1351,2.09,51.1744,7.6049,2359550.1051
300604.SZ,2023-10-26,37.8,38.09,36.89,37.89,37.86,0.03,0.0792,188929.08,707942.413,4.1881,0.73,51.2149,7.611,2361419.7962
300604.SZ,2023-10-27,37.91,38.1,36.72,37.41,37.89,-0.48,-1.2668,161468.13,606610.823,3.5794,0.65,50.5661,7.5145,2331504.7394
300604.SZ,2023-10-30,37.3,41.58,37.2,40.96,37.41,3.55,9.4894,396852.23,1580957.1,8.7973,1.53,55.3646,8.2276,2552751.5136
300604.SZ,2023-10-31,41.5,42.13,40.48,40.82,40.96,-0.14,-0.3418,158836.22,652111.495,3.521,0.49,55.1753,8.1995,2544026.2887
300604.SZ,2023-11-01,40.59,41.0,39.82,39.95,40.82,-0.87,-2.1313,107043.6,431203.549,2.3729,0.41,53.9994,8.0247,2489805.2483
300604.SZ,2023-11-02,39.94,40.31,37.97,38.19,39.95,-1.76,-4.4055,163222.82,632295.799,3.6183,0.81,51.6204,7.6712,2380116.7067
300604.SZ,2023-11-03,38.15,41.59,37.88,41.07,38.19,2.88,7.5412,255816.01,1017119.619,5.6709,1.3,55.5132,8.2497,2559607.0475
300604.SZ,2023-11-06,41.22,41.58,40.0,41.08,41.07,0.01,0.0243,235204.67,961204.961,5.214,1.09,55.5268,8.2517,2560230.2778
300604.SZ,2023-11-07,41.0,43.0,40.3,41.66,41.08,0.58,1.4119,184820.02,770006.173,4.097,1.0,56.3107,8.3682,2596377.6381
300604.SZ,2023-11-08,41.31,44.18,41.07,42.33,41.66,0.67,1.6083,227698.07,965840.19,5.0476,1.2,57.2164,8.5028,2638134.0716
300604.SZ,2023-11-09,42.11,43.43,41.51,42.0,42.33,-0.33,-0.7796,161057.9,681838.078,3.5703,0.75,56.7703,8.4365,2617567.47
300604.SZ,2023-11-10,41.99,43.26,40.72,41.13,42.0,-0.87,-2.0714,143646.01,601075.179,3.1843,0.67,55.5943,8.2618,2563346.4296
300604.SZ,2023-11-13,41.58,42.17,39.7,40.05,41.13,-1.08,-2.6258,210838.04,851765.907,4.6738,1.11,54.1345,8.0448,2496037.5518
300604.SZ,2023-11-14,40.1,41.11,39.74,40.73,40.05,0.68,1.6979,154226.19,625202.048,3.4189,0.83,55.0537,8.1814,2538417.2156
300604.SZ,2023-11-15,41.0,41.0,38.8,39.4,40.73,-1.33,-3.2654,181742.77,718185.39,4.0288,1.01,53.2559,7.9143,2455527.579
300604.SZ,2023-11-16,38.99,39.76,38.76,38.92,39.4,-0.48,-1.2183,108459.95,425773.34,2.4043,0.64,52.6071,7.8179,2425612.5222
300604.SZ,2023-11-17,39.0,39.94,38.81,39.88,38.92,0.96,2.4666,113627.98,447627.949,2.5189,0.71,53.9048,8.0107,2485442.6358
300604.SZ,2023-11-20,40.17,42.06,39.52,41.3,39.88,1.42,3.5607,192791.3,792057.705,4.2738,1.25,55.8241,8.2959,2573941.3455
300604.SZ,2023-11-21,41.0,41.0,38.78,39.07,41.3,-2.23,-5.3995,162050.7,643335.975,3.5923,1.08,52.8099,7.848,2434960.9775
300604.SZ,2023-11-22,38.62,39.36,38.47,38.56,39.07,-0.51,-1.3053,79514.3,308626.626,1.7627,0.52,52.1205,7.7455,2403176.2296
300604.SZ,2023-11-23,38.16,38.86,37.81,38.24,38.56,-0.32,-0.8299,92606.91,354790.502,2.0529,0.71,51.688,7.6813,2383232.8584
300604.SZ,2023-11-24,38.21,38.45,36.99,37.0,38.24,-1.24,-3.2427,104396.04,391099.024,2.3142,0.81,50.0119,7.4322,2305952.295
300604.SZ,2023-11-27,36.73,37.94,36.66,37.53,37.0,0.53,1.4324,73289.42,274879.986,1.6247,0.58,50.7283,7.5386,2338983.5036
300604.SZ,2023-11-28,37.98,40.57,37.13,40.2,37.53,2.67,7.1143,223870.6,877083.804,4.9627,2.19,54.3373,8.075,2505386.007
300604.SZ,2023-11-29,39.8,41.12,39.7,40.06,40.2,-0.14,-0.3483,135062.61,548032.521,2.994,1.18,54.1481,8.0468,2496660.7821
300604.SZ,2023-11-30,40.02,40.77,39.1,40.3,40.06,0.24,0.5991,108701.36,435796.548,2.4097,0.86,54.4725,8.0951,2511618.3105
300604.SZ,2023-12-01,40.58,42.8,40.3,42.12,40.3,1.82,4.5161,172694.96,717681.514,3.8283,1.34,56.9325,8.4606,2625046.2342
300604.SZ,2023-12-04,42.43,42.88,41.32,41.32,42.12,-0.8,-1.8993,97803.66,410674.673,2.1681,0.69,55.8512,8.2999,2575187.8062
300604.SZ,2023-12-05,41.12,41.68,40.62,40.66,41.32,-0.66,-1.5973,74929.93,307861.877,1.661,0.51,54.9591,8.1674,2534054.6031
300604.SZ,2023-12-06,40.14,40.96,39.54,40.2,40.66,-0.46,-1.1313,91676.6,366737.931,2.0323,0.78,54.3373,8.075,2505386.007
300604.SZ,2023-12-07,40.08,40.44,39.3,39.56,40.2,-0.64,-1.592,56167.92,223312.524,1.2451,0.51,53.4722,7.9464,2465499.2646
300604.SZ,2023-12-08,39.64,40.26,38.99,39.14,39.56,-0.42,-1.0617,101563.09,402542.682,2.2514,1.03,52.9045,7.862,2439323.5899
300604.SZ,2023-12-11,38.66,41.51,38.43,41.49,39.14,2.35,6.0041,157221.99,636278.852,3.4853,1.86,56.0809,8.3341,2585782.7222
300604.SZ,2023-12-12,41.4,41.4,40.0,41.2,41.49,-0.29,-0.699,75318.56,306667.124,1.6696,0.78,55.689,8.2758,2567709.042
300604.SZ,2023-12-13,41.0,41.5,40.43,40.77,41.2,-0.43,-1.0437,56512.25,231288.832,1.2528,0.59,55.1077,8.1895,2540910.137
300604.SZ,2023-12-14,40.77,41.44,39.35,40.3,40.77,-0.47,-1.1528,72164.17,290257.99,1.5997,0.81,54.4725,8.0951,2511618.3105
300604.SZ,2023-12-15,40.3,40.44,39.6,40.06,40.3,-0.24,-0.5955,32078.22,128149.28,0.7111,0.35,54.1481,8.0468,2496660.7821
300604.SZ,2023-12-18,39.71,41.94,39.54,40.51,40.06,0.45,1.1233,75761.4,308092.459,1.6795,0.96,54.7563,8.1372,2524706.1479
300604.SZ,2023-12-19,40.54,42.58,40.41,41.8,40.51,1.29,3.1844,91700.59,381389.663,2.0328,1.47,56.5,8.3964,2605102.863
300604.SZ,2023-12-20,42.0,42.17,40.56,40.62,41.8,-1.18,-2.823,69062.86,285158.827,1.531,1.05,54.905,8.1593,2531561.6817
300604.SZ,2023-12-21,40.61,40.87,39.14,40.18,40.62,-0.44,-1.0832,69459.46,277907.095,1.5398,1.02,54.3103,8.0709,2504139.5463
300604.SZ,2023-12-22,40.2,40.2,39.02,39.2,40.18,-0.98,-2.439,47573.96,187522.881,1.0546,0.7,52.9856,7.8741,2443062.972
300604.SZ,2023-12-25,39.29,39.96,38.23,38.66,39.2,-0.54,-1.3776,60942.59,236983.965,1.351,0.86,52.2557,7.7656,2409408.5331
300604.SZ,2023-12-26,38.8,38.82,35.0,37.08,38.66,-1.58,-4.0869,123250.9,450009.555,2.7322,1.82,50.1201,7.4483,2310938.1378
300604.SZ,2023-12-27,37.1,37.9,36.73,37.25,37.08,0.17,0.4585,68536.43,255267.818,1.5193,0.93,50.3498,7.4824,2321533.0538
300604.SZ,2023-12-28,37.43,38.06,36.6,37.65,37.25,0.4,1.0738,71703.37,268739.703,1.5895,0.97,50.8905,7.5627,2346462.2678
300604.SZ,2023-12-29,37.44,38.36,37.43,37.99,37.65,0.34,0.9031,58787.35,223118.219,1.3032,0.79,51.3501,7.631,2367652.0997
300604.SZ,2024-01-02,38.27,38.27,36.8,36.8,37.99,-1.19,-3.1324,56512.69,210042.952,1.2528,0.74,49.7416,7.392,2293487.688
300604.SZ,2024-01-03,36.64,37.19,36.1,37.16,36.8,0.36,0.9783,42455.9,156328.725,0.9412,0.56,50.2282,7.4643,2315923.9806
300604.SZ,2024-01-04,37.0,37.73,36.85,37.41,37.16,0.25,0.6728,40769.16,152551.964,0.9038,0.68,50.5661,7.5145,2331504.7394
300604.SZ,2024-01-05,37.41,38.8,36.3,36.48,37.41,-0.93,-2.486,65701.0,246322.784,1.4564,1.22,49.3091,7.3277,2273544.3168
300604.SZ,2024-01-08,36.29,36.75,34.44,34.44,36.48,-2.04,-5.5921,84016.2,295707.323,1.8625,1.59,46.5516,6.918,2146405.3254
300604.SZ,2024-01-09,34.8,35.8,34.5,34.65,34.44,0.21,0.6098,57545.25,202283.183,1.2757,0.99,46.8355,6.9601,2159493.1628
300604.SZ,2024-01-10,34.79,35.07,33.92,34.23,34.65,-0.42,-1.2121,45879.31,157879.752,1.017,0.79,46.2678,6.8758,2133317.4881
300604.SZ,2024-01-11,34.11,35.8,34.11,35.0,34.23,0.77,2.2495,56837.19,198907.607,1.26,0.97,47.3086,7.0304,2181306.225
300604.SZ,2024-01-12,34.99,35.57,34.4,34.5,35.0,-0.5,-1.4286,52498.44,183189.873,1.1638,0.85,46.6327,6.93,2150144.7075
300604.SZ,2024-01-15,34.5,35.43,33.9,33.95,34.5,-0.55,-1.5942,57366.45,198251.61,1.2717,0.97,45.8893,6.8195,2115867.0383
300604.SZ,2024-01-16,33.91,34.89,33.66,34.3,33.95,0.35,1.0309,58189.15,198510.651,1.2899,1.08,46.3624,6.8898,2137680.1005
300604.SZ,2024-01-17,34.27,34.5,32.24,32.24,34.3,-2.06,-6.0058,98793.76,326447.933,2.19,1.82,43.578,6.476,2009294.6484
300604.SZ,2024-01-18,32.04,32.58,31.48,32.47,32.24,0.23,0.7134,83449.9,266123.483,1.8499,1.29,43.8888,6.5222,2023628.9465
300604.SZ,2024-01-19,32.51,33.2,31.51,31.52,32.47,-0.95,-2.9258,70492.3,227230.4,1.5627,1.01,42.6048,6.3314,1964422.0632
300604.SZ,2024-01-22,31.68,32.08,28.68,29.13,31.52,-2.39,-7.5825,131990.48,397469.053,2.9259,1.79,39.3743,5.8513,1815470.0096
300604.SZ,2024-01-23,29.01,30.25,28.51,29.87,29.13,0.74,2.5403,92480.17,274265.47,2.0501,1.04,40.3745,6.0,1861589.0555
300604.SZ,2024-01-24,29.93,30.03,28.43,29.6,29.87,-0.27,-0.9039,82869.32,242106.544,1.837,0.87,40.0095,5.9457,1844761.836
300604.SZ,2024-01-25,29.68,30.31,29.24,29.99,29.6,0.39,1.3176,123925.07,370668.116,2.7471,1.34,40.5367,6.0241,1869067.8197
300604.SZ,2024-01-26,29.73,29.92,27.58,27.88,29.99,-2.11,-7.0357,190992.85,541137.096,4.2339,1.9,37.6847,5.6003,1737566.2158
300604.SZ,2024-01-29,28.05,28.48,26.5,26.6,27.88,-1.28,-4.5911,145347.99,394429.991,3.222,1.17,35.9545,5.3431,1657792.731
300604.SZ,2024-01-30,26.44,26.89,25.1,25.19,26.6,-1.41,-5.3008,155593.72,402325.871,3.4492,1.22,34.0487,5.0599,1569917.2517
300604.SZ,2024-01-31,25.4,26.0,23.96,24.0,25.19,-1.19,-4.7241,162346.9,400924.578,3.5989,1.16,32.4402,4.8209,1495752.84
300604.SZ,2024-02-01,24.16,24.5,23.31,23.85,24.0,-0.15,-0.625,128123.54,306884.703,2.8402,0.82,32.2374,4.7907,1486404.3848
300604.SZ,2024-02-02,23.87,24.06,21.52,22.59,23.85,-1.26,-5.283,150333.98,344520.867,3.3326,0.96,30.5343,4.5376,1407877.3607
300604.SZ,2024-02-05,22.4,22.5,19.88,20.79,22.59,-1.8,-7.9681,196787.32,414194.753,4.3623,1.33,28.1013,4.1761,1295695.8977
300604.SZ,2024-02-06,20.64,23.0,20.4,22.85,20.79,2.06,9.9086,176723.17,385750.894,3.9176,1.11,30.8857,4.5899,1424081.3498
300604.SZ,2024-02-07,22.88,24.5,22.68,24.35,22.85,1.5,6.5646,195618.65,470516.003,4.3364,1.2,32.9133,4.8912,1517565.9023
300604.SZ,2024-02-08,24.65,27.42,24.36,25.9,24.35,1.55,6.3655,198867.67,521175.344,4.4085,1.17,35.0084,5.2025,1614166.6065
300604.SZ,2024-02-19,26.88,26.88,25.2,26.05,25.9,0.15,0.5792,164096.24,423138.994,3.6376,0.89,35.2111,5.2327,1623515.0618
300604.SZ,2024-02-20,25.6,25.96,25.09,25.75,26.05,-0.3,-1.1516,135666.01,344802.559,3.0074,0.73,34.8056,5.1724,1604818.1513
300604.SZ,2024-02-21,25.46,26.5,25.24,25.76,25.75,0.01,0.0388,126892.53,329736.558,2.8129,0.73,34.8191,5.1744,1605441.3816
300604.SZ,2024-02-22,25.53,26.8,25.53,26.56,25.76,0.8,3.1056,143465.22,375919.572,3.1803,0.87,35.9005,5.3351,1655299.8096
300604.SZ,2024-02-23,26.71,26.87,26.0,26.8,26.56,0.24,0.9036,139933.01,369837.32,3.102,0.91,36.2249,5.3833,1670257.338
300604.SZ,2024-02-26,27.1,28.96,27.06,28.04,26.8,1.24,4.6269,204049.34,570684.283,4.5233,1.44,37.9009,5.6324,1747537.9014
300604.SZ,2024-02-27,27.86,29.47,27.17,29.2,28.04,1.16,4.1369,230414.16,655479.269,5.1078,1.54,39.4689,5.8654,1819832.622
300604.SZ,2024-02-28,29.1,29.74,27.03,27.06,29.2,-2.14,-7.3288,185437.77,529822.714,4.1107,1.1,36.5763,5.4355,1686461.3271
300604.SZ,2024-02-29,26.9,29.47,26.8,28.99,27.06,1.93,7.1323,218156.42,623010.491,4.836,1.21,39.185,5.8232,1806744.7847
300604.SZ,2024-03-01,29.06,30.04,28.8,29.47,28.99,0.48,1.6557,179723.55,529131.637,3.9841,0.92,39.8338,5.9196,1836659.8415
300604.SZ,2024-03-04,29.24,30.15,28.91,29.89,29.47,0.42,1.4252,165128.1,488163.995,3.6605,0.81,40.4015,6.004,1862835.5162
300604.SZ,2024-03-05,29.35,29.76,28.31,28.64,29.89,-1.25,-4.182,171787.88,496695.187,3.8082,0.88,38.7119,5.7529,1784931.7224
300604.SZ,2024-03-06,28.3,28.74,27.58,28.21,28.64,-0.43,-1.5014,101716.64,286058.892,2.2548,0.55,38.1307,5.6665,1758132.8174
300604.SZ,2024-03-07,28.6,29.29,28.0,28.0,28.21,-0.21,-0.7444,103728.87,296539.056,2.2994,0.62,37.8469,5.6244,1745044.98
300604.SZ,2024-03-08,27.84,31.27,27.77,30.94,28.0,2.94,10.5,265081.0,785255.705,5.8763,1.84,41.8208,6.2149,1928274.7029
300604.SZ,2024-03-11,30.0,30.32,29.09,30.28,30.94,-0.66,-2.1332,224815.77,666401.237,4.9837,1.39,40.9287,6.0823,1887141.4998
300604.SZ,2024-03-12,30.11,30.74,29.69,30.14,30.28,-0.14,-0.4624,139108.44,418976.77,3.0837,0.8,40.7394,6.0542,1878416.2749
300604.SZ,2024-03-13,30.4,31.13,29.88,30.56,30.14,0.42,1.3935,189027.24,575663.076,4.1903,1.13,41.3072,6.1386,1904591.9496
300604.SZ,2024-03-14,30.16,30.45,29.19,29.59,30.56,-0.97,-3.1741,127440.99,379759.636,2.8251,0.69,39.996,5.9437,1844138.6057
300604.SZ,2024-03-15,29.61,29.97,29.09,29.86,29.59,0.27,0.9125,92488.37,272991.585,2.0503,0.49,40.361,5.998,1860965.8251
300604.SZ,2024-03-18,29.89,30.86,29.71,30.8,29.86,0.94,3.148,140689.1,426236.339,3.1188,0.91,41.6316,6.1868,1919549.478
300604.SZ,2024-03-19,30.75,33.17,30.56,31.94,30.8,1.14,3.7013,253548.55,814361.114,5.6206,1.84,43.1725,6.4158,1990597.7379
300604.SZ,2024-03-20,32.11,34.18,32.06,33.59,31.94,1.65,5.1659,229465.76,766860.931,5.0867,1.43,45.4027,6.7472,2093430.7457
300604.SZ,2024-03-21,34.0,34.28,32.92,33.4,33.59,-0.19,-0.5656,164002.96,550221.576,3.6356,0.97,45.1459,6.7091,2081589.369
300604.SZ,2024-03-22,33.27,34.94,33.27,34.5,33.4,1.1,3.2934,225601.07,771202.726,5.0011,1.28,46.6327,6.93,2150144.7075
300604.SZ,2024-03-25,35.68,35.83,33.0,33.1,34.5,-1.4,-4.058,204747.02,697292.871,4.5388,1.01,44.7404,6.6488,2062892.4585
300604.SZ,2024-03-26,32.8,33.6,31.53,32.23,33.1,-0.87,-2.6284,186047.57,601569.225,4.0863,0.86,43.5644,6.474,2008671.4181
300604.SZ,2024-03-27,31.86,32.25,30.58,30.6,32.23,-1.63,-5.0574,116271.03,362735.693,2.534,0.58,41.597,6.1144,1917957.5161
300604.SZ,2024-03-28,30.5,31.76,30.5,31.45,30.6,0.85,2.7778,139109.56,432675.757,3.0317,0.78,42.7525,6.2842,1971234.1138
300604.SZ,2024-03-29,31.15,33.86,30.98,33.6,31.45,2.15,6.8362,279403.39,921958.172,6.0893,1.6,45.6752,6.7138,2105992.5667
300604.SZ,2024-04-01,33.77,33.87,32.7,33.16,33.6,-0.44,-1.3095,164439.97,544226.569,3.5838,0.89,45.077,6.6259,2078414.0926
300604.SZ,2024-04-02,32.94,33.1,31.82,32.08,33.16,-1.08,-3.2569,138860.45,448789.033,3.0263,0.78,43.6089,6.4101,2010721.4744
300604.SZ,2024-04-03,31.86,32.39,30.77,31.68,32.08,-0.4,-1.2469,120055.48,379332.454,2.6165,0.72,43.0652,6.3302,1985650.1343
300604.SZ,2024-04-08,31.28,31.85,30.88,30.9,31.68,-0.78,-2.4621,83640.31,261402.803,1.8228,0.5,42.0048,6.1743,1936761.0212
300604.SZ,2024-04-09,31.05,32.8,31.05,32.35,30.9,1.45,4.6926,156053.16,500416.397,3.401,0.99,43.9759,6.464,2027644.629
300604.SZ,2024-04-10,31.61,31.97,28.71,29.3,32.35,-3.05,-9.4281,234808.94,700920.679,5.1174,1.77,39.8298,5.8546,1836475.6609
300604.SZ,2024-04-11,28.99,29.82,28.12,28.2,29.3,-1.1,-3.7543,175996.74,505364.973,3.8356,1.2,38.3345,5.6348,1767529.4756
300604.SZ,2024-04-12,28.2,28.8,27.7,27.79,28.2,-0.41,-1.4539,134935.83,380813.186,2.9408,0.88,37.7772,5.5529,1741831.3521
300604.SZ,2024-04-15,27.78,28.84,27.59,27.93,27.79,0.14,0.5038,106137.5,299956.767,2.3131,0.68,37.9675,5.5809,1750606.3211
300604.SZ,2024-04-16,27.5,27.93,26.2,26.4,27.93,-1.53,-5.478,143226.18,383487.718,3.1214,0.89,35.8876,5.2751,1654708.4453
300604.SZ,2024-04-17,26.6,27.4,26.51,27.13,26.4,0.73,2.7652,148895.91,401643.185,3.245,0.94,36.88,5.421,1700463.6409
300604.SZ,2024-04-18,26.7,27.77,26.07,27.14,27.13,0.01,0.0369,119874.43,324179.155,2.6125,0.85,36.8936,5.423,1701090.4244
300604.SZ,2024-04-19,26.91,26.91,25.62,25.68,27.14,-1.46,-5.3795,131119.24,341680.156,2.8609,1.0,34.9089,5.1313,1609580.0331
300604.SZ,2024-04-22,25.35,26.17,24.92,25.87,25.68,0.19,0.7399,95115.12,244648.609,2.0379,0.73,35.1672,5.1692,1621488.9197
300604.SZ,2024-04-23,26.18,26.67,25.83,26.48,25.87,0.61,2.3579,96270.07,253758.117,2.0626,0.75,35.9964,5.2911,1659722.7133
300604.SZ,2024-04-24,26.72,28.4,26.66,28.17,26.48,1.69,6.3822,148196.23,409621.82,3.1752,1.25,390.98,6.0826,1765649.1251
300604.SZ,2024-04-25,27.96,29.44,27.79,28.8,28.17,0.63,2.2364,127194.78,366348.502,2.7252,1.08,399.724,6.2186,1805136.4858
300604.SZ,2024-04-26,28.7,29.65,28.68,29.29,28.8,0.49,1.7014,121152.28,354059.91,2.5958,1.01,406.5248,6.3244,1835848.8774
300604.SZ,2024-04-29,29.29,30.2,29.2,30.02,29.29,0.73,2.4923,124885.32,372180.784,2.6757,1.06,416.6567,6.482,1881604.073
300604.SZ,2024-04-30,30.08,30.18,29.18,29.35,30.02,-0.67,-2.2318,84189.75,248265.865,1.8038,0.68,407.3576,6.3374,1839609.5784
300604.SZ,2024-05-06,29.85,29.98,29.02,29.07,29.35,-0.28,-0.954,91531.27,269237.815,1.9611,0.76,403.4714,6.2769,1822059.6403
300604.SZ,2024-05-07,29.07,29.88,28.8,29.26,29.07,0.19,0.6536,74832.51,219133.706,1.6033,0.68,406.1084,6.3179,1833968.5269
300604.SZ,2024-05-08,29.19,29.44,28.5,29.0,29.26,-0.26,-0.8886,85871.53,248261.927,1.8398,0.86,402.4998,6.2618,1817672.1558
300604.SZ,2024-05-09,28.98,30.6,28.82,30.28,29.0,1.28,4.4138,155070.74,466341.999,3.3225,1.68,420.2653,6.5382,1897900.4441
300604.SZ,2024-05-10,30.28,30.56,28.1,28.17,30.28,-2.11,-6.9683,191727.16,551888.332,4.1079,1.95,390.98,6.0826,1765649.1251
300604.SZ,2024-05-13,27.76,28.64,27.0,27.36,28.17,-0.81,-2.8754,139729.75,387912.514,2.9938,1.17,379.7378,5.9077,1714879.6615
300604.SZ,2024-05-14,27.58,28.08,27.15,27.36,27.36,0.0,0.0,90225.66,248330.241,1.9331,0.7,379.7378,5.9077,1714879.6615
300604.SZ,2024-05-15,27.3,28.15,26.86,27.29,27.36,-0.07,-0.2558,90439.25,249831.218,1.9377,0.68,378.7662,5.8926,1710492.177
300604.SZ,2024-05-16,27.55,28.89,27.0,28.35,27.29,1.06,3.8842,179510.87,501630.488,3.8461,1.35,393.4783,6.1214,1776931.2282
300604.SZ,2024-05-17,28.7,31.44,28.56,31.15,28.35,2.8,9.8765,368684.68,1111919.612,7.8993,2.67,432.3403,6.726,1952430.6087
300604.SZ,2024-05-20,31.0,31.2,29.78,30.25,31.15,-0.9,-2.8892,208189.72,629577.79,4.4606,1.2,419.849,6.5317,1896020.0936
300604.SZ,2024-05-21,30.02,30.65,29.86,30.27,30.25,0.02,0.0661,131381.96,398471.957,2.8149,0.7,420.1265,6.536,1897273.6606
300604.SZ,2024-05-22,30.33,30.66,30.0,30.47,30.27,0.2,0.6607,99922.1,303342.529,2.1409,0.51,422.9024,6.5792,1909809.3306
300604.SZ,2024-05-23,30.55,30.59,29.18,29.25,30.47,-1.22,-4.0039,126791.82,375192.372,2.7166,0.64,405.9697,6.3158,1833341.7434
300604.SZ,2024-05-24,28.89,29.3,28.46,28.46,29.25,-0.79,-2.7009,112738.67,323868.98,2.4155,0.6,395.005,6.1452,1783825.8467
300604.SZ,2024-05-27,28.48,29.68,27.51,29.44,28.46,0.98,3.4434,170876.12,488392.604,3.6611,1.26,408.6067,6.3568,1845250.6299
300604.SZ,2024-05-28,29.2,30.51,28.63,29.26,29.44,-0.18,-0.6114,184932.27,545659.037,3.9623,1.44,406.1084,6.3179,1833968.5269
300604.SZ,2024-05-29,28.99,29.65,28.46,28.73,29.26,-0.53,-1.8113,112775.28,326736.224,2.4163,0.81,398.7524,6.2035,1800749.0012
300604.SZ,2024-05-30,28.41,29.65,28.14,29.19,28.73,0.46,1.6011,113155.2,328681.17,2.4244,0.8,405.1369,6.3028,1829581.0423
300604.SZ,2024-05-31,29.04,29.58,28.35,28.4,29.19,-0.79,-2.7064,201625.5,579821.069,4.3199,1.45,394.1722,6.1322,1780065.1457
300604.SZ,2024-06-03,28.48,29.48,28.22,28.56,28.4,0.16,0.5634,146223.86,421461.801,3.1329,0.93,396.3929,6.1668,1790093.6817
300604.SZ,2024-06-04,28.41,29.3,27.78,28.95,28.56,0.39,1.3655,151995.67,430638.102,3.2566,1.0,401.8059,6.251,1814538.2383
300604.SZ,2024-06-05,29.18,31.45,29.18,30.1,28.95,1.15,3.9724,308520.79,944842.099,6.6102,2.13,417.7671,6.4993,1886618.341
300604.SZ,2024-06-06,30.66,31.09,29.64,29.8,30.1,-0.3,-0.9967,252305.68,766119.375,5.4058,1.37,413.6033,6.4345,1867814.836
300604.SZ,2024-06-07,29.88,30.88,29.21,30.28,29.8,0.48,1.6107,263571.68,791657.388,5.6472,1.24,420.2653,6.5382,1897900.4441
300604.SZ,2024-06-11,30.15,32.23,29.89,31.9,30.28,1.62,5.3501,352532.53,1106458.185,7.5532,1.57,442.7498,6.888,1999439.3714
300604.SZ,2024-06-12,31.58,32.15,31.2,32.06,31.9,0.16,0.5016,254074.64,805261.013,5.4437,0.96,444.9705,6.9225,2009467.9074
300604.SZ,2024-06-13,32.5,32.81,31.46,31.52,32.06,-0.54,-1.6843,269199.19,865333.259,5.7677,0.94,437.4757,6.8059,1975621.5983
300604.SZ,2024-06-14,31.3,31.45,30.5,31.22,31.52,-0.3,-0.9518,210459.44,654004.261,4.5092,0.76,433.3119,6.7411,1956818.0932
300604.SZ,2024-06-17,30.79,32.35,30.75,32.02,31.22,0.8,2.5625,204295.96,648872.537,4.3772,0.76,444.4153,6.9139,2006960.7734
300604.SZ,2024-06-18,31.9,32.68,31.25,31.64,32.02,-0.38,-1.1868,194189.63,619791.015,4.1606,0.75,439.1412,6.8318,1983143.0003
300604.SZ,2024-06-19,31.84,32.15,30.83,31.75,31.64,0.11,0.3477,190550.57,600495.757,4.0827,0.84,440.6679,6.8556,1990037.6189
300604.SZ,2024-06-20,31.48,32.32,30.89,30.92,31.75,-0.83,-2.6142,178399.9,564283.47,3.8223,0.83,429.1481,6.6764,1938014.5882
300604.SZ,2024-06-21,30.59,31.28,30.12,30.93,30.92,0.01,0.0323,117138.76,360852.054,2.5098,0.6,429.2869,6.6785,1938641.3717
300604.SZ,2024-06-24,30.69,31.26,29.26,29.45,30.93,-1.48,-4.785,166230.71,503075.068,3.5616,0.94,408.7455,6.359,1845877.4134
300604.SZ,2024-06-25,29.53,29.56,28.0,28.27,29.45,-1.18,-4.0068,164110.13,470802.171,3.5162,0.97,392.3679,6.1042,1771916.9602
300604.SZ,2024-06-26,28.38,29.05,27.8,28.66,28.27,0.39,1.3796,148195.3,419469.481,3.1752,0.91,397.7809,6.1884,1796361.5167
300604.SZ,2024-06-27,28.3,28.51,27.55,27.61,28.66,-1.05,-3.6636,135274.2,377766.313,2.8983,0.87,383.2076,5.9617,1730549.249
300604.SZ,2024-06-28,27.56,27.96,27.05,27.17,27.61,-0.44,-1.5936,143525.5,395664.083,3.0751,0.98,377.1007,5.8667,1702970.7749
300604.SZ,2024-07-01,27.05,27.78,26.9,27.53,27.17,0.36,1.325,98074.11,268004.232,2.1013,0.65,382.0972,5.9444,1725534.981
300604.SZ,2024-07-02,27.47,28.97,27.16,28.56,27.53,1.03,3.7414,167436.27,470855.178,3.5874,1.21,396.3929,6.1668,1790093.6817
300604.SZ,2024-07-03,28.42,28.95,27.91,28.4,28.56,-0.16,-0.5602,119404.63,339137.819,2.5583,0.86,394.1722,6.1322,1780065.1457
300604.SZ,2024-07-04,28.31,29.02,28.2,28.39,28.4,-0.01,-0.0352,131453.06,376504.559,2.8165,0.99,394.0335,6.1301,1779438.3622
300604.SZ,2024-07-05,28.25,28.8,27.87,28.3,28.39,-0.09,-0.317,103039.1,291916.821,2.2077,0.78,392.7843,6.1106,1773797.3107
300604.SZ,2024-07-08,28.55,29.15,28.03,28.42,28.3,0.12,0.424,129324.99,370513.956,2.7709,1.04,394.4498,6.1366,1781318.7127
300604.SZ,2024-07-09,28.29,30.55,28.21,30.43,28.42,2.01,7.0725,258978.01,773660.827,5.5488,1.99,422.3472,6.5706,1907302.1966
300604.SZ,2024-07-10,30.49,31.52,30.22,31.16,30.43,0.73,2.3989,193329.69,600627.352,4.1422,1.3,432.4791,6.7282,1953057.3922
300604.SZ,2024-07-11,31.49,32.26,30.8,32.2,31.16,1.04,3.3376,230576.62,727696.696,4.9402,1.41,446.9136,6.9528,2018242.8764
300604.SZ,2024-07-12,31.66,32.5,31.51,32.15,32.1,0.05,0.1558,230962.0,742816.043,4.9485,1.26,446.2196,7.0952,2015108.9589
300604.SZ,2024-07-15,32.33,32.56,31.79,32.01,32.15,-0.14,-0.4355,156450.29,502330.645,3.352,0.75,444.2765,7.0643,2006333.9899
300604.SZ,2024-07-16,33.45,34.25,32.01,34.08,32.01,2.07,6.4667,541456.75,1791145.267,11.601,2.53,473.0067,7.5211,2136078.1748
300604.SZ,2024-07-17,33.99,35.27,33.79,34.06,34.08,-0.02,-0.0587,381698.71,1321957.499,8.1781,1.41,472.7291,7.5167,2134824.6078
300604.SZ,2024-07-18,33.45,35.36,33.08,35.11,34.06,1.05,3.0828,361419.32,1238386.737,7.7436,1.17,487.3024,7.7484,2200636.8755
300604.SZ,2024-07-19,34.7,35.88,34.58,34.9,35.11,-0.21,-0.5981,330807.96,1163890.918,7.0878,0.99,484.3877,7.7021,2187474.422
300604.SZ,2024-07-22,35.18,35.68,34.56,34.75,34.9,-0.15,-0.4298,233206.49,815723.962,4.9966,0.66,482.3058,7.6689,2178072.6695
300604.SZ,2024-07-23,34.6,34.67,32.68,32.84,34.75,-1.91,-5.4964,297602.91,1001704.304,6.4168,0.8,455.7964,7.2474,2058357.0206
300604.SZ,2024-07-24,32.84,33.2,31.78,32.0,32.84,-0.84,-2.5579,197382.13,640654.674,4.2559,0.61,444.1377,7.0621,2005707.2064
300604.SZ,2024-07-25,31.8,32.17,31.45,31.62,32.0,-0.38,-1.1875,164081.76,520620.971,3.4862,0.58,438.8636,6.9782,1981889.4333
300604.SZ,2024-07-26,31.68,32.08,30.9,31.82,31.62,0.2,0.6325,188067.79,594412.519,3.9958,0.77,441.6395,7.0223,1994425.1034
300604.SZ,2024-07-29,31.83,32.37,31.44,31.5,31.82,-0.32,-1.0057,175103.32,557863.305,3.7204,0.81,437.1981,6.9517,1974368.0313
300604.SZ,2024-07-30,31.21,31.94,30.99,31.62,31.5,0.12,0.381,141576.3,444660.832,3.008,0.69,438.8636,6.9782,1981889.4333
300604.SZ,2024-07-31,31.4,33.3,31.1,33.25,31.62,1.63,5.155,255276.3,828109.921,5.4238,1.47,461.4869,7.3379,2084055.1442
300604.SZ,2024-08-01,33.1,34.26,32.87,33.5,33.25,0.25,0.7519,274770.76,919968.692,5.838,1.49,464.9567,7.3931,2099724.7317
300604.SZ,2024-08-02,33.13,33.4,31.66,31.8,33.5,-1.7,-5.0746,199151.0,647247.818,4.2313,0.96,441.3619,7.0179,1993171.5364
300604.SZ,2024-08-05,31.26,31.88,30.51,30.51,31.8,-1.29,-4.0566,187127.83,581569.638,3.9759,0.89,423.4576,6.7332,1912316.4646
300604.SZ,2024-08-06,31.27,31.75,30.48,31.44,30.51,0.93,3.0482,132992.9,412386.042,2.8257,0.63,436.3653,6.9385,1970607.3303
300604.SZ,2024-08-07,31.2,31.79,31.09,31.13,31.44,-0.31,-0.986,101255.38,318298.048,2.1514,0.48,432.0627,6.8701,1951177.0417
300604.SZ,2024-08-08,31.0,32.19,30.3,31.64,31.13,0.51,1.6383,158080.62,495513.334,3.3587,0.88,439.1412,6.9826,1983143.0003
300604.SZ,2024-08-09,32.15,32.53,31.65,31.75,31.64,0.11,0.3477,152657.34,490229.415,3.2435,0.98,440.6679,7.0069,1990037.6189
300604.SZ,2024-08-12,31.8,31.9,30.69,30.93,31.75,-0.82,-2.5827,116583.89,362564.616,2.477,0.8,429.2869,6.8259,1938641.3717
300604.SZ,2024-08-13,30.93,31.34,30.59,31.14,30.93,0.21,0.679,82377.26,254933.536,1.7503,0.62,432.2015,6.8723,1951803.8252
300604.SZ,2024-08-14,31.22,31.33,30.6,30.6,31.14,-0.54,-1.7341,76465.2,236901.836,1.6246,0.63,424.7067,6.7531,1917957.5161
300604.SZ,2024-08-15,30.31,31.44,30.2,30.6,30.6,0.0,0.0,89192.9,275137.739,1.8951,0.76,424.7067,6.7531,1917957.5161
300604.SZ,2024-08-16,30.82,31.79,30.45,30.77,30.6,0.17,0.5556,124937.32,387695.571,2.6545,1.21,427.0662,6.7906,1928612.8357
300604.SZ,2024-08-19,30.79,31.32,30.23,30.63,30.77,-0.14,-0.455,98478.0,303595.955,2.0923,1.01,425.1231,6.7597,1919837.8666
300604.SZ,2024-08-20,30.63,30.75,29.6,29.78,30.63,-0.85,-2.7751,130892.43,391597.798,2.7811,1.39,413.3257,6.5721,1866561.269
300604.SZ,2024-08-21,29.6,30.28,29.45,29.81,29.78,0.03,0.1007,89827.9,267820.329,1.9086,0.86,413.7421,6.5787,1868441.6195
300604.SZ,2024-08-22,29.64,30.19,29.0,29.29,29.81,-0.52,-1.7444,130474.81,385413.526,2.7722,1.22,406.5248,5.9868,1835848.8774
300604.SZ,2024-08-23,29.02,29.4,28.56,28.9,29.29,-0.39,-1.3315,113777.6,329000.135,2.4174,0.99,401.1119,5.9071,1811404.3208
300604.SZ,2024-08-26,29.18,29.39,28.6,28.75,28.9,-0.15,-0.519,83708.77,242415.354,1.7785,0.74,399.03,5.8764,1802002.5683
300604.SZ,2024-08-27,28.6,29.14,28.28,28.75,28.75,0.0,0.0,89596.45,257861.571,1.9036,0.82,399.03,5.8764,1802002.5683
300604.SZ,2024-08-28,28.75,29.61,28.49,29.37,28.75,0.62,2.1565,108873.02,316911.195,2.3132,1.07,407.6352,6.0032,1840863.1454
300604.SZ,2024-08-29,29.06,30.3,28.97,29.52,29.37,0.15,0.5107,148102.36,438712.739,3.1467,1.41,409.7171,6.0338,1850264.8979
300604.SZ,2024-08-30,29.38,30.94,29.29,30.55,29.52,1.03,3.4892,177948.99,540706.912,3.7809,1.64,424.0127,6.2444,1914823.5986
300604.SZ,2024-09-02,30.31,30.64,28.93,28.94,30.55,-1.61,-5.27,146482.6,435971.578,3.1123,1.2,401.6671,5.9153,1813911.4548
300604.SZ,2024-09-03,29.05,29.79,29.05,29.49,28.94,0.55,1.9005,102240.29,300832.632,2.1723,0.76,409.3007,6.0277,1848384.5474
300604.SZ,2024-09-04,29.08,30.07,28.86,29.41,29.49,-0.08,-0.2713,113676.78,335197.696,2.4153,0.83,408.1903,6.0113,1843370.2794
300604.SZ,2024-09-05,29.39,30.06,29.3,29.54,29.41,0.13,0.442,78170.0,231783.119,1.6609,0.57,409.9947,6.0379,1851518.4649
300604.SZ,2024-09-06,29.53,29.79,28.7,28.78,29.54,-0.76,-2.5728,77980.0,227354.017,1.6568,0.63,399.4464,5.8826,1803882.9188
300604.SZ,2024-09-09,28.65,29.0,28.32,28.87,28.78,0.09,0.3127,74099.13,212341.725,1.5744,0.71,400.6955,5.901,1809523.9703
300604.SZ,2024-09-10,28.88,29.29,28.37,29.08,28.87,0.21,0.7274,94314.56,271766.005,2.0039,1.06,403.6102,5.9439,1822686.4238
300604.SZ,2024-09-11,28.91,29.25,28.71,29.04,29.08,-0.04,-0.1376,56789.97,164803.054,1.2066,0.65,403.055,5.9357,1820179.2898
300604.SZ,2024-09-12,29.21,29.55,28.59,28.62,29.04,-0.42,-1.4463,66535.06,192996.745,1.4137,0.87,397.2257,5.8499,1793854.3827
300604.SZ,2024-09-13,28.55,28.91,27.92,27.98,28.62,-0.64,-2.2362,81275.98,230933.075,1.7269,1.1,388.3429,5.7191,1753740.2386
300604.SZ,2024-09-18,28.25,28.44,27.89,28.18,27.98,0.2,0.7148,64126.7,180429.69,1.3625,0.86,391.1188,5.7599,1766275.9086
300604.SZ,2024-09-19,28.31,28.96,27.57,28.47,28.18,0.29,1.0291,97178.43,275053.857,2.0647,1.34,395.1438,5.8192,1784452.6302
300604.SZ,2024-09-20,28.39,28.54,27.68,27.99,28.47,-0.48,-1.686,78138.01,218958.648,1.6602,1.07,388.4817,5.7211,1754367.0221
300604.SZ,2024-09-23,27.8,28.12,27.17,27.24,27.99,-0.75,-2.6795,94207.78,258939.596,2.0016,1.22,378.0723,5.5678,1707358.2594
300604.SZ,2024-09-24,27.45,28.85,27.13,28.84,27.24,1.6,5.8737,158973.49,446830.535,3.3777,1.92,400.2791,5.8948,1807643.6198
300604.SZ,2024-09-25,29.38,29.58,28.41,28.43,28.84,-0.41,-1.4216,184520.38,536491.61,3.9205,1.87,394.5886,5.811,1781945.4962
300604.SZ,2024-09-26,28.41,30.04,28.23,30.04,28.43,1.61,5.663,194962.14,566203.084,4.1423,1.59,416.9343,6.1401,1882857.64
300604.SZ,2024-09-27,30.51,32.88,30.2,32.3,30.04,2.26,7.5233,305072.51,962340.379,6.4818,2.15,448.3015,6.6021,2024510.7115
300604.SZ,2024-09-30,33.61,37.95,33.3,37.91,32.3,5.61,17.3684,389982.33,1389028.544,8.2859,2.08,526.1644,7.7487,2376136.2561
300604.SZ,2024-10-08,45.49,45.49,42.59,45.49,37.91,7.58,19.9947,535201.47,2408970.911,11.3713,2.17,631.3696,9.2981,2851238.1506
300604.SZ,2024-10-09,44.56,48.68,41.4,43.0,45.49,-2.49,-5.4737,675843.65,3025165.034,14.3595,2.1,596.8101,8.7891,2695169.0586
300604.SZ,2024-10-10,43.79,44.0,39.16,40.4,43.0,-2.6,-6.0465,436565.31,1795263.417,9.2756,1.04,560.7239,8.2577,2532205.3481
300604.SZ,2024-10-11,39.51,40.6,37.32,37.95,40.4,-2.45,-6.0644,298999.15,1154803.232,6.3528,0.64,526.7196,7.7569,2378643.3901
300604.SZ,2024-10-14,38.21,40.24,37.58,40.23,37.95,2.28,6.0079,345452.55,1347487.885,7.3398,0.74,558.3644,8.2229,2521550.0285
300604.SZ,2024-10-15,40.0,42.89,39.4,40.3,40.23,0.07,0.174,380032.21,1565272.062,8.0745,0.83,559.336,8.2372,2525937.5131
300604.SZ,2024-10-16,39.0,41.24,38.83,41.24,40.3,0.94,2.3325,282475.87,1138738.227,6.0017,0.66,572.3825,8.4294,2584855.1622
300604.SZ,2024-10-17,42.03,42.33,40.02,40.16,41.24,-1.08,-2.6188,293426.37,1204823.824,6.2344,0.84,557.3929,8.2086,2517162.544
300604.SZ,2024-10-18,40.03,45.15,39.8,43.35,40.16,3.19,7.9432,553660.79,2346762.892,11.7635,1.73,601.6678,8.8607,2717106.4812
300604.SZ,2024-10-21,43.99,46.61,42.79,43.01,43.35,-0.34,-0.7843,609087.24,2719390.185,12.9412,1.64,596.9489,8.7912,2695795.8421
300604.SZ,2024-10-22,42.45,45.15,42.45,44.93,43.01,1.92,4.4641,484254.52,2124772.014,10.2889,1.14,623.5971,9.1836,2816138.2745
300604.SZ,2024-10-23,44.12,44.36,43.21,44.22,44.93,-0.71,-1.5802,358533.34,1569987.174,7.6177,0.81,613.7428,9.0385,2771636.6458
300604.SZ,2024-10-24,46.0,48.68,44.41,44.6,44.22,0.38,0.8593,895551.67,4168336.148,19.0276,1.95,619.017,8.4796,2795454.4189
300604.SZ,2024-10-25,43.8,46.65,42.61,44.96,44.6,0.36,0.8072,633610.66,2797008.345,13.4622,1.09,624.0135,8.5481,2818018.625
300604.SZ,2024-10-28,44.98,44.98,43.52,44.05,44.96,-0.91,-2.024,380032.13,1671033.151,8.0745,0.64,611.3834,8.375,2760981.3263
300604.SZ,2024-10-29,44.0,44.69,42.14,42.17,44.05,-1.88,-4.2679,420684.93,1831283.561,8.9381,0.76,585.2903,8.0176,2643146.0279
300604.SZ,2024-10-30,41.91,43.26,41.51,42.56,42.17,0.39,0.9248,295700.41,1251184.493,6.2826,0.55,590.7032,8.0918,2667590.5845
300604.SZ,2024-10-31,42.57,44.72,41.77,43.96,42.56,1.4,3.2895,434693.7,1883426.46,9.2357,0.83,610.1342,8.3579,2755340.2748
300604.SZ,2024-11-01,43.9,43.9,40.65,40.8,43.96,-3.16,-7.1884,363603.27,1529846.641,7.7253,0.84,566.2756,7.7571,2557276.6882
300604.SZ,2024-11-04,40.53,42.63,40.5,42.0,40.8,1.2,2.9412,235840.07,984959.924,5.0108,0.62,582.9308,7.9853,2632490.7084
300604.SZ,2024-11-05,41.98,43.57,41.72,43.17,42.0,1.17,2.7857,346644.99,1486076.0,7.365,0.99,599.1696,8.2077,2705824.3781
300604.SZ,2024-11-06,43.2,44.6,42.55,44.01,43.17,0.84,1.9458,422159.68,1841282.286,8.9694,1.26,610.8282,8.3674,2758474.1923
300604.SZ,2024-11-07,43.61,46.99,43.39,46.79,44.01,2.78,6.3167,573478.02,2616572.337,12.1844,1.59,649.4127,8.896,2932720.0059
300604.SZ,2024-11-08,48.65,56.1,46.9,52.44,46.79,5.65,12.0752,838026.19,4223849.476,17.8052,2.16,727.8307,9.9702,3286852.6845
300604.SZ,2024-11-11,54.0,59.5,52.0,52.76,52.44,0.32,0.6102,939043.51,5201197.553,19.9514,1.94,732.2721,10.031,3306909.7566
300604.SZ,2024-11-12,52.46,54.38,50.8,51.71,52.76,-1.05,-1.9901,599120.15,3137158.233,12.7292,0.96,717.6988,9.8314,3241097.4888
300604.SZ,2024-11-13,51.0,53.0,50.68,52.45,51.71,0.74,1.4311,436972.12,2276673.227,9.2842,0.65,727.9695,9.9721,3287479.468
300604.SZ,2024-11-14,51.9,51.9,49.48,49.6,52.45,-2.85,-5.4337,387521.39,1952230.869,8.2335,0.57,688.4135,9.4302,3108846.1699
300604.SZ,2024-11-15,49.4,50.09,47.12,47.17,49.6,-2.43,-4.8992,335089.99,1624859.739,7.1195,0.52,654.6868,8.9682,2956537.7789
300604.SZ,2024-11-18,46.81,48.7,45.38,47.83,47.17,0.66,1.3992,355338.75,1676295.206,7.5497,0.66,663.8471,9.0937,2997905.4901
300604.SZ,2024-11-19,47.85,49.28,46.06,48.97,47.83,1.14,2.3834,361523.61,1726060.383,7.6811,0.86,679.6695,9.3105,3069358.8093
300604.SZ,2024-11-20,48.5,48.9,47.61,48.46,48.97,-0.51,-1.0415,287652.35,1387291.049,6.1116,0.77,672.5911,9.2135,3037392.8507
300604.SZ,2024-11-21,48.18,50.0,47.91,49.05,48.46,0.59,1.2175,324361.12,1596151.225,6.8916,0.94,680.7799,9.3257,3074373.0773
300604.SZ,2024-11-22,48.56,49.8,45.4,45.92,49.05,-3.13,-6.3812,319088.77,1523758.685,6.7795,0.96,637.3377,8.7306,2878189.8412
300604.SZ,2024-11-25,46.0,46.71,44.0,45.33,45.92,-0.59,-1.2848,261583.5,1182178.939,5.5577,0.79,629.1489,8.6184,2841209.6146
300604.SZ,2024-11-26,45.0,45.7,44.36,44.45,45.33,-0.88,-1.9413,157861.86,708986.168,3.354,0.51,616.9351,8.4511,2786052.6664
300604.SZ,2024-11-27,43.68,45.45,42.83,45.43,44.45,0.98,2.2047,230351.84,1018809.457,4.8942,0.85,630.5368,8.6374,2847477.4496
300604.SZ,2024-11-28,45.4,46.58,44.69,45.19,45.43,-0.24,-0.5283,211498.18,963386.605,4.4936,0.82,627.2058,8.5918,2832434.6455
300604.SZ,2024-11-29,44.9,46.85,44.45,45.7,45.19,0.51,1.1286,250534.78,1143358.923,5.323,1.06,634.2842,8.6887,2864400.6041
300604.SZ,2024-12-02,45.7,46.8,45.31,46.2,45.7,0.5,1.0941,231943.73,1068697.825,4.928,1.04,641.2239,8.7838,2895739.7792
300604.SZ,2024-12-03,46.5,46.86,44.9,45.43,46.2,-0.77,-1.6667,212722.68,973778.664,4.5196,0.98,630.5368,8.6374,2847477.4496
300604.SZ,2024-12-04,46.42,47.26,45.41,45.7,45.43,0.27,0.5943,248902.7,1153982.299,5.2883,1.09,634.2842,8.6887,2864400.6041
300604.SZ,2024-12-05,44.87,45.91,44.69,45.28,45.7,-0.42,-0.919,156119.4,707616.186,3.317,0.68,628.4549,8.6089,2838075.6971
300604.SZ,2024-12-06,45.09,46.88,44.68,46.16,45.28,0.88,1.9435,229433.74,1052575.726,4.8747,1.04,640.6687,8.7762,2893232.6452
300604.SZ,2024-12-09,46.3,47.0,45.58,46.41,46.16,0.25,0.5416,193172.0,896528.296,4.1042,0.9,644.1385,8.8237,2908902.2328
300604.SZ,2024-12-10,48.45,48.79,46.46,46.51,46.41,0.1,0.2155,259803.01,1234641.02,5.5199,1.25,645.5264,8.8427,2915170.0678
300604.SZ,2024-12-11,46.12,47.2,46.09,46.53,46.51,0.02,0.043,180295.0,839165.337,3.8306,0.83,645.804,8.8466,2916423.6348
300604.SZ,2024-12-12,46.56,48.0,46.15,47.83,46.53,1.3,2.7939,264682.51,1255957.986,5.6236,1.3,663.8471,9.0937,2997905.4901
300604.SZ,2024-12-13,47.26,47.8,46.5,46.8,47.83,-1.03,-2.1535,238787.77,1120230.662,5.0734,1.06,649.5514,8.8979,2933346.7894
300604.SZ,2024-12-16,46.59,46.79,44.9,45.05,46.8,-1.75,-3.7393,193862.55,880339.095,4.1189,0.85,625.2627,8.5652,2823659.6765
300604.SZ,2024-12-17,44.92,45.33,44.36,44.55,45.05,-0.5,-1.1099,127808.35,572614.381,2.7155,0.56,618.323,8.4701,2792320.5014
300604.SZ,2024-12-18,44.77,45.63,44.16,45.25,44.55,0.7,1.5713,138333.56,623427.365,2.9391,0.69,628.0385,8.6032,2836195.3466
300604.SZ,2024-12-19,44.7,46.15,44.51,45.79,45.25,0.54,1.1934,140268.86,636911.487,2.9802,0.73,635.5333,8.7059,2870041.6557
300604.SZ,2024-12-20,45.66,48.08,45.5,47.36,45.79,1.57,3.4287,270696.02,1276184.51,5.7514,1.61,657.3239,9.0044,2968446.6655
300604.SZ,2024-12-23,47.36,48.98,47.08,47.18,47.36,-0.18,-0.3801,290770.15,1394546.37,6.1779,1.67,654.8256,8.9701,2957164.5624
300604.SZ,2024-12-24,47.65,48.99,46.44,48.99,47.18,1.81,3.8364,332801.72,1598447.99,7.0709,1.72,679.9471,9.3143,3070612.3763
300604.SZ,2024-12-25,48.51,49.31,47.67,48.19,48.99,-0.8,-1.633,243743.19,1180802.211,5.1787,1.04,668.8437,9.1622,3020469.6961
300604.SZ,2024-12-26,48.26,49.57,47.85,49.11,48.19,0.92,1.9091,266580.16,1304038.674,5.6639,1.04,681.6126,9.3371,3078133.7783
300604.SZ,2024-12-27,49.16,49.2,47.17,47.17,49.11,-1.94,-3.9503,306345.31,1479126.563,6.5088,1.09,654.6868,8.9682,2956537.7789
300604.SZ,2024-12-30,46.9,47.7,45.9,46.96,47.17,-0.21,-0.4452,168475.86,789850.763,3.5795,0.58,651.7721,8.9283,2943375.3254
300604.SZ,2024-12-31,46.97,47.2,44.01,44.13,46.96,-2.83,-6.0264,229671.85,1038810.391,4.8797,0.87,612.4937,8.3902,2765995.5943
300604.SZ,2025-01-02,42.48,42.5,39.0,39.65,44.13,-4.48,-10.1518,413165.52,1673412.574,8.7783,1.7,550.3144,7.5385,2485196.5854
300604.SZ,2025-01-03,39.51,39.55,38.06,38.18,39.65,-1.47,-3.7074,204259.08,792899.764,4.3398,0.74,529.9118,7.259,2393059.4106
300604.SZ,2025-01-06,38.08,39.39,37.76,38.18,38.18,0.0,0.0,165754.22,637819.162,3.5217,0.63,529.9118,7.259,2393059.4106
300604.SZ,2025-01-07,38.38,39.38,38.21,39.2,38.18,1.02,2.6716,163136.89,633571.965,3.3815,0.69,544.0687,7.4529,2456991.3278
300604.SZ,2025-01-08,38.99,40.18,37.91,39.5,39.2,0.3,0.7653,204884.54,800778.807,4.2468,0.87,548.2325,7.51,2475794.8329
300604.SZ,2025-01-09,39.3,40.2,39.1,39.73,39.5,0.23,0.5823,151831.95,605092.149,3.1471,0.66,551.4248,7.5537,2490210.8534
300604.SZ,2025-01-10,39.65,41.09,39.44,39.44,39.73,-0.29,-0.7299,206064.01,831076.047,4.2713,1.16,547.3998,7.4986,2472034.1319
300604.SZ,2025-01-13,39.01,40.49,38.82,40.25,39.44,0.81,2.0538,177281.87,707642.595,3.6747,0.99,558.642,7.6526,2522803.5956
300604.SZ,2025-01-14,40.33,43.18,39.82,43.1,40.25,2.85,7.0807,292633.7,1221186.018,6.0657,1.62,598.198,8.1944,2701436.8936
300604.SZ,2025-01-15,42.8,43.56,42.43,43.4,43.1,0.3,0.6961,219428.6,943285.355,4.5483,1.06,602.3618,8.2515,2720240.3987
300604.SZ,2025-01-16,43.26,45.27,43.25,44.11,43.4,0.71,1.6359,257878.47,1144340.574,5.3453,1.23,612.2161,8.3864,2764742.0273
300604.SZ,2025-01-17,43.7,45.99,43.52,44.81,44.11,0.7,1.5869,262476.59,1175675.473,5.4406,1.14,621.9316,8.5195,2808616.8725
300604.SZ,2025-01-20,45.48,45.56,44.51,44.88,44.81,0.07,0.1562,187586.98,842793.154,3.8883,0.78,622.9032,8.5328,2813004.357
300604.SZ,2025-01-21,45.11,46.2,44.47,45.89,44.88,1.01,2.2504,231153.84,1048490.792,4.7913,0.95,636.9213,8.7249,2876309.4907
300604.SZ,2025-01-22,45.68,46.96,45.52,46.18,45.89,0.29,0.6319,262427.19,1214360.543,5.4395,1.13,640.9463,8.78,2894486.2122
300604.SZ,2025-01-23,46.9,47.08,44.98,44.99,46.18,-1.19,-2.5769,259277.73,1192952.947,5.3743,1.08,624.4299,8.5538,2819898.9755
300604.SZ,2025-01-24,44.78,45.47,44.71,45.18,44.99,0.19,0.4223,178705.34,807934.48,3.7042,0.74,627.067,8.5899,2831807.862
300604.SZ,2025-01-27,45.37,45.5,44.23,44.23,45.18,-0.95,-2.1027,143146.53,640196.289,2.9671,0.64,613.8816,8.4093,2772263.4293
300604.SZ,2025-02-05,45.0,45.29,44.22,44.25,44.23,0.02,0.0452,157925.87,707692.7,3.2735,0.73,614.1592,8.4131,2773516.9964
300604.SZ,2025-02-06,44.37,46.98,44.05,46.83,44.25,2.58,5.8305,294893.2,1360603.733,6.1125,1.47,649.9678,8.9036,2935227.1399
300604.SZ,2025-02-07,46.83,47.9,46.08,46.82,46.83,-0.01,-0.0214,350786.27,1649066.917,7.271,1.7,649.829,8.9017,2934600.3564
300604.SZ,2025-02-10,47.0,47.1,45.93,46.24,46.82,-0.58,-1.2388,263900.47,1221569.826,5.4701,1.17,641.779,8.7914,2898246.9132
300604.SZ,2025-02-11,46.18,46.18,44.76,45.3,46.24,-0.94,-2.0329,214073.42,966712.687,4.4373,0.88,628.7325,8.6127,2839329.2641
300604.SZ,2025-02-12,45.39,47.8,45.1,47.76,45.3,2.46,5.4305,341898.29,1591467.66,7.0868,1.33,662.8756,9.0804,2993518.0056
300604.SZ,2025-02-13,47.69,47.7,46.02,46.06,47.76,-1.7,-3.5595,254938.72,1189647.631,5.2843,0.87,639.2808,8.7572,2886964.8102
300604.SZ,2025-02-14,45.8,46.06,44.61,44.91,46.06,-1.15,-2.4967,261509.21,1178149.987,5.4205,0.92,623.3196,8.5385,2814884.7075
300604.SZ,2025-02-17,44.99,46.77,44.96,46.09,44.91,1.18,2.6275,233609.66,1072543.818,4.8422,0.87,639.6971,8.7629,2888845.1607
300604.SZ,2025-02-18,46.0,46.4,44.1,44.25,46.09,-1.84,-3.9922,227280.29,1029140.352,4.711,0.87,614.1592,8.4131,2773516.9964
300604.SZ,2025-02-19,44.25,46.65,44.2,46.58,44.25,2.33,5.2655,360366.54,1659561.026,7.4696,1.37,646.498,8.8561,2919557.5523
300604.SZ,2025-02-20,46.57,46.58,45.48,46.09,46.58,-0.49,-1.052,196122.61,902456.599,4.0652,0.73,639.6971,8.7629,2888845.1607
300604.SZ,2025-02-21,46.06,47.52,46.05,47.12,46.09,1.03,2.2348,354294.41,1663304.404,7.3437,1.39,653.9928,8.9587,2953403.8614
300604.SZ,2025-02-24,46.85,47.69,46.25,46.86,47.12,-0.26,-0.5518,296673.04,1395710.449,6.1494,1.08,650.3842,8.9093,2937107.4904
300604.SZ,2025-02-25,46.25,48.74,46.01,47.88,46.86,1.02,2.1767,430868.7,2055785.075,8.931,1.5,664.5411,9.1032,3001039.4076
300604.SZ,2025-02-26,47.87,48.48,46.68,48.1,47.88,0.22,0.4595,320076.66,1524383.057,6.6345,0.98,667.5945,9.145,3014828.6446
300604.SZ,2025-02-27,48.1,49.1,46.5,47.47,48.1,-0.63,-1.3098,290614.04,1384705.267,6.0238,0.91,658.8506,9.0253,2975341.284
300604.SZ,2025-02-28,47.01,47.5,43.87,44.09,47.47,-3.38,-7.1203,285614.99,1298444.626,5.9202,0.84,611.9385,8.3826,2763488.4603
300604.SZ,2025-03-03,44.13,44.68,43.22,43.66,44.09,-0.43,-0.9753,185359.23,815215.112,3.8421,0.57,605.9704,8.3009,2736536.7697
300604.SZ,2025-03-04,43.21,46.96,43.0,46.42,43.66,2.76,6.3216,314260.38,1431297.467,6.5139,1.04,644.2773,8.8256,2909529.0163
300604.SZ,2025-03-05,46.36,46.85,45.23,45.85,46.42,-0.57,-1.2279,166708.06,765154.513,3.4555,0.6,636.3661,8.7173,2873802.3567
300604.SZ,2025-03-06,46.2,47.59,46.2,46.85,45.85,1.0,2.181,259556.2,1219902.002,5.38,1.04,650.2454,8.9074,2936480.7069
300604.SZ,2025-03-07,46.5,47.29,45.81,46.29,46.85,-0.56,-1.1953,209080.48,971960.231,4.3338,0.86,642.473,8.8009,2901380.8308
300604.SZ,2025-03-10,46.17,46.78,45.46,45.99,46.29,-0.3,-0.6481,143013.83,658116.084,2.9644,0.63,638.3092,8.7439,2882577.3257
300604.SZ,2025-03-11,45.25,45.98,45.03,45.58,45.99,-0.41,-0.8915,125414.8,569875.436,2.5996,0.57,632.6187,8.6659,2856879.2021
300604.SZ,2025-03-12,45.7,45.84,44.9,44.9,45.58,-0.68,-1.4919,176860.73,800985.42,3.6659,0.98,623.1808,8.5366,2814257.924
300604.SZ,2025-03-13,45.0,45.06,43.2,43.93,44.9,-0.97,-2.1604,181706.1,797470.767,3.7664,0.99,609.7178,8.3522,2753459.9243
300604.SZ,2025-03-14,43.89,47.36,43.77,46.61,43.93,2.68,6.1006,457858.44,2116489.979,9.4904,2.74,646.9144,8.8618,2921437.9028
300604.SZ,2025-03-17,46.68,46.84,45.55,46.08,46.61,-0.53,-1.1371,218107.29,1004130.289,4.5209,1.01,639.5583,8.761,2888218.3772
300604.SZ,2025-03-18,46.27,46.75,45.8,45.9,46.08,-0.18,-0.3906,168484.71,776887.061,3.4923,0.73,637.0601,8.7268,2876936.2742
300604.SZ,2025-03-19,45.91,45.98,44.8,45.1,45.9,-0.8,-1.7429,155029.81,700149.515,3.2134,0.64,625.9566,8.5747,2826793.594
300604.SZ,2025-03-20,45.16,45.32,44.53,44.54,45.1,-0.56,-1.2417,133819.95,600956.606,2.7738,0.57,618.1842,8.4682,2791693.7179
300604.SZ,2025-03-21,44.38,44.7,43.35,43.5,44.54,-1.04,-2.335,183593.85,806300.067,3.8055,0.81,603.7497,8.2705,2726508.2337
300604.SZ,2025-03-24,43.3,44.13,42.0,43.65,43.5,0.15,0.3448,168418.06,728865.703,3.4909,0.98,605.8316,8.299,2735909.9862
300604.SZ,2025-03-25,43.44,43.86,42.01,42.38,43.65,-1.27,-2.9095,125284.53,536259.474,2.5969,0.77,588.2049,8.0575,2656308.4815
300604.SZ,2025-03-26,42.28,42.92,42.26,42.34,42.38,-0.04,-0.0944,89589.31,381260.32,1.857,0.58,587.6497,8.0499,2653801.3475
300604.SZ,2025-03-27,42.01,43.4,41.8,42.19,42.34,-0.15,-0.3543,120419.28,511641.018,2.496,0.86,585.5679,8.0214,2644399.5949
300604.SZ,2025-03-28,42.41,43.1,41.5,41.52,42.19,-0.67,-1.5881,111685.0,469088.306,2.2974,0.81,579.6543,7.8569,2617694.2258
300604.SZ,2025-03-31,41.3,41.99,40.9,41.68,41.52,0.16,0.3854,102594.82,424560.915,2.1105,0.83,581.888,7.8872,2627781.6795
300604.SZ,2025-04-01,41.81,42.93,41.5,42.28,41.68,0.6,1.4395,132522.69,559647.871,2.7261,1.21,590.2645,8.0008,2665609.6307
300604.SZ,2025-04-02,42.11,42.5,41.91,42.15,42.28,-0.13,-0.3075,79292.14,334168.007,1.6311,0.71,588.4496,7.9762,2657413.5746
300604.SZ,2025-04-03,41.9,42.78,41.81,42.37,42.15,0.22,0.5219,108490.08,459795.92,2.2317,0.99,591.521,8.0178,2671283.8234
300604.SZ,2025-04-07,40.5,41.6,35.69,36.98,42.37,-5.39,-12.7213,269267.51,1038938.424,5.539,2.52,516.2721,6.9978,2331462.7281
300604.SZ,2025-04-08,37.72,39.0,36.79,37.73,36.98,0.75,2.0281,195016.36,735678.502,4.0116,1.41,526.7427,7.1397,2378747.6671
300604.SZ,2025-04-09,37.0,39.88,35.51,39.62,37.73,1.89,5.0093,259022.25,998144.174,5.3283,1.65,553.1287,7.4974,2497905.7135
300604.SZ,2025-04-10,40.29,41.32,39.92,39.97,39.62,0.35,0.8834,201187.03,816445.677,4.1386,1.1,558.015,7.5636,2519972.0184
300604.SZ,2025-04-11,39.5,42.69,39.27,41.55,39.97,1.58,3.953,258168.69,1067373.075,5.3107,1.25,580.0731,7.8626,2619585.6234
300604.SZ,2025-04-14,42.32,42.5,41.0,41.38,41.55,-0.17,-0.4091,190506.4,792386.403,3.9189,0.81,577.6998,7.8304,2608867.7039
300604.SZ,2025-04-15,41.41,41.45,40.62,40.85,41.38,-0.53,-1.2808,94954.97,387665.106,1.9533,0.43,570.3005,7.7302,2575453.0136
300604.SZ,2025-04-16,40.95,41.39,40.39,40.98,40.85,0.13,0.3182,110048.0,450375.63,2.2638,0.55,572.1154,7.7548,2583649.0697
300604.SZ,2025-04-17,40.69,41.47,40.46,40.46,40.98,-0.52,-1.2689,98905.8,405529.621,2.0346,0.58,564.8558,7.6564,2550864.8453
300604.SZ,2025-04-18,40.45,40.5,39.7,40.15,40.46,-0.31,-0.7662,73411.33,294256.039,1.5101,0.49,560.5279,7.5977,2531320.4038
300604.SZ,2025-04-21,40.15,40.69,39.93,40.68,40.15,0.53,1.32,72209.68,292403.623,1.4854,0.64,567.9272,7.698,2564735.0941
300604.SZ,2025-04-22,40.59,41.49,40.42,40.99,40.68,0.31,0.762,119565.9,492008.686,2.4596,1.33,572.255,7.7566,2584279.5355
300604.SZ,2025-04-23,41.22,41.96,40.75,41.57,40.99,0.58,1.415,126062.02,520793.627,2.5932,1.33,580.3523,7.8664,2620846.5551
300604.SZ,2025-04-24,41.57,41.84,40.92,41.07,41.57,-0.5,-1.2028,91712.18,378259.951,1.8866,0.94,573.3719,7.7718,2589323.2624
300604.SZ,2025-04-25,41.17,42.5,41.0,42.26,41.07,1.19,2.8975,153904.5,644554.572,3.1659,1.59,589.9853,7.997,2664348.699
300604.SZ,2025-04-28,42.2,43.73,41.92,43.47,42.26,1.21,2.8632,206111.56,886060.017,4.2399,1.83,606.8779,8.2259,2740635.0673
300604.SZ,2025-04-29,42.68,42.71,41.75,42.01,43.47,-1.46,-3.3586,200566.52,844849.663,4.1258,1.44,57.7747,7.6463,2648587.0527
300604.SZ,2025-04-30,42.1,42.39,41.88,41.88,42.01,-0.13,-0.3095,128507.56,541651.381,2.6435,0.83,57.596,7.6226,2640390.9966
300604.SZ,2025-05-06,42.25,42.92,42.24,42.92,41.88,1.04,2.4833,159969.34,681697.212,3.2907,1.02,59.0262,7.8119,2705959.4454
300604.SZ,2025-05-07,43.48,43.8,42.4,42.85,42.92,-0.07,-0.1631,158784.12,683395.925,3.2663,0.94,58.93,7.7992,2701546.1844
300604.SZ,2025-05-08,42.8,43.0,42.6,42.86,42.85,0.01,0.0233,104247.4,446437.356,2.1445,0.61,58.9437,7.801,2702176.6502
300604.SZ,2025-05-09,42.9,42.9,41.89,42.2,42.86,-0.66,-1.5399,102093.79,431574.663,2.1002,0.68,58.036,7.6808,2660565.9039
300604.SZ,2025-05-12,42.5,42.99,42.18,42.76,42.2,0.56,1.327,123802.18,528156.336,2.5467,0.95,58.8062,7.7828,2695871.9917
300604.SZ,2025-05-13,43.09,44.04,42.62,42.68,42.76,-0.08,-0.1871,163057.5,705336.927,3.3542,1.26,58.6962,7.7682,2690828.2649
300604.SZ,2025-05-14,42.7,43.88,42.69,43.21,42.68,0.53,1.2418,177006.38,768627.449,3.6412,1.36,59.4251,7.8647,2724242.9551
300604.SZ,2025-05-15,43.1,43.18,41.45,41.56,43.21,-1.65,-3.8186,142006.45,598263.124,2.9212,1.06,57.1559,7.5644,2620216.0892
300604.SZ,2025-05-16,41.8,42.17,41.57,41.75,41.56,0.19,0.4572,73442.9,307642.566,1.5108,0.52,57.4172,7.5989,2632194.9405
300604.SZ,2025-05-19,41.66,41.99,41.08,41.54,41.75,-0.21,-0.503,69494.0,288034.343,1.4295,0.51,57.1284,7.5607,2618955.1575
300604.SZ,2025-05-20,41.59,41.88,41.47,41.57,41.54,0.03,0.0722,65177.26,271678.724,1.3407,0.52,57.1696,7.5662,2620846.5551
300604.SZ,2025-05-21,41.76,43.25,41.64,42.42,41.57,0.85,2.0447,173104.57,739505.621,3.5609,1.64,58.3386,7.7209,2674436.1527
300604.SZ,2025-05-22,42.42,44.85,42.35,43.78,42.42,1.36,3.206,337379.49,1476559.926,6.9402,3.22,60.209,7.9684,2760179.5088
300604.SZ,2025-05-23,43.38,43.98,42.85,43.03,43.78,-0.75,-1.7131,179488.14,775869.712,3.6922,1.25,59.1775,7.8319,2712894.5698
300604.SZ,2025-05-26,43.6,43.68,42.5,42.99,43.03,-0.04,-0.093,132710.0,570156.834,2.73,0.8,59.1225,7.8246,2710372.7063
300604.SZ,2025-05-27,42.8,42.99,41.93,42.22,42.99,-0.77,-1.7911,101912.93,429989.017,2.0964,0.57,58.0636,7.6845,2661826.8356
300604.SZ,2025-05-28,42.15,42.37,41.1,41.11,42.22,-1.11,-2.6291,114774.83,475666.123,2.361,0.62,56.537,7.4825,2591845.1258
300604.SZ,2025-05-29,41.1,41.85,41.03,41.76,41.11,0.65,1.5811,102046.47,424088.325,2.0992,0.59,57.4309,7.6008,2632825.4063
300604.SZ,2025-05-30,41.69,42.25,41.03,41.17,41.76,-0.59,-1.4128,84367.39,349456.233,1.7355,0.67,56.6195,7.4934,2595627.9209
300604.SZ,2025-06-03,40.74,42.42,40.7,41.71,41.17,0.54,1.3116,110808.59,464392.697,2.2794,1.03,57.3622,7.5917,2629673.077
300604.SZ,2025-06-04,41.65,41.97,41.49,41.62,41.71,-0.09,-0.2158,73346.24,305714.216,1.5088,0.71,57.2384,7.5753,2623998.8843
300604.SZ,2025-06-05,41.81,42.66,41.47,42.33,41.62,0.71,1.7059,116073.09,488653.921,2.3877,1.2,58.2148,7.7045,2668761.96
300604.SZ,2025-06-06,42.25,42.57,42.05,42.44,42.33,0.11,0.2599,78186.33,330831.812,1.6084,0.8,58.3661,7.7245,2675697.0844
300604.SZ,2025-06-09,42.43,42.64,42.19,42.42,42.44,-0.02,-0.0471,85691.56,363256.726,1.7627,0.93,58.3386,7.7209,2674436.1527
300604.SZ,2025-06-10,42.42,42.43,41.0,41.23,42.42,-1.19,-2.8053,113671.0,472694.037,2.3383,1.22,56.702,7.5043,2599410.716
300604.SZ,2025-06-11,41.3,41.69,41.2,41.27,41.23,0.04,0.097,60882.58,252078.689,1.2524,0.65,56.7571,7.5116,2601932.5795
300604.SZ,2025-06-12,41.16,41.47,41.01,41.07,41.27,-0.2,-0.4846,61330.5,252512.189,1.2616,0.67,56.482,7.4752,2589323.2624
300604.SZ,2025-06-13,40.98,41.38,40.27,41.03,41.07,-0.04,-0.0974,94511.6,386042.633,1.9442,1.18,56.427,7.4679,2586801.399
300604.SZ,2025-06-16,40.91,41.47,40.71,41.08,41.03,0.05,0.1219,55107.85,226918.637,1.1336,0.66,56.4958,7.477,2589953.7282
300604.SZ,2025-06-17,41.08,41.63,41.05,41.29,41.08,0.21,0.5112,66817.86,275897.218,1.3745,0.87,56.7846,7.5152,2603193.5112
300604.SZ,2025-06-18,41.31,41.74,40.81,41.39,41.29,0.1,0.2422,68085.96,280909.314,1.4006,1.01,56.9221,7.5334,2609498.1697
300604.SZ,2025-06-19,41.37,41.75,40.7,40.83,41.39,-0.56,-1.353,90984.99,375710.764,1.8716,1.32,56.1519,7.4315,2574192.0819
300604.SZ,2025-06-20,40.79,41.9,40.7,41.04,40.83,0.21,0.5143,97952.55,405496.308,2.015,1.3,56.4407,7.4697,2587431.8648
300604.SZ,2025-06-23,40.95,42.95,40.6,42.46,41.04,1.42,3.46,217738.02,923230.725,4.479,2.87,58.3936,7.7282,2676958.0161
300604.SZ,2025-06-24,42.47,43.08,42.42,42.9,42.46,0.44,1.0363,149507.3,640241.901,3.0755,1.38,58.9987,7.8083,2704698.5137
300604.SZ,2025-06-25,42.02,44.16,41.89,43.97,42.9,1.07,2.4942,265606.4,1148170.474,5.4637,2.13,60.4703,8.003,2772158.36
300604.SZ,2025-06-26,46.16,46.65,44.64,44.79,43.97,0.82,1.8649,422566.06,1926400.965,8.6925,2.57,61.598,8.1523,2823856.5601
300604.SZ,2025-06-27,45.0,45.38,44.4,44.41,44.79,-0.38,-0.8484,212981.04,953634.35,4.3812,0.92,61.0754,8.0831,2799898.8576
300604.SZ,2025-06-30,44.86,45.45,44.63,44.91,44.41,0.5,1.1259,160772.61,722796.81,3.3072,0.63,61.763,8.1741,2831422.1503
300604.SZ,2025-07-01,44.8,45.45,44.68,45.01,44.91,0.1,0.2227,163491.13,736759.592,3.3631,0.67,61.9005,8.1923,2837726.8089
300604.SZ,2025-07-02,44.81,44.81,43.75,43.92,45.01,-1.09,-2.4217,138346.7,611364.527,2.8459,0.56,60.4015,7.9939,2769006.0308
300604.SZ,2025-07-03,43.95,44.64,43.88,44.55,43.92,0.63,1.4344,105105.7,465283.509,2.1621,0.48,61.2679,8.1086,2808725.3796
300604.SZ,2025-07-04,44.55,45.63,44.13,44.79,44.55,0.24,0.5387,180911.26,812390.458,3.7215,1.16,61.598,8.1523,2823856.5601
300604.SZ,2025-07-07,45.25,45.63,44.71,44.87,44.79,0.08,0.1786,139456.53,628950.954,2.8687,0.93,61.708,8.1668,2828900.2869
300604.SZ,2025-07-08,44.88,45.46,44.45,45.0,44.87,0.13,0.2897,175478.0,791389.739,3.6097,1.21,61.8868,8.1905,2837096.343
300604.SZ,2025-07-09,44.9,44.96,43.82,44.0,45.0,-1.0,-2.2222,188141.74,833811.682,3.8702,1.27,60.5115,8.0085,2774049.7576
300604.SZ,2025-07-10,43.89,44.15,43.65,43.86,44.0,-0.14,-0.3182,118918.37,521771.668,2.4462,0.75,60.319,7.983,2765223.2356
300604.SZ,2025-07-11,43.8,44.58,43.12,44.37,43.86,0.51,1.1628,155389.0,684690.449,3.1965,0.97,61.0204,8.0758,2797376.9942
300604.SZ,2025-07-14,44.17,44.43,43.94,43.96,44.37,-0.41,-0.924,86541.25,381564.037,1.7802,0.56,60.4565,8.0012,2771527.8942
300604.SZ,2025-07-15,43.96,44.71,43.9,44.2,43.96,0.24,0.546,133949.8,593232.007,2.7555,0.92,60.7866,8.0449,2786659.0747
300604.SZ,2025-07-16,44.12,44.86,43.91,44.42,44.2,0.22,0.4977,121473.01,540063.026,2.4988,0.89,61.0891,8.0849,2800529.3235
300604.SZ,2025-07-17,44.31,44.97,44.02,44.89,44.42,0.47,1.0581,137859.71,613108.077,2.8359,1.12,61.7355,8.1705,2830161.2186
300604.SZ,2025-07-18,44.66,45.0,44.17,44.58,44.79,-0.21,-0.4689,147739.42,657149.463,3.0391,1.16,61.3092,8.2645,2810616.7771
300604.SZ,2025-07-21,44.59,44.65,44.2,44.38,44.58,-0.2,-0.4486,114860.42,510059.221,2.3628,0.92,61.0341,8.2274,2798007.4601
300604.SZ,2025-07-22,43.83,44.36,42.71,43.92,44.38,-0.46,-1.0365,247590.97,1081221.758,5.0991,1.89,60.4015,7.319,2769006.0308
300604.SZ,2025-07-23,43.96,45.3,43.94,45.02,43.92,1.1,2.5046,336869.96,1512868.585,6.9378,2.19,61.9143,7.5023,2838357.2747
300604.SZ,2025-07-24,45.16,45.68,44.75,45.13,45.02,0.11,0.2443,233711.6,1055146.707,4.8132,1.19,62.0656,7.5206,2845292.3991
300604.SZ,2025-07-25,45.13,45.4,44.61,45.31,45.13,0.18,0.3988,175087.61,787759.695,3.6059,0.81,62.3131,7.5506,2856640.7845
300604.SZ,2025-07-28,45.58,45.69,44.89,45.09,45.31,-0.22,-0.4855,152237.2,688079.627,3.1353,0.69,62.0106,7.5139,2842770.5357
300604.SZ,2025-07-29,44.83,45.23,44.69,45.05,45.09,-0.04,-0.0887,134597.81,604779.346,2.772,0.59,61.9555,7.5073,2840248.6723
300604.SZ,2025-07-30,44.9,45.15,44.03,44.34,45.05,-0.71,-1.576,153810.0,686726.003,3.1677,0.74,60.9791,7.389,2795485.5966
300604.SZ,2025-07-31,44.26,44.76,43.25,43.44,44.34,-0.9,-2.0298,164927.37,724854.586,3.3966,0.97,59.7414,7.239,2738743.6698
300604.SZ,2025-08-01,43.5,44.28,43.12,43.68,43.44,0.24,0.5525,134219.7,587576.382,2.7642,0.86,60.0714,7.279,2753874.8503
300604.SZ,2025-08-04,43.55,44.44,43.35,44.12,43.68,0.44,1.0073,113311.07,498523.185,2.3336,0.77,60.6765,7.3523,2781615.3478
300604.SZ,2025-08-05,44.05,44.15,43.85,44.04,44.12,-0.08,-0.1813,93685.9,412038.134,1.9294,0.67,60.5665,7.339,2776571.621
300604.SZ,2025-08-06,44.0,44.65,43.72,44.46,44.04,0.42,0.9537,114926.4,508332.286,2.3669,0.87,61.1441,7.4089,2803051.1869
300604.SZ,2025-08-07,44.55,45.21,44.26,44.68,44.46,0.22,0.4948,200563.62,897561.606,4.1306,1.61,61.4467,7.4456,2816921.4357
300604.SZ,2025-08-08,44.66,44.67,43.76,43.81,44.68,-0.87,-1.9472,132104.75,581673.661,2.7207,1.01,60.2502,7.3006,2762070.9064
300604.SZ,2025-08-11,43.8,44.38,43.7,44.04,43.81,0.23,0.525,113470.23,500379.17,2.3369,0.87,60.5665,7.339,2776571.621
300604.SZ,2025-08-12,44.05,44.8,43.66,44.7,44.04,0.66,1.4986,189832.75,840350.521,3.9096,1.45,61.4742,7.4489,2818182.3674
300604.SZ,2025-08-13,44.67,45.46,44.48,45.33,44.7,0.63,1.4094,253106.41,1143703.659,5.2127,1.69,62.3406,7.5539,2857901.7162
300604.SZ,2025-08-14,45.51,46.18,44.65,44.84,45.33,-0.49,-1.081,262032.79,1191210.081,5.3965,1.47,61.6667,7.4723,2827008.8893
300604.SZ,2025-08-15,44.64,45.82,44.62,45.64,44.84,0.8,1.7841,222654.6,1009254.295,4.5855,1.17,62.7669,7.6056,2877446.1577
300604.SZ,2025-08-18,45.98,51.9,45.64,49.55,45.64,3.91,8.567,580913.92,2821194.719,11.9638,2.79,68.1442,8.2572,3123958.3066
300604.SZ,2025-08-19,49.6,49.64,48.24,48.42,49.55,-1.13,-2.2805,302655.7,1477792.226,6.2331,1.0,66.5902,8.0689,3052715.6651
300604.SZ,2025-08-20,48.18,49.49,47.33,49.45,48.42,1.03,2.1272,329347.42,1596265.547,6.7828,1.02,68.0067,8.2405,3117653.648
300604.SZ,2025-08-21,49.5,49.89,48.51,48.76,49.45,-0.69,-1.3953,264812.8,1300777.49,5.4538,0.78,67.0578,8.1255,3074151.5041
300604.SZ,2025-08-22,48.76,51.88,48.68,51.15,48.76,2.39,4.9016,512037.61,2588069.825,10.5453,1.51,70.3446,8.5238,3224832.8432
300604.SZ,2025-08-25,52.0,54.39,50.63,51.31,51.15,0.16,0.3128,537557.78,2785849.189,11.0709,1.35,70.5647,8.5505,3234920.2969
300604.SZ,2025-08-26,50.74,52.01,50.21,50.94,51.31,-0.37,-0.7211,334196.75,1706433.382,6.8827,0.86,70.0558,8.4888,3211593.0603
300604.SZ,2025-08-27,51.13,61.13,50.73,59.59,50.94,8.65,16.9808,1265321.4,7356357.329,26.059,3.2,81.9518,9.9303,3756946.024
300604.SZ,2025-08-28,60.01,62.5,58.43,61.32,59.59,1.73,2.9032,953504.34,5778191.223,19.6372,1.64,84.3311,10.2185,3866016.6167
300604.SZ,2025-08-29,60.8,61.55,58.17,59.75,61.32,-1.57,-2.5603,648078.22,3866722.721,13.347,0.9,82.1719,9.9569,3767033.4777
300604.SZ,2025-09-01,60.54,64.55,57.84,62.5,59.75,2.75,4.6025,782836.92,4770825.952,16.1223,1.05,85.9539,10.4152,3940411.5875
300604.SZ,2025-09-02,63.43,63.51,58.51,58.91,62.5,-3.59,-5.744,549324.29,3320491.573,11.3132,0.69,81.0167,9.8169,3714074.3459
300604.SZ,2025-09-03,59.48,61.43,58.55,59.36,58.91,0.45,0.7639,450342.49,2701118.538,9.2747,0.54,81.6355,9.8919,3742445.3093
300604.SZ,2025-09-04,59.75,60.3,53.36,54.16,59.36,-5.2,-8.7601,566556.06,3168632.449,11.6681,0.84,74.4842,9.0254,3414603.0653
300604.SZ,2025-09-05,54.71,57.4,53.95,57.06,54.16,2.9,5.3545,381116.35,2109174.503,7.849,0.64,78.4724,9.5086,3597438.1629
300604.SZ,2025-09-08,57.86,58.86,56.6,58.5,57.06,1.44,2.5237,356576.66,2063681.591,7.3436,0.65,80.4528,9.7486,3688225.2459
300604.SZ,2025-09-09,58.18,58.2,55.2,55.71,58.5,-2.79,-4.7692,263380.89,1488526.674,5.4243,0.57,76.6158,9.2837,3512325.2726
300604.SZ,2025-09-10,55.91,57.48,55.6,56.45,55.71,0.74,1.3283,220319.37,1245073.188,4.5374,0.55,77.6335,9.407,3558979.7458
300604.SZ,2025-09-11,56.03,59.85,55.61,59.1,56.45,2.65,4.6944,387917.65,2256436.227,7.9891,1.08,81.278,9.8486,3726053.1971
300604.SZ,2025-09-12,60.81,62.76,59.55,61.19,59.1,2.09,3.5364,473163.3,2909551.276,9.7447,1.47,84.1523,10.1969,3857820.5606
300604.SZ,2025-09-15,62.21,62.37,58.74,59.86,61.19,-1.33,-2.1736,337590.79,2019753.69,6.9526,0.99,82.3232,9.9752,3773968.602
300604.SZ,2025-09-16,60.0,61.15,59.38,59.72,59.86,-0.14,-0.2339,264350.39,1584695.075,5.4442,0.79,82.1306,9.9519,3765142.0801
300604.SZ,2025-09-17,60.01,65.1,59.8,64.75,59.72,5.03,8.4226,489811.76,3078968.466,10.0876,1.45,89.0482,10.7901,4082266.4047
300604.SZ,2025-09-18,66.75,68.88,63.66,64.89,64.75,0.14,0.2162,566381.85,3750239.229,11.6645,1.45,89.2407,10.8135,4091092.9266
300604.SZ,2025-09-19,65.87,67.13,63.8,63.99,64.89,-0.9,-1.387,344106.08,2244184.863,7.0868,0.81,88.003,10.6635,4034350.9997
300604.SZ,2025-09-22,64.01,67.8,64.0,66.89,63.99,2.9,4.532,382318.39,2515256.454,7.8738,0.95,91.9913,11.1467,4217186.0974
300604.SZ,2025-09-23,80.27,80.27,77.88,80.27,66.89,13.38,20.003,530374.24,4240697.124,10.9229,1.3,110.3923,13.3764,5060749.4101
300604.SZ,2025-09-24,87.02,96.32,86.22,96.32,80.27,16.05,19.995,1239245.07,11289732.802,25.5219,2.68,132.4652,16.0511,6072647.1057
300604.SZ,2025-09-25,97.73,99.5,92.4,94.59,96.32,-1.73,-1.7961,1118168.86,10587162.08,23.0284,1.83,130.086,15.7628,5963576.513
300604.SZ,2025-09-26,94.13,96.66,90.11,95.6,94.59,1.01,1.0678,1105852.52,10361598.437,22.7748,1.53,131.475,15.9311,6027253.5642
300604.SZ,2025-09-29,95.0,106.99,94.55,104.12,95.6,8.52,8.9121,1112261.72,11046704.195,22.9068,1.27,143.1923,17.3509,6564410.4718
300604.SZ,2025-09-30,104.0,107.66,98.01,99.62,104.12,-4.5,-4.3219,940317.34,9636292.007,19.3656,0.92,137.0036,16.601,6280700.8375
300604.SZ,2025-10-09,101.2,102.59,95.0,95.54,99.62,-4.08,-4.0956,812666.38,8047662.456,16.7367,0.74,131.3925,15.9211,6023470.7691
300604.SZ,2025-10-10,94.51,98.76,93.51,94.75,95.54,-0.79,-0.8269,645975.75,6185127.858,13.3037,0.63,130.3061,15.7894,5973663.9667
300604.SZ,2025-10-13,92.01,95.51,90.96,92.26,94.75,-2.49,-2.628,587474.19,5468588.237,12.0989,0.64,126.8817,15.3745,5816677.969
300604.SZ,2025-10-14,93.5,93.96,83.6,83.93,92.26,-8.33,-9.0288,780441.26,6849536.056,16.073,0.95,115.4257,13.9863,5291499.9126
300604.SZ,2025-10-15,84.03,85.37,83.12,84.78,83.93,0.85,1.0127,497181.9,4194761.616,10.2393,0.66,116.5947,14.128,5345089.5102
300604.SZ,2025-10-16,84.0,87.45,83.44,85.0,84.78,0.22,0.2595,477880.48,4085074.681,9.8418,0.72,116.8973,14.1647,5358959.759
300604.SZ,2025-10-17,85.0,85.51,82.44,82.83,85.0,-2.17,-2.5529,363988.59,3043133.269,7.4963,0.61,113.9129,13.803,5222148.6687
300604.SZ,2025-10-20,84.6,85.01,81.5,82.05,82.83,-0.78,-0.9417,372188.22,3096288.073,7.6651,0.69,112.8402,13.6731,5172972.3321
300604.SZ,2025-10-21,82.4,85.27,81.02,84.87,82.05,2.82,3.4369,490500.62,4091350.603,10.1017,0.98,116.7185,14.143,5350763.7029
300604.SZ,2025-10-22,83.4,87.27,82.51,85.3,84.87,0.43,0.5067,476206.67,4039817.827,9.8074,1.08,117.3098,14.2146,5377873.7346
300604.SZ,2025-10-23,83.73,84.25,81.52,83.43,85.3,-1.87,-2.1923,300778.6,2495328.44,6.1945,0.69,114.7381,13.903,5259976.6199
300604.SZ,2025-10-24,84.8,88.8,84.03,88.62,83.43,5.19,6.2208,647772.0,5620148.646,13.3407,1.62,121.8757,14.7679,5587188.3981
300604.SZ,2025-10-27,90.48,92.89,89.11,90.81,88.62,2.19,2.4712,699626.62,6365268.455,14.4086,1.53,124.8875,15.1328,5725260.4202
300604.SZ,2025-10-28,89.14,91.5,87.47,88.15,90.81,-2.66,-2.9292,511449.05,4569079.649,10.5332,0.98,121.2293,14.6896,5557556.503
300604.SZ,2025-10-29,86.85,92.52,86.85,92.52,88.15,4.37,4.9575,554430.28,4999820.174,11.4184,1.05,127.2392,15.4178,5833070.0812
300604.SZ,2025-10-30,92.3,93.78,88.0,88.0,92.52,-4.52,-4.8854,535795.08,4848077.704,11.0346,0.99,121.023,12.9049,5548099.5152
300604.SZ,2025-10-31,89.76,89.78,83.32,83.6,88.0,-4.4,-5.0,430338.3,3665868.533,8.8627,0.73,114.9719,12.2596,5270694.5394
300604.SZ,2025-11-03,82.65,83.5,78.88,82.42,83.6,-1.18,-1.4115,460423.6,3729955.402,9.4823,0.84,113.3491,12.0866,5196299.5687
300604.SZ,2025-11-04,82.0,83.0,80.6,81.31,82.42,-1.11,-1.3468,249933.33,2044940.479,5.1473,0.5,111.8225,11.9238,5126317.8589
300604.SZ,2025-11-05,79.0,80.98,78.72,79.88,81.31,-1.43,-1.7587,252624.57,2014213.633,5.2027,0.57,109.8559,11.7141,5036161.2418
300604.SZ,2025-11-06,81.01,84.17,79.91,83.26,79.88,3.38,4.2313,399463.57,3295832.307,8.2269,1.04,114.5043,12.2098,5249258.7004
300604.SZ,2025-11-07,82.02,84.46,81.6,82.94,83.26,-0.32,-0.3843,252146.77,2090585.719,5.1929,0.7,114.0642,12.1628,5229083.7931
300604.SZ,2025-11-10,82.62,84.1,80.5,82.16,82.94,-0.78,-0.9404,262188.3,2156140.224,5.3563,0.81,113.6971,11.9504,5212251.8766
300604.SZ,2025-11-11,83.3,84.44,79.59,79.76,82.16,-2.4,-2.9211,289411.96,2360187.956,5.9124,1.02,110.3758,11.6013,5059995.2493
300604.SZ,2025-11-12,78.87,80.76,77.82,79.6,79.76,-0.16,-0.2006,215203.9,1703236.717,4.3964,0.74,110.1544,11.578,5049844.8074
300604.SZ,2025-11-13,79.62,81.0,79.0,80.3,79.6,0.7,0.8794,193551.33,1548644.321,3.9541,0.68,111.1231,11.6798,5094252.9904
300604.SZ,2025-11-14,79.2,81.18,77.81,78.61,80.3,-1.69,-2.1046,197883.68,1568707.631,4.0426,0.82,108.7844,11.434,4987038.9487
300604.SZ,2025-11-17,79.0,79.66,76.35,77.0,78.61,-1.61,-2.0481,221176.42,1713977.763,4.5184,0.95,106.5564,11.1998,4884900.1278
300604.SZ,2025-11-18,76.6,80.88,76.5,79.1,77.0,2.1,2.7273,340844.67,2705338.709,6.9632,1.53,109.4625,11.5053,5018124.6767
300604.SZ,2025-11-19,78.47,80.43,77.93,78.45,79.1,-0.65,-0.8217,184769.2,1458256.274,3.7747,0.79,108.563,11.4107,4976888.5068
300604.SZ,2025-11-20,79.4,79.92,77.26,77.35,78.45,-1.1,-1.4022,146330.78,1143772.103,2.9894,0.64,107.0407,11.2507,4907104.2193
300604.SZ,2025-11-21,75.61,76.97,73.6,73.6,77.35,-3.75,-4.8481,210272.65,1574227.821,4.2957,0.96,101.8513,10.7053,4669203.239
300604.SZ,2025-11-24,74.0,75.35,72.93,73.62,73.6,0.02,0.0272,200636.77,1483106.714,4.0988,0.91,101.879,10.7082,4670472.0443
300604.SZ,2025-11-25,74.78,77.34,74.6,75.73,73.62,2.11,2.8661,218312.03,1662733.927,4.4599,1.01,104.7989,11.0151,4804330.9958
300604.SZ,2025-11-26,75.09,78.16,74.88,77.0,75.73,1.27,1.677,233953.72,1805161.076,4.7795,1.22,106.5564,11.1998,4884900.1278
300604.SZ,2025-11-27,77.6,78.8,75.79,75.91,77.0,-1.09,-1.4156,200344.31,1547766.436,4.0929,0.99,105.048,11.0413,4815750.2429
300604.SZ,2025-11-28,76.23,77.5,75.4,77.11,75.91,1.2,1.5808,178007.02,1364627.384,3.6365,0.84,106.7086,11.2158,4891878.5566
300604.SZ,2025-12-01,75.0,80.98,74.88,79.41,77.11,2.3,2.9828,349323.9,2751319.833,7.1364,1.69,109.8915,11.5504,5037791.1578
300604.SZ,2025-12-02,79.02,80.12,78.11,78.68,79.41,-0.73,-0.9193,183629.1,1451891.32,3.7514,0.78,108.8813,11.4442,4991479.767
300604.SZ,2025-12-03,78.82,85.35,78.82,81.81,78.68,3.13,3.9781,538757.49,4473998.888,11.0063,2.35,113.2127,11.8994,5190047.7851
300604.SZ,2025-12-04,82.5,88.81,81.5,87.5,81.81,5.69,6.9551,632850.12,5418902.917,12.9286,2.18,121.0868,12.7271,5551022.8725
300604.SZ,2025-12-05,86.0,87.02,84.08,85.63,87.5,-1.87,-2.1371,426716.63,3644598.452,8.7174,1.13,118.499,12.4551,5432389.5837
300604.SZ,2025-12-08,85.0,88.22,84.69,87.82,85.63,2.19,2.5575,428614.94,3718811.722,8.7562,1.01,121.5296,12.7736,5571323.7561
300604.SZ,2025-12-09,86.6,88.98,85.01,87.12,87.82,-0.7,-0.7971,343620.04,2988577.458,7.0199,0.78,120.5609,12.6718,5526915.5732
300604.SZ,2025-12-10,86.1,90.5,86.1,90.0,87.12,2.88,3.3058,432955.55,3836906.184,8.8449,0.91,124.5464,13.0907,5709623.526
300604.SZ,2025-12-11,90.6,91.05,88.53,89.18,90.0,-0.82,-0.9111,328105.29,2949323.499,6.7029,0.72,123.4117,12.9714,5657602.5117
300604.SZ,2025-12-12,90.04,95.0,88.24,93.5,89.18,4.32,4.8441,522298.24,4813074.84,10.6701,1.33,129.3899,13.5998,5931664.4409
300604.SZ,2025-12-15,93.03,93.4,87.3,88.8,93.5,-4.7,-5.0267,382624.64,3432739.883,7.8167,0.93,122.8858,12.9162,5633495.2123
300604.SZ,2025-12-16,89.5,89.9,86.0,87.56,88.8,-1.24,-1.3964,311361.08,2737642.665,6.3608,0.77,121.1698,12.7358,5554829.2882
300604.SZ,2025-12-17,87.38,90.39,86.18,89.98,87.56,2.42,2.7638,272053.5,2410676.887,5.5578,0.69,124.5188,13.0878,5708354.7208
300604.SZ,2025-12-18,88.97,90.41,87.85,88.49,89.98,-1.49,-1.6559,188635.09,1675820.022,3.8536,0.52,122.4568,12.8711,5613828.7313
300604.SZ,2025-12-19,89.0,89.99,86.8,87.25,88.49,-1.24,-1.4013,199422.07,1754810.937,4.074,0.59,120.7408,12.6907,5535162.8072
300604.SZ,2025-12-22,87.64,95.23,87.63,94.57,87.25,7.32,8.3897,406655.91,3805751.532,8.3076,1.5,130.8706,13.7554,5999545.5206
300604.SZ,2025-12-23,94.37,98.2,94.29,97.09,94.57,2.52,2.6647,351031.19,3382305.391,7.1713,1.27,134.3579,14.122,6159414.9793
300604.SZ,2025-12-24,97.09,99.89,94.91,98.79,97.09,1.7,1.751,326077.59,3184808.109,6.6615,1.15,136.7105,14.3692,6267263.4237
300604.SZ,2025-12-25,99.9,109.66,99.01,106.25,98.79,7.46,7.5514,545948.03,5738468.06,11.1532,1.85,147.034,15.4543,6740527.7738
300604.SZ,2025-12-26,107.52,108.12,104.09,105.03,106.25,-1.22,-1.1482,322703.03,3400652.168,6.5925,0.88,145.3457,15.2768,6663130.6548
300604.SZ,2025-12-29,106.72,108.85,105.0,106.01,105.03,0.98,0.9331,288785.98,3082067.847,5.8996,0.74,146.7019,15.4194,6725302.111
300604.SZ,2025-12-30,106.64,112.0,104.68,105.7,106.01,-0.31,-0.2924,380771.61,4099787.811,7.7788,1.04,146.2729,15.3743,6705635.63
300604.SZ,2025-12-31,110.02,111.0,100.79,101.31,105.7,-4.39,-4.1533,336688.5,3473376.129,6.8782,0.9,140.1978,14.7358,6427132.8824
300604.SZ,2026-01-05,102.02,106.96,102.0,106.0,101.31,4.69,4.6294,369264.91,3865610.1,7.5438,0.98,146.688,15.4179,6724667.7084
300604.SZ,2026-01-06,107.9,117.77,105.7,111.33,106.0,5.33,5.0283,439389.75,4906848.642,8.9763,1.29,154.0639,16.1932,7062804.3017
300604.SZ,2026-01-07,115.0,129.85,112.8,125.9,111.33,14.57,13.0872,601228.09,7123268.315,12.2826,1.66,174.2266,18.3124,7987128.9103
300604.SZ,2026-01-08,124.99,127.8,122.5,123.65,125.9,-2.25,-1.7871,351530.53,4383991.597,7.1815,0.83,171.113,17.9852,7844388.3221
300604.SZ,2026-01-09,120.99,125.5,118.1,123.6,123.65,-0.05,-0.0404,364859.49,4451707.633,7.4538,0.87,171.0438,17.9779,7841216.309
300604.SZ,2026-01-12,125.1,130.8,123.3,128.66,123.6,5.06,4.0939,461199.61,5857833.102,9.4219,1.08,178.046,18.7139,8162224.0317
300604.SZ,2026-01-13,127.38,128.89,122.0,122.81,128.66,-5.85,-4.5469,334903.39,4172951.882,6.8418,0.75,169.9505,17.863,7791098.5025
300604.SZ,2026-01-14,123.83,133.5,121.71,129.05,122.81,6.24,5.081,413887.43,5324948.365,8.4554,0.98,178.5857,18.7706,8186965.7337
300604.SZ,2026-01-15,127.07,137.69,126.44,137.3,129.05,8.25,6.3929,402689.58,5292998.775,8.2266,1.05,190.0025,19.9706,8710347.8902
300604.SZ,2026-01-16,137.4,143.33,134.71,138.5,137.3,1.2,0.874,506860.18,7037189.209,10.3547,1.28,191.6631,20.1451,8786476.2039
300604.SZ,2026-01-19,139.0,141.99,134.65,138.25,138.5,-0.25,-0.1805,290171.39,4001522.738,5.9279,0.68,191.3172,20.1088,8770616.1386
300604.SZ,2026-01-20,137.16,140.41,134.01,136.5,138.25,-1.75,-1.2658,256965.72,3509766.719,5.2496,0.66,188.8954,19.8542,8659595.6811
300604.SZ,2026-01-21,136.7,144.88,135.0,138.6,136.5,2.1,1.5385,332973.28,4640068.913,6.8023,0.89,191.8015,20.1597,8792820.23
300604.SZ,2026-01-22,139.9,140.0,131.5,134.76,138.6,-3.84,-2.7706,339753.94,4553862.427,6.9409,0.95,186.4875,19.6011,8549209.6263
300604.SZ,2026-01-23,132.9,140.9,129.8,140.1,134.76,5.34,3.9626,336287.24,4530789.01,6.8701,0.97,193.8773,20.3779,8887980.6221
300604.SZ,2026-01-26,137.12,137.66,129.01,130.17,140.1,-9.93,-7.0878,322227.74,4228243.023,6.5828,1.04,180.1357,18.9335,8258018.8264
300604.SZ,2026-01-27,129.46,133.22,127.6,131.04,130.17,0.87,0.6684,281458.84,3676352.791,5.7504,0.89,181.3396,19.0601,8313211.8539
300604.SZ,2026-01-28,131.59,133.83,128.96,132.69,131.04,1.65,1.2592,257445.04,3379244.228,5.2598,0.8,183.623,19.3001,8417888.2852
300604.SZ,2026-01-29,132.3,135.92,125.45,125.62,132.69,-7.07,-5.3282,395523.11,5132580.084,8.0809,1.29,173.8391,18.2717,7969365.6371
300604.SZ,2026-01-30,124.44,128.74,121.42,127.53,125.62,1.91,1.5205,329349.83,4139684.992,6.7289,1.03,176.4823,18.5495,8090536.5363
300604.SZ,2026-02-02,124.53,125.49,120.0,120.61,127.53,-6.92,-5.4262,314795.13,3836420.266,6.4315,0.99,166.9061,17.543,7651529.9275
300604.SZ,2026-02-03,126.0,129.8,123.7,129.15,120.61,8.54,7.0807,314456.02,3999797.171,6.4246,1.0,178.7241,18.7852,8193309.7598
300604.SZ,2026-02-04,127.51,132.22,127.23,129.64,129.15,0.49,0.3794,200704.43,2601551.755,4.1006,0.62,179.4022,18.8564,8224395.4879
300604.SZ,2026-02-05,127.0,129.5,124.01,128.25,129.64,-1.39,-1.0722,192140.27,2432567.461,3.9256,0.62,177.4787,18.6542,8136213.5246
300604.SZ,2026-02-06,126.25,129.58,125.02,126.03,128.25,-2.22,-1.731,157231.98,2000628.31,3.2124,0.58,174.4065,18.3313,7995376.1442
300604.SZ,2026-02-09,129.0,131.33,126.81,130.94,126.03,4.91,3.8959,218847.14,2834856.376,4.4712,0.93,181.2012,19.0455,8306867.8277
300604.SZ,2026-02-10,128.5,130.71,126.12,128.2,130.94,-2.74,-2.0926,200861.69,2570741.368,4.1038,0.93,177.4095,18.647,8133041.5115
300604.SZ,2026-02-11,128.0,130.5,126.78,128.9,128.2,0.7,0.546,148424.21,1916258.561,3.0324,0.77,178.3782,18.7488,8177449.6945
300604.SZ,2026-02-12,130.06,132.5,128.0,129.2,128.9,0.3,0.2327,178402.59,2312141.015,3.6449,0.97,178.7933,18.7924,8196481.7729
300604.SZ,2026-02-13,127.98,133.99,127.51,130.59,129.2,1.39,1.0759,214777.05,2824150.331,4.3881,1.19,180.7169,18.9946,8284663.7362
300604.SZ,2026-02-24,132.28,134.82,127.23,132.05,130.59,1.46,1.118,204046.59,2674438.018,4.1688,1.06,182.7373,19.207,8377286.5179
300604.SZ,2026-02-25,134.98,142.5,128.02,139.98,132.05,7.93,6.0053,352967.82,4778626.587,7.2114,1.86,193.7112,20.3604,8880367.7908
300604.SZ,2026-02-26,139.84,151.1,133.88,148.2,139.98,8.22,5.8723,385161.84,5485692.26,7.8692,1.75,205.0865,21.556,9401846.7395
300604.SZ,2026-02-27,143.9,146.44,140.7,144.5,148.2,-3.7,-2.4966,249330.34,3570892.859,5.094,0.93,199.9662,21.0178,9167117.7723
300604.SZ,2026-03-02,140.6,147.12,140.12,140.2,144.5,-4.3,-2.9758,229195.86,3279567.911,4.6827,0.81,194.0157,20.3924,8894324.6483
300604.SZ,2026-03-03,141.3,141.5,128.58,128.9,140.2,-11.3,-8.0599,249157.51,3329332.241,5.0905,0.88,178.3782,18.7488,8177449.6945
300604.SZ,2026-03-04,126.59,131.88,126.59,129.1,128.9,0.2,0.1552,163808.64,2120541.217,3.3468,0.56,178.6549,18.7779,8190137.7467
300604.SZ,2026-03-05,133.0,134.85,129.21,130.85,129.1,1.75,1.3555,184562.8,2439822.469,3.7708,0.72,181.0767,19.0324,8301158.2042
300604.SZ,2026-03-06,131.58,132.18,128.11,128.95,130.85,-1.9,-1.452,129521.51,1678860.562,2.6462,0.6,178.4474,18.7561,8180621.7075
300604.SZ,2026-03-09,122.52,127.5,120.3,126.9,128.95,-2.05,-1.5898,217127.96,2678318.081,4.4361,1.14,175.6105,18.4579,8050569.1717
300604.SZ,2026-03-10,130.0,133.76,129.35,132.65,126.9,5.75,4.5311,179012.03,2364679.697,3.6574,0.95,183.5676,19.2942,8415350.6747
300604.SZ,2026-03-11,132.14,134.28,127.8,128.97,132.65,-3.68,-2.7742,177041.96,2312495.198,3.6171,1.01,178.475,18.759,8181890.5128
300604.SZ,2026-03-12,129.01,129.5,123.25,124.59,128.97,-4.38,-3.3961,175318.43,2203819.369,3.5819,0.99,172.4138,18.1219,7904022.1678
300604.SZ,2026-03-13,123.59,128.1,122.51,124.2,124.59,-0.39,-0.313,140710.83,1755792.703,2.8748,0.8,171.8741,18.0652,7879280.4659
300604.SZ,2026-03-16,123.98,124.44,118.72,123.58,124.2,-0.62,-0.4992,177541.85,2155423.971,3.6273,1.0,171.0161,17.975,7839947.5038
300604.SZ,2026-03-17,124.46,126.9,121.21,121.6,123.58,-1.98,-1.6022,151629.85,1877445.684,3.0979,0.89,168.2761,17.687,7714335.7862
300604.SZ,2026-03-18,124.0,128.85,123.0,128.65,121.6,7.05,5.7977,211631.71,2679710.665,4.3238,1.29,178.0322,18.7124,8161589.6291
300604.SZ,2026-03-19,126.0,126.85,123.7,124.35,128.65,-4.3,-3.3424,149601.38,1868534.783,3.0565,0.87,172.0816,18.087,7888796.5051
300604.SZ,2026-03-20,125.92,128.5,123.55,123.62,124.35,-0.73,-0.5871,176760.25,2229806.654,3.6114,1.06,171.0714,17.9808,7842485.1143
300604.SZ,2026-03-23,121.09,123.35,114.99,117.0,123.62,-6.62,-5.3551,184922.62,2198318.214,3.7781,1.07,161.9104,17.0179,7422510.5838
300604.SZ,2026-03-24,119.0,121.5,116.55,120.92,117.0,3.92,3.3504,148130.93,1765495.755,3.0264,0.85,167.335,17.5881,7671196.4085
300604.SZ,2026-03-25,123.88,127.06,122.01,124.14,120.92,3.22,2.6629,168001.48,2097916.466,3.4324,0.96,171.791,18.0564,7875474.0502
300604.SZ,2026-03-26,123.6,124.89,120.44,120.89,124.14,-3.25,-2.618,108424.98,1325936.815,2.2152,0.66,167.2935,17.5837,7669293.2006
300604.SZ,2026-03-27,118.91,124.48,117.99,123.09,120.89,2.2,1.8198,114829.35,1402868.283,2.346,0.73,170.3423,17.9031,7809058.7197
300604.SZ,2026-03-30,121.24,126.88,119.8,125.49,123.09,2.4,1.9498,162317.87,2005092.873,3.3162,1.12,173.6636,18.2522,7961319.1871
300604.SZ,2026-03-31,125.11,125.6,120.9,121.05,125.49,-4.44,-3.5381,128849.94,1585190.593,2.6324,0.92,167.5192,17.6064,7679637.3225
300604.SZ,2026-04-01,124.0,127.89,123.0,124.48,121.05,3.43,2.8335,150864.36,1890043.335,3.0822,1.11,172.2659,18.1053,7897242.9071
300604.SZ,2026-04-02,124.0,124.36,114.55,115.8,124.48,-8.68,-6.973,211908.75,2497061.999,4.3293,1.59,160.2538,16.8428,7346567.5501
300604.SZ,2026-04-03,117.12,117.5,114.7,115.0,115.8,-0.8,-0.6908,101802.48,1179998.656,2.0798,0.66,159.1467,16.7265,7295814.061
300604.SZ,2026-04-07,116.5,122.0,115.5,118.98,115.0,3.98,3.4609,149195.82,1771605.404,3.0481,0.99,164.6545,17.3053,7548312.6694
300604.SZ,2026-04-08,125.0,131.07,123.35,130.51,118.98,11.53,9.6907,253288.04,3227026.734,5.1747,1.71,180.6107,18.9823,8279797.3313
300604.SZ,2026-04-09,128.8,136.16,128.01,134.2,130.51,3.69,2.8274,227306.85,3034237.418,4.6439,1.31,185.7172,19.519,8513897.7999
300604.SZ,2026-04-10,136.07,140.9,135.1,138.05,134.2,3.85,2.8689,192344.14,2656317.234,3.9296,1.02,191.0452,20.079,8758148.9663
300604.SZ,2026-04-13,136.96,139.0,135.01,135.29,138.05,-2.76,-1.9993,149717.0,2044839.134,3.0587,0.81,187.2257,19.6776,8583049.4288
300604.SZ,2026-04-14,137.18,142.3,136.0,139.82,135.29,4.53,3.3484,222661.87,3105437.259,4.549,1.15,193.4947,20.3365,8870441.0609
300604.SZ,2026-04-15,141.0,148.0,139.3,141.21,139.82,1.39,0.9941,228753.82,3267359.939,4.6735,1.09,195.4183,20.5386,8958625.2483
300604.SZ,2026-04-16,141.22,154.51,141.22,154.09,141.21,12.88,9.1212,307524.1,4617869.922,6.2828,1.51,213.2427,22.412,9775756.4231
300604.SZ,2026-04-17,153.7,153.7,148.75,150.7,154.09,-3.39,-2.2,213629.73,3215622.312,4.3645,0.97,208.5513,21.9189,9560688.513
300604.SZ,2026-04-20,150.99,155.55,150.5,151.8,150.7,1.1,0.7299,189292.79,2888571.747,3.8673,0.84,210.0736,22.0789,9630474.5605
300604.SZ,2026-04-21,151.44,151.44,146.41,148.3,151.8,-3.5,-2.3057,155107.05,2300590.882,3.1689,0.67,205.23,21.5699,9408428.0456
300604.SZ,2026-04-22,148.0,152.91,147.26,152.3,148.3,4.0,2.6972,182743.17,2749154.631,3.7335,0.83,210.7655,22.1516,9662195.4912
300604.SZ,2026-04-23,153.52,159.67,151.93,155.61,152.3,3.31,2.1733,208448.48,3240245.45,4.2586,0.99,215.3462,22.6331,9872188.0525
300604.SZ,2026-04-24,157.5,161.3,154.66,158.0,155.61,2.39,1.5359,185311.16,2920757.716,3.7859,0.98,218.6537,22.9807,10023814.1012
300604.SZ,2026-04-27,160.83,179.0,158.58,175.02,158.0,17.02,10.7722,436266.21,7359775.162,8.913,2.37,83.3989,21.801,11103594.5822
300604.SZ,2026-04-28,176.46,188.0,173.99,179.31,175.02,4.29,2.4511,391566.17,7072236.149,7.9998,1.68,85.4432,22.3354,11375760.1676
300604.SZ,2026-04-29,178.84,180.58,171.93,174.3,179.31,-5.01,-2.794,277521.92,4867648.52,5.6698,0.99,83.0559,21.7113,11057916.442
300604.SZ,2026-04-30,176.29,177.29,167.32,174.2,174.3,-0.1,-0.0574,326915.96,5617993.936,6.679,1.09,83.0082,21.6989,11051572.2559
300604.SZ,2026-05-06,177.7,183.5,175.36,176.2,174.2,2.0,1.1481,342172.63,6127315.751,6.9907,1.06,83.9612,21.948,11178455.9787
300604.SZ,2026-05-07,177.78,187.59,173.45,185.8,176.2,9.6,5.4484,305112.74,5525587.284,6.2335,0.86,88.5357,23.1438,11787497.8481
300604.SZ,2026-05-08,180.01,187.5,179.47,182.01,185.8,-3.79,-2.0398,219669.5,4006336.156,4.4879,0.67,86.7298,22.6717,11547053.1934
300604.SZ,2026-05-11,186.0,218.41,183.98,218.41,182.01,36.4,19.9989,470624.19,9729833.582,9.6149,1.6,104.0748,27.2058,13856336.9484
300604.SZ,2026-05-12,219.99,220.0,209.0,213.08,218.41,-5.33,-2.4404,307597.85,6545371.893,6.2843,0.92,101.535,26.5419,13518191.8271
300604.SZ,2026-05-13,210.12,228.0,202.81,228.0,213.08,14.92,7.0021,406427.19,8787811.301,8.3034,1.24,108.6445,28.4003,14464744.3992
300604.SZ,2026-05-14,225.0,226.24,208.3,208.87,228.0,-19.13,-8.3904,386714.99,8291834.452,7.9007,1.13,99.5288,26.0174,13251101.5906
300604.SZ,2026-05-15,213.04,219.31,194.98,209.5,208.87,0.63,0.3016,434011.86,8974817.237,8.8669,1.21,99.829,26.0959,13291069.9633
300604.SZ,2026-05-18,211.0,214.0,203.31,209.17,209.5,-0.33,-0.1575,289391.71,6061852.395,5.9123,0.72,99.6718,26.0548,13270134.149
300604.SZ,2026-05-19,208.49,227.68,203.15,224.05,209.17,14.88,7.1138,389886.39,8421963.133,7.9655,1.07,106.7623,27.9083,14214149.0467
300604.SZ,2026-05-20,229.82,249.77,228.07,241.56,224.05,17.51,7.8152,381252.73,9048867.135,7.7891,1.0,115.106,30.0894,15325016.0398
300604.SZ,2026-05-21,244.0,258.02,234.0,234.77,241.56,-6.79,-2.8109,426753.81,10477285.227,8.7187,1.13,111.8705,29.2436,14894245.8009
300604.SZ,2026-05-22,237.71,241.77,229.5,236.02,234.77,1.25,0.5324,348709.71,8186842.432,7.1242,0.91,112.4661,29.3993,14973548.1276
300604.SZ,2026-05-25,236.0,258.68,226.03,248.0,236.02,11.98,5.0758,383322.83,9208390.945,7.8314,1.04,118.1747,30.8916,15733581.6272
300604.SZ,2026-05-26,243.54,247.93,229.0,235.1,248.0,-12.9,-5.2016,315271.21,7424947.228,6.4411,0.82,112.0277,29.2847,14915181.6151
300604.SZ,2026-05-27,234.0,236.0,219.16,220.2,235.1,-14.9,-6.3377,343396.77,7805080.6,7.0157,0.93,104.9277,27.4287,13969897.8803
300604.SZ,2026-05-28,221.4,223.0,214.02,219.03,220.2,-1.17,-0.5313,270932.19,5924919.737,5.5352,0.75,104.3702,27.283,13895670.9024
300604.SZ,2026-05-29,222.5,223.6,207.68,210.79,219.03,-8.24,-3.762,288252.66,6157272.613,5.8891,0.87,100.4437,26.2566,13372909.9645
300604.SZ,2026-06-01,209.0,218.6,203.23,203.64,210.79,-7.15,-3.392,265569.74,5576107.031,5.4256,0.83,97.0367,25.366,12919300.6555
300604.SZ,2026-06-02,205.0,212.3,199.73,207.62,203.64,3.98,1.9544,232973.35,4818477.594,4.7597,0.79,98.9332,25.8617,13171799.2639
300604.SZ,2026-06-03,208.21,222.59,206.0,214.25,207.62,6.63,3.1933,316186.64,6798802.006,6.4598,1.13,102.0925,26.6876,13592418.805
300604.SZ,2026-06-04,214.0,227.86,211.0,223.35,214.15,9.2,4.2961,273088.77,6090663.867,5.5793,0.99,106.4287,28.172,14169739.7437
300604.SZ,2026-06-05,218.36,218.51,205.6,206.73,223.35,-16.62,-7.4412,305962.87,6466971.413,6.2509,1.11,98.5091,26.0757,13115336.0072
300604.SZ,2026-06-08,190.0,206.0,190.0,200.4,206.73,-6.33,-3.062,227561.07,4587365.82,4.6491,0.82,95.4928,25.2773,12713749.0246
300604.SZ,2026-06-09,207.22,213.99,203.2,212.73,200.4,12.33,6.1527,214970.54,4507630.94724,4.3919,0.79,101.3682,26.8325,13495987.1756
300604.SZ,2026-06-10,212.5,232.85,210.79,226.74,212.73,14.01,6.5858,363042.4,8189959.40106,7.417,1.36,108.0441,28.5996,14384807.6538
300604.SZ,2026-06-11,229.0,234.27,225.01,232.84,226.74,6.1,2.6903,292253.74,6725441.89926,5.9708,1.06,110.9508,29.369,14771803.0084
300604.SZ,2026-06-12,247.1,253.38,223.12,223.12,232.84,-9.72,-4.1745,375510.28,8947298.84222,7.6718,1.34,106.3191,27.7925,14155148.1156
300604.SZ,2026-06-15,230.0,232.5,220.18,231.45,223.12,8.33,3.7334,233135.37,5339289.28226,4.763,0.79,110.2885,28.8301,14683618.821
300604.SZ,2026-06-16,231.5,243.49,229.5,240.4,231.45,8.95,3.8669,238415.24,5663077.205,4.8709,0.81,114.5532,29.9449,15251423.4806
300604.SZ,2026-06-17,236.0,265.0,236.0,264.01,240.4,23.61,9.8211,313187.95,7877377.08515,6.3985,1.04,125.8037,32.8858,16749285.8282
300604.SZ,2026-06-18,263.0,271.21,261.56,264.1,264.01,0.09,0.0341,220181.4,5840972.98433,4.4984,0.76,125.8465,32.8971,16754995.5957
300604.SZ,2026-06-22,267.0,268.95,254.72,268.49,264.1,4.39,1.6622,246640.14,6470814.69612,5.0389,0.89,127.9384,33.4439,17033505.3673
300604.SZ,2026-06-23,269.98,294.97,268.78,279.4,268.49,10.91,4.0635,455450.97,12701921.7475,9.305,1.82,133.1372,34.8029,17725656.0752
300604.SZ,2026-06-24,275.26,314.63,272.68,307.35,279.4,27.95,10.0036,405480.51,11868736.3061,8.284,1.38,146.4556,38.2844,19498856.1013
300604.SZ,2026-06-25,310.01,316.5,298.9,309.99,307.35,2.64,0.859,324228.87,9958511.37623,6.6241,0.99,147.7136,38.6132,19666342.6154
300604.SZ,2026-06-26,311.0,332.0,310.95,314.9,309.99,4.91,1.5839,351553.74,11288282.2367,7.1823,1.06,150.0533,39.2248,19977842.1549
300604.SZ,2026-06-29,318.0,338.0,311.03,337.9,314.9,23.0,7.3039,356786.9,11694486.9372,7.2892,1.0,161.013,42.0898,21437004.9671
300604.SZ,2026-06-30,331.0,345.43,324.0,341.42,337.9,3.52,1.0417,280997.42,9456545.57946,5.7408,0.74,162.6904,42.5283,21660320.3192
300604.SZ,2026-07-01,349.91,363.58,325.0,333.67,341.42,-7.75,-2.2699,324025.61,11190942.1753,6.6199,0.94,158.9974,41.5629,21168645.8933
300604.SZ,2026-07-02,316.99,329.99,297.99,301.46,333.67,-32.21,-9.6533,395246.82,12372749.8991,8.075,1.21,143.649,37.5507,19125183.5376
300604.SZ,2026-07-03,300.0,313.21,286.0,302.71,301.46,1.25,0.4146,342749.92,10268910.5496,7.0024,1.0,144.2446,37.7064,19204485.8644
300604.SZ,2026-07-06,307.46,313.5,289.99,304.0,302.71,1.29,0.4262,262994.21,7952964.5016,5.373,0.77,144.8593,37.8671,19286325.8656
300604.SZ,2026-07-07,298.0,311.88,295.66,304.33,304.0,0.33,0.1086,202766.89,6151253.40908,4.1426,0.63,145.0166,37.9082,19307261.6799
300604.SZ,2026-07-08,305.02,332.18,287.59,317.22,304.33,12.89,4.2355,311328.47,9707940.98471,6.3605,1.02,151.1588,39.5138,20125027.2733
300604.SZ,2026-07-09,325.0,375.18,310.49,374.0,317.22,56.78,17.8992,397850.2,13456200.988,8.1282,1.31,178.2151,46.5865,23727256.1636
