ts_code,trade_date,open,high,low,close,pre_close,change,pct_chg,vol,amount,turnover_rate,volume_ratio,pe,pb,total_mv
301308.SZ,2023-01-03,59.56,61.99,58.5,61.59,58.98,2.61,4.4252,22435.05,136139.037,7.1038,1.15,25.1009,3.7401,2542830.9404
301308.SZ,2023-01-04,61.3,63.3,60.6,61.05,61.59,-0.54,-0.8768,19045.85,117189.217,6.0307,0.99,24.8808,3.7073,2520536.2707
301308.SZ,2023-01-05,61.35,65.65,60.53,63.7,61.05,2.65,4.3407,36451.81,232381.659,11.5421,1.9,25.9608,3.8683,2629945.298
301308.SZ,2023-01-06,63.53,65.0,62.36,63.61,63.7,-0.09,-0.1413,25072.17,159347.437,7.9389,1.14,25.9241,3.8628,2626229.5197
301308.SZ,2023-01-09,63.99,65.84,63.02,64.95,63.61,1.34,2.1066,25046.21,162188.663,7.9306,1.04,26.4703,3.9442,2681553.3297
301308.SZ,2023-01-10,64.72,69.71,64.59,67.82,64.95,2.87,4.4188,37718.54,255553.958,11.9432,1.47,27.6399,4.1185,2800045.3706
301308.SZ,2023-01-11,67.0,68.85,65.15,65.43,67.82,-2.39,-3.524,23095.85,154262.974,7.3131,0.81,26.6659,3.9733,2701370.8139
301308.SZ,2023-01-12,65.46,65.8,64.18,64.32,65.43,-1.11,-1.6965,16506.68,107001.193,5.2267,0.56,26.2135,3.9059,2655542.8817
301308.SZ,2023-01-13,64.53,65.75,63.5,64.8,64.32,0.48,0.7463,13868.4,89353.778,4.3913,0.54,26.4091,3.9351,2675360.3659
301308.SZ,2023-01-16,64.44,67.67,64.44,67.36,64.8,2.56,3.9506,29609.21,197298.468,9.3755,1.27,27.4524,4.0905,2781053.6149
301308.SZ,2023-01-17,67.67,69.58,67.19,67.56,67.36,0.2,0.2969,25038.09,171688.921,7.9281,1.04,27.534,4.1027,2789310.9
301308.SZ,2023-01-18,68.1,70.46,66.2,69.0,67.56,1.44,2.1314,32317.5,221898.533,10.233,1.49,28.1208,4.1901,2848763.3526
301308.SZ,2023-01-19,68.1,71.32,68.1,70.52,69.0,1.52,2.2029,29005.35,203526.224,9.1843,1.24,28.7403,4.2824,2911518.7192
301308.SZ,2023-01-20,70.01,70.97,69.01,70.06,70.52,-0.46,-0.6523,17345.1,121139.044,5.4922,0.67,28.5528,4.2545,2892526.9635
301308.SZ,2023-01-30,69.98,73.5,69.25,72.0,70.06,1.94,2.7691,32871.15,235137.576,10.4083,1.23,29.3435,4.3723,2972622.6288
301308.SZ,2023-01-31,71.52,72.49,68.3,68.64,72.0,-3.36,-4.6667,23660.99,164978.495,7.492,0.87,27.9741,4.1683,2833900.2395
301308.SZ,2023-02-01,68.31,70.33,68.31,69.61,68.64,0.97,1.4132,17474.98,121528.197,5.5333,0.65,28.3694,4.2272,2873948.0721
301308.SZ,2023-02-02,69.62,72.85,69.62,70.81,69.61,1.2,1.7239,26743.96,190313.19,8.4682,1.11,28.8585,4.3,2923491.7826
301308.SZ,2023-02-03,70.81,71.96,69.26,70.13,70.81,-0.68,-0.9603,15944.89,112082.81,5.0488,0.68,28.5814,4.2587,2895417.0133
301308.SZ,2023-02-06,68.92,69.94,67.03,67.5,70.13,-2.63,-3.7502,28249.33,191892.33,8.4075,1.21,27.5095,4.099,2786833.7145
301308.SZ,2023-02-07,67.44,69.18,66.5,67.46,67.5,-0.04,-0.0593,21947.06,148266.625,6.5319,0.98,27.4932,4.0966,2785182.2575
301308.SZ,2023-02-08,69.28,76.6,69.27,71.65,67.46,4.19,6.2111,57354.14,413488.163,17.0697,2.6,29.2008,4.351,2958172.3799
301308.SZ,2023-02-09,71.32,76.68,68.5,75.8,71.65,4.15,5.792,71052.26,519330.117,21.1465,2.36,30.8922,4.6031,3129511.0453
301308.SZ,2023-02-10,75.88,77.0,73.6,74.03,75.8,-1.77,-2.3351,46338.39,346941.467,13.7912,1.19,30.1708,4.4956,3056434.0724
301308.SZ,2023-02-13,74.0,75.56,72.8,74.54,74.03,0.51,0.6889,35288.76,262039.862,10.5026,0.78,30.3786,4.5265,3077490.1493
301308.SZ,2023-02-14,74.28,75.97,70.81,71.32,74.54,-3.22,-4.3198,51133.29,372849.397,15.2182,1.1,29.0663,4.331,2944547.8595
301308.SZ,2023-02-15,70.98,73.14,70.27,73.14,71.32,1.82,2.5519,33683.47,242557.899,10.0248,0.64,29.8081,4.4415,3019689.1538
301308.SZ,2023-02-16,72.67,74.58,69.9,70.7,73.14,-2.44,-3.3361,39773.52,288871.787,11.8374,0.84,28.8137,4.2933,2918950.2758
301308.SZ,2023-02-17,69.9,70.6,67.0,67.13,70.7,-3.57,-5.0495,30733.3,211307.613,9.1468,0.75,27.3587,4.0766,2771557.7371
301308.SZ,2023-02-20,67.06,67.77,66.24,67.77,67.13,0.64,0.9534,21768.46,145836.634,6.4787,0.57,27.6195,4.1154,2797981.0494
301308.SZ,2023-02-21,67.0,67.9,65.01,65.81,67.77,-1.96,-2.8921,27340.37,181104.003,8.137,0.77,26.8207,3.9964,2717059.6556
301308.SZ,2023-02-22,65.67,66.89,65.0,66.3,65.81,0.49,0.7446,15798.34,104221.893,4.7019,0.52,27.0204,4.0262,2737290.004
301308.SZ,2023-02-23,66.6,66.88,65.29,65.4,66.3,-0.9,-1.3575,14252.54,94017.691,4.2418,0.53,26.6537,3.9715,2700132.2212
301308.SZ,2023-02-24,65.8,66.98,65.8,66.36,65.4,0.96,1.4679,17218.27,114313.745,5.1245,0.78,27.0449,4.0298,2739767.1895
301308.SZ,2023-02-27,66.29,66.29,62.12,62.63,66.36,-3.73,-5.6209,30160.33,192467.375,8.9763,1.56,25.5247,3.8033,2585768.8228
301308.SZ,2023-02-28,62.74,63.65,62.2,62.99,62.63,0.36,0.5748,13513.26,84897.247,4.0218,0.64,25.6715,3.8251,2600631.9359
301308.SZ,2023-03-01,62.62,63.57,62.3,63.16,62.99,0.17,0.2699,21090.76,132759.328,6.277,1.16,25.7407,3.8355,2607650.6283
301308.SZ,2023-03-02,63.1,64.5,62.7,63.34,63.16,0.18,0.285,19624.45,125217.74,5.8406,1.02,25.8141,3.8464,2615082.1848
301308.SZ,2023-03-03,64.6,67.42,64.5,66.41,63.34,3.07,4.8469,39729.13,262292.297,11.8241,1.96,27.0653,4.0328,2741831.5108
301308.SZ,2023-03-06,66.42,66.42,64.38,64.95,66.41,-1.46,-2.1985,25052.56,162857.06,7.4561,1.01,26.4703,3.9442,2681553.3297
301308.SZ,2023-03-07,64.73,65.4,62.26,62.28,64.95,-2.67,-4.1109,21211.73,134890.676,6.313,0.89,25.3821,3.782,2571318.5739
301308.SZ,2023-03-08,62.15,64.3,62.15,63.9,62.28,1.62,2.6012,18208.75,115667.901,5.4193,0.72,26.0423,3.8804,2638202.5831
301308.SZ,2023-03-09,63.9,68.14,63.71,66.75,63.9,2.85,4.4601,46522.29,307981.078,13.8459,1.88,27.2038,4.0535,2755868.8955
301308.SZ,2023-03-10,66.2,70.18,65.8,67.58,66.75,0.83,1.2434,56770.68,386661.146,16.896,1.88,27.5421,4.1039,2790136.6285
301308.SZ,2023-03-13,67.3,67.48,65.1,66.81,67.58,-0.77,-1.1394,34807.26,230129.722,10.3593,1.04,27.2283,4.0571,2758346.081
301308.SZ,2023-03-14,66.81,70.15,65.58,70.13,66.81,3.32,4.9693,64341.53,441584.499,19.1493,1.81,28.5814,4.2587,2895417.0133
301308.SZ,2023-03-15,70.01,73.57,68.95,69.25,70.13,-0.88,-1.2548,66864.39,475072.895,19.9001,1.52,28.2227,4.2053,2859084.959
301308.SZ,2023-03-16,68.0,70.79,67.71,68.5,69.25,-0.75,-1.083,30037.78,207766.624,8.9398,0.56,27.9171,4.1598,2828120.1399
301308.SZ,2023-03-17,70.12,71.1,68.0,70.36,68.5,1.86,2.7153,48577.85,339167.018,14.4577,0.96,28.6751,4.2727,2904912.8911
301308.SZ,2023-03-20,70.99,72.98,69.35,72.31,70.36,1.95,2.7715,50913.03,365198.66,15.1527,1.04,29.4698,4.3911,2985421.4207
301308.SZ,2023-03-21,71.3,71.89,68.81,69.99,72.31,-2.32,-3.2084,46808.05,329962.998,13.931,0.9,28.5243,4.2502,2889636.9137
301308.SZ,2023-03-22,69.19,71.15,67.67,71.09,69.99,1.1,1.5717,49070.94,341005.847,14.6044,1.01,403.1833,4.4211,2935051.9817
301308.SZ,2023-03-23,70.4,82.44,70.02,80.0,71.09,8.91,12.5334,127811.94,974237.744,38.0393,2.84,453.716,4.9752,3302914.032
301308.SZ,2023-03-24,81.0,90.94,80.62,83.77,80.0,3.77,4.7125,137202.38,1159748.772,40.834,2.12,475.0973,5.2097,3458563.8558
301308.SZ,2023-03-27,83.78,86.6,81.48,85.9,83.77,2.13,2.5427,107736.43,910140.849,32.0644,1.31,487.1775,5.3421,3546503.9419
301308.SZ,2023-03-28,82.65,83.59,80.8,80.9,85.9,-5.0,-5.8207,65611.14,538203.307,19.5271,0.7,458.8203,5.0312,3340071.8149
301308.SZ,2023-03-29,80.05,84.56,77.07,83.86,80.9,2.96,3.6588,94125.57,761795.688,28.0136,0.97,475.6078,5.2153,3462279.634
301308.SZ,2023-03-30,88.8,100.63,88.8,100.63,83.86,16.77,19.9976,151601.01,1442371.689,45.1193,1.42,570.718,6.2582,4154652.988
301308.SZ,2023-03-31,103.0,104.37,94.6,98.71,100.63,-1.92,-1.908,129541.32,1269150.968,38.554,1.16,559.8288,6.1388,4075383.0512
301308.SZ,2023-04-03,99.89,112.21,97.13,106.6,98.71,7.89,7.9931,161196.12,1676205.971,47.975,1.47,604.5765,6.6295,4401132.9476
301308.SZ,2023-04-04,100.5,109.77,98.26,103.89,106.6,-2.71,-2.5422,147812.57,1535218.266,43.9918,1.23,589.2069,6.4609,4289246.7348
301308.SZ,2023-04-06,100.0,110.99,99.0,103.51,103.89,-0.38,-0.3658,145389.94,1538562.523,43.2708,1.06,587.0517,6.4373,4273557.8932
301308.SZ,2023-04-07,103.6,108.29,101.2,106.3,103.51,2.79,2.6954,107089.09,1121767.597,31.8718,0.73,602.8751,6.6108,4388747.02
301308.SZ,2023-04-10,105.93,111.5,100.18,101.64,106.3,-4.66,-4.3838,116506.03,1225526.034,34.6744,0.84,576.4461,6.321,4196352.2777
301308.SZ,2023-04-11,104.11,118.64,104.11,115.5,101.64,13.86,13.6364,171426.8,1918468.028,51.0199,1.26,655.0524,7.1829,4768582.1337
301308.SZ,2023-04-12,112.0,122.11,107.8,117.01,115.5,1.51,1.3074,139633.92,1593402.954,41.5577,1.01,663.6163,7.2769,4830924.6361
301308.SZ,2023-04-13,113.75,115.95,108.05,108.18,117.01,-8.83,-7.5464,96390.83,1074202.362,28.6877,0.71,613.5374,6.7277,4466365.4998
301308.SZ,2023-04-14,108.61,111.85,99.5,104.89,108.18,-3.29,-3.0412,106805.49,1129440.037,31.7873,0.85,594.8783,6.5231,4330533.1602
301308.SZ,2023-04-17,108.25,110.27,102.0,103.96,104.89,-0.93,-0.8866,75692.24,802303.355,22.5275,0.6,589.6039,6.4653,4292136.7846
301308.SZ,2023-04-18,101.79,103.4,99.16,102.94,103.96,-1.02,-0.9811,73701.76,745409.477,21.935,0.62,583.819,6.4018,4250024.6307
301308.SZ,2023-04-19,102.11,105.92,101.88,102.0,102.94,-0.94,-0.9132,75721.27,787651.555,22.5361,0.77,578.4879,6.3434,4211215.3908
301308.SZ,2023-04-20,101.03,109.78,100.5,109.78,102.0,7.78,7.6275,104984.89,1114465.433,31.2455,1.23,622.6117,6.8272,4532423.7804
301308.SZ,2023-04-21,108.0,108.0,98.01,98.03,109.78,-11.75,-10.7032,91010.15,947196.683,27.0864,1.04,555.9722,6.0965,4047308.282
301308.SZ,2023-04-24,98.01,99.46,91.71,93.8,98.03,-4.23,-4.315,77506.68,731012.721,23.0675,0.92,531.982,5.8334,3872666.7025
301308.SZ,2023-04-25,89.54,98.35,89.54,95.2,93.8,1.4,1.4925,74115.8,703024.448,22.0583,0.88,539.922,6.221,3930467.6981
301308.SZ,2023-04-26,90.2,93.49,87.38,90.0,95.2,-5.2,-5.4622,69350.92,628441.935,20.6402,0.82,510.4305,5.8812,3715778.286
301308.SZ,2023-04-27,91.0,96.6,90.03,92.95,90.0,2.95,3.2778,78273.82,736403.126,23.2958,0.94,527.1612,6.0739,3837573.2409
301308.SZ,2023-04-28,92.68,98.4,92.5,96.2,92.95,3.25,3.4965,88284.99,840558.291,26.2753,1.13,545.5934,6.2863,3971754.1235
301308.SZ,2023-05-04,93.59,93.59,89.02,90.56,96.2,-5.64,-5.8628,55319.89,503353.653,16.4643,0.71,513.6065,5.9177,3738898.6842
301308.SZ,2023-05-05,89.8,93.88,89.02,89.85,90.56,-0.71,-0.784,48948.81,447737.562,14.5681,0.67,509.5797,5.8714,3709585.3222
301308.SZ,2023-05-08,88.97,92.44,86.55,87.1,89.85,-2.75,-3.0607,54750.99,489183.18,16.2949,0.8,493.9833,5.6917,3596047.6523
301308.SZ,2023-05-09,86.6,89.56,84.68,87.46,87.1,0.36,0.4133,48697.29,424684.41,14.4932,0.75,496.025,5.7152,3610910.7655
301308.SZ,2023-05-10,87.46,89.18,85.6,86.96,87.46,-0.5,-0.5717,31844.2,277161.83,9.4774,0.54,493.1892,5.6825,3590267.5528
301308.SZ,2023-05-11,88.5,92.0,86.07,90.6,86.96,3.64,4.1858,62243.9,556669.17,18.525,1.3,513.8333,5.9204,3740550.1412
301308.SZ,2023-05-12,92.2,96.59,90.6,90.98,90.6,0.38,0.4194,68508.76,643771.314,20.3895,1.39,515.9885,5.9452,3756238.9829
301308.SZ,2023-05-15,89.18,94.65,87.71,94.0,90.98,3.02,3.3194,55392.72,507941.441,16.4859,1.04,533.1163,6.1425,3880923.9876
301308.SZ,2023-05-16,96.05,110.99,94.55,106.0,94.0,12.0,12.766,130380.84,1341805.834,38.8038,2.44,601.1736,6.9267,4376361.0924
301308.SZ,2023-05-17,104.0,116.0,104.0,108.02,106.0,2.02,1.9057,131438.2,1442784.628,39.1185,1.89,612.63,7.0587,4459759.6717
301308.SZ,2023-05-18,103.2,108.83,102.68,107.44,108.02,-0.58,-0.5369,90000.32,954540.741,26.7858,1.0,609.3405,7.0208,4435813.545
301308.SZ,2023-05-19,112.75,119.99,108.01,109.21,107.44,1.77,1.6474,136013.7,1558408.183,40.4803,1.43,619.379,7.1365,4508890.5179
301308.SZ,2023-05-22,112.23,115.45,102.28,102.62,109.21,-6.59,-6.0342,115829.77,1240689.218,34.4731,1.07,582.0041,6.7058,4236812.9745
301308.SZ,2023-05-23,101.1,107.42,97.72,103.7,102.62,1.08,1.0524,92672.08,955905.927,27.581,0.77,588.1293,6.7764,4281402.314
301308.SZ,2023-05-24,101.02,110.87,99.2,109.01,103.7,5.31,5.1205,108775.67,1154152.173,32.3737,0.96,618.2447,7.1234,4500633.2329
301308.SZ,2023-05-25,107.38,113.99,106.11,113.4,109.01,4.39,4.0272,98842.15,1087818.731,29.4173,0.91,643.1424,7.4103,4681880.6404
301308.SZ,2023-05-26,114.0,125.99,111.08,116.73,113.4,3.33,2.9365,129221.1,1529304.055,38.4587,1.17,662.0283,7.6279,4819364.4369
301308.SZ,2023-05-29,120.0,120.89,112.18,112.65,116.73,-4.08,-3.4952,90758.89,1047013.702,27.0116,0.83,638.8888,7.3612,4650915.8213
301308.SZ,2023-05-30,110.48,115.8,109.06,115.65,112.65,3.0,2.6631,77998.72,886360.756,23.2139,0.75,655.9031,7.5573,4774775.0975
301308.SZ,2023-05-31,113.18,126.69,110.0,121.38,115.65,5.73,4.9546,130430.22,1531651.036,38.8185,1.29,688.4005,7.9317,5011346.3151
301308.SZ,2023-06-01,118.0,124.6,115.11,116.22,121.38,-5.16,-4.2511,97004.25,1153313.5,28.8703,0.92,659.1359,7.5945,4798308.36
301308.SZ,2023-06-02,114.02,117.48,112.69,112.8,116.22,-3.42,-2.9427,54948.35,627706.901,16.3537,0.52,639.7395,7.371,4657108.7851
301308.SZ,2023-06-05,114.3,115.99,110.6,111.2,112.8,-1.6,-1.4184,47358.95,534032.122,14.0949,0.52,630.6652,7.2665,4591050.5045
301308.SZ,2023-06-06,109.15,113.69,108.0,109.0,111.2,-2.2,-1.9784,50292.23,557590.381,14.9679,0.62,618.188,7.1227,4500220.3686
301308.SZ,2023-06-07,109.0,111.5,108.0,110.32,109.0,1.32,1.211,45850.55,503645.771,13.646,0.6,625.6743,7.209,4554718.4501
301308.SZ,2023-06-08,109.9,109.9,104.53,105.3,110.32,-5.02,-4.5504,47935.63,509493.9,14.2666,0.81,597.2036,6.881,4347460.5946
301308.SZ,2023-06-09,105.3,111.68,103.3,110.03,105.3,4.73,4.4919,63615.89,683989.76,18.9333,1.29,624.0296,7.19,4542745.3868
301308.SZ,2023-06-12,109.2,111.49,106.64,107.53,110.03,-2.5,-2.2721,41724.45,455859.254,12.418,0.82,609.851,7.0267,4439529.3233
301308.SZ,2023-06-13,107.37,114.29,107.05,113.59,107.53,6.06,5.6356,67154.78,747903.731,19.9865,1.35,644.2199,7.4227,4689725.0612
301308.SZ,2023-06-14,115.8,115.8,110.0,112.84,113.59,-0.75,-0.6603,55444.28,624539.382,16.5013,1.04,639.9664,7.3737,4658760.2421
301308.SZ,2023-06-15,111.38,114.2,108.0,108.12,112.84,-4.72,-4.1829,46214.24,511423.139,13.7542,0.84,613.1971,7.0652,4463888.3142
301308.SZ,2023-06-16,107.02,111.19,105.9,109.18,108.12,1.06,0.9804,39831.94,433715.051,11.8547,0.73,619.2089,7.1345,4507651.9252
301308.SZ,2023-06-19,108.11,115.76,107.38,114.33,109.18,5.15,4.717,75819.29,854919.813,22.5653,1.51,648.4168,7.471,4720277.016
301308.SZ,2023-06-20,112.3,113.94,109.16,111.0,114.33,-3.33,-2.9126,50618.35,563431.393,15.065,0.89,629.5309,7.2534,4582793.2194
301308.SZ,2023-06-21,109.56,110.7,100.64,100.86,111.0,-10.14,-9.1351,62226.33,651230.086,18.5197,1.16,572.0224,6.5908,4164148.8658
301308.SZ,2023-06-26,98.98,102.7,97.52,99.46,100.86,-1.4,-1.3881,41032.99,409988.037,12.2122,0.75,564.0824,6.4993,4106347.8703
301308.SZ,2023-06-27,99.86,102.8,99.54,101.62,99.46,2.16,2.1717,30987.54,315156.913,9.2225,0.57,576.3327,6.6405,4195526.5491
301308.SZ,2023-06-28,102.41,104.77,94.85,101.71,101.62,0.09,0.0886,52563.85,526961.255,15.644,1.01,576.8431,6.6464,4199242.3274
301308.SZ,2023-06-29,106.88,109.39,104.0,104.51,101.71,2.8,2.7529,50091.63,532813.55,14.9082,1.05,592.7232,6.8293,4314844.3186
301308.SZ,2023-06-30,101.23,104.4,101.23,101.76,104.51,-2.75,-2.6313,36290.69,371816.724,10.8008,0.77,577.1267,6.6496,4201306.6487
301308.SZ,2023-07-03,101.5,102.4,99.06,99.71,101.76,-2.05,-2.0145,25779.98,258239.335,7.6726,0.61,565.5002,6.5157,4116669.4766
301308.SZ,2023-07-04,99.0,104.66,97.8,103.05,99.71,3.34,3.3497,42350.96,433020.294,12.6045,1.08,584.4429,6.7339,4254566.1375
301308.SZ,2023-07-05,102.88,106.58,102.2,103.18,103.05,0.13,0.1262,35354.96,369092.659,10.5223,0.85,585.1802,6.7424,4259933.3728
301308.SZ,2023-07-06,101.13,106.4,100.51,105.06,103.18,1.88,1.8221,42661.2,446527.768,12.6968,1.12,595.8425,6.8653,4337551.8525
301308.SZ,2023-07-07,104.0,104.87,99.68,99.9,105.06,-5.16,-4.9115,35169.76,356322.142,10.4672,0.96,566.5778,6.5281,4124513.8975
301308.SZ,2023-07-10,100.06,101.3,96.66,97.88,99.9,-2.02,-2.022,23887.88,235373.542,7.1095,0.66,555.1215,6.3961,4041115.3182
301308.SZ,2023-07-11,98.18,109.26,97.97,107.0,97.88,9.12,9.3175,76466.47,807413.14,22.7579,2.13,606.8451,6.992,4417647.5178
301308.SZ,2023-07-12,106.17,108.8,105.7,106.25,107.0,-0.75,-0.7009,48739.24,521492.286,14.5057,1.14,602.5915,6.943,4386682.6988
301308.SZ,2023-07-13,106.0,117.19,105.25,116.5,106.25,10.25,9.6471,101182.96,1145533.478,30.114,2.23,660.7239,7.6128,4809868.5591
301308.SZ,2023-07-14,117.51,121.36,115.0,115.94,116.5,-0.56,-0.4807,73423.9,861010.405,21.8524,1.29,657.5479,7.5762,4786748.1609
301308.SZ,2023-07-17,115.36,116.69,112.3,114.85,115.94,-1.09,-0.9401,41610.7,475485.341,12.3841,0.64,651.366,7.505,4741745.9572
301308.SZ,2023-07-18,114.0,118.61,110.31,110.78,114.85,-4.07,-3.5438,61653.96,705407.269,18.3494,0.9,628.2832,7.239,4573710.2058
301308.SZ,2023-07-19,109.16,112.65,108.02,110.93,110.78,0.15,0.1354,42706.81,472089.083,12.7104,0.65,629.1339,7.2488,4579903.1696
301308.SZ,2023-07-20,109.94,110.89,101.91,102.24,110.93,-8.69,-7.8338,49361.04,521419.448,14.6908,0.77,579.849,6.681,4221124.1329
301308.SZ,2023-07-21,102.05,104.0,100.05,100.28,102.24,-1.96,-1.9171,27128.03,275692.035,8.0738,0.5,568.733,6.5529,4140202.7391
301308.SZ,2023-07-24,99.2,101.5,98.08,98.4,100.28,-1.88,-1.8748,30693.72,305269.65,9.135,0.69,558.0706,6.4301,4062584.2594
301308.SZ,2023-07-25,99.55,102.2,97.0,101.29,98.4,2.89,2.937,39878.28,397526.973,11.8685,0.94,574.4611,6.6189,4181902.0288
301308.SZ,2023-07-26,99.68,102.02,98.26,99.99,101.29,-1.3,-1.2834,24463.21,245264.618,7.2807,0.64,567.0882,6.534,4128229.6757
301308.SZ,2023-07-27,100.8,104.92,98.59,102.61,99.99,2.62,2.6203,43484.29,440406.064,12.9418,1.27,581.9474,6.7052,4236400.1103
301308.SZ,2023-07-28,103.12,104.88,99.31,99.36,102.61,-3.25,-3.1673,36836.0,373111.204,10.9631,1.11,563.5152,6.4928,4102219.2277
301308.SZ,2023-07-31,96.3,99.2,92.09,95.58,99.36,-3.78,-3.8043,44836.91,429569.795,13.3443,1.28,542.0771,6.2458,3946156.5397
301308.SZ,2023-08-01,94.5,97.0,93.2,94.36,95.58,-1.22,-1.2764,28183.62,267462.658,8.388,0.74,535.158,6.1661,3895787.1007
301308.SZ,2023-08-02,91.66,93.7,90.49,91.68,94.36,-2.68,-2.8402,29315.43,269130.715,8.7248,0.82,519.9585,5.9909,3785139.4807
301308.SZ,2023-08-03,90.5,91.7,88.51,89.03,91.68,-2.65,-2.8905,33847.49,303026.864,10.0737,0.93,504.9291,5.8178,3675730.4534
301308.SZ,2023-08-04,88.69,89.39,86.71,87.3,89.03,-1.73,-1.9432,29440.97,258879.186,8.7622,0.85,495.1175,5.7047,3604304.9374
301308.SZ,2023-08-07,87.29,88.33,82.5,83.03,87.3,-4.27,-4.8912,71442.55,603186.423,6.3503,2.16,470.9005,5.4257,3428011.901
301308.SZ,2023-08-08,82.51,84.88,80.35,82.54,83.03,-0.49,-0.5901,52723.36,437868.508,4.6864,1.37,468.1214,5.3937,3407781.5525
301308.SZ,2023-08-09,82.54,82.86,80.37,80.47,82.54,-2.07,-2.5079,28334.81,230985.161,2.5186,0.65,456.3815,5.2584,3322318.6519
301308.SZ,2023-08-10,80.0,81.68,79.51,79.96,80.47,-0.51,-0.6338,32064.76,258257.715,2.8502,0.74,453.4891,5.2251,3301262.575
301308.SZ,2023-08-11,80.13,80.16,77.76,77.76,79.96,-2.2,-2.7514,27214.27,215422.519,2.419,0.64,441.0119,5.0813,3210432.4391
301308.SZ,2023-08-14,77.02,78.55,76.31,78.06,77.76,0.3,0.3858,33317.06,257556.266,2.9615,0.79,442.7133,5.1009,3222818.3667
301308.SZ,2023-08-15,78.22,78.99,75.69,76.51,78.06,-1.55,-1.9857,32053.11,246944.008,2.84,0.92,433.9226,4.9996,3158824.4074
301308.SZ,2023-08-16,76.0,76.8,74.6,74.92,76.51,-1.59,-2.0782,25323.31,191401.526,2.2437,0.83,424.905,4.8957,3093178.991
301308.SZ,2023-08-17,74.5,76.56,74.16,76.56,74.92,1.64,2.189,30669.75,232439.625,2.7174,1.02,434.2062,5.0029,3160888.7286
301308.SZ,2023-08-18,76.0,79.38,75.25,75.42,76.56,-1.14,-1.489,41284.98,319002.087,3.6579,1.39,427.7407,4.9284,3113822.2037
301308.SZ,2023-08-21,75.16,77.11,75.08,75.2,75.42,-0.22,-0.2917,27317.71,207944.065,2.4204,0.84,426.493,4.914,3104739.1901
301308.SZ,2023-08-22,75.99,76.88,73.56,76.85,75.2,1.65,2.1941,43853.51,329722.189,3.8855,1.4,435.8509,5.0219,3172861.792
301308.SZ,2023-08-23,75.75,77.96,74.8,76.88,76.85,0.03,0.039,42063.55,321816.402,3.7269,1.25,436.021,5.0238,3174100.3848
301308.SZ,2023-08-24,77.0,80.38,75.2,79.8,76.88,2.92,3.7981,74151.87,581858.83,6.57,2.0,452.5817,5.2146,3294656.7469
301308.SZ,2023-08-25,77.99,78.7,73.64,74.24,79.8,-5.56,-6.9674,54333.55,414281.755,4.8141,1.19,421.0484,4.8513,3065104.2217
301308.SZ,2023-08-28,79.0,79.0,72.01,72.12,74.24,-2.12,-2.8556,45436.62,337382.167,4.0258,0.94,409.0249,4.7128,2977576.9998
301308.SZ,2023-08-29,71.4,75.88,71.07,75.08,72.12,2.96,4.1043,49419.83,368167.995,4.3787,0.95,425.8124,4.9062,3099784.819
301308.SZ,2023-08-30,74.4,83.35,74.4,78.7,75.08,3.62,4.8215,78338.49,621788.634,6.9409,1.48,446.3431,5.1427,3249241.679
301308.SZ,2023-08-31,76.21,81.66,76.21,79.0,78.7,0.3,0.3812,71277.54,565474.096,6.3153,1.18,448.0445,5.3103,3261627.6066
301308.SZ,2023-09-01,81.49,84.9,79.12,80.0,79.0,1.0,1.2658,90435.38,744728.33,8.0128,1.51,453.716,5.3775,3302914.032
301308.SZ,2023-09-04,81.2,83.49,79.0,82.96,80.0,2.96,3.7,84331.27,687042.826,7.4719,1.26,470.5035,5.5765,3425121.8512
301308.SZ,2023-09-05,83.0,88.11,82.0,85.6,82.96,2.64,3.1823,112423.84,958838.36,9.961,1.5,485.4761,5.754,3534118.0142
301308.SZ,2023-09-06,84.0,90.0,83.38,88.44,85.6,2.84,3.3178,90709.39,782341.638,8.037,1.04,501.583,5.9449,3651371.4624
301308.SZ,2023-09-07,88.38,92.5,86.0,88.0,88.44,-0.44,-0.4975,90840.65,806307.126,8.0487,1.01,499.0876,5.9153,3633205.4352
301308.SZ,2023-09-08,87.0,89.63,86.88,87.3,88.0,-0.7,-0.7955,59437.28,525320.717,5.2663,0.63,495.1175,5.8682,3604304.9374
301308.SZ,2023-09-11,85.4,87.45,84.08,85.42,87.3,-1.88,-2.1535,56712.99,486530.009,5.0249,0.65,484.4552,5.7419,3526686.4577
301308.SZ,2023-09-12,85.43,87.01,84.71,85.18,85.42,-0.24,-0.281,49703.0,426287.684,4.4038,0.61,483.0941,5.7257,3516777.7156
301308.SZ,2023-09-13,86.88,88.65,83.18,85.8,85.18,0.62,0.7279,73349.43,631446.89,6.4989,1.06,486.6104,5.7674,3542375.2993
301308.SZ,2023-09-14,84.5,85.55,84.0,85.33,85.8,-0.47,-0.5478,42219.0,358453.249,3.7407,0.64,483.9448,5.7358,3522970.6794
301308.SZ,2023-09-15,85.15,91.19,84.06,90.48,85.33,5.15,6.0354,96848.93,857388.836,8.581,1.72,513.1528,6.082,3735595.7702
301308.SZ,2023-09-18,89.88,90.65,85.61,86.12,90.48,-4.36,-4.8187,54199.48,478682.17,4.8022,0.85,488.4252,5.7889,3555586.9554
301308.SZ,2023-09-19,85.65,91.67,84.6,90.19,86.12,4.07,4.726,80629.76,716265.466,7.144,1.27,511.508,6.0625,3723622.7068
301308.SZ,2023-09-20,89.88,94.65,88.8,93.2,90.19,3.01,3.3374,69991.75,649195.069,6.2014,1.01,528.5791,6.2648,3847894.8473
301308.SZ,2023-09-21,92.4,95.48,90.95,92.36,93.2,-0.84,-0.9013,54352.74,505260.866,4.8158,0.79,523.8151,6.2084,3813214.2499
301308.SZ,2023-09-22,91.01,93.05,88.89,92.74,92.36,0.38,0.4114,55542.75,505358.641,4.9212,0.78,525.9702,6.2339,3828903.0916
301308.SZ,2023-09-25,91.82,92.3,89.35,90.22,92.74,-2.52,-2.7173,37417.59,339062.837,3.3153,0.59,511.6782,6.0645,3724861.2996
301308.SZ,2023-09-26,90.0,91.99,88.88,90.27,90.22,0.05,0.0554,31096.29,281338.146,2.7552,0.52,511.9617,6.0679,3726925.6209
301308.SZ,2023-09-27,90.0,90.73,87.07,87.08,90.27,-3.19,-3.5338,39114.44,346966.185,3.4656,0.79,493.8698,5.8534,3595221.9238
301308.SZ,2023-09-28,86.6,88.89,85.7,87.6,87.08,0.52,0.5972,33219.39,290096.525,2.9433,0.76,496.819,5.8884,3616690.865
301308.SZ,2023-10-09,86.98,95.13,86.98,93.81,87.6,6.21,7.089,62221.01,573461.401,5.5129,1.58,532.0387,6.3058,3873079.5668
301308.SZ,2023-10-10,94.0,102.0,92.58,98.8,93.81,4.99,5.3193,93695.79,909489.105,8.3016,2.31,560.3392,6.6412,4079098.8295
301308.SZ,2023-10-11,97.0,97.05,93.88,95.68,98.8,-3.12,-3.1579,72674.23,696475.485,6.4391,1.4,542.6443,6.4315,3950285.1823
301308.SZ,2023-10-12,97.19,98.11,95.8,96.7,95.68,1.02,1.0661,56671.73,549081.721,5.0212,0.94,548.4292,6.5001,3992397.3362
301308.SZ,2023-10-13,95.4,100.68,94.7,100.1,96.7,3.4,3.516,71984.91,714129.751,6.378,1.13,567.7121,6.7286,4132771.1825
301308.SZ,2023-10-16,98.81,103.46,97.26,100.0,100.1,-0.1,-0.0999,60901.76,610939.927,5.396,0.85,567.145,6.7219,4128642.54
301308.SZ,2023-10-17,98.45,102.15,96.37,99.7,100.0,-0.3,-0.3,39204.36,388975.547,3.4736,0.55,565.4435,6.7017,4116256.6124
301308.SZ,2023-10-18,98.0,102.0,95.08,95.09,99.7,-4.61,-4.6239,36017.08,350257.057,3.1912,0.6,539.2981,6.3919,3925926.1913
301308.SZ,2023-10-19,94.02,99.4,94.02,95.99,95.09,0.9,0.9465,42008.4,409575.392,3.722,0.79,544.4024,6.4524,3963083.9741
301308.SZ,2023-10-20,95.0,98.0,92.02,92.3,95.99,-3.69,-3.8442,37247.77,349741.5,3.3002,0.74,523.4748,6.2043,3810737.0644
301308.SZ,2023-10-23,90.13,93.17,88.63,91.01,92.3,-1.29,-1.3976,27658.14,250973.964,2.4506,0.64,516.1586,6.1176,3757477.5757
301308.SZ,2023-10-24,91.79,96.49,90.84,95.88,91.01,4.87,5.3511,43119.93,407397.924,3.8205,1.18,543.7786,6.445,3958542.4674
301308.SZ,2023-10-25,96.81,98.47,94.59,96.95,95.88,1.07,1.116,36602.95,352224.473,3.2431,0.98,549.847,6.5169,4002718.9425
301308.SZ,2023-10-26,95.39,96.74,84.0,87.35,96.95,-9.6,-9.902,70057.68,620869.519,6.2073,1.88,495.4011,5.8716,3606369.2587
301308.SZ,2023-10-27,90.0,101.0,90.0,95.96,87.35,8.61,9.8569,74530.58,714508.792,6.6036,1.74,544.2323,6.6918,3961845.3814
301308.SZ,2023-10-30,95.4,102.49,94.45,100.42,95.96,4.46,4.6478,67908.5,672986.933,6.0168,1.35,569.527,7.0028,4145982.8387
301308.SZ,2023-10-31,103.56,108.2,98.23,100.4,100.42,-0.02,-0.0199,45290.36,458897.597,4.0128,0.77,569.4135,7.0014,4145157.1102
301308.SZ,2023-11-01,98.79,101.9,98.79,99.8,100.4,-0.6,-0.5976,26768.36,268352.246,2.3717,0.45,566.0107,6.9596,4120385.2549
301308.SZ,2023-11-02,100.0,103.5,99.92,100.6,99.8,0.8,0.8016,36100.54,366480.493,3.1986,0.63,570.5478,7.0154,4153414.3952
301308.SZ,2023-11-03,101.0,104.5,99.0,103.89,100.6,3.29,3.2704,39665.99,405273.834,3.5145,0.79,589.2069,7.2448,4289246.7348
301308.SZ,2023-11-06,103.0,109.0,102.5,107.97,103.89,4.08,3.9272,52533.2,555487.031,4.6545,1.22,612.3464,7.5293,4457695.3504
301308.SZ,2023-11-07,106.88,109.5,105.35,106.95,107.97,-1.02,-0.9447,34445.09,369112.258,3.0519,0.86,606.5615,7.4582,4415583.1965
301308.SZ,2023-11-08,107.19,109.88,104.33,104.88,106.95,-2.07,-1.9355,36914.58,395239.817,3.2707,0.97,594.8216,7.3138,4330120.296
301308.SZ,2023-11-09,104.0,105.88,101.91,102.55,104.88,-2.33,-2.2216,37575.68,387972.576,3.3293,0.94,581.6071,7.1514,4233922.9248
301308.SZ,2023-11-10,101.48,107.15,101.48,103.13,102.55,0.58,0.5656,35335.92,367923.374,3.1308,0.88,584.8966,7.1918,4257869.0515
301308.SZ,2023-11-13,104.25,104.99,101.21,102.62,103.13,-0.51,-0.4945,33242.16,341457.503,2.9453,0.84,582.0041,7.1562,4236812.9745
301308.SZ,2023-11-14,101.33,104.87,101.0,102.37,102.62,-0.25,-0.2436,31135.09,320227.091,2.7586,0.88,580.5863,7.1388,4226491.3682
301308.SZ,2023-11-15,103.75,105.53,101.5,103.26,102.37,0.89,0.8694,37231.05,385762.836,3.2987,1.07,585.6339,7.2009,4263236.2868
301308.SZ,2023-11-16,102.21,104.34,100.63,102.0,103.26,-1.26,-1.2202,34144.87,348304.196,3.0253,0.98,578.4879,7.113,4211215.3908
301308.SZ,2023-11-17,101.0,102.86,98.24,99.48,102.0,-2.52,-2.4706,38401.12,384401.37,3.4024,1.12,564.1958,6.9373,4107173.5988
301308.SZ,2023-11-20,99.0,100.29,95.2,96.19,99.48,-3.29,-3.3072,51685.08,498303.03,4.5794,1.48,545.5367,6.7078,3971341.2592
301308.SZ,2023-11-21,96.46,96.85,93.81,94.49,96.19,-1.7,-1.7673,34555.12,327795.899,3.0617,0.9,535.8953,6.5893,3901154.336
301308.SZ,2023-11-22,94.15,95.32,93.11,93.13,94.49,-1.36,-1.4393,24713.59,232353.01,2.1897,0.63,528.1821,6.4944,3845004.7975
301308.SZ,2023-11-23,92.8,95.76,92.05,95.68,93.13,2.55,2.7381,36097.85,340986.026,3.1983,0.98,542.6443,6.6723,3950285.1823
301308.SZ,2023-11-24,95.0,95.0,90.68,91.55,95.68,-4.13,-4.3165,35019.03,323456.712,3.1028,0.94,519.2212,6.3843,3779772.2454
301308.SZ,2023-11-27,90.89,93.34,90.68,93.05,91.55,1.5,1.6384,26864.68,247309.611,2.3803,0.74,527.7284,6.4889,3841701.8835
301308.SZ,2023-11-28,92.5,96.66,92.48,94.47,93.05,1.42,1.5261,38062.95,361189.438,3.3725,1.21,535.7818,6.5879,3900328.6075
301308.SZ,2023-11-29,94.99,97.49,93.96,94.03,94.47,-0.44,-0.4658,26837.28,255166.692,2.3778,0.83,533.2864,6.5572,3882162.5804
301308.SZ,2023-11-30,93.88,93.89,92.21,92.99,94.03,-1.04,-1.106,18908.03,175792.709,1.6753,0.58,527.3881,6.4847,3839224.6979
301308.SZ,2023-12-01,93.42,96.23,91.6,96.17,92.99,3.18,3.4197,36627.68,345017.668,3.2453,1.26,545.4233,6.7064,3970515.5307
301308.SZ,2023-12-04,96.17,98.07,95.49,95.7,96.17,-0.47,-0.4887,34806.4,336871.621,3.0839,1.18,542.7577,6.6737,3951110.9108
301308.SZ,2023-12-05,94.27,94.7,88.34,90.2,95.7,-5.5,-5.7471,45822.08,416266.475,4.0599,1.48,511.5647,6.2901,3724035.5711
301308.SZ,2023-12-06,89.76,92.8,89.76,91.76,90.2,1.56,1.7295,30734.39,280701.724,2.7231,0.94,520.4122,6.3989,3788442.3947
301308.SZ,2023-12-07,91.5,93.07,90.01,90.05,91.76,-1.71,-1.8636,27710.88,253516.41,2.4552,0.83,510.714,6.2797,3717842.6073
301308.SZ,2023-12-08,90.82,95.3,90.17,94.29,90.05,4.24,4.7085,53767.39,502135.16,4.7639,1.53,534.761,6.5753,3892897.051
301308.SZ,2023-12-11,93.8,96.5,92.55,96.43,94.29,2.14,2.2696,43097.45,407174.146,3.8185,1.12,546.8979,6.7246,3981250.0013
301308.SZ,2023-12-12,96.22,98.77,95.58,96.4,96.43,-0.03,-0.0311,29677.71,288149.911,2.6295,0.74,546.7277,6.7225,3980011.4086
301308.SZ,2023-12-13,94.67,96.99,93.71,93.87,96.4,-2.53,-2.6245,21971.75,208606.369,1.9467,0.59,532.379,6.5461,3875556.7523
301308.SZ,2023-12-14,95.5,100.0,94.5,98.68,93.87,4.81,5.1241,58801.76,575006.315,5.21,1.67,559.6586,6.8815,4074144.4585
301308.SZ,2023-12-15,98.13,98.98,96.36,97.05,98.68,-1.63,-1.6518,31328.87,305274.797,2.7758,0.76,550.4142,6.7678,4006847.5851
301308.SZ,2023-12-18,96.21,96.28,92.28,92.78,97.05,-4.27,-4.3998,31598.89,296211.404,2.7997,0.85,526.1971,6.47,3830554.5486
301308.SZ,2023-12-19,93.0,94.33,91.71,92.79,92.78,0.01,0.0108,19338.81,179573.027,1.7135,0.56,526.2538,6.4707,3830967.4129
301308.SZ,2023-12-20,92.46,92.76,90.8,90.91,92.79,-1.88,-2.0261,19810.0,181231.7,1.7552,0.61,515.5915,6.3396,3753348.9331
301308.SZ,2023-12-21,90.5,94.0,90.2,93.59,90.91,2.68,2.948,30517.21,282310.615,2.7039,0.95,530.791,6.5265,3863996.5532
301308.SZ,2023-12-22,95.29,95.77,90.8,91.76,93.59,-1.83,-1.9553,29866.77,278155.515,2.6463,1.13,520.4122,6.3989,3788442.3947
301308.SZ,2023-12-25,90.36,92.8,89.46,92.04,91.76,0.28,0.3051,18739.42,171702.6,1.6604,0.71,522.0002,6.4184,3800002.5938
301308.SZ,2023-12-26,92.01,92.1,87.71,87.88,92.04,-4.16,-4.5198,22843.37,203124.136,2.024,0.97,498.407,6.1283,3628251.0642
301308.SZ,2023-12-27,88.56,91.6,88.11,90.22,87.88,2.34,2.6627,26326.51,237810.525,2.3326,1.08,511.6782,6.2915,3724861.2996
301308.SZ,2023-12-28,89.92,91.99,88.3,90.22,90.22,0.0,0.0,32160.41,289600.237,2.8495,1.25,511.6782,6.2915,3724861.2996
301308.SZ,2023-12-29,90.18,92.5,89.78,92.05,90.22,1.83,2.0284,27389.73,251307.981,2.4268,1.05,522.0569,6.4191,3800415.4581
301308.SZ,2024-01-02,91.72,91.72,84.88,85.32,92.05,-6.73,-7.3112,59986.01,519645.639,5.3149,2.35,483.8881,5.9498,3522557.8151
301308.SZ,2024-01-03,84.3,85.39,82.12,83.02,85.32,-2.3,-2.6957,47545.23,395754.264,4.2126,1.41,470.8437,5.7894,3427599.0367
301308.SZ,2024-01-04,83.09,85.26,81.87,82.3,83.02,-0.72,-0.8673,38307.02,319047.148,3.3941,0.99,466.7603,5.7392,3397872.8104
301308.SZ,2024-01-05,81.99,83.46,81.35,81.97,82.3,-0.33,-0.401,26085.33,215054.975,2.3112,0.64,464.8887,5.7162,3384248.29
301308.SZ,2024-01-08,81.97,82.56,79.12,79.15,81.97,-2.82,-3.4403,25052.34,200714.847,2.2197,0.63,448.8952,5.5195,3267820.5704
301308.SZ,2024-01-09,79.8,80.65,77.24,78.02,79.15,-1.13,-1.4277,32240.55,253075.78,2.8566,0.82,442.4865,5.4407,3221166.9097
301308.SZ,2024-01-10,78.02,78.69,75.94,77.5,78.02,-0.52,-0.6665,27753.47,214322.967,2.459,0.82,439.5373,5.4045,3199697.9685
301308.SZ,2024-01-11,77.86,78.69,77.04,77.34,77.5,-0.16,-0.2065,38233.51,297269.502,3.3876,1.28,438.6299,5.3933,3193092.1404
301308.SZ,2024-01-12,76.55,77.3,75.36,75.5,77.34,-1.84,-2.3791,29609.53,225362.63,2.6235,0.99,428.1944,5.265,3117125.1177
301308.SZ,2024-01-15,74.85,79.3,74.58,77.17,75.5,1.67,2.2119,43534.42,337317.268,3.8572,1.42,437.6658,5.3815,3186073.4481
301308.SZ,2024-01-16,76.89,77.86,75.71,76.55,77.17,-0.62,-0.8034,26287.59,201435.84,2.3291,0.77,434.1495,5.3382,3160475.8644
301308.SZ,2024-01-17,76.1,77.17,74.58,74.58,76.55,-1.97,-2.5735,22081.57,167187.323,1.9565,0.67,422.9767,5.2009,3079141.6063
301308.SZ,2024-01-18,73.8,75.5,72.71,75.01,74.58,0.43,0.5766,34153.51,253449.525,3.0261,1.07,425.4154,5.2308,3096894.7693
301308.SZ,2024-01-19,76.0,77.18,74.08,74.4,75.01,-0.61,-0.8132,39050.32,295339.631,3.4599,1.25,421.9558,5.1883,3071710.0498
301308.SZ,2024-01-22,75.35,75.53,70.0,71.46,74.4,-2.94,-3.9516,39626.96,289987.716,3.511,1.2,405.2818,4.9833,2950327.9591
301308.SZ,2024-01-23,71.47,73.25,70.67,72.6,71.46,1.14,1.5953,32009.69,230630.755,2.8361,0.99,411.7472,5.0628,2997394.484
301308.SZ,2024-01-24,72.92,73.3,70.18,72.3,72.6,-0.3,-0.4132,27981.16,200173.906,2.4792,0.84,410.0458,5.0419,2985008.5564
301308.SZ,2024-01-25,72.5,76.5,71.5,75.76,72.3,3.46,4.7856,44049.65,329331.779,3.9029,1.27,429.669,5.2831,3127859.5883
301308.SZ,2024-01-26,74.8,75.55,72.46,72.75,75.76,-3.01,-3.9731,35392.45,260383.807,3.1358,0.97,412.598,5.0732,3003587.4479
301308.SZ,2024-01-29,73.75,76.69,72.26,72.26,72.75,-0.49,-0.6735,43633.64,321485.954,3.866,1.22,409.8189,5.0391,2983357.0994
301308.SZ,2024-01-30,72.88,75.45,71.62,72.89,72.26,0.63,0.8719,43658.3,321584.465,3.8682,1.19,413.392,5.083,3009367.5474
301308.SZ,2024-01-31,71.8,72.78,68.4,68.4,72.89,-4.49,-6.16,52570.76,367571.717,4.6579,1.35,387.9271,4.7699,2823991.4974
301308.SZ,2024-02-01,68.41,77.77,68.41,73.29,68.4,4.89,7.1491,77085.47,564847.635,6.8299,1.76,415.6605,5.1109,3025882.1176
301308.SZ,2024-02-02,73.3,76.18,70.59,73.6,73.29,0.31,0.423,80401.53,592975.141,7.1237,1.59,417.4187,5.1325,3038680.9094
301308.SZ,2024-02-05,72.96,73.88,65.52,69.0,73.6,-4.6,-6.25,70469.52,493702.637,6.2437,1.18,391.33,4.8117,2848763.3526
301308.SZ,2024-02-06,66.94,75.0,66.82,74.96,69.0,5.96,8.6377,68772.37,494017.308,6.0934,1.06,425.1319,5.2274,3094830.448
301308.SZ,2024-02-07,74.0,77.0,73.51,76.2,74.96,1.24,1.6542,64693.79,488448.814,5.732,0.93,432.1645,5.3138,3146025.6155
301308.SZ,2024-02-08,77.0,80.76,76.6,78.94,76.2,2.74,3.5958,67581.02,531510.938,5.9878,0.93,447.7042,5.5049,3259150.4211
301308.SZ,2024-02-19,80.8,83.58,77.77,82.61,78.94,3.67,4.6491,77136.34,618727.865,6.8344,1.1,468.5184,5.7608,3410671.6023
301308.SZ,2024-02-20,80.5,85.6,79.16,83.8,82.61,1.19,1.4405,73521.58,599181.279,6.5142,1.05,475.2675,5.8438,3459802.4485
301308.SZ,2024-02-21,80.68,83.4,79.81,80.72,83.8,-3.08,-3.6754,67853.68,552445.541,6.012,0.96,457.7994,5.629,3332640.2583
301308.SZ,2024-02-22,80.7,82.12,78.77,81.23,80.72,0.51,0.6318,61115.84,492832.082,5.415,0.87,460.6918,5.6646,3353696.3352
301308.SZ,2024-02-23,81.48,81.9,79.78,80.47,81.23,-0.76,-0.9356,49783.72,401765.916,4.4109,0.72,456.3815,5.6116,3322318.6519
301308.SZ,2024-02-26,80.56,85.2,80.13,83.45,80.47,2.98,3.7032,71151.23,589657.827,6.3041,1.08,473.2825,5.8194,3445352.1996
301308.SZ,2024-02-27,82.89,86.0,82.11,85.7,83.45,2.25,2.6962,66764.94,564943.155,5.9155,1.03,486.0432,5.9763,3538246.6568
301308.SZ,2024-02-28,84.99,86.59,77.39,78.0,85.7,-7.7,-8.9848,72074.87,597385.12,6.386,1.14,442.3731,5.4394,3220341.1812
301308.SZ,2024-02-29,78.51,84.12,78.51,83.12,78.0,5.12,6.5641,62906.58,515587.188,5.5736,0.98,471.4109,5.7964,3431727.6792
301308.SZ,2024-03-01,82.5,87.95,82.5,87.63,83.12,4.51,5.4259,78869.39,675953.281,6.988,1.22,496.9891,6.1109,3617929.4578
301308.SZ,2024-03-04,89.94,90.7,86.04,87.5,87.63,-0.13,-0.1484,71194.51,628027.424,6.308,1.01,496.2518,6.1018,3612562.2225
301308.SZ,2024-03-05,87.0,93.5,86.21,88.96,87.5,1.46,1.6686,118324.78,1064159.137,10.4838,1.68,504.5321,6.2037,3672840.4036
301308.SZ,2024-03-06,86.8,88.87,84.2,87.65,88.96,-1.31,-1.4726,80279.06,693736.906,7.1129,1.0,497.1025,6.1123,3618755.1863
301308.SZ,2024-03-07,87.97,89.49,83.39,83.53,87.65,-4.12,-4.7005,76264.39,654083.062,6.7572,0.93,473.7362,5.825,3448655.1137
301308.SZ,2024-03-08,84.5,87.89,83.38,87.37,83.53,3.84,4.5972,75188.7,649745.65,6.6619,0.88,495.5145,6.0928,3607194.9872
301308.SZ,2024-03-11,85.49,89.0,85.1,88.1,87.37,0.73,0.8355,64922.49,565849.053,5.7523,0.77,499.6547,6.1437,3637334.0777
301308.SZ,2024-03-12,88.99,92.48,86.68,87.39,88.1,-0.71,-0.8059,80089.87,714898.807,7.0961,0.96,495.628,6.0942,3608020.7157
301308.SZ,2024-03-13,88.99,89.99,87.57,88.0,87.39,0.61,0.698,70737.59,627089.196,6.2675,0.94,499.0876,6.1367,3633205.4352
301308.SZ,2024-03-14,87.0,89.0,86.16,87.16,88.0,-0.84,-0.9545,51182.62,447883.889,4.5349,0.7,494.3235,6.0781,3598524.8379
301308.SZ,2024-03-15,87.72,90.1,86.5,90.1,87.16,2.94,3.3731,76854.1,680731.142,6.8094,1.12,510.9976,6.2831,3719906.9285
301308.SZ,2024-03-18,90.29,94.0,88.9,93.85,90.1,3.75,4.162,92691.12,851751.032,8.2126,1.35,532.2655,6.5447,3874731.0238
301308.SZ,2024-03-19,93.81,98.6,93.72,94.3,93.85,0.45,0.4795,105334.32,1013967.024,9.3328,1.42,534.8177,6.576,3893309.9152
301308.SZ,2024-03-20,94.73,96.78,93.66,96.72,94.3,2.42,2.5663,77310.4,736067.986,6.8499,0.97,548.5426,6.7448,3993223.0647
301308.SZ,2024-03-21,102.8,103.8,98.59,99.88,96.72,3.16,3.2672,123193.3,1245689.567,10.9152,1.53,566.4644,6.9652,4123688.169
301308.SZ,2024-03-22,99.4,101.69,96.69,96.69,99.88,-3.19,-3.1938,90614.73,894375.944,8.0286,0.95,548.3725,6.7427,3991984.4719
301308.SZ,2024-03-25,95.01,96.0,91.08,91.27,96.69,-5.42,-5.6055,71050.77,664827.794,6.2952,0.73,517.6332,6.3647,3768212.0463
301308.SZ,2024-03-26,92.55,99.28,92.55,94.5,91.27,3.23,3.539,102692.76,986837.342,9.0988,1.1,535.952,6.59,3901567.2003
301308.SZ,2024-03-27,93.55,94.1,89.3,89.55,94.5,-4.95,-5.2381,62529.56,569169.246,5.5402,0.67,507.8783,6.2448,3697199.3946
301308.SZ,2024-03-28,89.9,92.98,88.25,91.96,89.55,2.41,2.6912,65834.93,601039.849,5.8331,0.73,521.5465,6.4129,3796699.6798
301308.SZ,2024-03-29,90.52,94.51,90.52,93.35,91.96,1.39,1.5115,54348.46,502769.266,4.8154,0.69,529.4298,6.5098,3854087.8111
301308.SZ,2024-04-01,93.0,96.8,92.57,95.67,93.35,2.32,2.4853,55854.06,530458.027,4.9488,0.78,542.5876,6.6716,3949872.318
301308.SZ,2024-04-02,98.5,100.03,91.9,94.17,95.67,-1.5,-1.5679,79003.94,760649.689,6.9999,1.16,534.0804,6.567,3887942.6799
301308.SZ,2024-04-03,93.07,105.0,93.07,100.15,94.17,5.98,6.3502,134819.37,1336406.004,11.9453,2.12,567.9957,6.984,4134835.5038
301308.SZ,2024-04-08,99.02,99.5,93.71,94.01,100.15,-6.14,-6.1308,95773.31,922712.627,8.4857,1.23,533.173,6.5558,3881336.8519
301308.SZ,2024-04-09,94.07,95.19,89.5,92.0,94.01,-2.01,-2.1381,82079.79,749817.448,7.2724,0.98,521.7734,6.4156,3798351.1368
301308.SZ,2024-04-10,92.5,93.36,84.53,86.3,92.0,-5.7,-6.1957,109229.61,953551.407,9.678,1.22,489.4461,6.0182,3563018.512
301308.SZ,2024-04-11,85.8,89.99,85.3,86.04,86.3,-0.26,-0.3013,80810.9,711723.847,7.16,0.81,487.9715,6.0,3552284.0414
301308.SZ,2024-04-12,86.55,89.38,85.79,87.11,86.04,1.07,1.2436,66281.01,579851.954,5.8726,0.66,494.04,6.0746,3596460.5166
301308.SZ,2024-04-15,85.5,87.85,84.06,87.16,87.11,0.05,0.0574,65033.4,560089.306,5.7621,0.75,494.3235,6.0781,3598524.8379
301308.SZ,2024-04-16,85.79,89.13,83.68,84.29,87.16,-2.87,-3.2928,64239.06,549301.275,5.6917,0.8,478.0465,5.878,3480032.797
301308.SZ,2024-04-17,88.08,95.25,86.85,95.19,84.29,10.9,12.9315,115020.55,1049829.941,10.1911,1.49,539.8653,6.6381,3930054.8338
301308.SZ,2024-04-18,94.69,95.99,93.38,94.92,95.19,-0.27,-0.2836,77542.59,733688.626,6.8704,0.99,538.334,6.6193,3918907.499
301308.SZ,2024-04-19,94.25,99.19,93.55,98.97,94.92,4.05,4.2668,115538.76,1109873.024,10.237,1.49,561.3034,6.9017,4086117.5218
301308.SZ,2024-04-22,90.0,98.45,88.0,95.9,98.97,-3.07,-3.102,108332.63,1019121.37,9.5986,1.24,,6.1076,3959368.1959
301308.SZ,2024-04-23,96.72,98.0,92.88,94.8,95.9,-1.1,-1.147,79081.48,752834.178,7.0069,0.82,,6.0376,3913953.1279
301308.SZ,2024-04-24,95.88,98.93,94.0,98.36,94.8,3.56,3.7553,101717.89,987514.642,9.0125,1.03,,6.2643,4060932.8023
301308.SZ,2024-04-25,97.52,102.1,96.6,97.84,98.36,-0.52,-0.5287,122132.12,1214958.609,10.8213,1.27,,6.2312,4039463.8611
301308.SZ,2024-04-26,99.06,101.65,97.51,97.81,97.84,-0.03,-0.0307,129466.35,1288066.614,11.4711,1.23,,6.2293,4038225.2684
301308.SZ,2024-04-29,97.99,99.54,96.38,99.3,97.81,1.49,1.5234,101196.15,994787.937,8.9663,0.94,,6.3242,4099742.0422
301308.SZ,2024-04-30,99.0,100.88,96.03,96.27,99.3,-3.03,-3.0514,95466.54,936859.24,8.4586,0.89,,6.1312,3974644.1733
301308.SZ,2024-05-06,98.1,98.38,94.96,96.4,96.27,0.13,0.135,77450.45,747660.303,6.8623,0.7,,6.1395,3980011.4086
301308.SZ,2024-05-07,97.3,97.69,94.65,95.21,96.4,-1.19,-1.2344,70649.44,677999.515,6.2597,0.67,,6.0637,3930880.5623
301308.SZ,2024-05-08,94.51,96.16,93.56,93.56,95.21,-1.65,-1.733,54389.39,514937.406,4.8191,0.57,,5.9586,3862757.9604
301308.SZ,2024-05-09,93.91,96.3,93.52,95.13,93.56,1.57,1.6781,65677.93,622659.785,5.8193,0.82,,6.0586,3927577.6483
301308.SZ,2024-05-10,94.51,94.97,91.0,91.2,95.13,-3.93,-4.1312,65433.77,602633.413,5.7976,0.9,,5.8083,3765321.9965
301308.SZ,2024-05-13,90.01,93.17,90.01,90.88,91.2,-0.32,-0.3509,56841.75,519808.19,5.0363,0.85,,5.7879,3752110.3404
301308.SZ,2024-05-14,90.86,91.62,89.26,89.56,90.88,-1.32,-1.4525,52480.53,473221.803,4.6499,0.84,,5.7038,3697612.2588
301308.SZ,2024-05-15,89.19,90.86,87.62,89.04,89.56,-0.52,-0.5806,44230.91,395213.867,3.919,0.75,,5.6707,3676143.3176
301308.SZ,2024-05-16,90.5,90.85,88.5,89.0,89.04,-0.04,-0.0449,41867.87,375062.216,3.7096,0.74,,5.6682,3674491.8606
301308.SZ,2024-05-17,88.0,89.5,86.71,89.42,89.0,0.42,0.4719,42842.68,377957.918,3.796,0.82,,5.6949,3691832.1593
301308.SZ,2024-05-20,89.11,91.33,87.88,91.32,89.42,1.9,2.1248,50266.58,453545.444,4.4538,1.05,,5.8159,3770276.3675
301308.SZ,2024-05-21,90.99,92.0,89.6,89.9,91.32,-1.42,-1.555,41595.75,377357.244,3.6855,0.9,,5.7255,3711649.6435
301308.SZ,2024-05-22,89.5,90.4,88.76,89.92,89.9,0.02,0.0222,33964.16,303973.564,3.0093,0.77,,5.7268,3712475.372
301308.SZ,2024-05-23,90.5,92.5,89.38,90.15,89.92,0.23,0.2558,60505.5,550041.558,5.361,1.44,,5.7414,3721971.2498
301308.SZ,2024-05-24,89.51,89.83,83.69,83.69,90.15,-6.46,-7.1658,86685.94,745175.431,7.6806,1.89,,5.33,3455260.9417
301308.SZ,2024-05-27,83.95,87.0,82.03,86.9,83.69,3.21,3.8356,64447.58,545187.888,5.7102,1.18,,5.5344,3587790.3673
301308.SZ,2024-05-28,86.0,88.97,85.58,85.6,86.9,-1.3,-1.496,61923.03,539118.989,5.4866,1.08,,5.4516,3534118.0142
301308.SZ,2024-05-29,84.8,86.25,84.21,84.9,85.6,-0.7,-0.8178,36769.83,312441.89,3.2579,0.6,,5.4071,3505217.5165
301308.SZ,2024-05-30,84.24,87.78,83.62,86.49,84.9,1.59,1.8728,54705.92,471756.367,4.8471,0.88,,5.5083,3570862.9328
301308.SZ,2024-05-31,86.5,87.98,85.82,86.79,86.49,0.3,0.3469,43365.16,376756.387,3.8423,0.71,,5.5274,3583248.8605
301308.SZ,2024-06-03,87.68,92.62,87.68,91.05,86.79,4.26,4.9084,110474.83,1001838.05,9.7884,2.11,,5.7987,3759129.0327
301308.SZ,2024-06-04,90.55,91.6,89.23,91.24,91.05,0.19,0.2087,72869.79,659408.961,6.4565,1.19,,5.8108,3766973.4535
301308.SZ,2024-06-05,90.66,93.6,90.2,91.24,91.24,0.0,0.0,70201.0,647324.447,6.22,1.1,,5.8108,3766973.4535
301308.SZ,2024-06-06,92.18,93.19,90.52,90.99,91.24,-0.25,-0.274,63747.77,585447.384,5.6482,0.91,,5.7949,3756651.8471
301308.SZ,2024-06-07,91.48,92.22,88.0,89.42,90.99,-1.57,-1.7255,63092.2,568136.835,5.5902,0.87,,5.6949,3691832.1593
301308.SZ,2024-06-11,89.43,94.38,89.42,94.1,89.42,4.68,5.2337,98499.46,910246.559,8.7273,1.29,,5.993,3885052.6301
301308.SZ,2024-06-12,93.03,95.2,92.48,94.68,94.1,0.58,0.6164,77196.22,725130.827,6.8398,1.05,,6.0299,3908998.7569
301308.SZ,2024-06-13,95.01,97.0,93.8,94.0,94.68,-0.68,-0.7182,85026.61,810706.504,7.5336,1.14,,5.9866,3880923.9876
301308.SZ,2024-06-14,93.0,95.87,92.45,94.31,94.0,0.31,0.3298,73259.57,690138.497,6.491,0.95,,6.0064,3893722.7795
301308.SZ,2024-06-17,93.79,95.71,93.45,95.03,94.31,0.72,0.7634,61609.02,583710.42,5.4587,0.78,,6.0522,3923449.0058
301308.SZ,2024-06-18,94.85,95.42,93.1,93.83,95.03,-1.2,-1.2628,58359.15,549125.927,5.1708,0.74,,5.9758,3873905.2953
301308.SZ,2024-06-19,95.28,98.48,93.66,96.61,93.83,2.78,2.9628,103929.09,997649.522,9.2084,1.46,,6.1528,3988681.5579
301308.SZ,2024-06-20,95.38,98.42,94.38,94.45,96.61,-2.16,-2.2358,75438.51,726147.264,6.6841,0.99,,6.0153,3899502.879
301308.SZ,2024-06-21,92.5,95.86,91.18,95.37,94.45,0.92,0.9741,56268.02,528158.288,4.9855,0.76,,6.0739,3937486.3904
301308.SZ,2024-06-24,93.11,96.2,90.8,91.0,95.37,-4.37,-4.5822,74680.18,698679.401,6.4468,1.05,,5.7393,3785432.2324
301308.SZ,2024-06-25,90.9,90.99,87.63,88.36,91.0,-2.64,-2.9011,67492.53,600993.155,5.8264,0.92,,5.5728,3675613.0995
301308.SZ,2024-06-26,88.92,92.77,87.53,92.5,88.36,4.14,4.6854,63180.58,569140.267,5.4541,0.84,,5.8339,3847829.467
301308.SZ,2024-06-27,91.15,95.8,90.67,93.34,92.5,0.84,0.9081,75141.95,706022.102,6.4867,1.11,,5.8869,3882771.9184
301308.SZ,2024-06-28,92.8,96.45,92.76,94.74,93.34,1.4,1.4999,71842.59,681889.034,6.2019,1.07,,5.9752,3941009.3373
301308.SZ,2024-07-01,94.1,96.28,93.0,95.5,94.74,0.76,0.8022,67399.89,640205.365,5.8184,0.96,,6.0231,3972623.9362
301308.SZ,2024-07-02,95.51,95.58,93.11,93.82,95.5,-1.68,-1.7592,49109.15,463478.702,4.2394,0.71,,5.9172,3902739.0334
301308.SZ,2024-07-03,93.82,97.99,92.25,96.62,93.82,2.8,2.9844,90367.66,865664.426,7.8011,1.38,,6.0938,4019213.8714
301308.SZ,2024-07-04,95.8,97.49,93.6,94.32,96.62,-2.3,-2.3805,60168.92,573613.101,5.1941,0.85,,5.9487,3923538.1116
301308.SZ,2024-07-05,93.34,95.6,91.66,94.41,94.32,0.09,0.0954,54434.59,509724.413,4.6991,0.8,,5.9544,3927281.9457
301308.SZ,2024-07-08,94.71,96.98,94.42,95.35,94.41,0.94,0.9957,62547.88,599805.735,5.3995,0.97,,6.0137,3966384.2127
301308.SZ,2024-07-09,95.39,99.57,94.6,99.42,95.35,4.07,4.2685,101034.07,987690.07,8.7219,1.6,,6.2704,4135688.7093
301308.SZ,2024-07-10,98.05,99.2,97.26,98.6,99.42,-0.82,-0.8248,72441.55,711460.665,6.2536,0.98,,6.2186,4101578.221
301308.SZ,2024-07-11,99.5,100.86,96.4,98.29,98.6,-0.31,-0.3144,95812.41,946434.246,8.2711,1.37,,6.1991,4088682.7926
301308.SZ,2024-07-12,96.33,99.3,95.33,99.24,98.29,0.95,0.9665,71719.94,699439.106,6.1913,0.93,,6.259,4128201.0411
301308.SZ,2024-07-15,98.72,99.8,95.75,95.88,99.24,-3.36,-3.3857,61543.18,601331.894,5.3128,0.76,,6.0471,3988431.2356
301308.SZ,2024-07-16,95.0,96.45,92.6,96.03,95.88,0.15,0.1564,83401.8,787945.465,7.1997,1.04,,6.0566,3994670.9591
301308.SZ,2024-07-17,95.4,95.79,91.6,91.71,96.03,-4.32,-4.4986,69334.76,649109.427,5.9854,0.9,,5.7841,3814966.9234
301308.SZ,2024-07-18,89.7,93.18,89.2,92.9,91.71,1.19,1.2976,62720.31,571923.934,5.4144,0.82,,5.8592,3864468.7296
301308.SZ,2024-07-19,91.93,94.93,91.57,93.29,92.9,0.39,0.4198,57237.9,536108.324,4.9411,0.82,,5.8838,3880692.0106
301308.SZ,2024-07-22,89.0,90.28,87.5,88.58,93.29,-4.71,-5.0488,101953.34,909566.478,8.8012,1.53,,5.5867,3684764.6939
301308.SZ,2024-07-23,88.72,88.78,83.5,83.56,88.58,-5.02,-5.6672,86471.63,738957.483,7.4648,1.15,,5.2701,3475941.9488
301308.SZ,2024-07-24,82.87,84.35,81.93,81.93,83.56,-1.63,-1.9507,52278.81,434844.931,4.513,0.69,,5.1673,3408136.9539
301308.SZ,2024-07-25,81.53,81.75,79.51,79.98,81.93,-1.95,-2.3801,47069.64,378988.31,4.0633,0.65,,5.0443,3327020.5489
301308.SZ,2024-07-26,80.0,81.01,79.33,80.72,79.98,0.74,0.9252,40257.06,322804.485,3.4752,0.58,,5.091,3357803.1846
301308.SZ,2024-07-29,80.24,81.3,79.78,79.91,80.72,-0.81,-1.0035,33294.29,267488.247,2.8742,0.51,,5.0399,3324108.6779
301308.SZ,2024-07-30,80.01,80.94,78.08,80.92,79.91,1.01,1.2639,38752.91,308675.987,3.3454,0.75,,5.1036,3366122.8159
301308.SZ,2024-07-31,80.71,84.19,80.31,83.98,80.92,3.06,3.7815,62296.12,514584.538,5.3778,1.47,,5.2966,3493413.1745
301308.SZ,2024-08-01,84.51,84.62,82.68,83.44,83.98,-0.54,-0.643,49490.33,414335.499,4.2723,1.12,,5.2625,3470950.17
301308.SZ,2024-08-02,82.15,82.77,79.84,79.95,83.44,-3.49,-4.1826,46073.45,374589.446,3.9773,1.03,,5.0424,3325772.6042
301308.SZ,2024-08-05,78.75,79.44,73.88,73.89,79.95,-6.06,-7.5797,64009.3,488375.122,5.5257,1.39,,4.6602,3073687.7764
301308.SZ,2024-08-06,75.6,75.91,73.5,74.48,73.89,0.59,0.7985,37334.14,277747.687,3.2229,0.72,,4.6974,3098230.6887
301308.SZ,2024-08-07,74.0,74.87,73.1,73.25,74.48,-1.23,-1.6515,30546.07,226052.909,2.6369,0.59,,4.6198,3047064.9563
301308.SZ,2024-08-08,72.31,74.38,71.86,73.41,73.25,0.16,0.2184,32457.64,236957.87,2.8019,0.71,,4.6299,3053720.6613
301308.SZ,2024-08-09,74.67,75.0,73.13,73.13,73.41,-0.28,-0.3814,32551.66,241597.818,2.8101,0.77,,4.6123,3042073.1775
301308.SZ,2024-08-12,72.75,73.6,72.21,72.83,73.13,-0.3,-0.4102,22217.14,161577.984,1.9179,0.56,,4.5933,3029593.7306
301308.SZ,2024-08-13,73.05,74.6,72.95,74.28,72.83,1.45,1.9909,30635.23,226079.076,2.6446,0.99,,4.6848,3089911.0574
301308.SZ,2024-08-14,74.3,74.96,73.77,73.86,74.28,-0.42,-0.5654,26015.29,193122.768,2.2458,0.88,,4.6583,3072439.8317
301308.SZ,2024-08-15,73.31,75.3,73.1,74.7,73.86,0.84,1.1373,36101.5,269289.538,3.1165,1.25,,4.7113,3107382.2831
301308.SZ,2024-08-16,74.96,75.48,74.01,74.01,74.7,-0.69,-0.9237,30277.05,225969.391,2.6137,1.03,,4.6678,3078679.5552
301308.SZ,2024-08-19,73.6,74.75,73.26,73.55,74.01,-0.46,-0.6215,25487.85,188840.311,2.2003,0.88,,4.6388,3059544.4032
301308.SZ,2024-08-20,73.88,73.88,72.06,72.34,73.55,-1.21,-1.6451,24600.14,178878.193,2.1236,0.83,,4.5624,3009210.634
301308.SZ,2024-08-21,71.8,72.72,70.9,71.06,72.34,-1.28,-1.7694,32344.63,232054.004,2.7922,1.14,,4.4817,2955964.9938
301308.SZ,2024-08-22,71.31,71.61,69.66,70.78,71.06,-0.28,-0.394,31925.84,224994.056,2.756,1.07,,4.4641,2944317.51
301308.SZ,2024-08-23,70.26,71.5,69.69,70.82,70.78,0.04,0.0565,28592.96,201369.911,2.4683,0.99,,4.4666,2945981.4362
301308.SZ,2024-08-26,70.79,71.47,69.3,70.08,70.82,-0.74,-1.0449,26707.99,187953.522,2.3056,0.93,,4.4199,2915198.8005
301308.SZ,2024-08-27,70.8,71.76,69.79,70.26,70.08,0.18,0.2568,46686.76,331113.067,4.0297,1.62,,4.3103,2922686.4687
301308.SZ,2024-08-28,69.79,71.16,69.56,70.02,70.26,-0.24,-0.3416,29801.0,209339.69,2.5722,0.9,,4.2956,2912702.9111
301308.SZ,2024-08-29,69.75,71.14,69.03,70.72,70.02,0.7,0.9997,37971.22,267510.639,3.2774,1.16,,4.3385,2941821.6206
301308.SZ,2024-08-30,70.78,74.04,70.58,73.4,70.72,2.68,3.7896,60824.86,442868.776,5.25,1.79,,4.5029,3053304.6798
301308.SZ,2024-09-02,73.0,73.49,69.2,69.29,73.4,-4.11,-5.5995,54333.21,386557.611,4.6897,1.34,,4.2508,2882336.257
301308.SZ,2024-09-03,69.08,70.5,69.07,69.88,69.29,0.59,0.8515,30709.5,214697.259,2.6507,0.67,,4.287,2906879.1692
301308.SZ,2024-09-04,68.96,69.97,68.03,68.62,69.88,-1.26,-1.8031,36122.0,248836.55,3.1178,0.85,,4.2097,2854465.4922
301308.SZ,2024-09-05,68.71,69.58,68.32,68.84,68.62,0.22,0.3206,24302.0,167525.825,2.0976,0.55,,4.2232,2863617.0866
301308.SZ,2024-09-06,68.7,68.97,66.24,66.3,68.84,-2.54,-3.6897,41167.8,276994.705,3.5534,1.0,,4.0674,2757957.7693
301308.SZ,2024-09-09,65.8,66.86,65.65,66.23,66.3,-0.07,-0.1056,23636.71,156383.098,2.0402,0.63,,4.0631,2755045.8984
301308.SZ,2024-09-10,66.39,67.33,65.34,66.92,66.23,0.69,1.0418,28150.93,186690.188,2.4298,0.9,,4.1054,2783748.6263
301308.SZ,2024-09-11,66.51,66.9,66.18,66.64,66.92,-0.28,-0.4184,18593.97,123712.443,1.6049,0.61,,4.0882,2772101.1425
301308.SZ,2024-09-12,67.32,67.43,65.56,65.59,66.64,-1.05,-1.5756,24677.23,164080.608,2.13,0.91,,4.0238,2728423.0783
301308.SZ,2024-09-13,65.89,66.18,64.5,64.5,65.59,-1.09,-1.6618,24001.65,156601.553,2.0717,0.88,,3.9569,2683081.0878
301308.SZ,2024-09-18,64.49,64.76,62.99,63.8,64.5,-0.7,-1.0853,23557.91,150002.833,2.0334,0.99,,3.914,2653962.3783
301308.SZ,2024-09-19,64.3,65.47,63.82,64.76,63.8,0.96,1.5047,32188.08,208297.549,2.7783,1.35,,3.9729,2693896.6085
301308.SZ,2024-09-20,64.69,65.27,63.4,64.02,64.76,-0.74,-1.1427,27348.84,175483.085,2.3606,1.11,,3.9275,2663113.9727
301308.SZ,2024-09-23,63.5,64.8,63.38,63.44,64.02,-0.58,-0.906,22515.95,144016.795,1.9434,0.85,,3.8919,2638987.042
301308.SZ,2024-09-24,60.9,65.0,60.59,64.97,63.44,1.53,2.4117,80063.84,503517.723,6.9106,3.09,,3.9858,2702632.2213
301308.SZ,2024-09-25,65.26,67.19,64.5,64.6,64.97,-0.37,-0.5695,74907.95,494521.205,6.4656,2.02,,3.9631,2687240.9034
301308.SZ,2024-09-26,65.2,70.04,65.01,70.04,64.6,5.44,8.4211,109785.72,740092.209,9.476,2.32,,4.2968,2913534.8743
301308.SZ,2024-09-27,72.0,76.24,70.2,75.29,70.04,5.25,7.4957,121300.0,884813.202,10.4699,1.93,,4.6189,3131925.1954
301308.SZ,2024-09-30,77.53,88.99,77.52,88.87,75.29,13.58,18.0369,146046.63,1211178.304,12.6059,1.79,,5.452,3696828.1593
301308.SZ,2024-10-08,106.63,106.64,95.0,106.64,88.87,17.77,19.9955,230280.65,2391193.209,19.8764,2.16,,6.5422,4436027.3985
301308.SZ,2024-10-09,101.0,116.91,94.7,98.8,106.64,-7.84,-7.3518,214268.96,2198787.269,18.4944,1.57,,6.0612,4109897.8523
301308.SZ,2024-10-10,99.5,100.17,90.1,90.5,98.8,-8.3,-8.4008,122765.65,1148761.84,10.5964,0.75,,5.552,3764633.1542
301308.SZ,2024-10-11,89.0,91.29,82.89,84.02,90.5,-6.48,-7.1602,96414.85,831133.438,8.3219,0.58,,5.1545,3495077.1007
301308.SZ,2024-10-14,84.22,88.79,83.2,88.25,84.02,4.23,5.0345,93439.06,805976.329,8.0651,0.58,,5.414,3671037.3023
301308.SZ,2024-10-15,88.26,91.0,86.5,87.0,88.25,-1.25,-1.4164,99102.35,880655.829,8.5539,0.65,,5.3373,3619039.6068
301308.SZ,2024-10-16,83.88,87.0,83.51,84.6,87.0,-2.4,-2.7586,68132.7,580919.126,5.8808,0.54,,5.19,3519204.0314
301308.SZ,2024-10-17,86.05,86.88,83.8,83.89,84.6,-0.71,-0.8392,70123.56,599381.479,6.0526,0.73,,5.1465,3489669.3404
301308.SZ,2024-10-18,84.7,97.37,83.96,92.86,83.89,8.97,10.6926,155229.26,1396786.34,13.3984,1.82,,5.6968,3862804.8033
301308.SZ,2024-10-21,94.0,98.25,91.9,93.11,92.86,0.25,0.2692,175158.75,1659383.632,15.1186,1.8,,5.7121,3873204.3424
301308.SZ,2024-10-22,92.62,95.47,90.75,92.66,93.11,-0.45,-0.4833,104170.56,966804.992,8.9914,0.92,,5.6845,3854485.172
301308.SZ,2024-10-23,92.0,93.78,90.8,91.21,92.66,-1.45,-1.5649,80109.76,739393.11,6.9146,0.7,,5.5956,3794167.8452
301308.SZ,2024-10-24,90.5,94.94,90.06,93.12,91.21,1.91,2.0941,99538.04,926133.453,8.5915,0.85,,5.7127,3873620.324
301308.SZ,2024-10-25,94.02,96.0,92.0,95.99,92.87,3.12,3.3595,119065.06,1121855.507,10.277,0.97,,5.9805,3993007.0328
301308.SZ,2024-10-28,95.0,95.75,93.3,94.09,95.99,-1.9,-1.9794,85731.97,806471.159,7.3999,0.74,,5.8621,3913970.5357
301308.SZ,2024-10-29,91.96,93.0,89.06,89.06,94.09,-5.03,-5.3459,117859.37,1070562.513,10.1729,1.21,,5.5488,3704731.809
301308.SZ,2024-10-30,88.88,90.04,86.5,87.73,89.06,-1.33,-1.4934,85806.84,755984.947,7.4063,0.85,,5.6172,3649406.261
301308.SZ,2024-10-31,87.45,89.33,86.01,88.07,87.73,0.34,0.3876,84469.88,742752.239,7.2909,0.83,,5.639,3663549.6341
301308.SZ,2024-11-01,87.0,87.78,83.48,83.48,88.07,-4.59,-5.2118,84193.01,714693.955,7.267,0.85,,5.3451,3472614.0963
301308.SZ,2024-11-04,83.47,85.84,83.11,85.1,83.48,1.62,1.9406,57142.32,483707.133,4.9322,0.62,,5.4488,3540003.1096
301308.SZ,2024-11-05,85.1,88.5,84.3,88.06,85.1,2.96,3.4783,91484.37,798727.159,7.8964,1.07,,5.6383,3663133.6526
301308.SZ,2024-11-06,88.16,89.88,87.03,87.76,88.06,-0.3,-0.3407,103075.56,910388.935,8.8969,1.28,,5.6191,3650654.2057
301308.SZ,2024-11-07,87.75,89.98,87.05,89.71,87.76,1.95,2.222,80750.58,717400.741,6.9699,0.96,,5.744,3731770.6106
301308.SZ,2024-11-08,91.92,94.1,90.63,92.01,89.71,2.3,2.5638,123168.23,1137859.501,10.6311,1.48,,5.8912,3827446.3704
301308.SZ,2024-11-11,93.06,97.44,92.1,96.68,92.01,4.67,5.0755,140954.26,1348854.882,12.1663,1.55,,6.1903,4021709.7608
301308.SZ,2024-11-12,97.2,97.8,92.4,93.21,96.68,-3.47,-3.5892,115477.32,1092530.233,9.9673,1.07,,5.9681,3877364.158
301308.SZ,2024-11-13,92.91,96.1,91.65,95.77,93.21,2.56,2.7465,100433.34,943013.353,8.6688,0.89,,6.132,3983855.4384
301308.SZ,2024-11-14,95.3,99.63,94.65,95.0,95.77,-0.77,-0.804,133313.4,1293431.84,11.5068,1.19,,6.0827,3951824.858
301308.SZ,2024-11-15,93.4,95.34,89.6,89.74,95.0,-5.26,-5.5368,91880.1,850215.953,7.9305,0.75,,5.7459,3733018.5553
301308.SZ,2024-11-18,89.74,90.59,85.1,85.87,89.74,-3.87,-4.3125,71003.61,618463.576,6.1286,0.61,,5.4981,3572033.6901
301308.SZ,2024-11-19,86.5,88.96,85.12,88.96,85.87,3.09,3.5985,63483.74,552829.397,5.4795,0.62,,5.696,3700571.9933
301308.SZ,2024-11-20,88.08,89.5,87.66,88.68,88.96,-0.28,-0.3147,57957.7,513371.907,5.0026,0.63,,5.678,3688924.5096
301308.SZ,2024-11-21,88.5,89.47,86.26,87.52,88.68,-1.16,-1.3081,53911.13,474349.964,4.6533,0.65,,5.6038,3640670.6481
301308.SZ,2024-11-22,87.58,88.2,83.0,83.0,87.52,-4.52,-5.1645,68211.88,583904.729,5.8876,1.01,,5.3144,3452646.9812
301308.SZ,2024-11-25,83.33,84.21,81.01,83.75,83.0,0.75,0.9036,50174.0,414491.32,4.3307,0.8,,5.3624,3483845.5985
301308.SZ,2024-11-26,83.75,85.64,83.0,84.0,83.75,0.25,0.2985,47321.0,400879.628,4.0845,0.81,,5.3784,3494245.1376
301308.SZ,2024-11-27,83.7,86.3,82.2,86.26,84.0,2.26,2.6905,50691.65,427904.405,4.3754,0.91,,5.5231,3588256.9711
301308.SZ,2024-11-28,86.1,90.6,85.67,88.87,86.26,2.61,3.0257,84398.08,744710.662,7.2847,1.56,,5.6902,3696828.1593
301308.SZ,2024-11-29,89.0,90.35,86.31,88.26,88.87,-0.61,-0.6864,90261.77,797315.684,7.7908,1.5,,5.6511,3671453.2839
301308.SZ,2024-12-02,88.19,89.58,87.37,89.04,88.26,0.78,0.8838,59980.56,532692.197,5.1772,0.93,,5.7011,3703899.8459
301308.SZ,2024-12-03,88.87,89.91,87.57,88.62,89.04,-0.42,-0.4717,53352.71,475127.557,4.6051,0.8,,5.6742,3686428.6202
301308.SZ,2024-12-04,90.98,92.73,88.27,88.31,88.62,-0.31,-0.3498,78830.28,714325.921,6.8041,1.16,,5.6543,3673533.1917
301308.SZ,2024-12-05,86.54,88.65,86.54,87.72,88.31,-0.59,-0.6681,46063.0,404241.805,3.9759,0.63,,5.6166,3648990.2794
301308.SZ,2024-12-06,88.0,89.88,86.0,89.67,87.72,1.95,2.223,59999.1,531164.611,5.1788,0.91,,5.7414,3730106.6844
301308.SZ,2024-12-09,89.0,89.85,87.15,88.84,89.67,-0.83,-0.9256,41114.79,364166.775,3.5488,0.69,,5.6883,3695580.2146
301308.SZ,2024-12-10,93.0,93.0,88.22,88.36,88.84,-0.48,-0.5403,59576.38,537181.952,5.1423,1.07,,5.6575,3675613.0995
301308.SZ,2024-12-11,87.78,90.3,87.01,88.99,88.36,0.63,0.713,50683.06,452511.374,4.3747,0.89,,5.6979,3701819.938
301308.SZ,2024-12-12,89.02,89.49,87.6,88.46,88.99,-0.53,-0.5956,48829.5,430709.261,4.2147,0.95,,5.6639,3679772.9151
301308.SZ,2024-12-13,87.31,93.0,87.15,91.45,88.46,2.99,3.3801,152207.0,1375675.901,13.1376,2.92,,5.8554,3804151.4028
301308.SZ,2024-12-16,90.5,92.3,87.55,88.06,91.45,-3.39,-3.7069,82474.69,740347.378,7.1187,1.17,,5.6383,3663133.6526
301308.SZ,2024-12-17,88.08,90.1,86.5,87.87,88.06,-0.19,-0.2158,56678.68,500385.435,4.8922,0.72,,5.6262,3655230.0029
301308.SZ,2024-12-18,88.45,92.9,85.9,92.0,87.87,4.13,4.7001,117589.62,1063926.02,10.1496,1.5,,5.8906,3827030.3888
301308.SZ,2024-12-19,90.01,94.0,89.5,93.32,92.0,1.32,1.4348,121663.15,1127989.015,10.5012,1.33,,5.9751,3881939.9552
301308.SZ,2024-12-20,92.4,98.0,92.03,95.26,93.32,1.94,2.0789,141734.33,1353072.363,12.2336,1.34,,6.0993,3962640.3787
301308.SZ,2024-12-23,95.26,98.88,93.51,93.95,95.26,-1.31,-1.3752,109681.95,1048048.633,9.4671,1.05,,6.0155,3908146.7938
301308.SZ,2024-12-24,94.16,96.54,90.1,96.5,93.95,2.55,2.7142,104467.01,976548.592,9.017,0.95,,6.1787,4014222.0926
301308.SZ,2024-12-25,95.46,97.3,92.68,92.78,96.5,-3.72,-3.8549,78538.48,744628.47,6.779,0.66,,5.9406,3859476.9508
301308.SZ,2024-12-26,93.0,96.58,91.15,96.16,92.78,3.38,3.643,92267.55,877253.15,7.964,0.83,,6.157,4000078.7194
301308.SZ,2024-12-27,96.0,97.2,93.19,93.4,96.16,-2.76,-2.8702,87819.71,837137.722,7.5801,0.83,,5.9802,3885267.8078
301308.SZ,2024-12-30,92.5,93.87,91.36,91.38,93.4,-2.02,-2.1627,54931.62,508224.881,4.7414,0.58,,5.8509,3801239.5318
301308.SZ,2024-12-31,91.3,91.79,86.0,86.0,91.38,-5.38,-5.8875,75090.84,661529.098,6.4814,0.9,,5.5064,3577441.4504
301308.SZ,2025-01-02,86.0,86.01,81.02,82.26,86.0,-3.74,-4.3488,56288.43,470726.75,4.8585,0.72,,5.267,3421864.3455
301308.SZ,2025-01-03,82.26,83.37,79.97,79.98,82.26,-2.28,-2.7717,48888.19,399715.351,4.2197,0.67,,5.121,3327020.5489
301308.SZ,2025-01-06,79.97,80.85,78.08,78.7,79.98,-1.28,-1.6004,33004.59,262204.354,2.8488,0.51,,5.039,3273774.9087
301308.SZ,2025-01-07,79.0,81.17,78.8,80.82,78.7,2.12,2.6938,38834.24,310545.799,3.3519,0.72,,5.1748,3361963.0002
301308.SZ,2025-01-08,79.98,81.5,77.18,80.75,80.82,-0.07,-0.0866,46945.13,373467.235,4.052,0.93,,5.1703,3359051.1293
301308.SZ,2025-01-09,80.0,85.81,79.42,82.88,80.75,2.13,2.6378,73238.06,612534.771,6.3215,1.64,,5.3067,3447655.2024
301308.SZ,2025-01-10,81.65,83.99,79.92,79.92,82.88,-2.96,-3.5714,55184.19,453136.053,4.7632,1.15,,5.1171,3324524.6595
301308.SZ,2025-01-13,78.3,79.91,77.4,79.3,79.92,-0.62,-0.7758,31946.13,251800.368,2.7574,0.65,,5.0774,3298733.8025
301308.SZ,2025-01-14,80.0,82.99,79.2,82.44,79.3,3.14,3.9596,55670.0,454435.999,4.8051,1.13,,5.2785,3429352.0136
301308.SZ,2025-01-15,82.01,82.75,80.79,80.91,82.44,-1.53,-1.8559,46591.7,380732.281,4.0215,0.89,,5.1805,3365706.8343
301308.SZ,2025-01-16,81.45,82.62,79.83,80.41,80.91,-0.5,-0.618,41163.47,334162.099,3.553,0.78,,5.1485,3344907.7561
301308.SZ,2025-01-17,80.32,82.36,79.8,81.21,80.41,0.8,0.9949,51668.0,419796.309,4.4597,1.12,,5.1997,3378186.2812
301308.SZ,2025-01-20,81.88,82.23,81.0,81.48,81.21,0.27,0.3325,36637.5,299111.371,3.1623,0.81,,5.217,3389417.7835
301308.SZ,2025-01-21,81.9,83.52,81.52,83.2,81.48,1.72,2.1109,55445.2,457941.383,4.7857,1.2,,5.3272,3460966.6125
301308.SZ,2025-01-22,82.5,83.44,82.0,82.63,83.2,-0.57,-0.6851,43494.0,359607.815,3.7541,0.94,,5.2907,3437255.6633
301308.SZ,2025-01-23,83.51,84.88,82.06,82.06,82.63,-0.57,-0.6898,51313.45,429061.677,4.4291,1.12,,5.2542,3413544.7142
301308.SZ,2025-01-24,82.16,85.41,81.5,85.33,82.06,3.27,3.9849,74745.81,626247.701,6.4516,1.57,,5.4635,3549570.6856
301308.SZ,2025-01-27,84.5,85.5,82.95,83.11,85.33,-2.22,-2.6017,49405.48,415447.502,4.2644,0.94,,5.3214,3457222.7784
301308.SZ,2025-02-05,85.0,87.36,84.06,85.55,83.11,2.44,2.9359,71537.26,611911.144,6.1747,1.3,,5.4776,3558722.28
301308.SZ,2025-02-06,85.0,88.0,84.61,87.8,85.55,2.25,2.63,77730.53,676178.221,6.7092,1.34,,5.6217,3652318.1319
301308.SZ,2025-02-07,87.0,89.5,86.18,87.36,87.8,-0.44,-0.5011,96304.01,845753.961,8.3124,1.48,,5.5935,3634014.9431
301308.SZ,2025-02-10,87.66,88.96,87.01,88.39,87.36,1.03,1.179,60048.51,529702.176,5.183,0.81,,5.6595,3676861.0442
301308.SZ,2025-02-11,88.02,88.2,85.69,85.91,88.39,-2.48,-2.8057,58739.03,508317.911,5.07,0.83,,5.5007,3573697.6163
301308.SZ,2025-02-12,85.6,87.74,85.23,87.72,85.91,1.81,2.1069,62977.8,545494.427,5.4359,0.86,,5.6166,3648990.2794
301308.SZ,2025-02-13,87.99,88.45,85.4,85.42,87.72,-2.3,-2.622,55698.8,481778.916,4.8076,0.78,,5.4693,3553314.5197
301308.SZ,2025-02-14,85.2,90.88,84.28,89.88,85.42,4.46,5.2213,104531.8,917937.13,9.0225,1.57,,5.7549,3738842.2972
301308.SZ,2025-02-17,91.32,94.5,89.14,94.13,89.88,4.25,4.7285,154100.05,1418689.157,13.301,2.25,,6.027,3915634.4619
301308.SZ,2025-02-18,92.98,92.98,88.9,89.43,94.13,-4.7,-4.9931,105938.38,965973.652,9.144,1.21,,5.7261,3720123.1269
301308.SZ,2025-02-19,90.0,96.59,89.94,95.67,89.43,6.24,6.9775,167647.99,1588185.71,14.4704,1.73,,6.1256,3979695.6228
301308.SZ,2025-02-20,95.66,96.05,93.05,95.63,95.67,-0.04,-0.0418,103828.01,982153.437,8.9618,0.88,,6.123,3978031.6965
301308.SZ,2025-02-21,95.63,99.6,94.7,97.3,95.63,1.67,1.7463,154759.78,1504683.773,13.3579,1.22,,6.23,4047500.6177
301308.SZ,2025-02-24,97.51,104.98,97.5,103.46,97.3,6.16,6.3309,216144.87,2216608.926,18.6563,1.57,,6.6244,4303745.2611
301308.SZ,2025-02-25,101.0,105.93,99.88,101.72,103.46,-1.74,-1.6818,130953.28,1339355.955,11.3031,0.87,,6.513,4231364.469
301308.SZ,2025-02-26,101.97,104.33,98.5,103.2,101.72,1.48,1.455,123239.56,1250567.882,10.6373,0.8,,6.6077,4292929.7405
301308.SZ,2025-02-27,103.2,107.39,99.52,104.54,103.2,1.34,1.2984,138272.57,1425547.04,11.9348,0.95,,6.6935,4348671.2701
301308.SZ,2025-02-28,102.98,107.56,100.05,102.3,104.54,-2.24,-2.1427,200043.34,2089495.191,17.2665,1.31,,6.5501,4255491.3997
301308.SZ,2025-03-03,103.34,105.0,98.98,101.49,102.3,-0.81,-0.7918,130778.29,1325794.315,11.288,0.81,,6.4982,4221796.893
301308.SZ,2025-03-04,97.6,107.78,96.5,105.94,101.49,4.45,4.3847,158609.06,1631982.156,13.6902,1.1,,6.7832,4406908.689
301308.SZ,2025-03-05,104.88,105.88,101.16,103.33,105.94,-2.61,-2.4637,92801.38,957554.137,8.01,0.62,,6.616,4298337.5008
301308.SZ,2025-03-06,104.0,110.3,103.51,103.63,103.33,0.3,0.2903,115793.34,1224669.631,9.9946,0.8,,6.6353,4310816.9477
301308.SZ,2025-03-07,102.0,111.39,101.0,107.78,103.63,4.15,4.0046,165884.24,1763311.84,14.3181,1.19,,6.901,4483449.2968
301308.SZ,2025-03-10,107.85,110.76,105.6,109.9,107.78,2.12,1.967,108775.35,1179455.917,9.3888,0.82,,7.0367,4571637.3884
301308.SZ,2025-03-11,107.5,109.6,105.35,107.33,109.9,-2.57,-2.3385,75055.55,803723.135,6.4783,0.58,,6.8722,4464730.1264
301308.SZ,2025-03-12,108.03,111.0,106.6,106.6,107.33,-0.73,-0.6801,81690.27,888424.715,7.051,0.73,,6.8254,4434363.4722
301308.SZ,2025-03-13,106.0,107.8,101.3,102.22,106.6,-4.38,-4.1088,83326.78,860447.578,7.1923,0.76,,6.545,4252163.5472
301308.SZ,2025-03-14,102.79,108.6,102.36,108.37,102.22,6.15,6.0164,103319.18,1090869.989,8.9179,1.0,,6.9388,4507992.2091
301308.SZ,2025-03-17,108.0,110.08,106.55,108.99,108.37,0.62,0.5721,76826.94,833279.148,6.6312,0.85,,6.9784,4533783.066
301308.SZ,2025-03-18,108.95,113.94,107.0,107.09,108.99,-1.9,-1.7433,96128.09,1056192.097,8.2972,1.14,,6.8568,4454746.5689
301308.SZ,2025-03-19,106.12,108.8,104.84,105.87,107.09,-1.22,-1.1392,57573.93,609922.374,4.9694,0.65,,6.7787,4403996.8181
301308.SZ,2025-03-20,105.0,105.13,102.44,102.87,105.87,-3.0,-2.8337,55464.59,575158.389,4.7874,0.66,,6.5866,4279202.3489
301308.SZ,2025-03-21,102.0,102.0,97.88,99.72,102.87,-3.15,-3.0621,95702.0,955919.193,8.2548,1.23,83.1822,6.4139,4148168.1562
301308.SZ,2025-03-24,98.51,99.73,95.1,97.22,99.72,-2.5,-2.507,62386.0,605324.111,5.3811,0.82,81.0968,6.2531,4044172.7652
301308.SZ,2025-03-25,97.1,97.93,93.8,94.5,97.22,-2.72,-2.7978,43361.65,413106.285,3.7401,0.59,78.8279,6.0781,3931025.7798
301308.SZ,2025-03-26,94.5,97.18,94.5,94.94,94.5,0.44,0.4656,41024.92,392204.547,3.5386,0.65,79.1949,6.1064,3949328.9686
301308.SZ,2025-03-27,94.98,97.92,94.33,94.9,94.94,-0.04,-0.0421,56209.0,538989.227,4.8483,0.94,79.1616,6.1039,3947665.0424
301308.SZ,2025-03-28,94.71,95.3,92.08,92.2,94.9,-2.7,-2.8451,55489.5,517586.718,4.7862,0.93,76.9093,5.9302,3835350.0201
301308.SZ,2025-03-31,91.95,93.7,90.8,92.56,92.2,0.36,0.3905,38032.67,349614.437,3.2805,0.74,77.2096,5.9534,3850325.3564
301308.SZ,2025-04-01,92.99,93.87,91.72,91.99,92.56,-0.57,-0.6158,42533.43,394163.484,3.6687,0.91,76.7342,5.9167,3826614.4072
301308.SZ,2025-04-02,92.06,93.77,91.5,92.83,91.99,0.84,0.9131,38001.69,352952.041,3.2778,0.81,77.4349,5.9707,3861556.8586
301308.SZ,2025-04-03,91.44,93.34,88.88,90.6,92.83,-2.23,-2.4022,50534.67,458575.06,4.3589,1.1,75.5747,5.8273,3768792.9698
301308.SZ,2025-04-07,85.0,85.94,72.48,72.48,90.6,-18.12,-20.0,106935.48,830498.809,9.2237,2.38,60.4598,4.6618,3015034.3759
301308.SZ,2025-04-08,74.19,76.5,70.01,71.91,72.48,-0.57,-0.7864,116723.24,849337.728,10.0679,2.11,59.9843,4.6252,2991323.4267
301308.SZ,2025-04-09,68.88,74.5,67.26,73.74,71.91,1.83,2.5448,99886.0,721737.288,8.6156,1.41,61.5108,4.7429,3067448.0529
301308.SZ,2025-04-10,76.5,78.46,75.58,76.2,73.74,2.46,3.336,89109.12,685914.021,7.6861,1.08,63.5628,4.9011,3169779.5177
301308.SZ,2025-04-11,74.92,81.8,74.58,79.64,76.2,3.44,4.5144,110627.0,875038.724,9.5421,1.19,66.4323,5.1224,3312877.1757
301308.SZ,2025-04-14,82.13,82.14,79.6,79.95,79.64,0.31,0.3893,73721.94,593631.346,6.3589,0.7,66.6909,5.1423,3325772.6042
301308.SZ,2025-04-15,79.73,80.14,78.5,79.15,79.95,-0.8,-1.0006,39131.4,309246.339,3.3753,0.4,66.0236,5.0908,3292494.0791
301308.SZ,2025-04-16,78.5,79.79,76.73,77.9,79.15,-1.25,-1.5793,40619.94,317549.516,3.5037,0.49,64.9809,5.0104,3240496.3836
301308.SZ,2025-04-17,77.0,79.45,77.0,77.42,77.9,-0.48,-0.6162,38315.88,300160.586,3.3049,0.54,64.5805,4.9796,3220529.2685
301308.SZ,2025-04-18,77.11,77.7,76.01,76.9,77.42,-0.52,-0.6717,29340.0,225122.009,2.5307,0.49,64.1467,4.9461,3198898.2272
301308.SZ,2025-04-21,77.32,79.22,76.3,79.09,76.9,2.19,2.8479,43874.02,342582.796,3.7843,0.99,65.9735,5.087,3289998.1897
301308.SZ,2025-04-22,78.69,79.09,77.1,77.9,79.09,-1.19,-1.5046,44604.02,348393.899,3.8473,1.17,64.9809,5.0104,3240496.3836
301308.SZ,2025-04-23,78.69,80.15,77.93,79.21,77.9,1.31,1.6816,52070.0,411267.264,4.4913,1.32,66.0736,5.0947,3294989.9684
301308.SZ,2025-04-24,79.47,79.5,76.88,76.98,79.21,-2.23,-2.8153,54056.96,420039.842,4.6627,1.3,64.2135,4.9513,3202226.0797
301308.SZ,2025-04-25,76.98,78.6,76.85,77.45,76.98,0.47,0.6105,54020.69,419073.987,4.6595,1.21,64.6055,4.9815,3221777.2132
301308.SZ,2025-04-28,73.0,74.47,72.0,73.65,77.45,-3.8,-4.9064,75225.26,551462.662,6.4885,1.51,61.4357,4.7559,3063704.2189
301308.SZ,2025-04-29,73.2,75.47,72.72,75.4,73.65,1.75,2.3761,45920.0,340410.148,3.9608,0.82,62.8955,4.8689,3136500.9926
301308.SZ,2025-04-30,75.15,78.27,75.02,77.91,75.4,2.51,3.3289,59164.0,457746.767,5.1032,1.05,64.9892,5.031,3240912.3651
301308.SZ,2025-05-06,77.14,80.85,77.03,80.08,77.91,2.17,2.7853,65135.63,518434.685,5.6183,1.13,66.7994,5.1711,3331180.3645
301308.SZ,2025-05-07,81.68,81.8,78.75,79.5,80.08,-0.58,-0.7243,48075.11,383179.197,4.1467,0.8,66.3155,5.1336,3307053.4338
301308.SZ,2025-05-08,79.6,80.2,78.9,79.81,79.5,0.31,0.3899,29133.5,232015.05,2.5129,0.5,66.5741,5.1536,3319948.8623
301308.SZ,2025-05-09,79.81,79.88,77.02,77.56,79.81,-2.25,-2.8192,38474.7,299617.001,3.3186,0.78,64.6973,5.0084,3226353.0104
301308.SZ,2025-05-12,78.6,80.49,78.02,79.25,77.56,1.69,2.179,31379.98,248062.504,2.7067,0.65,66.107,5.1175,3296653.8947
301308.SZ,2025-05-13,80.64,81.68,79.22,79.39,79.25,0.14,0.1767,49674.0,400114.216,4.2846,1.17,66.2238,5.1265,3302477.6366
301308.SZ,2025-05-14,80.38,80.8,78.72,79.91,79.39,0.52,0.655,37745.0,301410.021,3.2557,0.96,66.6575,5.1601,3324108.6779
301308.SZ,2025-05-15,80.45,80.45,76.75,76.9,79.91,-3.01,-3.7667,40161.66,313106.214,3.4641,1.08,64.1467,4.9657,3198898.2272
301308.SZ,2025-05-16,76.51,77.39,76.22,76.52,76.9,-0.38,-0.4941,26502.36,203567.615,2.286,0.67,63.8298,4.9412,3183090.9277
301308.SZ,2025-05-19,76.55,76.81,75.3,76.22,76.52,-0.3,-0.3921,23526.44,179034.08,2.0293,0.63,63.5795,4.9218,3170611.4808
301308.SZ,2025-05-20,76.23,76.8,75.68,76.24,76.22,0.02,0.0262,21395.01,163267.156,1.8454,0.6,63.5962,4.9231,3171443.4439
301308.SZ,2025-05-21,76.24,76.43,74.56,75.25,76.24,-0.99,-1.2985,30693.56,231220.947,2.6475,1.03,62.7704,4.8592,3130261.2691
301308.SZ,2025-05-22,75.01,76.28,74.3,74.42,75.25,-0.83,-1.103,22547.0,169289.014,1.9448,0.79,62.078,4.8056,3095734.7993
301308.SZ,2025-05-23,74.42,75.2,73.1,73.14,74.42,-1.28,-1.72,25518.98,188745.639,2.2011,1.02,61.0103,4.7229,3042489.1591
301308.SZ,2025-05-26,72.99,73.78,72.56,73.06,73.14,-0.08,-0.1094,23696.98,173116.55,1.9905,0.96,61.4071,4.6711,3062275.3207
301308.SZ,2025-05-27,72.98,73.01,71.45,71.67,73.06,-1.39,-1.9025,23558.58,169559.605,1.9788,0.95,60.2388,4.5822,3004014.1286
301308.SZ,2025-05-28,71.5,72.63,71.44,71.9,71.67,0.23,0.3209,20771.93,149421.924,1.7448,0.82,60.4321,4.5969,3013654.4697
301308.SZ,2025-05-29,71.9,73.46,71.9,73.0,71.9,1.1,1.5299,41580.87,303084.585,3.4926,1.79,61.3566,4.6673,3059760.4491
301308.SZ,2025-05-30,72.69,72.89,70.7,71.18,73.0,-1.82,-2.4932,31767.02,226980.413,2.6683,1.18,59.8269,4.5509,2983476.0105
301308.SZ,2025-06-03,70.13,72.0,70.1,70.75,71.18,-0.43,-0.6041,25654.79,182750.351,2.1549,0.91,59.4655,4.5234,2965452.764
301308.SZ,2025-06-04,70.75,72.08,70.65,71.0,70.75,0.25,0.3534,41666.82,297537.058,3.4998,1.45,59.6756,4.5394,2975931.3957
301308.SZ,2025-06-05,71.3,73.2,70.98,72.4,71.0,1.4,1.9718,59777.84,431276.005,5.0211,1.85,60.8523,4.6289,3034611.7331
301308.SZ,2025-06-06,72.45,75.26,71.73,73.47,72.4,1.07,1.4779,84165.96,618326.859,7.0696,2.1,61.7517,4.6973,3079460.2766
301308.SZ,2025-06-09,74.13,74.45,72.96,73.9,73.47,0.43,0.5853,48434.24,357514.784,4.0683,1.0,62.1131,4.7248,3097483.5231
301308.SZ,2025-06-10,73.8,73.85,71.01,72.1,73.9,-1.8,-2.4357,51667.0,373610.944,4.3398,0.99,60.6002,4.6097,3022037.3751
301308.SZ,2025-06-11,72.0,74.99,72.0,73.33,72.1,1.23,1.706,49562.06,363542.547,4.163,0.87,61.634,4.6884,3073592.2429
301308.SZ,2025-06-12,73.25,74.5,72.75,73.32,73.33,-0.01,-0.0136,40602.98,299243.201,3.4105,0.69,61.6256,4.6877,3073173.0976
301308.SZ,2025-06-13,72.5,73.28,71.02,71.23,73.32,-2.09,-2.8505,46391.42,333422.611,3.8967,0.85,59.8689,4.5541,2985571.7368
301308.SZ,2025-06-16,71.0,72.88,70.76,71.61,71.23,0.38,0.5335,34853.34,250497.052,2.9275,0.74,60.1883,4.5784,3001499.257
301308.SZ,2025-06-17,72.47,77.0,72.0,76.5,71.61,4.89,6.8287,128041.45,958072.52,10.755,2.87,64.2984,4.891,3206461.2926
301308.SZ,2025-06-18,76.2,81.4,76.0,80.34,76.5,3.84,5.0196,159621.88,1258764.346,13.4076,2.67,67.5259,5.1366,3367413.0751
301308.SZ,2025-06-19,80.4,80.49,78.01,79.45,80.34,-0.89,-1.1078,110560.55,875821.764,9.2866,1.35,66.7779,5.0797,3330109.1463
301308.SZ,2025-06-20,79.13,80.98,78.11,80.0,79.45,0.55,0.6923,115249.02,920678.973,9.6805,1.2,67.2401,5.1148,3353162.136
301308.SZ,2025-06-23,79.4,83.0,79.26,81.31,80.0,1.31,1.6375,109941.67,897859.867,9.2347,1.0,68.3412,5.1986,3408070.166
301308.SZ,2025-06-24,81.97,82.89,79.9,81.9,81.31,0.59,0.7256,101593.19,825589.11,8.5334,0.81,68.8371,5.2363,3432799.7367
301308.SZ,2025-06-25,83.0,83.54,81.5,82.69,81.9,0.79,0.9646,97054.05,800980.618,8.1521,0.81,69.5011,5.2868,3465912.2128
301308.SZ,2025-06-26,82.28,83.97,80.6,82.75,82.69,0.06,0.0726,98871.26,810185.851,8.3048,0.93,69.5515,5.2906,3468427.0844
301308.SZ,2025-06-27,83.22,87.5,81.93,84.95,82.75,2.2,2.6586,145364.42,1230134.553,12.21,1.39,71.4006,5.4313,3560639.0432
301308.SZ,2025-06-30,85.3,89.01,84.3,87.49,84.95,2.54,2.99,110778.64,958534.115,9.305,1.0,73.5355,5.5937,3667101.941
301308.SZ,2025-07-01,87.99,92.13,85.05,85.09,87.49,-2.4,-2.7432,140730.77,1251164.69,11.8208,1.27,71.5183,5.4403,3566507.0769
301308.SZ,2025-07-02,84.1,84.6,81.88,83.2,85.09,-1.89,-2.2212,92261.47,768556.642,7.7496,0.78,69.9298,5.3194,3487288.6214
301308.SZ,2025-07-03,83.1,85.85,82.81,85.8,83.2,2.6,3.125,78176.47,659955.182,6.5665,0.66,72.1151,5.4856,3596266.3909
301308.SZ,2025-07-04,85.0,85.5,82.58,83.65,85.8,-2.15,-2.5058,73979.25,620991.934,6.214,0.65,70.308,5.3482,3506150.1585
301308.SZ,2025-07-07,83.62,84.2,81.58,82.5,83.65,-1.15,-1.3748,54177.65,448261.543,4.5507,0.55,69.3414,5.2747,3457948.4528
301308.SZ,2025-07-08,83.53,84.96,83.03,83.68,82.5,1.18,1.4303,59266.16,497895.777,4.9781,0.67,70.3332,5.3501,3507407.5943
301308.SZ,2025-07-09,83.88,83.89,81.61,81.98,83.68,-1.7,-2.0315,54784.35,452616.135,4.6017,0.77,68.9043,5.2414,3436152.8989
301308.SZ,2025-07-10,81.48,82.18,80.38,80.53,81.98,-1.45,-1.7687,53291.59,431860.313,4.4763,0.83,67.6856,5.1487,3375376.8352
301308.SZ,2025-07-11,80.56,82.07,79.8,81.59,80.53,1.06,1.3163,53936.16,437033.72,4.5304,0.91,68.5765,5.2165,3419806.2335
301308.SZ,2025-07-14,81.6,83.39,80.69,81.36,81.59,-0.23,-0.2819,41528.34,340516.645,3.4882,0.75,68.3832,5.2018,3410165.8923
301308.SZ,2025-07-15,81.0,82.57,80.0,81.85,81.36,0.49,0.6023,51807.0,421499.306,4.3516,0.99,68.7951,5.2331,3430704.0104
301308.SZ,2025-07-16,82.01,84.19,81.72,83.27,81.85,1.42,1.7349,58912.44,489703.091,4.9484,1.15,69.9886,5.3239,3490222.6383
301308.SZ,2025-07-17,83.13,83.53,82.5,83.22,83.27,-0.05,-0.06,44781.25,371792.609,3.7614,0.86,69.9466,5.3207,3488126.912
301308.SZ,2025-07-18,83.12,83.73,81.01,81.35,83.22,-1.87,-2.2471,51352.42,421568.811,4.3134,1.02,68.3748,5.2011,3409746.747
301308.SZ,2025-07-21,81.87,81.96,80.68,81.38,81.35,0.03,0.0369,38580.47,314085.937,3.2406,0.78,68.4,5.2031,3411004.1828
301308.SZ,2025-07-22,81.53,82.2,80.95,81.21,81.38,-0.17,-0.2089,34956.8,284862.045,2.9362,0.71,68.2572,5.1922,3403878.7133
301308.SZ,2025-07-23,81.3,82.93,81.07,81.68,81.21,0.47,0.5787,45947.49,376264.6,3.8594,1.01,68.6522,5.2222,3423578.5409
301308.SZ,2025-07-24,81.8,86.76,81.8,85.79,81.68,4.11,5.0318,104606.38,883390.013,8.7865,2.43,72.1067,5.485,3595847.2456
301308.SZ,2025-07-25,85.65,87.8,85.29,87.2,85.79,1.41,1.6435,78907.07,682916.294,6.6279,1.43,73.2918,5.5752,3654946.7282
301308.SZ,2025-07-28,87.0,87.1,85.28,85.95,87.2,-1.25,-1.4335,49777.02,427849.313,4.1811,0.82,72.2411,5.4952,3602553.5699
301308.SZ,2025-07-29,85.77,92.5,85.32,91.03,85.95,5.08,5.9104,125310.27,1122208.627,10.5256,1.99,76.5109,5.82,3815479.3655
301308.SZ,2025-07-30,90.0,93.35,89.5,90.69,91.03,-0.34,-0.3735,100038.44,915587.558,8.4028,1.24,76.2251,5.7983,3801228.4264
301308.SZ,2025-07-31,90.1,93.66,89.01,89.28,90.69,-1.41,-1.5547,85423.23,781571.528,7.1752,0.93,75.04,5.7081,3742128.9438
301308.SZ,2025-08-01,88.51,89.8,87.38,87.86,89.28,-1.42,-1.5905,65526.15,577987.529,5.5039,0.75,73.8465,5.6174,3682610.3159
301308.SZ,2025-08-04,87.0,90.15,86.8,88.3,87.86,0.44,0.5008,55180.41,488151.938,4.6349,0.65,74.2163,5.6455,3701052.7076
301308.SZ,2025-08-05,88.5,89.66,87.8,89.0,88.3,0.7,0.7928,46357.04,412098.652,1.6894,0.54,74.8047,5.6902,3730392.8763
301308.SZ,2025-08-06,89.0,89.48,87.77,89.23,89.0,0.23,0.2584,44424.47,394560.167,1.619,0.63,74.998,5.7049,3740033.2174
301308.SZ,2025-08-07,88.7,90.59,87.8,88.51,89.23,-0.72,-0.8069,63609.53,565037.914,2.3181,1.07,74.3928,5.6589,3709854.7582
301308.SZ,2025-08-08,87.94,89.3,87.85,88.48,88.51,-0.03,-0.0339,36639.36,324370.8,1.3353,0.67,74.3676,5.657,3708597.3224
301308.SZ,2025-08-11,89.25,91.79,89.14,90.08,88.48,1.6,1.8083,69985.84,635045.399,2.5505,1.42,75.7124,5.7593,3775660.5651
301308.SZ,2025-08-12,90.09,92.86,87.29,91.11,90.08,1.03,1.1434,89630.64,810395.493,3.2664,1.72,76.5781,5.8251,3818832.5276
301308.SZ,2025-08-13,91.12,91.36,88.7,89.49,91.11,-1.62,-1.7781,87194.51,781431.687,3.1777,1.43,75.2165,5.7216,3750930.9944
301308.SZ,2025-08-14,89.49,95.12,89.45,90.26,89.49,0.77,0.8604,131025.69,1214638.614,4.775,1.89,75.8637,5.7708,3783205.1799
301308.SZ,2025-08-15,89.5,92.56,88.87,91.62,90.26,1.36,1.5068,73861.8,672737.416,2.6918,0.89,77.0068,5.8577,3840208.9363
301308.SZ,2025-08-18,90.79,92.7,89.6,91.5,91.62,-0.12,-0.131,117749.36,1072658.078,4.2912,1.3,76.9059,5.8501,3835179.1931
301308.SZ,2025-08-19,91.51,92.58,90.09,90.57,91.5,-0.93,-1.0164,83367.71,759204.439,3.0382,0.83,76.1243,5.7906,3796198.6832
301308.SZ,2025-08-20,90.58,92.78,88.88,92.78,90.57,2.21,2.4401,101512.56,921666.61,3.6995,1.03,77.9818,5.9319,3888829.7872
301308.SZ,2025-08-21,91.63,96.65,91.27,93.01,92.78,0.23,0.2479,130332.72,1220142.305,4.7498,1.28,78.1751,5.9466,3898470.1284
301308.SZ,2025-08-22,92.06,96.6,92.05,96.6,93.01,3.59,3.8598,131228.06,1249026.084,4.7824,1.29,81.1925,6.1761,4048943.2792
301308.SZ,2025-08-25,100.0,105.5,95.68,96.73,96.6,0.13,0.1346,182448.05,1808270.116,6.649,1.62,81.3017,6.0158,4054392.1677
301308.SZ,2025-08-26,97.7,101.7,97.0,98.71,96.73,1.98,2.0469,126144.42,1255373.813,4.5971,1.0,82.9659,6.1389,4137382.9306
301308.SZ,2025-08-27,99.0,102.0,97.3,97.79,98.71,-0.92,-0.932,140399.8,1397728.642,5.1166,1.05,82.1927,6.0817,4098821.566
301308.SZ,2025-08-28,96.88,99.18,94.7,98.64,97.79,0.85,0.8692,132673.24,1290792.692,4.8351,0.93,82.9071,6.1346,4134448.9137
301308.SZ,2025-08-29,98.0,98.0,94.0,95.46,98.64,-3.18,-3.2238,102729.75,981846.05,3.7438,0.72,80.2343,5.9368,4001160.7188
301308.SZ,2025-09-01,98.51,101.96,96.86,100.14,95.46,4.68,4.9026,146241.62,1456492.668,5.3295,1.07,84.1679,6.2279,4197320.7037
301308.SZ,2025-09-02,99.0,99.48,93.12,94.0,100.14,-6.14,-6.1314,110192.72,1056187.152,4.0158,0.85,79.0072,5.846,3939965.5098
301308.SZ,2025-09-03,94.89,95.59,91.71,92.07,94.0,-1.93,-2.0532,62379.3,584739.353,2.2733,0.49,77.385,5.726,3859070.4733
301308.SZ,2025-09-04,91.65,92.59,85.38,86.88,92.07,-5.19,-5.637,94231.55,837776.17,3.4341,0.85,73.0228,5.4032,3641534.0797
301308.SZ,2025-09-05,87.0,94.96,86.31,93.59,86.88,6.71,7.7233,104790.64,953634.624,3.8189,1.02,78.6626,5.8205,3922780.5539
301308.SZ,2025-09-08,93.0,96.99,92.8,96.95,93.59,3.36,3.5901,95440.16,910919.818,3.4782,0.92,81.4867,6.0295,4063613.3636
301308.SZ,2025-09-09,95.9,96.18,92.81,93.06,96.95,-3.89,-4.0124,60501.31,570306.439,2.2049,0.65,78.2171,5.7876,3900565.8547
301308.SZ,2025-09-10,93.06,96.0,92.01,92.07,93.06,-0.99,-1.0638,57416.0,535964.31,2.0924,0.69,77.385,5.726,3859070.4733
301308.SZ,2025-09-11,92.12,97.8,92.12,97.5,92.07,5.43,5.8977,110113.65,1056056.988,4.0129,1.34,81.9489,6.0637,4086666.3533
301308.SZ,2025-09-12,101.0,115.1,100.03,110.98,97.5,13.48,13.8256,321973.45,3459350.599,11.7338,3.76,93.2789,6.902,4651674.1732
301308.SZ,2025-09-15,116.31,116.6,108.0,111.31,110.98,0.33,0.2974,260551.77,2891711.47,9.4954,2.02,93.5563,6.9226,4665505.967
301308.SZ,2025-09-16,110.75,119.31,109.14,115.23,111.31,3.92,3.5217,238315.21,2705570.138,8.685,1.47,96.851,7.1663,4829810.9116
301308.SZ,2025-09-17,114.01,116.88,111.71,114.73,115.23,-0.5,-0.4339,156575.44,1785052.505,5.7061,0.79,96.4308,7.1352,4808853.6483
301308.SZ,2025-09-18,116.0,120.9,111.65,113.99,114.73,-0.74,-0.645,225659.35,2633200.331,8.2238,1.04,95.8088,7.0892,4777836.8985
301308.SZ,2025-09-19,117.01,135.4,117.01,127.95,113.99,13.96,12.2467,269657.14,3410369.532,9.8272,1.12,107.5422,7.9574,5362963.6913
301308.SZ,2025-09-22,130.54,145.15,130.54,140.7,127.95,12.75,9.9648,281942.54,3941688.583,10.275,1.23,118.2586,8.7504,5897373.9067
301308.SZ,2025-09-23,138.88,144.67,137.87,144.3,140.7,3.6,2.5586,253508.5,3583018.226,9.2387,1.08,121.2844,8.9743,6048266.2028
301308.SZ,2025-09-24,144.99,157.77,142.67,150.86,144.3,6.56,4.5461,253200.59,3817560.957,9.2275,1.07,126.7981,9.3822,6323225.498
301308.SZ,2025-09-25,145.0,146.88,142.03,143.9,150.86,-6.96,-4.6135,207989.88,3001606.544,7.5799,0.81,120.9482,8.9494,6031500.3921
301308.SZ,2025-09-26,142.52,147.5,140.0,141.0,143.9,-2.9,-2.0153,164852.51,2359294.094,6.0078,0.65,118.5108,8.769,5909948.2647
301308.SZ,2025-09-29,145.0,149.6,142.68,148.36,141.0,7.36,5.2199,173741.04,2550019.788,6.3317,0.75,124.6969,9.2268,6218439.1812
301308.SZ,2025-09-30,159.0,178.03,156.05,178.03,148.36,29.67,19.9987,259074.89,4426585.34,9.4416,1.23,149.6345,11.072,7462043.1884
301308.SZ,2025-10-09,191.86,199.5,182.0,186.2,178.03,8.17,4.5891,324426.29,6187603.523,11.8232,1.53,156.5014,11.5801,7804484.8715
301308.SZ,2025-10-10,178.0,184.35,171.73,180.01,186.2,-6.19,-3.3244,221728.58,3956900.052,8.0805,0.98,151.2987,11.1951,7545033.9513
301308.SZ,2025-10-13,167.0,183.99,167.0,182.91,180.01,2.9,1.611,249063.65,4403672.482,9.0767,1.09,153.7362,11.3755,7666586.0787
301308.SZ,2025-10-14,188.0,193.5,166.46,168.0,182.91,-14.91,-8.1515,253796.42,4574746.116,9.2492,1.03,141.2043,10.4482,7041640.4856
301308.SZ,2025-10-15,168.42,171.58,163.58,169.5,168.0,1.5,0.8929,186162.47,3104951.396,6.7844,0.71,142.4651,10.5415,7104512.2757
301308.SZ,2025-10-16,169.95,192.42,168.35,181.63,169.5,12.13,7.1563,273000.37,4926716.707,9.9491,1.11,152.6603,11.2959,7612935.4845
301308.SZ,2025-10-17,180.0,189.52,177.02,177.9,181.63,-3.73,-2.0536,209321.67,3802117.825,7.6284,0.88,149.5253,11.0639,7456594.2999
301308.SZ,2025-10-20,183.26,186.0,171.6,179.39,177.9,1.49,0.8375,179828.83,3220049.405,6.5536,0.77,150.7776,11.1566,7519046.9447
301308.SZ,2025-10-21,183.0,192.58,181.35,181.91,179.39,2.52,1.4048,223946.18,4163022.433,8.1614,1.02,152.8957,11.3133,7624671.552
301308.SZ,2025-10-22,177.9,184.0,173.0,180.92,181.91,-0.99,-0.5442,166120.71,2957424.026,6.054,0.77,152.0636,11.2517,7583176.1706
301308.SZ,2025-10-23,180.74,190.66,178.61,190.19,180.92,9.27,5.1238,213022.12,3950949.251,7.7633,1.01,159.855,11.8282,7971723.8331
301308.SZ,2025-10-24,197.0,223.88,195.18,222.0,190.19,31.81,16.7254,291606.77,6101012.259,10.6272,1.47,186.5914,13.8065,9305024.9274
301308.SZ,2025-10-27,228.52,266.0,218.89,266.0,222.0,44.0,19.8198,299094.36,7120713.159,10.9,1.39,223.5735,16.543,11149264.1022
301308.SZ,2025-10-28,249.98,265.99,243.87,257.29,266.0,-8.71,-3.2744,285844.18,7207111.208,10.4171,1.2,216.2527,16.0013,10784188.5746
301308.SZ,2025-10-29,262.43,285.0,260.13,272.82,257.29,15.53,6.036,246926.56,6680970.07,8.9989,0.98,229.3057,16.9671,11435121.1743
301308.SZ,2025-10-30,294.0,308.0,281.18,283.0,272.82,10.18,3.7314,326623.95,9554218.153,11.9033,1.22,237.862,15.7584,11861811.0561
301308.SZ,2025-10-31,275.79,279.33,251.39,261.31,283.0,-21.69,-7.6643,245736.79,6437193.107,8.9555,0.85,219.6315,14.5506,10952684.972
301308.SZ,2025-11-03,256.02,281.88,248.25,278.99,261.31,17.68,6.7659,219868.38,5896865.275,8.0128,0.78,234.4916,15.5351,11693733.804
301308.SZ,2025-11-04,275.0,288.69,262.4,263.77,278.99,-15.22,-5.4554,198880.43,5452282.059,7.2479,0.75,221.6992,14.6876,11055794.7077
301308.SZ,2025-11-05,250.0,264.35,240.0,259.0,263.77,-4.77,-1.8084,174152.5,4432931.103,6.3467,0.7,217.69,14.422,10855862.4153
301308.SZ,2025-11-06,271.2,280.0,265.59,268.8,259.0,9.8,3.7838,188508.43,5141442.033,6.8699,0.81,225.9269,14.9677,11266624.777
301308.SZ,2025-11-07,265.2,290.0,265.0,278.18,268.8,9.38,3.4896,246812.51,6890896.671,8.9947,1.2,233.8108,15.49,11659783.0374
301308.SZ,2025-11-10,292.0,292.0,262.08,284.07,278.18,5.89,2.1173,216013.02,6048377.494,7.8723,1.05,238.7614,15.8179,11906659.5997
301308.SZ,2025-11-11,288.99,325.0,278.02,301.72,284.07,17.65,6.2133,277148.54,8473768.818,10.1002,1.35,253.5962,16.8008,12646450.9959
301308.SZ,2025-11-12,289.0,316.58,280.0,310.0,301.72,8.28,2.7443,251025.86,7594025.912,9.1482,1.14,260.5556,17.2618,12993503.277
301308.SZ,2025-11-13,311.39,331.5,310.01,326.21,310.0,16.21,5.229,211486.48,6867390.279,7.7073,0.9,274.1801,18.1644,13672937.7548
301308.SZ,2025-11-14,297.4,308.88,287.0,291.07,326.21,-35.14,-10.7722,213728.11,6365914.538,7.789,0.89,244.6449,16.2077,12200061.2866
301308.SZ,2025-11-17,300.98,305.0,277.77,287.73,291.07,-3.34,-1.1475,183367.85,5371644.607,6.6826,0.78,241.8376,16.0217,12060066.7674
301308.SZ,2025-11-18,280.0,283.57,270.33,271.03,287.73,-16.7,-5.8041,176827.13,4881144.164,6.4442,0.78,227.8012,15.0918,11360094.1715
301308.SZ,2025-11-19,262.01,275.34,262.01,265.56,271.03,-5.47,-2.0182,162071.98,4332327.099,5.9065,0.78,223.2037,14.7872,11130821.7105
301308.SZ,2025-11-20,274.5,274.96,256.86,260.72,265.56,-4.84,-1.8226,174069.37,4607194.551,6.3437,0.92,219.1356,14.5177,10927955.4012
301308.SZ,2025-11-21,234.6,243.1,229.19,239.65,260.72,-21.07,-8.0815,244927.79,5770520.347,8.926,1.35,201.4263,13.3445,10044816.3237
301308.SZ,2025-11-24,238.0,241.49,228.83,239.99,239.65,0.34,0.1419,174295.76,4124617.434,6.3519,0.93,201.712,13.3634,10059067.2627
301308.SZ,2025-11-25,250.0,252.8,240.0,241.49,239.99,1.5,0.625,194887.83,4768548.319,7.1024,1.05,202.9728,13.4469,10121939.0528
301308.SZ,2025-11-26,236.02,250.0,235.14,246.1,241.49,4.61,1.909,169945.94,4117583.398,6.1934,0.89,206.8475,13.7036,10315165.0209
301308.SZ,2025-11-27,244.02,251.23,238.35,239.09,246.1,-7.01,-2.8484,164795.75,4022728.07,6.0057,0.86,200.9556,13.3133,10021344.1887
301308.SZ,2025-11-28,236.65,252.0,236.65,249.19,239.09,10.1,4.2244,183835.66,4529353.202,6.6996,0.97,209.4447,13.8757,10444680.9084
301308.SZ,2025-12-01,249.92,253.29,241.0,249.08,249.19,-0.11,-0.0441,154909.78,3840253.02,5.6454,0.87,209.3522,13.8696,10440070.3104
301308.SZ,2025-12-02,246.01,249.0,242.26,245.41,249.08,-3.67,-1.4734,97764.84,2400303.438,3.5629,0.56,206.2676,13.6652,10286243.9974
301308.SZ,2025-12-03,240.0,246.52,236.1,241.88,245.41,-3.53,-1.4384,118287.96,2838339.842,4.3108,0.77,203.3006,13.4687,10138285.7182
301308.SZ,2025-12-04,236.01,242.84,232.22,238.73,241.88,-3.15,-1.3023,107475.44,2544993.477,3.9168,0.75,200.653,13.2933,10006254.9591
301308.SZ,2025-12-05,240.33,243.0,236.36,238.13,238.73,-0.6,-0.2513,98217.45,2347622.578,3.5794,0.74,200.1487,13.2599,9981106.2431
301308.SZ,2025-12-08,242.0,275.83,241.58,273.0,238.13,34.87,14.6433,252076.09,6541090.344,9.1865,2.19,229.457,15.2015,11442665.7891
301308.SZ,2025-12-09,269.03,282.39,267.8,270.37,273.0,-2.63,-0.9634,206754.0,5664726.193,7.5348,1.53,227.2465,15.0551,11332430.5839
301308.SZ,2025-12-10,269.39,269.69,252.02,258.99,270.37,-11.38,-4.209,146488.3,3786879.869,5.3385,0.94,217.6816,14.4214,10855443.27
301308.SZ,2025-12-11,266.02,267.02,255.28,259.0,258.99,0.01,0.0039,156212.31,4094590.347,5.6929,0.96,217.69,14.422,10855862.4153
301308.SZ,2025-12-12,260.75,271.2,256.24,265.55,259.0,6.55,2.529,194750.8,5152653.449,7.0974,1.13,223.1953,14.7867,11130402.5652
301308.SZ,2025-12-15,249.8,251.89,243.51,244.0,265.55,-21.55,-8.1152,153023.27,3769948.693,5.5767,0.8,205.0824,13.5867,10227144.5148
301308.SZ,2025-12-16,245.99,251.32,238.75,240.42,244.0,-3.58,-1.4672,110433.9,2700805.751,4.0246,0.64,202.0735,13.3874,10077090.5092
301308.SZ,2025-12-17,240.67,252.5,237.0,251.28,240.42,10.86,4.5171,127968.74,3164922.003,4.6636,0.84,211.2013,13.9921,10532282.2692
301308.SZ,2025-12-18,254.0,263.88,253.02,258.54,251.28,7.26,2.8892,151060.94,3896591.935,5.5052,1.02,217.3033,14.3963,10836581.733
301308.SZ,2025-12-19,267.0,268.6,242.08,243.97,258.54,-14.57,-5.6355,184391.14,4582059.536,6.7198,1.25,205.0572,13.585,10225887.079
301308.SZ,2025-12-22,248.0,250.99,242.98,244.18,243.97,0.21,0.0861,119835.56,2950979.49,4.3672,0.82,205.2337,13.5967,10234689.1296
301308.SZ,2025-12-23,243.0,249.0,237.95,242.66,244.18,-1.52,-0.6225,122828.93,2987603.066,4.4763,0.89,203.9562,13.5121,10170979.049
301308.SZ,2025-12-24,247.0,259.9,247.0,255.44,242.66,12.78,5.2666,189869.58,4815887.232,6.9195,1.34,214.6978,14.2237,10706646.7002
301308.SZ,2025-12-25,255.01,270.3,253.0,255.22,255.44,-0.22,-0.0861,171317.77,4477445.44,6.2434,1.12,214.5129,14.2115,10697425.5044
301308.SZ,2025-12-26,254.51,273.45,253.68,266.89,255.22,11.67,4.5725,198895.68,5300520.681,7.2484,1.26,224.3215,14.8613,11186568.031
301308.SZ,2025-12-29,262.63,276.18,255.55,258.86,266.89,-8.03,-3.0087,169156.96,4490712.616,6.1647,1.05,217.5723,14.4142,10849994.3816
301308.SZ,2025-12-30,255.12,268.9,252.5,254.75,258.86,-4.11,-1.5877,130844.84,3382638.625,4.7684,0.77,214.1178,14.1853,10677725.6768
301308.SZ,2025-12-31,255.98,257.0,243.99,244.84,254.75,-9.91,-3.8901,116255.88,2871353.296,4.2368,0.68,205.7885,13.6335,10262352.7172
301308.SZ,2026-01-05,255.69,283.5,255.27,283.36,244.84,38.52,15.7327,282555.32,7690686.947,10.2973,1.8,238.1646,15.7784,11876900.2857
301308.SZ,2026-01-06,280.75,295.53,273.28,287.65,283.36,4.29,1.514,241475.21,6855138.642,8.8002,1.34,241.7704,16.0173,12056713.6053
301308.SZ,2026-01-07,320.05,326.16,288.88,292.95,287.65,5.3,1.8425,277521.4,8475827.94,10.1138,1.48,246.225,16.3124,12278860.5968
301308.SZ,2026-01-08,290.03,297.55,282.66,283.9,292.95,-9.05,-3.0893,157439.33,4536343.903,5.7376,0.75,238.6185,15.8085,11899534.1301
301308.SZ,2026-01-09,276.41,280.49,271.8,277.55,283.9,-6.35,-2.2367,141702.56,3910575.953,5.1642,0.66,233.2813,15.4549,11633376.8856
301308.SZ,2026-01-12,286.0,288.0,273.53,285.32,277.55,7.77,2.7995,182140.54,5120121.642,6.6379,0.83,239.812,15.8875,11959052.758
301308.SZ,2026-01-13,281.2,289.7,274.32,276.49,285.32,-8.83,-3.0948,130258.89,3638533.613,4.7471,0.65,232.3904,15.3959,11588947.4873
301308.SZ,2026-01-14,287.01,295.66,277.43,284.75,276.49,8.26,2.9874,207203.55,5967420.829,7.5513,1.17,239.3329,15.8558,11935161.4778
301308.SZ,2026-01-15,277.76,320.88,276.9,311.5,284.75,26.75,9.3942,248241.69,7381838.836,9.0469,1.52,261.8163,17.3453,13056375.0671
301308.SZ,2026-01-16,312.88,366.0,306.91,353.48,311.5,41.98,13.4767,295030.69,9872374.018,10.7521,1.62,297.1006,19.6829,14815946.8979
301308.SZ,2026-01-19,343.51,349.5,334.07,336.25,353.48,-17.23,-4.8744,230807.63,7845191.445,8.4115,1.09,282.6187,18.7235,14093759.6029
301308.SZ,2026-01-20,323.14,348.2,323.14,341.99,336.25,5.74,1.7071,220838.24,7495215.001,8.0482,0.99,287.4432,19.0431,14334348.9861
301308.SZ,2026-01-21,340.5,355.81,336.88,346.62,341.99,4.63,1.3538,184686.39,6403834.854,6.7307,0.77,291.3347,19.3009,14528413.2448
301308.SZ,2026-01-22,365.0,377.0,338.0,361.81,346.62,15.19,4.3823,233948.41,8364913.266,8.526,0.99,304.102,20.1468,15165094.9053
301308.SZ,2026-01-23,352.2,375.24,347.88,374.0,361.81,12.19,3.3692,207142.7,7477794.141,7.5491,0.89,314.3477,20.8255,15676032.9858
301308.SZ,2026-01-26,368.0,379.99,356.22,360.5,374.0,-13.5,-3.6096,157135.51,5732795.527,5.7266,0.73,303.0009,20.0738,15110186.8754
301308.SZ,2026-01-27,351.03,369.88,340.01,368.45,360.5,7.95,2.2053,175505.03,6249755.205,6.3961,0.87,309.6829,20.5165,15443407.3626
301308.SZ,2026-01-28,368.0,377.89,364.21,371.2,368.45,2.75,0.7464,161074.86,5974856.78,5.8702,0.84,311.9943,20.6696,15558672.311
301308.SZ,2026-01-29,372.2,389.0,357.54,358.8,371.2,-12.4,-3.3405,174842.64,6507275.432,6.372,0.94,301.5721,19.9792,15038932.18
301308.SZ,2026-01-30,348.0,358.74,330.8,336.0,358.8,-22.8,-6.3545,227515.46,7817288.604,8.2916,1.3,282.4086,18.7096,14083280.9712
301308.SZ,2026-02-02,324.92,324.92,299.0,299.8,336.0,-36.2,-10.7738,207001.78,6401211.646,7.544,1.16,251.9824,16.6938,12565975.1047
301308.SZ,2026-02-03,311.0,314.0,299.81,306.03,299.8,6.23,2.0781,158737.35,4873136.055,5.785,0.84,257.2188,17.0407,12827102.606
301308.SZ,2026-02-04,300.13,305.8,295.21,302.0,306.03,-4.03,-1.3169,112623.69,3371678.374,4.1044,0.61,253.8316,16.8163,12658187.0634
301308.SZ,2026-02-05,290.0,295.89,288.88,292.72,302.0,-9.28,-3.0728,95541.62,2786962.601,3.4819,0.54,246.0317,16.2996,12269220.2556
301308.SZ,2026-02-06,288.88,292.46,285.0,288.0,292.72,-4.72,-1.6125,78990.1,2282546.35,2.8787,0.49,242.0645,16.0368,12071383.6896
301308.SZ,2026-02-09,292.4,295.0,287.02,293.95,288.0,5.95,2.066,111444.59,3253370.598,4.0615,0.85,247.0655,16.3681,12320775.1235
301308.SZ,2026-02-10,291.93,294.39,287.15,288.37,293.95,-5.58,-1.8983,79967.69,2317421.418,2.9143,0.72,242.3755,16.0574,12086892.0645
301308.SZ,2026-02-11,284.0,288.56,282.01,284.14,288.37,-4.23,-1.4669,62635.37,1784958.846,2.2827,0.65,238.8202,15.8218,11909593.6165
301308.SZ,2026-02-12,289.75,293.06,285.8,292.71,284.14,8.57,3.0161,120811.23,3500085.672,4.4028,1.41,246.0233,16.299,12268801.1104
301308.SZ,2026-02-13,289.79,312.59,287.03,303.69,292.71,10.98,3.7512,160732.05,4843341.35,5.8577,1.77,255.252,16.9104,12729022.6135
301308.SZ,2026-02-24,304.47,313.2,301.91,308.5,303.69,4.81,1.5839,122548.34,3775695.517,4.4661,1.14,259.2948,17.1783,12930631.487
301308.SZ,2026-02-25,301.85,302.0,293.35,297.75,308.5,-10.75,-3.4846,105051.82,3119098.051,3.8285,0.96,250.2594,16.5797,12480050.3249
301308.SZ,2026-02-26,297.0,304.0,290.0,299.81,297.75,2.06,0.6919,110640.94,3270359.205,4.0322,0.97,251.9909,16.6944,12566394.2499
301308.SZ,2026-02-27,294.0,294.42,289.09,291.7,299.81,-8.11,-2.705,79978.92,2327686.19,2.9147,0.65,245.1744,16.2428,12226467.4384
301308.SZ,2026-03-02,281.0,288.87,280.18,282.98,291.7,-8.72,-2.9894,85271.13,2423133.371,3.1076,0.74,237.8452,15.7572,11860972.7656
301308.SZ,2026-03-03,282.02,285.0,262.9,262.9,282.98,-20.08,-7.0959,121191.61,3283142.419,4.4167,1.2,220.9679,14.6391,11019329.0694
301308.SZ,2026-03-04,280.15,306.75,280.15,301.99,262.9,39.09,14.8688,268447.15,7950581.006,9.7833,2.67,253.8231,16.8158,12657767.9181
301308.SZ,2026-03-05,308.02,310.85,295.23,296.3,301.99,-5.69,-1.8842,215078.95,6510864.626,7.8383,1.62,249.0407,16.4989,12419274.2612
301308.SZ,2026-03-06,294.82,311.95,293.95,306.0,296.3,9.7,3.2737,170813.97,5200206.649,6.2251,1.11,257.1936,17.0391,12825845.1702
301308.SZ,2026-03-09,297.98,330.25,297.5,330.12,306.0,24.12,7.8824,245495.49,7810744.669,8.9468,1.43,277.4665,18.3822,13836823.5542
301308.SZ,2026-03-10,337.0,340.44,324.68,333.51,330.12,3.39,1.0269,218075.35,7234938.691,7.9475,1.07,280.3158,18.5709,13978913.7997
301308.SZ,2026-03-11,333.0,333.88,323.02,324.59,333.51,-8.92,-2.6746,164854.48,5397992.609,6.0079,0.74,272.8185,18.0742,13605036.2216
301308.SZ,2026-03-12,323.5,331.2,315.01,319.0,324.59,-5.59,-1.7222,125111.84,4001784.544,4.5596,0.62,268.1201,17.763,13370734.0173
301308.SZ,2026-03-13,318.0,337.0,316.03,326.17,319.0,7.17,2.2476,185628.85,6096376.163,6.765,1.0,274.1465,18.1622,13671261.1737
301308.SZ,2026-03-16,326.0,355.99,322.0,346.8,326.17,20.63,6.3249,218769.75,7389872.699,7.9728,1.16,291.486,19.311,14535957.8596
301308.SZ,2026-03-17,343.0,345.27,330.5,331.9,346.8,-14.9,-4.2964,153733.98,5186545.061,5.6027,0.84,278.9626,18.4813,13911431.4117
301308.SZ,2026-03-18,342.0,365.0,340.02,359.3,331.9,27.4,8.2555,242903.72,8618099.996,8.8524,1.43,301.9923,20.007,15059889.4433
301308.SZ,2026-03-19,348.0,368.59,342.56,356.5,359.3,-2.8,-0.7793,212697.9,7582666.855,7.7515,1.15,299.6389,19.8511,14942528.7686
301308.SZ,2026-03-20,349.85,351.49,328.0,330.1,356.5,-26.4,-7.4053,218209.86,7358855.767,7.9524,1.08,277.4497,18.381,13835985.2637
301308.SZ,2026-03-23,310.0,323.88,305.0,306.2,330.1,-23.9,-7.2402,147698.81,4629990.809,5.3827,0.71,257.3617,17.0502,12834228.0755
301308.SZ,2026-03-24,310.0,325.87,291.4,323.5,306.2,17.3,5.6499,170982.26,5237577.853,6.2313,0.88,271.9023,18.0135,13559349.3875
301308.SZ,2026-03-25,322.88,349.95,320.0,338.16,323.5,14.66,4.5317,184208.23,6198465.859,6.7133,0.93,284.2241,18.8298,14173816.3489
301308.SZ,2026-03-26,325.12,334.58,318.1,327.0,338.16,-11.16,-3.3002,142296.61,4634168.569,5.1858,0.76,274.8441,18.2084,13706050.2309
301308.SZ,2026-03-27,310.0,327.13,308.02,320.03,327.0,-6.97,-2.1315,119603.67,3790420.853,4.3588,0.69,268.9858,17.8203,13413905.9798
301308.SZ,2026-03-30,310.24,329.8,310.18,315.0,320.03,-5.03,-1.5717,126713.52,4012786.78,4.6179,0.83,264.7581,17.5402,13203075.9105
301308.SZ,2026-03-31,302.0,304.98,291.0,297.08,315.0,-17.92,-5.6889,150634.69,4481627.846,5.4897,1.01,249.6963,16.5424,12451967.592
301308.SZ,2026-04-01,319.0,323.0,295.09,299.11,297.08,2.03,0.6833,193446.1,5951064.853,7.0499,1.34,251.4025,16.6554,12537054.0812
301308.SZ,2026-04-02,300.4,305.01,289.0,289.44,299.11,-9.67,-3.2329,117211.05,3466174.627,4.2716,0.8,243.2749,16.117,12131740.608
301308.SZ,2026-04-03,291.5,294.68,285.08,285.57,289.44,-3.87,-1.3371,83676.7,2419068.394,3.0495,0.59,240.0221,15.9015,11969531.3897
301308.SZ,2026-04-07,290.82,301.33,288.14,297.5,285.57,11.93,4.1776,115131.18,3420345.197,4.1958,0.86,250.0493,16.5658,12469571.6933
301308.SZ,2026-04-08,318.11,323.95,306.69,323.92,297.5,26.42,8.8807,167877.96,5278366.478,6.1181,1.27,272.2554,18.0369,13576953.4887
301308.SZ,2026-04-09,316.75,331.06,315.0,325.5,323.92,1.58,0.4878,142436.37,4597648.267,5.1909,1.05,273.5833,18.1249,13643178.4409
301308.SZ,2026-04-10,333.0,347.69,330.8,341.3,325.5,15.8,4.8541,190470.67,6480158.185,6.9415,1.52,286.8633,19.0047,14305427.9627
301308.SZ,2026-04-13,340.16,356.99,338.6,354.5,341.3,13.2,3.8676,187118.92,6537867.877,6.8193,1.34,297.9579,19.7397,14858699.7152
301308.SZ,2026-04-14,357.91,393.86,355.0,381.51,354.5,27.01,7.6192,241659.87,9134935.324,8.807,1.5,320.6599,21.2437,15990811.0813
301308.SZ,2026-04-15,387.0,387.51,368.55,371.57,381.51,-9.94,-2.6054,192022.2,7251886.24,6.998,1.03,312.3053,20.6902,15574180.6859
301308.SZ,2026-04-16,356.0,375.18,356.0,372.06,371.57,0.49,0.1319,154401.94,5675118.33,5.627,0.81,312.7171,20.7175,15594718.804
301308.SZ,2026-04-17,366.0,373.73,358.0,370.52,372.06,-1.54,-0.4139,140091.34,5128438.209,5.1055,0.73,311.4227,20.6318,15530170.4329
301308.SZ,2026-04-20,369.0,385.78,367.0,375.21,370.52,4.69,1.2658,141627.17,5324966.408,5.1615,0.77,315.3647,20.8929,15726749.5631
301308.SZ,2026-04-21,378.0,379.8,363.33,375.96,375.21,0.75,0.1999,107650.16,4024936.731,3.9232,0.62,315.9951,20.9347,15758185.4581
301308.SZ,2026-04-22,378.22,383.29,373.0,382.74,375.96,6.78,1.8034,118444.03,4490426.345,4.3166,0.8,321.6937,21.3122,16042365.9492
301308.SZ,2026-04-23,391.05,393.0,358.02,358.19,382.74,-24.55,-6.4143,187202.12,6948353.861,6.8224,1.41,301.0594,19.9452,15013364.3187
301308.SZ,2026-04-24,359.01,382.6,353.03,373.19,358.19,15.0,4.1877,164981.95,6037968.333,6.0126,1.19,313.6669,20.7804,15642082.2192
301308.SZ,2026-04-27,374.93,399.88,369.1,393.46,373.19,20.27,5.4315,189547.88,7313386.761,6.9079,1.32,330.7039,21.9091,16491689.6754
301308.SZ,2026-04-28,399.99,411.02,381.5,381.7,393.46,-11.76,-2.9889,263435.22,10438514.408,9.6006,1.72,112.4063,13.1306,15998774.8414
301308.SZ,2026-04-29,381.1,416.3,380.01,414.3,381.7,32.6,8.5407,231871.12,9193011.935,8.4503,1.26,122.0067,14.2521,17365188.4118
301308.SZ,2026-04-30,410.0,414.0,396.0,401.12,414.3,-13.18,-3.1813,189012.78,7640722.393,6.8884,0.91,118.1253,13.7987,16812754.9499
301308.SZ,2026-05-06,432.0,481.34,426.12,481.34,401.12,80.22,19.999,263417.02,12363600.954,9.6,1.27,141.7492,16.5583,20175138.2818
301308.SZ,2026-05-07,490.0,508.58,480.77,483.33,481.34,1.99,0.4134,308883.58,15192498.741,11.2569,1.36,142.3352,16.6268,20258548.1899
301308.SZ,2026-05-08,474.64,485.0,472.67,479.99,483.33,-3.34,-0.691,191974.78,9191802.724,6.9963,0.76,141.3516,16.5119,20118553.6707
301308.SZ,2026-05-11,528.0,564.95,515.0,556.66,479.99,76.67,15.9732,269580.78,14598768.622,9.8246,1.14,163.9301,19.1493,23332140.4328
301308.SZ,2026-05-12,547.17,572.16,537.47,561.64,556.66,4.98,0.8946,229991.78,12805734.264,8.3818,0.94,165.3966,19.3207,23540874.7758
301308.SZ,2026-05-13,552.0,615.88,538.0,611.9,561.64,50.26,8.9488,258994.47,14872600.543,9.4388,1.02,180.1977,21.0496,25647498.8877
301308.SZ,2026-05-14,605.79,638.5,599.0,599.0,611.9,-12.9,-2.1082,245142.13,15161661.187,8.9339,0.97,176.3987,20.6059,25106801.4933
301308.SZ,2026-05-15,596.98,608.0,565.0,590.52,599.0,-8.48,-1.4157,235802.46,13800412.205,8.4822,0.99,173.9015,20.3141,24751366.3069
301308.SZ,2026-05-18,586.0,617.0,580.0,592.22,590.52,1.7,0.2879,231616.57,13860927.861,8.2177,0.93,176.0314,20.3279,25054518.9566
301308.SZ,2026-05-19,569.94,572.0,541.7,562.43,592.22,-29.79,-5.0302,206099.61,11532346.109,7.3123,0.86,167.1766,19.3053,23794220.2167
301308.SZ,2026-05-20,556.81,577.11,556.81,571.5,562.43,9.07,1.6126,158427.39,9005264.574,5.6209,0.67,169.8726,19.6167,24177936.5501
301308.SZ,2026-05-21,583.4,585.0,536.68,539.0,571.5,-32.5,-5.6868,185748.96,10451878.693,6.5903,0.86,160.2123,18.5011,22802988.2773
301308.SZ,2026-05-22,551.0,565.0,536.8,549.5,539.0,10.5,1.9481,156033.65,8584393.694,5.536,0.77,163.3333,18.8615,23247202.3347
