ts_code,trade_date,open,high,low,close,pre_close,change,pct_chg,vol,amount,turnover_rate,volume_ratio,pe,pb,total_mv
688188.SH,2023-01-03,218.15,219.89,215.09,218.88,217.08,1.8,0.8292,2633.23,57198.858,0.1804,1.04,58.0717,7.6726,3195095.8752
688188.SH,2023-01-04,219.5,220.95,210.39,213.98,218.88,-4.9,-2.2387,3924.12,83889.178,0.2688,1.53,56.7716,7.5009,3123568.2355
688188.SH,2023-01-05,214.79,218.95,211.84,217.78,213.98,3.8,1.7759,2632.78,57066.469,0.1804,0.92,57.7798,7.6341,3179038.65
688188.SH,2023-01-06,219.0,224.47,215.24,220.25,217.78,2.47,1.1342,3779.8,83336.663,0.2589,1.34,58.4352,7.7207,3215094.4194
688188.SH,2023-01-09,222.0,222.0,211.2,212.3,220.25,-7.95,-3.6095,4829.3,103515.82,0.3308,1.62,56.3259,7.442,3099044.4733
688188.SH,2023-01-10,211.38,213.54,205.23,208.01,212.3,-4.29,-2.0207,4647.08,96427.535,0.3183,1.31,55.1877,7.2916,3036421.2948
688188.SH,2023-01-11,206.01,207.32,201.88,202.1,208.01,-5.91,-2.8412,4234.15,86287.981,0.2901,1.07,53.6197,7.0844,2950150.2028
688188.SH,2023-01-12,200.15,202.0,198.85,200.04,202.1,-2.06,-1.0193,2992.46,59906.544,0.205,0.74,53.0732,7.0122,2920079.3991
688188.SH,2023-01-13,201.05,201.05,193.73,196.18,200.04,-3.86,-1.9296,4501.07,88291.158,0.3083,1.1,52.0491,6.8769,2863733.136
688188.SH,2023-01-16,196.19,205.3,195.0,202.96,196.18,6.78,3.456,4758.82,95869.667,0.326,1.12,53.8479,7.1146,2962704.0334
688188.SH,2023-01-17,201.52,206.99,201.49,206.3,202.96,3.34,1.6456,3255.14,66835.91,0.223,0.77,54.734,7.2317,3011459.6083
688188.SH,2023-01-18,206.28,209.48,204.3,206.19,206.3,-0.11,-0.0533,2391.83,49437.497,0.1639,0.61,54.7049,7.2278,3009853.8857
688188.SH,2023-01-19,206.25,212.66,204.6,212.66,206.19,6.47,3.1379,4243.88,88827.179,0.2907,1.19,56.4214,7.4546,3104299.5652
688188.SH,2023-01-20,214.86,221.62,214.79,219.0,212.66,6.34,2.9813,5486.8,119943.8,0.3759,1.43,58.1035,7.6768,3196847.5725
688188.SH,2023-01-30,220.44,222.8,215.3,215.45,219.0,-3.55,-1.621,3154.52,68917.146,0.2161,0.78,57.1617,7.5524,3145026.5274
688188.SH,2023-01-31,215.01,217.37,211.69,212.01,215.45,-3.44,-1.5967,2554.84,54506.002,0.175,0.69,56.249,7.4318,3094811.2048
688188.SH,2023-02-01,210.66,217.38,210.66,216.56,212.01,4.55,2.1461,3885.12,83550.324,0.2662,1.09,57.4562,7.5913,3161229.7274
688188.SH,2023-02-02,217.0,234.99,216.91,228.0,216.56,11.44,5.2826,11134.88,252490.333,0.7628,2.88,60.4913,7.9923,3328224.87
688188.SH,2023-02-03,228.0,232.35,224.44,230.0,228.0,2.0,0.8772,4490.23,102811.445,0.3076,0.86,61.022,8.0624,3357419.825
688188.SH,2023-02-06,229.86,232.0,226.16,228.97,230.0,-1.03,-0.4478,4269.8,97764.424,0.2925,0.85,60.7487,8.0263,3342384.4232
688188.SH,2023-02-07,229.29,235.99,225.5,233.45,228.97,4.48,1.9566,4416.52,102408.852,0.3026,0.84,61.9373,8.1834,3407781.1224
688188.SH,2023-02-08,233.45,234.94,230.0,231.5,233.45,-1.95,-0.8353,2723.12,63336.649,0.1865,0.48,61.4199,8.115,3379316.0413
688188.SH,2023-02-09,230.28,231.99,226.62,228.5,231.5,-3.0,-1.2959,2713.53,61919.454,0.1859,0.5,60.624,8.0099,3335523.6088
688188.SH,2023-02-10,228.5,233.5,226.81,230.0,228.5,1.5,0.6565,3246.63,74544.579,0.2224,0.87,61.022,8.0624,3357419.825
688188.SH,2023-02-13,229.91,233.49,227.81,233.29,230.0,3.29,1.4304,4667.67,107978.033,0.3198,1.34,61.8948,8.1778,3405445.526
688188.SH,2023-02-14,233.51,234.0,225.8,228.02,233.29,-5.27,-2.259,3659.28,83362.481,0.2507,1.03,60.4966,7.993,3328516.8196
688188.SH,2023-02-15,227.02,230.96,225.7,230.63,228.02,2.61,1.1446,2894.58,66235.477,0.1983,0.85,61.1891,8.0845,3366616.2358
688188.SH,2023-02-16,229.11,230.83,223.84,224.85,230.63,-5.78,-2.5062,3583.44,81864.795,0.2455,1.04,59.6556,7.8819,3282242.8159
688188.SH,2023-02-17,226.13,228.99,224.01,224.25,224.85,-0.6,-0.2668,2991.97,67710.448,0.205,0.83,59.4964,7.8609,3273484.3294
688188.SH,2023-02-20,224.01,226.85,219.0,222.99,224.25,-1.26,-0.5619,3926.63,87529.363,0.269,1.1,59.1621,7.8167,3255091.5077
688188.SH,2023-02-21,222.24,227.86,215.51,217.04,222.99,-5.95,-2.6683,3755.19,82013.658,0.2572,1.1,57.5835,7.6081,3168236.5166
688188.SH,2023-02-22,214.99,215.68,211.2,215.45,217.04,-1.59,-0.7326,2905.38,61928.366,0.199,0.85,57.1617,7.5524,3145026.5274
688188.SH,2023-02-23,213.57,215.45,209.0,211.3,215.45,-4.15,-1.9262,3187.71,67202.199,0.2184,0.93,56.0606,7.4069,3084446.9958
688188.SH,2023-02-24,209.74,213.25,207.51,208.28,211.3,-3.02,-1.4292,3336.14,69836.473,0.2285,0.99,55.2594,7.1028,3040362.6137
688188.SH,2023-02-27,207.25,212.88,205.03,210.22,208.28,1.94,0.9314,6528.02,136529.447,0.4472,1.91,55.7741,7.169,3068681.7201
688188.SH,2023-02-28,208.53,212.67,207.32,210.32,210.22,0.1,0.0476,3707.59,77599.346,0.254,0.94,55.8006,7.1724,3070141.4678
688188.SH,2023-03-01,211.37,211.47,207.82,210.81,210.32,0.49,0.233,3942.56,82398.183,0.2701,1.0,55.9306,7.1891,3077294.2318
688188.SH,2023-03-02,210.39,217.67,207.44,217.1,210.81,6.29,2.9837,4313.68,92904.698,0.2955,1.04,57.5994,7.4036,3169112.3653
688188.SH,2023-03-03,214.1,217.2,211.97,213.26,217.1,-3.84,-1.7688,3709.09,79572.885,0.2541,0.85,56.5806,7.2727,3113058.0517
688188.SH,2023-03-06,212.75,212.75,205.96,206.36,213.26,-6.9,-3.2355,6234.05,129683.286,0.4271,1.4,54.75,7.0374,3012335.4569
688188.SH,2023-03-07,206.0,206.63,199.1,200.76,206.36,-5.6,-2.7137,5877.52,118962.006,0.4026,1.34,53.2642,6.8464,2930589.5829
688188.SH,2023-03-08,199.0,201.61,196.6,198.4,200.76,-2.36,-1.1755,4331.84,85920.179,0.2968,0.9,52.6381,6.7659,2896139.536
688188.SH,2023-03-09,197.91,199.96,195.02,196.88,198.4,-1.52,-0.7661,4877.05,96091.967,0.3341,1.0,52.2348,6.7141,2873951.3702
688188.SH,2023-03-10,195.11,198.5,193.0,193.1,196.88,-3.78,-1.92,4249.92,82793.554,0.2911,0.85,51.2319,6.5852,2818772.9053
688188.SH,2023-03-13,192.0,193.88,190.44,192.09,193.1,-1.01,-0.523,4239.38,81371.129,0.2904,0.83,50.9639,6.5507,2804029.453
688188.SH,2023-03-14,192.85,193.85,188.0,190.62,192.09,-1.47,-0.7653,4071.72,77368.036,0.2789,0.86,50.5739,6.5006,2782571.1611
688188.SH,2023-03-15,191.0,195.5,189.02,193.18,190.62,2.56,1.343,4708.6,91168.992,0.3226,1.08,51.2531,6.5879,2819940.7035
688188.SH,2023-03-16,193.18,194.86,188.51,189.06,193.18,-4.12,-2.1327,4223.25,80753.34,0.2893,0.95,50.16,6.4474,2759799.0962
688188.SH,2023-03-17,190.0,191.49,182.62,182.62,189.06,-6.44,-3.4063,7365.44,137266.883,0.5046,1.71,48.4514,6.2278,2665791.3411
688188.SH,2023-03-20,183.62,184.88,180.0,180.25,182.62,-2.37,-1.2978,9384.39,170847.778,0.6429,1.91,47.8226,6.1469,2631195.3194
688188.SH,2023-03-21,181.89,181.9,176.1,179.5,180.25,-0.75,-0.4161,7183.23,128074.848,0.4921,1.21,47.6237,6.1214,2620247.2113
688188.SH,2023-03-22,180.0,183.72,177.13,181.09,179.5,1.59,0.8858,5957.8,107332.224,0.4081,0.91,48.0455,6.1756,2643457.2005
688188.SH,2023-03-23,179.32,184.64,178.02,183.36,181.09,2.27,1.2535,7450.78,135790.387,0.5104,1.09,48.6478,6.253,2676593.4744
688188.SH,2023-03-24,184.07,189.86,183.36,188.28,183.36,4.92,2.6832,7737.15,144464.144,0.53,1.04,49.9531,6.4208,2748413.0637
688188.SH,2023-03-27,189.0,195.02,189.0,190.82,188.28,2.54,1.3491,9621.54,185368.312,0.6591,1.28,50.627,6.5074,2785490.6566
688188.SH,2023-03-28,189.55,190.79,181.01,181.01,190.82,-9.81,-5.141,6564.18,120964.034,0.4497,0.86,48.0243,6.1729,2642289.4023
688188.SH,2023-03-29,182.0,186.35,181.0,185.27,181.01,4.26,2.3535,5466.59,100601.334,0.3745,0.73,49.1545,6.3181,2704474.6564
688188.SH,2023-03-30,187.0,192.0,184.11,188.76,185.27,3.49,1.8837,4875.71,92057.107,0.334,0.66,50.0805,6.4372,2755419.8529
688188.SH,2023-03-31,189.51,190.79,183.3,183.3,188.76,-5.46,-2.8926,4070.3,75601.064,0.2788,0.59,48.6318,6.251,2675717.6258
688188.SH,2023-04-03,185.13,191.68,182.91,191.1,183.3,7.8,4.2553,9265.66,174854.219,0.6347,1.51,50.7013,6.517,2789577.9503
688188.SH,2023-04-04,192.49,194.56,188.22,190.88,191.1,-0.22,-0.1151,6847.65,130550.45,0.4691,1.13,50.6429,6.5094,2786366.5052
688188.SH,2023-04-06,190.74,195.0,185.59,192.83,190.88,1.95,1.0216,6061.35,115281.245,0.4152,0.99,51.1603,6.5759,2814831.5863
688188.SH,2023-04-07,194.32,199.97,194.22,197.4,192.83,4.57,2.37,6171.22,122136.113,0.4228,0.99,52.3728,6.7318,2881542.0585
688188.SH,2023-04-10,198.0,201.99,192.77,194.28,197.4,-3.12,-1.5805,6047.49,119303.901,0.4143,0.93,51.545,6.6254,2835997.9287
688188.SH,2023-04-11,195.18,201.63,191.0,198.02,194.28,3.74,1.9251,10590.93,209765.874,0.7255,1.54,60.2805,6.7579,2890592.4946
688188.SH,2023-04-12,199.58,202.68,195.05,196.5,198.02,-1.52,-0.7676,5747.5,113496.304,0.3937,0.8,59.8178,6.7061,2868404.3288
688188.SH,2023-04-13,194.0,195.6,188.5,193.09,196.5,-3.41,-1.7354,12144.49,233354.769,0.832,1.75,58.7798,6.5897,2818626.9305
688188.SH,2023-04-14,192.03,196.99,191.04,195.35,193.09,2.26,1.1704,6180.3,120040.937,0.4234,0.76,59.4677,6.6668,2851617.2296
688188.SH,2023-04-17,198.0,204.9,196.01,196.51,195.35,1.16,0.5938,8993.47,179744.066,0.6161,1.1,59.8209,6.7064,2868550.3035
688188.SH,2023-04-18,196.51,196.52,192.0,193.26,196.51,-3.25,-1.6539,3687.46,71308.453,0.2526,0.42,58.8315,6.5955,2821108.5017
688188.SH,2023-04-19,196.03,201.49,189.71,190.14,193.26,-3.12,-1.6144,11441.96,224035.778,0.7838,1.56,57.8817,6.489,2775564.3719
688188.SH,2023-04-20,190.3,194.6,189.28,192.43,190.14,2.29,1.2044,8802.88,169252.312,0.603,1.04,58.5788,6.5672,2808992.5953
688188.SH,2023-04-21,190.6,193.08,181.96,182.91,192.43,-9.52,-4.9473,5732.29,106655.28,0.3927,0.73,55.6808,6.2423,2670024.6095
688188.SH,2023-04-24,180.11,185.65,178.0,178.56,182.91,-4.35,-2.3782,5052.31,91172.046,0.3461,0.65,54.3566,6.0938,2606525.5824
688188.SH,2023-04-25,180.68,187.8,178.8,182.76,178.56,4.2,2.3522,8221.99,151371.851,0.5632,1.18,55.6351,6.2372,2667834.9879
688188.SH,2023-04-26,182.76,193.18,179.05,191.05,182.76,8.29,4.536,10942.84,205220.262,0.7496,1.39,58.1587,6.5201,2788848.0764
688188.SH,2023-04-27,197.97,202.58,186.66,198.73,191.05,7.68,4.0199,17177.3,338662.798,1.1767,2.22,60.4967,6.549,2900956.7036
688188.SH,2023-04-28,198.73,202.3,194.13,195.61,198.73,-3.12,-1.57,7658.87,150646.933,0.5247,0.81,59.5469,6.4461,2855412.5738
688188.SH,2023-05-04,195.0,199.88,192.16,194.93,195.61,-0.68,-0.3476,8336.27,162509.19,0.5711,0.85,59.3399,6.4237,2845486.2891
688188.SH,2023-05-05,194.76,197.02,189.5,191.09,194.93,-3.84,-1.9699,5299.19,102122.912,0.363,0.51,58.1709,6.2972,2789431.9755
688188.SH,2023-05-08,193.25,203.46,191.3,200.0,191.09,8.91,4.6627,8931.89,177545.636,0.6119,0.9,60.8833,6.5908,2919495.5
688188.SH,2023-05-09,199.99,200.53,193.48,196.08,200.0,-3.92,-1.96,6389.68,125554.776,0.4377,0.67,59.69,6.4616,2862273.3882
688188.SH,2023-05-10,196.65,211.44,194.13,207.5,196.08,11.42,5.8242,14453.22,295322.389,0.9901,1.97,63.1664,6.838,3028976.5813
688188.SH,2023-05-11,206.67,207.92,201.16,202.42,207.5,-5.08,-2.4482,5670.67,115175.615,0.3885,0.65,61.62,6.6706,2954821.3956
688188.SH,2023-05-12,202.13,204.82,197.0,198.94,202.42,-3.48,-1.7192,5351.69,106692.39,0.3666,0.66,60.5606,6.5559,2904022.1739
688188.SH,2023-05-15,201.0,201.91,196.01,200.66,198.94,1.72,0.8646,4428.42,87911.895,0.3034,0.54,61.0842,6.6126,2929129.8352
688188.SH,2023-05-16,199.4,201.55,196.5,197.28,200.66,-3.38,-1.6844,5310.6,105396.587,0.3638,0.73,60.0553,6.5012,2879790.3612
688188.SH,2023-05-17,196.7,198.97,195.08,196.9,197.28,-0.38,-0.1926,3420.62,67344.499,0.2343,0.49,59.9396,6.4887,2874243.3198
688188.SH,2023-05-18,199.0,199.0,195.12,196.0,196.9,-0.9,-0.4571,3033.43,59594.83,0.2078,0.63,59.6656,6.459,2861105.59
688188.SH,2023-05-19,197.68,197.68,191.31,192.0,196.0,-4.0,-2.0408,5131.08,99063.735,0.3515,1.19,58.4479,6.3272,2802715.68
688188.SH,2023-05-22,191.88,198.52,190.0,197.78,192.0,5.78,3.0104,5158.24,100704.755,0.3534,1.21,60.2075,6.5177,2887089.1
688188.SH,2023-05-23,196.01,199.48,195.58,196.8,197.78,-0.98,-0.4955,4106.07,81147.892,0.2813,0.93,59.9091,6.4854,2872783.572
688188.SH,2023-05-24,195.68,201.44,195.62,200.17,196.8,3.37,1.7124,5299.39,105563.582,0.363,1.27,60.935,6.5964,2921977.0712
688188.SH,2023-05-25,198.5,198.66,195.66,198.3,200.17,-1.87,-0.9342,3223.45,63647.729,0.2208,0.71,60.3658,6.5348,2894679.7883
688188.SH,2023-05-26,197.01,200.83,197.01,198.01,198.3,-0.29,-0.1462,3212.02,63801.76,0.22,0.7,60.2775,6.5252,2890446.5198
688188.SH,2023-05-29,197.21,206.88,197.0,202.9,198.01,4.89,2.4696,7720.87,156860.632,0.5289,1.84,61.7661,6.6864,2961828.1848
688188.SH,2023-05-30,204.99,206.55,200.0,203.35,202.9,0.45,0.2218,5059.73,102771.696,0.3466,1.07,61.9031,6.7012,2968397.0496
688188.SH,2023-05-31,203.12,206.79,199.26,199.85,203.35,-3.5,-1.7212,4122.16,83431.566,0.2824,0.84,60.8376,6.5859,2917305.8784
688188.SH,2023-06-01,200.3,201.67,196.0,197.67,199.85,-2.18,-1.0908,6841.77,135718.073,0.4687,1.47,60.174,6.514,2885483.3774
688188.SH,2023-06-02,196.18,203.0,195.31,202.79,197.67,5.12,2.5902,5005.66,100122.369,0.3429,0.93,61.7326,6.6828,2960222.4622
688188.SH,2023-06-05,203.01,203.94,199.2,200.97,202.79,-1.82,-0.8975,3322.82,66715.856,0.2276,0.58,61.1786,6.6228,2933655.0532
688188.SH,2023-06-06,199.93,200.5,195.04,195.4,200.97,-5.57,-2.7716,4182.27,82477.733,0.2865,0.86,59.483,6.4392,2852347.1035
688188.SH,2023-06-07,196.32,196.98,191.8,193.25,195.4,-2.15,-1.1003,4917.86,94948.931,0.3369,1.05,58.8285,6.3684,2820962.5269
688188.SH,2023-06-08,193.25,195.94,187.0,189.4,193.25,-3.85,-1.9922,6564.37,124754.234,0.4497,1.35,57.6565,6.2415,2764762.2385
688188.SH,2023-06-09,188.0,191.9,185.3,189.28,189.4,-0.12,-0.0634,10959.51,206859.117,0.7508,2.28,57.6199,6.2375,2763010.5412
688188.SH,2023-06-12,187.5,196.91,187.01,194.17,189.28,4.89,2.5835,6837.43,132685.092,0.4684,1.14,59.2372,6.4126,2840563.6084
688188.SH,2023-06-13,193.15,194.88,190.8,192.5,194.17,-1.67,-0.8601,4098.72,78957.65,0.2808,0.61,58.7277,6.3575,2816132.7425
688188.SH,2023-06-14,194.02,195.6,191.03,193.7,192.5,1.2,0.6234,5434.32,105234.869,0.3715,0.81,59.0938,6.3871,2833687.8557
688188.SH,2023-06-15,193.63,202.99,193.63,201.12,193.7,7.42,3.8307,6209.26,124198.002,0.4244,0.92,61.3575,6.6318,2942236.9723
688188.SH,2023-06-16,201.54,203.38,200.4,201.57,201.12,0.45,0.2237,4421.03,88982.687,0.3022,0.66,61.4948,6.6467,2948820.1398
688188.SH,2023-06-19,202.0,203.52,199.57,201.33,201.57,-0.24,-0.1191,2828.73,56961.436,0.1934,0.52,61.4216,6.6387,2945309.1171
688188.SH,2023-06-20,201.0,206.0,199.0,202.23,201.33,0.9,0.447,5868.04,118517.715,0.4011,1.28,61.6962,6.6684,2958475.452
688188.SH,2023-06-21,201.01,204.87,199.61,201.12,202.23,-1.11,-0.5489,4145.41,83595.581,0.2834,0.84,61.3575,6.6318,2942236.9723
688188.SH,2023-06-26,198.87,202.94,198.02,198.8,201.12,-2.32,-1.1535,4065.95,81405.637,0.2779,0.87,60.6497,6.5553,2908297.0868
688188.SH,2023-06-27,199.42,200.84,193.57,194.47,198.8,-4.33,-2.1781,4360.41,85254.142,0.2981,1.02,59.3287,6.4125,2844952.3867
688188.SH,2023-06-28,193.8,196.08,189.5,190.7,194.47,-3.77,-1.9386,5394.92,103414.241,0.3688,1.27,58.1786,6.2882,2789800.0727
688188.SH,2023-06-29,190.68,192.19,187.11,190.22,189.57,0.65,0.3429,4108.07,78008.9,0.2808,0.86,58.0322,6.5152,2782778.0274
688188.SH,2023-06-30,190.1,191.99,188.07,188.56,190.22,-1.66,-0.8727,4784.8,90364.927,0.3271,1.08,57.5257,6.4583,2758493.4542
688188.SH,2023-07-03,188.58,192.84,186.06,187.87,188.56,-0.69,-0.3659,9005.21,169713.622,0.6156,1.98,57.3152,6.4347,2748399.2641
688188.SH,2023-07-04,187.5,190.88,183.42,189.61,187.87,1.74,0.9262,6823.61,127750.367,0.4664,1.23,57.8461,6.4943,2773854.1782
688188.SH,2023-07-05,189.98,190.99,187.0,187.49,189.61,-2.12,-1.1181,3784.61,71222.575,0.2587,0.63,57.1993,6.4217,2742840.1449
688188.SH,2023-07-06,188.3,188.3,184.3,187.24,187.49,-0.25,-0.1333,4041.12,75192.916,0.2762,0.71,57.123,6.4131,2739182.8296
688188.SH,2023-07-07,186.12,188.99,184.62,185.42,187.24,-1.82,-0.972,3399.0,63499.878,0.2323,0.6,56.5678,6.3508,2712557.5746
688188.SH,2023-07-10,185.41,186.5,182.39,182.95,185.42,-2.47,-1.3321,4214.22,77578.2,0.2881,0.78,55.8142,6.2662,2676423.3
688188.SH,2023-07-11,182.24,187.19,182.11,185.2,182.95,2.25,1.2298,4737.55,87697.523,0.3238,1.06,56.5007,6.3432,2709339.1372
688188.SH,2023-07-12,184.6,191.88,184.6,188.69,185.2,3.49,1.8844,6133.35,115823.4,0.4193,1.52,57.5654,6.4628,2760395.2581
688188.SH,2023-07-13,191.89,192.99,187.32,189.49,188.69,0.8,0.424,4857.55,92138.344,0.332,1.08,57.8095,6.4902,2772098.6669
688188.SH,2023-07-14,190.04,193.0,187.12,192.54,189.49,3.05,1.6096,3980.93,75730.447,0.2721,0.85,58.7399,6.5946,2816717.9129
688188.SH,2023-07-17,195.53,202.46,194.5,202.0,192.54,9.46,4.9133,9287.27,185664.148,0.6348,1.94,61.626,6.9186,2955110.722
688188.SH,2023-07-18,202.0,214.5,202.0,209.01,202.0,7.01,3.4703,13629.17,284973.438,0.9316,2.35,63.7646,7.1587,3057661.8416
688188.SH,2023-07-19,209.09,212.06,206.21,211.11,209.01,2.1,1.0047,6395.63,134644.761,0.4372,0.84,64.4053,7.2307,3088383.2897
688188.SH,2023-07-20,209.8,213.0,208.38,210.97,211.11,-0.14,-0.0663,8335.21,175859.924,0.5698,1.09,64.3626,7.2259,3086335.1932
688188.SH,2023-07-21,209.74,211.54,207.05,209.57,210.97,-1.4,-0.6636,4884.88,102298.507,0.3339,0.59,63.9354,7.1779,3065854.2278
688188.SH,2023-07-24,207.86,210.55,207.63,210.33,209.57,0.76,0.3626,4883.99,102173.297,0.3339,0.57,64.1673,7.2039,3076972.4661
688188.SH,2023-07-25,210.0,217.99,208.13,216.39,210.33,6.06,2.8812,7509.34,161099.366,0.5133,0.98,66.0161,7.4115,3165625.7878
688188.SH,2023-07-26,215.03,217.27,211.66,213.21,216.39,-3.18,-1.4696,3306.64,70475.367,0.226,0.52,65.0459,7.3026,3119104.7378
688188.SH,2023-07-27,214.5,214.5,210.05,212.02,213.21,-1.19,-0.5581,4113.23,87144.375,0.2812,0.71,64.6829,7.2618,3101695.9172
688188.SH,2023-07-28,211.09,214.92,209.05,213.0,212.02,0.98,0.4622,3536.37,75189.355,0.2417,0.72,64.9819,7.2954,3116032.593
688188.SH,2023-07-31,216.2,226.98,213.97,222.59,213.0,9.59,4.5023,7328.66,162452.382,0.501,1.57,67.9076,7.6239,3256327.206
688188.SH,2023-08-01,222.59,224.31,216.72,218.46,222.59,-4.13,-1.8554,4693.59,103190.739,0.3208,0.91,66.6476,7.4824,3195908.3581
688188.SH,2023-08-02,218.0,231.87,218.0,229.55,218.46,11.09,5.0764,10725.9,245076.652,0.7332,2.33,70.0309,7.8622,3358146.8626
688188.SH,2023-08-03,229.72,235.0,227.25,229.38,229.55,-0.17,-0.0741,5513.55,126683.556,0.3769,0.91,69.9791,7.8564,3355659.8882
688188.SH,2023-08-04,228.01,246.88,226.5,243.51,229.38,14.13,6.1601,11246.97,270162.982,0.7688,1.77,74.2898,8.3404,3562371.3461
688188.SH,2023-08-07,241.0,241.0,228.0,232.68,243.51,-10.83,-4.4475,11239.22,262656.923,0.7683,1.42,70.9858,7.9694,3403936.4495
688188.SH,2023-08-08,231.01,238.36,229.48,236.06,232.68,3.38,1.4526,5880.25,137785.359,0.402,0.68,72.017,8.0852,3453383.3517
688188.SH,2023-08-09,232.32,238.99,230.6,237.02,236.06,0.96,0.4067,10808.46,252969.768,0.7388,1.21,72.3099,8.1181,3467427.4422
688188.SH,2023-08-10,238.86,238.86,231.3,234.99,237.02,-2.03,-0.8565,5476.39,128214.81,0.3743,0.61,71.6906,8.0486,3437730.0424
688188.SH,2023-08-11,238.0,238.0,229.0,232.91,234.99,-2.08,-0.8851,7579.53,175715.256,0.5181,0.85,71.056,7.9773,3407301.1795
688188.SH,2023-08-14,231.31,233.62,228.99,232.58,232.91,-0.33,-0.1417,4940.61,114037.006,0.3377,0.6,70.9553,7.966,3402473.5234
688188.SH,2023-08-15,230.0,234.42,226.28,228.0,232.58,-4.58,-1.9692,5773.89,132263.196,0.3947,0.83,69.5581,7.8091,3335471.508
688188.SH,2023-08-16,233.93,245.99,233.93,241.63,228.0,13.63,5.9781,15057.94,363631.088,1.0293,2.18,73.7163,7.8171,3534868.3354
688188.SH,2023-08-17,240.62,245.8,238.45,241.24,241.63,-0.39,-0.1614,9559.36,231336.57,0.6534,1.23,73.5973,7.8045,3529162.9236
688188.SH,2023-08-18,244.0,250.0,241.07,244.99,241.24,3.75,1.5545,7791.19,190581.74,0.5326,0.91,74.7414,7.9258,3584022.6524
688188.SH,2023-08-21,241.66,248.0,232.35,234.78,244.99,-10.21,-4.1675,11608.7,276181.466,0.7935,1.35,71.6265,7.5955,3434657.8976
688188.SH,2023-08-22,233.32,243.0,231.51,240.69,234.78,5.91,2.5173,9056.73,214612.729,0.6191,0.91,73.4295,7.7867,3521116.8301
688188.SH,2023-08-23,240.04,243.84,236.69,240.61,240.69,-0.08,-0.0332,4639.28,111804.297,0.3171,0.44,73.4051,7.7841,3519946.4892
688188.SH,2023-08-24,237.47,240.0,235.13,237.95,240.61,-2.66,-1.1055,5812.55,138342.64,0.3973,0.68,72.5936,7.6981,3481032.655
688188.SH,2023-08-25,237.0,249.45,235.0,248.18,237.95,10.23,4.2992,8471.88,206305.846,0.5791,1.09,75.7146,8.029,3630689.995
688188.SH,2023-08-28,257.5,260.97,248.22,250.8,248.18,2.62,1.0557,8027.37,202210.371,0.5487,1.01,76.5139,8.1138,3669018.6588
688188.SH,2023-08-29,246.0,259.46,245.36,258.0,250.8,7.2,2.8708,8520.89,216475.42,0.5825,1.18,78.7104,8.3467,3774349.338
688188.SH,2023-08-30,262.0,267.32,256.0,263.81,258.0,5.81,2.2519,7941.89,209444.526,0.5429,1.12,80.4829,8.5347,3859345.3444
688188.SH,2023-08-31,260.01,267.45,258.0,263.37,263.81,-0.44,-0.1668,4592.73,121097.613,0.3139,0.59,80.3487,8.5205,3852908.4696
688188.SH,2023-09-01,266.0,266.0,257.02,261.5,263.37,-1.87,-0.71,2940.07,76622.94,0.201,0.39,79.7782,8.46,3825551.7515
688188.SH,2023-09-04,257.41,267.29,257.41,267.08,261.5,5.58,2.1338,5792.53,153561.326,0.396,0.9,81.4805,8.6405,3907183.0279
688188.SH,2023-09-05,266.52,267.0,261.0,265.74,267.08,-1.34,-0.5017,4185.59,110580.269,0.2861,0.7,81.0717,8.5971,3887579.8181
688188.SH,2023-09-06,261.88,265.51,258.16,258.65,265.74,-7.09,-2.668,4861.48,126456.479,0.3323,0.95,78.9087,8.3678,3783858.3577
688188.SH,2023-09-07,257.51,262.08,256.81,258.45,258.65,-0.2,-0.0773,5386.58,139666.385,0.3682,1.2,78.8477,8.3613,3780932.5055
688188.SH,2023-09-08,257.15,261.6,252.2,259.0,258.45,0.55,0.2128,3435.21,88567.683,0.2348,0.74,79.0155,8.3791,3788978.599
688188.SH,2023-09-11,258.98,261.8,256.0,258.0,259.0,-1.0,-0.3861,4020.06,103610.577,0.2748,0.85,78.7104,8.3467,3774349.338
688188.SH,2023-09-12,257.99,259.57,251.34,253.39,258.0,-4.61,-1.7868,3621.61,91765.264,0.2476,0.83,77.304,8.1976,3706908.4448
688188.SH,2023-09-13,252.73,253.98,247.24,249.98,253.39,-3.41,-1.3458,5493.63,137068.869,0.3755,1.29,76.2637,8.0873,3657022.6648
688188.SH,2023-09-14,251.84,252.25,241.3,244.05,249.98,-5.93,-2.3722,7338.67,180016.603,0.5016,1.67,74.4546,7.8954,3570271.1471
688188.SH,2023-09-15,246.12,247.92,238.11,240.54,244.05,-3.51,-1.4382,6208.35,149963.934,0.4244,1.3,73.3837,7.7819,3518922.4409
688188.SH,2023-09-18,240.0,244.76,237.36,242.46,240.54,1.92,0.7982,6565.64,158977.318,0.4488,1.23,73.9695,7.844,3547010.6221
688188.SH,2023-09-19,244.46,244.48,240.31,242.19,242.46,-0.27,-0.1114,4067.08,98630.405,0.278,0.7,73.8871,7.8352,3543060.7216
688188.SH,2023-09-20,242.5,244.99,240.4,242.0,242.19,-0.19,-0.0785,3393.32,82382.14,0.232,0.57,73.8292,7.8291,3540281.162
688188.SH,2023-09-21,242.42,244.01,240.01,242.06,242.0,0.06,0.0248,3386.17,82027.731,0.2315,0.61,73.8475,7.831,3541158.9177
688188.SH,2023-09-22,244.1,248.53,241.99,247.4,242.06,5.34,2.2061,5139.18,126539.291,0.3513,1.09,75.4766,8.0038,3619279.1714
688188.SH,2023-09-25,246.1,252.49,244.18,249.51,247.4,2.11,0.8529,5373.08,134322.259,0.3673,1.19,76.1203,8.0721,3650146.9121
688188.SH,2023-09-26,247.99,256.89,247.36,255.43,249.51,5.92,2.3727,5013.13,127012.578,0.3427,1.17,77.9264,8.2636,3736752.1372
688188.SH,2023-09-27,253.01,255.73,245.53,247.62,255.43,-7.81,-3.0576,6905.05,172345.21,0.472,1.55,75.5437,8.0109,3622497.6088
688188.SH,2023-09-28,248.7,254.96,246.66,249.39,247.62,1.77,0.7148,5548.48,139344.772,0.3793,1.07,76.0837,8.0682,3648391.4008
688188.SH,2023-10-09,247.88,265.76,247.88,264.18,249.39,14.79,5.9305,6115.61,159627.275,0.418,1.09,80.5958,8.5467,3864758.171
688188.SH,2023-10-10,262.61,262.61,246.3,247.49,264.18,-16.69,-6.3177,7976.16,200348.455,0.5452,1.38,75.504,8.0067,3620595.8049
688188.SH,2023-10-11,247.49,247.52,240.21,244.3,247.49,-3.19,-1.2889,6333.09,154818.309,0.4329,1.0,74.5308,7.4828,3573928.4623
688188.SH,2023-10-12,244.67,248.41,236.0,240.8,244.3,-3.5,-1.4327,7290.38,175622.38,0.4983,1.11,73.4631,7.3756,3522726.0488
688188.SH,2023-10-13,240.99,242.49,236.5,236.99,240.8,-3.81,-1.5822,3120.36,74292.689,0.2133,0.47,72.3007,7.2589,3466988.5644
688188.SH,2023-10-16,237.95,241.5,235.02,239.5,236.99,2.51,1.0591,3517.41,84054.936,0.2404,0.57,73.0665,7.3358,3503708.0095
688188.SH,2023-10-17,238.85,240.83,233.96,236.0,239.5,-3.5,-1.4614,3590.92,85008.586,0.2455,0.64,71.9987,7.2286,3452505.596
688188.SH,2023-10-18,236.58,239.25,233.06,236.97,236.0,0.97,0.411,3310.43,78592.168,0.2263,0.69,72.2946,7.2583,3466695.9792
688188.SH,2023-10-19,236.2,237.98,231.0,233.56,236.97,-3.41,-1.439,4388.02,102939.651,0.2999,1.05,71.2543,7.1539,3416810.1992
688188.SH,2023-10-20,233.53,234.86,229.05,230.67,233.56,-2.89,-1.2374,3695.6,85609.019,0.2526,1.03,70.3726,7.0654,3374531.6349
688188.SH,2023-10-23,230.0,234.46,229.48,230.5,230.67,-0.17,-0.0737,3051.11,70690.232,0.2086,0.82,70.3208,7.0602,3372044.6605
688188.SH,2023-10-24,230.96,233.97,227.25,227.68,230.5,-2.82,-1.2234,4428.41,101684.003,0.3027,1.23,69.4604,6.9738,3330790.1445
688188.SH,2023-10-25,228.0,233.39,227.0,227.11,227.68,-0.57,-0.2504,4253.19,97195.228,0.2907,1.13,69.2865,6.9563,3322451.4657
688188.SH,2023-10-26,225.98,230.58,224.35,230.24,227.11,3.13,1.3782,6730.47,153280.396,0.4601,1.7,70.2414,7.0522,3368241.0526
688188.SH,2023-10-27,228.09,238.87,228.09,237.5,230.24,7.26,3.1532,7069.27,167091.014,0.4832,1.6,72.4563,7.2746,3474449.4875
688188.SH,2023-10-30,238.68,246.8,235.31,245.95,237.5,8.45,3.5579,7288.0,175996.191,0.4982,1.43,75.0342,7.5334,3598066.743
688188.SH,2023-10-31,243.29,244.58,237.05,239.61,245.95,-6.34,-2.5778,4145.4,99455.115,0.2834,0.7,73.1,7.3392,3505317.2282
688188.SH,2023-11-01,238.47,240.98,232.06,236.08,239.61,-3.53,-1.4732,5406.26,127118.936,0.3696,0.92,72.0231,7.2311,3453675.9369
688188.SH,2023-11-02,233.77,234.85,227.73,228.0,236.08,-8.08,-3.4226,6025.23,138590.146,0.4119,0.98,69.5581,6.9836,3335471.508
688188.SH,2023-11-03,228.0,234.2,226.17,231.5,228.0,3.5,1.5351,4052.33,94022.74,0.277,0.68,70.6258,7.0908,3386673.9215
688188.SH,2023-11-06,232.79,241.46,230.71,241.09,231.5,9.59,4.1425,5773.66,136998.213,0.3947,1.07,73.5515,7.3845,3526968.5345
688188.SH,2023-11-07,238.13,241.09,231.66,232.0,241.09,-9.09,-3.7704,4495.42,105315.511,0.3073,0.88,70.7784,7.1061,3393988.552
688188.SH,2023-11-08,231.1,235.48,229.2,233.91,232.0,1.91,0.8233,4788.25,110932.967,0.3273,0.93,71.3611,7.1646,3421930.4405
688188.SH,2023-11-09,233.39,235.98,232.42,234.35,233.91,0.44,0.1881,3208.1,75181.395,0.2193,0.64,71.4953,7.1781,3428367.3154
688188.SH,2023-11-10,234.32,235.5,231.39,234.6,234.35,0.25,0.1067,2138.76,50014.853,0.1462,0.48,71.5716,7.1857,3432024.6306
688188.SH,2023-11-13,235.62,240.53,232.66,238.94,234.6,4.34,1.85,3438.32,81912.724,0.235,0.84,72.8956,7.3187,3495515.6233
688188.SH,2023-11-14,238.37,240.44,229.02,229.52,238.94,-9.42,-3.9424,5572.12,129623.306,0.3809,1.54,70.0218,7.0301,3357707.9847
688188.SH,2023-11-15,230.1,230.51,222.08,226.55,229.52,-2.97,-1.294,5456.44,123361.361,0.373,1.42,69.1157,6.9392,3314259.0796
688188.SH,2023-11-16,225.77,226.94,223.11,224.25,226.55,-2.3,-1.0152,2755.45,62004.64,0.1884,0.7,68.414,6.8687,3280611.7793
688188.SH,2023-11-17,222.59,225.13,220.59,224.77,224.25,0.52,0.2319,2475.27,55349.468,0.1692,0.64,68.5726,6.8847,3288218.995
688188.SH,2023-11-20,224.77,226.39,222.07,223.95,224.77,-0.82,-0.3648,2939.27,65918.088,0.2009,0.75,68.3225,6.8595,3276223.001
688188.SH,2023-11-21,224.03,228.84,223.55,226.61,223.95,2.66,1.1878,3673.29,83419.03,0.2511,0.96,69.134,6.941,3315136.8352
688188.SH,2023-11-22,225.29,227.43,218.35,218.9,226.61,-7.71,-3.4023,4384.04,97189.328,0.2997,1.27,66.7818,6.7049,3202345.2329
688188.SH,2023-11-23,220.94,224.42,216.33,223.5,218.9,4.6,2.1014,3507.82,77290.515,0.2398,1.08,68.1852,6.8458,3269639.8335
688188.SH,2023-11-24,223.59,224.67,218.6,222.76,223.5,-0.74,-0.3311,2764.95,61072.656,0.189,0.81,67.9594,6.8231,3258814.1804
688188.SH,2023-11-27,222.22,224.09,217.1,219.98,222.76,-2.78,-1.248,3434.35,75362.058,0.2348,0.99,67.1113,6.7379,3218144.8348
688188.SH,2023-11-28,220.98,221.97,218.01,221.1,219.98,1.12,0.5091,3593.59,78938.798,0.2456,1.01,67.453,6.7722,3234529.6071
688188.SH,2023-11-29,219.42,220.23,217.0,218.79,221.1,-2.31,-1.0448,4158.18,90873.609,0.2842,1.18,66.7483,6.7015,3200736.0142
688188.SH,2023-11-30,218.04,225.09,216.13,225.09,218.79,6.3,2.8795,5518.99,121453.324,0.3773,1.58,68.6703,6.8945,3292900.3585
688188.SH,2023-12-01,232.0,234.95,221.1,230.08,225.09,4.99,2.2169,15112.25,344645.691,1.033,3.88,70.1926,7.0473,3365900.3709
688188.SH,2023-12-04,228.31,231.89,221.16,227.09,230.08,-2.99,-1.2995,9538.37,216435.135,0.652,1.5,69.2804,6.9557,3322158.8805
688188.SH,2023-12-05,223.65,226.97,223.35,223.66,227.09,-3.43,-1.5104,5242.63,117951.434,0.3584,0.69,68.234,6.8507,3271980.5153
688188.SH,2023-12-06,223.66,232.39,222.88,230.65,223.66,6.99,3.1253,6594.43,150963.748,0.4508,0.83,70.3665,7.0648,3374239.0497
688188.SH,2023-12-07,230.03,242.46,229.0,241.44,230.65,10.79,4.6781,9928.93,234351.751,0.6787,1.18,73.6583,7.3952,3532088.7758
688188.SH,2023-12-08,238.42,245.53,236.4,245.53,241.44,4.09,1.694,11659.08,281007.863,0.797,1.26,74.9061,7.5205,3591922.4533
688188.SH,2023-12-11,243.0,245.86,236.5,245.04,245.53,-0.49,-0.1996,8538.51,206810.8,0.5837,0.99,74.7566,7.5055,3584754.1154
688188.SH,2023-12-12,243.88,249.9,241.56,248.21,245.04,3.17,1.2937,7234.9,179384.889,0.4945,0.86,75.7237,7.6026,3631128.8728
688188.SH,2023-12-13,246.73,250.33,245.66,246.81,248.21,-1.4,-0.564,5347.67,132534.068,0.3655,0.61,75.2966,7.5597,3610647.9074
688188.SH,2023-12-14,249.1,259.98,245.0,246.85,246.81,0.04,0.0162,10364.77,258045.713,0.7085,1.21,75.3088,7.561,3611233.0779
688188.SH,2023-12-15,245.98,251.0,243.9,249.6,246.85,2.75,1.114,5899.44,146774.555,0.4033,0.68,76.1478,7.6452,3651463.5456
688188.SH,2023-12-18,248.76,255.61,246.23,250.0,249.6,0.4,0.1603,4788.08,119968.566,0.3273,0.64,76.2698,7.6574,3657315.25
688188.SH,2023-12-19,252.06,252.72,246.21,251.57,250.0,1.57,0.628,4658.71,116460.935,0.3185,0.69,76.7488,7.7055,3680283.1898
688188.SH,2023-12-20,251.0,253.56,248.5,250.33,251.57,-1.24,-0.4929,3339.68,83749.405,0.2283,0.54,76.3705,7.6675,3662142.9061
688188.SH,2023-12-21,249.59,252.25,246.6,251.58,250.33,1.25,0.4993,4543.99,113624.501,0.3106,0.78,76.7518,7.7058,3680429.4824
688188.SH,2023-12-22,252.19,252.19,247.38,250.3,251.58,-1.28,-0.5088,3665.29,91512.084,0.2505,0.79,76.383,7.6688,3662741.6219
688188.SH,2023-12-25,249.93,252.86,243.52,250.01,250.3,-0.29,-0.1159,5590.56,137867.552,0.3821,1.33,76.2945,7.6599,3658497.9341
688188.SH,2023-12-26,248.02,251.5,245.88,245.95,250.01,-4.06,-1.6239,3939.55,97808.112,0.2692,0.9,75.0555,7.5342,3599086.3041
688188.SH,2023-12-27,246.11,251.98,245.86,251.05,245.95,5.1,2.0736,4068.33,101459.807,0.278,0.97,76.6118,7.6904,3673716.6767
688188.SH,2023-12-28,253.12,253.12,245.71,250.01,251.05,-1.04,-0.4143,6662.12,165554.18,0.4553,1.53,76.2945,7.6585,3658497.9341
688188.SH,2023-12-29,251.15,253.68,246.43,253.11,250.01,3.1,1.24,4712.06,118213.188,0.322,0.98,77.2405,7.7535,3703861.4939
688188.SH,2024-01-02,253.27,255.95,252.51,253.0,253.11,-0.11,-0.0435,3380.43,85882.843,0.231,0.68,77.2069,7.7501,3702251.8192
688188.SH,2024-01-03,253.03,256.7,251.52,256.27,253.0,3.27,1.2925,4694.37,119670.6,0.3208,1.03,78.2048,7.8503,3750103.0581
688188.SH,2024-01-04,256.28,259.6,254.11,255.01,256.27,-1.26,-0.4917,6381.27,163468.761,0.4361,1.36,77.8203,7.8117,3731664.9661
688188.SH,2024-01-05,253.51,255.91,243.5,247.95,255.01,-7.06,-2.7685,6528.67,162456.769,0.4461,1.26,75.6658,7.5954,3628353.1169
688188.SH,2024-01-08,247.0,248.67,241.51,246.83,247.95,-1.12,-0.4517,6523.59,159910.077,0.4458,1.27,75.324,7.5611,3611963.7017
688188.SH,2024-01-09,245.44,246.77,240.02,240.19,246.83,-6.64,-2.6901,5234.32,126607.912,0.3577,0.95,73.2977,7.3577,3514797.8832
688188.SH,2024-01-10,242.0,244.2,240.05,242.9,240.19,2.71,1.1283,3184.35,77261.66,0.2176,0.54,74.1247,7.4407,3554454.4146
688188.SH,2024-01-11,243.66,254.8,241.91,253.0,242.9,10.1,4.1581,5970.12,150049.931,0.408,1.07,77.2069,7.7501,3702251.8192
688188.SH,2024-01-12,248.2,255.0,248.2,253.0,253.0,0.0,0.0,2719.11,68833.887,0.1858,0.5,77.2069,7.7501,3702251.8192
688188.SH,2024-01-15,251.66,257.15,251.01,255.4,253.0,2.4,0.9486,3324.79,84692.065,0.2272,0.7,77.9393,7.8237,3737371.9946
688188.SH,2024-01-16,255.41,261.9,253.46,256.05,255.4,0.65,0.2545,6486.34,166492.328,0.4433,1.59,78.1377,7.8436,3746883.7087
688188.SH,2024-01-17,252.92,256.1,247.0,247.39,256.05,-8.66,-3.3822,3804.11,95740.191,0.26,0.88,75.4949,7.5783,3620158.4093
688188.SH,2024-01-18,247.39,253.83,244.11,247.5,247.39,0.11,0.0445,6956.01,172794.245,0.4754,1.56,75.5285,7.5817,3621768.084
688188.SH,2024-01-19,247.0,250.51,245.01,245.92,247.5,-1.58,-0.6384,3215.36,79547.242,0.2197,0.69,75.0463,7.5333,3598647.3019
688188.SH,2024-01-22,248.88,250.97,237.87,241.8,245.92,-4.12,-1.6753,4900.1,119986.596,0.3349,1.03,73.7891,7.407,3538357.6675
688188.SH,2024-01-23,236.41,245.77,235.23,241.06,241.8,-0.74,-0.306,5120.13,123804.918,0.3499,1.01,73.5632,7.3844,3527528.9468
688188.SH,2024-01-24,244.86,250.64,242.44,249.1,241.06,8.04,3.3353,4124.14,102025.722,0.2818,0.86,76.0168,7.6307,3645181.5342
688188.SH,2024-01-25,248.69,250.79,244.12,246.54,249.1,-2.56,-1.0277,3955.76,97759.673,0.2703,0.81,75.2355,7.5523,3607720.0139
688188.SH,2024-01-26,245.56,253.5,245.22,247.82,246.54,1.28,0.5192,4047.22,101021.467,0.2766,0.95,75.6261,7.5915,3626450.774
688188.SH,2024-01-29,248.88,252.98,242.32,242.92,247.82,-4.9,-1.9772,5174.19,128009.74,0.3536,1.17,74.1308,7.4414,3554747.0827
688188.SH,2024-01-30,244.45,251.97,244.45,244.48,242.92,1.56,0.6422,6403.99,159084.736,0.4376,1.43,74.6069,7.4891,3577575.1967
688188.SH,2024-01-31,244.48,258.0,242.24,254.0,244.48,9.52,3.894,7449.27,187697.796,0.5091,1.57,77.5121,7.7808,3716885.2256
688188.SH,2024-02-01,252.5,256.47,248.4,248.75,254.0,-5.25,-2.0669,6341.87,159727.486,0.4334,1.17,75.91,7.6199,3640059.842
688188.SH,2024-02-02,248.75,250.65,243.72,246.39,248.75,-2.36,-0.9487,5228.96,129430.34,0.3573,0.89,75.1898,7.5477,3605525.0029
688188.SH,2024-02-05,247.13,260.18,241.51,258.0,246.39,11.61,4.712,9233.56,232264.948,0.631,1.51,78.7327,7.9033,3775418.8512
688188.SH,2024-02-06,258.0,292.95,256.06,291.48,258.0,33.48,12.9767,12498.7,343241.061,0.8541,1.8,88.9497,8.9289,4265345.2975
688188.SH,2024-02-07,292.35,306.66,269.11,285.0,291.48,-6.48,-2.2231,20671.56,604224.495,1.4126,2.54,86.9722,8.7304,4170520.824
688188.SH,2024-02-08,284.5,302.0,271.01,274.88,285.0,-10.12,-3.5509,19726.57,560266.668,1.3481,1.83,83.8839,8.4204,4022430.7512
688188.SH,2024-02-19,280.0,280.0,263.22,276.8,274.88,1.92,0.6985,10920.42,298114.692,0.7463,0.81,84.4698,8.4792,4050526.8915
688188.SH,2024-02-20,275.46,276.4,268.02,274.55,276.8,-2.25,-0.8129,7553.14,204825.701,0.5162,0.52,83.7832,8.4103,4017601.7271
688188.SH,2024-02-21,270.03,283.64,269.6,272.49,274.55,-2.06,-0.7503,9599.38,266144.265,0.656,0.67,83.1546,8.3472,3987456.9099
688188.SH,2024-02-22,268.96,275.44,268.02,270.99,272.49,-1.5,-0.5505,6825.03,185279.665,0.4664,0.5,82.6968,8.3012,3965506.8003
688188.SH,2024-02-23,270.97,273.47,266.0,266.44,270.99,-4.55,-1.679,6508.41,174177.172,0.4448,0.6,81.3083,8.1618,3898924.8012
688188.SH,2024-02-26,270.1,279.41,268.02,277.35,266.44,10.91,4.0947,9069.9,249163.246,0.6198,1.1,84.6377,8.192,4058575.265
688188.SH,2024-02-27,275.54,279.08,272.68,277.5,277.35,0.15,0.0541,7779.36,214008.236,0.5316,0.98,84.6835,8.1964,4060770.276
688188.SH,2024-02-28,277.5,280.9,273.0,273.9,277.5,-3.6,-1.2973,7697.33,213562.954,0.526,0.97,83.5849,8.0901,4008090.013
688188.SH,2024-02-29,271.0,281.5,271.0,281.28,273.9,7.38,2.6944,8426.16,232157.982,0.5758,1.11,85.837,8.3081,4116084.5522
688188.SH,2024-03-01,281.55,287.48,277.61,281.04,281.28,-0.24,-0.0853,7986.23,224232.589,0.5458,1.01,85.7638,8.301,4112572.5347
688188.SH,2024-03-04,283.95,288.48,276.0,286.7,281.04,5.66,2.0139,7045.41,199285.65,0.4815,0.86,87.491,8.4682,4195397.6149
688188.SH,2024-03-05,284.0,295.99,284.0,290.59,286.7,3.89,1.3568,7852.31,227526.165,0.5366,1.01,88.6781,8.5831,4252321.5658
688188.SH,2024-03-06,290.61,297.0,288.2,288.89,290.59,-1.7,-0.585,6772.73,198292.728,0.4628,0.87,88.1593,8.5329,4227444.7749
688188.SH,2024-03-07,289.3,292.8,283.33,284.6,288.89,-4.29,-1.485,6735.52,192690.586,0.4603,0.88,86.8501,8.4062,4164667.4614
688188.SH,2024-03-08,280.25,287.94,280.1,285.39,284.6,0.79,0.2776,3836.96,109226.26,0.2622,0.53,87.0912,8.4295,4176227.8525
688188.SH,2024-03-11,284.87,291.58,282.01,290.66,285.39,5.27,1.8466,3886.74,111893.029,0.2656,0.6,88.6994,8.5851,4253345.9042
688188.SH,2024-03-12,292.0,299.71,290.02,296.01,290.66,5.35,1.8406,5662.25,167754.45,0.3869,0.97,90.3321,8.7432,4331634.6285
688188.SH,2024-03-13,295.67,296.95,280.79,281.8,296.01,-14.21,-4.8005,7982.47,228267.702,0.5455,1.48,85.9957,8.3235,4123693.9235
688188.SH,2024-03-14,280.23,284.78,280.04,281.67,281.8,-0.13,-0.0461,6099.52,172384.334,0.4168,1.09,85.956,8.3196,4121791.5807
688188.SH,2024-03-15,282.49,290.87,281.13,290.87,281.67,9.2,3.2662,4884.75,140330.653,0.3338,0.89,88.7635,8.5913,4256418.9196
688188.SH,2024-03-18,291.98,291.99,287.2,288.68,290.87,-2.19,-0.7529,3789.83,109488.351,0.259,0.66,88.0952,8.5267,4224371.7596
688188.SH,2024-03-19,286.68,294.85,286.68,287.15,288.68,-1.53,-0.53,3959.01,114848.956,0.2705,0.7,87.6283,8.4815,4201982.6478
688188.SH,2024-03-20,288.02,290.3,280.31,283.7,287.15,-3.45,-1.2015,4996.02,142069.957,0.3414,0.94,56.9545,8.3504,4151497.3957
688188.SH,2024-03-21,284.3,285.0,274.07,276.44,283.7,-7.26,-2.559,6578.68,182617.266,0.4496,1.39,55.497,8.1367,4045258.8652
688188.SH,2024-03-22,276.44,278.87,273.4,274.77,276.44,-1.67,-0.6041,4106.9,113248.725,0.2807,0.85,55.1618,8.0875,4020821.0765
688188.SH,2024-03-25,271.11,282.2,269.62,275.92,274.77,1.15,0.4185,6106.81,169315.801,0.4173,1.3,55.3926,8.1214,4037649.4939
688188.SH,2024-03-26,277.02,288.5,274.0,282.55,275.92,6.63,2.4029,9034.71,256298.593,0.6174,1.75,56.7237,8.3165,4134668.9783
688188.SH,2024-03-27,282.99,287.0,279.31,280.8,282.55,-1.75,-0.6194,4643.57,131103.637,0.3173,0.75,56.3723,8.265,4109060.5171
688188.SH,2024-03-28,283.77,285.29,279.15,282.11,280.8,1.31,0.4665,5224.73,147343.675,0.357,0.86,56.6353,8.3036,4128230.2795
688188.SH,2024-03-29,279.5,281.7,271.18,275.18,282.11,-6.93,-2.4565,4465.49,123058.295,0.3052,0.77,55.2441,8.0996,4026820.7732
688188.SH,2024-04-01,277.45,278.98,271.4,274.37,275.18,-0.81,-0.2944,4622.46,127195.019,0.3159,0.78,55.0815,8.0757,4014967.714
688188.SH,2024-04-02,274.39,293.8,272.9,291.52,274.37,17.15,6.2507,12015.15,345699.968,0.8211,2.15,58.5244,8.5805,4265930.6337
688188.SH,2024-04-03,289.67,295.61,286.6,287.68,291.52,-3.84,-1.3172,6513.34,189455.704,0.4451,1.05,57.7535,8.4675,4209738.3532
688188.SH,2024-04-08,287.74,297.87,286.27,290.82,287.68,3.14,1.0915,5749.58,168143.025,0.3929,0.88,58.3839,8.5599,4255687.2492
688188.SH,2024-04-09,289.0,297.0,287.0,294.35,290.82,3.53,1.2138,4802.48,140554.992,0.3273,0.72,59.2613,8.6413,4319643.1773
688188.SH,2024-04-10,294.67,300.86,289.12,289.69,294.35,-4.66,-1.5831,5464.58,161412.063,0.3724,0.81,58.3231,8.5045,4251256.776
688188.SH,2024-04-11,289.69,298.6,286.0,294.9,289.69,5.21,1.7985,4358.5,128674.876,0.297,0.63,59.3721,8.6574,4327714.5337
688188.SH,2024-04-12,294.88,301.87,293.0,297.53,294.9,2.63,0.8918,3355.06,100260.882,0.2286,0.62,59.9016,8.7346,4366310.2923
688188.SH,2024-04-15,296.04,306.98,296.04,306.89,297.53,9.36,3.1459,4668.95,141646.192,0.3182,0.98,61.786,9.0094,4503670.1025
688188.SH,2024-04-16,306.88,309.88,300.74,300.74,306.89,-6.15,-2.004,5358.5,163427.499,0.3651,1.18,60.5478,8.8289,4413417.6631
688188.SH,2024-04-17,301.58,303.0,296.22,300.16,300.74,-0.58,-0.1929,4047.36,121193.492,0.2758,0.87,60.4311,8.8118,4404906.0509
688188.SH,2024-04-18,298.66,307.02,296.58,297.19,300.16,-2.97,-0.9895,6681.9,200489.235,0.4553,1.53,59.8331,8.7246,4361320.7265
688188.SH,2024-04-19,297.0,307.27,296.81,303.0,297.19,5.81,1.955,5126.58,155568.117,0.3493,1.06,61.0028,8.8952,4446583.6002
688188.SH,2024-04-22,302.52,314.5,299.1,308.5,303.0,5.5,1.8152,6603.86,204833.739,0.45,1.28,62.1101,9.0567,4527297.1639
688188.SH,2024-04-23,311.49,311.49,294.57,294.85,308.5,-13.65,-4.4246,5582.52,166889.982,0.3804,1.0,59.362,8.6559,4326980.774
688188.SH,2024-04-24,297.51,311.3,297.51,309.8,294.85,14.95,5.0704,6249.98,191404.913,0.4259,1.11,62.3719,8.6971,4546374.9153
688188.SH,2024-04-25,308.25,313.8,305.72,311.39,309.8,1.59,0.5132,3922.86,121381.092,0.2673,0.65,62.692,8.7417,4569708.4728
688188.SH,2024-04-26,312.0,321.03,309.82,317.15,311.39,5.76,1.8498,6188.24,196295.838,0.4217,1.13,63.8516,8.9034,4654237.5868
688188.SH,2024-04-29,317.16,326.3,313.3,322.8,317.15,5.65,1.7815,5380.76,173488.518,0.3667,0.94,64.9892,9.0621,4737152.4295
688188.SH,2024-04-30,321.13,331.0,320.28,323.83,322.8,1.03,0.3191,4935.23,160792.855,0.3363,0.9,65.1965,9.091,4752267.8787
688188.SH,2024-05-06,327.89,340.0,326.0,338.26,323.83,14.43,4.456,8032.48,268851.708,0.5474,1.51,68.1017,9.4961,4964030.9195
688188.SH,2024-05-07,336.45,340.94,331.4,331.4,338.26,-6.86,-2.028,5948.46,199544.536,0.4053,1.05,66.7206,9.3035,4863359.0928
688188.SH,2024-05-08,331.55,334.42,326.59,329.0,331.4,-2.4,-0.7242,4806.57,158344.543,0.3275,0.79,66.2374,9.2361,4828138.6286
688188.SH,2024-05-09,327.0,332.0,319.54,321.68,329.0,-7.32,-2.2249,8797.9,284490.85,0.5995,1.51,64.7637,9.0306,4720716.2129
688188.SH,2024-05-10,321.68,322.18,309.15,311.0,321.68,-10.68,-3.3201,11788.79,369022.439,0.8033,1.81,62.6135,8.7308,4563985.1474
688188.SH,2024-05-13,313.12,319.68,307.51,314.42,311.0,3.42,1.0997,8012.21,251672.693,0.546,1.02,63.302,8.8268,4614174.3088
688188.SH,2024-05-14,316.0,318.5,313.28,315.77,314.42,1.35,0.4294,5422.25,171571.451,0.3695,0.69,63.5738,8.8647,4633985.8199
688188.SH,2024-05-15,315.78,319.87,311.62,312.45,315.77,-3.32,-1.0514,3000.96,94590.624,0.2045,0.39,62.9054,8.7715,4585264.1778
688188.SH,2024-05-16,314.97,315.63,299.0,300.1,312.45,-12.35,-3.9526,8238.0,250003.129,0.5614,1.11,60.419,8.4248,4404025.5393
688188.SH,2024-05-17,213.5,213.5,207.51,210.45,212.56,-2.11,-0.9927,9245.79,194055.387,0.45,1.27,59.3177,8.8982,4323752.2399
688188.SH,2024-05-20,210.4,213.92,206.27,207.26,210.45,-3.19,-1.5158,8801.78,184434.607,0.4284,1.3,58.4186,8.7634,4258212.826
688188.SH,2024-05-21,206.27,208.79,203.64,204.7,207.26,-2.56,-1.2352,8019.55,165057.131,0.3903,1.16,57.697,8.6551,4205616.9328
688188.SH,2024-05-22,204.7,209.7,204.7,208.45,204.7,3.75,1.8319,9153.17,190365.384,0.4455,1.23,58.754,8.8137,4282661.6983
688188.SH,2024-05-23,207.95,208.02,200.11,200.58,208.45,-7.87,-3.7755,12993.8,262369.324,0.6324,1.49,56.5357,8.4809,4120970.4171
688188.SH,2024-05-24,200.0,201.25,190.18,190.99,200.58,-9.59,-4.7811,18091.31,351350.071,0.8806,1.88,53.8327,8.0754,3923941.2701
688188.SH,2024-05-27,189.0,197.99,189.0,197.53,190.99,6.54,3.4243,15123.12,291936.139,0.7361,1.33,55.6761,8.3519,4058307.3411
688188.SH,2024-05-28,200.0,203.46,194.1,194.98,197.53,-2.55,-1.2909,9115.13,178407.295,0.4437,0.72,54.9573,8.2441,4005916.9006
688188.SH,2024-05-29,193.0,197.88,192.98,193.0,194.98,-1.98,-1.0155,9677.31,188731.467,0.471,0.75,54.3992,8.1604,3965237.2644
688188.SH,2024-05-30,193.49,195.99,192.17,195.0,193.0,2.0,1.0363,6868.85,133697.119,0.3343,0.53,54.9629,8.245,4006327.806
688188.SH,2024-05-31,197.6,201.5,195.01,199.66,195.0,4.66,2.3897,13518.2,268988.812,0.658,1.15,56.2764,8.442,4102068.7679
688188.SH,2024-06-03,197.52,202.0,193.32,194.97,199.66,-4.69,-2.349,12972.78,255119.192,0.6314,1.19,54.9545,8.2437,4005711.4479
688188.SH,2024-06-04,195.0,200.5,193.51,200.18,194.97,5.21,2.6722,9656.37,191000.067,0.47,0.93,56.423,8.464,4112752.3087
688188.SH,2024-06-05,199.96,203.35,198.61,199.87,200.18,-0.31,-0.1549,5816.68,116954.531,0.2831,0.55,56.3356,8.4509,4106383.2748
688188.SH,2024-06-06,198.99,201.84,197.09,197.5,199.87,-2.37,-1.1858,7509.92,149227.034,0.3655,0.77,55.6676,8.3507,4057690.983
688188.SH,2024-06-07,198.68,201.12,194.78,196.12,197.5,-1.38,-0.6987,6760.48,133370.326,0.3291,0.68,55.2786,8.2923,4029338.5093
688188.SH,2024-06-11,195.79,195.88,190.0,193.53,196.12,-2.59,-1.3206,8586.79,164732.07,0.4179,1.01,54.5486,8.1828,3976126.2579
688188.SH,2024-06-12,193.97,195.3,188.38,189.88,193.53,-3.65,-1.886,10821.51,206158.43,0.5267,1.41,53.5198,8.0285,3901136.0195
688188.SH,2024-06-13,191.37,195.12,189.41,193.42,189.88,3.54,1.8643,9574.43,184969.377,0.466,1.21,54.5176,8.1782,3973866.2781
688188.SH,2024-06-14,192.52,197.91,190.6,197.91,193.42,4.49,2.3214,10020.4,195641.934,0.4877,1.16,55.7832,8.368,4066114.544
688188.SH,2024-06-17,196.97,202.95,196.1,200.2,197.91,2.29,1.1571,8774.93,176009.498,0.4271,0.96,56.4286,8.4648,4113163.2142
688188.SH,2024-06-18,200.2,201.24,191.7,192.64,200.2,-7.56,-3.7762,9217.81,179111.265,0.4487,0.96,54.2978,8.1452,3957840.9669
688188.SH,2024-06-19,192.8,193.0,183.11,184.19,192.64,-8.45,-4.3864,12482.11,231661.914,0.6075,1.29,51.916,7.7879,3784233.4287
688188.SH,2024-06-20,184.22,194.53,184.19,192.82,184.19,8.63,4.6854,12907.47,247294.895,0.6282,1.29,54.3485,8.1528,3961539.1157
688188.SH,2024-06-21,192.0,194.2,188.3,190.4,192.82,-2.42,-1.2551,7432.41,141473.144,0.3618,0.7,53.6664,8.0505,3911819.5603
688188.SH,2024-06-24,188.58,192.16,185.03,186.57,190.4,-3.83,-2.0116,11271.48,212542.155,0.5486,1.11,52.5869,7.8885,3833131.1732
688188.SH,2024-06-25,187.25,188.49,183.49,186.13,186.57,-0.44,-0.2358,13049.27,242271.719,0.6351,1.22,52.4628,7.8699,3824091.254
688188.SH,2024-06-26,185.11,189.0,184.01,186.15,186.13,0.02,0.0107,11143.22,206788.395,0.5424,0.98,52.4685,7.8708,3824502.1594
688188.SH,2024-06-27,186.09,186.88,183.69,185.04,186.15,-1.11,-0.5963,11765.66,218065.494,0.5727,1.05,52.1556,7.8238,3801696.9088
688188.SH,2024-06-28,184.56,187.59,183.4,184.55,185.04,-0.49,-0.2648,5775.01,107069.379,0.2811,0.53,52.0175,7.8031,3791629.7261
688188.SH,2024-07-01,183.56,187.96,182.6,183.0,184.55,-1.55,-0.8399,6922.01,128532.014,0.3369,0.65,51.5806,7.7376,3759784.5564
688188.SH,2024-07-02,183.04,185.8,181.53,182.77,183.0,-0.23,-0.1257,6634.84,121472.344,0.3229,0.68,51.5158,7.7279,3755059.1441
688188.SH,2024-07-03,182.14,185.38,181.81,183.28,182.77,0.51,0.279,5831.05,107078.796,0.2838,0.69,51.6595,7.7494,3765537.2322
688188.SH,2024-07-04,183.26,184.68,177.25,177.72,183.28,-5.56,-3.0336,8385.78,149943.558,0.4082,1.14,50.0924,7.5143,3651305.5266
688188.SH,2024-07-05,178.9,180.42,173.5,180.36,177.72,2.64,1.4855,9136.06,161378.081,0.4447,1.36,50.8365,7.626,3705545.0415
688188.SH,2024-07-08,179.06,179.98,171.11,172.55,180.36,-7.81,-4.3302,13209.96,229558.841,0.643,1.79,48.6352,7.2957,3545086.4765
688188.SH,2024-07-09,171.64,173.57,169.33,172.17,172.55,-0.38,-0.2202,9914.64,170023.158,0.4826,1.15,48.5281,7.2797,3537279.2736
688188.SH,2024-07-10,170.71,173.87,168.22,169.89,172.17,-2.28,-1.3243,8236.42,140065.259,0.4009,0.89,47.8854,7.1833,3490436.0562
688188.SH,2024-07-11,171.01,172.91,167.04,168.11,169.89,-1.78,-1.0477,12965.72,219629.654,0.6311,1.33,47.3837,7.108,3453865.4742
688188.SH,2024-07-12,167.51,167.51,163.36,163.36,168.11,-4.75,-2.8255,10699.18,175993.897,0.5208,1.0,46.0449,6.9072,3356275.4379
688188.SH,2024-07-15,164.0,166.48,160.68,164.43,163.36,1.07,0.655,7788.85,127948.696,0.3791,0.71,46.3464,6.9524,3378258.8776
688188.SH,2024-07-16,163.56,164.68,160.77,162.05,164.43,-2.38,-1.4474,7242.83,117268.768,0.3525,0.73,45.6756,6.8518,3329361.1331
688188.SH,2024-07-17,161.05,163.66,157.62,158.0,162.05,-4.05,-2.4992,7474.16,118946.454,0.3638,0.8,44.5341,6.6805,3246152.7864
688188.SH,2024-07-18,157.4,159.2,155.32,158.14,158.0,0.14,0.0886,5969.57,94088.71,0.2906,0.65,44.5735,6.6865,3249029.1243
688188.SH,2024-07-19,157.37,158.42,155.22,155.73,158.14,-2.41,-1.524,9545.67,149123.791,0.4646,1.22,43.8943,6.5846,3199515.0217
688188.SH,2024-07-22,156.0,157.83,152.2,153.15,155.73,-2.58,-1.6567,9330.04,143570.231,0.4541,1.23,43.1671,6.4755,3146508.223
688188.SH,2024-07-23,153.3,153.3,143.35,143.4,153.15,-9.75,-6.3663,18090.56,265038.731,0.8805,2.29,40.4189,6.0632,2946191.8327
688188.SH,2024-07-24,142.41,144.99,138.66,139.04,143.4,-4.36,-3.0404,13027.41,183577.922,0.6341,1.29,39.19,5.8789,2856614.452
688188.SH,2024-07-25,137.89,143.18,136.82,139.9,139.04,0.86,0.6185,13413.58,187973.774,0.6529,1.2,39.4324,5.9152,2874283.3849
688188.SH,2024-07-26,139.9,142.14,137.3,141.0,139.9,1.1,0.7863,6617.49,92643.515,0.3221,0.52,39.7424,5.9618,2896883.1828
688188.SH,2024-07-29,140.55,141.9,139.05,140.19,141.0,-0.81,-0.5745,8063.84,113292.377,0.3925,0.67,39.5141,5.9275,2880241.5135
688188.SH,2024-07-30,139.89,139.89,135.79,137.51,140.19,-2.68,-1.9117,11262.21,154762.992,0.5482,0.95,38.7587,5.8142,2825180.1877
688188.SH,2024-07-31,138.1,147.1,136.28,146.49,137.51,8.98,6.5304,15508.45,223120.018,0.7548,1.48,41.2899,6.1939,3009676.7195
688188.SH,2024-08-01,146.49,148.9,144.08,144.52,146.49,-1.97,-1.3448,10755.42,156554.984,0.5235,0.98,40.7346,6.1106,2969202.536
688188.SH,2024-08-02,143.72,145.04,139.62,140.97,144.52,-3.55,-2.4564,11630.2,165042.179,0.5661,1.11,39.734,5.9605,2896266.8247
688188.SH,2024-08-05,140.08,144.8,137.73,138.64,140.97,-2.33,-1.6528,9915.73,139261.485,0.4826,0.87,39.0772,5.862,2848396.3437
688188.SH,2024-08-06,140.03,140.97,138.2,140.42,138.64,1.78,1.2839,6459.5,90072.213,0.3144,0.55,39.579,5.9372,2884966.9257
688188.SH,2024-08-07,139.71,140.88,137.8,139.31,140.42,-1.11,-0.7905,6446.07,89747.074,0.3137,0.59,39.2661,5.8903,2862161.6751
688188.SH,2024-08-08,139.31,146.0,137.89,144.11,139.31,4.8,3.4456,13324.92,191083.961,0.6486,1.47,40.619,6.0932,2960778.975
688188.SH,2024-08-09,144.92,148.8,143.73,145.83,144.11,1.72,1.1935,14099.91,206481.421,0.6863,1.48,41.1038,6.166,2996116.8408
688188.SH,2024-08-12,144.6,151.38,144.32,148.96,145.83,3.13,2.1463,13752.15,204536.262,0.6694,1.37,41.9861,6.2983,3060423.5384
688188.SH,2024-08-13,148.96,150.47,147.52,149.12,148.96,0.16,0.1074,8613.62,128229.068,0.4193,0.8,42.0311,6.3051,3063710.7817
688188.SH,2024-08-14,149.06,149.06,145.22,145.95,149.12,-3.17,-2.1258,6715.56,98261.756,0.3269,0.6,41.1376,6.171,2998582.2733
688188.SH,2024-08-15,146.0,152.98,146.0,150.24,145.95,4.29,2.9394,13693.13,205863.967,0.6665,1.21,42.3468,6.3524,3086721.485
688188.SH,2024-08-16,149.2,154.88,147.75,154.09,150.24,3.85,2.5626,15502.54,237198.387,0.7546,1.36,43.432,6.5152,3165820.7776
688188.SH,2024-08-19,154.63,158.05,154.38,157.04,154.09,2.95,1.9145,11591.68,181898.894,0.5642,0.99,44.2635,6.64,3226429.3264
688188.SH,2024-08-20,157.0,159.85,154.88,155.77,157.04,-1.27,-0.8087,10627.81,166398.983,0.5173,0.95,43.9055,6.1989,3200336.8325
688188.SH,2024-08-21,154.8,155.07,150.78,153.3,155.77,-2.47,-1.5857,10609.79,162097.596,0.5164,0.91,43.2093,6.1006,3149590.0136
688188.SH,2024-08-22,153.2,155.3,149.48,152.88,153.3,-0.42,-0.274,8388.74,128459.763,0.4083,0.68,43.0909,6.0839,3140960.9999
688188.SH,2024-08-23,153.8,157.03,151.57,157.0,152.88,4.12,2.6949,7351.12,113929.895,0.3578,0.65,44.2522,6.2479,3225607.5156
688188.SH,2024-08-26,156.01,157.48,152.2,154.0,157.0,-3.0,-1.9108,7410.91,114332.865,0.3607,0.76,43.4066,6.1285,3163971.7032
688188.SH,2024-08-27,153.46,154.5,151.7,153.58,154.0,-0.42,-0.2727,5361.43,81961.751,0.261,0.6,43.2883,6.1118,3155342.6895
688188.SH,2024-08-28,152.91,155.31,151.5,154.88,153.58,1.3,0.8465,4838.93,74274.831,0.2355,0.62,43.6547,6.1635,3182051.5415
688188.SH,2024-08-29,154.61,159.38,153.59,158.41,154.88,3.53,2.2792,5809.12,91428.701,0.2827,0.87,44.6496,6.304,3254576.3474
688188.SH,2024-08-30,159.86,164.99,156.51,161.69,158.41,3.28,2.0706,9357.33,151121.329,0.4554,1.52,45.5741,6.4345,3321964.8357
688188.SH,2024-09-02,161.0,162.72,154.05,154.31,161.69,-7.38,-4.5643,10511.79,164112.741,0.5116,1.6,43.494,6.1408,3170340.7371
688188.SH,2024-09-03,154.0,158.31,153.74,157.07,154.31,2.76,1.7886,5647.34,88583.76,0.2749,0.79,44.2719,6.2507,3227045.6846
688188.SH,2024-09-04,156.38,158.49,154.38,156.66,157.07,-0.41,-0.261,4236.91,66482.402,0.2062,0.59,44.1564,6.2343,3218622.1235
688188.SH,2024-09-05,157.58,162.49,155.75,160.65,156.66,3.99,2.5469,7403.85,118676.74,0.3604,1.04,45.281,6.3931,3300597.754
688188.SH,2024-09-06,160.94,169.14,159.91,165.65,160.65,5.0,3.1124,11023.56,183320.021,0.5365,1.48,46.6903,6.5921,3403324.108
688188.SH,2024-09-09,164.31,167.49,163.75,166.5,165.65,0.85,0.5131,7632.78,126367.552,0.3715,0.98,46.9299,6.6259,3420787.5882
688188.SH,2024-09-10,164.5,171.01,163.28,169.23,166.5,2.73,1.6396,6478.18,108101.758,0.3153,0.9,47.6994,6.7346,3476876.1775
688188.SH,2024-09-11,168.23,171.87,167.92,170.34,169.23,1.11,0.6559,5097.28,86565.049,0.2481,0.69,48.0122,6.7787,3499681.4281
688188.SH,2024-09-12,170.97,172.5,167.66,169.99,170.34,-0.35,-0.2055,5711.24,97220.413,0.278,0.76,47.9136,6.7648,3492490.5833
688188.SH,2024-09-13,169.6,174.57,167.83,169.19,169.99,-0.8,-0.4706,11168.04,191037.528,0.5436,1.55,47.6881,6.733,3476054.3667
688188.SH,2024-09-18,168.88,174.88,168.16,171.1,169.19,1.91,1.1289,8283.25,142090.653,0.4032,1.15,48.2265,6.809,3515295.8339
688188.SH,2024-09-19,172.21,173.1,167.5,167.87,171.1,-3.23,-1.8878,8138.72,137861.326,0.3961,1.11,47.316,6.6804,3448934.6092
688188.SH,2024-09-20,169.3,169.7,164.0,166.0,167.87,-1.87,-1.114,9939.22,164974.273,0.4838,1.29,46.789,6.606,3410514.9528
688188.SH,2024-09-23,165.85,166.5,155.63,157.11,166.0,-8.89,-5.3554,16551.26,263398.567,0.8056,1.91,44.2832,6.2522,3227867.4954
688188.SH,2024-09-24,158.88,162.96,153.12,162.67,157.11,5.56,3.5389,17679.96,279375.315,0.8605,1.63,45.8504,6.4735,3342099.201
688188.SH,2024-09-25,162.67,167.43,162.03,165.32,162.67,2.65,1.6291,10931.67,180596.367,0.5321,0.9,46.5973,6.579,3396544.1687
688188.SH,2024-09-26,164.63,173.58,159.21,172.71,165.32,7.39,4.4701,9280.45,154214.504,0.4517,0.73,48.6803,6.8731,3548373.7199
688188.SH,2024-09-27,174.0,181.0,173.99,181.0,172.71,8.29,4.8,4973.93,88570.21,0.2421,0.39,51.0169,7.203,3718694.0148
688188.SH,2024-09-30,190.0,217.0,190.0,210.71,181.0,29.71,16.4144,22498.0,463940.484,1.095,1.89,59.391,8.3853,4329094.0103
688188.SH,2024-10-08,251.98,251.98,226.0,235.06,210.71,24.35,11.5562,29194.08,687859.925,1.421,2.23,66.2543,9.3543,4829371.3542
688188.SH,2024-10-09,230.06,248.0,200.0,236.5,235.06,1.44,0.6126,25933.02,603955.527,1.2622,1.69,66.6602,9.4116,4858956.5442
688188.SH,2024-10-10,239.92,239.92,220.5,224.5,236.5,-12.0,-5.074,20116.13,459393.046,0.9791,1.09,63.2779,8.9341,4612413.2946
688188.SH,2024-10-11,228.39,228.39,208.42,212.0,224.5,-12.5,-5.5679,14668.38,314703.093,0.714,0.71,59.7546,8.4366,4355597.4096
688188.SH,2024-10-14,216.0,216.0,203.0,210.99,212.0,-1.01,-0.4764,12712.65,264892.039,0.6188,0.57,59.4699,8.3964,4334846.6861
688188.SH,2024-10-15,208.0,211.5,205.0,205.1,210.99,-5.89,-2.7916,8774.6,183166.786,0.4271,0.43,57.8097,8.162,4213835.0411
688188.SH,2024-10-16,202.0,207.8,200.0,200.19,204.38,-4.19,-2.0501,7415.28,150472.399,0.3609,0.45,56.4258,8.201,4112957.7615
688188.SH,2024-10-17,201.44,203.86,198.25,199.9,200.19,-0.29,-0.1449,9704.88,195084.869,0.4724,0.76,56.3441,8.1891,4106999.6329
688188.SH,2024-10-18,200.0,223.99,199.03,215.0,199.9,15.1,7.5538,20245.12,428375.398,0.9854,1.9,60.6002,8.8077,4417233.222
688188.SH,2024-10-21,214.08,216.74,207.57,208.5,215.0,-6.5,-3.0233,16116.43,340999.959,0.7844,1.37,58.7681,8.5414,4283688.9618
688188.SH,2024-10-22,207.0,209.0,202.31,203.4,208.5,-5.1,-2.446,12507.71,256081.281,0.6088,1.0,57.3306,8.3325,4178908.0807
688188.SH,2024-10-23,203.37,207.7,198.03,200.11,203.4,-3.29,-1.6175,12366.86,251526.529,0.6019,0.94,56.4033,8.1977,4111314.1398
688188.SH,2024-10-24,198.11,201.66,195.18,196.11,200.11,-4.0,-1.9989,8581.89,169243.047,0.4177,0.6,55.2758,8.0338,4029133.0566
688188.SH,2024-10-25,197.58,201.96,194.55,197.78,196.11,1.67,0.8516,11113.81,220308.313,0.5409,0.8,55.7465,8.1022,4063443.6588
688188.SH,2024-10-28,198.13,198.13,189.67,195.09,197.78,-2.69,-1.3601,13727.34,265900.147,0.6682,1.13,54.9883,7.8429,4008176.8804
688188.SH,2024-10-29,194.99,197.77,190.92,191.79,195.09,-3.3,-1.6915,11391.99,221224.636,0.5545,0.98,54.0582,7.7103,3940377.4867
688188.SH,2024-10-30,191.93,196.48,188.0,190.71,191.79,-1.08,-0.5631,8908.04,170622.078,0.4336,0.78,53.7538,7.6668,3918188.5943
688188.SH,2024-10-31,190.69,192.5,187.0,188.71,190.71,-2.0,-1.0487,11651.6,220499.029,0.5671,1.08,53.19,7.5864,3877098.0527
688188.SH,2024-11-01,188.25,193.99,186.64,190.26,188.71,1.55,0.8214,11807.0,224999.329,0.5747,1.04,53.6269,7.6487,3908943.2224
688188.SH,2024-11-04,192.0,194.77,190.13,191.7,190.26,1.44,0.7569,9281.1,178126.451,0.4517,0.81,54.0328,7.7066,3938528.4124
688188.SH,2024-11-05,191.63,207.0,188.51,203.01,191.7,11.31,5.8998,17265.19,342323.146,0.8403,1.63,57.2207,8.1613,4170895.4251
688188.SH,2024-11-06,203.04,206.66,196.5,197.16,203.01,-5.85,-2.8816,15554.38,311429.194,0.7571,1.32,55.5718,7.9261,4050705.5909
688188.SH,2024-11-07,196.08,198.36,191.45,197.29,197.16,0.13,0.0659,10975.61,215569.773,0.5342,0.84,55.6084,7.9314,4053376.4761
688188.SH,2024-11-08,200.63,208.87,200.43,203.27,197.29,5.98,3.0311,18512.42,379716.52,0.9011,1.43,57.2939,8.1718,4176237.1955
688188.SH,2024-11-11,202.56,206.5,197.59,204.08,203.27,0.81,0.3985,17782.59,360190.252,0.8655,1.24,57.5222,8.2043,4192878.8649
688188.SH,2024-11-12,204.1,212.57,203.33,205.7,204.08,1.62,0.7938,16460.45,341532.543,0.8012,1.03,57.9789,8.2695,4226162.2036
688188.SH,2024-11-13,205.7,209.6,201.0,204.17,205.7,-1.53,-0.7438,12174.6,248594.315,0.5926,0.77,57.5476,8.2079,4194727.9392
688188.SH,2024-11-14,203.46,207.57,197.01,197.6,204.17,-6.57,-3.2179,12931.09,260476.577,0.6294,0.85,55.6958,7.9438,4059745.5101
688188.SH,2024-11-15,197.77,199.52,191.62,192.0,197.6,-5.6,-2.834,10644.99,206869.717,0.5181,0.68,54.1174,7.7187,3944691.9936
688188.SH,2024-11-18,192.45,196.37,187.04,188.38,192.0,-3.62,-1.8854,10413.66,199655.604,0.5069,0.74,53.097,7.5732,3870318.1133
688188.SH,2024-11-19,190.0,195.27,188.54,194.61,188.38,6.23,3.3071,8385.89,161322.07,0.4082,0.67,54.853,7.8236,3998315.1504
688188.SH,2024-11-20,194.61,196.0,191.7,195.02,194.61,0.41,0.2107,7025.39,136444.177,0.3419,0.64,54.9686,7.8401,4006738.7114
688188.SH,2024-11-21,193.5,195.91,187.6,188.89,195.02,-6.13,-3.1433,14670.88,278139.461,0.7141,1.48,53.2408,7.5937,3880796.2014
688188.SH,2024-11-22,188.08,190.24,181.35,181.35,188.89,-7.54,-3.9917,11616.93,215416.416,0.5654,1.14,51.1155,7.2905,3725884.8596
688188.SH,2024-11-25,181.87,188.89,181.05,186.39,181.35,5.04,2.7792,12573.45,233167.878,0.612,1.21,52.5361,7.4932,3829433.0244
688188.SH,2024-11-26,185.66,188.47,181.71,181.93,186.39,-4.46,-2.3928,6400.67,117972.162,0.3115,0.59,51.279,7.3139,3737801.1166
688188.SH,2024-11-27,181.36,183.86,178.7,183.15,181.93,1.22,0.6706,11302.26,204749.697,0.5501,1.08,51.6229,7.3629,3762866.347
688188.SH,2024-11-28,183.0,183.56,178.7,179.6,183.15,-3.55,-1.9383,9013.6,163467.351,0.4387,0.8,50.6223,7.2202,3689930.6357
688188.SH,2024-11-29,178.5,182.8,178.01,180.11,179.6,0.51,0.284,13909.03,251008.742,0.677,1.37,50.766,7.2407,3700408.7238
688188.SH,2024-12-02,178.9,186.5,178.9,181.81,180.11,1.7,0.9439,15760.8,287528.384,0.7671,1.48,51.2452,7.309,3735335.6841
688188.SH,2024-12-03,182.0,182.43,177.67,178.76,181.81,-3.05,-1.6776,13022.39,233583.996,0.6338,1.15,50.3855,7.1864,3672672.6082
688188.SH,2024-12-04,179.2,179.79,174.07,175.57,178.76,-3.19,-1.7845,13991.93,246969.004,0.681,1.11,49.4864,7.0582,3607133.1944
688188.SH,2024-12-05,175.26,185.89,175.0,183.5,175.57,7.93,4.5167,20862.71,379341.947,1.0155,1.59,51.7215,7.377,3770057.1918
688188.SH,2024-12-06,184.96,186.0,181.21,183.52,183.5,0.02,0.0109,13617.98,250010.082,0.6628,0.88,51.7272,7.3778,3770468.0972
688188.SH,2024-12-09,183.12,185.22,180.26,181.87,183.52,-1.65,-0.8991,8886.43,162272.419,0.4325,0.58,51.2621,7.3115,3736568.4004
688188.SH,2024-12-10,190.65,196.37,188.71,189.9,181.87,8.03,4.4152,19198.5,368685.913,0.9344,1.36,53.5255,7.6343,3901546.9249
688188.SH,2024-12-11,189.08,193.66,188.71,191.01,189.9,1.11,0.5845,10467.73,200353.45,0.5095,0.68,53.8383,7.6789,3924352.1755
688188.SH,2024-12-12,191.73,192.12,189.1,190.43,191.01,-0.58,-0.3036,6541.57,124346.457,0.3184,0.45,53.6748,7.6556,3912435.9184
688188.SH,2024-12-13,189.29,192.5,188.5,190.4,190.43,-0.03,-0.0158,11094.95,211642.017,0.54,0.94,53.6664,7.6544,3911819.5603
688188.SH,2024-12-16,190.07,191.69,178.28,181.58,190.4,-8.82,-4.6324,17309.74,315360.535,0.8425,1.54,51.1804,7.2998,3730610.2719
688188.SH,2024-12-17,180.66,187.68,180.16,184.81,181.58,3.23,1.7788,11089.41,204952.919,0.5398,0.86,52.0908,7.4296,3796971.4965
688188.SH,2024-12-18,185.17,186.49,182.6,183.53,184.81,-1.28,-0.6926,7493.21,137972.497,0.3647,0.66,51.73,7.3782,3770673.5499
688188.SH,2024-12-19,182.69,183.54,180.22,181.0,183.53,-2.53,-1.3785,8693.91,157985.565,0.4232,0.81,51.0169,7.2765,3718694.0148
688188.SH,2024-12-20,180.57,182.37,178.59,180.0,181.0,-1.0,-0.5525,10407.36,187651.835,0.5066,0.93,50.735,7.2363,3698148.744
688188.SH,2024-12-23,179.01,182.0,177.56,177.7,180.0,-2.3,-1.2778,7497.32,134339.963,0.3649,0.68,50.0867,7.1438,3650894.6212
688188.SH,2024-12-24,178.45,179.5,176.0,178.56,177.7,0.86,0.484,6287.58,112037.485,0.306,0.7,50.3291,7.1784,3668563.554
688188.SH,2024-12-25,178.79,185.79,175.47,182.62,178.56,4.06,2.2737,12344.98,224644.205,0.6009,1.53,51.4735,7.3416,3751977.3535
688188.SH,2024-12-26,182.35,183.79,178.8,183.48,182.62,0.86,0.4709,12059.08,218969.483,0.587,1.33,51.7159,7.3762,3769646.2864
688188.SH,2024-12-27,182.1,184.99,179.5,179.51,183.48,-3.97,-2.1637,8861.3,161455.701,0.4313,0.91,50.5969,7.2166,3688081.5613
688188.SH,2024-12-30,181.01,197.49,181.01,191.49,179.51,11.98,6.6737,28231.52,542633.113,1.3741,3.0,53.9736,7.6982,3934213.9055
688188.SH,2024-12-31,191.49,196.49,190.11,194.25,191.49,2.76,1.4413,20896.46,406554.017,1.0171,1.54,54.7515,7.8091,3990918.8529
688188.SH,2025-01-02,193.99,196.96,186.7,189.18,194.25,-5.07,-2.61,20351.81,390317.194,0.9906,1.24,53.3225,7.6053,3886754.3299
688188.SH,2025-01-03,192.31,200.5,188.92,196.0,189.18,6.82,3.605,22494.26,441292.038,1.0949,1.24,55.2448,7.8795,4026873.0768
688188.SH,2025-01-06,195.49,198.5,186.51,189.1,196.0,-6.9,-3.5204,15567.91,299699.814,0.7577,0.77,53.3,7.6021,3885110.7083
688188.SH,2025-01-07,189.08,192.0,186.66,190.39,189.1,1.29,0.6822,11770.26,223088.084,0.5729,0.55,53.6636,7.654,3911614.1076
688188.SH,2025-01-08,189.3,198.49,188.0,196.27,190.39,5.88,3.0884,15718.74,304279.895,0.7651,0.86,55.3209,7.8904,4032420.2999
688188.SH,2025-01-09,195.42,196.66,188.01,192.68,196.27,-3.59,-1.8291,12687.43,245091.824,0.6175,0.74,54.3096,7.7461,3958708.0961
688188.SH,2025-01-10,192.31,192.88,178.78,178.8,192.68,-13.88,-7.2037,21672.2,400126.366,1.0549,1.39,50.3974,7.1881,3673536.4728
688188.SH,2025-01-13,176.9,182.6,176.02,180.01,178.8,1.21,0.6767,10646.48,191528.367,0.5182,0.69,50.7384,7.2368,3698396.5351
688188.SH,2025-01-14,180.22,194.33,179.01,194.29,180.01,14.28,7.9329,17223.3,323507.066,0.8383,1.19,54.7634,7.8108,3991786.3607
688188.SH,2025-01-15,192.0,195.0,190.01,190.57,194.29,-3.72,-1.9147,10815.54,208199.783,0.5264,0.69,53.7149,7.6612,3915357.0784
688188.SH,2025-01-16,190.57,193.7,189.13,192.99,190.57,2.42,1.2699,10319.58,198125.278,0.5023,0.71,54.397,7.7585,3965077.2029
688188.SH,2025-01-17,192.0,195.8,191.07,192.43,192.99,-0.56,-0.2902,7310.99,141416.055,0.3558,0.52,54.2392,7.736,3953571.7196
688188.SH,2025-01-20,194.05,197.76,192.45,193.3,192.43,0.87,0.4521,8572.1,167313.761,0.4172,0.76,54.4844,7.771,3971446.3098
688188.SH,2025-01-21,195.31,203.38,193.0,202.74,193.3,9.44,4.8836,15129.97,301200.186,0.7364,1.39,57.1452,8.1505,4165395.8864
688188.SH,2025-01-22,203.0,204.84,198.01,199.97,202.74,-2.77,-1.3663,8370.98,167435.148,0.4074,0.8,56.3644,8.0391,4108484.8348
688188.SH,2025-01-23,202.23,203.27,197.56,198.0,199.97,-1.97,-0.9851,9282.29,186092.217,0.4518,0.93,55.8092,7.9599,4068010.188
688188.SH,2025-01-24,198.5,200.56,195.33,197.13,198.0,-0.87,-0.4394,7902.4,156076.835,0.3846,0.81,55.5639,7.925,4050135.5978
688188.SH,2025-01-27,197.0,201.97,195.28,199.14,197.13,2.01,1.0196,10941.36,217551.743,0.5325,1.11,56.1305,8.0058,4091432.0648
688188.SH,2025-02-05,198.92,201.4,192.2,193.34,199.14,-5.8,-2.9125,12020.37,234855.349,0.5851,1.16,54.4957,7.7726,3972268.13
688188.SH,2025-02-06,192.95,199.3,192.18,199.1,193.34,5.76,2.9792,11094.51,218079.98,0.54,1.14,56.1192,8.0042,4090610.2446
688188.SH,2025-02-07,199.5,205.48,198.0,202.05,199.1,2.95,1.4817,15809.12,320438.149,0.7695,1.54,56.9507,8.1228,4151219.4873
688188.SH,2025-02-10,202.16,205.94,198.09,204.5,202.05,2.45,1.2126,14473.33,294444.24,0.7045,1.25,57.6413,8.2213,4201555.977
688188.SH,2025-02-11,203.7,208.26,202.11,205.19,204.5,0.69,0.3374,11680.35,239951.651,0.5685,0.91,57.8358,8.249,4215732.3761
688188.SH,2025-02-12,204.43,210.88,202.5,204.14,205.19,-1.05,-0.5117,10830.92,222123.601,0.5272,0.83,57.5398,8.2068,4194159.5948
688188.SH,2025-02-13,203.66,205.87,193.0,193.65,204.14,-10.49,-5.1386,15090.46,299935.124,0.7345,1.18,54.5831,7.7851,3978637.2369
688188.SH,2025-02-14,193.98,199.77,193.65,199.0,193.65,5.35,2.7627,11953.21,236762.17,0.5818,0.88,56.091,8.0002,4088555.694
688188.SH,2025-02-17,200.84,203.5,196.88,199.68,199.0,0.68,0.3417,9647.32,193364.6,0.4696,0.75,56.2827,8.0275,4102526.6381
688188.SH,2025-02-18,199.63,205.0,198.47,200.54,199.68,0.86,0.4307,9258.47,187277.271,0.4506,0.78,56.5251,8.0621,4120195.7732
688188.SH,2025-02-19,199.55,206.98,198.01,204.5,200.54,3.96,1.9747,10674.09,217584.783,0.5195,0.94,57.6413,8.2213,4201555.977
688188.SH,2025-02-20,208.0,215.66,203.0,203.08,204.5,-1.42,-0.6944,16938.75,354919.885,0.8245,1.5,57.241,8.1642,4172381.3585
688188.SH,2025-02-21,205.07,224.58,198.01,219.45,203.08,16.37,8.0609,36730.43,785860.468,1.7878,3.14,61.8552,8.8223,4508711.2917
688188.SH,2025-02-24,217.34,219.8,212.38,214.0,219.45,-5.45,-2.4835,20073.62,431867.005,0.977,1.21,60.319,8.6032,4396738.284
688188.SH,2025-02-25,210.33,218.38,208.3,212.18,214.0,-1.82,-0.8505,18342.11,391067.181,0.8928,0.98,59.806,8.53,4359345.4631
688188.SH,2025-02-26,212.46,218.12,210.02,216.56,212.18,4.38,2.0643,19689.24,423821.038,0.9583,0.96,61.0406,8.7061,4449334.7794
688188.SH,2025-02-27,217.0,219.58,213.06,215.08,216.56,-1.48,-0.6834,17374.53,375327.423,0.8457,0.78,60.6234,8.6466,4418927.4305
688188.SH,2025-02-28,209.78,209.78,186.91,190.02,215.08,-25.06,-11.6515,40458.75,782413.745,1.9692,1.8,53.5599,7.6391,3904057.0501
688188.SH,2025-03-03,190.02,194.0,186.71,187.5,190.02,-2.52,-1.3262,23769.29,452163.049,1.1569,1.03,52.8496,7.5378,3852282.375
688188.SH,2025-03-04,186.98,190.66,184.28,189.13,187.5,1.63,0.8693,13902.4,259837.999,0.6767,0.58,53.309,7.6034,3885771.5498
688188.SH,2025-03-05,188.18,188.9,185.69,188.3,189.13,-0.83,-0.4389,11107.06,208141.11,0.5406,0.48,53.0751,7.57,3868718.7798
688188.SH,2025-03-06,189.5,191.28,184.5,190.56,188.3,2.26,1.2002,21794.44,408140.082,1.0608,1.02,53.7121,7.6608,3915151.6234
688188.SH,2025-03-07,188.71,189.69,186.51,187.5,190.56,-3.06,-1.6058,13269.77,249125.641,0.6459,0.6,52.8496,7.5378,3852282.375
688188.SH,2025-03-10,185.23,187.38,183.38,186.64,187.5,-0.86,-0.4587,11945.42,221714.713,0.5814,0.71,52.6072,7.5033,3834613.2398
688188.SH,2025-03-11,184.6,191.5,184.1,190.65,186.64,4.01,2.1485,14482.45,273794.209,0.7049,1.01,53.7375,7.6645,3917000.7189
688188.SH,2025-03-12,191.32,191.32,187.5,188.0,190.65,-2.65,-1.39,9114.97,171969.119,0.4436,0.63,52.9905,7.5579,3862555.128
688188.SH,2025-03-13,187.03,189.8,186.03,188.65,188.0,0.65,0.3457,9723.92,183034.784,0.4733,0.69,53.1737,7.5841,3875909.7069
688188.SH,2025-03-14,188.58,191.58,187.02,190.68,188.65,2.03,1.0761,10397.11,197461.959,0.5061,0.89,53.7459,7.6657,3917617.0841
688188.SH,2025-03-17,190.91,191.85,187.11,188.49,190.68,-2.19,-1.1485,12153.85,229381.03,0.5916,1.09,53.1286,7.5776,3872622.4259
688188.SH,2025-03-18,189.7,189.7,185.81,187.0,188.49,-1.49,-0.7905,11766.35,220417.618,0.5727,1.05,52.7087,7.5177,3842009.622
688188.SH,2025-03-19,186.77,186.77,183.45,185.01,187.0,-1.99,-1.0642,12514.59,230878.593,0.6091,1.18,52.1477,7.4377,3801124.0651
688188.SH,2025-03-20,184.52,185.47,183.55,185.0,185.01,-0.01,-0.0054,8908.66,164415.084,0.4336,0.79,52.1449,7.4373,3800918.61
688188.SH,2025-03-21,184.04,186.28,184.03,185.11,185.0,0.11,0.0595,11693.33,216607.058,0.5691,1.05,52.1759,7.4417,3803178.6157
688188.SH,2025-03-24,184.94,186.33,181.1,182.48,185.11,-2.63,-1.4208,9064.11,165404.342,0.4412,0.79,51.4346,7.336,3749143.9349
688188.SH,2025-03-25,183.0,183.0,181.31,182.71,182.48,0.23,0.126,5882.0,107175.585,0.2863,0.55,51.4995,7.3453,3753869.4013
688188.SH,2025-03-26,182.07,183.5,180.33,181.2,182.71,-1.51,-0.8264,6594.31,119817.528,0.321,0.69,51.0738,7.2846,3722845.6872
688188.SH,2025-03-27,180.42,185.22,178.89,183.21,181.2,2.01,1.1093,8796.05,160997.953,0.4281,1.04,51.6404,7.3654,3764142.1543
688188.SH,2025-03-28,183.51,185.28,182.81,183.0,183.21,-0.21,-0.1146,6291.78,115927.931,0.3062,0.75,51.5812,7.3569,3759827.598
688188.SH,2025-03-31,182.2,186.66,182.0,182.21,183.0,-0.79,-0.4317,8277.9,152437.603,0.4029,1.13,51.3585,7.3252,3743596.6483
688188.SH,2025-04-01,183.0,186.3,181.37,185.19,182.21,2.98,1.6355,6607.09,121697.277,0.3216,0.92,52.1985,7.445,3804822.2561
688188.SH,2025-04-02,184.67,187.5,182.0,183.58,185.19,-1.61,-0.8694,8892.93,163986.857,0.4328,1.22,51.7447,7.3802,3771743.9915
688188.SH,2025-04-03,182.5,183.98,177.05,180.0,183.58,-3.58,-1.9501,10810.45,193967.083,0.5262,1.39,41.8959,6.7639,3698191.08
688188.SH,2025-04-07,169.2,174.0,155.01,161.83,180.0,-18.17,-10.0944,14955.33,248676.429,0.7279,1.83,37.6667,6.0811,3324879.236
688188.SH,2025-04-08,163.99,170.88,161.87,170.87,161.83,9.04,5.5861,14763.63,246663.196,0.7186,1.49,39.7708,6.4208,3510610.6102
688188.SH,2025-04-09,169.76,176.59,167.32,175.99,170.87,5.12,2.9964,14674.93,253717.765,0.7143,1.31,40.9625,6.6132,3615803.6009
688188.SH,2025-04-10,177.06,180.0,173.11,173.71,175.99,-2.28,-1.2955,10182.84,178764.334,0.4956,0.79,40.4318,6.5276,3568959.8473
688188.SH,2025-04-11,172.03,176.93,171.17,176.45,173.71,2.74,1.5773,8631.85,150342.092,0.4201,0.66,41.0696,6.6305,3625254.5337
688188.SH,2025-04-14,177.0,177.98,172.81,173.46,176.45,-2.99,-1.6945,8582.69,149573.747,0.4177,0.68,40.3737,6.5182,3563823.4708
688188.SH,2025-04-15,172.46,173.46,169.52,172.31,173.46,-1.15,-0.663,6196.95,106195.429,0.3016,0.55,40.106,6.475,3540196.1389
688188.SH,2025-04-16,173.31,173.31,169.01,171.15,172.31,-1.16,-0.6732,6383.43,109049.242,0.3107,0.66,39.836,6.4314,3516363.3519
688188.SH,2025-04-17,170.21,175.5,169.81,173.77,171.15,2.62,1.5308,6475.09,112150.402,0.3152,0.81,40.4458,6.5298,3570192.5776
688188.SH,2025-04-18,173.01,175.2,172.16,173.48,173.77,-0.29,-0.1669,4660.25,80839.77,0.2268,0.64,40.3783,6.5189,3564234.3809
688188.SH,2025-04-21,173.15,178.8,171.2,177.91,173.48,4.43,2.5536,8701.58,152890.292,0.4235,1.35,41.4094,6.6854,3655250.9725
688188.SH,2025-04-22,184.96,193.51,183.89,190.15,177.91,12.24,6.8799,23970.92,454162.921,1.1667,3.7,44.2583,6.8107,3906727.9659
688188.SH,2025-04-23,191.27,193.95,189.69,191.54,190.15,1.39,0.731,10399.74,199038.027,0.5062,1.04,44.5819,6.8605,3935286.2192
688188.SH,2025-04-24,191.54,193.45,189.01,190.72,191.54,-0.82,-0.4281,7838.27,149679.698,0.3815,0.72,44.5074,6.849,3928712.6474
688188.SH,2025-04-25,190.72,191.72,187.96,189.01,190.72,-1.71,-0.8966,7347.92,139398.809,0.3576,0.66,44.1083,6.7876,3893487.7175
688188.SH,2025-04-28,188.23,191.53,187.77,190.07,189.01,1.06,0.5608,5706.85,108510.967,0.277,0.49,44.3557,6.7965,3915323.0542
688188.SH,2025-04-29,189.3,192.37,189.0,190.39,190.07,0.32,0.1684,5609.95,107280.913,0.2723,0.51,44.4304,6.808,3921914.8539
688188.SH,2025-04-30,190.68,194.38,190.2,194.2,190.39,3.81,2.0012,8120.87,157003.905,0.3942,1.1,45.3195,6.9442,4000398.4696
688188.SH,2025-05-06,194.38,194.94,192.02,192.75,194.2,-1.45,-0.7467,9104.45,176032.994,0.442,1.31,44.9811,6.8923,3970529.3771
688188.SH,2025-05-07,195.0,196.75,193.28,195.42,192.75,2.67,1.3852,7994.31,156186.703,0.3881,1.11,45.6042,6.9878,4025529.7062
688188.SH,2025-05-08,195.42,196.79,193.3,194.08,195.42,-1.34,-0.6857,5391.77,105045.734,0.2617,0.74,45.2915,6.9399,3997926.5447
688188.SH,2025-05-09,194.18,199.31,192.57,197.56,194.08,3.48,1.7931,7806.3,153982.917,0.379,1.08,46.1036,7.0643,4069612.367
688188.SH,2025-05-12,199.26,199.6,195.88,196.18,197.56,-1.38,-0.6985,6692.4,132158.07,0.3249,0.87,45.7816,7.015,4041185.2306
688188.SH,2025-05-13,197.13,197.83,193.0,197.42,196.18,1.24,0.6321,7772.95,151779.674,0.3773,1.05,46.0709,7.0593,4066728.4546
688188.SH,2025-05-14,196.66,198.98,196.66,198.28,197.42,0.86,0.4356,5885.6,116461.346,0.2857,0.83,46.2716,7.0901,4084443.9164
688188.SH,2025-05-15,198.33,200.58,196.6,197.78,198.28,-0.5,-0.2522,6189.7,123122.365,0.3005,0.92,46.1549,7.0722,4074144.2293
688188.SH,2025-05-16,197.41,197.91,194.8,195.78,197.78,-2.0,-1.0112,4636.67,90934.737,0.2251,0.67,45.6882,7.0007,4032945.4809
688188.SH,2025-05-19,195.99,195.99,192.5,193.73,195.78,-2.05,-1.0471,7080.13,137148.815,0.3437,1.14,45.2098,6.9274,3990716.7638
688188.SH,2025-05-20,194.66,194.78,191.57,193.0,193.73,-0.73,-0.3768,6459.51,124486.9,0.3136,1.02,45.0395,6.9013,3975679.2206
688188.SH,2025-05-21,193.0,194.67,191.22,193.2,193.0,0.2,0.1036,5826.89,112530.087,0.2829,0.96,45.0861,6.9084,3979799.0954
688188.SH,2025-05-22,193.0,195.88,192.59,194.01,193.2,0.81,0.4193,4341.73,84536.898,0.2108,0.72,45.2752,6.9374,3996484.5885
688188.SH,2025-05-23,193.68,195.87,190.86,190.94,194.01,-3.07,-1.5824,5289.76,102114.475,0.2568,0.93,44.5587,6.8276,3933244.5097
688188.SH,2025-05-26,191.34,193.82,190.49,193.23,190.94,2.29,1.1993,5220.69,100525.686,0.2534,0.9,45.0931,6.9095,3980417.0767
688188.SH,2025-05-27,193.0,194.1,192.01,193.03,193.23,-0.2,-0.1035,4878.89,94163.311,0.2368,0.9,45.0465,6.9024,3976297.2018
688188.SH,2025-05-28,192.97,195.83,192.8,195.11,193.03,2.08,1.0776,4632.97,90099.006,0.2249,0.91,45.5319,6.9767,4019143.9002
688188.SH,2025-05-29,194.55,196.67,192.28,193.32,195.11,-1.79,-0.9174,6974.91,135195.817,0.3386,1.43,45.1141,6.9127,3982271.0203
688188.SH,2025-05-30,193.32,194.97,188.82,188.82,193.32,-4.5,-2.3277,6808.86,130887.269,0.3305,1.26,44.064,6.7518,3889573.8364
688188.SH,2025-06-03,190.4,193.0,188.2,190.8,188.82,1.98,1.0486,8452.47,161501.636,0.4103,1.48,44.5261,6.8226,3930360.5974
688188.SH,2025-06-04,190.33,192.8,189.7,191.19,190.8,0.39,0.2044,5500.88,105263.535,0.267,0.87,44.6171,6.8366,3938394.3533
688188.SH,2025-06-05,191.19,199.43,190.81,199.0,191.19,7.81,4.0849,9943.94,195349.156,0.4827,1.54,46.4397,7.1158,4099275.4658
688188.SH,2025-06-06,199.0,200.19,197.0,200.0,199.0,1.0,0.5025,6239.2,124265.751,0.3029,0.83,46.673,7.1516,4119874.84
688188.SH,2025-06-09,141.31,141.31,137.39,139.5,141.31,-1.81,-1.2809,11363.92,157939.734,0.394,1.54,45.5762,7.5681,4023057.7841
688188.SH,2025-06-10,138.7,142.62,137.27,138.22,139.5,-1.28,-0.9176,12898.78,180122.154,0.4473,1.55,45.158,7.4986,3986143.7055
688188.SH,2025-06-11,138.2,138.72,136.66,137.92,138.22,-0.3,-0.217,7756.15,106865.245,0.2689,0.84,45.06,7.4823,3977491.9683
688188.SH,2025-06-12,137.6,139.36,137.46,138.2,137.92,0.28,0.203,6529.65,90277.123,0.2264,0.68,45.1515,7.4975,3985566.923
688188.SH,2025-06-13,137.51,139.8,136.86,139.5,138.2,1.3,0.9407,14118.44,195716.335,0.4896,1.58,45.5762,7.5681,4023057.7841
688188.SH,2025-06-16,138.98,140.59,137.75,139.01,139.5,-0.49,-0.3513,7612.16,105549.209,0.264,0.72,45.4161,7.5415,4008926.6133
688188.SH,2025-06-17,139.2,140.39,138.21,139.37,139.01,0.36,0.259,8316.21,115880.653,0.2884,0.85,45.5337,7.561,4019308.6979
688188.SH,2025-06-18,139.05,142.4,139.05,140.67,139.37,1.3,0.9328,7130.67,100629.091,0.2473,0.8,45.9585,7.6315,4056799.559
688188.SH,2025-06-19,140.0,141.28,138.5,139.86,140.67,-0.81,-0.5758,8126.33,113186.482,0.2818,0.93,45.6938,7.5876,4033439.8687
688188.SH,2025-06-20,139.17,139.67,131.01,131.96,139.86,-7.9,-5.6485,26427.42,351459.947,0.9164,2.92,43.1128,7.159,3805610.7898
688188.SH,2025-06-23,131.31,132.43,129.96,131.31,131.96,-0.65,-0.4926,10804.13,142074.326,0.3746,0.94,42.9004,7.1237,3786865.3593
688188.SH,2025-06-24,131.77,132.4,129.02,130.38,131.31,-0.93,-0.7082,15739.46,205515.605,0.5458,1.29,42.5966,7.0733,3760044.9741
688188.SH,2025-06-25,130.9,132.64,130.5,132.37,130.38,1.99,1.5263,11643.9,153411.653,0.4038,0.85,43.2468,7.1813,3817434.8306
688188.SH,2025-06-26,132.4,133.5,131.32,131.75,132.37,-0.62,-0.4684,8584.18,113561.992,0.2977,0.59,43.0442,7.1476,3799554.5738
688188.SH,2025-06-27,132.13,132.78,130.65,130.95,131.75,-0.8,-0.6072,8490.8,111490.47,0.2944,0.58,42.7828,7.1042,3776483.2747
688188.SH,2025-06-30,131.37,132.2,130.65,131.66,130.95,0.71,0.5422,8572.88,112772.437,0.2973,0.78,43.0148,7.1427,3796959.0527
688188.SH,2025-07-01,131.49,132.44,130.96,131.5,131.66,-0.16,-0.1215,11245.72,147814.597,0.3899,1.06,42.9625,7.1341,3792344.7929
688188.SH,2025-07-02,131.07,131.66,128.11,128.2,131.5,-3.3,-2.5095,9632.23,124605.565,0.334,0.99,41.8844,6.955,3697175.684
688188.SH,2025-07-03,128.42,132.7,128.42,132.48,128.2,4.28,3.3385,13330.17,175327.245,0.4622,1.43,43.2827,7.1872,3820607.1343
688188.SH,2025-07-04,132.44,132.8,130.33,131.11,132.48,-1.37,-1.0341,6079.09,79912.811,0.2108,0.59,42.8351,7.1129,3781097.5345
688188.SH,2025-07-07,130.22,131.41,128.38,129.06,131.11,-2.05,-1.5636,9201.91,119059.229,0.3191,0.94,42.1653,7.0017,3721977.3305
688188.SH,2025-07-08,128.91,130.8,128.68,129.92,129.06,0.86,0.6664,6167.36,80274.917,0.2139,0.62,42.4463,7.0483,3746778.9771
688188.SH,2025-07-09,130.8,130.8,128.86,129.31,129.92,-0.61,-0.4695,6938.44,89970.483,0.2406,0.78,42.247,7.0152,3729187.1115
688188.SH,2025-07-10,129.09,130.18,128.67,129.1,129.31,-0.21,-0.1624,5272.15,68125.348,0.1828,0.63,42.1784,7.0039,3723130.8955
688188.SH,2025-07-11,129.27,130.79,128.88,130.2,129.1,1.1,0.8521,7895.4,102738.486,0.2738,1.17,42.5378,7.0635,3754853.9318
688188.SH,2025-07-14,129.12,130.2,128.22,128.55,130.2,-1.65,-1.2673,7722.69,99632.995,0.2678,1.09,41.9987,6.974,3707269.3773
688188.SH,2025-07-15,128.55,130.78,126.32,130.64,128.55,2.09,1.6258,9285.5,120559.742,0.322,1.37,42.6815,7.0874,3767543.1463
688188.SH,2025-07-16,131.04,131.39,129.55,130.06,130.64,-0.58,-0.444,7984.14,104079.834,0.2769,1.08,42.492,7.0559,3750816.4544
688188.SH,2025-07-17,130.21,130.94,129.82,130.76,130.06,0.7,0.5382,7874.95,102670.71,0.2731,1.03,42.7207,7.0939,3771003.8412
688188.SH,2025-07-18,131.3,131.79,130.0,130.32,130.76,-0.44,-0.3365,5636.12,73498.222,0.1954,0.69,42.577,7.07,3758314.6266
688188.SH,2025-07-21,130.75,133.3,130.23,131.9,130.32,1.58,1.2124,12206.82,160501.039,0.4233,1.59,43.0932,7.1558,3803880.4424
688188.SH,2025-07-22,131.7,137.47,131.46,136.69,131.9,4.79,3.6315,16414.73,221849.046,0.5692,1.91,44.6581,7.4156,3942019.8459
688188.SH,2025-07-23,136.66,137.59,134.01,134.01,136.69,-2.68,-1.9606,10877.36,147210.328,0.3772,1.09,43.7826,7.2702,3864730.9938
688188.SH,2025-07-24,134.0,135.34,133.5,135.33,134.01,1.32,0.985,11382.17,152857.235,0.3947,1.07,44.2138,7.3418,3902798.6374
688188.SH,2025-07-25,135.83,137.47,133.07,134.34,135.33,-0.99,-0.7315,10412.91,139821.903,0.3611,0.92,43.8904,7.2881,3874247.9047
688188.SH,2025-07-28,135.11,136.39,133.81,134.01,134.34,-0.33,-0.2456,10114.88,136479.503,0.3507,0.83,43.7826,7.2702,3864730.9938
688188.SH,2025-07-29,134.05,135.2,133.2,134.25,134.01,0.24,0.1791,9689.07,129968.725,0.336,0.82,43.861,7.2832,3871652.3836
688188.SH,2025-07-30,134.27,137.26,133.61,134.7,134.25,0.45,0.3352,13451.67,181773.804,0.4664,1.28,44.008,7.3077,3884629.9893
688188.SH,2025-07-31,134.61,134.99,131.21,131.29,134.7,-3.41,-2.5316,12799.3,170105.317,0.4438,1.16,42.8939,7.1227,3786288.5768
688188.SH,2025-08-01,132.0,133.66,130.91,132.22,131.29,0.93,0.7084,10842.29,143470.072,0.376,0.96,43.1977,7.1731,3813108.9621
688188.SH,2025-08-04,132.0,133.92,131.0,132.65,132.22,0.43,0.3252,10833.97,143442.271,0.3757,0.95,43.3382,7.1964,3825509.7853
688188.SH,2025-08-05,132.8,136.25,132.25,136.0,132.65,3.35,2.5254,12131.75,163006.387,0.4207,1.05,44.4327,7.3782,3922120.8504
688188.SH,2025-08-06,136.33,138.8,135.13,137.61,136.0,1.61,1.1838,17887.16,245096.668,0.6202,1.49,44.9587,7.4655,3968551.8399
688188.SH,2025-08-07,137.27,138.28,132.52,133.01,137.61,-4.6,-3.3428,21630.64,289745.207,0.75,1.68,43.4558,7.216,3835891.8699
688188.SH,2025-08-08,132.95,133.98,131.4,131.78,133.01,-1.23,-0.9247,14634.27,193206.404,0.5074,1.0,43.054,7.1492,3800419.7475
688188.SH,2025-08-11,131.5,132.5,131.31,131.65,131.78,-0.13,-0.0986,11968.87,157748.231,0.415,0.78,43.0115,7.1422,3796670.6614
688188.SH,2025-08-12,131.72,131.83,130.03,130.6,131.65,-1.05,-0.7976,14505.96,189317.285,0.503,0.93,42.6685,7.0852,3766389.5813
688188.SH,2025-08-13,130.67,133.66,130.51,132.99,130.6,2.39,1.83,17811.49,235597.078,0.6176,1.1,43.4493,7.2149,3835315.0875
688188.SH,2025-08-14,133.02,135.47,132.14,134.2,132.99,1.21,0.9098,22877.68,305764.632,0.7933,1.42,43.8446,7.2805,3870210.4274
688188.SH,2025-08-15,134.22,136.5,132.8,136.3,134.2,2.1,1.5648,15125.72,204405.051,0.5245,0.92,44.5307,7.3945,3930772.5876
688188.SH,2025-08-18,136.54,140.29,135.55,138.8,136.3,2.5,1.8342,21312.59,293822.386,0.739,1.29,45.3475,7.5301,4002870.3973
688188.SH,2025-08-19,138.99,142.4,137.64,140.8,138.8,2.0,1.4409,32592.53,456333.996,1.1301,1.78,46.0009,7.6386,4060548.6451
688188.SH,2025-08-20,140.69,141.95,137.2,141.55,140.8,0.75,0.5327,20912.32,290971.121,0.7251,0.95,46.246,7.6793,4082177.988
688188.SH,2025-08-21,141.0,145.48,140.79,143.81,141.55,2.26,1.5966,22411.84,321126.203,0.7771,0.99,46.9843,7.8019,4147354.4081
688188.SH,2025-08-22,146.0,151.19,143.22,150.67,143.81,6.86,4.7702,40428.65,599581.969,1.4019,1.8,49.2256,7.6049,4345190.798
688188.SH,2025-08-25,154.66,159.93,148.0,149.5,150.67,-1.17,-0.7765,49525.29,757283.057,1.7173,1.8,48.8433,7.5458,4311449.0231
688188.SH,2025-08-26,149.03,154.0,148.58,152.2,149.5,2.7,1.806,25602.34,387665.937,0.8878,0.77,49.7254,7.6821,4389314.6576
688188.SH,2025-08-27,151.0,157.5,149.51,149.76,152.2,-2.44,-1.6032,39135.97,601025.822,1.357,1.23,48.9283,7.5589,4318947.1953
688188.SH,2025-08-28,149.39,153.53,146.85,153.31,149.76,3.55,2.3705,32550.02,488660.011,1.1287,0.92,50.0881,7.7381,4421326.0851
688188.SH,2025-08-29,155.53,156.81,151.06,153.1,153.31,-0.21,-0.137,28375.58,435414.54,0.9839,0.76,50.0195,7.7275,4415269.8691
688188.SH,2025-09-01,153.88,157.11,152.25,156.73,153.1,3.63,2.371,32111.35,498281.451,1.1135,0.92,51.2054,7.9108,4519955.8888
688188.SH,2025-09-02,155.36,157.0,147.55,149.26,156.73,-7.47,-4.7662,35186.17,531673.917,1.2201,1.12,48.7649,7.5337,4304527.6333
688188.SH,2025-09-03,149.35,150.5,144.41,145.29,149.26,-3.97,-2.6598,25126.33,368529.923,0.8713,0.75,47.4679,7.3333,4190036.3114
688188.SH,2025-09-04,144.56,145.28,135.8,137.38,145.29,-7.91,-5.4443,34608.27,483006.728,1.2,1.13,44.8836,6.9341,3961918.8414
688188.SH,2025-09-05,137.97,141.98,136.3,141.54,137.38,4.16,3.0281,27349.41,379905.0,0.9483,0.88,46.2427,7.1441,4081889.5968
688188.SH,2025-09-08,141.16,142.5,139.1,141.68,141.54,0.14,0.0989,26922.42,379735.855,0.9335,0.87,46.2884,7.1511,4085927.0742
688188.SH,2025-09-09,142.5,146.37,141.06,142.79,141.68,1.11,0.7835,29519.68,423092.51,1.0236,0.99,46.6511,7.2071,4117938.5017
688188.SH,2025-09-10,142.24,144.43,141.71,141.84,142.79,-0.95,-0.6653,18355.59,262839.619,0.6365,0.64,46.3407,7.1592,4090541.334
688188.SH,2025-09-11,141.9,145.0,140.33,144.4,141.84,2.56,1.8049,22842.81,327581.09,0.7921,0.84,47.1771,7.2884,4164369.4912
688188.SH,2025-09-12,144.4,145.37,141.8,141.8,144.4,-2.6,-1.8006,26199.16,374866.269,0.9085,1.05,46.3276,7.1572,4089387.769
688188.SH,2025-09-15,142.8,142.8,140.5,141.72,141.8,-0.08,-0.0564,17696.54,250749.301,0.6136,0.71,46.3015,7.1531,4087080.6391
688188.SH,2025-09-16,141.73,142.8,139.45,142.71,141.72,0.99,0.6986,23045.12,325034.054,0.7991,1.01,46.6249,7.2031,4115631.3718
688188.SH,2025-09-17,143.09,146.36,142.36,145.58,142.71,2.87,2.0111,24665.63,357039.589,0.8553,1.14,47.5626,7.348,4198399.6574
688188.SH,2025-09-18,145.28,151.47,144.95,147.11,145.58,1.53,1.051,34789.33,516120.747,1.2063,1.52,48.0625,7.4252,4242523.5169
688188.SH,2025-09-19,147.11,149.29,146.1,147.08,147.11,-0.03,-0.0204,22615.2,334312.913,0.7842,0.89,48.0527,7.4237,4241658.3432
688188.SH,2025-09-22,147.01,147.99,145.0,146.6,147.08,-0.48,-0.3264,18004.39,263079.199,0.6243,0.73,47.8958,7.3995,4227815.5637
688188.SH,2025-09-23,146.58,148.4,141.77,145.55,146.6,-1.05,-0.7162,22682.42,327491.621,0.7865,0.92,47.5528,7.3465,4197534.4836
688188.SH,2025-09-24,144.85,155.98,144.5,154.33,145.55,8.78,6.0323,50377.97,767764.405,1.7469,2.05,50.4213,7.7896,4450741.9915
688188.SH,2025-09-25,153.7,156.65,153.28,155.48,154.33,1.15,0.7452,35682.03,553388.4,1.2373,1.2,50.797,7.8477,4483906.984
688188.SH,2025-09-26,155.5,156.0,151.57,152.31,155.48,-3.17,-2.0388,22945.98,350826.021,0.7957,0.77,49.8198,7.6967,4397645.5181
688188.SH,2025-09-29,151.61,153.59,150.01,151.07,152.31,-1.24,-0.8141,19459.8,294404.533,0.6748,0.65,49.4142,7.634,4361843.0072
688188.SH,2025-09-30,152.58,155.27,151.42,153.78,151.07,2.71,1.7939,29650.09,455651.934,1.0269,0.98,50.3006,7.7411,4440088.8174
688188.SH,2025-10-09,153.6,157.68,152.04,155.52,153.78,1.74,1.1315,33301.64,516636.05,1.1534,1.05,50.8698,7.8287,4490327.8247
688188.SH,2025-10-10,154.34,155.52,151.23,152.1,155.52,-3.42,-2.1991,21458.27,328145.996,0.7432,0.76,49.7511,7.6565,4391582.1897
688188.SH,2025-10-13,147.12,154.86,147.01,154.73,152.1,2.63,1.7291,31854.2,487072.839,1.1033,1.26,50.6114,7.7889,4467518.1605
688188.SH,2025-10-14,154.44,155.46,146.75,147.69,154.73,-7.04,-4.5499,30783.33,462508.109,1.0662,1.13,48.3086,7.4346,4264252.2919
688188.SH,2025-10-15,147.52,151.84,146.5,147.96,147.69,0.27,0.1828,20175.8,299537.342,0.6988,0.69,48.3969,7.4481,4272047.9999
688188.SH,2025-10-16,147.25,148.28,145.12,145.56,147.96,-2.4,-1.6221,16207.91,237250.585,0.5614,0.59,47.6119,7.3273,4202752.8174
688188.SH,2025-10-17,145.0,145.99,137.5,137.98,145.56,-7.58,-5.2075,23238.38,326764.995,0.8048,0.96,45.1325,6.9458,3983895.5327
688188.SH,2025-10-20,140.0,140.5,137.02,138.66,137.98,0.68,0.4928,15883.62,219950.831,0.5501,0.65,45.355,6.98,4003529.1678
688188.SH,2025-10-21,139.08,140.91,138.32,140.41,138.66,1.75,1.2621,11623.3,162531.018,0.4026,0.55,45.9274,7.0681,4054056.905
688188.SH,2025-10-22,139.6,141.43,138.5,140.3,140.41,-0.11,-0.0783,10562.34,148201.288,0.3658,0.61,45.8914,7.0626,4050880.8758
688188.SH,2025-10-23,139.81,141.0,138.4,140.61,140.3,0.31,0.221,10204.89,142324.757,0.3534,0.66,45.9928,7.0782,4059831.5035
688188.SH,2025-10-24,141.82,144.44,141.82,143.84,140.61,3.23,2.2971,12931.66,185256.373,0.4479,0.9,47.0493,7.2407,4153091.27
688188.SH,2025-10-27,145.0,145.6,140.12,141.13,143.84,-2.71,-1.884,29200.86,416982.436,1.0114,2.39,46.1629,7.1043,4074845.4598
688188.SH,2025-10-28,140.99,142.85,138.5,140.85,140.46,0.39,0.2777,20118.51,283879.061,0.6968,1.35,46.0713,6.9855,4066761.0218
688188.SH,2025-10-29,141.0,144.5,141.0,142.98,140.85,2.13,1.5122,18382.46,262417.696,0.6367,1.11,46.768,7.0911,4128260.4962
688188.SH,2025-10-30,142.61,143.0,138.8,138.85,142.98,-4.13,-2.8885,21651.14,304739.615,0.7499,1.19,45.4171,6.8863,4009015.0364
688188.SH,2025-10-31,138.66,139.69,136.88,136.9,138.85,-1.95,-1.4044,22696.65,313003.551,0.7861,1.11,44.7793,6.7896,3952712.7006
688188.SH,2025-11-03,137.05,138.3,134.45,137.98,136.9,1.08,0.7889,20645.42,282064.79,0.715,0.92,45.1325,6.8431,3983895.5327
688188.SH,2025-11-04,137.66,137.91,134.21,135.5,137.98,-2.48,-1.7974,16156.62,218804.119,0.5596,0.78,44.3213,6.7201,3912290.5109
688188.SH,2025-11-05,134.0,136.68,133.02,136.1,135.5,0.6,0.4428,13288.01,180707.698,0.4602,0.67,44.5176,6.7499,3929614.3065
688188.SH,2025-11-06,136.33,140.59,135.83,138.98,136.1,2.88,2.1161,17506.73,242705.749,0.6063,0.93,45.4596,6.8927,4012768.5254
688188.SH,2025-11-07,138.56,139.68,137.64,139.02,138.98,0.04,0.0288,9577.48,133105.688,0.3317,0.53,45.4727,6.8947,4013923.4452
688188.SH,2025-11-10,138.5,140.2,137.02,139.97,139.02,0.95,0.6834,13913.63,193686.614,0.4819,0.9,45.7835,6.9418,4041352.7882
688188.SH,2025-11-11,139.97,140.8,137.5,137.77,139.97,-2.2,-1.5718,10414.73,144543.984,0.3607,0.74,45.0639,6.8327,3977832.2043
688188.SH,2025-11-12,137.77,141.09,135.52,136.02,137.77,-1.75,-1.2702,18161.03,252107.894,0.629,1.4,44.4914,6.7459,3927304.4671
688188.SH,2025-11-13,136.15,137.21,135.38,136.36,136.02,0.34,0.25,10711.35,145870.447,0.371,0.77,44.6026,6.7628,3937121.2846
688188.SH,2025-11-14,135.4,137.8,135.4,136.11,136.36,-0.25,-0.1833,11658.35,159268.996,0.4038,0.93,44.5209,6.7504,3929903.0364
688188.SH,2025-11-17,136.3,136.97,134.03,134.87,136.11,-1.24,-0.911,10578.79,142958.997,0.3664,0.82,44.1153,6.6889,3894100.5254
688188.SH,2025-11-18,134.59,135.6,134.06,135.2,134.87,0.33,0.2447,8465.47,114250.811,0.2932,0.69,44.2232,6.7053,3903628.613
688188.SH,2025-11-19,135.2,135.89,134.3,134.47,135.2,-0.73,-0.5399,7071.53,95436.919,0.2449,0.59,43.9844,6.6691,3882551.3284
688188.SH,2025-11-20,135.34,135.38,131.87,132.06,134.47,-2.41,-1.7922,9751.26,129890.181,0.3377,1.01,43.1961,6.5495,3812967.416
688188.SH,2025-11-21,131.86,133.96,130.2,132.6,132.06,0.54,0.4089,17174.89,227361.39,0.5948,1.81,43.3728,6.5763,3828558.832
688188.SH,2025-11-24,133.93,134.58,132.47,133.03,132.6,0.43,0.3243,12145.87,162403.791,0.4207,1.14,43.5134,6.5976,3840974.2189
688188.SH,2025-11-25,133.12,134.98,131.56,131.71,133.03,-1.32,-0.9923,12292.81,163640.247,0.4258,1.13,43.0817,6.5322,3802861.8685
688188.SH,2025-11-26,131.81,133.14,131.13,132.0,131.71,0.29,0.2202,10995.12,145411.736,0.3808,0.94,43.1765,6.5466,3811235.0364
688188.SH,2025-11-27,132.0,133.33,131.42,131.61,132.0,-0.39,-0.2955,8853.27,117181.812,0.3066,0.71,43.0489,6.5272,3799974.5692
688188.SH,2025-11-28,131.55,133.27,131.11,132.47,131.61,0.86,0.6534,8879.47,117462.988,0.3075,0.72,43.3302,6.5699,3824805.343
688188.SH,2025-12-01,132.5,132.99,131.44,132.09,132.47,-0.38,-0.2869,11875.97,156792.938,0.4113,1.12,43.206,6.551,3813833.6057
688188.SH,2025-12-02,131.69,132.24,129.88,130.15,132.09,-1.94,-1.4687,10754.61,140749.12,0.3725,1.02,42.5714,6.4548,3757819.9999
688188.SH,2025-12-03,130.24,130.7,129.39,130.35,130.15,0.2,0.1537,7163.73,93159.217,0.2481,0.7,42.6368,6.4647,3763594.5984
688188.SH,2025-12-04,130.65,131.31,129.5,130.0,130.35,-0.35,-0.2685,8502.12,110542.996,0.2945,0.89,42.5223,6.4474,3753489.051
688188.SH,2025-12-05,130.0,132.9,129.15,132.62,130.0,2.62,2.0154,12740.43,166737.947,0.4413,1.35,43.3793,6.5773,3829136.2919
688188.SH,2025-12-08,132.53,134.4,132.52,134.0,132.62,1.38,1.0406,13482.24,180164.227,0.4669,1.32,43.8307,6.6457,3868981.0218
688188.SH,2025-12-09,134.0,136.15,133.6,134.96,134.0,0.96,0.7164,14638.42,197754.233,0.507,1.39,44.1447,6.6934,3896699.0948
688188.SH,2025-12-10,134.76,134.98,130.8,132.48,134.96,-2.48,-1.8376,13568.08,179207.601,0.4699,1.2,43.3335,6.5704,3825094.0729
688188.SH,2025-12-11,132.53,133.0,131.32,131.32,132.48,-1.16,-0.8756,9046.06,119524.832,0.3133,0.72,42.9541,6.5128,3791601.4014
688188.SH,2025-12-12,131.17,133.43,130.23,133.43,131.32,2.11,1.6068,17229.97,227147.837,0.5968,1.36,43.6443,6.6175,3852523.416
688188.SH,2025-12-15,132.6,135.34,132.32,134.0,133.43,0.57,0.4272,16430.96,220227.088,0.5691,1.21,43.8307,6.6457,3868981.0218
688188.SH,2025-12-16,134.0,134.0,131.55,132.25,134.0,-1.75,-1.306,10149.18,134589.77,0.3515,0.72,43.2583,6.559,3818453.2846
688188.SH,2025-12-17,132.25,134.2,131.6,133.7,132.25,1.45,1.0964,11956.99,159042.357,0.4141,0.9,43.7326,6.6309,3860319.124
688188.SH,2025-12-18,133.01,133.68,130.88,130.91,133.7,-2.79,-2.0868,14169.47,186577.067,0.4908,1.09,42.82,6.4925,3779763.4744
688188.SH,2025-12-19,131.36,133.25,131.16,132.09,130.91,1.18,0.9014,10416.32,137986.116,0.3608,0.74,43.206,6.551,3813833.6057
688188.SH,2025-12-22,132.68,133.43,131.07,131.39,132.09,-0.7,-0.5299,18406.96,242807.399,0.6375,1.46,42.977,6.5163,3793622.5109
688188.SH,2025-12-23,131.68,132.45,130.01,130.28,131.39,-1.11,-0.8448,15132.03,198151.816,0.5241,1.16,42.6139,6.4613,3761573.489
688188.SH,2025-12-24,130.28,132.99,129.87,132.84,130.28,2.56,1.965,13962.61,184343.895,0.4836,1.0,43.4513,6.5882,3835488.3503
688188.SH,2025-12-25,132.89,133.33,131.78,132.86,132.84,0.02,0.0151,10420.61,138229.916,0.3609,0.72,43.4578,6.5892,3836065.8101
688188.SH,2025-12-26,133.0,136.9,132.6,136.0,132.86,3.14,2.3634,19520.0,264938.125,0.6761,1.43,44.4849,6.7449,3926727.0072
688188.SH,2025-12-29,136.3,136.6,133.9,133.96,136.0,-2.04,-1.5,12272.28,165874.421,0.425,0.79,43.8176,6.6438,3867826.1021
688188.SH,2025-12-30,133.86,138.4,133.86,137.2,133.96,3.24,2.4186,20033.98,273936.846,0.6939,1.4,44.8774,6.8045,3961374.5984
688188.SH,2025-12-31,137.6,139.68,135.77,135.89,137.2,-1.31,-0.9548,14909.63,204440.418,0.5164,0.98,44.4489,6.7395,3923550.978
688188.SH,2026-01-05,136.55,147.08,136.3,146.85,135.89,10.96,8.0653,43652.89,630178.16,1.5119,2.83,48.0339,7.283,4239998.978
688188.SH,2026-01-06,148.11,148.11,146.35,146.69,146.85,-0.16,-0.109,23478.64,345758.173,0.8132,1.06,47.9815,7.2751,4235379.2992
688188.SH,2026-01-07,146.0,147.78,144.72,146.16,146.69,-0.53,-0.3613,18484.28,270274.549,0.6402,0.81,47.8082,7.2488,4220076.613
688188.SH,2026-01-08,146.06,150.74,145.51,149.27,146.16,3.11,2.1278,25318.36,377336.188,0.8769,1.05,48.8254,7.4031,4309871.6203
688188.SH,2026-01-09,148.0,152.37,147.9,151.56,149.27,2.29,1.5341,28671.03,432398.977,0.993,1.14,49.5745,7.5166,4375990.7736
688188.SH,2026-01-12,151.63,161.56,151.63,156.63,151.56,5.07,3.3452,40660.39,639904.845,1.4082,1.46,51.2329,7.7681,4522376.8466
688188.SH,2026-01-13,157.18,159.18,155.8,157.2,156.63,0.57,0.3639,29460.42,463871.118,1.0203,1.08,51.4193,7.7964,4538834.4524
688188.SH,2026-01-14,156.0,165.81,155.9,161.04,157.2,3.84,2.4427,40960.56,660541.296,1.4186,1.44,52.6753,7.9868,4649706.7444
688188.SH,2026-01-15,160.3,161.98,154.9,159.78,161.04,-1.26,-0.7824,33645.65,533298.833,1.1653,1.02,52.2632,7.9243,4613326.7736
688188.SH,2026-01-16,160.26,161.88,158.0,160.11,159.78,0.33,0.2065,31369.47,502229.047,1.0865,0.9,52.3711,7.9407,4622854.8612
688188.SH,2026-01-19,159.01,163.7,157.35,162.23,160.11,2.12,1.3241,26889.5,431271.568,0.9313,0.76,53.0646,8.0458,4684065.6057
688188.SH,2026-01-20,162.5,163.31,157.22,159.6,162.23,-2.63,-1.6212,20895.92,333600.707,0.7237,0.64,52.2043,7.9154,4608129.6349
688188.SH,2026-01-21,157.84,163.54,157.02,162.72,159.6,3.12,1.9549,31006.88,498925.842,1.0739,1.01,53.2249,8.0701,4698213.3721
688188.SH,2026-01-22,163.69,163.96,159.11,161.48,162.72,-1.24,-0.762,19974.04,321582.222,0.6918,0.69,52.8193,8.0086,4662410.8612
688188.SH,2026-01-23,160.88,165.8,160.5,164.65,161.48,3.17,1.9631,20132.41,329180.315,0.6973,0.77,53.8562,8.1658,4753938.2481
688188.SH,2026-01-26,164.65,165.64,158.32,158.72,164.65,-5.93,-3.6016,23309.14,373592.585,0.8073,0.98,51.9165,7.8717,4582721.4013
688188.SH,2026-01-27,158.51,160.86,157.0,159.45,158.72,0.73,0.4599,22134.11,352737.241,0.7666,0.96,52.1553,7.9079,4603798.686
688188.SH,2026-01-28,160.5,161.7,157.5,158.36,159.45,-1.09,-0.6836,17842.56,283986.399,0.618,0.77,51.7987,7.8539,4572327.124
688188.SH,2026-01-29,158.0,162.0,156.51,157.57,158.36,-0.79,-0.4989,21532.04,342929.658,0.7458,1.04,51.5403,7.8147,4549517.4597
688188.SH,2026-01-30,158.98,158.98,150.02,151.38,157.57,-6.19,-3.9284,24735.79,377482.906,0.8567,1.18,49.5156,7.5077,4370793.6349
688188.SH,2026-02-02,151.38,152.6,146.36,146.94,151.38,-4.44,-2.933,27474.66,409422.539,0.9516,1.25,48.0633,7.2875,4242597.5473
688188.SH,2026-02-03,148.41,152.99,146.93,150.95,146.94,4.01,2.729,20336.09,305375.074,0.7043,0.89,49.375,7.4864,4358378.2481
688188.SH,2026-02-04,150.5,153.96,149.31,153.3,150.95,2.35,1.5568,16163.58,245470.206,0.5598,0.72,50.1436,7.6029,4426229.7809
688188.SH,2026-02-05,152.95,154.89,151.11,153.3,153.3,0.0,0.0,14410.61,220233.159,0.4991,0.65,50.1436,7.6029,4426229.7809
688188.SH,2026-02-06,152.2,153.68,148.7,149.53,153.3,-3.77,-2.4592,12712.49,191399.357,0.4403,0.62,48.9105,7.416,4317378.5984
688188.SH,2026-02-09,151.86,153.43,148.6,149.71,149.53,0.18,0.1204,15730.47,236690.454,0.5448,0.86,48.9694,7.4249,4322575.7371
688188.SH,2026-02-10,149.7,152.44,148.8,151.0,149.71,1.29,0.8617,13628.19,205804.008,0.472,0.86,49.3913,7.4889,4359821.8977
688188.SH,2026-02-11,152.34,156.65,150.51,155.52,151.0,4.52,2.9934,18863.25,291934.323,0.6533,1.3,50.8698,7.713,4490327.8247
688188.SH,2026-02-12,156.16,157.71,152.61,156.59,155.52,1.07,0.688,16978.88,264228.386,0.5881,1.13,51.2198,7.7661,4521221.9269
688188.SH,2026-02-13,155.1,156.88,152.51,153.15,156.59,-3.44,-2.1968,10597.25,164038.324,0.367,0.68,50.0946,7.5955,4421898.832
688188.SH,2026-02-24,153.67,155.0,149.51,151.77,153.15,-1.38,-0.9011,12957.97,196576.761,0.4488,0.85,49.6432,7.5271,4382054.1021
688188.SH,2026-02-25,151.61,153.95,150.4,150.66,151.77,-1.11,-0.7314,13690.85,207729.199,0.4742,0.94,49.2801,7.472,4350005.0802
688188.SH,2026-02-26,150.9,155.36,149.08,153.5,150.66,2.84,1.885,16103.2,246367.638,0.5577,1.1,50.2091,7.6129,4432004.3795
688188.SH,2026-02-27,153.02,154.84,151.2,151.66,153.5,-1.84,-1.1987,11435.83,174348.537,0.3961,0.81,49.6072,7.5216,4378878.0729
688188.SH,2026-03-02,151.0,158.53,149.8,156.54,151.66,4.88,3.2177,24300.33,377586.517,0.8416,1.88,51.2034,7.5054,4519778.2773
688188.SH,2026-03-03,156.52,157.5,148.18,148.99,156.54,-7.55,-4.823,24412.99,368972.603,0.8455,1.56,48.7339,7.1434,4301787.1824
688188.SH,2026-03-04,147.3,148.09,143.41,144.34,148.99,-4.65,-3.121,21465.15,312512.003,0.7434,1.19,47.2129,6.9205,4167527.7663
688188.SH,2026-03-05,147.4,151.34,145.52,147.18,144.34,2.84,1.9676,26543.86,395839.648,0.9193,1.36,48.1418,7.0566,4249527.0656
688188.SH,2026-03-06,146.83,151.73,145.56,149.79,147.18,2.61,1.7733,14278.9,213715.645,0.4945,0.66,48.9955,7.1818,4324885.5765
688188.SH,2026-03-09,147.55,147.55,141.5,143.6,149.79,-6.19,-4.1325,17937.21,256933.081,0.6212,0.81,46.9708,6.885,4146161.7517
688188.SH,2026-03-10,144.5,146.39,143.58,145.6,143.6,2.0,1.3928,11468.63,166447.247,0.3972,0.55,47.625,6.9809,4203907.7371
688188.SH,2026-03-11,145.66,150.65,145.3,149.54,145.6,3.94,2.706,16269.47,241817.564,0.5635,0.89,48.9138,7.1698,4317667.3284
688188.SH,2026-03-12,148.91,149.32,144.7,145.58,149.54,-3.96,-2.6481,10261.53,150146.169,0.3554,0.59,47.6185,6.9799,4203330.2773
688188.SH,2026-03-13,145.32,149.14,144.0,149.14,145.58,3.56,2.4454,24931.24,364761.642,0.8635,1.78,48.7829,7.1506,4306118.1313
688188.SH,2026-03-16,147.01,147.01,136.71,142.68,149.14,-6.46,-4.3315,31001.26,436491.238,1.0737,1.92,46.6699,6.8409,4119598.5984
688188.SH,2026-03-17,143.54,143.97,140.4,141.14,142.68,-1.54,-1.0793,9849.96,139611.955,0.3411,0.52,46.1662,6.767,4075134.1897
688188.SH,2026-03-18,140.92,141.86,138.72,140.3,141.14,-0.84,-0.5952,11418.97,159976.983,0.3955,0.62,45.8914,6.7268,4050880.8758
688188.SH,2026-03-19,138.89,140.66,136.8,137.24,140.3,-3.06,-2.181,12197.15,168441.776,0.4224,0.7,44.8905,6.5801,3962529.5181
688188.SH,2026-03-20,138.18,140.2,136.34,136.34,137.24,-0.9,-0.6558,13256.34,183348.63,0.4591,0.74,44.5961,6.5369,3936543.8247
688188.SH,2026-03-23,135.39,135.39,128.14,128.6,136.34,-7.74,-5.677,21140.43,277369.081,0.7322,1.36,42.0644,6.1658,3713066.8612
688188.SH,2026-03-24,130.36,130.87,128.61,130.19,128.6,1.59,1.2364,15531.4,201536.33,0.5379,1.14,42.5845,6.242,3758974.9196
688188.SH,2026-03-25,131.0,135.15,130.6,132.81,130.19,2.62,2.0124,13472.17,179661.552,0.4666,0.92,43.4415,6.3677,3834622.1605
688188.SH,2026-03-26,133.0,133.5,129.68,130.27,132.81,-2.54,-1.9125,11654.75,153009.052,0.4037,0.77,42.6106,6.2459,3761284.759
688188.SH,2026-03-27,129.6,132.45,129.01,132.27,130.27,2.0,1.5353,14492.89,189749.094,0.502,0.97,43.2648,6.3418,3819030.7444
688188.SH,2026-03-30,129.9,131.64,128.51,131.28,132.27,-0.99,-0.7485,10465.36,136108.247,0.3625,0.69,42.941,6.2943,3790446.4817
688188.SH,2026-03-31,131.3,132.68,129.45,129.45,131.28,-1.83,-1.394,11835.51,155202.24,0.4099,0.9,42.3424,6.2066,3737608.905
688188.SH,2026-04-01,131.88,133.5,130.3,133.23,129.45,3.78,2.92,12090.13,159514.954,0.4187,0.98,43.5788,6.3878,3846748.8174
688188.SH,2026-04-02,132.83,133.46,130.71,131.56,133.23,-1.67,-1.2535,8938.13,117705.754,0.3096,0.74,43.0326,6.3077,3798530.9196
688188.SH,2026-04-03,131.56,132.3,130.37,131.48,131.56,-0.08,-0.0608,8583.35,112877.834,0.2973,0.74,43.0064,6.3039,3796221.0802
688188.SH,2026-04-07,131.69,132.18,127.48,128.28,131.48,-3.2,-2.4338,17127.87,220523.294,0.5932,1.65,41.9597,6.1505,3703827.5036
688188.SH,2026-04-08,130.0,135.67,130.0,135.38,128.28,7.1,5.5348,19855.93,264947.197,0.6877,1.69,44.2821,6.4909,3908825.7517
688188.SH,2026-04-09,133.98,136.6,132.5,135.3,135.38,-0.08,-0.0591,15536.14,209761.388,0.5381,1.17,44.2559,6.487,3906515.9123
688188.SH,2026-04-10,138.74,144.96,138.65,142.09,135.3,6.79,5.0185,27444.14,391361.515,0.9505,1.96,36.8754,6.7589,4102563.5327
688188.SH,2026-04-13,141.6,142.76,141.01,141.5,142.09,-0.59,-0.4152,16081.17,228262.069,0.557,0.91,36.7223,6.7308,4085528.4671
688188.SH,2026-04-14,143.11,147.39,143.11,144.93,141.5,3.43,2.424,18331.02,266679.511,0.6349,0.95,37.6124,6.8939,4184562.832
688188.SH,2026-04-15,144.9,145.85,142.76,143.18,144.93,-1.75,-1.2075,14220.19,205080.229,0.4925,0.73,37.1583,6.8107,4134035.0948
688188.SH,2026-04-16,143.58,145.04,143.25,144.51,143.18,1.33,0.9289,12001.89,173252.986,0.4157,0.66,37.5034,6.874,4172436.1751
688188.SH,2026-04-17,144.8,145.86,143.36,144.84,144.51,0.33,0.2284,13714.34,198620.583,0.475,0.78,37.5891,6.8897,4181964.2627
688188.SH,2026-04-20,145.38,145.86,143.4,143.47,144.84,-1.37,-0.9459,19352.87,279414.307,0.6703,1.3,37.2335,6.8245,4142408.2627
688188.SH,2026-04-21,143.41,144.2,139.81,140.9,143.47,-2.57,-1.7913,17193.2,242777.697,0.5955,1.11,36.5666,6.7023,4068204.6714
688188.SH,2026-04-22,141.3,142.78,140.3,142.46,140.9,1.56,1.1072,11246.39,159657.644,0.3895,0.74,36.9714,6.7765,4113246.54
688188.SH,2026-04-23,142.7,143.93,138.51,139.12,142.46,-3.34,-2.3445,15432.88,216253.956,0.5345,1.05,36.1046,6.6176,4016810.7444
688188.SH,2026-04-24,138.5,139.9,137.51,138.35,139.12,-0.77,-0.5535,12743.33,176568.366,0.4414,0.83,35.9048,6.581,3994578.54
688188.SH,2026-04-27,139.0,142.35,138.36,141.27,138.35,2.92,2.1106,14015.64,197455.418,0.4854,0.92,36.6626,6.7199,4078887.6787
688188.SH,2026-04-28,140.5,141.18,138.8,139.09,141.27,-2.18,-1.5431,12022.35,168107.425,0.4164,0.85,36.0968,6.6162,4015944.5546
688188.SH,2026-04-29,139.35,140.64,136.88,138.51,139.09,-0.58,-0.417,14995.12,207530.143,0.5193,1.15,35.9463,6.5886,3999198.2189
688188.SH,2026-04-30,140.34,147.68,140.34,141.78,138.51,3.27,2.3608,36600.05,526125.42,1.2676,2.64,36.7949,6.4056,4093612.905
688188.SH,2026-05-06,142.38,145.98,140.6,142.63,141.78,0.85,0.5995,34943.11,501180.977,1.2102,1.93,37.0155,6.444,4118154.9488
688188.SH,2026-05-07,143.69,155.75,143.69,154.55,142.63,11.92,8.3573,56862.03,853414.717,1.9694,2.53,40.109,6.9825,4462321.0218
688188.SH,2026-05-08,152.55,157.37,150.57,153.14,154.55,-1.41,-0.9123,40016.05,615014.733,1.3859,1.29,39.7431,6.9188,4421610.1021
688188.SH,2026-05-11,153.6,159.8,153.6,158.21,153.14,5.07,3.3107,45501.57,715228.043,1.5759,1.24,41.0589,7.1479,4567996.1751
688188.SH,2026-05-12,158.01,165.5,157.5,163.23,158.21,5.02,3.173,48329.15,787531.6,1.6739,1.13,42.3617,7.3747,4712938.5984
688188.SH,2026-05-13,161.05,167.47,160.02,166.55,163.23,3.32,2.0339,33975.3,557623.716,1.1767,0.75,43.3661,7.5495,4824683.9555
688188.SH,2026-05-14,166.5,166.5,159.6,160.0,166.55,-6.55,-3.9328,29984.09,487724.57,1.0385,0.67,41.6606,7.2526,4634941.056
688188.SH,2026-05-15,161.4,169.25,159.0,164.82,160.0,4.82,3.0125,44588.46,731739.32,1.5443,1.13,42.9156,7.4711,4774568.6553
688188.SH,2026-05-18,163.18,175.6,161.8,169.28,164.82,4.46,2.706,43788.79,744651.615,1.5116,1.08,44.0769,7.6386,4903767.6372
688188.SH,2026-05-19,170.5,179.78,169.28,174.54,169.28,5.26,3.1073,47253.74,821540.699,1.6312,1.18,45.4465,7.876,5056141.3245
688188.SH,2026-05-20,172.0,178.68,171.01,177.81,174.54,3.27,1.8735,34640.02,611836.073,1.1958,0.87,46.298,8.0235,5150867.9323
688188.SH,2026-05-21,178.37,179.0,168.16,170.0,177.81,-7.81,-4.3923,43260.29,752083.09,1.4934,1.08,44.2644,7.6711,4924624.872
688188.SH,2026-05-22,169.92,175.0,167.11,173.19,170.0,3.19,1.8765,30804.64,525943.794,1.0634,0.72,45.095,7.815,5017034.0093
688188.SH,2026-05-25,173.19,176.5,170.13,172.9,173.19,-0.29,-0.1674,26609.17,458886.217,0.9186,0.67,45.0195,7.8019,5008633.1786
688188.SH,2026-05-26,171.5,174.3,164.83,169.57,172.9,-3.33,-1.926,55239.1,933193.657,1.9069,1.51,44.1524,7.6517,4912168.4679
688188.SH,2026-05-27,169.87,171.19,162.05,163.4,169.57,-6.17,-3.6386,43376.63,720815.775,1.4974,1.14,42.5459,7.3733,4733433.5534
688188.SH,2026-05-28,162.97,163.7,158.2,162.54,163.4,-0.86,-0.5263,31310.31,504610.834,1.0808,0.79,42.322,7.3345,4708520.7453
688188.SH,2026-05-29,164.0,168.2,160.0,162.84,162.54,0.3,0.1846,46810.07,763005.954,1.6159,1.25,42.4001,7.348,4717211.2597
688188.SH,2026-06-01,161.96,163.02,154.26,154.46,162.84,-8.38,-5.1462,36323.71,570327.954,1.2539,0.89,40.2181,6.9699,4474456.2219
688188.SH,2026-06-02,155.6,156.96,150.0,153.4,154.46,-1.06,-0.6863,30569.54,470177.873,1.0553,0.72,39.9421,6.922,4443749.7374
688188.SH,2026-06-03,152.33,157.27,149.0,153.65,153.4,0.25,0.163,33745.08,518991.369,1.1649,0.9,40.0072,6.9333,4450991.8328
688188.SH,2026-06-04,152.0,154.94,149.71,153.91,153.65,0.26,0.1692,27673.39,421318.006,0.9553,0.77,40.0749,6.945,4458523.6121
688188.SH,2026-06-05,153.01,161.5,149.59,157.13,153.91,3.22,2.0921,39854.82,623030.962,1.3758,1.14,40.9133,7.0903,4551801.8008
688188.SH,2026-06-08,152.08,159.57,152.08,155.2,157.13,-1.93,-1.2283,37320.83,579402.597,1.2883,1.11,40.4108,7.0033,4495892.8243
688188.SH,2026-06-09,156.99,157.83,152.25,154.79,155.2,-0.41,-0.2642,27288.45,421908.057,0.942,0.81,40.304,6.9848,4484015.7879
688188.SH,2026-06-10,153.01,156.6,150.65,152.99,154.79,-1.8,-1.1629,35444.21,543894.007,1.2235,1.07,39.8354,6.9035,4431872.701
688188.SH,2026-06-11,152.11,156.5,149.21,155.21,152.99,2.22,1.4511,36918.08,566328.815,1.2744,1.1,40.4134,7.0037,4496182.5081
688188.SH,2026-06-12,156.99,160.28,154.08,156.38,155.21,1.17,0.7538,36115.59,565621.446,1.2467,1.02,40.718,7.0565,4530075.5146
688188.SH,2026-06-15,156.6,160.36,156.0,159.3,156.38,2.92,1.8672,33019.34,524422.597,1.1398,0.95,41.4783,7.1883,4614663.1889
688188.SH,2026-06-16,159.4,165.96,156.7,162.38,159.3,3.08,1.9335,45479.91,728849.995,1.57,1.35,42.2803,7.3605,4703885.5444
