ts_code,trade_date,open,high,low,close,pre_close,change,pct_chg,vol,amount,turnover_rate,volume_ratio,pe,pb,total_mv
688278.SH,2023-01-03,39.55,39.55,35.96,36.96,38.93,-1.97,-5.0604,29891.22,111634.666,1.3425,2.25,82.976,11.3819,1503532.8
688278.SH,2023-01-04,36.84,37.09,35.89,36.85,36.96,-0.11,-0.2976,12380.04,45245.337,0.556,0.74,82.729,11.348,1499058.0
688278.SH,2023-01-05,36.84,39.1,36.49,38.03,36.85,1.18,3.2022,19874.31,76040.546,0.8926,1.2,85.3782,11.7114,1547060.4
688278.SH,2023-01-06,38.04,39.56,37.61,39.22,38.03,1.19,3.1291,21849.54,85216.238,0.9813,1.2,88.0497,12.0779,1595469.6
688278.SH,2023-01-09,39.49,39.49,38.53,39.1,39.22,-0.12,-0.306,11793.63,46011.388,0.5297,0.62,87.7803,12.0409,1590588.0
688278.SH,2023-01-10,39.5,41.41,38.8,40.3,39.1,1.2,3.0691,29007.96,116687.142,1.3028,1.51,90.4744,12.4105,1639404.0
688278.SH,2023-01-11,40.49,40.86,39.36,39.37,40.3,-0.93,-2.3077,11790.65,47044.341,0.5296,0.62,88.3865,12.1241,1601571.6
688278.SH,2023-01-12,39.0,39.75,38.48,38.59,39.37,-0.78,-1.9812,9106.8,35300.516,0.409,0.48,86.6354,11.8839,1569841.2
688278.SH,2023-01-13,38.31,39.25,38.24,39.04,38.59,0.45,1.1661,9028.72,35076.709,0.4055,0.54,87.6456,12.0224,1588147.2
688278.SH,2023-01-16,39.12,41.68,39.12,41.13,39.04,2.09,5.3535,30173.84,122556.754,1.3552,2.13,92.3377,12.6661,1673168.4
688278.SH,2023-01-17,41.08,42.12,40.66,41.48,41.13,0.35,0.851,12674.62,52535.599,0.3116,0.71,93.1235,12.7738,1687406.4
688278.SH,2023-01-18,42.24,42.24,40.2,40.2,41.48,-1.28,-3.0858,15878.22,64676.966,0.3903,1.09,90.2499,12.3797,1635336.0
688278.SH,2023-01-19,40.17,44.58,39.87,43.37,40.2,3.17,7.8856,26579.09,114126.059,0.6534,1.73,97.3666,13.3559,1764291.6
688278.SH,2023-01-20,43.25,45.37,43.22,44.93,43.37,1.56,3.597,28387.93,126690.29,0.6978,1.5,100.8688,13.8363,1827752.4
688278.SH,2023-01-30,44.93,45.93,43.5,43.96,44.93,-0.97,-2.1589,24499.56,108965.033,0.6023,1.08,98.6911,13.5376,1788292.8
688278.SH,2023-01-31,43.9,44.71,42.9,44.01,43.96,0.05,0.1137,16303.73,71506.679,0.4008,0.75,98.8034,13.553,1790326.8
688278.SH,2023-02-01,43.68,45.0,43.45,44.0,44.01,-0.01,-0.0227,13170.79,58098.608,0.3238,0.59,98.7809,13.5499,1789920.0
688278.SH,2023-02-02,44.03,45.88,43.86,44.42,44.0,0.42,0.9545,20761.0,93363.778,0.5103,0.95,99.7238,13.6792,1807005.6
688278.SH,2023-02-03,44.38,44.88,43.5,44.15,44.42,-0.27,-0.6078,16251.15,71724.373,0.3995,0.79,99.1177,13.5961,1796022.0
688278.SH,2023-02-06,44.1,44.1,42.12,42.58,44.15,-1.57,-3.5561,20826.91,88943.213,0.512,1.14,95.593,13.1126,1732154.4
688278.SH,2023-02-07,42.86,43.66,42.13,43.01,42.58,0.43,1.0099,31225.66,134059.396,0.7676,1.79,96.5584,13.245,1749646.8
688278.SH,2023-02-08,43.0,43.15,42.0,42.31,43.01,-0.7,-1.6275,15143.82,64255.77,0.3723,0.74,94.9868,13.0294,1721170.8
688278.SH,2023-02-09,42.3,42.84,42.02,42.64,42.31,0.33,0.78,9978.92,42352.458,0.2453,0.48,95.7277,13.1311,1734595.2
688278.SH,2023-02-10,42.5,43.25,42.25,42.6,42.64,-0.04,-0.0938,7785.11,33205.662,0.1914,0.42,95.6379,13.1188,1732968.0
688278.SH,2023-02-13,42.66,44.3,42.65,44.24,42.6,1.64,3.8498,20405.15,89610.14,0.5016,1.2,99.3197,13.6238,1799683.2
688278.SH,2023-02-14,44.24,46.5,44.24,45.96,44.24,1.72,3.8879,24924.25,114081.443,0.6127,1.47,103.1812,14.1535,1869652.8
688278.SH,2023-02-15,46.18,47.28,45.26,46.75,45.96,0.79,1.7189,24072.09,111819.218,0.5917,1.54,104.9547,14.3968,1901790.0
688278.SH,2023-02-16,46.62,46.95,45.18,45.27,46.75,-1.48,-3.1658,17434.57,80061.62,0.4286,1.0,101.6321,13.941,1841583.6
688278.SH,2023-02-17,45.96,46.0,45.07,45.23,45.27,-0.04,-0.0884,8241.11,37401.876,0.2026,0.44,101.5423,13.9287,1839956.4
688278.SH,2023-02-20,45.01,49.19,44.9,48.45,45.23,3.22,7.1192,26526.46,125083.121,0.6521,1.39,108.7713,14.9203,1970946.0
688278.SH,2023-02-21,48.99,48.99,47.31,47.5,48.45,-0.95,-1.9608,13773.73,65940.848,0.3386,0.68,106.6385,14.6277,1932300.0
688278.SH,2023-02-22,47.56,49.1,47.23,49.01,47.5,1.51,3.1789,18192.63,88566.784,0.4472,1.01,110.0285,15.0927,1993726.8
688278.SH,2023-02-23,48.88,48.88,45.83,45.98,49.01,-3.03,-6.1824,22923.77,107462.376,0.5635,1.36,103.2261,14.1596,1870466.4
688278.SH,2023-02-24,46.4,46.54,45.3,45.8,45.98,-0.18,-0.3915,15857.08,72609.047,0.3898,0.88,102.822,14.1042,1863144.0
688278.SH,2023-02-27,46.16,46.46,45.31,45.78,45.8,-0.02,-0.0437,10551.72,48143.018,0.2594,0.54,102.7771,14.098,1862330.4
688278.SH,2023-02-28,46.28,46.8,43.71,44.29,45.78,-1.49,-3.2547,30098.25,134195.748,0.7399,1.85,99.432,12.798,1801717.2
688278.SH,2023-03-01,44.1,44.49,42.96,43.3,44.29,-0.99,-2.2353,24208.55,105155.868,0.5951,1.24,97.2094,12.512,1761444.0
688278.SH,2023-03-02,43.12,43.72,42.69,43.0,43.3,-0.3,-0.6928,9200.31,39683.105,0.2262,0.44,96.5359,12.4253,1749240.0
688278.SH,2023-03-03,43.0,43.95,42.7,42.96,43.0,-0.04,-0.093,9824.35,42316.986,0.2415,0.55,96.4461,12.4137,1747612.8
688278.SH,2023-03-06,42.84,44.9,42.84,44.22,42.96,1.26,2.933,14351.92,63267.325,0.3528,0.86,99.2748,12.7778,1798869.6
688278.SH,2023-03-07,44.24,44.42,43.03,43.08,44.22,-1.14,-2.578,8952.28,38895.968,0.2201,0.51,96.7155,12.4484,1752494.4
688278.SH,2023-03-08,43.08,44.25,42.95,43.5,43.08,0.42,0.9749,9220.34,40069.223,0.2267,0.69,97.6584,12.5698,1769580.0
688278.SH,2023-03-09,43.3,44.27,43.22,43.61,43.5,0.11,0.2529,8387.16,36770.987,0.2062,0.81,97.9054,12.6015,1774054.8
688278.SH,2023-03-10,43.69,43.95,43.11,43.75,43.61,0.14,0.321,9905.79,43041.287,0.2435,0.98,98.2197,12.642,1779750.0
688278.SH,2023-03-13,43.75,43.83,42.31,43.43,43.75,-0.32,-0.7314,15117.04,65117.242,0.3716,1.49,97.5013,12.5495,1766732.4
688278.SH,2023-03-14,43.76,44.49,43.01,43.43,43.43,0.0,0.0,10995.01,48028.71,0.2703,1.07,97.5013,12.5495,1766732.4
688278.SH,2023-03-15,43.38,44.66,43.38,44.27,43.43,0.84,1.9341,12851.47,56980.927,0.3159,1.2,99.3871,12.7923,1800903.6
688278.SH,2023-03-16,43.92,45.59,43.8,43.85,44.27,-0.42,-0.9487,13954.83,62397.527,0.343,1.22,98.4442,12.6709,1783818.0
688278.SH,2023-03-17,44.17,44.61,42.28,42.44,43.85,-1.41,-3.2155,16815.31,72561.885,0.4134,1.34,95.2787,12.2635,1726459.2
688278.SH,2023-03-20,42.67,42.67,40.2,41.08,42.44,-1.36,-3.2045,31023.94,127161.373,0.7626,2.22,92.2255,11.8705,1671134.4
688278.SH,2023-03-21,41.08,43.5,40.99,43.3,41.08,2.22,5.4041,20210.39,86496.881,0.4968,1.18,97.2094,12.512,1761444.0
688278.SH,2023-03-22,43.29,44.1,42.52,43.32,43.3,0.02,0.0462,11129.4,48406.113,0.2736,0.59,97.2543,12.5177,1762257.6
688278.SH,2023-03-23,43.25,44.0,42.85,43.79,43.32,0.47,1.0849,8598.88,37519.955,0.2114,0.46,98.3095,12.6536,1781377.2
688278.SH,2023-03-24,43.93,44.47,42.76,43.81,43.79,0.02,0.0457,10932.38,47888.746,0.2687,0.62,98.3544,12.6593,1782190.8
688278.SH,2023-03-27,43.5,45.87,42.73,45.41,43.81,1.6,3.6521,17243.66,77322.393,0.4239,1.05,101.9464,13.1217,1847278.8
688278.SH,2023-03-28,45.19,45.46,44.5,45.09,45.41,-0.32,-0.7047,15206.28,68553.893,0.3738,1.12,101.228,13.0292,1834261.2
688278.SH,2023-03-29,45.14,45.48,44.53,44.99,45.09,-0.1,-0.2218,10171.72,45855.313,0.25,0.81,101.0035,13.0003,1830193.2
688278.SH,2023-03-30,45.47,46.48,44.64,45.91,44.99,0.92,2.0449,16294.27,74363.346,0.4005,1.31,103.0689,13.2661,1867618.8
688278.SH,2023-03-31,45.91,46.5,44.6,45.14,45.91,-0.77,-1.6772,11662.37,53024.205,0.2867,0.83,63.978,13.0456,1836295.2
688278.SH,2023-04-03,45.18,45.66,42.97,43.35,45.14,-1.79,-3.9654,19363.83,84987.665,0.476,1.37,61.441,12.5283,1763478.0
688278.SH,2023-04-04,43.13,44.2,42.88,43.4,43.35,0.05,0.1153,15502.75,67407.094,0.3811,1.07,61.5118,12.5427,1765512.0
688278.SH,2023-04-06,43.1,46.48,43.1,45.12,43.4,1.72,3.9631,18008.73,81715.927,0.4427,1.23,63.9496,13.0398,1835481.6
688278.SH,2023-04-07,45.45,46.36,45.3,45.68,45.12,0.56,1.2411,13827.52,63397.75,0.3399,0.86,64.7433,13.2016,1858262.4
688278.SH,2023-04-10,45.84,48.68,45.84,48.56,45.68,2.88,6.3047,33285.35,158521.708,0.8182,2.12,68.8252,14.034,1975420.8
688278.SH,2023-04-11,48.53,48.53,46.6,47.82,48.56,-0.74,-1.5239,16637.54,78882.357,0.409,0.83,67.7764,13.8201,1945317.6
688278.SH,2023-04-12,47.71,48.15,46.9,47.34,47.82,-0.48,-1.0038,10030.36,47528.959,0.2466,0.52,67.0961,13.6814,1925791.2
688278.SH,2023-04-13,47.87,47.88,46.74,47.5,47.34,0.16,0.338,12702.99,59986.266,0.3123,0.69,67.3229,13.7276,1932300.0
688278.SH,2023-04-14,48.0,49.6,47.11,47.97,47.5,0.47,0.9895,17521.16,84150.933,0.4307,1.01,67.989,13.8634,1951419.6
688278.SH,2023-04-17,48.0,49.15,46.89,47.43,47.97,-0.54,-1.1257,14644.33,69808.386,0.36,0.81,67.2236,13.7074,1929452.4
688278.SH,2023-04-18,47.43,48.4,46.9,47.49,47.43,0.06,0.1265,12216.98,58124.221,0.3003,0.85,67.3087,13.7247,1931893.2
688278.SH,2023-04-19,46.9,47.06,44.6,45.11,47.49,-2.38,-5.0116,33377.36,151714.306,0.8205,2.49,63.9355,13.0369,1835074.8
688278.SH,2023-04-20,45.11,45.8,44.8,45.01,45.11,-0.1,-0.2217,13426.2,60797.367,0.33,0.74,63.7937,13.008,1831006.8
688278.SH,2023-04-21,45.26,46.25,44.5,44.92,45.01,-0.09,-0.2,12971.95,58942.859,0.3189,0.71,63.6662,12.982,1827345.6
688278.SH,2023-04-24,45.11,45.78,43.61,44.34,44.92,-0.58,-1.2912,16276.09,72147.119,0.4001,0.94,62.8441,12.8144,1803751.2
688278.SH,2023-04-25,44.29,46.74,44.01,44.9,44.34,0.56,1.263,23000.24,103868.738,0.5654,1.3,63.6378,12.244,1826532.0
688278.SH,2023-04-26,44.03,45.7,44.03,44.93,44.9,0.03,0.0668,12909.23,58014.809,0.3173,0.65,63.6803,12.2522,1827752.4
688278.SH,2023-04-27,44.45,46.0,44.39,45.81,44.93,0.88,1.9586,10949.3,49747.033,0.2692,0.7,64.9276,12.4922,1863550.8
688278.SH,2023-04-28,45.31,46.28,45.13,45.35,45.81,-0.46,-1.0041,10417.13,47580.62,0.2561,0.68,64.2756,12.3667,1844838.0
688278.SH,2023-05-04,45.35,46.68,44.61,46.02,45.35,0.67,1.4774,17383.84,79627.178,0.4273,1.18,65.2252,12.5494,1872093.6
688278.SH,2023-05-05,45.9,46.36,44.9,45.42,46.02,-0.6,-1.3038,13640.53,62023.934,0.3353,0.91,64.3748,12.3858,1847685.6
688278.SH,2023-05-08,45.1,45.39,43.02,43.58,45.42,-1.84,-4.0511,29946.22,130615.074,0.7361,2.29,61.7669,11.8841,1772834.4
688278.SH,2023-05-09,43.58,44.15,42.94,43.46,43.58,-0.12,-0.2754,13034.36,56773.102,0.3204,0.79,61.5969,11.8513,1767952.8
688278.SH,2023-05-10,43.6,43.6,42.27,43.45,43.46,-0.01,-0.023,14647.55,62975.782,0.3601,0.87,61.5827,11.8486,1767546.0
688278.SH,2023-05-11,44.05,44.1,42.7,43.19,43.45,-0.26,-0.5984,10721.49,46283.242,0.2636,0.6,61.2142,11.7777,1756969.2
688278.SH,2023-05-12,43.01,44.1,42.81,42.97,43.19,-0.22,-0.5094,8242.63,35731.419,0.2026,0.5,60.9024,11.7177,1748019.6
688278.SH,2023-05-15,42.97,43.5,42.13,43.3,42.97,0.33,0.768,13653.53,58273.166,0.3356,0.89,61.3701,11.8077,1761444.0
688278.SH,2023-05-16,43.3,44.25,42.72,43.39,43.3,0.09,0.2079,11362.37,49311.42,0.2793,0.94,61.4977,11.8323,1765105.2
688278.SH,2023-05-17,43.7,43.7,42.55,43.39,43.39,0.0,0.0,9411.95,40523.509,0.2314,0.8,61.4977,11.8323,1765105.2
688278.SH,2023-05-18,43.03,43.57,41.6,42.12,43.39,-1.27,-2.9269,19317.21,81430.88,0.4749,1.81,59.6977,11.4859,1713441.6
688278.SH,2023-05-19,41.72,43.71,41.72,42.79,41.91,0.88,2.0997,20489.22,87502.904,0.5037,1.65,60.6473,12.3882,1740697.2
688278.SH,2023-05-22,42.91,44.25,42.91,44.18,42.79,1.39,3.2484,14602.31,63999.667,0.359,0.98,62.6173,12.7906,1797242.4
688278.SH,2023-05-23,43.97,44.6,43.12,44.22,44.18,0.04,0.0905,18772.93,82841.037,0.4615,1.25,62.674,12.8022,1798869.6
688278.SH,2023-05-24,44.0,44.3,43.43,43.72,44.22,-0.5,-1.1307,7800.96,34206.926,0.1918,0.47,61.9654,12.6574,1778529.6
688278.SH,2023-05-25,43.72,44.77,43.51,44.09,43.72,0.37,0.8463,10880.17,47926.287,0.2675,0.67,62.4898,12.7646,1793581.2
688278.SH,2023-05-26,44.25,45.65,43.55,45.4,44.09,1.31,2.9712,13056.56,58644.5,0.321,0.9,64.3465,13.1438,1846872.0
688278.SH,2023-05-29,45.45,46.27,44.71,45.96,45.4,0.56,1.2335,16479.64,75262.773,0.4051,1.27,65.1402,13.306,1869652.8
688278.SH,2023-05-30,46.09,46.56,44.93,45.47,45.96,-0.49,-1.0661,14783.94,67496.801,0.3634,1.1,64.4457,13.1641,1849719.6
688278.SH,2023-05-31,46.31,46.31,45.2,45.9,45.47,0.43,0.9457,10265.31,47007.449,0.2523,0.81,65.0551,13.2886,1867212.0
688278.SH,2023-06-01,45.9,47.18,45.62,45.79,45.9,-0.11,-0.2397,16644.03,76980.66,0.4091,1.27,64.8992,13.2567,1862737.2
688278.SH,2023-06-02,46.29,46.29,43.65,43.82,45.79,-1.97,-4.3022,15137.07,67091.206,0.3721,1.06,62.1071,12.6864,1782597.6
688278.SH,2023-06-05,43.83,44.96,43.82,44.78,43.82,0.96,2.1908,12034.8,53456.711,0.2958,0.82,63.4677,12.9643,1821650.4
688278.SH,2023-06-06,44.99,45.16,42.27,42.51,44.78,-2.27,-5.0692,17012.01,73488.664,0.4182,1.24,60.2504,12.3071,1729306.8
688278.SH,2023-06-07,42.38,43.37,41.24,41.62,42.51,-0.89,-2.0936,13434.78,56141.178,0.3303,0.94,58.989,12.0495,1693101.6
688278.SH,2023-06-08,41.66,41.87,40.6,41.04,41.62,-0.58,-1.3936,16922.0,69342.769,0.416,1.14,58.1669,11.8816,1669507.2
688278.SH,2023-06-09,41.5,42.26,40.64,41.62,41.04,0.58,1.4133,17960.94,74841.483,0.4415,1.2,58.989,12.0495,1693101.6
688278.SH,2023-06-12,41.36,42.8,41.2,42.09,41.62,0.47,1.1293,15457.53,65059.242,0.38,1.0,59.6551,12.1855,1712221.2
688278.SH,2023-06-13,42.2,42.26,41.16,41.47,42.09,-0.62,-1.473,7915.91,32842.303,0.1946,0.49,58.7764,12.006,1686999.6
688278.SH,2023-06-14,41.87,42.34,41.2,42.08,41.47,0.61,1.4709,5494.41,23070.306,0.1351,0.38,59.641,12.1826,1711814.4
688278.SH,2023-06-15,42.08,42.6,41.41,42.21,42.08,0.13,0.3089,9639.42,40567.739,0.237,0.76,59.8252,12.2203,1717102.8
688278.SH,2023-06-16,42.21,42.55,41.51,42.12,42.21,-0.09,-0.2132,9276.19,39038.565,0.228,0.82,59.6977,12.1942,1713441.6
688278.SH,2023-06-19,41.84,43.13,41.55,42.6,42.12,0.48,1.1396,12821.48,54659.526,0.3152,1.34,60.378,12.3332,1732968.0
688278.SH,2023-06-20,42.99,43.23,41.56,42.76,42.6,0.16,0.3756,10951.56,46429.859,0.2692,1.21,60.6047,12.3795,1739476.8
688278.SH,2023-06-21,42.36,42.77,41.68,41.8,42.76,-0.96,-2.2451,7962.05,33418.108,0.1957,0.83,59.2441,12.1016,1700424.0
688278.SH,2023-06-26,41.02,42.98,41.02,42.17,41.8,0.37,0.8852,11535.69,48653.496,0.2836,1.14,59.7685,12.2087,1715475.6
688278.SH,2023-06-27,42.18,44.01,41.93,43.86,42.17,1.69,4.0076,18332.05,79511.044,0.4506,1.74,62.1638,12.698,1784224.8
688278.SH,2023-06-28,43.76,44.9,43.31,44.69,43.86,0.83,1.8924,14351.43,63782.629,0.3528,1.16,63.3402,12.9383,1817989.2
688278.SH,2023-06-29,44.79,45.63,44.6,44.69,44.69,0.0,0.0,13238.75,59680.7,0.3254,1.05,63.3402,12.9383,1817989.2
688278.SH,2023-06-30,44.69,45.29,43.85,43.91,44.69,-0.78,-1.7454,8524.26,37780.813,0.2095,0.65,62.2347,12.7125,1786258.8
688278.SH,2023-07-03,43.91,44.44,43.41,44.24,43.91,0.33,0.7515,9337.4,41077.683,0.2295,0.71,62.7024,12.808,1799683.2
688278.SH,2023-07-04,43.72,44.16,43.06,43.92,44.24,-0.32,-0.7233,9784.04,42658.314,0.2405,0.77,62.2488,12.7153,1786665.6
688278.SH,2023-07-05,43.98,44.21,43.17,43.33,43.92,-0.59,-1.3434,4612.32,20014.244,0.1134,0.42,61.4126,12.5445,1762664.4
688278.SH,2023-07-06,43.72,43.72,42.2,42.42,43.33,-0.91,-2.1002,6491.36,27692.473,0.1596,0.71,60.1229,12.2811,1725645.6
688278.SH,2023-07-07,42.02,42.7,41.95,42.39,42.42,-0.03,-0.0707,4317.27,18254.174,0.1061,0.56,60.0803,12.2724,1724425.2
688278.SH,2023-07-10,42.61,42.79,41.85,42.3,42.39,-0.09,-0.2123,5980.49,25289.685,0.147,0.87,59.9528,12.2463,1720764.0
688278.SH,2023-07-11,42.51,43.1,42.12,42.86,42.3,0.56,1.3239,4504.45,19213.802,0.1107,0.72,60.7465,12.4085,1743544.8
688278.SH,2023-07-12,43.07,43.07,42.08,42.29,42.86,-0.57,-1.3299,3989.15,16942.676,0.0981,0.77,59.9386,12.2434,1720357.2
688278.SH,2023-07-13,42.42,42.67,41.91,42.27,42.29,-0.02,-0.0473,5522.66,23315.719,0.1358,1.09,59.9103,12.2377,1719543.6
688278.SH,2023-07-14,42.23,42.59,41.85,42.07,42.27,-0.2,-0.4731,6839.46,28793.98,0.1681,1.41,59.6268,12.1798,1711407.6
688278.SH,2023-07-17,41.89,42.46,41.33,41.64,42.07,-0.43,-1.0221,6566.28,27280.14,0.1614,1.22,59.0173,12.0553,1693915.2
688278.SH,2023-07-18,41.6,42.06,41.35,41.65,41.64,0.01,0.024,4174.55,17403.757,0.1026,0.76,59.0315,12.0582,1694322.0
688278.SH,2023-07-19,41.73,41.86,40.96,41.39,41.65,-0.26,-0.6242,5043.18,20823.052,0.124,0.93,58.663,11.9829,1683745.2
688278.SH,2023-07-20,41.68,41.93,41.31,41.58,41.39,0.19,0.459,3742.22,15596.86,0.092,0.66,58.9323,12.0379,1691474.4
688278.SH,2023-07-21,41.4,41.4,37.05,37.79,41.58,-3.79,-9.115,56347.0,216780.661,1.3851,10.69,53.5606,10.9406,1537297.2
688278.SH,2023-07-24,37.98,38.3,34.39,35.71,37.79,-2.08,-5.5041,58886.05,212009.321,1.4475,3.88,50.6126,10.3385,1452682.8
688278.SH,2023-07-25,35.78,36.54,34.26,34.53,35.71,-1.18,-3.3044,36926.58,128276.783,0.9077,1.44,48.9402,9.9968,1404680.4
688278.SH,2023-07-26,34.39,34.87,34.12,34.17,34.53,-0.36,-1.0426,23058.65,79427.194,0.5668,0.72,48.4299,9.8926,1390035.6
688278.SH,2023-07-27,34.12,34.4,32.78,33.05,34.17,-1.12,-3.2777,38216.67,127819.219,0.9394,1.07,46.8425,9.5684,1344474.0
688278.SH,2023-07-28,33.05,34.88,32.76,34.61,33.05,1.56,4.7201,32492.74,110039.512,0.7987,0.76,49.0536,10.02,1407934.8
688278.SH,2023-07-31,34.71,35.4,33.96,34.61,34.61,0.0,0.0,24169.74,83738.409,0.5941,0.64,49.0536,10.02,1407934.8
688278.SH,2023-08-01,34.42,34.99,33.88,34.82,34.61,0.21,0.6068,16172.52,56133.747,0.3976,0.52,49.3512,10.0808,1416477.6
688278.SH,2023-08-02,34.79,34.79,33.82,34.33,34.82,-0.49,-1.4072,18944.96,64819.319,0.4657,0.71,48.6567,9.9389,1396544.4
688278.SH,2023-08-03,34.24,36.04,34.09,35.66,34.33,1.33,3.8742,21362.92,75377.42,0.5251,0.82,50.5417,10.324,1450648.8
688278.SH,2023-08-04,35.95,36.0,35.02,35.41,35.66,-0.25,-0.7011,13482.4,47762.873,0.3314,0.6,50.1874,10.2516,1440478.8
688278.SH,2023-08-07,35.28,35.7,33.92,34.09,35.41,-1.32,-3.7278,25742.81,88548.047,0.6328,1.37,48.3165,9.8695,1386781.2
688278.SH,2023-08-08,34.54,34.54,33.52,33.8,34.09,-0.29,-0.8507,15339.06,51948.352,0.3771,0.8,47.9055,9.7855,1374984.0
688278.SH,2023-08-09,33.89,34.22,33.53,34.18,33.8,0.38,1.1243,16942.5,57358.847,0.4165,0.89,48.4441,9.8955,1390442.4
688278.SH,2023-08-10,33.69,34.17,33.26,33.67,34.18,-0.51,-1.4921,7510.43,25289.997,0.1846,0.4,47.7213,9.7479,1369695.6
688278.SH,2023-08-11,33.6,34.4,33.54,33.8,33.67,0.13,0.3861,12145.73,41391.974,0.2986,0.77,47.9055,9.7855,1374984.0
688278.SH,2023-08-14,33.8,34.31,33.5,33.92,33.8,0.12,0.355,12567.11,42510.651,0.3089,0.81,48.0756,9.8202,1379865.6
688278.SH,2023-08-15,34.2,34.2,32.97,33.38,33.92,-0.54,-1.592,18159.96,60511.645,0.4464,1.41,47.3102,9.6639,1357898.4
688278.SH,2023-08-16,33.18,33.72,32.95,33.0,33.38,-0.38,-1.1384,10608.34,35378.8,0.2608,0.79,46.7717,9.5539,1342440.0
688278.SH,2023-08-17,32.9,33.98,32.86,33.65,33.0,0.65,1.9697,12464.96,41794.752,0.3064,1.02,47.6929,9.7421,1368882.0
688278.SH,2023-08-18,34.19,35.34,33.86,33.94,33.65,0.29,0.8618,29578.45,102176.988,0.7271,2.24,48.104,9.0647,1380679.2
688278.SH,2023-08-21,34.32,34.9,33.52,34.34,33.94,0.4,1.1786,21404.14,73716.146,0.5262,1.28,48.6709,9.1716,1396951.2
688278.SH,2023-08-22,34.81,34.81,33.36,33.65,34.34,-0.69,-2.0093,11310.55,38224.494,0.278,0.61,47.6929,8.9873,1368882.0
688278.SH,2023-08-23,33.65,33.65,32.95,32.99,33.65,-0.66,-1.9614,9721.51,32240.829,0.239,0.57,46.7575,8.811,1342033.2
688278.SH,2023-08-24,32.99,33.36,32.29,32.85,32.99,-0.14,-0.4244,9655.35,31674.318,0.2373,0.57,46.5591,8.7736,1336338.0
688278.SH,2023-08-25,32.85,33.13,32.01,32.45,32.85,-0.4,-1.2177,9036.36,29412.403,0.2221,0.55,45.9921,8.6668,1320066.0
688278.SH,2023-08-28,33.89,34.0,31.01,31.2,32.45,-1.25,-3.8521,26522.08,84063.336,0.652,2.17,44.2205,8.3329,1269216.0
688278.SH,2023-08-29,31.02,33.0,31.01,32.77,31.2,1.57,5.0321,21483.44,69387.726,0.5281,1.62,46.4457,8.7523,1333083.6
688278.SH,2023-08-30,32.84,34.0,32.54,33.52,32.77,0.75,2.2887,15639.97,52458.139,0.3845,1.02,47.5087,8.9526,1363593.6
688278.SH,2023-08-31,33.61,33.82,32.72,33.68,33.52,0.16,0.4773,12256.81,40930.742,0.3013,0.74,47.7354,8.9953,1370102.4
688278.SH,2023-09-01,33.91,33.91,33.01,33.44,33.68,-0.24,-0.7126,11938.56,39847.14,0.2935,0.7,47.3953,8.9312,1360339.2
688278.SH,2023-09-04,33.44,33.63,31.36,32.12,33.44,-1.32,-3.9474,28228.3,90945.202,0.6939,1.61,45.5244,8.5787,1306641.6
688278.SH,2023-09-05,32.0,32.69,31.8,32.31,32.12,0.19,0.5915,14847.5,48018.669,0.365,0.83,45.7937,8.6294,1314370.8
688278.SH,2023-09-06,32.26,32.58,31.44,31.86,32.31,-0.45,-1.3928,12642.93,40352.133,0.3108,0.76,45.1559,8.5092,1296064.8
688278.SH,2023-09-07,31.98,32.1,31.22,31.36,31.86,-0.5,-1.5694,20171.95,63624.869,0.4959,1.26,44.4473,8.3757,1275724.8
688278.SH,2023-09-08,31.58,32.24,31.06,31.69,31.36,0.33,1.0523,11890.01,37747.121,0.2923,0.68,44.915,8.4638,1289149.2
688278.SH,2023-09-11,31.98,34.38,31.75,33.9,31.69,2.21,6.9738,39267.43,132366.313,0.9653,2.24,48.0473,9.0541,1379052.0
688278.SH,2023-09-12,33.88,34.96,33.24,34.58,33.9,0.68,2.0059,29972.03,102956.166,0.7368,1.52,49.011,9.2357,1406714.4
688278.SH,2023-09-13,34.58,34.95,33.95,34.68,34.58,0.1,0.2892,17354.55,59793.195,0.4266,0.76,49.1528,9.2624,1410782.4
688278.SH,2023-09-14,34.6,34.8,33.86,34.09,34.68,-0.59,-1.7013,15613.58,53431.457,0.3838,0.66,48.3165,9.1048,1386781.2
688278.SH,2023-09-15,34.0,34.7,33.58,34.4,34.09,0.31,0.9094,20053.95,68694.827,0.493,0.88,48.7559,9.1876,1399392.0
688278.SH,2023-09-18,34.09,34.49,33.51,33.61,34.4,-0.79,-2.2965,18944.17,64078.001,0.4657,0.77,47.6362,8.9766,1367254.8
688278.SH,2023-09-19,33.63,34.04,33.11,33.46,33.61,-0.15,-0.4463,10841.71,36268.46,0.2665,0.53,47.4236,8.9365,1361152.8
688278.SH,2023-09-20,33.46,33.63,33.06,33.14,33.46,-0.32,-0.9564,8146.09,27147.972,0.2002,0.49,46.9701,8.8511,1348135.2
688278.SH,2023-09-21,33.04,33.25,32.58,32.78,33.14,-0.36,-1.0863,8352.43,27438.74,0.2053,0.57,46.4599,8.7549,1333490.4
688278.SH,2023-09-22,33.39,33.7,32.31,33.63,32.78,0.85,2.593,11510.12,38120.96,0.2829,0.87,47.6646,8.9819,1368068.4
688278.SH,2023-09-25,33.6,34.08,32.8,33.94,33.63,0.31,0.9218,14072.66,47195.458,0.3459,1.22,48.104,9.0647,1380679.2
688278.SH,2023-09-26,33.78,34.13,33.58,33.86,33.94,-0.08,-0.2357,8858.94,29966.43,0.2178,0.84,47.9906,9.0434,1377424.8
688278.SH,2023-09-27,37.0,40.44,36.88,38.44,33.86,4.58,13.5263,98710.78,381214.413,2.4265,9.69,54.4819,10.2666,1563739.2
688278.SH,2023-09-28,38.9,39.29,38.05,38.85,38.44,0.41,1.0666,44910.76,174332.18,1.104,1.59,55.063,10.3761,1580418.0
688278.SH,2023-10-09,38.84,40.19,38.5,39.64,38.85,0.79,2.0335,49376.02,195755.076,1.2138,1.39,56.1827,10.5871,1612555.2
688278.SH,2023-10-10,39.68,39.81,38.25,38.55,39.64,-1.09,-2.7497,24406.18,94454.689,0.6,0.57,54.6378,10.296,1568214.0
688278.SH,2023-10-11,38.68,39.4,38.5,39.1,38.55,0.55,1.4267,18837.16,73611.745,0.4631,0.42,55.4173,10.4429,1590588.0
688278.SH,2023-10-12,39.25,39.58,38.18,38.83,39.1,-0.27,-0.6905,17373.39,67141.024,0.4271,0.37,55.0347,10.3708,1579604.4
688278.SH,2023-10-13,38.73,39.57,38.65,39.35,38.83,0.52,1.3392,18926.55,74191.646,0.4653,0.61,55.7717,10.5097,1600758.0
688278.SH,2023-10-16,39.39,39.72,38.64,39.14,39.35,-0.21,-0.5337,18034.68,70588.414,0.4433,0.7,55.474,10.4536,1592215.2
688278.SH,2023-10-17,38.97,39.49,38.7,39.35,39.14,0.21,0.5365,12377.84,48437.141,0.3043,0.63,55.7717,10.5097,1600758.0
688278.SH,2023-10-18,39.3,39.4,38.3,38.56,39.35,-0.79,-2.0076,16926.43,65444.508,0.4161,0.99,54.652,10.2987,1568620.8
688278.SH,2023-10-19,38.3,38.9,37.73,38.55,38.56,-0.01,-0.0259,12979.78,49980.869,0.3191,0.78,54.6378,10.296,1568214.0
688278.SH,2023-10-20,39.8,42.16,38.49,40.29,38.55,1.74,4.5136,62448.01,253585.796,1.5351,3.94,57.104,9.699,1638997.2
688278.SH,2023-10-23,40.85,41.89,40.4,41.16,40.29,0.87,2.1593,40551.14,167217.087,0.9968,1.65,58.337,9.9085,1674388.8
688278.SH,2023-10-24,41.0,42.98,40.56,42.7,41.16,1.54,3.7415,45573.38,189604.805,1.1203,1.57,60.5197,10.2792,1737036.0
688278.SH,2023-10-25,42.94,42.99,41.15,41.7,42.7,-1.0,-2.3419,28037.17,117889.991,0.6892,0.79,59.1024,10.0385,1696356.0
688278.SH,2023-10-26,42.0,43.43,41.1,43.16,41.7,1.46,3.5012,33008.28,141176.244,0.8114,0.87,61.1717,10.3899,1755748.8
688278.SH,2023-10-27,43.15,43.46,42.41,43.16,43.16,0.0,0.0,19062.85,81913.786,0.4686,0.45,61.1717,10.3899,1755748.8
688278.SH,2023-10-30,43.0,44.16,42.5,43.22,43.16,0.06,0.139,27341.78,118788.821,0.6721,0.82,61.2567,10.4044,1758189.6
688278.SH,2023-10-31,43.14,44.42,42.9,43.96,43.22,0.74,1.7122,31963.92,140452.516,0.7857,1.04,62.3055,10.5825,1788292.8
688278.SH,2023-11-01,43.8,43.94,42.6,43.52,43.96,-0.44,-1.0009,21118.83,91437.536,0.5191,0.76,61.6819,10.4766,1770393.6
688278.SH,2023-11-02,43.4,43.59,42.32,43.24,43.52,-0.28,-0.6434,24117.31,103303.907,0.5929,0.91,61.2851,10.4092,1759003.2
688278.SH,2023-11-03,43.11,43.46,42.73,42.88,43.24,-0.36,-0.8326,14342.19,61748.749,0.3526,0.58,60.7748,10.3225,1744358.4
688278.SH,2023-11-06,43.18,44.27,43.0,44.0,42.88,1.12,2.6119,21043.21,92223.646,0.5173,0.89,62.3622,10.5921,1789920.0
688278.SH,2023-11-07,44.0,45.06,43.3,43.71,44.0,-0.29,-0.6591,22029.68,97180.606,0.5415,0.98,61.9512,10.5223,1778122.8
688278.SH,2023-11-08,43.68,44.37,43.14,43.26,43.71,-0.45,-1.0295,18053.87,78736.906,0.4438,0.88,61.3134,10.414,1759816.8
688278.SH,2023-11-09,43.39,43.82,42.35,42.82,43.26,-0.44,-1.0171,26864.77,115038.362,0.6604,1.35,60.6898,10.3081,1741917.6
688278.SH,2023-11-10,42.74,43.59,42.19,43.09,42.82,0.27,0.6305,16958.3,73065.239,0.4169,0.83,61.0725,10.3731,1752901.2
688278.SH,2023-11-13,43.23,43.52,42.75,43.22,43.09,0.13,0.3017,10780.12,46461.884,0.265,0.51,61.2567,10.4044,1758189.6
688278.SH,2023-11-14,43.22,44.2,42.84,43.69,43.22,0.47,1.0875,12791.38,55960.034,0.3144,0.68,61.9229,10.5175,1777309.2
688278.SH,2023-11-15,44.03,44.48,42.81,42.9,43.69,-0.79,-1.8082,17546.19,76229.774,0.4313,1.03,60.8032,10.3273,1745172.0
688278.SH,2023-11-16,43.15,43.16,42.08,42.49,42.9,-0.41,-0.9557,15859.27,67283.912,0.3899,0.93,60.2221,10.2286,1728493.2
688278.SH,2023-11-17,42.56,43.28,42.23,43.08,42.49,0.59,1.3886,12018.04,51356.43,0.2954,0.81,61.0583,10.3707,1752494.4
688278.SH,2023-11-20,43.11,43.54,41.85,42.08,43.08,-1.0,-2.3213,22771.89,96195.721,0.5598,1.65,59.641,10.1299,1711814.4
688278.SH,2023-11-21,42.93,43.1,42.01,42.47,42.08,0.39,0.9268,28019.1,119372.356,0.6888,1.73,60.1937,10.2238,1727679.6
688278.SH,2023-11-22,42.21,42.88,42.09,42.15,42.47,-0.32,-0.7535,15525.46,65911.796,0.3816,0.81,59.7402,10.1468,1714662.0
688278.SH,2023-11-23,42.3,42.99,42.06,42.98,42.15,0.83,1.9692,14982.86,63891.261,0.3683,0.8,60.9166,10.3466,1748426.4
688278.SH,2023-11-24,42.98,43.39,42.18,42.3,42.98,-0.68,-1.5821,14406.53,61141.53,0.3541,0.77,59.9528,10.1829,1720764.0
688278.SH,2023-11-27,42.31,44.5,42.28,44.42,42.3,2.12,5.0118,43893.83,193118.295,1.079,2.29,62.9575,10.6932,1807005.6
688278.SH,2023-11-28,44.22,46.5,44.06,45.7,44.42,1.28,2.8816,34956.09,159492.506,0.8593,1.5,64.7717,11.0014,1859076.0
688278.SH,2023-11-29,45.5,46.3,45.08,45.88,45.7,0.18,0.3939,16729.38,76715.116,0.4112,0.68,65.0268,11.0447,1866398.4
688278.SH,2023-11-30,45.87,46.88,45.36,46.79,45.88,0.91,1.9834,21200.81,98548.365,0.5212,0.85,66.3166,11.2638,1903417.2
688278.SH,2023-12-01,46.8,46.97,45.83,46.87,46.79,0.08,0.171,16928.15,78725.794,0.4161,0.65,66.4299,11.283,1906671.6
688278.SH,2023-12-04,46.7,47.47,45.78,47.27,46.87,0.4,0.8534,23139.61,108491.49,0.5688,0.87,66.9969,11.3793,1922943.6
688278.SH,2023-12-05,46.93,49.33,46.7,48.5,47.27,1.23,2.6021,32276.64,155769.815,0.7934,1.43,68.7402,11.6754,1972980.0
688278.SH,2023-12-06,48.3,55.55,47.79,54.45,48.5,5.95,12.268,64212.46,335500.578,1.5785,2.91,77.1732,13.1078,2215026.0
688278.SH,2023-12-07,53.91,54.65,52.44,53.33,54.45,-1.12,-2.0569,59033.54,314710.853,1.4512,1.87,75.5858,12.8381,2169464.4
688278.SH,2023-12-08,52.94,53.78,51.5,51.5,53.33,-1.83,-3.4315,58059.63,304027.276,1.4272,1.48,72.9921,12.3976,2095020.0
688278.SH,2023-12-11,51.53,53.86,51.32,53.66,51.5,2.16,4.1942,33716.91,176684.612,0.8288,0.71,76.0536,12.9176,2182888.8
688278.SH,2023-12-12,53.66,54.98,53.15,53.69,53.66,0.03,0.0559,25128.71,135460.432,0.6177,0.51,76.0961,12.9248,2184109.2
688278.SH,2023-12-13,53.33,53.59,52.11,52.9,53.69,-0.79,-1.4714,25459.24,134363.119,0.6258,0.53,74.9764,12.7346,2151972.0
688278.SH,2023-12-14,52.8,55.53,51.91,54.93,52.9,2.03,3.8374,38961.42,209157.983,0.9578,0.97,77.8536,13.2233,2234552.4
688278.SH,2023-12-15,54.81,55.09,50.9,51.66,54.93,-3.27,-5.953,46275.31,241071.703,1.1375,1.28,73.2189,12.4361,2101528.8
688278.SH,2023-12-18,51.42,53.88,51.13,53.48,51.66,1.82,3.523,25218.64,133406.529,0.6199,0.74,75.7984,12.8743,2175566.4
688278.SH,2023-12-19,53.05,53.52,52.55,53.38,53.48,-0.1,-0.187,10828.65,57451.77,0.2662,0.34,75.6567,12.8502,2171498.4
688278.SH,2023-12-20,53.38,54.6,52.35,52.58,53.38,-0.8,-1.4987,12757.16,67839.94,0.3136,0.43,74.5229,12.6576,2138954.4
688278.SH,2023-12-21,52.4,52.9,51.5,51.94,52.58,-0.64,-1.2172,15413.27,80135.624,0.3789,0.57,73.6158,12.5035,2112919.2
688278.SH,2023-12-22,51.92,52.35,50.9,51.41,51.94,-0.53,-1.0204,15275.66,78553.727,0.3755,0.69,72.8646,12.3759,2091358.8
688278.SH,2023-12-25,51.16,52.17,50.15,51.04,51.41,-0.37,-0.7197,15197.71,77476.316,0.3736,0.96,72.3402,12.2869,2076307.2
688278.SH,2023-12-26,51.08,51.68,50.3,50.7,51.04,-0.34,-0.6661,14614.0,74385.927,0.3592,1.05,71.8583,12.205,2062476.0
688278.SH,2023-12-27,50.79,51.59,50.17,50.95,50.7,0.25,0.4931,15096.24,77095.554,0.3711,1.03,72.2126,12.2652,2072646.0
688278.SH,2023-12-28,51.0,51.5,50.0,50.31,50.95,-0.64,-1.2561,21651.82,109936.143,0.5322,1.43,71.3055,12.1111,2046610.8
688278.SH,2023-12-29,50.06,52.78,50.06,52.35,50.31,2.04,4.0549,27522.31,143132.888,0.6766,1.68,74.1969,12.6022,2129598.0
688278.SH,2024-01-02,53.01,53.01,49.97,50.66,52.35,-1.69,-3.2283,24983.63,127199.079,0.6142,1.33,71.8016,12.1954,2060848.8
688278.SH,2024-01-03,50.21,51.44,50.2,51.07,50.66,0.41,0.8093,10368.86,52849.513,0.2549,0.5,72.3827,12.2941,2077527.6
688278.SH,2024-01-04,50.87,52.07,50.7,51.3,51.07,0.23,0.4504,11779.41,60617.209,0.2896,0.59,72.7087,12.3495,2086884.0
688278.SH,2024-01-05,50.98,51.48,49.99,50.32,51.3,-0.98,-1.9103,17322.21,87628.464,0.4258,0.9,71.3197,12.1135,2047017.6
688278.SH,2024-01-08,50.32,50.32,49.0,49.03,50.32,-1.29,-2.5636,17207.15,85245.159,0.423,0.94,69.4914,11.803,1994540.4
688278.SH,2024-01-09,48.65,50.05,48.5,49.26,49.03,0.23,0.4691,13046.31,64225.4,0.3207,0.8,69.8173,11.8584,2003896.8
688278.SH,2024-01-10,49.11,49.67,48.69,49.25,49.26,-0.01,-0.0203,8559.25,42131.191,0.2104,0.61,69.8032,11.856,2003490.0
688278.SH,2024-01-11,49.25,51.39,49.03,50.04,49.25,0.79,1.6041,15952.01,80252.781,0.3921,1.17,70.9229,12.0461,2035627.2
688278.SH,2024-01-12,50.15,51.08,49.0,49.11,50.04,-0.93,-1.8585,12169.24,60592.657,0.2991,0.84,69.6047,11.8223,1997794.8
688278.SH,2024-01-15,48.99,51.9,48.66,50.88,49.11,1.77,3.6042,18912.23,95965.662,0.4649,1.41,72.1134,12.2484,2069798.4
688278.SH,2024-01-16,53.0,58.68,53.0,58.48,50.88,7.6,14.9371,58673.45,329895.768,1.4423,4.27,82.8851,14.0779,2378966.4
688278.SH,2024-01-17,58.87,59.58,54.6,55.67,58.48,-2.81,-4.8051,38324.53,217120.436,0.9421,1.68,78.9024,13.4015,2264655.6
688278.SH,2024-01-18,55.2,56.55,54.26,56.0,55.67,0.33,0.5928,29891.53,165022.228,0.7348,1.04,79.3701,13.4809,2278080.0
688278.SH,2024-01-19,55.75,57.55,55.44,55.92,56.0,-0.08,-0.1429,21366.32,120263.509,0.5252,0.68,79.2567,13.4616,2274825.6
688278.SH,2024-01-22,55.8,55.91,53.13,53.39,55.92,-2.53,-4.5243,24856.83,135865.199,0.611,0.74,75.6709,12.8526,2171905.2
688278.SH,2024-01-23,53.01,55.8,52.54,54.52,53.39,1.13,2.1165,17866.48,97153.313,0.4392,0.52,77.2725,13.1246,2217873.6
688278.SH,2024-01-24,54.52,55.6,51.9,53.76,54.52,-0.76,-1.394,20551.75,109689.785,0.5052,0.78,76.1953,12.9417,2186956.8
688278.SH,2024-01-25,53.28,55.19,52.7,54.45,53.76,0.69,1.2835,18228.52,98844.176,0.4481,0.8,77.1732,13.1078,2215026.0
688278.SH,2024-01-26,54.39,55.45,52.11,52.4,54.45,-2.05,-3.7649,18405.1,98062.741,0.4524,0.89,74.2677,12.6143,2131632.0
688278.SH,2024-01-29,52.1,53.28,51.66,51.9,52.4,-0.5,-0.9542,15075.35,78808.99,0.3706,0.75,73.5591,12.4939,2111292.0
688278.SH,2024-01-30,51.68,52.92,50.88,51.79,51.9,-0.11,-0.2119,18722.69,97518.871,0.4602,1.04,73.4032,12.4674,2106817.2
688278.SH,2024-01-31,51.44,52.38,50.09,50.24,51.79,-1.55,-2.9929,17808.03,90723.06,0.4378,0.98,71.2063,12.0943,2043763.2
688278.SH,2024-02-01,49.47,53.48,49.47,51.88,50.24,1.64,3.2643,25545.88,132794.325,0.628,1.45,73.5307,12.4891,2110478.4
688278.SH,2024-02-02,51.87,52.99,49.88,50.72,51.88,-1.16,-2.2359,17656.36,90337.719,0.434,0.92,71.8866,12.2098,2063289.6
688278.SH,2024-02-05,50.73,51.98,47.35,49.33,50.72,-1.39,-2.7405,29027.78,144279.916,0.7136,1.53,69.9166,11.8752,2006744.4
688278.SH,2024-02-06,48.0,56.1,47.8,55.92,49.33,6.59,13.359,38561.73,204219.693,0.9479,1.77,79.2567,13.4616,2274825.6
688278.SH,2024-02-07,56.5,60.83,56.11,60.0,55.92,4.08,7.2961,49800.11,295213.52,1.2242,1.94,85.0394,14.4438,2440800.0
688278.SH,2024-02-08,60.12,65.48,60.0,61.66,60.0,1.66,2.7667,49287.98,310241.325,1.2116,1.53,87.3921,14.8434,2508328.8
688278.SH,2024-02-19,61.0,61.66,58.21,59.3,61.66,-2.36,-3.8274,42563.06,253468.849,1.0463,1.15,84.0473,14.2753,2412324.0
688278.SH,2024-02-20,59.3,60.58,58.45,59.34,59.3,0.04,0.0675,25266.46,150143.343,0.6211,0.6,84.104,14.2849,2413951.2
688278.SH,2024-02-21,59.19,61.83,58.0,59.32,59.34,-0.02,-0.0337,27858.96,168035.402,0.6848,0.68,84.0756,14.2801,2413137.6
688278.SH,2024-02-22,59.32,59.99,58.21,58.66,59.32,-0.66,-1.1126,21069.82,124096.173,0.5179,0.54,83.1402,14.1212,2386288.8
688278.SH,2024-02-23,58.62,59.28,57.53,58.14,58.66,-0.52,-0.8865,16151.41,93781.009,0.397,0.49,82.4032,13.9961,2365135.2
688278.SH,2024-02-26,58.2,59.7,57.55,58.78,58.14,0.64,1.1008,22052.7,129173.696,0.5421,0.83,83.3103,12.751,2391170.4
688278.SH,2024-02-27,58.78,60.35,58.42,59.98,58.78,1.2,2.0415,22796.58,135426.418,0.5604,1.01,85.011,13.0113,2439986.4
688278.SH,2024-02-28,59.91,60.87,58.14,58.14,59.98,-1.84,-3.0677,24750.02,147033.214,0.6084,1.13,82.4032,12.6122,2365135.2
688278.SH,2024-02-29,57.79,59.21,57.76,58.91,58.14,0.77,1.3244,22973.94,134656.655,0.5647,1.08,83.4945,12.7792,2396458.8
688278.SH,2024-03-01,58.86,59.42,57.81,58.88,58.91,-0.03,-0.0509,20678.81,120786.351,0.5083,0.95,83.452,12.7727,2395238.4
688278.SH,2024-03-04,58.68,59.84,58.1,59.43,58.88,0.55,0.9341,26870.57,158119.094,0.6605,1.19,84.2315,12.892,2417612.4
688278.SH,2024-03-05,59.46,61.88,58.25,58.83,59.43,-0.6,-1.0096,36285.6,217961.629,0.892,1.54,83.3811,12.7619,2393204.4
688278.SH,2024-03-06,58.5,61.0,58.5,60.24,58.83,1.41,2.3967,26999.98,162254.863,0.6637,1.03,85.3796,13.0677,2450563.2
688278.SH,2024-03-07,60.0,60.58,58.02,58.3,60.24,-1.94,-3.2205,22691.29,133810.092,0.5578,0.85,82.6299,12.6469,2371644.0
688278.SH,2024-03-08,58.69,59.26,58.3,58.77,58.3,0.47,0.8062,13602.6,80031.619,0.3344,0.51,83.2961,12.7488,2390763.6
688278.SH,2024-03-11,59.02,63.5,58.99,63.31,58.77,4.54,7.725,38528.29,237476.687,0.9471,1.52,89.7307,13.7337,2575450.8
688278.SH,2024-03-12,63.0,64.0,61.89,63.2,63.31,-0.11,-0.1737,30353.63,190608.591,0.7462,1.1,89.5748,13.7098,2570976.0
688278.SH,2024-03-13,62.86,64.6,62.69,63.88,63.2,0.68,1.0759,19301.51,122921.11,0.4745,0.73,90.5386,13.8573,2598638.4
688278.SH,2024-03-14,64.88,67.2,64.51,65.44,63.88,1.56,2.4421,37088.1,244290.079,0.9117,1.49,92.7496,14.1957,2662099.2
688278.SH,2024-03-15,64.68,67.21,64.68,65.85,65.44,0.41,0.6265,27477.43,182224.293,0.6755,0.99,93.3307,14.2847,2678778.0
688278.SH,2024-03-18,66.43,69.97,66.33,69.7,65.85,3.85,5.8466,31918.25,219295.061,0.7846,1.04,98.7874,15.1199,2835396.0
688278.SH,2024-03-19,68.9,69.58,66.89,67.33,69.7,-2.37,-3.4003,26125.18,176761.425,0.6422,0.89,95.4284,14.6057,2738984.4
688278.SH,2024-03-20,67.06,67.66,65.99,66.57,67.33,-0.76,-1.1288,18290.65,121638.609,0.4496,0.64,94.3512,14.4409,2708067.6
688278.SH,2024-03-21,66.58,67.27,65.87,66.07,66.57,-0.5,-0.7511,14944.81,99016.908,0.3674,0.53,93.6425,14.3324,2687727.6
688278.SH,2024-03-22,66.07,66.47,65.14,65.62,66.07,-0.45,-0.6811,14202.47,93286.028,0.3491,0.6,93.0047,14.2348,2669421.6
688278.SH,2024-03-25,65.04,68.53,65.04,66.54,65.62,0.92,1.402,18361.34,123225.399,0.4514,0.87,94.3087,14.4344,2706847.2
688278.SH,2024-03-26,66.02,67.89,65.82,66.83,66.54,0.29,0.4358,12388.98,83092.454,0.3045,0.67,94.7197,14.4973,2718644.4
688278.SH,2024-03-27,66.41,67.68,66.0,66.0,66.83,-0.83,-1.242,11973.94,79868.149,0.2943,0.77,93.5433,14.3172,2684880.0
688278.SH,2024-03-28,65.97,66.87,64.86,65.81,66.0,-0.19,-0.2879,18349.74,120770.034,0.4511,1.28,93.274,14.276,2677150.8
688278.SH,2024-03-29,65.32,65.58,59.27,61.95,65.81,-3.86,-5.8654,48743.37,304133.505,1.1982,3.24,45.3709,13.4306,2520126.0
688278.SH,2024-04-01,62.15,62.95,59.28,62.43,61.95,0.48,0.7748,50007.59,305997.294,1.2293,2.28,45.7225,13.5347,2539652.4
688278.SH,2024-04-02,62.5,63.92,61.8,63.37,62.43,0.94,1.5057,21361.97,134390.473,0.5251,0.76,46.4109,13.7385,2577891.6
688278.SH,2024-04-03,63.29,64.79,62.8,63.68,63.37,0.31,0.4892,16620.83,106325.203,0.4086,0.55,46.638,13.8057,2590502.4
688278.SH,2024-04-08,63.38,64.38,62.6,63.52,63.68,-0.16,-0.2513,19409.35,123191.111,0.4771,0.63,46.5208,13.771,2583993.6
688278.SH,2024-04-09,63.0,65.21,62.29,65.2,63.52,1.68,2.6448,20457.78,131160.007,0.5029,0.66,47.7512,14.1352,2652336.0
688278.SH,2024-04-10,65.01,65.17,61.88,62.33,65.2,-2.87,-4.4018,26136.59,163892.259,0.6425,1.02,45.6492,13.513,2535584.4
688278.SH,2024-04-11,62.15,63.98,62.0,62.22,62.33,-0.11,-0.1765,17382.38,109468.379,0.4273,0.84,45.5687,13.4892,2531109.6
688278.SH,2024-04-12,62.22,63.76,62.02,63.2,62.22,0.98,1.5751,11704.45,73770.662,0.2877,0.59,46.2864,13.7016,2570976.0
688278.SH,2024-04-15,63.15,66.26,63.0,66.2,63.2,3.0,4.7468,30147.32,196344.901,0.7411,1.59,48.4836,14.352,2693016.0
688278.SH,2024-04-16,65.68,66.88,65.32,65.49,66.2,-0.71,-1.0725,21492.48,141812.74,0.5283,1.02,47.9636,14.1981,2664133.2
688278.SH,2024-04-17,65.57,65.83,64.5,65.37,65.49,-0.12,-0.1832,16439.25,106789.841,0.4041,0.77,47.8757,14.1721,2659251.6
688278.SH,2024-04-18,65.1,67.2,64.51,66.35,65.37,0.98,1.4992,17923.16,118441.954,0.4406,0.92,48.5934,14.3845,2699118.0
688278.SH,2024-04-19,66.0,66.26,62.67,62.67,66.35,-3.68,-5.5463,26590.78,169090.196,0.6537,1.36,45.8983,13.5867,2549415.6
688278.SH,2024-04-22,62.25,65.49,62.0,64.67,62.67,2.0,3.1913,24775.67,159793.196,0.609,1.1,47.363,14.0203,2630775.6
688278.SH,2024-04-23,61.0,61.29,57.58,59.5,64.67,-5.17,-7.9944,51362.24,303617.72,1.2626,2.4,43.5766,12.0709,2420460.0
688278.SH,2024-04-24,59.99,59.99,58.31,59.85,59.5,0.35,0.5882,26356.27,156341.482,0.6479,0.96,43.8329,12.1419,2434698.0
688278.SH,2024-04-25,59.74,60.15,58.7,59.5,59.85,-0.35,-0.5848,21589.73,128151.875,0.5307,0.73,43.5766,12.0709,2420460.0
688278.SH,2024-04-26,59.99,61.7,59.0,61.34,59.5,1.84,3.0924,21148.48,129245.604,0.5199,0.7,44.9242,12.4441,2495311.2
688278.SH,2024-04-29,61.34,62.94,60.0,60.7,61.34,-0.64,-1.0434,25515.57,155799.804,0.6272,0.88,44.4555,12.3143,2469276.0
688278.SH,2024-04-30,60.97,62.65,60.27,60.51,60.7,-0.19,-0.313,21194.54,129804.043,0.521,0.73,44.3163,12.2758,2461546.8
688278.SH,2024-05-06,60.88,62.45,60.61,60.9,60.51,0.39,0.6445,26265.75,161048.775,0.6457,1.13,44.6019,12.3549,2477412.0
688278.SH,2024-05-07,60.9,61.0,56.6,57.9,60.9,-3.0,-4.9261,50747.32,294043.716,1.2475,2.19,42.4048,11.7463,2355372.0
688278.SH,2024-05-08,58.0,59.64,58.0,58.76,57.9,0.86,1.4853,33252.26,195452.206,0.8174,1.15,43.0346,11.9207,2390356.8
688278.SH,2024-05-09,58.7,59.77,58.13,58.89,58.76,0.13,0.2212,17790.79,105236.547,0.4373,0.57,43.1299,11.9471,2395645.2
688278.SH,2024-05-10,59.01,59.2,57.7,58.24,58.89,-0.65,-1.1038,19290.51,112265.76,0.4742,0.65,42.6538,11.8152,2369203.2
688278.SH,2024-05-13,58.01,58.8,57.13,58.06,58.24,-0.18,-0.3091,20027.66,116429.068,0.4923,0.68,42.522,11.7787,2361880.8
688278.SH,2024-05-14,58.0,58.95,57.85,57.85,58.06,-0.21,-0.3617,13248.17,77210.613,0.3257,0.47,42.3682,11.7361,2353338.0
688278.SH,2024-05-15,57.7,58.14,56.88,57.61,57.85,-0.24,-0.4149,17525.79,100662.013,0.4308,0.85,42.1924,11.6874,2343574.8
688278.SH,2024-05-16,57.84,57.98,57.0,57.02,57.61,-0.59,-1.0241,12558.06,72159.78,0.3087,0.71,41.7603,11.5677,2319573.6
688278.SH,2024-05-17,57.25,57.85,56.65,57.68,57.02,0.66,1.1575,15132.5,86574.947,0.372,0.92,42.2437,11.7016,2346422.4
688278.SH,2024-05-20,57.33,58.76,57.2,57.62,57.68,-0.06,-0.104,17106.88,99055.397,0.4205,1.09,42.1997,11.6895,2343981.6
688278.SH,2024-05-21,58.0,58.0,56.44,56.66,57.62,-0.96,-1.6661,14942.3,84857.009,0.3673,0.99,41.4966,11.4947,2304928.8
688278.SH,2024-05-22,56.73,57.21,56.3,57.05,56.66,0.39,0.6883,10105.67,57415.214,0.2484,0.65,41.7823,11.5738,2320794.0
688278.SH,2024-05-23,56.7,56.85,55.67,55.86,56.64,-0.78,-1.3771,14228.31,79704.692,0.3498,1.02,40.9107,12.3605,2272384.8
688278.SH,2024-05-24,55.82,55.89,54.6,54.6,55.86,-1.26,-2.2556,12996.87,71607.763,0.3195,0.91,39.9879,12.0817,2221128.0
688278.SH,2024-05-27,54.72,55.53,53.35,55.48,54.6,0.88,1.6117,21866.45,118413.816,0.5375,1.58,40.6324,12.2764,2256926.4
688278.SH,2024-05-28,55.06,55.46,54.28,54.5,55.48,-0.98,-1.7664,13005.66,71242.293,0.3197,0.88,39.9147,12.0596,2217060.0
688278.SH,2024-05-29,54.85,54.85,53.5,53.77,54.5,-0.73,-1.3394,14899.01,80409.69,0.3662,1.03,39.3801,11.8981,2187363.6
688278.SH,2024-05-30,53.55,54.65,53.11,54.14,53.77,0.37,0.6881,8566.32,46295.552,0.2106,0.56,39.651,11.9799,2202415.2
688278.SH,2024-05-31,54.59,55.55,54.37,54.65,54.14,0.51,0.942,12640.69,69398.491,0.3107,0.89,40.0246,12.0928,2223162.0
688278.SH,2024-06-03,56.23,56.23,52.57,53.07,54.65,-1.58,-2.8911,24206.89,129469.193,0.5951,1.71,38.8674,11.7432,2158887.6
688278.SH,2024-06-04,53.29,54.28,52.8,53.66,53.07,0.59,1.1117,18703.35,100279.934,0.4598,1.28,39.2995,11.8737,2182888.8
688278.SH,2024-06-05,53.88,54.69,53.46,53.95,53.66,0.29,0.5404,14444.4,78390.127,0.3551,0.91,39.5119,11.9379,2194686.0
688278.SH,2024-06-06,54.03,54.66,53.0,53.36,53.95,-0.59,-1.0936,14418.46,77101.054,0.3544,0.92,39.0798,11.8073,2170684.8
688278.SH,2024-06-07,54.0,54.22,52.52,52.63,53.36,-0.73,-1.3681,13148.84,69713.444,0.3232,0.78,38.5452,11.6458,2140988.4
688278.SH,2024-06-11,52.9,55.18,52.01,54.75,52.63,2.12,4.0281,19108.1,102918.015,0.4697,1.13,40.0978,12.1149,2227230.0
688278.SH,2024-06-12,55.01,55.83,54.22,54.88,54.75,0.13,0.2374,16768.33,92278.371,0.4122,1.05,40.193,12.1437,2232518.4
688278.SH,2024-06-13,54.81,58.18,54.8,57.6,54.88,2.72,4.9563,34813.09,199115.419,0.8558,2.23,42.1851,12.7455,2343168.0
688278.SH,2024-06-14,57.7,59.8,57.7,58.17,57.6,0.57,0.9896,41658.1,244916.637,1.024,2.12,42.6025,12.8717,2366355.6
688278.SH,2024-06-17,57.7,59.57,57.41,58.68,58.17,0.51,0.8767,24003.38,141379.689,0.5901,0.96,42.9761,12.9845,2387102.4
688278.SH,2024-06-18,59.2,59.2,57.85,58.23,58.68,-0.45,-0.7669,14397.34,83959.057,0.3539,0.53,42.6465,12.885,2368796.4
688278.SH,2024-06-19,58.38,58.5,56.6,56.85,58.23,-1.38,-2.3699,14719.99,84154.48,0.3618,0.56,41.6358,12.5796,2312658.0
688278.SH,2024-06-20,57.01,58.33,56.9,57.76,56.85,0.91,1.6007,15268.65,88045.141,0.3753,0.59,42.3023,12.781,2349676.8
688278.SH,2024-06-21,57.99,58.53,57.2,57.61,57.76,-0.15,-0.2597,9138.28,52823.455,0.2246,0.42,42.1924,12.7478,2343574.8
688278.SH,2024-06-24,57.37,57.8,55.69,55.93,57.61,-1.68,-2.9162,13271.27,75236.985,0.3262,0.86,40.962,12.376,2275232.4
688278.SH,2024-06-25,55.65,56.15,55.03,55.42,55.93,-0.51,-0.9119,13812.62,76638.185,0.3395,1.03,40.5885,12.2632,2254485.6
688278.SH,2024-06-26,55.03,57.38,54.93,57.26,55.42,1.84,3.3201,12465.7,70342.095,0.3064,0.94,41.9361,12.6703,2329336.8
688278.SH,2024-06-27,57.01,57.5,54.7,55.24,57.26,-2.02,-3.5278,16400.46,90882.558,0.4032,1.28,40.4567,12.2233,2247163.2
688278.SH,2024-06-28,54.9,56.37,53.33,53.55,55.24,-1.69,-3.0594,19600.89,106959.468,0.4818,1.51,39.2189,11.8494,2178414.0
688278.SH,2024-07-01,53.98,53.98,51.51,52.9,53.55,-0.65,-1.2138,16972.0,89176.88,0.4172,1.12,38.7429,11.7055,2151972.0
688278.SH,2024-07-02,52.59,53.15,52.02,52.43,52.9,-0.47,-0.8885,9405.45,49228.623,0.2312,0.59,38.3987,11.6015,2132852.4
688278.SH,2024-07-03,52.17,52.91,51.5,51.81,52.43,-0.62,-1.1825,8620.83,44851.282,0.2119,0.58,37.9446,11.4644,2107630.8
688278.SH,2024-07-04,51.84,52.2,50.8,51.2,51.81,-0.61,-1.1774,9778.41,50061.123,0.2404,0.69,37.4979,11.3294,2082816.0
688278.SH,2024-07-05,50.91,54.7,50.88,54.28,51.2,3.08,6.0156,22231.35,118130.1,0.5465,1.73,39.7536,12.0109,2208110.4
688278.SH,2024-07-08,53.8,54.15,51.76,52.2,54.28,-2.08,-3.832,16054.21,84304.359,0.3946,1.2,38.2302,11.5507,2123496.0
688278.SH,2024-07-09,51.77,53.99,51.77,53.21,52.2,1.01,1.9349,14833.86,78660.665,0.3646,1.12,38.9699,11.7741,2164582.8
688278.SH,2024-07-10,53.64,53.64,52.2,52.75,53.21,-0.46,-0.8645,10801.43,56829.869,0.2655,0.76,38.633,11.6724,2145870.0
688278.SH,2024-07-11,53.09,55.4,52.31,55.09,52.75,2.34,4.436,23698.05,129046.506,0.5825,1.61,40.3468,12.1901,2241061.2
688278.SH,2024-07-12,55.0,56.85,54.74,56.52,55.09,1.43,2.5958,16871.45,94975.246,0.4147,0.96,41.3941,12.5066,2299233.6
688278.SH,2024-07-15,56.52,56.77,55.41,56.2,56.52,-0.32,-0.5662,12310.05,68930.685,0.3026,0.75,41.1598,12.4358,2286216.0
688278.SH,2024-07-16,56.14,56.68,55.22,55.79,56.2,-0.41,-0.7295,10693.72,59394.08,0.2629,0.68,40.8595,12.345,2269537.2
688278.SH,2024-07-17,55.79,56.28,54.93,55.67,55.79,-0.12,-0.2151,12893.33,71685.497,0.3169,0.87,40.7716,12.3185,2264655.6
688278.SH,2024-07-18,55.6,56.99,55.07,56.2,55.67,0.53,0.952,12319.32,69301.427,0.3028,0.81,41.1598,12.4358,2286216.0
688278.SH,2024-07-19,56.48,57.77,55.81,57.13,56.2,0.93,1.6548,15425.77,88056.135,0.3792,1.18,41.8409,12.6415,2324048.4
688278.SH,2024-07-22,57.0,57.92,56.65,57.19,57.13,0.06,0.105,14457.72,82852.757,0.3554,1.14,41.8848,12.6548,2326489.2
688278.SH,2024-07-23,57.5,57.5,51.51,51.61,57.19,-5.58,-9.757,29021.57,155089.961,0.7134,2.21,37.7981,11.4201,2099494.8
688278.SH,2024-07-24,51.61,52.4,51.0,51.57,51.61,-0.04,-0.0775,14364.13,74240.977,0.3531,0.85,37.7688,11.4112,2097867.6
688278.SH,2024-07-25,51.49,53.08,51.18,52.27,51.57,0.7,1.3574,10252.45,53592.54,0.252,0.6,38.2815,11.5661,2126343.6
688278.SH,2024-07-26,52.27,52.49,49.33,49.76,52.27,-2.51,-4.802,20327.86,102003.258,0.4997,1.22,36.4432,11.0107,2024236.8
688278.SH,2024-07-29,49.8,49.91,48.94,49.05,49.76,-0.71,-1.4268,12107.43,59592.129,0.2976,0.68,35.9232,10.8536,1995354.0
688278.SH,2024-07-30,48.85,49.58,46.3,47.1,49.05,-1.95,-3.9755,23698.85,112070.593,0.5826,1.38,34.4951,10.4221,1916028.0
688278.SH,2024-07-31,47.1,50.0,46.58,49.95,47.1,2.85,6.051,24163.79,117176.252,0.594,1.5,36.5824,11.0528,2031966.0
688278.SH,2024-08-01,49.88,50.8,47.81,47.9,49.95,-2.05,-4.1041,19209.01,93115.249,0.4722,1.06,35.081,10.5992,1948572.0
688278.SH,2024-08-02,48.0,50.16,47.74,49.1,47.9,1.2,2.5052,19987.67,98535.152,0.4913,1.0,35.9599,10.8647,1997388.0
688278.SH,2024-08-05,48.85,51.47,48.71,50.09,49.1,0.99,2.0163,16603.87,84013.12,0.4082,0.84,36.6849,11.0838,2037661.2
688278.SH,2024-08-06,50.34,52.3,50.34,51.62,50.09,1.53,3.0545,12606.76,64912.044,0.3099,0.61,37.8055,11.4223,2099901.6
688278.SH,2024-08-07,51.89,52.37,50.89,51.97,51.62,0.35,0.678,11147.95,57668.742,0.274,0.6,38.0618,11.4998,2114139.6
688278.SH,2024-08-08,51.97,53.85,51.32,53.46,51.97,1.49,2.867,14178.14,74914.544,0.3485,0.89,39.153,11.8295,2174752.8
688278.SH,2024-08-09,53.6,54.98,52.8,53.1,53.46,-0.36,-0.6734,12499.3,66842.572,0.3073,0.84,38.8894,11.7498,2160108.0
688278.SH,2024-08-12,53.27,53.83,52.7,53.22,53.1,0.12,0.226,8276.3,44020.673,0.2034,0.62,38.9773,11.7764,2164989.6
688278.SH,2024-08-13,53.22,53.22,50.85,51.45,53.22,-1.77,-3.3258,16736.95,86228.602,0.4114,1.43,37.6809,11.3847,2092986.0
688278.SH,2024-08-14,51.38,51.38,49.9,50.1,51.45,-1.35,-2.6239,7933.76,39915.251,0.195,0.63,36.6922,11.086,2038068.0
688278.SH,2024-08-15,49.94,51.37,49.45,50.06,50.1,-0.04,-0.0798,11277.68,56688.494,0.2772,0.95,36.6629,11.0771,2036440.8
688278.SH,2024-08-16,49.75,50.72,49.13,49.78,50.06,-0.28,-0.5593,8098.26,40410.281,0.1991,0.71,36.4579,11.0152,2025050.4
688278.SH,2024-08-19,49.85,50.89,49.69,49.85,49.78,0.07,0.1406,6727.52,33699.737,0.1654,0.64,36.5091,11.0307,2027898.0
688278.SH,2024-08-20,49.5,50.23,47.85,48.65,49.85,-1.2,-2.4072,11755.89,56949.397,0.289,1.16,35.6303,10.7651,1979082.0
688278.SH,2024-08-21,48.4,49.24,46.95,47.44,48.65,-1.21,-2.4872,14792.95,70590.417,0.3636,1.62,34.7441,10.4974,1929859.2
688278.SH,2024-08-22,51.88,54.95,51.75,54.4,47.44,6.96,14.6712,60782.85,325712.22,1.4942,5.77,39.8415,10.9883,2212992.0
688278.SH,2024-08-23,54.9,55.44,53.8,55.01,54.4,0.61,1.1213,28910.79,158394.719,0.7107,1.42,40.2882,11.1115,2237806.8
688278.SH,2024-08-26,54.93,57.09,54.15,56.65,55.01,1.64,2.9813,34498.16,193614.117,0.848,1.4,41.4893,11.4428,2304522.0
688278.SH,2024-08-27,56.19,57.33,56.07,56.5,56.65,-0.15,-0.2648,17487.64,98872.515,0.4299,0.58,41.3795,11.4125,2298420.0
688278.SH,2024-08-28,56.41,57.18,55.36,55.66,56.5,-0.84,-1.4867,15192.14,84830.575,0.3735,0.49,40.7643,11.2428,2264248.8
688278.SH,2024-08-29,55.62,56.51,55.12,56.17,55.66,0.51,0.9163,15391.8,86141.486,0.3784,0.49,41.1378,11.3458,2284995.6
688278.SH,2024-08-30,55.57,56.95,55.41,55.84,56.17,-0.33,-0.5875,16870.29,94683.218,0.4147,0.76,40.8961,11.2792,2271571.2
688278.SH,2024-09-02,55.84,56.39,54.67,55.37,55.84,-0.47,-0.8417,15201.49,84161.46,0.3737,0.76,40.5519,11.1842,2252451.6
688278.SH,2024-09-03,54.67,56.08,54.67,55.28,55.37,-0.09,-0.1625,12341.07,68255.038,0.3034,0.77,40.486,11.166,2248790.4
688278.SH,2024-09-04,55.09,55.57,54.73,55.35,55.28,0.07,0.1266,11185.01,61758.511,0.275,0.75,40.5372,11.1802,2251638.0
688278.SH,2024-09-05,55.35,56.08,55.1,55.37,55.35,0.02,0.0361,7560.44,41977.817,0.1859,0.53,40.5519,11.1842,2252451.6
688278.SH,2024-09-06,55.87,55.87,53.73,53.82,55.37,-1.55,-2.7993,13308.66,72354.615,0.3272,1.05,39.4167,10.8711,2189397.6
688278.SH,2024-09-09,53.51,54.85,53.36,54.44,53.82,0.62,1.152,15958.32,86760.339,0.3923,1.34,39.8708,10.9964,2214619.2
688278.SH,2024-09-10,54.29,55.49,53.94,55.39,54.44,0.95,1.745,10478.77,57413.922,0.2576,0.87,40.5665,11.1883,2253265.2
688278.SH,2024-09-11,54.98,57.6,54.98,57.58,55.39,2.19,3.9538,21029.08,119596.303,0.5169,1.8,42.1704,11.6306,2342354.4
688278.SH,2024-09-12,57.58,58.96,57.41,58.8,57.58,1.22,2.1188,23025.81,134459.372,0.566,1.68,43.0639,11.877,2391984.0
688278.SH,2024-09-13,58.76,59.3,58.4,58.8,58.8,0.0,0.0,14969.96,88220.415,0.368,0.89,43.0639,11.877,2391984.0
688278.SH,2024-09-18,58.7,60.73,57.8,60.5,58.8,1.7,2.8912,20288.05,121439.215,0.4987,1.19,44.309,12.2204,2461140.0
688278.SH,2024-09-19,60.73,61.86,60.11,61.06,60.5,0.56,0.9256,19325.3,118084.982,0.4751,1.08,44.7191,12.3335,2483920.8
688278.SH,2024-09-20,60.71,61.59,59.7,60.88,61.06,-0.18,-0.2948,22148.76,133896.528,0.5445,1.12,44.5873,12.2972,2476598.4
688278.SH,2024-09-23,60.88,61.26,59.6,59.99,60.88,-0.89,-1.4619,15153.93,91413.762,0.3725,0.76,43.9355,12.1174,2440393.2
688278.SH,2024-09-24,60.58,61.06,57.8,58.45,59.99,-1.54,-2.5671,41991.13,246910.682,1.0322,2.28,42.8076,11.8063,2377746.0
688278.SH,2024-09-25,58.97,59.3,57.28,58.11,58.45,-0.34,-0.5817,40373.23,234616.889,0.9925,1.7,42.5586,11.7377,2363914.8
688278.SH,2024-09-26,58.0,60.52,57.35,60.5,58.11,2.39,4.1129,25144.32,147816.604,0.6181,0.9,44.309,12.2204,2461140.0
688278.SH,2024-09-27,61.0,63.25,60.53,63.25,60.5,2.75,4.5455,14274.18,88536.21,0.3509,0.49,46.323,12.7759,2573010.0
688278.SH,2024-09-30,66.38,71.98,65.02,71.65,63.25,8.4,13.2806,54585.92,377282.691,1.3418,1.99,52.475,14.4726,2914722.0
688278.SH,2024-10-08,82.69,84.88,76.04,82.5,71.65,10.85,15.1431,71216.37,580229.39,1.7506,2.02,60.4213,16.6642,3356100.0
688278.SH,2024-10-09,81.5,83.5,77.3,78.64,82.5,-3.86,-4.6788,60429.69,488978.362,1.4855,1.47,57.5944,15.8845,3199075.2
688278.SH,2024-10-10,77.0,85.2,76.88,81.1,78.64,2.46,3.1282,65399.07,537984.637,1.6076,1.45,59.396,16.3814,3299148.0
688278.SH,2024-10-11,81.1,81.96,75.1,75.86,81.1,-5.24,-6.4612,40206.33,310609.405,0.9884,0.76,55.5583,15.323,3085984.8
688278.SH,2024-10-14,75.8,78.69,74.41,78.21,75.86,2.35,3.0978,38867.35,299091.911,0.9554,0.67,57.2794,15.7977,3181582.8
688278.SH,2024-10-15,78.35,78.35,75.22,75.46,78.21,-2.75,-3.5162,25737.55,197962.144,0.6327,0.47,55.2654,15.2422,3069712.8
688278.SH,2024-10-16,74.93,76.83,74.02,75.23,75.46,-0.23,-0.3048,18720.21,141481.806,0.4602,0.41,55.0969,15.1958,3060356.4
688278.SH,2024-10-17,75.24,76.98,74.79,75.55,75.23,0.32,0.4254,15716.24,119594.721,0.3863,0.42,55.3313,15.2604,3073374.0
688278.SH,2024-10-18,75.94,86.11,75.03,83.2,75.55,7.65,10.1257,47578.66,386304.383,1.1696,1.71,60.934,16.8056,3384576.0
688278.SH,2024-10-21,83.7,83.7,79.03,79.91,83.2,-3.29,-3.9543,39069.39,315725.885,0.9604,1.33,58.5245,16.1411,3250738.8
688278.SH,2024-10-22,80.45,81.58,78.44,81.0,79.91,1.09,1.364,30932.59,248681.88,0.7604,1.05,59.3228,16.3612,3295080.0
688278.SH,2024-10-23,80.34,83.58,80.1,82.39,81.0,1.39,1.716,22065.98,181621.521,0.5424,0.73,60.3408,16.642,3351625.2
688278.SH,2024-10-24,81.98,83.25,81.6,82.21,82.39,-0.18,-0.2185,19885.61,163590.387,0.4888,0.64,60.209,16.6056,3344302.8
688278.SH,2024-10-25,83.4,84.42,78.88,83.41,82.21,1.2,1.4597,42398.55,347998.722,1.0422,1.33,61.0878,14.9836,3393118.8
688278.SH,2024-10-28,83.11,83.69,80.77,81.8,83.41,-1.61,-1.9302,23723.99,194711.697,0.5832,0.77,59.9087,14.6944,3327624.0
688278.SH,2024-10-29,82.5,82.54,80.0,81.49,81.8,-0.31,-0.379,27284.58,222263.8,0.6707,0.98,59.6816,14.6387,3315013.2
688278.SH,2024-10-30,82.08,82.29,77.65,78.83,81.49,-2.66,-3.2642,25154.99,199692.118,0.6184,0.93,57.7335,14.1609,3206804.4
688278.SH,2024-10-31,78.87,79.6,77.12,77.33,78.83,-1.5,-1.9028,22688.96,177262.139,0.5577,0.82,56.6349,13.8914,3145784.4
688278.SH,2024-11-01,77.56,79.63,77.0,78.39,77.33,1.06,1.3707,19290.12,151456.028,0.4742,0.68,57.4113,14.0819,3188905.2
688278.SH,2024-11-04,76.68,80.38,76.68,77.88,78.39,-0.51,-0.6506,20181.15,157366.419,0.4961,0.85,57.0377,13.9902,3168158.4
688278.SH,2024-11-05,78.0,79.66,76.5,79.05,77.88,1.17,1.5023,25947.56,204057.523,0.6378,1.13,57.8946,14.2004,3215754.0
688278.SH,2024-11-06,79.0,79.75,77.29,77.75,79.05,-1.3,-1.6445,20441.99,159935.053,0.5025,0.9,56.9425,13.9669,3162870.0
688278.SH,2024-11-07,77.02,80.69,77.02,80.13,77.75,2.38,3.0611,25796.09,205297.993,0.6341,1.19,58.6856,14.3944,3259688.4
688278.SH,2024-11-08,80.68,81.58,79.05,79.23,80.13,-0.9,-1.1232,22388.26,179682.363,0.5504,1.0,58.0265,14.2328,3223076.4
688278.SH,2024-11-11,79.23,80.36,77.5,78.37,79.23,-0.86,-1.0854,27074.95,212978.08,0.6656,1.18,57.3966,14.0783,3188091.6
688278.SH,2024-11-12,78.37,81.78,76.56,79.28,78.37,0.91,1.1612,35698.87,284159.343,0.8776,1.47,58.0631,14.2417,3225110.4
688278.SH,2024-11-13,78.73,80.27,76.18,77.3,79.28,-1.98,-2.4975,26214.13,203105.184,0.6444,1.0,56.613,13.8861,3144564.0
688278.SH,2024-11-14,77.3,78.0,75.1,75.42,77.3,-1.88,-2.4321,21327.26,162955.558,0.5243,0.78,55.2361,13.5483,3068085.6
688278.SH,2024-11-15,75.06,76.54,74.58,74.64,75.42,-0.78,-1.0342,18305.91,137939.998,0.45,0.69,54.6648,13.4082,3036355.2
688278.SH,2024-11-18,74.16,76.78,73.11,73.67,74.64,-0.97,-1.2996,22510.51,167691.119,0.5534,0.88,53.9544,13.234,2996895.6
688278.SH,2024-11-19,73.53,75.35,73.53,75.25,73.67,1.58,2.1447,17673.46,131765.243,0.4345,0.71,55.1116,13.5178,3061170.0
688278.SH,2024-11-20,75.21,76.45,73.68,74.32,75.25,-0.93,-1.2359,22403.87,167244.661,0.5507,1.06,54.4305,13.3507,3023337.6
688278.SH,2024-11-21,74.01,74.59,72.8,73.79,74.32,-0.53,-0.7131,15582.46,114826.023,0.383,0.76,54.0423,13.2555,3001777.2
688278.SH,2024-11-22,73.73,73.99,71.69,71.69,73.79,-2.1,-2.8459,18264.23,132663.36,0.449,0.95,52.5043,12.8783,2916349.2
688278.SH,2024-11-25,71.25,73.8,71.25,72.9,71.69,1.21,1.6878,15110.23,110015.901,0.3714,0.78,53.3905,13.0956,2965572.0
688278.SH,2024-11-26,72.25,74.85,71.5,73.13,72.9,0.23,0.3155,14762.87,108436.203,0.3629,0.83,53.5589,13.137,2974928.4
688278.SH,2024-11-27,72.2,74.6,72.2,74.59,73.13,1.46,1.9964,21301.43,157130.932,0.5236,1.24,54.6282,13.3992,3034321.2
688278.SH,2024-11-28,74.69,74.79,72.51,73.56,74.59,-1.03,-1.3809,20332.31,150033.611,0.4998,1.2,53.8739,13.2142,2992420.8
688278.SH,2024-11-29,73.52,76.84,73.0,74.5,73.56,0.94,1.2779,25321.96,190180.787,0.6225,1.41,54.5623,13.3831,3030660.0
688278.SH,2024-12-02,74.84,75.06,72.7,72.9,74.5,-1.6,-2.1477,24012.49,176896.371,0.5903,1.24,53.3905,13.0956,2965572.0
688278.SH,2024-12-03,72.9,73.87,72.23,73.3,72.9,0.4,0.5487,19906.97,145338.764,0.4894,0.94,53.6834,13.1675,2981844.0
688278.SH,2024-12-04,73.2,73.82,71.33,71.96,73.3,-1.34,-1.8281,19214.11,138938.471,0.4723,0.87,52.7021,12.9268,2927332.8
688278.SH,2024-12-05,71.64,71.94,69.51,69.84,71.96,-2.12,-2.9461,26969.16,189230.862,0.663,1.24,51.1494,12.546,2841091.2
688278.SH,2024-12-06,69.95,72.5,69.54,70.84,69.84,1.0,1.4318,20692.15,146632.88,0.5087,0.9,51.8818,12.7256,2881771.2
688278.SH,2024-12-09,70.84,71.19,69.29,70.3,70.84,-0.54,-0.7623,23095.38,162130.362,0.5677,1.04,51.4863,12.6286,2859804.0
688278.SH,2024-12-10,73.1,73.47,71.3,71.86,70.3,1.56,2.2191,28257.72,204068.39,0.6946,1.29,52.6288,12.9088,2923264.8
688278.SH,2024-12-11,72.0,72.58,68.45,68.45,71.86,-3.41,-4.7453,32328.85,224315.06,0.7947,1.37,50.1314,12.2963,2784546.0
688278.SH,2024-12-12,69.03,69.03,67.35,68.07,68.45,-0.38,-0.5551,24155.94,164247.432,0.5938,0.92,49.8531,12.228,2769087.6
688278.SH,2024-12-13,68.06,70.21,66.67,67.83,68.07,-0.24,-0.3526,60607.66,412978.666,1.4899,2.36,49.6773,12.1849,2759324.4
688278.SH,2024-12-16,67.25,70.8,66.0,69.36,67.83,1.53,2.2556,45780.07,316586.893,1.1254,1.36,50.7979,12.4597,2821564.8
688278.SH,2024-12-17,68.68,72.49,68.68,70.48,69.36,1.12,1.6148,33984.57,241970.094,0.8354,0.89,51.6181,12.6609,2867126.4
688278.SH,2024-12-18,71.1,71.97,70.15,70.64,70.48,0.16,0.227,15268.13,108166.838,0.3753,0.39,51.7353,12.6897,2873635.2
688278.SH,2024-12-19,69.51,71.79,69.51,71.4,70.64,0.76,1.0759,17961.46,127507.629,0.4415,0.5,52.2919,12.8262,2904552.0
688278.SH,2024-12-20,71.4,72.48,70.7,70.91,71.4,-0.49,-0.6863,16015.98,114332.971,0.3937,0.46,51.9331,12.7382,2884618.8
688278.SH,2024-12-23,71.48,73.6,70.9,72.05,70.91,1.14,1.6077,28762.82,208539.991,0.7071,1.11,52.768,12.943,2930994.0
688278.SH,2024-12-24,72.07,75.4,72.07,74.6,72.05,2.55,3.5392,25573.21,189693.985,0.6286,1.14,54.6355,13.401,3034728.0
688278.SH,2024-12-25,74.61,75.97,73.21,73.83,74.6,-0.77,-1.0322,15808.84,117205.351,0.3886,0.76,54.0716,13.2627,3003404.4
688278.SH,2024-12-26,74.53,75.37,73.62,74.0,73.83,0.17,0.2303,13232.7,98489.06,0.3253,0.64,54.1961,13.2932,3010320.0
688278.SH,2024-12-27,74.0,74.0,72.05,72.32,74.0,-1.68,-2.2703,15387.11,111878.482,0.3782,0.77,52.9657,12.9915,2941977.6
688278.SH,2024-12-30,72.32,74.18,72.04,73.4,72.32,1.08,1.4934,15794.98,115614.872,0.3883,0.8,53.7567,13.1855,2985912.0
688278.SH,2024-12-31,73.83,74.78,73.01,73.37,73.4,-0.03,-0.0409,18841.43,138972.298,0.4632,1.1,53.7347,13.1801,2984691.6
688278.SH,2025-01-02,73.08,74.94,72.33,73.1,73.37,-0.27,-0.368,21267.79,156904.614,0.5228,1.34,53.537,13.1316,2973708.0
688278.SH,2025-01-03,72.78,75.3,72.78,73.51,73.1,0.41,0.5609,18521.22,137475.186,0.4553,1.1,53.8372,13.2052,2990386.8
688278.SH,2025-01-06,73.71,74.6,71.55,72.31,73.51,-1.2,-1.6324,15281.2,111319.306,0.3756,0.85,52.9584,12.9897,2941570.8
688278.SH,2025-01-07,71.59,73.29,71.15,73.21,72.31,0.9,1.2446,13711.8,99479.073,0.3371,0.76,53.6175,13.1513,2978182.8
688278.SH,2025-01-08,73.0,75.79,72.77,75.21,73.21,2.0,2.7319,21434.43,159114.463,0.5269,1.22,55.0823,13.5106,3059542.8
688278.SH,2025-01-09,74.75,75.88,74.4,74.57,75.21,-0.64,-0.851,14385.59,107852.088,0.3536,0.8,54.6136,13.3956,3033507.6
688278.SH,2025-01-10,75.1,76.86,73.72,75.61,74.57,1.04,1.3947,26069.06,197133.16,0.6408,1.56,55.3752,13.5825,3075814.8
688278.SH,2025-01-13,75.02,75.69,71.18,71.61,75.61,-4.0,-5.2903,33621.49,244812.349,0.8265,1.85,52.4457,12.8639,2913094.8
688278.SH,2025-01-14,72.45,72.45,70.22,71.64,71.61,0.03,0.0419,28854.29,206017.167,0.7093,1.32,52.4677,12.8693,2914315.2
688278.SH,2025-01-15,72.3,72.95,70.7,72.37,71.64,0.73,1.019,17836.22,128654.708,0.4385,0.72,53.0023,13.0004,2944011.6
688278.SH,2025-01-16,73.16,75.78,72.05,74.6,72.37,2.23,3.0814,38023.21,282879.631,0.9347,1.57,54.6355,13.401,3034728.0
688278.SH,2025-01-17,74.0,79.77,74.0,78.9,74.6,4.3,5.7641,49830.47,389370.352,1.2249,1.73,57.7848,14.1735,3209652.0
688278.SH,2025-01-20,80.79,81.88,78.9,80.28,78.9,1.38,1.749,37775.1,304000.634,0.9286,1.12,58.7955,14.4214,3265790.4
688278.SH,2025-01-21,80.42,81.22,78.68,79.77,80.28,-0.51,-0.6353,21248.1,169195.119,0.5223,0.62,58.4219,14.3298,3245043.6
688278.SH,2025-01-22,79.49,81.56,79.29,81.03,79.77,1.26,1.5795,30355.26,245001.999,0.7462,0.92,59.3447,14.5561,3296300.4
688278.SH,2025-01-23,80.99,81.53,80.2,80.85,81.03,-0.18,-0.2221,19469.37,157692.687,0.4786,0.55,59.2129,14.5238,3288978.0
688278.SH,2025-01-24,80.5,81.18,79.31,80.09,80.85,-0.76,-0.94,22006.87,175927.888,0.541,0.69,58.6563,14.3872,3258061.2
688278.SH,2025-01-27,80.44,82.0,79.51,80.88,80.09,0.79,0.9864,22016.29,178471.436,0.5412,0.84,59.2349,14.5292,3290198.4
688278.SH,2025-02-05,80.84,81.59,79.6,81.4,80.88,0.52,0.6429,24054.46,194284.652,0.5913,1.04,59.6157,14.6226,3311352.0
688278.SH,2025-02-06,80.49,81.5,79.65,80.59,81.4,-0.81,-0.9951,27666.67,222082.316,0.6801,1.17,59.0225,14.4771,3278401.2
688278.SH,2025-02-07,80.46,81.13,79.25,80.39,80.59,-0.2,-0.2482,22302.56,178863.64,0.5482,0.97,58.876,14.4411,3270265.2
688278.SH,2025-02-10,80.39,80.41,78.85,79.9,80.39,-0.49,-0.6095,25114.02,200074.518,0.6174,1.06,58.5172,14.3531,3250332.0
688278.SH,2025-02-11,80.23,81.79,79.88,81.59,79.9,1.69,2.1151,24835.81,200941.488,0.6105,1.02,59.7549,14.6567,3319081.2
688278.SH,2025-02-12,81.0,82.85,80.33,82.7,81.59,1.11,1.3605,20672.17,169563.25,0.5082,0.83,60.5678,14.8561,3364236.0
688278.SH,2025-02-13,82.01,83.66,81.05,81.15,82.7,-1.55,-1.8742,24813.04,203919.908,0.61,1.03,59.4326,14.5777,3301182.0
688278.SH,2025-02-14,80.98,82.69,80.3,82.24,81.15,1.09,1.3432,20085.35,164540.622,0.4937,0.85,60.2309,14.7735,3345523.2
688278.SH,2025-02-17,82.26,82.5,79.06,80.5,82.24,-1.74,-2.1158,25645.15,205140.9,0.6304,1.11,58.9566,14.4609,3274740.0
688278.SH,2025-02-18,79.8,81.33,79.53,80.25,80.5,-0.25,-0.3106,14872.61,119751.913,0.3656,0.64,58.7735,14.416,3264570.0
688278.SH,2025-02-19,80.18,82.3,80.0,81.66,80.25,1.41,1.757,17725.84,144365.273,0.4357,0.84,59.8061,14.6693,3321928.8
688278.SH,2025-02-20,81.14,84.68,81.14,84.47,81.66,2.81,3.4411,26878.16,225266.037,0.6607,1.3,61.8641,15.1741,3436239.6
688278.SH,2025-02-21,84.0,86.44,83.33,86.17,84.47,1.7,2.0125,23327.21,198919.033,0.5734,1.11,63.1092,15.4794,3505395.6
688278.SH,2025-02-24,88.38,88.38,83.4,85.29,86.17,-0.88,-1.0212,21783.75,185182.974,0.5355,1.0,62.4647,15.3214,3469597.2
688278.SH,2025-02-25,84.77,86.3,84.21,84.7,85.29,-0.59,-0.6918,18299.97,155211.785,0.4499,0.87,62.0326,15.2154,3445596.0
688278.SH,2025-02-26,85.37,85.62,82.79,84.32,84.7,-0.38,-0.4486,24082.0,202406.934,0.592,1.11,61.7543,13.434,3430137.6
688278.SH,2025-02-27,84.32,84.77,82.0,82.99,84.32,-1.33,-1.5773,24982.01,206833.936,0.6141,1.09,60.7802,13.2222,3376033.2
688278.SH,2025-02-28,82.11,83.3,82.11,83.0,82.99,0.01,0.012,28771.24,238296.706,0.7073,1.28,60.7875,13.2237,3376440.0
688278.SH,2025-03-03,83.07,83.09,80.02,80.62,83.0,-2.38,-2.8675,38174.55,310622.305,0.9384,1.62,59.0445,12.8446,3279621.6
688278.SH,2025-03-04,80.49,81.2,79.61,79.85,80.62,-0.77,-0.9551,27021.51,217071.227,0.6642,1.01,58.4805,12.7219,3248298.0
688278.SH,2025-03-05,79.83,80.85,79.13,79.81,79.85,-0.04,-0.0501,20707.48,165242.394,0.509,0.72,58.4512,12.7155,3246670.8
688278.SH,2025-03-06,80.14,81.8,78.85,80.76,79.81,0.95,1.1903,34220.65,275070.813,0.8412,1.23,59.147,12.8669,3285316.8
688278.SH,2025-03-07,80.8,80.8,78.09,79.13,80.76,-1.63,-2.0183,29021.14,229046.07,0.7134,0.97,57.9532,12.6072,3219008.4
688278.SH,2025-03-10,79.57,80.08,78.2,80.08,79.13,0.95,1.2006,28539.97,225650.093,0.7016,0.96,58.649,12.7585,3257654.4
688278.SH,2025-03-11,78.5,79.5,77.8,78.14,80.08,-1.94,-2.4226,21573.1,169099.203,0.5303,0.77,57.2282,12.4494,3178735.2
688278.SH,2025-03-12,78.01,78.7,76.55,76.75,78.14,-1.39,-1.7789,34084.09,264842.249,0.8379,1.27,56.2102,12.228,3122190.0
688278.SH,2025-03-13,76.56,80.0,76.5,78.15,76.75,1.4,1.8241,64650.85,508512.791,1.5893,2.19,57.2355,12.451,3179142.0
688278.SH,2025-03-14,77.58,79.3,75.77,76.15,78.15,-2.0,-2.5592,114033.59,875453.794,2.8032,3.21,55.7707,12.1324,3097782.0
688278.SH,2025-03-17,76.62,79.5,75.91,78.97,76.15,2.82,3.7032,64629.59,504303.012,1.5887,1.23,57.836,12.5817,3212499.6
688278.SH,2025-03-18,79.0,82.11,78.1,80.8,78.97,1.83,2.3173,58523.92,474044.116,1.4386,0.98,59.1763,12.8732,3286944.0
688278.SH,2025-03-19,80.56,83.25,80.35,82.1,80.8,1.3,1.6089,45697.59,375781.251,1.1233,0.68,60.1284,13.0804,3339828.0
688278.SH,2025-03-20,82.08,83.26,81.28,81.61,82.1,-0.49,-0.5968,33292.98,274274.192,0.8184,0.48,59.7695,13.0023,3319894.8
688278.SH,2025-03-21,81.92,82.31,80.65,80.95,81.61,-0.66,-0.8087,25697.82,208742.753,0.6317,0.41,59.2862,12.8971,3293046.0
688278.SH,2025-03-24,80.95,81.88,79.66,80.33,80.95,-0.62,-0.7659,25211.44,202843.852,0.6198,0.55,58.8321,12.7984,3267824.4
688278.SH,2025-03-25,80.15,80.79,79.09,79.5,80.33,-0.83,-1.0332,19087.73,152224.36,0.4692,0.51,58.2242,12.6661,3234060.0
688278.SH,2025-03-26,79.16,79.37,77.75,78.36,79.5,-1.14,-1.434,22881.9,179238.584,0.5625,0.77,57.3893,12.4845,3187684.8
688278.SH,2025-03-27,79.2,80.9,78.24,80.62,78.36,2.26,2.8841,35697.55,285609.121,0.8775,1.41,59.0445,12.8446,3279621.6
688278.SH,2025-03-28,80.72,83.55,79.3,79.3,80.62,-1.32,-1.6373,50911.32,416290.839,1.2515,1.98,38.9792,12.6343,3225924.0
688278.SH,2025-03-31,79.3,80.48,77.77,78.0,79.3,-1.3,-1.6393,30404.94,239819.742,0.7474,0.99,38.3402,12.4271,3173040.0
688278.SH,2025-04-01,78.62,80.85,77.88,78.56,78.0,0.56,0.7179,32184.34,255206.079,0.7912,1.01,38.6154,12.5164,3195820.8
688278.SH,2025-04-02,78.0,79.96,77.85,78.24,78.56,-0.32,-0.4073,19699.7,154939.099,0.4843,0.57,38.4581,12.4654,3182803.2
688278.SH,2025-04-03,77.91,78.74,76.96,78.35,78.24,0.11,0.1406,20435.26,159527.536,0.5023,0.6,38.5122,12.4829,3187278.0
688278.SH,2025-04-07,73.79,75.65,70.77,72.44,78.35,-5.91,-7.5431,45842.82,336385.67,1.1269,1.49,35.6072,11.5413,2946859.2
688278.SH,2025-04-08,74.15,74.9,71.8,74.19,72.44,1.75,2.4158,32056.32,236048.947,0.788,1.08,36.4674,11.8201,3018049.2
688278.SH,2025-04-09,73.88,75.75,71.77,74.01,74.19,-0.18,-0.2426,28784.99,211567.913,0.7076,0.96,36.3789,11.7914,3010726.8
688278.SH,2025-04-10,74.08,76.69,74.08,75.8,74.01,1.79,2.4186,21755.94,165252.301,0.5348,0.74,37.2588,12.0766,3083544.0
688278.SH,2025-04-11,75.6,77.24,75.28,76.61,75.8,0.81,1.0686,27402.92,208916.426,0.6736,0.92,37.6569,12.2057,3116494.8
688278.SH,2025-04-14,76.61,78.52,76.2,78.03,76.61,1.42,1.8535,23303.34,180879.113,0.5728,0.75,38.3549,12.4319,3174260.4
688278.SH,2025-04-15,78.0,78.49,76.17,77.96,78.03,-0.07,-0.0897,17014.28,131818.718,0.4182,0.64,38.3205,12.4208,3171412.8
688278.SH,2025-04-16,77.05,77.69,76.28,77.45,77.96,-0.51,-0.6542,17133.72,131894.354,0.4212,0.72,38.0698,12.3395,3150666.0
688278.SH,2025-04-17,76.9,77.57,75.96,76.2,77.45,-1.25,-1.6139,15920.77,121745.764,0.3914,0.75,37.4554,12.1404,3099816.0
688278.SH,2025-04-18,75.99,77.14,75.7,75.74,76.2,-0.46,-0.6037,9704.57,73895.383,0.2386,0.48,37.2293,12.0671,3081103.2
688278.SH,2025-04-21,75.92,80.25,75.65,79.2,75.74,3.46,4.5683,44065.56,347907.289,1.0832,2.65,38.93,12.6183,3221856.0
688278.SH,2025-04-22,79.2,79.46,78.0,78.96,79.2,-0.24,-0.303,30729.06,242408.164,0.7554,1.48,38.812,12.5801,3212092.8
688278.SH,2025-04-23,77.0,77.1,71.05,73.48,78.96,-5.48,-6.9402,95326.35,692171.215,2.3433,4.05,36.1184,10.8725,2989166.4
688278.SH,2025-04-24,72.8,75.34,72.8,75.0,73.48,1.52,2.0686,34171.91,252967.425,0.84,0.87,36.8655,11.0974,3051000.0
688278.SH,2025-04-25,75.08,76.44,74.5,74.76,75.0,-0.24,-0.32,16038.13,120521.763,0.3943,0.37,36.7476,11.0619,3041236.8
688278.SH,2025-04-28,74.76,74.78,73.63,74.29,74.76,-0.47,-0.6287,27941.15,206881.581,0.6869,0.63,36.5165,10.9924,3022117.2
688278.SH,2025-04-29,74.88,76.2,74.1,75.6,74.29,1.31,1.7634,27681.13,208644.71,0.6805,0.68,37.1605,11.1862,3075408.0
688278.SH,2025-04-30,76.2,76.2,73.85,74.3,75.6,-1.3,-1.7196,34332.21,255830.482,0.844,0.85,36.5215,10.9939,3022524.0
688278.SH,2025-05-06,74.3,75.0,73.7,73.92,74.3,-0.38,-0.5114,32295.96,238966.654,0.7939,1.15,36.3347,10.9376,3007065.6
688278.SH,2025-05-07,74.1,75.7,73.55,73.84,73.92,-0.08,-0.1082,36423.63,271138.394,0.8954,1.32,36.2953,10.9258,3003811.2
688278.SH,2025-05-08,73.71,74.43,73.5,74.24,73.84,0.4,0.5417,14640.39,108414.676,0.3599,0.46,36.492,10.985,3020083.2
688278.SH,2025-05-09,73.93,75.0,73.11,73.83,73.62,0.21,0.2852,18295.95,135316.688,0.4498,0.63,36.2904,12.0277,3003404.4
688278.SH,2025-05-12,73.88,74.6,72.5,74.49,73.83,0.66,0.8939,24613.08,181762.246,0.605,0.9,36.6149,12.1352,3030253.2
688278.SH,2025-05-13,74.83,74.98,73.64,73.76,74.49,-0.73,-0.98,15366.93,113638.982,0.3778,0.61,36.256,12.0163,3000556.8
688278.SH,2025-05-14,73.78,74.35,72.68,73.11,73.76,-0.65,-0.8812,24284.82,177390.847,0.597,1.11,35.9365,11.9104,2974114.8
688278.SH,2025-05-15,73.01,73.39,72.7,72.85,73.11,-0.26,-0.3556,14585.8,106381.902,0.3585,0.75,35.8087,11.8681,2963538.0
688278.SH,2025-05-16,72.86,73.32,72.21,73.03,72.85,0.18,0.2471,14753.07,107710.616,0.3627,0.76,35.8972,11.8974,2970860.4
688278.SH,2025-05-19,72.8,73.86,72.5,72.7,73.03,-0.33,-0.4519,24770.6,180739.196,0.6089,1.32,35.735,11.8436,2957436.0
688278.SH,2025-05-20,72.82,73.23,70.51,71.26,72.7,-1.44,-1.9807,35609.76,253431.739,0.8754,1.9,35.0272,11.609,2898856.8
688278.SH,2025-05-21,70.95,71.49,70.02,70.14,71.26,-1.12,-1.5717,32740.79,231309.523,0.8048,1.44,34.4766,11.4266,2853295.2
688278.SH,2025-05-22,70.0,71.8,70.0,71.08,70.14,0.94,1.3402,23887.64,170015.581,0.5872,0.98,34.9387,11.5797,2891534.4
688278.SH,2025-05-23,71.99,75.3,70.63,74.58,71.08,3.5,4.924,47781.92,352081.1,1.1746,1.81,36.6591,12.1499,3033914.4
688278.SH,2025-05-26,74.88,76.0,73.2,74.77,74.58,0.19,0.2548,33026.27,244756.319,0.8119,1.0,36.7525,12.1809,3041643.6
688278.SH,2025-05-27,74.73,77.93,74.73,77.56,74.77,2.79,3.7314,38154.74,293991.146,0.9379,1.1,38.1239,12.6354,3155140.8
688278.SH,2025-05-28,77.98,79.62,77.38,78.76,77.56,1.2,1.5472,32804.89,258004.031,0.8064,0.93,38.7137,12.8309,3203956.8
688278.SH,2025-05-29,78.79,80.88,78.15,80.86,78.76,2.1,2.6663,27688.61,221627.076,0.6806,0.79,39.746,13.173,3289384.8
688278.SH,2025-05-30,80.0,81.0,76.89,77.25,80.86,-3.61,-4.4645,49263.21,384668.215,1.211,1.37,37.9715,12.5849,3142530.0
688278.SH,2025-06-03,76.81,77.6,74.7,75.06,77.25,-2.19,-2.835,39956.63,302000.931,0.9822,1.1,36.895,12.2281,3053440.8
688278.SH,2025-06-04,74.9,75.69,74.1,74.86,75.06,-0.2,-0.2665,28002.08,209408.653,0.6884,0.75,36.7967,12.1955,3045304.8
688278.SH,2025-06-05,74.65,75.28,74.18,74.59,74.86,-0.27,-0.3607,27356.98,204230.428,0.6725,0.77,36.664,12.1515,3034321.2
688278.SH,2025-06-06,74.62,75.19,73.61,73.64,74.59,-0.95,-1.2736,21834.91,161730.976,0.5367,0.63,36.197,11.9968,2995675.2
688278.SH,2025-06-09,74.0,74.25,72.48,73.56,73.64,-0.08,-0.1086,35355.84,259674.1,0.8691,1.06,36.1577,11.9837,2992420.8
688278.SH,2025-06-10,73.71,75.69,73.52,73.9,73.56,0.34,0.4622,40343.94,300365.072,0.9917,1.32,36.3248,12.0391,3006252.0
688278.SH,2025-06-11,73.95,75.1,73.06,73.11,73.9,-0.79,-1.069,30597.01,225967.881,0.7521,1.0,35.9365,11.9104,2974114.8
688278.SH,2025-06-12,72.9,73.74,72.85,73.33,73.11,0.22,0.3009,31726.87,232251.098,0.7799,1.02,36.0447,11.9463,2983064.4
688278.SH,2025-06-13,72.95,73.53,71.77,72.48,73.33,-0.85,-1.1591,29725.01,215223.765,0.7307,0.93,35.6269,11.8078,2948486.4
688278.SH,2025-06-16,72.68,72.68,71.0,71.15,72.48,-1.33,-1.835,21382.52,152787.033,0.5256,0.64,34.9731,11.5911,2894382.0
688278.SH,2025-06-17,71.3,73.43,70.81,70.96,71.15,-0.19,-0.267,25426.09,182359.623,0.625,0.83,34.8797,11.5602,2886652.8
688278.SH,2025-06-18,71.0,71.27,69.9,70.16,70.96,-0.8,-1.1274,17306.36,121815.159,0.4254,0.62,34.4865,11.4298,2854108.8
688278.SH,2025-06-19,70.16,71.23,68.95,70.5,70.16,0.34,0.4846,26378.72,184465.192,0.6484,1.05,34.6536,11.4852,2867940.0
688278.SH,2025-06-20,70.87,70.88,68.5,68.62,70.5,-1.88,-2.6667,23451.98,162547.583,0.5765,0.98,33.7295,11.179,2791461.6
688278.SH,2025-06-23,68.4,70.48,67.96,70.33,68.62,1.71,2.492,20134.16,139535.792,0.4949,0.88,34.57,11.4575,2861024.4
688278.SH,2025-06-24,70.33,71.28,70.07,71.24,70.33,0.91,1.2939,18543.59,131256.854,0.4558,0.82,35.0173,11.6058,2898043.2
688278.SH,2025-06-25,71.3,73.18,71.01,72.06,71.24,0.82,1.151,18046.37,130317.761,0.4436,0.85,35.4204,11.7394,2931400.8
688278.SH,2025-06-26,72.08,72.39,71.34,72.17,72.06,0.11,0.1527,16783.13,120852.929,0.4126,0.79,35.4745,11.7573,2935875.6
688278.SH,2025-06-27,72.0,73.55,72.0,72.11,72.17,-0.06,-0.0831,16657.6,120912.536,0.4095,0.86,35.445,11.7475,2933434.8
688278.SH,2025-06-30,71.92,72.45,71.02,72.11,72.11,0.0,0.0,19183.95,137844.828,0.4716,1.06,35.445,11.7475,2933434.8
688278.SH,2025-07-01,71.94,73.2,71.44,73.09,72.11,0.98,1.359,18887.99,136900.925,0.4643,1.06,35.9267,11.9072,2973301.2
688278.SH,2025-07-02,72.68,73.27,72.1,72.39,73.09,-0.7,-0.9577,11575.05,83913.376,0.2845,0.65,35.5826,11.7931,2944825.2
688278.SH,2025-07-03,72.0,72.87,71.88,72.28,72.39,-0.11,-0.152,10280.08,74355.319,0.2527,0.62,35.5285,11.7752,2940350.4
688278.SH,2025-07-04,72.36,72.88,71.37,71.9,72.28,-0.38,-0.5257,14882.41,106930.155,0.3658,0.97,35.3418,11.7133,2924892.0
688278.SH,2025-07-07,71.99,72.48,70.18,70.46,71.9,-1.44,-2.0028,13476.7,95438.504,0.3313,0.9,34.6339,11.4787,2866312.8
688278.SH,2025-07-08,71.19,71.19,69.35,69.81,70.46,-0.65,-0.9225,15355.0,107282.403,0.3775,1.11,34.3144,11.3728,2839870.8
688278.SH,2025-07-09,69.44,70.48,69.44,69.95,69.81,0.14,0.2005,8754.41,61252.621,0.2152,0.67,34.3833,11.3956,2845566.0
688278.SH,2025-07-10,69.96,70.45,69.4,70.08,69.95,0.13,0.1858,10690.15,74878.263,0.2628,0.85,34.4472,11.4168,2850854.4
688278.SH,2025-07-11,70.16,76.52,70.16,75.79,70.08,5.71,8.1478,58816.51,441250.778,1.4458,4.66,37.2539,12.347,3083137.2
688278.SH,2025-07-14,75.79,76.15,73.6,74.76,75.79,-1.03,-1.359,27152.37,202474.27,0.6675,1.27,36.7476,12.1792,3041236.8
688278.SH,2025-07-15,74.02,75.9,73.52,75.43,74.76,0.67,0.8962,22135.48,165447.428,0.5441,0.92,37.0769,12.2884,3068492.4
688278.SH,2025-07-16,76.36,76.38,74.84,75.82,75.43,0.39,0.517,16006.51,120921.967,0.3935,0.63,37.2686,12.3519,3084357.6
688278.SH,2025-07-17,76.48,78.18,75.48,76.66,75.82,0.84,1.1079,33159.23,254925.638,0.8151,1.23,37.6815,12.4888,3118528.8
688278.SH,2025-07-18,77.04,77.04,74.97,75.45,76.66,-1.21,-1.5784,21871.99,165561.949,0.5377,0.7,37.0867,12.2916,3069306.0
688278.SH,2025-07-21,75.41,82.27,75.21,78.2,75.45,2.75,3.6448,57616.28,452005.407,1.4163,2.39,38.4385,12.7396,3181176.0
688278.SH,2025-07-22,78.19,78.19,76.0,76.52,78.2,-1.68,-2.1483,29060.45,223502.372,0.7144,0.96,37.6127,12.466,3112833.6
688278.SH,2025-07-23,75.64,76.89,75.64,75.97,76.52,-0.55,-0.7188,25613.88,195053.65,0.6296,0.81,37.3423,12.3764,3090459.6
688278.SH,2025-07-24,76.03,76.61,75.07,76.22,75.97,0.25,0.3291,18993.84,143957.26,0.4669,0.57,37.4652,12.4171,3100629.6
688278.SH,2025-07-25,76.23,76.8,75.24,75.99,76.22,-0.23,-0.3018,18189.12,138412.524,0.4471,0.59,37.3522,12.3796,3091273.2
688278.SH,2025-07-28,76.01,76.44,75.0,75.55,75.99,-0.44,-0.579,16408.1,123666.349,0.4033,0.55,37.1359,12.3079,3073374.0
688278.SH,2025-07-29,75.56,77.76,74.84,77.37,75.55,1.82,2.409,27851.37,213389.238,0.6846,1.29,38.0305,12.6044,3147411.6
688278.SH,2025-07-30,77.37,88.0,77.02,84.99,77.37,7.62,9.8488,99034.31,825831.027,2.4345,4.63,41.776,13.8458,3457393.2
688278.SH,2025-07-31,87.5,93.52,87.5,91.33,84.99,6.34,7.4597,120984.46,1103810.087,2.9741,3.35,44.8924,14.8787,3715304.4
688278.SH,2025-08-01,90.81,92.98,90.15,90.73,91.33,-0.6,-0.657,54576.57,498247.513,1.3416,0.97,44.5975,14.7809,3690896.4
688278.SH,2025-08-04,90.79,90.95,87.0,89.5,90.73,-1.23,-1.3557,55435.13,491014.205,1.3627,0.87,43.9929,14.5805,3640860.0
688278.SH,2025-08-05,90.08,90.42,88.01,88.4,89.5,-1.1,-1.2291,22467.01,199392.866,0.5523,0.31,43.4522,14.4013,3596112.0
688278.SH,2025-08-06,88.03,88.6,85.99,86.74,88.4,-1.66,-1.8778,28959.86,251639.216,0.7119,0.41,42.6362,14.1309,3528583.2
688278.SH,2025-08-07,86.27,87.32,85.16,85.55,86.74,-1.19,-1.3719,19385.16,166549.257,0.4765,0.34,42.0513,13.937,3480174.0
688278.SH,2025-08-08,85.55,86.0,84.0,85.0,85.55,-0.55,-0.6429,18003.52,152871.188,0.4426,0.5,41.7809,13.8474,3457800.0
688278.SH,2025-08-11,84.8,87.49,84.6,86.4,85.0,1.4,1.6471,25774.9,221958.212,0.6336,0.89,42.4691,14.0755,3514752.0
688278.SH,2025-08-12,86.9,88.19,85.33,85.8,86.4,-0.6,-0.6944,20503.54,176556.936,0.504,0.89,42.1742,13.9778,3490344.0
688278.SH,2025-08-13,85.39,87.73,85.3,87.1,85.8,1.3,1.5152,22122.92,191677.315,0.5438,0.98,42.8132,14.1896,3543228.0
688278.SH,2025-08-14,87.1,87.39,84.91,85.5,87.1,-1.6,-1.837,19886.73,171035.91,0.4889,0.94,42.0267,13.9289,3478140.0
688278.SH,2025-08-15,85.65,86.59,84.52,85.6,85.5,0.1,0.117,19158.75,163807.088,0.471,0.9,42.0759,13.9452,3482208.0
688278.SH,2025-08-18,86.5,89.8,85.41,87.74,85.6,2.14,2.5,34451.93,300594.779,0.8469,1.6,43.1278,14.2938,3569263.2
688278.SH,2025-08-19,88.0,89.32,86.5,87.4,87.74,-0.34,-0.3875,29116.69,255819.859,0.7157,1.25,42.9606,14.2384,3555432.0
688278.SH,2025-08-20,87.41,88.88,85.18,85.86,87.4,-1.54,-1.762,33814.24,291867.912,0.8312,1.36,42.2037,13.9875,3492784.8
688278.SH,2025-08-21,84.08,89.0,84.08,86.2,85.86,0.34,0.396,35786.45,310086.556,0.8797,1.31,42.3708,12.7264,3506616.0
688278.SH,2025-08-22,86.99,86.99,84.0,85.3,86.2,-0.9,-1.0441,37418.88,317308.031,0.9198,1.23,41.9284,12.5935,3470004.0
688278.SH,2025-08-25,85.35,86.5,83.6,85.11,85.3,-0.19,-0.2227,51671.11,438253.227,1.2702,1.51,41.835,12.5655,3462274.8
688278.SH,2025-08-26,84.95,85.95,83.86,84.02,85.11,-1.09,-1.2807,24350.94,205861.864,0.5986,0.65,41.2992,12.4046,3417933.6
688278.SH,2025-08-27,84.1,84.6,82.28,82.4,84.02,-1.62,-1.9281,38785.26,324322.561,0.9534,1.06,40.5029,12.1654,3352032.0
688278.SH,2025-08-28,82.81,83.07,80.6,82.73,82.4,0.33,0.4005,38246.82,313219.47,0.9402,1.02,40.6651,12.2141,3365456.4
688278.SH,2025-08-29,82.81,83.94,81.81,83.08,82.73,0.35,0.4231,21735.89,180296.523,0.5343,0.57,40.8372,12.2658,3379694.4
688278.SH,2025-09-01,83.52,86.44,83.08,85.9,83.08,2.82,3.3943,43927.89,372503.035,1.0798,1.26,42.2233,12.6821,3494412.0
688278.SH,2025-09-02,86.86,88.47,84.09,84.6,85.9,-1.3,-1.5134,38688.53,334632.816,0.951,1.16,41.5843,12.4902,3441528.0
688278.SH,2025-09-03,85.6,86.0,84.01,85.08,84.6,0.48,0.5674,20134.02,171348.272,0.4949,0.56,41.8203,12.561,3461054.4
688278.SH,2025-09-04,86.07,86.07,80.66,81.7,85.08,-3.38,-3.9727,34342.71,284498.009,0.8442,1.06,40.1589,12.062,3323556.0
688278.SH,2025-09-05,81.98,84.8,80.8,84.74,81.7,3.04,3.7209,28227.97,235042.124,0.6939,0.89,41.6531,12.5109,3447223.2
688278.SH,2025-09-08,84.3,84.79,83.03,84.07,84.74,-0.67,-0.7907,17432.45,146347.568,0.4285,0.53,41.3238,12.4119,3419967.6
688278.SH,2025-09-09,84.0,84.43,81.73,82.1,84.07,-1.97,-2.3433,20505.63,169914.371,0.5041,0.74,40.3555,12.1211,3339828.0
688278.SH,2025-09-10,82.86,83.27,80.92,81.87,82.1,-0.23,-0.2801,27192.52,222838.34,0.6684,1.13,40.2424,12.0871,3330471.6
688278.SH,2025-09-11,80.9,83.66,80.8,82.99,81.87,1.12,1.368,25620.45,211351.156,0.6298,1.0,40.7929,12.2525,3376033.2
688278.SH,2025-09-12,83.1,83.87,81.7,81.7,82.99,-1.29,-1.5544,23037.78,189853.662,0.5663,0.97,40.1589,12.062,3323556.0
688278.SH,2025-09-15,82.35,83.26,81.13,81.41,81.7,-0.29,-0.355,19699.04,161800.97,0.4842,0.87,40.0163,12.0192,3311758.8
688278.SH,2025-09-16,81.4,82.48,80.96,81.39,81.41,-0.02,-0.0246,15605.01,127153.352,0.3836,0.67,40.0065,12.0163,3310945.2
688278.SH,2025-09-17,81.39,82.19,80.7,80.9,81.39,-0.49,-0.602,21093.73,171137.585,0.5185,0.95,39.7656,11.9439,3291012.0
688278.SH,2025-09-18,81.39,81.6,79.01,79.53,80.9,-1.37,-1.6934,30843.98,247469.158,0.7582,1.47,39.0922,11.7417,3235280.4
688278.SH,2025-09-19,79.9,79.99,78.5,79.12,79.53,-0.41,-0.5155,18819.29,148983.686,0.4626,0.85,38.8907,11.6811,3218601.6
688278.SH,2025-09-22,79.34,80.0,78.3,79.22,79.12,0.1,0.1264,19626.99,154949.546,0.4825,0.93,38.9398,11.6959,3222669.6
688278.SH,2025-09-23,79.46,79.47,77.3,78.78,79.22,-0.44,-0.5554,21643.66,168991.064,0.532,1.02,38.7236,11.6309,3204770.4
688278.SH,2025-09-24,78.96,82.17,78.54,81.39,78.78,2.61,3.313,27622.27,222655.001,0.679,1.23,40.0065,12.0163,3310945.2
688278.SH,2025-09-25,81.09,84.4,81.05,83.66,81.39,2.27,2.789,33382.03,276620.673,0.8206,1.41,41.1223,12.3514,3403288.8
688278.SH,2025-09-26,83.19,84.2,81.88,82.03,83.66,-1.63,-1.9484,15475.0,127591.523,0.3804,0.64,40.3211,12.1108,3336980.4
688278.SH,2025-09-29,82.26,84.26,81.1,83.78,82.03,1.75,2.1334,27006.81,223655.788,0.6639,1.15,41.1813,12.3691,3408170.4
688278.SH,2025-09-30,83.8,86.0,83.08,84.05,83.78,0.27,0.3223,23198.14,194517.015,0.5703,0.93,41.314,12.409,3419154.0
688278.SH,2025-10-09,84.37,86.2,81.11,81.4,84.05,-2.65,-3.1529,35115.97,288806.196,0.8632,1.39,40.0114,12.0177,3311352.0
688278.SH,2025-10-10,81.41,82.4,81.21,81.52,81.4,0.12,0.1474,18783.28,153708.822,0.4617,0.7,40.0704,12.0355,3316233.6
688278.SH,2025-10-13,81.0,89.65,80.5,83.89,81.52,2.37,2.9073,70425.6,602811.265,1.7312,2.94,41.2353,12.3854,3412645.2
688278.SH,2025-10-14,85.23,85.23,80.8,80.92,83.89,-2.97,-3.5404,33577.38,275742.945,0.8254,0.96,39.7755,11.9469,3291825.6
688278.SH,2025-10-15,81.36,82.27,79.71,80.25,80.92,-0.67,-0.828,24009.42,193347.358,0.5902,0.66,39.4461,11.848,3264570.0
688278.SH,2025-10-16,80.09,80.69,78.22,78.85,80.25,-1.4,-1.7445,27653.63,219021.443,0.6798,0.76,38.758,11.6413,3207618.0
688278.SH,2025-10-17,78.98,79.39,77.42,77.65,78.85,-1.2,-1.5219,15207.77,118852.817,0.3738,0.44,38.1681,11.4641,3158802.0
688278.SH,2025-10-20,78.07,78.51,77.07,77.81,77.65,0.16,0.2061,12932.78,100575.608,0.3179,0.38,38.2468,11.4877,3165310.8
688278.SH,2025-10-21,77.81,78.99,77.5,78.55,77.81,0.74,0.951,15843.19,123898.053,0.3895,0.7,38.6105,11.597,3195414.0
688278.SH,2025-10-22,78.59,78.93,76.9,77.31,78.55,-1.24,-1.5786,17509.08,135887.966,0.4304,0.92,38.001,11.4139,3144970.8
688278.SH,2025-10-23,74.0,74.9,70.81,72.62,77.31,-4.69,-6.0665,60061.22,437625.333,1.4764,3.37,35.6957,9.817,2954181.6
688278.SH,2025-10-24,72.81,73.3,71.05,71.69,72.62,-0.93,-1.2806,33573.18,241030.817,0.8253,1.38,35.2385,9.6913,2916349.2
688278.SH,2025-10-27,72.12,72.69,70.78,71.0,71.69,-0.69,-0.9625,32780.11,233749.461,0.8058,1.17,34.8994,9.598,2888280.0
688278.SH,2025-10-28,71.21,71.5,70.5,71.01,71.0,0.01,0.0141,14913.51,106034.462,0.3666,0.47,35.0235,9.6321,2898553.4975
688278.SH,2025-10-29,70.94,73.17,70.52,71.89,71.01,0.88,1.2393,21851.92,156839.0,0.5372,0.69,35.4575,9.7515,2934474.1717
688278.SH,2025-10-30,71.6,71.88,70.72,70.81,71.89,-1.08,-1.5023,17235.3,122640.161,0.4222,0.53,34.9249,9.4343,2890389.7079
688278.SH,2025-10-31,70.81,73.63,70.81,73.01,70.81,2.2,3.1069,26954.56,194630.261,0.6603,1.12,36.0099,9.7274,2980191.3935
688278.SH,2025-11-03,73.35,75.86,72.71,75.39,73.01,2.38,3.2598,36814.58,274291.144,0.9019,1.62,37.1838,10.0445,3077340.4897
688278.SH,2025-11-04,74.94,75.33,72.52,73.35,75.39,-2.04,-2.7059,22305.22,163239.666,0.5464,0.95,36.1776,9.7727,2994069.8358
688278.SH,2025-11-05,72.6,74.2,71.82,74.0,73.35,0.65,0.8862,16862.35,122885.373,0.4131,0.67,36.4982,9.8593,3020602.152
688278.SH,2025-11-06,73.7,74.28,73.0,73.36,74.0,-0.64,-0.8649,10619.63,77935.185,0.2602,0.44,36.1826,9.7741,2994478.0253
688278.SH,2025-11-07,73.31,73.9,72.62,73.08,73.36,-0.28,-0.3817,9464.3,69113.731,0.2319,0.42,36.0445,9.7368,2983048.7198
688278.SH,2025-11-10,73.15,76.69,73.15,76.36,73.08,3.28,4.4882,31971.8,243135.222,0.7833,1.66,37.6622,10.1738,3116934.8693
688278.SH,2025-11-11,76.56,77.19,75.71,76.14,76.36,-0.22,-0.2881,12042.09,91993.206,0.295,0.66,37.5537,10.1444,3107954.7007
688278.SH,2025-11-12,76.14,79.58,75.51,78.2,76.14,2.06,2.7055,25567.5,199222.306,0.6264,1.58,38.5698,10.4189,3192041.7336
688278.SH,2025-11-13,78.48,79.0,77.51,77.87,78.2,-0.33,-0.422,13127.69,102621.625,0.3216,0.73,38.407,10.3749,3178571.4808
688278.SH,2025-11-14,77.58,79.05,77.3,77.86,77.87,-0.01,-0.0128,13578.69,106470.348,0.3327,0.74,38.4021,10.3736,3178163.2913
688278.SH,2025-11-17,77.68,77.86,74.8,76.15,77.86,-1.71,-2.1962,16425.82,124979.935,0.4024,0.85,37.5587,10.1458,3108362.8902
688278.SH,2025-11-18,76.15,77.12,75.4,77.08,76.15,0.93,1.2213,10818.44,82573.683,0.265,0.67,38.0174,10.2697,3146324.5118
688278.SH,2025-11-19,77.3,78.33,76.57,77.78,77.08,0.7,0.9081,12122.91,94346.794,0.297,0.76,38.3626,10.363,3174897.7754
688278.SH,2025-11-20,77.78,78.63,77.4,77.8,77.78,0.02,0.0257,12076.88,94471.87,0.2959,0.91,38.3725,10.3656,3175714.1544
688278.SH,2025-11-21,77.76,79.29,76.75,78.36,77.8,0.56,0.7198,19107.2,149577.054,0.4681,1.47,38.6487,10.4402,3198572.7653
688278.SH,2025-11-24,78.11,79.01,77.0,78.48,78.36,0.12,0.1531,14514.73,113414.485,0.3556,1.03,38.7079,10.4562,3203471.039
688278.SH,2025-11-25,78.73,79.38,77.51,77.83,78.48,-0.65,-0.8282,12878.64,100844.702,0.3155,0.94,38.3873,10.3696,3176938.7228
688278.SH,2025-11-26,78.18,78.64,75.12,76.42,77.83,-1.41,-1.8116,19512.26,149322.606,0.478,1.38,37.6918,10.1818,3119384.0062
688278.SH,2025-11-27,76.0,77.7,75.5,76.68,76.42,0.26,0.3402,11898.61,91278.528,0.2915,0.76,37.8201,10.2164,3129996.9326
688278.SH,2025-11-28,76.99,77.99,76.41,77.81,76.68,1.13,1.4737,9646.3,74638.035,0.2363,0.62,38.3774,10.367,3176122.3439
688278.SH,2025-12-01,77.5,80.4,77.04,80.0,77.81,2.19,2.8145,20970.99,167161.712,0.5138,1.53,39.4576,10.6587,3265515.84
688278.SH,2025-12-02,80.0,80.84,79.33,80.33,80.0,0.33,0.4125,11485.02,92253.93,0.2814,0.77,39.6203,10.7027,3278986.0928
688278.SH,2025-12-03,80.2,83.0,80.18,82.62,80.33,2.29,2.8507,22647.24,186447.946,0.5548,1.54,40.7498,11.0078,3372461.4838
688278.SH,2025-12-04,82.69,82.91,81.6,81.78,82.62,-0.84,-1.0167,11597.56,95274.151,0.2841,0.76,40.3355,10.8959,3338173.5674
688278.SH,2025-12-05,81.96,82.49,80.33,81.57,81.78,-0.21,-0.2568,14217.75,115581.4,0.3483,0.93,40.2319,10.8679,3329601.5884
688278.SH,2025-12-08,81.94,84.1,81.94,83.18,81.57,1.61,1.9738,21739.75,181433.357,0.5326,1.34,41.026,11.0824,3395320.0946
688278.SH,2025-12-09,83.31,84.13,82.47,83.63,83.18,0.45,0.541,12844.56,107056.096,0.3147,0.79,41.2479,11.1424,3413688.6212
688278.SH,2025-12-10,83.49,83.96,82.55,83.54,83.63,-0.09,-0.1076,10740.1,89473.009,0.2631,0.65,41.2035,11.1304,3410014.9159
688278.SH,2025-12-11,83.62,84.38,83.21,83.96,83.54,0.42,0.5028,11540.33,96872.602,0.2827,0.81,41.4107,11.1863,3427158.8741
688278.SH,2025-12-12,84.01,84.8,82.95,84.01,83.96,0.05,0.0596,13833.23,116619.882,0.3389,0.97,41.4354,11.193,3429199.8215
688278.SH,2025-12-15,84.01,85.35,83.6,85.15,84.01,1.14,1.357,20652.21,175591.852,0.5059,1.46,41.9976,11.3449,3475733.4222
688278.SH,2025-12-16,85.15,85.5,82.96,83.3,85.15,-1.85,-2.1726,20259.86,170225.208,0.4963,1.46,41.0852,11.0984,3400218.3684
688278.SH,2025-12-17,83.12,84.48,82.51,83.54,83.3,0.24,0.2881,12654.91,105796.112,0.31,0.82,41.2035,11.1304,3410014.9159
688278.SH,2025-12-18,83.12,84.75,82.28,82.95,83.54,-0.59,-0.7062,13544.81,112357.847,0.3318,0.86,40.9125,11.0518,3385931.7366
688278.SH,2025-12-19,82.78,85.57,82.78,85.0,82.95,2.05,2.4714,21859.85,185495.366,0.5355,1.35,41.9236,11.3249,3469610.58
688278.SH,2025-12-22,85.3,85.5,84.04,84.44,85.0,-0.56,-0.6588,11475.57,97348.248,0.2811,0.64,41.6474,11.2503,3446751.9691
688278.SH,2025-12-23,84.52,84.93,84.0,84.46,84.44,0.02,0.0237,7768.12,65627.309,0.1903,0.49,41.6573,11.253,3447568.3481
688278.SH,2025-12-24,84.46,84.95,83.52,83.52,84.46,-0.94,-1.113,7582.14,63701.931,0.1858,0.56,41.1937,11.1277,3409198.537
688278.SH,2025-12-25,83.62,83.89,80.35,80.9,83.52,-2.62,-3.137,19704.55,160408.049,0.4827,1.58,39.9014,10.7786,3302252.8932
688278.SH,2025-12-26,80.8,83.2,80.8,82.61,80.9,1.71,2.1137,14267.97,117797.498,0.3495,1.04,40.7449,11.0065,3372053.2943
688278.SH,2025-12-29,82.35,83.07,81.4,82.98,82.61,0.37,0.4479,12759.23,105124.447,0.3126,1.05,40.9273,11.0558,3387156.305
688278.SH,2025-12-30,82.88,84.5,82.4,83.61,82.98,0.63,0.7592,14083.49,117760.212,0.345,1.13,41.2381,11.1397,3412872.2423
688278.SH,2025-12-31,83.31,84.36,82.51,83.68,83.61,0.07,0.0837,10715.23,89391.479,0.2625,0.78,41.2726,11.149,3415729.5686
688278.SH,2026-01-05,83.94,85.16,82.65,83.4,83.68,-0.28,-0.3346,22296.48,186806.064,0.5462,1.56,41.1345,11.1117,3404300.2632
688278.SH,2026-01-06,83.7,84.35,82.01,83.29,83.4,-0.11,-0.1319,19021.2,157348.689,0.466,1.28,41.0802,11.0971,3399810.1789
688278.SH,2026-01-07,82.44,85.15,82.44,84.3,83.29,1.01,1.2126,20953.13,176415.955,0.5133,1.33,41.5784,11.2316,3441037.3164
688278.SH,2026-01-08,84.3,84.3,80.3,82.07,84.3,-2.23,-2.6453,36298.4,296531.033,0.8893,2.08,40.4785,10.9345,3350011.0624
688278.SH,2026-01-09,82.21,82.68,80.08,80.59,82.07,-1.48,-1.8033,22609.11,182614.152,0.5539,1.03,39.7486,10.7373,3289599.0193
688278.SH,2026-01-12,80.2,81.13,76.4,76.96,80.59,-3.63,-4.5043,41559.87,322801.9,1.0182,1.71,37.9582,10.2537,3141426.2381
688278.SH,2026-01-13,77.2,77.6,76.3,76.58,76.96,-0.38,-0.4938,24169.25,185552.946,0.5921,0.86,37.7707,10.2031,3125915.0378
688278.SH,2026-01-14,76.0,76.94,74.38,74.94,76.58,-1.64,-2.1416,29721.94,224891.702,0.7281,1.02,36.9619,9.9846,3058971.9631
688278.SH,2026-01-15,74.44,77.16,74.3,76.18,74.94,1.24,1.6547,34424.4,262220.394,0.8433,1.12,37.5735,10.1498,3109587.4586
688278.SH,2026-01-16,76.52,76.8,74.81,75.9,76.18,-0.28,-0.3676,26231.51,198286.325,0.6426,0.86,37.4354,10.1125,3098158.1532
688278.SH,2026-01-19,75.46,76.17,75.1,75.31,75.9,-0.59,-0.7773,17666.38,133484.688,0.4328,0.57,37.1444,10.0339,3074074.9739
688278.SH,2026-01-20,75.31,75.89,74.72,75.11,75.31,-0.2,-0.2656,16633.52,124853.519,0.4075,0.63,37.0457,10.0072,3065911.1843
688278.SH,2026-01-21,76.39,79.8,76.39,78.13,75.11,3.02,4.0208,40696.28,317369.842,0.997,1.63,38.5352,10.4096,3189184.4072
688278.SH,2026-01-22,76.92,78.3,75.35,76.41,78.13,-1.72,-2.2015,21295.12,162653.088,0.5217,0.78,37.6869,10.1804,3118975.8167
688278.SH,2026-01-23,76.5,77.08,75.19,75.88,76.41,-0.53,-0.6936,22458.32,170627.272,0.5502,0.92,37.4255,10.1098,3097341.7742
688278.SH,2026-01-26,76.01,76.7,74.24,74.98,75.88,-0.9,-1.1861,20133.31,151027.514,0.4932,0.85,36.9816,9.9899,3060604.721
688278.SH,2026-01-27,75.19,77.1,74.5,76.0,74.98,1.02,1.3604,22017.5,167586.751,0.5394,0.91,37.4847,10.1258,3102240.048
688278.SH,2026-01-28,75.64,76.88,75.41,76.4,76.0,0.4,0.5263,15153.61,115533.989,0.3712,0.6,37.682,10.1791,3118567.6272
688278.SH,2026-01-29,76.01,76.99,75.73,75.99,76.4,-0.41,-0.5366,15093.38,115281.223,0.3698,0.75,37.4797,10.1245,3101831.8585
688278.SH,2026-01-30,76.82,76.83,75.3,75.99,75.99,0.0,0.0,14988.59,114301.438,0.3672,0.79,37.4797,10.1245,3101831.8585
688278.SH,2026-02-02,75.56,76.49,73.91,74.21,75.99,-1.78,-2.3424,18636.25,140329.669,0.4566,1.07,36.6018,9.8873,3029174.1311
688278.SH,2026-02-03,74.47,75.55,73.77,74.6,74.21,0.39,0.5255,13422.77,100095.856,0.3288,0.78,36.7942,9.9393,3045093.5208
688278.SH,2026-02-04,74.6,74.6,71.0,72.73,74.6,-1.87,-2.5067,26350.89,190584.254,0.6456,1.7,35.8718,9.6901,2968762.088
688278.SH,2026-02-05,73.0,73.0,68.52,69.77,72.73,-2.96,-4.0698,42711.56,297375.072,1.0464,2.41,34.4119,9.2957,2847938.002
688278.SH,2026-02-06,69.78,69.78,68.1,69.11,69.77,-0.66,-0.946,29589.83,203595.546,0.7249,1.27,34.0864,9.2078,2820997.4963
688278.SH,2026-02-09,69.98,69.99,68.41,68.82,69.11,-0.29,-0.4196,21124.23,145184.056,0.5175,0.81,33.9434,9.1692,2809160.0014
688278.SH,2026-02-10,69.26,69.26,68.5,68.86,68.82,0.04,0.0581,18063.64,124187.389,0.4425,0.68,33.9631,9.1745,2810792.7593
688278.SH,2026-02-11,74.2,74.2,70.6,73.0,68.86,4.14,6.0122,50504.43,367302.887,1.2373,1.83,36.005,8.6219,2979783.204
688278.SH,2026-02-12,73.0,73.68,71.88,72.21,73.0,-0.79,-1.0822,17169.68,125087.31,0.4206,0.53,35.6154,8.5286,2947536.2351
688278.SH,2026-02-13,72.1,73.45,71.66,72.39,72.21,0.18,0.2493,15194.0,110296.895,0.3722,0.56,35.7042,8.5498,2954883.6457
688278.SH,2026-02-24,72.48,74.44,70.03,74.1,72.39,1.71,2.3622,43809.73,319267.856,1.0733,1.79,36.5476,8.7518,3024684.0468
688278.SH,2026-02-25,74.0,76.71,73.93,76.54,74.1,2.44,3.2928,28280.38,213979.468,0.6928,0.98,37.751,9.04,3124282.2799
688278.SH,2026-02-26,76.11,76.5,75.04,75.65,76.54,-0.89,-1.1628,19945.33,151065.898,0.4886,0.64,37.312,8.9349,3087953.4162
688278.SH,2026-02-27,75.58,76.0,74.47,75.13,75.65,-0.52,-0.6874,12422.79,93448.111,0.3043,0.5,37.0556,8.8734,3066727.5632
688278.SH,2026-03-02,74.82,74.85,72.45,73.77,75.13,-1.36,-1.8102,26475.08,194881.676,0.6486,1.11,36.3848,8.7128,3011213.794
688278.SH,2026-03-03,73.77,74.39,72.5,73.25,73.77,-0.52,-0.7049,18905.34,138509.71,0.4632,0.72,36.1283,8.6514,2989987.941
688278.SH,2026-03-04,73.0,73.6,70.6,70.89,73.25,-2.36,-3.2218,17346.3,123966.85,0.425,0.82,34.9643,8.3727,2893655.2237
688278.SH,2026-03-05,70.89,71.88,69.86,70.07,70.89,-0.82,-1.1567,16231.17,114509.38,0.3976,0.85,34.5599,8.2758,2860183.6864
688278.SH,2026-03-06,70.23,72.47,69.9,71.5,70.07,1.43,2.0408,17412.14,124567.689,0.4266,0.95,35.2652,8.4447,2918554.782
688278.SH,2026-03-09,70.85,71.16,69.42,70.13,71.5,-1.37,-1.9161,19714.58,138313.688,0.483,1.02,34.5895,8.2829,2862632.8232
688278.SH,2026-03-10,70.58,71.42,68.75,69.37,70.13,-0.76,-1.0837,29925.03,208453.712,0.7331,1.67,34.2146,8.1931,2831610.4228
688278.SH,2026-03-11,69.37,70.45,68.99,69.24,69.37,-0.13,-0.1874,21474.9,149191.757,0.5261,1.07,34.1505,8.1778,2826303.9595
688278.SH,2026-03-12,69.0,69.41,68.21,68.92,69.24,-0.32,-0.4622,14207.15,97529.479,0.3481,0.68,33.9927,8.14,2813241.8962
688278.SH,2026-03-13,69.19,71.38,69.19,70.79,68.92,1.87,2.7133,29396.78,207800.1,0.7202,1.43,34.915,8.3608,2889573.3289
688278.SH,2026-03-16,70.72,70.85,69.36,70.33,70.79,-0.46,-0.6498,16802.05,118075.396,0.4116,0.73,34.6881,8.3065,2870796.6128
688278.SH,2026-03-17,70.36,71.21,69.6,69.71,70.33,-0.62,-0.8816,16931.66,119059.379,0.4148,0.76,34.3823,8.2333,2845488.8651
688278.SH,2026-03-18,69.91,69.92,68.68,69.01,69.71,-0.7,-1.0042,11699.05,80692.672,0.2866,0.59,34.0371,8.1506,2816915.6015
688278.SH,2026-03-19,68.58,69.01,67.63,67.74,69.01,-1.27,-1.8403,19193.69,130550.266,0.4702,1.08,33.4107,8.0006,2765075.5375
688278.SH,2026-03-20,67.85,68.5,66.62,66.66,67.74,-1.08,-1.5943,16764.64,112692.666,0.4107,0.89,32.878,7.8731,2720991.0737
688278.SH,2026-03-23,65.59,66.3,63.9,64.39,66.66,-2.27,-3.4053,20920.82,135774.024,0.5125,1.29,31.7584,7.605,2628332.0617
688278.SH,2026-03-24,65.3,65.98,64.61,65.66,64.39,1.27,1.9724,17367.88,113633.411,0.4255,1.02,32.3848,7.755,2680172.1257
688278.SH,2026-03-25,66.22,66.5,65.27,65.98,65.66,0.32,0.4874,14774.1,97259.66,0.3619,0.86,32.5426,7.7928,2693234.189
688278.SH,2026-03-26,65.98,67.14,65.65,66.3,65.98,0.32,0.485,13373.0,89020.212,0.3276,0.75,32.7004,7.8305,2706296.2524
688278.SH,2026-03-27,66.88,68.97,66.88,67.91,66.3,1.61,2.4284,23541.76,159970.653,0.5767,1.41,26.8805,8.0358,2772014.7587
688278.SH,2026-03-30,67.28,68.0,65.06,65.24,67.91,-2.67,-3.9317,28204.07,186406.312,0.691,1.57,25.8236,7.7199,2663028.1675
688278.SH,2026-03-31,65.19,66.15,64.8,64.8,65.24,-0.44,-0.6744,17514.23,114327.694,0.4291,0.9,25.6495,7.6678,2645067.8304
688278.SH,2026-04-01,65.07,67.1,64.42,66.8,64.8,2.0,3.0864,33386.17,220874.381,0.8179,1.71,26.4411,7.9045,2726705.7264
688278.SH,2026-04-02,66.72,67.8,66.05,66.4,66.8,-0.4,-0.5988,35035.73,233968.387,0.8583,1.51,26.2828,7.8571,2710378.1472
688278.SH,2026-04-03,65.86,65.97,63.68,64.0,66.4,-2.4,-3.6145,23023.05,148466.154,0.564,0.84,25.3328,7.5731,2612412.672
688278.SH,2026-04-07,63.97,64.7,61.65,63.62,64.0,-0.38,-0.5938,27458.34,172697.928,0.6727,1.0,25.1824,7.5282,2596901.4718
688278.SH,2026-04-08,63.91,64.78,63.6,64.76,63.62,1.14,1.7919,22201.58,142624.281,0.5439,0.81,25.6337,7.6631,2643435.0725
688278.SH,2026-04-09,64.41,66.0,63.04,64.44,64.76,-0.32,-0.4941,30337.65,195035.965,0.7432,1.08,25.507,7.6252,2630373.0091
688278.SH,2026-04-10,64.44,65.15,64.02,64.58,64.44,0.14,0.2173,26219.82,169609.766,0.6423,0.95,25.5624,7.6418,2636087.6618
688278.SH,2026-04-13,64.32,64.32,63.13,63.5,64.58,-1.08,-1.6723,20410.31,129397.965,0.5,0.79,25.1349,7.514,2592003.198
688278.SH,2026-04-14,64.0,64.0,62.8,63.3,63.5,-0.2,-0.315,18877.11,119241.6,0.4625,0.75,25.0557,7.4903,2583839.4084
688278.SH,2026-04-15,63.9,65.14,63.5,64.99,63.3,1.69,2.6698,27101.32,174284.082,0.6639,1.15,25.7247,7.6903,2652823.4305
688278.SH,2026-04-16,64.88,65.1,63.52,65.0,64.99,0.01,0.0154,25238.69,162936.815,0.6183,1.03,25.7286,7.6915,2653231.62
688278.SH,2026-04-17,65.3,65.32,63.88,64.6,65.0,-0.4,-0.6154,21715.84,139926.483,0.532,0.92,25.5703,7.6441,2636904.0408
688278.SH,2026-04-20,65.0,65.0,63.77,63.79,64.6,-0.81,-1.2539,21307.78,136489.931,0.522,0.94,25.2497,7.5483,2603840.6929
688278.SH,2026-04-21,63.7,64.23,62.91,63.16,63.79,-0.63,-0.9876,15412.5,97522.505,0.3776,0.67,25.0003,7.4737,2578124.7557
688278.SH,2026-04-22,63.31,63.31,62.55,63.03,63.16,-0.13,-0.2058,15153.51,95162.322,0.3712,0.68,24.9489,7.4584,2572818.2924
688278.SH,2026-04-23,63.03,63.03,60.91,61.15,63.03,-1.88,-2.9827,29987.72,184607.801,0.7347,1.52,24.2047,7.2359,2496078.6702
688278.SH,2026-04-24,61.1,61.3,58.04,58.5,61.15,-2.65,-4.3336,41400.73,245135.379,1.0143,2.0,23.1558,6.9223,2387908.458
688278.SH,2026-04-27,58.1,58.58,55.71,58.0,58.5,-0.5,-0.8547,55051.68,316459.003,1.3487,2.23,22.9579,6.8632,2367498.984
688278.SH,2026-04-28,58.3,59.24,58.0,58.85,58.0,0.85,1.4655,30241.21,177165.868,0.7409,0.96,23.2943,6.9637,2402195.0898
688278.SH,2026-04-29,55.57,59.88,54.54,59.35,58.85,0.5,0.8496,46749.06,271290.793,1.1453,1.36,23.4922,6.6731,2422604.5638
688278.SH,2026-04-30,59.22,59.22,57.01,58.25,59.35,-1.1,-1.8534,50104.13,290181.421,1.2275,1.23,23.0568,6.5495,2377703.721
688278.SH,2026-05-06,58.22,58.49,55.66,56.44,58.25,-1.81,-3.1073,60171.62,340869.514,1.4741,1.35,22.3404,6.3459,2303821.4251
688278.SH,2026-05-07,56.57,56.78,55.77,56.78,56.44,0.34,0.6024,41433.96,232864.457,1.0151,0.85,22.475,6.3842,2317699.8674
688278.SH,2026-05-08,56.58,57.16,56.02,57.16,56.78,0.38,0.6692,24481.46,138489.727,0.5998,0.54,22.6254,6.4269,2333211.0677
688278.SH,2026-05-11,57.0,58.32,56.5,58.15,57.16,0.99,1.732,41223.47,237267.178,1.0099,0.92,23.0172,6.5382,2373621.8262
688278.SH,2026-05-12,58.72,60.0,58.68,58.95,58.15,0.8,1.3758,51478.3,305206.721,1.2611,1.18,23.3339,6.6282,2406276.9846
688278.SH,2026-05-13,59.16,59.75,58.04,59.1,58.95,0.15,0.2545,38473.03,226336.515,0.9425,0.88,23.3933,6.645,2412399.8268
688278.SH,2026-05-14,59.73,60.59,59.23,59.25,59.1,0.15,0.2538,45670.99,273582.959,1.1189,1.16,23.4527,6.6619,2418522.669
688278.SH,2026-05-15,58.5,59.63,57.7,57.8,59.25,-1.45,-2.4473,33875.39,197741.975,0.8299,0.84,22.8787,6.4989,2359335.1944
688278.SH,2026-05-18,57.8,58.1,56.0,57.65,57.8,-0.15,-0.2595,36314.15,206674.048,0.8896,0.86,22.8193,6.482,2353212.3522
688278.SH,2026-05-19,57.87,58.78,57.05,58.26,57.65,0.61,1.0581,32132.8,186246.859,0.7872,0.78,23.0608,6.5506,2378111.9105
688278.SH,2026-05-20,58.28,58.46,57.61,57.9,58.26,-0.36,-0.6179,19966.67,115670.437,0.4892,0.54,22.9183,6.5101,2363417.0892
688278.SH,2026-05-21,58.0,60.46,57.77,58.27,57.9,0.37,0.639,42651.65,253001.417,1.0449,1.27,23.0647,6.5517,2378520.1
688278.SH,2026-05-22,58.08,58.76,57.1,57.52,58.27,-0.75,-1.2871,26367.38,151645.838,0.646,0.8,22.7679,6.4674,2347905.889
688278.SH,2026-05-25,57.35,57.88,56.07,56.44,57.52,-1.08,-1.8776,23784.8,134329.881,0.5827,0.76,22.3404,6.3459,2303821.4251
688278.SH,2026-05-26,56.21,57.9,55.66,56.9,56.44,0.46,0.815,37051.04,210101.328,0.9077,1.28,22.5225,6.3977,2322598.1412
688278.SH,2026-05-27,56.31,56.58,55.3,55.5,56.9,-1.4,-2.4605,34775.95,194008.488,0.852,1.16,21.9683,6.2403,2265451.614
688278.SH,2026-05-28,55.2,55.88,54.6,55.69,55.5,0.19,0.3423,25358.51,139527.776,0.6212,0.77,22.0435,6.2616,2273207.2141
688278.SH,2026-05-29,55.46,57.38,55.01,56.55,55.08,1.47,2.6688,31847.96,179161.774,0.7802,1.08,22.3839,6.8305,2308311.5094
688278.SH,2026-06-01,56.37,57.04,55.1,56.0,56.55,-0.55,-0.9726,32223.15,179652.057,0.7894,1.05,22.1662,6.764,2285861.088
688278.SH,2026-06-02,55.61,56.48,54.6,55.15,56.0,-0.85,-1.5179,24988.34,137969.176,0.6122,0.77,21.8298,6.6614,2251164.9822
688278.SH,2026-06-03,55.14,55.3,53.88,55.11,55.15,-0.04,-0.0725,32142.43,175637.614,0.7874,1.08,21.8139,6.6565,2249532.2243
688278.SH,2026-06-04,54.88,55.77,53.71,54.1,55.11,-1.01,-1.8327,27435.25,149677.921,0.6721,0.94,21.4142,6.5345,2208305.0868
688278.SH,2026-06-05,54.09,55.09,53.05,54.99,54.1,0.89,1.6451,26190.26,142147.496,0.6416,0.88,21.7664,6.642,2244633.9505
688278.SH,2026-06-08,54.99,57.35,54.43,57.35,54.99,2.36,4.2917,50228.75,282606.985,1.2305,1.76,22.7006,6.9271,2340966.6678
688278.SH,2026-06-09,57.35,57.87,56.18,56.68,57.35,-0.67,-1.1683,31671.54,179729.599,0.7759,0.98,22.4354,6.8462,2313617.9726
688278.SH,2026-06-10,56.34,57.24,55.81,57.0,56.68,0.32,0.5646,19968.48,112897.038,0.4892,0.6,22.562,6.8848,2326680.036
688278.SH,2026-06-11,56.75,58.8,56.75,58.48,57.0,1.48,2.5965,40814.39,237343.9,0.9999,1.31,23.1479,7.0636,2387092.079
688278.SH,2026-06-12,58.0,60.68,57.28,59.33,58.48,0.85,1.4535,70695.88,416627.231,1.7319,2.09,23.4843,6.6709,2421788.3035
688278.SH,2026-06-15,59.57,59.57,55.25,56.99,59.33,-2.34,-3.944,68472.79,389196.078,1.6775,1.6,22.5581,6.4078,2326271.9605
688278.SH,2026-06-16,56.66,56.66,55.08,55.89,56.99,-1.1,-1.9302,43329.73,242023.15,1.0615,0.94,22.1227,6.2841,2281371.1155
688278.SH,2026-06-17,55.55,55.88,54.21,54.56,55.89,-1.33,-2.3797,46441.49,253775.705,1.1377,0.95,21.5962,6.1346,2227081.912
688278.SH,2026-06-18,54.49,56.13,53.62,55.82,54.56,1.26,2.3094,36331.51,200484.735,0.8901,0.67,22.095,6.2762,2278513.789
688278.SH,2026-06-22,55.7,55.7,52.92,53.79,55.82,-2.03,-3.6367,43435.33,233230.016,1.0641,0.82,21.2914,6.048,2195651.3205
688278.SH,2026-06-23,53.23,55.0,53.23,54.37,53.79,0.58,1.0783,29538.3,160577.97,0.7236,0.62,21.521,6.1132,2219326.3115
688278.SH,2026-06-24,54.73,56.53,54.1,54.75,54.37,0.38,0.6989,40594.18,223782.452,0.9945,1.02,21.6714,6.1559,2234837.5125
688278.SH,2026-06-25,54.4,54.75,52.9,54.14,54.75,-0.61,-1.1142,28839.84,155072.014,0.7065,0.73,21.43,6.0873,2209937.953
688278.SH,2026-06-26,54.11,54.6,52.55,52.93,54.14,-1.21,-2.2349,29987.04,159660.214,0.7346,0.84,20.951,5.9513,2160547.0235
688278.SH,2026-06-29,52.51,56.0,50.0,55.4,52.93,2.47,4.6665,56697.99,305649.862,1.389,1.64,21.9287,6.229,2261369.83
688278.SH,2026-06-30,55.26,55.88,53.02,54.4,55.4,-1.0,-1.8051,33823.45,183094.843,0.8286,0.91,21.5329,6.1166,2220550.88
688278.SH,2026-07-01,54.94,57.5,52.94,57.4,54.4,3.0,5.5147,52022.07,290834.868,1.2745,1.37,22.7204,6.4539,2343007.73
688278.SH,2026-07-02,57.92,58.98,56.6,57.46,57.4,0.06,0.1045,45889.47,265217.152,1.1242,1.14,22.7441,6.4606,2345456.867
688278.SH,2026-07-03,57.6,58.98,56.55,58.5,57.46,1.04,1.81,44586.45,258260.704,1.0923,1.02,23.1558,6.5776,2387908.575
688278.SH,2026-07-06,58.23,60.1,57.11,58.53,58.5,0.03,0.0513,53175.99,313722.257,1.3027,1.14,23.1677,6.5809,2389133.1435
688278.SH,2026-07-07,58.04,58.3,56.12,56.27,58.53,-2.26,-3.8613,34036.16,193008.082,0.8338,0.74,22.2731,6.3268,2296882.3165
688278.SH,2026-07-08,56.2,57.13,54.6,54.6,56.27,-1.67,-2.9678,28296.85,157109.714,0.6932,0.62,21.6121,6.1391,2228714.67
688278.SH,2026-07-09,54.83,55.79,53.51,54.88,54.6,0.28,0.5128,20810.04,113445.147,0.5098,0.51,21.7229,6.1705,2240143.976
688278.SH,2026-07-10,54.76,57.38,53.69,55.7,54.88,0.82,1.4942,35481.44,198136.074,0.8692,0.98,22.0475,6.2627,2273615.515
688278.SH,2026-07-13,55.88,56.6,54.93,55.75,55.7,0.05,0.0898,32525.37,181879.791,0.7968,0.95,22.0673,6.2684,2275656.4625
688278.SH,2026-07-14,55.75,56.34,54.7,55.68,55.75,-0.07,-0.1256,26234.59,145857.164,0.6427,0.87,22.0396,6.2605,2272799.136
688278.SH,2026-07-15,55.81,59.59,55.1,58.47,55.68,2.79,5.0108,61275.82,355146.238,1.5012,2.14,23.1439,6.5742,2386684.0065
688278.SH,2026-07-16,58.78,61.28,57.82,60.29,58.47,1.82,3.1127,69617.92,417812.27,1.7055,1.97,23.8643,6.7788,2460974.4955
688278.SH,2026-07-17,59.97,61.32,57.0,57.53,60.29,-2.76,-4.5779,54080.76,317467.739,1.3249,1.2,22.7718,6.4685,2348314.1935
688278.SH,2026-07-20,56.86,60.3,56.86,60.11,57.53,2.58,4.4846,48339.71,284811.52,1.1842,0.99,23.7931,6.7586,2453627.0845
688278.SH,2026-07-21,59.5,61.6,59.21,60.2,60.11,0.09,0.1497,48017.8,289439.146,1.1764,0.93,23.8287,6.7687,2457300.79
688278.SH,2026-07-22,59.98,61.1,59.0,59.36,60.2,-0.84,-1.3953,42931.64,257929.868,1.0518,0.76,23.4962,6.6743,2423012.872
688278.SH,2026-07-23,58.83,59.35,57.9,59.08,59.36,-0.28,-0.4717,24581.96,143928.431,0.6022,0.47,23.3854,6.6428,2411583.566
688278.SH,2026-07-24,59.88,61.15,58.72,58.9,59.08,-0.18,-0.3047,45095.02,269572.939,1.1048,1.03,23.3141,6.6225,2404236.155
688278.SH,2026-07-27,58.49,61.09,57.9,60.63,58.9,1.73,2.9372,50557.92,301406.361,1.2386,1.21,23.9989,6.8171,2474852.9385
688278.SH,2026-07-28,59.16,59.55,56.75,57.59,60.63,-3.04,-5.014,40833.95,235548.986,1.0004,0.97,22.7956,6.4752,2350763.3305
688278.SH,2026-07-29,57.0,58.51,56.85,57.69,57.59,0.1,0.1736,29185.98,169014.497,0.715,0.72,22.8352,6.4865,2354845.2255
688278.SH,2026-07-30,57.36,59.04,56.8,57.89,57.69,0.2,0.3467,30820.68,178258.53,0.7551,0.81,22.9143,6.509,2363009.0155
688278.SH,2026-07-31,57.89,58.98,57.3,58.35,57.89,0.46,0.7946,28334.47,164595.311,0.6941,0.72,23.0964,6.5607,2381785.7325
688278.SH,2026-08-03,58.0,59.16,57.88,58.49,58.35,0.14,0.2399,20654.74,120878.036,0.506,0.57,23.1518,6.5764,2387500.3855
688278.SH,2026-08-04,58.5,59.36,57.39,57.56,58.49,-0.93,-1.59,28474.3,165628.387,0.6976,0.95,22.7837,6.4719,2349538.762
688278.SH,2026-08-05,57.52,57.77,56.88,57.6,57.56,0.04,0.0695,23351.47,133745.471,0.5721,0.85,22.7995,6.4764,2351171.52
688278.SH,2026-08-06,57.6,57.7,54.38,54.58,57.6,-3.02,-5.2431,44572.84,247867.85,1.092,1.69,21.6042,6.1368,2227898.291
688278.SH,2026-08-07,54.12,56.09,54.0,55.96,54.58,1.38,2.5284,57084.62,314862.918,1.3985,1.96,22.1504,6.292,2284228.442
688278.SH,2026-08-10,56.1,60.27,55.93,58.37,55.96,2.41,4.3066,69935.59,409482.914,1.7133,2.01,23.1043,6.5629,2382602.1115
688278.SH,2026-08-11,58.37,61.36,57.89,60.47,58.37,2.1,3.5977,67040.69,402967.564,1.6424,1.5,23.9356,6.7991,2468321.9065
688278.SH,2026-08-12,59.86,61.2,59.27,59.36,60.47,-1.11,-1.8356,34936.53,210038.693,0.8559,0.67,23.4962,6.6743,2423012.872
688278.SH,2026-08-13,59.82,62.47,58.41,61.43,59.36,2.07,3.4872,69949.34,425646.079,1.7136,1.28,24.3156,6.907,2507508.0985
688278.SH,2026-08-14,61.8,63.07,60.27,60.8,61.43,-0.63,-1.0256,50430.77,310344.034,1.2355,0.84,24.0662,6.8362,2481792.16
688278.SH,2026-08-17,60.68,60.79,57.82,58.6,60.8,-2.2,-3.6184,55773.64,327631.077,1.3664,0.95,23.1954,6.5888,2391990.47
688278.SH,2026-08-18,58.71,60.3,58.13,60.16,58.6,1.56,2.6621,52490.55,311882.234,1.2859,0.94,23.8129,6.7642,2455668.032
688278.SH,2026-08-19,63.38,66.06,62.5,64.4,60.16,4.24,7.0479,126907.6,819908.752,3.109,2.41,25.4912,8.4694,2628740.38
688278.SH,2026-08-20,66.79,66.8,64.44,64.99,64.4,0.59,0.9161,114342.14,749716.039,2.8012,1.61,25.7247,8.547,2652823.5605
688278.SH,2026-08-21,63.41,63.99,60.88,61.88,64.99,-3.11,-4.7854,83614.54,518006.527,2.0484,1.05,24.4937,8.138,2525876.626
688278.SH,2026-08-24,60.77,61.75,59.4,59.47,61.88,-2.41,-3.8946,57647.07,346678.665,1.4123,0.67,23.5397,7.8211,2427502.9565
688278.SH,2026-08-25,59.0,60.76,58.68,59.77,59.47,0.3,0.5045,34872.82,208337.549,0.8543,0.4,23.6585,7.8605,2439748.6415
688278.SH,2026-08-26,62.59,62.59,59.92,60.0,59.77,0.23,0.3848,65163.51,397843.058,1.5964,0.78,23.7495,7.8908,2449137.0
688278.SH,2026-08-27,59.5,59.99,58.19,59.05,60.0,-0.95,-1.5833,45116.73,265554.957,1.1053,0.63,23.3735,7.7658,2410358.9975
688278.SH,2026-08-28,58.45,58.88,58.11,58.4,59.05,-0.65,-1.1008,22774.94,133057.942,0.558,0.4,23.1162,7.6804,2383826.68
688278.SH,2026-08-31,58.02,58.27,56.33,56.7,58.4,-1.7,-2.911,33793.4,192523.76,0.8279,0.75,22.4433,7.4568,2314434.465
688278.SH,2026-09-01,56.69,57.08,56.35,56.78,56.7,0.08,0.1411,23136.21,131212.004,0.5668,0.57,22.475,7.4673,2317699.981
688278.SH,2026-09-02,56.64,56.89,54.82,54.92,56.78,-1.86,-3.2758,36195.27,200447.111,0.8867,0.95,21.7387,7.2227,2241776.734
