ts_code,trade_date,open,high,low,close,pre_close,change,pct_chg,vol,amount,turnover_rate,volume_ratio,pe,pb,total_mv
688223.SH,2023-01-03,14.61,15.12,14.36,14.89,14.65,0.24,1.6382,463576.32,686612.742,3.3113,0.9,130.4527,5.8528,14890000.0
688223.SH,2023-01-04,14.91,14.98,14.4,14.53,14.89,-0.36,-2.4177,316697.77,462187.36,2.2621,0.76,127.2987,5.7113,14530000.0
688223.SH,2023-01-05,14.51,15.35,14.43,15.06,14.53,0.53,3.6476,523579.5,786641.047,3.7399,1.48,131.9421,5.9196,15060000.0
688223.SH,2023-01-06,15.43,17.0,15.36,16.43,15.06,1.37,9.0969,979422.93,1603808.787,6.9959,2.6,143.9448,6.4581,16430000.0
688223.SH,2023-01-09,16.7,17.11,16.21,16.67,16.43,0.24,1.4607,555887.41,932740.533,3.9706,1.09,146.0474,6.5524,16670000.0
688223.SH,2023-01-10,16.8,17.19,16.54,16.64,16.67,-0.03,-0.18,296672.05,497856.432,2.1191,0.52,145.7846,6.5406,16640000.0
688223.SH,2023-01-11,16.62,16.65,15.85,15.96,16.64,-0.68,-4.0865,387199.72,626003.16,2.7657,0.72,139.8271,6.2734,15960000.0
688223.SH,2023-01-12,16.07,16.28,15.83,16.01,15.96,0.05,0.3133,298928.87,479817.688,2.1352,0.54,140.2651,6.293,16010000.0
688223.SH,2023-01-13,16.02,16.35,15.7,16.24,16.01,0.23,1.4366,313396.12,505447.972,2.2385,0.62,142.2802,6.3834,16240000.0
688223.SH,2023-01-16,16.1,16.22,15.31,15.54,16.24,-0.7,-4.3103,863260.35,1355929.844,6.1661,2.33,136.1474,6.1083,15540000.0
688223.SH,2023-01-17,15.69,15.79,15.41,15.68,15.54,0.14,0.9009,314974.92,491698.411,2.2498,0.73,137.374,6.1633,15680000.0
688223.SH,2023-01-18,15.65,15.98,15.21,15.79,15.68,0.11,0.7015,286126.74,448843.587,2.0438,0.66,138.3377,6.2065,15790000.0
688223.SH,2023-01-19,15.67,15.82,15.4,15.58,15.79,-0.21,-1.33,201861.4,314082.484,1.4419,0.49,136.4979,6.124,15580000.0
688223.SH,2023-01-20,15.6,15.93,15.49,15.73,15.58,0.15,0.9628,259655.83,408926.702,1.8547,0.66,137.812,6.183,15730000.0
688223.SH,2023-01-30,16.05,16.37,15.14,15.3,15.73,-0.43,-2.7336,822197.44,1277787.378,4.1949,2.13,134.0447,6.0139,15300000.0
688223.SH,2023-01-31,15.33,16.08,15.25,15.5,15.3,0.2,1.3072,630145.83,987482.389,3.215,1.67,135.797,6.0926,15500000.0
688223.SH,2023-02-01,15.56,15.98,15.44,15.8,15.5,0.3,1.9355,548737.23,863720.178,2.7997,1.25,138.4253,6.2105,15800000.0
688223.SH,2023-02-02,15.65,15.92,15.0,15.1,15.8,-0.7,-4.4304,731254.91,1118205.61,3.7309,1.48,132.2925,5.9353,15100000.0
688223.SH,2023-02-03,15.11,15.2,14.81,15.12,15.1,0.02,0.1325,372086.68,557539.81,1.8984,0.62,132.4678,5.9432,15120000.0
688223.SH,2023-02-06,15.01,15.05,14.66,14.9,15.12,-0.22,-1.455,406521.05,602910.719,2.0741,0.65,130.5403,5.8567,14900000.0
688223.SH,2023-02-07,14.89,15.24,14.58,14.63,14.9,-0.27,-1.8121,351320.51,522402.623,1.7925,0.65,128.1748,5.7506,14630000.0
688223.SH,2023-02-08,14.61,14.75,14.5,14.58,14.63,-0.05,-0.3418,311435.28,455246.362,1.589,0.65,127.7368,5.7309,14580000.0
688223.SH,2023-02-09,14.54,15.0,14.51,14.69,14.58,0.11,0.7545,447969.52,661268.582,2.2856,1.03,128.7005,5.7742,14690000.0
688223.SH,2023-02-10,14.71,14.72,14.3,14.34,14.69,-0.35,-2.3826,312725.9,451465.586,1.5955,0.83,125.6341,5.6366,14340000.0
688223.SH,2023-02-13,14.34,14.67,14.25,14.5,14.34,0.16,1.1158,335138.49,486991.654,1.7099,0.92,127.0359,5.6995,14500000.0
688223.SH,2023-02-14,14.61,14.69,14.38,14.49,14.5,-0.01,-0.069,355252.87,514700.99,1.8125,1.01,126.9483,5.6956,14490000.0
688223.SH,2023-02-15,14.49,14.78,14.43,14.46,14.49,-0.03,-0.207,477782.28,695806.772,2.4377,1.36,126.6854,5.6838,14460000.0
688223.SH,2023-02-16,14.47,14.88,14.27,14.46,14.46,0.0,0.0,618421.87,900502.052,3.1552,1.6,126.6854,5.6838,14460000.0
688223.SH,2023-02-17,14.46,14.52,14.21,14.25,14.46,-0.21,-1.4523,399239.01,573236.524,2.0369,0.95,124.8456,5.6012,14250000.0
688223.SH,2023-02-20,14.16,14.73,14.11,14.6,14.25,0.35,2.4561,429699.93,624193.136,2.1923,0.98,127.912,5.7388,14600000.0
688223.SH,2023-02-21,14.68,14.93,14.42,14.6,14.6,0.0,0.0,501686.59,733431.618,2.5596,1.1,127.912,5.7388,14600000.0
688223.SH,2023-02-22,14.53,14.7,14.35,14.35,14.6,-0.25,-1.7123,370123.0,535873.499,1.8884,0.76,125.7217,5.6405,14350000.0
688223.SH,2023-02-23,14.36,15.2,14.36,15.06,14.35,0.71,4.9477,875853.11,1302591.728,4.4686,1.89,131.9421,5.9196,15060000.0
688223.SH,2023-02-24,15.1,15.33,14.94,15.08,15.06,0.02,0.1328,613137.34,928969.399,3.1283,1.19,132.1173,5.9275,15080000.0
688223.SH,2023-02-27,14.95,15.86,14.93,15.61,15.08,0.53,3.5146,662961.19,1034383.584,3.3825,1.19,136.7607,6.1358,15610000.0
688223.SH,2023-02-28,15.63,15.69,15.2,15.55,15.61,-0.06,-0.3844,652047.65,1003575.276,3.3268,1.08,136.235,5.8203,15550000.0
688223.SH,2023-03-01,15.6,15.64,15.01,15.04,15.55,-0.51,-3.2797,697161.87,1060184.512,3.5569,1.1,131.7669,5.6294,15040000.0
688223.SH,2023-03-02,15.25,15.28,14.68,14.7,15.04,-0.34,-2.2606,466034.46,696405.218,2.3777,0.67,128.7881,5.5021,14700000.0
688223.SH,2023-03-03,14.85,14.86,14.51,14.57,14.7,-0.13,-0.8844,355425.04,520985.504,1.8134,0.57,127.6491,5.4535,14570000.0
688223.SH,2023-03-06,14.6,15.65,14.53,15.42,14.57,0.85,5.8339,832424.09,1263110.044,4.2471,1.47,135.0961,5.7716,15420000.0
688223.SH,2023-03-07,15.34,15.7,15.22,15.38,15.42,-0.04,-0.2594,487330.18,752715.081,2.4864,0.81,134.7456,5.7567,15380000.0
688223.SH,2023-03-08,15.41,15.79,15.28,15.44,15.38,0.06,0.3901,533728.04,825923.557,2.7231,0.94,135.2713,5.7791,15440000.0
688223.SH,2023-03-09,15.39,15.71,15.3,15.59,15.44,0.15,0.9715,349076.16,543926.02,1.781,0.65,136.5855,5.8353,15590000.0
688223.SH,2023-03-10,15.5,16.03,15.12,15.7,15.59,0.11,0.7056,655483.0,1028084.068,3.3443,1.28,137.5492,5.8764,15700000.0
688223.SH,2023-03-13,15.51,15.75,15.28,15.42,15.7,-0.28,-1.7834,484160.73,751115.331,2.4702,0.85,135.0961,5.7716,15420000.0
688223.SH,2023-03-14,15.46,15.5,14.65,15.0,15.42,-0.42,-2.7237,696270.15,1044160.462,3.5524,1.39,131.4164,5.6144,15000000.0
688223.SH,2023-03-15,15.15,15.23,14.95,15.01,15.0,0.01,0.0667,340595.64,513063.174,1.7377,0.63,131.504,5.6182,15010000.0
688223.SH,2023-03-16,14.93,15.04,13.36,13.99,15.01,-1.02,-6.7955,1117159.12,1557069.109,5.6998,2.21,122.5677,5.2364,13990000.0
688223.SH,2023-03-17,13.83,13.95,13.19,13.24,13.99,-0.75,-5.361,949194.53,1274989.195,4.8428,1.44,115.9969,4.9557,13240000.0
688223.SH,2023-03-20,13.2,14.22,12.93,13.9,13.24,0.66,4.9849,801448.16,1104859.201,4.089,1.12,121.7792,5.2027,13900000.0
688223.SH,2023-03-21,13.91,14.45,13.8,14.36,13.9,0.46,3.3094,453366.65,642280.219,2.3131,0.58,125.8093,5.3749,14360000.0
688223.SH,2023-03-22,14.59,14.88,14.1,14.28,14.36,-0.08,-0.5571,432523.59,623560.12,2.2068,0.59,125.1084,5.3449,14280000.0
688223.SH,2023-03-23,14.15,14.3,13.82,14.1,14.28,-0.18,-1.2605,379328.18,531827.077,1.9353,0.51,123.5314,5.2776,14100000.0
688223.SH,2023-03-24,14.09,14.37,13.81,13.92,14.1,-0.18,-1.2766,343811.75,482760.625,1.7541,0.57,121.9544,5.2102,13920000.0
688223.SH,2023-03-27,14.1,14.3,13.85,14.08,13.92,0.16,1.1494,385984.7,544346.614,1.9693,0.8,123.3562,5.2701,14080000.0
688223.SH,2023-03-28,14.07,14.13,13.83,13.87,14.08,-0.21,-1.4915,234195.38,327180.095,1.1949,0.59,121.5164,5.1915,13870000.0
688223.SH,2023-03-29,13.96,14.09,13.58,13.71,13.87,-0.16,-1.1536,295681.36,406870.837,1.5086,0.83,120.1146,5.1316,13710000.0
688223.SH,2023-03-30,13.71,14.18,13.62,14.01,13.71,0.3,2.1882,349394.89,486646.146,1.7826,1.07,122.7429,5.2439,14010000.0
688223.SH,2023-03-31,14.08,14.32,13.91,13.93,14.01,-0.08,-0.571,366561.76,515933.281,1.8702,1.14,122.042,5.2139,13930000.0
688223.SH,2023-04-03,13.95,14.28,13.81,14.14,13.93,0.21,1.5075,347605.54,489278.402,1.7735,1.07,123.8819,5.2925,14140000.0
688223.SH,2023-04-04,14.17,14.19,13.42,13.63,14.14,-0.51,-3.6068,542912.72,739649.532,2.77,1.7,119.4137,5.1016,13630000.0
688223.SH,2023-04-06,13.65,13.72,13.35,13.67,13.63,0.04,0.2935,361854.89,489308.315,1.8462,0.95,119.7642,5.1166,13670000.0
688223.SH,2023-04-07,13.59,14.07,13.59,13.72,13.67,0.05,0.3658,354579.67,491269.695,1.8091,0.9,120.2022,5.1353,13720000.0
688223.SH,2023-04-10,13.72,13.98,13.5,13.73,13.72,0.01,0.0729,381952.68,524139.971,1.9487,0.97,120.2898,5.1391,13730000.0
688223.SH,2023-04-11,13.72,13.86,13.46,13.61,13.73,-0.12,-0.874,412953.46,561387.681,2.1069,1.04,119.2385,5.0942,13610000.0
688223.SH,2023-04-12,13.62,13.72,13.28,13.32,13.61,-0.29,-2.1308,466026.59,625802.741,2.3777,1.13,116.6978,4.9856,13320000.0
688223.SH,2023-04-13,13.36,13.49,13.13,13.15,13.32,-0.17,-1.2763,422501.01,562276.152,2.1556,1.07,115.2084,4.922,13150000.0
688223.SH,2023-04-14,13.16,13.29,12.96,13.11,13.15,-0.04,-0.3042,349499.24,458684.338,1.7832,0.86,114.858,4.907,13110000.0
688223.SH,2023-04-17,13.08,13.53,13.05,13.46,13.11,0.35,2.6697,381980.08,511068.665,1.9489,0.94,117.9243,5.038,13460000.0
688223.SH,2023-04-18,13.47,13.8,13.47,13.62,13.46,0.16,1.1887,543080.28,741159.578,2.7708,1.34,119.3261,5.0979,13620000.0
688223.SH,2023-04-19,13.56,13.64,13.15,13.33,13.62,-0.29,-2.1292,402978.2,535925.024,2.056,0.93,116.7854,4.9894,13330000.0
688223.SH,2023-04-20,13.1,13.2,12.59,12.63,13.33,-0.7,-5.2513,685255.79,873281.225,3.4962,1.63,110.6526,4.7273,12630000.0
688223.SH,2023-04-21,12.6,12.93,12.38,12.43,12.63,-0.2,-1.5835,334179.96,422530.877,1.705,0.71,108.9004,4.6525,12430000.0
688223.SH,2023-04-24,12.8,12.9,12.0,12.34,12.43,-0.09,-0.7241,678864.84,836056.163,3.4636,1.45,108.1119,4.6188,12340000.0
688223.SH,2023-04-25,12.31,12.57,11.94,12.0,12.34,-0.34,-2.7553,464080.38,562935.325,2.3678,0.88,105.1331,4.4915,12000000.0
688223.SH,2023-04-26,12.07,13.07,11.89,12.73,12.0,0.73,6.0833,792922.97,1001142.78,4.0455,1.55,111.5287,4.7648,12730000.0
688223.SH,2023-04-27,12.7,12.83,12.46,12.6,12.73,-0.13,-1.0212,412586.06,520657.327,2.105,0.7,110.3898,4.7161,12600000.0
688223.SH,2023-04-28,12.68,12.68,12.36,12.52,12.6,-0.08,-0.6349,363428.1,453585.454,1.8542,0.68,109.6889,4.6862,12520000.0
688223.SH,2023-05-04,12.21,12.74,12.1,12.3,12.52,-0.22,-1.7572,547146.23,679532.653,2.7916,1.01,41.8909,4.3316,12300000.0
688223.SH,2023-05-05,12.34,12.35,11.91,12.17,12.3,-0.13,-1.0569,429414.97,520349.703,2.1909,0.83,41.4481,4.2858,12170000.0
688223.SH,2023-05-08,12.26,12.26,11.91,11.99,12.17,-0.18,-1.479,364227.93,437864.766,1.8583,0.72,40.8351,4.2224,11990000.0
688223.SH,2023-05-09,12.0,12.16,11.64,11.7,11.99,-0.29,-2.4187,417326.26,492356.197,2.1292,0.99,39.8474,4.1203,11700000.0
688223.SH,2023-05-10,11.51,11.6,11.12,11.49,11.7,-0.21,-1.7949,608629.27,690274.898,3.1053,1.43,39.1322,4.0463,11490000.0
688223.SH,2023-05-11,11.48,11.98,11.39,11.68,11.49,0.19,1.6536,421763.4,494545.391,2.1519,0.89,39.7793,4.1132,11680000.0
688223.SH,2023-05-12,11.62,11.83,11.31,11.31,11.68,-0.37,-3.1678,280022.59,322081.228,1.4287,0.62,38.5192,3.9829,11310000.0
688223.SH,2023-05-15,11.38,12.1,11.3,12.03,11.31,0.72,6.366,541682.37,645115.772,2.7637,1.29,40.9713,4.2365,12030000.0
688223.SH,2023-05-16,12.0,12.33,11.91,12.11,12.03,0.08,0.665,350993.32,425743.056,1.7908,0.77,41.2438,4.2647,12110000.0
688223.SH,2023-05-17,12.19,12.53,12.12,12.33,12.11,0.22,1.8167,409094.03,504270.969,2.0872,0.93,41.9931,4.3421,12330000.0
688223.SH,2023-05-18,12.35,12.42,12.1,12.19,12.33,-0.14,-1.1354,371475.44,454583.535,1.8953,0.93,41.5163,4.2928,12190000.0
688223.SH,2023-05-19,12.2,12.37,12.07,12.31,12.19,0.12,0.9844,217773.38,266059.404,1.1111,0.56,41.9249,4.3351,12310000.0
688223.SH,2023-05-22,12.3,12.71,12.22,12.55,12.31,0.24,1.9496,323428.97,404555.514,1.6501,0.86,42.7423,4.4196,12550000.0
688223.SH,2023-05-23,12.51,12.98,12.48,12.8,12.55,0.25,1.992,453138.63,580448.75,2.3119,1.35,43.5938,4.5077,12800000.0
688223.SH,2023-05-24,12.74,13.44,12.68,13.03,12.8,0.23,1.7969,809588.0,1064582.889,4.1306,2.28,44.3771,4.5887,13030000.0
688223.SH,2023-05-25,13.08,13.83,12.88,13.41,13.03,0.38,2.9163,881029.54,1183053.312,4.495,2.02,45.6713,4.7225,13410000.0
688223.SH,2023-05-26,13.3,13.31,12.62,13.06,13.41,-0.35,-2.61,604107.26,777022.586,3.0822,1.12,44.4793,4.5992,13060000.0
688223.SH,2023-05-29,13.0,13.13,12.1,12.34,13.06,-0.72,-5.513,927727.29,1151554.898,4.7333,1.51,42.0271,4.3457,12340000.0
688223.SH,2023-05-30,12.4,12.68,12.12,12.31,12.34,-0.03,-0.2431,459827.63,565842.998,2.3461,0.63,41.9249,4.3351,12310000.0
688223.SH,2023-05-31,12.3,12.73,12.1,12.73,12.31,0.42,3.4119,777940.6,974861.082,3.9691,1.06,43.3554,4.483,12730000.0
688223.SH,2023-06-01,12.58,12.59,12.17,12.23,12.73,-0.5,-3.9277,529666.36,651496.907,2.7024,0.73,41.6525,4.3069,12230000.0
688223.SH,2023-06-02,12.29,12.64,12.19,12.5,12.23,0.27,2.2077,404422.83,504338.715,2.0634,0.61,42.572,4.402,12500000.0
688223.SH,2023-06-05,12.52,12.53,11.96,11.97,12.5,-0.53,-4.24,469270.45,569521.586,2.3942,0.76,40.767,4.2154,11970000.0
688223.SH,2023-06-06,11.96,11.98,11.6,11.73,11.97,-0.24,-2.005,581746.09,686675.813,2.9681,1.1,39.9496,4.1308,11730000.0
688223.SH,2023-06-07,11.77,11.85,11.49,11.6,11.73,-0.13,-1.1083,424697.5,492537.196,2.1668,0.77,39.5069,4.0851,11600000.0
688223.SH,2023-06-08,11.57,11.95,11.55,11.67,11.6,0.07,0.6034,607902.49,715848.992,3.1015,1.26,39.7453,4.1097,11670000.0
688223.SH,2023-06-09,11.67,12.89,11.56,12.71,11.67,1.04,8.9117,1595352.17,1943703.32,8.1396,3.21,43.2873,4.476,12710000.0
688223.SH,2023-06-12,12.8,12.84,12.48,12.65,12.71,-0.06,-0.4721,800909.79,1012475.922,4.0863,1.09,43.0829,4.4548,12650000.0
688223.SH,2023-06-13,12.65,12.79,12.32,12.44,12.65,-0.21,-1.6601,548144.32,684631.705,2.7967,0.68,42.3677,4.3809,12440000.0
688223.SH,2023-06-14,12.49,12.53,12.15,12.18,12.44,-0.26,-2.09,405178.49,497506.966,2.0672,0.51,41.4822,4.2893,12180000.0
688223.SH,2023-06-15,12.21,13.29,12.11,13.16,12.18,0.98,8.046,950312.07,1225818.322,4.8485,1.2,44.8198,4.6344,13160000.0
688223.SH,2023-06-16,13.31,13.73,13.29,13.48,13.16,0.32,2.4316,1061236.82,1430709.378,5.4145,1.23,45.9097,4.7471,13480000.0
688223.SH,2023-06-19,13.48,13.72,13.3,13.64,13.48,0.16,1.1869,622683.61,843225.548,3.177,0.83,46.4546,4.8035,13640000.0
688223.SH,2023-06-20,13.55,13.7,13.37,13.48,13.64,-0.16,-1.173,428219.64,577829.952,2.1848,0.6,45.9097,4.7471,13480000.0
688223.SH,2023-06-21,13.45,13.65,13.29,13.35,13.48,-0.13,-0.9644,389207.97,523344.158,1.9858,0.56,45.4669,4.7013,13350000.0
688223.SH,2023-06-26,13.42,14.3,13.24,13.76,13.35,0.41,3.0712,796432.47,1098771.798,4.0634,1.15,46.8633,4.8457,13760000.0
688223.SH,2023-06-27,13.76,14.57,13.51,14.03,13.76,0.27,1.9622,973356.08,1380413.424,4.9661,1.48,47.7829,4.9408,14030000.0
688223.SH,2023-06-28,14.05,14.29,13.81,14.21,14.03,0.18,1.283,619893.44,872942.26,3.1627,0.97,48.3959,5.0042,14210000.0
688223.SH,2023-06-29,14.25,14.53,13.88,14.0,14.21,-0.21,-1.4778,583973.98,827282.414,2.9795,0.91,47.6807,4.9302,14000000.0
688223.SH,2023-06-30,14.0,14.38,13.73,14.06,14.0,0.06,0.4286,452711.6,640078.777,2.3098,0.67,47.885,4.9514,14060000.0
688223.SH,2023-07-03,14.09,14.35,13.86,14.15,14.06,0.09,0.6401,524013.79,739160.088,2.6735,0.76,48.1916,4.9831,14150000.0
688223.SH,2023-07-04,13.99,14.14,13.58,13.65,14.15,-0.5,-3.5336,529379.95,729536.886,2.7009,0.84,46.4887,4.807,13650000.0
688223.SH,2023-07-05,13.64,13.64,13.19,13.26,13.65,-0.39,-2.8571,518562.59,692221.583,2.6457,0.96,45.1604,4.6696,13260000.0
688223.SH,2023-07-06,13.27,13.42,12.88,12.95,13.26,-0.31,-2.3379,479989.02,624951.771,2.4489,0.92,44.1046,4.5605,12950000.0
688223.SH,2023-07-07,12.96,12.96,12.49,12.52,12.95,-0.43,-3.3205,467117.78,591465.433,2.3833,0.93,42.6402,4.409,12520000.0
688223.SH,2023-07-10,12.6,13.29,12.52,13.12,12.52,0.6,4.7923,486787.48,634518.484,2.4836,0.97,44.6836,4.6203,13120000.0
688223.SH,2023-07-11,13.05,13.15,12.78,12.84,13.12,-0.28,-2.1341,295783.03,380328.681,1.5091,0.6,43.73,4.5217,12840000.0
688223.SH,2023-07-12,12.83,13.02,12.35,12.9,12.84,0.06,0.4673,576127.25,732708.471,2.9394,1.28,43.9343,4.5429,12900000.0
688223.SH,2023-07-13,12.9,13.25,12.86,13.08,12.9,0.18,1.3953,409383.71,536178.097,2.0887,0.89,44.5474,4.6063,13080000.0
688223.SH,2023-07-14,12.97,13.01,12.28,12.5,12.99,-0.49,-3.7721,635560.6,796520.089,3.2427,1.42,42.572,4.5444,12500000.0
688223.SH,2023-07-17,12.73,12.87,12.43,12.56,12.5,0.06,0.48,623833.63,788738.529,3.1828,1.3,42.7764,4.5663,12560000.0
688223.SH,2023-07-18,12.61,12.62,12.29,12.36,12.56,-0.2,-1.5924,374106.47,464475.489,1.9087,0.74,42.0952,4.4935,12360000.0
688223.SH,2023-07-19,12.38,12.39,12.04,12.2,12.36,-0.16,-1.2945,356530.64,433482.652,1.819,0.68,41.5503,4.4354,12200000.0
688223.SH,2023-07-20,12.27,12.44,12.21,12.27,12.2,0.07,0.5738,286065.96,352483.2,1.4595,0.6,41.7887,4.4608,12270000.0
688223.SH,2023-07-21,12.26,12.3,12.01,12.07,12.27,-0.2,-1.63,320168.34,387190.634,1.6335,0.7,41.1076,4.3881,12070000.0
688223.SH,2023-07-24,12.0,12.24,11.93,11.98,12.07,-0.09,-0.7457,225523.23,271338.938,1.1506,0.58,40.801,4.3554,11980000.0
688223.SH,2023-07-25,12.21,12.59,12.18,12.47,11.98,0.49,4.0902,430702.41,535622.233,2.1975,1.38,42.4699,4.5335,12470000.0
688223.SH,2023-07-26,12.46,12.69,12.37,12.44,12.47,-0.03,-0.2406,252247.06,315259.212,1.287,0.78,42.3677,4.5226,12440000.0
688223.SH,2023-07-27,12.46,12.56,12.33,12.37,12.44,-0.07,-0.5627,163545.57,203178.709,0.8344,0.54,42.1293,4.4972,12370000.0
688223.SH,2023-07-28,12.3,12.7,12.21,12.59,12.37,0.22,1.7785,306636.19,382828.117,1.5645,1.1,42.8786,4.5772,12590000.0
688223.SH,2023-07-31,12.59,12.76,12.41,12.43,12.59,-0.16,-1.2708,358912.74,450048.886,1.8312,1.3,42.3336,4.519,12430000.0
688223.SH,2023-08-01,12.43,12.48,12.03,12.14,12.43,-0.29,-2.3331,438197.5,533590.695,2.2357,1.45,41.346,4.4136,12140000.0
688223.SH,2023-08-02,12.13,12.24,12.06,12.13,12.14,-0.01,-0.0824,225580.98,273709.809,1.1509,0.74,41.3119,4.4099,12130000.0
688223.SH,2023-08-03,12.1,12.46,12.1,12.26,12.13,0.13,1.0717,325224.3,400835.88,1.6593,1.09,41.7547,4.4572,12260000.0
688223.SH,2023-08-04,12.3,12.43,12.13,12.36,12.26,0.1,0.8157,372812.98,458423.618,1.9021,1.13,42.0952,4.4935,12360000.0
688223.SH,2023-08-07,12.35,12.38,12.14,12.23,12.36,-0.13,-1.0518,237676.49,290426.782,1.2126,0.69,41.6525,4.4463,12230000.0
688223.SH,2023-08-08,12.25,12.39,12.07,12.09,12.23,-0.14,-1.1447,250991.4,304521.102,1.2806,0.78,41.1757,4.3954,12090000.0
688223.SH,2023-08-09,12.09,12.17,11.96,12.06,12.09,-0.03,-0.2481,174456.25,210477.239,0.8901,0.62,41.0735,4.3845,12060000.0
688223.SH,2023-08-10,12.0,12.33,12.0,12.22,12.06,0.16,1.3267,238639.37,291280.131,1.2175,0.88,41.6184,4.4426,12220000.0
688223.SH,2023-08-11,12.26,12.26,11.96,11.98,12.22,-0.24,-1.964,264236.1,318436.153,1.3481,1.04,40.801,4.3554,11980000.0
688223.SH,2023-08-14,11.83,11.9,11.59,11.84,11.98,-0.14,-1.1686,317640.79,372135.332,1.6206,1.36,40.3242,4.3045,11840000.0
688223.SH,2023-08-15,11.81,11.81,10.32,10.42,11.84,-1.42,-11.9932,1317528.8,1409817.348,6.7221,5.29,35.4881,3.4844,10420000.0
688223.SH,2023-08-16,10.53,10.65,10.35,10.45,10.42,0.03,0.2879,573700.08,602286.376,2.927,1.24,35.5902,3.4944,10450000.0
688223.SH,2023-08-17,10.43,10.74,10.3,10.69,10.45,0.24,2.2967,381280.42,403890.455,1.9453,0.7,36.4076,3.5747,10690000.0
688223.SH,2023-08-18,10.79,10.96,10.71,10.71,10.69,0.02,0.1871,283501.43,305960.4,1.4464,0.5,36.4757,3.5813,10710000.0
688223.SH,2023-08-21,10.7,10.74,10.32,10.34,10.71,-0.37,-3.4547,367837.17,383580.895,1.8767,0.64,35.2156,3.4576,10340000.0
688223.SH,2023-08-22,10.42,10.44,9.92,10.24,10.34,-0.1,-0.9671,482086.92,487950.578,2.4596,0.82,34.875,3.4242,10240000.0
688223.SH,2023-08-23,10.2,10.2,9.94,9.98,10.24,-0.26,-2.5391,283449.6,283551.347,1.4462,0.68,33.9895,3.3372,9980000.0
688223.SH,2023-08-24,9.96,10.49,9.96,10.37,9.98,0.39,3.9078,441393.47,454002.492,2.252,1.23,35.3178,3.4676,10370000.0
688223.SH,2023-08-25,10.3,10.52,10.22,10.41,10.37,0.04,0.3857,276094.63,286820.788,1.4086,0.74,35.454,3.481,10410000.0
688223.SH,2023-08-28,11.11,11.2,10.58,10.62,10.41,0.21,2.0173,536347.96,580725.934,2.7365,1.45,36.1692,3.5512,10620000.0
688223.SH,2023-08-29,10.51,10.99,10.48,10.95,10.62,0.33,3.1073,399558.28,432242.384,2.0386,0.99,37.2931,3.6616,10950000.0
688223.SH,2023-08-30,11.15,11.29,10.78,10.91,10.95,-0.04,-0.3653,393709.18,433853.179,2.0087,1.02,37.1569,3.6482,10910000.0
688223.SH,2023-08-31,10.88,11.0,10.61,10.76,10.91,-0.15,-1.3749,425594.38,458682.246,2.1714,1.04,36.646,3.5981,10760000.0
688223.SH,2023-09-01,10.76,10.8,10.66,10.77,10.76,0.01,0.0929,207827.35,223233.404,1.0603,0.51,36.6801,3.6014,10770000.0
688223.SH,2023-09-04,10.77,10.85,10.6,10.65,10.77,-0.12,-1.1142,431117.75,460461.598,2.1996,1.1,36.2714,3.5613,10650000.0
688223.SH,2023-09-05,10.65,10.89,10.54,10.77,10.65,0.12,1.1268,358575.31,384864.184,1.8295,0.97,36.6801,3.6014,10770000.0
688223.SH,2023-09-06,10.73,10.75,10.51,10.53,10.77,-0.24,-2.2284,352059.19,372166.704,1.7962,0.97,35.8627,3.5211,10530000.0
688223.SH,2023-09-07,10.48,10.53,10.12,10.12,10.53,-0.41,-3.8936,465868.13,476785.2,2.3769,1.31,34.4663,3.384,10120000.0
688223.SH,2023-09-08,10.07,10.22,10.02,10.15,10.12,0.03,0.2964,220512.3,223123.656,1.1251,0.61,34.5685,3.3941,10150000.0
688223.SH,2023-09-11,10.17,10.27,10.06,10.12,10.15,-0.03,-0.2956,392780.96,397990.899,2.004,1.07,34.4663,3.384,10120000.0
688223.SH,2023-09-12,10.11,10.22,9.94,10.1,10.12,-0.02,-0.1976,343362.4,346642.675,1.7518,0.96,34.3982,3.3774,10100000.0
688223.SH,2023-09-13,10.12,10.16,9.81,9.92,10.1,-0.18,-1.7822,389054.32,386269.296,1.985,1.1,33.7852,3.3172,9920000.0
688223.SH,2023-09-14,9.9,9.94,9.73,9.79,9.92,-0.13,-1.3105,286526.85,281029.2,1.4619,0.79,33.3424,3.2737,9790000.0
688223.SH,2023-09-15,9.83,9.98,9.74,9.97,9.79,0.18,1.8386,352465.66,348460.245,1.7983,1.08,33.9555,3.3339,9970000.0
688223.SH,2023-09-18,9.81,10.04,9.69,9.97,9.97,0.0,0.0,336685.83,333317.003,1.7178,0.95,33.9555,3.3339,9970000.0
688223.SH,2023-09-19,9.98,10.03,9.81,9.81,9.97,-0.16,-1.6048,205058.13,202726.819,1.0462,0.6,33.4105,3.2804,9810000.0
688223.SH,2023-09-20,9.83,9.92,9.76,9.83,9.81,0.02,0.2039,153925.0,151207.259,0.7853,0.49,33.4787,3.2871,9830000.0
688223.SH,2023-09-21,9.76,9.92,9.73,9.84,9.83,0.01,0.1017,206190.98,203072.626,1.052,0.77,33.5127,3.2904,9840000.0
688223.SH,2023-09-22,9.82,9.99,9.76,9.98,9.84,0.14,1.4228,253161.76,250257.652,1.2916,1.01,33.9895,3.3372,9980000.0
688223.SH,2023-09-25,9.93,10.03,9.83,9.91,9.98,-0.07,-0.7014,257699.04,255517.205,1.3148,1.12,33.7511,3.3138,9910000.0
688223.SH,2023-09-26,9.9,10.01,9.75,9.76,9.91,-0.15,-1.5136,226279.73,222664.408,1.1545,1.05,33.2403,3.2637,9760000.0
688223.SH,2023-09-27,9.81,10.31,9.8,10.12,9.76,0.36,3.6885,631286.97,639277.328,3.2209,2.88,34.4663,3.384,10120000.0
688223.SH,2023-09-28,10.08,10.3,10.06,10.1,10.12,-0.02,-0.1976,262825.54,266829.764,1.3409,0.83,34.3982,3.3774,10100000.0
688223.SH,2023-10-09,9.97,10.06,9.73,9.75,10.1,-0.35,-3.4653,371729.32,365051.121,1.8966,1.14,33.2062,3.2603,9750000.0
688223.SH,2023-10-10,9.8,9.83,9.27,9.31,9.75,-0.44,-4.5128,558288.77,527277.449,2.8484,1.6,31.7077,3.1132,9310000.0
688223.SH,2023-10-11,9.47,9.63,9.32,9.52,9.31,0.21,2.2556,480790.01,456108.547,2.453,1.17,32.4229,3.1834,9520000.0
688223.SH,2023-10-12,9.49,9.78,9.45,9.63,9.52,0.11,1.1555,323887.85,311214.693,1.6525,0.7,32.7975,3.2202,9630000.0
688223.SH,2023-10-13,9.58,9.62,9.3,9.4,9.63,-0.23,-2.3884,241511.94,226650.265,1.2322,0.6,32.0142,3.1433,9400000.0
688223.SH,2023-10-16,9.4,9.51,9.23,9.34,9.4,-0.06,-0.6383,232196.94,216861.04,1.1847,0.59,31.8098,3.1232,9340000.0
688223.SH,2023-10-17,9.34,9.4,9.23,9.28,9.34,-0.06,-0.6424,230255.0,214146.799,1.1748,0.63,31.6055,3.1032,9280000.0
688223.SH,2023-10-18,9.26,9.28,9.07,9.09,9.28,-0.19,-2.0474,310390.42,284077.927,1.5836,1.03,30.9584,3.0396,9090000.0
688223.SH,2023-10-19,9.38,9.62,9.22,9.32,9.09,0.23,2.5303,575518.21,541363.833,2.9363,2.15,31.7417,3.1165,9320000.0
688223.SH,2023-10-20,9.25,9.57,9.14,9.56,9.32,0.24,2.5751,691277.41,655997.582,3.5269,2.17,32.5591,3.1968,9560000.0
688223.SH,2023-10-23,9.42,9.46,9.14,9.25,9.56,-0.31,-3.2427,388647.62,359491.074,1.9829,0.95,31.5033,3.0931,9250000.0
688223.SH,2023-10-24,9.23,9.32,9.11,9.26,9.25,0.01,0.1081,268668.7,248204.588,1.3708,0.61,31.5374,3.0965,9260000.0
688223.SH,2023-10-25,9.27,9.43,9.23,9.26,9.26,0.0,0.0,221603.08,206200.196,1.1306,0.5,31.5374,3.0965,9260000.0
688223.SH,2023-10-26,9.17,9.17,8.92,9.14,9.26,-0.12,-1.2959,303717.18,274423.13,1.5496,0.71,31.1287,3.0563,9140000.0
688223.SH,2023-10-27,9.11,9.47,9.03,9.4,9.14,0.26,2.8446,366233.62,340110.849,1.8685,0.98,32.0142,3.1433,9400000.0
688223.SH,2023-10-30,9.31,9.46,9.25,9.37,9.4,-0.03,-0.3191,390234.33,364871.755,1.2738,1.26,31.912,3.1333,9370000.0
688223.SH,2023-10-31,9.72,9.8,9.35,9.48,9.37,0.11,1.174,993657.83,948218.103,3.2436,3.2,32.2866,2.9494,9480000.0
688223.SH,2023-11-01,9.62,9.68,9.15,9.2,9.48,-0.28,-2.9536,738119.5,690933.996,2.4094,1.62,31.333,2.8622,9200000.0
688223.SH,2023-11-02,9.11,9.17,8.88,8.88,9.2,-0.32,-3.4783,528694.78,475207.874,1.7258,0.95,30.2432,2.7627,8880000.0
688223.SH,2023-11-03,8.94,9.19,8.94,9.02,8.88,0.14,1.5766,595498.16,538859.84,1.9439,0.99,30.72,2.8062,9020000.0
688223.SH,2023-11-06,9.07,9.65,9.05,9.44,9.02,0.42,4.6563,1216093.82,1144034.309,3.9697,1.87,32.1504,2.9369,9440000.0
688223.SH,2023-11-07,9.38,9.39,9.12,9.17,9.44,-0.27,-2.8602,933079.03,856162.282,3.0458,1.15,31.2309,2.8529,9170000.0
688223.SH,2023-11-08,9.15,9.79,9.13,9.58,9.17,0.41,4.4711,1680745.42,1594298.21,5.4864,2.09,32.6272,2.9805,9580000.0
688223.SH,2023-11-09,9.59,10.52,9.5,10.11,9.58,0.53,5.5324,2301691.62,2316437.502,7.5134,2.32,34.4323,3.1454,10110000.0
688223.SH,2023-11-10,10.0,10.14,9.9,10.02,10.11,-0.09,-0.8902,837716.37,838588.472,2.7346,0.62,34.1257,3.1174,10020000.0
688223.SH,2023-11-13,10.1,10.22,9.96,10.15,10.02,0.13,1.2974,712144.46,719034.555,2.3247,0.51,34.5685,3.1578,10150000.0
688223.SH,2023-11-14,10.26,10.59,10.11,10.45,10.15,0.3,2.9557,1256596.13,1301489.839,4.1019,0.97,35.5902,3.2511,10450000.0
688223.SH,2023-11-15,10.75,10.79,10.21,10.3,10.45,-0.15,-1.4354,1156406.46,1203538.789,3.7749,0.85,35.0794,3.2045,10300000.0
688223.SH,2023-11-16,10.24,10.27,9.94,10.02,10.3,-0.28,-2.7184,666325.63,669233.454,2.1751,0.53,34.1257,3.1174,10020000.0
688223.SH,2023-11-17,9.93,10.11,9.93,10.03,10.02,0.01,0.0998,407544.51,408629.408,1.3303,0.44,34.1598,3.1205,10030000.0
688223.SH,2023-11-20,10.02,10.05,9.68,9.77,10.03,-0.26,-2.5922,659874.27,645967.653,2.154,0.79,33.2743,3.0396,9770000.0
688223.SH,2023-11-21,9.77,10.01,9.77,9.85,9.77,0.08,0.8188,661417.58,655299.242,2.1591,0.8,33.5468,3.0645,9850000.0
688223.SH,2023-11-22,9.78,9.84,9.67,9.68,9.85,-0.17,-1.7259,399221.21,388213.383,1.3032,0.56,32.9678,3.0116,9680000.0
688223.SH,2023-11-23,9.77,10.1,9.76,10.02,9.68,0.34,3.5124,794368.84,790587.213,2.5931,1.42,34.1257,3.1174,10020000.0
688223.SH,2023-11-24,9.95,10.05,9.84,9.88,10.02,-0.14,-1.3972,382680.25,379624.236,1.2492,0.65,33.6489,3.0738,9880000.0
688223.SH,2023-11-27,9.8,9.83,9.45,9.45,9.88,-0.43,-4.3522,622718.66,594281.802,2.0327,1.07,32.1845,2.94,9450000.0
688223.SH,2023-11-28,9.43,9.46,9.18,9.25,9.45,-0.2,-2.1164,618149.21,573638.906,2.0178,1.08,31.5033,2.8778,9250000.0
688223.SH,2023-11-29,9.26,9.27,9.04,9.06,9.25,-0.19,-2.0541,444067.6,404082.386,1.4496,0.79,30.8562,2.8187,9060000.0
688223.SH,2023-11-30,9.07,9.13,8.79,8.88,9.06,-0.18,-1.9868,670615.43,597752.059,2.1891,1.17,30.2432,2.7627,8880000.0
688223.SH,2023-12-01,8.87,8.88,8.73,8.88,8.88,0.0,0.0,396358.14,348880.653,1.2938,0.72,30.2432,2.7627,8880000.0
688223.SH,2023-12-04,8.93,8.94,8.72,8.72,8.88,-0.16,-1.8018,427829.05,376730.295,1.3966,0.78,29.6983,2.7129,8720000.0
688223.SH,2023-12-05,8.7,8.83,8.63,8.64,8.72,-0.08,-0.9174,322266.43,281177.932,1.052,0.63,29.4258,2.688,8640000.0
688223.SH,2023-12-06,8.6,8.85,8.57,8.69,8.64,0.05,0.5787,455883.96,397761.376,1.4881,1.01,29.5961,2.7036,8690000.0
688223.SH,2023-12-07,8.66,8.76,8.42,8.73,8.69,0.04,0.4603,583457.19,498540.031,1.9046,1.28,29.7323,2.716,8730000.0
688223.SH,2023-12-08,8.7,8.74,8.6,8.74,8.73,0.01,0.1145,522740.67,453595.695,1.7064,1.2,29.7818,2.7205,8744541.8188
688223.SH,2023-12-11,8.69,8.72,8.52,8.69,8.74,-0.05,-0.5721,377632.61,325646.736,1.2327,0.82,29.6115,2.705,8694515.8358
688223.SH,2023-12-12,8.7,8.74,8.55,8.59,8.69,-0.1,-1.1507,321339.72,276938.234,1.0472,0.71,29.2707,2.6701,8594463.87
688223.SH,2023-12-13,8.55,8.55,8.33,8.33,8.59,-0.26,-3.0268,450977.78,378686.299,1.4696,1.0,28.3848,2.5893,8334328.7586
688223.SH,2023-12-14,8.41,8.49,8.34,8.34,8.33,0.01,0.12,255070.7,214106.679,0.8312,0.57,28.4188,2.5924,8344333.9552
688223.SH,2023-12-15,8.39,8.54,8.33,8.37,8.34,0.03,0.3597,410193.96,345184.609,1.3367,1.06,28.5211,2.6017,8374349.545
688223.SH,2023-12-18,8.33,8.41,8.11,8.15,8.37,-0.22,-2.6284,388968.16,320370.955,1.2676,1.07,27.7714,2.5333,8154235.22
688223.SH,2023-12-19,8.15,8.31,8.1,8.16,8.15,0.01,0.1227,365464.32,299699.975,1.191,1.0,27.8055,2.5364,8164240.4166
688223.SH,2023-12-20,8.19,8.21,8.01,8.03,8.16,-0.13,-1.5931,323177.53,260978.835,1.0532,0.86,27.3625,2.496,8034172.861
688223.SH,2023-12-21,7.97,8.34,7.95,8.25,8.03,0.22,2.7397,580930.21,475186.956,1.8931,1.67,28.1121,2.5644,8254287.1859
688223.SH,2023-12-22,8.25,8.47,8.16,8.37,8.25,0.12,1.4545,514072.62,427633.397,1.6752,1.24,28.5211,2.6017,8374349.545
688223.SH,2023-12-25,8.38,8.56,8.35,8.47,8.37,0.1,1.1947,382857.74,324406.427,1.2476,0.88,28.8618,2.6328,8474401.5109
688223.SH,2023-12-26,8.45,8.51,8.36,8.37,8.47,-0.1,-1.1806,230136.13,193916.711,0.75,0.53,28.5211,2.6017,8374349.545
688223.SH,2023-12-27,8.39,8.42,8.12,8.39,8.37,0.02,0.2389,290491.74,242217.146,0.9466,0.72,28.5892,2.6079,8394359.9382
688223.SH,2023-12-28,8.35,9.06,8.33,8.98,8.39,0.59,7.0322,1026872.37,906840.657,3.3463,2.57,30.5996,2.7913,8984666.5369
688223.SH,2023-12-29,8.97,9.02,8.81,8.86,8.98,-0.12,-1.3363,579709.71,515626.222,1.8891,1.19,30.1907,2.754,8864604.1779
688223.SH,2024-01-02,8.83,8.89,8.7,8.71,8.86,-0.15,-1.693,382593.4,335170.933,1.2468,0.76,29.6796,2.7074,8714526.229
688223.SH,2024-01-03,8.64,8.79,8.6,8.66,8.71,-0.05,-0.5741,339958.7,294599.913,1.1078,0.68,29.5092,2.6919,8664500.3708
688223.SH,2024-01-04,8.64,8.67,8.44,8.52,8.66,-0.14,-1.6166,341548.05,290824.713,1.113,0.65,29.0322,2.6483,8524427.6165
688223.SH,2024-01-05,8.5,8.61,8.36,8.4,8.52,-0.12,-1.4085,284741.44,241798.322,0.9279,0.53,28.6233,2.611,8404365.2557
688223.SH,2024-01-08,8.38,8.55,8.3,8.35,8.4,-0.05,-0.5952,317065.0,267048.572,1.0332,0.82,28.4529,2.5955,8354339.2721
688223.SH,2024-01-09,8.39,8.69,8.22,8.46,8.35,0.11,1.3174,423577.81,358842.569,1.3803,1.27,28.8277,2.6297,8464396.4361
688223.SH,2024-01-10,8.4,8.65,8.36,8.49,8.46,0.03,0.3546,357141.14,304843.216,1.1638,1.05,28.93,2.639,8494412.0263
688223.SH,2024-01-11,8.46,8.69,8.44,8.69,8.49,0.2,2.3557,412104.31,353986.89,1.343,1.2,29.6115,2.7012,8694515.961
688223.SH,2024-01-12,8.62,8.96,8.6,8.71,8.69,0.02,0.2301,547114.64,481696.923,1.7829,1.52,29.6796,2.7074,8714526.3544
688223.SH,2024-01-15,8.66,8.8,8.56,8.67,8.71,-0.04,-0.4592,288925.29,251090.466,0.9415,0.7,29.5433,2.695,8674505.5675
688223.SH,2024-01-16,8.65,9.04,8.56,8.92,8.67,0.25,2.8835,546153.42,483911.573,1.7798,1.35,30.3952,2.7727,8924635.4858
688223.SH,2024-01-17,8.86,8.95,8.66,8.68,8.92,-0.24,-2.6906,332375.46,292761.536,1.0831,0.77,29.5774,2.6981,8684510.7642
688223.SH,2024-01-18,8.61,9.1,8.57,9.1,8.68,0.42,4.8387,752112.75,668949.845,2.451,1.77,31.0086,2.8286,9104729.027
688223.SH,2024-01-19,9.05,9.26,9.01,9.15,9.1,0.05,0.5495,705576.47,646216.056,2.2993,1.43,31.1789,2.8442,9154755.0107
688223.SH,2024-01-22,9.04,9.1,8.72,8.83,9.15,-0.32,-3.4973,514074.58,457827.586,1.6752,0.98,30.0885,2.7447,8834588.7152
688223.SH,2024-01-23,8.82,9.35,8.81,9.21,8.83,0.38,4.3035,748394.85,687174.0,2.4388,1.31,31.3834,2.8628,9214786.1911
688223.SH,2024-01-24,9.26,9.31,8.92,9.19,9.21,-0.02,-0.2172,515225.29,469282.3,1.679,0.84,31.3152,2.8566,9194775.7976
688223.SH,2024-01-25,9.14,9.18,8.92,9.11,9.19,-0.08,-0.8705,562644.57,509074.56,1.8335,0.87,31.0426,2.8317,9114734.2238
688223.SH,2024-01-26,9.0,9.22,9.0,9.04,9.11,-0.07,-0.7684,318022.27,289410.725,1.023,0.52,30.8041,2.81,9044697.8466
688223.SH,2024-01-29,9.07,9.08,8.05,8.08,9.04,-0.96,-10.6195,1012735.73,847044.843,3.2578,1.9,27.5329,2.5116,8084198.9603
688223.SH,2024-01-30,8.06,8.25,7.96,7.99,8.08,-0.09,-1.1139,483054.87,390523.927,1.5539,0.77,27.2262,2.4836,7994152.1897
688223.SH,2024-01-31,7.97,8.15,7.81,7.94,7.99,-0.05,-0.6258,477781.14,381865.813,1.5369,0.83,27.0558,2.468,7944126.206
688223.SH,2024-02-01,7.9,8.14,7.89,8.0,7.94,0.06,0.7557,403145.72,323673.94,1.2969,0.71,27.2603,2.4867,8004157.3864
688223.SH,2024-02-02,8.03,8.08,7.75,7.93,8.0,-0.07,-0.875,458049.98,361249.959,1.4735,0.85,27.0217,2.4649,7934121.0093
688223.SH,2024-02-05,7.95,7.98,7.28,7.7,7.93,-0.23,-2.9004,477074.34,365030.47,1.5347,0.84,26.238,2.3934,7704001.4844
688223.SH,2024-02-06,7.65,8.18,7.56,8.09,7.7,0.39,5.0649,495854.1,394726.497,1.5951,1.08,27.5669,2.5147,8094204.157
688223.SH,2024-02-07,8.11,8.28,8.0,8.06,8.09,-0.03,-0.3708,474121.34,386195.505,1.5252,1.03,27.4647,2.5053,8064188.5668
688223.SH,2024-02-08,8.18,8.29,8.1,8.27,8.06,0.21,2.6055,474051.81,389310.984,1.5249,1.03,28.1803,2.5706,8274297.6982
688223.SH,2024-02-19,8.36,8.36,8.16,8.23,8.27,-0.04,-0.4837,408645.56,336208.548,1.3145,0.86,28.044,2.5582,8234276.9113
688223.SH,2024-02-20,8.19,8.2,8.04,8.12,8.23,-0.11,-1.3366,388486.93,314162.956,1.2497,0.83,27.6692,2.524,8124219.7472
688223.SH,2024-02-21,8.06,8.39,8.0,8.24,8.12,0.12,1.4778,553268.42,456983.848,1.7798,1.23,28.0781,2.5613,8244282.108
688223.SH,2024-02-22,8.21,8.52,8.2,8.37,8.24,0.13,1.5777,491163.17,412332.105,1.58,1.07,28.5211,2.6017,8374349.6655
688223.SH,2024-02-23,8.5,8.78,8.44,8.55,8.37,0.18,2.1505,553718.95,474695.175,1.7812,1.2,29.1344,2.6577,8554443.2067
688223.SH,2024-02-26,8.66,8.67,8.41,8.47,8.55,-0.08,-0.9357,414729.4,351859.21,1.3341,0.87,28.8618,2.6328,8474401.6329
688223.SH,2024-02-27,8.42,8.6,8.4,8.6,8.47,0.13,1.5348,379697.51,322440.512,1.2214,0.79,29.3048,2.6732,8604469.1904
688223.SH,2024-02-28,8.8,8.99,8.53,8.55,8.6,-0.05,-0.5814,795493.18,699438.292,2.559,1.66,29.1344,2.6577,8554443.2067
688223.SH,2024-02-29,8.59,8.83,8.55,8.83,8.55,0.28,3.2749,646410.74,564939.353,2.0794,1.23,30.0885,2.7447,8834588.7152
688223.SH,2024-03-01,8.9,8.9,8.71,8.82,8.83,-0.01,-0.1133,462143.41,405940.176,1.4866,0.83,30.0544,2.7416,8824583.5185
688223.SH,2024-03-04,8.82,8.97,8.73,8.8,8.82,-0.02,-0.2268,533972.06,472596.206,1.7177,0.99,29.9863,2.7354,8804573.125
688223.SH,2024-03-05,8.7,8.8,8.67,8.74,8.8,-0.06,-0.6818,373134.25,325227.8,1.2003,0.66,29.7818,2.7167,8744541.9446
688223.SH,2024-03-06,8.74,9.23,8.67,8.94,8.74,0.2,2.2883,715617.42,641931.26,2.302,1.27,30.4633,2.7789,8944645.8793
688223.SH,2024-03-07,8.97,9.04,8.7,8.73,8.94,-0.21,-2.349,474433.97,421869.941,1.5262,0.87,29.7478,2.7136,8734536.7479
688223.SH,2024-03-08,8.76,9.13,8.76,9.1,8.73,0.37,4.2383,703012.64,634369.966,2.2615,1.37,31.0086,2.8286,9104729.027
688223.SH,2024-03-11,9.28,9.45,9.18,9.37,9.1,0.27,2.967,814148.72,757438.102,2.619,1.45,31.9286,2.9125,9374869.3388
688223.SH,2024-03-12,9.42,9.43,9.21,9.26,9.37,-0.11,-1.174,586550.07,546358.293,1.8868,0.95,31.5538,2.8784,9264812.1748
688223.SH,2024-03-13,9.2,9.3,9.11,9.13,9.26,-0.13,-1.4039,385758.51,353077.393,1.2409,0.59,31.1108,2.8379,9134744.6172
688223.SH,2024-03-14,9.15,9.19,8.87,8.96,9.13,-0.17,-1.862,420247.0,378758.332,1.3519,0.71,30.5315,2.7851,8964656.2728
688223.SH,2024-03-15,8.91,9.02,8.8,8.93,8.96,-0.03,-0.3348,359411.32,319689.945,1.1562,0.62,30.4293,2.7758,8934640.6826
688223.SH,2024-03-18,8.97,9.05,8.87,9.02,8.93,0.09,1.0078,365140.72,327657.263,1.1746,0.71,30.736,2.8038,9024687.4532
688223.SH,2024-03-19,9.07,9.19,8.9,8.9,9.02,-0.12,-1.3304,386465.4,347690.801,1.2432,0.91,30.327,2.7665,8904625.0924
688223.SH,2024-03-20,8.86,9.01,8.83,8.89,8.9,-0.01,-0.1124,264424.31,235206.386,0.8506,0.69,30.293,2.7633,8894619.8956
688223.SH,2024-03-21,8.86,8.88,8.65,8.69,8.89,-0.2,-2.2497,397386.04,347135.718,1.2783,1.11,29.6115,2.7012,8694515.961
688223.SH,2024-03-22,8.66,8.68,8.28,8.3,8.69,-0.39,-4.4879,524749.04,440338.701,1.688,1.48,28.2825,2.5799,8304313.2884
688223.SH,2024-03-25,8.26,8.31,8.12,8.14,8.3,-0.16,-1.9277,370073.44,303249.01,1.1905,0.95,27.7373,2.5302,8144230.1407
688223.SH,2024-03-26,8.14,8.33,8.1,8.31,8.14,0.17,2.0885,336101.13,276109.672,1.0812,0.86,28.3166,2.5831,8314318.4851
688223.SH,2024-03-27,8.31,8.34,8.13,8.14,8.31,-0.17,-2.0457,292595.88,241154.411,0.9412,0.77,27.7373,2.5302,8144230.1407
688223.SH,2024-03-28,8.27,8.44,8.21,8.25,8.14,0.11,1.3514,332669.8,276241.601,1.0701,0.87,28.1121,2.5644,8254287.3047
688223.SH,2024-03-29,8.21,8.35,8.2,8.28,8.25,0.03,0.3636,210274.65,173976.713,0.6764,0.57,28.2144,2.5737,8284302.8949
688223.SH,2024-04-01,8.25,8.38,8.24,8.38,8.28,0.1,1.2077,394700.42,329292.469,1.2697,1.28,28.5551,2.6048,8384354.8623
688223.SH,2024-04-02,8.37,8.38,8.21,8.24,8.38,-0.14,-1.6706,287868.21,238225.303,0.926,0.92,28.0781,2.4726,8244284.2059
688223.SH,2024-04-03,8.23,8.26,7.97,8.04,8.24,-0.2,-2.4272,446461.14,360099.831,1.4362,1.47,27.3966,2.4126,8044180.2203
688223.SH,2024-04-08,8.01,8.03,7.85,7.85,8.04,-0.19,-2.3632,389328.45,308743.938,1.2524,1.16,26.7491,2.3556,7854081.434
688223.SH,2024-04-09,7.86,8.05,7.86,8.04,7.85,0.19,2.4204,255687.63,204234.328,0.8225,0.74,27.3966,2.4126,8044180.2203
688223.SH,2024-04-10,8.04,8.1,7.86,7.91,8.04,-0.13,-1.6169,200732.48,159579.334,0.6457,0.57,26.9536,2.3736,7914112.6297
688223.SH,2024-04-11,7.9,7.96,7.8,7.8,7.91,-0.11,-1.3906,234913.92,184922.741,0.7557,0.74,26.5788,2.3406,7804055.4376
688223.SH,2024-04-12,7.8,7.83,7.42,7.49,7.8,-0.31,-3.9744,541621.82,410781.935,1.7423,1.77,25.5224,2.2476,7493894.26
688223.SH,2024-04-15,7.52,7.71,7.47,7.64,7.49,0.15,2.0027,398923.66,303532.696,1.2833,1.23,26.0336,2.2926,7643972.2492
688223.SH,2024-04-16,7.61,7.65,7.45,7.5,7.64,-0.14,-1.8325,274236.33,206523.793,0.8822,0.84,25.5565,2.2506,7503899.4593
688223.SH,2024-04-17,7.54,7.73,7.52,7.73,7.5,0.23,3.0667,321589.38,246770.048,1.0345,0.97,26.3402,2.3196,7734019.0427
688223.SH,2024-04-18,7.72,7.89,7.58,7.83,7.73,0.1,1.2937,380929.73,296642.016,1.2254,1.08,26.681,2.3496,7834071.0355
688223.SH,2024-04-19,7.77,7.81,7.58,7.63,7.83,-0.2,-2.5543,308612.13,236418.543,0.9928,0.8,25.9995,2.2896,7633967.0499
688223.SH,2024-04-22,7.64,7.76,7.51,7.53,7.63,-0.1,-1.3106,345892.26,263603.157,1.1127,1.03,25.6587,2.2596,7533915.0571
688223.SH,2024-04-23,7.62,7.74,7.44,7.5,7.53,-0.03,-0.3984,347170.54,260805.517,1.1168,1.06,10.0852,2.2535,7503899.4593
688223.SH,2024-04-24,7.55,7.56,7.33,7.54,7.5,0.04,0.5333,307991.32,230471.172,0.9908,0.9,10.139,2.2655,7543920.2564
688223.SH,2024-04-25,7.55,7.7,7.48,7.59,7.54,0.05,0.6631,343118.85,261292.093,1.1038,1.01,10.2063,2.2805,7593946.2528
688223.SH,2024-04-26,7.6,7.68,7.48,7.68,7.59,0.09,1.1858,454046.56,345865.285,1.4606,1.37,10.3273,2.3076,7683993.0463
688223.SH,2024-04-29,7.21,7.66,7.21,7.55,7.68,-0.13,-1.6927,934609.3,697356.234,3.0065,2.6,10.1525,2.2685,7553925.4556
688223.SH,2024-04-30,7.51,7.65,7.37,7.57,7.55,0.02,0.2649,722776.53,539192.015,2.3251,1.51,10.1794,2.1945,7573935.8542
688223.SH,2024-05-06,7.63,7.82,7.62,7.77,7.57,0.2,2.642,652259.16,505550.499,2.0982,1.18,10.4483,2.2525,7774039.8398
688223.SH,2024-05-07,7.75,7.86,7.7,7.85,7.77,0.08,1.0296,536810.74,419135.677,1.7268,0.86,10.5559,2.2757,7854081.434
688223.SH,2024-05-08,7.86,7.87,7.62,7.62,7.85,-0.23,-2.9299,568666.49,437712.67,1.8293,0.86,10.2466,2.209,7623961.8506
688223.SH,2024-05-09,7.61,8.05,7.61,7.94,7.62,0.32,4.1995,899777.49,710588.095,2.8944,1.32,10.6769,2.3018,7944128.2275
688223.SH,2024-05-10,7.94,8.04,7.84,8.02,7.94,0.08,1.0076,502243.73,399308.572,1.6156,0.74,10.7845,2.325,8024169.8218
688223.SH,2024-05-13,7.81,7.92,7.79,7.86,8.02,-0.16,-1.995,445661.74,349833.802,1.4336,0.71,10.5693,2.2786,7864086.6333
688223.SH,2024-05-14,7.91,7.93,7.8,7.84,7.86,-0.02,-0.2545,283772.83,222442.124,0.9128,0.48,10.5424,2.2728,7844076.2347
688223.SH,2024-05-15,7.9,8.03,7.73,7.74,7.84,-0.1,-1.2755,330425.14,258976.989,1.0629,0.61,10.408,2.2438,7744024.4091
688223.SH,2024-05-16,7.76,7.78,7.66,7.68,7.74,-0.06,-0.7752,330340.81,254987.083,1.0627,0.67,10.3273,2.2264,7683993.2122
688223.SH,2024-05-17,7.61,7.62,7.32,7.49,7.68,-0.19,-2.474,777374.83,579302.747,2.5007,2.05,10.0718,2.1713,7493894.4218
688223.SH,2024-05-20,7.48,7.54,7.39,7.5,7.49,0.01,0.1335,505768.88,377084.939,1.627,1.17,10.0852,2.1742,7503899.6213
688223.SH,2024-05-21,7.47,7.48,7.37,7.37,7.5,-0.13,-1.7333,318075.19,235091.473,1.0232,0.71,9.9104,2.1365,7373832.0278
688223.SH,2024-05-22,7.48,8.39,7.45,8.16,7.37,0.79,10.7191,1774208.19,1397980.792,5.7073,3.92,10.9727,2.3656,8164242.7879
688223.SH,2024-05-23,8.08,8.1,7.81,7.88,8.16,-0.28,-3.4314,783053.83,620858.716,2.519,1.06,10.5962,2.2844,7884097.2021
688223.SH,2024-05-24,8.14,8.38,7.94,8.01,7.88,0.13,1.6497,1194937.29,973816.946,3.8439,1.44,10.771,2.3221,8014164.7955
688223.SH,2024-05-27,8.0,8.03,7.63,7.85,8.01,-0.16,-1.9975,770496.97,600365.905,2.4786,0.84,10.5559,2.2757,7854081.6036
688223.SH,2024-05-28,7.79,7.92,7.63,7.68,7.85,-0.17,-2.1656,537015.32,414373.239,1.7275,0.55,10.3273,2.2264,7683993.2122
688223.SH,2024-05-29,7.76,8.2,7.76,7.98,7.68,0.3,3.9063,1161904.59,936000.166,3.7377,1.15,10.7307,2.3134,7984149.197
688223.SH,2024-05-30,8.07,8.15,7.93,8.01,7.98,0.03,0.3759,687276.53,551376.717,2.2109,0.77,10.771,2.3221,8014164.7955
688223.SH,2024-05-31,8.02,8.2,7.95,8.15,8.01,0.14,1.7478,650584.31,524969.824,2.0928,0.75,10.9593,2.3627,8154237.5884
688223.SH,2024-06-03,8.12,8.66,8.03,8.54,8.15,0.39,4.7853,1676307.95,1412672.023,5.3924,2.2,11.4837,2.4757,8544440.4302
688223.SH,2024-06-04,8.52,8.88,8.39,8.75,8.54,0.21,2.459,1114675.15,960903.188,3.5857,1.18,11.7661,2.5366,8754549.6211
688223.SH,2024-06-05,8.78,8.9,8.58,8.77,8.75,0.02,0.2286,768723.59,675065.213,2.4729,0.73,11.793,2.5424,8774560.0203
688223.SH,2024-06-06,8.79,8.8,8.42,8.53,8.77,-0.24,-2.7366,906079.59,777628.009,2.9147,0.93,11.4703,2.4728,8534435.2307
688223.SH,2024-06-07,8.35,8.52,8.19,8.43,8.31,0.12,1.444,655559.69,549380.756,2.1088,0.64,11.3358,2.613,8434383.235
688223.SH,2024-06-11,8.42,8.71,8.34,8.51,8.43,0.08,0.949,816716.37,699605.687,2.6272,0.8,11.4434,2.6378,8514424.8315
688223.SH,2024-06-12,8.55,8.8,8.37,8.62,8.51,0.11,1.2926,869157.87,750034.922,2.7959,1.02,11.5913,2.6719,8624482.0268
688223.SH,2024-06-13,8.64,8.95,8.64,8.74,8.62,0.12,1.3921,1156243.26,1018766.451,3.7194,1.44,11.7527,2.7091,8744544.4216
688223.SH,2024-06-14,8.66,8.97,8.2,8.27,8.74,-0.47,-5.3776,2737424.06,2324607.079,8.8058,3.11,11.1207,2.5634,8274300.0419
688223.SH,2024-06-17,8.19,8.37,8.04,8.3,8.27,0.03,0.3628,1018450.93,835976.204,3.2762,0.82,11.161,2.5727,8304315.6406
688223.SH,2024-06-18,8.27,8.44,8.18,8.29,8.3,-0.01,-0.1205,468796.86,389375.159,1.508,0.36,11.1476,2.5696,8294310.441
688223.SH,2024-06-19,8.25,8.34,8.13,8.22,8.29,-0.07,-0.8444,434380.0,357309.135,1.3973,0.35,11.0534,2.5479,8224274.0441
688223.SH,2024-06-20,8.18,8.24,8.0,8.17,8.22,-0.05,-0.6083,515495.79,418752.431,1.6583,0.44,10.9862,2.5324,8174248.0462
688223.SH,2024-06-21,8.22,8.36,7.99,8.12,8.17,-0.05,-0.612,472824.41,385143.031,1.521,0.46,10.919,2.5169,8124222.0484
688223.SH,2024-06-24,8.03,8.07,7.87,7.9,8.12,-0.22,-2.7094,411343.96,327039.34,1.3232,0.71,10.6231,2.4487,7904107.6579
688223.SH,2024-06-25,7.87,7.93,7.52,7.56,7.9,-0.34,-4.3038,543243.48,415975.284,1.7475,1.18,10.1659,2.3433,7563930.8727
688223.SH,2024-06-26,7.5,7.53,7.23,7.36,7.56,-0.2,-2.6455,689993.96,506478.702,2.2196,1.45,9.897,2.2813,7363826.8813
688223.SH,2024-06-27,7.32,7.32,7.1,7.13,7.36,-0.23,-3.125,457929.92,328461.4,1.4731,0.87,9.5877,2.2101,7133707.2913
688223.SH,2024-06-28,7.13,7.27,7.1,7.1,7.13,-0.03,-0.4208,424678.02,304569.014,1.3661,0.82,9.5474,2.2008,7103691.6926
688223.SH,2024-07-01,7.11,7.32,7.07,7.27,7.1,0.17,2.3944,376916.02,271692.48,1.2125,0.75,9.776,2.2535,7273780.0852
688223.SH,2024-07-02,7.21,7.29,7.15,7.17,7.27,-0.1,-1.3755,248427.71,178815.987,0.7992,0.5,9.6415,2.2225,7173728.3018
688223.SH,2024-07-03,7.18,7.25,7.13,7.18,7.17,0.01,0.1395,196103.3,140865.385,0.6308,0.45,9.6549,2.2256,7183733.5016
688223.SH,2024-07-04,7.22,7.24,7.11,7.13,7.18,-0.05,-0.6964,222264.57,159048.243,0.715,0.65,9.5877,2.2101,7133707.5023
688223.SH,2024-07-05,7.09,7.23,7.09,7.15,7.13,0.02,0.2805,230467.5,164890.707,0.7414,0.78,9.6146,2.2163,7153717.902
688223.SH,2024-07-08,7.13,7.13,6.83,6.84,7.15,-0.31,-4.3357,335467.3,232228.671,1.0791,1.32,9.1977,2.1202,6843556.7063
688223.SH,2024-07-09,6.84,7.27,6.71,7.26,6.84,0.42,6.1404,496842.44,347040.067,1.5983,2.02,9.7625,2.2504,7263775.1005
688223.SH,2024-07-10,7.17,7.45,7.11,7.24,7.26,-0.02,-0.2755,375232.98,274419.171,1.2071,1.27,9.7356,2.2442,7243764.7008
688223.SH,2024-07-11,7.35,7.5,7.28,7.38,7.24,0.14,1.9337,299367.29,221516.876,0.963,0.9,9.9239,2.2875,7383837.4989
688223.SH,2024-07-12,7.39,7.48,7.32,7.4,7.38,0.02,0.271,217407.25,160607.544,0.6994,0.63,9.9508,2.2937,7403847.8986
688223.SH,2024-07-15,7.39,7.39,7.21,7.26,7.4,-0.14,-1.8919,153914.01,111915.976,0.4951,0.45,9.7625,2.2504,7263775.1005
688223.SH,2024-07-16,7.26,7.38,7.18,7.36,7.26,0.1,1.3774,255855.94,186886.199,0.823,0.83,9.897,2.2813,7363827.0992
688223.SH,2024-07-17,7.85,7.98,7.5,7.5,7.36,0.14,1.9022,599971.93,462330.607,1.93,2.3,10.0852,2.3247,7503899.8973
688223.SH,2024-07-18,7.37,7.67,7.28,7.56,7.5,0.06,0.8,483159.63,361429.655,1.5542,1.58,10.1659,2.3433,7563931.0964
688223.SH,2024-07-19,7.51,7.55,7.33,7.53,7.56,-0.03,-0.3968,460715.46,342858.059,1.482,1.35,10.1256,2.334,7533915.4968
688223.SH,2024-07-22,7.46,7.52,7.38,7.46,7.53,-0.07,-0.9296,291943.56,216956.967,0.9391,0.75,10.0315,2.3123,7463879.0978
688223.SH,2024-07-23,7.42,7.49,7.26,7.26,7.46,-0.2,-2.681,225997.47,166757.978,0.727,0.54,9.7625,2.2504,7263775.1005
688223.SH,2024-07-24,7.25,7.28,7.0,7.01,7.26,-0.25,-3.4435,298498.69,211697.95,0.9602,0.72,9.4263,2.1729,7013645.104
688223.SH,2024-07-25,7.05,7.45,6.98,7.33,7.01,0.32,4.5649,468007.49,340468.681,1.5055,1.33,9.8566,2.272,7333811.4996
688223.SH,2024-07-26,7.25,7.41,7.25,7.34,7.33,0.01,0.1364,251356.16,184195.935,0.8086,0.72,9.8701,2.2751,7343816.6994
688223.SH,2024-07-29,7.33,7.35,7.16,7.16,7.34,-0.18,-2.4523,191403.56,138514.735,0.6157,0.62,9.628,2.2194,7163723.1019
688223.SH,2024-07-30,7.18,7.2,6.98,7.03,7.16,-0.13,-1.8156,338821.8,238897.975,1.0899,1.18,9.4532,2.1791,7033655.5037
688223.SH,2024-07-31,7.06,7.32,6.94,7.31,7.03,0.28,3.9829,517547.88,370727.631,1.6649,1.67,9.8297,2.2659,7313801.0999
688223.SH,2024-08-01,7.28,7.31,7.12,7.16,7.31,-0.15,-2.052,292055.35,210138.958,0.9395,0.83,9.628,2.2194,7163723.1019
688223.SH,2024-08-02,7.09,7.18,6.97,7.02,7.16,-0.14,-1.9553,357457.93,252205.703,1.1499,1.12,9.4398,2.176,7023650.3038
688223.SH,2024-08-05,6.96,7.17,6.92,6.95,7.02,-0.07,-0.9972,399937.55,281267.247,1.2865,1.18,9.3457,2.1543,6953613.9048
688223.SH,2024-08-06,6.97,7.18,6.97,7.11,6.95,0.16,2.3022,469747.78,333898.782,1.5111,1.23,9.5608,2.2039,7113697.1026
688223.SH,2024-08-07,7.08,7.1,7.0,7.03,7.11,-0.08,-1.1252,251312.69,176798.536,0.8084,0.62,9.4532,2.1791,7033655.5037
688223.SH,2024-08-08,7.01,7.1,6.96,7.04,7.03,0.01,0.1422,274710.69,193395.664,0.8837,0.78,9.4667,2.1822,7043660.7036
688223.SH,2024-08-09,7.07,7.08,6.91,6.92,7.04,-0.12,-1.7045,319497.36,222559.591,1.0278,0.91,9.3053,2.145,6923598.3052
688223.SH,2024-08-12,6.98,7.05,6.91,6.93,6.92,0.01,0.1445,189366.37,131618.469,0.6092,0.55,9.3188,2.1481,6933603.5051
688223.SH,2024-08-13,6.88,6.96,6.82,6.92,6.93,-0.01,-0.1443,277425.98,190738.07,0.8924,0.92,9.3053,2.145,6923598.3052
688223.SH,2024-08-14,6.98,7.06,6.89,6.9,6.92,-0.02,-0.289,205625.86,142869.765,0.6615,0.78,9.2784,2.1388,6903587.9055
688223.SH,2024-08-15,6.87,7.03,6.85,6.99,6.9,0.09,1.3043,329033.45,229451.884,1.0584,1.3,9.3994,2.1667,6993634.7042
688223.SH,2024-08-16,6.98,7.04,6.95,7.02,6.99,0.03,0.4292,241625.99,169355.319,0.7773,0.91,9.4398,2.176,7023650.3038
688223.SH,2024-08-19,7.0,7.03,6.95,6.98,7.02,-0.04,-0.5698,139460.06,97234.403,0.4486,0.56,9.386,2.1636,6983629.5044
688223.SH,2024-08-20,6.99,7.01,6.9,6.94,6.98,-0.04,-0.5731,173107.67,120220.853,0.5569,0.73,9.3322,2.1512,6943608.7049
688223.SH,2024-08-21,6.92,6.95,6.89,6.9,6.94,-0.04,-0.5764,145847.62,100938.437,0.4692,0.67,9.2784,2.1388,6903587.9055
688223.SH,2024-08-22,6.93,6.94,6.76,6.77,6.9,-0.13,-1.8841,218941.85,149179.917,0.7043,1.06,9.1036,2.0985,6773520.3073
688223.SH,2024-08-23,6.8,6.83,6.72,6.8,6.77,0.03,0.4431,162270.45,110236.804,0.522,0.88,9.144,2.1078,6803535.9068
688223.SH,2024-08-26,6.82,6.94,6.8,6.89,6.8,0.09,1.3235,176480.68,121533.475,0.5677,1.05,9.265,2.1357,6893582.7056
688223.SH,2024-08-27,6.83,6.95,6.82,6.92,6.89,0.03,0.4354,211008.97,145461.088,0.6788,1.2,9.3053,2.145,6923598.3052
688223.SH,2024-08-28,6.88,6.97,6.85,6.94,6.92,0.02,0.289,167165.3,115538.275,0.5377,0.91,9.3322,2.1512,6943608.7049
688223.SH,2024-08-29,6.99,7.11,6.91,7.05,6.94,0.11,1.585,276147.58,194467.359,0.8883,1.48,9.4801,2.1853,7053665.9034
688223.SH,2024-08-30,7.04,7.2,6.99,7.19,7.05,0.14,1.9858,436286.5,311265.178,1.4035,2.2,9.6684,2.2287,7193738.7015
688223.SH,2024-09-02,7.15,7.22,7.02,7.04,7.19,-0.15,-2.0862,293486.02,208466.103,0.9441,1.16,9.4667,2.1771,7043660.7036
688223.SH,2024-09-03,7.05,7.32,6.97,7.13,7.04,0.09,1.2784,361328.73,257212.362,1.1623,1.31,9.5877,2.2049,7133707.5023
688223.SH,2024-09-04,7.02,7.16,6.99,7.0,7.13,-0.13,-1.8233,273532.97,193142.561,0.8799,0.89,9.4129,2.1647,7003639.9041
688223.SH,2024-09-05,7.0,7.12,6.97,7.03,7.0,0.03,0.4286,197153.0,138880.078,0.6342,0.6,9.4532,2.174,7033655.5037
688223.SH,2024-09-06,7.04,7.04,6.85,6.85,7.03,-0.18,-2.5605,197418.33,136402.102,0.6351,0.63,9.2112,2.1183,6853561.9062
688223.SH,2024-09-09,6.85,6.9,6.78,6.82,6.85,-0.03,-0.438,139500.41,95374.083,0.4487,0.53,9.1708,2.1091,6823546.3066
688223.SH,2024-09-10,6.85,6.86,6.67,6.77,6.82,-0.05,-0.7331,185278.03,125186.772,0.596,0.79,9.1036,2.0936,6773520.3073
688223.SH,2024-09-11,6.75,6.82,6.66,6.7,6.77,-0.07,-1.034,187443.15,126046.636,0.603,0.94,9.0095,2.0719,6703483.9082
688223.SH,2024-09-12,6.73,6.92,6.72,6.73,6.7,0.03,0.4478,256440.6,174758.927,0.8249,1.41,9.0498,2.0812,6733499.5078
688223.SH,2024-09-13,6.73,6.77,6.45,6.59,6.73,-0.14,-2.0802,397163.6,261223.201,1.2776,2.06,8.8616,2.0379,6593426.7097
688223.SH,2024-09-18,6.51,6.52,6.27,6.34,6.59,-0.25,-3.7936,249942.34,158614.687,0.804,1.07,8.5254,1.9606,6343296.7131
688223.SH,2024-09-19,6.37,6.57,6.32,6.5,6.34,0.16,2.5237,275122.53,178006.509,0.885,1.08,8.7405,2.0101,6503379.911
688223.SH,2024-09-20,6.49,6.49,6.3,6.4,6.5,-0.1,-1.5385,262290.97,166945.883,0.8437,0.96,8.6061,1.9792,6403327.9123
688223.SH,2024-09-23,6.4,6.4,6.22,6.27,6.4,-0.13,-2.0313,207176.87,130168.255,0.6665,0.72,8.4313,1.939,6273260.3141
688223.SH,2024-09-24,6.31,6.53,6.28,6.53,6.27,0.26,4.1467,425230.23,273836.334,1.3679,1.53,8.7809,2.0194,6533395.5105
688223.SH,2024-09-25,6.56,6.78,6.55,6.59,6.53,0.06,0.9188,448127.63,298711.187,1.4416,1.58,8.8616,2.0379,6593426.7097
688223.SH,2024-09-26,6.59,6.92,6.54,6.92,6.59,0.33,5.0076,448894.35,302941.224,1.444,1.39,9.3053,2.14,6923598.3052
688223.SH,2024-09-27,6.99,7.48,6.98,7.4,6.92,0.48,6.9364,478742.87,346578.972,1.54,1.34,9.9508,2.2884,7403847.8986
688223.SH,2024-09-30,7.83,8.85,7.8,8.81,7.4,1.41,19.0541,1498643.18,1243522.002,4.8209,3.73,11.8468,2.7244,8814581.0793
688223.SH,2024-10-08,10.57,10.57,9.64,10.54,8.81,1.73,19.6368,1964184.71,1994152.797,6.3185,2.98,14.1731,3.2594,10545480.6556
688223.SH,2024-10-09,9.68,10.28,9.11,9.11,10.54,-1.43,-13.5674,1462986.09,1421436.643,4.7062,1.51,12.2502,2.8172,9114737.0752
688223.SH,2024-10-10,9.31,9.71,9.08,9.1,9.11,-0.01,-0.1098,927721.08,865545.204,2.9843,0.79,12.2368,2.8141,9104731.8753
688223.SH,2024-10-11,9.19,9.19,8.65,8.94,9.1,-0.16,-1.7582,657357.9,585117.837,2.1146,0.52,12.0216,2.7646,8944648.6775
688223.SH,2024-10-14,8.97,9.1,8.57,8.84,8.94,-0.1,-1.1186,665446.9,587623.238,2.1406,0.51,11.8871,2.7337,8844596.6789
688223.SH,2024-10-15,8.83,8.88,8.55,8.59,8.84,-0.25,-2.8281,489757.57,427785.324,1.5755,0.43,11.551,2.6564,8594466.6823
688223.SH,2024-10-16,8.4,8.5,8.08,8.16,8.59,-0.43,-5.0058,656619.74,539887.174,2.1122,0.78,10.9727,2.5234,8164243.0882
688223.SH,2024-10-17,8.22,8.3,8.07,8.1,8.16,-0.06,-0.7353,496088.54,404710.816,1.5958,0.73,10.8921,2.5049,8104211.889
688223.SH,2024-10-18,8.06,8.66,7.97,8.55,8.1,0.45,5.5556,1009197.94,835079.392,3.2464,1.7,11.4972,2.644,8554445.8829
688223.SH,2024-10-21,8.7,9.23,8.6,8.9,8.55,0.35,4.0936,1260746.29,1128821.433,4.0556,1.9,11.9678,2.7523,8904627.8781
688223.SH,2024-10-22,8.77,9.17,8.38,9.15,8.9,0.25,2.809,1215537.7,1062475.214,3.9102,1.55,12.304,2.8296,9154757.8746
688223.SH,2024-10-23,9.0,10.34,8.82,9.45,9.15,0.3,3.2787,1729209.17,1643757.562,5.5626,1.86,12.7074,2.9224,9454913.8705
688223.SH,2024-10-24,9.41,9.58,9.0,9.0,9.45,-0.45,-4.7619,968760.26,896047.952,3.1163,0.85,12.1023,2.7832,9004679.8767
688223.SH,2024-10-25,9.05,10.34,9.0,9.78,9.0,0.78,8.6667,2081118.33,2040292.742,6.6946,1.68,13.1512,3.0244,9785085.466
688223.SH,2024-10-28,9.86,9.86,9.32,9.51,9.78,-0.27,-2.7607,1040534.63,984877.807,3.3472,0.72,12.7881,2.9409,9514945.0697
688223.SH,2024-10-29,10.03,10.4,9.37,9.39,9.51,-0.12,-1.2618,1078525.53,1051014.72,3.4694,0.77,12.6267,2.9038,9394882.6714
688223.SH,2024-10-30,9.1,9.45,9.05,9.18,9.39,-0.21,-2.2364,684710.36,631780.362,2.2026,0.5,12.3443,2.8389,9184773.4742
688223.SH,2024-10-31,9.37,9.68,9.37,9.47,9.18,0.29,3.159,1005415.08,957899.304,3.2343,0.86,12.7343,2.9399,9474924.2703
688223.SH,2024-11-01,9.44,9.51,9.15,9.2,9.47,-0.27,-2.8511,642421.03,595576.235,2.0666,0.55,12.3712,2.8561,9204783.874
688223.SH,2024-11-04,9.1,9.4,9.06,9.15,9.2,-0.05,-0.5435,539236.61,496271.622,1.7346,0.61,12.304,2.8406,9154757.8746
688223.SH,2024-11-05,9.2,9.38,9.1,9.28,9.15,0.13,1.4208,711818.56,658536.705,2.2898,0.9,12.4788,2.8809,9284825.4729
688223.SH,2024-11-06,9.3,9.45,9.11,9.13,9.28,-0.15,-1.6164,788216.47,729440.173,2.5356,1.1,12.2771,2.8344,9134747.4749
688223.SH,2024-11-07,8.83,8.85,8.4,8.84,9.13,-0.29,-3.1763,1121805.2,970766.298,3.6087,1.52,11.8871,2.7443,8844598.1207
688223.SH,2024-11-08,8.86,9.08,8.85,8.94,8.84,0.1,1.1312,929766.8,833430.168,2.9909,1.22,12.0216,2.7754,8944650.1356
688223.SH,2024-11-11,8.87,9.18,8.81,9.06,8.94,0.12,1.3423,986595.42,891840.512,3.1737,1.21,12.183,2.8126,9064712.5536
688223.SH,2024-11-12,9.1,9.31,8.91,9.01,9.06,-0.05,-0.5519,974681.75,891187.597,3.1354,1.07,12.1157,2.7971,9014686.5461
688223.SH,2024-11-13,9.03,9.1,8.85,9.04,9.01,0.03,0.333,717917.58,643635.796,2.3094,0.75,12.1561,2.8064,9044702.1506
688223.SH,2024-11-14,9.05,9.16,8.73,8.75,9.04,-0.29,-3.208,582162.5,518606.633,1.8727,0.62,11.7661,2.7164,8754551.3073
688223.SH,2024-11-15,8.75,8.8,8.43,8.44,8.75,-0.31,-3.5429,480166.83,415028.536,1.5446,0.57,11.3493,2.6202,8444390.0609
688223.SH,2024-11-18,8.4,8.57,8.27,8.31,8.44,-0.13,-1.5403,474094.7,398321.952,1.5251,0.63,11.1744,2.5798,8314322.4415
688223.SH,2024-11-19,8.34,8.71,8.33,8.65,8.31,0.34,4.0915,570038.49,487306.338,1.8337,0.88,11.6316,2.6854,8654499.2923
688223.SH,2024-11-20,8.65,8.77,8.57,8.67,8.65,0.02,0.2312,446359.29,386669.691,1.4359,0.79,11.6585,2.6916,8674509.6953
688223.SH,2024-11-21,8.98,9.04,8.63,8.75,8.67,0.08,0.9227,593603.99,521371.142,1.9095,1.16,11.7661,2.7164,8754551.3073
688223.SH,2024-11-22,8.75,8.75,8.41,8.41,8.75,-0.34,-3.8857,461030.43,394799.103,1.4831,0.9,11.3089,2.6108,8414374.4565
688223.SH,2024-11-25,8.4,8.6,8.37,8.6,8.41,0.19,2.2592,417240.06,352539.007,1.3422,0.82,11.5644,2.6698,8604473.2848
688223.SH,2024-11-26,8.53,8.74,8.45,8.49,8.6,-0.11,-1.2791,333665.33,286313.651,1.0733,0.67,11.4165,2.6357,8494416.0684
688223.SH,2024-11-27,8.56,8.79,8.43,8.75,8.49,0.26,3.0624,499217.88,432450.54,1.6059,1.11,11.7661,2.7164,8754551.3073
688223.SH,2024-11-28,8.79,8.87,8.7,8.72,8.75,-0.03,-0.3429,366397.63,320733.656,1.1786,0.79,11.7258,2.7071,8724535.7028
688223.SH,2024-11-29,8.78,8.82,8.62,8.75,8.72,0.03,0.344,490833.92,428806.344,1.5789,1.18,11.7661,2.7164,8754551.3073
688223.SH,2024-12-02,8.66,8.81,8.41,8.79,8.75,0.04,0.4571,497648.41,431846.577,1.6009,1.18,11.8199,2.7288,8794572.1132
688223.SH,2024-12-03,8.95,9.08,8.79,8.9,8.79,0.11,1.2514,544069.89,483297.152,1.7502,1.24,11.9678,2.763,8904629.3297
688223.SH,2024-12-04,8.91,8.97,8.64,8.68,8.9,-0.22,-2.4719,498060.39,437483.123,1.6022,1.04,11.672,2.6947,8684514.8968
688223.SH,2024-12-05,8.7,8.8,8.61,8.79,8.68,0.11,1.2673,302228.85,263324.295,0.9722,0.63,11.8199,2.7288,8794572.1132
688223.SH,2024-12-06,8.8,8.87,8.51,8.85,8.79,0.06,0.6826,556760.4,484551.93,1.791,1.19,11.9006,2.7474,8854603.3222
688223.SH,2024-12-09,8.85,8.85,8.61,8.67,8.85,-0.18,-2.0339,313896.54,273923.569,1.0098,0.65,11.6585,2.6916,8674509.6953
688223.SH,2024-12-10,8.93,8.99,8.64,8.67,8.67,0.0,0.0,435241.57,382539.314,1.4001,0.98,11.6585,2.6916,8674509.6953
688223.SH,2024-12-11,8.65,8.73,8.61,8.64,8.67,-0.03,-0.346,289914.94,251169.576,0.9326,0.69,11.6182,2.6822,8644494.0908
688223.SH,2024-12-12,8.66,8.66,8.55,8.6,8.64,-0.04,-0.463,298361.77,256624.263,0.9598,0.79,11.5644,2.6698,8604473.2848
688223.SH,2024-12-13,8.6,8.66,8.39,8.56,8.6,-0.04,-0.4651,540673.39,458860.401,1.7393,1.43,11.5106,2.6574,8564452.4789
688223.SH,2024-12-16,8.54,8.56,8.33,8.35,8.56,-0.21,-2.4533,389152.49,326847.423,1.2518,1.04,11.2282,2.5922,8354343.2475
688223.SH,2024-12-17,8.35,8.38,8.23,8.24,8.35,-0.11,-1.3174,235987.06,195601.236,0.7591,0.6,11.0803,2.5581,8244286.0311
688223.SH,2024-12-18,8.33,8.33,8.12,8.16,8.24,-0.08,-0.9709,264735.08,217162.575,0.8516,0.75,10.9727,2.5332,8164244.4191
688223.SH,2024-12-19,8.06,8.17,8.02,8.12,8.16,-0.04,-0.4902,307744.62,249189.702,0.99,0.89,10.919,2.5208,8124223.6131
688223.SH,2024-12-20,8.1,8.14,7.91,7.93,8.12,-0.19,-2.3399,493717.81,395210.335,1.5882,1.42,10.6635,2.4618,7934124.7847
688223.SH,2024-12-23,7.92,7.95,7.76,7.77,7.93,-0.16,-2.0177,372770.27,292767.191,1.1991,1.1,10.4483,2.4122,7774041.5608
688223.SH,2024-12-24,7.81,8.05,7.8,7.9,7.77,0.13,1.6731,436580.62,346552.777,1.4044,1.3,10.6231,2.4525,7904109.1803
688223.SH,2024-12-25,8.0,8.04,7.72,7.78,7.9,-0.12,-1.519,324194.9,252575.693,1.0429,0.86,10.4618,2.4153,7784046.7623
688223.SH,2024-12-26,7.75,7.78,7.59,7.6,7.78,-0.18,-2.3136,390061.07,298853.828,1.2548,1.01,10.2197,2.3594,7603953.1354
688223.SH,2024-12-27,7.62,7.62,7.35,7.43,7.6,-0.17,-2.2368,645852.92,482739.412,2.0776,1.6,9.9911,2.3066,7433864.71
688223.SH,2024-12-30,7.4,7.45,7.26,7.31,7.43,-0.12,-1.6151,460780.61,337447.061,1.4823,1.06,9.8297,2.2694,7313802.4544
688223.SH,2024-12-31,7.31,7.39,7.11,7.11,7.31,-0.2,-2.736,524171.58,378668.532,1.6862,1.16,9.5608,2.2073,7113698.4201
688223.SH,2025-01-02,7.11,7.17,6.95,7.01,7.11,-0.1,-1.4065,537152.56,378935.838,1.7279,1.15,9.4263,2.1762,7013646.4029
688223.SH,2025-01-03,7.04,7.11,6.93,6.93,7.01,-0.08,-1.1412,370246.02,259655.057,1.191,0.72,9.3188,2.1514,6933604.7892
688223.SH,2025-01-06,6.94,7.07,6.86,6.92,6.93,-0.01,-0.1443,365727.77,254100.923,1.1765,0.72,9.3053,2.1483,6923599.5875
688223.SH,2025-01-07,6.9,6.93,6.71,6.79,6.92,-0.13,-1.8786,496846.05,338026.465,1.5983,1.1,9.1305,2.1079,6793531.9652
688223.SH,2025-01-08,6.76,6.86,6.65,6.74,6.79,-0.05,-0.7364,401858.66,271211.605,1.2927,0.88,9.0633,2.0924,6743505.9566
688223.SH,2025-01-09,6.73,6.82,6.6,6.64,6.74,-0.1,-1.4837,439873.74,294393.382,1.415,1.01,8.9288,2.0614,6643453.9394
688223.SH,2025-01-10,6.61,6.66,6.36,6.37,6.64,-0.27,-4.0663,487741.82,315925.663,1.569,1.18,8.5657,1.9775,6373313.4931
688223.SH,2025-01-13,6.36,6.48,6.3,6.4,6.37,0.03,0.471,402973.92,258199.414,1.2963,0.92,8.6061,1.9869,6403329.0982
688223.SH,2025-01-14,6.42,6.55,6.37,6.54,6.4,0.14,2.1875,713683.01,460905.33,2.2958,1.6,8.7943,2.0303,6543401.9223
688223.SH,2025-01-15,6.54,6.64,6.37,6.61,6.54,0.07,1.0703,1027763.0,668567.11,3.3061,2.1,8.8885,2.052,6613438.3343
688223.SH,2025-01-16,6.55,6.86,6.53,6.74,6.61,0.13,1.9667,827789.13,557445.991,2.6629,1.35,9.0633,2.0924,6743505.9566
688223.SH,2025-01-17,6.77,6.79,6.47,6.52,6.74,-0.22,-3.2641,791487.36,518935.342,2.5461,1.14,8.7674,2.0241,6523391.5671
688223.SH,2025-01-20,6.52,6.59,6.38,6.41,6.52,-0.11,-1.6871,487878.95,315058.469,1.5694,0.65,8.6195,1.99,6413334.3474
688223.SH,2025-01-21,6.45,6.47,6.24,6.25,6.41,-0.16,-2.4961,549977.42,346942.428,1.7692,0.71,8.4044,1.9403,6253251.1188
688223.SH,2025-01-22,6.23,6.25,6.12,6.2,6.25,-0.05,-0.8,435138.82,269066.448,1.3998,0.59,8.3371,1.9248,6203225.1098
688223.SH,2025-01-23,6.23,6.31,6.15,6.15,6.2,-0.05,-0.8065,573787.62,357199.279,1.8458,0.93,8.2699,1.9092,6153199.1009
688223.SH,2025-01-24,6.15,6.26,6.1,6.18,6.15,0.03,0.4878,545938.44,338359.204,1.7562,0.96,8.3102,1.9186,6183214.7062
688223.SH,2025-01-27,6.16,6.3,6.12,6.12,6.18,-0.06,-0.9709,500867.13,309983.844,0.5006,0.97,8.2296,1.8999,6123183.4955
688223.SH,2025-02-05,6.15,6.22,6.02,6.11,6.12,-0.01,-0.1634,512910.3,313767.185,0.5126,0.98,8.2161,1.8968,6113178.2937
688223.SH,2025-02-06,6.09,6.28,6.03,6.27,6.11,0.16,2.6187,700912.94,433179.696,0.7005,1.36,8.4313,1.9465,6273261.5223
688223.SH,2025-02-07,6.25,6.69,6.23,6.54,6.27,0.27,4.3062,1247977.13,811828.506,1.2473,2.2,8.7943,2.0303,6543401.9707
688223.SH,2025-02-10,6.55,6.55,6.39,6.44,6.54,-0.1,-1.5291,797404.43,512978.57,0.797,1.14,8.6599,1.9993,6443349.9528
688223.SH,2025-02-11,6.45,6.46,6.27,6.3,6.44,-0.14,-2.1739,646904.81,409252.02,0.6466,0.86,8.4716,1.9558,6303277.1277
688223.SH,2025-02-12,6.33,6.38,6.19,6.34,6.3,0.04,0.6349,617456.99,387605.586,0.6171,0.79,8.5254,1.9682,6343297.9349
688223.SH,2025-02-13,6.34,6.37,6.27,6.28,6.34,-0.06,-0.9464,478802.92,302625.998,0.4786,0.6,8.4447,1.9496,6283266.7241
688223.SH,2025-02-14,6.28,6.48,6.28,6.35,6.28,0.07,1.1146,644190.4,410705.771,0.6439,0.85,8.5388,1.9713,6353303.1367
688223.SH,2025-02-17,6.38,6.48,6.31,6.44,6.35,0.09,1.4173,720253.12,461808.755,0.7199,1.13,8.6599,1.9993,6443349.9528
688223.SH,2025-02-18,6.47,6.5,6.28,6.31,6.44,-0.13,-2.0186,703294.81,450435.528,0.7029,1.13,8.4851,1.9589,6313282.3295
688223.SH,2025-02-19,6.28,6.41,6.23,6.37,6.31,0.06,0.9509,668077.52,422400.139,0.6677,1.06,8.5657,1.9775,6373313.5402
688223.SH,2025-02-20,6.35,6.35,6.25,6.28,6.37,-0.09,-1.4129,529536.69,333078.452,0.5293,0.82,8.4447,1.9496,6283266.7241
688223.SH,2025-02-21,6.29,6.34,6.22,6.29,6.28,0.01,0.1592,843619.97,530431.321,0.8432,1.29,8.4582,1.9527,6293271.9259
688223.SH,2025-02-24,6.31,6.41,6.24,6.4,6.29,0.11,1.7488,830626.58,525918.608,0.8302,1.2,8.6061,1.9869,6403329.1456
688223.SH,2025-02-25,6.35,6.61,6.28,6.53,6.4,0.13,2.0313,1066510.61,690964.452,1.066,1.49,8.7809,2.0272,6533396.7689
688223.SH,2025-02-26,6.62,7.28,6.62,7.11,6.53,0.58,8.8821,1846009.64,1269697.786,1.845,2.34,9.5608,2.2073,7113698.4727
688223.SH,2025-02-27,7.08,7.08,6.89,7.07,7.11,-0.04,-0.5626,1234185.06,860349.024,1.2335,1.21,9.507,2.1949,7073677.6655
688223.SH,2025-02-28,7.0,7.14,6.87,6.9,7.07,-0.17,-2.4045,976909.91,685914.084,0.9764,0.84,9.2784,2.1421,6903589.2351
688223.SH,2025-03-03,6.91,7.07,6.8,6.84,6.9,-0.06,-0.8696,869081.77,601370.157,0.8686,0.73,9.1977,2.1234,6843558.0244
688223.SH,2025-03-04,6.8,6.81,6.65,6.68,6.84,-0.16,-2.3392,831096.78,557570.621,0.8307,0.69,8.9826,2.0738,6683474.7957
688223.SH,2025-03-05,6.73,6.77,6.56,6.62,6.68,-0.06,-0.8982,614642.12,408468.812,0.6143,0.53,8.9019,2.0551,6623443.585
688223.SH,2025-03-06,6.65,6.89,6.55,6.82,6.62,0.2,3.0211,979615.46,659706.839,0.9791,1.08,9.1708,2.1172,6823547.6208
688223.SH,2025-03-07,6.77,6.81,6.65,6.67,6.82,-0.15,-2.1994,685114.5,459151.942,0.6848,0.8,8.9691,2.0707,6673469.5939
688223.SH,2025-03-10,6.67,6.79,6.66,6.74,6.67,0.07,1.0495,551409.63,370645.938,0.5511,0.69,9.0633,2.0924,6743506.0065
688223.SH,2025-03-11,6.67,6.81,6.6,6.81,6.74,0.07,1.0386,549828.14,368483.678,0.5495,0.75,9.1574,2.1141,6813542.419
688223.SH,2025-03-12,6.81,6.85,6.71,6.72,6.81,-0.09,-1.3216,437507.96,295282.74,0.4373,0.65,9.0364,2.0862,6723495.6029
688223.SH,2025-03-13,6.71,6.75,6.62,6.7,6.72,-0.02,-0.2976,501074.06,334726.57,0.5008,0.78,9.0095,2.08,6703485.1993
688223.SH,2025-03-14,6.71,6.88,6.68,6.85,6.7,0.15,2.2388,707231.89,481242.677,0.7069,1.3,9.2112,2.1266,6853563.2262
688223.SH,2025-03-17,6.91,7.08,6.91,6.92,6.85,0.07,1.0219,734148.91,512425.26,0.7338,1.34,9.3053,2.1483,6923599.6387
688223.SH,2025-03-18,7.02,7.13,6.94,7.06,6.92,0.14,2.0231,685761.22,482052.938,0.6854,1.17,9.4936,2.1917,7063672.4637
688223.SH,2025-03-19,7.02,7.11,6.96,6.99,7.06,-0.07,-0.9915,483904.74,339003.057,0.4837,0.79,9.3994,2.17,6993636.0512
688223.SH,2025-03-20,7.01,7.07,6.89,6.92,6.99,-0.07,-1.0014,505670.86,353055.169,0.5054,0.81,9.3053,2.1483,6923599.6387
688223.SH,2025-03-21,6.88,7.0,6.86,6.94,6.92,0.02,0.289,499814.44,346055.786,0.4996,0.8,9.3322,2.1545,6943610.0423
688223.SH,2025-03-24,6.95,6.95,6.78,6.87,6.94,-0.07,-1.0086,489977.85,335567.943,0.4897,0.84,9.2381,2.1328,6873573.6297
688223.SH,2025-03-25,6.88,7.0,6.81,6.94,6.87,0.07,1.0189,450720.86,312996.892,0.4505,0.85,9.3322,2.1545,6943610.0423
688223.SH,2025-03-26,6.92,7.09,6.91,7.02,6.94,0.08,1.1527,534445.95,374638.349,0.5342,1.1,9.4398,2.1793,7023651.6566
688223.SH,2025-03-27,6.97,6.99,6.85,6.87,7.02,-0.15,-2.1368,412716.01,284933.246,0.4125,0.83,9.2381,2.1328,6873573.6297
688223.SH,2025-03-28,6.87,6.95,6.8,6.84,6.87,-0.03,-0.4367,319396.73,219290.381,0.3192,0.67,9.1977,2.1234,6843558.0244
688223.SH,2025-03-31,6.82,6.83,6.47,6.48,6.84,-0.36,-5.2632,580377.23,381688.54,0.5801,1.31,8.7136,2.0117,6483370.7599
688223.SH,2025-04-01,6.48,6.67,6.48,6.63,6.48,0.15,2.3148,465945.56,307893.983,0.4657,1.01,8.9154,2.0583,6633448.7868
688223.SH,2025-04-02,6.63,6.65,6.5,6.52,6.63,-0.11,-1.6591,380531.88,249350.996,0.3803,0.82,8.7674,2.084,6523391.7601
688223.SH,2025-04-03,6.44,6.49,6.35,6.36,6.52,-0.16,-2.454,410900.82,263284.256,0.4107,0.95,8.5523,2.0329,6363308.5267
688223.SH,2025-04-07,6.0,6.0,5.13,5.45,6.36,-0.91,-14.3082,1143382.04,638495.938,1.1428,2.65,7.3286,1.742,5452835.1369
688223.SH,2025-04-08,5.5,5.68,5.5,5.67,5.45,0.22,4.0367,848499.88,475668.171,0.8481,1.42,7.6244,1.8123,5672949.5828
688223.SH,2025-04-09,5.53,5.78,5.4,5.78,5.67,0.11,1.94,675217.02,381436.15,0.6749,1.04,7.7724,1.8475,5783006.8057
688223.SH,2025-04-10,6.06,6.07,5.88,5.96,5.78,0.18,3.1142,582321.9,346354.266,0.582,0.84,8.0144,1.905,5963100.4433
688223.SH,2025-04-11,5.96,5.97,5.87,5.93,5.96,-0.03,-0.5034,374883.35,221920.647,0.3747,0.51,7.9741,1.8954,5933084.837
688223.SH,2025-04-14,5.97,6.04,5.91,5.92,5.93,-0.01,-0.1686,450553.79,268421.933,0.4503,0.62,7.9606,1.8922,5923079.6349
688223.SH,2025-04-15,5.96,5.97,5.89,5.95,5.92,0.03,0.5068,323968.65,191800.707,0.3238,0.55,8.001,1.9018,5953095.2412
688223.SH,2025-04-16,5.93,5.97,5.8,5.97,5.95,0.02,0.3361,413444.96,242118.479,0.4132,0.86,8.0279,1.9082,5973105.6453
688223.SH,2025-04-17,5.9,5.92,5.84,5.9,5.97,-0.07,-1.1725,351822.81,206833.916,0.3516,0.82,7.9337,1.8858,5903069.2307
688223.SH,2025-04-18,5.88,5.91,5.82,5.88,5.9,-0.02,-0.339,207727.75,121847.49,0.2076,0.54,7.9068,1.8794,5883058.8266
688223.SH,2025-04-21,5.88,5.91,5.83,5.85,5.88,-0.03,-0.5102,211090.35,123647.441,0.211,0.6,7.8665,1.8698,5853043.2203
688223.SH,2025-04-22,5.84,5.86,5.67,5.68,5.85,-0.17,-2.906,486098.88,280840.083,0.4858,1.61,7.6379,1.8155,5682954.7848
688223.SH,2025-04-23,5.73,5.9,5.7,5.84,5.68,0.16,2.8169,473788.58,274967.444,0.4735,1.42,7.853,1.8666,5843038.0182
688223.SH,2025-04-24,5.81,5.88,5.77,5.77,5.84,-0.07,-1.1986,252341.72,146683.031,0.2522,0.73,7.7589,1.8443,5773001.6036
688223.SH,2025-04-25,5.75,5.84,5.74,5.77,5.77,0.0,0.0,293774.27,169829.935,0.2936,0.9,7.7589,1.8443,5773001.6036
688223.SH,2025-04-28,5.76,5.77,5.64,5.68,5.77,-0.09,-1.5598,315804.9,179628.523,0.3156,0.92,7.6379,1.8155,5682954.7848
688223.SH,2025-04-29,5.66,5.73,5.63,5.63,5.68,-0.05,-0.8803,239351.6,135710.384,0.2392,0.66,7.5707,1.7995,5632928.7744
688223.SH,2025-04-30,5.42,5.62,5.42,5.48,5.63,-0.15,-2.6643,400843.3,220846.713,0.4006,1.27,554.2288,1.836,5482850.7431
688223.SH,2025-05-06,5.51,5.56,5.4,5.54,5.48,0.06,1.0949,456877.34,251540.637,0.4566,1.52,560.297,1.8561,5542881.9556
688223.SH,2025-05-07,5.74,5.75,5.58,5.62,5.54,0.08,1.444,493606.87,278580.679,0.4934,1.45,568.388,1.8829,5622923.5723
688223.SH,2025-05-08,5.58,5.76,5.57,5.73,5.62,0.11,1.9573,424553.78,242276.621,0.4243,1.11,579.513,1.9197,5732980.7953
688223.SH,2025-05-09,5.74,5.74,5.58,5.58,5.73,-0.15,-2.6178,328136.72,185216.723,0.328,0.81,564.3425,1.8695,5582902.764
688223.SH,2025-05-12,5.65,5.78,5.63,5.76,5.58,0.18,3.2258,420333.12,240262.032,0.4201,1.0,582.5471,1.9298,5762996.4015
688223.SH,2025-05-13,5.82,6.1,5.8,5.82,5.76,0.06,1.0417,820327.64,487668.215,0.8199,1.93,588.6153,1.9499,5823027.6141
688223.SH,2025-05-14,5.8,5.82,5.67,5.76,5.82,-0.06,-1.0309,436244.87,250139.099,0.436,0.88,582.5471,1.9298,5762996.4015
688223.SH,2025-05-15,5.76,5.76,5.61,5.62,5.76,-0.14,-2.4306,314452.56,178038.479,0.3143,0.65,568.388,1.8829,5622923.5723
688223.SH,2025-05-16,5.62,5.66,5.6,5.61,5.62,-0.01,-0.1779,225577.95,126934.513,0.2255,0.49,567.3766,1.8795,5612918.3702
688223.SH,2025-05-19,5.6,5.61,5.52,5.58,5.61,-0.03,-0.5348,256551.44,142630.235,0.2564,0.58,564.3425,1.8695,5582902.764
688223.SH,2025-05-20,5.57,5.59,5.53,5.54,5.58,-0.04,-0.7168,298403.69,165485.747,0.2982,0.73,560.297,1.8561,5542881.9556
688223.SH,2025-05-21,5.54,5.57,5.46,5.46,5.54,-0.08,-1.444,369525.59,203381.574,0.3693,1.21,552.2061,1.8293,5462840.339
688223.SH,2025-05-22,5.45,5.47,5.36,5.37,5.46,-0.09,-1.6484,321164.46,173356.199,0.321,1.1,543.1038,1.7991,5372793.6394
688223.SH,2025-05-23,5.37,5.43,5.31,5.31,5.37,-0.06,-1.1173,293458.0,157434.27,0.2933,1.0,537.0356,1.779,5312762.4255
688223.SH,2025-05-26,5.33,5.35,5.23,5.24,5.31,-0.07,-1.3183,354372.71,186864.31,0.3542,1.15,529.9561,1.7556,5242726.0094
688223.SH,2025-05-27,5.25,5.25,5.15,5.2,5.24,-0.04,-0.7634,333217.37,172876.87,0.333,1.02,525.9106,1.7422,5202705.2002
688223.SH,2025-05-28,5.21,5.24,5.16,5.17,5.2,-0.03,-0.5769,196808.75,102127.843,0.1967,0.59,522.8765,1.7321,5172689.5932
688223.SH,2025-05-29,5.19,5.28,5.17,5.26,5.17,0.09,1.7408,273006.83,142857.171,0.2729,0.91,531.9788,1.7623,5262736.414
688223.SH,2025-05-30,5.26,5.27,5.19,5.2,5.26,-0.06,-1.1407,276447.48,144231.315,0.2763,0.95,525.9106,1.7422,5202705.2002
688223.SH,2025-06-03,5.15,5.17,5.09,5.11,5.2,-0.09,-1.7308,435529.5,223439.374,0.4353,1.52,516.8083,1.712,5112658.3794
688223.SH,2025-06-04,5.13,5.16,5.09,5.16,5.11,0.05,0.9785,322482.13,165300.361,0.3223,1.06,521.8651,1.7288,5162684.3909
688223.SH,2025-06-05,5.18,5.18,5.11,5.15,5.16,-0.01,-0.1938,289162.93,148444.07,0.289,0.96,520.8538,1.7254,5152679.1886
688223.SH,2025-06-06,5.16,5.23,5.12,5.17,5.15,0.02,0.3883,416132.39,215127.312,0.4159,1.3,522.8765,1.7321,5172689.5932
688223.SH,2025-06-09,5.17,5.29,5.15,5.23,5.17,0.06,1.1605,555951.68,290887.35,0.5557,1.6,528.9447,1.7522,5232720.8071
688223.SH,2025-06-10,5.22,5.25,5.12,5.12,5.23,-0.11,-2.1033,476882.93,246838.503,0.4766,1.18,517.8197,1.7154,5122663.5817
688223.SH,2025-06-11,5.13,5.24,5.13,5.22,5.12,0.1,1.9531,456847.41,237724.669,0.4566,1.11,527.9333,1.7489,5222715.6048
688223.SH,2025-06-12,5.2,5.22,5.13,5.15,5.22,-0.07,-1.341,403996.0,208261.783,0.4038,0.92,520.8538,1.7254,5152679.1886
688223.SH,2025-06-13,5.16,5.16,5.01,5.06,5.15,-0.09,-1.7476,687969.95,349179.194,0.6876,1.49,511.7515,1.6952,5062632.3678
688223.SH,2025-06-16,5.03,5.09,4.99,5.01,5.06,-0.05,-0.9881,486413.63,244352.767,0.4862,0.94,506.6946,1.6785,5012606.3563
688223.SH,2025-06-17,5.02,5.07,4.95,5.03,5.01,0.02,0.3992,430161.06,216073.237,0.4299,0.86,508.7174,1.6852,5032616.7609
688223.SH,2025-06-18,5.01,5.09,4.99,5.0,5.03,-0.03,-0.5964,436526.31,220013.031,0.4363,0.89,505.6833,1.6751,5002601.154
688223.SH,2025-06-19,5.02,5.06,4.9,4.9,5.0,-0.1,-2.0,451874.3,224434.296,0.4516,0.92,495.5696,1.6416,4902549.1309
688223.SH,2025-06-20,4.93,5.08,4.89,4.95,4.9,0.05,1.0204,833596.93,415753.465,0.8332,1.67,500.6264,1.6584,4952575.1425
688223.SH,2025-06-23,4.91,4.94,4.85,4.88,4.95,-0.07,-1.4141,542247.99,264631.307,0.542,1.03,493.5469,1.6349,4882538.7263
688223.SH,2025-06-24,4.9,5.01,4.88,5.01,4.88,0.13,2.6639,703300.36,347343.502,0.7029,1.31,506.6946,1.6785,5012606.3563
688223.SH,2025-06-25,4.99,5.08,4.96,5.07,5.01,0.06,1.1976,754935.95,379101.561,0.7545,1.27,512.7628,1.6986,5072637.5702
688223.SH,2025-06-26,5.06,5.09,5.0,5.01,5.07,-0.06,-1.1834,610961.89,307870.972,0.6106,0.93,506.6946,1.6785,5012606.3563
688223.SH,2025-06-27,5.03,5.16,5.01,5.06,5.01,0.05,0.998,728612.27,371446.437,0.7282,1.06,511.7515,1.6952,5062632.3678
688223.SH,2025-06-30,5.1,5.23,5.1,5.19,5.06,0.13,2.5692,797598.94,412330.314,0.7972,1.19,524.8992,1.7388,5192699.9979
688223.SH,2025-07-01,5.17,5.19,5.08,5.09,5.19,-0.1,-1.9268,584723.64,298893.85,0.5844,0.81,514.7856,1.7053,5092647.9748
688223.SH,2025-07-02,5.11,5.31,5.1,5.29,5.09,0.2,3.9293,1296174.94,676460.538,1.2955,1.86,535.0129,1.7723,5292752.0209
688223.SH,2025-07-03,5.35,5.35,5.24,5.29,5.29,0.0,0.0,690969.95,364809.714,0.6906,0.86,535.0129,1.7723,5292752.0209
688223.SH,2025-07-04,5.35,5.39,5.25,5.27,5.29,-0.02,-0.3781,778010.79,411858.013,0.7776,0.95,532.9901,1.7656,5272741.6163
688223.SH,2025-07-07,5.23,5.36,5.22,5.29,5.27,0.02,0.3795,634453.9,336928.805,0.6341,0.76,535.0129,1.7723,5292752.0209
688223.SH,2025-07-08,5.28,5.63,5.28,5.54,5.29,0.25,4.7259,1215547.79,665453.191,1.2149,1.53,560.297,1.8561,5542882.0786
688223.SH,2025-07-09,5.5,5.62,5.48,5.48,5.54,-0.06,-1.083,666927.92,368689.544,0.6666,0.72,554.2288,1.836,5482850.8648
688223.SH,2025-07-10,5.47,5.65,5.47,5.53,5.48,0.05,0.9124,998429.42,555624.789,0.9979,1.25,559.2857,1.8527,5532876.8763
688223.SH,2025-07-11,5.55,5.58,5.48,5.48,5.53,-0.05,-0.9042,676127.0,372687.422,0.6758,0.79,554.2288,1.836,5482850.8648
688223.SH,2025-07-14,5.48,5.51,5.4,5.43,5.48,-0.05,-0.9124,574172.05,312716.635,0.5739,0.68,549.172,1.8192,5432824.8532
688223.SH,2025-07-15,5.42,5.47,5.29,5.33,5.43,-0.1,-1.8416,579873.53,310355.932,0.5796,0.7,539.0583,1.7857,5332772.8302
688223.SH,2025-07-16,5.33,5.35,5.29,5.34,5.33,0.01,0.1876,412458.94,219610.632,0.4122,0.59,540.0697,1.7891,5342778.0325
688223.SH,2025-07-17,5.41,5.53,5.38,5.44,5.34,0.1,1.8727,835023.19,454246.551,0.8346,1.29,550.1834,1.8226,5442830.0556
688223.SH,2025-07-18,5.4,5.53,5.32,5.34,5.44,-0.1,-1.8382,679619.48,366510.252,0.6793,1.1,540.0697,1.7891,5342778.0325
688223.SH,2025-07-21,5.35,5.44,5.34,5.41,5.34,0.07,1.3109,614508.15,331642.498,0.6142,1.0,547.1493,1.8125,5412814.4486
688223.SH,2025-07-22,5.41,5.58,5.35,5.56,5.41,0.15,2.7726,1067059.8,584644.389,1.0665,1.71,562.3198,1.8628,5562892.4832
688223.SH,2025-07-23,5.58,5.63,5.45,5.46,5.56,-0.1,-1.7986,901834.78,500577.985,0.9014,1.25,552.2061,1.8293,5462840.4602
688223.SH,2025-07-24,5.45,5.69,5.43,5.65,5.46,0.19,3.4799,1136936.37,635346.825,1.1363,1.39,571.4221,1.8929,5652939.304
688223.SH,2025-07-25,5.65,5.66,5.52,5.54,5.65,-0.11,-1.9469,786324.24,438316.758,0.7859,0.89,560.297,1.8561,5542882.0786
688223.SH,2025-07-28,5.53,5.55,5.44,5.49,5.54,-0.05,-0.9025,643318.54,353142.907,0.643,0.71,555.2402,1.8393,5492856.0671
688223.SH,2025-07-29,5.5,5.58,5.44,5.57,5.49,0.08,1.4572,696074.22,383393.506,0.6957,0.77,563.3311,1.8661,5572897.6856
688223.SH,2025-07-30,5.56,5.59,5.46,5.48,5.57,-0.09,-1.6158,648539.29,358461.252,0.6482,0.78,554.2288,1.836,5482850.8648
688223.SH,2025-07-31,5.46,5.47,5.22,5.23,5.48,-0.25,-4.562,1112502.21,591922.59,1.1119,1.42,528.9447,1.7522,5232720.8071
688223.SH,2025-08-01,5.23,5.36,5.23,5.32,5.23,0.09,1.7208,681377.07,361342.3,0.681,0.88,538.047,1.7824,5322767.6279
688223.SH,2025-08-04,5.27,5.28,5.2,5.25,5.32,-0.07,-1.3158,500917.84,261823.008,0.5007,0.66,530.9674,1.7589,5252731.2117
688223.SH,2025-08-05,5.25,5.34,5.24,5.34,5.25,0.09,1.7143,530035.62,280262.832,0.5298,0.73,540.0697,1.7891,5342778.0325
688223.SH,2025-08-06,5.32,5.41,5.29,5.39,5.34,0.05,0.9363,474843.85,254447.383,0.4746,0.68,545.1265,1.8058,5392804.044
688223.SH,2025-08-07,5.42,5.42,5.29,5.32,5.39,-0.07,-1.2987,469795.05,250712.924,0.4696,0.71,538.047,1.7824,5322767.6279
688223.SH,2025-08-08,5.33,5.39,5.3,5.31,5.32,-0.01,-0.188,531800.03,284166.203,0.5315,1.0,537.0356,1.779,5312762.4255
688223.SH,2025-08-11,5.34,5.49,5.32,5.46,5.31,0.15,2.8249,800572.43,434809.86,0.8002,1.6,552.2061,1.8293,5462840.4602
688223.SH,2025-08-12,5.46,5.46,5.35,5.35,5.46,-0.11,-2.0147,632020.55,339826.437,0.6317,1.13,541.0811,1.7924,5352783.2348
688223.SH,2025-08-13,5.37,5.4,5.31,5.36,5.35,0.01,0.1869,553343.93,296015.249,0.5531,0.95,542.0924,1.7958,5362788.4371
688223.SH,2025-08-14,5.36,5.36,5.22,5.22,5.36,-0.14,-2.6119,866807.67,457754.048,0.8664,1.45,527.9333,1.7489,5222715.6048
688223.SH,2025-08-15,5.22,5.45,5.22,5.42,5.22,0.2,3.8314,1221922.72,655906.754,1.2213,1.81,548.1606,1.8159,5422819.6509
688223.SH,2025-08-18,5.46,5.71,5.45,5.64,5.42,0.22,4.059,1492135.96,835251.215,1.4914,1.83,570.4107,1.8896,5642934.1017
688223.SH,2025-08-19,5.62,5.66,5.55,5.57,5.64,-0.07,-1.2411,728626.25,407386.422,0.7282,0.76,563.3311,1.8661,5572897.6856
688223.SH,2025-08-20,5.63,5.68,5.5,5.61,5.57,0.04,0.7181,911401.68,508503.561,0.9109,0.94,567.3766,1.8795,5612918.4948
688223.SH,2025-08-21,5.61,5.67,5.56,5.59,5.61,-0.02,-0.3565,759962.4,426322.577,0.7596,0.73,565.3539,1.8728,5592908.0902
688223.SH,2025-08-22,5.56,5.69,5.55,5.69,5.59,0.1,1.7889,1098247.15,618165.329,1.0977,1.07,575.4675,1.9063,5692960.1133
688223.SH,2025-08-25,5.7,5.83,5.64,5.73,5.69,0.04,0.703,1180616.28,677293.754,1.18,1.18,579.513,1.9197,5732980.9225
688223.SH,2025-08-26,5.72,5.79,5.67,5.74,5.73,0.01,0.1745,788850.02,453227.367,0.7884,0.84,580.5244,1.9231,5742986.1248
688223.SH,2025-08-27,5.71,5.79,5.54,5.54,5.74,-0.2,-3.4843,1053894.77,598735.53,1.0533,1.11,560.297,1.8561,5542882.0786
688223.SH,2025-08-28,5.52,5.65,5.39,5.61,5.54,0.07,1.2635,1311161.2,725299.545,1.3105,1.34,567.3766,1.9803,5612918.4948
688223.SH,2025-08-29,5.6,5.71,5.55,5.67,5.61,0.06,1.0695,1181034.18,664444.74,1.1804,1.09,573.4448,2.0015,5672949.7086
688223.SH,2025-09-01,5.66,5.7,5.58,5.69,5.67,0.02,0.3527,806146.47,453644.933,0.8057,0.73,575.4675,2.0086,5692960.1133
688223.SH,2025-09-02,5.69,5.78,5.52,5.55,5.69,-0.14,-2.4605,1065156.13,601559.146,1.0646,1.04,561.3084,1.9592,5552887.2809
688223.SH,2025-09-03,5.56,5.7,5.54,5.61,5.55,0.06,1.0811,1143410.24,641900.948,1.1428,1.06,567.3766,1.9803,5612918.4948
688223.SH,2025-09-04,5.61,6.0,5.6,5.7,5.61,0.09,1.6043,2409323.09,1397558.155,2.4081,2.19,576.4789,2.0121,5702965.3156
688223.SH,2025-09-05,5.71,6.07,5.7,6.04,5.7,0.34,5.9649,2421666.76,1440386.513,2.4204,1.83,610.8654,2.1321,6043142.194
688223.SH,2025-09-08,6.11,6.14,5.96,6.09,6.04,0.05,0.8278,1794603.15,1084343.006,1.7937,1.14,615.9222,2.1498,6093168.2056
688223.SH,2025-09-09,6.03,6.11,5.89,5.94,6.09,-0.15,-2.4631,1367789.17,817422.414,1.3671,0.77,600.7517,2.0968,5943090.171
688223.SH,2025-09-10,5.9,5.91,5.7,5.75,5.94,-0.19,-3.1987,1143078.56,660339.983,1.1425,0.63,581.5357,2.0298,5752991.3271
688223.SH,2025-09-11,5.72,5.82,5.71,5.82,5.75,0.07,1.2174,974082.17,562280.752,0.9736,0.53,588.6153,2.0545,5823027.7433
688223.SH,2025-09-12,5.8,5.82,5.69,5.69,5.82,-0.13,-2.2337,1163579.55,669228.612,1.163,0.76,575.4675,2.0086,5692960.1133
688223.SH,2025-09-15,5.65,5.78,5.47,5.5,5.69,-0.19,-3.3392,1956256.8,1094968.88,1.9552,1.52,556.2516,1.9415,5502861.2694
688223.SH,2025-09-16,5.55,5.64,5.41,5.46,5.5,-0.04,-0.7273,1346170.53,739970.77,1.3455,1.02,552.2061,1.9274,5462840.4602
688223.SH,2025-09-17,5.46,5.59,5.4,5.49,5.46,0.03,0.5495,1260431.24,692408.518,1.2598,0.96,555.2402,1.938,5492856.0671
688223.SH,2025-09-18,5.46,5.52,5.29,5.35,5.49,-0.14,-2.5501,1555210.81,842003.903,1.5544,1.16,541.0811,1.8886,5352783.2348
688223.SH,2025-09-19,5.38,5.4,5.3,5.35,5.35,0.0,0.0,929234.35,495799.117,0.9288,0.64,541.0811,1.8886,5352783.2348
688223.SH,2025-09-22,5.35,5.35,5.17,5.18,5.35,-0.17,-3.1776,1109913.01,580239.12,1.1093,0.79,523.8879,1.8285,5182694.7955
688223.SH,2025-09-23,5.18,5.2,5.01,5.1,5.18,-0.08,-1.5444,1150165.75,583568.608,1.1496,0.93,515.7969,1.8003,5102653.1771
688223.SH,2025-09-24,5.07,5.33,5.05,5.32,5.1,0.22,4.3137,1483365.06,772889.092,1.4826,1.24,538.047,1.878,5322767.6279
688223.SH,2025-09-25,5.3,5.51,5.29,5.41,5.32,0.09,1.6917,1432844.15,779145.473,1.4321,1.15,547.1493,1.9097,5412814.4486
688223.SH,2025-09-26,5.38,5.47,5.33,5.36,5.41,-0.05,-0.9242,767928.33,413332.585,0.7675,0.63,542.0925,1.8921,5362788.6354
688223.SH,2025-09-29,5.33,5.48,5.31,5.42,5.36,0.06,1.1194,811470.16,438632.371,0.811,0.68,548.1607,1.9133,5422819.8515
688223.SH,2025-09-30,5.42,5.59,5.39,5.56,5.42,0.14,2.583,1085534.1,601064.679,1.085,0.96,562.3198,1.9627,5562892.689
688223.SH,2025-10-09,5.58,5.85,5.52,5.8,5.56,0.24,4.3165,1598014.44,918697.438,1.5972,1.43,586.5926,2.0474,5803017.5532
688223.SH,2025-10-10,5.77,5.8,5.63,5.65,5.8,-0.15,-2.5862,1253813.98,716308.314,1.2532,1.1,571.4221,1.9945,5652939.5131
688223.SH,2025-10-13,5.45,5.6,5.42,5.57,5.65,-0.08,-1.4159,1019199.65,561100.326,1.0187,0.92,563.3312,1.9662,5572897.8916
688223.SH,2025-10-14,5.65,6.2,5.62,5.82,5.57,0.25,4.4883,2370641.89,1407373.736,2.3694,2.05,588.6153,2.0545,5823027.9586
688223.SH,2025-10-15,5.8,6.02,5.69,5.87,5.82,0.05,0.8591,1612430.64,944487.7,1.6116,1.1,593.6722,2.0721,5873053.972
688223.SH,2025-10-16,5.83,5.89,5.78,5.82,5.87,-0.05,-0.8518,960326.1,559526.299,0.9598,0.61,588.6153,2.0545,5823027.9586
688223.SH,2025-10-17,5.77,5.88,5.48,5.5,5.82,-0.32,-5.4983,1470781.43,827262.431,1.47,1.02,556.2516,1.9415,5502861.4729
688223.SH,2025-10-20,5.57,5.59,5.43,5.45,5.5,-0.05,-0.9091,793649.72,435914.346,0.7932,0.53,551.1948,1.9239,5452835.4595
688223.SH,2025-10-21,5.45,5.52,5.43,5.46,5.45,0.01,0.1835,757717.28,414067.826,0.7573,0.53,552.2061,1.9274,5462840.6622
688223.SH,2025-10-22,5.46,5.46,5.34,5.35,5.46,-0.11,-2.0147,713175.73,383655.999,0.7128,0.64,541.0811,1.8886,5352783.4327
688223.SH,2025-10-23,5.31,5.36,5.23,5.35,5.35,0.0,0.0,724890.25,383757.332,0.7245,0.77,541.0811,1.8886,5352783.4327
688223.SH,2025-10-24,5.37,5.44,5.33,5.34,5.35,-0.01,-0.1869,697215.57,374625.166,0.6969,0.78,540.0697,1.885,5342778.2301
688223.SH,2025-10-27,5.39,5.51,5.39,5.47,5.34,0.13,2.4345,960865.71,523538.81,0.9604,1.3,553.2175,1.9309,5472845.8649
688223.SH,2025-10-28,5.46,5.48,5.38,5.42,5.47,-0.05,-0.9141,651718.31,353814.203,0.6514,0.85,548.1607,1.9133,5422819.8515
688223.SH,2025-10-29,5.42,5.89,5.4,5.82,5.42,0.4,7.3801,2077654.14,1185199.914,2.0766,2.77,588.6153,2.0545,5823027.9586
688223.SH,2025-10-30,5.8,5.92,5.76,5.84,5.82,0.02,0.3436,1743931.75,1022041.482,1.743,1.71,590.6381,2.0615,5843038.364
688223.SH,2025-10-31,5.76,6.04,5.75,5.81,5.84,-0.03,-0.5137,1325109.12,783566.299,1.3244,1.08,587.604,2.1272,5813022.7559
688223.SH,2025-11-03,5.9,6.12,5.86,6.11,5.81,0.3,5.1635,1719407.58,1029689.743,1.7185,1.27,617.945,2.2371,6113178.8363
688223.SH,2025-11-04,6.11,6.19,5.9,5.94,6.11,-0.17,-2.7823,1173827.35,705823.036,1.1732,0.78,600.7517,2.1748,5943090.3907
688223.SH,2025-11-05,5.86,6.36,5.85,6.19,5.94,0.25,4.2088,2092059.29,1282160.909,2.091,1.3,626.0359,2.2664,6193220.4577
688223.SH,2025-11-06,6.38,6.58,6.22,6.27,6.19,0.08,1.2924,2255782.13,1430054.692,2.2546,1.4,634.1268,2.2957,6273262.0791
688223.SH,2025-11-07,6.27,6.52,6.17,6.31,6.27,0.04,0.638,1888659.78,1203352.023,1.8877,1.1,638.1723,2.3103,6313282.8898
688223.SH,2025-11-10,6.42,6.49,6.29,6.33,6.31,0.02,0.317,1757113.56,1123154.365,1.7562,0.96,640.195,2.3176,6333293.2952
688223.SH,2025-11-11,6.38,6.57,6.37,6.38,6.33,0.05,0.7899,1595890.83,1030892.804,1.5951,0.87,645.2519,2.3359,6383319.3086
688223.SH,2025-11-12,6.35,6.39,5.91,6.06,6.38,-0.32,-5.0157,2078683.81,1264442.754,2.0776,1.08,612.8881,2.2188,6063152.8229
688223.SH,2025-11-13,6.12,6.27,6.07,6.17,6.06,0.11,1.8152,1331510.49,821615.577,1.3308,0.7,624.0132,2.2591,6173210.0523
688223.SH,2025-11-14,6.11,6.65,6.08,6.27,6.17,0.1,1.6207,1896807.41,1203599.828,1.8958,1.1,634.1268,2.2957,6273262.0791
688223.SH,2025-11-17,6.32,6.42,6.16,6.26,6.27,-0.01,-0.1595,1294427.74,809713.688,1.2938,0.75,633.1155,2.292,6263256.8764
688223.SH,2025-11-18,6.39,6.69,6.22,6.31,6.26,0.05,0.7987,1977458.35,1267008.527,1.9764,1.21,638.1723,2.3103,6313282.8898
688223.SH,2025-11-19,6.25,6.4,6.03,6.16,6.31,-0.15,-2.3772,1414932.87,870389.827,1.4142,0.82,623.0018,2.2554,6163204.8496
688223.SH,2025-11-20,6.16,6.19,5.87,5.87,6.16,-0.29,-4.7078,1252923.86,749266.307,1.2523,0.79,593.6722,2.1492,5873053.972
688223.SH,2025-11-21,5.78,5.84,5.54,5.57,5.87,-0.3,-5.1107,1180817.49,666468.337,1.1802,0.75,563.3312,2.0394,5572897.8916
688223.SH,2025-11-24,5.63,5.66,5.52,5.56,5.57,-0.01,-0.1795,805036.45,448147.814,0.8046,0.57,562.3198,2.0357,5562892.689
688223.SH,2025-11-25,5.6,5.7,5.56,5.64,5.56,0.08,1.4388,722351.72,407603.849,0.722,0.54,570.4107,2.065,5642934.3104
688223.SH,2025-11-26,5.63,5.7,5.59,5.61,5.64,-0.03,-0.5319,608197.12,343025.21,0.6079,0.57,567.3766,2.054,5612918.7024
688223.SH,2025-11-27,5.62,5.7,5.6,5.6,5.61,-0.01,-0.1783,683172.35,385841.085,0.6828,0.75,566.3653,2.0504,5602913.4997
688223.SH,2025-11-28,5.6,5.66,5.55,5.63,5.6,0.03,0.5357,547126.72,306762.125,0.5468,0.68,569.3994,2.0613,5632929.1077
688223.SH,2025-12-01,5.66,5.82,5.66,5.71,5.63,0.08,1.421,889585.53,510853.222,0.8891,1.32,577.4903,2.0906,5712970.7291
688223.SH,2025-12-02,5.73,5.73,5.55,5.6,5.71,-0.11,-1.9264,651188.2,364087.741,0.6508,0.94,566.3653,2.0504,5602913.4997
688223.SH,2025-12-03,5.58,5.61,5.43,5.44,5.6,-0.16,-2.8571,645284.52,354832.422,0.6449,0.95,550.1834,1.9918,5442830.2568
688223.SH,2025-12-04,5.42,5.45,5.31,5.34,5.44,-0.1,-1.8382,507539.23,272414.834,0.5073,0.74,540.0697,1.9552,5342778.2301
688223.SH,2025-12-05,5.38,5.45,5.32,5.44,5.34,0.1,1.8727,635093.97,343404.281,0.6348,0.98,550.1834,1.9918,5442830.2568
688223.SH,2025-12-08,5.43,5.5,5.41,5.48,5.44,0.04,0.7353,476602.9,260437.731,0.4764,0.72,554.2289,2.0064,5482851.0675
688223.SH,2025-12-09,5.46,5.51,5.38,5.49,5.48,0.01,0.1825,526679.92,286751.644,0.5264,0.9,555.2402,2.0101,5492856.2702
688223.SH,2025-12-10,5.5,5.5,5.36,5.42,5.49,-0.07,-1.275,511505.54,276955.02,0.5112,0.92,548.1607,1.9845,5422819.8515
688223.SH,2025-12-11,5.45,5.49,5.38,5.38,5.42,-0.04,-0.738,479940.06,260978.697,0.4797,0.9,544.1152,1.9698,5382799.0408
688223.SH,2025-12-12,5.38,5.46,5.37,5.43,5.38,0.05,0.9294,518071.45,281314.928,0.5178,0.98,549.172,1.9881,5432825.0542
688223.SH,2025-12-15,5.41,5.52,5.39,5.43,5.43,0.0,0.0,458427.83,250814.142,0.4582,0.91,549.172,1.9881,5432825.0542
688223.SH,2025-12-16,5.41,5.43,5.29,5.29,5.43,-0.14,-2.5783,492389.85,262275.451,0.4921,0.99,535.0129,1.9369,5292752.2167
688223.SH,2025-12-17,5.31,5.37,5.27,5.37,5.29,0.08,1.5123,422178.14,224626.808,0.422,0.86,543.1038,1.9661,5372793.8381
688223.SH,2025-12-18,5.34,5.39,5.31,5.36,5.37,-0.01,-0.1862,325379.26,174401.43,0.3252,0.69,542.0925,1.9625,5362788.6354
688223.SH,2025-12-19,5.35,5.45,5.35,5.44,5.36,0.08,1.4925,360023.34,195140.22,0.3598,0.81,550.1834,1.9918,5442830.2568
688223.SH,2025-12-22,5.42,5.47,5.4,5.44,5.44,0.0,0.0,459436.38,250054.423,0.4592,1.12,550.1834,1.9918,5442830.2568
688223.SH,2025-12-23,5.45,5.46,5.36,5.38,5.44,-0.06,-1.1029,514620.79,277841.906,0.5144,1.25,544.1152,1.9698,5382799.0408
688223.SH,2025-12-24,5.38,5.47,5.33,5.45,5.38,0.07,1.3011,477711.25,258892.846,0.4775,1.15,551.1948,1.9954,5452835.4595
688223.SH,2025-12-25,5.44,5.74,5.41,5.62,5.45,0.17,3.1193,942651.75,525670.867,0.9422,2.21,568.388,2.0577,5622923.905
688223.SH,2025-12-26,5.75,5.83,5.69,5.72,5.62,0.1,1.7794,1140003.66,656313.829,1.1394,2.07,578.5017,2.0943,5722975.9318
688223.SH,2025-12-29,5.97,6.23,5.89,5.94,5.72,0.22,3.8462,2087882.18,1262983.211,2.0868,2.95,600.7517,2.1748,5943090.3907
688223.SH,2025-12-30,5.88,5.92,5.73,5.75,5.94,-0.19,-3.1987,1089013.61,630821.128,1.0884,1.05,581.5358,2.1053,5752991.763
688223.SH,2025-12-31,5.77,5.8,5.63,5.64,5.75,-0.11,-1.913,732802.39,416199.391,0.7324,0.64,570.4108,2.065,5642934.5292
688223.SH,2026-01-05,5.76,5.77,5.68,5.7,5.64,0.06,1.0638,811761.65,463461.423,0.8113,0.68,576.479,2.087,5702965.7476
688223.SH,2026-01-06,5.72,6.08,5.7,6.02,5.7,0.32,5.614,1593804.14,944651.767,1.593,1.36,608.8427,2.2041,6023132.6244
688223.SH,2026-01-07,6.0,6.1,5.89,6.07,6.02,0.05,0.8306,1368938.13,819774.368,1.3682,1.08,613.8996,2.2224,6073158.6429
688223.SH,2026-01-08,6.07,6.65,6.01,6.39,6.07,0.32,5.2718,2524633.16,1613306.826,2.5233,2.26,646.2633,2.3396,6393325.1611
688223.SH,2026-01-09,6.31,6.48,6.12,6.18,6.39,-0.21,-3.2864,2112194.08,1324711.509,2.1111,1.5,625.0246,2.2627,6183215.8835
688223.SH,2026-01-12,6.15,6.66,6.15,6.4,6.18,0.22,3.5599,2418290.33,1559462.559,2.417,1.44,647.2747,2.3433,6403330.3648
688223.SH,2026-01-13,6.43,6.48,6.14,6.26,6.4,-0.14,-2.1875,1699986.59,1063447.126,1.6991,0.85,633.1155,2.292,6263257.5131
688223.SH,2026-01-14,6.23,6.44,6.08,6.16,6.26,-0.1,-1.5974,1768730.84,1107051.342,1.7678,0.87,623.0019,2.2554,6163205.4761
688223.SH,2026-01-15,6.1,6.18,5.98,6.02,6.16,-0.14,-2.2727,1435284.52,868501.739,1.4345,0.68,608.8427,2.2041,6023132.6244
688223.SH,2026-01-16,6.07,6.13,5.93,5.96,6.02,-0.06,-0.9967,1608192.98,965247.795,1.6074,0.85,602.7745,2.1822,5963101.4022
688223.SH,2026-01-19,5.9,6.04,5.88,5.95,5.96,-0.01,-0.1678,1265305.45,752597.993,1.2646,0.71,601.7632,2.1785,5953096.1985
688223.SH,2026-01-20,5.93,6.0,5.61,5.64,5.95,-0.31,-5.2101,1825174.87,1047140.763,1.8242,1.17,570.4108,2.065,5642934.884
688223.SH,2026-01-21,5.58,5.67,5.51,5.54,5.64,-0.1,-1.773,1191016.63,664358.926,1.1904,0.75,560.2971,2.0284,5542882.847
688223.SH,2026-01-22,5.52,5.86,5.5,5.75,5.54,0.21,3.7906,1798160.15,1025457.596,1.7972,1.23,581.5358,2.1053,5752992.1246
688223.SH,2026-01-23,5.76,6.9,5.76,6.9,5.75,1.15,20.0,5754121.45,3768276.564,5.7511,3.74,697.843,2.5263,6903590.5496
688223.SH,2026-01-26,7.0,7.07,6.55,6.69,6.9,-0.21,-3.0435,4640177.87,3144346.043,4.6378,1.96,676.6043,2.4494,6693481.272
688223.SH,2026-01-27,6.6,6.98,6.39,6.83,6.69,0.14,2.0927,3581721.44,2388291.231,3.5799,1.18,690.7634,2.5007,6833554.1237
688223.SH,2026-01-28,6.8,6.96,6.62,6.64,6.83,-0.19,-2.7818,2144224.75,1448558.343,2.1431,0.63,671.5475,2.4311,6643455.2535
688223.SH,2026-01-29,6.61,7.06,6.5,6.74,6.64,0.1,1.506,3059918.16,2074951.541,3.0583,0.85,681.6611,2.4678,6743507.2904
688223.SH,2026-01-30,6.64,6.71,6.17,6.33,6.74,-0.41,-6.0831,2451432.13,1559486.089,2.4502,0.64,640.1951,2.3176,6333293.9389
688223.SH,2026-02-02,6.41,6.56,6.17,6.18,6.33,-0.15,-2.3697,1791032.48,1137115.059,1.7901,0.56,625.0246,2.2627,6183215.8835
688223.SH,2026-02-03,6.28,7.12,6.27,7.0,6.18,0.82,13.2686,3728194.3,2489520.541,3.7263,1.43,707.9567,2.5629,7003642.8063
688223.SH,2026-02-04,6.98,8.4,6.96,8.4,7.0,1.4,20.0,5437455.76,4138046.83,5.4346,2.06,849.548,3.0755,8404371.3676
688223.SH,2026-02-05,7.8,8.39,7.56,7.89,8.4,-0.51,-6.0714,6207853.55,4955183.686,6.2046,1.88,797.9683,2.8888,7894105.9631
688223.SH,2026-02-06,7.61,8.76,7.6,8.33,7.89,0.44,5.5767,5326741.19,4374181.866,5.324,1.36,842.4684,3.0499,8334334.9395
688223.SH,2026-02-09,8.82,9.66,8.48,8.54,8.33,0.21,2.521,6111197.49,5462700.768,6.108,1.36,863.7071,3.1268,8544444.2237
688223.SH,2026-02-10,8.51,8.65,8.09,8.12,8.54,-0.42,-4.918,4282466.38,3525714.757,4.2802,0.8,821.2297,2.973,8124225.6553
688223.SH,2026-02-11,8.2,8.5,7.93,8.0,8.12,-0.12,-1.4778,3116539.38,2544990.566,3.1149,0.57,809.0933,2.9291,8004163.2072
688223.SH,2026-02-12,7.91,8.17,7.82,8.03,8.0,0.03,0.375,2739892.5,2185964.274,2.7385,0.55,812.1274,2.9401,8034178.8192
688223.SH,2026-02-13,7.9,7.98,7.58,7.59,8.03,-0.44,-5.4795,2465888.72,1897679.424,2.4646,0.57,767.6273,2.779,7593949.8428
688223.SH,2026-02-24,7.7,7.89,7.55,7.59,7.59,0.0,0.0,2171655.74,1671228.225,2.1705,0.58,767.6273,2.779,7593949.8428
688223.SH,2026-02-25,7.6,7.75,7.49,7.6,7.59,0.01,0.1318,2309604.15,1753071.191,2.3084,0.78,768.6387,2.7826,7603955.0468
688223.SH,2026-02-26,7.53,7.59,7.37,7.41,7.6,-0.19,-2.5,2180805.74,1623941.398,2.1797,0.85,749.4227,2.7131,7413856.1707
688223.SH,2026-02-27,7.42,7.66,7.39,7.54,7.41,0.13,1.7544,2253217.32,1698113.987,2.252,0.95,762.5705,2.7607,7543923.8228
688223.SH,2026-03-02,7.3,7.67,7.18,7.36,7.54,-0.18,-2.3873,2567511.94,1901790.989,2.5662,1.13,744.3659,2.6948,7363830.1506
688223.SH,2026-03-03,7.39,7.65,7.15,7.25,7.36,-0.11,-1.4946,2478064.43,1829422.185,2.4768,1.08,733.2408,2.6545,7253772.9065
688223.SH,2026-03-04,7.02,7.2,6.92,7.1,7.25,-0.15,-2.069,1994838.1,1407421.881,1.9938,0.85,718.0703,2.5996,7103694.8464
688223.SH,2026-03-05,7.22,7.25,7.02,7.05,7.1,-0.05,-0.7042,1482493.22,1054720.151,1.4817,0.65,713.0135,2.5813,7053668.8263
688223.SH,2026-03-06,7.04,7.49,6.95,7.34,7.05,0.29,4.1135,2164171.99,1574966.981,2.163,1.0,742.3431,2.6874,7343819.7426
688223.SH,2026-03-09,7.2,7.58,7.15,7.44,7.34,0.1,1.3624,2204998.77,1636645.375,2.2039,1.03,752.4568,2.724,7443871.7827
688223.SH,2026-03-10,7.44,8.56,7.26,8.24,7.44,0.8,10.7527,4223075.69,3314692.379,4.2209,2.05,833.3661,3.017,8244288.1034
688223.SH,2026-03-11,8.2,8.8,8.11,8.38,8.24,0.14,1.699,4124351.32,3488951.965,4.1222,1.71,847.5253,3.0682,8384360.9595
688223.SH,2026-03-12,8.38,8.53,8.18,8.25,8.38,-0.13,-1.5513,2974719.55,2472362.247,2.9732,1.05,834.3775,3.0206,8254293.3074
688223.SH,2026-03-13,8.19,8.26,7.88,7.89,8.25,-0.36,-4.3636,2917018.15,2350015.583,2.9155,0.93,797.9683,2.8888,7894105.9631
688223.SH,2026-03-16,7.97,8.03,7.56,7.6,7.89,-0.29,-3.6755,2143415.0,1648359.381,2.1423,0.65,768.6387,2.7826,7603955.0468
688223.SH,2026-03-17,7.66,7.84,7.38,7.4,7.6,-0.2,-2.6316,2072452.87,1577617.432,2.0185,0.63,768.0018,2.6208,7597654.6956
688223.SH,2026-03-18,7.4,7.48,7.04,7.16,7.4,-0.24,-3.2432,2571626.71,1849690.384,2.5047,0.9,743.0936,2.5358,7351244.273
688223.SH,2026-03-19,7.07,7.54,7.04,7.22,7.16,0.06,0.838,3450660.28,2514511.434,3.3609,1.36,749.3207,2.5571,7412846.8787
688223.SH,2026-03-20,7.21,8.07,7.18,7.61,7.22,0.39,5.4017,5157309.94,3938337.177,5.0231,1.96,789.7965,2.6952,7813263.8153
688223.SH,2026-03-23,7.64,7.89,7.42,7.52,7.61,-0.09,-1.1827,4138272.88,3175378.249,4.0306,1.34,780.4559,2.6633,7720859.9069
688223.SH,2026-03-24,7.78,7.98,7.2,7.74,7.52,0.22,2.9255,3720713.48,2832152.444,3.6239,1.07,803.2884,2.7412,7946736.1276
688223.SH,2026-03-25,7.74,8.08,7.61,7.74,7.74,0.0,0.0,3211031.74,2512369.893,3.1275,0.84,803.2884,2.7412,7946736.1276
688223.SH,2026-03-26,7.77,7.78,7.27,7.29,7.74,-0.45,-5.814,2381243.56,1779253.425,2.3193,0.61,756.5856,2.5819,7484716.5853
688223.SH,2026-03-27,7.19,7.7,7.17,7.6,7.29,0.31,4.2524,2463845.11,1834748.658,2.3997,0.66,788.7586,2.6917,7802996.7144
688223.SH,2026-03-30,7.52,7.58,7.01,7.08,7.6,-0.52,-6.8421,2736946.44,1959550.498,2.6657,0.86,734.7909,2.5075,7269107.4655
688223.SH,2026-03-31,7.06,7.06,6.5,6.51,7.08,-0.57,-8.0508,2511811.15,1694658.031,2.4465,0.87,675.634,2.3056,6683882.7119
688223.SH,2026-04-01,6.65,7.08,6.57,6.82,6.51,0.31,4.7619,2105997.37,1430598.757,2.0512,0.79,707.8071,2.4154,7002162.8411
688223.SH,2026-04-02,6.72,6.83,6.61,6.67,6.82,-0.15,-2.1994,1228474.52,822781.195,1.1962,0.5,692.3949,2.3616,6849693.9908
688223.SH,2026-04-03,6.69,6.74,6.26,6.26,6.67,-0.41,-6.1469,1606633.16,1025373.059,1.5645,0.73,649.8339,2.2165,6428648.3332
688223.SH,2026-04-07,6.25,6.34,6.14,6.2,6.26,-0.06,-0.9585,1080663.25,673662.699,1.0523,0.53,643.6055,2.1952,6367031.8955
688223.SH,2026-04-08,6.41,6.69,6.35,6.63,6.2,0.43,6.9355,2016183.32,1314563.08,1.9633,1.18,688.2426,2.3475,6808616.3656
688223.SH,2026-04-09,6.53,6.54,6.39,6.44,6.63,-0.19,-2.8658,1270037.92,820296.211,1.2367,0.79,668.5192,2.2802,6613497.6463
688223.SH,2026-04-10,6.5,6.69,6.5,6.53,6.44,0.09,1.3975,1348487.57,887149.191,1.3131,0.94,677.8619,2.3121,6705922.3028
688223.SH,2026-04-13,6.48,6.8,6.47,6.67,6.53,0.14,2.144,1472685.37,976211.03,1.4341,1.01,692.3949,2.3616,6849693.9908
688223.SH,2026-04-14,6.65,6.69,6.56,6.63,6.67,-0.04,-0.5997,1204791.74,796600.129,1.1732,0.84,688.2426,2.3475,6808616.3656
688223.SH,2026-04-15,6.66,6.75,6.58,6.7,6.63,0.07,1.0558,1510195.22,1005909.014,1.4706,1.03,695.5091,2.3722,6880502.2096
688223.SH,2026-04-16,6.7,7.15,6.66,7.14,6.7,0.44,6.5672,2567381.3,1775017.428,2.5,1.89,741.1843,2.528,7332356.0861
688223.SH,2026-04-17,6.9,7.09,6.86,6.95,7.14,-0.19,-2.6611,1799278.54,1252410.091,1.7521,1.11,721.461,2.4608,7137237.3667
688223.SH,2026-04-20,6.98,7.07,6.85,6.95,6.95,0.0,0.0,1436422.52,1002696.811,1.3987,0.84,721.461,2.4608,7137237.3667
688223.SH,2026-04-21,6.95,7.05,6.82,6.87,6.95,-0.08,-1.1511,1151957.21,793655.756,1.1217,0.68,713.1564,2.4324,7055082.1164
688223.SH,2026-04-22,6.81,6.85,6.71,6.76,6.87,-0.11,-1.6012,1268398.49,857290.07,1.2351,0.75,701.7376,2.3935,6942118.6473
688223.SH,2026-04-23,6.95,7.0,6.73,6.73,6.76,-0.03,-0.4438,1616715.53,1106007.355,1.5743,0.98,698.6233,2.3829,6911310.4285
688223.SH,2026-04-24,6.7,6.78,6.56,6.59,6.73,-0.14,-2.0802,1306245.11,868239.809,1.272,0.9,684.0903,2.3333,6767538.7405
688223.SH,2026-04-27,6.51,6.55,6.34,6.42,6.59,-0.17,-2.5797,1394811.85,894986.92,1.3582,1.03,666.4431,2.2731,6592958.8337
688223.SH,2026-04-28,6.37,6.49,6.18,6.22,6.42,-0.2,-3.1153,1188178.41,746888.419,1.157,0.88,645.6816,2.2023,6387570.708
688223.SH,2026-04-29,6.2,6.48,6.07,6.42,6.22,0.2,3.2154,1509202.04,954126.427,1.4696,1.11,666.4431,2.2731,6592958.8337
688223.SH,2026-04-30,6.42,6.72,6.42,6.65,6.42,0.23,3.5826,1795724.16,1187845.842,1.7486,1.28,,2.7403,6829155.1782
688223.SH,2026-05-06,6.69,6.75,6.55,6.71,6.65,0.06,0.9023,1814478.48,1204409.22,1.7669,1.26,,2.7651,6890771.6159
688223.SH,2026-05-07,6.72,6.87,6.71,6.76,6.71,0.05,0.7452,1710560.83,1159331.646,1.6657,1.11,,2.7857,6942118.6473
688223.SH,2026-05-08,6.72,7.21,6.68,7.15,6.76,0.39,5.7692,3147540.97,2208613.881,3.065,1.96,,2.9464,7342625.4923
688223.SH,2026-05-11,7.08,7.59,7.08,7.38,7.15,0.23,3.2168,2542673.4,1861230.49,2.476,1.27,,3.0412,7578821.8369
688223.SH,2026-05-12,7.46,7.59,7.25,7.42,7.38,0.04,0.542,2243606.99,1652725.004,2.1847,1.02,,3.0576,7619899.462
688223.SH,2026-05-13,7.35,7.76,7.22,7.61,7.42,0.19,2.5606,2402875.42,1797719.498,2.3398,1.05,,3.1359,7815018.1814
688223.SH,2026-05-14,7.51,7.83,7.36,7.37,7.61,-0.24,-3.1537,2724071.65,2071210.032,2.6526,1.13,,3.037,7568552.4306
688223.SH,2026-05-15,7.38,7.38,6.62,6.83,7.37,-0.54,-7.327,3317608.1,2279824.06,3.2306,1.27,,2.8145,7014004.4913
688223.SH,2026-05-18,6.83,6.97,6.61,6.73,6.83,-0.1,-1.4641,1816664.35,1232544.537,1.769,0.69,,2.7733,6911310.4285
688223.SH,2026-05-19,6.78,6.8,6.55,6.75,6.73,0.02,0.2972,1625189.97,1081802.607,1.5826,0.65,,2.7816,6931849.241
688223.SH,2026-05-20,6.66,6.72,6.5,6.63,6.75,-0.12,-1.7778,1629562.77,1074804.246,1.5868,0.69,,2.7321,6808616.3656
688223.SH,2026-05-21,6.65,6.73,6.3,6.31,6.63,-0.32,-4.8265,1663457.51,1090828.505,1.6198,0.75,,2.6002,6479998.4426
688223.SH,2026-05-22,6.34,6.8,6.29,6.7,6.31,0.39,6.1807,2291143.3,1500160.308,2.231,1.14,,2.7609,6880505.4779
688223.SH,2026-05-25,6.67,6.71,6.36,6.41,6.7,-0.29,-4.3284,1755455.8,1132480.163,1.7094,0.97,,2.6414,6582692.5542
688223.SH,2026-05-26,6.34,6.38,6.1,6.24,6.41,-0.17,-2.6521,1738261.26,1080140.209,1.6927,0.97,,2.5714,6408112.5645
688223.SH,2026-05-27,6.23,6.48,6.08,6.11,6.24,-0.13,-2.0833,1555904.62,972125.081,1.5151,0.86,,2.5178,6274610.2194
688223.SH,2026-05-28,6.1,6.32,5.97,6.22,6.11,0.11,1.8003,1542296.19,948312.682,1.5018,0.86,,2.5631,6387573.7421
688223.SH,2026-05-29,6.21,6.25,5.8,5.86,6.22,-0.36,-5.7878,2033822.39,1206122.246,1.9805,1.14,,2.4148,6017874.9403
688223.SH,2026-06-01,5.83,5.98,5.79,5.79,5.86,-0.07,-1.1945,1166272.22,683454.639,1.1357,0.68,,2.386,5945989.0622
688223.SH,2026-06-02,5.8,5.84,5.5,5.61,5.79,-0.18,-3.1088,1454254.93,814689.513,1.4161,0.9,,2.3118,5761139.6613
688223.SH,2026-06-03,5.61,5.68,5.5,5.52,5.61,-0.09,-1.6043,1105549.13,619438.048,1.0765,0.71,,2.2747,5668714.9609
688223.SH,2026-06-04,5.5,5.62,5.4,5.55,5.52,0.03,0.5435,1093721.63,607097.273,1.065,0.75,,2.2871,5699523.1944
688223.SH,2026-06-05,5.59,5.6,5.26,5.38,5.55,-0.17,-3.0631,1329062.43,719956.926,1.2942,0.97,,2.217,5524943.2046
688223.SH,2026-06-08,5.24,5.32,5.01,5.07,5.38,-0.31,-5.7621,1419277.85,732676.848,1.382,1.15,,2.0893,5206591.4586
688223.SH,2026-06-09,5.13,5.22,4.98,5.2,5.07,0.13,2.5641,1144792.5,585730.722,1.1148,0.89,,2.1428,5340093.8037
688223.SH,2026-06-10,5.11,5.36,4.94,5.32,5.2,0.12,2.3077,1835879.27,937898.875,1.7877,1.51,,2.1923,5463326.7377
688223.SH,2026-06-11,5.22,5.22,5.0,5.09,5.32,-0.23,-4.3233,1568332.2,796990.282,1.5272,1.15,,2.0975,5227130.2809
688223.SH,2026-06-12,5.12,5.32,5.12,5.16,5.09,0.07,1.3752,1604852.87,836761.774,1.5628,1.1,,2.1263,5299016.1591
688223.SH,2026-06-15,5.21,5.29,5.15,5.23,5.16,0.07,1.3566,1182456.1,615728.402,1.1514,0.78,,2.1552,5370902.0372
688223.SH,2026-06-16,5.21,5.36,5.18,5.29,5.23,0.06,1.1472,1128164.02,594828.772,1.0986,0.77,,2.1799,5432518.5042
688223.SH,2026-06-17,5.29,5.41,5.15,5.17,5.29,-0.12,-2.2684,1314030.26,688166.85,1.2796,0.9,,2.1305,5309285.5702
688223.SH,2026-06-18,5.17,5.21,5.07,5.09,5.17,-0.08,-1.5474,1200406.26,614964.626,1.1689,0.88,,2.0975,5227130.2809
688223.SH,2026-06-22,5.02,5.16,4.94,5.15,5.09,0.06,1.1788,1397030.11,703393.709,1.3604,1.09,,2.1222,5288746.7479
688223.SH,2026-06-23,5.11,5.12,4.86,4.86,5.15,-0.29,-5.6311,1457169.25,725228.786,1.4189,1.17,,2.0027,4990933.8242
688223.SH,2026-06-24,4.87,4.9,4.75,4.86,4.86,0.0,0.0,1058122.39,510344.94,1.0304,0.81,,2.0027,4990933.8242
688223.SH,2026-06-25,4.82,4.96,4.77,4.88,4.86,0.02,0.4115,1267652.81,614490.383,1.2344,0.99,,2.011,5011472.6466
688223.SH,2026-06-26,4.86,5.05,4.7,4.7,4.88,-0.18,-3.6885,1627670.18,791172.621,1.585,1.28,,1.9368,4826623.2457
688223.SH,2026-06-29,4.66,4.75,4.58,4.68,4.7,-0.02,-0.4255,1164922.36,544459.293,1.1344,0.86,,1.9285,4806084.4233
688223.SH,2026-06-30,4.65,4.82,4.65,4.75,4.68,0.07,1.4957,1090410.2,517934.313,1.0618,0.83,,1.9574,4877970.3015
688223.SH,2026-07-01,4.77,5.05,4.69,4.88,4.75,0.13,2.7368,1565732.68,757937.138,1.5247,1.26,,2.011,5011472.6466
688223.SH,2026-07-02,4.86,4.9,4.66,4.68,4.88,-0.2,-4.0984,1510386.75,722592.063,1.4708,1.12,,1.9285,4806084.8628
688223.SH,2026-07-03,4.7,4.72,4.6,4.6,4.68,-0.08,-1.7094,1230457.43,571883.728,1.1982,0.88,,1.8956,4723929.566
688223.SH,2026-07-06,4.63,4.65,4.44,4.44,4.6,-0.16,-3.4783,1296128.73,587265.822,1.2621,0.99,,1.8296,4559618.9724
688223.SH,2026-07-07,4.45,4.51,4.35,4.37,4.44,-0.07,-1.5766,984247.69,435800.655,0.9584,0.74,,1.8008,4487733.0877
688223.SH,2026-07-08,4.39,4.39,4.2,4.2,4.37,-0.17,-3.8902,1101391.9,469126.137,1.0725,0.84,,1.7307,4313153.082
688223.SH,2026-07-09,4.19,4.31,4.12,4.29,4.2,0.09,2.1429,1086921.87,458547.179,1.0584,0.89,,1.7678,4405577.7909
688223.SH,2026-07-10,4.3,4.55,4.26,4.39,4.29,0.1,2.331,1456144.44,645156.863,1.4179,1.28,,1.809,4508271.9119
688223.SH,2026-07-13,4.37,4.39,4.05,4.06,4.39,-0.33,-7.5171,1464441.64,608448.137,1.426,1.24,,1.6731,4169381.3126
688223.SH,2026-07-14,4.05,4.1,3.98,4.08,4.06,0.02,0.4926,935970.63,379000.954,0.9114,0.77,,1.6813,4189920.1368
688223.SH,2026-07-15,4.05,4.23,4.02,4.15,4.08,0.07,1.7157,953228.85,396395.954,0.9282,0.79,,1.7101,4261806.0215
688223.SH,2026-07-16,4.13,4.17,4.06,4.09,4.15,-0.06,-1.4458,764701.06,314198.676,0.7446,0.65,,1.6854,4200189.5489
688223.SH,2026-07-17,4.09,4.15,3.99,4.01,4.09,-0.08,-1.956,1057143.17,429933.073,1.0294,0.95,,1.6524,4118034.2521
688223.SH,2026-07-20,4.03,4.19,3.92,4.17,4.01,0.16,3.99,1502284.72,607203.025,1.4629,1.45,,1.7184,4282344.8457
688223.SH,2026-07-21,4.13,4.19,4.06,4.18,4.17,0.01,0.2398,1306127.68,538666.843,1.2719,1.25,,1.7225,4292614.2578
688223.SH,2026-07-22,4.14,4.28,4.12,4.16,4.18,-0.02,-0.4785,1084499.63,454603.081,1.056,0.97,,1.7143,4272075.5006
688223.SH,2026-07-23,4.15,4.3,4.13,4.29,4.16,0.13,3.125,1173065.45,495108.631,1.1423,1.03,,1.7678,4405577.86
688223.SH,2026-07-24,4.24,4.26,4.05,4.05,4.29,-0.24,-5.5944,978568.0,405625.244,0.9529,0.8,,1.6689,4159111.9657
688223.SH,2026-07-27,4.05,4.17,4.05,4.16,4.05,0.11,2.716,746972.5,308168.789,0.7274,0.62,,1.7143,4272075.5006
688223.SH,2026-07-28,4.12,4.21,4.1,4.14,4.16,-0.02,-0.4808,741291.87,307956.024,0.7218,0.7,,1.706,4251536.6761
688223.SH,2026-07-29,4.15,4.31,4.12,4.27,4.14,0.13,3.1401,1155762.45,489598.959,1.1254,1.22,,1.7596,4385039.0354
688223.SH,2026-07-30,4.24,4.44,4.22,4.35,4.27,0.08,1.8735,1257546.4,547160.072,1.2246,1.31,,1.7926,4467194.3335
688223.SH,2026-07-31,4.35,4.37,4.31,4.34,4.35,-0.01,-0.2299,975429.1,423656.068,0.9498,1.0,,1.7884,4456924.9213
688223.SH,2026-08-03,4.35,4.57,4.35,4.55,4.34,0.21,4.8387,1476829.1,662048.74,1.4381,1.51,,1.875,4672582.5788
688223.SH,2026-08-04,4.54,4.58,4.5,4.55,4.55,0.0,0.0,967275.54,438941.938,0.9419,0.86,,1.875,4672582.5788
688223.SH,2026-08-05,4.53,4.57,4.5,4.57,4.55,0.02,0.4396,857870.97,388811.731,0.8354,0.74,,1.8832,4693121.4033
688223.SH,2026-08-06,4.54,4.56,4.39,4.43,4.57,-0.14,-3.0635,1133957.82,504797.372,1.1042,1.02,,1.8255,4549349.6316
688223.SH,2026-08-07,4.44,4.54,4.39,4.48,4.43,0.05,1.1287,983536.43,438998.32,0.9577,0.91,,1.8461,4600696.6929
688223.SH,2026-08-10,4.47,4.66,4.45,4.56,4.48,0.08,1.7857,1155290.34,529006.558,1.125,1.07,,1.8791,4682851.991
688223.SH,2026-08-11,4.56,4.57,4.44,4.44,4.56,-0.12,-2.6316,941559.94,423406.711,0.9169,0.92,,1.8296,4559619.0439
688223.SH,2026-08-12,4.44,4.54,4.4,4.52,4.44,0.08,1.8018,905894.37,406281.482,0.8821,0.89,,1.8626,4641774.342
688223.SH,2026-08-13,4.51,4.53,4.41,4.41,4.52,-0.11,-2.4336,702188.81,313035.825,0.6838,0.69,,1.8173,4528810.8071
688223.SH,2026-08-14,4.42,4.43,4.33,4.4,4.41,-0.01,-0.2268,656714.95,287420.75,0.6395,0.7,,1.8132,4518541.3948
688223.SH,2026-08-17,4.42,4.5,4.39,4.49,4.4,0.09,2.0455,804959.72,359726.705,0.7838,0.92,,1.8502,4610966.1052
688223.SH,2026-08-18,4.48,4.53,4.44,4.48,4.49,-0.01,-0.2227,720553.98,323310.811,0.7017,0.9,,1.8461,4600696.6929
688223.SH,2026-08-19,4.48,4.48,4.3,4.32,4.48,-0.16,-3.5714,815842.24,355841.243,0.7944,1.08,,1.7802,4436386.0968
688223.SH,2026-08-20,4.35,4.41,4.34,4.39,4.32,0.07,1.6204,538156.79,235675.124,0.524,0.73,,1.809,4508271.9826
688223.SH,2026-08-21,4.35,4.42,4.33,4.39,4.39,0.0,0.0,465069.5,203500.719,0.4529,0.66,,1.809,4508271.9826
688223.SH,2026-08-24,4.37,4.45,4.32,4.33,4.39,-0.06,-1.3667,643062.68,280628.046,0.6262,0.96,,1.7843,4446655.509
688223.SH,2026-08-25,4.33,4.36,4.28,4.34,4.33,0.01,0.2309,469678.51,203081.628,0.4574,0.74,,1.7884,4456924.9213
688223.SH,2026-08-26,4.33,4.44,4.32,4.4,4.34,0.06,1.3825,654332.94,288261.889,0.6372,1.12,,1.8132,4518541.3948
688223.SH,2026-08-27,4.32,4.32,4.1,4.16,4.4,-0.24,-5.4545,1451160.83,603150.363,1.4131,2.62,,1.8379,4272075.5006
688223.SH,2026-08-28,4.14,4.22,4.13,4.2,4.16,0.04,0.9615,856635.15,357867.106,0.8342,1.16,,1.8556,4313153.1496
688223.SH,2026-08-31,4.18,4.19,4.03,4.11,4.2,-0.09,-2.1429,1119056.59,456933.952,1.0897,1.37,,1.8158,4220728.4393
688223.SH,2026-09-01,4.06,4.17,4.05,4.14,4.11,0.03,0.7299,757659.32,312713.529,0.7378,0.83,,1.829,4251536.6761
688223.SH,2026-09-02,4.12,4.13,4.05,4.05,4.14,-0.09,-2.1739,588533.61,239613.936,0.5731,0.61,,1.7893,4159111.9657
