ts_code,trade_date,open,high,low,close,pre_close,change,pct_chg,vol,amount,turnover_rate,volume_ratio,pe,pb,total_mv
688525.SH,2023-01-03,16.0,16.58,15.2,16.29,16.06,0.23,1.4321,145597.84,231715.003,41.8547,,60.1347,2.8845,701006.1625
688525.SH,2023-01-04,16.09,17.17,15.4,15.63,16.29,-0.66,-4.0516,132356.0,213121.056,38.0481,,57.6983,2.7677,672604.4396
688525.SH,2023-01-05,15.65,16.5,15.42,16.28,15.63,0.65,4.1587,116897.4,187359.301,33.6043,,60.0978,2.8828,700575.8334
688525.SH,2023-01-06,16.01,17.07,15.82,16.9,16.28,0.62,3.8084,106241.05,174346.914,30.5409,,62.3866,2.9925,727256.2398
688525.SH,2023-01-09,16.7,17.13,16.36,16.55,16.9,-0.35,-2.071,85619.34,142712.076,24.6128,0.58,61.0945,2.9306,712194.7201
688525.SH,2023-01-10,16.42,17.42,16.41,16.6,16.55,0.05,0.3021,107253.02,181240.866,30.8318,0.91,61.2791,2.9394,714346.3658
688525.SH,2023-01-11,16.45,17.12,16.01,16.19,16.6,-0.41,-2.4699,92417.94,153219.327,26.5672,0.84,59.7656,2.8668,696702.8712
688525.SH,2023-01-12,16.1,18.46,15.91,17.59,16.19,1.4,8.6473,156924.45,268404.469,45.1108,1.54,64.9337,3.1147,756948.9502
688525.SH,2023-01-13,17.55,17.95,17.21,17.55,17.59,-0.04,-0.2274,88678.39,155715.179,25.4922,0.81,64.786,3.1076,755227.6337
688525.SH,2023-01-16,17.55,18.19,17.5,17.5,17.55,-0.05,-0.2849,66874.57,118995.555,19.2243,0.63,64.6015,3.0988,753075.988
688525.SH,2023-01-17,17.6,21.0,17.6,21.0,17.5,3.5,20.0,148630.19,299012.041,42.7264,1.45,77.5218,3.7185,903691.1856
688525.SH,2023-01-18,21.25,25.2,21.21,25.2,21.0,4.2,20.0,112533.13,259128.409,32.3497,1.02,93.0261,4.4623,1084429.4227
688525.SH,2023-01-19,25.8,26.41,22.51,24.05,25.2,-1.15,-4.5635,151224.05,359218.871,43.4721,1.32,88.7809,4.2586,1034941.5721
688525.SH,2023-01-20,24.64,24.74,23.12,24.17,24.05,0.12,0.499,105082.22,251069.472,30.2078,0.93,89.2238,4.2799,1040105.5217
688525.SH,2023-01-30,24.36,25.95,23.65,25.7,24.17,1.53,6.3302,122951.67,303633.428,35.3447,1.05,94.8719,4.5508,1105945.8795
688525.SH,2023-01-31,24.78,24.78,22.55,22.77,25.7,-2.93,-11.4008,115062.58,269036.822,33.0768,0.9,84.0557,4.032,979859.4427
688525.SH,2023-02-01,22.51,23.88,22.51,23.62,22.77,0.85,3.733,89516.31,208925.263,25.7331,0.74,87.1935,4.1825,1016437.4192
688525.SH,2023-02-02,23.9,24.64,23.43,23.43,23.62,-0.19,-0.8044,98753.53,236993.012,28.3885,0.85,86.4921,4.1488,1008261.1656
688525.SH,2023-02-03,22.77,24.07,22.75,24.0,23.43,0.57,2.4328,72967.11,172562.166,20.9757,0.69,88.5963,4.2498,1032789.9264
688525.SH,2023-02-06,23.99,24.0,22.7,22.89,24.0,-1.11,-4.625,57688.97,133365.424,16.5837,0.58,84.4987,4.0532,985023.3923
688525.SH,2023-02-07,23.03,23.47,22.05,22.67,22.89,-0.22,-0.9611,62059.58,140003.934,17.8401,0.71,83.6866,4.0143,975556.1513
688525.SH,2023-02-08,22.94,23.24,21.88,21.92,22.67,-0.75,-3.3083,61747.64,139305.453,17.7505,0.81,80.9179,3.8815,943281.4661
688525.SH,2023-02-09,21.66,23.61,21.51,23.36,21.92,1.44,6.5693,102790.09,235289.358,29.5489,1.46,86.2337,4.1364,1005248.8617
688525.SH,2023-02-10,23.6,25.96,23.01,24.08,23.36,0.72,3.0822,124208.58,301213.272,35.706,1.74,88.8916,4.2639,1036232.5595
688525.SH,2023-02-13,24.07,25.0,23.69,24.09,24.08,0.01,0.0415,77892.01,188179.963,22.3915,0.95,88.9285,4.2657,1036662.8886
688525.SH,2023-02-14,24.55,25.26,24.0,24.22,24.09,0.13,0.5396,75847.05,186486.019,21.8036,0.88,89.4084,4.2887,1042257.1674
688525.SH,2023-02-15,24.62,25.2,23.65,24.72,24.22,0.5,2.0644,85443.48,209443.855,24.5623,0.97,91.2542,4.3773,1063773.6242
688525.SH,2023-02-16,24.35,24.67,22.5,22.61,24.72,-2.11,-8.5356,96188.68,226935.125,27.6512,1.03,83.4651,4.0036,972974.1765
688525.SH,2023-02-17,22.68,22.88,21.83,22.26,22.61,-0.35,-1.548,50692.04,113098.625,14.5723,0.55,82.1731,3.9417,957912.6567
688525.SH,2023-02-20,22.4,22.75,21.88,22.58,22.26,0.32,1.4376,40668.05,90842.131,11.6908,0.53,83.3543,3.9983,971683.1891
688525.SH,2023-02-21,22.4,22.68,21.73,21.91,22.58,-0.67,-2.9672,37900.61,83779.702,10.8952,0.54,80.881,3.8797,942851.137
688525.SH,2023-02-22,21.77,22.45,21.63,22.27,21.91,0.36,1.6431,31580.59,69821.155,9.0784,0.51,82.21,3.9434,958342.9859
688525.SH,2023-02-23,22.7,22.9,22.0,22.15,22.27,-0.12,-0.5388,34931.34,78369.394,10.0416,0.68,81.767,3.9222,953179.0362
688525.SH,2023-02-24,22.45,22.96,22.08,22.44,22.15,0.29,1.3093,37402.63,84097.008,10.7521,0.96,82.8375,3.9735,965658.5812
688525.SH,2023-02-27,22.13,22.23,21.22,21.27,22.44,-1.17,-5.2139,44640.9,96551.366,12.8328,1.22,78.5185,3.7664,915310.0723
688525.SH,2023-02-28,21.53,21.83,21.16,21.45,21.27,0.18,0.8463,26369.08,56709.653,7.5803,0.71,79.1829,3.8029,923055.9967
688525.SH,2023-03-01,21.42,22.08,21.18,21.95,21.45,0.5,2.331,39688.7,86018.877,11.4092,1.13,81.0287,3.8915,944572.4535
688525.SH,2023-03-02,22.39,23.35,21.64,22.47,21.95,0.52,2.369,65490.0,148253.463,18.8263,1.79,82.9483,3.9837,966949.5686
688525.SH,2023-03-03,24.5,26.96,24.5,26.96,22.47,4.49,19.9822,100593.9,266355.134,28.9175,2.35,99.5232,4.7797,1160167.3507
688525.SH,2023-03-06,27.55,27.79,25.01,25.59,26.96,-1.37,-5.0816,155746.39,402303.85,44.7721,2.81,94.4658,4.5368,1101212.259
688525.SH,2023-03-07,25.32,27.6,24.69,26.69,25.59,1.1,4.2986,170519.64,448369.622,49.0189,2.2,98.5265,4.7319,1148548.464
688525.SH,2023-03-08,26.2,31.85,25.87,30.09,26.69,3.4,12.7389,177650.56,513816.303,51.0688,1.67,111.0776,5.3346,1294860.3702
688525.SH,2023-03-09,29.49,34.9,29.35,34.58,30.09,4.49,14.9219,173643.77,567168.934,49.917,1.3,127.6525,6.1307,1488078.1523
688525.SH,2023-03-10,33.16,34.73,31.12,31.8,34.58,-2.78,-8.0393,152565.37,496276.742,43.8577,0.98,117.3901,5.6378,1368446.6525
688525.SH,2023-03-13,31.5,33.55,30.35,33.47,31.8,1.67,5.2516,139673.98,444461.245,40.1518,0.84,123.5549,5.9339,1440311.6182
688525.SH,2023-03-14,33.15,37.48,32.58,35.4,33.47,1.93,5.7664,152896.94,542075.293,43.953,0.94,130.6795,6.276,1523365.1414
688525.SH,2023-03-15,35.55,38.35,33.69,33.88,35.4,-1.52,-4.2938,155653.6,559425.61,44.7454,0.98,125.0684,6.0066,1457955.1128
688525.SH,2023-03-16,33.88,35.48,33.16,35.48,33.88,1.6,4.7226,128527.75,444037.961,36.9476,0.83,130.9748,6.2902,1526807.7745
688525.SH,2023-03-17,35.3,36.92,34.16,34.16,35.48,-1.32,-3.7204,128408.99,454891.726,36.9135,0.88,126.1021,6.0562,1470004.3286
688525.SH,2023-03-20,34.0,34.0,31.69,31.69,34.16,-2.47,-7.2307,123156.47,403633.7,35.4035,0.87,116.984,5.6183,1363713.032
688525.SH,2023-03-21,31.78,33.79,31.78,32.7,31.69,1.01,3.1871,91482.81,299924.062,26.2984,0.66,120.7124,5.7974,1407176.2747
688525.SH,2023-03-22,32.13,33.43,31.83,32.46,32.7,-0.24,-0.7339,76053.65,247287.422,21.863,0.61,119.8265,5.7548,1396848.3755
688525.SH,2023-03-23,32.48,38.95,32.0,38.81,32.46,6.35,19.5625,188425.75,673515.669,54.1664,1.72,143.2676,6.8806,1670107.3768
688525.SH,2023-03-24,37.5,40.8,35.94,39.19,38.81,0.38,0.9791,169146.38,636564.427,48.6242,1.39,144.6704,6.948,1686459.884
688525.SH,2023-03-27,37.65,42.15,37.5,40.43,39.19,1.24,3.1641,127535.54,511945.868,36.6624,0.98,149.2478,7.1678,1739820.6968
688525.SH,2023-03-28,39.9,42.25,36.28,37.37,40.43,-3.06,-7.5686,114088.57,449068.208,32.7968,0.87,137.9518,6.6253,1608139.9812
688525.SH,2023-03-29,37.36,40.57,36.21,38.64,37.37,1.27,3.3984,119204.78,459492.969,34.2676,0.88,142.64,6.8505,1662791.7815
688525.SH,2023-03-30,39.6,45.25,39.6,43.25,38.64,4.61,11.9306,173568.95,729162.39,49.8955,1.21,159.6579,7.6678,1861173.5132
688525.SH,2023-03-31,41.92,44.1,41.2,43.34,43.25,0.09,0.2081,122569.74,525125.502,35.2349,0.87,159.9901,7.6837,1865046.4754
688525.SH,2023-04-03,46.03,51.88,45.18,51.12,43.34,7.78,17.9511,155913.67,756226.809,44.8202,1.19,188.7101,9.063,2199842.5432
688525.SH,2023-04-04,50.02,61.34,50.0,61.34,51.12,10.22,19.9922,175095.82,983387.124,50.3344,1.28,226.4373,10.8749,2639638.9202
688525.SH,2023-04-06,59.25,71.45,58.22,62.75,61.34,1.41,2.2987,202850.48,1297551.486,58.313,1.36,231.6424,11.1249,2700315.3284
688525.SH,2023-04-07,64.33,75.3,61.33,75.3,62.75,12.55,20.0,178986.32,1224959.142,51.4528,1.08,277.9709,13.3499,3240378.3941
688525.SH,2023-04-10,74.5,85.7,70.11,81.9,75.3,6.6,8.7649,172306.5,1339252.878,49.5326,1.03,302.3348,14.52,3524395.6238
688525.SH,2023-04-11,82.06,97.89,82.05,94.88,81.9,12.98,15.8486,157404.18,1415096.379,45.2487,0.89,350.2507,16.8212,4082962.8424
688525.SH,2023-04-12,88.26,91.3,80.05,85.99,94.88,-8.89,-9.3697,158405.24,1361186.408,45.5364,0.89,317.4331,15.2451,3700400.2405
688525.SH,2023-04-13,83.0,85.65,79.44,82.79,85.99,-3.2,-3.7214,124322.66,1025398.641,35.7388,0.71,305.6203,14.6778,3562694.9169
688525.SH,2023-04-14,82.99,84.68,78.1,80.64,82.79,-2.15,-2.5969,120491.27,986224.65,34.6374,0.76,297.6835,14.2966,3470174.1527
688525.SH,2023-04-17,79.02,86.8,79.01,83.83,80.64,3.19,3.9559,120769.52,1017348.322,34.7174,0.82,309.4595,14.8622,3607449.1471
688525.SH,2023-04-18,80.7,83.0,73.56,79.14,83.83,-4.69,-5.5947,121393.78,946550.652,34.8968,0.89,478.1923,14.0638,3405624.7823
688525.SH,2023-04-19,78.3,84.5,78.0,80.69,79.14,1.55,1.9586,112083.91,914782.753,32.2205,0.87,487.5579,14.3392,3472325.7984
688525.SH,2023-04-20,79.0,96.83,78.18,96.83,80.69,16.14,20.0025,166190.07,1459841.886,47.7743,1.39,585.0816,17.2074,4166877.0239
688525.SH,2023-04-21,93.0,107.98,90.8,94.01,96.83,-2.82,-2.9123,167363.46,1645477.843,48.1116,1.31,568.0421,16.7063,4045524.2075
688525.SH,2023-04-24,95.18,99.98,90.12,95.28,94.01,1.27,1.3509,99185.33,946447.25,28.5126,0.72,575.7159,16.932,4100176.0078
688525.SH,2023-04-25,85.0,89.5,77.77,80.0,95.28,-15.28,-16.0369,142207.18,1187977.162,40.88,1.07,483.3887,15.0004,3442633.088
688525.SH,2023-04-26,77.2,86.32,77.2,83.72,80.0,3.72,4.65,116447.67,972634.336,33.475,0.85,505.8663,15.6979,3602715.5266
688525.SH,2023-04-27,85.9,93.79,77.11,84.48,83.72,0.76,0.9078,130007.88,1130314.364,37.3731,0.94,510.4585,15.8404,3635420.5409
688525.SH,2023-04-28,83.5,97.48,79.98,95.2,84.48,10.72,12.6894,141237.87,1252199.005,40.6014,1.08,575.2325,17.8505,4096733.3747
688525.SH,2023-05-04,94.2,97.3,89.11,93.1,95.2,-2.1,-2.2059,114246.05,1067654.254,32.8421,0.91,562.5436,17.4567,4006364.2562
688525.SH,2023-05-05,91.7,102.45,91.33,94.27,93.1,1.17,1.2567,127685.21,1241251.366,36.7054,0.99,569.6131,17.6761,4056712.7651
688525.SH,2023-05-08,89.78,96.9,86.0,87.39,94.27,-6.88,-7.2982,109131.8,986832.54,31.3719,0.87,528.0417,16.3861,3760646.3195
688525.SH,2023-05-09,84.48,85.0,76.01,76.25,87.39,-11.14,-12.7475,126067.57,1016602.858,36.2404,1.01,460.7298,14.2973,3281259.662
688525.SH,2023-05-10,75.92,80.0,71.2,74.05,76.25,-2.2,-2.8852,97280.98,733180.572,27.9652,0.79,447.4367,13.8848,3186587.2521
688525.SH,2023-05-11,75.41,76.86,69.51,70.93,74.05,-3.12,-4.2134,94839.36,685626.591,27.2633,0.83,428.5845,13.2997,3052324.5616
688525.SH,2023-05-12,70.58,72.93,65.45,66.0,70.93,-4.93,-6.9505,107323.46,733419.414,30.8521,0.97,398.7957,12.3753,2840172.2976
688525.SH,2023-05-15,66.43,69.36,66.11,69.36,66.0,3.36,5.0909,91285.0,618196.625,26.2415,0.85,419.098,13.0054,2984762.8873
688525.SH,2023-05-16,69.42,76.6,66.5,73.6,69.36,4.24,6.113,147760.04,1069783.552,42.4763,1.43,444.7176,13.8004,3167222.441
688525.SH,2023-05-17,71.46,78.51,71.46,74.1,73.6,0.5,0.6793,123064.18,927881.273,35.377,1.14,447.7388,13.8941,3188738.8978
688525.SH,2023-05-18,72.0,78.48,70.6,75.82,74.1,1.72,2.3212,116802.99,875870.834,33.5771,1.03,458.1316,14.2166,3262755.5092
688525.SH,2023-05-19,76.96,82.0,76.66,78.73,75.82,2.91,3.838,123146.09,982880.567,35.4006,1.05,475.7149,14.7623,3387981.2877
688525.SH,2023-05-22,81.88,84.59,76.66,77.52,78.73,-1.21,-1.5369,100141.89,803915.257,28.7876,0.83,468.4036,14.5354,3335911.4623
688525.SH,2023-05-23,73.77,75.1,71.0,71.71,77.52,-5.81,-7.4948,87834.93,638974.141,25.2497,0.72,433.2975,13.446,3085890.2343
688525.SH,2023-05-24,71.62,75.49,67.79,73.33,71.71,1.62,2.2591,95572.02,688069.611,27.4739,0.87,443.0862,13.7497,3155603.5543
688525.SH,2023-05-25,73.16,75.44,70.13,74.8,73.33,1.47,2.0046,83768.32,609704.794,24.0807,0.8,451.9684,14.0254,3218861.9373
688525.SH,2023-05-26,73.85,81.2,72.9,79.1,74.8,4.3,5.7487,118645.14,926568.652,34.1067,1.21,477.9506,14.8317,3403903.4658
688525.SH,2023-05-29,81.28,82.26,76.0,76.27,79.1,-2.83,-3.5777,90913.9,716159.826,26.1348,0.94,460.8507,14.301,3282120.3203
688525.SH,2023-05-30,74.0,82.77,72.77,82.77,76.27,6.5,8.5224,109165.95,851888.423,31.3817,1.14,500.126,15.5198,3561834.2587
688525.SH,2023-05-31,82.17,99.32,79.68,99.32,82.77,16.55,19.9952,147923.52,1294534.784,42.5233,1.48,600.1271,18.623,4274028.9788
688525.SH,2023-06-01,98.96,116.66,95.11,105.03,99.32,5.71,5.7491,196814.08,2051568.187,56.5777,1.79,634.6289,19.6937,4519746.9154
688525.SH,2023-06-02,102.5,107.88,98.39,98.39,105.03,-6.64,-6.322,124524.74,1274403.412,35.7969,0.94,594.5077,18.4486,4234008.3691
688525.SH,2023-06-05,98.98,102.91,98.01,99.28,98.39,0.89,0.9046,77552.16,776052.893,22.2938,0.58,599.8854,18.6155,4272307.6622
688525.SH,2023-06-06,97.35,104.98,94.5,99.48,99.28,0.2,0.2015,109807.37,1101155.107,31.5661,0.84,601.0938,18.653,4280914.2449
688525.SH,2023-06-07,97.48,102.8,97.48,97.68,99.48,-1.8,-1.8094,98790.29,984759.049,28.399,0.75,590.2176,18.3155,4203455.0004
688525.SH,2023-06-08,96.52,99.63,94.13,96.4,97.68,-1.28,-1.3104,76516.56,740522.78,21.9961,0.63,582.4834,18.0755,4148372.871
688525.SH,2023-06-09,95.76,97.95,86.01,95.4,96.4,-1.0,-1.0373,123538.91,1145777.973,35.5135,1.27,576.441,17.888,4105339.9574
688525.SH,2023-06-12,93.99,95.46,91.5,92.41,95.4,-2.99,-3.1342,64407.39,602301.636,18.5151,0.66,558.3744,17.3273,3976671.5458
688525.SH,2023-06-13,93.88,102.55,92.0,99.06,92.41,6.65,7.1962,124807.55,1213985.776,35.8782,1.32,598.556,18.5743,4262840.4212
688525.SH,2023-06-14,98.0,101.72,96.3,98.62,99.06,-0.44,-0.4442,94387.12,932475.492,27.1333,0.97,595.8974,18.4917,4243905.9392
688525.SH,2023-06-15,98.6,102.6,92.86,92.86,98.62,-5.76,-5.8406,91920.11,898762.723,26.4241,0.95,561.0934,17.4117,3996036.3569
688525.SH,2023-06-16,90.48,97.5,87.52,95.37,92.86,2.51,2.703,85600.75,804342.252,24.6075,0.86,576.2597,17.8824,4104048.97
688525.SH,2023-06-19,95.0,102.55,93.6,100.01,95.37,4.64,4.8653,97564.88,966526.38,28.0468,1.06,604.2963,18.7524,4303721.6891
688525.SH,2023-06-20,98.1,100.59,95.38,98.31,100.01,-1.7,-1.6998,78991.55,773798.51,22.7075,0.8,594.0243,18.4336,4230565.736
688525.SH,2023-06-21,98.56,99.09,88.18,88.18,98.31,-10.13,-10.3041,84776.41,790306.1,24.3705,0.95,532.8152,16.5342,3794642.3212
688525.SH,2023-06-26,86.82,88.0,82.6,83.2,88.18,-4.98,-5.6475,59271.82,502802.815,17.0388,0.68,502.7242,15.6004,3580338.4115
688525.SH,2023-06-27,84.13,85.99,82.62,83.87,83.2,0.67,0.8053,44938.32,379091.337,12.9183,0.55,506.7726,15.726,3609170.4636
688525.SH,2023-06-28,84.1,85.1,75.18,79.55,83.87,-4.32,-5.1508,83876.16,665370.69,24.1117,1.15,480.6696,14.916,3423268.2769
688525.SH,2023-06-29,80.55,85.5,79.08,79.94,79.55,0.39,0.4903,74138.01,608316.099,21.3123,1.05,483.0261,14.9892,3440051.1132
688525.SH,2023-06-30,78.66,81.4,77.0,79.89,79.94,-0.05,-0.0625,56152.19,447133.404,15.3514,0.81,482.724,14.9798,3437899.4675
688525.SH,2023-07-03,79.0,81.44,77.36,79.5,79.89,-0.39,-0.4882,50012.5,395658.534,13.6728,0.79,480.3675,14.9067,3421116.6312
688525.SH,2023-07-04,78.72,82.88,78.0,81.22,79.5,1.72,2.1635,62995.74,508906.996,17.2223,1.02,490.7604,15.2292,3495133.2426
688525.SH,2023-07-05,81.31,86.18,79.56,82.91,81.22,1.69,2.0808,80534.58,672712.36,22.0172,1.23,500.972,15.546,3567858.8666
688525.SH,2023-07-06,81.99,89.47,81.44,87.98,82.91,5.07,6.1151,104152.82,898522.616,28.4742,1.61,531.6067,16.4967,3786035.7385
688525.SH,2023-07-07,87.76,88.6,83.88,84.0,87.98,-3.98,-4.5238,71204.82,609881.305,19.4666,1.01,507.5581,15.7504,3614764.7424
688525.SH,2023-07-10,85.0,85.33,78.88,79.17,84.0,-4.83,-5.75,60504.78,493635.77,16.5413,0.82,478.3735,14.8448,3406915.7697
688525.SH,2023-07-11,78.36,84.35,78.36,82.57,79.17,3.4,4.2946,65378.34,540041.846,17.8737,0.86,498.9176,15.4823,3553227.676
688525.SH,2023-07-12,81.83,84.3,78.81,79.41,82.57,-3.16,-3.8271,59062.22,479982.824,16.1469,0.77,479.8237,14.8898,3417243.669
688525.SH,2023-07-13,78.88,93.98,78.28,92.0,79.41,12.59,15.8544,143130.29,1239352.016,39.1302,1.99,555.897,17.2505,3959028.0512
688525.SH,2023-07-14,90.99,94.99,89.9,92.8,92.0,0.8,0.8696,129176.9,1192734.101,35.3155,1.62,560.7309,17.4005,3993454.3821
688525.SH,2023-07-17,91.99,95.5,90.06,94.1,92.8,1.3,1.4009,93355.83,867415.921,25.5224,1.02,568.5859,17.6442,4049397.1698
688525.SH,2023-07-18,94.1,102.77,91.38,91.38,94.1,-2.72,-2.8905,136243.45,1322007.417,37.2474,1.39,552.1507,17.1342,3932347.6448
688525.SH,2023-07-19,89.53,93.53,88.5,89.98,91.38,-1.4,-1.5321,75606.57,686879.849,20.67,0.67,543.6914,16.8717,3872101.5657
688525.SH,2023-07-20,87.5,87.5,80.01,80.01,89.98,-9.97,-11.0802,98630.05,811453.349,26.9643,0.85,483.4491,15.0023,3443063.4171
688525.SH,2023-07-21,81.9,82.0,77.0,77.02,80.01,-2.99,-3.737,55191.83,432908.529,15.0888,0.52,465.3825,14.4416,3314395.0055
688525.SH,2023-07-24,76.65,78.67,74.91,77.91,77.02,0.89,1.1555,33756.88,261702.02,9.2287,0.37,470.7602,14.6085,3352694.2986
688525.SH,2023-07-25,79.55,84.15,77.5,82.32,77.91,4.41,5.6604,71165.13,575534.973,19.4557,0.89,497.407,15.4354,3542469.4476
688525.SH,2023-07-26,82.0,83.64,80.03,82.19,82.32,-0.13,-0.1579,42855.96,352510.394,11.7163,0.64,496.6215,15.411,3536875.1688
688525.SH,2023-07-27,82.33,83.3,80.08,80.5,82.19,-1.69,-2.0562,43961.91,358763.212,12.0187,0.73,486.4099,15.0942,3464149.5448
688525.SH,2023-07-28,80.99,82.38,78.45,78.55,80.5,-1.95,-2.4224,45291.24,364815.354,12.3821,0.92,474.6273,14.7285,3380235.3633
688525.SH,2023-07-31,76.09,79.37,74.13,77.44,78.55,-1.11,-1.4131,47621.85,366214.175,13.0193,1.0,467.9203,14.5204,3332468.8292
688525.SH,2023-08-01,77.44,79.55,75.5,77.86,77.44,0.42,0.5424,45263.08,352241.989,12.3744,0.9,470.458,14.5991,3350542.6529
688525.SH,2023-08-02,68.0,73.52,68.0,70.48,77.86,-7.38,-9.4786,69205.53,492397.654,18.92,1.54,425.8654,13.2154,3032959.7505
688525.SH,2023-08-03,69.5,70.5,67.38,67.66,70.48,-2.82,-4.0011,57953.45,397006.791,15.8438,1.15,408.826,12.6866,2911606.9342
688525.SH,2023-08-04,67.89,69.5,66.6,68.08,67.66,0.42,0.6208,48782.63,331778.784,13.3366,0.92,411.3638,12.7653,2929680.7579
688525.SH,2023-08-07,68.8,69.22,67.66,67.89,68.08,-0.19,-0.2791,34550.32,236498.563,9.4457,0.64,410.2157,12.7297,2921504.5043
688525.SH,2023-08-08,67.89,70.97,67.89,69.29,67.89,1.4,2.0622,50280.43,348517.816,13.7461,0.98,418.675,12.9922,2981750.5833
688525.SH,2023-08-09,68.6,69.18,65.7,65.99,69.29,-3.3,-4.7626,40548.52,271991.152,11.0855,0.78,398.7352,12.3735,2839741.9685
688525.SH,2023-08-10,66.31,67.2,65.72,66.13,65.99,0.14,0.2122,23452.75,155432.008,6.4117,0.51,399.5812,12.3997,2845766.5764
688525.SH,2023-08-11,66.55,66.55,63.84,63.84,66.13,-2.29,-3.4629,35174.31,227000.74,9.6163,0.89,385.7442,11.9703,2747221.2042
688525.SH,2023-08-14,63.16,64.8,63.0,64.6,63.84,0.76,1.1905,25201.47,161129.003,6.8898,0.68,390.3364,12.1128,2779926.2186
688525.SH,2023-08-15,65.0,65.65,62.51,63.03,64.6,-1.57,-2.4303,28304.17,180694.826,7.738,0.81,380.8499,11.8184,2712364.5442
688525.SH,2023-08-16,62.31,63.33,61.3,61.31,63.03,-1.72,-2.7289,30006.19,186120.511,8.2033,0.98,370.457,11.4959,2638347.9328
688525.SH,2023-08-17,60.77,63.5,60.0,62.55,61.31,1.24,2.0225,35734.07,223303.047,9.7693,1.26,377.9495,11.7284,2691708.7457
688525.SH,2023-08-18,63.31,65.99,62.37,62.39,62.55,-0.16,-0.2558,49912.58,320011.721,13.6455,1.62,376.9828,11.6984,2684823.4795
688525.SH,2023-08-21,61.81,63.58,60.6,62.71,62.39,0.32,0.5129,33943.22,213120.846,9.2797,1.0,378.9163,11.7584,2698594.0119
688525.SH,2023-08-22,62.99,64.5,61.4,64.5,62.71,1.79,2.8544,42532.06,268492.614,11.6278,1.2,389.7321,12.0941,2775622.9272
688525.SH,2023-08-23,63.51,63.9,61.75,62.2,64.5,-2.3,-3.5659,31973.25,200126.915,8.7411,0.83,375.8347,11.6628,2676647.2259
688525.SH,2023-08-24,63.32,63.78,60.99,61.51,62.2,-0.69,-1.1093,47308.41,295759.858,12.9336,1.22,371.6655,11.5334,2646954.5155
688525.SH,2023-08-25,60.43,61.3,58.47,58.85,61.51,-2.66,-4.3245,47577.65,282421.582,13.0072,1.16,355.5928,11.0347,2532486.9654
688525.SH,2023-08-28,64.88,64.88,58.52,58.58,58.85,-0.27,-0.4588,36198.84,216068.287,9.8963,0.89,353.9614,10.984,2520868.0787
688525.SH,2023-08-29,58.82,62.06,57.87,61.08,58.58,2.5,4.2677,41021.49,247037.592,11.2148,1.0,369.0673,11.4528,2628450.3627
688525.SH,2023-08-30,61.17,73.3,61.17,68.19,61.08,7.11,11.6405,122147.54,833180.738,33.3937,2.99,412.0284,12.786,2934414.3784
688525.SH,2023-08-31,65.98,69.79,64.1,68.45,68.19,0.26,0.3813,85110.5,572541.829,23.2682,1.45,413.5994,13.8688,2945602.9359
688525.SH,2023-09-01,68.5,72.66,68.5,68.76,68.45,0.31,0.4529,74693.97,525309.864,20.4205,1.12,415.4726,13.9317,2958943.1391
688525.SH,2023-09-04,68.76,70.17,67.45,70.17,68.76,1.41,2.0506,52861.14,363727.339,14.4516,0.74,423.9923,14.2173,3019619.5473
688525.SH,2023-09-05,70.29,73.5,69.12,70.86,70.17,0.69,0.9833,80347.62,574751.801,21.9661,1.07,428.1615,14.3571,3049312.2577
688525.SH,2023-09-06,69.74,74.03,69.3,72.49,70.86,1.63,2.3003,70579.96,503987.609,19.2958,0.85,438.0106,14.6874,3119455.9069
688525.SH,2023-09-07,72.8,74.93,69.0,70.1,72.49,-2.39,-3.297,80105.86,573889.95,21.9,1.1,423.5693,14.2032,3016607.2434
688525.SH,2023-09-08,69.45,72.5,69.35,70.47,70.1,0.37,0.5278,54722.88,389316.62,14.9606,0.76,425.805,14.2781,3032529.4214
688525.SH,2023-09-11,69.7,70.77,68.57,70.15,70.47,-0.32,-0.4541,36560.1,255021.017,9.9951,0.54,423.8715,14.2133,3018758.889
688525.SH,2023-09-12,70.66,71.8,69.6,69.84,70.15,-0.31,-0.4419,25724.67,181146.67,7.0328,0.4,421.9983,14.1505,3005418.6858
688525.SH,2023-09-13,70.0,74.5,70.0,71.53,69.84,1.69,2.4198,65431.49,472697.127,17.8882,1.22,432.2099,14.4929,3078144.3098
688525.SH,2023-09-14,70.46,72.48,68.02,68.8,71.53,-2.73,-3.8166,39424.66,274747.978,10.7783,0.75,415.7143,13.9398,2960664.4557
688525.SH,2023-09-15,69.28,71.98,67.2,70.2,68.8,1.4,2.0349,39063.89,272959.945,10.6796,0.88,424.1736,14.2234,3020910.5347
688525.SH,2023-09-18,70.0,70.2,67.6,68.28,70.2,-1.92,-2.735,30840.05,211160.35,8.4313,0.75,412.5722,13.8344,2938287.3406
688525.SH,2023-09-19,68.5,71.69,67.5,68.75,68.28,0.47,0.6883,42517.04,296543.517,11.6237,1.06,415.4122,13.9296,2958512.81
688525.SH,2023-09-20,67.78,70.95,67.5,69.07,68.75,0.32,0.4655,32508.99,226409.52,8.8876,0.75,417.3457,13.9945,2972283.3424
688525.SH,2023-09-21,68.93,69.98,67.6,67.61,69.07,-1.46,-2.1138,26073.15,178246.834,7.1281,0.71,408.5239,13.6986,2909455.2885
688525.SH,2023-09-22,67.28,67.75,61.52,67.01,67.61,-0.6,-0.8874,44672.88,293103.766,12.2131,1.31,404.8985,13.5771,2883635.5403
688525.SH,2023-09-25,67.48,67.68,65.35,65.58,67.01,-1.43,-2.134,24719.02,163747.339,6.7579,0.7,396.2579,13.2873,2822098.4739
688525.SH,2023-09-26,65.4,68.98,65.0,66.26,65.58,0.68,1.0369,35870.58,240788.229,9.8066,1.05,400.3667,13.4251,2851360.8551
688525.SH,2023-09-27,65.82,67.45,64.44,64.44,66.26,-1.82,-2.7468,32910.53,216429.872,8.9974,1.0,389.3696,13.0564,2773040.9524
688525.SH,2023-09-28,64.5,65.6,62.9,62.96,64.44,-1.48,-2.2967,37337.21,238357.053,10.2076,1.14,380.4269,12.7565,2709352.2403
688525.SH,2023-10-09,63.35,65.9,62.53,64.29,62.96,1.33,2.1125,34004.09,218640.273,9.2963,0.97,388.4632,13.026,2766586.0153
688525.SH,2023-10-10,64.29,68.33,64.11,67.53,64.29,3.24,5.0397,61921.64,412487.378,16.9287,1.88,408.0405,13.6824,2906012.6554
688525.SH,2023-10-11,67.0,67.99,65.8,67.75,67.53,0.22,0.3258,43096.64,288105.925,11.7821,1.07,409.3698,13.727,2915479.8964
688525.SH,2023-10-12,67.77,67.77,65.4,66.45,67.75,-1.3,-1.9188,33459.55,221493.05,9.1475,0.8,401.5147,13.4636,2859537.1087
688525.SH,2023-10-13,66.45,68.88,65.6,66.79,66.45,0.34,0.5117,39542.92,266890.973,10.8106,0.94,403.5691,13.5325,2874168.2993
688525.SH,2023-10-16,66.36,66.67,62.47,62.93,66.79,-3.86,-5.7793,34994.73,223024.251,9.5672,0.83,380.2456,12.7504,2708061.2528
688525.SH,2023-10-17,62.93,64.2,61.91,63.83,62.93,0.9,1.4302,24049.37,152312.585,6.5748,0.56,385.6838,12.9328,2746790.8751
688525.SH,2023-10-18,63.81,65.62,62.99,63.0,63.83,-0.83,-1.3003,24667.59,158013.068,6.7438,0.7,380.6686,12.7646,2711073.5568
688525.SH,2023-10-19,62.65,66.2,62.02,64.18,63.0,1.18,1.873,37453.3,242527.708,10.2393,1.19,387.7986,13.0037,2761852.3948
688525.SH,2023-10-20,63.45,64.1,58.01,58.05,64.18,-6.13,-9.5513,44604.91,268971.857,12.1945,1.39,350.7589,11.7617,2498060.6345
688525.SH,2023-10-23,57.53,58.42,53.53,54.41,58.05,-3.64,-6.2705,38508.73,213620.051,10.5278,1.16,328.7647,11.0242,2341420.829
688525.SH,2023-10-24,54.99,57.88,54.12,56.86,54.41,2.45,4.5028,32945.07,185376.927,9.0068,0.97,343.5685,11.5206,2446851.4673
688525.SH,2023-10-25,56.85,58.35,56.4,56.97,56.86,0.11,0.1935,28442.21,163215.71,7.7758,0.8,344.2332,11.5428,2451585.0878
688525.SH,2023-10-26,56.6,57.24,54.22,55.08,56.97,-1.89,-3.3175,28332.43,156445.628,7.7458,0.78,332.8131,11.1599,2370252.8811
688525.SH,2023-10-27,55.8,57.89,55.14,56.56,55.08,1.48,2.687,36800.06,208878.189,10.0607,1.06,341.7558,11.4598,2433941.5932
688525.SH,2023-10-30,55.65,58.46,55.0,57.52,56.56,0.96,1.6973,39470.92,224589.023,10.7909,1.2,347.5565,12.4549,2475253.1903
688525.SH,2023-10-31,58.85,60.8,57.01,57.45,57.52,-0.07,-0.1217,36660.4,214376.873,10.0225,1.1,347.1335,12.4398,2472240.8863
688525.SH,2023-11-01,56.5,58.2,56.11,56.34,57.45,-1.11,-1.9321,25215.13,143942.636,6.8935,0.74,340.4265,12.1994,2424474.3522
688525.SH,2023-11-02,56.35,57.15,55.4,55.41,56.34,-0.93,-1.6507,20494.83,114841.002,5.6031,0.62,334.8071,11.998,2384453.7426
688525.SH,2023-11-03,55.73,58.2,55.5,57.58,55.41,2.17,3.9163,34789.03,198556.99,9.5109,1.1,347.919,12.4679,2477835.1651
688525.SH,2023-11-06,58.0,61.12,57.53,60.55,57.58,2.97,5.158,42829.62,255235.598,11.7091,1.37,365.8648,13.111,2605642.9185
688525.SH,2023-11-07,60.8,62.5,60.03,62.18,60.55,1.63,2.692,39843.11,244295.691,10.8926,1.25,375.7139,13.464,2675786.5676
688525.SH,2023-11-08,61.89,64.08,61.63,62.4,62.18,0.22,0.3538,43553.57,274334.977,11.907,1.33,377.0432,13.5116,2685253.8086
688525.SH,2023-11-09,63.09,63.93,61.8,62.18,62.4,-0.22,-0.3526,32743.09,205336.915,8.9516,0.9,375.7139,13.464,2675786.5676
688525.SH,2023-11-10,62.18,71.0,62.1,66.27,62.18,4.09,6.5777,90158.56,606729.939,24.6483,2.33,400.4271,14.3496,2851791.1843
688525.SH,2023-11-13,67.0,70.94,64.69,69.01,66.27,2.74,4.1346,80223.17,546146.749,21.9321,1.61,416.9832,14.9429,2969701.3675
688525.SH,2023-11-14,68.6,70.08,67.22,68.33,69.01,-0.68,-0.9854,58026.28,398704.004,15.8637,1.01,412.8744,14.7956,2940438.9863
688525.SH,2023-11-15,70.0,71.99,68.01,70.19,68.33,1.86,2.7221,69533.87,487397.239,19.0098,1.14,424.1132,15.1984,3020480.2056
688525.SH,2023-11-16,68.8,70.56,67.5,67.5,70.19,-2.69,-3.8325,41282.94,283538.964,11.2863,0.62,407.8592,14.6159,2904721.668
688525.SH,2023-11-17,67.5,68.3,66.52,67.25,67.5,-0.25,-0.3704,33062.59,222634.41,9.0389,0.49,406.3486,14.5618,2893963.4396
688525.SH,2023-11-20,67.89,68.09,65.7,66.77,67.25,-0.48,-0.7138,32842.44,218666.81,8.9787,0.58,403.4483,14.4578,2873307.6411
688525.SH,2023-11-21,66.77,67.02,64.7,65.28,66.77,-1.49,-2.2315,29167.73,191414.127,7.9741,0.62,394.4452,14.1352,2809188.5998
688525.SH,2023-11-22,65.74,66.18,63.45,63.49,65.28,-1.79,-2.742,31866.31,206103.552,8.7119,0.77,383.6293,13.7476,2732159.6845
688525.SH,2023-11-23,62.77,64.44,62.08,63.93,63.49,0.44,0.693,27458.59,174598.128,7.5069,0.82,386.288,13.8429,2751094.1664
688525.SH,2023-11-24,63.9,63.9,61.2,61.4,63.93,-2.53,-3.9575,22959.61,142484.973,6.2769,0.74,371.0008,13.2951,2642220.895
688525.SH,2023-11-27,61.4,62.85,59.55,62.47,61.4,1.07,1.7427,27768.38,170720.029,7.5916,0.96,377.4661,13.5268,2688266.1126
688525.SH,2023-11-28,61.88,71.11,61.56,67.4,62.47,4.93,7.8918,72034.31,483209.807,19.6934,2.59,407.255,14.5943,2900418.3766
688525.SH,2023-11-29,67.6,70.08,66.56,67.3,67.4,-0.1,-0.1484,47709.49,325752.594,13.0432,1.31,406.6507,14.5726,2896115.0853
688525.SH,2023-11-30,66.56,67.22,65.06,66.3,67.3,-1.0,-1.4859,28545.12,188717.415,7.8039,0.72,400.6084,14.3561,2853082.1717
688525.SH,2023-12-01,66.2,75.93,65.52,73.43,66.3,7.13,10.7541,100753.03,716624.057,27.5447,2.53,443.6904,15.8999,3159906.8456
688525.SH,2023-12-04,71.43,88.0,71.43,83.3,73.43,9.87,13.4414,119625.52,963115.143,32.7042,2.16,503.3285,18.0371,3584641.7029
688525.SH,2023-12-05,81.89,83.3,78.61,79.0,83.3,-4.3,-5.1621,76206.14,615334.476,20.8339,1.03,477.3463,17.106,3399600.1744
688525.SH,2023-12-06,78.64,86.86,77.12,84.47,79.0,5.47,6.9241,96153.44,778186.94,26.2872,1.29,510.398,18.2905,3634990.2118
688525.SH,2023-12-07,82.0,86.98,80.5,84.15,84.47,-0.32,-0.3788,76624.74,638758.265,20.9483,0.91,508.4645,18.2212,3621219.6794
688525.SH,2023-12-08,83.66,84.87,78.6,80.85,84.15,-3.3,-3.9216,83580.43,682160.684,22.8499,0.89,488.5247,17.5066,3479211.0646
688525.SH,2023-12-11,79.7,82.8,76.8,81.3,80.85,0.45,0.5566,62559.17,497272.593,17.103,0.69,491.2438,17.6041,3498575.8757
688525.SH,2023-12-12,81.29,87.34,80.48,82.41,81.3,1.11,1.3653,64089.34,538286.123,17.5213,0.81,497.9508,17.8444,3546342.4098
688525.SH,2023-12-13,81.65,81.85,77.8,79.9,82.41,-2.51,-3.0457,53259.46,423796.124,14.5605,0.7,482.7845,17.3009,3438329.7966
688525.SH,2023-12-14,80.5,82.19,76.35,77.38,79.9,-2.52,-3.1539,47538.06,375084.963,12.9964,0.7,467.5577,16.7552,3329886.8544
688525.SH,2023-12-15,77.5,78.89,75.68,77.57,77.38,0.19,0.2455,34706.27,268648.005,9.4883,0.56,468.7058,16.7964,3338063.108
688525.SH,2023-12-18,77.89,77.89,72.5,73.02,77.57,-4.55,-5.8657,47532.86,352656.227,12.9949,0.91,441.213,15.8112,3142263.3511
688525.SH,2023-12-19,73.0,75.43,72.27,74.24,73.02,1.22,1.6708,41019.1,302015.707,11.2142,0.83,448.5847,16.0753,3194763.5057
688525.SH,2023-12-20,74.2,75.0,69.72,69.97,74.24,-4.27,-5.7516,33941.93,242751.893,9.2793,0.76,422.7838,15.1507,3011012.9646
688525.SH,2023-12-21,70.18,72.4,68.35,68.77,69.97,-1.2,-1.715,46291.67,325234.729,12.6556,1.13,415.533,14.8909,2959373.4683
688525.SH,2023-12-22,70.15,72.84,69.23,70.0,68.77,1.23,1.7886,71769.68,510319.828,19.621,1.76,422.9651,15.1572,3012303.952
688525.SH,2023-12-25,69.0,71.2,63.1,63.44,70.0,-6.56,-9.3714,71041.45,470432.988,19.4219,1.48,383.3272,13.7368,2730008.0388
688525.SH,2023-12-26,63.32,63.38,58.2,59.88,63.44,-3.56,-5.6116,58469.88,349373.469,15.985,1.11,361.8164,12.9659,2576810.8664
688525.SH,2023-12-27,60.41,63.09,58.71,61.54,59.88,1.66,2.7722,58102.78,354601.275,15.8846,1.03,371.8467,13.3254,2648245.5029
688525.SH,2023-12-28,60.9,62.8,59.81,61.7,61.54,0.16,0.26,49284.41,301945.689,13.4738,0.81,372.8135,13.36,2655130.7691
688525.SH,2023-12-29,61.88,64.5,60.28,62.66,61.7,0.96,1.5559,54981.07,346246.863,15.0312,0.89,378.6142,13.5679,2696442.3662
688525.SH,2024-01-02,54.12,57.2,50.13,50.13,62.66,-12.53,-19.9968,209372.54,1092585.143,8.4172,3.59,302.9034,10.8547,2157239.9588
688525.SH,2024-01-03,48.49,48.85,43.79,44.83,50.13,-5.3,-10.5725,253187.25,1153242.12,10.1787,2.94,270.8789,9.7071,1929165.5167
688525.SH,2024-01-04,44.35,45.77,43.99,44.22,44.83,-0.61,-1.3607,119765.4,536458.851,4.8148,0.96,267.1931,9.575,1902915.4394
688525.SH,2024-01-05,44.58,44.66,42.64,43.19,44.22,-1.03,-2.3293,98424.47,426877.225,3.9569,0.72,260.9695,9.352,1858591.5384
688525.SH,2024-01-08,43.0,43.28,41.77,41.81,43.19,-1.38,-3.1952,71534.65,301970.583,2.8758,0.49,252.631,9.0532,1799206.1176
688525.SH,2024-01-09,42.44,43.66,42.23,42.81,41.81,1.0,2.3918,92026.96,394666.122,3.6997,0.61,258.6734,9.2697,1842239.0312
688525.SH,2024-01-10,42.67,44.0,41.07,42.89,42.81,0.08,0.1869,82378.03,352413.804,3.3118,0.65,259.1568,9.2871,1845681.6643
688525.SH,2024-01-11,42.98,43.32,41.86,41.96,42.89,-0.93,-2.1683,110979.69,470967.549,4.4616,1.2,253.5374,9.0857,1805661.0547
688525.SH,2024-01-12,41.78,41.81,40.35,40.35,41.96,-1.61,-3.837,84066.16,343357.117,3.3796,0.92,243.8092,8.7371,1736378.0638
688525.SH,2024-01-15,40.04,41.5,39.7,40.48,40.35,0.13,0.3222,75437.15,306783.198,3.0327,0.86,244.5947,8.7652,1741972.3425
688525.SH,2024-01-16,40.1,40.51,39.21,39.44,40.48,-1.04,-2.5692,69667.4,276239.564,2.8008,0.78,238.3106,8.54,1697218.1124
688525.SH,2024-01-17,39.5,39.65,37.61,37.63,39.44,-1.81,-4.5892,78113.54,299496.378,3.1403,0.92,227.374,8.1481,1619328.5388
688525.SH,2024-01-18,37.75,38.75,37.16,38.6,37.63,0.97,2.5777,96975.04,366964.714,3.8986,1.16,233.235,8.3581,1661070.465
688525.SH,2024-01-19,39.09,39.28,37.5,37.5,38.6,-1.1,-2.8497,72231.68,276341.534,2.9039,0.89,226.5884,8.12,1613734.26
688525.SH,2024-01-22,37.9,38.28,35.55,35.91,37.5,-1.59,-4.24,81142.43,300560.516,3.2621,1.03,216.9811,7.7757,1545311.9274
688525.SH,2024-01-23,36.3,37.51,35.92,37.1,35.91,1.19,3.3138,118877.24,437146.543,4.7791,1.49,224.1715,8.0333,1596521.0946
688525.SH,2024-01-24,37.6,37.6,34.75,36.26,37.1,-0.84,-2.2642,107333.56,383457.323,4.315,1.2,219.0959,7.8515,1560373.4471
688525.SH,2024-01-25,35.8,37.46,35.6,37.24,36.26,0.98,2.7027,114258.31,420280.54,4.5934,1.2,225.0174,8.0637,1602545.7025
688525.SH,2024-01-26,37.1,37.61,36.1,36.17,37.24,-1.07,-2.8733,93622.26,344262.164,3.7638,0.95,218.5521,7.832,1556500.4849
688525.SH,2024-01-29,36.47,37.1,34.15,34.25,36.17,-1.92,-5.3083,92633.03,326260.661,3.724,0.9,206.9508,7.4162,1473877.2908
688525.SH,2024-01-30,33.45,35.55,33.05,33.68,34.25,-0.57,-1.6642,96225.33,330563.251,3.8685,0.91,203.5066,7.2928,1449348.53
688525.SH,2024-01-31,34.0,34.49,31.79,31.82,33.68,-1.86,-5.5226,104263.24,342225.745,4.1916,1.03,192.2679,6.89,1369307.3108
688525.SH,2024-02-01,31.95,33.58,31.5,32.31,31.82,0.49,1.5399,92814.75,302325.228,3.7314,0.93,195.2286,6.9961,1390393.4384
688525.SH,2024-02-02,32.3,32.82,29.7,30.81,32.31,-1.5,-4.6425,90358.28,283493.918,3.6326,0.94,186.1651,6.6714,1325844.068
688525.SH,2024-02-05,30.81,31.4,26.52,28.0,30.81,-2.81,-9.1204,120469.68,344315.325,4.8431,1.26,169.186,6.0629,1204921.5808
688525.SH,2024-02-06,27.44,30.49,26.83,29.82,28.0,1.82,6.5,111582.18,320250.123,4.4858,1.11,180.1831,6.457,1283241.4836
688525.SH,2024-02-07,29.49,31.15,27.5,28.3,29.82,-1.52,-5.0973,155992.03,460479.003,6.2712,1.5,170.9987,6.1279,1217831.4549
688525.SH,2024-02-08,28.4,31.32,27.1,30.74,28.3,2.44,8.6219,171429.96,506038.946,6.8919,1.5,185.7421,6.6562,1322831.7641
688525.SH,2024-02-19,31.8,36.75,30.74,36.38,30.74,5.64,18.3474,223363.23,744962.063,8.9797,1.72,219.821,7.8774,1565537.3968
688525.SH,2024-02-20,35.01,39.0,35.01,38.33,36.38,1.95,5.3601,297857.12,1109621.99,11.9745,1.9,231.6036,8.2997,1649451.5783
688525.SH,2024-02-21,36.77,40.26,36.01,37.95,38.33,-0.38,-0.9914,252604.88,953460.466,10.1553,1.32,229.3075,8.2174,1633099.0711
688525.SH,2024-02-22,38.0,41.8,37.44,40.7,37.95,2.75,7.2464,258731.93,1023187.731,10.4016,1.17,245.924,8.8129,1751439.5835
688525.SH,2024-02-23,41.5,43.77,40.51,42.26,40.7,1.56,3.8329,229697.59,972169.857,9.2343,0.95,255.3501,9.1506,1818570.9287
688525.SH,2024-02-26,42.8,47.0,41.38,45.1,42.26,2.84,6.7203,267643.06,1184979.177,10.7598,1.06,272.5104,9.8713,1940784.4034
688525.SH,2024-02-27,44.38,47.25,42.91,46.3,45.1,1.2,2.6608,257753.3,1170850.351,10.3622,0.99,279.7612,10.134,1992423.8997
688525.SH,2024-02-28,45.73,47.25,40.04,40.05,46.3,-6.25,-13.4989,315053.65,1382677.042,12.6658,1.24,241.9965,8.766,1723468.1897
688525.SH,2024-02-29,39.6,45.0,39.55,44.06,40.05,4.01,10.0125,260697.7,1117322.756,10.4806,0.98,266.2263,9.6437,1896030.1732
688525.SH,2024-03-01,44.01,47.59,43.81,46.89,44.06,2.83,6.4231,279603.98,1274000.079,11.2407,1.05,283.3262,10.2631,2017813.3187
688525.SH,2024-03-04,48.39,49.75,46.84,48.87,46.89,1.98,4.2226,292099.34,1419308.646,11.743,1.06,295.2901,10.6965,2103018.4876
688525.SH,2024-03-05,47.8,48.8,45.44,45.85,48.87,-3.02,-6.1797,304257.64,1427753.308,12.2318,1.08,277.0421,10.0355,1973059.0886
688525.SH,2024-03-06,45.3,47.28,44.02,46.4,45.85,0.55,1.1996,187629.3,867236.959,7.5431,0.65,280.3654,10.1559,1996727.191
688525.SH,2024-03-07,45.99,46.6,43.0,43.4,46.4,-3.0,-6.4655,216350.52,965898.797,8.6978,0.82,262.2384,9.4993,1867628.4502
688525.SH,2024-03-08,44.2,47.08,42.5,47.0,43.4,3.6,8.2949,259646.74,1180961.5,10.4384,1.01,283.9909,10.2872,2022546.9392
688525.SH,2024-03-11,46.88,50.89,46.4,50.8,47.0,3.8,8.0851,329964.62,1624779.105,13.2653,1.31,306.9518,11.1189,2186072.0109
688525.SH,2024-03-12,50.7,53.65,49.48,49.73,50.8,-1.07,-2.1063,312685.11,1587340.908,12.5706,1.2,300.4865,10.8847,2140026.7933
688525.SH,2024-03-13,50.78,51.47,49.55,50.3,49.73,0.57,1.1462,233438.2,1179093.1,9.3847,0.89,303.9306,11.0095,2164555.5541
688525.SH,2024-03-14,49.01,51.3,48.9,51.0,50.3,0.7,1.3917,204518.34,1029435.616,8.2221,0.76,308.1603,11.1627,2194678.5936
688525.SH,2024-03-15,50.57,52.08,50.08,51.73,51.0,0.73,1.4314,196454.87,1008765.433,7.8979,0.73,312.5712,11.3225,2226092.6205
688525.SH,2024-03-18,52.5,53.6,50.3,52.45,51.73,0.72,1.3918,231198.32,1209659.513,9.2947,0.91,316.9217,11.4801,2257076.3183
688525.SH,2024-03-19,52.5,55.1,51.91,52.09,52.45,-0.36,-0.6864,240900.12,1289208.482,9.6847,1.02,314.7465,11.4013,2241584.4694
688525.SH,2024-03-20,51.75,55.15,50.5,54.5,52.09,2.41,4.6266,264296.27,1391714.12,10.6253,1.19,329.3085,11.9288,2345293.7912
688525.SH,2024-03-21,57.88,61.6,56.5,57.59,54.5,3.09,5.6697,357239.37,2094299.446,14.3618,1.57,347.9794,12.6051,2478265.4942
688525.SH,2024-03-22,58.0,60.5,56.79,56.8,57.59,-0.79,-1.3718,264556.36,1550550.481,10.6357,1.03,343.206,12.4322,2444269.4925
688525.SH,2024-03-25,56.19,56.8,52.04,52.49,56.8,-4.31,-7.588,277589.78,1495726.632,11.1597,1.02,317.1634,11.4888,2258797.6349
688525.SH,2024-03-26,53.42,55.5,50.83,52.65,52.49,0.16,0.3048,241808.84,1300552.205,9.7212,0.86,318.1302,11.5239,2265682.901
688525.SH,2024-03-27,51.5,52.65,48.26,48.6,52.65,-4.05,-7.6923,210434.63,1045979.459,8.4599,0.75,293.6586,10.6374,2091399.601
688525.SH,2024-03-28,48.35,51.6,48.12,50.88,48.6,2.28,4.6914,176694.67,888292.68,7.1035,0.65,307.4352,11.1364,2189514.644
688525.SH,2024-03-29,50.71,53.88,50.71,53.15,50.88,2.27,4.4615,167978.38,879533.402,6.7531,0.72,321.1514,11.6333,2287199.3578
688525.SH,2024-04-01,52.6,55.0,52.6,53.67,53.15,0.52,0.9784,149330.51,800086.181,6.0034,0.69,324.2934,11.7471,2309576.4729
688525.SH,2024-04-02,55.6,55.98,51.0,52.49,53.67,-1.18,-2.1986,187853.61,1006260.87,7.5521,0.99,317.1634,11.4888,2258797.6349
688525.SH,2024-04-03,52.0,56.01,51.5,54.06,52.49,1.57,2.991,241241.23,1302429.003,9.6984,1.35,326.6499,11.8325,2326359.3092
688525.SH,2024-04-08,53.8,53.99,50.3,50.65,54.06,-3.41,-6.3078,167639.23,870672.172,6.7395,0.91,306.0455,11.0861,2179617.0738
688525.SH,2024-04-09,51.2,51.59,46.0,48.75,50.65,-1.9,-3.7512,195107.23,936144.213,7.8437,1.07,294.565,10.6702,2097854.538
688525.SH,2024-04-10,49.0,49.2,43.56,44.3,48.75,-4.45,-9.1282,241127.37,1091349.515,9.6938,1.28,267.6765,9.6962,1906358.0725
688525.SH,2024-04-11,44.26,45.74,43.7,44.1,44.3,-0.2,-0.4515,166135.61,745032.76,6.679,0.8,266.468,9.6525,1897751.4898
688525.SH,2024-04-12,44.39,45.78,44.05,44.42,44.1,0.32,0.7256,145575.34,652642.44,5.8524,0.72,268.4016,9.7225,1911522.0221
688525.SH,2024-04-15,43.53,43.87,39.86,40.99,44.42,-3.43,-7.7217,244462.28,1011775.16,9.8279,1.34,247.6763,8.9718,1763919.1285
688525.SH,2024-04-16,40.2,40.42,37.15,37.43,40.99,-3.56,-8.685,181783.78,700421.381,7.3081,0.92,226.1655,8.1926,1610721.956
688525.SH,2024-04-17,42.0,44.92,41.5,44.92,37.43,7.49,20.0107,203499.65,886529.727,8.1811,1.04,271.4227,9.8319,1933038.4789
688525.SH,2024-04-18,47.0,47.85,45.92,46.39,44.92,1.47,3.2725,389471.56,1821669.59,15.6576,2.07,280.305,10.1537,1996296.8619
688525.SH,2024-04-19,46.0,46.75,43.82,45.0,46.39,-1.39,-2.9963,252884.83,1139254.643,10.1665,1.09,271.9061,9.8495,1936481.112
688525.SH,2024-04-22,43.0,46.4,42.03,45.87,45.0,0.87,1.9333,230300.73,1038254.325,9.2586,0.91,277.163,10.0399,1973919.7468
688525.SH,2024-04-23,46.24,46.61,44.7,45.04,45.87,-0.83,-1.8095,185550.7,843397.836,7.4595,0.74,272.1478,9.8582,1938202.4285
688525.SH,2024-04-24,45.5,47.19,44.88,46.99,45.04,1.95,4.3295,234616.69,1086985.249,9.4321,0.93,283.9304,10.285,2022116.6101
688525.SH,2024-04-25,46.2,51.7,45.98,49.2,46.99,2.21,4.7031,313321.27,1531193.191,12.5962,1.21,297.284,10.7687,2117219.3491
688525.SH,2024-04-26,49.21,53.5,49.0,51.53,49.2,2.33,4.7358,319008.92,1635587.089,12.8249,1.31,311.3627,11.2787,2217486.0378
688525.SH,2024-04-29,51.99,53.18,51.0,52.56,51.53,1.03,1.9988,246970.78,1294099.769,9.9288,0.96,317.5864,11.5042,2261809.9388
688525.SH,2024-04-30,52.66,54.33,52.09,52.14,52.56,-0.42,-0.7991,230545.69,1221961.794,9.2684,0.89,,10.3837,2243736.1151
688525.SH,2024-05-06,53.0,53.88,52.33,52.75,52.14,0.61,1.1699,200136.84,1060583.235,8.0459,0.74,,10.5052,2269986.1924
688525.SH,2024-05-07,52.96,53.83,50.82,51.09,52.75,-1.66,-3.1469,236428.95,1237326.196,9.505,0.9,,10.1746,2198551.5558
688525.SH,2024-05-08,51.09,53.29,50.4,51.71,51.09,0.62,1.2135,210377.58,1096227.802,8.4576,0.85,,10.2981,2225231.9623
688525.SH,2024-05-09,52.5,54.88,51.8,53.73,51.71,2.02,3.9064,251229.19,1334667.934,10.1,1.12,,10.7003,2312158.4477
688525.SH,2024-05-10,53.3,53.35,50.88,51.04,53.73,-2.69,-5.0065,192786.93,997827.475,7.7505,0.85,,10.1646,2196399.9101
688525.SH,2024-05-13,49.99,51.83,48.97,49.48,51.04,-1.56,-3.0564,182782.77,918485.022,7.3483,0.84,,9.8539,2129268.5649
688525.SH,2024-05-14,50.0,50.39,48.37,49.2,49.48,-0.28,-0.5659,137877.56,680068.962,5.543,0.64,,9.7982,2117219.3491
688525.SH,2024-05-15,49.52,50.25,47.76,49.69,49.2,0.49,0.9959,142776.65,702369.19,5.7399,0.73,,9.8958,2138305.4768
688525.SH,2024-05-16,50.5,50.79,48.58,48.73,49.69,-0.96,-1.932,160544.93,797769.115,6.4543,0.88,,9.7046,2096993.8797
688525.SH,2024-05-17,48.0,48.42,46.2,47.92,48.73,-0.81,-1.6622,180900.44,856343.428,7.2726,1.11,,9.5433,2062137.2197
688525.SH,2024-05-20,47.11,48.68,47.05,48.6,47.92,0.68,1.419,145154.23,698509.563,5.8355,0.9,,9.6787,2091399.601
688525.SH,2024-05-21,48.58,49.27,47.15,47.27,48.6,-1.33,-2.7366,124247.91,598385.262,4.995,0.81,,9.4138,2034165.8259
688525.SH,2024-05-22,47.2,47.98,46.4,47.75,47.27,0.48,1.0154,112739.34,533426.478,4.5324,0.75,,9.5094,2054821.6244
688525.SH,2024-05-23,48.39,48.39,46.42,46.7,47.75,-1.05,-2.199,136631.43,646702.494,5.4929,0.94,,9.3003,2009637.0651
688525.SH,2024-05-24,46.66,47.2,43.82,43.83,46.7,-2.87,-6.1456,186827.54,839067.774,7.5109,1.34,,8.7288,1886132.6031
688525.SH,2024-05-27,43.98,47.29,43.19,47.2,43.83,3.37,7.6888,206757.65,933432.808,8.3121,1.47,,9.3999,2031153.5219
688525.SH,2024-05-28,47.29,49.38,46.3,46.7,47.2,-0.5,-1.0593,238138.15,1139012.898,9.5737,1.55,,9.3003,2009637.0651
688525.SH,2024-05-29,46.27,47.5,46.08,46.75,46.7,0.05,0.1071,112852.28,526861.32,4.5369,0.64,,9.3103,2011788.7108
688525.SH,2024-05-30,46.58,49.13,46.01,48.65,46.75,1.9,4.0642,237737.06,1149124.663,9.5575,1.35,,9.6887,2093551.2466
688525.SH,2024-05-31,48.24,49.26,47.86,48.12,48.65,-0.53,-1.0894,167862.91,812883.613,6.7485,0.85,,9.5831,2070743.8024
688525.SH,2024-06-03,50.0,56.0,50.0,55.19,48.12,7.07,14.6924,492695.69,2637324.755,19.8074,2.56,,10.9911,2374986.5016
688525.SH,2024-06-04,54.01,56.75,53.69,55.94,55.19,0.75,1.3589,323653.66,1787513.85,13.0116,1.3,,11.1405,2407261.1868
688525.SH,2024-06-05,55.9,57.31,55.06,55.11,55.94,-0.83,-1.4837,242728.5,1358947.838,9.7582,0.91,,10.9752,2371543.8685
688525.SH,2024-06-06,56.4,56.6,54.0,54.48,55.11,-0.63,-1.1432,226885.31,1259117.737,9.1213,0.77,,10.8497,2344433.1329
688525.SH,2024-06-07,54.95,55.83,52.45,54.04,54.48,-0.44,-0.8076,189262.34,1026910.18,7.6088,0.65,,10.7621,2325498.6509
688525.SH,2024-06-11,54.16,58.8,53.88,58.46,54.04,4.42,8.1791,328117.5,1870607.319,13.191,1.11,,11.6423,2515704.1291
688525.SH,2024-06-12,57.9,59.01,57.19,58.4,58.46,-0.06,-0.1026,243022.12,1416597.319,9.77,0.93,,11.6304,2513122.1542
688525.SH,2024-06-13,59.2,60.45,57.0,57.3,58.4,-1.1,-1.8836,314894.6,1850356.556,12.6594,1.28,,11.4113,2465785.9493
688525.SH,2024-06-14,56.59,58.3,55.28,55.28,57.3,-2.02,-3.5253,466285.97,2640431.537,18.7457,1.79,,11.009,2378859.4638
688525.SH,2024-06-17,55.3,56.8,54.6,56.8,55.28,1.52,2.7496,257907.6,1444189.817,10.3979,0.84,,11.3987,2440273.817
688525.SH,2024-06-18,56.5,57.66,55.91,56.73,56.8,-0.07,-0.1232,195362.02,1106961.182,7.8763,0.61,,11.3847,2437266.4373
688525.SH,2024-06-19,59.0,62.99,57.11,60.45,56.73,3.72,6.5574,440914.82,2624156.923,17.776,1.49,,12.1312,2597087.1872
688525.SH,2024-06-20,60.48,64.39,59.72,61.51,60.45,1.06,1.7535,391387.08,2425927.084,15.7792,1.17,,12.3439,2642627.5085
688525.SH,2024-06-21,60.0,63.95,58.6,63.3,61.51,1.79,2.9101,287358.85,1756414.476,11.5852,0.82,,12.7032,2719530.5038
688525.SH,2024-06-24,62.66,65.75,59.18,60.26,63.3,-3.04,-4.8025,362212.15,2284107.365,14.603,1.15,,12.0931,2588924.2995
688525.SH,2024-06-25,60.21,60.5,56.08,57.5,60.26,-2.76,-4.5802,266231.7,1547946.137,10.7334,0.79,,11.5392,2470347.614
688525.SH,2024-06-26,58.0,62.5,57.28,62.5,57.5,5.0,8.6957,274472.97,1637744.142,11.0657,0.79,,12.5426,2685160.45
688525.SH,2024-06-27,61.3,63.36,60.86,61.5,62.5,-1.0,-1.6,244500.6,1518042.24,9.8573,0.77,,12.3419,2642197.8828
688525.SH,2024-06-28,61.1,65.18,61.01,64.15,61.5,2.65,4.3089,291699.53,1857064.46,11.7602,1.02,,12.8737,2756048.6859
688525.SH,2024-07-01,63.8,66.5,62.92,66.46,64.15,2.31,3.6009,257293.99,1667345.151,10.3731,0.89,,13.3373,2855292.2161
688525.SH,2024-07-02,66.4,66.88,62.06,62.15,66.46,-4.31,-6.4851,261283.6,1689103.697,10.534,0.98,,12.4724,2670123.5515
688525.SH,2024-07-03,62.5,65.51,60.6,64.25,62.15,2.1,3.3789,238363.15,1516133.951,9.6099,0.9,,12.8938,2760344.9426
688525.SH,2024-07-04,63.9,64.9,61.58,62.5,64.25,-1.75,-2.7237,195236.94,1232338.874,7.8712,0.75,,12.5426,2685160.45
688525.SH,2024-07-05,61.79,64.46,60.77,63.18,62.5,0.68,1.088,188494.79,1186944.519,7.5994,0.76,,12.6791,2714374.9957
688525.SH,2024-07-08,63.23,65.6,63.2,63.87,63.18,0.69,1.0921,194088.12,1249899.122,7.8249,0.85,,12.8175,2744019.1671
688525.SH,2024-07-09,63.52,67.37,62.88,67.36,63.87,3.49,5.4642,279993.62,1826516.755,11.2883,1.3,,13.5179,2893958.5266
688525.SH,2024-07-10,66.09,67.23,65.4,65.93,67.36,-1.43,-2.1229,196379.73,1302750.174,7.9173,0.9,,13.231,2832522.0555
688525.SH,2024-07-11,66.96,68.49,65.17,66.73,65.93,0.8,1.2134,233725.92,1565803.396,9.4229,1.11,,13.3915,2866892.1093
688525.SH,2024-07-12,65.1,66.66,63.58,65.64,66.73,-1.09,-1.6334,178922.58,1168818.491,7.2135,0.82,,13.1728,2820062.911
688525.SH,2024-07-15,65.63,66.93,63.5,63.86,65.64,-1.78,-2.7118,169225.29,1100255.757,6.8225,0.78,,12.8155,2743589.5414
688525.SH,2024-07-16,63.24,64.0,59.33,61.88,63.86,-1.98,-3.1005,315209.01,1940384.693,12.708,1.49,,12.4182,2658523.6583
688525.SH,2024-07-17,61.0,62.5,58.55,58.7,61.88,-3.18,-5.139,260491.24,1579547.886,10.502,1.19,,11.78,2521902.6946
688525.SH,2024-07-18,57.08,60.49,56.25,59.72,58.7,1.02,1.7376,249442.74,1452925.805,10.0566,1.08,,11.9847,2565724.5132
688525.SH,2024-07-19,58.6,60.88,58.06,58.27,59.72,-1.45,-2.428,245361.06,1455721.733,9.892,1.05,,11.6937,2503428.7907
688525.SH,2024-07-22,58.39,58.75,57.23,57.87,58.27,-0.4,-0.6865,162176.47,937150.206,6.5383,0.65,,11.6135,2486243.7639
688525.SH,2024-07-23,57.61,58.8,55.09,55.2,57.87,-2.67,-4.6138,188978.15,1076069.322,7.6189,0.77,,11.0776,2371533.7094
688525.SH,2024-07-24,55.2,56.77,53.13,54.04,55.2,-1.16,-2.1014,179385.41,988456.813,7.2321,0.81,,10.8448,2321697.1315
688525.SH,2024-07-25,53.0,54.39,52.62,53.18,54.04,-0.86,-1.5914,132449.52,706127.757,5.3399,0.65,,10.6723,2284749.3237
688525.SH,2024-07-26,53.03,53.33,51.61,52.46,53.18,-0.72,-1.3539,159658.78,838494.477,6.4368,0.88,,10.5278,2253816.2753
688525.SH,2024-07-29,52.46,53.54,51.63,52.13,52.46,-0.33,-0.6291,137355.78,720795.669,5.4361,0.83,,10.4615,2239638.6281
688525.SH,2024-07-30,51.78,53.1,50.91,52.83,52.13,0.7,1.3428,139084.75,726816.027,5.5046,0.87,,10.602,2269712.4252
688525.SH,2024-07-31,52.29,56.16,51.85,55.55,52.83,2.72,5.1486,230132.23,1254240.361,9.108,1.54,,11.1479,2386570.608
688525.SH,2024-08-01,56.3,57.93,55.6,56.71,55.55,1.16,2.0882,212227.72,1200138.97,8.3994,1.33,,11.3807,2436407.1859
688525.SH,2024-08-02,55.58,56.72,53.87,53.91,56.71,-2.8,-4.9374,170311.6,938107.708,6.7404,0.97,,10.8188,2316111.9978
688525.SH,2024-08-05,52.77,53.34,48.58,48.6,53.91,-5.31,-9.8497,226447.0,1150601.151,8.9621,1.27,,9.7531,2087980.7659
688525.SH,2024-08-06,51.0,51.51,48.91,49.86,48.6,1.26,2.5926,124282.66,617311.656,4.9187,0.64,,10.006,2142113.6006
688525.SH,2024-08-07,49.5,50.25,48.2,48.66,49.86,-1.2,-2.4067,115569.67,567893.197,4.5739,0.6,,9.7652,2090558.52
688525.SH,2024-08-08,47.88,49.61,47.17,48.36,48.66,-0.3,-0.6165,125831.83,607232.496,4.9801,0.74,,9.705,2077669.7498
688525.SH,2024-08-09,49.61,50.3,48.95,48.97,48.36,0.61,1.2614,128260.15,634936.245,5.0762,0.84,,9.8274,2103876.9158
688525.SH,2024-08-12,48.63,49.35,47.4,48.03,48.97,-0.94,-1.9195,91259.37,439094.397,3.6118,0.63,,9.6387,2063492.1026
688525.SH,2024-08-13,48.09,49.8,48.0,49.72,48.03,1.69,3.5186,118107.74,579434.26,4.6744,1.01,,9.9779,2136098.8412
688525.SH,2024-08-14,50.46,50.55,49.29,49.44,49.72,-0.28,-0.5632,118042.05,589692.308,4.6718,1.02,,9.9217,2124069.3224
688525.SH,2024-08-15,49.4,51.35,49.2,50.74,49.44,1.3,2.6294,147246.35,744199.55,5.8276,1.27,,10.1826,2179920.6597
688525.SH,2024-08-16,51.31,51.68,50.21,50.68,50.74,-0.06,-0.1182,127294.89,648852.995,5.038,1.06,,10.1706,2177342.9057
688525.SH,2024-08-19,49.8,50.35,48.6,48.69,50.68,-1.99,-3.9266,116231.32,574417.427,4.6001,0.97,,9.7712,2091847.397
688525.SH,2024-08-20,48.98,49.15,47.49,47.6,48.69,-1.09,-2.2387,96134.45,462773.495,3.8047,0.77,,9.5525,2045018.1987
688525.SH,2024-08-21,47.5,48.05,45.79,45.9,47.6,-1.7,-3.5714,145524.11,679943.947,5.7594,1.2,,9.2113,1971981.8345
688525.SH,2024-08-22,45.9,46.2,44.8,45.13,45.9,-0.77,-1.6776,97909.01,444281.364,3.875,0.77,,9.0568,1938900.6577
688525.SH,2024-08-23,44.4,45.9,43.63,44.96,45.13,-0.17,-0.3767,142713.86,633801.507,5.6482,1.22,,7.9704,1931597.0213
688525.SH,2024-08-26,45.21,45.25,42.86,43.04,44.96,-1.92,-4.2705,141315.71,618091.378,5.5929,1.18,,7.63,1849108.8923
688525.SH,2024-08-27,42.97,43.9,42.53,42.77,43.04,-0.27,-0.6273,106419.93,459097.204,4.2118,0.85,,7.5822,1837508.9991
688525.SH,2024-08-28,42.77,43.3,42.26,42.7,42.77,-0.07,-0.1637,70981.93,303119.579,2.8093,0.56,,7.5698,1834501.6194
688525.SH,2024-08-29,42.31,43.84,41.88,43.39,42.7,0.69,1.6159,112982.62,486954.601,4.4715,1.01,,7.6921,1864145.7908
688525.SH,2024-08-30,43.4,46.16,43.16,45.2,43.39,1.81,4.1715,188533.82,850392.987,7.4616,1.64,,8.0129,1941908.0374
688525.SH,2024-09-02,44.56,45.33,43.02,43.08,45.2,-2.12,-4.6903,122221.45,538937.365,4.0222,0.99,,7.6371,1850827.395
688525.SH,2024-09-03,43.01,44.9,43.01,43.93,43.08,0.85,1.9731,108676.98,478689.569,3.5765,0.9,,7.7878,1887345.5771
688525.SH,2024-09-04,43.1,44.44,43.04,43.76,43.93,-0.17,-0.387,79846.38,349060.744,2.6277,0.66,,7.7577,1880041.9407
688525.SH,2024-09-05,43.78,44.53,43.22,43.49,43.76,-0.27,-0.617,72892.82,319527.176,2.3988,0.6,,7.7098,1868442.0475
688525.SH,2024-09-06,43.8,43.9,42.48,42.55,43.49,-0.94,-2.1614,82189.46,353754.975,2.7048,0.72,,7.5715,1834927.6552
688525.SH,2024-09-09,42.11,42.96,42.0,42.49,42.55,-0.06,-0.141,57745.52,245319.618,1.9004,0.62,,7.5608,1832340.2132
688525.SH,2024-09-10,42.48,44.07,41.9,43.78,42.49,1.29,3.036,102688.61,441953.904,3.3615,1.28,,7.7269,1887970.2173
688525.SH,2024-09-11,43.43,44.04,43.11,43.5,43.78,-0.28,-0.6396,74304.11,322987.682,2.4324,0.94,,7.6775,1875895.4877
688525.SH,2024-09-12,44.0,44.19,42.21,42.28,43.5,-1.22,-2.8046,100514.96,431723.444,3.2904,1.29,,7.4622,1823284.166
688525.SH,2024-09-13,42.28,42.68,41.11,41.42,42.28,-0.86,-2.0341,89524.66,374120.724,2.9306,1.07,,7.3104,1786197.4966
688525.SH,2024-09-18,41.41,41.64,40.5,41.13,41.42,-0.29,-0.7001,68256.64,279925.281,2.2344,0.8,,7.2592,1773691.5266
688525.SH,2024-09-19,41.41,42.55,40.91,41.75,41.13,0.62,1.5074,87680.57,366273.655,2.8702,1.01,,7.3686,1800428.4279
688525.SH,2024-09-20,42.5,42.5,40.8,40.8,41.75,-0.95,-2.2754,82612.99,341891.191,2.7044,0.98,,7.201,1759460.5954
688525.SH,2024-09-23,40.8,41.49,40.22,40.4,40.8,-0.4,-0.9804,67993.86,277362.843,2.2258,0.79,,7.1304,1742210.9817
688525.SH,2024-09-24,40.8,44.01,40.13,43.76,40.4,3.36,8.3168,179166.09,759189.125,5.8258,2.26,,7.7234,1887107.7366
688525.SH,2024-09-25,44.1,45.96,44.02,44.2,43.76,0.44,1.0055,192984.5,869881.162,6.2751,1.99,,7.801,1906082.3116
688525.SH,2024-09-26,45.24,47.2,44.74,47.2,44.2,3.0,6.7873,254120.93,1166756.442,8.2631,2.08,,8.3305,2035454.4142
688525.SH,2024-09-27,47.91,51.33,46.77,50.5,47.2,3.3,6.9915,206410.03,1000935.306,6.6813,1.33,,8.9129,2177763.7271
688525.SH,2024-09-30,52.87,60.6,52.3,60.6,50.5,10.1,20.0,371576.35,2112659.873,12.0275,2.06,,10.6955,2613316.4725
688525.SH,2024-10-08,72.72,72.72,66.89,72.72,60.6,12.12,20.0,387398.23,2786553.729,12.5397,1.61,,12.8346,3135979.767
688525.SH,2024-10-09,68.0,84.09,67.02,72.41,72.72,-0.31,-0.4263,537937.16,4005974.608,17.4125,1.9,,12.7799,3122611.3164
688525.SH,2024-10-10,71.9,73.33,59.99,66.38,72.41,-6.03,-8.3276,339981.69,2312705.81,11.0049,0.97,,11.7157,2862573.3902
688525.SH,2024-10-11,64.36,66.71,60.0,61.01,66.38,-5.37,-8.0898,273821.79,1712356.428,8.8633,0.74,,10.7679,2630997.3265
688525.SH,2024-10-14,61.94,65.5,59.19,65.47,61.01,4.46,7.3103,291543.81,1834182.884,9.437,0.76,,11.5551,2823330.5191
688525.SH,2024-10-15,65.0,68.57,63.24,63.4,65.47,-2.07,-3.1618,278285.35,1824084.847,9.0078,0.76,,11.1897,2734063.7683
688525.SH,2024-10-16,60.8,63.99,60.8,61.8,63.4,-1.6,-2.5237,181712.28,1130766.998,5.8818,0.53,,10.9073,2665065.3136
688525.SH,2024-10-17,63.23,64.53,61.87,62.0,61.8,0.2,0.3236,203955.04,1288340.527,6.6018,0.75,,10.9426,2673690.1204
688525.SH,2024-10-18,63.0,73.5,61.67,68.5,62.0,6.5,10.4839,419764.64,2800619.736,13.5874,1.71,,12.0898,2953996.3427
688525.SH,2024-10-21,69.3,74.8,67.09,67.66,68.5,-0.84,-1.2263,451201.52,3170917.249,14.6049,1.64,,11.9416,2917772.154
688525.SH,2024-10-22,67.0,69.35,65.8,67.26,67.66,-0.4,-0.5912,272503.39,1838668.731,8.8207,0.89,,11.871,2900522.5403
688525.SH,2024-10-23,67.0,67.89,65.03,65.58,67.26,-1.68,-2.4978,213370.21,1421250.17,6.9066,0.7,,11.5745,2828074.1628
688525.SH,2024-10-24,65.0,68.15,64.45,66.42,65.58,0.84,1.2809,220299.84,1460676.541,7.1309,0.71,,11.7227,2864298.3516
688525.SH,2024-10-25,67.8,68.28,65.06,67.3,66.42,0.88,1.3249,234408.94,1567168.072,7.5876,0.74,,11.878,2902247.5017
688525.SH,2024-10-28,66.27,66.64,64.71,65.27,67.3,-2.03,-3.0163,203028.31,1327406.851,6.5138,0.73,,11.5198,2814705.7122
688525.SH,2024-10-29,65.25,66.5,63.5,63.5,65.27,-1.77,-2.7118,215581.05,1393545.472,6.9166,0.94,,11.2074,2738376.1717
688525.SH,2024-10-30,63.64,64.01,61.21,62.92,63.5,-0.58,-0.9134,181427.4,1136121.322,5.8208,0.83,,11.105,2713364.2319
688525.SH,2024-10-31,61.5,63.68,59.77,62.53,62.92,-0.39,-0.6198,265856.29,1650156.085,8.5296,1.26,,10.9994,2696545.8585
688525.SH,2024-11-01,61.52,63.28,59.18,59.4,62.53,-3.13,-5.0056,207349.22,1262364.336,6.6525,0.94,,10.4488,2561567.6315
688525.SH,2024-11-04,60.0,61.59,59.6,60.91,59.4,1.51,2.5421,129297.77,785571.301,4.1483,0.6,,10.7144,2626684.9231
688525.SH,2024-11-05,60.94,64.99,60.4,64.69,60.91,3.78,6.2059,254372.47,1617384.379,8.1611,1.27,,11.3793,2789693.7724
688525.SH,2024-11-06,65.03,66.15,63.6,63.9,64.69,-0.79,-1.2212,246007.28,1598011.701,7.8927,1.18,,11.2404,2755625.7854
688525.SH,2024-11-07,62.62,66.05,62.6,65.75,63.9,1.85,2.8951,209440.37,1355501.984,6.7196,0.95,,11.5658,2835405.2487
688525.SH,2024-11-08,67.81,69.3,65.79,66.08,65.75,0.33,0.5019,305492.6,2058948.37,9.8012,1.46,,11.6238,2849636.1799
688525.SH,2024-11-11,67.5,71.0,66.7,71.0,66.08,4.92,7.4455,370327.38,2561101.33,11.8814,1.62,,12.4893,3061806.4282
688525.SH,2024-11-12,73.0,73.0,67.2,68.61,71.0,-2.39,-3.3662,292027.71,2031734.771,9.3692,1.05,,12.0689,2958739.9865
688525.SH,2024-11-13,67.8,68.49,66.29,68.02,68.61,-0.59,-0.8599,182352.14,1229183.779,5.8505,0.64,,11.9651,2933296.8063
688525.SH,2024-11-14,67.5,68.26,64.02,64.47,68.02,-3.55,-5.2191,174791.69,1157961.65,5.6079,0.64,,11.3406,2780206.4849
688525.SH,2024-11-15,64.03,65.05,60.88,60.98,64.47,-3.49,-5.4134,166876.95,1051533.047,5.354,0.63,,10.7267,2629703.6055
688525.SH,2024-11-18,61.16,61.53,57.08,57.79,60.98,-3.19,-5.2312,160424.4,944622.332,5.147,0.68,,10.1656,2492137.9364
688525.SH,2024-11-19,57.98,60.78,57.67,60.76,57.79,2.97,5.1393,141523.18,836256.695,4.5405,0.72,,10.688,2620216.318
688525.SH,2024-11-20,60.0,61.3,59.09,60.5,60.76,-0.26,-0.4279,111913.38,675782.713,3.5906,0.68,,10.6423,2609004.0691
688525.SH,2024-11-21,60.74,60.86,58.63,59.5,60.5,-1.0,-1.6529,124696.96,746655.549,4.0007,0.83,,10.4664,2565880.0349
688525.SH,2024-11-22,59.38,60.6,56.24,56.4,59.5,-3.1,-5.2101,140361.89,823041.292,4.5033,0.99,,9.9211,2432195.5289
688525.SH,2024-11-25,57.0,58.7,56.15,57.91,56.4,1.51,2.6773,133256.39,765652.301,4.2753,0.98,,10.1867,2497312.8205
688525.SH,2024-11-26,57.5,58.3,56.6,56.76,57.91,-1.15,-1.9858,90101.17,516074.272,2.883,0.69,,9.9844,2447720.1812
688525.SH,2024-11-27,56.99,59.48,55.3,59.47,56.76,2.71,4.7745,154067.22,887394.777,4.9297,1.28,,10.4611,2564586.3139
688525.SH,2024-11-28,59.49,60.3,58.53,58.92,59.47,-0.55,-0.9248,130678.67,775460.989,4.1813,1.02,,10.3644,2540868.0951
688525.SH,2024-11-29,58.38,60.79,57.1,59.77,58.92,0.85,1.4426,169513.82,1002551.619,5.424,1.31,,10.5139,2577523.5241
688525.SH,2024-12-02,59.5,60.33,59.21,59.73,59.77,-0.04,-0.0669,132528.84,792681.648,4.2405,0.98,,10.5068,2575798.5628
688525.SH,2024-12-03,60.15,60.78,57.97,58.53,59.73,-1.2,-2.009,125492.35,740268.066,4.0154,0.93,,10.2958,2524049.7217
688525.SH,2024-12-04,60.46,61.08,58.61,58.76,58.53,0.23,0.393,169846.91,1020689.062,5.4346,1.19,,10.3362,2533968.2496
688525.SH,2024-12-05,58.06,59.66,58.0,58.8,58.76,0.04,0.0681,92849.81,546621.223,2.9709,0.64,,10.3432,2535693.211
688525.SH,2024-12-06,58.81,60.39,57.66,60.3,58.8,1.5,2.551,148582.18,881559.693,4.7542,1.08,,10.6071,2600379.2623
688525.SH,2024-12-09,60.07,60.07,57.88,58.29,60.3,-2.01,-3.3333,112342.89,661136.33,3.5947,0.84,,10.2535,2513699.9535
688525.SH,2024-12-10,61.01,61.9,58.62,58.83,58.29,0.54,0.9264,145718.04,875272.819,4.6626,1.12,,10.3485,2536986.932
688525.SH,2024-12-11,58.51,60.69,58.33,60.3,58.83,1.47,2.4987,132240.39,791403.318,4.2313,0.99,,10.6071,2600379.2623
688525.SH,2024-12-12,60.39,60.46,59.01,60.21,60.3,-0.09,-0.1493,101600.44,608545.442,3.2509,0.8,,10.5913,2596498.0992
688525.SH,2024-12-13,59.22,65.3,58.91,62.31,60.21,2.1,3.4878,329601.77,2049576.328,10.5463,2.57,,10.9607,2687058.571
688525.SH,2024-12-16,61.93,64.0,60.51,61.5,62.31,-0.81,-1.3,223060.08,1399215.711,7.0778,1.36,,10.8182,2652128.1033
688525.SH,2024-12-17,60.6,61.26,59.1,59.34,61.5,-2.16,-3.5122,128172.65,767560.278,4.067,0.69,,10.4382,2558980.1894
688525.SH,2024-12-18,59.74,63.36,57.72,62.2,59.34,2.86,4.8197,234108.55,1428022.179,7.4284,1.28,,10.9413,2682314.9272
688525.SH,2024-12-19,60.51,64.26,60.01,63.89,62.2,1.69,2.717,254394.76,1604113.796,8.0721,1.25,,11.2386,2755194.545
688525.SH,2024-12-20,63.9,71.6,63.36,67.64,63.89,3.75,5.8695,423771.21,2841709.735,13.4465,1.81,,11.8983,2916909.6733
688525.SH,2024-12-23,67.0,69.3,65.58,65.7,67.64,-1.94,-2.8681,292039.29,1968870.588,9.2666,1.16,,11.557,2833249.0469
688525.SH,2024-12-24,66.36,70.18,63.18,69.72,65.7,4.02,6.1187,355271.25,2375467.057,11.273,1.33,,12.2641,3006607.6644
688525.SH,2024-12-25,70.0,73.03,67.2,68.01,69.72,-1.71,-2.4527,413198.91,2917335.559,13.1111,1.32,,11.9633,2932865.5659
688525.SH,2024-12-26,67.0,70.88,66.5,70.28,68.01,2.27,3.3377,340873.62,2367683.104,10.8161,0.98,,12.3626,3030757.1236
688525.SH,2024-12-27,70.0,71.68,66.0,66.04,70.28,-4.24,-6.033,331403.91,2283431.14,10.5157,0.91,,11.6168,2847911.2186
688525.SH,2024-12-30,65.6,67.5,64.72,64.88,66.04,-1.16,-1.7565,198063.8,1305526.534,6.2421,0.57,,11.4128,2797887.3389
688525.SH,2024-12-31,64.79,65.28,61.7,61.97,64.88,-2.91,-4.4852,204056.33,1294707.75,6.4309,0.62,,10.9009,2672396.3994
688525.SH,2025-01-02,61.9,62.53,58.82,59.52,61.97,-2.45,-3.9535,185578.46,1125995.362,5.8486,0.62,,10.4699,2566742.5156
688525.SH,2025-01-03,60.02,61.1,58.55,59.36,59.52,-0.16,-0.2688,172377.64,1032374.156,5.4326,0.68,,10.4418,2559842.6701
688525.SH,2025-01-06,59.62,60.26,56.67,56.97,59.36,-2.39,-4.0263,140402.03,816704.433,4.4248,0.64,,10.0213,2456776.2284
688525.SH,2025-01-07,57.21,58.85,56.01,58.6,56.97,1.63,2.8612,178366.43,1025771.837,5.6213,0.99,,10.3081,2527068.4041
688525.SH,2025-01-08,57.2,59.4,55.08,58.51,58.6,-0.09,-0.1536,197312.55,1132279.26,6.2184,1.12,,10.2922,2523187.241
688525.SH,2025-01-09,57.44,59.97,57.41,58.99,58.51,0.48,0.8204,177850.0,1053493.995,5.605,1.02,,10.3767,2543886.7775
688525.SH,2025-01-10,58.9,60.28,56.49,56.5,58.99,-2.49,-4.2211,173636.74,1022790.463,5.4722,1.0,,9.9387,2436507.9323
688525.SH,2025-01-13,54.4,56.0,53.9,55.82,56.5,-0.68,-1.2035,126637.74,698229.327,3.991,0.73,,9.819,2407183.589
688525.SH,2025-01-14,56.25,59.28,55.61,59.12,55.82,3.3,5.9119,176177.16,1021221.452,5.5523,1.03,,10.3995,2549492.9019
688525.SH,2025-01-15,58.79,59.98,58.45,58.85,59.12,-0.27,-0.4567,139424.46,825386.315,4.394,0.82,,10.352,2537849.4127
688525.SH,2025-01-16,59.5,60.18,57.27,58.23,58.85,-0.62,-1.0535,145082.2,849707.144,4.5723,0.91,,10.243,2511112.5115
688525.SH,2025-01-17,58.07,59.81,56.93,58.73,58.23,0.5,0.8587,155784.76,912098.314,4.9096,1.02,,10.3309,2532674.5286
688525.SH,2025-01-20,59.14,59.97,58.7,59.2,58.73,0.47,0.8003,111136.81,658670.5,3.5025,0.75,,10.4136,2552942.8246
688525.SH,2025-01-21,59.58,62.53,58.7,61.91,59.2,2.71,4.5777,234725.11,1426803.049,7.3975,1.61,,10.8903,2669808.9573
688525.SH,2025-01-22,61.0,62.99,60.8,62.59,61.91,0.68,1.0984,192921.76,1200866.328,6.08,1.23,,11.0099,2699133.3006
688525.SH,2025-01-23,63.8,64.39,60.86,60.92,62.59,-1.67,-2.6682,194687.92,1221367.143,6.1357,1.16,,10.7162,2627116.1635
688525.SH,2025-01-24,60.93,63.66,60.93,63.08,60.92,2.16,3.5456,189049.99,1180305.373,5.958,1.06,,11.0961,2720264.0773
688525.SH,2025-01-27,63.08,63.5,59.5,59.5,63.08,-3.58,-5.6753,140358.65,860138.31,4.4235,0.76,,10.4664,2565880.0349
688525.SH,2025-02-05,60.79,65.27,59.8,62.99,59.5,3.49,5.8655,210505.93,1312445.295,6.6342,1.11,,11.0803,2716382.9143
688525.SH,2025-02-06,62.0,65.72,62.0,65.43,62.99,2.44,3.8736,240129.03,1555838.867,7.5678,1.29,,11.5095,2821605.5577
688525.SH,2025-02-07,65.43,66.5,63.15,64.47,65.43,-0.96,-1.4672,283964.92,1846374.416,8.9493,1.46,,11.3406,2780206.4849
688525.SH,2025-02-10,64.47,66.08,64.05,64.93,64.47,0.46,0.7135,214312.49,1391922.619,6.7542,1.01,,11.4215,2800043.5406
688525.SH,2025-02-11,64.61,64.69,62.71,62.73,64.93,-2.2,-3.3883,170864.82,1082056.979,5.3849,0.78,,11.0346,2705170.6654
688525.SH,2025-02-12,62.5,64.18,62.04,63.8,62.73,1.07,1.7057,203462.84,1282991.37,6.4122,0.91,,11.2228,2751313.382
688525.SH,2025-02-13,63.35,63.57,61.31,61.61,63.8,-2.19,-3.4326,188507.83,1173131.04,5.9409,0.85,,10.8375,2656871.7471
688525.SH,2025-02-14,61.6,63.77,60.06,63.15,61.61,1.54,2.4996,222455.4,1377487.313,7.0108,1.05,,11.1084,2723282.7597
688525.SH,2025-02-17,63.8,65.2,62.83,64.38,63.15,1.23,1.9477,233871.05,1496965.225,7.3706,1.17,,11.3248,2776325.3218
688525.SH,2025-02-18,64.39,64.89,61.4,61.5,64.38,-2.88,-4.4734,201623.11,1273891.435,6.3542,0.99,,10.8182,2652128.1033
688525.SH,2025-02-19,62.0,65.0,61.99,64.85,61.5,3.35,5.4472,292616.81,1877751.767,9.222,1.39,,11.4075,2796593.6179
688525.SH,2025-02-20,66.4,68.53,65.18,67.08,64.85,2.23,3.4387,384386.9,2563059.15,12.1141,1.69,,11.7997,2892760.2141
688525.SH,2025-02-21,66.8,68.76,66.46,68.28,67.08,1.2,1.7889,352898.39,2394401.269,11.1218,1.32,,12.0108,2944509.0552
688525.SH,2025-02-24,68.53,72.88,68.53,70.6,68.28,2.32,3.3978,405398.16,2874748.899,12.7763,1.38,,12.4189,3044556.8145
688525.SH,2025-02-25,68.68,72.58,68.0,68.83,70.6,-1.77,-2.5071,334979.42,2336415.389,10.557,1.02,,12.1076,2968227.274
688525.SH,2025-02-26,69.65,74.2,66.88,73.47,68.83,4.64,6.7412,453358.3,3205379.711,14.2878,1.28,,12.9238,3168322.7927
688525.SH,2025-02-27,74.5,77.77,71.83,77.36,73.47,3.89,5.2947,496862.86,3705166.302,15.6589,1.29,,13.6081,3336075.2857
688525.SH,2025-02-28,77.26,82.3,73.0,75.06,77.36,-2.3,-2.9731,543700.72,4184588.138,17.135,1.33,,13.2231,3236890.0071
688525.SH,2025-03-03,76.0,76.99,70.3,70.88,75.06,-4.18,-5.5689,412384.89,3024472.835,12.9965,0.92,,12.4868,3056631.5441
688525.SH,2025-03-04,69.23,74.87,69.15,73.17,70.88,2.29,3.2308,342009.35,2465110.897,10.7786,0.76,,12.8902,3155385.5824
688525.SH,2025-03-05,74.0,74.9,71.4,73.47,73.17,0.3,0.41,238560.71,1742596.251,7.5184,0.53,,12.943,3168322.7927
688525.SH,2025-03-06,74.09,75.9,72.52,73.35,73.47,-0.12,-0.1633,303863.4,2250236.711,9.5764,0.75,,12.9219,3163147.9086
688525.SH,2025-03-07,72.03,79.28,70.93,76.99,73.35,3.64,4.9625,465463.38,3510010.667,14.6693,1.26,,13.5631,3320119.3931
688525.SH,2025-03-10,76.98,79.26,75.8,78.14,76.99,1.15,1.4937,291698.19,2262707.057,9.193,0.83,,13.7657,3369712.0324
688525.SH,2025-03-11,76.68,78.58,75.38,77.22,78.14,-0.92,-1.1774,197717.46,1523048.085,6.2312,0.6,,13.6037,3330037.9209
688525.SH,2025-03-12,77.58,79.66,75.11,75.11,77.22,-2.11,-2.7325,240537.3,1876916.105,7.5806,0.8,,13.232,3239046.2088
688525.SH,2025-03-13,74.5,75.7,71.55,72.39,75.11,-2.72,-3.6214,210767.76,1539807.482,6.6424,0.7,,12.7528,3121748.8357
688525.SH,2025-03-14,73.0,77.5,72.51,77.3,72.39,4.91,6.7827,260398.42,1940861.173,8.2066,0.93,,13.6178,3333487.8437
688525.SH,2025-03-17,77.5,80.33,76.5,79.58,77.3,2.28,2.9495,252010.0,1991344.575,7.9422,1.05,,14.0194,3431810.6416
688525.SH,2025-03-18,79.41,85.99,78.97,79.49,79.58,-0.09,-0.1131,358624.39,2944419.617,11.3022,1.54,,14.0036,3427929.4786
688525.SH,2025-03-19,80.29,80.68,77.68,78.3,79.49,-1.19,-1.497,208678.87,1645042.666,6.5766,0.79,,13.7939,3376611.8779
688525.SH,2025-03-20,77.98,78.36,75.62,76.0,78.3,-2.3,-2.9374,158062.64,1211994.608,4.9814,0.61,,13.3887,3277426.5992
688525.SH,2025-03-21,75.2,77.0,72.76,72.8,76.0,-3.2,-4.2105,200381.3,1496468.358,6.3151,0.81,,12.825,3139429.6898
688525.SH,2025-03-24,73.95,73.98,70.35,73.01,72.8,0.21,0.2885,160996.17,1163384.347,5.0739,0.68,,12.862,3148485.7369
688525.SH,2025-03-25,73.0,73.5,68.9,69.5,73.01,-3.51,-4.8076,183146.18,1295691.918,5.7719,0.84,,12.2437,2997120.3769
688525.SH,2025-03-26,69.62,72.84,69.4,70.61,69.5,1.11,1.5971,181376.1,1292171.985,5.7162,1.0,,12.4392,3044988.0549
688525.SH,2025-03-27,71.29,73.37,70.61,71.7,70.61,1.09,1.5437,159766.88,1149199.66,5.0351,0.9,,12.6312,3091993.2521
688525.SH,2025-03-28,71.7,72.49,69.73,69.99,71.7,-1.71,-2.3849,123859.63,875147.189,3.9035,0.7,,12.33,3018251.1537
688525.SH,2025-03-31,69.45,71.89,68.2,71.51,69.99,1.52,2.1717,150634.24,1057153.536,4.7473,0.93,,12.5978,3083799.6856
688525.SH,2025-04-01,71.55,72.13,69.82,69.83,71.51,-1.68,-2.3493,120539.16,855460.94,3.7989,0.75,,12.3018,3011351.3082
688525.SH,2025-04-02,69.83,70.67,69.3,69.69,69.83,-0.14,-0.2005,82900.14,579332.009,2.6126,0.56,,12.2771,3005313.9434
688525.SH,2025-04-03,68.03,70.5,66.93,67.29,69.69,-2.4,-3.4438,120680.89,825282.318,3.8033,0.95,,11.8543,2901816.2613
688525.SH,2025-04-07,62.0,63.96,54.7,57.0,67.29,-10.29,-15.292,259430.63,1532400.744,8.1761,2.17,,10.0416,2458069.9494
688525.SH,2025-04-08,58.5,59.6,56.08,57.48,57.0,0.48,0.8421,191646.77,1110883.518,6.0398,1.31,,10.1261,2478769.4858
688525.SH,2025-04-09,55.76,59.79,52.0,58.96,57.48,1.48,2.5748,207853.11,1194856.901,6.5506,1.34,,10.3868,2542593.0564
688525.SH,2025-04-10,61.9,62.65,60.3,60.3,58.96,1.34,2.2727,185636.96,1139016.518,5.8504,1.08,,10.6229,2600379.2623
688525.SH,2025-04-11,59.9,64.59,59.6,63.31,60.3,3.01,4.9917,238504.32,1493416.748,7.5166,1.24,,11.1532,2730182.6052
688525.SH,2025-04-14,64.67,64.86,63.01,63.32,63.31,0.01,0.0158,140843.79,897796.026,4.4388,0.65,,11.1549,2730613.8455
688525.SH,2025-04-15,63.32,63.58,61.73,62.31,63.32,-1.01,-1.5951,102041.86,636017.723,3.2159,0.53,,6.6553,2874146.1156
688525.SH,2025-04-16,62.28,62.96,60.25,61.45,62.31,-0.86,-1.3802,105659.45,650861.824,3.3299,0.6,,6.5634,2834477.2718
688525.SH,2025-04-17,61.38,62.71,60.22,60.38,61.45,-1.07,-1.7413,119722.73,737388.0,3.7731,0.77,,6.4492,2785121.8498
688525.SH,2025-04-18,60.15,60.81,59.5,60.15,60.38,-0.23,-0.3809,90352.22,543100.311,2.8475,0.64,,6.4246,2774512.7404
688525.SH,2025-04-21,60.5,61.79,59.67,61.79,60.15,1.64,2.7265,108060.23,657765.819,3.4056,0.97,,6.5998,2850160.3031
688525.SH,2025-04-22,61.5,62.2,60.74,61.1,61.79,-0.69,-1.1167,95358.98,585264.848,3.0053,0.91,,6.5261,2818332.9749
688525.SH,2025-04-23,61.7,62.3,61.19,61.9,61.1,0.8,1.3093,107771.09,666778.147,3.3965,1.04,,6.6115,2855234.2249
688525.SH,2025-04-24,62.0,62.37,59.82,60.44,61.9,-1.46,-2.3586,106353.41,645215.3,3.3518,1.02,,6.4556,2787889.4435
688525.SH,2025-04-25,60.6,62.23,60.28,61.42,60.44,0.98,1.6214,115684.74,711850.381,3.6459,1.14,,6.5602,2833093.4749
688525.SH,2025-04-28,60.5,61.25,59.44,59.8,61.42,-1.62,-2.6376,101258.93,608231.35,3.1912,0.95,,6.3872,2758368.4435
688525.SH,2025-04-29,59.11,61.75,59.06,61.52,59.8,1.72,2.8763,122146.63,740471.121,3.8495,1.16,,6.5709,2837706.1312
688525.SH,2025-04-30,58.5,63.13,57.81,62.33,61.52,0.81,1.3166,235283.73,1423791.731,7.4151,2.13,178.3172,6.6574,2875068.6469
688525.SH,2025-05-06,62.67,64.44,62.2,64.2,62.33,1.87,3.0002,142071.81,902668.971,4.4775,1.04,183.667,7.1127,2961325.3189
688525.SH,2025-05-07,65.0,65.61,63.45,63.8,64.2,-0.4,-0.6231,111220.69,715926.563,3.5052,0.78,182.5227,7.0684,2942874.6939
688525.SH,2025-05-08,64.95,65.5,64.07,64.72,63.8,0.92,1.442,101523.6,658807.346,3.1996,0.71,185.1547,7.1703,2985311.1315
688525.SH,2025-05-09,64.48,64.49,61.99,62.0,64.72,-2.72,-4.2027,117404.53,735585.24,3.7001,0.82,177.3731,6.869,2859846.8812
688525.SH,2025-05-12,62.6,63.94,62.53,63.9,62.0,1.9,3.0645,87892.77,557018.868,2.77,0.62,182.8088,7.0795,2947487.3501
688525.SH,2025-05-13,64.99,65.11,63.2,63.25,63.9,-0.65,-1.0172,89018.87,571406.908,2.8055,0.79,180.9492,7.0075,2917505.0845
688525.SH,2025-05-14,63.85,64.4,62.9,63.71,63.25,0.46,0.7273,86699.19,552342.203,2.7324,0.85,182.2652,7.0584,2938723.3032
688525.SH,2025-05-15,63.7,63.7,61.36,61.48,63.71,-2.23,-3.5002,72304.61,450518.12,2.2787,0.75,175.8855,6.8114,2835861.0686
688525.SH,2025-05-16,61.0,61.84,61.0,61.29,61.48,-0.19,-0.309,56959.78,349500.967,1.7951,0.63,175.3419,6.7903,2827097.0218
688525.SH,2025-05-19,61.46,61.78,60.02,61.4,61.29,0.11,0.1795,54747.07,334198.748,1.7254,0.7,175.6566,6.8025,2832170.9436
688525.SH,2025-05-20,61.41,62.37,60.9,61.54,61.4,0.14,0.228,55700.19,343626.213,1.7554,0.77,176.0571,6.818,2838628.6624
688525.SH,2025-05-21,61.27,61.27,60.0,60.09,61.54,-1.45,-2.3562,62536.64,377585.106,1.9709,0.96,171.9089,6.6574,2771745.1466
688525.SH,2025-05-22,60.06,61.38,59.67,59.74,60.09,-0.35,-0.5825,55203.09,333229.569,1.7398,0.91,170.9076,6.6186,2755600.8497
688525.SH,2025-05-23,59.74,60.15,58.12,58.12,59.74,-1.62,-2.7118,66741.43,394849.268,2.1034,1.17,166.273,6.4391,2680875.8183
688525.SH,2025-05-26,57.42,58.0,55.72,57.99,58.12,-0.13,-0.2237,91126.12,519774.547,2.8719,1.54,165.9011,6.4247,2674879.3652
688525.SH,2025-05-27,57.99,58.08,56.49,56.5,57.99,-1.49,-2.5694,56209.09,320306.424,1.7715,0.85,161.6384,6.2596,2606150.7869
688525.SH,2025-05-28,56.75,57.25,56.32,57.04,56.5,0.54,0.9558,44020.19,250077.284,1.3873,0.66,163.1833,6.3194,2631059.1307
688525.SH,2025-05-29,57.09,57.91,56.98,57.05,57.04,0.01,0.0175,75344.31,432955.464,2.3745,1.2,163.2119,6.3206,2631520.3963
688525.SH,2025-05-30,57.03,57.55,56.01,56.08,57.05,-0.97,-1.7003,53977.26,305096.616,1.7011,0.81,160.4369,6.2131,2586777.6306
688525.SH,2025-06-03,56.08,58.45,56.0,57.92,56.08,1.84,3.281,88293.62,508738.479,2.7826,1.38,165.7008,6.4169,2671650.5058
688525.SH,2025-06-04,58.02,59.64,58.02,59.15,57.92,1.23,2.1236,82183.41,485335.849,2.59,1.29,169.2197,6.5532,2728386.1778
688525.SH,2025-06-05,59.34,61.77,58.8,61.67,59.15,2.52,4.2604,113142.08,682604.101,3.5657,1.65,176.4291,6.8324,2844625.1155
688525.SH,2025-06-06,61.56,62.98,60.58,61.96,61.67,0.29,0.4702,90245.24,557571.855,2.8441,1.09,177.2587,6.8645,2858001.8187
688525.SH,2025-06-09,62.07,63.0,61.4,62.2,61.96,0.24,0.3873,81372.07,505712.974,2.5645,0.95,177.9453,6.8911,2869072.1937
688525.SH,2025-06-10,62.01,62.49,59.6,60.0,62.2,-2.2,-3.537,89999.71,543973.413,2.8364,0.99,171.6514,6.6474,2767593.756
688525.SH,2025-06-11,60.2,61.61,60.0,60.26,60.0,0.26,0.4333,62364.61,378037.048,1.9655,0.68,172.3952,6.6762,2779586.6623
688525.SH,2025-06-12,61.0,61.46,59.57,59.58,60.26,-0.68,-1.1284,70772.67,428299.454,2.2304,0.81,170.4499,6.6009,2748220.5997
688525.SH,2025-06-13,58.85,60.18,57.59,58.29,59.58,-1.29,-2.1652,122260.88,716263.324,3.8531,1.55,166.7594,6.4579,2688717.334
688525.SH,2025-06-16,58.0,59.77,57.75,59.09,58.29,0.8,1.3724,71858.75,423249.0,2.2647,0.84,169.048,6.5466,2725618.584
688525.SH,2025-06-17,59.11,63.58,59.11,61.82,59.09,2.73,4.6201,171724.98,1055734.016,5.412,2.06,176.8582,6.849,2851544.0999
688525.SH,2025-06-18,61.76,63.85,61.5,63.85,61.82,2.03,3.2837,164329.17,1036086.636,5.1789,1.65,182.6657,7.0739,2945181.022
688525.SH,2025-06-19,63.85,64.3,62.75,63.3,63.85,-0.55,-0.8614,118807.8,754340.155,3.7443,0.99,181.0923,7.013,2919811.4126
688525.SH,2025-06-20,63.33,63.8,62.02,62.49,63.3,-0.81,-1.2796,80009.97,501340.988,2.5216,0.62,178.775,6.9233,2882448.8969
688525.SH,2025-06-23,61.79,64.65,61.63,64.34,62.49,1.85,2.9605,141687.47,907658.203,4.4653,1.17,184.0675,7.1282,2967783.0377
688525.SH,2025-06-24,64.9,65.35,63.8,65.3,64.34,0.96,1.4921,109257.66,707340.394,3.4433,0.81,186.814,7.2346,3012064.5378
688525.SH,2025-06-25,65.98,66.99,64.69,66.66,65.3,1.36,2.0827,144098.83,953215.808,4.5413,1.17,190.7047,7.3852,3074796.6629
688525.SH,2025-06-26,66.5,67.29,65.51,65.8,66.66,-0.86,-1.2901,110331.92,729547.744,3.4772,0.93,188.2444,7.29,3035127.8191
688525.SH,2025-06-27,67.0,68.7,65.9,67.5,65.8,1.7,2.5836,155134.15,1043407.688,4.8891,1.33,193.1079,7.4783,3113542.9755
688525.SH,2025-06-30,67.68,67.99,66.43,67.4,67.5,-0.1,-0.1481,117988.81,790390.979,3.7185,0.89,192.8218,7.4672,3108930.3192
688525.SH,2025-07-01,67.2,69.68,66.53,67.8,67.4,0.4,0.5935,149860.8,1025555.067,4.7229,1.18,193.9661,7.5115,3127380.9443
688525.SH,2025-07-02,67.08,67.5,65.88,66.14,67.8,-1.66,-2.4484,79993.58,530602.978,2.521,0.59,189.2171,7.3276,3050810.8504
688525.SH,2025-07-03,65.95,67.08,65.25,66.3,66.14,0.16,0.2419,88552.66,583951.29,2.7908,0.72,189.6748,7.3454,3058191.1004
688525.SH,2025-07-04,66.11,66.59,64.7,64.97,66.3,-1.33,-2.006,90657.8,592156.893,2.8571,0.77,185.8699,7.198,2996842.7721
688525.SH,2025-07-07,64.95,65.3,64.02,64.52,64.97,-0.45,-0.6926,45245.26,291836.196,1.4259,0.43,184.5825,7.1482,2976085.819
688525.SH,2025-07-08,65.16,65.85,64.55,65.54,64.52,1.02,1.5809,70914.49,464582.355,2.2349,0.78,187.5006,7.2612,3023134.9128
688525.SH,2025-07-09,65.55,65.8,64.85,65.0,65.54,-0.54,-0.8239,49305.18,321783.099,1.5539,0.66,185.9557,7.2013,2998226.569
688525.SH,2025-07-10,64.44,66.2,64.42,65.71,65.0,0.71,1.0923,59656.42,391405.439,1.8801,0.87,187.9869,7.28,3030976.4284
688525.SH,2025-07-11,65.33,67.1,65.0,66.77,65.71,1.06,1.6131,81800.22,542926.361,2.578,1.3,191.0194,7.3974,3079870.5848
688525.SH,2025-07-14,66.87,67.22,66.08,66.36,66.77,-0.41,-0.614,41302.65,275061.233,1.3017,0.67,189.8465,7.352,3060958.6941
688525.SH,2025-07-15,66.43,66.73,64.03,64.87,66.36,-1.49,-2.2453,77679.35,506278.675,2.4481,1.28,185.5838,7.1869,2992230.1159
688525.SH,2025-07-16,64.8,65.86,64.2,64.31,64.87,-0.56,-0.8633,61235.59,397920.813,1.9299,0.99,183.9817,7.1249,2966399.2408
688525.SH,2025-07-17,64.1,64.85,63.3,64.77,64.31,0.46,0.7153,93274.0,598395.237,2.9396,1.45,185.2977,7.1759,2987617.4596
688525.SH,2025-07-18,64.75,65.23,62.6,63.09,64.77,-1.68,-2.5938,112563.37,714607.001,3.5475,1.58,180.4915,6.9897,2910124.8344
688525.SH,2025-07-21,63.2,64.3,62.88,63.92,63.09,0.83,1.3156,66050.09,421225.199,2.0816,0.86,182.866,7.0817,2948409.8814
688525.SH,2025-07-22,63.61,64.3,63.1,63.22,63.92,-0.7,-1.0951,59316.08,377115.423,1.8694,0.72,180.8634,7.0041,2916121.2876
688525.SH,2025-07-23,63.06,64.27,63.06,63.25,63.22,0.03,0.0475,59926.54,381913.367,1.8886,0.76,180.9492,7.0075,2917505.0845
688525.SH,2025-07-24,63.5,64.8,63.3,64.5,63.25,1.25,1.9763,77339.34,497179.883,2.4374,0.99,184.5253,7.1459,2975163.2877
688525.SH,2025-07-25,64.51,65.24,63.58,64.78,64.5,0.28,0.4341,86198.16,553555.119,2.7166,1.15,185.3263,7.177,2988078.7252
688525.SH,2025-07-28,64.8,65.13,64.21,64.45,64.78,-0.33,-0.5094,63140.03,408214.263,1.9899,0.91,184.3822,7.1404,2972856.9596
688525.SH,2025-07-29,64.63,66.27,64.23,65.73,64.45,1.28,1.986,121512.97,794628.348,3.8295,1.76,188.0441,7.2822,3031898.9597
688525.SH,2025-07-30,65.98,66.98,64.21,65.22,65.73,-0.51,-0.7759,112990.4,743918.1,3.5609,1.38,186.5851,7.2257,3008374.4128
688525.SH,2025-07-31,64.75,66.56,63.1,63.57,65.22,-1.65,-2.5299,112526.13,731160.528,3.5463,1.22,181.8647,7.0429,2932265.5845
688525.SH,2025-08-01,63.3,64.4,62.6,63.5,63.57,-0.07,-0.1101,71778.14,455337.705,2.2621,0.72,181.6644,7.0351,2929036.7251
688525.SH,2025-08-04,63.0,63.96,62.87,63.65,63.5,0.15,0.2362,52835.0,335003.94,1.6651,0.55,182.0936,7.0518,2935955.7095
688525.SH,2025-08-05,63.5,63.82,62.69,62.97,63.65,-0.68,-1.0683,64554.73,407293.355,2.0345,0.68,180.1482,6.9764,2904589.6469
688525.SH,2025-08-06,62.81,64.28,62.8,64.26,62.97,1.29,2.0486,74044.49,471448.224,2.3335,0.89,183.8387,7.1193,2964092.9127
688525.SH,2025-08-07,64.28,66.37,63.81,65.12,64.26,0.86,1.3383,120740.99,787164.755,3.8052,1.61,186.299,7.2146,3003761.7565
688525.SH,2025-08-08,64.78,64.88,62.86,62.93,65.12,-2.19,-3.363,89632.36,569338.291,2.8248,1.17,180.0337,6.972,2902744.5844
688525.SH,2025-08-11,63.25,66.66,63.0,65.88,62.93,2.95,4.6877,173286.2,1134226.822,5.4612,2.16,188.4733,7.229,3038817.9441
688525.SH,2025-08-12,66.9,67.18,65.12,66.12,65.88,0.24,0.3643,131191.18,869119.277,4.1346,1.26,189.1599,7.2553,3049888.3191
688525.SH,2025-08-13,66.38,67.16,65.56,66.66,66.12,0.54,0.8167,123533.45,819171.127,3.8932,1.05,190.7047,7.3146,3074796.6629
688525.SH,2025-08-14,65.8,67.0,64.0,64.07,66.66,-2.59,-3.8854,179506.98,1172602.463,5.6572,1.41,183.2951,7.0304,2955328.8658
688525.SH,2025-08-15,64.0,67.46,63.8,66.21,64.07,2.14,3.3401,154976.35,1020299.105,4.8842,1.11,189.4173,7.2652,3054039.7097
688525.SH,2025-08-18,66.88,68.38,65.98,67.58,66.21,1.37,2.0692,173637.58,1169146.369,5.4723,1.14,193.3367,7.4155,3117233.1005
688525.SH,2025-08-19,67.58,68.13,66.7,67.21,67.58,-0.37,-0.5475,105678.77,712343.198,3.3305,0.69,192.2782,7.3749,3100166.2723
688525.SH,2025-08-20,66.7,67.93,65.2,67.91,67.21,0.7,1.0415,152652.46,1017609.032,4.8109,1.04,194.2808,7.4517,3132454.8662
688525.SH,2025-08-21,68.03,70.45,66.9,67.33,67.91,-0.58,-0.8541,237240.67,1629244.926,7.4768,1.55,192.6215,7.3881,3105701.4599
688525.SH,2025-08-22,67.22,71.21,66.77,70.7,67.33,3.37,5.0052,257112.04,1788978.534,8.103,1.56,204.6492,7.8494,3299627.6881
688525.SH,2025-08-25,71.88,73.68,68.86,70.14,70.7,-0.56,-0.7921,278552.69,1958950.429,8.7787,1.5,203.0282,7.7872,3273492.0232
688525.SH,2025-08-26,70.13,72.25,69.64,69.92,70.14,-0.22,-0.3137,198975.83,1410887.885,6.1651,0.96,202.3914,7.5622,3263224.4406
688525.SH,2025-08-27,69.74,74.56,69.74,70.68,69.92,0.76,1.087,309783.08,2233083.204,9.5983,1.38,204.5913,7.6444,3298694.2715
688525.SH,2025-08-28,71.0,72.72,69.41,72.65,70.68,1.97,2.7872,257214.47,1839354.123,7.9695,1.0,210.2937,7.8575,3390635.8068
688525.SH,2025-08-29,72.4,72.4,69.81,70.48,72.65,-2.17,-2.9869,199716.82,1408084.528,6.188,0.77,204.0124,7.6228,3289360.1054
688525.SH,2025-09-01,72.58,75.78,71.28,73.22,70.48,2.74,3.8876,262233.92,1922810.533,8.1251,1.05,211.9436,7.9192,3417238.1799
688525.SH,2025-09-02,72.05,72.78,68.41,68.86,73.22,-4.36,-5.9547,215685.5,1515771.198,6.6828,0.88,199.3231,7.4476,3213753.3607
688525.SH,2025-09-03,69.37,70.33,66.85,67.53,68.86,-1.33,-1.9315,122296.06,840150.082,3.7892,0.49,195.4733,7.3037,3151681.1567
688525.SH,2025-09-04,67.81,68.06,62.28,63.48,67.53,-4.05,-5.9973,166424.29,1083839.839,5.1565,0.79,183.7501,6.8657,2962664.2947
688525.SH,2025-09-05,63.8,73.66,63.18,71.66,63.48,8.18,12.8859,304532.61,2110950.1,9.4356,1.58,207.428,7.7504,3344431.685
688525.SH,2025-09-08,71.9,72.18,69.67,71.9,71.66,0.24,0.3349,196925.6,1395707.814,6.1015,0.92,208.1227,7.7764,3355632.6842
688525.SH,2025-09-09,71.01,71.29,68.03,68.41,71.9,-3.49,-4.854,146278.44,1018765.573,4.5323,0.73,198.0205,7.3989,3192751.4871
688525.SH,2025-09-10,68.05,70.27,68.05,68.42,68.41,0.01,0.0146,108441.34,747989.025,3.3599,0.58,198.0495,7.4,3193218.1954
688525.SH,2025-09-11,68.41,75.69,67.92,74.96,68.42,6.54,9.5586,300259.78,2185135.605,9.3033,1.63,216.9802,8.1073,3498445.4243
688525.SH,2025-09-12,74.5,85.38,74.33,80.35,74.96,5.39,7.1905,497705.8,3990986.42,15.4209,2.36,232.5822,8.6903,3750001.1985
688525.SH,2025-09-15,83.0,83.98,78.0,79.45,80.35,-0.9,-1.1201,316025.25,2514719.808,9.7917,1.26,229.977,8.593,3707997.4514
688525.SH,2025-09-16,79.5,82.45,78.6,80.0,79.45,0.55,0.6923,241594.34,1940062.248,7.4856,0.88,231.5691,8.6524,3733666.408
688525.SH,2025-09-17,79.7,80.88,78.0,79.5,80.0,-0.5,-0.625,202034.48,1603849.993,6.2598,0.69,230.1218,8.5984,3710330.993
688525.SH,2025-09-18,79.51,81.68,76.1,77.84,79.5,-1.66,-2.0881,347984.4,2768483.252,10.782,1.12,225.3167,8.4188,3632857.415
688525.SH,2025-09-19,78.2,83.58,78.2,79.97,77.84,2.13,2.7364,364951.45,2963431.523,11.3077,1.14,231.4822,8.6492,3732266.2831
688525.SH,2025-09-22,80.96,87.19,80.96,84.48,79.97,4.51,5.6396,372128.29,3147843.968,11.53,1.26,244.537,9.137,3942751.7268
688525.SH,2025-09-23,84.48,89.96,82.58,87.5,84.48,3.02,3.5748,421034.56,3651301.437,13.0453,1.38,253.2787,9.4636,4083697.6338
688525.SH,2025-09-24,87.08,95.18,85.8,93.2,87.5,5.7,6.5143,453016.57,4089785.615,14.0363,1.33,269.778,10.0801,4349721.3653
688525.SH,2025-09-25,89.6,92.13,88.01,90.5,93.2,-2.7,-2.897,286595.12,2581776.091,8.8799,0.73,261.9625,9.7881,4223710.1241
688525.SH,2025-09-26,92.0,96.8,89.98,90.12,90.5,-0.38,-0.4199,361893.72,3382638.008,11.2129,0.95,260.8626,9.747,4205975.2086
688525.SH,2025-09-29,95.0,96.88,92.06,95.39,90.12,5.27,5.8478,370019.45,3503024.785,11.4647,0.98,276.1172,10.317,4451930.4832
688525.SH,2025-09-30,99.66,109.5,98.32,104.3,95.39,8.91,9.3406,376609.15,3925476.458,11.6689,0.99,301.9082,11.2806,4867767.5794
688525.SH,2025-10-09,110.4,113.58,105.03,106.74,104.3,2.44,2.3394,373470.12,4096847.017,11.5716,1.01,308.9711,11.5445,4981644.4049
688525.SH,2025-10-10,100.0,103.71,94.01,96.5,106.74,-10.24,-9.5934,374047.23,3649075.608,11.5895,1.06,279.3302,10.437,4503735.1047
688525.SH,2025-10-13,93.0,103.0,92.5,102.83,96.5,6.33,6.5596,420536.38,4182671.567,11.9209,1.13,297.6531,11.1216,4799161.4592
688525.SH,2025-10-14,107.2,116.88,103.0,104.46,102.83,1.63,1.5851,461973.3,5097371.76,13.0955,1.21,302.3713,11.2979,4875234.9122
688525.SH,2025-10-15,104.72,107.46,99.8,104.4,104.46,-0.06,-0.0574,285980.98,2945281.152,8.1067,0.71,302.1977,11.2914,4872434.6624
688525.SH,2025-10-16,107.08,119.29,107.08,113.55,104.4,9.15,8.7644,403717.27,4577189.889,11.4441,1.05,328.6834,12.2811,5299472.7579
688525.SH,2025-10-17,111.98,113.5,104.0,104.4,113.55,-9.15,-8.0581,308335.23,3325781.538,8.7403,0.79,302.1977,11.2914,4872434.6624
688525.SH,2025-10-20,109.01,110.8,101.96,104.05,104.4,-0.35,-0.3352,231022.25,2441202.141,6.5488,0.61,301.1845,11.2536,4856099.8719
688525.SH,2025-10-21,105.53,115.38,104.18,109.23,104.05,5.18,4.9784,309412.29,3401130.089,8.7709,0.91,316.1786,11.8138,5097854.7718
688525.SH,2025-10-22,105.0,108.97,102.3,106.08,109.23,-3.15,-2.8838,237943.86,2505687.261,6.745,0.77,307.0606,11.4731,4950841.657
688525.SH,2025-10-23,106.1,107.59,101.05,107.59,106.08,1.51,1.4235,211147.17,2206945.187,5.9854,0.71,311.4315,11.6365,5021314.6105
688525.SH,2025-10-24,112.3,120.58,109.51,119.1,107.59,11.51,10.698,344306.88,3973117.739,9.76,1.33,344.7485,12.8813,5558495.8649
688525.SH,2025-10-27,124.61,130.5,118.95,127.81,119.1,8.71,7.3132,368924.37,4582895.101,10.4579,1.38,369.9606,13.8234,5964998.7951
688525.SH,2025-10-28,121.01,127.55,120.2,124.46,127.81,-3.35,-2.6211,245268.96,3012575.416,6.9526,0.83,360.2636,13.461,5808651.5142
688525.SH,2025-10-29,128.45,140.0,127.98,130.3,124.46,5.84,4.6923,288662.93,3844119.942,8.1827,1.03,377.1681,14.0927,6081209.162
688525.SH,2025-10-30,136.0,142.98,130.35,135.69,130.3,5.39,4.1366,332269.87,4497932.938,9.4188,1.14,392.7701,14.6756,6332764.9363
688525.SH,2025-10-31,135.74,136.5,122.77,131.0,135.69,-4.69,-3.4564,310192.29,3997541.431,8.793,0.98,379.1944,13.0763,6113878.7431
688525.SH,2025-11-03,126.0,137.0,123.88,134.3,131.0,3.3,2.5191,281679.29,3700322.457,7.9847,0.91,388.7466,13.4057,6267892.4824
688525.SH,2025-11-04,134.65,135.0,121.7,121.92,134.3,-12.38,-9.2182,275837.21,3497591.331,7.8191,0.95,352.9113,12.17,5690107.6058
688525.SH,2025-11-05,115.0,125.26,115.0,124.9,121.92,2.98,2.4442,212777.85,2558319.888,6.0316,0.71,361.5372,12.4674,5829186.6795
688525.SH,2025-11-06,129.0,130.68,125.01,128.0,124.9,3.1,2.482,225175.62,2888703.974,6.383,0.8,370.5105,12.7769,5973866.2528
688525.SH,2025-11-07,126.0,132.27,125.02,126.15,128.0,-1.85,-1.4453,224441.11,2897097.977,6.3622,0.86,365.1555,12.5922,5887525.2171
688525.SH,2025-11-10,130.99,133.27,118.89,127.68,126.15,1.53,1.2128,279307.39,3501652.556,7.9175,1.14,369.5843,12.7449,5958931.5872
688525.SH,2025-11-11,130.04,134.8,125.52,127.5,127.68,-0.18,-0.141,313114.49,4111880.599,8.8758,1.29,369.0632,12.7269,5950530.8378
688525.SH,2025-11-12,122.0,131.0,117.68,126.07,127.5,-1.43,-1.1216,295757.81,3692432.758,8.3838,1.18,364.9239,12.5842,5883791.5507
688525.SH,2025-11-13,126.98,151.0,126.98,142.73,126.07,16.66,13.2149,458900.77,6556961.646,13.0084,1.72,413.1482,14.2472,6661327.5802
688525.SH,2025-11-14,131.55,132.0,123.01,127.08,142.73,-15.65,-10.9648,456072.72,5802848.589,12.9282,1.45,367.8475,12.685,5930929.0891
688525.SH,2025-11-17,127.51,142.99,127.51,132.72,127.08,5.64,4.4381,388801.92,5269347.536,11.0213,1.08,384.1731,13.248,6194152.5709
688525.SH,2025-11-18,133.0,133.97,120.8,121.4,132.72,-11.32,-8.5292,365394.62,4601994.734,10.3578,0.96,351.4061,12.118,5665838.7741
688525.SH,2025-11-19,118.98,122.08,115.0,117.69,121.4,-3.71,-3.056,280758.84,3325362.395,7.9586,0.71,340.6671,11.7477,5492689.9945
688525.SH,2025-11-20,123.0,123.0,112.0,112.68,117.69,-5.01,-4.2569,274730.71,3138761.78,7.7878,0.7,326.1651,11.2476,5258869.1357
688525.SH,2025-11-21,104.6,105.99,100.01,103.66,112.68,-9.02,-8.005,340376.24,3529539.9,9.6486,0.96,300.0556,10.3473,4837898.2482
688525.SH,2025-11-24,105.0,105.4,101.33,104.1,103.66,0.44,0.4245,193575.07,2003279.608,5.4873,0.59,301.3293,10.3912,4858433.4134
688525.SH,2025-11-25,109.0,109.43,104.28,104.99,104.1,0.89,0.8549,249448.77,2658886.222,7.0711,0.86,303.9055,10.48,4899970.4522
688525.SH,2025-11-26,103.66,107.27,102.34,104.89,104.99,-0.1,-0.0952,201991.62,2117734.782,5.7258,0.75,303.616,10.47,4895303.3692
688525.SH,2025-11-27,104.6,107.88,102.2,102.78,104.89,-2.11,-2.0116,216265.87,2268016.563,6.1305,0.86,297.5084,10.2594,4796827.9177
688525.SH,2025-11-28,102.1,109.43,101.5,109.05,102.78,6.27,6.1004,305602.77,3254761.409,8.6629,1.27,315.6576,10.8853,5089454.0224
688525.SH,2025-12-01,110.0,115.17,106.96,112.2,109.05,3.15,2.8886,366457.28,4054451.166,10.3879,1.57,324.7756,11.1997,5236467.1372
688525.SH,2025-12-02,115.0,118.38,111.8,113.47,112.2,1.27,1.1319,345143.33,3971289.054,9.7837,1.29,328.4518,11.3265,5295739.0914
688525.SH,2025-12-03,110.0,113.4,107.38,112.21,113.47,-1.26,-1.1104,261258.98,2864127.485,7.4059,0.91,324.8046,11.2007,5236933.8455
688525.SH,2025-12-04,108.8,112.3,107.58,109.23,112.21,-2.98,-2.6557,200020.42,2188480.087,5.67,0.67,316.1786,10.9032,5097854.7718
688525.SH,2025-12-05,110.49,111.46,107.5,108.01,109.23,-1.22,-1.1169,184586.42,2015915.773,5.2325,0.62,312.6472,10.7815,5040916.3591
688525.SH,2025-12-08,109.6,119.92,109.33,117.57,108.01,9.56,8.851,328233.85,3787367.405,9.3044,1.21,340.3197,11.7357,5487089.4949
688525.SH,2025-12-09,116.03,118.63,114.05,115.28,117.57,-2.29,-1.9478,203776.19,2365159.477,5.7764,0.77,333.6911,11.5072,5380213.2939
688525.SH,2025-12-10,114.5,115.98,110.06,113.24,115.28,-2.04,-1.7696,159792.07,1797476.724,4.5296,0.68,327.786,11.3035,5285004.8005
688525.SH,2025-12-11,116.0,117.95,111.8,115.42,113.24,2.18,1.9251,228226.24,2626112.548,6.4695,1.06,334.0963,11.5211,5386747.2101
688525.SH,2025-12-12,114.5,118.94,112.01,116.67,115.42,1.25,1.083,217225.88,2517481.566,6.1577,0.98,337.7146,11.6459,5445085.7478
688525.SH,2025-12-15,112.0,112.74,108.67,109.55,116.67,-7.12,-6.1027,176905.69,1956156.578,5.0147,0.78,317.1049,10.9352,5112789.4375
688525.SH,2025-12-16,109.0,111.6,105.45,106.74,109.55,-2.81,-2.565,127662.09,1374155.244,3.6188,0.65,308.9711,10.6547,4981644.4049
688525.SH,2025-12-17,106.74,111.85,105.88,111.07,106.74,4.33,4.0566,131950.06,1443072.693,3.7404,0.73,321.5047,11.0869,5183729.0992
688525.SH,2025-12-18,112.06,115.47,110.89,112.67,111.07,1.6,1.4405,161678.25,1830069.666,4.5831,0.92,326.1361,11.2466,5258402.4274
688525.SH,2025-12-19,115.0,115.0,107.56,109.4,112.67,-3.27,-2.9023,189453.59,2095749.515,5.3704,1.16,316.6707,10.9202,5105788.8129
688525.SH,2025-12-22,110.6,113.5,106.86,107.71,109.4,-1.69,-1.5448,182563.1,1998760.612,5.1751,1.16,311.7788,10.7515,5026915.1101
688525.SH,2025-12-23,107.48,108.8,104.57,107.73,107.71,0.02,0.0186,176893.11,1885326.381,5.0144,1.11,311.8367,10.7535,5027848.5267
688525.SH,2025-12-24,109.0,112.88,108.11,111.94,107.73,4.21,3.9079,210031.66,2323590.771,5.9775,1.25,323.0517,11.5095,5208671.2967
688525.SH,2025-12-25,111.13,116.0,109.45,110.54,111.94,-1.4,-1.2507,205584.04,2307156.531,5.8509,1.12,319.0114,11.3655,5143528.0073
688525.SH,2025-12-26,108.99,115.58,108.98,113.1,110.54,2.56,2.3159,206899.85,2350623.354,5.8883,1.07,326.3994,11.6287,5262647.1651
688525.SH,2025-12-29,112.0,120.88,111.66,113.38,113.1,0.28,0.2476,214524.14,2489736.296,6.1053,1.09,327.2074,11.6575,5275675.823
688525.SH,2025-12-30,113.33,123.77,113.33,117.89,113.38,4.51,3.9778,273340.82,3253381.757,5.8744,1.35,340.223,12.1212,5485530.2767
688525.SH,2025-12-31,118.88,119.78,113.58,114.79,117.89,-3.1,-2.6296,170703.52,1970712.486,3.6686,0.77,331.2766,11.8025,5341284.4216
688525.SH,2026-01-05,119.0,125.97,119.0,124.1,114.79,9.31,8.1105,267578.62,3311752.792,5.7506,1.25,358.1447,12.7597,5774487.2961
688525.SH,2026-01-06,124.0,129.0,121.33,125.9,124.1,1.8,1.4504,246212.61,3066539.669,5.2914,1.09,363.3394,12.9448,5858242.9539
688525.SH,2026-01-07,136.48,138.0,126.48,128.98,125.9,3.08,2.4464,291329.24,3839693.107,6.261,1.24,372.228,13.2615,6001558.1906
688525.SH,2026-01-08,127.66,129.5,125.5,126.5,128.98,-2.48,-1.9228,171784.46,2183273.197,3.6918,0.69,365.0709,13.0065,5886161.5065
688525.SH,2026-01-09,124.06,127.46,120.61,126.16,126.5,-0.34,-0.2688,171546.79,2134365.658,3.6867,0.75,365.5158,13.0223,5893333.6534
688525.SH,2026-01-12,128.68,131.46,123.41,129.76,126.16,3.6,2.8535,246595.83,3135318.219,5.2996,1.07,375.9458,13.3939,6061501.069
688525.SH,2026-01-13,125.77,138.5,123.46,135.38,129.76,5.62,4.3311,318692.4,4149255.223,6.8223,1.41,392.2283,13.8176,6324029.09
688525.SH,2026-01-14,148.0,155.0,140.22,145.9,135.38,10.52,7.7707,454546.89,6748398.125,9.7306,1.89,422.7073,14.8913,6815451.6489
688525.SH,2026-01-15,148.0,163.0,147.0,157.01,145.9,11.11,7.6148,427322.51,6616780.22,9.1478,1.57,454.8956,16.0253,7334434.9787
688525.SH,2026-01-16,163.0,188.41,157.02,184.0,157.01,26.99,17.19,569131.83,9920542.078,12.1835,1.76,533.0921,18.78,8595223.464
688525.SH,2026-01-19,180.0,180.88,173.83,175.28,184.0,-8.72,-4.7391,388730.62,6860876.163,8.3216,0.96,507.8282,17.89,8187884.6129
688525.SH,2026-01-20,177.0,193.38,177.0,190.38,175.28,15.1,8.6148,452418.17,8441015.784,9.685,1.05,551.5765,19.4312,8893253.495
688525.SH,2026-01-21,193.39,199.38,185.69,190.36,190.38,-0.02,-0.0105,392438.83,7522223.748,8.401,0.86,551.5185,19.4292,8892319.2316
688525.SH,2026-01-22,199.0,199.0,182.88,187.8,190.36,-2.56,-1.3448,366874.21,6932606.153,7.8538,0.82,544.1016,19.1679,8772733.5138
688525.SH,2026-01-23,187.8,194.6,181.01,186.46,187.8,-1.34,-0.7135,335839.2,6242954.749,7.1894,0.77,540.2193,19.0311,8710137.8647
688525.SH,2026-01-26,188.8,194.3,179.48,180.6,186.46,-5.86,-3.1428,311099.11,5729866.841,6.6598,0.8,523.2415,18.433,8436398.6826
688525.SH,2026-01-27,179.8,187.53,174.66,186.3,180.6,5.7,3.1561,357188.14,6497868.902,7.6464,0.96,539.7557,19.0148,8702663.7573
688525.SH,2026-01-28,188.5,193.75,184.58,191.35,186.3,5.05,2.7107,329493.28,6230303.468,7.0535,0.93,554.3868,19.5302,8938565.2709
688525.SH,2026-01-29,194.0,206.08,186.19,187.7,191.35,-3.65,-1.9075,416157.86,8110845.805,8.9088,1.22,543.8119,19.1577,8768062.1967
688525.SH,2026-01-30,190.74,194.68,182.48,187.28,187.7,-0.42,-0.2238,355193.23,6704962.362,7.6037,1.01,542.595,19.1148,8748442.6649
688525.SH,2026-02-02,179.62,180.9,167.9,167.9,187.28,-19.38,-10.3481,385847.12,6679487.816,8.2599,1.09,486.4465,17.1368,7843141.4109
688525.SH,2026-02-03,174.5,176.74,169.65,174.12,167.9,6.22,3.7046,256290.67,4441171.304,5.4865,0.69,504.4674,17.7716,8133697.3345
688525.SH,2026-02-04,170.0,171.0,162.0,168.5,174.12,-5.62,-3.2277,239164.74,3988259.498,5.1199,0.69,488.1849,17.198,7871169.3135
688525.SH,2026-02-05,161.8,164.58,160.38,162.8,168.5,-5.7,-3.3828,171035.35,2776816.745,3.6614,0.52,471.6706,16.6162,7604904.2388
688525.SH,2026-02-06,159.51,164.47,158.31,160.1,162.8,-2.7,-1.6585,158823.55,2560905.439,3.4,0.56,463.8481,16.3407,7478778.6771
688525.SH,2026-02-09,164.0,165.46,159.5,164.19,160.1,4.09,2.5547,179001.2,2916527.283,3.8319,0.74,475.6978,16.7581,7669835.5465
688525.SH,2026-02-10,163.2,164.97,160.58,161.01,164.19,-3.18,-1.9368,146786.38,2380578.249,3.1423,0.73,466.4846,16.4335,7521287.6627
688525.SH,2026-02-11,159.0,161.87,158.4,159.0,161.01,-2.01,-1.2484,125091.27,2002545.38,2.6779,0.7,460.6611,16.2284,7427394.189
688525.SH,2026-02-12,163.28,171.0,161.51,170.97,159.0,11.97,7.5283,307952.04,5109140.164,6.5924,1.97,495.3411,17.4501,7986550.8459
688525.SH,2026-02-13,168.98,170.0,164.6,165.91,170.97,-5.06,-2.9596,260877.38,4362540.552,5.5847,1.42,480.681,16.9337,7750182.2006
688525.SH,2026-02-24,169.18,177.99,167.21,174.0,165.91,8.09,4.8761,278719.49,4819673.357,5.9666,1.37,504.1197,17.7594,8128091.754
688525.SH,2026-02-25,169.01,170.0,164.56,168.46,174.0,-5.54,-3.1839,214044.12,3586292.726,4.5821,0.96,488.069,17.1939,7869300.7867
688525.SH,2026-02-26,168.7,169.9,164.2,167.02,168.46,-1.44,-0.8548,237049.52,3945820.955,5.0746,1.0,483.897,17.047,7802033.8204
688525.SH,2026-02-27,164.26,166.5,162.26,165.8,167.02,-1.22,-0.7305,184392.24,3035014.888,3.9473,0.71,480.3623,16.9224,7745043.7518
688525.SH,2026-03-02,160.1,165.57,160.0,160.5,165.8,-5.3,-3.1966,192905.63,3120051.12,4.1296,0.82,465.007,16.3815,7497463.9455
688525.SH,2026-03-03,161.0,161.9,146.03,146.66,160.5,-13.84,-8.6231,308926.26,4691374.071,6.6133,1.4,424.9092,14.9689,6850953.6589
688525.SH,2026-03-04,175.99,175.99,168.89,175.99,146.66,29.33,19.9986,373304.64,6534871.543,7.9914,1.64,509.8852,17.9625,8221050.9643
688525.SH,2026-03-05,194.99,205.99,191.5,191.5,175.99,15.51,8.813,910313.26,17955471.22,19.4873,3.51,554.8214,19.5455,8945572.2465
688525.SH,2026-03-06,190.6,209.62,190.6,209.33,191.5,17.83,9.3107,551016.45,11235778.709,11.7957,1.4,606.4792,21.3653,9778468.0854
688525.SH,2026-03-09,204.0,217.72,203.18,216.65,209.33,7.32,3.4969,492667.37,10406160.879,10.5466,1.05,627.687,22.1125,10120408.4972
688525.SH,2026-03-10,220.0,220.32,209.49,213.75,216.65,-2.9,-1.3386,396853.68,8470628.686,8.4955,0.75,619.285,21.8165,9984940.3013
688525.SH,2026-03-11,213.7,219.89,212.08,214.04,213.75,0.29,0.1357,343306.87,7375201.707,7.3493,0.63,620.1252,21.8461,9998487.1208
688525.SH,2026-03-12,214.32,216.49,200.3,202.85,214.04,-11.19,-5.228,372316.05,7660225.441,7.9703,0.69,587.7051,20.704,9475766.7374
688525.SH,2026-03-13,201.0,218.63,201.0,209.7,202.85,6.85,3.3769,380110.36,7971218.8,8.1371,0.88,607.5512,21.4031,9795751.9587
688525.SH,2026-03-16,212.0,238.42,211.4,237.7,209.7,28.0,13.3524,527679.77,11893754.457,11.2962,1.33,688.6739,24.2609,11103720.7467
688525.SH,2026-03-17,232.95,243.33,232.2,235.78,237.7,-1.92,-0.8077,376298.99,8935294.072,8.0555,0.93,683.1112,24.065,11014031.4584
688525.SH,2026-03-18,244.51,259.99,241.0,258.09,235.78,22.31,9.4622,473683.8,11977811.67,10.1403,1.18,747.7486,26.342,12056202.3034
688525.SH,2026-03-19,250.3,253.8,241.0,243.18,258.09,-14.91,-5.7771,441365.72,10892313.81,9.4484,1.04,704.5507,24.8203,11359708.9238
688525.SH,2026-03-20,247.86,248.0,233.1,238.88,243.18,-4.3,-1.7682,388316.49,9351554.534,8.3128,0.88,130.8134,20.5117,11158842.2885
688525.SH,2026-03-23,228.0,237.8,223.91,225.0,238.88,-13.88,-5.8104,358165.16,8248825.899,7.6673,0.81,123.2125,19.3198,10510463.475
688525.SH,2026-03-24,228.5,231.78,212.97,231.5,225.0,6.5,2.8889,445987.19,9887515.852,9.5474,1.09,126.772,19.878,10814099.0865
688525.SH,2026-03-25,235.0,261.6,233.0,253.35,231.5,21.85,9.4384,528221.81,13191967.554,11.3078,1.25,138.7373,21.7541,11834781.8729
688525.SH,2026-03-26,240.69,246.66,236.88,238.98,253.35,-14.37,-5.672,403458.07,9713156.16,8.6369,0.93,130.8681,20.5202,11163513.6056
688525.SH,2026-03-27,222.97,243.33,220.0,238.4,238.98,-0.58,-0.2427,337652.9,7823154.067,7.2282,0.79,130.5505,20.4704,11136419.9664
688525.SH,2026-03-30,231.21,240.58,228.88,231.99,238.4,-6.41,-2.6888,309459.01,7213174.567,6.6247,0.75,127.0403,19.92,10836988.5403
688525.SH,2026-03-31,220.02,220.08,209.2,211.99,231.99,-20.0,-8.6211,423656.31,9076342.897,9.0693,1.05,116.0881,18.2027,9902725.1203
688525.SH,2026-04-01,228.0,232.88,210.67,215.6,211.99,3.61,1.7029,441437.47,9718138.115,9.45,1.1,119.0014,18.6595,10151239.4676
688525.SH,2026-04-02,220.0,222.91,210.75,210.82,215.6,-4.78,-2.2171,296363.06,6420464.046,6.3443,0.77,116.3631,18.2458,9926179.5202
688525.SH,2026-04-03,213.6,217.55,210.2,210.29,210.82,-0.53,-0.2514,214879.27,4567933.114,4.6,0.59,116.0705,18.2,9901225.1746
688525.SH,2026-04-07,216.0,224.3,214.66,217.42,210.29,7.13,3.3906,300587.2,6582920.565,6.4347,0.89,120.006,18.817,10236931.7488
688525.SH,2026-04-08,229.0,231.0,220.05,229.68,217.42,12.26,5.6389,372540.52,8413271.181,7.9123,1.11,126.7729,19.4024,10814177.5553
688525.SH,2026-04-09,224.0,231.18,220.42,227.52,229.68,-2.16,-0.9404,324378.07,7316943.55,6.8894,1.0,125.5807,19.22,10712476.8259
688525.SH,2026-04-10,233.98,248.0,233.12,241.51,227.52,13.99,6.1489,425415.63,10211614.382,9.0353,1.41,133.3026,20.4018,11371177.3832
688525.SH,2026-04-13,240.0,257.95,239.0,255.85,241.51,14.34,5.9376,397178.92,10032646.696,8.4356,1.21,141.2176,21.6132,12046357.2254
688525.SH,2026-04-14,265.99,294.22,262.01,288.1,255.85,32.25,12.605,522018.19,14629805.008,11.087,1.43,159.0181,24.3375,13564805.6151
688525.SH,2026-04-15,290.19,292.18,278.16,285.41,288.1,-2.69,-0.9337,398333.85,11325442.86,8.4601,0.98,157.5334,24.1103,13438150.5401
688525.SH,2026-04-16,273.0,291.8,271.99,286.8,285.41,1.39,0.487,444008.02,12593561.089,9.4302,1.07,158.3006,15.864,13503596.8428
688525.SH,2026-04-17,273.08,278.0,268.74,270.67,286.8,-16.13,-5.6241,497455.53,13553730.687,10.5654,1.14,149.3975,14.9718,12744137.2296
688525.SH,2026-04-20,271.1,275.85,266.66,268.7,270.67,-1.97,-0.7278,320547.4,8688746.027,6.808,0.71,148.3102,14.8628,12651382.3977
688525.SH,2026-04-21,269.0,277.77,263.31,275.96,268.7,7.26,2.7019,337035.22,9170089.303,7.1582,0.77,152.3174,15.2644,12993209.8492
688525.SH,2026-04-22,274.65,281.0,272.88,281.0,275.96,5.04,1.8264,287180.29,7942037.894,6.0994,0.72,155.0992,15.5432,13230511.551
688525.SH,2026-04-23,293.88,294.99,263.03,264.3,281.0,-16.7,-5.9431,439544.88,12099222.997,9.3354,1.17,145.8816,14.6195,12444214.2453
688525.SH,2026-04-24,262.0,268.5,259.9,266.5,264.3,2.2,0.8324,299656.04,7908649.799,6.3643,0.8,147.0959,14.7411,12547798.3215
688525.SH,2026-04-27,268.34,269.5,262.18,264.65,266.5,-1.85,-0.6942,275249.17,7296787.923,5.846,0.82,146.0748,14.6388,12460693.5302
688525.SH,2026-04-28,267.8,274.64,260.65,260.8,264.65,-3.85,-1.4548,281828.33,7542862.847,5.9857,0.86,143.9498,14.4259,12279421.3968
688525.SH,2026-04-29,257.23,270.0,256.02,269.0,260.8,8.2,3.1442,302153.06,7954461.978,6.4174,0.95,148.4758,14.8794,12665507.499
688525.SH,2026-04-30,270.0,270.01,263.5,265.08,269.0,-3.92,-1.4572,256518.13,6817717.082,5.4481,0.8,146.3121,14.6626,12480939.5087
688525.SH,2026-05-06,286.7,318.05,281.2,311.12,265.08,46.04,17.3683,596327.78,18143365.389,12.6653,2.11,171.7241,17.2093,14648671.7215
688525.SH,2026-05-07,305.0,311.03,295.25,299.85,311.12,-11.27,-3.6224,490475.67,14819792.189,10.4171,1.43,165.5036,16.5859,14118038.7494
688525.SH,2026-05-08,290.0,294.37,287.08,290.45,299.85,-9.4,-3.1349,297696.36,8646849.785,6.3227,0.77,160.3152,16.0659,13675452.242
688525.SH,2026-05-11,311.1,323.5,301.21,315.69,290.45,25.24,8.69,529691.11,16578821.887,11.25,1.36,174.2465,17.462,14863844.098
688525.SH,2026-05-12,313.0,317.68,305.0,308.97,315.69,-6.72,-2.1287,358783.97,11114217.206,7.6201,0.83,170.5374,17.0903,14547441.8289
688525.SH,2026-05-13,298.0,329.9,295.63,328.49,308.97,19.52,6.3178,478291.48,15001175.906,10.1583,1.05,181.3116,18.1701,15466515.0868
688525.SH,2026-05-14,328.49,343.18,323.35,323.35,328.49,-5.14,-1.5647,449529.72,14901944.692,9.5475,1.04,178.4745,17.8857,15224505.0179
688525.SH,2026-05-15,323.2,328.4,301.1,306.3,323.35,-17.05,-5.2729,444967.0,13841311.767,9.4506,1.05,169.0637,16.9426,14421728.4273
688525.SH,2026-05-18,308.0,345.0,308.0,331.1,306.3,24.8,8.0966,504701.14,16785716.138,10.7192,1.12,182.7522,18.3144,15589403.4681
688525.SH,2026-05-19,322.01,324.0,301.01,313.43,331.1,-17.67,-5.3368,444398.74,13831996.089,9.4385,0.99,172.9991,17.337,14757435.0015
688525.SH,2026-05-20,312.8,319.43,309.01,316.6,313.43,3.17,1.0114,309659.85,9731207.103,6.5768,0.67,174.7488,17.5124,14906690.2386
688525.SH,2026-05-21,324.8,327.99,298.55,301.0,316.6,-15.6,-4.9274,366970.67,11565177.472,7.794,0.85,166.1383,16.6495,14172184.971
688525.SH,2026-05-22,309.0,314.8,301.91,312.25,301.0,11.25,3.7375,301297.15,9306318.294,6.3992,0.73,172.3478,17.2718,14701876.2698
688525.SH,2026-05-25,312.0,322.79,303.36,320.77,312.25,8.52,2.7286,364071.98,11444187.035,7.7324,0.94,177.0505,17.743,15103029.1467
688525.SH,2026-05-26,319.0,319.0,303.12,307.73,320.77,-13.04,-4.0652,301147.0,9253701.048,6.396,0.84,169.853,17.0217,14489058.0768
688525.SH,2026-05-27,323.0,342.48,315.17,316.99,307.73,9.26,3.0091,531874.08,17404948.132,11.2964,1.62,174.9641,17.5339,14925052.8703
688525.SH,2026-05-28,311.3,330.99,306.0,323.62,316.99,6.63,2.0915,368198.83,11752624.705,7.8201,0.99,178.6235,17.9007,15237217.609
688525.SH,2026-05-29,326.0,339.88,313.0,327.37,323.62,3.75,1.1588,415900.0,13654934.636,8.8332,1.11,180.6934,18.1081,15413781.3753
688525.SH,2026-06-01,331.0,333.99,305.0,305.0,327.37,-22.37,-6.8332,338964.11,10779485.26,7.1992,0.86,168.3461,16.8707,14360519.655
688525.SH,2026-06-02,305.0,311.82,287.41,303.4,305.0,-1.6,-0.5246,347698.91,10477905.299,7.3847,0.89,167.463,16.7822,14285185.7814
688525.SH,2026-06-03,300.0,327.8,299.95,314.0,303.4,10.6,3.4937,412823.14,13034538.421,8.7679,1.03,173.5824,17.3955,14807192.9984
688525.SH,2026-06-04,312.01,350.0,309.0,341.31,314.0,27.31,8.6975,581371.46,19509288.287,12.3476,1.54,188.6797,18.9084,16095041.5359
688525.SH,2026-06-05,327.0,333.0,309.11,311.0,341.31,-30.31,-8.8805,481863.55,15507983.993,10.2342,1.15,171.924,17.2293,14665723.0016
688525.SH,2026-06-08,285.0,295.58,285.0,288.5,311.0,-22.5,-7.2347,329937.11,9591655.912,6.9966,0.76,159.4858,15.9336,13604698.0256
688525.SH,2026-06-09,298.17,306.33,294.78,305.15,288.5,16.65,5.7712,264639.51,7944715.343,5.6119,0.61,168.6901,16.8532,14389856.5078
688525.SH,2026-06-10,311.0,331.9,308.0,317.0,305.15,11.85,3.8833,392679.99,12557127.766,8.3271,0.95,175.2409,17.5076,14948662.9952
688525.SH,2026-06-11,314.66,326.98,308.01,324.27,317.0,7.27,2.2934,302961.01,9576622.755,6.4246,0.74,179.2598,17.9091,15291491.9541
688525.SH,2026-06-12,348.88,358.86,327.9,327.9,324.27,3.63,1.1194,539176.77,18606389.503,11.4337,1.52,181.2665,18.1655,15462672.093
688525.SH,2026-06-15,337.0,340.3,322.29,339.96,327.9,12.06,3.678,417648.2,13889628.001,8.8566,1.14,187.9334,18.8337,16031381.5332
688525.SH,2026-06-16,340.0,346.98,334.71,340.48,339.75,0.73,0.2149,339895.17,11566602.652,7.2078,0.89,188.2209,18.8625,16055903.0016
688525.SH,2026-06-17,332.2,370.0,328.75,370.0,340.48,29.52,8.6701,504715.82,17682273.514,10.703,1.27,204.5398,20.4979,17447967.9
688525.SH,2026-06-18,363.0,392.2,363.0,386.2,370.0,16.2,4.3784,463143.81,17529884.495,9.8214,1.1,213.4954,21.3953,18211905.954
688525.SH,2026-06-22,394.62,406.31,386.2,406.31,386.2,20.11,5.2071,429590.86,17090297.175,9.1099,0.95,224.6124,22.5094,19160226.5877
688525.SH,2026-06-23,400.0,419.97,386.0,389.47,406.31,-16.84,-4.1446,389677.98,15547213.69,8.2635,0.9,215.303,21.5765,18366108.2649
688525.SH,2026-06-24,382.0,418.8,378.86,417.0,389.47,27.53,7.0686,374879.18,14956865.28,7.9497,0.88,230.5219,23.1016,19664331.39
688525.SH,2026-06-25,441.0,488.0,438.0,480.3,417.0,63.3,15.1799,484567.99,22470721.326,10.2757,1.12,265.5148,26.6084,22649348.601
688525.SH,2026-06-26,465.38,517.0,465.2,501.05,480.3,20.75,4.3202,464710.99,22447926.645,9.8546,1.08,276.9856,27.758,23627849.5035
688525.SH,2026-06-29,491.54,512.0,472.1,507.0,501.05,5.95,1.1875,398939.07,19807754.775,8.4599,0.93,280.2748,28.0876,23908431.69
688525.SH,2026-06-30,492.0,507.06,480.0,494.73,507.0,-12.27,-2.4201,292291.21,14420504.991,6.1983,0.69,273.4919,27.4079,23329819.3491
688525.SH,2026-07-01,499.1,515.65,458.0,463.07,494.73,-31.66,-6.3995,409235.71,19993305.956,8.6782,1.02,255.9899,25.6539,21836839.1769
688525.SH,2026-07-02,430.0,447.5,417.0,418.8,463.07,-44.27,-9.5601,342356.78,14778684.572,7.26,0.84,231.517,23.2014,19749213.396
688525.SH,2026-07-03,417.0,446.88,401.0,427.91,418.8,9.11,2.1753,372250.05,15899459.863,7.8939,0.98,236.5531,23.7061,20178810.6597
688525.SH,2026-07-06,450.0,466.98,428.08,454.7,427.91,26.79,6.2607,439393.63,19635048.356,9.3177,1.21,251.3629,25.1902,21442137.849
688525.SH,2026-07-07,432.22,439.88,416.01,425.0,454.7,-29.7,-6.5318,279428.99,11982625.727,5.9255,0.75,234.9444,23.5448,20041584.75
688525.SH,2026-07-08,425.0,429.5,391.03,396.22,425.0,-28.78,-6.7718,307688.08,12530235.226,6.5248,0.83,219.0345,21.9504,18684415.7874
688525.SH,2026-07-09,409.76,422.15,383.93,418.88,396.22,22.66,5.719,386009.44,15606550.249,8.1857,1.11,231.5612,23.2058,19752985.9296
688525.SH,2026-07-10,430.0,430.0,388.06,388.5,418.88,-30.38,-7.2527,339272.8,14027464.06,7.1946,0.95,214.7668,21.5228,18320366.295
688525.SH,2026-07-13,371.99,380.0,337.97,339.49,388.5,-49.01,-12.6152,388208.5,13803328.406,8.2323,1.11,187.6736,18.8076,16009217.8983
688525.SH,2026-07-14,343.76,360.36,326.66,358.37,339.49,18.88,5.5613,331590.63,11442818.342,7.0317,0.97,198.1106,19.8536,16899535.8279
688525.SH,2026-07-15,351.0,351.6,303.0,304.4,358.37,-53.97,-15.0599,523410.02,16799676.182,11.0994,1.49,168.2755,16.8636,14354490.348
688525.SH,2026-07-16,300.0,316.66,293.29,300.25,304.4,-4.15,-1.3633,395633.52,12076401.501,8.3898,1.0,165.9813,16.6337,14158790.1675
688525.SH,2026-07-17,287.0,292.76,252.1,252.86,300.25,-47.39,-15.7835,502168.47,13572807.633,10.6489,1.27,139.7836,14.0083,11924035.5762
688525.SH,2026-07-20,266.0,268.03,227.03,244.0,252.86,-8.86,-3.5039,447086.88,11003971.009,9.4809,1.04,134.8857,13.5175,11506227.48
688525.SH,2026-07-21,245.0,271.39,219.09,270.97,244.0,26.97,11.0533,562832.61,13983683.916,11.9354,1.28,149.795,15.0116,12778042.8699
688525.SH,2026-07-22,265.0,274.73,248.09,248.28,270.97,-22.69,-8.3736,471398.29,12369396.499,9.9964,0.97,137.2518,13.7546,11708058.0276
688525.SH,2026-07-23,255.0,262.5,248.0,250.41,248.28,2.13,0.8579,307775.76,7820873.827,6.5267,0.65,138.4292,13.8726,11808501.7347
688525.SH,2026-07-24,244.72,247.06,235.5,236.38,250.41,-14.03,-5.6028,294880.87,7099420.132,6.2532,0.64,130.6733,13.0954,11146893.6546
688525.SH,2026-07-27,231.01,241.74,220.5,241.13,236.38,4.75,2.0095,287960.91,6714745.726,6.1065,0.69,133.2992,13.3585,11370887.8371
688525.SH,2026-07-28,226.0,233.46,208.57,209.82,241.13,-31.31,-12.9847,379405.1,8333021.512,8.0456,0.99,115.9907,11.6239,9894412.4994
688525.SH,2026-07-29,209.92,213.66,196.0,211.88,209.82,2.06,0.9818,411017.16,8451824.859,8.716,1.18,117.1295,11.7381,9991555.2396
688525.SH,2026-07-30,206.0,228.01,203.7,219.84,211.88,7.96,3.7568,523425.33,11356704.911,11.0997,1.56,121.5298,12.1791,10366922.3328
688525.SH,2026-07-31,248.99,250.0,225.5,225.99,219.84,6.15,2.7975,552350.64,13249362.609,11.7131,1.46,124.9296,12.5198,10656935.8533
688525.SH,2026-08-03,218.01,219.79,205.78,206.8,225.99,-19.19,-8.4915,332001.29,7001736.841,7.0404,0.77,114.3212,11.4566,9751999.356
688525.SH,2026-08-04,209.38,219.54,206.33,217.53,206.8,10.73,5.1886,318887.06,6826315.619,6.7623,0.73,120.2528,12.0511,10257990.4251
688525.SH,2026-08-05,219.97,236.6,217.54,233.07,217.53,15.54,7.1438,420434.27,9624123.333,8.9157,0.98,128.8435,12.912,10990805.0769
688525.SH,2026-08-06,222.0,237.7,219.48,232.94,233.07,-0.13,-0.0558,374180.82,8538324.473,7.9348,0.87,128.7716,12.9048,10984674.7098
688525.SH,2026-08-07,229.6,249.88,229.6,244.88,232.94,11.94,5.1258,443457.79,10693233.874,9.4039,1.11,135.3722,13.5663,11547725.3496
688525.SH,2026-08-10,247.68,247.68,233.9,242.0,244.88,-2.88,-1.1761,315469.01,7542125.164,6.6898,0.84,133.7801,13.4067,11411914.14
688525.SH,2026-08-11,238.9,251.0,238.06,242.06,242.0,0.06,0.0248,317317.12,7794862.653,6.729,0.85,133.8133,13.41,11414743.5402
688525.SH,2026-08-12,245.67,248.83,238.58,244.88,242.06,2.82,1.165,267886.82,6536967.589,5.6808,0.72,135.3722,13.5663,11547725.3496
688525.SH,2026-08-13,251.0,253.88,235.0,235.01,244.88,-9.87,-4.0305,334465.65,8224965.825,7.0926,0.97,129.916,13.0195,11082289.0167
688525.SH,2026-08-14,241.0,243.5,237.18,242.0,235.01,6.99,2.9743,250209.76,6028277.753,5.3059,0.75,133.7801,13.4067,11411914.14
688525.SH,2026-08-17,245.0,257.77,244.13,256.78,242.0,14.78,6.1074,357120.77,9016648.777,7.5731,1.2,141.9506,14.2255,12108889.7226
688525.SH,2026-08-18,259.0,262.3,251.43,253.18,256.78,-3.6,-1.402,296062.86,7588443.168,6.2783,0.97,139.9605,14.0261,11939125.7106
688525.SH,2026-08-19,240.55,243.51,228.0,231.7,253.18,-21.48,-8.4841,307066.23,7261552.805,6.5116,1.02,128.0862,12.8361,10926200.439
688525.SH,2026-08-20,235.5,237.6,231.5,234.67,231.7,2.97,1.2818,169649.1,3981295.598,3.5976,0.55,129.728,13.0006,11066255.7489
688525.SH,2026-08-21,235.0,240.8,232.27,238.96,234.67,4.29,1.8281,176569.21,4182984.197,3.7443,0.64,132.0996,13.2383,11268557.8632
688525.SH,2026-08-24,237.01,237.11,220.19,225.59,238.96,-13.37,-5.5951,222032.31,5019594.474,4.7084,0.85,124.7085,12.4976,10638073.1853
688525.SH,2026-08-25,220.0,230.26,219.09,227.82,225.59,2.23,0.9885,150875.75,3399192.218,3.1995,0.64,125.9413,8.4591,10743232.5594
688525.SH,2026-08-26,228.88,229.2,221.71,223.35,227.82,-4.47,-1.9621,142200.25,3197073.752,3.0155,0.69,123.4702,8.2931,10532442.2445
688525.SH,2026-08-27,226.33,238.64,224.89,238.44,223.35,15.09,6.7562,252524.47,5893504.538,5.355,1.47,131.8121,8.8534,11244036.3948
688525.SH,2026-08-28,235.0,238.43,230.63,230.93,238.44,-7.51,-3.1496,190755.39,4474855.964,4.0451,1.01,127.6605,8.5745,10889889.8031
688525.SH,2026-08-31,225.19,235.55,225.01,235.55,230.93,4.62,2.0006,148754.17,3422584.866,3.1545,0.78,130.2145,8.7461,11107753.6185
688525.SH,2026-09-01,235.01,235.3,227.26,227.7,235.55,-7.85,-3.3326,124026.72,2844399.132,2.6301,0.7,125.8749,8.4546,10737573.759
688525.SH,2026-09-02,223.12,225.9,221.33,222.28,227.7,-5.42,-2.3803,115829.15,2583724.917,2.4563,0.67,122.8787,8.2534,10481984.6076
