ts_code,trade_date,open,high,low,close,pre_close,change,pct_chg,vol,amount,turnover_rate,volume_ratio,pe,pb,total_mv
688041.SH,2023-01-03,40.8,42.45,40.23,42.02,40.12,1.9,4.7358,101560.35,421831.598,5.088,2.78,298.581,5.8007,9766868.6584
688041.SH,2023-01-04,42.15,42.88,41.0,41.05,42.02,-0.97,-2.3084,71271.59,297475.706,3.5706,1.5,291.6885,5.6668,9541407.8636
688041.SH,2023-01-05,41.01,41.66,40.4,41.47,41.05,0.42,1.0231,70971.0,291855.194,3.5556,1.33,294.6729,5.7248,9639030.0634
688041.SH,2023-01-06,41.29,43.43,41.01,42.37,41.47,0.9,2.1702,102367.4,435087.445,5.1285,1.66,301.068,5.849,9848220.4916
688041.SH,2023-01-09,42.38,42.96,41.24,41.99,42.37,-0.38,-0.8969,56452.96,237664.185,2.8282,0.75,298.3679,5.7966,9759895.6441
688041.SH,2023-01-10,42.33,43.28,42.03,42.21,41.99,0.22,0.5239,47600.41,202012.941,2.3847,0.59,299.9311,5.8269,9811031.0821
688041.SH,2023-01-11,42.16,43.04,41.43,41.49,42.21,-0.72,-1.7058,54111.56,228692.134,2.7109,0.78,294.815,5.7275,9643678.7396
688041.SH,2023-01-12,41.53,41.59,40.63,40.71,41.49,-0.78,-1.88,51126.71,209172.778,2.5614,0.77,289.2726,5.6199,9462380.3685
688041.SH,2023-01-13,40.86,41.17,40.2,40.62,40.71,-0.09,-0.2211,42291.6,171605.164,2.1188,0.68,288.6331,5.6074,9441461.3256
688041.SH,2023-01-16,40.4,41.88,40.3,41.61,40.62,0.99,2.4372,67983.06,281434.53,3.4059,1.35,295.6677,5.7441,9671570.7967
688041.SH,2023-01-17,42.48,42.8,40.3,41.8,41.61,0.19,0.4566,92729.45,387756.03,4.6456,1.76,297.0178,5.7703,9715733.2204
688041.SH,2023-01-18,41.9,42.5,41.13,41.99,41.8,0.19,0.4545,74886.89,312223.391,3.7517,1.21,298.3679,5.7966,9759895.6441
688041.SH,2023-01-19,41.75,45.44,41.74,44.9,41.99,2.91,6.9302,150610.08,664804.4,7.5454,2.29,319.0454,6.1983,10436278.0286
688041.SH,2023-01-20,44.64,45.4,44.41,44.98,44.9,0.08,0.1782,71046.06,318697.189,3.5593,0.83,319.6139,6.2093,10454872.7333
688041.SH,2023-01-30,45.3,45.6,43.98,44.2,44.98,-0.78,-1.7341,79538.49,354714.53,3.9848,0.87,314.0714,6.1017,10273574.3622
688041.SH,2023-01-31,44.1,44.47,42.63,43.01,44.2,-1.19,-2.6923,87318.89,377221.707,4.3746,0.93,305.6157,5.9374,9996978.1294
688041.SH,2023-02-01,43.11,43.88,42.86,43.8,43.01,0.79,1.8368,65211.0,283660.203,3.267,0.7,311.2291,6.0464,10180600.8386
688041.SH,2023-02-02,44.22,46.8,44.11,45.78,43.8,1.98,4.5205,152718.59,696230.606,7.651,1.68,325.2984,6.3198,10640819.7806
688041.SH,2023-02-03,45.47,47.7,44.75,47.68,45.78,1.9,4.1503,138270.56,637991.679,6.9272,1.52,338.7992,6.5821,11082444.0179
688041.SH,2023-02-06,47.77,50.02,46.38,49.1,47.68,1.42,2.9782,223827.02,1083392.537,11.2135,2.14,348.8893,6.7781,11412500.0268
688041.SH,2023-02-07,48.4,51.51,48.19,49.66,49.1,0.56,1.1405,166434.05,827818.557,8.3381,1.25,352.8685,6.8554,11542662.9599
688041.SH,2023-02-08,49.99,50.78,47.1,47.23,49.66,-2.43,-4.8933,126116.75,611252.729,6.3183,0.84,335.6017,6.5199,10977848.8038
688041.SH,2023-02-09,46.99,55.3,46.46,53.51,47.23,6.28,13.2966,256523.46,1315383.5,12.8515,1.59,380.2254,7.3869,12437533.1249
688041.SH,2023-02-10,53.0,53.5,50.44,50.59,53.51,-2.92,-5.4569,191748.37,994449.209,9.6064,1.05,359.4768,6.9838,11758826.4024
688041.SH,2023-02-13,51.0,54.72,50.3,52.52,50.59,1.93,3.815,228277.18,1199039.592,10.7785,1.18,373.1908,7.2502,12207423.6539
688041.SH,2023-02-14,53.83,55.36,52.49,53.17,52.52,0.65,1.2376,199955.12,1074217.965,9.4412,1.03,377.8094,7.3399,12358505.6298
688041.SH,2023-02-15,53.16,57.01,51.37,56.21,53.17,3.04,5.7175,252291.76,1370536.043,11.9124,1.26,399.4107,7.7596,13065104.4095
688041.SH,2023-02-16,55.03,56.68,50.91,51.5,56.21,-4.71,-8.3793,252659.68,1353213.407,11.9297,1.12,365.9429,7.1094,11970341.1687
688041.SH,2023-02-17,51.2,51.96,48.0,48.43,51.5,-3.07,-5.9612,186984.43,925281.356,8.8288,0.83,344.1285,6.6856,11256769.3747
688041.SH,2023-02-20,48.51,52.48,48.03,51.9,48.43,3.47,7.165,195125.88,982466.662,9.2132,0.87,368.7852,7.1646,12063314.6923
688041.SH,2023-02-21,51.18,52.19,49.01,49.99,51.9,-1.91,-3.6802,153475.19,773253.646,7.2466,0.71,355.2134,6.9009,11619366.1169
688041.SH,2023-02-22,49.5,50.97,49.01,50.17,49.99,0.18,0.3601,100581.81,502752.894,4.7491,0.48,356.4924,6.9258,11661204.2025
688041.SH,2023-02-23,50.32,51.43,49.6,50.18,50.17,0.01,0.0199,103374.73,521682.392,4.881,0.58,356.5634,6.9272,11663528.5406
688041.SH,2023-02-24,51.0,55.18,51.0,52.03,50.18,1.85,3.6867,263216.97,1393592.159,12.4282,1.78,369.709,7.0924,12093531.0875
688041.SH,2023-02-27,52.03,52.69,49.6,50.48,52.03,-1.55,-2.9791,174936.09,891091.817,8.2599,1.07,358.6951,6.8811,11733258.6834
688041.SH,2023-02-28,51.6,53.35,50.3,51.88,50.48,1.4,2.7734,169998.69,880179.863,8.0268,1.07,368.6431,7.0719,12058666.0161
688041.SH,2023-03-01,51.4,54.4,51.4,53.5,51.88,1.62,3.1226,192427.37,1020834.096,9.0858,1.18,380.1543,7.2927,12435208.7869
688041.SH,2023-03-02,52.98,54.35,52.51,53.03,53.5,-0.47,-0.8785,147567.57,787166.649,6.9676,0.82,376.8147,7.2287,12325964.8966
688041.SH,2023-03-03,54.09,56.66,50.88,55.31,53.03,2.28,4.2995,354904.48,1920405.993,16.7574,1.87,393.0156,7.5395,12855913.9813
688041.SH,2023-03-06,54.9,56.99,54.22,55.39,55.31,0.08,0.1446,258293.21,1436859.898,12.1957,1.24,393.5841,7.5504,12874508.686
688041.SH,2023-03-07,54.75,55.28,52.18,52.26,55.39,-3.13,-5.6508,175923.05,937887.725,8.3065,0.78,371.3433,7.1237,12146990.8636
688041.SH,2023-03-08,52.31,53.79,52.25,53.16,52.26,0.9,1.7222,116410.59,616719.759,5.4965,0.52,377.7384,7.2464,12356181.2918
688041.SH,2023-03-09,52.88,53.94,51.73,52.89,53.16,-0.27,-0.5079,127566.81,676259.881,6.0233,0.61,375.8199,7.2096,12293424.1633
688041.SH,2023-03-10,52.5,53.82,52.35,52.35,52.89,-0.54,-1.021,123750.61,657116.017,5.8431,0.6,371.9828,7.136,12167909.9064
688041.SH,2023-03-13,51.99,53.8,51.8,53.55,52.35,1.2,2.2923,115402.51,612110.006,5.4489,0.72,380.5096,7.2996,12446830.4773
688041.SH,2023-03-14,52.97,56.0,52.83,55.0,53.55,1.45,2.7077,189359.35,1034213.16,8.9409,1.44,390.8129,7.4972,12783859.5005
688041.SH,2023-03-15,55.41,55.78,53.5,53.63,55.0,-1.37,-2.4909,122142.8,666505.061,5.7672,0.91,381.0781,7.3105,12465425.182
688041.SH,2023-03-16,52.87,54.17,52.5,53.03,53.63,-0.6,-1.1188,88668.95,472129.964,4.1866,0.65,376.8147,7.2287,12325964.8966
688041.SH,2023-03-17,53.9,59.58,53.72,57.5,53.03,4.47,8.4292,288102.86,1631353.525,13.6032,2.25,408.5771,7.838,13364944.0233
688041.SH,2023-03-20,57.78,62.4,56.92,60.42,57.5,2.92,5.0783,262599.28,1571529.73,12.3991,1.63,429.3257,8.236,14043650.7458
688041.SH,2023-03-21,60.11,63.38,58.99,61.6,60.42,1.18,1.953,225306.73,1374975.909,10.6382,1.18,437.7104,8.3969,14317922.6406
688041.SH,2023-03-22,61.18,66.9,60.0,65.93,61.6,4.33,7.0292,260101.86,1671458.284,12.2811,1.32,468.478,8.9871,15324361.034
688041.SH,2023-03-23,64.6,70.44,63.8,66.2,65.93,0.27,0.4095,300189.75,1995807.883,14.1739,1.33,470.3966,9.0239,15387118.1624
688041.SH,2023-03-24,66.87,68.18,63.8,66.25,66.2,0.05,0.0755,255660.62,1685270.18,12.0714,0.96,470.7519,9.0307,15398739.8529
688041.SH,2023-03-27,65.2,67.5,60.6,63.26,66.25,-2.99,-4.5132,356218.36,2273438.26,16.8194,1.37,449.5058,8.6232,14703762.7637
688041.SH,2023-03-28,64.15,66.55,62.5,64.9,63.26,1.64,2.5925,294204.58,1900111.823,13.8913,1.05,461.1592,8.8467,15084954.2106
688041.SH,2023-03-29,64.03,77.88,64.0,74.5,64.9,9.6,14.792,571759.49,4082687.605,26.9966,1.95,529.3738,10.1553,17316318.778
688041.SH,2023-03-30,75.16,81.5,74.13,76.5,74.5,2.0,2.6846,531661.12,4080936.272,25.1032,1.5,543.5852,10.4279,17781186.3962
688041.SH,2023-03-31,75.0,77.77,71.8,77.17,76.5,0.67,0.8758,408052.92,3052062.314,19.2669,1.02,548.346,10.5193,17936917.0482
688041.SH,2023-04-03,77.4,87.27,76.3,84.8,77.17,7.63,9.8873,435630.12,3543190.872,20.569,1.01,602.5624,11.5593,19710387.0117
688041.SH,2023-04-04,82.2,90.9,80.8,85.88,84.8,1.08,1.2736,365989.84,3127354.05,17.2808,0.82,610.2365,11.7066,19961415.5255
688041.SH,2023-04-06,83.38,87.58,80.99,81.23,85.88,-4.65,-5.4145,337335.05,2835303.091,15.9278,0.73,577.1951,11.0727,18880598.3132
688041.SH,2023-04-07,82.07,83.47,79.7,81.65,81.23,0.42,0.5171,241526.46,1974814.998,11.4041,0.58,580.1795,11.13,18978220.513
688041.SH,2023-04-10,80.5,81.63,73.62,74.8,81.65,-6.85,-8.3895,368195.89,2849644.674,17.385,1.03,531.5055,10.1962,17386048.9207
688041.SH,2023-04-11,75.61,77.02,71.95,76.0,74.8,1.2,1.6043,284575.04,2138543.412,13.4367,0.81,540.0323,10.3598,17664969.4916
688041.SH,2023-04-12,75.39,84.5,73.78,82.69,76.0,6.69,8.8026,394225.3,3141038.543,18.614,1.23,587.5694,11.2717,19219951.6745
688041.SH,2023-04-13,81.0,83.95,75.18,76.22,82.69,-6.47,-7.8244,306011.58,2421505.706,14.4488,0.94,541.5956,10.3898,17716104.9296
688041.SH,2023-04-14,78.12,78.45,73.1,77.04,76.22,0.82,1.0758,256923.58,1958140.56,12.1311,0.81,547.4222,10.5015,17906700.6531
688041.SH,2023-04-17,76.5,81.5,75.2,80.13,77.04,3.09,4.0109,239287.1,1883998.038,11.2983,0.74,569.3788,10.9228,18624921.1232
688041.SH,2023-04-18,79.0,84.5,76.15,82.6,80.13,2.47,3.0825,305984.42,2491393.153,14.4476,1.03,238.9306,11.2584,19199032.6317
688041.SH,2023-04-19,82.0,99.0,82.0,90.55,82.6,7.95,9.6247,476874.17,4295783.187,22.5164,1.59,261.927,12.342,21046881.414
688041.SH,2023-04-20,93.8,98.5,91.48,97.3,90.55,6.75,7.4544,382320.9,3637961.448,18.0519,1.21,281.4522,13.2621,22615809.6254
688041.SH,2023-04-21,95.15,95.15,88.18,91.39,97.3,-5.91,-6.074,303961.02,2793013.28,14.352,0.91,264.3568,12.4565,21242125.8136
688041.SH,2023-04-24,91.39,91.74,84.57,89.27,91.39,-2.12,-2.3197,261434.39,2309277.255,12.344,0.77,258.2244,12.1676,20749366.1384
688041.SH,2023-04-25,89.0,102.0,86.71,98.75,89.27,9.48,10.6195,386696.37,3722020.982,18.2585,1.12,285.6465,13.4597,22952838.6486
688041.SH,2023-04-26,97.0,101.29,88.7,92.49,98.75,-6.26,-6.3392,344127.08,3237544.595,16.2485,0.95,267.5387,12.3872,21497803.0037
688041.SH,2023-04-27,90.08,95.0,84.35,87.3,92.49,-5.19,-5.6114,305436.73,2699243.788,14.4217,0.91,252.5259,11.6921,20291471.5344
688041.SH,2023-04-28,87.01,95.0,86.5,94.15,87.3,6.85,7.8465,271018.82,2487725.121,12.7966,0.85,272.3404,12.6095,21883643.1268
688041.SH,2023-05-04,92.66,94.97,88.91,92.15,94.15,-2.0,-2.1243,173550.77,1588386.78,8.1945,0.55,266.5552,12.3416,21418775.5086
688041.SH,2023-05-05,92.08,98.99,89.3,92.24,92.15,0.09,0.0977,233364.94,2199261.28,11.0187,0.79,266.8155,12.3537,21439694.5514
688041.SH,2023-05-08,91.8,94.2,85.84,88.66,92.24,-3.58,-3.8812,179655.49,1611961.2,8.4827,0.68,256.4599,11.8742,20607581.5148
688041.SH,2023-05-09,88.67,93.0,85.88,88.9,88.66,0.24,0.2707,173795.48,1560431.221,8.206,0.75,257.1541,11.9064,20663365.629
688041.SH,2023-05-10,87.28,89.86,76.8,77.49,88.9,-11.41,-12.8346,332031.66,2692848.16,15.6774,1.61,224.1493,10.3782,18011295.8672
688041.SH,2023-05-11,77.77,78.95,75.5,75.95,77.49,-1.54,-1.9874,175264.88,1347356.317,8.2754,0.8,219.6947,10.172,17653347.8011
688041.SH,2023-05-12,75.95,78.18,74.42,74.42,75.95,-1.53,-2.0145,131219.97,1000634.745,6.1958,0.6,215.269,9.9671,17297724.0732
688041.SH,2023-05-15,75.0,76.98,72.5,76.5,74.42,2.08,2.7949,154714.58,1159290.501,7.3051,0.78,221.2856,10.2456,17781186.3962
688041.SH,2023-05-16,76.0,77.39,74.08,74.17,76.5,-2.33,-3.0458,141433.55,1065248.198,6.678,0.73,214.5458,9.9336,17239615.6209
688041.SH,2023-05-17,73.88,78.39,73.68,76.83,74.17,2.66,3.5864,154846.82,1187395.278,7.3113,0.83,222.2402,10.2898,17857889.5532
688041.SH,2023-05-18,78.0,83.41,77.83,81.33,76.83,4.5,5.8571,213775.88,1729219.272,10.0938,1.41,235.257,10.8925,18903841.6941
688041.SH,2023-05-19,82.19,87.68,80.9,80.9,81.33,-0.43,-0.5287,193240.6,1632959.303,9.1242,1.21,234.0132,10.8349,18803895.1562
688041.SH,2023-05-22,79.82,83.26,76.64,78.01,80.9,-2.89,-3.5723,146977.07,1160538.11,6.9398,0.86,225.6535,10.4479,18132161.4479
688041.SH,2023-05-23,77.49,78.35,76.31,77.27,78.01,-0.74,-0.9486,76751.01,592970.914,3.6239,0.45,223.5129,10.3488,17960160.4292
688041.SH,2023-05-24,76.48,79.66,74.68,76.83,77.27,-0.44,-0.5694,139345.61,1077687.09,6.5794,0.89,222.2402,10.2898,17857889.5532
688041.SH,2023-05-25,81.2,83.45,76.8,81.0,76.83,4.17,5.4276,190369.63,1524164.317,8.9886,1.24,234.3024,10.8483,18827138.5371
688041.SH,2023-05-26,80.38,87.9,79.9,86.51,81.0,5.51,6.8025,250163.89,2130863.973,11.8119,1.68,250.2408,11.5863,20107848.8252
688041.SH,2023-05-29,88.81,89.39,84.7,86.37,86.51,-0.14,-0.1618,171466.36,1492227.526,8.0961,1.07,249.8358,11.5675,20075308.092
688041.SH,2023-05-30,85.01,92.0,84.64,90.92,86.37,4.55,5.268,187536.85,1665698.602,8.8549,1.13,262.9972,12.1769,21132881.9234
688041.SH,2023-05-31,89.95,93.52,89.3,92.73,90.92,1.81,1.9908,146773.56,1346237.817,6.9302,0.78,268.2329,12.4193,21553587.1178
688041.SH,2023-06-01,90.88,94.88,86.12,87.3,92.73,-5.43,-5.8557,227506.06,2045455.742,10.7421,1.2,252.5259,11.6921,20291471.5344
688041.SH,2023-06-02,88.0,88.88,82.21,83.2,87.3,-4.1,-4.6964,263922.67,2225381.759,12.4615,1.34,240.6662,11.143,19338492.9171
688041.SH,2023-06-05,83.11,84.45,82.28,83.5,83.2,0.3,0.3606,141310.72,1175834.142,6.6722,0.71,241.534,11.1831,19408223.0599
688041.SH,2023-06-06,82.62,83.58,78.06,79.39,83.5,-4.11,-4.9222,164927.08,1333447.694,7.7873,0.85,229.6453,10.6327,18452920.1044
688041.SH,2023-06-07,79.32,81.01,77.17,79.88,79.39,0.49,0.6172,123554.07,981934.03,5.8338,0.65,231.0627,10.6983,18566812.6709
688041.SH,2023-06-08,78.5,78.65,75.6,77.25,79.88,-2.63,-3.2924,148334.34,1145108.065,7.0038,0.81,223.4551,10.3461,17955511.753
688041.SH,2023-06-09,77.47,78.43,73.06,77.81,77.25,0.56,0.7249,212915.4,1612836.717,10.0531,1.26,225.075,10.4211,18085674.6861
688041.SH,2023-06-12,77.79,81.1,77.75,78.39,77.81,0.58,0.7454,185232.19,1472847.161,8.746,1.17,226.7527,10.4988,18220486.2953
688041.SH,2023-06-13,78.82,82.32,73.89,80.78,78.39,2.39,3.0489,272893.25,2139524.403,12.8851,1.63,233.666,10.8189,18776003.0991
688041.SH,2023-06-14,79.71,82.64,78.01,81.48,80.78,0.7,0.8666,220665.44,1769091.881,10.4191,1.17,235.6909,10.9126,18938706.7655
688041.SH,2023-06-15,81.38,81.99,75.58,75.78,81.44,-5.66,-6.9499,213407.75,1672718.318,10.0764,1.03,219.2029,10.2039,17613834.0536
688041.SH,2023-06-16,74.98,77.52,72.01,77.08,75.78,1.3,1.7155,214962.21,1620970.499,10.1498,0.97,222.9633,10.3789,17915998.0054
688041.SH,2023-06-19,76.95,80.84,75.28,80.01,77.08,2.93,3.8012,241796.51,1916087.808,11.4168,1.09,231.4387,10.7734,18597029.0661
688041.SH,2023-06-20,81.68,84.49,77.4,83.97,80.01,3.96,4.9494,331393.41,2706173.197,15.6473,1.42,242.8935,11.3067,19517466.9501
688041.SH,2023-06-21,82.12,82.3,76.4,76.4,83.97,-7.57,-9.0151,212872.04,1689258.183,10.0511,0.87,220.9964,10.2873,17757943.0152
688041.SH,2023-06-26,74.0,75.98,69.0,69.44,76.4,-6.96,-9.1099,221069.5,1596289.025,10.4382,0.91,200.8637,9.3502,16140203.7039
688041.SH,2023-06-27,69.39,70.5,68.6,68.72,69.44,-0.72,-1.0369,105260.61,731051.278,4.9701,0.43,198.781,9.2532,15972851.3614
688041.SH,2023-06-28,73.0,74.0,68.92,70.0,68.72,1.28,1.8626,196349.99,1394122.617,9.271,0.88,202.4836,9.4256,16270366.637
688041.SH,2023-06-29,70.0,70.47,66.7,68.01,70.0,-1.99,-2.8429,162624.8,1106648.462,7.6786,0.76,196.7273,9.1576,15807823.3569
688041.SH,2023-06-30,67.01,69.78,66.88,68.27,68.01,0.26,0.3823,125248.38,854641.0,5.9138,0.7,197.4793,9.1926,15868256.1473
688041.SH,2023-07-03,68.11,70.45,66.01,69.6,68.27,1.33,1.9481,138116.13,947291.05,6.5214,0.85,201.3265,9.3717,16177393.1134
688041.SH,2023-07-04,69.17,71.99,68.56,71.15,69.6,1.55,2.227,135017.22,954630.972,6.3751,0.93,205.8101,9.5804,16537665.5175
688041.SH,2023-07-05,71.17,71.5,69.21,69.29,71.15,-1.86,-2.6142,85040.15,596132.463,4.0153,0.56,200.4298,9.33,16105338.6325
688041.SH,2023-07-06,68.8,71.18,68.7,69.5,69.29,0.21,0.3031,80313.11,563850.22,3.7921,0.62,201.0373,9.3583,16154149.7325
688041.SH,2023-07-07,68.9,69.46,66.81,67.05,69.5,-2.45,-3.5252,77719.18,525634.474,3.6696,0.69,193.9503,9.0284,15584686.9002
688041.SH,2023-07-10,68.2,71.35,67.79,70.35,67.05,3.3,4.9217,151905.78,1065375.41,7.1725,1.47,203.496,9.4727,16351718.4702
688041.SH,2023-07-11,71.17,79.83,71.17,77.8,70.35,7.45,10.5899,331975.08,2548934.623,15.6747,3.13,225.046,10.4759,18083350.348
688041.SH,2023-07-12,78.3,79.0,74.5,74.94,77.8,-2.86,-3.6761,169900.48,1298320.853,8.0221,1.17,216.7731,10.0908,17418589.654
688041.SH,2023-07-13,76.5,77.41,74.0,76.94,74.94,2.0,2.6688,175701.71,1330724.777,8.296,1.08,222.5584,10.3601,17883457.2722
688041.SH,2023-07-14,76.99,81.88,76.99,78.4,76.94,1.46,1.8976,239559.61,1902695.159,11.3112,1.32,226.7816,10.5567,18222810.6334
688041.SH,2023-07-17,77.15,79.41,74.0,76.1,78.4,-2.3,-2.9337,159840.4,1216901.797,7.5471,0.75,220.1286,10.247,17688212.8725
688041.SH,2023-07-18,75.93,76.24,73.03,73.16,76.1,-2.94,-3.8633,118006.74,875384.022,5.5719,0.55,211.6243,9.8511,17004857.4738
688041.SH,2023-07-19,73.24,74.22,71.69,71.95,73.16,-1.21,-1.6539,76673.56,556797.12,3.6203,0.44,208.1242,9.6882,16723612.5647
688041.SH,2023-07-20,72.0,72.27,68.38,68.53,71.95,-3.42,-4.7533,94990.1,664159.604,4.4851,0.62,198.2314,9.2276,15928688.9376
688041.SH,2023-07-21,67.94,67.94,61.02,61.4,68.53,-7.13,-10.4042,238177.07,1514900.099,11.2459,1.73,177.607,8.2676,14271435.8787
688041.SH,2023-07-24,61.0,63.09,60.29,61.2,61.4,-0.2,-0.3257,106604.64,656575.846,5.0335,0.78,177.0285,8.2407,14224949.1169
688041.SH,2023-07-25,61.97,62.45,59.62,60.4,61.2,-0.8,-1.3072,140437.34,852544.747,6.631,1.11,174.7144,8.1329,14039002.0696
688041.SH,2023-07-26,60.57,61.0,58.8,59.15,60.4,-1.25,-2.0695,94012.67,562052.872,4.439,0.72,171.0986,7.9646,13748459.8083
688041.SH,2023-07-27,58.74,59.28,57.23,57.28,59.15,-1.87,-3.1615,105075.6,609313.464,4.9613,0.78,165.6894,7.7128,13313808.5852
688041.SH,2023-07-28,57.1,58.0,56.71,56.86,57.28,-0.42,-0.7332,88720.94,508435.533,4.1891,0.65,164.4745,7.6563,13216186.3854
688041.SH,2023-07-31,57.05,57.91,56.1,57.09,56.86,0.23,0.4045,84675.55,484713.2,3.9981,0.79,165.1398,7.6872,13269646.1615
688041.SH,2023-08-01,57.12,58.95,55.7,58.94,57.09,1.85,3.2405,153727.34,886031.117,7.2585,1.5,170.4912,7.9363,13699648.7084
688041.SH,2023-08-02,58.12,61.8,57.8,60.72,58.94,1.78,3.02,149662.01,899763.612,7.0665,1.42,175.64,8.176,14113380.8886
688041.SH,2023-08-03,60.1,64.31,60.09,63.29,60.72,2.57,4.2325,155646.96,978554.115,7.3491,1.34,183.0741,8.5221,14710735.7779
688041.SH,2023-08-04,63.0,63.98,62.66,63.52,63.29,0.23,0.3634,93438.54,591661.494,4.4119,0.74,183.7394,8.553,14764195.554
688041.SH,2023-08-07,63.3,64.98,63.0,64.4,63.52,0.88,1.3854,82211.61,526204.517,3.8818,0.65,186.2849,8.6715,14968737.306
688041.SH,2023-08-08,64.4,64.99,63.19,64.34,64.4,-0.06,-0.0932,71026.03,455870.051,3.3536,0.56,186.1113,8.6635,14954791.2775
688041.SH,2023-08-09,64.3,64.56,61.0,61.0,64.34,-3.34,-5.1912,104315.57,649052.614,4.9254,0.94,176.45,8.2137,14178462.3551
688041.SH,2023-08-10,60.05,61.95,58.5,58.87,61.0,-2.13,-3.4918,122085.49,728952.456,5.7645,1.2,170.2887,7.9269,13683378.3417
688041.SH,2023-08-11,59.18,59.57,55.2,55.27,58.87,-3.6,-6.1152,173934.23,985642.213,8.2126,1.84,159.8752,7.4422,12846616.629
688041.SH,2023-08-14,54.0,54.5,51.55,53.8,55.27,-1.47,-2.6597,361896.1,1926425.958,4.1099,3.27,155.6231,7.2442,12504938.9296
688041.SH,2023-08-15,54.72,54.92,52.16,52.6,53.8,-1.2,-2.2305,234839.95,1242905.362,2.6669,1.41,152.1519,7.0827,12226018.3587
688041.SH,2023-08-16,52.88,52.88,50.8,51.0,52.6,-1.6,-3.0418,152339.96,783462.615,1.73,0.76,147.5237,6.8672,11854124.2641
688041.SH,2023-08-17,51.0,51.6,50.0,50.68,51.0,-0.32,-0.6275,175946.91,899287.682,1.9981,0.84,146.5981,6.8241,11779745.4452
688041.SH,2023-08-18,51.0,51.68,50.13,50.13,50.68,-0.55,-1.0852,122533.49,623992.351,1.3915,0.56,145.0072,6.7501,11651906.8502
688041.SH,2023-08-21,50.12,51.87,49.41,50.34,50.13,0.21,0.4189,159659.09,813694.589,1.8132,0.76,145.6146,6.7783,11700717.9501
688041.SH,2023-08-22,51.35,52.16,49.88,51.8,50.34,1.46,2.9003,177671.58,909621.395,2.0177,1.05,149.8378,6.9749,12040071.3114
688041.SH,2023-08-23,51.52,51.52,49.68,49.9,51.8,-1.9,-3.668,130714.91,656538.918,1.4845,0.83,144.3419,6.7191,11598447.0741
688041.SH,2023-08-24,51.0,51.78,50.5,50.69,49.9,0.79,1.5832,151574.27,775031.366,1.7213,0.99,146.627,6.8255,11782069.7833
688041.SH,2023-08-25,50.81,51.73,49.31,49.66,50.69,-1.03,-2.032,141300.97,710519.264,1.6047,0.95,143.6476,6.4983,11542662.9599
688041.SH,2023-08-28,54.9,54.91,50.42,50.77,49.66,1.11,2.2352,221876.69,1144876.002,2.5197,1.46,146.8584,6.6435,11800664.488
688041.SH,2023-08-29,50.5,53.49,49.98,53.02,50.77,2.25,4.4318,250224.5,1304798.052,2.8417,1.52,153.3668,6.938,12323640.5585
688041.SH,2023-08-30,53.78,57.26,53.21,56.54,53.02,3.52,6.639,335652.99,1869644.697,3.8118,1.87,163.5489,7.3986,13141807.5665
688041.SH,2023-08-31,55.92,62.3,55.19,59.19,56.54,2.65,4.6869,390763.83,2303283.807,4.4377,1.78,171.2143,7.7454,13757757.1606
688041.SH,2023-09-01,59.19,61.39,58.43,59.31,59.19,0.12,0.2027,273776.47,1632379.643,3.1091,1.02,171.5614,7.7611,13785649.2177
688041.SH,2023-09-04,59.96,61.23,58.58,61.1,59.31,1.79,3.018,226947.65,1359654.809,2.5773,0.77,176.7392,7.9953,14201705.736
688041.SH,2023-09-05,62.4,62.44,58.13,58.13,61.1,-2.97,-4.8609,261121.65,1564447.899,2.9654,0.88,168.1481,7.6066,13511377.323
688041.SH,2023-09-06,57.9,60.48,57.6,60.0,58.13,1.87,3.2169,223471.29,1327644.968,2.5378,0.75,173.5574,7.8513,13946028.546
688041.SH,2023-09-07,59.53,60.1,57.93,58.08,60.0,-1.92,-3.2,178645.64,1048733.81,2.0288,0.65,168.0035,7.6001,13499755.6325
688041.SH,2023-09-08,57.51,59.4,57.2,57.24,58.08,-0.84,-1.4463,153873.87,894313.739,1.7475,0.66,165.5737,7.4902,13304511.2329
688041.SH,2023-09-11,57.0,60.12,56.19,58.3,57.24,1.06,1.8519,209743.64,1215462.736,2.3819,1.0,168.6399,7.6289,13550891.0705
688041.SH,2023-09-12,57.98,58.57,56.72,56.76,58.3,-1.54,-2.6415,141017.61,808793.975,1.6015,0.69,164.1853,7.4274,13192943.0045
688041.SH,2023-09-13,56.4,56.8,54.87,55.33,56.76,-1.43,-2.5194,126810.51,705047.062,1.4401,0.7,160.0488,7.2403,12860562.6575
688041.SH,2023-09-14,55.49,55.6,53.25,53.69,55.33,-1.64,-2.964,128240.06,691618.731,1.4564,0.79,155.3049,7.0256,12479371.2106
688041.SH,2023-09-15,54.0,54.87,52.6,52.85,53.69,-0.84,-1.5645,130640.99,698712.051,1.4836,0.86,152.8751,6.9157,12284126.8109
688041.SH,2023-09-18,52.09,53.56,51.95,52.95,52.85,0.1,0.1892,106029.54,560388.663,1.2041,0.72,153.1644,6.9288,12307370.1918
688041.SH,2023-09-19,53.0,53.5,51.78,52.07,52.95,-0.88,-1.6619,92496.42,485551.62,1.0504,0.73,150.6189,6.8137,12102828.4398
688041.SH,2023-09-20,52.0,53.48,51.28,51.39,52.07,-0.68,-1.3059,97983.17,513720.457,1.1127,0.84,148.6519,6.7247,11944773.4496
688041.SH,2023-09-21,51.01,52.08,51.01,51.3,51.39,-0.09,-0.1751,95511.89,491244.775,1.0847,0.86,148.3915,6.7129,11923854.4068
688041.SH,2023-09-22,51.2,54.46,51.1,54.26,51.3,2.96,5.77,244318.58,1299522.649,2.7746,2.34,156.9537,7.1002,12611858.4818
688041.SH,2023-09-25,53.9,54.11,52.35,52.57,54.26,-1.69,-3.1146,148402.18,784746.304,1.6853,1.17,152.0652,6.8791,12219045.3444
688041.SH,2023-09-26,52.66,55.11,52.43,53.46,52.57,0.89,1.693,183875.65,988263.294,2.0882,1.35,154.6396,6.9956,12425911.4345
688041.SH,2023-09-27,53.88,54.5,53.19,54.0,53.46,0.54,1.0101,140605.8,758220.242,1.5968,0.91,156.2016,7.0662,12551425.6914
688041.SH,2023-09-28,54.27,54.59,53.11,53.98,54.0,-0.02,-0.037,144473.41,779568.456,1.6407,0.89,156.1438,7.0636,12546777.0152
688041.SH,2023-10-09,53.14,53.5,51.7,53.06,53.98,-0.92,-1.7043,115346.58,609064.53,1.3099,0.67,153.4826,6.9432,12332937.9108
688041.SH,2023-10-10,53.58,54.6,53.21,53.94,53.06,0.88,1.6585,135037.57,727609.388,1.5335,0.92,156.0281,7.0584,12537479.6629
688041.SH,2023-10-11,54.12,55.55,52.88,55.02,53.94,1.08,2.0022,196309.37,1069933.782,2.2294,1.36,159.1521,7.1997,12788508.1767
688041.SH,2023-10-12,55.22,55.5,53.87,55.0,55.02,-0.02,-0.0364,154598.79,845739.422,1.7557,1.06,159.0942,7.1971,12783859.5005
688041.SH,2023-10-13,54.43,55.05,52.82,53.51,55.0,-1.49,-2.7091,137100.44,739588.524,1.557,0.92,154.7842,7.0021,12437533.1249
688041.SH,2023-10-16,53.1,53.47,50.88,51.89,53.51,-1.62,-3.0275,144646.9,748741.963,1.6427,0.98,150.0982,6.7901,12060990.3542
688041.SH,2023-10-17,52.2,53.1,51.63,52.54,51.89,0.65,1.2526,107680.4,563662.499,1.2229,0.7,151.9784,6.8752,12212072.3301
688041.SH,2023-10-18,55.3,57.46,54.55,55.51,52.54,2.97,5.6528,491304.38,2751036.144,5.5795,3.32,160.5695,7.1484,12902400.7431
688041.SH,2023-10-19,54.87,60.91,54.87,59.06,55.51,3.55,6.3952,602198.17,3554828.505,6.8388,2.91,170.8383,7.6056,13727540.7654
688041.SH,2023-10-20,59.06,60.7,57.58,59.22,59.06,0.16,0.2709,406446.1,2408901.48,4.6158,1.37,171.3011,7.6262,13764730.1749
688041.SH,2023-10-23,58.62,61.15,56.88,59.15,59.22,-0.07,-0.1182,363852.61,2143923.578,4.1321,1.04,171.0986,7.6172,13748459.8083
688041.SH,2023-10-24,59.3,59.55,55.0,57.16,59.15,-1.99,-3.3643,321806.26,1834154.735,3.6546,0.82,165.3423,7.3609,13285916.5282
688041.SH,2023-10-25,59.0,61.68,58.35,60.98,57.16,3.82,6.683,440951.06,2643217.752,5.0076,1.01,176.3921,7.8529,14173813.6789
688041.SH,2023-10-26,59.95,60.6,58.67,60.1,60.98,-0.88,-1.4431,319418.75,1906662.853,3.6275,0.75,173.8466,7.7395,13969271.9269
688041.SH,2023-10-27,59.62,60.16,57.57,59.44,60.1,-0.66,-1.0982,293340.38,1729996.377,3.3313,0.79,171.9375,7.6545,13815865.6129
688041.SH,2023-10-30,59.1,62.98,58.23,62.8,59.44,3.36,5.6528,374092.32,2280668.861,4.2484,1.08,181.6567,8.0872,14596843.2115
688041.SH,2023-10-31,61.7,62.59,60.86,61.97,62.8,-0.83,-1.3217,223538.82,1380012.849,2.5386,0.64,179.2558,7.9803,14403923.1499
688041.SH,2023-11-01,61.73,67.5,61.44,64.8,61.97,2.83,4.5667,393175.56,2539504.345,4.4651,1.19,187.4419,8.3448,15061710.8297
688041.SH,2023-11-02,65.7,67.78,63.61,64.38,64.8,-0.42,-0.6481,344305.81,2262608.362,3.9101,1.07,186.227,8.2907,14964088.6299
688041.SH,2023-11-03,63.65,66.77,63.38,66.65,64.38,2.27,3.5259,325011.65,2125578.154,3.691,1.0,192.7933,8.583,15491713.3765
688041.SH,2023-11-06,67.39,68.01,65.66,65.9,66.65,-0.75,-1.1253,378860.99,2528372.12,4.3025,1.14,190.6238,8.4864,15317388.0197
688041.SH,2023-11-07,65.9,68.76,64.9,67.97,65.9,2.07,3.1411,373868.26,2498096.507,4.2458,1.12,196.6116,8.753,15798526.0045
688041.SH,2023-11-08,69.8,71.26,67.07,68.8,67.97,0.83,1.2211,405713.39,2808844.495,4.6075,1.12,199.0124,8.8599,15991446.0661
688041.SH,2023-11-09,68.01,69.5,64.8,65.0,68.8,-3.8,-5.5233,390719.14,2607236.733,4.4372,1.07,188.0205,8.3705,15108197.5915
688041.SH,2023-11-10,63.7,66.23,63.58,65.02,65.0,0.02,0.0308,296127.89,1919972.326,3.363,0.79,188.0783,8.3731,15112846.2677
688041.SH,2023-11-13,64.84,66.4,64.11,65.4,65.02,0.38,0.5844,214857.36,1403277.754,2.44,0.58,189.1775,8.422,15201171.1151
688041.SH,2023-11-14,65.4,69.0,64.91,68.54,65.4,3.14,4.8012,338872.91,2282900.894,3.8484,1.01,198.2603,8.8264,15931013.2757
688041.SH,2023-11-15,69.23,69.83,66.82,67.42,68.54,-1.12,-1.6341,237431.32,1615582.03,2.6964,0.72,195.0206,8.6822,15670687.4095
688041.SH,2023-11-16,67.2,68.24,66.22,66.22,67.42,-1.2,-1.7799,164051.6,1103171.969,1.863,0.55,191.5495,8.5276,15391766.8386
688041.SH,2023-11-17,65.85,67.22,64.83,66.12,66.22,-0.1,-0.151,157284.19,1036339.936,1.7862,0.63,191.2602,8.5148,15368523.4577
688041.SH,2023-11-20,65.82,68.65,65.28,68.19,66.12,2.07,3.1307,247749.36,1662805.52,2.8136,1.11,197.2479,8.7813,15849661.4425
688041.SH,2023-11-21,67.85,68.58,66.8,67.1,68.19,-1.09,-1.5985,150132.98,1014206.481,1.705,0.66,194.095,8.641,15596308.5906
688041.SH,2023-11-22,67.12,68.98,66.4,67.33,67.1,0.23,0.3428,192638.67,1302478.596,2.1877,1.01,194.7603,8.6706,15649768.3667
688041.SH,2023-11-23,67.15,67.67,64.11,67.31,67.33,-0.02,-0.0297,198728.69,1313221.413,2.2569,1.09,194.7024,8.668,15645119.6905
688041.SH,2023-11-24,66.8,67.36,62.79,63.43,67.31,-3.88,-5.7644,222852.29,1438381.245,2.5308,1.18,183.479,8.1684,14743276.5112
688041.SH,2023-11-27,64.0,67.35,63.71,67.31,63.43,3.88,6.117,310793.51,2049612.534,3.5295,1.54,194.7024,8.668,15645119.6905
688041.SH,2023-11-28,67.4,71.21,67.3,70.74,67.31,3.43,5.0958,378978.32,2651735.45,4.3038,1.76,204.6241,9.1097,16442367.6557
688041.SH,2023-11-29,70.06,73.18,70.06,70.6,70.74,-0.14,-0.1979,365592.8,2639881.326,4.1518,1.4,204.2192,9.0917,16409826.9225
688041.SH,2023-11-30,71.79,71.8,69.9,71.77,70.6,1.17,1.6572,339997.12,2416644.681,3.8612,1.15,207.6035,9.2424,16681774.4791
688041.SH,2023-12-01,71.2,73.46,70.89,71.9,71.77,0.13,0.1811,250202.41,1803988.196,2.8414,0.77,207.9796,9.2591,16711990.8743
688041.SH,2023-12-04,71.91,74.5,71.91,72.71,71.9,0.81,1.1266,262403.79,1919797.913,2.98,0.8,210.3226,9.3634,16900262.2597
688041.SH,2023-12-05,71.55,74.28,70.37,72.85,72.71,0.14,0.1925,334051.94,2425347.798,3.7936,1.05,210.7276,9.3814,16932802.9929
688041.SH,2023-12-06,72.85,75.78,72.4,75.59,72.85,2.74,3.7612,422804.89,3165862.223,4.8016,1.36,218.6533,9.7343,17569671.6299
688041.SH,2023-12-07,74.99,75.38,71.96,73.16,75.59,-2.43,-3.2147,492648.75,3651335.217,5.5947,1.53,211.6243,9.4214,17004857.4738
688041.SH,2023-12-08,73.99,82.0,73.9,80.34,73.16,7.18,9.8141,987023.87,7764774.982,11.2091,2.8,232.3933,10.346,18673732.2231
688041.SH,2023-12-11,78.01,83.5,77.5,82.22,80.34,1.88,2.3401,477018.98,3872866.571,5.4172,0.95,237.8314,10.5881,19110707.7842
688041.SH,2023-12-12,81.13,83.61,79.7,80.67,82.22,-1.55,-1.8852,322400.35,2619859.188,3.6613,0.59,233.3479,10.3885,18750435.3801
688041.SH,2023-12-13,80.99,81.44,76.81,77.65,80.67,-3.02,-3.7436,342390.72,2682237.737,3.8883,0.63,224.6121,9.9996,18048485.2766
688041.SH,2023-12-14,78.13,78.54,75.08,75.6,77.65,-2.05,-2.6401,247977.21,1902930.908,2.8161,0.47,218.6823,9.7356,17571995.968
688041.SH,2023-12-15,75.91,76.31,73.65,73.84,75.6,-1.76,-2.328,207832.37,1548883.737,2.3602,0.44,213.5912,9.5089,17162912.4639
688041.SH,2023-12-18,73.34,76.38,73.33,75.23,73.84,1.39,1.8824,212589.09,1596251.319,2.4143,0.67,217.612,9.6879,17485995.4586
688041.SH,2023-12-19,74.87,76.67,74.11,76.1,75.23,0.87,1.1565,192241.73,1453616.536,2.1832,0.72,220.1286,9.8,17688212.8725
688041.SH,2023-12-20,76.07,76.5,74.3,74.52,76.1,-1.58,-2.0762,164958.09,1238490.903,1.8733,0.69,215.5582,9.5965,17320967.4541
688041.SH,2023-12-21,73.71,78.65,73.42,77.17,74.52,2.65,3.5561,233812.58,1784396.689,2.6553,1.14,223.2237,9.9378,17936917.0482
688041.SH,2023-12-22,76.8,77.6,74.33,75.31,77.17,-1.86,-2.4103,191685.35,1454708.271,2.1769,0.95,217.8434,9.6982,17504590.1633
688041.SH,2023-12-25,74.21,74.94,67.67,72.61,75.31,-2.7,-3.5852,254577.18,1824651.225,2.8911,1.28,210.0333,9.3505,16877018.8788
688041.SH,2023-12-26,72.85,73.13,70.36,71.0,72.61,-1.61,-2.2173,172329.35,1229348.251,1.957,0.83,205.3762,9.1432,16502800.4461
688041.SH,2023-12-27,71.25,72.58,70.4,70.48,71.0,-0.52,-0.7324,148751.37,1065244.586,1.6893,0.73,203.872,9.0762,16381934.8654
688041.SH,2023-12-28,70.05,71.93,69.81,70.31,70.48,-0.17,-0.2412,204729.85,1450645.926,2.325,1.02,203.3803,9.0543,16342421.1178
688041.SH,2023-12-29,70.5,71.74,69.36,70.98,70.31,0.67,0.9529,219039.03,1541728.336,2.4875,1.13,205.3183,9.1406,16498151.7699
688041.SH,2024-01-02,70.77,73.39,70.13,72.36,70.98,1.38,1.9442,181748.08,1313318.659,2.064,0.91,209.3102,9.3183,16818910.4265
688041.SH,2024-01-03,73.5,74.17,71.77,72.67,72.36,0.31,0.4284,165338.16,1204854.496,1.8777,0.89,210.2069,9.3583,16890964.9073
688041.SH,2024-01-04,71.75,75.15,69.3,74.9,72.67,2.23,3.0687,204563.81,1468248.932,2.3231,1.11,216.6574,9.6454,17409292.3016
688041.SH,2024-01-05,74.11,74.97,70.58,71.73,74.9,-3.17,-4.2323,167217.88,1216569.64,1.899,0.86,207.4878,9.2372,16672477.1267
688041.SH,2024-01-08,70.99,71.54,68.39,68.41,71.73,-3.32,-4.6285,151712.22,1052610.7,1.7229,0.81,197.8843,8.8097,15900796.8805
688041.SH,2024-01-09,69.5,70.8,68.3,69.17,68.41,0.76,1.1109,127673.03,886795.99,1.4499,0.73,200.0827,8.9075,16077446.5754
688041.SH,2024-01-10,68.61,70.38,67.03,67.99,69.17,-1.18,-1.7059,107890.89,740741.169,1.2253,0.66,196.6694,8.7556,15803174.6807
688041.SH,2024-01-11,67.13,69.77,67.06,68.8,67.99,0.81,1.1914,137062.53,936648.074,1.5565,0.9,199.0124,8.8599,15991446.0661
688041.SH,2024-01-12,68.16,68.44,65.41,65.41,68.8,-3.39,-4.9273,173561.58,1151765.768,1.971,1.25,189.2064,8.4233,15203495.4532
688041.SH,2024-01-15,64.8,67.45,64.61,66.0,65.41,0.59,0.902,135874.06,900021.975,1.543,0.97,190.9131,8.4993,15340631.4006
688041.SH,2024-01-16,65.36,66.43,64.43,66.22,66.0,0.22,0.3333,127972.3,836506.352,1.4533,0.94,191.5495,8.5276,15391766.8386
688041.SH,2024-01-17,66.6,67.55,65.56,65.77,66.22,-0.45,-0.6796,122307.74,815949.888,1.389,0.9,190.2478,8.4697,15287171.6245
688041.SH,2024-01-18,65.0,69.96,64.86,69.89,65.77,4.12,6.2643,240219.61,1621680.655,2.728,1.72,202.1654,9.0003,16244798.918
688041.SH,2024-01-19,69.86,70.2,67.98,69.83,69.89,-0.06,-0.0858,157074.83,1089238.453,1.7838,0.98,201.9918,8.9925,16230852.8895
688041.SH,2024-01-22,70.53,71.69,68.28,70.39,69.83,0.56,0.8019,206110.13,1453610.135,2.3407,1.32,203.6117,9.0646,16361015.8225
688041.SH,2024-01-23,69.51,73.51,67.5,73.1,70.39,2.71,3.85,220122.2,1559993.94,2.4998,1.29,211.4507,9.4136,16990911.4452
688041.SH,2024-01-24,72.11,73.59,69.88,72.9,73.1,-0.2,-0.2736,181148.19,1302639.457,2.0572,0.96,210.8722,9.3879,16944424.6834
688041.SH,2024-01-25,72.9,74.01,70.9,73.2,72.9,0.3,0.4115,180306.14,1309896.316,2.0476,0.9,211.74,9.4265,17014154.8261
688041.SH,2024-01-26,72.51,73.16,70.36,70.63,73.2,-2.57,-3.5109,148267.65,1059911.802,1.6838,0.78,204.3059,9.0956,16416799.9367
688041.SH,2024-01-29,72.15,74.67,69.83,70.0,70.63,-0.63,-0.892,208447.95,1510959.914,2.3672,1.11,202.4836,9.0144,16270366.637
688041.SH,2024-01-30,68.66,68.93,65.0,65.35,70.0,-4.65,-6.6429,194771.53,1301376.916,2.2119,1.04,189.0329,8.4156,15189549.4247
688041.SH,2024-01-31,64.7,68.2,64.59,66.27,65.35,0.92,1.4078,182195.27,1214352.925,2.0691,1.0,191.6941,8.5341,15403388.5291
688041.SH,2024-02-01,65.5,71.13,65.0,68.9,66.27,2.63,3.9686,198579.14,1367573.339,2.2552,1.09,199.3017,8.8728,16014689.447
688041.SH,2024-02-02,68.9,69.43,65.29,68.32,68.9,-0.58,-0.8418,188553.6,1279554.319,2.1413,1.01,197.624,8.7981,15879877.8377
688041.SH,2024-02-05,68.52,71.03,65.61,69.7,68.32,1.38,2.0199,228998.31,1567191.945,2.6006,1.18,201.6158,8.9758,16200636.4943
688041.SH,2024-02-06,69.54,76.37,68.08,76.3,69.7,6.6,9.4692,260864.48,1894171.127,2.9625,1.31,220.7071,9.8257,17734699.6343
688041.SH,2024-02-07,76.6,77.06,74.7,75.75,76.3,-0.55,-0.7208,218299.86,1658235.928,2.4791,1.03,219.1162,9.7549,17606861.0393
688041.SH,2024-02-08,77.0,79.56,75.19,76.72,75.75,0.97,1.2805,218635.27,1690034.262,2.4829,1.0,221.922,9.8798,17832321.8342
688041.SH,2024-02-19,80.6,88.32,79.02,86.0,76.72,9.28,12.0959,357711.66,2944211.397,4.0623,1.6,248.7655,11.0749,19989307.5826
688041.SH,2024-02-20,84.21,84.9,81.44,82.39,86.0,-3.61,-4.1977,246961.97,2049873.33,2.8046,0.96,238.3232,10.61,19150221.5317
688041.SH,2024-02-21,80.22,81.76,78.42,79.76,82.39,-2.63,-3.1921,244413.6,1958774.495,2.7757,0.94,230.7156,10.2713,18538920.6138
688041.SH,2024-02-22,82.5,86.27,81.77,82.83,79.76,3.07,3.849,287396.1,2399914.627,3.2638,1.12,239.5959,10.6666,19252492.4078
688041.SH,2024-02-23,86.24,86.95,80.7,81.4,82.83,-1.43,-1.7264,264035.04,2192990.259,2.9985,0.97,235.4595,10.1154,18920112.0607
688041.SH,2024-02-26,80.18,84.61,79.78,82.15,81.4,0.75,0.9214,256124.76,2126130.271,2.9087,0.91,237.6289,10.2086,19094437.4176
688041.SH,2024-02-27,81.3,88.62,80.73,88.0,82.15,5.85,7.1211,378336.74,3243611.525,4.2966,1.46,254.5508,10.9355,20454175.2008
688041.SH,2024-02-28,87.1,89.32,83.28,83.28,88.0,-4.72,-5.3636,348089.26,2999120.564,3.9531,1.22,240.8976,10.349,19357087.6218
688041.SH,2024-02-29,82.5,86.98,82.5,85.12,83.28,1.84,2.2094,339722.53,2883976.276,3.858,1.11,246.22,10.5776,19784765.8306
688041.SH,2024-03-01,86.33,88.33,85.08,87.49,85.12,2.37,2.7843,317467.87,2754471.321,3.6053,1.0,253.0755,10.8721,20335633.9582
688041.SH,2024-03-04,89.1,89.76,83.85,86.28,87.49,-1.21,-1.383,330294.82,2845580.074,3.751,1.01,249.5755,10.7218,20054389.0491
688041.SH,2024-03-05,84.82,90.26,84.13,86.3,86.28,0.02,0.0232,396057.83,3460218.8,4.4978,1.16,249.6333,10.7243,20059037.7253
688041.SH,2024-03-06,85.0,85.81,82.98,84.42,86.3,-1.88,-2.1784,271997.88,2293979.459,3.0889,0.79,244.1952,10.4906,19622062.1642
688041.SH,2024-03-07,84.6,85.27,80.75,80.9,84.42,-3.52,-4.1696,297081.96,2445734.165,3.3738,0.9,234.0132,10.0532,18803895.1562
688041.SH,2024-03-08,81.41,82.59,79.77,82.3,80.9,1.4,1.7305,280097.51,2278499.266,3.1809,0.87,238.0628,10.2272,19129302.4889
688041.SH,2024-03-11,82.2,84.8,81.11,83.81,82.3,1.51,1.8348,274533.12,2284218.069,3.1177,0.87,242.4307,10.4148,19480277.5407
688041.SH,2024-03-12,83.0,83.5,79.57,80.0,83.81,-3.81,-4.546,296023.49,2398647.731,3.3618,0.97,231.4098,9.9414,18594704.728
688041.SH,2024-03-13,81.38,82.55,79.66,79.7,80.0,-0.3,-0.375,235027.09,1904133.809,2.6691,0.83,230.542,9.9041,18524974.5853
688041.SH,2024-03-14,78.7,81.3,78.4,80.75,79.7,1.05,1.3174,210811.83,1687129.197,2.3941,0.76,233.5793,10.0346,18769030.0848
688041.SH,2024-03-15,80.06,80.7,78.5,80.7,80.75,-0.05,-0.0619,217061.81,1729629.527,2.4651,0.84,233.4346,10.0284,18757408.3944
688041.SH,2024-03-18,80.68,84.29,80.37,83.19,80.7,2.49,3.0855,326225.92,2700434.366,3.7048,1.32,240.6373,10.3378,19336168.579
688041.SH,2024-03-19,82.5,82.5,80.5,80.65,83.19,-2.54,-3.0533,215841.27,1754165.141,2.4512,0.84,233.29,10.0222,18745786.7039
688041.SH,2024-03-20,80.65,81.7,79.8,80.19,80.65,-0.46,-0.5704,154361.92,1244508.73,1.753,0.64,231.9594,9.965,18638867.1517
688041.SH,2024-03-21,80.3,81.5,78.88,79.22,80.19,-0.97,-1.2096,166736.68,1334364.701,1.8935,0.74,229.1536,9.8445,18413406.3569
688041.SH,2024-03-22,78.9,81.4,78.9,80.12,79.22,0.9,1.1361,197840.91,1582876.561,2.2468,0.92,231.7569,9.9563,18622596.7851
688041.SH,2024-03-25,80.1,83.1,79.45,80.5,80.12,0.38,0.4743,248612.92,2030109.301,2.8234,1.17,232.8561,10.0035,18710921.6326
688041.SH,2024-03-26,80.1,80.71,76.08,76.29,80.5,-4.21,-5.2298,258506.36,2007755.103,2.9357,1.31,220.6782,9.4804,17732375.2962
688041.SH,2024-03-27,76.31,78.17,74.5,75.23,76.29,-1.06,-1.3894,167179.68,1275544.76,1.8986,0.81,217.612,9.3486,17485995.4586
688041.SH,2024-03-28,75.53,78.5,75.21,76.79,75.23,1.56,2.0736,180420.79,1389229.683,2.0489,0.87,222.1245,9.5425,17848592.2008
688041.SH,2024-03-29,76.39,77.57,75.38,77.26,76.79,0.47,0.6121,107268.67,817886.041,1.2182,0.51,223.484,9.6009,17957836.0911
688041.SH,2024-04-01,78.39,79.82,77.6,78.48,77.26,1.22,1.5791,132288.36,1042146.631,1.5023,0.69,227.013,9.7525,18241405.3382
688041.SH,2024-04-02,78.0,79.12,76.5,77.26,78.48,-1.22,-1.5545,127375.42,988344.512,1.4465,0.75,223.484,9.6009,17957836.0911
688041.SH,2024-04-03,76.31,77.21,74.33,74.5,77.26,-2.76,-3.5724,169568.66,1275600.414,1.9257,1.19,215.5004,9.2579,17316318.778
688041.SH,2024-04-08,74.5,75.55,74.0,74.01,74.5,-0.49,-0.6577,105907.64,791323.435,1.2027,0.74,214.083,9.197,17202426.2115
688041.SH,2024-04-09,74.26,75.86,72.71,75.79,74.01,1.78,2.4051,123242.4,916139.102,1.3996,0.96,219.2319,9.4182,17616158.3917
688041.SH,2024-04-10,75.3,75.59,73.18,73.55,75.79,-2.24,-2.9555,106467.29,788311.245,1.2091,0.81,212.7524,9.1399,17095506.6593
688041.SH,2024-04-11,73.55,74.9,72.55,74.01,73.55,0.46,0.6254,132246.18,977372.212,1.5018,1.05,214.083,9.197,17202426.2115
688041.SH,2024-04-12,77.61,79.75,76.66,77.99,74.01,3.98,5.3777,321588.82,2517739.978,3.6521,2.52,143.5071,9.6912,18127512.7717
688041.SH,2024-04-15,77.6,79.5,76.99,78.66,77.99,0.67,0.8591,196783.14,1542971.195,2.2348,1.25,144.74,9.7745,18283243.4238
688041.SH,2024-04-16,78.0,78.8,76.38,77.85,78.66,-0.81,-1.0297,145686.5,1130819.667,1.6545,0.83,143.2495,9.6738,18094972.0384
688041.SH,2024-04-17,78.3,80.67,77.2,80.04,77.85,2.19,2.8131,196438.22,1561786.178,2.2308,1.09,147.2793,9.946,18604002.0804
688041.SH,2024-04-18,79.23,81.28,78.48,79.3,80.04,-0.74,-0.9245,168550.15,1345737.023,1.9141,0.85,145.9176,9.854,18432001.0616
688041.SH,2024-04-19,79.0,79.13,75.5,75.5,79.3,-3.8,-4.7919,173370.44,1332471.288,1.9689,0.84,138.9253,9.3818,17548752.5871
688041.SH,2024-04-22,72.26,74.33,70.3,73.35,75.5,-2.15,-2.8477,158146.34,1150006.09,1.796,0.9,134.9692,9.1146,17049019.8975
688041.SH,2024-04-23,74.02,74.48,71.45,71.62,73.35,-1.73,-2.3586,130591.74,943766.113,1.4831,0.78,131.7859,8.8997,16646909.4077
688041.SH,2024-04-24,72.6,75.63,72.47,75.29,71.62,3.67,5.1243,183057.69,1356329.266,2.0789,1.11,138.5389,9.3557,17499941.4871
688041.SH,2024-04-25,74.58,75.48,74.18,74.7,75.29,-0.59,-0.7836,89281.77,667327.935,1.0139,0.55,137.4533,9.2824,17362805.5398
688041.SH,2024-04-26,76.03,79.66,76.03,79.16,74.7,4.46,5.9705,235701.4,1853724.362,2.6767,1.6,145.66,9.6554,18399460.3284
688041.SH,2024-04-29,79.84,81.28,79.17,79.92,79.16,0.76,0.9601,203639.7,1634066.411,2.3126,1.28,147.0585,9.7481,18576110.0233
688041.SH,2024-04-30,80.09,80.58,78.58,79.25,79.92,-0.67,-0.8383,120800.6,960052.136,1.3719,0.72,145.8256,9.6664,18420379.3712
688041.SH,2024-05-06,80.5,80.96,78.8,79.24,79.25,-0.01,-0.0126,113491.44,902467.776,1.2889,0.68,145.8072,9.6652,18418055.0331
688041.SH,2024-05-07,79.51,80.68,76.5,76.58,79.24,-2.66,-3.3569,194866.13,1522555.442,2.213,1.28,140.9126,9.3407,17799781.1009
688041.SH,2024-05-08,76.2,77.25,75.51,76.36,76.58,-0.22,-0.2873,114604.61,875889.903,1.3015,0.66,140.5078,9.3139,17748645.6629
688041.SH,2024-05-09,76.01,77.08,75.5,76.56,76.36,0.2,0.2619,160222.91,1224724.228,1.8196,1.07,140.8758,9.3383,17795132.4247
688041.SH,2024-05-10,76.01,76.11,72.7,72.9,76.56,-3.66,-4.7806,192429.56,1417481.164,2.1853,1.37,134.1412,8.8919,16944424.6834
688041.SH,2024-05-13,71.5,73.27,71.38,72.02,72.9,-0.88,-1.2071,155427.38,1119601.351,1.7651,1.0,132.5219,8.7845,16739882.9314
688041.SH,2024-05-14,72.42,72.99,71.0,71.7,72.02,-0.32,-0.4443,137633.93,990712.129,1.563,0.84,131.9331,8.7455,16665504.1125
688041.SH,2024-05-15,71.7,72.12,71.03,71.18,71.7,-0.52,-0.7252,97411.33,695527.038,1.1062,0.64,130.9762,8.6821,16544638.5317
688041.SH,2024-05-16,71.98,73.73,71.1,72.54,71.18,1.36,1.9106,193433.0,1403303.677,2.1967,1.3,133.4787,8.848,16860748.5121
688041.SH,2024-05-17,72.19,74.37,71.44,73.87,72.54,1.33,1.8335,174433.18,1278904.908,1.9809,1.12,135.926,9.0102,17169885.4782
688041.SH,2024-05-20,73.43,75.27,72.61,73.87,73.87,0.0,0.0,139248.55,1029144.55,1.5814,0.92,135.926,9.0102,17169885.4782
688041.SH,2024-05-21,74.1,74.79,71.88,72.02,73.87,-1.85,-2.5044,126299.22,924331.115,1.4343,0.85,132.5219,8.7845,16739882.9314
688041.SH,2024-05-22,71.9,72.79,70.8,72.51,72.02,0.49,0.6804,125169.93,898364.211,1.4215,0.86,133.4235,8.8443,16853775.4978
688041.SH,2024-05-23,72.74,72.88,71.05,71.32,72.51,-1.19,-1.6412,103623.83,742426.678,1.1768,0.68,131.2339,8.6991,16577179.265
688041.SH,2024-05-24,71.32,72.08,67.62,67.68,71.32,-3.64,-5.1038,200136.99,1391700.49,2.2728,1.5,124.536,8.2552,15731120.1999
688041.SH,2024-05-27,68.0,70.75,67.9,70.66,67.68,2.98,4.4031,179737.26,1247075.28,2.0412,1.29,130.0194,8.6186,16423772.951
688041.SH,2024-05-28,70.9,73.3,70.38,70.38,70.66,-0.28,-0.3963,166417.87,1193879.997,1.8899,1.13,129.5042,8.5845,16358691.4845
688041.SH,2024-05-29,70.93,70.99,68.88,69.54,70.38,-0.84,-1.1935,107864.1,753231.704,1.225,0.7,127.9585,8.482,16163447.0848
688041.SH,2024-05-30,69.21,70.58,68.63,69.51,69.54,-0.03,-0.0431,109962.17,765472.088,1.2488,0.73,127.9033,8.4784,16156474.0705
688041.SH,2024-05-31,70.0,71.51,69.21,71.3,69.51,1.79,2.5752,123476.12,870882.762,1.4022,0.81,131.197,8.6967,16572530.5888
688041.SH,2024-06-03,70.51,71.48,69.85,71.11,71.3,-0.19,-0.2665,128385.09,908579.01,1.458,0.93,130.8474,8.6735,16528368.1651
688041.SH,2024-06-04,71.1,71.89,70.75,71.54,71.11,0.43,0.6047,97349.92,694799.12,1.1055,0.77,131.6387,8.726,16628314.703
688041.SH,2024-06-05,71.54,72.79,70.87,70.87,71.54,-0.67,-0.9365,98931.32,710794.019,1.1235,0.87,130.4058,8.6443,16472584.0509
688041.SH,2024-06-06,71.69,72.11,68.3,69.3,70.87,-1.57,-2.2153,146414.47,1034666.113,1.6627,1.31,127.5169,8.4528,16107662.9706
688041.SH,2024-06-07,69.58,70.15,67.3,68.14,69.3,-1.16,-1.6739,139389.97,955227.352,1.583,1.17,125.3824,8.3113,15838039.7521
688041.SH,2024-06-11,68.04,71.47,67.5,71.42,68.14,3.28,4.8136,176392.27,1228446.787,2.0032,1.44,131.4179,8.7113,16600422.6459
688041.SH,2024-06-12,71.01,71.96,70.5,70.94,71.42,-0.48,-0.6721,115517.89,822480.241,1.3119,0.88,130.5346,8.6528,16488854.4176
688041.SH,2024-06-13,71.49,72.93,70.7,71.94,70.94,1.0,1.4096,177967.15,1285763.633,2.0211,1.32,132.3747,8.7748,16721288.2267
688041.SH,2024-06-14,71.71,73.14,70.98,73.14,71.94,1.2,1.6681,188002.01,1362123.974,2.135,1.24,134.5828,8.9211,17000208.7976
688041.SH,2024-06-17,72.8,74.67,72.37,73.56,73.14,0.42,0.5742,167036.99,1233868.862,1.8969,1.05,135.3556,8.9724,17097830.9974
688041.SH,2024-06-18,73.5,76.75,73.12,74.63,73.45,1.18,1.6065,182900.83,1375843.691,2.0771,1.11,137.3245,9.2266,17346535.1731
688041.SH,2024-06-19,74.7,76.16,74.16,75.32,74.63,0.69,0.9246,141972.43,1066250.298,1.6123,0.85,138.5941,9.312,17506914.5014
688041.SH,2024-06-20,75.32,76.06,74.17,74.9,75.32,-0.42,-0.5576,154014.4,1157915.511,1.7491,0.9,137.8213,9.26,17409292.3016
688041.SH,2024-06-21,74.67,76.74,73.0,76.74,74.9,1.84,2.4566,237825.9,1786831.212,2.7009,1.43,141.207,9.4875,17836970.5103
688041.SH,2024-06-24,75.99,77.0,73.36,73.62,76.74,-3.12,-4.0657,169830.06,1278723.727,1.9287,0.96,135.466,9.1018,17111777.0259
688041.SH,2024-06-25,73.63,73.99,70.54,71.16,73.62,-2.46,-3.3415,167826.13,1203261.628,1.9059,0.95,130.9394,8.7976,16539989.8556
688041.SH,2024-06-26,71.16,73.1,69.92,72.65,71.16,1.49,2.0939,139498.96,997601.372,1.5842,0.8,133.6811,8.9819,16886316.2311
688041.SH,2024-06-27,71.7,72.18,70.51,71.05,72.65,-1.6,-2.2023,99620.66,708657.419,1.1313,0.57,130.737,8.784,16514422.1366
688041.SH,2024-06-28,70.52,71.9,70.23,70.32,71.05,-0.73,-1.0274,99405.13,706441.684,1.1289,0.61,129.3938,8.6938,16344745.4559
688041.SH,2024-07-01,70.2,71.3,69.09,70.47,70.32,0.15,0.2133,87961.44,617804.119,0.9989,0.65,129.6698,8.7123,16379610.5273
688041.SH,2024-07-02,70.1,71.25,69.52,71.04,70.47,0.57,0.8089,88612.27,624386.005,1.0063,0.75,130.7186,8.7828,16512097.7985
688041.SH,2024-07-03,70.6,71.98,69.71,71.2,71.04,0.16,0.2252,92464.31,656039.588,1.0501,0.9,131.013,8.8026,16549287.2079
688041.SH,2024-07-04,71.58,71.7,68.91,68.92,71.2,-2.28,-3.2022,109672.22,764551.07,1.2455,1.17,126.8177,8.5207,16019338.1232
688041.SH,2024-07-05,68.9,72.4,67.72,71.5,68.92,2.58,3.7435,174180.59,1222035.298,1.9781,1.82,131.5651,8.8397,16619017.3507
688041.SH,2024-07-08,71.47,71.72,70.52,70.98,71.5,-0.52,-0.7273,87963.49,625175.797,0.999,0.8,130.6082,8.7754,16498151.7699
688041.SH,2024-07-09,70.6,73.67,70.05,73.11,70.98,2.13,3.0008,159530.52,1151723.78,1.8117,1.44,134.5276,9.0387,16993235.7833
688041.SH,2024-07-10,72.96,73.29,72.28,72.82,73.11,-0.29,-0.3967,98055.53,713310.286,1.1136,0.79,133.994,9.0029,16925829.9787
688041.SH,2024-07-11,74.45,74.6,72.02,72.99,72.82,0.17,0.2335,145925.28,1068572.219,1.6572,1.16,134.3068,9.0239,16965343.7262
688041.SH,2024-07-12,72.08,72.3,69.76,70.59,72.99,-2.4,-3.2881,143735.9,1014855.334,1.6323,1.08,129.8906,8.7272,16407502.5844
688041.SH,2024-07-15,70.68,72.95,70.68,72.0,70.59,1.41,1.9975,144289.6,1041696.174,1.6386,1.14,132.4851,8.9015,16735234.2552
688041.SH,2024-07-16,71.52,78.55,71.52,77.84,72.0,5.84,8.1111,337559.98,2555250.946,3.8335,2.44,143.2311,9.6235,18092647.7003
688041.SH,2024-07-17,77.33,78.66,76.06,76.62,77.84,-1.22,-1.5673,198115.85,1528245.002,2.2499,1.14,140.9862,9.4727,17809078.4532
688041.SH,2024-07-18,75.35,76.49,73.1,75.36,76.62,-1.26,-1.6445,211911.95,1584205.794,2.4066,1.09,138.6677,9.3169,17516211.8538
688041.SH,2024-07-19,75.01,79.16,74.93,78.22,75.36,2.86,3.7951,279541.82,2179008.992,3.1746,1.35,143.9303,9.6705,18180972.5478
688041.SH,2024-07-22,78.22,80.18,77.88,78.66,78.22,0.44,0.5625,210274.24,1659704.837,2.388,0.9,144.74,9.7249,18283243.4238
688041.SH,2024-07-23,78.47,78.58,75.13,75.3,78.66,-3.36,-4.2715,166724.37,1281047.586,1.8934,0.67,138.5573,9.3095,17502265.8252
688041.SH,2024-07-24,75.2,77.61,75.01,75.44,75.3,0.14,0.1859,147343.34,1122365.143,1.6733,0.69,138.8149,9.3268,17534806.5585
688041.SH,2024-07-25,74.3,76.49,74.3,74.8,75.44,-0.64,-0.8484,125217.43,943190.256,1.422,0.62,137.6373,9.2477,17386048.9207
688041.SH,2024-07-26,75.12,75.89,73.73,74.31,74.8,-0.49,-0.6551,107201.59,800180.307,1.2174,0.58,136.7357,9.1871,17272156.3542
688041.SH,2024-07-29,74.51,74.66,73.08,73.85,74.31,-0.46,-0.619,82205.94,607072.548,0.9336,0.54,135.8892,9.1302,17165236.802
688041.SH,2024-07-30,73.73,75.06,72.49,75.0,73.85,1.15,1.5572,109025.38,806518.603,1.2381,0.87,138.0053,9.2724,17432535.6825
688041.SH,2024-07-31,74.55,79.87,74.4,79.5,75.0,4.5,6.0,214188.91,1670244.437,2.4324,1.88,146.2856,9.8287,18478487.8235
688041.SH,2024-08-01,81.01,81.3,79.11,79.66,79.5,0.16,0.2013,168352.42,1344851.667,1.9119,1.32,146.58,9.8485,18515677.2329
688041.SH,2024-08-02,78.2,79.42,77.57,77.97,79.66,-1.69,-2.1215,131090.15,1029558.555,1.4887,0.96,143.4703,9.6396,18122864.0955
688041.SH,2024-08-05,77.5,77.5,73.45,73.81,77.97,-4.16,-5.3354,183512.32,1373632.865,2.084,1.3,135.8156,9.1253,17155939.4497
688041.SH,2024-08-06,75.18,75.4,72.81,74.87,73.81,1.06,1.4361,108730.47,804589.61,1.2348,0.67,137.7661,9.2563,17402319.2873
688041.SH,2024-08-07,74.87,74.88,71.18,71.64,74.87,-3.23,-4.3141,123435.76,900251.621,1.4018,0.77,131.8227,8.857,16651558.0839
688041.SH,2024-08-08,70.7,73.43,70.51,72.38,71.64,0.74,1.0329,93052.99,671568.693,1.0568,0.65,133.1843,8.9485,16823559.1027
688041.SH,2024-08-09,73.4,73.77,72.01,72.01,72.38,-0.37,-0.5112,78698.45,573237.821,0.8937,0.62,132.5035,8.9027,16737558.5933
688041.SH,2024-08-12,71.96,74.14,71.7,73.7,72.01,1.69,2.3469,95286.96,698342.34,1.0748,0.81,135.6132,9.1117,17130371.7307
688041.SH,2024-08-13,73.79,74.98,72.9,73.51,73.7,-0.19,-0.2578,75860.31,559439.748,0.8557,0.76,135.2636,9.0882,17086209.3069
688041.SH,2024-08-14,74.09,74.65,73.26,73.57,73.51,0.06,0.0816,74669.31,552642.16,0.8422,0.8,135.374,9.0956,17100155.3355
688041.SH,2024-08-15,73.48,78.0,73.05,76.6,73.57,3.03,4.1185,190433.05,1454000.595,2.148,2.28,140.9494,9.2668,17804429.7771
688041.SH,2024-08-16,76.59,77.66,76.37,76.84,76.6,0.24,0.3133,93718.78,721759.991,1.0571,0.91,141.391,9.2958,17860213.8912
688041.SH,2024-08-19,76.98,78.23,76.51,76.84,76.84,0.0,0.0,79379.11,613971.104,0.8954,0.75,141.391,9.2958,17860213.8912
688041.SH,2024-08-20,77.3,77.38,75.3,75.65,76.84,-1.19,-1.5487,74906.02,569501.803,0.8449,0.73,139.2014,9.1518,17583617.6584
688041.SH,2024-08-21,75.1,78.1,75.1,76.98,75.65,1.33,1.7581,93962.66,721863.167,1.0599,0.92,141.6487,9.3127,17892754.6245
688041.SH,2024-08-22,76.8,78.2,76.55,77.3,76.98,0.32,0.4157,103492.74,801791.548,1.1674,0.97,142.2375,9.3515,17967133.4434
688041.SH,2024-08-23,76.85,77.69,75.5,76.25,77.3,-1.05,-1.3583,96135.52,733067.45,1.0844,1.08,140.3054,9.2244,17723077.9439
688041.SH,2024-08-26,76.25,77.0,74.66,74.88,76.25,-1.37,-1.7967,73785.77,556857.411,0.8323,0.82,137.7845,9.0587,17404643.6254
688041.SH,2024-08-27,74.43,76.05,74.2,75.3,74.88,0.42,0.5609,62227.49,468393.834,0.7019,0.7,138.5573,9.1095,17502265.8252
688041.SH,2024-08-28,75.59,75.89,74.47,74.71,75.3,-0.59,-0.7835,55231.33,413817.829,0.623,0.64,137.4717,9.0381,17365129.8779
688041.SH,2024-08-29,74.4,75.83,73.41,75.0,74.71,0.29,0.3882,68633.27,513332.814,0.7742,0.88,138.0053,9.0732,17432535.6825
688041.SH,2024-08-30,75.19,80.0,74.8,79.39,75.0,4.39,5.8533,210509.96,1651689.396,2.3745,2.96,146.0832,9.6043,18452920.1044
688041.SH,2024-09-02,78.91,80.33,77.78,77.87,79.39,-1.52,-1.9146,117766.52,930756.326,1.3284,1.25,143.2863,9.4204,18099620.7146
688041.SH,2024-09-03,77.87,78.87,77.1,77.32,77.87,-0.55,-0.7063,74772.79,582441.255,0.8434,0.73,142.2743,9.3539,17971782.1196
688041.SH,2024-09-04,76.33,77.28,76.1,76.47,77.32,-0.85,-1.0993,52525.24,402902.677,0.5925,0.5,140.7102,9.251,17774213.3819
688041.SH,2024-09-05,76.57,78.18,73.8,74.7,76.47,-1.77,-2.3146,113125.44,857154.56,1.276,1.08,137.4533,9.0369,17362805.5398
688041.SH,2024-09-06,75.2,78.27,74.0,76.18,74.7,1.48,1.9813,112578.18,865599.166,1.2698,0.99,140.1766,9.216,17706807.5772
688041.SH,2024-09-09,76.0,78.02,75.72,76.4,76.18,0.22,0.2888,80203.41,617417.369,0.9047,0.85,140.5814,9.2426,17757943.0152
688041.SH,2024-09-10,76.4,79.88,76.03,78.9,76.4,2.5,3.2723,123113.93,965438.312,1.3887,1.42,145.1816,9.545,18339027.538
688041.SH,2024-09-11,78.5,79.57,78.35,79.2,78.9,0.3,0.3802,81207.85,641640.269,0.916,0.84,145.7336,9.5813,18408757.6807
688041.SH,2024-09-12,79.6,80.09,76.02,76.1,79.2,-3.1,-3.9141,106552.35,828398.601,1.2019,1.04,140.0294,9.2063,17688212.8725
688041.SH,2024-09-13,76.08,78.72,76.08,77.98,76.1,1.88,2.4704,123867.18,959933.047,1.3972,1.23,143.4887,9.4337,18125188.4336
688041.SH,2024-09-18,77.1,77.36,74.28,74.73,77.98,-3.25,-4.1677,105737.57,795802.289,1.1927,1.03,137.5085,9.0405,17369778.554
688041.SH,2024-09-19,75.65,76.27,73.9,75.92,74.73,1.19,1.5924,93656.56,705214.748,1.0564,0.87,139.6982,9.1845,17646374.7869
688041.SH,2024-09-20,76.0,76.19,74.4,75.92,75.92,0.0,0.0,87770.17,661563.028,0.99,0.86,139.6982,9.1845,17646374.7869
688041.SH,2024-09-23,75.11,76.35,74.63,75.51,75.92,-0.41,-0.54,71436.29,539367.219,0.8058,0.69,138.9437,9.1349,17551076.9251
688041.SH,2024-09-24,76.67,79.05,75.61,78.12,75.51,2.61,3.4565,167292.06,1297123.362,1.887,1.73,143.7463,9.4507,18157729.1669
688041.SH,2024-09-25,79.43,80.0,78.5,78.75,78.12,0.63,0.8065,156928.98,1244426.784,1.7701,1.49,144.9056,9.5269,18304162.4666
688041.SH,2024-09-26,78.8,81.18,77.75,80.99,78.75,2.24,2.8444,176564.7,1403529.574,1.9916,1.53,149.0273,9.7979,18824814.199
688041.SH,2024-09-27,82.0,86.79,81.2,86.09,80.99,5.1,6.2971,125666.67,1055011.43,1.4175,0.95,158.4117,10.4148,20010226.6254
688041.SH,2024-09-30,90.09,103.28,90.08,103.28,86.09,17.19,19.9675,441844.21,4307718.812,4.9838,3.17,190.0425,12.4944,24005763.8038
688041.SH,2024-10-08,123.94,123.94,118.0,123.94,103.28,20.66,20.0039,472488.99,5827866.051,5.3295,2.21,228.0584,14.9938,28807846.2999
688041.SH,2024-10-09,120.19,148.7,118.0,131.0,123.94,7.06,5.6963,780965.14,10386989.328,8.809,2.84,241.0493,15.8479,30448828.9921
688041.SH,2024-10-10,133.98,144.0,119.32,131.03,131.0,0.03,0.0229,579162.04,7622190.354,6.5327,1.45,241.1045,15.8515,30455802.0064
688041.SH,2024-10-11,125.02,130.79,121.21,123.7,131.03,-7.33,-5.5941,388576.37,4864269.342,4.383,0.81,227.6168,14.9647,28752062.1857
688041.SH,2024-10-14,124.99,125.5,116.45,124.2,123.7,0.5,0.4042,427109.57,5213762.423,4.8176,0.8,228.5368,15.0252,28868279.0902
688041.SH,2024-10-15,124.0,124.3,116.99,117.0,124.2,-7.2,-5.7971,357803.23,4309667.575,4.0359,0.68,215.2883,14.1542,27194755.6647
688041.SH,2024-10-16,115.0,117.99,113.0,113.57,117.0,-3.43,-2.9316,251678.29,2892499.503,2.8388,0.5,208.9768,13.3161,26397507.6995
688041.SH,2024-10-17,121.94,122.0,116.18,116.18,113.57,2.61,2.2981,331505.93,3946806.167,3.7393,0.83,213.7794,13.6222,27004159.9412
688041.SH,2024-10-18,117.0,138.89,115.15,132.99,116.18,16.81,14.4689,599977.61,7608761.534,6.7675,1.71,244.711,15.5931,30911372.2722
688041.SH,2024-10-21,136.0,146.88,129.06,131.3,132.99,-1.69,-1.2708,674367.76,9145134.078,7.6066,1.71,241.6013,15.395,30518559.1348
688041.SH,2024-10-22,128.0,132.0,125.0,128.11,131.3,-3.19,-2.4296,371905.35,4780590.502,4.1949,0.84,235.7315,15.021,29777095.2838
688041.SH,2024-10-23,127.0,129.5,124.66,125.02,128.11,-3.09,-2.412,301782.49,3840140.979,3.404,0.68,230.0457,14.6586,29058874.8137
688041.SH,2024-10-24,122.52,126.35,122.01,123.8,125.02,-1.22,-0.9758,213963.57,2665221.788,2.4134,0.47,227.8008,14.5156,28775305.5666
688041.SH,2024-10-25,125.88,125.96,120.65,122.0,123.8,-1.8,-1.454,249737.41,3064962.783,2.8169,0.58,224.4886,14.3046,28356924.7102
688041.SH,2024-10-28,121.0,124.21,120.48,122.57,122.0,0.57,0.4672,195496.56,2388163.763,2.2051,0.54,225.5375,14.3714,28489411.9814
688041.SH,2024-10-29,123.33,132.17,121.6,126.53,122.57,3.96,3.2308,385735.19,4901726.637,4.3509,1.45,232.8242,14.8357,29409849.8654
688041.SH,2024-10-30,124.8,128.56,124.01,125.19,126.53,-1.34,-1.059,269485.98,3395250.062,3.0397,1.0,230.3585,14.6786,29098388.5612
688041.SH,2024-10-31,125.65,129.78,124.38,128.42,125.19,3.23,2.5801,345717.86,4418374.094,3.8996,1.32,236.3019,15.0573,29849149.7646
688041.SH,2024-11-01,127.0,129.7,123.81,123.88,128.42,-4.54,-3.5353,265038.45,3347434.258,2.9895,0.92,227.948,14.525,28793900.2713
688041.SH,2024-11-04,121.99,124.84,121.5,124.45,123.88,0.57,0.4601,201417.49,2479943.695,2.2719,0.69,228.9968,14.5918,28926387.5425
688041.SH,2024-11-05,124.0,131.5,123.35,129.28,124.45,4.83,3.8811,330889.7,4266204.172,3.7323,1.13,237.8844,15.1581,30049042.8404
688041.SH,2024-11-06,131.24,136.95,127.4,133.19,129.28,3.91,3.0244,354282.68,4684275.606,3.9962,1.25,245.079,15.6166,30957859.034
688041.SH,2024-11-07,132.0,143.99,131.0,141.75,133.19,8.56,6.4269,381192.47,5273647.359,4.2997,1.27,260.83,16.6202,32947492.4399
688041.SH,2024-11-08,145.88,149.8,135.69,136.99,141.75,-4.76,-3.358,496635.5,7130097.685,5.6018,1.62,252.0713,16.0621,31841107.5086
688041.SH,2024-11-11,133.5,142.97,131.1,139.05,136.99,2.06,1.5038,577104.12,7782626.091,6.5095,1.64,255.8618,16.3037,32319921.1554
688041.SH,2024-11-12,136.0,137.39,129.32,129.41,139.05,-9.64,-6.9328,447249.08,5922228.426,5.0448,1.04,238.1236,15.1734,30079259.2356
688041.SH,2024-11-13,127.44,132.9,127.1,131.51,129.41,2.1,1.6227,285141.84,3719590.399,3.2163,0.63,241.9877,15.4196,30567370.2347
688041.SH,2024-11-14,129.8,132.9,126.38,126.7,131.51,-4.81,-3.6575,295969.01,3833863.24,3.3384,0.68,233.137,14.8556,29449363.613
688041.SH,2024-11-15,126.21,128.61,121.9,121.9,126.7,-4.8,-3.7885,231038.05,2891839.474,2.606,0.55,224.3046,14.2928,28333681.3293
688041.SH,2024-11-18,122.9,126.79,121.35,123.11,121.9,1.21,0.9926,252104.01,3119928.327,2.8436,0.69,226.5311,14.4347,28614926.2383
688041.SH,2024-11-19,123.22,127.78,122.37,127.2,123.11,4.09,3.3222,216128.36,2702243.036,2.4378,0.71,234.057,14.9143,29565580.5175
688041.SH,2024-11-20,127.21,129.75,125.1,126.54,127.2,-0.66,-0.5189,197065.99,2500334.604,2.2228,0.77,232.8426,14.8369,29412174.2035
688041.SH,2024-11-21,125.6,131.44,125.51,128.5,126.54,1.96,1.5489,260849.75,3367446.92,2.9423,1.09,236.4491,15.0667,29867744.4694
688041.SH,2024-11-22,128.7,132.22,123.17,123.9,128.5,-4.6,-3.5798,257154.58,3291711.791,2.9006,1.11,227.9848,14.5273,28798548.9475
688041.SH,2024-11-25,124.05,125.2,116.17,118.26,123.9,-5.64,-4.5521,280936.48,3338292.52,3.1688,1.19,217.6068,13.866,27487622.2642
688041.SH,2024-11-26,117.97,119.45,117.11,118.1,118.26,-0.16,-0.1353,124717.61,1477502.87,1.4068,0.51,217.3124,13.8473,27450432.8547
688041.SH,2024-11-27,116.9,123.8,116.3,123.2,118.1,5.1,4.3184,208359.93,2525283.702,2.3502,0.93,226.6967,14.4453,28635845.2811
688041.SH,2024-11-28,123.95,128.8,122.44,126.0,123.2,2.8,2.2727,213448.84,2697715.247,2.4076,0.94,231.8489,14.7736,29286659.9466
688041.SH,2024-11-29,125.61,129.0,123.1,125.81,126.0,-0.19,-0.1508,213074.53,2691220.262,2.4034,0.98,231.4993,14.7513,29242497.5229
688041.SH,2024-12-02,126.45,130.33,126.04,126.89,125.81,1.08,0.8584,183856.4,2352106.582,2.0738,0.88,233.4866,14.8779,29493526.0367
688041.SH,2024-12-03,127.65,127.87,123.79,125.37,126.89,-1.52,-1.1979,159044.01,2004001.476,1.794,0.84,230.6897,14.6997,29140226.6469
688041.SH,2024-12-04,128.51,133.7,127.0,128.89,125.37,3.52,2.8077,302521.23,3927942.877,3.4123,1.55,237.1667,15.1124,29958393.6549
688041.SH,2024-12-05,127.6,129.8,126.76,128.02,128.89,-0.87,-0.675,152784.65,1952056.238,1.7233,0.71,235.5659,15.0104,29756176.241
688041.SH,2024-12-06,128.6,132.4,126.3,129.81,128.02,1.79,1.3982,183892.73,2379502.664,2.0742,0.91,238.8596,15.2203,30172232.7593
688041.SH,2024-12-09,129.99,130.76,127.27,128.99,129.81,-0.82,-0.6317,140262.47,1807958.204,1.5821,0.71,237.3507,15.1241,29981637.0358
688041.SH,2024-12-10,137.0,137.88,130.01,130.3,128.99,1.31,1.0156,246687.77,3284302.074,2.7825,1.31,239.7612,15.2777,30286125.3257
688041.SH,2024-12-11,129.39,130.42,123.88,124.38,130.3,-5.92,-4.5434,252691.14,3178328.581,2.8503,1.23,228.868,14.5836,28910117.1759
688041.SH,2024-12-12,123.88,127.68,123.8,126.8,124.38,2.42,1.9457,158256.41,1992953.428,1.7851,0.81,233.321,14.8674,29472606.9939
688041.SH,2024-12-13,125.29,127.86,123.4,123.81,126.8,-2.99,-2.358,200891.17,2512476.343,2.266,1.02,227.8192,14.5168,28777629.9047
688041.SH,2024-12-16,122.01,124.9,119.5,123.42,123.81,-0.39,-0.315,161535.04,1983537.6,1.822,0.81,227.1015,14.471,28686980.7191
688041.SH,2024-12-17,123.5,123.89,121.42,121.81,123.42,-1.61,-1.3045,114271.36,1400080.159,1.2889,0.56,224.139,14.2823,28312762.2865
688041.SH,2024-12-18,121.5,122.86,120.71,121.2,121.81,-0.61,-0.5008,143084.66,1739968.744,1.6139,0.81,223.0166,14.2108,28170977.6629
688041.SH,2024-12-19,120.55,130.89,119.52,128.78,121.2,7.58,6.2541,335197.17,4248731.813,3.7809,2.15,236.9643,15.0995,29932825.9359
688041.SH,2024-12-20,128.0,133.28,127.78,131.06,128.78,2.28,1.7705,331843.63,4349429.405,3.7431,1.74,241.1597,15.3668,30462775.0206
688041.SH,2024-12-23,132.09,141.5,131.06,136.7,131.06,5.64,4.3034,497680.4,6872295.632,5.6136,2.29,251.5377,16.0281,31773701.704
688041.SH,2024-12-24,138.49,141.21,134.5,140.75,136.7,4.05,2.9627,325398.14,4488752.108,3.6704,1.14,258.99,16.503,32715058.6308
688041.SH,2024-12-25,147.5,161.22,147.5,156.6,140.75,15.85,11.2611,486734.33,7606391.118,5.4902,1.49,288.1551,18.3614,36399134.5051
688041.SH,2024-12-26,155.0,160.6,154.5,159.18,156.6,2.58,1.6475,361541.65,5704294.979,4.078,0.91,292.9025,18.6639,36998813.7325
688041.SH,2024-12-27,159.18,160.67,154.79,155.05,159.18,-4.13,-2.5945,310318.59,4904550.635,3.5003,0.77,285.303,18.1797,36038862.101
688041.SH,2024-12-30,155.0,159.18,151.33,154.0,155.05,-1.05,-0.6772,275322.13,4270340.687,3.1055,0.69,283.3709,18.0566,35794806.6014
688041.SH,2024-12-31,153.48,154.87,149.58,149.79,154.0,-4.21,-2.7338,224460.78,3396781.825,2.5318,0.64,275.6242,17.5629,34816260.2651
688041.SH,2025-01-02,148.3,149.47,137.41,139.08,149.79,-10.71,-7.15,386445.94,5449063.43,4.359,1.17,255.9171,16.3072,32326894.1696
688041.SH,2025-01-03,139.39,139.8,135.58,135.61,139.08,-3.47,-2.495,199195.39,2741766.652,2.2468,0.64,249.532,15.9003,31520348.8521
688041.SH,2025-01-06,137.74,141.8,133.33,134.57,135.61,-1.04,-0.7669,199114.63,2719449.703,2.2459,0.71,247.6183,15.7784,31278617.6906
688041.SH,2025-01-07,135.57,148.62,134.03,147.6,134.57,13.03,9.6827,358284.73,5096022.844,4.0413,1.39,271.5945,17.3062,34307230.2232
688041.SH,2025-01-08,145.25,151.3,144.8,149.89,147.6,2.29,1.5515,328913.75,4877719.726,3.71,1.2,275.8082,17.5747,34839503.646
688041.SH,2025-01-09,149.89,150.88,145.78,148.2,149.89,-1.69,-1.1275,209431.1,3106013.725,2.3623,0.71,272.6985,17.3765,34446690.5086
688041.SH,2025-01-10,149.12,153.66,146.63,146.7,148.2,-1.5,-1.0121,326955.12,4892245.269,3.6879,1.26,269.9384,17.2006,34098039.795
688041.SH,2025-01-13,146.7,146.7,141.26,143.4,146.7,-3.3,-2.2495,217896.59,3121265.214,2.4578,0.77,263.8662,16.8137,33331008.2249
688041.SH,2025-01-14,145.5,146.55,138.28,144.05,143.4,0.65,0.4533,328297.93,4699483.49,3.7031,1.14,265.0622,16.8899,33482090.2009
688041.SH,2025-01-15,144.01,151.27,140.87,147.2,144.05,3.15,2.1867,321410.98,4708994.718,3.6254,1.14,270.8584,17.2593,34214256.6995
688041.SH,2025-01-16,147.19,147.99,132.79,132.81,147.2,-14.39,-9.7758,515850.61,7111707.016,5.8186,1.84,244.3798,15.572,30869534.1866
688041.SH,2025-01-17,130.0,134.82,129.13,131.78,132.81,-1.03,-0.7755,295167.16,3889296.127,3.3294,0.86,242.4845,15.4513,30630127.3632
688041.SH,2025-01-20,133.0,136.16,131.4,133.9,131.78,2.12,1.6087,229018.99,3072481.176,2.5832,0.68,246.3855,15.6998,31122887.0385
688041.SH,2025-01-21,134.6,134.99,131.42,133.03,133.9,-0.87,-0.6497,223175.88,2968710.571,2.5173,0.66,244.7846,15.5978,30920669.6246
688041.SH,2025-01-22,132.7,134.88,131.05,132.47,133.03,-0.56,-0.421,223486.15,2972590.593,2.5208,0.71,243.7542,15.5322,30790506.6915
688041.SH,2025-01-23,133.83,135.91,130.15,130.54,132.47,-1.93,-1.4569,254931.31,3371067.304,2.8755,0.86,240.2028,15.3059,30341909.4399
688041.SH,2025-01-24,130.57,133.54,130.01,131.0,130.54,0.46,0.3524,205500.57,2710711.734,2.318,0.84,241.0493,15.3598,30448828.9921
688041.SH,2025-01-27,128.1,130.72,126.01,128.0,131.0,-3.0,-2.2901,175857.05,2263675.771,1.9836,0.77,235.5291,15.0081,29751527.5648
688041.SH,2025-02-05,136.0,140.88,132.66,139.19,128.0,11.19,8.7422,500169.68,6830831.679,5.6417,2.31,256.1195,16.3201,32352461.8886
688041.SH,2025-02-06,139.0,141.86,136.88,140.81,139.19,1.62,1.1639,358856.3,5018503.37,4.0478,1.32,259.1004,16.51,32729004.6594
688041.SH,2025-02-07,141.0,144.28,137.3,139.7,140.81,-1.11,-0.7883,394420.73,5544944.265,4.4489,1.32,257.0579,16.3799,32471003.1313
688041.SH,2025-02-10,140.79,143.7,140.0,142.3,139.7,2.6,1.8611,310232.35,4404750.551,3.4993,0.95,261.8421,16.6847,33075331.0349
688041.SH,2025-02-11,142.48,143.67,137.53,140.0,142.3,-2.3,-1.6163,266015.03,3719734.38,3.0005,0.76,257.6099,16.4151,32540733.274
688041.SH,2025-02-12,143.0,146.55,139.78,141.08,140.0,1.08,0.7714,284616.23,4038758.765,3.2104,0.78,259.5972,16.5417,32791761.7878
688041.SH,2025-02-13,140.5,140.5,135.0,135.05,141.08,-6.03,-4.2742,284332.2,3890415.55,3.2072,0.88,248.5016,15.8347,31390185.919
688041.SH,2025-02-14,135.05,137.4,134.21,135.89,135.05,0.84,0.622,190713.11,2587908.539,2.1512,0.62,250.0472,15.9332,31585430.3186
688041.SH,2025-02-17,137.3,144.51,137.3,141.61,135.89,5.72,4.2093,378890.71,5359928.275,4.2737,1.42,260.5724,16.6038,32914951.7067
688041.SH,2025-02-18,141.0,141.9,136.38,137.47,141.61,-4.14,-2.9235,204517.47,2846087.146,2.3069,0.73,252.9545,16.1184,31952675.737
688041.SH,2025-02-19,137.5,139.44,136.05,137.37,137.47,-0.1,-0.0727,251330.34,3454393.505,2.8349,0.94,252.7705,16.1067,31929432.3561
688041.SH,2025-02-20,138.17,140.52,135.31,136.15,137.37,-1.22,-0.8881,213137.58,2918970.392,2.4041,0.81,250.5256,15.9636,31645863.109
688041.SH,2025-02-21,139.07,160.01,139.07,156.96,136.15,20.81,15.2846,782441.42,11800501.912,8.8256,3.16,288.8175,18.4036,36482810.6763
688041.SH,2025-02-24,155.87,157.42,151.52,154.06,156.96,-2.9,-1.8476,374964.51,5784547.209,4.2294,1.02,283.4813,18.0636,35808752.6299
688041.SH,2025-02-25,151.0,161.29,149.21,155.9,154.06,1.84,1.1943,394849.6,6095226.351,4.4537,1.08,286.867,17.8952,36236430.8387
688041.SH,2025-02-26,158.29,168.5,152.78,165.0,155.9,9.1,5.8371,518137.07,8350170.495,5.8444,1.28,303.6117,18.9398,38351578.5015
688041.SH,2025-02-27,165.05,171.9,162.6,169.99,165.0,4.99,3.0242,490230.76,8200020.91,5.5296,1.07,312.7936,19.5126,39511423.2089
688041.SH,2025-02-28,169.5,169.5,157.83,160.0,169.99,-9.99,-5.8768,423431.27,6871976.442,4.7761,0.83,294.4113,18.3659,37189409.456
688041.SH,2025-03-03,160.05,162.09,149.51,150.93,160.0,-9.07,-5.6688,396221.03,6082397.394,4.4692,0.9,181.6748,17.3232,35081234.8075
688041.SH,2025-03-04,147.5,156.0,147.0,151.5,150.93,0.57,0.3777,300387.85,4549771.068,3.3883,0.68,182.3609,17.3887,35213722.0787
688041.SH,2025-03-05,150.96,154.79,150.13,153.95,151.5,2.45,1.6172,230757.73,3515640.782,2.6029,0.54,185.31,17.6699,35783184.9109
688041.SH,2025-03-06,159.0,166.66,155.71,163.03,153.95,9.08,5.898,398241.98,6474314.876,4.492,1.08,196.2396,18.712,37893683.8976
688041.SH,2025-03-07,161.5,164.24,158.7,159.8,163.03,-3.23,-1.9812,214629.2,3469333.054,2.4209,0.61,192.3517,18.3413,37142922.6942
688041.SH,2025-03-10,159.79,164.82,158.0,163.0,159.8,3.2,2.0025,222797.8,3594917.068,2.5131,0.72,196.2035,18.7086,37886710.8833
688041.SH,2025-03-11,158.9,160.6,155.0,158.01,163.0,-4.99,-3.0613,248571.97,3910331.002,2.8038,0.91,190.197,18.1359,36726866.1759
688041.SH,2025-03-12,162.88,169.28,160.5,162.42,158.01,4.41,2.791,364044.61,6009882.144,4.1063,1.38,195.5054,18.642,37751899.274
688041.SH,2025-03-13,164.73,164.73,154.17,155.49,162.42,-6.93,-4.2667,249185.89,3939397.186,2.8107,0.86,187.1637,17.8466,36141132.977
688041.SH,2025-03-14,155.99,159.3,154.3,156.88,155.49,1.39,0.8939,255525.91,4015842.407,2.8822,0.98,188.8368,18.0062,36464215.9716
688041.SH,2025-03-17,158.66,158.8,154.28,154.79,156.88,-2.09,-1.3322,166641.55,2593589.291,1.8796,0.62,186.3211,17.7663,35978429.3106
688041.SH,2025-03-18,155.08,157.22,153.03,153.4,154.79,-1.39,-0.898,151523.08,2346101.805,1.7091,0.59,184.648,17.6067,35655346.3159
688041.SH,2025-03-19,152.8,154.54,151.8,152.84,153.4,-0.56,-0.3651,120263.5,1838231.196,1.3565,0.51,183.9739,17.5425,35525183.3828
688041.SH,2025-03-20,151.01,153.69,149.02,151.66,152.84,-1.18,-0.772,136594.44,2075479.483,1.5407,0.72,182.5535,17.407,35250911.4881
688041.SH,2025-03-21,151.5,152.63,144.0,145.8,151.66,-5.86,-3.8639,213896.42,3156244.397,2.4127,1.29,175.4998,16.7344,33888849.3668
688041.SH,2025-03-24,145.8,149.34,144.5,149.0,145.8,3.2,2.1948,160191.81,2351207.291,1.8069,1.02,179.3517,17.1017,34632637.5559
688041.SH,2025-03-25,148.9,150.28,141.0,142.02,149.0,-6.98,-4.6846,208015.65,3009241.925,2.3463,1.33,170.9498,16.3006,33010249.5684
688041.SH,2025-03-26,142.3,143.41,140.8,141.05,142.02,-0.97,-0.683,122822.65,1742009.996,1.3854,0.73,169.7822,16.1893,32784788.7736
688041.SH,2025-03-27,141.79,144.88,141.4,142.16,141.05,1.11,0.787,151995.74,2174122.876,1.7144,0.9,171.1183,16.3167,33042790.3017
688041.SH,2025-03-28,141.72,142.8,140.01,140.99,142.16,-1.17,-0.823,105508.95,1489494.102,1.1901,0.62,169.71,16.1824,32770842.745
688041.SH,2025-03-31,139.82,142.32,138.99,141.3,140.99,0.31,0.2199,116827.1,1640783.302,1.3178,0.78,170.0832,16.2179,32842897.2258
688041.SH,2025-04-01,142.39,144.11,141.69,141.91,141.3,0.61,0.4317,140023.43,1998597.253,1.5794,0.99,170.8174,16.288,32984681.8494
688041.SH,2025-04-02,141.2,142.62,140.68,141.83,141.91,-0.08,-0.0564,76108.29,1078637.132,0.8585,0.6,170.7211,16.2788,32966087.1447
688041.SH,2025-04-03,140.01,145.38,140.01,142.02,141.83,0.19,0.134,140926.63,2017350.133,1.5896,1.19,170.9498,16.3006,33010249.5684
688041.SH,2025-04-07,135.55,140.22,128.07,136.46,142.02,-5.56,-3.9149,377565.49,5125057.018,4.2588,3.26,164.2572,15.6624,31717917.5898
688041.SH,2025-04-08,138.0,138.96,130.55,134.23,136.46,-2.23,-1.6342,285596.69,3809132.621,3.2214,1.68,161.573,15.4065,31199590.1955
688041.SH,2025-04-09,132.0,142.74,131.66,141.48,134.23,7.25,5.4012,336544.7,4678045.506,3.7961,1.65,170.2998,16.2386,32884735.3115
688041.SH,2025-04-10,143.77,144.5,140.12,141.27,141.48,-0.21,-0.1484,216481.2,3073650.387,2.4418,0.89,170.0471,16.2145,32835924.2116
688041.SH,2025-04-11,142.5,152.88,141.02,146.92,141.27,5.65,3.9994,316773.05,4642397.826,3.5731,1.17,176.848,16.863,34149175.233
688041.SH,2025-04-14,148.0,151.26,145.2,150.15,146.92,3.23,2.1985,215683.5,3207569.485,2.4328,0.7,180.7359,17.2337,34899936.4364
688041.SH,2025-04-15,149.68,151.43,147.48,150.4,150.15,0.25,0.1665,132901.69,1984973.804,1.4991,0.48,181.0369,17.2624,34958044.8886
688041.SH,2025-04-16,155.0,155.7,149.02,154.5,150.4,4.1,2.7261,220774.19,3356369.613,2.4902,0.91,185.972,17.733,35911023.506
688041.SH,2025-04-17,152.49,157.77,152.0,154.0,154.5,-0.5,-0.3236,163595.47,2523530.427,1.8453,0.74,185.3702,17.6756,35794806.6014
688041.SH,2025-04-18,152.75,152.8,147.8,149.64,154.0,-4.36,-2.8312,129587.45,1939699.702,1.4617,0.62,180.122,17.1752,34781395.1937
688041.SH,2025-04-21,150.68,154.87,149.79,153.72,149.64,4.08,2.7265,131589.95,2017079.669,1.4843,0.76,185.0331,17.6435,35729725.1349
688041.SH,2025-04-22,154.68,157.27,152.08,152.1,153.72,-1.62,-1.0539,176601.03,2732403.145,1.992,1.13,183.0831,17.0106,35353182.3641
688041.SH,2025-04-23,152.1,153.53,148.45,149.0,152.1,-3.1,-2.0381,146649.34,2192327.187,1.6541,0.89,179.3517,16.6639,34632637.5559
688041.SH,2025-04-24,149.0,151.35,148.06,148.3,149.0,-0.7,-0.4698,87824.67,1311540.473,0.9906,0.59,178.5091,16.5856,34469933.8895
688041.SH,2025-04-25,149.07,149.68,146.66,147.21,148.3,-1.09,-0.735,90156.08,1334717.423,1.0169,0.67,177.197,16.4637,34216581.0376
688041.SH,2025-04-28,147.97,149.75,147.15,148.6,147.21,1.39,0.9442,86063.6,1276793.402,0.9708,0.68,178.8702,16.6191,34539664.0323
688041.SH,2025-04-29,148.06,150.72,145.66,150.1,148.6,1.5,1.0094,91265.61,1356820.472,1.0294,0.78,180.6757,16.7869,34888314.7459
688041.SH,2025-04-30,149.5,152.28,148.4,148.6,150.1,-1.5,-0.9993,114902.9,1723056.252,1.2961,1.14,178.8702,16.6191,34539664.0323
688041.SH,2025-05-06,151.1,151.1,147.55,150.01,148.6,1.41,0.9489,125352.82,1870456.686,1.4139,1.33,180.5674,16.7768,34867395.7031
688041.SH,2025-05-07,153.41,153.41,149.4,150.8,150.01,0.79,0.5266,126742.45,1910156.347,1.4296,1.25,181.5183,16.8652,35051018.4123
688041.SH,2025-05-08,149.5,149.98,145.91,146.0,150.8,-4.8,-3.183,164947.39,2427864.592,1.8605,1.52,175.7406,16.3284,33935336.1286
688041.SH,2025-05-09,145.61,146.27,143.88,143.88,146.0,-2.12,-1.4521,95020.54,1375398.296,1.0718,0.76,173.1887,16.0913,33442576.4533
688041.SH,2025-05-12,143.6,145.68,142.8,143.7,143.88,-0.18,-0.1251,114020.35,1642442.8,1.2861,0.91,172.972,16.0711,33400738.3677
688041.SH,2025-05-13,144.54,144.7,142.0,142.17,143.7,-1.53,-1.0647,100434.97,1436862.794,1.1329,0.8,171.1304,15.9,33045114.6397
688041.SH,2025-05-14,143.4,145.5,142.7,144.22,142.17,2.05,1.4419,118534.35,1708402.763,1.337,0.99,173.598,16.1293,33521603.9484
688041.SH,2025-05-15,144.21,144.98,141.7,142.11,144.22,-2.11,-1.463,85999.9,1227878.124,0.97,0.73,171.0582,15.8933,33031168.6112
688041.SH,2025-05-16,142.01,142.67,137.06,138.49,141.94,-3.45,-2.4306,135722.17,1885082.866,1.5309,1.32,166.7008,15.788,32189758.2223
688041.SH,2025-05-19,138.8,140.66,138.08,139.9,138.49,1.41,1.0181,79967.08,1114671.081,0.902,0.72,168.398,15.9487,32517489.8931
688041.SH,2025-05-20,139.84,140.75,138.8,138.96,139.9,-0.94,-0.6719,78640.4,1098006.993,0.887,0.76,167.2665,15.8416,32299002.1125
688041.SH,2025-05-21,138.5,139.81,138.02,138.85,138.96,-0.11,-0.0792,61520.54,855266.332,0.6939,0.62,167.1341,15.829,32273434.3935
688041.SH,2025-05-22,138.51,139.56,136.0,136.66,138.85,-2.19,-1.5772,86075.36,1184784.35,0.9709,0.97,164.498,15.5794,31764404.3516
688041.SH,2025-05-23,136.67,139.78,135.38,136.13,136.66,-0.53,-0.3878,99657.39,1368973.474,1.1241,1.13,163.86,15.519,31641214.4328
688041.SH,2025-06-10,148.0,148.0,140.0,141.98,136.13,5.85,4.2974,609077.34,8730159.987,6.8701,7.5,170.9017,16.1859,33000952.216
688041.SH,2025-06-11,140.1,141.0,135.41,135.5,141.98,-6.48,-4.564,319709.69,4367176.606,3.6062,1.71,163.1017,15.4471,31494781.1331
688041.SH,2025-06-12,135.5,136.56,132.01,136.09,135.5,0.59,0.4354,187557.83,2532497.846,2.1156,0.8,163.8119,15.5144,31631917.0804
688041.SH,2025-06-13,135.01,137.96,134.43,137.06,136.09,0.97,0.7128,194930.23,2656599.455,2.1987,0.75,164.9795,15.625,31857377.8752
688041.SH,2025-06-16,136.69,138.98,135.74,138.35,137.06,1.29,0.9412,148708.06,2048039.605,1.6774,0.53,166.5322,15.772,32157217.489
688041.SH,2025-06-17,138.2,138.2,135.38,135.7,138.35,-2.65,-1.9154,131544.46,1789374.772,1.4838,0.45,163.3424,15.4699,31541267.8949
688041.SH,2025-06-18,136.13,136.4,134.21,134.68,135.7,-1.02,-0.7517,119177.81,1608698.271,1.3443,0.61,162.1147,15.3537,31304185.4096
688041.SH,2025-06-19,134.24,136.36,133.58,134.15,134.68,-0.53,-0.3935,106469.16,1435641.243,1.2009,0.68,161.4767,15.2932,31180995.4908
688041.SH,2025-06-20,134.5,135.48,133.5,133.5,134.15,-0.65,-0.4845,90186.92,1209991.161,1.0173,0.64,160.6943,15.2191,31029913.5149
688041.SH,2025-06-23,133.01,134.36,132.9,133.58,133.5,0.08,0.0599,90571.94,1209231.346,1.0216,0.76,160.7906,15.2283,31048508.2196
688041.SH,2025-06-24,134.0,138.12,133.6,137.14,133.58,3.56,2.6651,196080.53,2674750.709,2.2117,1.82,165.0758,15.6341,31875972.58
688041.SH,2025-06-25,136.54,138.25,135.74,137.99,137.14,0.85,0.6198,169955.9,2332328.874,1.917,1.41,166.0989,15.731,32073541.3177
688041.SH,2025-06-26,138.8,146.68,138.11,141.75,137.99,3.76,2.7248,299167.33,4273947.686,3.3745,2.29,170.6248,16.1596,32947492.4399
688041.SH,2025-06-27,142.85,143.29,138.88,139.0,141.75,-2.75,-1.94,170610.97,2388931.718,1.9244,1.01,167.3146,15.8461,32308299.4649
688041.SH,2025-06-30,139.16,142.77,138.69,141.29,139.0,2.29,1.6475,154044.65,2173041.988,1.7376,0.83,170.0711,16.1072,32840572.8877
688041.SH,2025-07-01,141.07,141.09,136.21,136.5,141.29,-4.79,-3.3902,195411.39,2683905.185,2.2042,0.99,164.3054,15.5611,31727214.9422
688041.SH,2025-07-02,136.31,136.78,135.5,135.56,136.5,-0.94,-0.6886,102669.33,1395235.281,1.1581,0.52,163.1739,15.454,31508727.1616
688041.SH,2025-07-03,135.8,136.43,135.1,135.36,135.56,-0.2,-0.1475,91407.42,1238216.535,1.031,0.5,162.9332,15.4312,31462240.3998
688041.SH,2025-07-04,135.36,137.3,134.9,135.56,135.36,0.2,0.1478,111513.27,1514571.791,1.2578,0.78,163.1739,15.454,31508727.1616
688041.SH,2025-07-07,135.56,136.32,134.83,136.03,135.56,0.47,0.3467,72322.37,981568.198,0.8158,0.55,163.7397,15.5076,31617971.0519
688041.SH,2025-07-08,136.16,137.2,135.39,136.9,136.03,0.87,0.6396,100735.86,1375161.421,1.1363,0.88,164.7869,15.6067,31820188.4658
688041.SH,2025-07-09,137.19,137.38,135.38,135.39,136.9,-1.51,-1.103,90619.8,1234160.61,1.0222,0.95,162.9693,15.4346,31469213.414
688041.SH,2025-07-10,135.51,136.1,135.01,135.11,135.39,-0.28,-0.2068,109404.66,1480661.392,1.234,1.17,162.6322,15.4027,31404131.9475
688041.SH,2025-07-11,135.46,138.95,135.01,137.43,135.11,2.32,1.7171,209639.41,2880699.145,2.3646,2.16,165.4248,15.6672,31943378.3846
688041.SH,2025-07-14,137.0,137.68,136.0,136.1,137.43,-1.33,-0.9678,96210.7,1313903.137,1.0852,0.83,163.8239,15.5155,31634241.4185
688041.SH,2025-07-15,136.1,137.64,135.86,136.7,136.1,0.6,0.4409,133083.44,1816701.018,1.5011,1.1,164.5461,15.5839,31773701.704
688041.SH,2025-07-16,136.7,139.15,136.5,137.56,136.7,0.86,0.6291,157453.73,2169023.139,1.776,1.23,165.5813,15.682,31973594.7798
688041.SH,2025-07-17,137.56,138.0,135.82,138.0,137.56,0.44,0.3199,171590.59,2347195.047,1.9355,1.22,166.1109,15.7321,32075865.6558
688041.SH,2025-07-18,137.5,138.16,136.31,136.97,138.0,-1.03,-0.7464,120687.45,1654756.451,1.3613,0.79,164.8711,15.6147,31836458.8324
688041.SH,2025-07-21,137.22,138.34,136.18,136.67,136.97,-0.3,-0.219,131695.01,1804042.3,1.4855,0.97,164.51,15.5805,31766728.6897
688041.SH,2025-07-22,136.5,137.64,135.2,135.34,136.67,-1.33,-0.9731,220066.05,2995090.613,2.4823,1.54,162.9091,15.4289,31457591.7236
688041.SH,2025-07-23,135.4,136.27,134.85,135.17,135.34,-0.17,-0.1256,203824.72,2760903.353,2.2991,1.27,162.7045,15.4095,31418077.976
688041.SH,2025-07-24,135.45,137.78,135.44,136.7,135.17,1.53,1.1319,198306.32,2706856.454,2.2368,1.17,164.5461,15.5839,31773701.704
688041.SH,2025-07-25,136.86,142.99,136.12,141.49,136.7,4.79,3.504,358895.25,5000457.426,4.0482,2.05,170.3119,16.13,32887059.6496
688041.SH,2025-07-28,141.01,141.3,138.7,139.93,141.49,-1.56,-1.1026,186479.34,2607009.431,2.1034,0.84,168.4341,15.9522,32524462.9074
688041.SH,2025-07-29,139.1,145.0,138.51,143.0,139.93,3.07,2.194,281625.18,3998417.032,3.1766,1.21,172.1295,16.3022,33238034.7013
688041.SH,2025-07-30,142.1,143.19,139.61,140.45,143.0,-2.55,-1.7832,169458.33,2393448.556,1.9114,0.69,169.06,16.0114,32645328.4881
688041.SH,2025-07-31,140.3,144.96,138.8,139.2,140.45,-1.25,-0.89,310673.82,4390459.188,3.5043,1.3,167.5554,15.8689,32354786.2267
688041.SH,2025-08-01,139.7,143.67,137.02,137.75,139.2,-1.45,-1.0417,225490.53,3151509.515,2.5434,0.86,165.81,15.7036,32017757.2035
688041.SH,2025-08-04,137.0,145.03,137.0,142.58,137.75,4.83,3.5064,319196.02,4550834.999,3.6004,1.36,171.6239,16.2543,33140412.5015
688041.SH,2025-08-05,141.5,142.8,139.35,142.46,142.58,-0.12,-0.0842,176127.63,2489166.223,1.9866,0.67,171.4795,16.2406,33112520.4444
688041.SH,2025-08-06,139.35,139.62,136.38,137.34,142.46,-5.12,-3.594,408682.6,5613457.353,4.6098,1.7,165.3165,15.1216,31922459.3418
688041.SH,2025-08-07,137.89,138.85,136.41,136.61,137.34,-0.73,-0.5315,242396.98,3328624.756,2.7341,0.84,164.4378,15.0412,31752782.6612
688041.SH,2025-08-08,136.6,137.17,135.7,136.12,136.61,-0.49,-0.3587,165157.27,2249937.371,1.8629,0.6,163.848,14.9873,31638890.0947
688041.SH,2025-08-11,136.15,136.89,135.7,135.91,136.12,-0.21,-0.1543,160455.34,2184254.281,1.8099,0.61,163.5952,14.9641,31590078.9948
688041.SH,2025-08-12,136.0,143.68,135.05,138.8,135.91,2.89,2.1264,495999.29,6896303.131,2.1339,2.15,167.0739,15.2823,32261812.7031
688041.SH,2025-08-13,140.0,142.33,138.58,140.12,138.8,1.32,0.951,368883.71,5177697.114,1.587,1.25,168.6628,15.4277,32568625.3311
688041.SH,2025-08-14,140.9,159.99,140.56,152.49,140.12,12.37,8.8281,789014.78,12019911.089,3.3946,2.75,183.5526,16.7897,35443831.5497
688041.SH,2025-08-15,150.03,155.0,150.0,153.86,152.49,1.37,0.8984,442455.4,6770492.666,1.9036,1.12,185.2017,16.9405,35762265.8681
688041.SH,2025-08-18,155.0,155.58,151.4,152.61,153.86,-1.25,-0.8124,430598.35,6592989.486,1.8526,0.95,183.697,16.8029,35471723.6068
688041.SH,2025-08-19,152.1,153.66,148.7,148.73,152.61,-3.88,-2.5424,363116.41,5472754.781,1.5622,0.72,179.0267,16.3757,34569880.4274
688041.SH,2025-08-20,148.88,155.96,146.77,155.79,148.73,7.06,4.7469,482361.73,7339021.047,2.0753,1.01,187.5248,17.153,36210863.1197
688041.SH,2025-08-21,156.91,160.3,154.14,155.05,155.79,-0.74,-0.475,417575.41,6561110.984,1.7965,0.83,186.6341,17.0715,36038862.101
688041.SH,2025-08-22,159.18,186.06,159.18,186.06,155.05,31.01,20.0,751546.32,13309982.031,3.2334,1.76,223.9609,20.4858,43246634.5211
688041.SH,2025-08-25,196.0,217.66,195.36,210.1,186.06,24.04,12.9206,1022044.24,21035996.934,4.3971,2.09,252.8979,23.1327,48834343.2919
688041.SH,2025-08-26,203.18,203.9,196.8,197.23,210.1,-12.87,-6.1257,579201.79,11572471.615,2.4919,0.95,237.4062,21.7157,45842920.1688
688041.SH,2025-08-27,200.17,202.61,191.37,191.95,197.23,-5.28,-2.6771,645846.89,12778391.679,2.7786,0.99,231.0507,21.1343,44615669.6567
688041.SH,2025-08-28,191.0,205.69,190.88,205.0,191.95,13.05,6.7986,697395.15,13774649.778,3.0004,1.02,246.759,22.5712,47648930.8655
688041.SH,2025-08-29,199.71,199.82,192.6,194.52,205.0,-10.48,-5.1122,498827.64,9790166.235,2.1461,0.67,234.1442,21.4173,45213024.5461
688041.SH,2025-09-01,199.0,217.33,194.9,208.96,194.52,14.44,7.4234,657334.13,13449100.185,2.828,0.95,251.5257,23.0072,48569368.7495
688041.SH,2025-09-02,206.0,211.79,196.8,201.89,208.96,-7.07,-3.3834,550626.23,11252789.619,2.369,0.89,243.0155,22.2288,46926061.7192
688041.SH,2025-09-03,198.0,199.39,192.0,194.98,201.89,-6.91,-3.4227,390034.01,7617745.955,1.678,0.64,234.6979,21.4679,45319944.0983
688041.SH,2025-09-04,195.5,195.6,170.41,173.28,194.98,-21.7,-11.1293,670917.05,12044217.643,2.8865,1.2,208.5776,19.0787,40276130.4408
688041.SH,2025-09-05,173.88,181.24,169.33,179.4,173.28,6.12,3.5319,460465.55,8044531.092,1.9811,0.83,215.9442,19.7525,41698625.3525
688041.SH,2025-09-08,179.99,182.5,175.12,179.35,179.4,-0.05,-0.0279,323919.46,5780920.119,1.3936,0.59,215.884,19.747,41687003.6621
688041.SH,2025-09-09,177.43,179.3,173.5,174.51,179.35,-4.84,-2.6986,243369.12,4280954.905,1.047,0.51,210.0581,19.2141,40562024.026
688041.SH,2025-09-10,178.27,189.41,178.27,184.03,174.51,9.52,5.4553,469813.65,8656282.354,2.0213,1.12,221.5174,20.2623,42774793.8887
688041.SH,2025-09-11,185.14,220.84,184.8,220.84,184.03,36.81,20.0022,775787.36,15996969.87,3.3377,1.79,265.8257,24.3152,51330682.4016
688041.SH,2025-09-12,216.0,233.33,215.68,220.02,220.84,-0.82,-0.3713,815048.61,18219965.133,3.5066,1.79,264.8386,24.2249,51140086.6782
688041.SH,2025-09-15,232.24,241.88,225.01,231.5,220.02,11.48,5.2177,662508.59,15421766.408,2.8503,1.26,278.6571,25.4889,53808426.8067
688041.SH,2025-09-16,234.07,255.96,234.0,246.0,231.5,14.5,6.2635,640810.01,15794796.504,2.757,1.08,296.1108,27.0854,57178717.0386
688041.SH,2025-09-17,241.57,244.97,234.55,242.69,246.0,-3.31,-1.3455,491193.8,11780855.548,2.1133,0.73,292.1266,26.721,56409361.1305
688041.SH,2025-09-18,250.06,265.0,237.01,243.81,242.69,1.12,0.4615,760285.72,19119557.824,3.271,1.12,293.4747,26.8443,56669686.9967
688041.SH,2025-09-19,247.99,249.99,235.2,235.96,243.81,-7.85,-3.2197,497654.18,11972547.569,2.1411,0.74,284.0256,25.98,54845081.5952
688041.SH,2025-09-22,232.0,274.78,230.0,261.21,235.96,25.25,10.701,718828.18,18179081.183,3.0926,1.18,314.4191,28.7601,60714035.275
688041.SH,2025-09-23,258.88,264.88,249.53,254.66,261.21,-6.55,-2.5076,537573.05,13752965.639,2.3128,0.86,306.5349,28.0389,59191593.8254
688041.SH,2025-09-24,255.99,267.0,252.16,259.89,254.66,5.23,2.0537,546061.68,14120154.981,2.3493,0.91,312.8302,28.6147,60407222.647
688041.SH,2025-09-25,259.88,277.98,258.05,267.92,259.89,8.03,3.0898,481051.78,12965479.64,2.0696,0.79,322.496,29.4989,62273666.1341
688041.SH,2025-09-26,263.03,268.68,259.0,259.1,267.92,-8.82,-3.292,343307.91,9049612.443,1.477,0.62,311.8793,28.5278,60223599.9378
688041.SH,2025-09-29,259.0,259.88,246.0,255.84,259.1,-3.26,-1.2582,463718.83,11751260.139,1.9951,0.88,307.9552,28.1688,59465865.7201
688041.SH,2025-09-30,260.5,262.5,251.5,252.6,255.84,-3.24,-1.2664,389907.98,9959058.583,1.6775,0.82,304.0552,27.8121,58712780.1787
688041.SH,2025-10-09,262.0,273.33,261.39,263.05,252.6,10.45,4.137,463207.24,12377111.523,1.9929,1.04,316.6339,28.9627,61141713.4838
688041.SH,2025-10-10,257.0,257.0,238.58,241.49,263.05,-21.56,-8.1962,479821.49,11797045.89,2.0643,1.12,290.6821,26.5888,56130440.5596
688041.SH,2025-10-13,241.0,249.88,237.01,244.0,241.49,2.51,1.0394,383086.71,9317151.796,1.6482,0.9,293.7034,26.8652,56713849.4204
688041.SH,2025-10-14,248.8,248.98,224.38,227.6,244.0,-16.4,-6.7213,461919.68,10823030.704,1.9873,1.06,273.9627,25.0595,52901934.9512
688041.SH,2025-10-15,228.18,243.21,228.06,241.05,227.6,13.45,5.9095,359011.05,8451373.36,1.5446,0.82,290.1525,26.5404,56028169.6836
688041.SH,2025-10-16,230.0,238.58,227.84,233.01,241.05,-8.04,-3.3354,297676.46,6961368.398,1.2807,0.69,280.4747,24.734,54159401.8584
688041.SH,2025-10-17,233.29,234.89,223.0,228.25,233.01,-4.76,-2.0428,293853.59,6748460.642,1.2642,0.74,274.7451,24.2287,53053016.9271
688041.SH,2025-10-20,235.0,236.7,227.2,228.74,228.25,0.49,0.2147,281949.44,6531221.915,1.213,0.79,275.3349,24.2807,53166909.4935
688041.SH,2025-10-21,229.2,240.39,225.6,236.9,228.74,8.16,3.5674,338303.68,7930160.764,1.4555,1.0,285.1571,25.1469,55063569.3758
688041.SH,2025-10-22,233.76,247.2,232.88,241.79,236.9,4.89,2.0642,359162.85,8641224.246,1.5452,1.14,291.0432,25.666,56200170.7023
688041.SH,2025-10-23,238.12,239.0,231.64,236.15,241.79,-5.64,-2.3326,223491.11,5242779.421,0.9615,0.71,284.2543,25.0673,54889244.019
688041.SH,2025-10-24,240.01,251.81,237.31,249.01,236.15,12.86,5.4457,404470.1,9917363.698,1.7402,1.35,299.734,26.4324,57878342.804
688041.SH,2025-10-27,253.0,254.84,245.55,251.03,249.01,2.02,0.8112,347732.15,8674534.245,1.496,1.08,302.1654,26.6468,58347859.0984
688041.SH,2025-10-28,248.0,252.58,245.08,245.74,251.03,-5.29,-2.1073,245426.69,6086608.061,1.0559,0.73,295.7979,26.0853,57118284.2482
688041.SH,2025-10-29,245.07,252.76,242.24,246.84,245.74,1.1,0.4476,259788.03,6414161.137,1.1177,0.82,297.1219,26.2021,57373961.4382
688041.SH,2025-10-30,245.0,248.88,236.38,238.2,246.84,-8.64,-3.5002,321113.92,7755256.37,1.3815,1.08,286.7219,25.2849,55365733.3276
688041.SH,2025-10-31,238.0,239.8,229.06,229.33,238.2,-8.87,-3.7238,261900.56,6064774.453,1.1268,0.83,276.0451,24.3434,53304045.4409
688041.SH,2025-11-03,225.99,227.13,220.86,226.17,229.33,-3.16,-1.3779,223770.81,5017786.408,0.9627,0.78,272.2414,24.0079,52569554.6041
688041.SH,2025-11-04,226.13,230.65,221.86,223.7,226.17,-2.47,-1.0921,178258.14,4029342.525,0.7669,0.68,269.2682,23.7457,51995443.0957
688041.SH,2025-11-05,218.01,224.41,217.5,222.0,223.7,-1.7,-0.7599,182133.33,4011416.295,0.7836,0.73,267.222,23.5653,51600305.6202
688041.SH,2025-11-06,227.0,246.38,226.01,239.68,222.0,17.68,7.964,419992.65,9941121.598,1.8069,1.8,288.5034,25.442,55709735.3651
688041.SH,2025-11-07,233.97,237.25,230.71,232.67,239.68,-7.01,-2.9247,214155.06,5010511.858,0.9214,0.85,280.0655,24.6979,54080374.3633
688041.SH,2025-11-10,232.0,233.21,220.68,224.87,232.67,-7.8,-3.3524,240905.69,5400051.942,1.0364,0.99,270.6766,23.8699,52267390.6523
688041.SH,2025-11-11,226.0,230.9,220.5,221.4,224.87,-3.47,-1.5431,185701.42,4174707.762,0.7989,0.75,266.4997,23.5016,51460845.3347
688041.SH,2025-11-12,221.0,221.95,216.0,219.98,221.4,-1.42,-0.6414,172378.03,3774076.206,0.7416,0.69,264.7905,23.3509,51130789.3258
688041.SH,2025-11-13,219.9,224.34,216.2,222.75,219.98,2.77,1.2592,190946.11,4207202.615,0.8215,0.77,268.1247,23.6449,51774630.977
688041.SH,2025-11-14,218.0,218.0,212.21,212.21,222.75,-10.54,-4.7318,198641.59,4278790.415,0.8546,0.99,255.4377,22.5261,49324778.6291
688041.SH,2025-11-17,213.8,217.88,211.18,213.53,212.21,1.32,0.622,152653.07,3270462.276,0.6568,0.77,257.0266,22.6662,49631591.2571
688041.SH,2025-11-18,212.78,218.2,212.01,215.0,213.53,1.47,0.6884,155605.99,3357818.63,0.6695,0.86,258.796,22.8222,49973268.9565
688041.SH,2025-11-19,215.0,218.9,212.84,213.03,215.0,-1.97,-0.9163,118761.54,2559043.967,0.5109,0.68,256.4247,22.6131,49515374.3526
688041.SH,2025-11-20,218.29,219.79,213.51,214.83,213.03,1.8,0.845,132723.12,2867827.33,0.571,0.81,258.5914,22.8042,49933755.209
688041.SH,2025-11-21,210.0,211.88,205.36,206.3,214.83,-8.53,-3.9706,175645.98,3655836.022,0.7557,1.16,248.3238,21.8987,47951094.8173
688041.SH,2025-11-24,208.97,210.82,203.27,208.26,206.3,1.96,0.9501,178328.95,3706437.989,0.7672,1.21,250.6831,22.1068,48406665.0832
688041.SH,2025-11-25,210.0,211.78,204.36,206.7,208.26,-1.56,-0.7491,212856.08,4416982.745,0.9158,1.4,248.8053,21.9412,48044068.341
688041.SH,2025-11-26,206.0,217.62,204.0,213.65,206.7,6.95,3.3624,298220.61,6371850.335,1.283,1.82,257.171,22.6789,49659483.3142
688041.SH,2025-11-27,217.0,232.89,215.66,215.95,213.65,2.3,1.0765,383810.92,8583298.058,1.6513,1.92,259.9396,22.9231,50194081.0751
688041.SH,2025-11-28,214.0,219.58,210.68,217.3,215.95,1.35,0.6251,203894.85,4393752.815,0.8772,0.82,261.5646,23.0664,50507866.7174
688041.SH,2025-12-01,219.9,219.9,211.5,216.03,217.3,-1.27,-0.5844,255561.35,5490350.754,1.0995,1.0,260.0358,22.9316,50212675.7799
688041.SH,2025-12-02,215.0,215.76,211.6,212.58,216.03,-3.45,-1.597,121352.27,2585425.044,0.5221,0.45,255.8831,22.5654,49410779.1385
688041.SH,2025-12-03,211.43,215.0,209.1,210.14,212.58,-2.44,-1.1478,134034.65,2837107.738,0.5767,0.53,252.946,22.3064,48843640.6443
688041.SH,2025-12-04,209.01,216.28,208.38,216.0,210.14,5.86,2.7886,176864.14,3769120.32,0.7609,0.8,259.9997,22.9284,50205702.7656
688041.SH,2025-12-05,213.0,215.68,208.33,214.26,216.0,-1.74,-0.8056,200014.4,4251604.437,0.8605,1.12,257.9053,22.7437,49801267.9378
688041.SH,2025-12-08,214.0,224.66,213.51,220.88,214.26,6.62,3.0897,242298.91,5359487.703,1.0424,1.36,265.8738,23.4464,51339979.754
688041.SH,2025-12-09,217.94,223.73,215.99,219.3,220.88,-1.58,-0.7153,219657.2,4828485.337,0.945,1.26,263.972,23.2787,50972734.3356
688041.SH,2025-12-10,212.01,221.0,207.18,218.5,219.3,-0.8,-0.3648,451352.07,9641695.202,1.9419,2.32,263.009,23.1938,50786787.2884
688041.SH,2025-12-11,218.52,218.98,210.7,212.6,218.5,-5.9,-2.7002,256360.99,5456722.576,1.1029,0.99,255.9071,22.5675,49415427.8147
688041.SH,2025-12-12,212.0,212.0,205.0,210.0,212.6,-2.6,-1.223,321856.79,6717705.485,1.3847,1.17,252.7775,22.2915,48811099.911
688041.SH,2025-12-15,207.8,208.9,202.68,203.0,210.0,-7.0,-3.3333,185859.39,3818389.971,0.7996,0.62,244.3516,21.5484,47184063.2473
688041.SH,2025-12-16,201.99,203.38,196.21,197.75,203.0,-5.25,-2.5862,171874.29,3416522.661,0.7395,0.6,238.0322,20.9912,45963785.7495
688041.SH,2025-12-17,199.0,208.69,197.41,207.1,197.75,9.35,4.7282,210427.03,4273910.572,0.9053,0.76,249.2868,21.9837,48137041.8646
688041.SH,2025-12-18,205.05,206.78,201.5,202.7,207.1,-4.4,-2.1246,119348.4,2430261.185,0.5135,0.52,243.9905,21.5166,47114333.1046
688041.SH,2025-12-19,205.1,210.0,204.08,204.08,202.7,1.38,0.6808,183210.22,3787265.803,0.7882,0.91,245.6516,21.6631,47435091.7611
688041.SH,2025-12-22,205.55,216.16,205.55,215.18,204.08,11.1,5.439,308688.27,6547458.856,1.3281,1.77,259.0127,22.8413,50015107.0421
688041.SH,2025-12-23,213.99,222.37,213.99,219.52,215.18,4.34,2.0169,239053.43,5246323.343,1.0285,1.2,264.2368,23.302,51023869.7736
688041.SH,2025-12-24,218.99,221.12,215.65,219.9,219.52,0.38,0.1731,167253.23,3658175.565,0.7196,0.79,264.6942,23.3424,51112194.6211
688041.SH,2025-12-25,219.95,224.38,218.59,220.45,219.9,0.55,0.2501,157015.58,3478519.271,0.6755,0.77,265.3562,23.4008,51240033.2161
688041.SH,2025-12-26,219.62,221.28,216.04,217.6,220.45,-2.85,-1.2928,143911.07,3145610.189,0.6191,0.68,261.9257,23.0982,50577596.8602
688041.SH,2025-12-29,216.88,222.59,216.79,219.23,217.6,1.63,0.7491,159581.21,3507635.868,0.6866,0.79,263.8877,23.2713,50956463.969
688041.SH,2025-12-30,219.0,230.0,218.74,225.01,219.23,5.78,2.6365,248837.02,5615433.311,1.0706,1.44,270.8451,23.8848,52299931.3856
688041.SH,2025-12-31,225.15,231.2,222.0,224.41,225.01,-0.6,-0.2667,188375.16,4259577.231,0.8104,1.07,270.1229,23.8211,52160471.1001
688041.SH,2026-01-05,227.5,228.15,221.7,226.0,224.41,1.59,0.7085,211158.62,4753487.819,0.9085,1.18,272.0368,23.9899,52530040.8566
688041.SH,2026-01-06,224.2,232.13,223.5,225.82,226.0,-0.18,-0.0796,224197.69,5081891.925,0.9646,1.18,271.8201,23.9708,52488202.771
688041.SH,2026-01-07,225.83,226.89,219.35,222.75,225.82,-3.07,-1.3595,241500.28,5354517.594,1.039,1.17,268.1247,23.6449,51774630.977
688041.SH,2026-01-08,226.0,252.0,226.0,241.68,222.75,18.93,8.4983,519060.8,12659259.218,2.2332,2.33,290.9108,25.6543,56174602.9833
688041.SH,2026-01-09,238.01,250.77,232.0,246.55,241.68,4.87,2.0151,346525.02,8400560.822,1.4909,1.25,296.7728,26.1713,57306555.6336
688041.SH,2026-01-12,246.55,249.99,239.7,246.05,246.55,-0.5,-0.2028,270025.08,6633944.157,1.1617,0.88,296.171,26.1182,57190338.7291
688041.SH,2026-01-13,246.04,246.89,233.33,235.57,246.05,-10.48,-4.2593,259705.17,6210860.038,1.1173,0.81,283.5562,25.0057,54754432.4097
688041.SH,2026-01-14,239.81,255.97,239.8,251.5,235.57,15.93,6.7623,456353.81,11428040.798,1.9634,1.39,302.7312,26.6967,58457102.9887
688041.SH,2026-01-15,254.0,258.0,245.46,250.0,251.5,-1.5,-0.5964,264146.34,6603664.051,1.1364,0.71,300.9256,26.5375,58108452.275
688041.SH,2026-01-16,252.7,256.6,242.0,244.33,250.0,-5.67,-2.268,301105.71,7404735.639,1.2954,0.94,294.1006,25.9356,56790552.5774
688041.SH,2026-01-19,246.0,262.09,245.24,255.95,244.33,11.62,4.7559,409005.45,10421154.438,1.7597,1.32,308.0877,27.1691,59491433.4391
688041.SH,2026-01-20,261.0,273.8,253.5,254.21,255.95,-1.74,-0.6798,377613.87,9883346.581,1.6246,1.12,305.9932,26.9844,59086998.6113
688041.SH,2026-01-21,263.49,298.0,263.49,288.11,254.21,33.9,13.3354,623665.7,17745949.209,2.6832,1.72,346.7987,30.5829,66966504.7398
688041.SH,2026-01-22,302.0,308.56,285.0,288.5,288.11,0.39,0.1354,516984.5,15202145.907,2.2242,1.31,347.2682,30.6243,67057153.9254
688041.SH,2026-01-23,276.0,284.95,270.2,276.0,288.5,-12.5,-4.3328,412512.21,11382464.12,1.7748,0.93,332.2219,29.2974,64151731.3116
688041.SH,2026-01-26,275.49,285.0,269.96,273.0,276.0,-3.0,-1.087,313657.19,8647104.289,1.3494,0.67,328.6108,28.9789,63454429.8843
688041.SH,2026-01-27,274.37,279.22,268.01,270.75,273.0,-2.25,-0.8242,283748.26,7744438.107,1.2208,0.63,325.9024,28.7401,62931453.8138
688041.SH,2026-01-28,276.31,278.0,260.5,268.31,270.75,-2.44,-0.9012,344970.23,9199132.085,1.4842,0.8,322.9654,28.4811,62364315.3196
688041.SH,2026-01-29,268.3,272.8,260.51,261.29,268.22,-6.93,-2.5837,228311.04,6071189.834,0.9823,0.61,314.5154,28.0029,60732629.9797
688041.SH,2026-01-30,261.29,269.14,256.39,264.44,261.29,3.15,1.2056,226263.25,5968688.462,0.9735,0.71,318.3071,28.3405,61464796.4784
688041.SH,2026-02-02,260.0,268.34,251.92,252.3,264.44,-12.14,-4.5908,225797.43,5824944.331,0.9714,0.81,303.6941,27.0394,58643050.0359
688041.SH,2026-02-03,257.2,258.0,243.98,251.5,252.3,-0.8,-0.3171,261089.36,6519329.532,1.1233,1.0,302.7312,26.9537,58457102.9887
688041.SH,2026-02-04,248.24,248.7,240.52,244.0,251.5,-7.5,-2.9821,167345.75,4077204.476,0.72,0.65,293.7034,26.1499,56713849.4204
688041.SH,2026-02-05,238.84,242.81,236.82,238.17,244.0,-5.83,-2.3893,158729.81,3797184.765,0.6829,0.72,286.6858,25.5251,55358760.3133
688041.SH,2026-02-06,235.8,247.54,232.58,242.68,238.17,4.51,1.8936,203627.93,4902853.725,0.8761,0.98,292.1145,26.0084,56407036.7924
688041.SH,2026-02-09,251.0,253.33,244.51,250.11,242.68,7.43,3.0616,192708.27,4798522.171,0.8291,0.95,301.058,26.8047,58134019.994
688041.SH,2026-02-10,254.87,269.5,254.0,259.0,250.11,8.89,3.5544,282034.49,7437318.552,1.2134,1.43,311.7589,27.7575,60200356.5569
688041.SH,2026-02-11,255.0,258.33,251.37,255.0,259.0,-4.0,-1.5444,131843.35,3361572.076,0.5672,0.66,306.9441,27.3288,59270621.3205
688041.SH,2026-02-12,260.0,264.99,257.01,262.34,255.0,7.34,2.8784,183947.69,4811394.57,0.7914,0.95,315.7793,28.1154,60976685.4793
688041.SH,2026-02-13,260.0,265.69,258.02,259.06,262.34,-3.28,-1.2503,153207.81,4005122.305,0.6591,0.77,311.8312,27.7639,60214302.5854
688041.SH,2026-02-24,266.83,268.0,247.77,248.14,259.06,-10.92,-4.2152,213866.62,5396322.581,0.9201,1.13,298.6867,26.5936,57676125.3901
688041.SH,2026-02-25,250.0,252.33,245.18,246.48,248.14,-1.66,-0.669,159895.49,3965797.052,0.6879,0.83,296.6886,26.4157,57290285.267
688041.SH,2026-02-26,251.41,257.98,244.47,252.7,246.48,6.22,2.5235,273178.52,6853226.143,1.1753,1.62,304.1756,27.0823,58736023.5596
688041.SH,2026-02-27,247.0,269.88,242.63,261.1,252.7,8.4,3.3241,392677.23,10061862.538,1.6894,2.0,314.2867,27.9825,60688467.556
688041.SH,2026-03-02,255.08,265.0,254.75,258.95,261.1,-2.15,-0.8234,268844.41,6996210.443,1.1566,1.13,311.6988,27.7521,60188734.8664
688041.SH,2026-03-03,257.79,258.0,240.0,241.0,258.95,-17.95,-6.9318,319676.38,7857516.651,1.3753,1.22,290.0923,25.8284,56016547.9931
688041.SH,2026-03-04,236.98,243.88,233.77,236.0,241.0,-5.0,-2.0747,184682.91,4391225.518,0.7946,0.65,284.0738,25.2925,54854378.9476
688041.SH,2026-03-05,245.96,247.5,237.85,242.99,236.0,6.99,2.9619,214060.34,5197294.199,0.921,0.74,292.4877,26.0417,56479091.2732
688041.SH,2026-03-06,240.0,242.97,238.49,241.9,242.99,-1.09,-0.4486,145189.15,3488340.369,0.6246,0.53,291.1756,25.9248,56225738.4213
688041.SH,2026-03-09,232.73,241.4,226.1,238.43,241.9,-3.47,-1.4345,227851.88,5283678.883,0.9803,1.01,286.9988,25.553,55419193.1037
688041.SH,2026-03-10,246.99,250.98,244.8,247.53,238.43,9.1,3.8166,216856.37,5364984.044,0.933,0.99,297.9525,26.5282,57534340.7665
688041.SH,2026-03-11,247.54,255.36,242.82,244.2,247.53,-3.33,-1.3453,192500.48,4796792.255,0.8282,0.97,293.9441,26.1713,56760336.1822
688041.SH,2026-03-12,241.7,251.68,240.5,242.0,244.2,-2.2,-0.9009,172988.02,4222041.361,0.7442,0.87,291.296,25.9356,56248981.8022
688041.SH,2026-03-13,239.0,240.8,235.05,235.74,242.0,-6.26,-2.5868,136568.4,3237068.552,0.5876,0.71,283.7608,25.2647,54793946.1572
688041.SH,2026-03-16,235.18,236.88,224.99,233.85,235.74,-1.89,-0.8017,222473.94,5110398.365,0.9571,1.17,281.4858,25.0621,54354646.258
688041.SH,2026-03-17,235.98,236.1,227.09,227.09,233.85,-6.76,-2.8907,135972.04,3135521.608,0.585,0.72,273.3488,24.3376,52783393.7085
688041.SH,2026-03-18,228.45,232.5,224.1,231.4,227.09,4.31,1.8979,149263.49,3410110.394,0.6422,0.87,278.5368,24.7995,53785183.4257
688041.SH,2026-03-19,227.0,227.8,221.0,222.63,231.4,-8.77,-3.79,173638.54,3890788.549,0.747,1.06,267.9803,23.8596,51746738.9199
688041.SH,2026-03-20,224.5,225.5,216.0,216.42,222.63,-6.21,-2.7894,202275.63,4431220.373,0.8703,1.24,260.5053,23.1941,50303324.9654
688041.SH,2026-03-23,212.99,214.98,206.08,207.04,216.42,-9.38,-4.3342,211275.0,4434647.571,0.909,1.2,249.2146,22.1888,48123095.8361
688041.SH,2026-03-24,210.69,213.98,202.98,213.27,207.04,6.23,3.0091,220990.83,4620494.441,0.9508,1.27,256.7136,22.8565,49571158.4668
688041.SH,2026-03-25,214.45,221.53,212.55,217.4,213.27,4.13,1.9365,212937.32,4632517.003,0.9161,1.11,261.6849,23.2991,50531110.0983
688041.SH,2026-03-26,223.33,228.0,218.0,218.7,217.4,1.3,0.598,224300.34,5007330.79,0.965,1.1,263.2497,23.4385,50833274.0502
688041.SH,2026-03-27,214.6,223.89,210.3,220.95,218.7,2.25,1.0288,183993.33,4015543.479,0.7916,0.86,265.9581,23.6796,51356250.1206
688041.SH,2026-03-30,218.6,218.88,213.07,215.73,220.95,-5.22,-2.3625,146124.25,3148183.979,0.6287,0.69,259.6747,23.1202,50142945.6371
688041.SH,2026-03-31,214.56,218.04,210.01,210.26,215.73,-5.47,-2.5356,144812.94,3088342.953,0.623,0.73,253.0905,22.5339,48871532.7014
688041.SH,2026-04-01,217.1,221.8,215.0,220.31,210.26,10.05,4.7798,196837.34,4310420.75,0.8469,1.08,265.1877,23.611,51207492.4828
688041.SH,2026-04-02,219.0,219.24,211.3,213.0,220.31,-7.31,-3.3181,130062.28,2788889.515,0.5596,0.73,256.3886,22.8276,49508401.3383
688041.SH,2026-04-03,214.07,218.17,213.22,213.77,213.0,0.77,0.3615,117088.99,2521949.075,0.5038,0.73,257.3155,22.9101,49687375.3713
688041.SH,2026-04-07,214.0,223.85,211.0,217.54,213.77,3.77,1.7636,198711.09,4349341.995,0.8549,1.35,261.8534,23.3141,50563650.8316
688041.SH,2026-04-08,226.1,231.9,223.05,228.5,217.54,10.96,5.0382,309164.79,7028984.605,1.3301,1.96,208.6971,22.603,53111125.3794
688041.SH,2026-04-09,225.0,230.36,223.66,227.0,228.5,-1.5,-0.6565,196361.22,4465997.006,0.8448,1.03,207.3271,22.4546,52762474.6657
688041.SH,2026-04-10,230.49,238.51,230.49,231.82,227.0,4.82,2.1233,294606.96,6873225.597,1.2675,1.55,211.7293,22.9314,53882805.6256
688041.SH,2026-04-13,240.0,256.72,240.0,245.25,231.82,13.43,5.7933,426639.07,10575347.298,1.8355,1.91,223.9954,24.2599,57004391.6818
688041.SH,2026-04-14,251.01,252.86,245.03,248.78,245.25,3.53,1.4393,277276.05,6877119.7,1.1929,0.97,227.2195,24.6091,57824883.0279
688041.SH,2026-04-15,251.89,261.3,248.19,252.0,248.78,3.22,1.2943,362923.09,9289275.62,1.5614,1.21,230.1604,24.9276,58573319.8932
688041.SH,2026-04-16,252.5,255.0,248.0,253.0,252.0,1.0,0.3968,234218.44,5895926.736,1.0077,0.75,231.0738,25.0265,58805753.7023
688041.SH,2026-04-17,258.0,268.5,257.1,260.0,253.0,7.0,2.7668,327514.87,8608354.934,1.4091,1.03,237.4671,25.719,60432790.366
688041.SH,2026-04-20,262.0,271.55,260.59,261.78,260.0,1.78,0.6846,278573.71,7378600.881,1.1985,0.86,239.0929,25.895,60846522.5462
688041.SH,2026-04-21,260.0,260.03,250.3,252.55,261.78,-9.23,-3.5259,213874.7,5402379.36,0.9202,0.72,230.6628,24.982,58701158.4882
688041.SH,2026-04-22,251.02,260.23,251.0,259.2,252.55,6.65,2.6331,239766.66,6170071.421,1.0315,0.85,236.7364,25.6398,60246843.3187
688041.SH,2026-04-23,268.2,274.26,259.3,263.4,259.2,4.2,1.6204,361030.55,9614878.502,1.5533,1.4,240.5725,26.0553,61223065.3169
688041.SH,2026-04-24,275.63,293.3,271.06,285.0,263.4,21.6,8.2005,541251.14,15260717.932,2.3286,1.9,260.3005,28.1919,66243635.5935
688041.SH,2026-04-27,300.0,305.0,293.3,296.27,285.0,11.27,3.9544,463427.25,13849159.127,1.9938,1.42,270.5938,29.3067,68863164.6221
688041.SH,2026-04-28,290.0,300.02,286.0,289.0,296.27,-7.27,-2.4538,318007.89,9314166.158,1.3682,0.87,263.9538,28.5876,67173370.8299
688041.SH,2026-04-29,284.72,287.8,271.06,278.77,289.0,-10.23,-3.5398,356133.96,9888551.467,1.5322,0.93,254.6104,27.5757,64795572.9628
688041.SH,2026-04-30,284.9,302.68,284.88,296.25,278.77,17.48,6.2704,489092.95,14390850.47,2.1042,1.2,270.5755,29.3048,68858515.9459
688041.SH,2026-05-06,322.1,355.5,321.0,344.41,296.25,48.16,16.2565,616090.3,21239944.849,2.6506,1.42,314.5617,34.0687,80052528.1921
688041.SH,2026-05-07,342.69,343.17,333.88,341.6,344.41,-2.81,-0.8159,481372.03,16305990.336,2.071,1.07,311.9953,33.7907,79399389.1886
688041.SH,2026-05-08,333.88,338.56,320.01,323.28,341.6,-18.32,-5.363,499705.95,16242863.702,2.1499,1.11,295.263,31.9785,75141201.8058
688041.SH,2026-05-11,340.5,350.0,332.97,349.18,323.28,25.9,8.0116,545023.92,18641743.959,2.3449,1.0,318.9183,34.5406,81161237.4615
