ts_code,trade_date,open,high,low,close,pre_close,change,pct_chg,vol,amount,turnover_rate,volume_ratio,pe,pb,total_mv
688047.SH,2023-01-03,85.5,89.3,83.88,88.7,85.45,3.25,3.8034,22448.77,195966.307,6.8441,1.43,150.2026,9.1128,3556870.0
688047.SH,2023-01-04,88.8,89.9,86.37,87.78,88.7,-0.92,-1.0372,14524.61,127523.16,4.4282,1.01,148.6447,9.0182,3519978.0
688047.SH,2023-01-05,87.7,88.24,86.41,86.82,87.78,-0.96,-1.0936,13860.84,120909.191,4.2259,0.93,147.0191,8.9196,3481482.0
688047.SH,2023-01-06,86.82,87.89,85.17,85.59,86.82,-1.23,-1.4167,16251.78,140594.02,4.9548,1.05,144.9362,8.7932,3432159.0
688047.SH,2023-01-09,86.0,88.0,85.46,86.28,85.59,0.69,0.8062,11767.08,101856.326,3.5875,0.74,146.1046,8.8641,3459828.0
688047.SH,2023-01-10,86.28,88.28,86.28,86.65,86.28,0.37,0.4288,12142.6,105954.54,3.702,0.77,146.7312,8.9021,3474665.0
688047.SH,2023-01-11,87.45,87.98,83.0,83.9,86.65,-2.75,-3.1737,14509.93,123926.533,4.4238,1.06,142.0744,8.6196,3364390.0
688047.SH,2023-01-12,83.95,85.3,82.5,83.95,83.9,0.05,0.0596,6738.61,56755.299,2.0545,0.49,142.1591,8.6248,3366395.0
688047.SH,2023-01-13,83.95,84.65,83.58,83.77,83.95,-0.18,-0.2144,6283.98,52743.517,1.9158,0.51,141.8543,8.6063,3359177.0
688047.SH,2023-01-16,83.69,89.9,83.69,87.76,83.77,3.99,4.763,25204.66,220686.114,7.6843,2.45,148.6108,9.0162,3519176.0
688047.SH,2023-01-17,88.12,90.9,88.0,90.21,87.76,2.45,2.7917,20824.38,187468.185,6.3489,1.6,152.7596,9.2679,3617421.0
688047.SH,2023-01-18,90.95,91.16,89.31,90.33,90.21,0.12,0.133,9318.98,84102.641,2.8412,0.63,152.9628,9.2802,3622233.0
688047.SH,2023-01-19,90.48,105.5,90.33,101.5,90.33,11.17,12.3658,44153.45,438722.378,13.4614,3.23,171.8778,10.4278,4070150.0
688047.SH,2023-01-20,101.5,104.28,100.06,103.58,101.5,2.08,2.0493,24327.66,249210.295,7.417,1.15,175.4001,10.6415,4153558.0
688047.SH,2023-01-30,101.08,103.0,98.46,99.49,103.58,-4.09,-3.9486,30148.61,301425.957,9.1916,1.22,168.4742,10.2213,3989549.0
688047.SH,2023-01-31,98.8,100.88,94.5,95.0,99.49,-4.49,-4.513,27695.21,266562.285,8.4437,1.08,160.8709,9.76,3809500.0
688047.SH,2023-02-01,95.65,97.35,94.8,96.7,95.0,1.7,1.7895,19915.63,191386.223,6.0718,0.73,163.7496,9.9347,3877670.0
688047.SH,2023-02-02,97.0,115.95,96.99,109.1,96.7,12.4,12.8232,46629.44,492855.491,14.2163,1.59,184.7475,11.2086,4374910.0
688047.SH,2023-02-03,108.85,113.63,107.56,111.0,109.1,1.9,1.7415,38561.99,425598.505,11.7567,1.3,187.9649,11.4038,4451100.0
688047.SH,2023-02-06,109.48,112.0,106.13,109.56,111.0,-1.44,-1.2973,25412.72,277349.668,7.7478,0.78,185.5265,11.2559,4393356.0
688047.SH,2023-02-07,110.0,119.47,108.01,115.16,109.56,5.6,5.1114,36112.54,410767.122,11.0099,1.14,195.0094,11.8312,4617916.0
688047.SH,2023-02-08,118.03,119.58,105.6,106.5,115.16,-8.66,-7.52,38393.33,424599.352,11.7053,1.15,180.3447,10.9415,4270650.0
688047.SH,2023-02-09,105.53,113.99,104.62,113.0,106.5,6.5,6.1033,37537.95,412341.52,11.4445,1.01,191.3517,11.6093,4531300.0
688047.SH,2023-02-10,113.33,118.8,112.0,113.91,113.0,0.91,0.8053,37779.93,436409.119,11.5183,1.07,192.8927,11.7028,4567791.0
688047.SH,2023-02-13,112.28,124.0,112.11,118.05,113.91,4.14,3.6344,38623.76,459760.107,11.7755,1.1,199.9033,12.1281,4733805.0
688047.SH,2023-02-14,118.29,123.25,114.0,121.89,118.05,3.84,3.2529,40406.21,476983.314,12.319,1.07,206.4058,12.5226,4887789.0
688047.SH,2023-02-15,120.12,125.79,117.27,122.3,121.89,0.41,0.3364,38335.48,468106.489,11.6876,0.99,207.1001,12.5647,4904230.0
688047.SH,2023-02-16,122.0,123.77,115.0,116.0,122.3,-6.3,-5.1513,38118.99,454134.11,11.6216,0.99,196.4318,11.9175,4651600.0
688047.SH,2023-02-17,115.75,117.04,110.68,112.49,116.0,-3.51,-3.0259,25477.2,287672.267,7.7674,0.66,190.4881,11.5569,4510849.0
688047.SH,2023-02-20,111.85,116.0,110.67,114.7,112.49,2.21,1.9646,19931.15,226258.357,6.0766,0.55,194.2304,11.7839,4599470.0
688047.SH,2023-02-21,114.7,117.8,111.8,113.88,114.7,-0.82,-0.7149,17662.14,202292.207,5.3848,0.54,192.8419,11.6997,4566588.0
688047.SH,2023-02-22,112.0,117.94,111.53,115.75,113.88,1.87,1.6421,16380.68,189468.338,4.9941,0.59,196.0085,11.8918,4641575.0
688047.SH,2023-02-23,115.9,121.88,113.11,118.68,115.75,2.93,2.5313,24000.9,283499.305,7.3173,1.02,200.9701,12.1928,4759068.0
688047.SH,2023-02-24,117.1,122.92,116.8,119.04,118.68,0.36,0.3033,20888.97,249686.849,6.3686,1.01,201.5797,12.2726,4773504.0
688047.SH,2023-02-27,120.1,122.0,116.0,117.0,119.04,-2.04,-1.7137,15798.23,187990.384,4.8165,0.8,198.1252,12.0623,4691700.0
688047.SH,2023-02-28,117.88,119.9,113.16,116.0,117.0,-1.0,-0.8547,18741.26,218063.428,5.7138,0.99,196.4318,11.9592,4651600.0
688047.SH,2023-03-01,115.8,120.5,114.9,119.65,116.0,3.65,3.1466,20045.04,237353.863,6.1113,1.05,202.6127,12.3355,4797965.0
688047.SH,2023-03-02,119.0,119.85,115.2,115.5,119.65,-4.15,-3.4684,17721.76,208378.265,5.403,0.89,195.5851,11.9076,4631550.0
688047.SH,2023-03-03,116.66,128.0,112.63,122.8,115.5,7.3,6.3203,40251.04,481662.237,12.2717,2.16,207.9468,12.6602,4924280.0
688047.SH,2023-03-06,121.4,122.2,118.51,120.72,122.8,-2.08,-1.6938,25963.22,312727.799,7.9156,1.15,204.4246,12.4458,4840872.0
688047.SH,2023-03-07,120.07,120.7,112.1,113.1,120.72,-7.62,-6.3121,30515.6,351157.227,9.3035,1.24,191.521,11.6602,4535310.0
688047.SH,2023-03-08,112.91,116.0,112.6,115.15,113.1,2.05,1.8126,15392.93,176653.932,4.693,0.57,194.9925,11.8715,4617515.0
688047.SH,2023-03-09,115.9,116.98,113.7,114.97,115.15,-0.18,-0.1563,17835.76,206068.635,5.4377,0.69,194.6876,11.853,4610297.0
688047.SH,2023-03-10,113.57,115.76,109.5,110.61,114.97,-4.36,-3.7923,33512.8,378251.937,10.2173,1.29,187.3045,11.4035,4435461.0
688047.SH,2023-03-13,112.0,117.26,111.67,117.06,110.61,6.45,5.8313,27953.82,322475.888,8.5225,1.13,198.2268,12.0684,4694106.0
688047.SH,2023-03-14,116.35,123.9,114.07,121.67,117.06,4.61,3.9382,35163.5,420982.605,10.7206,1.4,206.0333,12.5437,4878967.0
688047.SH,2023-03-15,121.0,123.8,119.7,121.23,121.67,-0.44,-0.3616,21331.3,259116.02,6.5034,0.82,205.2882,12.4984,4861323.0
688047.SH,2023-03-16,119.89,123.0,119.5,119.7,121.23,-1.53,-1.2621,17734.05,214663.898,5.4067,0.65,202.6973,12.3406,4799970.0
688047.SH,2023-03-17,121.0,137.54,119.88,134.17,119.7,14.47,12.0886,46409.24,600709.796,14.1492,1.71,227.2005,13.8324,5380217.0
688047.SH,2023-03-20,134.0,139.82,132.1,136.65,134.17,2.48,1.8484,37819.25,517976.829,11.5303,1.27,231.4001,14.0881,5479665.0
688047.SH,2023-03-21,135.38,136.65,129.97,133.46,136.65,-3.19,-2.3344,31830.99,424120.228,9.7046,1.0,225.9982,13.7592,5351746.0
688047.SH,2023-03-22,132.79,141.96,131.77,138.88,133.46,5.42,4.0611,35469.59,489495.313,10.8139,1.14,235.1763,14.318,5569088.0
688047.SH,2023-03-23,137.37,149.64,137.0,145.34,138.88,6.46,4.6515,34789.49,503051.096,10.6066,1.03,246.1155,14.984,5828134.0
688047.SH,2023-03-24,144.8,150.42,140.34,145.06,145.34,-0.28,-0.1927,32630.17,474184.003,9.9482,0.88,245.6414,14.9551,5816906.0
688047.SH,2023-03-27,142.35,145.35,137.0,139.99,145.06,-5.07,-3.4951,34159.45,477433.017,10.4145,0.99,237.056,14.4324,5613599.0
688047.SH,2023-03-28,139.0,139.97,133.5,134.18,139.99,-5.81,-4.1503,26387.61,358141.211,8.045,0.78,227.2174,13.8335,5380618.0
688047.SH,2023-03-29,135.2,151.48,133.72,146.5,134.18,12.32,9.1817,48808.25,699032.249,14.8806,1.49,248.0798,15.1036,5874650.0
688047.SH,2023-03-30,146.5,147.53,141.4,143.28,146.5,-3.22,-2.198,27439.53,396054.379,8.3657,0.78,242.6272,14.7716,5745528.0
688047.SH,2023-03-31,144.0,148.0,141.5,146.61,143.28,3.33,2.3241,23898.76,347046.434,7.2862,0.71,248.2661,15.1149,5879061.0
688047.SH,2023-04-03,148.48,154.78,142.0,153.29,146.61,6.68,4.5563,38010.87,566642.498,11.5887,1.18,259.5779,15.8036,6146929.0
688047.SH,2023-04-04,154.98,172.0,152.23,157.5,153.29,4.21,2.7464,48357.08,777298.873,14.743,1.47,266.707,16.2377,6315750.0
688047.SH,2023-04-06,156.0,165.48,150.88,151.01,157.5,-6.49,-4.1206,43225.45,686574.789,13.1785,1.16,255.717,15.5686,6055501.0
688047.SH,2023-04-07,150.25,154.44,149.24,153.0,151.01,1.99,1.3178,25588.4,387889.272,7.8013,0.71,259.0868,15.7737,6135300.0
688047.SH,2023-04-10,159.0,171.0,153.34,160.02,153.0,7.02,4.5882,50754.03,817181.455,15.4738,1.42,270.9743,16.4975,6416802.0
688047.SH,2023-04-11,158.0,162.3,152.0,154.01,160.02,-6.01,-3.7558,33646.88,526037.339,10.2582,0.82,260.7971,15.8778,6175801.0
688047.SH,2023-04-12,152.44,163.22,149.1,162.88,154.01,8.87,5.7594,35236.61,556784.216,10.7429,0.87,275.8174,16.7923,6531488.0
688047.SH,2023-04-13,161.0,166.39,154.53,157.45,162.88,-5.43,-3.3337,29147.57,465302.549,8.8865,0.77,266.6223,16.2325,6313745.0
688047.SH,2023-04-14,158.0,159.98,149.6,158.58,157.45,1.13,0.7177,28249.73,439299.22,8.6127,0.81,268.5359,16.349,6359058.0
688047.SH,2023-04-17,155.02,160.0,154.0,156.57,158.58,-2.01,-1.2675,20152.49,316421.838,6.1441,0.57,265.1322,16.1418,6278457.0
688047.SH,2023-04-18,154.73,156.58,150.01,152.11,156.57,-4.46,-2.8486,23430.83,357840.948,7.1435,0.8,257.5797,15.682,6099611.0
688047.SH,2023-04-19,153.0,165.0,153.0,159.21,152.11,7.1,4.6677,43236.65,690006.623,13.1819,1.59,269.6027,16.4139,6384321.0
688047.SH,2023-04-20,160.24,171.99,159.0,169.48,159.21,10.27,6.4506,45421.18,754529.851,13.8479,1.57,286.9937,17.4727,6796148.0
688047.SH,2023-04-21,167.8,168.0,152.0,152.0,169.48,-17.48,-10.3139,42860.9,680193.851,13.0673,1.34,257.3934,15.6706,6095200.0
688047.SH,2023-04-24,150.0,161.41,149.52,157.11,152.0,5.11,3.3618,28349.52,443072.062,8.6431,0.81,266.0466,16.1974,6300111.0
688047.SH,2023-04-25,156.72,183.7,154.56,173.73,157.11,16.62,10.5786,49377.72,838902.522,15.0542,1.35,294.1905,17.9109,6966573.0
688047.SH,2023-04-26,168.0,169.6,151.66,162.5,173.73,-11.23,-6.4641,49843.35,806389.165,15.1961,1.19,1259.1294,17.039,6516250.0
688047.SH,2023-04-27,158.2,166.0,142.77,142.77,162.5,-19.73,-12.1415,41297.4,637654.827,12.5907,0.96,1106.2518,14.9702,5725077.0
688047.SH,2023-04-28,142.9,152.73,142.02,150.58,142.77,7.81,5.4703,30164.16,446745.605,9.1964,0.71,1166.7675,15.7891,6038258.0
688047.SH,2023-05-04,150.58,152.49,138.66,139.8,150.58,-10.78,-7.159,27953.98,398214.06,8.5226,0.7,1083.2387,14.6588,5605980.0
688047.SH,2023-05-05,139.0,143.64,135.57,136.55,139.8,-3.25,-2.3247,23089.61,321288.777,7.0395,0.58,1058.0562,14.318,5475655.0
688047.SH,2023-05-08,135.8,139.9,133.9,137.75,136.55,1.2,0.8788,16406.76,225128.369,5.0021,0.48,1067.3543,14.4438,5523775.0
688047.SH,2023-05-09,138.75,145.0,135.71,140.7,137.75,2.95,2.1416,22113.37,311327.889,6.7419,0.8,1090.2124,14.7532,5642070.0
688047.SH,2023-05-10,139.0,146.99,136.16,137.6,140.7,-3.1,-2.2033,22023.78,311835.341,6.7146,0.92,1066.1921,14.4281,5517760.0
688047.SH,2023-05-11,137.91,142.88,137.6,140.58,137.6,2.98,2.1657,15006.57,211073.048,4.5752,0.67,1089.2826,14.7406,5637258.0
688047.SH,2023-05-12,138.0,141.96,133.27,134.05,140.58,-6.53,-4.645,16100.07,220429.32,4.9086,0.82,1038.6849,14.0559,5375405.0
688047.SH,2023-05-15,133.33,136.25,131.61,133.35,134.05,-0.7,-0.5222,15189.88,202535.055,4.6311,0.83,1033.261,13.9825,5347335.0
688047.SH,2023-05-16,133.49,135.36,130.8,132.01,133.35,-1.34,-1.0049,12085.74,160050.222,3.6847,0.67,1022.878,13.842,5293601.0
688047.SH,2023-05-17,133.3,146.88,132.8,140.49,132.01,8.48,6.4238,24106.41,337331.207,7.3495,1.5,1088.5852,14.7312,5633649.0
688047.SH,2023-05-18,140.0,145.9,137.66,143.71,140.49,3.22,2.292,20699.76,296515.941,6.3109,1.25,1113.5353,15.0688,5762771.0
688047.SH,2023-05-19,144.17,150.5,144.17,147.17,143.71,3.46,2.4076,20568.76,304202.711,6.271,1.17,1140.3451,15.4316,5901517.0
688047.SH,2023-05-22,147.03,148.5,139.7,143.3,147.17,-3.87,-2.6296,14148.24,202379.792,4.3135,0.76,1110.3585,15.0258,5746330.0
688047.SH,2023-05-23,142.3,143.25,137.76,137.76,143.3,-5.54,-3.866,10190.39,142200.002,3.1068,0.56,1067.4318,14.4449,5524176.0
688047.SH,2023-05-24,136.51,141.19,134.31,137.13,137.76,-0.63,-0.4573,11160.81,154127.743,3.4027,0.62,1062.5503,14.3788,5498913.0
688047.SH,2023-05-25,140.99,157.68,138.57,157.68,137.13,20.55,14.9858,34303.76,507977.433,10.4585,2.23,1221.7817,16.5336,6322968.0
688047.SH,2023-05-26,155.55,165.0,153.12,161.71,157.68,4.03,2.5558,35185.74,565474.969,10.7274,1.95,1253.0081,16.9562,6484571.0
688047.SH,2023-05-29,160.0,164.25,158.1,161.68,161.71,-0.03,-0.0186,23001.57,370860.991,7.0127,1.1,1252.7757,16.953,6483368.0
688047.SH,2023-05-30,159.1,163.5,155.0,163.01,161.68,1.33,0.8226,22208.71,355331.931,6.7709,0.98,1263.0812,17.0925,6536701.0
688047.SH,2023-05-31,161.0,165.58,157.0,163.0,163.01,-0.01,-0.0061,22004.95,354563.261,6.7088,0.87,1263.0037,17.0915,6536300.0
688047.SH,2023-06-01,160.55,160.55,155.92,156.56,163.0,-6.44,-3.9509,20705.25,326621.134,6.3126,0.76,1213.1034,16.4162,6278056.0
688047.SH,2023-06-02,157.77,158.7,150.31,152.0,156.56,-4.56,-2.9126,16646.8,254820.34,5.0752,0.68,1177.7703,15.938,6095200.0
688047.SH,2023-06-05,152.32,155.31,150.22,150.49,152.0,-1.51,-0.9934,14290.01,217048.6,4.3567,0.68,1166.0701,15.7797,6034649.0
688047.SH,2023-06-06,150.57,152.8,145.56,146.0,150.49,-4.49,-2.9836,15710.19,234824.563,4.7897,0.82,1131.2794,15.3089,5854600.0
688047.SH,2023-06-07,142.58,146.0,141.68,143.98,146.0,-2.02,-1.3836,13927.71,200103.742,4.2463,0.78,1115.6274,15.0971,5773598.0
688047.SH,2023-06-08,142.45,143.42,138.76,140.0,143.98,-3.98,-2.7643,13791.87,193910.964,4.2048,0.85,1084.7884,14.6798,5614000.0
688047.SH,2023-06-09,140.21,145.28,136.9,143.0,140.0,3.0,2.1429,19797.56,277328.455,6.0358,1.33,1108.0339,14.9943,5734300.0
688047.SH,2023-06-12,144.3,146.87,137.61,139.5,143.0,-3.5,-2.4476,20622.42,293919.745,6.2873,1.33,1080.9142,14.6273,5593950.0
688047.SH,2023-06-13,139.68,143.89,136.69,142.88,139.5,3.38,2.4229,22935.95,323059.186,6.9927,1.37,1107.1041,14.9818,5729488.0
688047.SH,2023-06-14,141.55,142.8,138.0,142.55,142.88,-0.33,-0.231,20731.52,291259.191,6.3206,1.14,1104.5471,14.9472,5716255.0
688047.SH,2023-06-15,139.19,140.0,134.31,136.0,142.55,-6.55,-4.5949,24478.21,335731.652,7.4629,1.25,1053.7945,14.2604,5453600.0
688047.SH,2023-06-16,135.01,137.5,132.0,136.15,136.0,0.15,0.1103,18044.25,243123.266,5.5013,0.83,1054.9568,14.2761,5459615.0
688047.SH,2023-06-19,135.35,147.46,135.26,144.84,136.15,8.69,6.3827,29570.45,421202.421,9.0154,1.38,1122.2911,15.1873,5808084.0
688047.SH,2023-06-20,146.5,150.36,142.67,148.69,144.84,3.85,2.6581,27640.11,406218.13,8.4269,1.19,1152.1228,15.591,5962469.0
688047.SH,2023-06-21,145.2,147.6,138.06,138.76,148.69,-9.93,-6.6783,22644.49,321030.013,6.9038,0.94,1075.1803,14.5498,5564276.0
688047.SH,2023-06-26,135.0,142.96,133.99,137.53,138.76,-1.23,-0.8864,21488.39,299076.609,0.7718,0.88,1065.6497,14.4208,5514953.0
688047.SH,2023-06-27,136.98,138.65,134.1,134.87,137.53,-2.66,-1.9341,11428.45,155450.897,0.4105,0.48,1045.0387,14.1419,5408287.0
688047.SH,2023-06-28,124.07,124.84,111.29,120.4,134.87,-14.47,-10.7289,53192.82,622598.235,1.9106,2.36,932.9181,12.6246,4828040.0
688047.SH,2023-06-29,117.78,120.89,115.6,116.7,120.4,-3.7,-3.0731,27583.4,325511.464,0.9907,1.01,904.2487,12.2366,4679670.0
688047.SH,2023-06-30,115.81,117.36,113.35,114.79,116.7,-1.91,-1.6367,18141.43,208703.419,0.6516,0.67,889.449,12.0364,4603079.0
688047.SH,2023-07-03,114.93,119.5,114.88,116.38,114.79,1.59,1.3851,20381.43,238538.216,0.7321,0.77,901.7691,12.2031,4666838.0
688047.SH,2023-07-04,116.9,121.5,114.65,120.08,116.38,3.7,3.1792,20132.5,238035.914,0.7231,0.77,930.4385,12.5911,4815208.0
688047.SH,2023-07-05,119.01,122.0,116.39,116.47,120.08,-3.61,-3.0063,18907.21,224138.158,0.6791,0.68,902.4665,12.2125,4670447.0
688047.SH,2023-07-06,116.2,118.28,115.9,116.0,116.47,-0.47,-0.4035,10024.69,117308.506,0.3601,0.48,898.8247,12.1632,4651600.0
688047.SH,2023-07-07,115.58,115.95,112.88,113.09,116.0,-2.91,-2.5086,13781.73,157084.061,0.495,0.79,876.2766,11.8581,4534909.0
688047.SH,2023-07-10,112.9,115.49,112.8,113.99,113.09,0.9,0.7958,8677.38,99176.51,0.3117,0.52,883.2502,11.9525,4570999.0
688047.SH,2023-07-11,113.76,119.5,112.8,116.0,113.99,2.01,1.7633,21805.73,255178.817,0.7832,1.52,898.8247,12.1632,4651600.0
688047.SH,2023-07-12,116.06,116.5,109.7,109.95,116.0,-6.05,-5.2155,24130.03,270927.239,0.8667,1.65,851.9464,11.5289,4408995.0
688047.SH,2023-07-13,109.69,111.32,108.3,109.65,109.95,-0.3,-0.2729,22266.49,245431.073,0.7998,1.42,849.6218,11.4974,4396965.0
688047.SH,2023-07-14,111.6,112.55,109.02,109.1,109.65,-0.55,-0.5016,23049.09,254824.984,0.8279,1.27,845.3601,11.4397,4374910.0
688047.SH,2023-07-17,109.18,109.47,105.75,107.16,109.1,-1.94,-1.7782,24236.68,259616.262,0.8705,1.21,830.3281,11.2363,4297116.0
688047.SH,2023-07-18,107.29,108.62,106.08,106.7,107.16,-0.46,-0.4293,13265.04,142277.61,0.4764,0.57,826.7638,11.1881,4278670.0
688047.SH,2023-07-19,106.8,108.8,105.09,105.44,106.7,-1.26,-1.1809,14177.36,151180.244,0.5092,0.66,817.0007,11.056,4228144.0
688047.SH,2023-07-20,105.4,106.76,101.72,102.39,105.44,-3.05,-2.8926,23674.6,245777.269,0.8503,1.22,793.3678,10.7362,4105839.0
688047.SH,2023-07-21,101.88,102.7,98.69,99.78,102.39,-2.61,-2.5491,26750.69,267744.532,0.9608,1.36,773.1442,10.4625,4001178.0
688047.SH,2023-07-24,98.09,101.65,97.9,98.95,99.78,-0.83,-0.8318,23419.06,232935.527,0.8412,1.15,766.713,10.3755,3967895.0
688047.SH,2023-07-25,101.15,101.15,98.78,99.86,98.95,0.91,0.9197,14368.41,143741.333,0.5161,0.71,773.7641,10.4709,4004386.0
688047.SH,2023-07-26,100.13,100.69,98.81,99.05,99.86,-0.81,-0.8111,11494.23,114579.301,0.4128,0.56,767.4878,10.3859,3971905.0
688047.SH,2023-07-27,98.94,100.18,97.3,97.8,99.05,-1.25,-1.262,12177.38,120121.091,0.4374,0.61,757.8022,10.2549,3921780.0
688047.SH,2023-07-28,97.23,98.78,95.33,96.86,97.8,-0.94,-0.9611,15285.5,148208.483,0.549,0.87,750.5186,10.1563,3884086.0
688047.SH,2023-07-31,96.95,99.97,96.35,99.01,96.86,2.15,2.2197,22889.3,226583.274,0.8221,1.49,767.1779,10.3817,3970301.0
688047.SH,2023-08-01,98.78,104.8,97.6,102.33,99.01,3.32,3.3532,55098.57,558108.416,1.979,3.61,792.9029,10.7299,4103433.0
688047.SH,2023-08-02,99.99,100.44,95.88,99.27,102.33,-3.06,-2.9903,38175.82,377647.601,1.3712,1.63,769.1925,10.409,3980727.0
688047.SH,2023-08-03,99.51,103.66,99.03,101.35,99.27,2.08,2.0953,55089.68,560041.393,1.9787,1.92,785.3093,10.6271,4064135.0
688047.SH,2023-08-04,101.0,101.39,98.4,100.31,101.35,-1.04,-1.0261,30217.41,302285.97,1.0853,0.81,777.2509,10.5181,4022431.0
688047.SH,2023-08-07,100.55,101.2,98.5,99.98,100.31,-0.33,-0.329,27389.05,273237.422,0.9838,0.68,774.6939,10.4835,4009198.0
688047.SH,2023-08-08,99.39,107.49,99.39,106.0,99.98,6.02,6.0212,61609.02,642552.618,2.2129,1.5,821.3398,11.1147,4250600.0
688047.SH,2023-08-09,104.21,105.88,96.0,96.03,106.0,-9.97,-9.4057,89475.43,903267.979,3.2137,2.11,744.0874,10.0693,3850803.0
688047.SH,2023-08-10,94.66,96.56,91.5,96.26,96.03,0.23,0.2395,31400.02,297021.013,1.1278,0.6,745.8695,10.0934,3860026.0
688047.SH,2023-08-11,96.0,97.2,93.16,93.52,96.26,-2.74,-2.8465,19549.24,185470.922,0.7022,0.41,724.6387,9.8061,3750152.0
688047.SH,2023-08-14,93.01,97.56,92.12,94.4,93.52,0.88,0.941,29629.89,280752.09,1.0642,0.65,731.4573,9.8984,3785440.0
688047.SH,2023-08-15,95.35,95.35,92.75,94.0,94.4,-0.4,-0.4237,20129.26,189173.711,0.723,0.43,728.358,9.8564,3769400.0
688047.SH,2023-08-16,93.16,94.38,91.0,91.3,94.0,-2.7,-2.8723,17615.78,162579.243,0.6327,0.46,707.437,9.5733,3661130.0
688047.SH,2023-08-17,90.79,94.84,90.1,93.61,91.3,2.31,2.5301,20823.83,194201.82,0.7479,0.88,725.336,9.8155,3753761.0
688047.SH,2023-08-18,94.99,95.36,91.76,91.84,93.61,-1.77,-1.8908,17846.58,166415.053,0.641,0.83,711.6212,9.6299,3682784.0
688047.SH,2023-08-21,91.5,94.5,91.06,91.75,91.84,-0.09,-0.098,19200.01,178789.835,0.6896,0.91,710.9239,9.6205,3679175.0
688047.SH,2023-08-22,92.61,95.09,89.5,95.0,91.75,3.25,3.5422,31695.06,293477.082,1.1384,1.66,736.1064,9.9613,3809500.0
688047.SH,2023-08-23,94.99,94.99,90.1,90.15,95.0,-4.85,-5.1053,21935.27,202046.906,0.7879,1.02,698.5263,9.4527,3615015.0
688047.SH,2023-08-24,92.46,94.5,90.89,92.99,90.15,2.84,3.1503,27585.12,256326.267,0.9908,1.24,720.532,9.7997,3728899.0
688047.SH,2023-08-25,91.8,92.44,87.8,88.7,92.99,-4.29,-4.6134,29854.43,267860.799,1.0723,1.26,687.291,9.3476,3556870.0
688047.SH,2023-08-28,94.2,94.94,89.39,90.0,88.7,1.3,1.4656,26815.06,246227.107,0.9631,1.03,697.364,9.4846,3609000.0
688047.SH,2023-08-29,90.0,93.85,89.2,93.1,90.0,3.1,3.4444,34419.41,316270.975,1.2363,1.25,721.3843,9.8113,3733310.0
688047.SH,2023-08-30,94.3,97.58,93.2,95.98,93.1,2.88,3.0934,41487.78,396315.702,1.4901,1.48,743.7,10.1148,3848798.0
688047.SH,2023-08-31,95.0,98.49,93.53,96.91,95.98,0.93,0.969,43611.06,420120.0,1.5664,1.36,750.9061,10.2128,3886091.0
688047.SH,2023-09-01,96.83,97.79,93.35,94.0,96.91,-2.91,-3.0028,29063.25,275468.689,1.0439,0.82,728.358,9.9061,3769400.0
688047.SH,2023-09-04,94.22,94.3,91.19,93.94,94.0,-0.06,-0.0638,31072.48,287289.829,1.1161,0.89,727.893,9.8998,3766994.0
688047.SH,2023-09-05,93.91,94.61,91.6,91.86,93.94,-2.08,-2.2142,26120.75,242563.76,0.9382,0.73,711.7762,9.6806,3683586.0
688047.SH,2023-09-06,91.1,95.5,90.65,95.23,91.86,3.37,3.6686,43616.45,408300.224,1.5666,1.27,737.8886,10.0357,3818723.0
688047.SH,2023-09-07,94.94,95.0,90.0,90.0,95.23,-5.23,-5.492,37978.75,348060.727,1.3641,1.09,697.364,9.4846,3609000.0
688047.SH,2023-09-08,88.88,92.5,88.88,91.47,90.0,1.47,1.6333,27420.76,249634.07,0.9849,0.82,708.7543,9.6395,3667947.0
688047.SH,2023-09-11,91.38,94.83,90.29,94.11,91.47,2.64,2.8862,36747.75,341709.988,1.3199,1.11,729.2103,9.9177,3773811.0
688047.SH,2023-09-12,94.36,94.36,91.98,92.24,94.11,-1.87,-1.987,28921.79,268645.697,1.0388,0.84,714.7206,9.7206,3698824.0
688047.SH,2023-09-13,92.18,92.18,89.32,90.23,92.24,-2.01,-2.1791,26232.46,236678.779,0.9422,0.75,699.1462,9.5088,3618223.0
688047.SH,2023-09-14,89.99,90.49,88.38,88.89,90.23,-1.34,-1.4851,17527.15,156043.005,0.6295,0.56,688.7632,9.3676,3564489.0
688047.SH,2023-09-15,89.03,91.16,86.59,90.96,88.89,2.07,2.3287,35004.83,313321.086,1.2573,1.28,704.8025,9.5857,3647496.0
688047.SH,2023-09-18,89.49,89.8,87.8,88.09,90.96,-2.87,-3.1552,20762.64,183733.625,0.7457,0.72,682.5644,9.2833,3532409.0
688047.SH,2023-09-19,88.0,89.95,87.1,88.12,88.09,0.03,0.0341,17816.94,157639.332,0.6399,0.69,682.7968,9.2865,3533612.0
688047.SH,2023-09-20,88.0,88.77,86.22,86.28,88.12,-1.84,-2.0881,18732.52,163114.114,0.6728,0.8,668.5396,9.0925,3459828.0
688047.SH,2023-09-21,85.99,87.18,85.12,85.21,86.28,-1.07,-1.2401,14401.21,123953.505,0.5173,0.66,660.2487,8.9798,3416921.0
688047.SH,2023-09-22,85.21,88.5,84.71,88.18,85.21,2.97,3.4855,21698.32,188543.445,0.7794,1.02,683.2617,9.2928,3536018.0
688047.SH,2023-09-25,87.9,89.0,86.75,87.45,88.18,-0.73,-0.8279,13728.03,119861.422,0.4931,0.73,677.6054,9.2158,3506745.0
688047.SH,2023-09-26,87.4,88.78,85.91,86.88,87.45,-0.57,-0.6518,16733.52,145854.208,0.601,0.97,673.1887,9.1558,3483888.0
688047.SH,2023-09-27,87.1,87.59,86.51,86.89,86.88,0.01,0.0115,12551.17,109336.806,0.4508,0.74,673.2662,9.1568,3484289.0
688047.SH,2023-09-28,87.0,88.1,86.4,86.88,86.89,-0.01,-0.0115,13452.96,117285.039,0.4832,0.85,673.1887,9.1558,3483888.0
688047.SH,2023-10-09,86.85,87.0,85.51,86.49,86.88,-0.39,-0.4489,13913.7,119923.448,0.4997,0.89,670.1668,9.1147,3468249.0
688047.SH,2023-10-10,87.94,93.98,87.7,90.71,86.49,4.22,4.8792,57991.34,526182.82,2.0829,4.12,702.8654,9.5594,3637471.0
688047.SH,2023-10-11,91.78,93.37,89.3,92.35,90.71,1.64,1.808,42849.99,392133.956,1.5391,1.87,715.5729,9.7322,3703235.0
688047.SH,2023-10-12,92.0,92.95,89.42,90.18,92.35,-2.17,-2.3498,31803.47,287773.114,1.1423,1.13,698.7587,9.5035,3616218.0
688047.SH,2023-10-13,89.4,90.66,88.51,89.23,90.18,-0.95,-1.0534,21336.36,190954.287,0.7664,0.67,691.3977,9.4034,3578123.0
688047.SH,2023-10-16,88.27,88.27,84.15,84.91,89.23,-4.32,-4.8414,31873.79,272296.667,1.1448,0.95,657.9242,8.9482,3404891.0
688047.SH,2023-10-17,85.0,85.98,83.8,85.05,84.91,0.14,0.1649,15291.92,129919.236,0.5492,0.41,659.009,8.9629,3410505.0
688047.SH,2023-10-18,87.0,89.89,86.44,87.47,85.05,2.42,2.8454,35266.12,310073.466,1.2667,1.23,677.7603,9.218,3507547.0
688047.SH,2023-10-19,86.01,95.0,86.01,89.91,87.47,2.44,2.7895,81347.35,746509.652,2.9218,3.0,696.6666,9.4751,3605391.0
688047.SH,2023-10-20,88.4,90.57,86.57,88.18,89.91,-1.73,-1.9241,41076.99,363039.098,1.4754,1.11,683.2617,9.2928,3536018.0
688047.SH,2023-10-23,87.53,88.46,82.14,82.6,88.18,-5.58,-6.328,41914.96,351443.041,1.5055,1.02,640.0252,8.7047,3312260.0
688047.SH,2023-10-24,82.65,83.6,79.4,83.16,82.6,0.56,0.678,36267.91,296880.826,1.3027,0.84,644.3643,8.7638,3334716.0
688047.SH,2023-10-25,83.59,86.68,83.1,84.92,83.16,1.76,2.1164,33860.34,288024.837,1.2162,0.72,658.0017,8.9492,3405292.0
688047.SH,2023-10-26,84.0,85.36,81.5,83.74,84.92,-1.18,-1.3895,28241.09,234066.311,1.0144,0.6,648.8585,8.8249,3357974.0
688047.SH,2023-10-27,80.2,80.2,74.54,79.46,83.74,-4.28,-5.1111,48854.92,380974.999,1.7548,1.35,615.6949,8.6252,3186346.0
688047.SH,2023-10-30,78.15,82.23,78.0,82.02,79.46,2.56,3.2217,33362.59,267901.526,1.1983,0.88,635.5311,8.9031,3289002.0
688047.SH,2023-10-31,82.02,82.88,79.5,80.87,82.02,-1.15,-1.4021,27467.23,221064.124,0.9866,0.76,626.6203,8.7783,3242887.0
688047.SH,2023-11-01,80.95,84.35,80.3,81.8,80.87,0.93,1.15,30565.49,252008.054,1.0978,0.89,633.8264,8.8792,3280180.0
688047.SH,2023-11-02,82.11,83.79,81.09,81.22,81.8,-0.58,-0.709,20609.65,169670.332,0.7402,0.61,629.3323,8.8163,3256922.0
688047.SH,2023-11-03,80.79,84.75,80.78,83.93,81.22,2.71,3.3366,30009.74,250178.606,1.0779,0.93,650.3307,9.1104,3365593.0
688047.SH,2023-11-06,84.5,87.46,83.83,86.92,83.93,2.99,3.5625,31154.91,267941.723,1.119,1.1,673.4987,9.435,3485492.0
688047.SH,2023-11-07,86.67,90.14,86.5,89.85,86.92,2.93,3.3709,41278.5,365653.997,1.4826,1.48,696.2017,9.753,3602985.0
688047.SH,2023-11-08,90.06,92.86,89.3,90.0,89.85,0.15,0.1669,66229.85,602301.956,2.3788,2.16,697.364,9.7693,3609000.0
688047.SH,2023-11-09,89.32,92.14,88.24,89.39,90.0,-0.61,-0.6778,36878.93,331871.451,1.3246,0.97,692.6374,9.7031,3584539.0
688047.SH,2023-11-10,87.98,90.29,87.8,88.51,89.39,-0.88,-0.9845,25861.58,230075.659,0.9289,0.63,685.8187,9.6076,3549251.0
688047.SH,2023-11-13,88.9,90.58,87.88,89.34,88.51,0.83,0.9377,19530.73,174278.07,0.7015,0.48,692.25,9.6977,3582534.0
688047.SH,2023-11-14,89.11,92.99,88.8,92.59,89.34,3.25,3.6378,48497.8,443903.682,1.7419,1.28,717.4326,10.0504,3712859.0
688047.SH,2023-11-15,95.0,98.6,93.78,96.62,92.59,4.03,4.3525,87726.42,844605.913,3.1509,2.23,748.659,10.4879,3874462.0
688047.SH,2023-11-16,95.6,96.8,94.0,94.01,96.62,-2.61,-2.7013,42738.24,407776.137,1.5351,0.98,728.4354,10.2046,3769801.0
688047.SH,2023-11-17,94.0,95.98,93.0,94.83,94.01,0.82,0.8722,36647.14,346764.721,1.3163,0.82,734.7892,10.2936,3802683.0
688047.SH,2023-11-20,96.0,101.32,95.0,100.1,94.83,5.27,5.5573,80319.29,791488.591,2.8849,1.71,775.6237,10.8656,4014010.0
688047.SH,2023-11-21,98.81,100.1,96.59,97.07,100.1,-3.03,-3.027,45496.29,446449.986,1.6341,0.77,752.1458,10.5367,3892507.0
688047.SH,2023-11-22,96.22,97.86,94.42,94.6,97.07,-2.47,-2.5446,40213.72,383720.967,1.4444,0.69,733.007,10.2686,3793460.0
688047.SH,2023-11-23,94.87,97.12,93.16,96.37,94.6,1.77,1.871,32213.27,306612.06,1.157,0.66,746.7219,10.4607,3864437.0
688047.SH,2023-11-24,95.9,95.91,91.88,92.53,96.37,-3.84,-3.9846,29690.73,277345.258,1.0664,0.63,716.9677,10.0439,3710453.0
688047.SH,2023-11-27,93.32,101.11,92.5,100.48,92.53,7.95,8.5918,89575.26,881657.24,3.2173,1.96,778.5682,10.9069,4029248.0
688047.SH,2023-11-28,100.47,110.0,98.13,102.78,100.48,2.3,2.289,123073.66,1265441.868,4.4205,2.59,796.3897,11.1565,4121478.0
688047.SH,2023-11-29,103.0,120.68,101.55,113.05,102.78,10.27,9.9922,164761.54,1808559.051,5.9178,2.62,875.9667,12.2713,4533305.0
688047.SH,2023-11-30,110.6,120.6,107.5,115.1,113.05,2.05,1.8134,163752.64,1861529.417,5.8816,1.86,891.8511,12.4938,4615510.0
688047.SH,2023-12-01,114.52,115.88,110.9,114.1,115.1,-1.0,-0.8688,99697.67,1128749.686,3.5809,0.87,884.1026,12.3853,4575410.0
688047.SH,2023-12-04,115.32,123.9,114.53,117.85,114.1,3.75,3.2866,113610.1,1353316.264,4.0806,0.89,913.1594,12.7924,4725785.0
688047.SH,2023-12-05,116.4,121.21,114.23,115.85,117.85,-2.0,-1.6971,90956.28,1067951.281,3.2669,0.68,897.6624,12.5753,4645585.0
688047.SH,2023-12-06,114.5,118.28,112.0,115.1,115.85,-0.75,-0.6474,111489.15,1275900.309,4.0044,0.88,891.8511,12.4938,4615510.0
688047.SH,2023-12-07,114.0,118.4,110.56,117.33,115.1,2.23,1.9374,104687.1,1200106.944,3.7601,0.9,909.1302,12.7359,4704933.0
688047.SH,2023-12-08,117.4,129.9,116.6,125.55,117.33,8.22,7.0059,182622.01,2260295.777,6.5594,1.75,972.8228,13.6282,5034555.0
688047.SH,2023-12-11,124.43,133.21,123.15,131.3,125.55,5.75,4.5798,97314.61,1261436.57,3.4953,0.81,1017.3766,14.2523,5265130.0
688047.SH,2023-12-12,129.5,130.63,126.05,130.05,131.3,-1.25,-0.952,77108.04,990368.949,2.7695,0.66,1007.691,14.1166,5215005.0
688047.SH,2023-12-13,131.0,131.0,120.38,120.59,130.05,-9.46,-7.2741,89740.75,1108542.97,3.2233,0.78,934.3903,13.0898,4835659.0
688047.SH,2023-12-14,120.92,122.88,118.4,119.01,120.59,-1.58,-1.3102,57243.85,689427.14,2.0561,0.52,922.1477,12.9183,4772301.0
688047.SH,2023-12-15,119.18,121.63,116.0,118.83,119.01,-0.18,-0.1512,42071.37,500847.212,1.5111,0.42,920.7529,12.8987,4765083.0
688047.SH,2023-12-18,118.67,124.35,117.11,120.98,118.83,2.15,1.8093,51113.22,620847.746,1.8359,0.7,937.4122,13.1321,4851298.0
688047.SH,2023-12-19,120.7,122.8,116.66,119.69,120.98,-1.29,-1.0663,39861.25,477037.119,1.4317,0.63,927.4166,12.9921,4799569.0
688047.SH,2023-12-20,119.49,119.6,115.28,115.3,119.69,-4.39,-3.6678,42440.95,494476.637,1.5244,0.76,893.4008,12.5156,4623530.0
688047.SH,2023-12-21,114.0,120.3,113.6,118.12,115.3,2.82,2.4458,43490.37,509376.532,1.5621,0.93,915.2515,12.8217,4736612.0
688047.SH,2023-12-22,119.33,119.45,112.17,113.88,118.12,-4.24,-3.5896,44698.08,518516.909,1.6054,1.02,882.3979,12.3614,4566588.0
688047.SH,2023-12-25,114.45,115.8,107.0,112.55,113.88,-1.33,-1.1679,46615.3,517880.112,1.6743,1.05,872.0924,12.2171,4513255.0
688047.SH,2023-12-26,111.56,113.23,107.81,108.2,112.55,-4.35,-3.8649,35539.11,390702.004,1.2765,0.82,838.3865,11.7449,4338820.0
688047.SH,2023-12-27,109.99,112.42,109.05,109.7,108.2,1.5,1.3863,33647.56,372476.114,1.2085,0.79,850.0092,11.9077,4398970.0
688047.SH,2023-12-28,108.78,112.75,108.01,110.17,109.7,0.47,0.4284,40897.35,452381.852,1.4689,1.0,853.651,11.9587,4417817.0
688047.SH,2023-12-29,110.89,112.69,108.5,110.61,110.17,0.44,0.3994,37969.39,419451.835,1.3638,0.94,857.0604,12.0065,4435461.0
688047.SH,2024-01-02,109.69,111.95,107.46,109.3,110.61,-1.31,-1.1843,35217.01,386699.209,1.2649,0.9,846.9098,11.8643,4382930.0
688047.SH,2024-01-03,108.72,110.63,107.32,108.88,109.3,-0.42,-0.3843,33437.77,363855.259,1.201,0.91,843.6555,11.8187,4366088.0
688047.SH,2024-01-04,108.49,109.43,106.18,108.11,108.88,-0.77,-0.7072,28803.1,309207.666,1.0345,0.79,837.6891,11.7351,4335211.0
688047.SH,2024-01-05,107.52,108.41,104.0,104.88,108.11,-3.23,-2.9877,28314.15,299783.587,1.017,0.8,812.6615,11.3845,4205688.0
688047.SH,2024-01-08,104.63,105.87,100.73,100.91,104.88,-3.97,-3.7853,29435.73,301769.988,1.0573,0.9,781.9,10.9536,4046491.0
688047.SH,2024-01-09,102.9,103.33,97.52,98.21,100.91,-2.7,-2.6757,36777.41,366504.252,1.321,1.18,760.9791,10.6605,3938221.0
688047.SH,2024-01-10,98.0,98.05,94.28,94.3,98.21,-3.91,-3.9813,35096.94,336116.906,1.2606,1.12,730.6825,10.2361,3781430.0
688047.SH,2024-01-11,94.29,97.78,94.29,96.0,94.3,1.7,1.8028,29867.56,287773.441,1.0728,0.94,743.8549,10.4206,3849600.0
688047.SH,2024-01-12,95.78,96.42,93.77,93.82,96.0,-2.18,-2.2708,21865.64,206944.779,0.7854,0.69,726.9632,10.184,3762182.0
688047.SH,2024-01-15,93.79,96.77,92.86,94.0,93.82,0.18,0.1919,24535.85,232840.724,0.8813,0.8,728.358,10.2035,3769400.0
688047.SH,2024-01-16,93.47,95.8,92.77,94.54,94.0,0.54,0.5745,22320.77,210005.983,0.8017,0.75,732.5421,10.2621,3791054.0
688047.SH,2024-01-17,94.5,95.83,91.62,91.8,94.54,-2.74,-2.8982,29778.83,279654.955,1.0696,1.11,711.3113,9.9647,3681180.0
688047.SH,2024-01-18,91.03,94.08,89.43,94.0,91.8,2.2,2.3965,39576.68,362972.791,1.4215,1.54,728.358,10.2035,3769400.0
688047.SH,2024-01-19,93.5,94.12,91.5,91.5,94.0,-2.5,-2.6596,21931.18,203202.932,0.7877,0.79,708.9867,9.9321,3669150.0
688047.SH,2024-01-22,92.08,93.07,86.3,86.78,91.5,-4.72,-5.1585,29885.3,268030.963,1.0734,1.08,672.4139,9.4198,3479878.0
688047.SH,2024-01-23,87.05,91.21,85.64,89.78,86.78,3.0,3.457,35464.28,315320.285,1.2738,1.24,695.6593,9.7454,3600178.0
688047.SH,2024-01-24,90.0,92.88,88.33,92.2,89.78,2.42,2.6955,45471.45,413168.075,1.6332,1.45,714.4107,10.0081,3697220.0
688047.SH,2024-01-25,91.27,94.2,90.0,93.59,92.2,1.39,1.5076,44154.87,408111.241,1.5859,1.28,725.1811,10.159,3752959.0
688047.SH,2024-01-26,93.48,93.49,89.8,90.58,93.59,-3.01,-3.2162,26690.3,243728.147,0.9587,0.75,701.8581,9.8323,3632258.0
688047.SH,2024-01-29,90.1,95.79,89.4,92.0,90.58,1.42,1.5677,40443.22,376987.854,1.4526,1.11,712.861,9.9864,3689200.0
688047.SH,2024-01-30,85.52,89.21,83.88,84.69,92.0,-7.31,-7.9457,45813.71,394878.819,1.6455,1.19,656.2195,9.1929,3396069.0
688047.SH,2024-01-31,84.18,84.69,79.46,79.78,84.69,-4.91,-5.7976,39305.42,321058.756,1.4118,0.97,618.1744,8.6599,3199178.0
688047.SH,2024-02-01,79.77,84.05,77.77,80.8,79.78,1.02,1.2785,39136.31,316902.777,1.4057,1.0,626.0779,8.7707,3240080.0
688047.SH,2024-02-02,80.81,82.0,73.58,75.82,80.8,-4.98,-6.1634,35952.65,277424.613,1.2913,0.94,587.4904,8.2301,3040382.0
688047.SH,2024-02-05,76.05,76.38,67.89,70.82,75.82,-5.0,-6.5946,41175.48,295381.17,1.4789,1.03,548.748,7.6874,2839882.0
688047.SH,2024-02-06,69.0,77.36,68.5,76.51,70.82,5.69,8.0345,39780.53,292058.545,1.4288,0.99,592.8369,8.305,3068051.0
688047.SH,2024-02-07,76.74,81.35,76.0,78.03,76.51,1.52,1.9867,43625.29,344127.345,1.5669,1.12,604.6146,8.47,3129003.0
688047.SH,2024-02-08,80.0,84.38,78.99,82.07,78.03,4.04,5.1775,38547.51,313765.65,1.3845,0.97,635.9185,8.9085,3291007.0
688047.SH,2024-02-19,85.97,90.43,82.95,89.0,82.07,6.93,8.444,53416.96,463436.819,1.9186,1.34,689.6155,9.6608,3568900.0
688047.SH,2024-02-20,87.6,87.61,85.8,86.25,89.0,-2.75,-3.0899,30516.59,263948.116,1.0961,0.7,668.3072,9.3622,3458625.0
688047.SH,2024-02-21,85.5,89.67,84.02,86.75,86.25,0.5,0.5797,33325.79,288779.782,1.197,0.81,672.1814,9.4165,3478675.0
688047.SH,2024-02-22,88.6,94.56,88.15,90.88,86.75,4.13,4.7608,40410.07,368457.286,1.4514,1.01,704.1827,9.8648,3644288.0
688047.SH,2024-02-23,92.69,93.88,90.3,91.0,90.88,0.12,0.132,27960.05,255430.851,1.0043,0.71,705.1125,9.8778,3649100.0
688047.SH,2024-02-26,90.39,96.08,90.06,93.4,91.0,2.4,2.6374,35661.2,334770.831,1.2809,0.96,723.7089,10.1384,3745340.0
688047.SH,2024-02-27,92.2,107.38,91.9,103.34,93.4,9.94,10.6424,55749.59,554794.442,2.0024,1.66,800.7288,11.2173,4143934.0
688047.SH,2024-02-28,102.56,107.99,99.0,99.0,103.34,-4.34,-4.1997,57101.57,587037.003,2.051,1.48,767.1004,10.7462,3969900.0
688047.SH,2024-02-29,98.5,103.29,97.44,102.4,99.0,3.4,3.4343,57287.18,577933.079,2.0576,1.32,793.4453,11.5394,4106240.0
688047.SH,2024-03-01,101.5,103.58,98.05,100.0,102.4,-2.4,-2.3438,58463.22,588842.371,2.0999,1.25,774.8489,11.269,4010000.0
688047.SH,2024-03-04,101.3,103.98,99.14,101.06,100.0,1.06,1.06,42735.02,433298.149,1.5349,0.81,783.0623,11.3884,4052506.0
688047.SH,2024-03-05,100.2,104.28,98.07,101.5,101.06,0.44,0.4354,55231.22,559961.833,1.9838,1.02,786.4716,11.438,4070150.0
688047.SH,2024-03-06,101.8,103.82,99.5,101.77,101.5,0.27,0.266,42821.15,437173.897,1.538,0.79,788.5637,11.4684,4080977.0
688047.SH,2024-03-07,102.0,103.39,98.0,98.15,101.77,-3.62,-3.557,43086.61,431528.991,1.5476,0.84,760.5142,11.0605,3935815.0
688047.SH,2024-03-08,98.75,101.5,97.42,99.27,98.15,1.12,1.1411,41634.2,416088.557,1.4954,0.86,769.1925,11.1867,3980727.0
688047.SH,2024-03-11,99.01,102.58,98.5,101.2,99.27,1.93,1.9442,32550.93,328587.592,1.1692,0.72,784.1471,11.4042,4058120.0
688047.SH,2024-03-12,101.8,105.76,100.01,102.88,101.2,1.68,1.6601,40989.88,420076.359,1.4723,0.95,797.1645,11.5935,4125488.0
688047.SH,2024-03-13,106.0,111.69,104.81,107.4,102.88,4.52,4.3935,60584.8,655491.186,2.1761,1.51,832.1877,12.1029,4306740.0
688047.SH,2024-03-14,105.1,106.4,99.77,102.42,107.4,-4.98,-4.6369,47821.85,493967.291,1.7176,1.09,793.6002,11.5417,4107042.0
688047.SH,2024-03-15,101.0,104.82,99.19,102.13,102.42,-0.29,-0.2831,42292.29,429097.521,1.519,0.95,791.3532,11.509,4095413.0
688047.SH,2024-03-18,101.32,106.61,101.1,104.8,102.13,2.67,2.6143,44898.4,467851.46,1.6126,1.0,812.0416,11.8099,4202480.0
688047.SH,2024-03-19,103.49,103.6,101.34,101.43,104.8,-3.37,-3.2156,31627.91,324221.159,1.136,0.67,785.9292,11.4301,4067343.0
688047.SH,2024-03-20,100.43,102.17,99.86,100.45,101.43,-0.98,-0.9662,26958.88,271717.792,0.9683,0.59,778.3357,11.3197,4028045.0
688047.SH,2024-03-21,101.75,101.79,97.46,97.55,100.45,-2.9,-2.887,33541.23,331715.475,1.2047,0.87,755.8651,10.9929,3911755.0
688047.SH,2024-03-22,97.0,98.48,94.71,94.71,97.55,-2.84,-2.9113,30828.7,296183.047,1.1073,0.86,733.8594,10.6728,3797871.0
688047.SH,2024-03-25,95.99,97.28,92.69,92.76,94.71,-1.95,-2.0589,31360.45,298456.131,1.1264,0.93,718.7498,10.4531,3719676.0
688047.SH,2024-03-26,92.77,93.8,88.96,89.99,92.76,-2.77,-2.9862,30459.27,275997.752,1.094,0.99,697.2865,10.1409,3608599.0
688047.SH,2024-03-27,89.3,89.87,85.5,85.62,89.99,-4.37,-4.8561,26050.71,227655.232,0.9357,0.85,663.4256,9.6485,3433362.0
688047.SH,2024-03-28,85.32,88.89,85.32,87.13,85.62,1.51,1.7636,26323.0,230295.097,0.9455,0.86,675.1258,9.8186,3493913.0
688047.SH,2024-03-29,86.2,87.79,85.32,87.26,87.13,0.13,0.1492,17634.58,152220.103,0.6334,0.61,676.1331,9.8333,3499126.0
688047.SH,2024-04-01,92.01,93.79,90.09,90.81,87.26,3.55,4.0683,30663.71,281336.232,1.1014,1.16,703.6403,10.2333,3641481.0
688047.SH,2024-04-02,90.05,90.83,88.0,88.61,90.81,-2.2,-2.4226,17915.71,159853.444,0.6435,0.68,686.5936,9.9854,3553261.0
688047.SH,2024-04-03,88.0,89.51,86.51,87.01,88.61,-1.6,-1.8057,20120.91,176694.729,0.7227,0.85,674.196,9.8051,3489101.0
688047.SH,2024-04-08,87.5,88.12,84.52,85.12,87.01,-1.89,-2.1722,21629.05,186595.73,0.7769,0.96,659.5514,9.5921,3413312.0
688047.SH,2024-04-09,84.85,85.9,82.96,85.3,85.12,0.18,0.2115,23134.19,194869.785,0.8309,1.07,660.9461,9.6124,3420530.0
688047.SH,2024-04-10,85.3,85.3,81.92,82.55,85.3,-2.75,-3.2239,17023.24,141475.743,0.6114,0.75,639.6378,9.3025,3310255.0
688047.SH,2024-04-11,82.19,83.5,80.01,80.1,82.55,-2.45,-2.9679,24908.18,203028.228,0.8946,1.25,620.654,9.0264,3212010.0
688047.SH,2024-04-12,80.5,82.09,80.2,80.34,80.1,0.24,0.2996,20056.61,162601.207,0.7204,0.94,622.5136,9.0535,3221634.0
688047.SH,2024-04-15,80.89,81.18,78.08,79.19,80.34,-1.15,-1.4314,21287.9,169736.923,0.7646,1.0,613.6028,8.9239,3175519.0
688047.SH,2024-04-16,78.82,79.39,76.01,76.34,79.19,-2.85,-3.5989,21083.06,163498.457,0.7573,0.99,591.5196,8.6027,3061234.0
688047.SH,2024-04-17,76.89,79.8,76.89,79.62,76.34,3.28,4.2966,25135.47,198156.292,0.9028,1.2,616.9347,8.9723,3192762.0
688047.SH,2024-04-18,79.0,80.65,78.03,79.63,79.62,0.01,0.0126,18151.42,144441.943,0.652,0.81,617.0122,8.9735,3193163.0
688047.SH,2024-04-19,78.7,79.28,77.56,77.83,79.63,-1.8,-2.2605,16721.62,130934.051,0.6006,0.79,603.0649,8.7706,3120983.0
688047.SH,2024-04-22,76.05,78.84,75.6,78.13,77.83,0.3,0.3855,12653.21,98196.804,0.4545,0.62,605.3894,8.8044,3133013.0
688047.SH,2024-04-23,78.78,79.77,77.16,77.4,78.13,-0.73,-0.9343,15084.47,118699.84,0.5418,0.8,599.733,8.7222,3103740.0
688047.SH,2024-04-24,78.35,80.99,77.64,80.49,77.4,3.09,3.9922,19209.47,152875.925,0.69,1.09,623.6759,9.0704,3227649.0
688047.SH,2024-04-25,80.49,81.8,79.88,80.61,80.49,0.12,0.1491,16272.64,131555.875,0.5845,0.99,624.6057,9.0839,3232461.0
688047.SH,2024-04-26,82.0,84.71,81.36,83.87,80.61,3.26,4.0442,24024.05,200350.493,0.8629,1.5,649.8658,9.4513,3363187.0
688047.SH,2024-04-29,83.68,89.9,83.4,87.7,83.87,3.83,4.5666,35319.1,308872.064,1.2686,2.02,,10.1247,3516770.0
688047.SH,2024-04-30,87.0,87.88,85.07,86.79,87.7,-0.91,-1.0376,19752.76,170441.353,0.7095,0.9,,10.0196,3480279.0
688047.SH,2024-05-06,88.48,89.0,86.57,86.83,86.79,0.04,0.0461,15773.54,138013.854,0.5665,0.69,,10.0242,3481883.0
688047.SH,2024-05-07,86.24,87.5,85.11,85.42,86.83,-1.41,-1.6239,16133.61,138598.558,0.5795,0.73,,9.8614,3425342.0
688047.SH,2024-05-08,85.5,90.53,85.04,88.23,85.42,2.81,3.2896,36446.89,322677.317,1.3091,1.64,,10.1858,3538023.0
688047.SH,2024-05-09,89.49,91.69,88.06,89.39,88.23,1.16,1.3147,32403.93,291522.264,1.1639,1.31,,10.3198,3584539.0
688047.SH,2024-05-10,89.09,89.09,85.8,86.3,89.39,-3.09,-3.4568,21870.92,190079.856,0.7856,0.91,,9.963,3460630.0
688047.SH,2024-05-13,86.31,86.31,81.81,82.33,86.3,-3.97,-4.6002,26662.82,222453.649,0.9577,1.09,,9.5047,3301433.0
688047.SH,2024-05-14,82.96,85.33,82.25,84.6,82.33,2.27,2.7572,19244.06,161981.961,0.6912,0.72,,9.7668,3392460.0
688047.SH,2024-05-15,84.11,85.37,83.2,83.85,84.6,-0.75,-0.8865,11509.75,97123.295,0.4134,0.42,,9.6802,3362385.0
688047.SH,2024-05-16,84.32,86.28,83.8,84.57,83.85,0.72,0.8587,16143.82,137445.583,0.5798,0.72,,9.7633,3391257.0
688047.SH,2024-05-17,84.0,92.13,83.5,91.49,84.57,6.92,8.1826,45503.97,403954.507,1.6344,2.38,,10.5622,3668749.0
688047.SH,2024-05-20,91.17,98.6,90.0,96.2,91.49,4.71,5.1481,46569.11,443698.806,1.6727,1.96,,11.1059,3857620.0
688047.SH,2024-05-21,96.18,101.3,95.55,97.8,96.2,1.6,1.6632,44194.49,437893.662,1.5874,1.59,,11.2907,3921780.0
688047.SH,2024-05-22,97.5,97.98,94.37,96.5,97.8,-1.3,-1.3292,32549.31,311803.629,1.1691,0.99,,11.1406,3869650.0
688047.SH,2024-05-23,96.29,100.6,95.73,97.11,96.5,0.61,0.6321,43330.35,424796.122,1.5563,1.17,,11.211,3894111.0
688047.SH,2024-05-24,97.01,98.2,91.8,92.61,97.11,-4.5,-4.6339,33545.72,317141.58,1.2049,0.79,,10.6915,3713661.0
688047.SH,2024-05-27,93.2,105.5,92.0,104.05,92.61,11.44,12.3529,60596.64,597113.628,2.1765,1.51,,12.0122,4172405.0
688047.SH,2024-05-28,104.0,104.44,100.81,100.85,104.05,-3.2,-3.0754,46340.95,476890.95,1.6645,1.08,,11.6428,4044085.0
688047.SH,2024-05-29,100.55,107.78,100.55,104.96,100.85,4.11,4.0754,51888.82,542594.654,1.8637,1.2,,12.1173,4208896.0
688047.SH,2024-05-30,103.6,110.0,102.3,102.8,104.96,-2.16,-2.0579,47551.43,501992.915,1.7079,1.01,,11.8679,4122280.0
688047.SH,2024-05-31,102.0,105.08,100.58,101.89,102.8,-0.91,-0.8852,29914.27,306249.648,1.0744,0.62,,11.7628,4085789.0
688047.SH,2024-06-03,101.99,104.2,99.71,101.12,101.89,-0.77,-0.7557,34468.75,350130.325,1.238,0.73,,11.6739,4054912.0
688047.SH,2024-06-04,100.0,102.49,96.98,97.9,101.12,-3.22,-3.1843,38373.76,379036.46,1.3783,0.91,,11.3022,3925790.0
688047.SH,2024-06-05,98.19,101.88,97.5,98.51,97.9,0.61,0.6231,30004.06,300164.281,1.0777,0.74,,11.3726,3950251.0
688047.SH,2024-06-06,100.04,100.92,96.34,96.69,98.51,-1.82,-1.8475,35065.79,343525.117,1.2595,0.97,,11.1625,3877269.0
688047.SH,2024-06-07,97.54,98.2,94.02,95.9,96.69,-0.79,-0.817,28278.1,271104.066,1.0157,0.84,,11.0713,3845590.0
688047.SH,2024-06-11,95.71,101.41,95.17,101.14,95.9,5.24,5.464,37816.29,371770.014,1.3583,1.14,,11.6763,4055714.0
688047.SH,2024-06-12,101.12,101.3,99.08,99.76,101.14,-1.38,-1.3644,24852.68,248545.254,0.8926,0.73,,11.5169,4000376.0
688047.SH,2024-06-13,100.04,102.98,99.75,99.85,99.76,0.09,0.0902,30800.8,311244.385,1.1063,0.99,,11.5273,4003985.0
688047.SH,2024-06-14,99.38,99.5,94.87,98.0,99.85,-1.85,-1.8528,36502.1,352785.533,1.3111,1.16,,11.3138,3929800.0
688047.SH,2024-06-17,97.08,99.27,96.5,97.08,98.0,-0.92,-0.9388,26302.8,257290.492,0.9447,0.83,,11.2075,3892908.0
688047.SH,2024-06-18,96.5,98.29,95.43,97.96,97.08,0.88,0.9065,26764.41,259245.207,0.9613,0.86,,11.3091,3928196.0
688047.SH,2024-06-19,97.81,102.66,97.29,100.59,97.96,2.63,2.6848,41094.74,412177.019,1.476,1.41,,11.6128,4033659.0
688047.SH,2024-06-20,100.58,102.96,99.0,100.28,100.59,-0.31,-0.3082,38985.65,394539.174,1.4003,1.21,,11.577,4021228.0
688047.SH,2024-06-21,99.21,99.21,96.11,97.39,100.28,-2.89,-2.8819,28026.02,272198.746,1.0066,0.83,,11.2433,3905339.0
688047.SH,2024-06-24,97.0,99.58,94.05,94.05,97.39,-3.34,-3.4295,25672.76,248523.848,0.918,0.8,,10.8577,3771405.0
688047.SH,2024-06-25,94.1,94.4,88.63,89.49,94.05,-4.56,-4.8485,31668.41,287301.236,1.1325,0.99,,10.3313,3588549.0
688047.SH,2024-06-26,90.0,91.4,87.1,90.26,89.49,0.77,0.8604,29688.6,264420.165,1.0617,0.9,,10.4202,3619426.0
688047.SH,2024-06-27,89.15,91.6,88.34,88.57,90.26,-1.69,-1.8724,19261.92,172863.75,0.6888,0.63,,10.2251,3551657.0
688047.SH,2024-06-28,88.15,90.35,87.58,87.93,88.57,-0.64,-0.7226,18922.24,168343.188,0.6767,0.7,,10.1512,3525993.0
688047.SH,2024-07-01,87.7,90.07,87.18,89.58,87.93,1.65,1.8765,14437.98,128352.163,0.5163,0.58,,10.3417,3592158.0
688047.SH,2024-07-02,89.58,90.9,88.68,89.5,89.58,-0.08,-0.0893,15729.08,141335.209,0.5625,0.69,,10.3325,3588950.0
688047.SH,2024-07-03,89.49,90.8,87.06,89.27,89.5,-0.23,-0.257,17425.78,155656.295,0.6231,0.89,,10.3059,3579727.0
688047.SH,2024-07-04,89.36,89.82,85.08,85.76,89.27,-3.51,-3.9319,19519.99,170305.608,0.698,1.14,,9.9007,3438976.0
688047.SH,2024-07-05,85.68,87.98,85.31,87.28,85.76,1.52,1.7724,15103.52,130994.888,0.5401,0.88,,10.0762,3499928.0
688047.SH,2024-07-08,86.98,88.75,86.01,86.5,87.28,-0.78,-0.8937,16395.15,143665.931,0.5863,1.0,,9.9861,3468650.0
688047.SH,2024-07-09,86.0,89.72,86.0,89.56,86.5,3.06,3.5376,22576.35,199157.524,0.8073,1.34,,10.3394,3591356.0
688047.SH,2024-07-10,89.59,89.92,88.0,89.04,89.56,-0.52,-0.5806,14696.65,130880.228,0.5255,0.81,,10.2794,3570504.0
688047.SH,2024-07-11,90.53,90.79,88.7,89.52,89.04,0.48,0.5391,18046.38,162120.828,0.6453,1.02,,10.3348,3589752.0
688047.SH,2024-07-12,88.88,89.22,86.51,87.13,89.52,-2.39,-2.6698,17173.16,149969.996,0.6141,0.99,,10.0589,3493913.0
688047.SH,2024-07-15,87.45,90.5,87.11,88.9,87.13,1.77,2.0314,17946.8,159273.838,0.6418,1.01,,10.2632,3564890.0
688047.SH,2024-07-16,87.98,98.86,87.78,95.77,88.9,6.87,7.7278,53072.78,495526.125,1.8979,2.93,,11.0563,3840377.0
688047.SH,2024-07-17,94.61,96.46,93.18,93.38,95.77,-2.39,-2.4956,28817.67,272479.727,1.0305,1.19,,10.7804,3744538.0
688047.SH,2024-07-18,92.25,95.94,89.75,94.58,93.38,1.2,1.2851,38267.17,355267.133,1.3684,1.42,,10.9189,3792658.0
688047.SH,2024-07-19,93.56,99.86,93.08,98.34,94.58,3.76,3.9755,51178.99,499545.466,1.8301,1.65,,11.353,3943434.0
688047.SH,2024-07-22,98.98,104.0,97.6,98.51,98.34,0.17,0.1729,47278.82,472444.134,1.6907,1.25,,11.3726,3950251.0
688047.SH,2024-07-23,99.0,99.0,92.91,92.99,98.51,-5.52,-5.6035,39916.2,381524.423,1.4274,0.91,,10.7354,3728899.0
688047.SH,2024-07-24,91.84,96.35,91.84,93.65,92.99,0.66,0.7098,34208.76,323349.298,1.2233,0.83,,10.8116,3755365.0
688047.SH,2024-07-25,94.35,105.5,94.0,100.66,93.65,7.01,7.4853,64103.68,641018.569,2.2923,1.52,,11.6208,4036466.0
688047.SH,2024-07-26,99.7,102.97,98.09,99.16,100.66,-1.5,-1.4902,47824.02,477201.378,1.7102,1.01,,11.4477,3976316.0
688047.SH,2024-07-29,98.84,99.76,94.83,95.11,99.16,-4.05,-4.0843,41160.09,395759.749,1.4719,0.88,,10.9801,3813911.0
688047.SH,2024-07-30,94.5,98.45,94.48,97.53,95.11,2.42,2.5444,33871.3,327908.437,1.2112,0.75,,11.2595,3910953.0
688047.SH,2024-07-31,96.75,103.0,95.81,101.13,97.53,3.6,3.6912,47096.38,473339.382,1.6842,1.06,,11.6751,4055313.0
688047.SH,2024-08-01,101.0,106.29,99.86,103.38,101.13,2.25,2.2249,58839.68,607728.135,2.1041,1.26,,11.9349,4145538.0
688047.SH,2024-08-02,101.94,105.68,100.97,102.9,103.38,-0.48,-0.4643,53526.83,553068.806,1.9141,1.17,,11.8794,4126290.0
688047.SH,2024-08-05,102.88,102.88,96.75,97.0,102.9,-5.9,-5.7337,49120.52,487333.2,1.7565,1.05,,11.1983,3889700.0
688047.SH,2024-08-06,99.6,99.77,94.4,97.7,97.0,0.7,0.7216,33693.68,325564.81,1.2049,0.69,,11.2791,3917770.0
688047.SH,2024-08-07,97.7,100.2,96.13,96.48,97.7,-1.22,-1.2487,26642.99,261678.166,0.9527,0.55,,11.1383,3868848.0
688047.SH,2024-08-08,95.1,96.57,93.13,94.48,96.48,-2.0,-2.073,30417.93,287883.295,1.0877,0.69,,10.9074,3788648.0
688047.SH,2024-08-09,95.94,97.19,94.58,94.96,94.48,0.48,0.508,23369.87,224020.466,0.8357,0.6,,10.9628,3807896.0
688047.SH,2024-08-12,94.0,97.19,94.0,95.7,94.96,0.74,0.7793,18283.71,175007.335,0.6538,0.56,,11.0482,3837570.0
688047.SH,2024-08-13,95.82,97.16,95.8,97.0,95.7,1.3,1.3584,16046.41,154834.596,0.5738,0.61,,11.1983,3889700.0
688047.SH,2024-08-14,97.0,98.86,95.81,97.05,97.0,0.05,0.0515,20244.55,196405.555,0.7239,0.88,,11.2041,3891705.0
688047.SH,2024-08-15,96.1,98.9,95.85,97.85,97.05,0.8,0.8243,20539.39,200814.774,0.7345,0.95,,11.2964,3923785.0
688047.SH,2024-08-16,97.71,99.39,97.66,98.04,97.85,0.19,0.1942,18891.22,186032.794,0.6755,0.96,,11.3184,3931404.0
688047.SH,2024-08-19,97.6,99.37,95.0,95.29,98.04,-2.75,-2.805,22531.68,218943.82,0.8057,1.2,,11.0009,3821129.0
688047.SH,2024-08-20,95.39,95.5,90.58,91.04,95.29,-4.25,-4.4601,30858.72,284616.427,1.1035,1.57,,10.5102,3650704.0
688047.SH,2024-08-21,90.79,92.87,90.1,91.1,91.04,0.06,0.0659,18132.22,165827.213,0.6484,0.8,,10.5172,3653110.0
688047.SH,2024-08-22,91.49,92.41,89.8,90.1,91.1,-1.0,-1.0977,17522.65,158998.471,0.6266,0.79,,10.4017,3613010.0
688047.SH,2024-08-23,89.5,91.4,89.0,90.9,90.1,0.8,0.8879,12800.65,115344.233,0.4577,0.59,,10.4941,3645090.0
688047.SH,2024-08-26,91.0,91.8,90.22,90.4,90.9,-0.5,-0.5501,10919.57,99154.197,0.3905,0.54,,10.4364,3625040.0
688047.SH,2024-08-27,90.6,91.03,89.03,89.71,90.4,-0.69,-0.7633,10168.5,91486.731,0.3636,0.56,,10.3567,3597371.0
688047.SH,2024-08-28,87.27,87.54,83.83,84.64,89.71,-5.07,-5.6515,26307.47,225703.711,0.9407,1.89,,10.2382,3394064.0
688047.SH,2024-08-29,84.0,86.78,83.5,85.82,84.64,1.18,1.3941,18001.91,153548.82,0.6437,1.16,,10.3809,3441382.0
688047.SH,2024-08-30,86.22,92.29,86.22,90.96,85.82,5.14,5.9893,29329.77,264079.588,1.0488,1.88,,11.0026,3647496.0
688047.SH,2024-09-02,90.1,92.88,89.5,89.6,90.96,-1.36,-1.4952,20361.09,185991.548,0.7281,1.07,,10.8381,3592960.0
688047.SH,2024-09-03,89.63,92.48,89.62,91.17,89.6,1.57,1.7522,15609.35,142547.81,0.5582,0.75,,11.028,3655917.0
688047.SH,2024-09-04,90.28,93.6,90.1,92.26,91.17,1.09,1.1956,16012.02,148003.843,0.5726,0.73,,11.1599,3699626.0
688047.SH,2024-09-05,91.88,93.08,89.86,91.09,92.26,-1.17,-1.2682,14225.98,130178.731,0.5087,0.72,,11.0184,3652709.0
688047.SH,2024-09-06,90.9,95.61,90.9,93.84,91.09,2.75,3.019,25885.86,243083.734,0.9257,1.35,,11.351,3762984.0
688047.SH,2024-09-09,93.47,94.45,92.02,93.0,93.84,-0.84,-0.8951,13090.48,121905.531,0.4681,0.71,,11.2494,3729300.0
688047.SH,2024-09-10,93.0,93.9,90.8,92.9,93.0,-0.1,-0.1075,12525.8,115765.678,0.4479,0.74,,11.2373,3725290.0
688047.SH,2024-09-11,92.7,95.55,91.82,95.1,92.9,2.2,2.3681,18736.38,176690.455,0.67,1.15,,11.5034,3813510.0
688047.SH,2024-09-12,95.7,95.76,91.56,92.21,95.1,-2.89,-3.0389,19317.21,180389.094,0.6908,1.14,,11.1538,3697621.0
688047.SH,2024-09-13,91.9,93.87,88.26,89.8,92.21,-2.41,-2.6136,26060.38,236367.519,0.9319,1.45,,10.8623,3600980.0
688047.SH,2024-09-18,89.75,89.76,86.78,87.08,89.8,-2.72,-3.029,16532.99,144983.833,0.5912,0.92,,10.5333,3491908.0
688047.SH,2024-09-19,87.79,89.48,86.8,88.85,87.08,1.77,2.0326,14058.83,124280.689,0.5027,0.75,,10.7474,3562885.0
688047.SH,2024-09-20,89.0,90.4,87.9,89.53,88.85,0.68,0.7653,13601.21,121702.589,0.4864,0.72,,10.8297,3590153.0
688047.SH,2024-09-23,89.51,91.86,89.28,89.69,89.53,0.16,0.1787,14221.45,128439.323,0.5086,0.79,,10.849,3596569.0
688047.SH,2024-09-24,90.15,91.96,88.12,91.83,89.69,2.14,2.386,23451.18,212676.007,0.8386,1.39,,11.1079,3682383.0
688047.SH,2024-09-25,92.5,93.83,91.8,91.97,91.83,0.14,0.1525,25799.02,239176.546,0.9226,1.58,,11.1248,3687997.0
688047.SH,2024-09-26,92.19,94.48,90.71,94.46,91.97,2.49,2.7074,28432.54,263244.242,1.0167,1.56,,11.426,3787846.0
688047.SH,2024-09-27,95.99,100.51,95.29,99.68,94.46,5.22,5.5261,21712.24,212022.758,0.7764,1.03,,12.0574,3997168.0
688047.SH,2024-09-30,106.0,119.62,104.5,119.62,99.68,19.94,20.004,82567.23,938310.086,2.9526,3.63,,14.4694,4796762.0
688047.SH,2024-10-08,143.54,143.54,135.99,143.54,119.62,23.92,19.9967,118486.12,1687090.149,4.237,3.26,,17.3628,5755954.0
688047.SH,2024-10-09,140.0,168.88,133.5,143.96,143.54,0.42,0.2926,161150.46,2345771.042,5.7627,2.91,,17.4136,5772796.0
688047.SH,2024-10-10,144.0,144.97,128.31,131.08,143.96,-12.88,-8.9469,92146.65,1241206.129,3.2951,1.12,,15.8556,5256308.0
688047.SH,2024-10-11,127.0,132.35,123.24,124.6,131.08,-6.48,-4.9435,58282.71,739888.059,2.0842,0.61,,15.0718,4996460.0
688047.SH,2024-10-14,124.0,130.09,121.52,127.43,124.6,2.83,2.2713,57543.37,726518.537,2.0577,0.56,,15.4141,5109943.0
688047.SH,2024-10-15,126.5,130.58,124.0,124.0,127.43,-3.43,-2.6917,52347.37,664828.67,1.8719,0.54,,14.9992,4972400.0
688047.SH,2024-10-16,121.0,122.93,119.63,121.0,124.0,-3.0,-2.4194,36828.68,445791.028,1.317,0.44,,14.6363,4852100.0
688047.SH,2024-10-17,145.0,145.19,131.97,131.97,121.0,10.97,9.0661,125983.59,1746134.899,4.5051,2.12,,15.9632,5291997.0
688047.SH,2024-10-18,129.6,158.0,128.5,151.0,131.97,19.03,14.4199,138195.51,1942938.268,4.9418,2.09,,18.2651,6055100.0
688047.SH,2024-10-21,150.0,164.5,143.65,147.0,151.0,-4.0,-2.649,134687.78,2036324.003,4.8164,1.64,,17.7813,5894700.0
688047.SH,2024-10-22,146.6,147.0,139.78,141.96,147.0,-5.04,-3.4286,75555.5,1078959.116,2.7018,0.77,,17.1716,5692596.0
688047.SH,2024-10-23,139.54,142.71,138.83,139.43,141.96,-2.53,-1.7822,43834.06,616065.138,1.5675,0.43,,16.8656,5591143.0
688047.SH,2024-10-24,138.79,142.99,138.58,139.95,139.43,0.52,0.3729,39673.19,559223.569,1.4187,0.38,,16.9285,5611995.0
688047.SH,2024-10-25,141.8,143.66,138.57,139.5,139.95,-0.45,-0.3215,41538.91,583926.021,1.4854,0.48,,16.8741,5593950.0
688047.SH,2024-10-28,139.3,139.3,136.3,138.35,139.5,-1.15,-0.8244,34513.5,476019.055,1.2342,0.51,,16.735,5547835.0
688047.SH,2024-10-29,138.85,144.13,136.69,138.03,138.35,-0.32,-0.2313,61276.89,855679.28,2.1912,1.3,,16.6963,5535003.0
688047.SH,2024-10-30,136.21,137.49,131.69,134.15,138.03,-3.88,-2.811,57996.72,780893.4,2.0739,1.31,,16.7528,5379415.0
688047.SH,2024-10-31,134.25,139.62,134.21,137.62,134.15,3.47,2.5867,58463.96,804269.291,2.0907,1.24,,17.1861,5518562.0
688047.SH,2024-11-01,136.28,137.4,127.0,127.82,137.62,-9.8,-7.1211,56782.68,748706.194,2.0305,1.12,,15.9623,5125582.0
688047.SH,2024-11-04,126.5,130.41,125.9,129.23,127.82,1.41,1.1031,32056.87,411397.325,1.1463,0.6,,16.1384,5182123.0
688047.SH,2024-11-05,129.84,135.5,128.3,133.0,129.23,3.77,2.9173,57750.71,768145.744,2.0651,1.08,,16.6092,5333300.0
688047.SH,2024-11-06,134.45,144.21,132.6,139.99,133.0,6.99,5.2556,88437.88,1225954.013,3.1625,1.68,,17.4821,5613599.0
688047.SH,2024-11-07,139.0,152.88,138.0,148.5,139.99,8.51,6.079,84599.83,1247848.862,3.0253,1.44,,18.5448,5954850.0
688047.SH,2024-11-08,149.99,154.5,140.18,141.72,148.5,-6.78,-4.5657,111551.85,1645805.361,3.9891,1.75,,17.6981,5682972.0
688047.SH,2024-11-11,144.4,153.35,144.4,151.4,141.72,9.68,6.8304,112829.89,1680015.875,4.0348,1.51,,18.907,6071140.0
688047.SH,2024-11-12,151.09,156.0,148.28,149.95,151.4,-1.45,-0.9577,80751.25,1219660.621,2.8876,0.89,,18.7259,6012995.0
688047.SH,2024-11-13,149.49,158.9,148.6,155.7,149.95,5.75,3.8346,82822.45,1276648.36,2.9617,0.87,,19.444,6243570.0
688047.SH,2024-11-14,153.0,153.9,145.4,146.3,155.7,-9.4,-6.0373,61676.39,922844.181,2.2055,0.65,,18.2701,5866630.0
688047.SH,2024-11-15,146.3,147.7,138.08,138.08,146.3,-8.22,-5.6186,56087.09,795800.365,2.0057,0.62,,17.2436,5537008.0
688047.SH,2024-11-18,138.5,143.86,135.18,138.2,138.08,0.12,0.0869,43706.26,610152.753,1.5629,0.55,,17.2586,5541820.0
688047.SH,2024-11-19,139.0,146.5,137.23,145.0,138.2,6.8,4.9204,42380.29,600161.787,1.5155,0.65,,18.1078,5814500.0
688047.SH,2024-11-20,146.91,153.0,144.9,150.44,145.0,5.44,3.7517,59834.24,895990.612,2.1397,1.04,,18.7871,6032644.0
688047.SH,2024-11-21,148.9,157.18,148.5,154.0,150.44,3.56,2.3664,67371.25,1038524.695,2.4092,1.28,,19.2317,6175400.0
688047.SH,2024-11-22,153.0,154.89,144.0,144.78,154.0,-9.22,-5.987,58238.5,868046.781,2.0826,1.08,,18.0803,5805678.0
688047.SH,2024-11-25,144.28,148.55,141.88,146.08,144.78,1.3,0.8979,57978.26,841714.822,2.0733,1.07,,18.2426,5857808.0
688047.SH,2024-11-26,145.12,158.95,145.01,152.79,146.08,6.71,4.5934,69326.07,1067876.226,2.4791,1.21,,19.0806,6126879.0
688047.SH,2024-11-27,151.0,156.07,145.5,156.0,152.79,3.21,2.1009,68350.21,1039766.637,2.4442,1.09,,19.4814,6255600.0
688047.SH,2024-11-28,156.0,166.8,153.7,159.5,156.0,3.5,2.2436,86573.34,1391690.563,3.0958,1.35,,19.9185,6395950.0
688047.SH,2024-11-29,157.9,168.58,153.5,165.2,159.5,5.7,3.5737,85073.54,1363541.137,3.0422,1.25,,20.6303,6624520.0
688047.SH,2024-12-02,167.0,167.88,160.3,162.0,165.2,-3.2,-1.937,63038.72,1030074.142,2.2542,0.86,,20.2307,6496200.0
688047.SH,2024-12-03,162.0,165.6,158.0,158.9,162.0,-3.1,-1.9136,50622.54,817506.023,1.8102,0.68,,19.8436,6371890.0
688047.SH,2024-12-04,164.2,167.6,155.51,157.12,158.9,-1.78,-1.1202,62458.29,1008251.683,2.2335,0.88,,19.6213,6300512.0
688047.SH,2024-12-05,155.03,159.0,154.5,158.58,157.12,1.46,0.9292,36951.8,579495.241,1.3214,0.53,,19.8036,6359058.0
688047.SH,2024-12-06,158.62,159.92,152.5,155.78,158.58,-2.8,-1.7657,47085.82,734547.157,1.6838,0.79,,19.454,6246778.0
688047.SH,2024-12-09,155.0,155.48,150.2,153.7,155.78,-2.08,-1.3352,35830.83,547996.209,1.2813,0.69,,19.1942,6163370.0
688047.SH,2024-12-10,162.18,162.18,152.12,152.16,153.7,-1.54,-1.002,52136.92,816009.859,1.8644,1.12,,19.0019,6101616.0
688047.SH,2024-12-11,151.5,154.48,150.2,152.3,152.16,0.14,0.092,37378.47,569289.715,1.3366,0.8,,19.0194,6107230.0
688047.SH,2024-12-12,151.8,155.99,150.21,152.5,152.3,0.2,0.1313,39216.45,597119.227,1.4024,0.94,,19.0444,6115250.0
688047.SH,2024-12-13,151.0,155.88,149.04,155.53,152.5,3.03,1.9869,83966.58,1292420.909,3.0026,1.98,,19.4227,6236753.0
688047.SH,2024-12-16,152.6,154.36,144.39,144.78,155.53,-10.75,-6.9118,61615.29,915044.199,2.2033,1.24,,18.0803,5805678.0
688047.SH,2024-12-17,144.9,145.5,139.24,140.35,144.78,-4.43,-3.0598,39119.7,554806.575,1.3989,0.71,,17.5271,5628035.0
688047.SH,2024-12-18,140.0,142.6,139.16,142.01,140.35,1.66,1.1828,37152.39,523714.579,1.3286,0.71,,17.7344,5694601.0
688047.SH,2024-12-19,139.17,144.44,139.17,142.05,142.01,0.04,0.0282,40269.5,574268.729,1.44,0.77,,17.7394,5696205.0
688047.SH,2024-12-20,141.54,146.66,140.53,143.98,142.05,1.93,1.3587,55388.45,799209.173,1.9807,1.06,,17.9804,5773598.0
688047.SH,2024-12-23,144.02,150.5,141.0,143.9,143.98,-0.08,-0.0556,60125.32,880020.038,2.1501,1.29,,17.9704,5770390.0
688047.SH,2024-12-24,143.92,145.0,139.41,143.29,143.9,-0.61,-0.4239,46633.06,662065.955,1.6676,1.0,,17.8942,5745929.0
688047.SH,2024-12-25,145.0,151.0,144.14,146.57,143.29,3.28,2.2891,52013.14,769016.579,1.86,1.09,,18.3038,5877457.0
688047.SH,2024-12-26,145.6,148.7,142.99,147.9,146.57,1.33,0.9074,53262.67,776208.873,1.9047,1.05,,18.4699,5930790.0
688047.SH,2024-12-27,147.9,148.35,140.15,140.5,147.9,-7.4,-5.0034,60104.23,867826.473,2.1493,1.12,,17.5458,5634050.0
688047.SH,2024-12-30,139.98,142.5,138.18,138.39,140.5,-2.11,-1.5018,41571.68,580754.861,1.4866,0.76,,17.2823,5549439.0
688047.SH,2024-12-31,139.39,139.66,132.0,132.28,138.39,-6.11,-4.4151,45614.81,616197.563,1.6312,0.9,,16.5193,5304428.0
688047.SH,2025-01-02,131.08,132.0,124.2,126.0,132.28,-6.28,-4.7475,44737.63,571935.301,1.5998,0.89,,15.735,5052600.0
688047.SH,2025-01-03,126.5,127.8,123.28,123.61,126.0,-2.39,-1.8968,31819.58,399401.407,1.1379,0.65,,15.4365,4956761.0
688047.SH,2025-01-06,123.68,124.8,120.8,122.0,123.61,-1.61,-1.3025,24643.8,301385.773,0.8813,0.55,,15.2355,4892200.0
688047.SH,2025-01-07,122.4,126.88,121.7,126.57,122.0,4.57,3.7459,34189.55,423937.868,1.2226,0.91,,15.8062,5075457.0
688047.SH,2025-01-08,124.88,126.98,121.23,124.7,126.57,-1.87,-1.4774,34655.57,431996.821,1.2393,0.96,,15.5727,5000470.0
688047.SH,2025-01-09,123.95,125.87,122.73,122.81,124.7,-1.89,-1.5156,26552.6,329689.153,0.9495,0.78,,15.3366,4924681.0
688047.SH,2025-01-10,122.5,128.3,122.03,123.0,122.81,0.19,0.1547,47795.05,599250.408,1.7091,1.57,,15.3604,4932300.0
688047.SH,2025-01-13,120.85,123.89,119.68,122.19,123.0,-0.81,-0.6585,29185.93,355065.136,1.0437,0.87,,15.2592,4899819.0
688047.SH,2025-01-14,123.3,126.57,121.2,126.56,122.19,4.37,3.5764,40099.03,500079.1,1.4339,1.16,,15.8049,5075056.0
688047.SH,2025-01-15,126.0,127.96,124.26,124.74,126.56,-1.82,-1.4381,32783.83,412261.774,1.1723,0.92,,15.5777,5002074.0
688047.SH,2025-01-16,125.8,127.58,121.5,123.71,124.74,-1.03,-0.8257,37331.34,464324.08,1.335,1.06,,15.449,4960771.0
688047.SH,2025-01-17,122.57,127.59,121.52,125.62,123.71,1.91,1.5439,39532.64,494752.806,1.4137,1.06,,15.6876,5037362.0
688047.SH,2025-01-20,123.68,125.95,123.68,124.88,125.62,-0.74,-0.5891,31768.73,396181.549,1.136,0.89,,15.5951,5007688.0
688047.SH,2025-01-21,126.0,126.0,122.22,123.33,124.88,-1.55,-1.2412,26097.62,322499.527,0.9332,0.72,,15.4016,4945533.0
688047.SH,2025-01-22,121.96,121.96,116.0,118.35,123.33,-4.98,-4.0379,59084.88,699568.832,2.1129,1.76,,14.7797,4745835.0
688047.SH,2025-01-23,119.4,126.38,118.8,121.7,118.35,3.35,2.8306,55908.53,687607.38,1.9993,1.44,,15.198,4880170.0
688047.SH,2025-01-24,121.88,122.89,119.55,120.63,121.7,-1.07,-0.8792,41446.73,502221.216,1.4821,0.98,,15.0644,4837263.0
688047.SH,2025-01-27,121.15,122.0,116.8,116.88,120.63,-3.75,-3.1087,28861.33,342644.803,1.0321,0.67,,14.5961,4686888.0
688047.SH,2025-02-05,119.92,123.99,117.7,121.54,116.88,4.66,3.987,51573.22,624238.848,1.8442,1.22,,15.178,4873754.0
688047.SH,2025-02-06,121.21,136.12,120.5,132.98,121.54,11.44,9.4125,86251.59,1106055.585,3.0843,1.82,,16.6067,5332498.0
688047.SH,2025-02-07,132.1,137.34,129.7,131.7,132.98,-1.28,-0.9626,76880.49,1025052.696,2.7492,1.46,,16.4468,5281170.0
688047.SH,2025-02-10,136.88,141.21,135.0,138.69,131.7,6.99,5.3075,89755.63,1240408.546,3.2096,1.57,,17.3198,5561469.0
688047.SH,2025-02-11,138.33,139.18,133.6,135.16,138.69,-3.53,-2.5452,55227.0,749472.734,1.9749,0.83,,16.8789,5419916.0
688047.SH,2025-02-12,134.51,137.2,133.18,135.16,135.16,0.0,0.0,51525.7,694430.856,1.8425,0.72,,16.8789,5419916.0
688047.SH,2025-02-13,135.3,135.79,129.63,130.01,135.16,-5.15,-3.8103,48078.09,637133.961,1.7193,0.67,,16.2358,5213401.0
688047.SH,2025-02-14,130.6,135.8,129.3,133.2,130.01,3.19,2.4537,45819.07,606728.508,1.6385,0.71,,16.6342,5341320.0
688047.SH,2025-02-17,134.0,136.26,130.09,131.6,133.2,-1.6,-1.2012,50198.83,667964.818,1.7951,0.86,,16.4343,5277160.0
688047.SH,2025-02-18,131.8,134.2,127.77,128.93,131.6,-2.67,-2.0289,43726.93,571897.11,1.5637,0.87,,16.1009,5170093.0
688047.SH,2025-02-19,129.0,132.17,127.58,131.46,128.93,2.53,1.9623,46615.32,608336.143,1.6669,0.97,,16.4169,5271546.0
688047.SH,2025-02-20,131.37,131.88,128.03,130.2,131.46,-1.26,-0.9585,41606.35,540372.738,1.4878,0.89,,16.2595,5221020.0
688047.SH,2025-02-21,130.9,138.99,129.88,136.65,130.2,6.45,4.9539,91649.8,1236184.84,3.2774,2.01,,17.065,5479665.0
688047.SH,2025-02-24,136.11,139.78,134.21,138.88,136.65,2.23,1.6319,78139.04,1073739.383,2.7942,1.43,,17.3435,5569088.0
688047.SH,2025-02-25,137.0,145.0,136.1,139.97,138.88,1.09,0.7849,81105.84,1139072.658,2.9003,1.34,,17.4796,5612797.0
688047.SH,2025-02-26,141.4,146.0,138.0,143.95,139.97,3.98,2.8435,80329.87,1141908.902,2.8726,1.18,,17.9766,5772395.0
688047.SH,2025-02-27,143.25,146.49,136.75,140.05,143.95,-3.9,-2.7093,75938.69,1067866.436,2.7155,1.02,,19.1139,5616005.0
688047.SH,2025-02-28,139.5,139.5,131.32,132.58,140.05,-7.47,-5.3338,61990.61,833427.054,2.2168,0.76,,18.0944,5316458.0
688047.SH,2025-03-03,133.88,135.69,132.0,133.25,132.58,0.67,0.5054,34747.79,463607.468,1.2426,0.46,,18.1858,5343325.0
688047.SH,2025-03-04,131.01,145.36,131.0,141.7,133.25,8.45,6.3415,80173.01,1116103.41,2.867,1.2,,19.3391,5682170.0
688047.SH,2025-03-05,140.98,140.98,134.65,136.83,141.7,-4.87,-3.4368,59332.48,814413.869,2.1217,0.89,,18.6744,5486883.0
688047.SH,2025-03-06,138.0,140.99,136.88,139.0,136.83,2.17,1.5859,52399.35,730018.182,1.8738,0.84,,18.9706,5573900.0
688047.SH,2025-03-07,138.0,138.27,133.88,134.6,139.0,-4.4,-3.1655,42537.41,579302.401,1.5211,0.74,,18.3701,5397460.0
688047.SH,2025-03-10,134.31,137.49,133.02,136.44,134.6,1.84,1.367,33882.29,459279.662,1.2116,0.63,,18.6212,5471244.0
688047.SH,2025-03-11,134.0,138.68,134.0,137.3,136.44,0.86,0.6303,33186.83,454732.387,1.1867,0.62,,18.7386,5505730.0
688047.SH,2025-03-12,137.3,139.0,135.1,135.1,137.3,-2.2,-1.6023,31276.79,429416.494,1.1184,0.71,,18.4383,5417510.0
688047.SH,2025-03-13,135.88,137.5,133.55,136.0,135.1,0.9,0.6662,32352.14,438223.014,1.1569,0.84,,18.5612,5453600.0
688047.SH,2025-03-14,136.05,138.41,135.5,137.86,136.0,1.86,1.3676,33570.8,460938.018,1.2005,0.97,,18.815,5528186.0
688047.SH,2025-03-17,138.0,138.0,135.8,136.94,137.86,-0.92,-0.6673,23625.39,322962.96,0.8448,0.72,,18.6895,5491294.0
688047.SH,2025-03-18,136.5,138.98,136.02,136.32,136.94,-0.62,-0.4528,22147.34,303734.621,0.792,0.72,,18.6048,5466432.0
688047.SH,2025-03-19,135.11,135.53,132.43,132.97,136.32,-3.35,-2.4575,28215.96,376756.471,1.009,0.99,,18.1476,5332097.0
688047.SH,2025-03-20,132.6,133.75,128.5,128.5,132.97,-4.47,-3.3617,35277.6,462654.807,1.2615,1.26,,17.5376,5152850.0
688047.SH,2025-03-21,128.0,128.5,124.17,124.79,128.5,-3.71,-2.8872,29242.47,368499.71,1.0457,1.02,,17.0312,5004079.0
688047.SH,2025-03-24,124.85,126.99,124.31,126.35,124.79,1.56,1.2501,23519.15,295206.587,0.841,0.85,,17.2441,5066635.0
688047.SH,2025-03-25,126.11,126.95,124.58,125.94,126.35,-0.41,-0.3245,14639.57,183746.953,0.5235,0.53,,17.1882,5050194.0
688047.SH,2025-03-26,125.78,126.6,124.01,124.05,125.94,-1.89,-1.5007,16061.15,201220.974,0.5743,0.61,,16.9302,4974405.0
688047.SH,2025-03-27,124.05,126.88,123.0,125.22,124.05,1.17,0.9432,17054.67,213231.644,0.6099,0.72,,17.0899,5021322.0
688047.SH,2025-03-28,125.0,126.35,123.65,123.65,125.22,-1.57,-1.2538,12217.3,152258.586,0.4369,0.61,,16.8756,4958365.0
688047.SH,2025-03-31,123.12,125.1,122.7,124.58,123.65,0.93,0.7521,13077.89,162231.919,0.4677,0.78,,17.0026,4995658.0
688047.SH,2025-04-01,125.19,128.88,125.0,126.66,124.58,2.08,1.6696,18865.14,239326.67,0.6746,1.29,,17.2864,5079066.0
688047.SH,2025-04-02,126.71,127.89,125.3,126.0,126.66,-0.66,-0.5211,11732.2,148368.302,0.4195,0.76,,17.1964,5052600.0
688047.SH,2025-04-03,127.05,130.45,125.05,129.75,126.0,3.75,2.9762,24486.82,315350.23,0.8756,1.68,,17.7082,5202975.0
688047.SH,2025-04-07,126.8,134.0,117.14,122.12,129.75,-7.63,-5.8805,63336.01,812666.281,2.2649,3.94,,16.6668,4897012.0
688047.SH,2025-04-08,124.9,127.8,122.48,126.5,122.12,4.38,3.5866,43058.66,539583.543,1.5398,1.64,,17.2646,5072650.0
688047.SH,2025-04-09,124.89,143.5,124.5,137.65,126.5,11.15,8.8142,85982.87,1176199.865,3.0747,2.66,,18.7864,5519765.0
688047.SH,2025-04-10,137.0,139.9,135.59,136.11,137.65,-1.54,-1.1188,49264.82,677148.548,1.7617,1.08,,18.5762,5458011.0
688047.SH,2025-04-11,135.1,146.83,135.02,143.41,136.11,7.3,5.3633,89858.62,1276652.178,3.2133,1.69,,19.5725,5750741.0
688047.SH,2025-04-14,142.39,143.6,139.03,141.52,143.41,-1.89,-1.3179,45358.49,640695.771,1.622,0.68,,19.3145,5674952.0
688047.SH,2025-04-15,140.5,141.15,137.69,138.4,141.52,-3.12,-2.2046,36978.63,513219.551,1.3223,0.59,,18.8887,5549840.0
688047.SH,2025-04-16,139.5,140.0,135.68,137.65,138.4,-0.75,-0.5419,27739.53,382207.347,0.992,0.45,,18.7864,5519765.0
688047.SH,2025-04-17,136.83,139.39,136.1,136.1,137.65,-1.55,-1.126,26572.93,364661.002,0.9502,0.53,,18.5748,5457610.0
688047.SH,2025-04-18,135.9,140.98,135.68,139.1,136.1,3.0,2.2043,31467.02,436898.913,1.1252,0.69,,18.9842,5577910.0
688047.SH,2025-04-21,138.92,139.66,136.63,137.11,139.1,-1.99,-1.4306,24518.72,337516.487,0.8768,0.73,,18.7127,5498111.0
688047.SH,2025-04-22,136.79,136.98,134.6,136.08,137.11,-1.03,-0.7512,21250.06,288422.752,0.7599,0.72,,18.5721,5456808.0
688047.SH,2025-04-23,136.69,136.98,133.08,133.43,136.08,-2.65,-1.9474,24848.09,333527.111,0.8886,0.94,,18.2104,5350543.0
688047.SH,2025-04-24,133.14,135.83,132.71,133.13,133.43,-0.3,-0.2248,20161.27,270833.968,0.721,0.78,,18.1695,5338513.0
688047.SH,2025-04-25,133.13,133.89,131.38,132.5,133.13,-0.63,-0.4732,17932.72,237554.046,0.6413,0.73,,18.0835,5313250.0
688047.SH,2025-04-28,132.18,135.5,132.0,134.16,132.5,1.66,1.2528,14646.43,196201.685,0.5238,0.67,,18.31,5379816.0
688047.SH,2025-04-29,129.82,129.82,125.0,127.7,134.16,-6.46,-4.8151,28248.19,359497.327,1.0101,1.43,,18.3469,5120770.0
688047.SH,2025-04-30,127.5,131.5,127.5,129.79,127.7,2.09,1.6366,21442.95,278225.296,0.7668,1.01,,18.6472,5204579.0
688047.SH,2025-05-06,130.63,132.98,130.02,132.24,129.79,2.45,1.8877,18686.89,245952.466,0.6682,0.91,,18.9992,5302824.0
688047.SH,2025-05-07,133.2,134.5,131.31,132.0,132.24,-0.24,-0.1815,17811.73,236319.846,0.6369,0.88,,18.9647,5293200.0
688047.SH,2025-05-08,131.45,132.58,131.12,132.0,132.0,0.0,0.0,11781.93,155260.82,0.4213,0.58,,18.9647,5293200.0
688047.SH,2025-05-09,131.9,132.45,128.36,129.64,132.0,-2.36,-1.7879,17795.33,231076.955,0.6364,0.91,,18.6256,5198564.0
688047.SH,2025-05-12,121.16,125.0,121.16,123.98,129.64,-5.66,-4.3659,39169.91,481206.577,1.4007,2.24,,17.8124,4971598.0
688047.SH,2025-05-13,124.5,124.5,121.59,121.96,123.98,-2.02,-1.6293,19174.41,235412.681,0.6857,0.91,,17.5222,4890596.0
688047.SH,2025-05-14,122.86,123.37,121.71,122.63,121.96,0.67,0.5494,15707.12,192403.656,0.5617,0.74,,17.6185,4917463.0
688047.SH,2025-05-15,122.05,122.92,121.5,122.0,122.63,-0.63,-0.5137,9977.51,121865.855,0.3568,0.48,,17.528,4892200.0
688047.SH,2025-05-16,122.0,122.64,120.64,121.0,122.0,-1.0,-0.8197,11130.24,135244.885,0.398,0.55,,17.3843,4852100.0
688047.SH,2025-05-19,121.6,123.3,121.2,123.09,121.0,2.09,1.7273,12638.11,154919.169,0.4519,0.66,,17.6846,4935909.0
688047.SH,2025-05-20,123.06,123.27,122.22,122.35,123.09,-0.74,-0.6012,9251.91,113437.711,0.3308,0.67,,17.5782,4906235.0
688047.SH,2025-05-21,122.35,122.35,119.02,122.0,122.35,-0.35,-0.2861,16874.27,203252.769,0.6034,1.44,,17.528,4892200.0
688047.SH,2025-05-22,121.43,123.69,120.8,122.61,122.0,0.61,0.5,14407.29,176188.784,0.5152,1.2,,17.6156,4916661.0
688047.SH,2025-05-23,122.1,122.86,120.4,120.4,122.61,-2.21,-1.8025,11210.27,136380.057,0.4009,0.87,,17.2981,4828040.0
688047.SH,2025-05-26,123.1,126.5,123.1,124.78,120.4,4.38,3.6379,28013.62,349966.858,1.0018,2.18,,17.9274,5003678.0
688047.SH,2025-05-27,124.0,125.99,123.48,124.96,124.78,0.18,0.1443,13466.25,167864.719,0.4815,0.84,,17.9532,5010896.0
688047.SH,2025-05-28,125.24,125.75,122.39,123.19,124.96,-1.77,-1.4165,11052.94,136719.665,0.3952,0.66,,17.6989,4939919.0
688047.SH,2025-05-29,123.02,124.88,122.01,124.88,123.19,1.69,1.3719,13599.0,168847.651,0.4863,0.87,,17.9417,5007688.0
688047.SH,2025-05-30,124.02,129.46,122.87,129.46,124.88,4.58,3.6675,21735.79,274215.483,0.7773,1.41,,18.5997,5191346.0
688047.SH,2025-06-03,129.46,133.98,128.01,132.05,129.46,2.59,2.0006,47427.45,625798.594,1.696,2.7,,18.9719,5295205.0
688047.SH,2025-06-04,131.46,132.5,129.7,130.26,132.05,-1.79,-1.3555,25892.91,338982.078,0.9259,1.21,,18.7147,5223426.0
688047.SH,2025-06-05,130.87,131.0,129.4,130.0,130.26,-0.26,-0.1996,25089.85,326467.068,0.8972,1.05,,18.6773,5213000.0
688047.SH,2025-06-06,129.89,130.5,126.81,129.97,130.0,-0.03,-0.0231,26658.59,344418.84,0.9533,1.0,,18.673,5211797.0
688047.SH,2025-06-09,129.51,131.24,128.52,130.8,129.97,0.83,0.6386,25117.71,326827.108,0.8982,0.86,,18.7923,5245080.0
688047.SH,2025-06-10,130.9,130.9,124.27,125.44,130.8,-5.36,-4.0979,32346.63,408584.301,1.1567,1.08,,18.0222,5030144.0
688047.SH,2025-06-11,125.01,125.89,123.03,123.11,125.44,-2.33,-1.8575,24322.66,302214.861,0.8698,0.9,,17.6874,4936711.0
688047.SH,2025-06-12,122.65,123.49,121.8,121.99,123.11,-1.12,-0.9098,26403.59,323442.116,0.9442,0.99,,17.5265,4891799.0
688047.SH,2025-06-13,122.0,123.46,120.06,123.12,121.99,1.13,0.9263,80048.91,976381.194,2.8625,2.97,,17.6889,4937112.0
688047.SH,2025-06-16,122.11,122.11,120.22,120.71,123.12,-2.41,-1.9574,22980.18,277733.344,0.8218,0.61,,17.3426,4840471.0
688047.SH,2025-06-17,120.45,121.3,118.05,118.95,120.71,-1.76,-1.458,17208.78,204771.039,0.6154,0.46,,17.0898,4769895.0
688047.SH,2025-06-18,118.94,120.11,118.55,119.46,118.95,0.51,0.4288,12041.13,143712.508,0.4306,0.35,,17.163,4790346.0
688047.SH,2025-06-19,119.35,121.4,119.02,120.65,119.46,1.19,0.9961,15650.69,188110.423,0.5597,0.49,,17.334,4838065.0
688047.SH,2025-06-20,120.06,121.98,119.5,120.76,120.65,0.11,0.0912,12112.65,145985.604,0.4331,0.41,,17.3498,4842476.0
688047.SH,2025-06-23,121.0,121.46,118.8,120.6,120.76,-0.16,-0.1325,15445.84,185318.738,0.5523,0.97,,17.3268,4836060.0
688047.SH,2025-06-24,120.8,123.58,120.31,122.89,120.6,2.29,1.8988,19957.66,243958.795,0.4977,1.38,,17.6558,4927889.0
688047.SH,2025-06-25,123.51,124.1,121.68,124.1,122.89,1.21,0.9846,20682.87,254412.617,0.5158,1.38,,17.8297,4976410.0
688047.SH,2025-06-26,124.29,125.38,122.35,122.41,124.1,-1.69,-1.3618,24792.6,306244.25,0.6183,1.48,,17.5869,4908641.0
688047.SH,2025-06-27,146.88,146.89,137.01,139.01,122.41,16.6,13.561,151210.64,2136694.699,3.7708,8.13,,19.9718,5574301.0
688047.SH,2025-06-30,137.97,141.31,133.18,133.39,139.01,-5.62,-4.0429,102325.73,1385363.422,2.5518,2.2,,19.1644,5348939.0
688047.SH,2025-07-01,133.01,149.42,133.01,141.97,133.39,8.58,6.4323,122418.53,1742789.081,3.0528,1.92,,20.3971,5692997.0
688047.SH,2025-07-02,142.97,144.24,139.08,139.08,141.97,-2.89,-2.0356,70458.81,992735.919,1.7571,0.84,,19.9819,5577108.0
688047.SH,2025-07-03,139.0,139.98,134.3,134.94,139.08,-4.14,-2.9767,57033.74,775246.323,1.4223,0.61,,19.3871,5411094.0
688047.SH,2025-07-04,134.0,136.97,132.7,132.95,134.94,-1.99,-1.4747,44810.68,602286.331,1.1175,0.45,,19.1012,5331295.0
688047.SH,2025-07-07,134.07,136.36,132.8,134.35,132.95,1.4,1.053,33387.47,449157.666,0.8326,0.42,,19.3023,5387435.0
688047.SH,2025-07-08,134.2,134.76,132.78,134.69,134.35,0.34,0.2531,38962.38,520737.989,0.9716,0.59,,19.3511,5401069.0
688047.SH,2025-07-09,134.0,134.39,131.38,131.6,134.69,-3.09,-2.2942,35204.53,466525.735,0.8779,0.72,,18.9072,5277160.0
688047.SH,2025-07-10,131.56,132.87,130.82,131.95,131.6,0.35,0.266,19721.9,259739.142,0.4918,0.47,,18.9575,5291195.0
688047.SH,2025-07-11,131.41,133.86,131.13,133.0,131.95,1.05,0.7958,30645.88,407334.014,0.7642,0.89,,19.1083,5333300.0
688047.SH,2025-07-14,133.02,134.28,131.65,133.15,133.0,0.15,0.1128,20692.28,275329.41,0.516,0.66,,19.1299,5339315.0
688047.SH,2025-07-15,133.0,133.59,130.81,131.21,133.15,-1.94,-1.457,25765.76,339584.095,0.6425,0.89,,18.8512,5261521.0
688047.SH,2025-07-16,131.6,132.89,130.11,131.98,131.21,0.77,0.5868,27978.02,368129.266,0.6977,1.06,,18.9618,5292398.0
688047.SH,2025-07-17,131.4,131.7,129.66,131.29,131.98,-0.69,-0.5228,32393.48,422847.77,0.8078,1.3,,18.8627,5264729.0
688047.SH,2025-07-18,131.03,131.99,130.5,130.8,131.29,-0.49,-0.3732,22939.49,300527.049,0.5721,0.83,,18.7923,5245080.0
688047.SH,2025-07-21,131.8,131.97,130.1,130.81,130.8,0.01,0.0076,21658.21,283495.895,0.5401,0.83,,18.7937,5245481.0
688047.SH,2025-07-22,130.33,131.78,130.23,130.5,130.81,-0.31,-0.237,26995.09,353069.289,0.6732,1.03,,18.7492,5233050.0
688047.SH,2025-07-23,130.52,131.91,129.1,130.56,130.5,0.06,0.046,35750.84,466778.925,0.8915,1.35,,18.7578,5235456.0
688047.SH,2025-07-24,130.7,131.88,130.2,131.49,130.56,0.93,0.7123,26486.14,347699.834,0.6605,0.95,,18.8914,5272749.0
688047.SH,2025-07-25,131.49,136.72,130.6,135.48,131.49,3.99,3.0345,54246.3,722419.875,1.3528,2.03,,19.4646,5432748.0
688047.SH,2025-07-28,135.19,135.2,133.12,133.78,135.48,-1.7,-1.2548,32139.82,429993.71,0.8015,0.97,,19.2204,5364578.0
688047.SH,2025-07-29,133.43,136.68,132.6,135.0,133.78,1.22,0.9119,39846.74,537742.495,0.9937,1.13,,19.3957,5413500.0
688047.SH,2025-07-30,134.7,134.7,130.45,131.05,135.0,-3.95,-2.9259,36493.53,482768.892,0.9101,0.97,,18.8282,5255105.0
688047.SH,2025-07-31,130.33,134.55,129.99,131.22,131.05,0.17,0.1297,50552.3,667707.618,1.2607,1.34,,18.8526,5261922.0
688047.SH,2025-08-01,131.36,133.55,129.8,130.3,131.22,-0.92,-0.7011,29193.97,382678.158,0.728,0.68,,18.7204,5225030.0
688047.SH,2025-08-04,130.31,131.27,129.65,130.62,130.3,0.32,0.2456,23002.4,300043.986,0.5736,0.61,,18.7664,5237862.0
688047.SH,2025-08-05,130.55,130.56,128.3,129.29,130.62,-1.33,-1.0182,36501.29,472068.868,0.9103,1.02,,18.5753,5184529.0
688047.SH,2025-08-06,129.0,130.1,128.59,129.5,129.29,0.21,0.1624,26646.79,344816.975,0.6645,0.76,,18.6055,5192950.0
688047.SH,2025-08-07,129.21,131.74,127.0,129.8,129.5,0.3,0.2317,48083.1,621644.123,1.1991,1.45,,18.6486,5204980.0
688047.SH,2025-08-08,129.0,129.0,125.53,125.56,129.8,-4.24,-3.2666,49840.62,632233.605,1.2429,1.52,,18.0394,5034956.0
688047.SH,2025-08-11,125.2,126.99,125.16,126.17,125.56,0.61,0.4858,27286.39,344458.945,0.6805,0.74,,18.1271,5059417.0
688047.SH,2025-08-12,126.72,130.5,125.61,128.28,126.17,2.11,1.6723,59199.72,758356.675,1.4763,1.57,,18.4302,5144028.0
688047.SH,2025-08-13,127.48,128.45,126.63,127.9,128.28,-0.38,-0.2962,43207.79,551405.451,1.0775,1.02,,18.3756,5128790.0
688047.SH,2025-08-14,128.01,135.86,128.01,130.32,127.9,2.42,1.8921,95859.39,1265501.181,2.3905,2.11,,18.7233,5225832.0
688047.SH,2025-08-15,129.79,134.18,127.79,132.38,130.32,2.06,1.5807,63522.27,829376.833,1.5841,1.15,,19.0193,5308438.0
688047.SH,2025-08-18,132.84,134.34,131.08,133.23,132.38,0.85,0.6421,65263.72,868123.035,1.6275,1.13,,19.1414,5342523.0
688047.SH,2025-08-19,133.23,135.84,131.01,132.34,133.23,-0.89,-0.668,59009.85,787244.445,1.4716,0.9,,19.0135,5306834.0
688047.SH,2025-08-20,131.5,136.55,131.09,135.68,132.34,3.34,2.5238,77771.42,1041923.939,1.9394,1.19,,19.4934,5440768.0
688047.SH,2025-08-21,135.43,138.86,133.41,134.06,135.68,-1.62,-1.194,66306.37,900516.374,1.6535,0.92,,19.2606,5375806.0
688047.SH,2025-08-22,136.18,145.62,135.8,143.85,134.06,9.79,7.3027,140787.78,1995391.551,3.5109,2.12,,20.6672,5768385.0
688047.SH,2025-08-25,145.99,153.37,142.2,145.55,143.85,1.7,1.1818,132419.51,1938106.874,3.3022,1.62,,20.9114,5836555.0
688047.SH,2025-08-26,143.0,144.54,141.0,142.43,145.55,-3.12,-2.1436,71358.43,1018706.99,1.7795,0.75,,20.4632,5711443.0
688047.SH,2025-08-27,143.2,148.78,142.02,142.13,142.43,-0.3,-0.2106,109726.39,1595959.601,2.7363,1.12,,20.4201,5699413.0
688047.SH,2025-08-28,140.0,153.8,138.38,150.1,142.13,7.97,5.6075,147129.64,2167176.619,3.6691,1.41,,22.6764,6019010.0
688047.SH,2025-08-29,147.0,147.0,140.78,142.6,150.1,-7.5,-4.9967,106555.97,1523586.433,2.6573,0.89,,21.5433,5718260.0
688047.SH,2025-09-01,144.01,147.49,141.2,144.86,142.6,2.26,1.5849,94949.89,1370475.184,2.3678,0.84,,21.8848,5808886.0
688047.SH,2025-09-02,143.1,145.0,136.5,137.33,144.86,-7.53,-5.1981,87668.97,1225538.406,2.1863,0.83,,20.7472,5506933.0
688047.SH,2025-09-03,137.35,139.09,132.9,133.8,137.33,-3.53,-2.5705,59129.02,803646.704,1.4745,0.54,,20.2139,5365380.0
688047.SH,2025-09-04,133.33,134.12,123.77,125.61,133.8,-8.19,-6.1211,90272.18,1157957.908,2.2512,0.91,,18.9766,5036961.0
688047.SH,2025-09-05,125.71,127.64,123.77,127.16,125.61,1.55,1.234,56753.79,714184.674,1.4153,0.65,,19.2107,5099116.0
688047.SH,2025-09-08,126.26,127.21,124.6,126.17,127.16,-0.99,-0.7785,56332.35,708972.817,1.4048,0.72,,19.0612,5059417.0
688047.SH,2025-09-09,125.7,126.3,123.21,123.8,126.17,-2.37,-1.8784,44309.63,551709.283,1.105,0.63,,18.7031,4964380.0
688047.SH,2025-09-10,124.35,125.2,123.65,123.91,123.8,0.11,0.0889,39943.43,496579.45,0.9961,0.65,,18.7197,4968791.0
688047.SH,2025-09-11,123.9,130.0,123.11,129.44,123.91,5.53,4.4629,81680.66,1041252.075,2.0369,1.42,,19.5552,5190544.0
688047.SH,2025-09-12,128.4,131.98,128.0,130.0,129.44,0.56,0.4326,75953.4,985823.497,1.8941,1.36,,19.6398,5213000.0
688047.SH,2025-09-15,132.0,132.78,129.08,130.2,130.0,0.2,0.1538,58830.62,770538.847,1.4671,0.99,,19.67,5221020.0
688047.SH,2025-09-16,135.0,156.24,134.1,149.59,130.2,19.39,14.8925,222159.52,3313505.324,5.5401,3.69,,22.5994,5998559.0
688047.SH,2025-09-17,146.0,147.0,141.9,143.41,149.59,-6.18,-4.1313,141151.59,2029619.033,3.52,1.47,,21.6657,5750741.0
688047.SH,2025-09-18,146.78,152.87,142.45,145.0,143.41,1.59,1.1087,160273.78,2382786.786,3.9969,1.38,,21.9059,5814500.0
688047.SH,2025-09-19,150.8,154.5,145.6,146.1,145.0,1.1,0.7586,114036.03,1699752.377,2.8438,0.87,,22.0721,5858610.0
688047.SH,2025-09-22,145.0,160.4,142.1,157.15,146.1,11.05,7.5633,171021.15,2617274.694,4.2649,1.23,,23.7415,6301715.0
688047.SH,2025-09-23,155.55,161.4,152.0,159.0,157.15,1.85,1.1772,145984.44,2282003.509,3.6405,0.9,,24.021,6375900.0
688047.SH,2025-09-24,158.21,167.0,156.5,162.42,159.0,3.42,2.1509,146161.8,2350651.464,3.6449,1.0,,24.5377,6513042.0
688047.SH,2025-09-25,161.42,164.0,159.68,160.2,162.42,-2.22,-1.3668,90957.09,1467694.904,2.2683,0.62,,24.2023,6424020.0
688047.SH,2025-09-26,159.95,164.4,154.77,154.86,160.2,-5.34,-3.3333,95658.04,1511964.136,2.3855,0.72,,23.3955,6209886.0
688047.SH,2025-09-29,156.5,160.6,153.02,157.98,154.86,3.12,2.0147,77776.86,1219818.756,1.9396,0.6,,23.8669,6334998.0
688047.SH,2025-09-30,159.0,160.64,156.4,157.8,157.98,-0.18,-0.1139,69306.11,1097339.646,1.7283,0.62,,23.8397,6327780.0
688047.SH,2025-10-09,158.0,162.09,156.82,158.29,157.8,0.49,0.3105,95355.08,1521308.566,2.3779,0.99,,23.9137,6347429.0
688047.SH,2025-10-10,156.0,156.0,144.4,145.32,158.29,-12.97,-8.1938,114862.77,1711184.016,2.8644,1.34,,21.9543,5827332.0
688047.SH,2025-10-13,140.01,154.3,140.01,151.61,145.32,6.29,4.3284,97017.96,1458748.635,2.4194,1.07,,22.9045,6079561.0
688047.SH,2025-10-14,151.74,153.0,146.0,147.48,151.61,-4.13,-2.7241,69141.61,1031522.892,1.7242,0.76,,22.2806,5913948.0
688047.SH,2025-10-15,147.05,148.0,143.8,146.5,147.48,-0.98,-0.6645,53115.91,774150.426,1.3246,0.6,,22.1325,5874650.0
688047.SH,2025-10-16,146.5,146.5,142.06,142.63,146.5,-3.87,-2.6416,46881.86,675341.235,1.1691,0.55,,21.5479,5719463.0
688047.SH,2025-10-17,142.84,143.19,135.15,135.35,142.63,-7.28,-5.1041,56617.43,783286.328,1.4119,0.74,,20.448,5427535.0
688047.SH,2025-10-20,137.05,138.23,133.9,134.91,135.35,-0.44,-0.3251,46401.95,632306.672,1.1572,0.72,,20.3816,5409891.0
688047.SH,2025-10-21,135.7,138.0,134.12,137.8,134.91,2.89,2.1422,46267.18,632003.668,1.1538,0.85,,20.8182,5525780.0
688047.SH,2025-10-22,136.5,139.08,134.84,136.68,137.8,-1.12,-0.8128,38239.05,523118.833,0.9536,0.77,,20.649,5480868.0
688047.SH,2025-10-23,136.68,136.9,133.6,136.2,136.68,-0.48,-0.3512,32304.68,436330.528,0.8056,0.69,,20.5765,5461620.0
688047.SH,2025-10-24,137.88,140.88,136.55,140.51,136.2,4.31,3.1645,58637.2,815670.433,1.4623,1.33,,21.2276,5634451.0
688047.SH,2025-10-27,141.5,142.59,138.86,140.79,140.51,0.28,0.1993,54804.46,770027.834,1.3667,1.24,,21.2699,5645679.0
688047.SH,2025-10-28,140.0,144.68,139.15,141.95,140.79,1.16,0.8239,56079.63,799501.055,1.3985,1.22,,21.4451,5692195.0
688047.SH,2025-10-29,139.62,141.88,138.8,140.49,141.95,-1.46,-1.0285,52984.78,741692.09,1.3213,1.1,,22.0428,5633649.0
688047.SH,2025-10-30,140.93,144.8,138.18,139.62,140.49,-0.87,-0.6193,58289.63,820083.215,1.4536,1.14,,21.9063,5598762.0
688047.SH,2025-10-31,138.89,140.25,136.5,137.93,139.62,-1.69,-1.2104,45273.31,626477.394,1.129,0.81,,21.6412,5530993.0
688047.SH,2025-11-03,137.3,137.32,133.6,135.64,137.93,-2.29,-1.6603,42398.64,572360.697,1.0573,0.79,,21.2819,5439164.0
688047.SH,2025-11-04,135.9,136.48,133.4,134.13,135.64,-1.51,-1.1132,25973.6,350351.136,0.6477,0.51,,21.045,5378613.0
688047.SH,2025-11-05,132.78,133.81,131.6,132.64,134.13,-1.49,-1.1109,28346.08,375813.953,0.7069,0.63,,20.8112,5318864.0
688047.SH,2025-11-06,134.38,137.38,133.88,136.61,132.64,3.97,2.9931,39908.03,541855.646,0.9952,1.0,,21.4341,5478061.0
688047.SH,2025-11-07,135.21,135.65,133.06,133.68,136.61,-2.93,-2.1448,28624.19,384399.019,0.7138,0.79,,20.9743,5360568.0
688047.SH,2025-11-10,134.99,135.47,131.85,132.65,133.68,-1.03,-0.7705,31341.66,416888.97,0.7816,0.95,,20.8127,5319265.0
688047.SH,2025-11-11,133.99,134.8,132.66,132.99,132.65,0.34,0.2563,26696.14,356989.253,0.6657,0.87,,20.8661,5332899.0
688047.SH,2025-11-12,133.22,133.22,130.0,131.18,132.99,-1.81,-1.361,26575.66,349042.97,0.6627,0.86,,20.5821,5260318.0
688047.SH,2025-11-13,130.74,132.88,130.0,132.35,131.18,1.17,0.8919,24402.33,321863.714,0.6085,0.8,,20.7657,5307235.0
688047.SH,2025-11-14,131.35,132.19,129.2,129.2,132.35,-3.15,-2.3801,24705.54,323549.786,0.6161,0.9,,20.2714,5180920.0
688047.SH,2025-11-17,129.5,130.71,128.88,130.39,129.2,1.19,0.9211,18982.18,246200.133,0.4734,0.71,,20.4581,5228639.0
688047.SH,2025-11-18,130.0,131.37,129.5,130.25,130.39,-0.14,-0.1074,22539.14,294113.521,0.5621,0.93,,20.4362,5223025.0
688047.SH,2025-11-19,130.0,130.64,128.0,129.9,130.25,-0.35,-0.2687,24411.32,315697.5,0.6088,1.04,,20.3813,5208990.0
688047.SH,2025-11-20,130.8,131.0,128.0,128.0,129.9,-1.9,-1.4627,18874.21,243897.085,0.4707,0.82,,20.0832,5132800.0
688047.SH,2025-11-21,126.51,129.98,125.6,126.45,128.0,-1.55,-1.2109,35504.57,452124.032,0.8854,1.62,,19.84,5070645.0
688047.SH,2025-11-24,127.01,130.48,125.67,130.0,126.45,3.55,2.8074,29610.55,380108.214,0.7384,1.23,,20.397,5213000.0
688047.SH,2025-11-25,130.52,133.21,129.5,130.52,130.0,0.52,0.4,29472.48,386043.469,0.735,1.13,,20.4785,5233852.0
688047.SH,2025-11-26,130.5,132.38,129.58,131.66,130.52,1.14,0.8734,30919.47,405519.032,0.7711,1.12,,20.6574,5279566.0
688047.SH,2025-11-27,131.94,133.6,130.51,130.77,131.66,-0.89,-0.676,31412.22,414652.681,0.7833,1.09,,20.5178,5243877.0
688047.SH,2025-11-28,130.3,132.55,129.81,132.25,130.77,1.48,1.1318,22590.94,297187.144,0.5634,0.72,,20.75,5303225.0
688047.SH,2025-12-01,132.96,134.96,131.88,134.69,132.25,2.44,1.845,32186.12,430398.406,0.8026,1.12,,21.1328,5401069.0
688047.SH,2025-12-02,134.3,134.58,131.2,132.14,134.69,-2.55,-1.8932,25301.46,335122.675,0.631,0.86,,20.7327,5298814.0
688047.SH,2025-12-03,131.95,132.34,130.0,130.7,132.14,-1.44,-1.0898,19802.61,258955.603,0.4938,0.7,,20.5068,5241070.0
688047.SH,2025-12-04,130.3,132.99,129.01,132.6,130.7,1.9,1.4537,24529.35,322346.162,0.6117,0.93,,20.8049,5317260.0
688047.SH,2025-12-05,132.0,133.59,129.23,131.85,132.6,-0.75,-0.5656,26033.6,341134.605,0.6492,1.05,,20.6872,5287185.0
688047.SH,2025-12-08,131.85,133.42,131.03,133.0,131.85,1.15,0.8722,26812.03,355935.89,0.6686,1.05,,20.8677,5333300.0
688047.SH,2025-12-09,132.21,133.8,131.54,132.46,133.0,-0.54,-0.406,24140.06,319938.271,0.602,0.99,,20.7829,5311646.0
688047.SH,2025-12-10,132.0,134.48,130.0,134.37,132.46,1.91,1.4419,34985.36,463703.052,0.8725,1.44,,21.0826,5388237.0
688047.SH,2025-12-11,133.78,138.83,133.02,136.0,134.37,1.63,1.2131,52848.12,721924.733,1.3179,1.94,,21.3384,5453600.0
688047.SH,2025-12-12,135.87,147.1,133.47,145.4,136.0,9.4,6.9118,123155.69,1748491.009,3.0712,3.74,,22.8132,5830540.0
688047.SH,2025-12-15,143.0,146.08,142.48,143.3,145.4,-2.1,-1.4443,37952.61,547006.254,0.9464,0.72,,22.4837,5746330.0
688047.SH,2025-12-16,143.18,147.77,142.35,143.15,143.3,-0.15,-0.1047,45465.72,658294.729,1.1338,0.83,,22.4602,5740315.0
688047.SH,2025-12-17,141.5,143.08,138.0,142.19,143.15,-0.96,-0.6706,42296.56,595044.287,1.0548,0.72,,22.3096,5701819.0
688047.SH,2025-12-18,140.99,142.4,139.38,139.38,142.19,-2.81,-1.9762,25244.21,355282.654,0.6295,0.42,,21.8687,5589138.0
688047.SH,2025-12-19,139.72,141.3,138.7,140.28,139.38,0.9,0.6457,23486.0,328567.23,0.5857,0.43,,22.0099,5625228.0
688047.SH,2025-12-22,137.96,138.2,135.67,136.63,140.28,-3.65,-2.6019,46626.47,636397.727,1.1628,1.34,,21.4372,5478863.0
688047.SH,2025-12-23,136.64,137.75,134.95,135.7,136.63,-0.93,-0.6807,28614.22,389020.476,0.7136,0.78,,21.2913,5441570.0
688047.SH,2025-12-24,136.0,137.39,134.98,137.3,135.7,1.6,1.1791,24898.91,339728.695,0.6209,0.75,,21.5423,5505730.0
688047.SH,2025-12-25,136.91,138.11,135.8,136.35,137.3,-0.95,-0.6919,22981.82,313706.967,0.5731,0.77,,21.3933,5467635.0
688047.SH,2025-12-26,135.9,136.28,133.85,133.97,136.35,-2.38,-1.7455,29718.91,401296.827,0.7411,1.01,,21.0199,5372197.0
688047.SH,2025-12-29,133.77,135.7,133.18,133.65,133.97,-0.32,-0.2389,25230.03,339379.57,0.6292,0.83,,20.9696,5359365.0
688047.SH,2025-12-30,133.25,134.29,132.38,133.0,133.65,-0.65,-0.4863,24047.29,320728.994,0.5997,0.91,,20.8677,5333300.0
688047.SH,2025-12-31,132.85,133.85,131.05,132.11,133.0,-0.89,-0.6692,20406.36,269277.499,0.5089,0.8,,20.728,5297611.0
688047.SH,2026-01-05,133.01,135.17,132.91,135.17,132.11,3.06,2.3163,35636.33,478949.815,0.8887,1.46,,21.2081,5420317.0
688047.SH,2026-01-06,135.81,136.9,134.65,136.14,135.17,0.97,0.7176,34796.73,472491.44,0.8677,1.29,,21.3603,5459214.0
688047.SH,2026-01-07,136.14,138.5,135.35,137.26,136.14,1.12,0.8227,41903.71,574697.597,1.045,1.5,,21.5361,5504126.0
688047.SH,2026-01-08,137.52,141.98,136.36,139.5,137.26,2.24,1.6319,52817.06,739770.02,1.3171,1.68,,21.8875,5593950.0
688047.SH,2026-01-09,138.2,140.3,137.76,139.99,139.5,0.49,0.3513,42981.89,598278.178,1.0719,1.16,,21.9644,5613599.0
688047.SH,2026-01-12,139.99,164.17,139.76,162.5,139.99,22.51,16.0797,158108.23,2449472.587,3.9428,3.8,,25.4962,6516250.0
688047.SH,2026-01-13,160.0,160.8,147.9,148.3,162.5,-14.2,-8.7385,99709.99,1518453.982,2.4865,1.51,,23.2682,5946830.0
688047.SH,2026-01-14,150.78,172.51,150.56,163.85,148.3,15.55,10.4855,196746.67,3203465.473,4.9064,2.49,,25.708,6570385.0
688047.SH,2026-01-15,160.96,166.15,150.43,152.45,163.85,-11.4,-6.9576,117391.36,1816703.393,2.9275,1.07,,23.9194,6113245.0
688047.SH,2026-01-16,148.23,150.5,143.0,145.04,152.45,-7.41,-4.8606,129955.35,1896790.603,3.2408,1.06,,22.7567,5816104.0
688047.SH,2026-01-19,144.88,149.53,141.9,146.7,145.04,1.66,1.1445,100785.21,1460032.707,2.5133,0.72,,23.0172,5882670.0
688047.SH,2026-01-20,150.44,159.85,146.8,148.1,146.7,1.4,0.9543,136582.12,2090723.117,3.406,1.06,,23.2368,5938810.0
688047.SH,2026-01-21,153.04,177.72,153.04,177.72,148.1,29.62,20.0,130642.8,2243098.933,3.2579,0.96,,27.8842,7126572.0
688047.SH,2026-01-22,198.0,203.05,185.0,193.38,177.72,15.66,8.8116,296270.96,5714807.829,7.3883,2.41,,30.3413,7754538.0
688047.SH,2026-01-23,185.86,194.8,178.52,193.0,193.38,-0.38,-0.1965,241427.57,4463167.043,6.0206,1.52,,30.2816,7739300.0
688047.SH,2026-01-26,188.0,199.89,176.11,177.8,193.0,-15.2,-7.8756,179851.78,3320077.359,4.4851,0.99,,27.8968,7129780.0
688047.SH,2026-01-27,176.22,183.12,171.25,181.72,177.8,3.92,2.2047,154178.06,2728600.069,3.8448,0.78,,28.5118,7286972.0
688047.SH,2026-01-28,181.0,183.5,172.2,173.98,181.72,-7.74,-4.2593,127186.84,2236662.367,3.1717,0.63,,27.2974,6976598.0
688047.SH,2026-01-29,177.0,180.8,167.9,168.08,173.98,-5.9,-3.3912,123679.41,2156574.123,3.0843,0.62,,26.3717,6740008.0
688047.SH,2026-01-30,166.9,170.69,163.03,167.29,168.08,-0.79,-0.47,101585.12,1700080.386,2.5333,0.61,,26.2477,6708329.0
688047.SH,2026-02-02,166.0,167.09,159.8,159.8,167.29,-7.49,-4.4773,80369.14,1314909.738,2.0042,0.59,,25.0726,6407980.0
688047.SH,2026-02-03,164.16,165.18,159.21,164.7,159.8,4.9,3.0663,78347.75,1273055.377,1.9538,0.67,,25.8414,6604470.0
688047.SH,2026-02-04,161.45,161.45,153.98,156.4,164.7,-8.3,-5.0395,88520.11,1384670.419,2.2075,0.87,,24.5391,6271640.0
688047.SH,2026-02-05,153.1,155.8,152.8,154.28,156.4,-2.12,-1.3555,45729.93,705581.996,1.1404,0.48,,24.2065,6186628.0
688047.SH,2026-02-06,152.32,159.35,150.13,158.2,154.28,3.92,2.5408,77094.56,1200223.902,1.9226,0.98,,24.8215,6343820.0
688047.SH,2026-02-09,160.31,167.77,155.81,162.65,158.2,4.45,2.8129,112595.09,1819638.818,2.8079,1.52,,25.5197,6522265.0
688047.SH,2026-02-10,159.83,165.98,158.52,158.94,162.65,-3.71,-2.281,75008.8,1213612.112,1.8705,0.93,,24.9376,6373494.0
688047.SH,2026-02-11,158.0,160.19,156.58,157.0,158.94,-1.94,-1.2206,45518.37,720141.351,1.1351,0.57,,24.6333,6295700.0
688047.SH,2026-02-12,157.0,161.89,154.88,161.0,157.0,4.0,2.5478,77550.9,1228583.641,1.9339,1.09,,25.2608,6456100.0
688047.SH,2026-02-13,159.09,162.9,158.09,158.51,161.0,-2.49,-1.5466,58074.13,928867.848,1.4482,0.75,,24.8702,6356251.0
688047.SH,2026-02-24,161.0,161.09,154.16,157.79,158.51,-0.72,-0.4542,59866.46,945723.223,1.4929,0.81,,24.7572,6327379.0
688047.SH,2026-02-25,158.8,161.99,156.01,160.0,157.79,2.21,1.4006,64506.57,1026196.436,1.6086,1.02,,25.1039,6416000.0
688047.SH,2026-02-26,160.0,160.0,154.47,157.35,160.0,-2.65,-1.6563,86607.55,1357415.797,2.1598,1.42,,24.6882,6309735.0
688047.SH,2026-02-27,155.4,160.99,154.12,158.73,157.35,1.38,0.877,71210.85,1125449.213,1.7758,1.03,,24.9047,6365073.0
688047.SH,2026-03-02,155.88,158.46,152.75,154.3,158.73,-4.43,-2.7909,73048.55,1134405.022,1.8217,1.07,,24.6726,6187430.0
688047.SH,2026-03-03,155.1,155.5,144.0,144.47,154.3,-9.83,-6.3707,81665.24,1211273.067,2.0365,1.15,,23.1008,5793247.0
688047.SH,2026-03-04,143.0,146.38,141.48,142.15,144.47,-2.32,-1.6059,56375.07,809875.501,1.4059,0.75,,22.7298,5700215.0
688047.SH,2026-03-05,145.66,146.6,143.6,144.59,142.15,2.44,1.7165,43582.15,632037.366,1.0868,0.59,,23.1199,5798059.0
688047.SH,2026-03-06,143.78,149.96,142.6,149.96,144.59,5.37,3.7139,55483.76,814650.685,1.3836,0.85,,23.9786,6013396.0
688047.SH,2026-03-09,153.28,162.8,150.23,160.3,149.96,10.34,6.8952,174697.51,2740787.76,4.3565,2.82,,25.632,6428030.0
688047.SH,2026-03-10,160.45,160.45,154.22,157.0,160.3,-3.3,-2.0586,121190.25,1899784.255,3.0222,1.47,,25.1043,6295700.0
688047.SH,2026-03-11,156.0,157.85,151.94,151.97,157.0,-5.03,-3.2038,75991.97,1173947.939,1.8951,0.84,,24.3,6093997.0
688047.SH,2026-03-12,151.68,155.44,148.0,149.33,151.97,-2.64,-1.7372,62521.44,946248.36,1.5591,0.66,,23.8779,5988133.0
688047.SH,2026-03-13,147.29,148.47,143.6,145.15,149.33,-4.18,-2.7992,64815.95,942940.464,1.6164,0.66,,23.2095,5820515.0
688047.SH,2026-03-16,145.6,155.5,141.67,155.5,145.15,10.35,7.1306,100178.69,1490719.279,2.4982,1.0,,24.8645,6235550.0
688047.SH,2026-03-17,153.08,154.0,144.87,145.03,155.5,-10.47,-6.7331,77482.47,1148519.974,1.9322,0.91,,23.1903,5815703.0
688047.SH,2026-03-18,145.08,148.77,145.08,147.65,145.03,2.62,1.8065,52695.79,774957.272,1.3141,0.69,,23.6092,5920765.0
688047.SH,2026-03-19,145.0,146.38,144.0,144.4,147.65,-3.25,-2.2012,40146.4,581804.085,1.0012,0.56,,23.0896,5790440.0
688047.SH,2026-03-20,145.3,145.48,138.91,138.91,144.4,-5.49,-3.8019,54339.81,773313.123,1.3551,0.81,,22.2117,5570291.0
688047.SH,2026-03-23,135.64,137.74,131.8,132.57,138.91,-6.34,-4.5641,54782.62,739907.506,1.3662,0.84,,21.1979,5316057.0
688047.SH,2026-03-24,135.02,136.83,133.1,136.02,132.57,3.45,2.6024,41410.96,558925.402,1.0327,0.74,,21.7496,5454402.0
688047.SH,2026-03-25,136.02,142.47,135.8,138.85,136.02,2.83,2.0806,63381.09,876510.898,1.5806,1.3,,22.2021,5567885.0
688047.SH,2026-03-26,145.0,145.2,138.73,139.73,138.85,0.88,0.6338,60699.61,862591.687,1.5137,1.19,,22.3428,5603173.0
688047.SH,2026-03-27,134.0,139.01,133.9,137.55,139.73,-2.18,-1.5602,50280.13,688067.59,1.2539,0.92,,21.9943,5515755.0
688047.SH,2026-03-30,135.2,135.89,133.02,134.55,137.55,-3.0,-2.181,36531.09,491281.949,0.911,0.68,,21.5146,5395455.0
688047.SH,2026-03-31,134.03,135.33,130.51,130.55,134.55,-4.0,-2.9729,37071.6,493048.318,0.9245,0.73,,20.8749,5235055.0
688047.SH,2026-04-01,133.5,134.45,132.21,133.38,130.55,2.83,2.1678,35458.86,472404.184,0.8843,0.72,,21.3275,5348538.0
688047.SH,2026-04-02,132.83,132.83,127.61,128.36,133.38,-5.02,-3.7637,39501.41,512282.477,0.9851,0.9,,20.5248,5147236.0
688047.SH,2026-04-03,128.88,129.67,127.06,127.08,128.36,-1.28,-0.9972,30026.0,385641.106,0.7488,0.76,,20.3201,5095908.0
688047.SH,2026-04-07,127.28,129.49,126.97,127.11,127.08,0.03,0.0236,29737.9,380940.633,0.7416,0.83,,20.3249,5097111.0
688047.SH,2026-04-08,130.84,133.56,130.28,133.48,127.11,6.37,5.0114,58930.59,777948.485,1.4696,1.72,,21.3435,5352548.0
688047.SH,2026-04-09,131.66,135.11,131.02,132.36,133.48,-1.12,-0.8391,51703.74,687155.874,1.2894,1.33,,21.1644,5307636.0
688047.SH,2026-04-10,134.38,136.58,132.87,133.2,132.36,0.84,0.6346,57932.29,781078.862,1.4447,1.38,,21.2987,5341320.0
688047.SH,2026-04-13,133.05,142.1,133.05,138.0,133.2,4.8,3.6036,93439.1,1297035.827,2.3302,2.05,,22.0662,5533800.0
688047.SH,2026-04-14,138.99,144.02,138.06,141.9,138.0,3.9,2.8261,89705.97,1265386.499,2.2371,1.54,,22.6898,5690190.0
688047.SH,2026-04-15,142.0,145.72,140.23,141.7,141.9,-0.2,-0.1409,80608.22,1152929.546,2.0102,1.15,,22.6578,5682170.0
688047.SH,2026-04-16,141.96,143.2,139.98,141.58,141.7,-0.12,-0.0847,56987.32,806500.117,1.4211,0.76,,22.6386,5677358.0
688047.SH,2026-04-17,146.5,149.68,144.6,144.77,141.58,3.19,2.2531,96788.91,1419643.146,2.4137,1.28,,23.1487,5805277.0
688047.SH,2026-04-20,144.99,147.67,143.64,143.96,144.77,-0.81,-0.5595,62161.67,900212.712,1.5502,0.74,,23.0192,5772796.0
688047.SH,2026-04-21,143.0,143.0,138.6,139.77,143.96,-4.19,-2.9105,59470.08,830451.858,1.483,0.77,,22.3492,5604777.0
688047.SH,2026-04-22,139.57,143.48,138.9,142.91,139.77,3.14,2.2465,53933.83,764779.332,1.345,0.76,,22.8513,5730691.0
688047.SH,2026-04-23,147.46,159.75,146.39,150.66,142.91,7.75,5.423,170663.55,2598815.585,4.2559,2.59,,24.0905,6041466.0
688047.SH,2026-04-24,162.0,163.46,153.86,153.86,150.66,3.2,2.124,183421.23,2905535.181,4.5741,2.07,,24.6022,6169786.0
688047.SH,2026-04-27,160.0,165.0,157.08,159.31,153.86,5.45,3.5422,161752.07,2594790.032,4.0337,1.53,,25.4737,6388331.0
688047.SH,2026-04-28,156.0,162.36,153.8,155.62,159.31,-3.69,-2.3162,117502.83,1856801.806,2.9302,0.93,,24.8836,6240362.0
688047.SH,2026-04-29,151.0,156.85,146.18,155.92,155.62,0.3,0.1928,130718.66,1976085.968,3.2598,0.95,,26.0669,6252392.0
688047.SH,2026-04-30,158.88,167.88,157.67,166.23,155.92,10.31,6.6124,187314.77,3066117.375,4.6712,1.23,,27.7905,6665823.0
688047.SH,2026-05-06,177.5,194.7,177.1,180.91,166.23,14.68,8.8311,258421.37,4786855.416,6.4444,1.66,,30.2447,7254491.0
688047.SH,2026-05-07,184.17,188.0,180.0,183.46,180.91,2.55,1.4095,168523.28,3086264.069,4.2026,0.98,,30.671,7356746.0
688047.SH,2026-05-08,179.1,179.8,172.89,173.82,183.46,-9.64,-5.2546,144161.46,2527956.461,3.595,0.84,,29.0594,6970182.0
688047.SH,2026-05-11,182.5,184.68,178.08,179.1,173.82,5.28,3.0376,174265.82,3155728.832,4.3458,0.98,,29.9421,7181910.0
688047.SH,2026-05-12,178.0,184.7,172.3,175.1,179.1,-4.0,-2.2334,171921.81,3032642.906,4.2873,0.92,,29.2734,7021510.0
688047.SH,2026-05-13,169.2,176.19,166.89,175.5,175.1,0.4,0.2284,142574.63,2446095.057,3.5555,0.78,,29.3403,7037550.0
688047.SH,2026-05-14,175.18,176.06,165.0,165.02,175.5,-10.48,-5.9715,133214.24,2250588.229,3.3221,0.83,,27.5882,6617302.0
688047.SH,2026-05-15,165.02,167.5,158.1,159.98,165.02,-5.04,-3.0542,123306.72,1999863.106,3.075,0.8,,26.7456,6415198.0
688047.SH,2026-05-18,158.51,163.88,157.38,158.57,159.98,-1.41,-0.8814,86887.89,1393902.799,2.1668,0.58,,26.5099,6358657.0
688047.SH,2026-05-19,157.87,164.32,154.0,164.28,158.57,5.71,3.6009,104380.08,1658012.936,2.603,0.79,,27.4645,6587628.0
688047.SH,2026-05-20,161.8,168.48,161.57,166.0,164.28,1.72,1.047,129820.95,2146388.9,3.2374,1.1,,27.752,6656600.0
688047.SH,2026-05-21,172.41,174.32,156.5,157.31,166.0,-8.69,-5.2349,165002.75,2750397.329,4.1148,1.43,,26.2992,6308131.0
688047.SH,2026-05-22,160.98,161.79,157.0,160.4,157.31,3.09,1.9643,102178.38,1629467.821,2.5481,0.84,,26.8158,6432040.0
688047.SH,2026-05-25,160.0,166.82,157.0,164.6,160.4,4.2,2.6185,142257.57,2304359.564,3.5476,1.21,,27.518,6600460.0
688047.SH,2026-05-26,162.38,162.66,156.02,159.67,164.6,-4.93,-2.9951,111723.9,1780853.675,2.7861,0.87,,26.6938,6402767.0
688047.SH,2026-05-27,162.0,163.4,152.01,153.62,159.67,-6.05,-3.7891,122366.25,1932264.197,3.0515,0.94,,25.6823,6160162.0
688047.SH,2026-05-28,154.49,159.55,153.7,156.05,153.62,2.43,1.5818,114198.98,1792346.78,2.8479,0.89,,26.0886,6257605.0
688047.SH,2026-05-29,157.5,160.06,144.0,145.8,156.05,-10.25,-6.5684,122884.52,1840884.56,3.0645,1.04,,24.375,5846580.0
688047.SH,2026-06-01,148.71,151.6,144.01,144.23,145.8,-1.57,-1.0768,96112.79,1421516.604,2.3968,0.78,,24.1125,5783623.0
688047.SH,2026-06-02,145.7,145.7,137.66,140.09,144.23,-4.14,-2.8704,98071.81,1376613.693,2.4457,0.86,,23.4204,5617609.0
688047.SH,2026-06-03,139.11,144.87,138.52,140.88,140.09,0.79,0.5639,98279.57,1393336.727,2.4509,0.89,,23.5525,5649288.0
688047.SH,2026-06-04,138.78,142.28,138.0,140.21,140.88,-0.67,-0.4756,61446.84,862767.236,1.5323,0.58,,23.4404,5622421.0
688047.SH,2026-06-05,138.15,140.88,135.58,136.08,140.21,-4.13,-2.9456,72872.81,1005544.127,1.8173,0.76,,22.75,5456808.0
688047.SH,2026-06-08,130.65,133.98,129.02,129.88,136.08,-6.2,-4.5561,76169.57,1000197.436,1.8995,0.89,,21.7135,5208188.0
688047.SH,2026-06-09,132.0,132.76,128.6,132.6,129.88,2.72,2.0942,71053.18,929938.754,1.7719,0.87,,22.1682,5317260.0
688047.SH,2026-06-10,131.2,141.57,131.2,134.55,132.6,1.95,1.4706,110649.76,1512469.354,2.7593,1.46,,22.4942,5395455.0
688047.SH,2026-06-11,133.0,136.88,131.3,135.69,134.55,1.14,0.8473,85003.8,1140915.661,2.1198,1.08,,22.6848,5441169.0
688047.SH,2026-06-12,139.6,146.71,137.01,140.56,135.69,4.87,3.5891,155573.64,2215941.686,3.8796,1.87,,23.499,5636456.0
688047.SH,2026-06-15,141.8,144.23,140.4,143.34,140.56,2.78,1.9778,92924.78,1321736.448,2.3173,0.93,,23.9637,5747934.0
688047.SH,2026-06-16,142.05,143.9,140.28,142.2,143.34,-1.14,-0.7953,71193.42,1008725.939,1.7754,0.69,,23.7731,5702220.0
688047.SH,2026-06-17,140.15,143.8,137.51,143.5,142.2,1.3,0.9142,86375.9,1219501.545,2.154,0.84,,23.9905,5754350.0
688047.SH,2026-06-18,143.0,148.55,142.0,146.49,143.5,2.99,2.0836,108045.65,1577535.614,2.6944,1.1,,24.4903,5874249.0
688047.SH,2026-06-22,146.47,148.68,141.01,144.88,146.49,-1.61,-1.0991,108721.19,1568783.134,2.7113,1.06,,24.2212,5809688.0
688047.SH,2026-06-23,143.4,148.0,140.8,142.09,144.88,-2.79,-1.9257,88434.75,1273428.413,2.2054,0.95,,23.7547,5697809.0
688047.SH,2026-06-24,141.01,146.96,139.0,146.51,142.09,4.42,3.1107,105699.54,1526815.925,2.6359,1.14,,24.4937,5875051.0
688047.SH,2026-06-25,145.23,152.63,144.7,152.18,146.51,5.67,3.87,144223.17,2147682.639,3.5966,1.45,,25.4416,6102418.0
688047.SH,2026-06-26,150.0,150.12,141.71,144.92,152.18,-7.26,-4.7707,109701.57,1602943.582,2.7357,0.99,,24.2279,5811292.0
688047.SH,2026-06-29,144.93,148.33,141.11,146.9,144.92,1.98,1.3663,91625.99,1333135.349,2.2849,0.82,,24.5589,5890690.0
688047.SH,2026-06-30,146.6,154.9,145.48,154.67,146.9,7.77,5.2893,118793.36,1809062.113,2.9624,1.1,,25.8579,6202267.0
688047.SH,2026-07-01,155.82,158.63,150.26,152.2,154.67,-2.47,-1.5969,120495.36,1863241.055,3.0049,1.06,,25.4449,6103220.0
688047.SH,2026-07-02,148.0,151.35,142.85,144.49,152.2,-7.71,-5.0657,96104.09,1410241.909,2.3966,0.82,,24.156,5794049.0
688047.SH,2026-07-03,143.63,145.0,136.0,136.03,144.49,-8.46,-5.8551,111730.85,1563547.362,2.7863,1.04,,22.7416,5454803.0
688047.SH,2026-07-06,137.2,143.0,133.37,140.13,136.03,4.1,3.014,104095.28,1446483.082,2.5959,0.97,,23.4271,5619213.0
688047.SH,2026-07-07,138.5,145.5,137.5,140.3,140.13,0.17,0.1213,77786.7,1105553.987,1.9398,0.71,,23.4555,5626030.0
688047.SH,2026-07-08,141.0,143.79,136.2,140.0,140.3,-0.3,-0.2138,72191.18,1013486.968,1.8003,0.71,,23.4053,5614000.0
688047.SH,2026-07-09,140.0,150.36,136.98,149.91,140.0,9.91,7.0786,117958.47,1697605.565,2.9416,1.28,,25.0621,6011391.0
688047.SH,2026-07-10,149.0,153.89,147.03,147.1,149.91,-2.81,-1.8745,115164.9,1738182.338,2.8719,1.19,,24.5923,5898710.0
688047.SH,2026-07-13,146.03,149.4,138.23,138.5,147.1,-8.6,-5.8464,92348.55,1329460.017,2.303,0.95,,23.1546,5553850.0
688047.SH,2026-07-14,140.5,141.0,127.0,133.84,138.5,-4.66,-3.3646,108204.33,1437505.755,2.6984,1.14,,22.3755,5366984.0
688047.SH,2026-07-15,133.83,135.68,128.04,129.0,133.84,-4.84,-3.6163,66353.51,870264.056,1.6547,0.66,,21.5663,5172900.0
688047.SH,2026-07-16,127.36,132.05,125.52,126.48,129.0,-2.52,-1.9535,71174.28,913005.246,1.7749,0.71,,21.145,5071848.0
688047.SH,2026-07-17,125.6,126.2,113.9,114.3,126.48,-12.18,-9.63,93362.88,1121633.949,2.3283,1.03,,19.1088,4583430.0
688047.SH,2026-07-20,115.51,116.8,106.61,114.11,114.3,-0.19,-0.1662,80875.39,906564.573,2.0168,0.94,,19.077,4575811.0
688047.SH,2026-07-21,114.0,118.48,108.0,117.47,114.11,3.36,2.9445,87905.19,1000880.474,2.1921,1.05,,19.6387,4710547.0
688047.SH,2026-07-22,115.0,117.98,113.0,114.03,117.47,-3.44,-2.9284,65489.45,757605.202,1.6332,0.82,,19.0636,4572603.0
688047.SH,2026-07-23,114.32,114.61,110.6,110.77,114.03,-3.26,-2.8589,49338.14,552812.958,1.2304,0.62,,18.5186,4441877.0
688047.SH,2026-07-24,109.02,110.51,106.92,106.92,110.77,-3.85,-3.4757,47142.73,513322.228,1.1756,0.63,,17.875,4287492.0
688047.SH,2026-07-27,107.03,109.44,103.9,108.91,106.92,1.99,1.8612,51669.3,555594.957,1.2885,0.78,,18.2077,4367291.0
688047.SH,2026-07-28,106.1,108.59,104.61,105.0,108.91,-3.91,-3.5901,42812.2,456014.971,1.0676,0.71,,17.554,4210500.0
688047.SH,2026-07-29,104.99,105.98,100.68,104.68,105.0,-0.32,-0.3048,59364.37,611733.53,1.4804,1.16,,17.5005,4197668.0
688047.SH,2026-07-30,103.0,105.5,101.01,101.85,104.68,-2.83,-2.7035,51542.5,533669.933,1.2853,1.03,,17.0274,4084185.0
688047.SH,2026-07-31,107.0,107.35,104.41,106.36,101.85,4.51,4.4281,67832.67,720909.853,1.6916,1.34,,17.7814,4265036.0
688047.SH,2026-08-03,105.0,107.8,104.51,107.63,106.36,1.27,1.1941,41811.57,446293.983,1.0427,0.77,,17.9937,4315963.0
688047.SH,2026-08-04,108.37,110.3,107.74,109.72,107.63,2.09,1.9418,40533.14,442701.336,1.0108,0.77,,18.3431,4399772.0
688047.SH,2026-08-05,109.3,112.88,109.02,112.2,109.72,2.48,2.2603,51671.76,576460.909,1.2886,0.99,,18.7577,4499220.0
688047.SH,2026-08-06,112.22,113.78,110.17,111.55,112.2,-0.65,-0.5793,46897.1,525717.139,1.1695,0.93,,18.649,4473155.0
688047.SH,2026-08-07,111.9,112.12,109.06,112.09,111.55,0.54,0.4841,46936.59,520919.77,1.1705,0.94,,18.7393,4494809.0
688047.SH,2026-08-10,112.09,112.23,109.21,111.07,112.09,-1.02,-0.91,36904.71,407028.87,0.9203,0.81,,18.5688,4453907.0
688047.SH,2026-08-11,110.01,112.88,109.3,111.05,111.07,-0.02,-0.018,39452.11,438337.222,0.9838,0.88,,18.5654,4453105.0
688047.SH,2026-08-12,111.05,113.33,110.7,112.7,111.05,1.65,1.4858,36753.42,412690.984,0.9165,0.83,,18.8413,4519270.0
688047.SH,2026-08-13,113.26,114.23,110.01,110.26,112.7,-2.44,-2.165,46085.91,520434.345,1.1493,1.11,,18.4334,4421426.0
688047.SH,2026-08-14,110.92,111.42,108.36,110.65,110.26,0.39,0.3537,36397.62,400364.077,0.9077,0.88,,18.4986,4437065.0
688047.SH,2026-08-17,110.23,113.66,110.1,113.59,110.65,2.94,2.657,42853.61,481342.008,1.0687,1.1,,18.9901,4554959.0
688047.SH,2026-08-18,113.49,114.5,110.6,113.77,113.59,0.18,0.1585,46256.28,520436.517,1.1535,1.15,,19.0202,4562177.0
688047.SH,2026-08-19,111.85,112.18,106.34,106.75,113.77,-7.02,-6.1703,53366.24,580597.69,1.3308,1.28,,17.8466,4280675.0
688047.SH,2026-08-20,107.77,111.54,106.81,107.0,106.75,0.25,0.2342,35357.47,383203.83,0.8817,0.79,,17.8884,4290700.0
688047.SH,2026-08-21,106.36,108.45,105.93,107.38,107.0,0.38,0.3551,24050.49,258003.198,0.5998,0.56,,17.9519,4305938.0
688047.SH,2026-08-24,107.07,107.07,101.5,102.73,107.38,-4.65,-4.3304,45489.96,471000.98,1.1344,1.13,,17.1745,4119473.0
688047.SH,2026-08-25,101.97,103.88,100.7,103.4,102.73,0.67,0.6522,26469.95,271285.451,0.6601,0.65,,17.2865,4146340.0
688047.SH,2026-08-26,103.18,104.6,102.81,103.01,103.4,-0.39,-0.3772,22910.14,237506.053,0.5713,0.62,,17.2213,4130701.0
688047.SH,2026-08-27,103.52,107.86,103.52,107.57,103.01,4.56,4.4268,36550.96,387591.027,0.9115,1.18,,17.9837,4313557.0
688047.SH,2026-08-28,106.8,108.52,106.1,106.2,107.57,-1.37,-1.2736,27082.05,290528.58,0.6754,0.87,,17.7546,4258620.0
688047.SH,2026-08-31,103.89,108.0,103.55,108.0,106.2,1.8,1.6949,35369.1,373311.739,0.882,1.12,,18.8602,4330800.0
688047.SH,2026-09-01,107.2,108.3,105.55,105.8,108.0,-2.2,-2.037,24548.35,261002.001,0.6122,0.83,,18.476,4242580.0
688047.SH,2026-09-02,104.21,105.0,103.04,103.36,105.8,-2.44,-2.3062,22597.48,234281.85,0.5635,0.77,,18.0499,4144736.0
