ts_code,trade_date,open,high,low,close,pre_close,change,pct_chg,vol,amount,turnover_rate,volume_ratio,pe,pb,total_mv
688082.SH,2023-01-03,79.2,81.66,77.79,81.15,79.9,1.25,1.5645,18145.16,145342.187,2.4295,1.36,132.1442,6.6589,3518315.8665
688082.SH,2023-01-04,87.01,88.9,81.66,82.95,81.15,1.8,2.2181,39024.56,329028.689,5.225,2.74,135.0753,6.8066,3596356.1445
688082.SH,2023-01-05,81.6,83.75,81.11,82.69,82.95,-0.26,-0.3134,25603.89,211102.394,3.4281,1.33,134.652,6.7853,3585083.6599
688082.SH,2023-01-06,82.95,83.8,81.0,81.46,82.69,-1.23,-1.4875,23424.0,192627.647,3.1362,1.07,132.649,6.6843,3531756.1366
688082.SH,2023-01-09,82.1,84.69,81.67,82.36,81.46,0.9,1.1048,18786.19,155533.01,2.5153,0.78,134.1146,6.7582,3570776.2756
688082.SH,2023-01-10,82.79,84.46,81.99,82.88,82.36,0.52,0.6314,18550.37,154757.317,2.4837,0.74,134.9614,6.8009,3593321.2448
688082.SH,2023-01-11,83.2,86.86,82.57,82.57,82.88,-0.31,-0.374,22270.06,188876.807,2.9817,0.89,134.4566,6.7754,3579880.9747
688082.SH,2023-01-12,82.32,82.32,80.65,81.36,82.57,-1.21,-1.4654,14761.7,120033.815,1.9764,0.68,132.4862,6.6761,3527420.5656
688082.SH,2023-01-13,81.5,82.33,80.96,82.25,81.36,0.89,1.0939,10169.31,83008.951,1.3616,0.52,133.9355,6.7492,3566007.1475
688082.SH,2023-01-16,81.6,86.28,81.22,84.88,82.25,2.63,3.1976,27223.62,230872.939,3.645,1.61,138.2181,6.965,3680032.6648
688082.SH,2023-01-17,84.7,87.36,84.66,85.99,84.88,1.11,1.3077,18479.36,158750.832,2.4742,0.99,140.0257,7.0561,3728157.5029
688082.SH,2023-01-18,86.08,86.52,84.91,85.35,85.99,-0.64,-0.7443,11632.67,99400.089,1.5575,0.63,138.9835,7.0036,3700409.8485
688082.SH,2023-01-19,85.25,87.58,84.8,87.2,85.35,1.85,2.1675,16269.63,140975.667,2.1783,0.99,141.996,7.1554,3780617.912
688082.SH,2023-01-20,87.1,87.59,86.3,86.99,87.2,-0.21,-0.2408,11738.17,101969.814,1.5716,0.7,141.6541,7.1381,3771513.2129
688082.SH,2023-01-30,88.08,88.47,85.3,86.22,86.99,-0.77,-0.8852,16857.64,145746.934,2.2571,0.99,140.4002,7.0749,3738129.3162
688082.SH,2023-01-31,86.33,87.5,84.92,85.62,86.22,-0.6,-0.6959,14926.93,127781.519,1.9986,1.0,139.4232,7.0257,3712115.8902
688082.SH,2023-02-01,85.1,87.27,85.1,86.82,85.62,1.2,1.4015,18774.69,162169.488,2.5137,1.31,141.3772,7.1242,3764142.7422
688082.SH,2023-02-02,87.75,91.21,87.51,89.0,86.82,2.18,2.5109,30117.33,268713.972,4.0324,1.92,144.9271,7.3031,3858658.19
688082.SH,2023-02-03,88.3,89.37,86.61,88.52,89.0,-0.48,-0.5393,16184.97,142267.631,2.167,0.88,144.1455,7.2637,3837847.4492
688082.SH,2023-02-06,88.0,88.88,87.21,88.2,88.52,-0.32,-0.3615,12802.33,112747.92,1.7141,0.66,143.6244,7.2374,3823973.622
688082.SH,2023-02-07,88.3,88.88,86.07,87.06,88.2,-1.14,-1.2925,17011.25,148065.558,2.2776,0.92,141.768,7.1439,3774548.1126
688082.SH,2023-02-08,87.5,88.29,86.0,86.5,87.06,-0.56,-0.6432,12277.03,106571.539,1.6438,0.65,140.8561,7.0979,3750268.915
688082.SH,2023-02-09,86.06,91.65,85.81,91.54,86.5,5.04,5.8266,26576.28,236172.179,3.5583,1.5,149.0633,7.5115,3968781.6934
688082.SH,2023-02-10,90.89,91.5,88.65,89.3,91.54,-2.24,-2.447,18302.98,164372.594,2.4506,1.08,145.4157,7.3277,3871664.903
688082.SH,2023-02-13,88.92,90.76,88.1,90.0,89.3,0.7,0.7839,16867.99,151274.484,2.2585,0.97,146.5555,7.3851,3902013.9
688082.SH,2023-02-14,90.0,91.67,87.9,88.86,90.0,-1.14,-1.2667,20737.2,185399.39,2.7765,1.14,144.6992,7.2916,3852588.3906
688082.SH,2023-02-15,88.8,90.77,88.08,90.58,88.86,1.72,1.9356,34216.39,306315.742,4.5812,1.81,147.5,7.4327,3927160.2118
688082.SH,2023-02-16,90.3,90.7,85.77,87.05,90.58,-3.53,-3.8971,30747.05,272650.83,4.1167,1.32,141.7518,7.143,3774114.5555
688082.SH,2023-02-17,86.46,87.56,83.3,83.3,87.05,-3.75,-4.3079,24770.55,210284.357,3.3165,1.02,135.6453,6.8353,3611530.643
688082.SH,2023-02-20,83.0,85.19,82.5,84.88,83.3,1.58,1.8968,15579.12,130363.817,2.0859,0.61,138.2181,6.965,3680032.6648
688082.SH,2023-02-21,84.78,86.36,84.31,85.19,84.88,0.31,0.3652,12192.77,103893.736,1.6325,0.48,138.7229,6.9904,3693472.9349
688082.SH,2023-02-22,84.55,87.8,84.55,86.39,85.19,1.2,1.4086,16531.57,142925.582,2.2134,0.7,140.677,7.0889,3745499.7869
688082.SH,2023-02-23,86.39,86.93,85.9,86.14,86.39,-0.25,-0.2894,12825.22,110731.391,1.7172,0.64,140.2699,7.0684,3734660.8594
688082.SH,2023-02-24,86.51,87.89,85.4,86.34,86.14,0.2,0.2322,17088.63,147721.717,2.288,1.04,140.5956,7.0848,3743332.0014
688082.SH,2023-02-27,86.0,86.0,81.81,83.1,86.34,-3.24,-3.7526,35429.39,294321.776,4.7436,2.39,53.8957,6.5222,3602859.501
688082.SH,2023-02-28,83.18,83.97,81.82,82.9,83.1,-0.2,-0.2407,16309.94,134888.347,2.1837,0.87,53.766,6.5065,3594188.359
688082.SH,2023-03-01,83.09,83.38,82.33,83.38,82.9,0.48,0.579,12576.65,104241.048,1.6839,0.64,54.0773,6.5441,3614999.0998
688082.SH,2023-03-02,83.43,85.6,83.4,83.77,83.38,0.39,0.4677,15796.8,133165.952,2.115,0.84,54.3303,6.5747,3631907.8267
688082.SH,2023-03-03,85.59,88.4,85.5,87.11,83.77,3.34,3.9871,41731.3,363733.202,5.5874,2.15,56.4965,6.8369,3776715.8981
688082.SH,2023-03-06,87.0,93.2,86.0,91.4,87.11,4.29,4.9248,62634.52,564566.372,8.3861,2.57,59.2788,7.1736,3962711.894
688082.SH,2023-03-07,90.65,91.35,87.82,88.03,91.4,-3.37,-3.6871,30924.91,276987.405,4.1405,1.04,57.0932,6.9091,3816603.1513
688082.SH,2023-03-08,88.38,91.09,88.0,89.5,88.03,1.47,1.6699,26863.54,240721.2,3.5968,0.82,58.0465,7.0245,3880336.045
688082.SH,2023-03-09,89.49,93.65,89.17,91.39,89.5,1.89,2.1117,46662.66,430090.248,6.2477,1.31,59.2723,7.1728,3962278.3369
688082.SH,2023-03-10,90.61,94.39,89.1,89.92,91.39,-1.47,-1.6085,51893.05,473813.068,6.9479,1.24,58.3189,7.0574,3898545.4432
688082.SH,2023-03-13,89.41,91.99,88.22,90.87,89.92,0.95,1.0565,34729.48,312811.851,4.6499,0.79,58.9351,7.132,3939733.3677
688082.SH,2023-03-14,90.13,97.8,89.37,96.16,90.87,5.29,5.8215,58036.37,547322.465,7.7705,1.52,62.366,7.5472,4169085.0736
688082.SH,2023-03-15,96.0,97.8,94.52,94.72,96.16,-1.44,-1.4975,36829.86,353806.662,4.9311,0.84,61.4321,7.4342,4106652.8512
688082.SH,2023-03-16,93.9,97.5,92.51,93.59,94.72,-1.13,-1.193,29880.46,282226.628,4.0007,0.65,60.6992,7.3455,4057660.8989
688082.SH,2023-03-17,95.0,96.97,93.1,94.5,93.59,0.91,0.9723,37546.85,357459.259,5.0271,0.89,61.2894,7.4169,4097114.595
688082.SH,2023-03-20,94.43,99.71,93.1,98.0,94.5,3.5,3.7037,44773.41,435780.214,5.9947,1.14,63.5593,7.6916,4248859.58
688082.SH,2023-03-21,97.03,97.8,95.61,96.95,98.0,-1.05,-1.0714,24000.48,231451.939,3.2134,0.58,62.8784,7.6092,4203336.0845
688082.SH,2023-03-22,97.2,97.76,94.38,95.0,96.95,-1.95,-2.0113,27103.41,260385.018,3.6289,0.78,61.6137,7.4561,4118792.45
688082.SH,2023-03-23,93.17,96.27,91.58,95.76,95.0,0.76,0.8,44812.56,421140.549,5.9999,1.37,62.1066,7.5158,4151742.7896
688082.SH,2023-03-24,95.01,95.79,89.64,89.8,95.76,-5.96,-6.2239,48095.71,440912.824,6.4395,1.35,58.2411,7.048,3893342.758
688082.SH,2023-03-27,89.26,91.2,87.52,90.4,89.8,0.6,0.6682,37688.21,337005.629,5.0461,1.0,58.6303,7.0951,3919356.184
688082.SH,2023-03-28,89.96,90.93,88.5,89.06,90.4,-1.34,-1.4823,20373.61,183015.625,2.7278,0.56,57.7612,6.9899,3861259.5326
688082.SH,2023-03-29,88.79,95.59,88.7,93.24,89.06,4.18,4.6935,59635.31,554681.06,7.9846,1.67,60.4722,7.318,4042486.4004
688082.SH,2023-03-30,92.88,94.4,91.18,93.6,93.24,0.36,0.3861,34462.68,321446.383,4.6142,0.82,60.7057,7.3463,4058094.456
688082.SH,2023-03-31,93.59,96.47,92.28,95.89,93.6,2.29,2.4466,36568.98,348051.348,4.8962,0.91,62.1909,7.526,4157379.0319
688082.SH,2023-04-03,99.0,103.78,97.5,101.75,95.89,5.86,6.1112,70065.61,709566.35,9.3811,1.86,65.9915,7.9859,4411443.4925
688082.SH,2023-04-04,101.95,109.8,101.14,103.18,101.75,1.43,1.4054,74285.96,781722.883,9.9461,1.68,66.9189,8.0981,4473442.1578
688082.SH,2023-04-06,103.25,113.0,103.14,109.0,103.18,5.82,5.6406,75508.29,816065.127,10.1098,1.37,70.6936,8.5549,4725772.39
688082.SH,2023-04-07,108.9,113.0,106.88,110.97,109.0,1.97,1.8073,57541.02,631513.254,7.7042,0.99,71.9712,8.7095,4811183.1387
688082.SH,2023-04-10,111.11,114.11,106.64,106.9,110.97,-4.07,-3.6677,47768.82,522971.462,6.3958,0.76,69.3316,8.3901,4634725.399
688082.SH,2023-04-11,107.2,110.78,103.82,106.35,106.9,-0.55,-0.5145,56643.31,606727.095,7.584,0.87,68.9749,8.3469,4610879.7585
688082.SH,2023-04-12,106.46,108.2,104.1,106.0,106.35,-0.35,-0.3291,43997.3,468399.509,5.8908,0.71,68.7479,8.3195,4595705.26
688082.SH,2023-04-13,105.21,108.0,102.9,103.18,106.0,-2.82,-2.6604,43382.0,456447.744,5.8084,0.77,66.9189,8.0981,4473442.1578
688082.SH,2023-04-14,106.0,117.7,104.12,117.01,103.18,13.83,13.4038,92405.54,1027614.064,12.3722,1.85,75.8886,9.1836,5073051.6271
688082.SH,2023-04-17,117.1,125.0,114.69,115.99,117.01,-1.02,-0.8717,83356.43,993127.676,11.1606,1.47,75.227,9.1035,5028828.8029
688082.SH,2023-04-18,115.2,117.9,111.97,117.19,115.99,1.2,1.0346,42034.08,483814.324,5.6279,0.66,76.0053,9.1977,5080855.6549
688082.SH,2023-04-19,117.23,122.96,115.28,116.48,117.19,-0.71,-0.6059,57193.22,678759.38,7.6576,0.94,75.5448,9.142,5050073.1008
688082.SH,2023-04-20,113.5,129.5,113.12,126.51,116.48,10.03,8.6109,79163.0,978137.554,10.5991,1.24,82.0499,9.9292,5484930.8721
688082.SH,2023-04-21,123.67,125.94,115.18,115.75,126.51,-10.76,-8.5053,61502.42,734908.764,8.2345,0.87,75.0714,9.0847,5018423.4325
688082.SH,2023-04-24,114.62,118.17,112.8,115.55,115.75,-0.2,-0.1728,45464.11,524397.767,6.0872,0.7,74.9417,9.069,5009752.2905
688082.SH,2023-04-25,116.6,120.97,110.05,115.49,115.55,-0.06,-0.0519,52174.98,604528.929,6.9857,0.91,74.9027,9.0643,5007150.9479
688082.SH,2023-04-26,115.13,116.78,108.18,110.37,115.49,-5.12,-4.4333,46570.19,521104.036,6.2353,0.79,71.5821,8.6625,4785169.7127
688082.SH,2023-04-27,114.8,124.81,111.5,113.22,110.37,2.85,2.5822,69747.9,819234.099,9.3385,1.22,73.4305,8.6674,4908733.4862
688082.SH,2023-04-28,115.18,120.7,113.39,118.4,113.22,5.18,4.5752,60751.09,709792.414,8.1339,1.1,76.7901,9.064,5133316.064
688082.SH,2023-05-04,115.26,117.96,107.0,111.26,118.4,-7.14,-6.0304,53449.41,596690.726,7.1563,0.97,72.1593,8.5174,4823756.2946
688082.SH,2023-05-05,111.12,113.2,106.4,107.4,111.26,-3.86,-3.4694,39313.04,430433.231,5.2636,0.7,69.6559,8.2219,4656403.254
688082.SH,2023-05-08,106.99,109.2,103.33,103.97,107.4,-3.43,-3.1937,35899.86,377986.682,4.8066,0.67,67.4313,7.9593,4507693.1687
688082.SH,2023-05-09,104.1,106.02,100.09,100.82,103.97,-3.15,-3.0297,38945.63,401040.846,5.2144,0.75,65.3883,7.7182,4371122.6822
688082.SH,2023-05-10,100.05,101.24,96.68,99.8,100.82,-1.02,-1.0117,40500.93,398914.385,5.4227,0.89,64.7268,7.6401,4326899.858
688082.SH,2023-05-11,101.0,102.5,99.3,99.98,99.8,0.18,0.1804,23041.75,232170.641,3.0851,0.55,64.8435,7.6539,4334703.8858
688082.SH,2023-05-12,100.5,105.0,100.5,101.69,99.98,1.71,1.7103,35304.74,361801.703,4.7269,0.99,65.9526,7.7848,4408842.1499
688082.SH,2023-05-15,100.45,106.2,100.31,106.02,101.69,4.33,4.258,25717.27,266807.963,3.4433,0.74,68.7608,8.1162,4596572.3742
688082.SH,2023-05-16,105.81,110.66,103.81,109.21,106.02,3.19,3.0089,31626.15,341924.169,4.2344,0.97,70.8298,8.3605,4734877.0891
688082.SH,2023-05-17,108.94,111.58,108.12,111.0,109.21,1.79,1.639,27307.02,300301.946,3.6561,0.87,71.9907,8.4975,4812483.81
688082.SH,2023-05-18,110.96,112.0,108.72,109.3,111.0,-1.7,-1.5315,21087.51,232293.718,2.8234,0.74,70.8881,8.3673,4738779.103
688082.SH,2023-05-19,110.0,112.5,108.5,108.61,109.3,-0.69,-0.6313,15641.18,172188.781,2.0942,0.55,70.4406,8.3145,4708863.6631
688082.SH,2023-05-22,110.0,111.5,106.54,109.33,108.61,0.72,0.6629,18198.44,197545.439,2.4366,0.75,70.9076,8.3696,4740079.7743
688082.SH,2023-05-23,108.3,110.61,106.77,108.15,109.33,-1.18,-1.0793,12808.84,139040.503,1.715,0.56,70.1423,8.2793,4688920.0365
688082.SH,2023-05-24,108.0,115.15,106.76,110.5,108.15,2.35,2.1729,34708.3,386004.483,4.6471,1.83,71.6664,8.4592,4790805.955
688082.SH,2023-05-25,110.03,113.78,109.34,113.56,110.5,3.06,2.7692,23074.48,257164.918,3.0894,1.13,73.651,8.6935,4923474.4276
688082.SH,2023-05-26,113.56,115.25,112.0,113.33,113.56,-0.23,-0.2025,18927.77,215838.532,2.5342,0.91,73.5018,8.6759,4913502.6143
688082.SH,2023-05-29,114.0,119.9,113.68,118.8,113.33,5.47,4.8266,37031.22,435220.415,4.9581,1.72,77.0495,9.0946,5150658.348
688082.SH,2023-05-30,117.0,121.52,115.8,119.5,118.8,0.7,0.5892,25165.06,298509.447,3.3693,0.99,77.5035,9.1482,5181007.345
688082.SH,2023-05-31,119.0,119.98,116.52,117.92,119.5,-1.58,-1.3222,18241.35,215684.159,2.4423,0.66,76.4788,9.0272,5112505.3232
688082.SH,2023-06-01,117.29,120.5,116.53,117.99,117.92,0.07,0.0594,22450.38,266619.857,3.0059,0.92,76.5242,9.0326,5115540.2229
688082.SH,2023-06-02,118.0,119.39,115.01,117.13,117.99,-0.86,-0.7289,22302.65,262258.561,2.9861,0.92,75.9664,8.9668,5078254.3123
688082.SH,2023-06-05,120.5,125.0,120.01,122.24,117.13,5.11,4.3627,29061.98,355797.239,3.8911,1.16,79.2806,9.358,5299801.9904
688082.SH,2023-06-06,121.61,122.3,117.8,118.13,122.24,-4.11,-3.3622,21063.23,253230.174,2.8202,0.9,76.615,9.0433,5121610.0223
688082.SH,2023-06-07,118.1,120.31,115.36,116.15,118.13,-1.98,-1.6761,28748.72,336454.922,3.8492,1.27,75.3308,8.8917,5035765.7165
688082.SH,2023-06-08,117.0,117.98,113.81,116.7,116.15,0.55,0.4735,31873.33,369709.128,4.2675,1.29,75.6875,8.9338,5059611.357
688082.SH,2023-06-09,117.3,126.46,115.8,123.6,116.7,6.9,5.9126,64391.91,775800.676,8.6214,2.42,80.1626,9.4621,5358765.756
688082.SH,2023-06-12,123.11,128.96,122.12,128.05,123.6,4.45,3.6003,39092.38,497150.283,5.2341,1.12,83.0487,9.8027,5551698.6655
688082.SH,2023-06-13,127.5,128.1,125.3,126.72,128.05,-1.33,-1.0387,22484.39,285147.862,3.0104,0.61,82.1861,9.7009,5494035.5712
688082.SH,2023-06-14,127.08,128.88,123.51,124.73,126.72,-1.99,-1.5704,20736.75,259660.243,2.7764,0.56,80.8955,9.5486,5407757.7083
688082.SH,2023-06-15,124.0,125.83,121.8,123.38,124.73,-1.35,-1.0823,16054.52,197801.599,2.1495,0.45,80.0199,9.4452,5349227.4998
688082.SH,2023-06-16,123.09,124.51,120.56,121.37,123.38,-2.01,-1.6291,22703.16,276937.19,3.0397,0.7,78.7163,9.2913,5262082.5227
688082.SH,2023-06-19,121.35,121.6,118.02,119.82,121.37,-1.55,-1.2771,26276.64,313846.874,3.5182,1.09,77.711,9.1727,5194881.1722
688082.SH,2023-06-20,119.52,120.78,116.06,117.22,119.82,-2.6,-2.1699,24872.53,292022.065,3.3302,1.15,76.0248,8.9737,5082156.3262
688082.SH,2023-06-21,117.66,117.66,112.0,112.14,117.22,-5.08,-4.3337,23865.5,271408.988,3.1953,1.08,72.7301,8.5848,4861909.3194
688082.SH,2023-06-26,110.7,115.57,109.35,113.28,112.14,1.14,1.0166,28752.15,322942.977,3.8496,1.26,73.4694,8.672,4911334.8288
688082.SH,2023-06-27,113.8,115.93,110.81,111.21,113.28,-2.07,-1.8273,17347.91,195826.036,2.3227,0.69,72.1269,8.5136,4821588.5091
688082.SH,2023-06-28,111.68,117.0,111.0,112.7,111.21,1.49,1.3398,25730.79,293365.274,3.4451,1.06,73.0933,8.6276,4886188.517
688082.SH,2023-06-29,112.0,114.4,110.0,110.78,112.7,-1.92,-1.7036,20873.17,232616.066,2.7947,0.87,71.848,8.4806,4802945.5538
688082.SH,2023-06-30,110.24,114.23,108.5,110.4,110.78,-0.38,-0.343,24522.62,273108.979,3.2833,1.05,71.6016,8.4516,4786470.384
688082.SH,2023-07-03,111.78,113.18,109.57,110.71,110.4,0.31,0.2808,18213.64,202421.339,2.4386,0.78,71.8026,8.4753,4799910.6541
688082.SH,2023-07-04,111.44,114.89,110.72,113.94,110.71,3.23,2.9175,22353.5,253662.142,2.9929,1.05,73.8975,8.7226,4939949.5974
688082.SH,2023-07-05,113.32,115.98,108.57,109.0,113.94,-4.94,-4.3356,23106.72,257831.075,3.0938,1.03,70.6936,8.3444,4725772.39
688082.SH,2023-07-06,108.25,110.0,108.0,109.36,109.0,0.36,0.3303,13222.75,144120.212,1.7704,0.61,70.927,8.3719,4741380.4456
688082.SH,2023-07-07,108.24,110.16,108.24,109.16,109.36,-0.2,-0.1829,10335.83,112983.727,1.3839,0.51,70.7973,8.3566,4732709.3036
688082.SH,2023-07-10,109.0,111.2,108.51,110.74,109.16,1.58,1.4474,9147.21,100767.866,1.2247,0.52,71.8221,8.4776,4801211.3254
688082.SH,2023-07-11,110.13,111.83,109.0,110.44,110.74,-0.3,-0.2709,12691.98,140267.437,1.6993,0.81,71.6275,8.4546,4788204.6124
688082.SH,2023-07-12,110.0,110.9,101.01,103.2,110.44,-7.24,-6.5556,38420.37,397380.708,5.1441,2.8,66.9319,7.9004,4474309.272
688082.SH,2023-07-13,104.98,104.98,102.0,103.22,103.2,0.02,0.0194,19130.74,198153.686,2.5614,1.14,66.9449,7.9019,4475176.3862
688082.SH,2023-07-14,103.09,105.39,102.38,103.4,103.22,0.18,0.1744,14210.91,147164.151,1.9027,0.79,67.0616,7.9157,4482980.414
688082.SH,2023-07-17,103.4,103.97,101.04,101.24,103.4,-2.16,-2.089,12617.59,128633.556,1.6894,0.67,65.6607,7.7503,4389332.0804
688082.SH,2023-07-18,101.56,104.09,101.3,102.06,101.24,0.82,0.81,12019.86,123224.184,1.6093,0.62,66.1925,7.8131,4424883.7626
688082.SH,2023-07-19,101.5,103.5,101.5,102.66,102.06,0.6,0.5879,10403.91,106594.846,1.393,0.54,66.5817,7.859,4450897.1886
688082.SH,2023-07-20,103.45,103.69,101.81,102.44,102.66,-0.22,-0.2143,9297.8,95620.347,1.2449,0.68,66.439,7.8422,4441358.9324
688082.SH,2023-07-21,101.5,102.06,99.03,100.06,102.07,-2.01,-1.9692,13750.29,137679.918,1.841,1.17,64.8954,7.8845,4338172.3426
688082.SH,2023-07-24,100.0,100.79,98.5,98.71,100.06,-1.35,-1.3492,9520.74,94738.022,1.2747,0.82,64.0198,7.7781,4279642.1341
688082.SH,2023-07-25,100.95,102.52,98.87,101.99,98.71,3.28,3.3229,11971.14,120648.204,1.6028,1.09,66.1471,8.0366,4421848.8629
688082.SH,2023-07-26,101.5,104.5,101.14,102.55,101.99,0.56,0.5491,11901.65,122674.253,1.5935,1.08,66.5103,8.0807,4446128.0605
688082.SH,2023-07-27,101.99,102.78,99.14,99.36,102.55,-3.19,-3.1107,12370.03,124220.815,1.6562,1.1,64.4414,7.8294,4307823.3456
688082.SH,2023-07-28,100.48,101.34,98.84,100.21,99.36,0.85,0.8555,10355.46,103626.729,1.3865,0.87,64.9927,7.8963,4344675.6991
688082.SH,2023-07-31,100.01,104.36,99.98,103.28,100.21,3.07,3.0636,15202.13,155545.017,2.0354,1.35,66.9838,8.1383,4477777.7288
688082.SH,2023-08-01,103.28,104.49,102.17,102.9,103.28,-0.38,-0.3679,10692.57,110296.772,1.4316,0.87,66.7373,8.1083,4461302.559
688082.SH,2023-08-02,103.0,105.85,101.76,104.55,102.9,1.65,1.6035,14284.49,149090.65,1.9125,1.18,67.8074,8.2383,4532839.4805
688082.SH,2023-08-03,104.5,106.85,103.37,105.27,104.55,0.72,0.6887,15546.08,163452.482,2.0815,1.24,68.2744,8.2951,4564055.5917
688082.SH,2023-08-04,104.65,105.49,103.05,103.9,105.27,-1.37,-1.3014,13573.46,141151.275,1.8173,1.03,67.3859,8.1871,4504658.269
688082.SH,2023-08-07,105.0,105.92,103.3,104.58,103.9,0.68,0.6545,16217.59,170410.162,2.1714,1.17,67.8269,7.7448,4534140.1518
688082.SH,2023-08-08,104.8,107.9,104.53,106.41,104.58,1.83,1.7499,13783.92,146501.53,1.8455,0.98,69.0138,7.8803,4613481.1011
688082.SH,2023-08-09,105.86,106.76,104.5,106.02,106.41,-0.39,-0.3665,9497.0,100189.994,1.2716,0.65,68.7608,7.8514,4596572.3742
688082.SH,2023-08-10,106.02,110.2,106.02,108.81,106.02,2.79,2.6316,16782.45,182397.029,2.247,1.22,70.5703,8.058,4717534.8051
688082.SH,2023-08-11,108.85,109.98,107.15,108.46,108.81,-0.35,-0.3217,13746.72,149476.03,1.8405,0.98,70.3433,8.0321,4702360.3066
688082.SH,2023-08-14,105.8,110.35,105.57,109.78,108.46,1.32,1.217,13787.76,150075.884,1.846,0.98,71.1994,8.1299,4759589.8438
688082.SH,2023-08-15,109.92,112.81,108.87,109.71,109.78,-0.07,-0.0638,23497.51,260959.729,3.1461,1.74,71.154,8.1247,4756554.9441
688082.SH,2023-08-16,109.7,111.97,103.77,103.8,109.71,-5.91,-5.3869,21246.58,227062.127,2.8447,1.37,67.321,7.687,4500322.698
688082.SH,2023-08-17,103.6,108.88,103.6,108.73,103.8,4.93,4.7495,23017.57,246181.913,3.0818,1.29,70.5184,8.0521,4714066.3483
688082.SH,2023-08-18,110.53,110.79,104.81,105.17,108.73,-3.56,-3.2742,16570.39,176622.48,2.2186,0.87,68.2096,7.7885,4559720.0207
688082.SH,2023-08-21,105.05,107.11,104.52,105.3,105.17,0.13,0.1236,8001.03,84632.63,1.0713,0.41,68.2939,7.7981,4565356.263
688082.SH,2023-08-22,105.8,106.79,97.25,101.18,105.3,-4.12,-3.9126,23281.85,234734.877,3.1172,1.26,65.6218,7.493,4386730.7378
688082.SH,2023-08-23,100.09,100.93,98.5,99.05,101.18,-2.13,-2.1052,8199.83,81764.955,1.0979,0.45,64.2403,7.3353,4294383.0755
688082.SH,2023-08-24,100.17,101.5,98.24,100.42,99.05,1.37,1.3831,12832.21,128280.116,1.7181,0.81,65.1289,7.4367,4353780.3982
688082.SH,2023-08-25,100.0,100.66,98.01,98.65,100.42,-1.77,-1.7626,10265.48,101888.416,1.3744,0.75,63.9809,7.3056,4277040.7915
688082.SH,2023-08-28,108.0,108.0,100.57,101.18,98.65,2.53,2.5646,15340.28,157271.095,2.0539,1.23,65.6218,7.493,4386730.7378
688082.SH,2023-08-29,101.18,107.79,99.39,106.74,101.18,5.56,5.4952,16995.24,177728.35,2.2755,1.22,69.2278,7.9047,4627788.4854
688082.SH,2023-08-30,109.0,112.3,106.88,110.4,106.74,3.66,3.4289,21405.05,235093.69,2.8659,1.68,71.6016,8.1758,4786470.384
688082.SH,2023-08-31,110.3,114.68,107.58,113.36,110.4,2.96,2.6812,25359.57,283381.399,3.3954,1.65,73.5213,8.395,4914803.2856
688082.SH,2023-09-01,113.27,115.57,112.1,113.41,113.36,0.05,0.0441,15894.18,180525.33,2.1281,0.89,73.5537,8.3987,4916971.0711
688082.SH,2023-09-04,113.5,114.78,111.4,114.31,113.41,0.9,0.7936,16003.93,181006.169,2.1428,0.84,74.1374,8.4653,4955991.2101
688082.SH,2023-09-05,114.31,114.76,111.65,112.87,114.31,-1.44,-1.2597,15009.19,169430.771,2.0096,0.78,73.2035,8.3587,4893558.9877
688082.SH,2023-09-06,112.78,115.8,112.52,115.07,112.87,2.2,1.9491,16439.38,188452.54,2.2011,0.88,74.6304,8.5216,4988941.5497
688082.SH,2023-09-07,114.0,114.99,110.5,110.6,115.07,-4.47,-3.8846,16192.09,181526.76,2.168,0.91,71.7313,8.1906,4795141.526
688082.SH,2023-09-08,111.28,112.37,107.65,109.26,110.6,-1.34,-1.2116,15511.37,170036.483,2.0768,0.98,70.8622,8.0914,4737044.8746
688082.SH,2023-09-11,109.26,111.97,108.32,111.02,109.26,1.76,1.6108,13594.42,150232.149,1.8202,0.86,72.3608,8.2243,4837223.6547
688082.SH,2023-09-12,111.99,112.48,110.0,110.53,111.02,-0.49,-0.4414,8419.52,93568.658,1.1273,0.55,72.0414,8.188,4815873.9917
688082.SH,2023-09-13,110.02,112.0,108.5,110.78,110.53,0.25,0.2262,9393.52,103502.5,1.2577,0.67,72.2044,8.2065,4826766.6769
688082.SH,2023-09-14,110.78,111.77,107.12,107.8,110.78,-2.98,-2.69,10831.63,117332.499,1.4502,0.86,70.262,7.9858,4696925.869
688082.SH,2023-09-15,108.62,110.7,107.27,110.7,107.8,2.9,2.6902,11475.43,125315.301,1.5364,0.99,72.1522,8.2006,4823281.0176
688082.SH,2023-09-18,108.49,110.39,106.03,106.57,110.7,-4.13,-3.7308,14694.45,157971.812,1.9674,1.37,69.4604,7.8947,4643333.8577
688082.SH,2023-09-19,106.95,107.47,105.1,105.4,106.57,-1.17,-1.0979,11705.07,124279.029,1.5672,1.07,68.6978,7.808,4592356.0909
688082.SH,2023-09-20,105.0,105.68,102.3,102.76,105.4,-2.64,-2.5047,11597.96,119781.611,1.5528,1.0,66.9771,7.6124,4477329.3349
688082.SH,2023-09-21,102.0,102.55,100.08,100.6,102.76,-2.16,-2.102,10891.59,109915.042,1.4583,0.9,65.5692,7.4524,4383216.5345
688082.SH,2023-09-22,101.33,106.06,99.7,106.06,100.6,5.46,5.4274,10013.14,103207.188,1.3407,0.83,69.1279,7.8569,4621112.7799
688082.SH,2023-09-25,104.0,104.29,101.68,103.2,106.06,-2.86,-2.6966,10471.27,107790.502,1.402,0.89,67.2638,7.645,4496500.4609
688082.SH,2023-09-26,102.0,104.01,101.5,101.5,103.2,-1.7,-1.6473,8756.96,89697.382,1.1725,0.8,66.1558,7.5191,4422430.2014
688082.SH,2023-09-27,102.18,102.47,101.06,102.2,101.5,0.7,0.6897,7126.75,72572.415,0.9542,0.69,66.6121,7.5709,4452929.72
688082.SH,2023-09-28,103.0,122.49,102.5,117.78,102.2,15.58,15.2446,35169.12,399156.96,4.7088,3.72,76.7668,8.7251,5131761.8632
688082.SH,2023-10-09,115.5,116.8,113.29,116.15,117.78,-1.63,-1.3839,19077.11,219894.053,2.5542,1.33,75.7044,8.6044,5060741.5555
688082.SH,2023-10-10,116.1,119.65,115.16,118.27,116.15,2.12,1.8252,22873.07,270310.967,3.0625,1.42,77.0862,8.7614,5153111.5262
688082.SH,2023-10-11,118.27,119.1,117.0,118.46,118.27,0.19,0.1606,15458.0,182208.482,2.0697,0.83,77.21,8.7755,5161389.967
688082.SH,2023-10-12,118.6,122.48,117.59,120.84,118.46,2.38,2.0091,20655.29,248473.386,2.7655,1.04,78.7613,8.9518,5265088.3304
688082.SH,2023-10-13,119.03,120.42,117.56,119.7,120.84,-1.14,-0.9434,14661.34,174348.07,1.963,0.65,78.0182,8.8673,5215417.6857
688082.SH,2023-10-16,119.18,120.99,117.91,120.47,119.7,0.77,0.6433,15304.12,183310.302,2.0491,0.83,78.5201,8.9244,5248967.1562
688082.SH,2023-10-17,120.27,121.99,117.6,120.12,120.47,-0.35,-0.2905,13280.95,159067.771,1.7782,0.75,78.292,8.8985,5233717.3969
688082.SH,2023-10-18,119.17,121.09,117.75,117.99,120.12,-2.13,-1.7732,13157.34,156460.439,1.7616,0.83,76.9037,8.7407,5140911.7188
688082.SH,2023-10-19,117.51,120.0,116.0,116.51,117.99,-1.48,-1.2543,15009.05,177357.96,2.0096,0.97,75.9391,8.631,5076427.0223
688082.SH,2023-10-20,116.17,119.0,115.91,116.18,116.51,-0.33,-0.2832,15632.1,183595.369,2.093,1.09,75.724,8.6066,5062048.6778
688082.SH,2023-10-23,116.36,117.99,114.0,115.05,116.18,-1.13,-0.9726,11342.34,131442.659,1.5186,0.78,74.9875,8.5229,5012813.7405
688082.SH,2023-10-24,116.9,123.1,115.23,123.05,115.05,8.0,6.9535,20971.58,252808.133,2.8079,1.53,80.2017,9.1155,5361379.6677
688082.SH,2023-10-25,123.0,123.0,116.8,117.0,123.05,-6.05,-4.9167,18988.97,225355.256,2.5424,1.25,76.2584,8.6673,5097776.6853
688082.SH,2023-10-26,116.53,125.19,115.81,124.01,117.0,7.01,5.9915,22052.02,265740.421,2.9525,1.35,80.8274,9.1866,5403207.579
688082.SH,2023-10-27,123.55,124.68,120.48,123.08,124.01,-0.93,-0.7499,14578.52,178727.463,1.9519,0.82,80.2213,9.1177,5362686.79
688082.SH,2023-10-30,120.99,121.26,116.54,120.5,123.08,-2.58,-2.0962,26363.4,314177.159,3.5298,1.5,78.5397,8.5339,5250274.2785
688082.SH,2023-10-31,121.37,122.8,118.02,120.5,120.5,0.0,0.0,15395.96,184983.005,2.0614,0.75,78.5397,8.5339,5250274.2785
688082.SH,2023-11-01,120.55,123.9,116.5,117.99,120.5,-2.51,-2.083,16655.14,199987.497,2.23,0.86,76.9037,8.3562,5140911.7188
688082.SH,2023-11-02,117.99,118.88,116.27,116.3,117.99,-1.69,-1.4323,8811.73,103562.45,1.1798,0.46,75.8022,8.2365,5067277.1667
688082.SH,2023-11-03,116.3,118.4,116.12,117.6,116.3,1.3,1.1178,9002.59,105737.217,1.2054,0.55,76.6495,8.3285,5123919.1298
688082.SH,2023-11-06,118.4,118.89,113.1,116.38,117.6,-1.22,-1.0374,15171.16,175522.973,2.0313,1.0,75.8543,8.2421,5070762.8259
688082.SH,2023-11-07,116.05,117.61,114.9,116.23,116.38,-0.15,-0.1289,10640.28,123523.052,1.4246,0.82,75.7566,8.2315,5064227.2148
688082.SH,2023-11-08,117.0,120.88,116.24,118.23,116.23,2.0,1.7207,21912.03,259765.839,2.9338,1.82,77.0601,8.3732,5151368.6966
688082.SH,2023-11-09,117.9,119.64,114.0,114.19,118.23,-4.04,-3.4171,14290.75,166171.726,1.9134,1.09,74.4269,8.087,4975342.9034
688082.SH,2023-11-10,114.2,115.77,112.3,113.2,114.19,-0.99,-0.867,16041.33,182600.428,2.1478,1.13,73.7817,8.0169,4932207.8699
688082.SH,2023-11-13,113.98,116.16,112.5,115.36,113.2,2.16,1.9081,13109.63,150025.777,1.7552,0.84,75.1895,8.1699,5026320.6702
688082.SH,2023-11-14,115.19,118.88,114.33,118.88,115.36,3.52,3.0513,17946.4,210923.138,2.4028,1.18,77.4838,8.4192,5179689.6782
688082.SH,2023-11-15,119.49,119.54,117.0,117.39,118.88,-1.49,-1.2534,10878.92,128285.614,1.4566,0.65,76.5126,8.3137,5114769.2743
688082.SH,2023-11-16,117.39,117.39,113.93,113.93,117.39,-3.46,-2.9474,8663.98,99871.048,1.16,0.6,74.2575,8.0686,4964014.5107
688082.SH,2023-11-17,114.37,115.05,113.2,114.81,113.93,0.88,0.7724,8489.89,96991.089,1.1367,0.64,74.831,8.131,5002356.7627
688082.SH,2023-11-20,116.0,117.5,113.55,113.95,114.81,-0.86,-0.7491,13375.96,153872.421,1.7631,1.13,74.2705,8.0701,4964885.9256
688082.SH,2023-11-21,113.8,114.68,112.62,112.62,113.95,-1.33,-1.1672,8866.11,100730.524,1.1687,0.75,73.4036,7.9759,4906936.8402
688082.SH,2023-11-22,112.6,113.5,109.3,109.3,112.62,-3.32,-2.948,9448.09,105264.251,1.2454,0.94,71.2397,7.7407,4762281.9804
688082.SH,2023-11-23,110.3,111.88,108.88,111.15,109.3,1.85,1.6926,9945.68,109806.689,1.311,1.02,72.4455,7.8718,4842887.851
688082.SH,2023-11-24,111.16,113.36,110.0,111.1,111.15,-0.05,-0.045,7628.0,85104.233,1.0055,0.76,72.4129,7.8682,4840709.314
688082.SH,2023-11-27,110.41,114.8,110.24,113.86,111.1,2.76,2.4842,9620.01,109184.925,1.268,0.98,74.2118,8.0637,4960964.5589
688082.SH,2023-11-28,113.88,114.46,112.13,113.31,113.86,-0.55,-0.483,10200.73,115503.284,1.3446,1.12,73.8534,8.0247,4937000.6514
688082.SH,2023-11-29,113.0,114.93,111.02,111.53,113.31,-1.78,-1.5709,13497.73,152748.664,1.7792,1.44,72.6932,7.8987,4859444.7326
688082.SH,2023-11-30,111.9,114.59,108.0,114.59,111.53,3.06,2.7437,18361.56,204869.988,2.4203,1.8,74.6876,8.1154,4992771.1997
688082.SH,2023-12-01,113.5,114.05,109.29,110.75,114.59,-3.84,-3.3511,16262.63,180449.981,2.1436,1.37,72.1848,7.8434,4825459.5547
688082.SH,2023-12-04,110.4,111.07,107.59,108.38,110.75,-2.37,-2.14,11385.3,123895.261,1.5007,0.84,70.6401,7.6756,4722196.8987
688082.SH,2023-12-05,108.0,109.3,107.0,107.0,108.38,-1.38,-1.2733,9508.14,102622.682,1.2533,0.68,69.7406,7.5778,4662069.2763
688082.SH,2023-12-06,107.76,107.76,105.5,106.37,107.0,-0.63,-0.5888,10005.04,106659.251,1.3188,0.72,69.33,7.5332,4634619.7095
688082.SH,2023-12-07,106.78,109.19,105.2,108.9,106.37,2.53,2.3785,15220.57,163128.755,2.0063,1.16,70.979,7.7124,4744853.684
688082.SH,2023-12-08,108.64,111.28,107.3,111.28,108.9,2.38,2.1855,26231.39,285134.146,3.4577,2.1,72.5302,7.881,4848552.0474
688082.SH,2023-12-11,109.5,111.27,109.03,111.1,111.28,-0.18,-0.1618,13322.78,146847.565,1.7561,0.92,72.4129,7.8682,4840709.314
688082.SH,2023-12-12,111.31,112.63,109.65,110.66,111.1,-0.44,-0.396,9153.02,101576.985,1.2065,0.62,72.1261,7.8371,4821538.188
688082.SH,2023-12-13,110.0,111.17,108.95,108.96,110.66,-1.7,-1.5362,8189.19,90034.182,1.0794,0.55,71.0181,7.7167,4747467.9285
688082.SH,2023-12-14,108.94,110.6,107.6,108.84,108.96,-0.12,-0.1101,8537.39,93099.633,1.1253,0.59,70.9399,7.7082,4742239.4396
688082.SH,2023-12-15,109.2,110.18,106.82,107.46,108.84,-1.38,-1.2679,8976.76,97041.22,1.1833,0.69,70.0404,7.6104,4682111.8171
688082.SH,2023-12-18,107.66,107.66,104.88,105.16,107.46,-2.3,-2.1403,7707.17,81498.247,1.0159,0.8,68.5413,7.4475,4581899.113
688082.SH,2023-12-19,105.42,107.23,104.28,106.93,105.16,1.77,1.6831,8571.07,91302.591,1.1298,1.01,69.695,7.5729,4659019.3244
688082.SH,2023-12-20,107.96,107.97,106.01,106.1,106.93,-0.83,-0.7762,5775.08,61744.639,0.7612,0.69,69.154,7.5141,4622855.6095
688082.SH,2023-12-21,105.3,106.75,104.7,106.5,106.1,0.4,0.377,6294.61,66657.438,0.8297,0.8,69.4147,7.5424,4640283.9059
688082.SH,2023-12-22,107.06,107.06,104.8,105.0,106.5,-1.5,-1.4085,6603.61,69713.06,0.8704,0.88,68.4371,7.4362,4574927.7945
688082.SH,2023-12-25,104.61,106.0,103.6,104.0,105.0,-1.0,-0.9524,5047.19,52812.847,0.6653,0.72,67.7853,7.3654,4531357.0536
688082.SH,2023-12-26,103.5,103.99,98.01,100.26,104.0,-3.74,-3.5962,13833.56,138912.844,1.8234,2.14,65.3476,7.1005,4368402.4826
688082.SH,2023-12-27,100.84,103.88,100.57,102.79,100.26,2.53,2.5234,10936.15,112262.663,1.4415,1.46,66.9966,7.2797,4478636.4571
688082.SH,2023-12-28,102.3,104.36,101.0,103.55,102.79,0.76,0.7394,15141.85,155828.678,1.9959,1.77,67.492,7.3335,4511750.2202
688082.SH,2023-12-29,103.55,105.7,101.61,104.41,103.55,0.86,0.8305,18108.97,187699.502,2.387,1.76,68.0525,7.3944,4549221.0574
688082.SH,2024-01-02,104.7,104.7,101.7,101.8,104.41,-2.61,-2.4998,10248.9,105306.895,1.3509,0.81,66.3514,7.2096,4435501.4236
688082.SH,2024-01-03,101.65,102.9,99.9,101.34,101.8,-0.46,-0.4519,10734.91,108444.644,1.415,0.79,66.0515,7.177,4415458.8828
688082.SH,2024-01-04,101.17,101.8,99.61,100.21,101.34,-1.13,-1.1151,6084.31,61134.185,0.802,0.47,65.315,7.097,4366223.9456
688082.SH,2024-01-05,100.98,101.2,98.5,98.8,100.21,-1.41,-1.407,6123.41,61026.758,0.8071,0.51,64.396,6.9971,4304789.2009
688082.SH,2024-01-08,98.0,99.9,95.73,95.87,98.8,-2.93,-2.9656,9380.65,90563.124,1.2365,0.91,62.4863,6.7896,4177126.9301
688082.SH,2024-01-09,96.06,97.2,93.41,94.0,95.87,-1.87,-1.9506,9644.26,91505.067,1.2712,1.13,61.2675,6.6572,4095649.6446
688082.SH,2024-01-10,95.99,99.54,95.4,95.4,94.0,1.4,1.4894,15880.79,154433.316,2.0933,1.89,62.18,6.7563,4156648.6819
688082.SH,2024-01-11,95.39,97.15,94.58,96.27,95.4,0.87,0.9119,10627.29,102144.628,1.4008,1.13,62.747,6.8179,4194555.2264
688082.SH,2024-01-12,96.41,97.87,95.95,96.0,96.27,-0.27,-0.2805,7789.67,75447.849,1.0268,0.75,62.571,6.7988,4182791.1264
688082.SH,2024-01-15,95.08,97.98,94.44,96.48,96.0,0.48,0.5,7471.11,72045.734,0.9848,0.7,62.8839,6.8328,4203705.082
688082.SH,2024-01-16,96.28,98.88,95.0,96.87,96.48,0.39,0.4042,9746.45,94079.073,1.2847,0.95,63.1381,6.8604,4220697.671
688082.SH,2024-01-17,96.36,96.99,92.1,92.1,96.87,-4.77,-4.9241,13355.01,126780.564,1.7604,1.3,60.0291,6.5226,4012865.2369
688082.SH,2024-01-18,91.78,92.98,89.66,92.63,92.1,0.53,0.5755,12401.23,113145.329,1.6346,1.27,60.3745,6.5601,4035957.7296
688082.SH,2024-01-19,92.72,94.55,92.19,92.3,92.63,-0.33,-0.3563,10331.97,96455.769,1.3619,1.02,60.1594,6.5368,4021579.3851
688082.SH,2024-01-22,92.1,92.62,87.15,87.3,92.3,-5.0,-5.4171,12794.39,115145.127,1.6865,1.2,56.9005,6.1827,3803725.6806
688082.SH,2024-01-23,87.37,92.45,87.3,91.45,87.3,4.15,4.7537,15975.66,144514.232,2.1058,1.36,59.6054,6.4766,3984544.2553
688082.SH,2024-01-24,92.17,92.49,88.41,90.3,91.45,-1.15,-1.2575,11536.25,103831.855,1.5206,0.89,58.8559,6.3951,3934437.9033
688082.SH,2024-01-25,90.3,93.61,89.2,93.3,90.3,3.0,3.3223,12737.35,116894.849,1.679,1.01,60.8112,6.6076,4065150.126
688082.SH,2024-01-26,88.2,88.2,81.73,82.4,93.3,-10.9,-11.6827,37235.02,311623.291,4.9081,2.94,53.7068,5.8356,3590229.0502
688082.SH,2024-01-29,82.39,85.98,80.6,80.81,82.4,-1.59,-1.9296,22407.53,185185.188,2.9536,1.24,52.6705,5.723,3520951.5721
688082.SH,2024-01-30,80.42,81.3,78.0,78.02,80.81,-2.79,-3.4525,13561.03,107661.368,1.7875,0.68,50.852,5.5255,3399389.205
688082.SH,2024-01-31,76.86,79.69,76.77,77.52,78.02,-0.5,-0.6409,15985.37,124930.794,2.1071,0.82,50.5261,5.49,3377603.8346
688082.SH,2024-02-01,77.22,79.85,75.01,77.8,77.52,0.28,0.3612,16262.77,126523.499,2.1437,0.8,50.7086,5.5099,3389803.642
688082.SH,2024-02-02,78.5,78.5,71.77,74.04,77.8,-3.76,-4.8329,18725.44,141225.175,2.4683,0.89,48.2579,5.2436,3225977.6562
688082.SH,2024-02-05,74.0,74.74,68.8,73.0,74.04,-1.04,-1.4046,20787.4,149654.769,2.7401,1.2,47.58,5.1699,3180664.0857
688082.SH,2024-02-06,74.0,79.97,71.35,79.97,73.0,6.97,9.5479,24525.62,186772.276,3.2328,1.44,52.123,5.6636,3484352.1498
688082.SH,2024-02-07,79.4,86.68,79.33,86.03,79.97,6.06,7.5778,32970.2,278003.5,4.3459,1.71,56.0728,6.0927,3748390.8396
688082.SH,2024-02-08,85.5,93.64,85.47,87.22,86.03,1.19,1.3832,24514.76,220818.46,3.2314,1.08,56.8484,6.177,3800240.0213
688082.SH,2024-02-19,90.15,90.49,85.0,86.72,87.22,-0.5,-0.5733,22281.36,192699.49,2.937,0.92,56.5225,6.1416,3778454.6508
688082.SH,2024-02-20,86.09,86.6,84.5,85.8,86.72,-0.92,-1.0609,13362.79,113956.928,1.7614,0.53,55.9229,6.0764,3738369.5692
688082.SH,2024-02-21,85.47,88.25,84.71,86.3,85.8,0.5,0.5828,17082.47,148534.528,2.2517,0.73,56.2487,6.1119,3760154.9397
688082.SH,2024-02-22,86.68,86.9,84.7,85.6,86.3,-0.7,-0.8111,18032.87,154640.042,2.377,0.82,55.7925,6.0623,3729655.421
688082.SH,2024-02-23,86.8,86.8,84.09,86.36,85.6,0.76,0.8879,17684.7,151173.23,2.3311,0.93,56.2878,6.1161,3762769.1841
688082.SH,2024-02-26,86.55,87.76,85.67,86.89,86.36,0.53,0.6137,19953.83,173255.237,2.6302,1.13,56.6333,6.1536,3785861.6768
688082.SH,2024-02-27,86.07,92.12,85.9,91.95,86.89,5.06,5.8235,27812.13,248112.667,3.666,1.61,59.9313,6.512,4006329.6258
688082.SH,2024-02-28,91.78,92.33,86.94,87.05,91.95,-4.9,-5.329,25906.19,232516.587,3.4148,1.29,56.7376,6.165,3792832.9953
688082.SH,2024-02-29,90.5,98.23,90.2,98.23,87.05,11.18,12.8432,46523.6,437017.877,6.1324,2.13,47.0055,6.6271,4279953.8786
688082.SH,2024-03-01,97.0,98.54,94.18,96.25,98.23,-1.98,-2.0157,35691.12,343491.491,4.7046,1.29,46.058,6.4935,4193683.8116
688082.SH,2024-03-04,96.01,97.88,94.5,96.61,96.25,0.36,0.374,23856.98,229405.314,3.1447,0.77,46.2303,6.5178,4209369.2783
688082.SH,2024-03-05,96.52,96.59,93.61,94.15,96.61,-2.46,-2.5463,21069.32,199743.626,2.7772,0.66,45.0531,6.3518,4102185.2557
688082.SH,2024-03-06,94.13,95.88,92.09,94.24,94.15,0.09,0.0956,17708.98,166507.528,2.3343,0.58,45.0962,6.3579,4106106.6224
688082.SH,2024-03-07,95.0,98.22,93.08,93.13,94.24,-1.11,-1.1778,20157.41,192372.969,2.657,0.7,44.565,6.283,4057743.1
688082.SH,2024-03-08,93.27,95.6,92.6,92.68,93.13,-0.45,-0.4832,27587.8,258576.936,3.6364,1.16,44.3497,6.2527,4038136.2666
688082.SH,2024-03-11,92.0,95.21,91.22,94.98,92.68,2.3,2.4817,20653.25,193380.988,2.7224,0.94,45.4503,6.4078,4138348.9707
688082.SH,2024-03-12,95.0,97.1,94.67,95.28,94.98,0.3,0.3159,14601.96,139633.427,1.9247,0.68,45.5938,6.4281,4151420.193
688082.SH,2024-03-13,96.22,96.88,94.06,94.32,95.28,-0.96,-1.0076,13341.72,126995.186,1.7586,0.66,45.1345,6.3633,4109592.2817
688082.SH,2024-03-14,93.4,94.54,91.77,93.13,94.32,-1.19,-1.2617,12111.77,112811.077,1.5965,0.63,44.565,6.283,4057743.1
688082.SH,2024-03-15,93.39,93.4,91.21,92.86,93.13,-0.27,-0.2899,14171.94,130850.339,1.8681,0.8,44.4358,6.2648,4045979.0
688082.SH,2024-03-18,92.8,93.2,90.1,92.94,92.86,0.08,0.0862,24288.77,222542.642,3.2016,1.62,44.4741,6.2702,4049464.6592
688082.SH,2024-03-19,92.94,93.12,90.4,90.41,92.94,-2.53,-2.7222,18351.58,168552.25,2.419,1.17,43.2634,6.0995,3939230.6848
688082.SH,2024-03-20,90.11,91.42,89.89,90.4,90.41,-0.01,-0.0111,11393.55,103256.508,1.5018,0.69,43.2586,6.0988,3938794.9774
688082.SH,2024-03-21,92.01,95.3,90.58,93.03,90.4,2.63,2.9093,38369.18,357335.849,5.0576,2.39,44.5172,6.2763,4053386.0259
688082.SH,2024-03-22,93.0,97.71,93.0,94.22,93.03,1.19,1.2792,42863.72,409402.331,5.65,2.01,45.0866,6.3566,4105235.2076
688082.SH,2024-03-25,94.2,94.2,87.01,88.0,94.22,-6.22,-6.6016,40831.29,366477.466,5.3821,1.51,42.1102,5.9369,3834225.1992
688082.SH,2024-03-26,88.15,89.66,85.81,86.4,88.0,-1.6,-1.8182,23163.72,202272.31,3.0533,0.76,41.3445,5.829,3764512.0138
688082.SH,2024-03-27,86.35,86.95,83.67,83.78,86.4,-2.62,-3.0324,17334.25,148074.713,2.2849,0.55,40.0908,5.6522,3650356.6726
688082.SH,2024-03-28,84.01,86.48,84.01,84.61,83.78,0.83,0.9907,17651.8,150606.994,2.3267,0.54,40.488,5.7082,3686520.3875
688082.SH,2024-03-29,84.1,87.98,83.88,86.8,84.61,2.19,2.5883,16899.35,144500.53,2.2276,0.6,41.536,5.856,3781940.3101
688082.SH,2024-04-01,87.76,88.37,86.8,87.26,86.8,0.46,0.53,12188.63,106739.691,1.6066,0.53,41.7561,5.887,3801982.8509
688082.SH,2024-04-02,86.66,87.18,84.63,85.7,87.26,-1.56,-1.7878,13416.58,114894.476,1.7685,0.77,41.0096,5.7818,3734012.4951
688082.SH,2024-04-03,85.31,86.84,84.45,84.65,85.7,-1.05,-1.2252,13849.98,118430.123,1.8256,0.89,40.5071,5.7109,3688263.2172
688082.SH,2024-04-08,84.63,86.38,82.55,82.8,84.65,-1.85,-2.1855,13176.27,111104.874,1.7368,0.89,39.6219,5.5861,3607657.3465
688082.SH,2024-04-09,82.04,83.3,81.62,83.0,82.8,0.2,0.2415,12930.06,106732.388,1.7044,0.93,39.7176,5.5996,3616371.4947
688082.SH,2024-04-10,83.0,83.69,80.55,80.79,83.0,-2.21,-2.6627,10631.65,86822.466,1.4014,0.81,38.66,5.4505,3520080.1573
688082.SH,2024-04-11,80.5,81.54,79.39,79.82,80.79,-0.97,-1.2006,10752.89,86529.534,1.4174,0.84,38.1959,5.3851,3477816.5386
688082.SH,2024-04-12,80.0,80.78,78.91,79.02,79.82,-0.8,-1.0023,8781.31,70082.882,1.1575,0.72,37.813,5.3311,3442959.9459
688082.SH,2024-04-15,79.99,83.29,79.51,81.91,79.02,2.89,3.6573,18985.86,155416.642,2.5026,1.69,39.196,5.5261,3568879.3871
688082.SH,2024-04-16,82.04,82.86,79.65,79.92,81.91,-1.99,-2.4295,16846.38,136660.112,2.2206,1.36,38.2437,5.3918,3482173.6127
688082.SH,2024-04-17,80.94,82.87,79.2,82.87,79.92,2.95,3.6912,17732.0,145133.858,2.3373,1.34,39.6554,5.5908,3610707.2984
688082.SH,2024-04-18,82.2,83.51,81.66,82.0,82.87,-0.87,-1.0498,13950.38,115201.388,1.8388,0.95,39.239,5.5321,3572800.7538
688082.SH,2024-04-19,81.09,81.74,77.78,77.78,82.0,-4.22,-5.1463,17007.04,135038.835,2.2418,1.11,37.2197,5.2474,3388932.2272
688082.SH,2024-04-22,77.3,81.5,77.02,80.91,77.78,3.13,4.0242,17345.55,138908.508,2.2864,1.03,38.7174,5.4586,3525308.6462
688082.SH,2024-04-23,81.13,82.48,80.2,81.37,80.91,0.46,0.5685,12059.78,98059.499,1.5896,0.73,38.9376,5.4896,3545351.187
688082.SH,2024-04-24,81.43,82.75,81.03,81.67,81.37,0.3,0.3687,14016.88,114633.906,1.8476,0.9,39.0811,5.5099,3558422.4093
688082.SH,2024-04-25,81.9,82.78,80.67,81.44,81.67,-0.23,-0.2816,10630.27,86993.578,1.4012,0.71,38.9711,5.4944,3548401.1389
688082.SH,2024-04-26,81.48,84.47,81.0,84.4,81.44,2.96,3.6346,18871.76,156772.954,2.4876,1.33,40.3875,5.6941,3677370.532
688082.SH,2024-04-29,81.0,84.8,80.33,83.89,84.4,-0.51,-0.6043,31106.21,258002.428,4.1002,2.13,40.1435,5.5178,3655149.4541
688082.SH,2024-04-30,83.53,84.39,81.84,82.01,83.89,-1.88,-2.241,18081.21,149660.429,2.3833,1.04,39.2438,5.3941,3573236.4612
688082.SH,2024-05-06,83.43,83.89,81.85,82.71,82.01,0.7,0.8536,16003.6,132811.878,2.1095,0.86,39.5788,5.4402,3603735.9798
688082.SH,2024-05-07,82.35,82.79,79.0,79.55,82.71,-3.16,-3.8206,23088.32,186208.716,3.0434,1.22,38.0667,5.2323,3466052.4386
688082.SH,2024-05-08,79.0,80.25,78.08,78.29,79.55,-1.26,-1.5839,15245.55,120390.289,2.0096,0.71,37.4637,5.1495,3411153.3051
688082.SH,2024-05-09,78.28,81.47,78.28,80.5,78.29,2.21,2.8228,19732.61,158718.275,2.601,0.95,38.5213,5.2948,3507444.6425
688082.SH,2024-05-10,80.55,80.9,77.6,77.85,80.5,-2.65,-3.2919,21198.26,166386.573,2.7942,1.15,37.2532,5.1205,3391982.1791
688082.SH,2024-05-13,77.4,78.56,76.46,76.89,77.85,-0.96,-1.2331,12130.29,93825.02,1.5989,0.64,36.7938,5.0574,3350154.2678
688082.SH,2024-05-14,78.04,78.77,76.88,77.62,76.89,0.73,0.9494,11665.31,90694.965,1.5376,0.64,37.1431,5.1054,3381960.9087
688082.SH,2024-05-15,77.5,77.99,75.61,76.06,77.62,-1.56,-2.0098,10946.34,84016.007,1.4429,0.68,36.3966,5.0028,3313990.5529
688082.SH,2024-05-16,76.98,77.82,75.75,77.82,76.06,1.76,2.314,12332.27,94886.115,1.6256,0.81,37.2388,5.1185,3390675.0568
688082.SH,2024-05-17,77.05,79.18,76.65,79.03,77.82,1.21,1.5549,11659.99,91137.545,1.5369,0.85,37.8178,5.1981,3443395.6533
688082.SH,2024-05-20,78.9,80.53,78.09,78.45,79.03,-0.58,-0.7339,14211.94,112608.003,1.8733,1.21,37.5403,5.16,3418124.6236
688082.SH,2024-05-21,78.08,78.78,77.66,78.04,78.45,-0.41,-0.5226,8870.06,69373.325,1.1692,0.73,37.3441,5.133,3400260.6198
688082.SH,2024-05-22,78.56,78.82,77.3,78.49,78.04,0.45,0.5766,9475.66,74070.421,1.249,0.82,37.5594,5.1626,3419867.4532
688082.SH,2024-05-23,78.48,79.14,77.5,77.5,78.49,-0.99,-1.2613,10466.52,81780.469,1.3796,0.93,37.0857,5.0975,3376732.4198
688082.SH,2024-05-24,77.5,77.78,74.87,74.88,77.5,-2.62,-3.3806,11196.63,85130.9,1.4759,1.02,35.8319,4.9252,3262577.0786
688082.SH,2024-05-27,75.13,77.17,72.57,76.99,74.88,2.11,2.8178,17031.04,127631.639,2.2449,1.57,36.8416,5.064,3354511.3419
688082.SH,2024-05-28,77.08,78.77,76.1,76.1,76.99,-0.89,-1.156,17227.43,133370.979,2.2708,1.51,36.4157,5.0054,3315733.3825
688082.SH,2024-05-29,76.13,76.7,74.48,74.73,76.1,-1.37,-1.8003,13060.63,98380.153,1.7216,1.0,35.7602,4.9153,3256041.4675
688082.SH,2024-05-30,74.16,76.2,73.86,75.5,74.73,0.77,1.0304,19345.31,145735.338,2.55,1.4,36.1286,4.966,3289590.938
688082.SH,2024-05-31,75.49,76.1,74.74,75.92,75.5,0.42,0.5563,16340.74,123327.175,2.1539,1.05,36.3296,4.9936,3307890.6491
688082.SH,2024-06-03,76.6,79.7,76.58,78.68,75.92,2.76,3.6354,33287.73,261401.472,4.3878,2.01,37.6503,5.1751,3428145.894
688082.SH,2024-06-04,79.95,79.95,77.5,79.02,78.68,0.34,0.4321,16871.53,132316.669,2.2239,0.85,37.813,5.1975,3442959.9459
688082.SH,2024-06-05,79.0,80.77,78.66,79.7,79.02,0.68,0.8605,21001.4,168320.247,2.7683,1.06,38.1384,5.2422,3472588.0497
688082.SH,2024-06-06,80.04,81.49,78.9,78.9,79.7,-0.8,-1.0038,19907.55,159837.42,2.6241,0.93,37.7556,5.1896,3437731.457
688082.SH,2024-06-07,79.26,80.84,78.63,79.54,78.9,0.64,0.8112,17259.23,137627.058,2.275,0.8,38.0619,5.2317,3465616.7312
688082.SH,2024-06-11,79.71,82.7,79.51,82.67,79.54,3.13,3.9351,33537.66,272752.333,4.4207,1.55,39.5597,5.4376,3601993.1502
688082.SH,2024-06-12,83.0,84.92,82.2,83.8,82.67,1.13,1.3669,36225.71,303178.277,4.775,1.67,40.1004,5.5119,3651228.0874
688082.SH,2024-06-13,84.99,89.35,84.99,87.05,83.8,3.25,3.8783,50422.69,442311.224,6.6464,1.97,41.6556,5.7256,3792832.9953
688082.SH,2024-06-14,86.65,86.88,82.8,82.8,87.05,-4.25,-4.8823,54289.36,457683.843,7.1561,1.73,39.6219,5.4461,3607657.3465
688082.SH,2024-06-17,83.58,86.37,83.0,85.38,82.8,2.58,3.1159,29501.95,251452.646,3.8888,0.77,40.8565,5.6158,3720069.858
688082.SH,2024-06-18,85.38,86.6,84.79,85.63,85.38,0.25,0.2928,20339.02,174146.917,2.681,0.5,41.018,5.6332,3734782.96
688082.SH,2024-06-19,86.15,86.73,83.65,84.88,85.63,-0.75,-0.8759,16222.31,137760.158,2.1383,0.43,40.6588,5.5839,3702071.4427
688082.SH,2024-06-20,85.0,87.6,84.5,85.21,84.88,0.33,0.3888,20558.24,177243.72,2.7099,0.6,40.8169,5.6056,3716464.5103
688082.SH,2024-06-21,84.5,86.83,83.0,86.29,85.21,1.08,1.2675,19085.65,162881.733,2.5157,0.68,41.3342,5.6766,3763569.0951
688082.SH,2024-06-24,85.75,87.5,83.45,83.58,86.29,-2.71,-3.1406,20018.23,171199.541,2.6387,0.95,40.0361,5.4984,3645371.4796
688082.SH,2024-06-25,84.0,84.08,79.46,80.2,83.58,-3.38,-4.044,17270.41,139874.231,2.2765,0.9,38.417,5.276,3497951.5753
688082.SH,2024-06-26,80.58,81.6,79.55,81.15,80.2,0.95,1.1845,15889.78,127965.013,2.0945,0.85,38.8721,5.3385,3539386.1637
688082.SH,2024-06-27,80.77,82.99,79.41,82.34,81.15,1.19,1.4664,20596.82,167453.658,2.7149,1.11,39.4421,5.4168,3591288.4377
688082.SH,2024-06-28,81.52,84.8,81.03,84.51,82.34,2.17,2.6354,16616.56,138643.503,2.1903,0.89,40.4815,5.5595,3685933.7609
688082.SH,2024-07-01,84.87,86.0,82.5,85.21,84.51,0.7,0.8283,13448.44,113390.127,1.7727,0.74,40.8169,5.6056,3716464.5103
688082.SH,2024-07-02,85.21,86.39,84.04,84.62,85.21,-0.59,-0.6924,10135.88,86365.121,1.336,0.6,40.5342,5.5668,3690731.4501
688082.SH,2024-07-03,84.25,87.98,83.58,87.77,84.62,3.15,3.7225,15537.32,134261.442,2.048,1.01,42.0431,5.774,3828119.8225
688082.SH,2024-07-04,87.7,88.89,86.8,87.09,87.77,-0.68,-0.7748,13864.38,121791.532,1.8275,0.91,41.7174,5.7293,3798461.3802
688082.SH,2024-07-05,87.49,87.5,83.75,85.93,87.09,-1.16,-1.332,15675.76,133809.859,2.0663,1.13,41.1617,5.653,3747867.5669
688082.SH,2024-07-08,85.98,88.21,85.5,86.11,85.93,0.18,0.2095,14148.62,123286.311,1.865,1.03,41.248,5.6648,3755718.331
688082.SH,2024-07-09,86.1,89.26,85.98,88.89,86.11,2.78,3.2284,15703.08,137931.035,2.0699,1.13,42.5796,5.8477,3876969.0215
688082.SH,2024-07-10,89.48,89.48,86.92,86.95,88.89,-1.94,-2.1825,11749.13,103152.715,1.5487,0.78,41.6503,5.7201,3792355.2303
688082.SH,2024-07-11,87.9,88.8,86.38,88.01,86.95,1.06,1.2191,13490.75,118245.133,1.7783,0.95,42.1581,5.7898,3838587.508
688082.SH,2024-07-12,87.79,89.45,86.5,88.8,88.01,0.79,0.8976,10387.08,91627.629,1.3692,0.73,42.5365,5.8418,3873043.6394
688082.SH,2024-07-15,89.07,91.32,89.0,90.33,88.8,1.53,1.723,11619.65,104685.647,1.5316,0.89,43.2694,5.9424,3939775.1346
688082.SH,2024-07-16,89.86,90.78,88.62,90.71,90.33,0.38,0.4207,14240.61,128114.615,1.8771,1.13,43.4514,5.9674,3956348.97
688082.SH,2024-07-17,90.35,93.25,89.01,92.5,90.71,1.79,1.9733,20419.51,187244.549,2.6916,1.66,44.3089,6.0852,4034420.4578
688082.SH,2024-07-18,91.52,94.62,90.88,93.93,92.5,1.43,1.5459,19491.42,181245.102,2.5692,1.39,44.9939,6.1792,4096790.4173
688082.SH,2024-07-19,93.01,94.5,91.8,93.01,93.3,-0.29,-0.3108,17717.74,164972.117,2.3354,1.16,44.5532,6.3817,4056664.2895
688082.SH,2024-07-22,93.78,95.0,92.79,95.0,93.01,1.99,2.1396,16926.99,159506.881,2.2312,1.01,45.5064,6.5182,4143458.8485
688082.SH,2024-07-23,94.98,95.5,89.0,89.36,95.0,-5.64,-5.9368,17708.43,161750.113,2.3342,1.0,42.8048,6.1312,3897468.239
688082.SH,2024-07-24,89.36,89.8,86.18,87.0,89.36,-2.36,-2.641,15444.48,135501.825,2.0358,0.84,41.6743,5.9693,3794535.9981
688082.SH,2024-07-25,86.02,87.56,85.74,86.18,87.0,-0.82,-0.9425,9214.6,79666.232,1.2146,0.53,41.2815,5.9131,3758771.4059
688082.SH,2024-07-26,86.44,88.56,86.05,87.8,86.18,1.62,1.8798,8369.68,73238.714,1.1032,0.54,42.0575,6.0242,3829428.2831
688082.SH,2024-07-29,88.0,89.98,86.51,86.87,87.8,-0.93,-1.0592,10854.52,95532.43,1.4308,0.8,41.612,5.9604,3788866.0018
688082.SH,2024-07-30,86.98,89.33,84.35,88.93,86.87,2.06,2.3714,12403.69,108296.986,1.635,1.01,42.5988,6.1017,3878713.6358
688082.SH,2024-07-31,87.97,91.2,87.96,90.8,88.93,1.87,2.1028,18316.96,164902.985,2.4144,1.63,43.4945,6.23,3960274.352
688082.SH,2024-08-01,90.44,93.2,90.21,92.0,90.8,1.2,1.3216,16196.54,149144.943,2.1349,1.37,44.0694,6.3124,4012612.7796
688082.SH,2024-08-02,90.5,92.49,89.49,89.61,92.0,-2.39,-2.5978,11922.34,108408.81,1.5715,0.9,42.9245,6.1484,3908372.078
688082.SH,2024-08-05,88.97,90.0,86.58,86.66,89.61,-2.95,-3.292,12448.66,109555.706,1.6409,0.89,41.5114,5.946,3779706.777
688082.SH,2024-08-06,88.17,88.7,86.62,88.15,86.66,1.49,1.7194,8452.99,73942.987,1.1142,0.59,42.2252,6.0482,3844693.6578
688082.SH,2024-08-07,87.77,93.49,87.35,91.28,88.15,3.13,3.5508,17974.74,163790.243,2.3693,1.33,43.7245,6.263,3981209.7231
688082.SH,2024-08-08,94.99,98.0,92.88,96.6,91.28,5.32,5.8282,36633.05,349850.545,4.8287,2.73,46.2728,6.1914,4213243.4186
688082.SH,2024-08-09,98.7,99.0,95.18,95.53,96.6,-1.07,-1.1077,19108.76,185124.541,2.5188,1.09,45.7603,6.1228,4166574.9873
688082.SH,2024-08-12,94.6,97.76,93.8,94.19,95.53,-1.34,-1.4027,15150.56,144590.49,1.997,0.8,45.1184,6.0369,4108130.4099
688082.SH,2024-08-13,94.98,95.33,91.9,94.21,94.19,0.02,0.0212,15756.44,147207.879,2.0769,0.81,45.128,6.0382,4109002.717
688082.SH,2024-08-14,94.88,95.5,92.3,92.31,94.21,-1.9,-2.0168,10056.28,93748.92,1.3256,0.48,44.2179,5.9165,4026133.5401
688082.SH,2024-08-15,92.96,93.51,91.51,92.75,92.31,0.44,0.4767,14333.21,132823.136,1.8893,0.74,44.4286,5.9447,4045324.2968
688082.SH,2024-08-16,94.49,94.49,91.42,91.57,92.75,-1.18,-1.2722,8259.68,76220.018,1.0887,0.56,43.8634,5.869,3993858.1764
688082.SH,2024-08-19,92.03,92.55,90.11,91.4,91.57,-0.17,-0.1857,9799.69,89572.791,1.2917,0.77,43.782,5.8581,3986443.5658
688082.SH,2024-08-20,91.73,92.0,89.53,89.71,91.4,-1.69,-1.849,6985.12,63153.081,0.9207,0.6,42.9724,5.7498,3912733.6137
688082.SH,2024-08-21,89.6,91.2,88.03,88.81,89.71,-0.9,-1.0032,10489.93,93663.976,1.3827,1.06,42.5413,5.6921,3873479.793
688082.SH,2024-08-22,88.82,89.83,87.62,88.5,88.81,-0.31,-0.3491,6874.4,60939.779,0.9061,0.69,42.3928,5.6723,3859959.0326
688082.SH,2024-08-23,88.88,88.88,86.2,88.0,88.5,-0.5,-0.565,9286.34,81070.895,1.2241,1.09,42.1533,5.6402,3838151.3544
688082.SH,2024-08-26,87.97,89.58,87.4,87.76,88.0,-0.24,-0.2727,8302.94,73252.145,1.0944,0.96,42.0383,5.6248,3827683.6689
688082.SH,2024-08-27,87.45,88.8,86.94,87.3,87.76,-0.46,-0.5242,6785.52,59653.38,0.8944,0.81,41.818,5.5953,3807620.605
688082.SH,2024-08-28,87.41,88.86,87.16,88.66,87.3,1.36,1.5578,8746.61,77078.672,1.1529,1.05,42.4695,5.6825,3866937.4896
688082.SH,2024-08-29,88.27,90.33,87.89,89.02,88.66,0.36,0.406,8510.09,75966.139,1.1217,1.06,42.6419,5.7056,3882639.0178
688082.SH,2024-08-30,88.75,91.6,88.75,91.48,89.02,2.46,2.7634,17654.3,159757.13,2.3271,2.12,43.8203,5.8633,3989932.7943
688082.SH,2024-09-02,90.7,91.16,86.26,86.3,91.48,-5.18,-5.6624,13470.42,119361.458,1.7756,1.35,41.339,5.5313,3764005.2487
688082.SH,2024-09-03,86.05,87.27,83.19,83.41,86.3,-2.89,-3.3488,13513.47,115217.107,1.7813,1.22,39.9546,5.346,3637956.869
688082.SH,2024-09-04,82.79,85.0,81.8,83.7,83.41,0.29,0.3477,9894.74,82800.997,1.3043,0.8,40.0935,5.3646,3650605.3223
688082.SH,2024-09-05,84.75,85.09,82.3,83.43,83.7,-0.27,-0.3226,8829.95,73640.826,1.1639,0.7,39.9642,5.3473,3638829.1761
688082.SH,2024-09-06,83.43,84.85,82.2,82.26,83.43,-1.17,-1.4024,6232.94,51961.418,0.8216,0.49,39.4038,5.2723,3587799.2092
688082.SH,2024-09-09,81.9,83.44,81.2,82.0,82.26,-0.26,-0.3161,5915.14,48618.579,0.7797,0.57,39.2792,5.2557,3576459.2166
688082.SH,2024-09-10,82.02,83.28,81.85,82.91,82.0,0.91,1.1098,5711.21,47183.572,0.7528,0.64,39.7151,5.314,3616149.1908
688082.SH,2024-09-11,82.1,83.5,81.8,82.82,82.91,-0.09,-0.1086,6276.55,51933.053,0.8273,0.86,39.672,5.3082,3612223.8088
688082.SH,2024-09-12,83.12,83.41,81.8,81.81,82.82,-1.01,-1.2195,5370.57,44303.065,0.7079,0.81,39.1882,5.2435,3568172.2989
688082.SH,2024-09-13,81.63,83.51,81.5,81.83,81.81,0.02,0.0244,8786.69,72540.845,1.1582,1.49,39.1978,5.2448,3569044.606
688082.SH,2024-09-18,82.33,83.43,80.32,81.2,81.83,-0.63,-0.7699,7659.96,62826.275,1.0097,1.19,38.896,5.2044,3541566.9316
688082.SH,2024-09-19,81.88,82.62,80.16,80.86,81.2,-0.34,-0.4187,9095.91,74023.764,1.199,1.35,38.7331,5.1826,3526737.7104
688082.SH,2024-09-20,81.02,81.36,79.72,80.12,80.86,-0.74,-0.9152,6680.79,53667.689,0.8806,0.9,38.3787,5.1352,3494462.3468
688082.SH,2024-09-23,80.14,80.69,77.21,77.66,80.12,-2.46,-3.0704,12935.39,101440.548,1.7051,1.72,37.2003,4.9775,3387168.5703
688082.SH,2024-09-24,78.11,81.89,78.0,81.45,77.66,3.79,4.8802,12733.33,101667.629,1.6784,1.41,39.0158,5.2204,3552470.7706
688082.SH,2024-09-25,82.5,83.88,81.58,81.75,81.45,0.3,0.3683,12460.54,102840.574,1.6425,1.27,39.1595,5.2396,3565555.3775
688082.SH,2024-09-26,81.61,84.79,80.4,84.57,81.75,2.82,3.4495,12532.65,103418.372,1.652,1.16,40.5103,5.4204,3688550.6823
688082.SH,2024-09-27,86.28,90.0,86.06,89.98,84.57,5.41,6.3971,9450.08,82918.892,1.2456,0.82,43.1018,5.7671,3924509.7599
688082.SH,2024-09-30,95.23,105.8,94.0,105.49,89.98,15.51,17.2372,33683.62,337120.434,4.44,2.8,50.5313,6.7612,4600983.9361
688082.SH,2024-10-08,126.59,126.59,120.12,126.59,105.49,21.1,20.0019,52978.92,667281.306,6.9833,3.28,60.6385,8.1136,5521267.954
688082.SH,2024-10-09,126.6,139.99,120.21,126.97,126.59,0.38,0.3002,69287.09,906475.616,9.133,2.86,60.8205,8.1379,5537841.7894
688082.SH,2024-10-10,131.0,131.3,116.66,121.89,126.97,-5.08,-4.0009,46006.2,565820.57,6.0642,1.29,58.3871,7.8123,5316275.7794
688082.SH,2024-10-11,121.21,122.51,110.0,114.3,121.89,-7.59,-6.2269,31085.59,359287.039,4.0975,0.74,54.7514,7.3259,4985235.2251
688082.SH,2024-10-14,118.86,118.86,108.5,116.25,114.3,1.95,1.706,29132.42,330262.397,3.84,0.63,55.6855,7.4508,5070285.1699
688082.SH,2024-10-15,115.98,117.96,111.95,112.11,116.25,-4.14,-3.5613,24946.88,287863.412,3.2883,0.55,53.7024,7.1855,4889717.5948
688082.SH,2024-10-16,108.12,111.75,107.2,107.6,112.11,-4.51,-4.0228,19232.1,209092.861,2.535,0.48,51.542,6.8964,4693012.3379
688082.SH,2024-10-17,108.45,109.75,104.82,104.92,107.6,-2.68,-2.4907,23300.68,248696.978,3.0713,0.77,50.2582,6.7247,4576123.183
688082.SH,2024-10-18,104.6,121.49,104.06,113.41,104.92,8.49,8.0919,48492.02,542103.668,6.3919,1.9,54.3251,7.2688,4946417.558
688082.SH,2024-10-21,115.44,122.49,111.11,115.93,113.41,2.52,2.222,53282.96,624250.676,7.0234,1.84,55.5322,7.4303,5056328.2559
688082.SH,2024-10-22,114.5,115.0,109.73,111.2,115.93,-4.73,-4.08,33523.21,374541.394,4.4188,0.99,53.2665,7.1272,4850027.6206
688082.SH,2024-10-23,110.02,111.88,107.91,108.92,111.2,-2.28,-2.0504,31493.32,346795.604,4.1512,0.89,52.1743,6.981,4750584.6082
688082.SH,2024-10-24,108.07,109.59,106.7,107.62,108.92,-1.3,-1.1935,22662.58,245003.778,2.9872,0.6,51.5516,6.8977,4693884.645
688082.SH,2024-10-25,108.05,111.15,106.7,109.07,107.62,1.45,1.3473,31823.91,346226.032,4.1948,0.84,52.2462,6.9907,4757126.9116
688082.SH,2024-10-28,109.07,109.2,106.75,108.0,109.07,-1.07,-0.981,22728.27,244901.749,2.9959,0.66,51.7336,6.9221,4710458.4804
688082.SH,2024-10-29,106.99,109.0,105.36,105.5,108.0,-2.5,-2.3148,25404.01,272275.799,3.3486,0.89,50.5361,6.7618,4601420.0897
688082.SH,2024-10-30,104.93,106.8,103.6,104.51,105.5,-0.99,-0.9384,20408.19,214298.581,2.6901,0.76,50.0618,6.6984,4558240.8869
688082.SH,2024-10-31,105.32,107.79,103.8,106.61,104.51,2.1,2.0094,33640.37,355941.149,4.4343,1.37,51.0678,6.4747,4649833.1351
688082.SH,2024-11-01,105.25,106.66,102.4,102.42,106.61,-4.19,-3.9302,28921.03,300525.399,3.8122,1.08,49.0607,6.2202,4467084.7922
688082.SH,2024-11-04,102.5,106.25,101.88,104.97,102.42,2.55,2.4897,21839.11,227767.316,2.8787,0.83,50.2822,6.3751,4578303.9508
688082.SH,2024-11-05,104.51,109.1,104.02,109.1,104.97,4.13,3.9345,39280.59,421989.217,5.1777,1.51,52.2605,6.6259,4758435.3723
688082.SH,2024-11-06,109.16,112.5,107.0,108.36,109.1,-0.74,-0.6783,43011.59,470512.182,5.6695,1.49,51.9061,6.581,4726160.0087
688082.SH,2024-11-07,107.6,112.68,107.3,112.6,108.36,4.24,3.9129,31784.93,350400.711,4.1897,0.95,53.9371,6.8385,4911089.1194
688082.SH,2024-11-08,117.2,122.7,115.38,115.68,112.6,3.08,2.7353,57281.02,679613.786,7.5504,1.74,55.4124,7.0255,5045424.4168
688082.SH,2024-11-11,117.9,124.6,117.27,123.0,115.68,7.32,6.3278,63716.15,775550.483,8.3986,1.65,58.9188,7.4701,5364688.8249
688082.SH,2024-11-12,122.0,123.64,117.01,118.02,123.0,-4.98,-4.0488,44658.67,535693.738,5.8866,0.95,56.5333,7.1676,5147484.3505
688082.SH,2024-11-13,117.07,120.37,116.49,118.25,118.02,0.23,0.1949,30295.78,358388.844,3.9934,0.63,56.6435,7.1816,5157515.8825
688082.SH,2024-11-14,117.0,119.95,114.01,114.53,118.25,-3.72,-3.1459,26217.17,306297.064,3.4558,0.58,54.8616,6.9557,4995266.757
688082.SH,2024-11-15,114.19,115.5,108.41,108.54,114.53,-5.99,-5.2301,27766.94,311116.058,3.6601,0.62,51.9923,6.5919,4734010.7728
688082.SH,2024-11-18,108.54,112.49,107.35,109.18,108.54,0.64,0.5896,26395.43,289830.616,0.6088,0.69,52.2988,6.6308,4761924.6008
688082.SH,2024-11-19,109.82,115.0,109.35,114.65,109.18,5.47,5.0101,26581.35,298634.066,0.6131,0.86,54.9191,6.963,5000500.5998
688082.SH,2024-11-20,114.6,116.65,113.0,114.8,114.65,0.15,0.1308,22087.61,254473.489,0.5095,0.8,54.9909,6.9721,5007042.9032
688082.SH,2024-11-21,114.0,117.35,113.6,114.61,114.8,-0.19,-0.1655,20666.1,238506.682,0.4767,0.8,54.8999,6.9605,4998755.9855
688082.SH,2024-11-22,114.87,117.37,110.71,111.89,114.61,-2.72,-2.3733,25932.29,297788.764,0.5981,1.05,53.597,6.7953,4880122.2164
688082.SH,2024-11-25,112.0,115.0,109.3,111.83,111.89,-0.06,-0.0536,20450.85,228836.888,0.4717,0.84,53.5682,6.7917,4877505.295
688082.SH,2024-11-26,111.91,113.18,108.58,108.65,111.83,-3.18,-2.8436,17814.84,196984.457,0.4109,0.77,52.045,6.5986,4738808.462
688082.SH,2024-11-27,108.5,110.5,106.51,110.04,108.65,1.39,1.2793,21129.94,229584.723,0.4874,0.99,52.9707,6.6919,4823095.3673
688082.SH,2024-11-28,110.53,113.79,109.65,111.11,110.04,1.07,0.9724,21837.39,244109.449,0.5037,1.03,53.4857,6.757,4869993.8774
688082.SH,2024-11-29,111.69,116.36,110.75,115.99,111.11,4.88,4.392,27683.43,316195.804,0.6385,1.29,55.8349,7.0537,5083886.1474
688082.SH,2024-12-02,116.57,116.58,114.2,115.65,115.99,-0.34,-0.2931,23601.38,272248.491,0.5444,1.08,55.6712,7.033,5068983.8171
688082.SH,2024-12-03,115.99,117.0,113.1,114.12,115.65,-1.53,-1.323,22247.26,254183.059,0.5131,0.99,54.9347,6.94,5001923.3308
688082.SH,2024-12-04,115.8,116.3,111.59,111.94,114.12,-2.18,-1.9103,22237.59,253740.505,0.5129,0.95,53.939,6.8093,4911263.9891
688082.SH,2024-12-05,111.3,111.8,109.21,110.74,111.94,-1.2,-1.072,16057.53,177175.116,0.3704,0.68,53.3608,6.7363,4858615.0987
688082.SH,2024-12-06,110.02,112.99,109.0,112.65,110.74,1.91,1.7248,18053.15,201214.965,0.4164,0.81,54.2811,6.8524,4942414.5825
688082.SH,2024-12-09,112.0,113.59,109.91,110.31,112.65,-2.34,-2.0772,14854.72,165831.445,0.3426,0.73,53.1536,6.7101,4839749.2463
688082.SH,2024-12-10,115.1,116.1,110.66,111.2,110.31,0.89,0.8068,22693.2,256633.497,0.5234,1.21,53.5824,6.7642,4878797.1734
688082.SH,2024-12-11,111.3,115.86,111.0,113.69,111.2,2.49,2.2392,23903.47,272819.404,0.5513,1.27,54.7822,6.9157,4988043.6209
688082.SH,2024-12-12,114.5,114.5,111.01,111.89,113.69,-1.8,-1.5833,17127.58,192226.566,0.395,0.9,53.9149,6.8062,4909070.2853
688082.SH,2024-12-13,111.5,111.5,108.15,108.15,111.89,-3.74,-3.3426,23597.45,258076.648,0.5443,1.22,52.1128,6.5787,4744981.2437
688082.SH,2024-12-16,107.22,108.07,104.51,105.28,108.15,-2.87,-2.6537,16887.35,178880.404,0.3895,0.83,50.7298,6.4041,4619062.6476
688082.SH,2024-12-17,105.06,106.24,104.6,105.43,105.28,0.15,0.1425,11748.26,123973.049,0.271,0.56,50.8021,6.4133,4625643.7589
688082.SH,2024-12-18,107.49,107.49,105.4,105.5,105.43,0.07,0.0664,13889.9,147627.108,0.3204,0.74,50.8358,6.4175,4628714.9442
688082.SH,2024-12-19,104.2,106.29,104.2,104.95,105.5,-0.55,-0.5213,16540.0,173991.615,0.3815,0.99,50.5708,6.3841,4604584.2027
688082.SH,2024-12-20,104.5,107.79,104.16,106.18,104.95,1.23,1.172,28464.59,302271.254,0.6565,1.72,51.1635,6.4589,4658549.3154
688082.SH,2024-12-23,106.0,106.75,103.33,104.0,106.18,-2.18,-2.0531,23208.6,243129.15,0.5353,1.33,50.1131,6.3263,4562903.8312
688082.SH,2024-12-24,105.97,106.04,103.44,105.94,104.0,1.94,1.8654,17470.16,183134.428,0.4029,0.93,51.0479,6.4443,4648019.5373
688082.SH,2024-12-25,105.05,106.38,102.62,103.51,105.94,-2.43,-2.2938,18752.05,195766.051,0.4325,0.94,49.8769,6.2965,4541405.5343
688082.SH,2024-12-26,103.5,105.35,103.26,104.38,103.51,0.87,0.8405,16146.26,168554.724,0.3724,0.77,50.2962,6.3494,4579575.9798
688082.SH,2024-12-27,105.0,107.35,104.01,104.72,104.38,0.34,0.3257,25339.06,268311.565,0.5844,1.22,50.46,6.3701,4594493.1654
688082.SH,2024-12-30,104.01,105.25,102.88,104.05,104.72,-0.67,-0.6398,18319.88,190374.212,0.4225,0.91,50.1371,6.3293,4565097.535
688082.SH,2024-12-31,104.52,104.78,100.0,100.0,104.05,-4.05,-3.8924,17440.19,177622.649,0.4023,0.91,48.1856,6.083,4387407.53
688082.SH,2025-01-02,99.43,101.2,97.28,98.33,100.0,-1.67,-1.67,19386.33,192981.439,0.4471,1.01,47.3809,5.9814,4314137.8242
688082.SH,2025-01-03,98.41,100.38,97.2,97.51,98.33,-0.82,-0.8339,16907.66,167304.268,0.39,0.87,46.9858,5.9315,4278161.0825
688082.SH,2025-01-06,97.89,98.94,97.18,97.5,97.51,-0.01,-0.0103,11442.7,111999.717,0.2639,0.59,46.981,5.9309,4277722.3418
688082.SH,2025-01-07,97.76,98.8,96.47,98.65,97.5,1.15,1.1795,16574.91,161813.603,0.3823,0.99,47.5351,6.0008,4328177.5283
688082.SH,2025-01-08,98.28,98.6,94.45,97.73,98.65,-0.92,-0.9326,17733.4,171943.544,0.409,1.08,47.0918,5.9449,4287813.3791
688082.SH,2025-01-09,97.39,98.77,96.4,96.4,97.73,-1.33,-1.3609,11357.64,110742.758,0.262,0.69,46.4509,5.864,4229460.8589
688082.SH,2025-01-10,96.2,98.5,95.53,95.62,96.4,-0.78,-0.8091,16241.77,157154.385,0.3746,1.1,46.0751,5.8165,4195239.0802
688082.SH,2025-01-13,95.19,98.19,94.77,95.98,95.62,0.36,0.3765,14882.23,143185.057,0.3433,1.01,46.2486,5.8384,4211033.7473
688082.SH,2025-01-14,96.28,99.5,95.6,99.19,95.98,3.21,3.3444,19341.75,189811.028,0.4461,1.26,47.7953,6.0337,4351869.529
688082.SH,2025-01-15,100.81,101.69,99.55,99.7,99.19,0.51,0.5142,20655.06,207622.244,0.4764,1.3,48.0411,6.0647,4374245.3074
688082.SH,2025-01-16,100.8,102.94,99.61,99.99,99.7,0.29,0.2909,20559.77,207570.642,0.4742,1.25,48.1808,6.0823,4386968.7892
688082.SH,2025-01-17,99.85,102.0,99.12,100.7,99.99,0.71,0.7101,20088.95,202107.466,0.4634,1.1,48.5229,6.1255,4418119.3827
688082.SH,2025-01-20,101.0,101.8,99.96,100.5,100.7,-0.2,-0.1986,15964.9,160904.874,0.3682,0.84,48.4266,6.1134,4409344.5677
688082.SH,2025-01-21,101.0,101.24,98.33,100.09,100.5,-0.41,-0.408,17178.69,171093.636,0.3962,0.89,48.229,6.0884,4391356.1968
688082.SH,2025-01-22,99.76,100.45,98.03,99.34,100.09,-0.75,-0.7493,13346.9,132099.966,0.3078,0.71,47.8676,6.0428,4358450.6403
688082.SH,2025-01-23,100.49,103.8,99.81,100.62,99.34,1.28,1.2885,26195.9,265897.35,0.6042,1.5,48.4844,6.1207,4414609.4567
688082.SH,2025-01-24,100.27,101.68,99.73,100.9,100.62,0.28,0.2783,15674.04,158006.755,0.3615,0.84,48.6193,6.1377,4426894.1978
688082.SH,2025-01-27,101.08,101.75,97.8,97.8,100.9,-3.1,-3.0723,16339.12,162357.021,0.3769,0.92,47.1255,5.9491,4290884.5643
688082.SH,2025-02-05,98.8,99.0,96.3,97.18,97.8,-0.62,-0.6339,20952.29,203890.357,0.4833,1.18,46.8268,5.9114,4263682.6377
688082.SH,2025-02-06,96.58,102.87,96.51,101.98,97.18,4.8,4.9393,32565.02,328320.404,0.7511,1.76,49.1397,6.2034,4474278.1991
688082.SH,2025-02-07,102.0,103.55,101.01,102.38,101.98,0.4,0.3922,27389.37,280034.916,0.6317,1.23,49.3324,6.2277,4491827.8292
688082.SH,2025-02-10,102.93,103.7,100.38,103.08,102.38,0.7,0.6837,25090.42,255938.209,0.5787,1.11,49.6697,6.2703,4522539.6819
688082.SH,2025-02-11,102.64,103.05,101.23,101.77,103.08,-1.31,-1.2709,16256.46,165689.238,0.375,0.66,49.0385,6.1906,4465064.6433
688082.SH,2025-02-12,101.86,105.2,101.23,104.95,101.77,3.18,3.1247,28266.53,291285.364,0.652,1.16,50.5708,6.3841,4604584.2027
688082.SH,2025-02-13,104.59,105.19,101.66,101.91,104.95,-3.04,-2.8966,22939.58,236323.45,0.5291,0.89,49.106,6.1991,4471207.0138
688082.SH,2025-02-14,101.98,102.25,99.61,100.66,101.91,-1.25,-1.2266,18360.38,184729.16,0.4235,0.77,48.5037,6.1231,4416364.4197
688082.SH,2025-02-17,100.66,103.33,100.66,102.56,100.66,1.9,1.8875,22428.14,228666.369,0.5173,1.01,49.4192,6.2387,4499725.1628
688082.SH,2025-02-18,102.2,105.43,100.9,101.4,102.56,-1.16,-1.131,29078.28,299803.774,0.6707,1.34,48.8602,6.1681,4448831.2354
688082.SH,2025-02-19,101.88,105.74,101.41,105.55,101.4,4.15,4.0927,35998.18,376235.98,0.8303,1.49,50.8599,6.4206,4630908.6479
688082.SH,2025-02-20,105.95,106.75,104.2,105.13,105.55,-0.42,-0.3979,22804.52,240296.853,0.526,0.89,50.6576,6.395,4612481.5363
688082.SH,2025-02-21,105.79,109.18,104.65,108.79,105.13,3.66,3.4814,35926.56,386340.599,0.8286,1.4,52.4211,6.6176,4773060.6519
688082.SH,2025-02-24,109.11,111.38,108.09,109.5,108.79,0.71,0.6526,35818.4,392719.184,0.8262,1.22,52.7633,6.6608,4804211.2454
688082.SH,2025-02-25,106.86,111.6,106.5,109.4,109.5,-0.1,-0.0913,38211.94,416400.433,0.8814,1.2,52.7151,6.6548,4799823.8378
688082.SH,2025-02-26,109.9,113.93,107.82,113.09,109.4,3.69,3.3729,37966.75,422480.62,0.8757,1.12,54.4931,6.8792,4961719.1757
688082.SH,2025-02-27,113.09,114.29,108.5,111.16,113.09,-1.93,-1.7066,43050.2,478045.616,0.993,1.26,42.2918,6.3622,4877042.2103
688082.SH,2025-02-28,109.9,111.15,105.61,106.8,111.16,-4.36,-3.9223,32194.8,348975.174,0.7426,0.84,40.633,6.1127,4685751.242
688082.SH,2025-03-03,107.37,108.33,104.9,105.55,106.8,-1.25,-1.1704,27623.97,294028.032,0.6371,0.74,40.1574,6.0411,4630908.6479
688082.SH,2025-03-04,105.0,108.38,104.39,107.0,105.55,1.45,1.3738,28738.42,305106.142,0.6629,0.8,40.7091,6.1241,4694526.0571
688082.SH,2025-03-05,106.67,108.28,105.78,106.5,107.0,-0.5,-0.4673,20328.78,216757.693,0.4689,0.6,40.5189,6.0955,4672589.0195
688082.SH,2025-03-06,107.57,111.91,107.57,111.68,106.5,5.18,4.8638,45335.9,501347.186,1.0457,1.49,42.4897,6.392,4899856.7295
688082.SH,2025-03-07,111.0,112.38,109.24,110.37,111.68,-1.31,-1.173,25526.5,282335.866,0.5888,0.83,41.9913,6.317,4842381.6909
688082.SH,2025-03-10,110.37,110.85,108.46,109.6,110.37,-0.77,-0.6977,17864.97,195356.261,0.4121,0.61,41.6983,6.2729,4808598.6529
688082.SH,2025-03-11,107.6,109.72,107.53,108.54,109.6,-1.06,-0.9672,15579.54,168927.253,0.3593,0.57,41.295,6.2123,4762092.1331
688082.SH,2025-03-12,108.65,109.1,105.24,105.39,108.54,-3.15,-2.9022,24770.46,264174.528,0.5713,0.99,40.0966,6.032,4623888.7959
688082.SH,2025-03-13,105.28,105.81,102.23,103.1,105.39,-2.29,-2.1729,17934.54,186124.262,0.4137,0.69,39.2253,5.9009,4523417.1634
688082.SH,2025-03-14,103.23,105.82,102.26,105.68,103.1,2.58,2.5024,16983.79,177802.055,0.3917,0.84,40.2069,6.0486,4636612.2777
688082.SH,2025-03-17,105.75,106.0,104.74,105.12,105.68,-0.56,-0.5299,14281.18,150467.577,0.3294,0.77,39.9938,6.0165,4612042.7955
688082.SH,2025-03-18,106.0,107.48,105.45,105.9,105.12,0.78,0.742,11874.3,126378.897,0.2739,0.66,40.2906,6.0612,4646264.5743
688082.SH,2025-03-19,105.71,105.89,103.64,103.95,105.9,-1.95,-1.8414,11512.68,120183.349,0.2655,0.67,39.5487,5.9496,4560710.1274
688082.SH,2025-03-20,104.02,104.77,103.11,103.2,103.95,-0.75,-0.7215,8700.29,90364.712,0.2007,0.6,39.2634,5.9066,4527804.571
688082.SH,2025-03-21,103.1,103.88,101.31,101.51,103.2,-1.69,-1.6376,13208.6,134912.509,0.3047,1.04,38.8449,5.8437,4479546.8494
688082.SH,2025-03-24,101.5,104.4,101.36,103.56,101.51,2.05,2.0195,13725.35,141111.158,0.3166,1.15,39.6294,5.9617,4570011.5429
688082.SH,2025-03-25,100.01,102.75,100.01,102.38,103.56,-1.18,-1.1394,12294.28,125169.978,0.2819,1.04,39.1778,5.7989,4517939.1827
688082.SH,2025-03-26,102.44,103.4,101.86,102.52,102.38,0.14,0.1367,9002.74,92664.387,0.2064,0.76,39.2314,5.8069,4524117.2594
688082.SH,2025-03-27,102.48,104.89,101.1,103.49,102.52,0.97,0.9462,12929.98,133416.718,0.2965,1.14,39.6026,5.8618,4566922.5046
688082.SH,2025-03-28,104.13,106.25,100.0,100.0,103.49,-3.49,-3.3723,17683.49,181784.413,0.4055,1.45,38.2671,5.6641,4412911.88
688082.SH,2025-03-31,100.1,102.4,99.85,101.97,100.0,1.97,1.97,14360.44,145504.627,0.3293,1.09,39.0209,5.7757,4499846.244
688082.SH,2025-04-01,102.27,104.49,101.79,103.7,101.97,1.73,1.6966,12906.62,133639.826,0.296,0.97,39.6829,5.8737,4576189.6196
688082.SH,2025-04-02,103.46,104.58,102.75,103.8,103.7,0.1,0.0964,9615.93,99766.898,0.2205,0.72,39.7212,5.8794,4580602.5314
688082.SH,2025-04-03,103.31,105.78,103.05,103.47,103.8,-0.33,-0.3179,14112.18,147317.789,0.3236,1.05,39.5949,5.8607,4566039.9222
688082.SH,2025-04-07,98.7,101.5,90.0,92.6,103.47,-10.87,-10.5055,27917.77,266922.637,0.6402,2.03,35.4353,5.245,4086356.4009
688082.SH,2025-04-08,94.31,96.98,92.32,93.53,92.6,0.93,1.0043,20213.73,190518.407,0.4635,1.28,35.7912,5.2977,4127396.4814
688082.SH,2025-04-09,92.47,99.98,91.5,98.34,93.53,4.81,5.1427,30623.43,296809.521,0.7022,1.81,37.6318,5.5701,4339657.5428
688082.SH,2025-04-10,100.55,101.85,99.0,99.02,98.34,0.68,0.6915,18115.54,181662.337,0.4154,0.88,37.892,5.6086,4369665.3436
688082.SH,2025-04-11,98.84,103.32,98.2,101.85,99.02,2.83,2.858,24022.1,243623.26,0.5508,1.08,38.975,5.7689,4494550.7498
688082.SH,2025-04-14,103.0,103.38,100.82,102.3,101.85,0.45,0.4418,18709.54,191259.586,0.429,0.77,39.1472,5.7944,4514408.8532
688082.SH,2025-04-15,101.85,102.4,99.06,101.53,102.3,-0.77,-0.7527,21434.25,215533.182,0.4915,0.96,38.8525,5.7508,4480429.4318
688082.SH,2025-04-16,101.51,104.1,100.81,103.9,101.53,2.37,2.3343,20469.49,209654.948,0.4694,0.91,39.7595,5.885,4585015.4433
688082.SH,2025-04-17,103.02,104.82,102.5,102.75,103.9,-1.15,-1.1068,16910.61,175251.317,0.3878,0.82,39.3194,5.8199,4534266.9567
688082.SH,2025-04-18,102.5,102.73,100.99,101.75,102.75,-1.0,-0.9732,8242.91,83815.035,0.189,0.41,38.9367,5.7632,4490137.8379
688082.SH,2025-04-21,101.5,102.66,101.31,102.11,101.75,0.36,0.3538,8436.89,86130.805,0.1935,0.49,39.0745,5.7836,4506024.3207
688082.SH,2025-04-22,101.89,103.86,101.36,103.25,102.11,1.14,1.1164,11097.62,114188.313,0.2545,0.73,39.5107,5.8482,4556331.5161
688082.SH,2025-04-23,103.35,103.52,101.26,101.51,103.25,-1.74,-1.6852,12643.26,128759.957,0.2899,0.97,38.8449,5.7497,4479546.8494
688082.SH,2025-04-24,101.3,101.73,99.92,100.78,101.51,-0.73,-0.7191,9431.74,95093.882,0.2163,0.82,38.5655,5.7083,4447332.5927
688082.SH,2025-04-25,100.78,102.12,99.56,101.48,100.78,0.7,0.6946,11595.86,117089.827,0.2659,1.16,38.8334,5.748,4478222.9758
688082.SH,2025-04-28,101.48,101.99,100.25,101.32,101.48,-0.16,-0.1577,8018.73,81245.727,0.1839,0.75,38.7722,5.7389,4471162.3168
688082.SH,2025-04-29,100.75,103.46,99.32,103.05,101.32,1.73,1.7075,14187.08,144268.331,0.3253,1.34,39.4342,5.8369,4547505.6923
688082.SH,2025-04-30,106.66,107.2,103.91,104.91,103.05,1.86,1.8049,27725.7,292190.393,0.6358,2.48,40.146,5.7301,4629585.8533
688082.SH,2025-05-06,105.15,107.5,105.15,106.79,104.91,1.88,1.792,21733.63,230770.114,0.4984,1.53,40.8654,5.8327,4712548.5967
688082.SH,2025-05-07,108.0,108.5,106.01,106.81,106.79,0.02,0.0187,18414.97,197327.283,0.4223,1.11,40.873,5.8338,4713431.179
688082.SH,2025-05-08,106.73,107.1,105.87,106.55,106.81,-0.26,-0.2434,12214.16,130080.151,0.2801,0.68,40.7736,5.8196,4701957.6081
688082.SH,2025-05-09,106.26,106.26,104.39,104.45,106.55,-2.1,-1.9709,12894.11,135509.979,0.2957,0.68,39.9699,5.7049,4609286.4587
688082.SH,2025-05-12,104.82,106.0,104.5,105.74,104.45,1.29,1.235,11229.93,118250.376,0.2575,0.6,40.4636,5.7754,4666213.0219
688082.SH,2025-05-13,106.3,106.68,104.85,104.94,105.74,-0.8,-0.7566,8378.19,88508.851,0.1921,0.55,40.1575,5.7317,4630909.7269
688082.SH,2025-05-14,105.24,106.68,104.94,106.36,104.94,1.42,1.3532,12912.45,136782.041,0.2961,1.02,40.7008,5.8093,4693573.0756
688082.SH,2025-05-15,105.97,106.67,103.19,103.57,106.36,-2.79,-2.6232,10618.99,111331.469,0.2435,0.92,39.6332,5.6569,4570452.8341
688082.SH,2025-05-16,103.05,103.85,102.78,102.9,103.57,-0.67,-0.6469,6713.04,69254.347,0.1539,0.6,39.3768,5.6203,4540886.3245
688082.SH,2025-05-19,102.91,103.92,102.51,103.32,102.9,0.42,0.4082,7357.3,76069.003,0.1687,0.74,39.5375,5.6432,4559420.5544
688082.SH,2025-05-20,103.36,103.95,102.65,102.8,103.32,-0.52,-0.5033,8473.8,87629.577,0.1943,0.92,39.3385,5.6148,4536473.4126
688082.SH,2025-05-21,102.84,103.37,101.81,102.34,102.8,-0.46,-0.4475,7387.61,75588.469,0.1694,0.8,39.1625,5.5897,4516174.018
688082.SH,2025-05-22,102.31,103.12,101.23,101.43,102.34,-0.91,-0.8892,6034.65,61716.71,0.1384,0.74,38.8143,5.54,4476016.5199
688082.SH,2025-05-23,101.1,102.0,100.06,100.06,101.43,-1.37,-1.3507,7874.57,79605.817,0.1806,1.09,38.29,5.4652,4415559.6271
688082.SH,2025-05-26,100.5,101.48,100.01,100.51,100.06,0.45,0.4497,7468.77,75246.326,0.1713,1.01,38.4622,5.4897,4435417.7306
688082.SH,2025-05-27,100.52,100.93,99.81,100.7,100.51,0.19,0.189,7044.84,70731.196,0.1615,0.95,38.5349,5.5001,4443802.2632
688082.SH,2025-05-28,100.7,100.88,99.9,100.44,100.7,-0.26,-0.2582,5483.51,55021.376,0.1257,0.77,38.4354,5.4859,4432328.6923
688082.SH,2025-05-29,100.6,102.56,100.57,102.37,100.44,1.93,1.9215,8159.23,82947.058,0.1871,1.2,39.174,5.5913,4517497.8916
688082.SH,2025-05-30,101.5,102.28,101.12,101.31,102.37,-1.06,-1.0355,7091.45,72087.611,0.1626,0.98,38.7684,5.5334,4470721.0256
688082.SH,2025-06-03,100.98,106.99,100.88,106.61,101.31,5.3,5.2315,25015.23,263358.627,0.5736,3.55,40.7965,5.8229,4704605.3553
688082.SH,2025-06-04,106.61,107.76,105.47,106.6,106.61,-0.01,-0.0094,13024.92,138757.617,0.2987,1.23,40.7927,5.8224,4704164.0641
688082.SH,2025-06-05,106.81,107.49,105.93,107.13,106.6,0.53,0.4972,12838.48,137201.019,0.2944,1.09,40.9955,5.8513,4727552.497
688082.SH,2025-06-06,107.0,108.55,106.55,107.5,107.13,0.37,0.3454,13268.96,142806.527,0.3043,1.0,41.1371,5.8715,4743880.271
688082.SH,2025-06-09,107.6,107.88,105.67,106.5,107.5,-1.0,-0.9302,11218.73,119261.327,0.2572,0.79,40.7544,5.8169,4699751.1522
688082.SH,2025-06-10,106.66,107.27,104.93,105.44,106.5,-1.06,-0.9953,13168.29,139680.523,0.302,0.87,40.3488,5.759,4652974.2863
688082.SH,2025-06-11,105.88,107.5,105.44,106.27,105.44,0.83,0.7872,9237.09,98434.417,0.2118,0.73,40.6664,5.8043,4689601.4549
688082.SH,2025-06-12,105.6,106.41,105.0,105.13,106.27,-1.14,-1.0727,7417.54,78272.824,0.1701,0.62,40.2302,5.7421,4639294.2594
688082.SH,2025-06-13,105.13,108.41,104.62,106.82,105.13,1.69,1.6075,20588.52,219307.274,0.4721,1.9,40.8769,5.8344,4713872.4702
688082.SH,2025-06-16,105.86,107.56,105.47,105.97,106.82,-0.85,-0.7957,8955.45,95305.133,0.2053,0.73,40.5516,5.788,4676362.7192
688082.SH,2025-06-17,106.13,107.07,105.76,106.14,105.97,0.17,0.1604,8515.87,90626.302,0.1953,0.72,40.6167,5.7972,4683864.6694
688082.SH,2025-06-18,107.47,110.25,107.3,109.43,106.14,3.29,3.0997,16935.39,184410.975,0.3883,1.55,41.8756,5.9769,4829049.4703
688082.SH,2025-06-19,109.49,111.8,108.97,109.38,109.43,-0.05,-0.0457,14705.07,162103.797,0.3372,1.18,41.8565,5.9742,4826843.0143
688082.SH,2025-06-20,109.19,111.43,109.02,109.5,109.38,0.12,0.1097,12593.95,138537.585,0.2888,0.9,41.9024,5.9808,4832138.5086
688082.SH,2025-06-23,108.89,112.69,108.45,109.54,109.5,0.04,0.0365,20510.62,226738.25,0.4703,1.66,41.9177,5.983,4833903.6734
688082.SH,2025-06-24,109.57,110.98,109.02,110.91,109.54,1.37,1.2507,17450.44,192253.753,0.4001,1.19,42.442,6.0578,4894360.5661
688082.SH,2025-06-25,110.36,111.9,109.54,111.81,110.91,0.9,0.8115,16661.93,184616.254,0.3821,1.01,42.7864,6.1069,4934076.773
688082.SH,2025-06-26,111.5,112.36,109.8,110.85,111.81,-0.96,-0.8586,14809.6,164419.207,0.3396,0.9,42.419,6.0545,4891712.819
688082.SH,2025-06-27,111.49,115.5,110.8,112.9,110.85,2.05,1.8493,22688.4,256465.876,0.5202,1.38,43.2035,6.1665,4982177.5125
688082.SH,2025-06-30,113.21,114.53,112.5,113.94,112.9,1.04,0.9212,14282.0,161933.541,0.3275,0.78,43.6015,6.2233,5028071.7961
688082.SH,2025-07-01,113.45,115.0,112.83,113.32,113.94,-0.62,-0.5441,16016.38,182329.435,0.3673,0.93,43.3642,6.1894,5000711.7424
688082.SH,2025-07-02,112.83,113.3,112.01,112.3,113.32,-1.02,-0.9001,12435.22,139911.44,0.2851,0.74,42.9739,6.1337,4955700.0412
688082.SH,2025-07-03,112.18,113.35,110.51,112.49,112.3,0.19,0.1692,13036.95,145966.092,0.2989,0.81,43.0466,6.1441,4964084.5738
688082.SH,2025-07-04,112.22,114.6,110.77,112.76,112.49,0.27,0.24,11873.41,133778.748,0.2723,0.76,43.1499,6.1588,4975999.4359
688082.SH,2025-07-07,112.06,113.19,111.21,112.26,112.76,-0.5,-0.4434,7752.43,86925.611,0.1778,0.57,42.9586,6.1315,4953934.8765
688082.SH,2025-07-08,112.26,114.83,112.08,113.19,112.26,0.93,0.8284,13780.92,156599.397,0.316,1.13,43.3145,6.1823,4994974.957
688082.SH,2025-07-09,112.85,113.8,111.88,112.5,113.19,-0.69,-0.6096,9799.23,110220.929,0.2247,0.83,43.0504,6.1446,4964525.865
688082.SH,2025-07-10,112.35,112.35,111.35,111.8,112.5,-0.7,-0.6222,7651.37,85531.851,0.1754,0.68,42.7826,6.1064,4933635.4818
688082.SH,2025-07-11,111.6,112.66,111.36,112.19,111.8,0.39,0.3488,9149.86,102583.239,0.2098,0.9,42.9318,6.1277,4950845.8382
688082.SH,2025-07-14,112.07,112.09,109.78,109.83,112.19,-2.36,-2.1036,14423.65,159480.925,0.3307,1.5,42.0287,5.9988,4846701.1178
688082.SH,2025-07-15,109.77,111.15,109.73,110.38,109.83,0.55,0.5008,8942.56,98689.375,0.2051,0.82,42.2392,6.0288,4870972.1331
688082.SH,2025-07-16,110.38,111.75,110.21,110.95,110.38,0.57,0.5164,9463.8,104996.384,0.217,0.95,42.4573,6.06,4896125.7309
688082.SH,2025-07-17,110.87,111.1,110.2,110.85,110.95,-0.1,-0.0901,8744.86,96842.938,0.2005,0.88,42.419,6.0545,4891712.819
688082.SH,2025-07-18,111.53,112.5,111.0,112.08,110.85,1.23,1.1096,11013.2,122993.856,0.2525,1.09,42.8897,6.1217,4945991.6351
688082.SH,2025-07-21,112.0,113.97,111.55,113.72,112.08,1.64,1.4632,14596.9,164909.301,0.3347,1.39,43.5173,6.2113,5018363.3899
688082.SH,2025-07-22,113.76,116.95,113.33,116.95,113.72,3.23,2.8403,16612.61,192245.365,0.3809,1.57,44.7533,6.3877,5160900.4437
688082.SH,2025-07-23,116.25,119.57,115.67,118.78,116.95,1.83,1.5648,20422.07,241186.82,0.4683,1.69,45.4536,6.4876,5241656.7311
688082.SH,2025-07-24,118.7,121.25,118.0,120.03,118.78,1.25,1.0524,20894.98,249823.61,0.4791,1.46,45.932,6.5559,5296818.1296
688082.SH,2025-07-25,119.45,122.49,119.23,122.47,120.03,2.44,2.0328,24400.41,295487.308,0.5595,1.46,46.8657,6.6892,5404493.1794
688082.SH,2025-07-28,122.55,123.47,120.87,122.62,122.47,0.15,0.1225,17942.55,219779.887,0.4114,0.93,46.9231,6.6974,5411112.5473
688082.SH,2025-07-29,122.6,129.98,122.1,125.81,122.62,3.19,2.6015,37171.56,469742.315,0.8523,1.85,48.1438,6.8716,5551884.4362
688082.SH,2025-07-30,125.0,128.37,124.66,126.28,125.81,0.47,0.3736,22210.2,281029.866,0.5093,0.92,48.3236,6.8973,5572625.1221
688082.SH,2025-07-31,125.58,127.8,124.38,124.97,126.28,-1.31,-1.0374,25649.42,323179.436,0.5881,1.05,47.8223,6.8257,5514815.9764
688082.SH,2025-08-01,125.0,128.0,123.17,124.05,124.32,-0.27,-0.2172,18386.39,230008.935,0.4216,0.72,47.4703,7.0261,5474217.1871
688082.SH,2025-08-04,123.65,125.58,121.9,123.64,124.05,-0.41,-0.3305,18093.61,223186.942,0.4149,0.75,47.3134,7.0029,5456124.2484
688082.SH,2025-08-05,124.03,124.4,122.28,124.26,123.64,0.62,0.5015,17900.25,220579.139,0.4105,0.74,47.5506,7.038,5483484.3021
688082.SH,2025-08-06,124.92,124.92,120.25,122.29,124.26,-1.97,-1.5854,22841.63,278207.12,0.5238,1.12,46.7968,6.9265,5396549.9381
688082.SH,2025-08-07,120.0,120.4,117.24,117.9,122.29,-4.39,-3.5898,37341.88,442830.029,0.8563,1.81,45.1169,6.314,5202823.1065
688082.SH,2025-08-08,118.4,118.4,114.28,114.58,117.9,-3.32,-2.8159,28206.13,325886.438,0.6468,1.23,43.8464,6.1362,5056314.4321
688082.SH,2025-08-11,114.88,115.38,113.43,113.74,114.58,-0.84,-0.7331,25169.47,287837.175,0.5771,1.01,43.525,6.0912,5019245.9723
688082.SH,2025-08-12,113.8,115.31,112.42,114.95,113.74,1.21,1.0638,44531.9,506607.86,1.0211,1.69,43.988,6.156,5072642.2061
688082.SH,2025-08-13,115.0,116.38,114.38,115.32,114.95,0.37,0.3219,44711.41,515278.278,1.0252,1.41,44.1296,6.1758,5088969.98
688082.SH,2025-08-14,116.15,120.68,115.3,115.58,115.32,0.26,0.2255,56033.8,658601.968,1.2849,1.56,44.2291,6.1898,5100443.5509
688082.SH,2025-08-15,115.58,117.99,114.54,117.56,115.58,1.98,1.7131,36074.4,420316.505,0.8272,0.91,44.9868,6.2958,5187819.2061
688082.SH,2025-08-18,118.5,119.75,117.12,118.49,117.56,0.93,0.7911,43804.76,519368.432,1.0044,1.06,45.3426,6.3456,5228859.2866
688082.SH,2025-08-19,118.46,118.47,114.83,114.98,118.49,-3.51,-2.9623,46584.6,541221.26,1.0682,1.03,43.9995,6.1576,5073966.0796
688082.SH,2025-08-20,114.72,118.26,113.68,118.16,114.98,3.18,2.7657,45960.01,532716.926,1.0539,1.01,45.2164,6.3279,5214296.6774
688082.SH,2025-08-21,118.7,121.47,117.66,118.51,118.16,0.35,0.2962,47436.79,565290.53,1.0877,1.04,45.3503,6.3467,5229741.869
688082.SH,2025-08-22,118.57,142.21,118.57,142.21,118.51,23.7,19.9983,110259.4,1474940.782,2.5283,2.51,54.4196,7.6159,6275601.9845
688082.SH,2025-08-25,151.0,162.5,148.0,152.5,142.21,10.29,7.2358,140802.47,2170327.269,3.2286,2.39,58.3573,8.167,6729690.617
688082.SH,2025-08-26,154.0,170.6,145.88,168.0,152.5,15.5,10.1639,111562.9,1774695.407,2.5582,1.43,64.2887,8.997,7413691.9584
688082.SH,2025-08-27,162.8,167.9,158.9,158.9,168.0,-9.1,-5.4167,107216.35,1748411.859,2.4585,1.18,60.8064,8.5097,7012116.9773
688082.SH,2025-08-28,156.99,166.99,156.57,166.66,158.9,7.76,4.8836,102643.62,1657771.96,2.3536,0.99,63.7759,8.9253,7354558.9392
688082.SH,2025-08-29,162.01,163.59,152.22,155.0,166.66,-11.66,-6.9963,87115.65,1367035.216,1.9976,0.76,59.3139,8.3008,6840013.414
688082.SH,2025-09-01,156.91,159.0,150.25,158.15,155.0,3.15,2.0323,80502.18,1247570.738,1.8459,0.73,60.5194,8.4695,6979020.1382
688082.SH,2025-09-02,155.7,155.79,147.23,148.91,158.15,-9.24,-5.8426,70804.64,1069895.266,1.6236,0.72,56.9835,7.9747,6571267.0805
688082.SH,2025-09-03,148.91,155.64,146.9,150.68,148.91,1.77,1.1886,60961.0,921606.041,1.3978,0.68,57.6608,8.0695,6649375.6208
688082.SH,2025-09-04,149.23,151.55,138.01,141.0,150.68,-9.68,-6.4242,67167.13,967117.817,1.5402,0.84,53.9566,7.5511,6222205.7508
688082.SH,2025-09-05,142.44,145.1,139.6,143.9,141.0,2.9,2.0567,49105.89,699748.041,1.126,0.67,55.0663,7.7064,6350180.1953
688082.SH,2025-09-08,143.0,147.4,141.7,146.52,143.9,2.62,1.8207,49742.19,720598.406,1.1406,0.76,56.0689,7.8467,6465798.4866
688082.SH,2025-09-09,144.7,144.7,140.41,141.58,146.52,-4.94,-3.3716,37154.51,528932.837,0.852,0.62,54.1785,7.5822,6247800.6397
688082.SH,2025-09-10,142.27,145.57,141.44,141.98,141.58,0.4,0.2825,38134.56,546086.399,0.8744,0.72,54.3316,7.6036,6265452.2872
688082.SH,2025-09-11,140.9,149.76,139.5,149.73,141.98,7.75,5.4585,82920.82,1207004.349,1.9014,1.72,57.2973,8.0186,6607452.9579
688082.SH,2025-09-12,148.0,153.87,146.01,149.0,149.73,-0.73,-0.4875,71250.88,1065238.611,1.6338,1.39,57.0179,7.9795,6575238.7012
688082.SH,2025-09-15,151.97,153.0,146.11,147.46,149.0,-1.54,-1.0336,49930.98,739648.482,1.1449,0.89,56.4286,7.8971,6507279.8582
688082.SH,2025-09-16,147.2,149.99,145.08,146.41,147.46,-1.05,-0.7121,47245.25,695086.462,1.0833,0.85,56.0268,7.8408,6460944.2835
688082.SH,2025-09-17,146.0,154.77,144.08,151.35,146.41,4.94,3.3741,61709.05,927139.305,1.415,1.07,57.9172,8.1054,6678942.1304
688082.SH,2025-09-18,152.71,162.0,150.0,154.1,151.35,2.75,1.817,96262.47,1505631.221,2.2073,1.54,58.9695,8.2526,6800297.2071
688082.SH,2025-09-19,156.0,159.5,150.7,152.28,154.1,-1.82,-1.1811,59983.72,931542.142,1.3754,0.92,58.2731,8.1552,6719982.2109
688082.SH,2025-09-22,152.36,158.2,150.0,156.72,152.28,4.44,2.9157,64011.56,985809.367,1.4678,1.02,59.9721,8.393,6915915.4983
688082.SH,2025-09-23,159.0,165.73,154.65,164.8,156.72,8.08,5.1557,86507.14,1390290.61,1.9836,1.31,63.0641,8.8257,7272478.7782
688082.SH,2025-09-24,165.93,196.77,164.85,189.2,164.8,24.4,14.8058,116843.36,2123442.727,2.6792,1.59,72.4013,10.1324,8349229.277
688082.SH,2025-09-25,183.0,186.5,177.97,183.35,189.2,-5.85,-3.092,83813.15,1528699.108,1.9218,0.99,70.1627,9.8191,8091073.932
688082.SH,2025-09-26,181.0,193.39,180.5,184.45,183.35,1.1,0.5999,75549.5,1417289.735,1.7324,0.92,70.5836,9.878,8139615.9627
688082.SH,2025-09-29,185.0,205.68,181.55,202.88,184.45,18.43,9.9919,78589.44,1497893.272,1.8021,0.92,77.6362,10.865,8952915.6221
688082.SH,2025-09-30,202.0,219.8,198.58,201.8,202.88,-1.08,-0.5323,89916.43,1857623.798,2.0618,1.02,83.9779,7.6403,9684230.9325
688082.SH,2025-10-09,203.0,214.86,195.51,197.99,201.8,-3.81,-1.888,85112.07,1738454.507,1.9516,0.96,82.3924,7.4961,9501391.8847
688082.SH,2025-10-10,190.0,193.89,184.0,192.21,197.99,-5.78,-2.9193,74712.31,1415382.596,1.7132,0.9,79.9871,7.2772,9224014.0116
688082.SH,2025-10-13,182.0,196.78,182.0,196.42,192.21,4.21,2.1903,56858.53,1084972.454,1.3038,0.7,81.739,7.4366,9426048.76
688082.SH,2025-10-14,196.5,198.0,179.01,179.68,196.42,-16.74,-8.5226,63817.44,1192762.249,1.4633,0.83,74.7728,6.8028,8622708.6916
688082.SH,2025-10-15,182.88,183.5,178.0,181.05,179.68,1.37,0.7625,43769.57,792571.769,1.0036,0.59,75.3429,6.8547,8688453.966
688082.SH,2025-10-16,179.99,183.45,178.08,179.76,181.05,-1.29,-0.7125,29726.41,537797.12,0.6816,0.46,74.8061,6.8059,8626547.8317
688082.SH,2025-10-17,178.18,183.76,173.97,176.0,179.76,-3.76,-2.0917,37939.9,675135.261,0.87,0.71,73.2414,6.6635,8446108.2464
688082.SH,2025-10-20,180.0,183.21,173.49,175.71,176.0,-0.29,-0.1648,34285.82,612030.568,0.7862,0.74,73.1207,6.6525,8432191.3635
688082.SH,2025-10-21,177.38,183.88,177.22,183.38,175.71,7.67,4.3651,43678.56,791997.274,1.0016,1.04,76.3125,6.9429,8800268.9217
688082.SH,2025-10-22,180.0,185.99,178.27,181.28,183.38,-2.1,-1.1452,30481.28,553714.839,0.6989,0.8,75.4386,6.8634,8699491.4938
688082.SH,2025-10-23,180.42,186.0,177.1,184.99,181.28,3.71,2.0466,38851.29,707722.693,0.8909,1.1,76.9825,7.0039,8877531.6165
688082.SH,2025-10-24,187.0,192.98,182.51,192.29,184.99,7.3,3.9462,48429.23,913964.743,1.1105,1.31,80.0204,7.2803,9227853.1517
688082.SH,2025-10-27,193.0,197.8,188.66,194.88,192.29,2.59,1.3469,47400.81,913642.195,1.0869,1.21,81.0982,7.3783,9352145.3128
688082.SH,2025-10-28,193.15,193.15,186.53,186.7,194.88,-8.18,-4.1975,39829.1,756698.632,0.9133,0.95,77.6941,7.0686,8959593.2364
688082.SH,2025-10-29,186.66,191.4,183.11,191.4,186.7,4.7,2.5174,31373.37,587018.077,0.7194,0.77,79.65,7.2466,9185142.718
688082.SH,2025-10-30,191.5,196.98,189.11,192.6,191.4,1.2,0.627,47361.52,918363.607,1.086,1.15,80.1494,6.9603,9242729.8196
688082.SH,2025-10-31,190.44,192.6,177.49,177.49,192.6,-15.11,-7.8453,50467.11,913726.869,1.1572,1.18,73.8614,6.4142,8517612.231
688082.SH,2025-11-03,174.1,177.0,169.3,174.57,177.49,-2.92,-1.6452,32402.52,558864.656,0.743,0.75,72.6463,6.3087,8377483.6169
688082.SH,2025-11-04,174.51,181.79,174.38,176.74,174.57,2.17,1.2431,33009.51,586887.987,0.7569,0.82,73.5493,6.3871,8481620.2924
688082.SH,2025-11-05,171.0,176.9,171.0,175.66,176.74,-1.08,-0.6111,22986.33,400723.836,0.5271,0.59,73.0999,6.3481,8429791.9009
688082.SH,2025-11-06,175.0,181.99,174.81,178.99,175.66,3.33,1.8957,32305.63,576317.274,0.7408,0.87,74.4856,6.4684,8589596.1081
688082.SH,2025-11-07,176.75,180.49,176.0,177.2,178.99,-1.79,-1.0001,24770.93,441255.531,0.568,0.72,73.7407,6.4037,8503695.3481
688082.SH,2025-11-10,177.29,181.0,171.02,174.5,177.2,-2.7,-1.5237,33028.75,580170.875,0.7574,1.14,72.6172,6.3062,8374124.3693
688082.SH,2025-11-11,176.0,179.2,168.76,169.33,174.5,-5.17,-2.9628,32599.12,561587.97,0.7475,1.12,70.5057,6.1228,8130630.3721
688082.SH,2025-11-12,167.66,171.31,165.81,169.55,169.33,0.22,0.1299,22615.5,382020.08,0.5186,0.78,70.5973,6.1308,8141193.9975
688082.SH,2025-11-13,170.08,172.88,168.03,170.2,169.55,0.65,0.3834,24269.24,412759.81,0.5565,0.84,70.8679,6.1543,8172404.7088
688082.SH,2025-11-14,168.5,170.45,166.0,166.06,170.2,-4.14,-2.4324,18836.53,315925.883,0.4317,0.69,69.1441,5.9986,7973616.4861
688082.SH,2025-11-17,166.99,168.77,161.5,161.66,166.06,-4.4,-2.6496,26803.51,439970.621,0.6142,1.02,67.312,5.8397,7762343.979
688082.SH,2025-11-18,161.8,168.57,161.66,163.62,161.66,1.96,1.2124,39626.33,651716.927,0.9081,1.58,68.1281,5.9105,7856456.2776
688082.SH,2025-11-19,162.17,164.96,161.16,161.65,163.62,-1.97,-1.204,19934.31,324522.048,0.4568,0.75,67.3079,5.8393,7761863.8142
688082.SH,2025-11-20,165.66,167.3,160.45,160.9,161.65,-0.75,-0.464,24902.62,405817.213,0.5707,0.96,66.9956,5.8122,7725851.455
688082.SH,2025-11-21,156.98,160.45,154.8,155.5,160.9,-5.4,-3.3561,25673.71,403980.113,0.5883,0.99,64.7471,5.6171,7466562.469
688082.SH,2025-11-24,155.88,157.28,153.6,156.15,155.5,0.65,0.418,24382.54,379065.369,0.5587,0.89,65.0178,5.6406,7497773.1802
688082.SH,2025-11-25,157.33,159.43,155.0,155.29,156.15,-0.86,-0.5508,28200.99,442513.506,0.6462,1.05,64.6597,5.6095,7456479.0084
688082.SH,2025-11-26,154.52,159.0,153.68,156.99,155.29,1.7,1.0947,25195.9,395230.428,0.5774,1.02,65.3675,5.671,7538107.0225
688082.SH,2025-11-27,157.53,161.0,154.85,155.28,156.99,-1.71,-1.0892,23858.18,377022.614,0.5467,0.93,64.6555,5.6092,7455998.8436
688082.SH,2025-11-28,154.01,159.0,153.89,157.88,155.28,2.6,1.6744,20746.35,326485.586,0.4754,0.81,65.7381,5.7031,7580841.6887
688082.SH,2025-12-01,164.91,165.39,157.3,160.57,157.88,2.69,1.7038,28962.79,463688.167,0.6637,1.18,66.8582,5.8003,7710006.017
688082.SH,2025-12-02,158.65,160.35,156.7,157.7,160.57,-2.87,-1.7874,19794.58,313125.505,0.4536,0.78,65.6632,5.6966,7572198.7225
688082.SH,2025-12-03,159.1,160.5,156.65,156.96,157.7,-0.74,-0.4692,17308.78,274434.438,0.3966,0.73,65.355,5.6699,7536666.5281
688082.SH,2025-12-04,156.11,163.79,155.3,161.1,156.96,4.14,2.6376,28939.24,462680.435,0.6632,1.31,67.0789,5.8194,7735454.7508
688082.SH,2025-12-05,160.7,160.94,157.6,159.99,161.1,-1.11,-0.689,19777.81,315512.307,0.4532,0.85,66.6167,5.7793,7682156.4592
688082.SH,2025-12-08,160.03,164.05,159.89,163.35,159.99,3.36,2.1001,28301.17,459099.324,0.6485,1.23,68.0157,5.9007,7843491.8283
688082.SH,2025-12-09,162.09,166.01,161.01,164.0,163.35,0.65,0.3979,28477.8,466821.496,0.6526,1.25,68.2864,5.9242,7874702.5396
688082.SH,2025-12-10,164.02,165.92,159.69,165.03,164.0,1.03,0.628,26233.59,426740.348,0.6012,1.07,68.7152,5.9614,7924159.5129
688082.SH,2025-12-11,165.82,169.96,164.13,164.47,165.03,-0.56,-0.3393,31096.62,519630.901,0.7126,1.18,68.4821,5.9412,7897270.2847
688082.SH,2025-12-12,164.05,184.11,160.76,177.6,164.47,13.13,7.9832,71389.83,1221625.166,1.636,2.67,73.9491,6.4155,8527726.6526
688082.SH,2025-12-15,172.5,175.95,169.0,170.09,177.6,-7.51,-4.2286,48991.55,844490.398,1.1227,1.32,70.8221,6.1442,8167122.8961
688082.SH,2025-12-16,168.1,173.89,165.19,169.5,170.09,-0.59,-0.3469,40045.4,677381.691,0.9177,0.97,70.5765,6.1229,8138793.1736
688082.SH,2025-12-17,169.19,173.5,166.59,173.5,169.5,4.0,2.3599,34393.59,585643.822,0.7882,0.79,72.242,6.2673,8330859.0892
688082.SH,2025-12-18,172.11,172.11,167.88,167.89,173.5,-5.61,-3.2334,29264.77,497526.035,0.6706,0.65,69.9061,6.0647,8061486.6425
688082.SH,2025-12-19,169.56,170.3,166.3,167.0,167.89,-0.89,-0.5301,23966.23,403227.952,0.5492,0.53,69.5355,6.0325,8018751.9763
688082.SH,2025-12-22,167.0,179.0,167.0,177.29,167.0,10.29,6.1617,53829.55,940589.137,1.2335,1.52,73.8201,6.4043,8512841.5442
688082.SH,2025-12-23,178.88,181.98,176.72,178.37,177.29,1.08,0.6092,40270.02,721276.971,0.9228,1.11,74.2698,6.4433,8564699.3414
688082.SH,2025-12-24,179.93,181.24,176.62,181.0,178.37,2.63,1.4745,33473.96,600209.485,0.7671,0.92,75.3648,6.5383,8690982.6809
688082.SH,2025-12-25,181.0,185.98,178.08,184.1,181.0,3.1,1.7127,36211.09,659759.572,0.8298,1.0,76.6556,6.6503,8839833.7655
688082.SH,2025-12-26,184.37,184.57,178.0,178.57,184.1,-5.53,-3.0038,33801.04,610868.15,0.7746,0.9,74.353,6.4505,8574302.6372
688082.SH,2025-12-29,177.3,179.55,175.5,176.6,178.57,-1.97,-1.1032,25397.0,450397.839,0.582,0.64,73.5328,6.3793,8479710.1737
688082.SH,2025-12-30,175.66,181.78,175.5,176.96,176.6,0.36,0.2039,27094.03,483387.463,0.6209,0.8,73.6827,6.3923,8496996.1061
688082.SH,2025-12-31,183.0,183.0,175.57,176.05,176.96,-0.91,-0.5142,32083.36,574595.722,0.7352,1.03,73.3037,6.3595,8453301.1103
688082.SH,2026-01-05,178.6,184.5,178.6,183.75,176.05,7.7,4.3738,43474.39,792932.799,0.9963,1.41,76.5099,6.6376,8823027.9979
688082.SH,2026-01-06,183.76,192.87,183.02,185.0,183.75,1.25,0.6803,56952.95,1071235.692,1.3051,1.76,77.0304,6.6828,8883048.5965
688082.SH,2026-01-07,188.0,198.0,186.6,198.0,185.0,13.0,7.027,76140.24,1471704.729,1.7448,2.06,82.4433,7.1524,9507262.8222
688082.SH,2026-01-08,195.0,199.86,193.78,194.49,198.0,-3.51,-1.7727,47903.88,938024.142,1.0978,1.02,80.9818,7.0256,9338724.9813
688082.SH,2026-01-09,192.0,197.5,189.0,195.05,194.49,0.56,0.2879,43348.7,839355.415,0.9934,0.84,81.215,7.0458,9365614.2094
688082.SH,2026-01-12,196.1,201.0,192.8,197.7,195.05,2.65,1.3586,54239.54,1066490.684,1.2429,1.01,82.3184,7.1415,9492857.8785
688082.SH,2026-01-13,198.0,198.09,187.7,189.3,197.7,-8.4,-4.2489,46458.85,893469.718,1.0646,0.83,78.8208,6.8381,9089519.4558
688082.SH,2026-01-14,189.77,201.78,189.0,194.6,189.3,5.3,2.7998,58464.29,1144055.642,1.3398,1.09,81.0276,7.0295,9344006.7939
688082.SH,2026-01-15,193.59,204.78,192.0,204.77,194.6,10.17,5.2261,60792.61,1211828.623,1.3931,1.21,85.2622,7.3969,9832334.3844
688082.SH,2026-01-16,208.5,218.49,204.78,211.32,204.77,6.55,3.1987,72114.33,1524967.064,1.6526,1.37,87.9895,7.6335,10146842.3211
688082.SH,2026-01-19,213.93,217.6,209.61,212.45,211.32,1.13,0.5347,46613.15,993528.598,1.0682,0.8,88.46,7.6743,10201100.9423
688082.SH,2026-01-20,209.6,213.68,206.86,208.18,212.45,-4.27,-2.0099,36052.65,755572.967,0.8262,0.63,86.682,7.5201,9996070.5774
688082.SH,2026-01-21,207.11,213.0,205.66,212.22,208.18,4.04,1.9406,44516.14,933525.678,1.0201,0.81,88.3642,7.666,10190057.1522
688082.SH,2026-01-22,217.0,217.02,203.0,205.61,212.22,-6.61,-3.1147,46326.75,960423.193,1.0616,0.89,85.612,7.4273,9872668.2266
688082.SH,2026-01-23,200.0,201.0,192.7,196.77,205.61,-8.84,-4.2994,82418.96,1614742.608,1.8887,1.68,81.9311,7.1079,9448202.5532
688082.SH,2026-01-26,194.51,196.25,191.07,192.0,196.77,-4.77,-2.4242,39814.61,768288.67,0.9124,0.78,79.945,6.9356,9219163.9488
688082.SH,2026-01-27,192.69,195.45,188.01,193.0,192.0,1.0,0.5208,44150.4,852617.546,1.0117,0.89,80.3614,6.9717,9267180.4277
688082.SH,2026-01-28,194.5,202.59,194.5,199.89,193.0,6.89,3.5699,49470.59,982804.682,1.1337,0.96,83.2303,7.2206,9598013.9673
688082.SH,2026-01-29,198.05,201.14,189.45,189.99,199.89,-9.9,-4.9527,40831.37,788635.137,0.9357,0.78,79.1081,6.863,9122650.8262
688082.SH,2026-01-30,190.69,191.98,184.5,188.8,189.99,-1.19,-0.6263,32652.74,617003.031,0.7483,0.64,78.6126,6.82,9065511.2163
688082.SH,2026-02-02,185.87,188.78,175.71,175.88,188.8,-12.92,-6.8432,43032.83,778384.194,0.9861,1.04,73.233,6.3533,8445138.3089
688082.SH,2026-02-03,179.98,182.31,178.01,181.98,175.88,6.1,3.4683,35785.38,645485.076,0.8201,0.85,75.7729,6.5737,8738038.8302
688082.SH,2026-02-04,180.9,183.27,178.79,181.97,181.98,-0.01,-0.0055,22171.03,401421.403,0.5081,0.55,75.7687,6.5733,8737558.6654
688082.SH,2026-02-05,178.0,180.3,175.89,178.36,181.97,-3.61,-1.9838,29152.73,517861.32,0.6681,0.84,74.2656,6.4429,8564219.1766
688082.SH,2026-02-06,176.1,179.98,176.05,177.01,178.36,-1.35,-0.7569,18636.05,331831.557,0.4271,0.57,73.7035,6.3941,8499396.9301
688082.SH,2026-02-09,180.15,181.77,179.1,181.67,177.01,4.66,2.6326,23579.73,425885.14,0.5403,0.79,75.6438,6.5625,8723153.7218
688082.SH,2026-02-10,181.08,184.16,179.56,181.54,181.67,-0.13,-0.0716,24621.83,447288.266,0.5642,0.95,75.5897,6.5578,8716911.5795
688082.SH,2026-02-11,181.2,181.98,178.96,179.39,181.54,-2.15,-1.1843,15902.64,286542.645,0.3644,0.67,74.6945,6.4801,8613676.1499
688082.SH,2026-02-12,181.39,183.49,180.08,182.21,179.39,2.82,1.572,20271.89,369000.559,0.4645,0.91,75.8687,6.582,8749082.6204
688082.SH,2026-02-13,180.06,183.5,179.01,179.41,182.21,-2.8,-1.5367,27157.88,492755.037,0.6223,1.32,74.7028,6.4808,8614636.4794
688082.SH,2026-02-24,180.9,181.72,176.2,178.28,179.41,-1.13,-0.6298,23984.15,428445.035,0.5496,1.08,74.2323,6.44,8560377.8583
688082.SH,2026-02-25,179.5,185.99,177.6,183.5,178.28,5.22,2.928,37464.17,683737.825,0.8585,1.67,76.4058,6.6286,8811023.8782
688082.SH,2026-02-26,184.16,188.98,180.05,187.45,183.5,3.95,2.1526,38541.64,713963.09,0.8832,1.54,78.0505,6.7713,9000688.9698
688082.SH,2026-02-27,178.0,178.16,170.18,172.24,187.45,-15.21,-8.1142,70033.82,1213689.651,1.6049,2.38,59.2462,6.14,8270358.3257
688082.SH,2026-03-02,165.5,169.99,165.5,167.78,172.24,-4.46,-2.5894,30922.85,518981.787,0.7086,0.78,57.7121,5.981,8056204.8298
688082.SH,2026-03-03,169.0,170.8,161.16,161.23,167.78,-6.55,-3.9039,36022.62,594002.043,0.8255,0.9,55.4591,5.7475,7741696.893
688082.SH,2026-03-04,159.99,162.66,158.28,158.28,161.23,-2.95,-1.8297,25284.54,404314.106,0.5794,0.59,54.4444,5.6424,7600048.2803
688082.SH,2026-03-05,162.2,164.46,159.52,161.31,158.28,3.03,1.9143,31096.56,505051.891,0.7126,0.77,55.4866,5.7504,7745538.2114
688082.SH,2026-03-06,160.0,162.4,160.0,160.8,161.31,-0.51,-0.3162,15862.81,255299.362,0.3635,0.41,55.3112,5.7322,7721049.8071
688082.SH,2026-03-09,156.9,156.9,151.03,155.33,160.8,-5.47,-3.4017,29467.91,452842.608,0.6753,1.06,53.4296,5.5372,7458399.6675
688082.SH,2026-03-10,158.98,160.38,157.2,159.34,155.33,4.01,2.5816,21826.22,346754.454,0.5002,0.79,54.809,5.6802,7650945.7479
688082.SH,2026-03-11,159.49,160.39,158.58,158.81,159.34,-0.53,-0.3326,17192.88,273991.4,0.394,0.7,54.6267,5.6613,7625497.0141
688082.SH,2026-03-12,158.01,159.38,154.28,155.3,158.81,-3.51,-2.2102,20875.88,326281.534,0.4784,0.9,53.4193,5.5361,7456959.1732
688082.SH,2026-03-13,153.83,156.5,152.34,153.48,155.3,-1.82,-1.1719,21666.87,334270.545,0.4965,1.03,52.7933,5.4713,7369569.1816
688082.SH,2026-03-16,152.44,157.41,150.51,156.87,153.48,3.39,2.2088,27203.46,418960.265,0.6234,1.23,53.9594,5.5921,7532345.045
688082.SH,2026-03-17,156.73,157.95,153.3,153.43,156.87,-3.44,-2.1929,18396.64,286479.301,0.4216,0.85,52.7761,5.4695,7367168.3576
688082.SH,2026-03-18,154.23,156.37,152.68,155.86,153.43,2.43,1.5838,19575.43,302716.337,0.4486,0.93,53.6119,5.5561,7483848.4014
688082.SH,2026-03-19,153.1,153.8,150.0,150.47,155.86,-5.39,-3.4582,21918.62,332617.362,0.5023,1.02,51.7579,5.364,7225039.5801
688082.SH,2026-03-20,151.97,155.8,150.01,150.01,150.47,-0.46,-0.3057,23260.33,354884.619,0.533,1.07,51.5997,5.3476,7202951.9998
688082.SH,2026-03-23,146.06,148.98,143.5,144.76,150.01,-5.25,-3.4998,26787.67,391078.777,0.6139,1.21,49.7938,5.1604,6950865.4856
688082.SH,2026-03-24,147.1,148.98,145.28,148.5,144.76,3.74,2.5836,24074.67,354558.121,0.5517,1.09,51.0803,5.2937,7130447.1167
688082.SH,2026-03-25,149.0,151.62,149.0,149.84,148.5,1.34,0.9024,23517.86,353781.195,0.5389,1.02,51.5412,5.3415,7194789.1984
688082.SH,2026-03-26,148.0,148.88,140.85,142.03,149.84,-7.81,-5.2122,47638.07,682442.338,1.0029,1.99,48.8548,5.0631,6819780.4982
688082.SH,2026-03-27,139.4,144.0,138.56,142.99,142.03,0.96,0.6759,31913.69,450907.36,0.6719,1.1,49.185,5.0973,6865876.3179
688082.SH,2026-03-30,140.06,146.9,139.3,144.5,142.99,1.51,1.056,40505.27,579906.954,0.8528,1.32,49.7044,5.1511,6938381.2011
688082.SH,2026-03-31,147.39,147.8,141.2,141.61,144.5,-2.89,-2.0,25931.74,373281.694,0.546,0.77,48.7103,5.0481,6799613.577
688082.SH,2026-04-01,146.0,146.0,143.33,145.19,141.61,3.58,2.5281,27707.98,401338.936,0.5833,0.82,49.9417,5.1757,6971512.5715
688082.SH,2026-04-02,145.19,145.2,139.0,140.1,145.19,-5.09,-3.5058,23571.71,333112.257,0.4963,0.68,48.1909,4.9943,6727108.6939
688082.SH,2026-04-03,140.86,141.78,139.08,139.74,140.1,-0.36,-0.257,15099.77,211681.541,0.3179,0.5,48.0671,4.9815,6709822.7615
688082.SH,2026-04-07,140.69,142.48,140.06,140.83,139.74,1.09,0.78,18274.35,258100.547,0.3847,0.69,48.442,5.0203,6762160.7235
688082.SH,2026-04-08,147.0,150.99,145.6,150.99,140.83,10.16,7.2144,42717.49,634407.042,0.8994,1.93,51.9368,5.3825,7250008.1491
688082.SH,2026-04-09,148.58,154.87,148.06,151.33,150.99,0.34,0.2252,40578.69,617352.638,0.8543,1.59,52.0537,5.3946,7266333.7519
688082.SH,2026-04-10,153.66,156.6,152.67,153.9,151.33,2.57,1.6983,35715.36,552328.489,0.7519,1.27,52.9377,5.4862,7389736.1027
688082.SH,2026-04-13,151.99,154.98,151.0,153.15,153.9,-0.75,-0.4873,28287.18,433081.047,0.5955,0.93,52.6798,5.4595,7353723.7435
688082.SH,2026-04-14,155.0,161.48,154.8,159.21,153.15,6.06,3.9569,54042.4,856090.317,1.1378,1.63,54.7643,5.6755,7644703.6057
688082.SH,2026-04-15,160.55,161.0,155.22,156.0,159.21,-3.21,-2.0162,40794.2,643477.534,0.8589,1.01,53.6601,5.5611,7490570.7084
688082.SH,2026-04-16,155.06,156.5,154.02,155.86,156.0,-0.14,-0.0897,34952.84,542438.038,0.7359,0.88,53.6119,5.5561,7483848.4014
688082.SH,2026-04-17,154.53,158.5,152.8,157.4,155.86,1.54,0.9881,36085.83,563169.88,0.7597,0.93,54.1417,5.611,7557793.7789
688082.SH,2026-04-20,157.25,159.4,154.53,156.76,157.4,-0.64,-0.4066,38052.34,597242.565,0.8011,0.98,53.9215,5.5882,7527063.2324
688082.SH,2026-04-21,156.99,157.0,153.23,155.8,156.76,-0.96,-0.6124,27845.31,431670.551,0.5862,0.68,53.5913,5.554,7480967.4126
688082.SH,2026-04-22,155.8,161.0,154.92,161.0,155.8,5.2,3.3376,51041.17,812400.722,1.0746,1.44,55.38,5.7393,7730653.1029
688082.SH,2026-04-23,161.78,162.18,155.0,156.44,161.0,-4.56,-2.8323,39800.03,628139.768,0.8379,1.06,53.8114,5.5768,7511697.9591
688082.SH,2026-04-24,156.14,160.9,154.58,157.98,156.44,1.54,0.9844,43874.94,693082.25,0.9237,1.14,54.3412,5.6317,7585643.3366
688082.SH,2026-04-27,160.99,167.35,155.64,166.1,157.98,8.12,5.1399,78036.91,1273377.022,1.6429,1.94,57.1342,5.9211,7975537.1453
688082.SH,2026-04-28,151.3,152.32,144.6,146.6,166.1,-19.5,-11.7399,110628.51,1635848.322,2.3291,2.3,50.4267,5.1597,7039215.8067
688082.SH,2026-04-29,145.0,149.97,142.58,149.01,146.6,2.41,1.6439,52803.62,774115.838,1.1117,0.82,51.2557,5.2445,7154935.5209
688082.SH,2026-04-30,149.05,157.0,148.0,154.11,149.01,5.1,3.4226,59556.83,918492.25,1.2539,0.92,53.01,5.424,7399819.5633
688082.SH,2026-05-06,157.22,163.5,155.88,157.2,154.11,3.09,2.0051,64287.66,1023854.002,1.3535,0.93,54.0729,5.5328,7548190.4831
688082.SH,2026-05-07,158.7,160.37,156.31,160.35,157.2,3.15,2.0038,57437.01,909026.561,1.2092,0.79,55.4357,5.6722,7738437.9081
688082.SH,2026-05-08,158.73,164.0,155.68,160.21,160.35,-0.14,-0.0873,70592.99,1125533.049,1.4862,1.02,55.3873,5.6673,7731681.5545
688082.SH,2026-05-11,162.21,167.94,161.09,166.23,160.21,6.02,3.7576,85115.52,1403567.295,1.792,1.0,57.4686,5.8802,8022204.7612
