ts_code,trade_date,open,high,low,close,pre_close,change,pct_chg,vol,amount,turnover_rate,volume_ratio,pe,pb,total_mv
688008.SH,2023-01-03,62.7,63.26,61.33,62.59,62.6,-0.01,-0.016,88879.35,554540.454,0.7837,1.92,85.6086,7.3575,7098133.0578
688008.SH,2023-01-04,62.99,63.88,61.51,63.24,62.59,0.65,1.0385,107801.15,675368.052,0.9506,2.03,86.4977,7.4339,7171847.4928
688008.SH,2023-01-05,62.88,67.15,62.6,65.13,63.24,1.89,2.9886,125958.06,819035.203,1.1107,1.87,89.0828,7.6561,7386186.3885
688008.SH,2023-01-06,64.85,65.49,63.33,64.05,65.13,-1.08,-1.6582,72196.98,466103.339,0.6366,0.85,87.6056,7.5291,7263707.0196
688008.SH,2023-01-09,64.08,66.31,63.27,63.85,64.05,-0.2,-0.3123,83073.97,535727.497,0.7325,0.95,87.332,7.5056,7241025.6549
688008.SH,2023-01-10,64.01,64.73,63.25,63.46,63.85,-0.39,-0.6108,54299.04,346515.72,0.4788,0.57,86.7986,7.4598,7196796.9939
688008.SH,2023-01-11,63.49,65.24,62.88,63.73,63.46,0.27,0.4255,91997.98,588772.301,0.8112,1.04,87.1679,7.4915,7227416.8362
688008.SH,2023-01-12,64.44,64.73,62.82,63.43,63.73,-0.3,-0.4707,62301.24,395208.505,0.5494,0.73,86.7576,7.4563,7193394.7892
688008.SH,2023-01-13,63.9,63.91,60.81,61.5,63.43,-1.93,-3.0427,95418.02,588378.413,0.8414,1.31,84.1178,7.2294,6974519.6207
688008.SH,2023-01-16,61.3,62.1,60.48,61.5,61.5,0.0,0.0,122366.94,749338.834,1.079,1.58,84.1178,7.2294,6974519.6207
688008.SH,2023-01-17,61.51,62.96,61.2,62.14,61.5,0.64,1.0407,102718.0,638562.488,0.9057,1.2,84.9931,7.3046,7047099.9874
688008.SH,2023-01-18,62.5,62.7,61.41,62.14,62.14,0.0,0.0,65275.88,404223.996,0.5756,0.69,84.9931,7.3046,7047099.9874
688008.SH,2023-01-19,61.99,63.0,61.4,62.97,62.14,0.83,1.3357,83351.29,518981.527,0.735,0.93,86.1284,7.4022,7141227.6506
688008.SH,2023-01-20,63.0,64.65,62.99,64.65,62.97,1.68,2.6679,74127.22,474847.293,0.6536,0.79,88.4262,7.5997,7331751.1134
688008.SH,2023-01-30,65.22,66.15,58.88,59.84,64.65,-4.81,-7.4401,226520.52,1382711.004,1.9974,2.53,81.8473,7.0342,6786264.2943
688008.SH,2023-01-31,57.6,57.6,54.1,55.41,59.84,-4.43,-7.4031,289878.31,1606593.084,2.5561,2.63,75.7881,6.5135,6283872.068
688008.SH,2023-02-01,55.33,56.77,55.33,56.38,55.41,0.97,1.7506,114033.55,641475.88,1.0055,0.77,77.1148,6.6275,6393876.6864
688008.SH,2023-02-02,56.99,57.15,56.02,56.53,56.38,0.15,0.2661,109956.77,622565.411,0.9696,0.7,77.32,6.6452,6410887.7098
688008.SH,2023-02-03,56.45,57.09,55.55,56.51,56.53,-0.02,-0.0354,85965.96,484258.266,0.758,0.53,77.2926,6.6428,6408619.5734
688008.SH,2023-02-06,56.52,57.16,56.31,56.88,56.51,0.37,0.6548,80597.09,458222.804,0.7107,0.49,77.7987,6.6863,6450580.0979
688008.SH,2023-02-07,56.77,57.06,56.6,56.88,56.88,0.0,0.0,58025.36,329615.492,0.5117,0.43,77.7987,6.6863,6450580.0979
688008.SH,2023-02-08,57.02,58.79,57.02,57.13,56.88,0.25,0.4395,99041.54,572694.731,0.8733,1.1,78.1406,6.7157,6478931.8037
688008.SH,2023-02-09,56.82,61.09,56.24,60.96,57.13,3.83,6.704,208515.89,1244837.181,1.8387,2.4,83.5269,7.1786,6925532.3475
688008.SH,2023-02-10,61.49,63.36,60.5,60.9,60.96,-0.06,-0.0984,176947.79,1092663.075,1.5603,1.66,83.4447,7.1715,6918715.8787
688008.SH,2023-02-13,60.02,63.3,59.67,62.85,60.9,1.95,3.202,176692.82,1097812.979,1.5553,1.42,86.1166,7.3642,7140251.1162
688008.SH,2023-02-14,62.73,63.68,60.98,62.8,62.85,-0.05,-0.0796,138566.84,866548.628,1.2197,0.96,86.0481,7.3583,7134570.7255
688008.SH,2023-02-15,63.3,65.59,62.09,65.55,62.8,2.75,4.379,161772.67,1041313.52,1.424,1.01,89.8161,7.6806,7446992.2143
688008.SH,2023-02-16,65.7,67.8,62.66,62.89,65.55,-2.66,-4.058,180007.28,1166774.45,1.5845,1.04,86.1714,7.3689,7144795.4287
688008.SH,2023-02-17,62.12,62.89,60.65,61.05,62.89,-1.84,-2.9257,138308.0,851795.492,1.2174,0.83,83.6503,7.1533,6935757.0508
688008.SH,2023-02-20,61.52,61.84,59.88,61.1,61.05,0.05,0.0819,91301.54,555393.631,0.8037,0.57,83.7188,7.1591,6941437.4415
688008.SH,2023-02-21,61.01,61.44,57.35,58.28,61.1,-2.82,-4.6154,176402.78,1037533.876,1.5527,1.24,79.8548,6.8287,6621063.4057
688008.SH,2023-02-22,57.97,59.04,57.77,58.18,58.28,-0.1,-0.1716,80945.59,473106.507,0.7125,0.54,79.7178,6.817,6609702.6243
688008.SH,2023-02-23,57.95,58.57,57.41,57.72,58.18,-0.46,-0.7906,60479.17,350554.507,0.5324,0.45,79.0875,6.7631,6557443.0299
688008.SH,2023-02-24,58.0,59.15,57.9,58.33,57.72,0.61,1.0568,83708.47,489006.434,0.7368,0.76,79.9233,6.8346,6626743.7965
688008.SH,2023-02-27,58.31,59.28,57.5,58.0,58.33,-0.33,-0.5657,73629.96,430148.573,0.6481,0.75,79.4712,6.7959,6589253.2178
688008.SH,2023-02-28,58.65,59.27,57.07,57.77,58.0,-0.23,-0.3966,77123.37,447795.563,0.6789,0.81,79.156,6.769,6563123.4206
688008.SH,2023-03-01,57.38,58.31,56.58,57.48,57.77,-0.29,-0.502,96566.17,553962.515,0.85,1.28,78.7587,6.735,6530177.1545
688008.SH,2023-03-02,57.49,58.1,56.6,56.86,57.48,-0.62,-1.0786,81609.04,466511.8,0.7183,1.04,77.9092,6.6623,6459740.3097
688008.SH,2023-03-03,57.48,57.97,56.81,57.62,56.86,0.76,1.3366,110289.22,633825.731,0.9708,1.34,78.9505,6.7514,6546082.2484
688008.SH,2023-03-06,57.79,58.24,56.68,57.4,57.62,-0.22,-0.3818,116997.64,671383.765,1.0298,1.33,78.6491,6.7256,6521088.5293
688008.SH,2023-03-07,57.3,57.68,56.12,56.17,57.4,-1.23,-2.1429,90333.01,512907.398,0.7951,0.94,76.9637,6.5815,6381350.918
688008.SH,2023-03-08,56.1,56.45,55.4,55.9,56.17,-0.27,-0.4807,80607.88,450241.874,0.7095,0.81,76.5938,6.5499,6350676.8082
688008.SH,2023-03-09,55.85,57.15,55.66,56.74,55.9,0.84,1.5027,103577.96,586010.869,0.9117,1.08,77.7447,6.6483,6446107.372
688008.SH,2023-03-10,56.09,56.77,55.42,55.88,56.74,-0.86,-1.5157,76061.28,426809.84,0.6695,0.76,76.5664,6.5475,6348404.6519
688008.SH,2023-03-13,55.6,56.15,54.65,55.52,55.88,-0.36,-0.6442,72761.31,401904.332,0.6405,0.78,76.0731,6.5053,6307505.8388
688008.SH,2023-03-14,55.06,56.19,54.65,55.99,55.52,0.47,0.8465,136465.67,757485.536,1.2012,1.61,76.7171,6.5604,6360901.5115
688008.SH,2023-03-15,56.6,57.79,56.0,56.07,55.99,0.08,0.1429,140471.65,798603.869,1.2365,1.5,76.8267,6.5698,6369990.1366
688008.SH,2023-03-16,55.92,57.38,55.66,56.31,56.07,0.24,0.428,123964.54,701928.273,1.0912,1.17,77.1555,6.5979,6397256.012
688008.SH,2023-03-17,56.38,58.69,55.55,57.92,56.31,1.61,2.8592,237539.85,1361427.924,2.0909,2.16,79.3616,6.7865,6580164.5927
688008.SH,2023-03-20,59.01,63.75,59.01,62.59,57.92,4.67,8.0628,433319.35,2671273.754,3.8142,3.05,85.7604,7.3337,7110713.0845
688008.SH,2023-03-21,62.6,64.41,60.91,62.06,62.59,-0.53,-0.8468,228779.09,1418275.286,2.0138,1.07,85.0342,7.2716,7050500.943
688008.SH,2023-03-22,61.59,65.1,61.5,63.13,62.06,1.07,1.7241,357542.9,2263951.056,3.1472,1.54,86.5003,7.397,7172061.3041
688008.SH,2023-03-23,63.21,69.0,63.21,69.0,63.13,5.87,9.2983,545611.89,3652769.07,4.8026,1.98,94.5433,8.0848,7838939.1729
688008.SH,2023-03-24,69.5,72.57,69.07,70.17,69.0,1.17,1.6957,495538.86,3502894.086,4.3618,1.37,96.1464,8.2219,7971860.3154
688008.SH,2023-03-27,70.29,71.77,67.41,68.59,70.17,-1.58,-2.2517,287676.59,1983080.519,2.5322,0.7,93.9815,8.0368,7792359.9691
688008.SH,2023-03-28,68.1,69.25,64.0,64.48,68.59,-4.11,-5.9921,304580.75,2008528.61,2.681,0.8,88.35,7.5552,7325431.8532
688008.SH,2023-03-29,64.51,70.3,63.25,68.24,64.48,3.76,5.8313,335903.2,2254655.097,2.9567,0.84,93.5019,7.9957,7752597.2342
688008.SH,2023-03-30,70.25,72.33,68.16,70.0,68.24,1.76,2.5791,389192.73,2728798.122,3.4258,0.99,95.9135,8.202,7952546.987
688008.SH,2023-03-31,69.27,69.84,67.06,69.52,70.0,-0.48,-0.6857,265451.2,1816506.048,2.3366,0.73,95.2558,8.1457,7898015.2362
688008.SH,2023-04-03,71.8,71.87,68.24,71.53,69.52,2.01,2.8913,444472.53,3124515.895,3.9123,1.4,98.0099,8.3812,8126366.9426
688008.SH,2023-04-04,70.6,78.0,70.05,74.0,71.53,2.47,3.4531,443787.64,3270312.707,3.9063,1.28,101.3943,8.6706,8406978.2434
688008.SH,2023-04-06,72.5,79.26,72.15,75.23,74.0,1.23,1.6622,390308.4,2989410.404,3.4356,1.04,103.0796,8.8148,8546715.8547
688008.SH,2023-04-07,76.0,78.75,74.12,76.3,75.23,1.07,1.4223,247250.9,1878996.73,2.1764,0.64,104.5457,8.9401,8668276.2158
688008.SH,2023-04-10,75.22,77.5,71.3,71.7,76.3,-4.6,-6.0288,346318.41,2553455.706,3.0484,0.97,98.2428,8.4012,8145680.271
688008.SH,2023-04-11,72.16,74.88,71.45,72.6,71.7,0.9,1.2552,259699.59,1896392.634,2.2859,0.69,99.476,8.5066,8247927.3037
688008.SH,2023-04-12,74.5,77.66,73.04,76.41,72.6,3.81,5.2479,300946.1,2285832.187,2.649,0.89,104.6964,8.953,8680773.0754
688008.SH,2023-04-13,75.0,75.48,71.5,71.65,76.41,-4.76,-6.2296,267411.3,1956972.373,2.3538,0.87,98.1743,8.3953,8139999.8803
688008.SH,2023-04-14,72.28,74.65,69.75,74.19,71.65,2.54,3.545,316321.21,2283414.207,2.7843,1.11,101.6546,8.6929,8428563.7281
688008.SH,2023-04-17,74.2,74.86,71.19,72.0,74.19,-2.19,-2.9519,243192.1,1766583.763,2.1406,0.82,98.6539,8.4363,8179762.6152
688008.SH,2023-04-18,71.4,72.43,69.45,70.68,72.0,-1.32,-1.8333,222737.39,1576331.045,1.9606,0.8,96.8452,8.2816,8029800.3006
688008.SH,2023-04-19,71.42,74.43,70.12,72.1,70.68,1.42,2.0091,299346.95,2168148.22,2.6349,1.11,98.7909,8.448,8191123.3966
688008.SH,2023-04-20,72.4,76.49,72.01,76.46,72.1,4.36,6.0472,336441.95,2518109.616,2.9614,1.25,104.7649,8.9589,8686453.4661
688008.SH,2023-04-21,76.3,78.52,72.06,72.06,76.46,-4.4,-5.7546,298316.71,2233590.274,2.6258,1.05,98.7361,8.4433,8186579.084
688008.SH,2023-04-24,72.0,72.94,68.53,69.2,72.06,-2.86,-3.9689,243896.85,1709393.342,2.1468,0.87,94.8173,8.1082,7861660.7357
688008.SH,2023-04-25,69.01,71.48,67.98,68.75,69.2,-0.45,-0.6503,229249.92,1591539.375,2.0179,0.82,94.2007,8.0555,7810537.2194
688008.SH,2023-04-26,67.8,68.05,64.0,64.2,68.75,-4.55,-6.6182,286831.22,1875095.439,2.5247,1.02,87.9664,7.5224,7293621.6652
688008.SH,2023-04-27,63.57,65.3,62.55,63.04,64.2,-1.16,-1.8069,200555.12,1277670.716,1.7653,0.72,86.3769,7.3865,7161836.6009
688008.SH,2023-04-28,58.5,62.67,58.4,60.9,63.04,-2.14,-3.3947,335090.44,2033537.113,2.9495,1.33,53.2464,6.942,6918715.8787
688008.SH,2023-05-04,60.21,61.35,59.17,59.35,60.9,-1.55,-2.5452,152550.76,911974.66,1.3428,0.59,51.8912,6.7653,6742623.7668
688008.SH,2023-05-05,59.0,60.55,58.66,58.94,59.35,-0.41,-0.6908,129433.68,770821.553,1.1393,0.54,51.5327,6.7186,6696044.5631
688008.SH,2023-05-08,58.96,60.26,58.7,59.41,58.94,0.47,0.7974,118613.8,706843.992,1.0441,0.54,51.9436,6.7722,6749440.2357
688008.SH,2023-05-09,59.87,59.87,57.87,57.87,59.41,-1.54,-2.5922,151040.8,889568.744,1.3295,0.81,50.5972,6.5966,6574484.202
688008.SH,2023-05-10,58.45,58.82,56.0,56.49,57.87,-1.38,-2.3847,159997.89,912542.51,1.4083,0.9,49.3906,6.4393,6417705.4185
688008.SH,2023-05-11,57.08,57.78,55.5,55.79,56.49,-0.7,-1.2392,95434.48,537660.156,0.84,0.67,48.7786,6.3595,6338179.9486
688008.SH,2023-05-12,55.99,56.48,53.5,53.73,55.79,-2.06,-3.6924,153079.0,837968.842,1.3474,1.17,46.9775,6.1247,6104147.8516
688008.SH,2023-05-15,53.9,54.5,52.4,54.15,53.73,0.42,0.7817,133778.92,713774.255,1.1776,0.99,47.3447,6.1726,6151863.1335
688008.SH,2023-05-16,54.37,55.14,53.21,53.81,54.15,-0.34,-0.6279,166802.54,904523.304,1.4682,1.2,47.0474,6.1338,6113236.4767
688008.SH,2023-05-17,53.87,55.98,53.3,55.15,53.81,1.34,2.4902,171914.08,942753.822,1.5132,1.21,48.219,6.2866,6265470.9476
688008.SH,2023-05-18,55.0,58.83,54.96,58.0,55.15,2.85,5.1677,216032.67,1240054.044,1.9016,1.5,50.7108,6.6114,6589253.2178
688008.SH,2023-05-19,59.6,61.5,58.85,58.96,58.0,0.96,1.6552,214341.51,1287113.678,1.8867,1.27,51.5502,6.7209,6698316.7193
688008.SH,2023-05-22,60.0,60.99,58.25,59.41,58.96,0.45,0.7632,117726.87,696281.585,1.0363,0.65,51.9436,6.7722,6749440.2357
688008.SH,2023-05-23,59.36,59.49,57.57,57.7,59.41,-1.71,-2.8783,95088.64,552972.503,0.837,0.54,50.4485,6.5772,6555170.8736
688008.SH,2023-05-24,57.41,59.19,57.21,58.0,57.7,0.3,0.5199,92714.78,539790.798,0.8161,0.57,50.7108,6.6114,6589253.2178
688008.SH,2023-05-25,58.68,60.24,58.09,60.1,58.0,2.1,3.6207,131848.89,781255.447,1.1606,0.9,52.5469,6.8508,6827829.6274
688008.SH,2023-05-26,60.2,62.2,60.01,61.14,60.1,1.04,1.7304,150037.06,919119.864,1.3207,1.15,53.4562,6.9694,6945981.7541
688008.SH,2023-05-29,62.5,64.63,62.31,62.92,61.14,1.78,2.9114,267553.05,1700774.609,2.3551,2.28,55.0125,7.1723,7148203.6632
688008.SH,2023-05-30,61.8,64.35,60.22,63.73,62.92,0.81,1.2873,178745.38,1121103.175,1.5734,1.21,55.7207,7.2646,7240225.9926
688008.SH,2023-05-31,63.8,64.73,63.11,63.8,63.73,0.07,0.1098,139870.7,894494.238,1.2312,0.85,55.7819,7.2726,7248178.5396
688008.SH,2023-06-01,62.7,63.14,61.86,62.1,63.8,-1.7,-2.6646,168623.24,1052110.701,1.4843,0.97,54.2956,7.0788,7055045.2556
688008.SH,2023-06-02,62.12,62.55,59.6,60.69,62.1,-1.41,-2.2705,155129.98,941393.223,1.3655,0.86,53.0628,6.9181,6894858.2377
688008.SH,2023-06-05,60.58,61.68,59.87,60.28,60.69,-0.41,-0.6756,142102.59,860311.31,1.2508,0.78,52.7043,6.8713,6848279.0339
688008.SH,2023-06-06,60.3,61.2,59.07,59.09,60.28,-1.19,-1.9741,105147.23,630602.922,0.9255,0.67,51.6638,6.7357,6713085.7352
688008.SH,2023-06-07,58.98,60.45,57.88,59.91,59.09,0.82,1.3877,121877.08,723413.6,1.0728,0.86,52.3808,6.8291,6806244.1427
688008.SH,2023-06-08,59.65,59.99,57.0,57.11,59.91,-2.8,-4.6737,163767.24,945463.974,1.4415,1.18,49.9327,6.51,6488142.2633
688008.SH,2023-06-09,57.89,58.19,56.2,58.19,57.11,1.08,1.8911,187100.76,1065560.075,1.6469,1.36,50.8769,6.6331,6610838.7025
688008.SH,2023-06-12,58.29,58.69,56.81,58.2,58.19,0.01,0.0172,139627.76,808437.58,1.229,0.97,50.8857,6.6342,6611974.7806
688008.SH,2023-06-13,58.17,63.05,57.3,62.85,58.2,4.65,7.9897,231015.77,1411688.697,2.0334,1.61,54.9513,7.1643,7140251.1162
688008.SH,2023-06-14,62.18,63.6,61.85,62.91,62.85,0.06,0.0955,132575.19,831116.571,1.167,0.79,55.0038,7.1711,7147067.585
688008.SH,2023-06-15,63.15,63.3,61.05,61.49,62.91,-1.42,-2.2572,122101.59,754305.068,1.0748,0.71,53.7622,7.0093,6985744.489
688008.SH,2023-06-16,61.4,61.4,59.98,60.83,61.49,-0.66,-1.0733,157588.31,954464.335,1.3871,0.97,53.1852,6.934,6910763.3317
688008.SH,2023-06-19,61.55,63.27,61.05,62.11,60.83,1.28,2.1042,183947.92,1145955.96,1.6191,1.17,54.3043,7.0799,7056181.3338
688008.SH,2023-06-20,61.78,62.61,60.1,60.4,62.11,-1.71,-2.7532,168150.65,1023868.079,1.4801,1.02,52.8092,6.885,6861911.9716
688008.SH,2023-06-21,60.18,60.42,58.08,58.08,60.4,-2.32,-3.8411,131580.87,774675.249,1.1582,0.86,50.7808,6.6205,6598341.8429
688008.SH,2023-06-26,57.48,57.57,55.31,56.0,58.08,-2.08,-3.5813,142273.36,802056.171,1.2523,0.93,48.9622,6.3834,6362037.5896
688008.SH,2023-06-27,56.55,56.7,55.0,56.09,56.0,0.09,0.1607,113758.13,635536.211,1.0013,0.73,49.0409,6.3937,6372262.2929
688008.SH,2023-06-28,56.08,56.73,54.82,55.38,56.09,-0.71,-1.2658,111719.22,621408.834,0.9834,0.76,48.4201,6.3128,6291600.7449
688008.SH,2023-06-29,56.32,57.41,55.51,55.67,55.38,0.29,0.5237,112819.45,638331.831,0.9931,0.85,48.6736,6.3458,6324547.0109
688008.SH,2023-06-30,55.8,57.68,55.4,57.42,55.67,1.75,3.1435,169460.32,967508.824,1.4916,1.38,50.2037,6.5453,6523360.6856
688008.SH,2023-07-03,57.62,60.33,56.7,59.87,57.42,2.45,4.2668,203658.66,1194468.511,1.7926,1.57,52.3458,6.8246,6801699.8302
688008.SH,2023-07-04,59.98,63.55,59.87,62.7,59.87,2.83,4.7269,233009.14,1447848.307,2.051,1.64,54.8819,7.1552,7131229.7757
688008.SH,2023-07-05,62.35,63.8,62.3,62.68,62.7,-0.02,-0.0319,182373.24,1151398.156,1.6053,1.1,54.8644,7.1529,7128955.0612
688008.SH,2023-07-06,62.4,65.1,62.0,63.72,62.68,1.04,1.6592,175601.42,1122887.69,1.5439,0.97,55.7747,7.2487,7247240.2122
688008.SH,2023-07-07,64.02,65.17,62.68,63.7,63.72,-0.02,-0.0314,191136.02,1226496.453,1.6805,0.99,55.7572,7.2464,7244965.4978
688008.SH,2023-07-10,63.0,63.0,60.5,61.0,63.7,-2.7,-4.2386,192452.03,1181146.425,1.6921,0.98,53.3938,6.9392,6937879.0481
688008.SH,2023-07-11,60.78,62.94,60.78,61.97,61.0,0.97,1.5902,222355.78,1383773.756,1.955,1.14,54.2429,7.0496,7048202.6985
688008.SH,2023-07-12,60.8,60.95,58.08,59.08,61.97,-2.89,-4.6635,203354.62,1205582.65,1.788,1.05,51.7133,6.7208,6719506.4617
688008.SH,2023-07-13,59.5,61.98,59.31,61.48,59.08,2.4,4.0623,183716.96,1123966.322,1.6153,0.93,53.814,6.9938,6992472.1947
688008.SH,2023-07-14,61.96,62.79,61.5,61.99,61.48,0.51,0.8295,131333.07,815860.849,1.1547,0.66,54.2604,7.0518,7050477.413
688008.SH,2023-07-17,61.8,62.6,60.03,61.1,61.99,-0.89,-1.4357,143144.13,875488.957,1.2586,0.77,53.4814,6.9506,6949252.6203
688008.SH,2023-07-18,61.25,62.12,60.16,60.17,61.1,-0.93,-1.5221,98211.63,599630.675,0.8635,0.56,52.6673,6.8448,6843478.3988
688008.SH,2023-07-19,60.43,60.54,58.1,59.19,60.17,-0.98,-1.6287,91326.42,538441.963,0.803,0.6,51.8095,6.7333,6732017.3911
688008.SH,2023-07-20,59.33,59.34,57.5,57.75,59.19,-1.44,-2.4328,87811.36,509942.344,0.7721,0.68,50.5491,6.5695,6568237.9513
688008.SH,2023-07-21,57.75,58.8,57.15,57.6,57.75,-0.15,-0.2597,70942.65,410802.885,0.6237,0.64,50.4178,6.5525,6551177.593
688008.SH,2023-07-24,57.64,59.57,57.6,58.59,57.6,0.99,1.7188,92927.86,545323.04,0.8171,0.95,51.2844,6.6651,6663775.9578
688008.SH,2023-07-25,59.15,59.59,58.11,59.28,58.59,0.69,1.1777,87451.39,516746.726,0.7689,0.99,51.8883,6.7436,6742253.6061
688008.SH,2023-07-26,59.21,59.59,58.28,58.69,59.28,-0.59,-0.9953,54816.3,322321.733,0.482,0.64,51.4013,6.6803,6678970.3958
688008.SH,2023-07-27,58.58,59.11,57.36,58.1,58.69,-0.59,-1.0053,75575.62,439743.829,0.6645,0.96,50.8846,6.6131,6611827.9093
688008.SH,2023-07-28,58.45,59.4,57.69,59.02,58.1,0.92,1.5835,80573.67,473700.833,0.708,1.06,51.6903,6.7049,6716524.6679
688008.SH,2023-07-31,58.58,60.08,57.61,57.92,59.02,-1.1,-1.8638,120434.01,708364.847,1.0583,1.54,50.7269,6.5799,6591343.7608
688008.SH,2023-08-01,57.57,58.88,57.13,57.63,57.92,-0.29,-0.5007,83783.34,485174.011,0.7362,1.0,50.4729,6.547,6558341.5217
688008.SH,2023-08-02,57.2,57.5,56.3,56.65,57.63,-0.98,-1.7005,94841.92,539348.003,0.8334,1.14,49.6146,6.4356,6446816.7136
688008.SH,2023-08-03,56.6,57.1,56.08,56.95,56.65,0.3,0.5296,51111.27,289747.02,0.4491,0.56,49.8774,6.4697,6480956.961
688008.SH,2023-08-04,57.3,58.98,56.6,58.05,56.95,1.1,1.9315,95527.16,550891.582,0.8394,1.11,50.8408,6.5947,6606137.868
688008.SH,2023-08-07,57.93,58.25,57.5,57.79,58.05,-0.26,-0.4479,53750.57,311134.968,0.4723,0.6,50.6131,6.5651,6576549.6536
688008.SH,2023-08-08,58.0,59.31,57.3,57.49,57.79,-0.3,-0.5191,74105.83,430844.641,0.6512,0.98,50.3503,6.5311,6542409.4063
688008.SH,2023-08-09,57.26,57.75,56.31,56.63,57.49,-0.86,-1.4959,52054.49,296809.038,0.4574,0.7,49.5971,6.4334,6444540.6971
688008.SH,2023-08-10,56.92,57.17,55.51,56.87,56.63,0.24,0.4238,63359.35,356319.364,0.5568,0.97,49.8073,6.4606,6471852.895
688008.SH,2023-08-11,56.52,56.99,54.4,54.55,56.57,-2.02,-3.5708,79552.32,442618.956,0.699,1.17,47.7754,6.4157,6207834.9819
688008.SH,2023-08-14,54.3,54.98,52.83,53.08,54.55,-1.47,-2.6948,103211.74,551448.591,0.907,1.6,46.488,6.2428,6040547.7698
688008.SH,2023-08-15,53.08,53.3,50.96,51.15,53.08,-1.93,-3.636,154878.83,801888.617,1.361,2.08,44.7977,6.0158,5820912.1783
688008.SH,2023-08-16,51.0,51.15,48.2,48.75,51.15,-2.4,-4.6921,186805.99,923000.833,1.6415,2.06,42.6957,5.7336,5547790.1993
688008.SH,2023-08-17,48.12,49.68,47.98,48.81,48.75,0.06,0.1231,123568.1,602732.83,1.0858,1.05,42.7483,5.7406,5554618.2487
688008.SH,2023-08-18,49.85,49.86,48.53,48.62,48.81,-0.19,-0.3893,118317.32,580263.336,1.0397,0.91,42.5819,5.7183,5532996.0921
688008.SH,2023-08-21,48.5,49.26,47.72,47.8,48.62,-0.82,-1.6865,77825.98,376439.698,0.6839,0.57,41.8637,5.6218,5439679.4159
688008.SH,2023-08-22,47.97,49.36,46.85,49.16,47.8,1.36,2.8452,126818.05,610636.807,1.1144,0.96,43.0548,5.7818,5594448.5373
688008.SH,2023-08-23,48.51,49.08,48.12,48.43,49.16,-0.73,-1.4849,84805.56,412346.447,0.7452,0.67,42.4155,5.6959,5511373.9354
688008.SH,2023-08-24,49.25,50.8,48.31,49.7,48.43,1.27,2.6223,151638.46,753319.869,1.3325,1.43,43.5278,5.5811,5655900.9826
688008.SH,2023-08-25,49.0,50.28,47.75,48.02,49.7,-1.68,-3.3803,115501.83,563203.047,1.0149,1.03,42.0564,5.3925,5464715.5973
688008.SH,2023-08-28,52.8,52.94,48.51,48.75,48.02,0.73,1.5202,119697.22,596344.567,1.0518,1.08,42.6957,5.4745,5547790.1993
688008.SH,2023-08-29,48.72,51.19,48.33,50.8,48.75,2.05,4.2051,125364.63,630665.934,1.1016,1.05,44.4911,5.7047,5781081.8897
688008.SH,2023-08-30,52.0,52.8,50.8,51.47,50.8,0.67,1.3189,141835.77,735367.267,1.2464,1.19,45.0779,5.7799,5857328.4422
688008.SH,2023-08-31,51.1,52.1,51.02,51.24,51.47,-0.23,-0.4469,98505.19,506483.303,0.8656,0.75,44.8765,5.7541,5831154.2525
688008.SH,2023-09-01,51.4,52.2,50.36,51.36,51.24,0.12,0.2342,76131.93,390398.637,0.669,0.63,44.9816,5.7676,5844810.3515
688008.SH,2023-09-04,51.11,51.7,50.76,51.62,51.36,0.26,0.5062,78373.52,401452.828,0.6887,0.7,45.2093,5.7968,5874398.5659
688008.SH,2023-09-05,51.5,52.8,51.33,51.62,51.62,0.0,0.0,117972.44,614309.866,1.0367,1.13,45.2093,5.7968,5874398.5659
688008.SH,2023-09-06,51.36,53.98,51.13,53.79,51.62,2.17,4.2038,133693.74,706401.761,1.1748,1.3,47.1098,6.0404,6121346.3552
688008.SH,2023-09-07,53.48,53.78,50.72,51.5,53.79,-2.29,-4.2573,140843.42,731501.356,1.2376,1.4,45.1042,5.7833,5860742.4669
688008.SH,2023-09-08,51.4,52.41,50.99,51.65,51.5,0.15,0.2913,62849.94,324587.86,0.5523,0.57,45.2356,5.8001,5877812.5906
688008.SH,2023-09-11,51.64,52.36,51.36,51.81,51.65,0.16,0.3098,56973.77,295792.157,0.5006,0.53,45.3757,5.8181,5896020.7225
688008.SH,2023-09-12,51.77,52.05,51.08,51.1,51.81,-0.71,-1.3704,57778.94,296977.002,0.5077,0.56,44.7539,5.7384,5815222.1371
688008.SH,2023-09-13,51.09,51.74,50.25,50.88,51.1,-0.22,-0.4305,68017.94,345485.341,0.5977,0.75,44.5612,5.7137,5790185.9556
688008.SH,2023-09-14,50.8,51.23,50.12,50.38,50.88,-0.5,-0.9827,54351.68,275050.948,0.4776,0.7,44.1233,5.6575,5733285.5433
688008.SH,2023-09-15,50.6,52.3,50.05,51.77,50.38,1.39,2.759,111567.3,576956.93,0.9804,1.86,45.3407,5.8136,5891468.6895
688008.SH,2023-09-18,51.54,51.54,50.02,50.98,51.77,-0.79,-1.526,70366.17,357579.969,0.6183,1.01,44.6488,5.7249,5801566.0381
688008.SH,2023-09-19,50.4,52.08,50.28,50.83,50.98,-0.15,-0.2942,73381.04,375007.561,0.6448,1.01,44.5174,5.708,5784495.9144
688008.SH,2023-09-20,50.56,52.48,50.56,50.75,50.83,-0.08,-0.1574,77862.01,400509.927,0.6842,1.03,44.4474,5.6991,5775391.8485
688008.SH,2023-09-21,50.55,51.12,49.48,49.7,50.75,-1.05,-2.069,73082.25,365920.284,0.6422,0.94,43.5278,5.5811,5655900.9826
688008.SH,2023-09-22,49.7,51.27,49.25,51.27,49.7,1.57,3.159,83725.64,424200.275,0.7357,1.03,44.9028,5.7574,5834568.2772
688008.SH,2023-09-25,51.0,51.28,49.81,50.0,51.27,-1.27,-2.4771,63611.11,320682.569,0.559,0.84,43.7905,5.6148,5690041.23
688008.SH,2023-09-26,50.15,50.28,49.21,49.24,50.0,-0.76,-1.52,57018.91,283082.907,0.501,0.77,43.1249,5.5295,5603552.6033
688008.SH,2023-09-27,49.24,50.2,49.24,49.55,49.24,0.31,0.6296,50659.46,251853.813,0.4452,0.71,43.3964,5.5643,5638830.8589
688008.SH,2023-09-28,49.58,50.15,49.31,49.7,49.55,0.15,0.3027,62618.7,311271.261,0.5502,0.95,43.5278,5.5811,5655900.9826
688008.SH,2023-10-09,49.58,51.28,49.5,50.61,49.7,0.91,1.831,67834.33,342770.206,0.5961,1.07,44.3247,5.6833,5759459.733
688008.SH,2023-10-10,50.99,54.2,50.5,53.37,50.61,2.76,5.4535,179764.7,949477.53,1.5796,2.98,46.742,5.9933,6073550.0089
688008.SH,2023-10-11,53.18,53.99,52.88,53.74,53.37,0.37,0.6933,120917.72,649151.096,1.0625,1.45,47.066,6.0348,6115656.314
688008.SH,2023-10-12,54.35,54.48,53.08,53.38,53.74,-0.36,-0.6699,71027.32,380248.425,0.6241,0.74,46.7507,5.9944,6074688.0171
688008.SH,2023-10-13,53.15,53.8,52.53,53.0,53.38,-0.38,-0.7119,72648.88,386961.921,0.6384,0.72,46.4179,5.9517,6031443.7038
688008.SH,2023-10-16,52.63,53.0,50.98,51.6,53.0,-1.4,-2.6415,80911.4,417799.994,0.711,0.79,45.1918,5.7945,5872122.5494
688008.SH,2023-10-17,51.91,52.96,50.85,52.85,51.6,1.25,2.4225,73297.45,381459.64,0.6441,0.7,46.2866,5.9349,6014373.5801
688008.SH,2023-10-18,52.31,53.0,50.68,50.75,52.85,-2.1,-3.9735,63759.57,328517.45,0.5603,0.76,44.4474,5.6991,5775391.8485
688008.SH,2023-10-19,50.53,52.08,50.3,50.4,50.75,-0.35,-0.6897,76792.36,392868.616,0.6748,1.06,44.1408,5.6597,5735561.5598
688008.SH,2023-10-20,50.18,50.19,47.76,48.0,50.4,-2.4,-4.7619,120958.01,585746.116,1.0629,1.65,42.0389,5.3902,5462439.5808
688008.SH,2023-10-23,47.37,48.3,46.81,47.4,48.0,-0.6,-1.25,67086.69,317589.804,0.5895,0.81,41.5134,5.3229,5394159.086
688008.SH,2023-10-24,47.8,48.74,46.82,48.19,47.4,0.79,1.6667,69020.59,330272.22,0.6065,0.86,42.2053,5.4116,5484061.7375
688008.SH,2023-10-25,48.6,49.16,48.0,48.74,48.19,0.55,1.1413,53136.6,258059.849,0.4669,0.67,42.687,5.4733,5546652.191
688008.SH,2023-10-26,48.37,49.1,48.0,48.63,48.74,-0.11,-0.2257,52894.38,256330.902,0.4648,0.68,42.5906,5.461,5534134.1003
688008.SH,2023-10-27,48.39,50.01,48.12,49.79,48.63,1.16,2.3854,73380.21,361146.653,0.6448,1.01,43.6066,5.5912,5666143.0568
688008.SH,2023-10-30,49.35,54.1,49.22,53.6,49.79,3.81,7.6521,198385.41,1046129.482,1.7433,3.14,46.9434,6.0191,6099724.1986
688008.SH,2023-10-31,56.0,56.49,54.06,55.03,53.6,1.43,2.6679,162009.83,892786.274,1.4236,1.81,48.1958,6.1884,6262459.3777
688008.SH,2023-11-01,55.16,56.5,54.98,55.27,55.03,0.24,0.4361,125065.17,697041.257,1.099,1.16,48.406,6.2154,6289771.5756
688008.SH,2023-11-02,55.32,56.32,55.16,55.4,55.27,0.13,0.2352,80947.66,451172.327,0.7113,0.66,48.5199,6.23,6304565.6828
688008.SH,2023-11-03,55.18,57.42,55.18,56.7,55.4,1.3,2.3466,121089.28,684629.024,1.064,0.95,49.6584,6.3762,6452506.7548
688008.SH,2023-11-06,56.69,58.18,56.56,57.3,56.7,0.6,1.0582,119797.79,687826.912,1.0527,0.87,50.1839,6.4437,6520787.2496
688008.SH,2023-11-07,57.0,58.6,56.98,57.81,57.3,0.51,0.8901,109253.06,633909.082,0.96,0.9,50.6306,6.501,6578825.6701
688008.SH,2023-11-08,57.36,58.48,57.08,57.54,57.81,-0.27,-0.467,97426.33,562445.223,0.8561,0.88,50.3941,6.4707,6548099.4475
688008.SH,2023-11-09,57.54,57.8,56.24,56.88,57.54,-0.66,-1.147,93436.99,531357.167,0.8211,0.88,49.8161,6.3964,6472990.9032
688008.SH,2023-11-10,56.8,57.38,56.0,56.6,56.88,-0.28,-0.4923,78294.87,443160.622,0.688,0.72,49.5708,6.365,6441126.6724
688008.SH,2023-11-13,57.5,59.14,56.89,58.37,56.6,1.77,3.1272,113920.82,662562.352,1.0011,1.14,51.121,6.564,6642554.1319
688008.SH,2023-11-14,58.01,59.37,57.78,59.12,58.37,0.75,1.2849,88457.46,521906.81,0.7773,0.9,51.7779,6.6483,6727904.7504
688008.SH,2023-11-15,59.87,61.39,59.6,59.99,59.12,0.87,1.4716,177820.69,1076886.963,1.5626,1.89,52.5398,6.7462,6826911.4678
688008.SH,2023-11-16,59.9,60.41,58.77,59.6,59.99,-0.39,-0.6501,97546.67,580299.351,0.8572,0.88,52.1983,6.7023,6782529.1462
688008.SH,2023-11-17,59.38,60.79,59.37,59.91,59.6,0.31,0.5201,81580.72,489049.78,0.7169,0.73,52.4698,6.7372,6817807.4018
688008.SH,2023-11-20,60.45,60.45,57.8,57.97,59.91,-1.94,-3.2382,130976.78,766535.148,1.1509,1.17,50.7707,6.519,6597033.8021
688008.SH,2023-11-21,57.81,59.49,57.8,58.9,57.97,0.93,1.6043,109951.43,646149.825,0.9662,0.95,51.5852,6.6236,6702868.5689
688008.SH,2023-11-22,58.53,59.2,58.14,58.47,58.9,-0.43,-0.7301,58854.11,345319.41,0.5172,0.49,51.2086,6.5752,6653934.2144
688008.SH,2023-11-23,58.28,58.84,57.7,58.46,58.47,-0.01,-0.0171,72014.18,419335.382,0.6328,0.75,51.1999,6.5741,6652796.2061
688008.SH,2023-11-24,58.3,58.89,57.0,57.65,58.46,-0.81,-1.3856,70894.24,407947.911,0.623,0.78,50.4904,6.483,6560617.5382
688008.SH,2023-11-27,57.33,58.2,57.16,57.88,57.65,0.23,0.399,79053.17,456423.921,0.6947,0.89,50.6919,6.5089,6586791.7278
688008.SH,2023-11-28,58.0,58.5,57.3,57.76,57.88,-0.12,-0.2073,57961.54,335643.294,0.5093,0.74,50.5868,6.4954,6573135.6289
688008.SH,2023-11-29,58.23,58.49,57.36,58.01,57.76,0.25,0.4328,61446.79,355735.564,0.54,0.91,50.8057,6.5235,6601585.835
688008.SH,2023-11-30,57.97,59.05,57.38,58.98,58.01,0.97,1.6721,67207.7,392031.301,0.5906,0.98,51.6553,6.6326,6711972.6349
688008.SH,2023-12-01,58.8,60.5,57.69,60.09,58.98,1.11,1.882,76161.17,449321.02,0.6692,1.13,52.6274,6.7574,6838291.5502
688008.SH,2023-12-04,60.18,61.46,59.5,59.56,60.09,-0.53,-0.882,69166.67,418117.237,0.6078,1.01,52.1632,6.6978,6777977.1132
688008.SH,2023-12-05,59.36,59.88,57.77,57.82,59.56,-1.74,-2.9214,72519.82,425241.855,0.6373,1.09,50.6393,6.5021,6579963.6784
688008.SH,2023-12-06,57.95,58.48,57.57,58.05,57.82,0.23,0.3978,61087.45,355275.964,0.5368,0.88,50.8408,6.528,6606137.868
688008.SH,2023-12-07,58.12,58.2,56.42,56.9,58.05,-1.15,-1.9811,76502.38,436070.963,0.6722,1.11,49.8336,6.3987,6475266.9197
688008.SH,2023-12-08,57.12,57.5,55.85,57.5,56.9,0.6,1.0545,144268.13,817934.351,1.2677,2.03,50.3591,6.4662,6543547.4145
688008.SH,2023-12-11,57.0,60.5,56.51,59.99,57.5,2.49,4.3304,122210.1,716002.664,1.0739,1.44,52.5398,6.7462,6826911.4678
688008.SH,2023-12-12,59.99,60.72,59.62,60.53,59.99,0.54,0.9002,97812.32,589082.423,0.8595,1.03,53.0128,6.8069,6888363.913
688008.SH,2023-12-13,60.4,61.26,60.06,60.15,60.53,-0.38,-0.6278,57349.11,347752.307,0.5039,0.57,52.68,6.7642,6845119.5997
688008.SH,2023-12-14,60.97,62.92,60.6,61.59,60.15,1.44,2.394,119957.13,740360.504,1.0541,1.2,53.9411,6.9261,7008992.7871
688008.SH,2023-12-15,62.08,62.3,59.49,60.38,61.59,-1.21,-1.9646,93322.26,562777.076,0.82,0.86,52.8814,6.79,6871293.7893
688008.SH,2023-12-18,59.6,60.25,58.99,59.5,60.38,-0.88,-1.4574,66657.22,396599.368,0.5857,0.68,52.1107,6.6911,6771149.0637
688008.SH,2023-12-19,59.4,60.55,59.16,59.79,59.5,0.29,0.4874,54879.48,328479.345,0.4822,0.63,52.3647,6.7237,6804151.3028
688008.SH,2023-12-20,59.7,60.24,58.7,59.0,59.79,-0.79,-1.3213,59420.43,352843.977,0.5221,0.76,51.6728,6.6348,6714248.6514
688008.SH,2023-12-21,58.5,60.76,58.06,60.11,59.0,1.11,1.8814,81612.33,488529.557,0.7172,1.04,52.6449,6.7597,6840567.5667
688008.SH,2023-12-22,60.89,61.15,57.9,58.85,60.11,-1.26,-2.0962,80550.01,475352.73,0.7078,1.13,51.5414,6.618,6697178.5277
688008.SH,2023-12-25,58.51,58.69,56.02,56.9,58.85,-1.95,-3.3135,124136.09,703836.215,1.0908,1.81,49.8336,6.3987,6475266.9197
688008.SH,2023-12-26,56.83,56.99,54.76,55.43,56.9,-1.47,-2.5835,85618.85,476198.255,0.7524,1.07,48.5461,6.2334,6307979.7076
688008.SH,2023-12-27,55.71,58.48,55.71,57.64,55.43,2.21,3.987,102059.85,587020.748,0.8968,1.18,50.5142,6.4861,6563699.0085
688008.SH,2023-12-28,57.42,57.92,56.77,57.33,57.64,-0.31,-0.5378,111938.15,641708.235,0.9836,1.18,50.2425,6.4512,6528398.0596
688008.SH,2023-12-29,57.59,59.59,57.14,58.76,57.33,1.43,2.4943,106214.46,623522.17,0.9327,1.05,51.4957,6.6002,6691237.9205
688008.SH,2024-01-02,58.8,58.81,57.5,57.62,58.76,-1.14,-1.9401,57424.23,332412.514,0.5043,0.54,50.4966,6.4721,6561421.5279
688008.SH,2024-01-03,57.39,58.0,55.81,56.56,57.62,-1.06,-1.8396,73931.42,420742.687,0.6492,0.8,49.5677,6.353,6440715.0576
688008.SH,2024-01-04,56.5,57.05,55.5,55.89,56.56,-0.67,-1.1846,72072.82,403959.707,0.6329,0.8,48.9805,6.2778,6364419.4585
688008.SH,2024-01-05,56.0,56.7,55.22,55.66,55.89,-0.23,-0.4115,65363.37,366165.293,0.574,0.78,48.7789,6.252,6338228.4319
688008.SH,2024-01-08,55.3,56.39,54.33,54.6,55.66,-1.06,-1.9044,89019.05,489230.249,0.7817,1.19,47.85,6.1329,6217521.9616
688008.SH,2024-01-09,55.0,57.15,55.0,56.55,54.6,1.95,3.5714,105166.99,594171.439,0.9235,1.47,49.5589,6.3519,6439576.3173
688008.SH,2024-01-10,56.06,56.66,54.33,54.94,56.55,-1.61,-2.847,70077.49,387947.076,0.6154,0.86,48.148,6.1711,6256239.1313
688008.SH,2024-01-11,55.0,57.2,54.54,56.98,54.94,2.04,3.7131,79789.25,447841.714,0.7007,0.99,49.9358,6.4002,6488542.1496
688008.SH,2024-01-12,56.6,57.47,55.5,55.59,56.98,-1.39,-2.4395,48826.05,274675.412,0.4288,0.6,48.7176,6.2441,6330257.2499
688008.SH,2024-01-15,54.8,57.1,54.11,54.4,55.59,-1.19,-2.1407,110039.74,612026.887,0.9663,1.4,47.6747,6.1104,6194747.1558
688008.SH,2024-01-16,54.37,54.49,52.82,53.68,54.4,-0.72,-1.3235,91533.52,489938.525,0.8038,1.11,47.0437,6.0296,6112757.8552
688008.SH,2024-01-17,53.7,53.87,52.43,52.59,53.68,-1.09,-2.0306,69045.87,367207.21,0.6063,0.86,46.0885,5.9071,5988635.1641
688008.SH,2024-01-18,52.0,54.17,51.03,54.05,52.59,1.46,2.7762,112240.66,586953.428,0.9857,1.41,47.368,6.0711,6154891.2458
688008.SH,2024-01-19,54.0,55.5,53.66,55.13,54.05,1.08,1.9981,93445.51,511786.507,0.8206,1.08,48.3145,6.1924,6277875.1967
688008.SH,2024-01-22,55.15,55.48,53.11,54.09,55.13,-1.04,-1.8865,103934.28,567719.653,0.9127,1.09,47.403,6.0756,6159446.207
688008.SH,2024-01-23,53.39,54.51,52.39,54.16,54.09,0.07,0.1294,99038.75,532825.23,0.8697,1.05,47.4644,6.0835,6167417.389
688008.SH,2024-01-24,54.33,54.5,50.1,51.97,54.16,-2.19,-4.0436,132364.34,684736.426,1.1624,1.39,45.5451,5.8375,5918033.2663
688008.SH,2024-01-25,51.75,52.24,50.57,51.67,51.97,-0.3,-0.5773,148896.23,763929.795,1.3076,1.38,45.2822,5.8038,5883871.0578
688008.SH,2024-01-26,51.0,51.0,48.51,49.8,51.67,-1.87,-3.6191,137428.04,685099.9,1.2068,1.19,43.6434,5.5937,5670926.6243
688008.SH,2024-01-29,50.28,51.49,48.13,48.63,49.8,-1.17,-2.3494,142389.46,699715.216,1.2504,1.15,42.618,5.4623,5537694.0108
688008.SH,2024-01-30,48.48,49.43,47.2,47.44,48.63,-1.19,-2.447,121560.46,585910.37,1.0675,0.92,41.5752,5.3287,5402183.9168
688008.SH,2024-01-31,47.6,47.67,45.16,45.2,47.44,-2.24,-4.7218,159351.42,731414.062,1.3994,1.17,39.6121,5.077,5147106.0927
688008.SH,2024-02-01,45.24,47.29,44.85,46.77,45.2,1.57,3.4735,123369.49,572810.839,1.0834,0.87,40.988,5.2534,5325888.3176
688008.SH,2024-02-02,46.78,47.2,43.41,44.8,46.77,-1.97,-4.2121,139054.96,626435.304,1.2211,1.02,39.2615,5.0321,5101556.4813
688008.SH,2024-02-05,44.93,45.41,42.6,44.59,44.8,-0.21,-0.4688,167149.38,737667.794,1.4678,1.22,39.1709,5.0205,5089775.1608
688008.SH,2024-02-06,45.2,47.94,43.77,47.71,44.59,3.12,6.9971,139621.6,647061.204,1.2261,0.98,41.9117,5.3718,5445911.0321
688008.SH,2024-02-07,47.85,49.17,47.07,48.7,47.71,0.99,2.075,130452.24,631641.393,1.1429,0.9,42.7814,5.4484,5558915.6836
688008.SH,2024-02-08,49.25,50.25,48.8,49.9,48.7,1.2,2.4641,127587.9,632719.633,1.1178,0.91,43.8355,5.5827,5695891.0187
688008.SH,2024-02-19,51.19,52.23,50.06,51.95,49.9,2.05,4.1082,147260.67,756500.613,1.2901,1.05,45.6364,5.812,5929890.5496
688008.SH,2024-02-20,51.5,52.4,50.7,51.65,51.95,-0.3,-0.5775,98538.81,506310.523,0.8633,0.69,45.3728,5.7785,5895646.7158
688008.SH,2024-02-21,51.02,51.79,50.67,50.79,51.65,-0.86,-1.6651,100188.66,512841.259,0.8777,0.78,44.6174,5.6823,5797481.059
688008.SH,2024-02-22,51.1,51.78,51.0,51.35,50.79,0.56,1.1026,96024.93,493355.635,0.8412,0.79,45.1093,5.7449,5861402.882
688008.SH,2024-02-23,51.9,52.22,50.4,51.61,51.35,0.26,0.5063,106598.33,544857.503,0.9339,0.94,45.3377,5.774,5891080.8713
688008.SH,2024-02-26,51.48,52.97,51.06,52.2,51.61,0.59,1.1432,106375.61,554370.54,0.9319,0.97,45.856,5.84,5958427.0777
688008.SH,2024-02-27,51.71,53.68,51.42,53.41,52.2,1.21,2.318,117944.61,620761.168,1.0333,1.16,46.9189,5.9754,6096543.874
688008.SH,2024-02-28,53.44,54.26,50.76,50.77,53.41,-2.64,-4.9429,132445.67,694023.676,1.1603,1.26,44.5998,5.68,5795198.1367
688008.SH,2024-02-29,50.71,52.73,50.43,52.2,50.77,1.43,2.8166,162924.77,846061.774,1.4273,1.46,45.856,5.84,5958427.0777
688008.SH,2024-03-01,52.49,53.48,51.95,53.17,52.2,0.97,1.8582,138129.35,729713.97,1.2101,1.1,46.7081,5.9485,6069148.8069
688008.SH,2024-03-04,54.3,55.42,53.44,54.85,53.17,1.68,3.1597,168061.72,916415.089,1.4723,1.28,48.1839,6.1365,6260914.2761
688008.SH,2024-03-05,54.5,55.27,54.12,54.47,54.85,-0.38,-0.6928,145782.88,797410.857,1.2772,1.01,47.8501,6.094,6217538.7533
688008.SH,2024-03-06,54.47,54.7,52.38,52.68,54.47,-1.79,-3.2862,131260.07,696317.349,1.1499,0.88,46.2777,5.8937,6013217.2118
688008.SH,2024-03-07,53.25,53.28,50.6,51.3,52.68,-1.38,-2.6196,146519.54,756372.316,1.2836,0.98,45.0654,5.7393,5855695.5764
688008.SH,2024-03-08,51.48,53.2,50.8,52.36,51.3,1.06,2.0663,129080.65,672521.002,1.1308,0.88,45.9965,5.8579,5976690.4557
688008.SH,2024-03-11,51.58,52.18,50.58,52.07,52.36,-0.29,-0.5539,130576.43,673056.432,1.1439,0.91,45.7418,5.8255,5943588.0831
688008.SH,2024-03-12,52.04,54.26,52.04,52.98,52.07,0.91,1.7476,153641.08,815945.261,1.346,1.12,46.5412,5.9273,6047461.0455
688008.SH,2024-03-13,53.4,54.14,52.75,52.92,52.98,-0.06,-0.1133,107704.9,574893.069,0.9436,0.78,46.4885,5.9206,6040612.2788
688008.SH,2024-03-14,52.6,52.88,50.9,51.8,52.92,-1.12,-2.1164,127040.92,654987.551,1.113,0.95,45.5046,5.7953,5912768.6327
688008.SH,2024-03-15,51.7,52.45,50.9,52.4,51.8,0.6,1.1583,122619.26,632700.612,1.0742,0.95,46.0317,5.8624,5981256.3002
688008.SH,2024-03-18,52.4,53.16,51.6,52.7,52.4,0.3,0.5725,183658.66,959820.701,1.609,1.43,46.2952,5.896,6015500.134
688008.SH,2024-03-19,52.61,52.66,48.32,48.8,52.7,-3.9,-7.4004,369256.59,1851035.08,3.2349,2.66,42.8692,5.4596,5570330.2949
688008.SH,2024-03-20,48.85,49.65,47.0,47.63,48.8,-1.17,-2.3975,303733.44,1455361.279,2.6609,1.67,41.8414,5.3287,5436779.3431
688008.SH,2024-03-21,49.4,51.2,49.0,49.67,47.63,2.04,4.283,357883.76,1798624.435,3.1353,1.62,43.6335,5.557,5669637.4128
688008.SH,2024-03-22,50.18,52.17,48.98,49.29,49.67,-0.38,-0.765,319081.79,1611463.782,2.7954,1.19,43.2997,5.5145,5626261.8901
688008.SH,2024-03-25,48.88,49.35,47.55,47.95,49.29,-1.34,-2.7186,172359.01,833788.25,1.51,0.56,42.1225,5.3645,5473306.0992
688008.SH,2024-03-26,48.62,49.58,46.83,47.04,47.95,-0.91,-1.8978,193447.9,925805.456,1.6947,0.64,41.3231,5.2627,5369433.1367
688008.SH,2024-03-27,46.28,46.78,45.27,45.3,47.04,-1.74,-3.699,149394.74,684678.278,1.3088,0.55,39.7946,5.0681,5170818.9008
688008.SH,2024-03-28,45.47,47.2,44.87,46.46,45.3,1.16,2.5607,155725.42,719923.219,1.3643,0.65,40.8136,5.1978,5303228.3914
688008.SH,2024-03-29,46.33,46.33,45.05,45.95,46.46,-0.51,-1.0977,108425.64,494207.382,0.9499,0.55,40.3656,5.1408,5245013.874
688008.SH,2024-04-01,45.72,46.75,45.34,45.8,45.95,-0.15,-0.3264,152413.3,700572.293,1.3352,0.98,40.2338,5.124,5227891.9571
688008.SH,2024-04-02,46.33,46.52,45.52,45.75,45.8,-0.05,-0.1092,137614.42,634631.944,1.2056,0.91,40.1899,5.1184,5222184.6515
688008.SH,2024-04-03,45.64,46.38,44.71,45.27,45.75,-0.48,-1.0492,160598.27,729421.811,1.407,1.14,39.7682,5.0647,5167394.5174
688008.SH,2024-04-08,45.34,45.6,43.8,43.9,45.27,-1.37,-3.0263,160400.36,709156.17,1.4052,1.12,38.5647,4.9114,5011014.3431
688008.SH,2024-04-09,44.2,44.49,43.58,44.25,43.9,0.35,0.7973,107039.72,471832.604,0.9377,0.74,38.8722,4.9506,5050965.4826
688008.SH,2024-04-10,44.65,44.65,42.2,43.15,44.25,-1.1,-2.4859,205266.88,880446.528,1.7983,1.43,109.2326,4.8024,4925404.7587
688008.SH,2024-04-11,45.79,49.0,45.5,47.15,43.15,4.0,9.27,517778.67,2451288.781,4.5361,3.36,119.3584,5.2476,5381989.2091
688008.SH,2024-04-12,47.15,48.88,46.85,47.94,47.15,0.79,1.6755,312129.02,1502568.573,2.7345,1.36,121.3583,5.3355,5472164.638
688008.SH,2024-04-15,48.06,49.85,48.06,49.05,47.94,1.11,2.3154,271047.42,1332454.527,2.3746,1.04,124.1682,5.459,5598866.823
688008.SH,2024-04-16,48.79,48.96,47.62,47.78,49.05,-1.27,-2.5892,197135.36,950999.727,1.727,0.7,120.9533,5.3177,5453901.26
688008.SH,2024-04-17,48.5,49.57,48.21,49.5,47.78,1.72,3.5998,271785.37,1330266.363,2.381,0.9,125.3074,5.5091,5650232.5737
688008.SH,2024-04-18,48.6,48.88,47.51,47.64,49.5,-1.86,-3.7576,250551.98,1207665.808,2.195,0.8,120.5989,5.3021,5437920.8043
688008.SH,2024-04-19,47.03,47.18,45.37,45.9,47.64,-1.74,-3.6524,244089.87,1126252.873,2.1384,0.94,116.1941,5.1084,5239306.5683
688008.SH,2024-04-22,44.94,47.18,44.03,46.73,45.9,0.83,1.8083,182393.9,839005.783,1.5979,0.74,118.2952,5.2008,5334047.8418
688008.SH,2024-04-23,47.0,48.09,45.98,46.17,46.73,-0.56,-1.1984,158345.33,741042.496,1.3872,0.69,116.8776,5.1385,5270126.0187
688008.SH,2024-04-24,46.5,47.19,45.99,47.09,46.17,0.92,1.9926,145580.33,681763.101,1.2754,0.66,119.2066,5.2409,5375140.4423
688008.SH,2024-04-25,46.87,48.96,46.53,48.3,47.09,1.21,2.5695,195560.76,938273.392,1.7132,1.0,122.2696,5.3756,5513257.2386
688008.SH,2024-04-26,49.7,51.29,49.0,50.77,48.3,2.47,5.1139,341924.43,1722194.61,2.9955,1.85,128.5223,5.682,5795198.1367
688008.SH,2024-04-29,50.7,51.68,50.09,51.33,50.77,0.56,1.103,289937.31,1478857.848,2.5401,1.42,129.94,5.7447,5859119.9598
688008.SH,2024-04-30,50.5,51.8,50.5,50.91,51.33,-0.42,-0.8182,169939.42,867802.929,1.4888,0.75,128.8767,5.6977,5811178.5925
688008.SH,2024-05-06,51.97,52.4,50.58,51.05,50.91,0.14,0.275,213623.91,1095559.089,1.8715,0.93,129.2311,5.7133,5827159.0482
688008.SH,2024-05-07,51.32,51.45,50.27,50.54,51.05,-0.51,-0.999,161586.84,820881.649,1.4156,0.67,127.9401,5.6562,5768944.5308
688008.SH,2024-05-08,50.44,51.25,49.51,50.87,50.54,0.33,0.6529,173257.94,876146.108,1.5179,0.74,128.7755,5.6932,5806612.748
688008.SH,2024-05-09,50.7,51.37,50.11,51.06,50.87,0.19,0.3735,208649.66,1058254.487,1.8279,1.03,129.2565,5.7144,5828300.5094
688008.SH,2024-05-10,50.95,51.0,50.13,50.87,51.06,-0.19,-0.3721,143102.33,722689.574,1.2537,0.77,128.7755,5.6932,5806612.748
688008.SH,2024-05-13,50.0,51.9,49.37,50.86,50.87,-0.01,-0.0197,177630.31,903616.451,1.5562,0.99,128.7502,5.6921,5805471.2868
688008.SH,2024-05-14,51.18,51.4,50.17,50.52,50.86,-0.34,-0.6685,133979.67,679354.904,1.1738,0.78,127.8895,5.654,5766661.6086
688008.SH,2024-05-15,50.07,51.16,49.63,49.68,50.52,-0.84,-1.6627,126360.05,634937.125,1.107,0.76,125.763,5.56,5670778.874
688008.SH,2024-05-16,50.1,50.2,49.07,49.21,49.68,-0.47,-0.9461,128437.19,634589.97,1.1252,0.81,124.5733,5.5074,5617130.201
688008.SH,2024-05-17,49.0,49.59,48.29,49.46,49.21,0.25,0.508,123316.14,602706.517,1.0803,0.87,125.2061,5.5354,5645666.7292
688008.SH,2024-05-20,49.36,50.34,49.23,50.13,49.46,0.67,1.3546,163558.5,813776.154,1.4329,1.19,126.9022,5.6104,5722144.6246
688008.SH,2024-05-21,50.06,50.97,49.75,49.9,50.13,-0.23,-0.4588,105329.23,529539.652,0.9228,0.78,126.32,5.5846,5695891.0187
688008.SH,2024-05-22,49.91,51.46,49.83,51.27,49.9,1.37,2.7455,168181.08,852755.454,1.4734,1.3,129.7881,5.7379,5852271.193
688008.SH,2024-05-23,51.5,51.76,50.54,50.8,51.27,-0.47,-0.9167,145934.55,745202.375,1.2785,1.06,128.5983,5.6853,5798622.5201
688008.SH,2024-05-24,50.75,51.42,49.7,49.75,50.8,-1.05,-2.0669,126812.07,639997.46,1.111,0.9,125.9402,5.5678,5678769.1019
688008.SH,2024-05-27,49.6,52.87,49.33,52.62,49.75,2.87,5.7688,239487.28,1232531.414,2.0981,1.69,133.2055,5.889,6006368.445
688008.SH,2024-05-28,52.3,53.75,52.12,52.56,52.62,-0.06,-0.114,208361.5,1102942.495,1.8254,1.33,133.0537,5.8823,5999519.6783
688008.SH,2024-05-29,53.0,53.28,52.32,52.79,52.56,0.23,0.4376,133709.58,706417.699,1.1714,0.75,133.6359,5.9081,6025773.2842
688008.SH,2024-05-30,52.58,53.79,52.42,52.85,52.79,0.06,0.1137,173991.16,923877.544,1.5243,1.02,133.7878,5.9148,6032622.0509
688008.SH,2024-05-31,53.07,53.7,52.53,53.0,52.85,0.15,0.2838,156149.12,830012.351,1.368,0.88,134.1675,5.9316,6049743.9678
688008.SH,2024-06-03,53.76,55.55,53.4,54.37,53.0,1.37,2.5849,231275.77,1261549.669,2.0261,1.27,137.6356,6.0849,6206124.1421
688008.SH,2024-06-04,54.0,54.44,52.9,53.63,54.37,-0.74,-1.361,146924.19,786508.153,1.2872,0.81,135.7623,6.0021,6121656.0187
688008.SH,2024-06-05,53.16,53.89,52.06,52.07,53.63,-1.56,-2.9088,198488.76,1048115.8,1.7389,1.18,131.8132,5.8275,5943588.0831
688008.SH,2024-06-06,52.2,52.7,51.13,51.21,51.77,-0.56,-1.0817,208636.28,1079390.963,1.8278,1.15,129.6362,5.9278,5845422.4262
688008.SH,2024-06-07,51.55,52.09,49.86,50.6,51.21,-0.61,-1.1912,189762.6,963516.942,1.6625,1.01,128.092,5.8572,5775793.2976
688008.SH,2024-06-11,49.56,51.33,49.3,51.11,50.6,0.51,1.0079,234772.08,1182346.281,2.0568,1.2,129.383,5.9162,5834007.815
688008.SH,2024-06-12,51.54,52.49,51.32,51.6,51.11,0.49,0.9587,201319.02,1044958.269,1.7637,1.03,130.6234,5.9729,5889939.4102
688008.SH,2024-06-13,52.23,53.32,51.5,52.7,51.6,1.1,2.1318,198677.53,1046171.822,1.7406,0.96,133.4081,6.1003,6015500.134
688008.SH,2024-06-14,52.5,53.15,51.6,53.0,52.7,0.3,0.5693,173711.08,910349.196,1.5218,0.84,134.1675,6.135,6049743.9678
688008.SH,2024-06-17,52.29,54.88,52.28,53.83,53.0,0.83,1.566,217836.77,1175214.311,1.9084,1.09,136.2686,6.2311,6144485.2413
688008.SH,2024-06-18,54.14,54.94,53.76,54.38,53.83,0.55,1.0217,166633.02,905904.507,1.4598,0.81,137.6609,6.2947,6207265.6032
688008.SH,2024-06-19,54.74,55.69,53.91,55.17,54.38,0.79,1.4527,189238.98,1037912.518,1.6579,0.99,139.6608,6.3862,6297441.0321
688008.SH,2024-06-20,54.84,57.52,54.78,56.08,55.17,0.91,1.6494,235907.13,1325706.744,2.0667,1.25,141.9644,6.4915,6401313.9946
688008.SH,2024-06-21,55.35,57.11,54.9,56.81,56.08,0.73,1.3017,176435.44,992592.468,1.5457,0.9,143.8124,6.576,6484640.6568
688008.SH,2024-06-24,56.5,59.35,56.21,57.13,56.81,0.32,0.5633,272655.98,1581796.368,2.3887,1.38,144.6224,6.613,6521167.4128
688008.SH,2024-06-25,56.7,56.9,54.01,54.96,57.13,-2.17,-3.7984,267717.52,1474026.657,2.3454,1.29,139.1292,6.3619,6273470.3485
688008.SH,2024-06-26,55.38,56.43,54.01,56.3,54.96,1.34,2.4381,182052.65,1007046.022,1.5949,0.8,142.5213,6.517,6426426.1394
688008.SH,2024-06-27,55.7,57.56,55.58,56.05,56.3,-0.25,-0.444,150235.06,847297.753,1.3162,0.66,141.8885,6.488,6397889.6112
688008.SH,2024-06-28,55.6,57.65,55.27,57.16,56.05,1.11,1.9804,174742.06,996355.703,1.5309,0.83,144.6984,6.6165,6524591.7962
688008.SH,2024-07-01,57.4,57.66,54.92,56.48,57.16,-0.68,-1.1896,158328.64,892536.014,1.3871,0.76,142.977,6.5378,6446972.4396
688008.SH,2024-07-02,56.31,56.8,55.43,55.55,56.48,-0.93,-1.6466,102414.41,573420.633,0.8972,0.55,140.6227,6.4302,6340816.5549
688008.SH,2024-07-03,55.89,56.76,55.3,56.06,55.55,0.51,0.9181,119828.65,673049.66,1.0498,0.78,141.9138,6.4892,6399031.0724
688008.SH,2024-07-04,56.06,56.77,55.55,56.06,56.06,0.0,0.0,101865.39,571104.409,0.8924,0.72,141.9138,6.4892,6399031.0724
688008.SH,2024-07-05,55.6,57.81,54.9,57.31,56.06,1.25,2.2298,159997.33,902496.174,1.4017,1.22,145.0781,6.6339,6541713.7131
688008.SH,2024-07-08,60.5,60.97,59.01,59.53,57.31,2.22,3.8737,342565.34,2049940.68,3.0011,2.67,150.6979,6.8909,6795118.0831
688008.SH,2024-07-09,59.4,60.75,59.2,59.78,59.53,0.25,0.42,297622.7,1787789.033,2.6074,1.8,151.3308,6.9198,6823654.6112
688008.SH,2024-07-10,59.7,61.55,59.48,60.6,59.78,0.82,1.3717,227414.49,1375956.97,1.9923,1.11,153.4066,7.0147,6917254.4236
688008.SH,2024-07-11,61.5,62.58,60.4,62.22,60.6,1.62,2.6733,230792.81,1424509.202,2.0219,1.02,157.5076,7.2022,7102171.126
688008.SH,2024-07-12,61.48,64.04,61.0,63.66,62.22,1.44,2.3144,239745.12,1510747.817,2.1003,0.95,161.1529,7.3689,7266541.5281
688008.SH,2024-07-15,64.1,66.88,63.82,64.3,63.66,0.64,1.0053,259814.23,1687485.4,2.2762,0.97,162.773,7.443,7339595.0402
688008.SH,2024-07-16,64.1,65.39,64.06,65.03,64.3,0.73,1.1353,208944.1,1356222.186,1.8305,0.83,164.621,7.5275,7422921.7024
688008.SH,2024-07-17,65.25,65.5,63.2,63.21,65.03,-1.82,-2.7987,224668.06,1442576.455,1.9682,0.96,160.0137,7.3168,7215175.7774
688008.SH,2024-07-18,62.45,63.83,61.62,63.0,63.21,-0.21,-0.3322,232110.95,1455709.978,2.0335,1.0,159.4821,7.2925,7191205.0938
688008.SH,2024-07-19,63.01,64.25,62.79,63.01,63.0,0.01,0.0159,238248.77,1511708.946,2.0872,1.02,159.5074,7.2937,7192346.5549
688008.SH,2024-07-22,63.28,64.65,62.76,63.93,63.01,0.92,1.4601,226816.01,1443051.008,1.9871,0.97,161.8364,7.4002,7297360.9785
688008.SH,2024-07-23,62.8,62.82,58.63,58.8,63.93,-5.13,-8.0244,379829.71,2287053.262,3.3276,1.68,148.85,6.8064,6711791.4209
688008.SH,2024-07-24,59.65,60.27,58.82,58.98,58.8,0.18,0.3061,216686.95,1290508.301,1.8983,0.83,149.3056,6.8272,6732337.7211
688008.SH,2024-07-25,58.5,59.0,57.38,58.2,58.98,-0.78,-1.3225,155557.15,905251.649,1.3628,0.6,147.4701,6.7433,6649569.4722
688008.SH,2024-07-26,58.34,58.65,56.88,58.23,58.2,0.03,0.0515,140569.33,813249.371,1.2315,0.58,147.5461,6.7467,6652997.0853
688008.SH,2024-07-29,58.11,59.1,57.96,58.0,58.23,-0.23,-0.395,118328.85,692289.802,1.0357,0.53,146.9633,6.7059,6626718.718
688008.SH,2024-07-30,57.85,58.62,57.3,58.47,58.0,0.47,0.8103,127692.37,742124.605,1.1176,0.63,148.1542,6.7602,6680417.9904
688008.SH,2024-07-31,58.0,60.25,57.95,59.6,58.47,1.13,1.9326,207452.12,1232298.684,1.8157,1.37,151.0174,6.8909,6809524.7516
688008.SH,2024-08-01,60.1,60.32,59.25,59.26,59.6,-0.34,-0.5705,166800.18,996158.724,1.4599,1.11,150.1559,6.8516,6770678.4695
688008.SH,2024-08-02,58.33,58.46,56.51,56.6,59.26,-2.66,-4.4887,224724.64,1287598.888,1.9669,1.48,143.4159,6.544,6466763.4386
688008.SH,2024-08-05,55.8,56.19,53.02,53.2,56.6,-3.4,-6.0071,248595.95,1355143.239,2.1758,1.47,134.8008,6.1509,6078300.6172
688008.SH,2024-08-06,54.4,54.64,52.6,53.17,53.2,-0.03,-0.0564,190137.91,1013559.265,1.6642,0.97,134.7248,6.1474,6074873.0041
688008.SH,2024-08-07,53.08,53.66,52.69,52.86,53.17,-0.31,-0.583,129328.85,686794.771,1.1319,0.62,133.9393,6.1116,6039454.3351
688008.SH,2024-08-08,52.6,53.79,51.89,53.24,52.86,0.38,0.7189,150256.22,794743.886,1.3151,0.78,134.9022,6.1555,6082870.768
688008.SH,2024-08-09,54.0,54.35,53.0,53.0,53.24,-0.24,-0.4508,114585.32,614385.098,1.0029,0.61,134.294,6.1278,6055449.863
688008.SH,2024-08-12,53.02,54.17,52.72,53.8,53.0,0.8,1.5094,103742.99,556119.139,0.908,0.62,136.3211,6.2203,6146852.8798
688008.SH,2024-08-13,54.05,54.9,53.71,54.86,53.8,1.06,1.9703,113020.31,614330.869,0.9892,0.82,139.007,6.3428,6267961.8771
688008.SH,2024-08-14,54.99,54.99,53.73,53.75,54.86,-1.11,-2.0233,92023.86,498803.256,0.8054,0.75,136.1944,6.2145,6141140.1913
688008.SH,2024-08-15,53.55,54.8,53.3,54.1,53.75,0.35,0.6512,105282.01,570762.494,0.9215,0.92,137.0813,6.255,6181129.0111
688008.SH,2024-08-16,54.2,54.68,53.38,53.85,54.1,-0.25,-0.4621,74379.73,402651.918,0.651,0.7,136.4478,6.2261,6152565.5684
688008.SH,2024-08-19,53.88,56.06,53.7,55.31,53.85,1.46,2.7112,155558.27,859334.193,1.3615,1.59,140.1472,6.3949,6319376.074
688008.SH,2024-08-20,55.52,56.3,54.86,55.06,55.31,-0.25,-0.452,113895.01,631241.953,0.9969,1.05,139.5138,6.366,6290812.6313
688008.SH,2024-08-21,54.68,56.08,54.68,54.83,55.06,-0.23,-0.4177,106545.95,590624.726,0.9325,0.98,138.931,6.3394,6264534.2639
688008.SH,2024-08-22,55.0,55.16,53.39,54.16,54.83,-0.67,-1.222,100418.65,543225.152,0.8789,0.9,137.2333,6.2619,6187984.2374
688008.SH,2024-08-23,54.01,54.45,53.2,54.0,54.16,-0.16,-0.2954,82887.47,445671.48,0.7255,0.75,136.8279,6.2434,6169703.634
688008.SH,2024-08-26,54.08,54.42,52.65,53.1,54.0,-0.9,-1.6667,97842.81,521937.687,0.8564,0.87,134.5474,6.1394,6066875.2401
688008.SH,2024-08-27,52.75,53.04,51.79,52.13,53.1,-0.97,-1.8267,92156.31,482625.216,0.8066,0.92,132.0896,5.8497,5956049.0822
688008.SH,2024-08-28,52.1,52.5,50.45,50.94,52.13,-1.19,-2.2828,115972.94,592457.727,1.015,1.21,129.0743,5.7162,5820087.0947
688008.SH,2024-08-29,50.47,51.93,49.95,51.35,50.94,0.41,0.8049,116405.03,594849.638,1.0188,1.19,130.1132,5.7622,5866931.1409
688008.SH,2024-08-30,51.17,53.4,51.1,52.63,51.35,1.28,2.4927,193922.49,1021897.235,1.6973,1.92,133.3565,5.9058,6013175.9677
688008.SH,2024-09-02,52.67,53.3,49.95,49.95,52.63,-2.68,-5.0922,155145.88,792289.786,1.3579,1.26,126.5658,5.6051,5706975.8615
688008.SH,2024-09-03,50.24,53.13,50.24,52.94,49.95,2.99,5.986,190389.12,995509.195,1.6664,1.41,134.142,5.9406,6048594.6367
688008.SH,2024-09-04,52.0,52.49,51.55,52.09,52.94,-0.85,-1.6056,91346.24,475413.995,0.7995,0.59,131.9882,5.8452,5951478.9314
688008.SH,2024-09-05,52.1,52.18,50.93,52.0,52.09,-0.09,-0.1728,97133.53,502207.966,0.8502,0.65,131.7602,5.8351,5941196.092
688008.SH,2024-09-06,52.05,52.86,51.73,51.74,52.0,-0.26,-0.5,79126.63,413424.609,0.6926,0.54,131.1014,5.8059,5911490.1115
688008.SH,2024-09-09,51.5,52.44,50.91,51.3,51.74,-0.44,-0.8504,74642.76,383818.927,0.6533,0.61,129.9865,5.7566,5861218.4523
688008.SH,2024-09-10,51.6,51.93,50.8,51.5,51.3,0.2,0.3899,77239.64,397118.305,0.676,0.73,130.4933,5.779,5884069.2065
688008.SH,2024-09-11,51.35,52.07,51.15,51.81,51.5,0.31,0.6019,59728.55,308661.213,0.5228,0.71,131.2788,5.8138,5919487.8755
688008.SH,2024-09-12,52.4,52.49,51.15,51.21,51.81,-0.6,-1.1581,74633.15,384817.381,0.6532,0.96,129.7584,5.7465,5850935.6129
688008.SH,2024-09-13,51.1,51.52,50.9,51.07,51.21,-0.14,-0.2734,78697.54,402402.135,0.6888,1.08,129.4037,5.7308,5834940.085
688008.SH,2024-09-18,50.95,50.99,48.36,49.3,51.07,-1.77,-3.4658,133695.62,659885.472,1.1702,1.83,124.9188,5.5321,5632710.9103
688008.SH,2024-09-19,49.54,49.98,48.9,48.96,49.3,-0.34,-0.6897,132189.55,651560.945,1.157,1.56,124.0573,5.494,5593864.6282
688008.SH,2024-09-20,49.18,50.18,48.86,49.59,48.96,0.63,1.2868,97574.02,482401.675,0.854,1.02,125.6536,5.5647,5665844.5039
688008.SH,2024-09-23,49.29,49.96,48.46,48.5,49.59,-1.09,-2.198,75881.99,372609.217,0.6642,0.73,122.8917,5.4424,5541307.8935
688008.SH,2024-09-24,48.97,50.25,47.7,50.03,48.5,1.53,3.1546,197543.86,972367.128,1.729,1.91,126.7685,5.6141,5716116.1631
688008.SH,2024-09-25,50.85,51.95,49.71,49.91,50.03,-0.12,-0.2399,241686.43,1229113.497,2.1153,1.9,126.4644,5.6006,5702405.7106
688008.SH,2024-09-26,50.15,52.38,49.59,52.28,49.91,2.37,4.7485,257477.96,1308172.593,2.2536,1.73,132.4697,5.8665,5973187.1479
688008.SH,2024-09-27,53.0,59.0,52.99,57.0,52.28,4.72,9.0283,239051.41,1325190.493,2.0923,1.37,144.4294,6.3962,6512464.947
688008.SH,2024-09-30,59.46,66.88,59.0,66.88,57.0,9.88,17.3333,638049.28,4016927.468,5.5845,3.15,169.4639,7.5049,7641292.2045
688008.SH,2024-10-08,80.26,80.26,74.27,80.26,66.88,13.38,20.006,957832.74,7577232.517,8.3834,3.04,203.3668,9.0063,9170007.6605
688008.SH,2024-10-09,76.0,87.09,74.21,78.41,80.26,-1.85,-2.305,1086052.38,8659907.405,9.5056,2.33,198.6792,8.7987,8958638.1841
688008.SH,2024-10-10,79.0,79.41,70.5,70.89,78.41,-7.52,-9.5906,647757.36,4753320.323,5.6695,1.02,179.6246,7.9548,8099449.8262
688008.SH,2024-10-11,68.5,69.74,64.81,65.52,70.89,-5.37,-7.5751,513001.71,3432955.183,4.49,0.72,166.0178,7.3522,7485907.0759
688008.SH,2024-10-14,65.68,67.34,63.16,66.93,65.52,1.41,2.152,583704.67,3825522.48,5.1088,0.76,169.5906,7.5105,7647004.893
688008.SH,2024-10-15,66.8,68.23,64.88,65.0,66.93,-1.93,-2.8836,496979.16,3313149.919,4.3498,0.66,164.7002,7.2939,7426495.115
688008.SH,2024-10-16,62.8,63.88,61.78,62.3,65.0,-2.7,-4.1538,441740.47,2767845.386,3.8663,0.66,157.8588,6.9909,7118009.9333
688008.SH,2024-10-17,63.6,64.2,61.2,61.34,62.3,-0.96,-1.5409,447124.85,2784590.256,3.9134,0.83,155.4263,6.8832,7008326.3131
688008.SH,2024-10-18,61.42,72.0,61.41,68.95,61.34,7.61,12.4063,820426.28,5434431.154,7.1807,1.65,174.7089,7.7371,7877797.5105
688008.SH,2024-10-21,71.08,76.18,69.0,69.93,68.95,0.98,1.4213,1002383.8,7236046.441,8.7733,1.8,177.1921,7.8471,7989766.206
688008.SH,2024-10-22,70.0,72.56,68.0,70.94,69.93,1.01,1.4443,546965.96,3845481.832,4.7873,0.85,179.7513,7.9604,8105162.5147
688008.SH,2024-10-23,69.8,70.3,68.28,68.65,70.94,-2.29,-3.2281,482764.95,3336992.39,4.2254,0.74,173.9488,7.7035,7843521.3792
688008.SH,2024-10-24,68.01,70.3,67.88,69.0,68.65,0.35,0.5098,377329.98,2608864.566,3.3026,0.57,174.8356,7.7428,7883510.199
688008.SH,2024-10-25,69.3,71.64,68.11,70.01,69.0,1.01,1.4638,440360.15,3066827.193,3.8542,0.68,177.3948,7.8561,7998906.5077
688008.SH,2024-10-28,69.41,69.85,68.61,69.09,70.01,-0.92,-1.3141,291646.87,2014244.535,2.5526,0.51,175.0637,7.7529,7893793.0384
688008.SH,2024-10-29,69.12,70.7,67.92,67.92,69.09,-1.17,-1.6934,425720.25,2947192.753,3.7261,1.0,172.0991,7.6216,7760116.1263
688008.SH,2024-10-30,67.5,69.85,67.3,69.08,67.92,1.16,1.7079,351618.16,2411563.908,3.0775,0.87,175.0383,7.7517,7892650.5007
688008.SH,2024-10-31,69.08,69.08,66.25,68.41,69.08,-0.67,-0.9699,566026.85,3842288.921,4.9541,1.5,173.3407,7.4407,7816100.4741
688008.SH,2024-11-01,67.4,68.07,64.54,64.55,68.41,-3.86,-5.6424,487306.13,3218330.503,4.2651,1.17,163.56,7.0209,7375080.9181
688008.SH,2024-11-04,64.88,66.3,64.57,66.05,64.55,1.5,2.3238,279933.01,1839286.204,2.4501,0.66,167.3608,7.184,7546461.5746
688008.SH,2024-11-05,66.0,69.37,65.23,69.0,66.05,2.95,4.4663,500795.55,3406555.237,4.3832,1.19,174.8356,7.5049,7883510.199
688008.SH,2024-11-06,70.1,70.15,68.0,68.4,69.0,-0.6,-0.8696,517622.1,3578212.359,4.5305,1.18,173.3153,7.4396,7814957.9364
688008.SH,2024-11-07,67.61,70.58,67.46,70.38,68.4,1.98,2.8947,449548.26,3121167.151,3.9346,0.96,178.3323,7.655,8041180.403
688008.SH,2024-11-08,72.28,74.25,70.3,70.63,70.38,0.25,0.3552,660839.34,4769993.466,5.784,1.48,178.9658,7.6822,8069743.8457
688008.SH,2024-11-11,72.0,78.16,71.0,78.11,70.63,7.48,10.5904,794879.66,5947635.583,6.9571,1.65,197.919,8.4957,8924362.0528
688008.SH,2024-11-12,78.9,79.3,73.7,74.4,78.11,-3.71,-4.7497,653968.18,4967452.664,5.7238,1.12,188.5184,8.0922,8500480.5624
688008.SH,2024-11-13,73.75,75.49,72.85,75.39,74.4,0.99,1.3306,433683.23,3206310.071,3.7958,0.7,191.0269,8.1999,8613591.7957
688008.SH,2024-11-14,74.99,75.7,71.55,71.7,75.39,-3.69,-4.8945,385429.79,2831929.742,3.3735,0.64,181.677,7.7985,8191995.3807
688008.SH,2024-11-15,71.62,72.3,68.5,68.73,71.7,-2.97,-4.1423,362912.1,2565298.847,3.1764,0.62,174.1515,7.4755,7852661.6808
688008.SH,2024-11-18,68.72,69.19,65.77,66.2,68.73,-2.53,-3.6811,362256.25,2435111.336,3.1706,0.69,167.7409,7.2003,7563599.6402
688008.SH,2024-11-19,66.77,68.55,65.51,68.16,66.2,1.96,2.9607,331096.59,2219437.232,2.8979,0.75,172.7072,7.4135,7787537.0314
688008.SH,2024-11-20,67.5,68.67,67.17,67.96,68.16,-0.2,-0.2934,251465.5,1706511.765,2.2009,0.67,172.2004,7.3918,7764686.2772
688008.SH,2024-11-21,67.8,68.85,66.84,67.6,67.96,-0.36,-0.5297,260358.58,1771095.193,2.2788,0.77,171.2882,7.3526,7723554.9196
688008.SH,2024-11-22,67.81,68.88,63.88,63.91,67.6,-3.69,-5.4586,347760.61,2304432.049,3.0438,1.11,161.9383,6.9513,7301958.5046
688008.SH,2024-11-25,63.6,64.3,62.0,63.63,63.91,-0.28,-0.4381,274235.29,1730585.599,2.4002,0.88,161.2289,6.9208,7269967.4487
688008.SH,2024-11-26,63.28,64.27,62.92,63.11,63.63,-0.52,-0.8172,163496.42,1038623.093,1.431,0.56,159.9113,6.8642,7210555.4878
688008.SH,2024-11-27,63.01,66.75,62.6,66.69,63.11,3.58,5.6726,368979.73,2406600.187,3.2295,1.42,168.9824,7.2536,7619583.988
688008.SH,2024-11-28,66.6,67.3,66.13,66.52,66.69,-0.17,-0.2549,247387.2,1648646.008,2.1652,0.87,168.5517,7.2351,7600160.8469
688008.SH,2024-11-29,66.29,68.5,65.42,67.38,66.52,0.86,1.2928,307097.32,2059568.385,2.6879,1.1,170.7308,7.3287,7698419.09
688008.SH,2024-12-02,68.64,69.97,68.05,69.13,67.38,1.75,2.5972,300298.65,2070585.348,2.6283,1.1,175.165,7.519,7898363.1892
688008.SH,2024-12-03,69.16,69.3,67.03,68.34,69.13,-0.79,-1.1428,246540.74,1676651.494,2.1578,0.89,173.1633,7.4331,7808102.7101
688008.SH,2024-12-04,69.32,69.88,67.74,67.83,68.34,-0.51,-0.7463,290377.22,2003007.727,2.5415,0.99,171.871,7.3776,7749833.2869
688008.SH,2024-12-05,67.1,68.78,67.0,68.3,67.83,0.47,0.6929,173649.77,1183224.86,1.5199,0.62,173.0619,7.4287,7803532.5593
688008.SH,2024-12-06,67.91,70.53,67.7,70.18,68.3,1.88,2.7526,276740.19,1923939.519,2.4222,1.05,177.8256,7.6332,8018329.6488
688008.SH,2024-12-09,70.0,70.38,68.3,68.82,70.18,-1.36,-1.9379,205848.26,1426373.731,1.8017,0.8,174.3795,7.4853,7862944.5202
688008.SH,2024-12-10,72.0,72.39,68.28,68.39,68.82,-0.43,-0.6248,299542.52,2097386.889,2.6217,1.26,173.29,7.4385,7813815.3987
688008.SH,2024-12-11,68.3,70.17,68.0,68.89,68.39,0.5,0.7311,240399.79,1662485.566,2.1041,0.96,174.5569,7.4929,7870942.2842
688008.SH,2024-12-12,68.89,69.22,67.51,68.7,68.89,-0.19,-0.2758,281355.21,1926897.39,2.4625,1.18,174.0755,7.4722,7849234.0677
688008.SH,2024-12-13,68.0,70.98,67.8,68.02,68.7,-0.68,-0.9898,676081.8,4719031.243,5.9174,2.59,172.3525,7.3983,7771541.5034
688008.SH,2024-12-16,69.63,71.51,68.38,68.95,68.02,0.93,1.3672,518668.64,3636136.591,4.5396,1.52,174.7089,7.4994,7877797.5105
688008.SH,2024-12-17,69.83,70.9,66.7,66.87,68.95,-2.08,-3.0167,314819.72,2141559.514,2.7554,0.78,169.4385,7.2732,7640149.6668
688008.SH,2024-12-18,67.21,69.53,66.56,68.8,66.87,1.93,2.8862,306451.81,2090618.164,2.6822,0.75,174.3289,7.4831,7860659.4448
688008.SH,2024-12-19,67.5,71.48,67.07,70.79,68.8,1.99,2.8924,411394.08,2871296.665,3.6007,0.98,179.3712,7.6996,8088024.4491
688008.SH,2024-12-20,70.0,73.57,69.89,72.52,70.79,1.73,2.4438,568323.3,4085360.133,4.9742,1.28,184.1169,7.9033,8302011.8078
688008.SH,2024-12-23,72.52,74.36,70.5,70.92,72.52,-1.6,-2.2063,456109.64,3293190.248,3.9921,1.08,180.0548,7.7289,8118845.5241
688008.SH,2024-12-24,71.01,72.25,69.88,72.18,70.92,1.26,1.7766,318052.93,2263278.716,2.7783,0.77,183.2537,7.8264,8263088.9725
688008.SH,2024-12-25,72.0,74.08,71.68,72.41,72.18,0.23,0.3186,376690.18,2742000.055,3.2905,0.91,183.8376,7.8514,8289419.1258
688008.SH,2024-12-26,72.0,80.6,71.49,79.99,72.41,7.58,10.4682,1019007.03,7873027.713,8.9013,2.39,203.0821,8.6733,9157169.3947
688008.SH,2024-12-27,79.66,79.69,75.47,75.48,79.99,-4.51,-5.6382,777580.7,6029331.659,6.7923,1.42,191.6319,8.1843,8640869.4326
688008.SH,2024-12-30,73.0,73.55,70.97,71.19,75.48,-4.29,-5.6836,681147.45,4910358.82,5.95,1.16,180.7402,7.7191,8149754.8345
688008.SH,2024-12-31,70.94,71.67,67.65,67.9,71.19,-3.29,-4.6214,447348.09,3107495.548,3.9077,0.71,172.3874,7.3624,7773119.1637
688008.SH,2025-01-02,67.83,68.39,65.3,65.93,67.9,-1.97,-2.9013,357590.6,2383660.096,3.1236,0.54,167.3859,7.1488,7547595.6769
688008.SH,2025-01-03,66.23,67.28,65.08,65.52,65.93,-0.41,-0.6219,295377.25,1955964.029,2.5802,0.45,166.345,7.1043,7500659.3167
688008.SH,2025-01-06,65.31,65.95,63.5,63.91,65.52,-1.61,-2.4573,217636.63,1405460.486,1.9011,0.43,162.2575,6.9297,7316348.2437
688008.SH,2025-01-07,64.1,66.54,63.8,66.41,63.91,2.5,3.9118,294682.57,1916970.838,2.5741,0.74,168.6046,7.2008,7602545.562
688008.SH,2025-01-08,65.67,67.9,64.18,66.82,66.41,0.41,0.6174,311056.5,2054491.735,2.7172,0.96,169.6455,7.2453,7649481.9222
688008.SH,2025-01-09,66.21,68.5,66.08,66.3,66.82,-0.52,-0.7782,269521.73,1815372.589,2.3543,0.91,168.3253,7.1889,7589952.88
688008.SH,2025-01-10,66.0,67.37,64.08,64.2,66.3,-2.1,-3.1674,293834.52,1934535.925,2.5667,1.06,162.9937,6.9612,7349547.1327
688008.SH,2025-01-13,62.71,63.57,61.8,62.91,64.2,-1.29,-2.0093,242828.09,1523336.14,2.1212,0.88,159.7186,6.8213,7201869.3164
688008.SH,2025-01-14,63.3,66.64,62.81,66.43,62.91,3.52,5.5953,304704.67,1989557.938,2.6617,1.08,168.6553,7.203,7604835.1405
688008.SH,2025-01-15,66.25,66.95,65.59,66.2,66.43,-0.23,-0.3462,208233.13,1380787.103,1.819,0.73,168.0714,7.178,7578504.9873
688008.SH,2025-01-16,66.9,67.67,64.94,66.01,66.2,-0.19,-0.287,252163.72,1670821.352,2.2027,0.96,167.589,7.1574,7556753.9911
688008.SH,2025-01-17,65.59,67.75,65.41,66.67,66.01,0.66,0.9998,231841.06,1545475.782,2.0252,0.89,169.2647,7.229,7632310.0831
688008.SH,2025-01-20,67.15,68.03,66.79,67.28,66.67,0.61,0.915,203989.84,1375113.64,1.7819,0.82,170.8134,7.2951,7702142.2287
688008.SH,2025-01-21,68.02,70.33,67.29,70.08,67.28,2.8,4.1617,389769.79,2690266.537,3.4047,1.62,177.9221,7.5987,8022683.2252
688008.SH,2025-01-22,69.95,72.18,69.5,71.32,70.08,1.24,1.7694,363855.85,2591943.536,3.1784,1.41,181.0703,7.7332,8164637.095
688008.SH,2025-01-23,73.0,73.0,69.85,70.1,71.32,-1.22,-1.7106,435392.57,3110791.541,3.8033,1.51,177.9729,7.6009,8024972.8037
688008.SH,2025-01-24,70.0,71.23,69.77,70.84,70.1,0.74,1.0556,272221.65,1918132.336,2.3779,0.84,179.8516,7.6812,8109687.2099
688008.SH,2025-01-27,71.0,71.09,68.01,68.04,70.84,-2.8,-3.9526,259095.45,1793009.599,2.2633,0.78,172.7429,7.3775,7789146.2135
688008.SH,2025-02-05,69.93,70.47,68.21,69.4,68.04,1.36,1.9988,333509.77,2310643.853,2.9133,0.97,176.1957,7.525,7944837.5546
688008.SH,2025-02-06,69.0,72.33,68.68,71.33,69.4,1.93,2.781,424614.21,3009266.617,3.7091,1.28,181.0957,7.7343,8165781.8843
688008.SH,2025-02-07,71.01,74.08,70.47,72.35,71.33,1.02,1.43,531432.32,3843797.329,4.6422,1.54,183.6853,7.8449,8282550.3902
688008.SH,2025-02-10,72.96,74.05,72.4,72.61,72.35,0.26,0.3594,388117.05,2833975.027,3.3903,1.07,184.3454,7.8731,8312314.9113
688008.SH,2025-02-11,72.2,72.51,70.66,71.78,72.61,-0.83,-1.1431,305074.98,2179454.872,2.6649,0.79,182.2382,7.7831,8217297.4016
688008.SH,2025-02-12,71.98,72.74,70.76,72.43,71.78,0.65,0.9055,413031.56,2969863.36,3.6079,1.04,183.8884,7.8536,8291708.7043
688008.SH,2025-02-13,72.5,72.66,69.91,70.0,72.43,-2.43,-3.355,352419.1,2491661.845,3.0785,0.85,177.719,7.5901,8013524.911
688008.SH,2025-02-14,69.7,74.0,69.66,73.31,70.0,3.31,4.7286,559559.05,4054433.689,4.8879,1.41,186.1226,7.949,8392450.1604
688008.SH,2025-02-17,74.95,76.0,73.36,74.79,73.31,1.48,2.0188,482884.51,3592198.524,4.2181,1.2,189.8801,8.1094,8561878.9728
688008.SH,2025-02-18,74.0,75.39,71.6,71.9,74.79,-2.89,-3.8642,365786.05,2691797.369,3.1952,0.87,182.5428,7.7961,8231034.8729
688008.SH,2025-02-19,72.5,74.47,72.09,73.34,71.9,1.44,2.0028,403320.13,2960142.979,3.5231,0.93,186.1988,7.9522,8395884.5282
688008.SH,2025-02-20,73.19,73.41,71.7,72.44,73.34,-0.9,-1.2272,332343.95,2410022.127,2.9031,0.77,183.9138,7.8546,8292853.4936
688008.SH,2025-02-21,73.0,78.46,73.0,77.01,72.44,4.57,6.3087,708295.87,5359593.784,6.1871,1.65,195.5163,8.3502,8816022.1914
688008.SH,2025-02-24,77.7,79.64,76.47,77.67,77.01,0.66,0.857,555016.8,4326030.747,4.8482,1.21,197.1919,8.4217,8891578.2834
688008.SH,2025-02-25,77.3,83.0,76.86,79.84,77.67,2.17,2.7939,771197.55,6173145.324,6.7366,1.63,202.7012,8.0151,9139997.5556
688008.SH,2025-02-26,80.85,83.47,79.4,81.66,79.84,1.82,2.2796,636599.16,5206495.817,5.5608,1.15,207.3219,8.1978,9348349.2033
688008.SH,2025-02-27,81.83,85.97,80.96,83.68,81.66,2.02,2.4737,714876.12,5958132.789,6.2446,1.19,212.4504,8.4006,9579596.6365
688008.SH,2025-02-28,82.9,83.08,77.28,77.73,83.68,-5.95,-7.1104,711463.11,5643085.999,6.2148,1.05,197.3443,7.8033,8898447.019
688008.SH,2025-03-03,78.57,78.97,75.55,76.25,77.73,-1.48,-1.904,427818.35,3283002.884,3.7371,0.63,193.5868,7.6547,8729018.2066
688008.SH,2025-03-04,75.03,80.49,74.9,79.73,76.25,3.48,4.5639,493054.01,3852337.3,4.3069,0.76,202.422,8.0041,9127404.8736
688008.SH,2025-03-05,79.0,79.68,76.98,78.35,79.73,-1.38,-1.7308,338675.32,2651059.062,2.9584,0.57,198.9184,7.8655,8969423.954
688008.SH,2025-03-06,79.5,81.46,79.0,80.64,78.35,2.29,2.9228,440741.61,3529069.788,3.85,0.82,204.7323,8.0954,9231580.6975
688008.SH,2025-03-07,80.0,81.34,78.34,79.62,80.64,-1.02,-1.2649,346717.04,2766630.666,3.0287,0.72,202.1427,7.993,9114812.1916
688008.SH,2025-03-10,79.62,81.7,79.4,80.7,79.62,1.08,1.3564,304497.21,2455117.091,2.6599,0.74,204.8846,8.1015,9238449.4331
688008.SH,2025-03-11,79.08,79.8,77.64,78.96,80.7,-1.74,-2.1561,340578.37,2679321.547,2.975,0.89,200.4671,7.9268,9039256.0996
688008.SH,2025-03-12,79.0,80.26,78.16,78.16,78.96,-0.8,-1.0132,266169.03,2107203.887,2.325,0.75,198.436,7.8465,8947672.9578
688008.SH,2025-03-13,78.16,78.47,74.6,75.27,78.16,-2.89,-3.6975,362129.0,2751195.344,3.1633,1.07,191.0987,7.5563,8616828.8579
688008.SH,2025-03-14,75.24,77.5,74.99,77.28,75.27,2.01,2.6704,288489.63,2202833.079,2.52,0.89,196.2018,7.7581,8846931.5017
688008.SH,2025-03-17,77.31,77.55,75.8,76.14,77.28,-1.14,-1.4752,215279.06,1645132.292,1.8805,0.69,193.3075,7.6437,8716425.5246
688008.SH,2025-03-18,76.74,79.93,76.69,78.54,76.14,2.4,3.1521,323288.08,2543628.131,2.824,1.1,199.4007,7.8846,8991174.9501
688008.SH,2025-03-19,78.08,79.0,77.32,77.81,78.54,-0.73,-0.9295,193369.45,1507470.977,1.6891,0.66,197.5474,7.8113,8907605.3332
688008.SH,2025-03-20,77.95,78.6,76.05,76.14,77.81,-1.67,-2.1463,220560.59,1704393.345,1.9266,0.8,193.3075,7.6437,8716425.5246
688008.SH,2025-03-21,75.5,76.45,73.72,74.02,76.14,-2.12,-2.7843,250379.04,1872391.227,2.1871,1.01,187.9252,7.4309,8473730.1987
688008.SH,2025-03-24,74.1,74.57,72.67,74.26,74.02,0.24,0.3242,216741.13,1599134.08,1.8933,0.9,188.5345,7.4549,8501205.1413
688008.SH,2025-03-25,74.26,75.57,73.7,74.9,74.26,0.64,0.8618,213692.47,1595647.807,1.8667,0.89,190.1593,7.5192,8574471.6548
688008.SH,2025-03-26,74.4,76.18,74.3,74.8,74.9,-0.1,-0.1335,153983.11,1158152.82,1.3451,0.7,189.9055,7.5092,8563023.762
688008.SH,2025-03-27,74.45,78.36,74.41,77.76,74.8,2.96,3.9572,368994.76,2837805.014,3.2233,1.75,197.4204,7.8063,8901881.3868
688008.SH,2025-03-28,77.2,79.17,77.2,77.5,77.76,-0.26,-0.3344,199712.33,1561150.108,1.7445,0.83,196.7603,7.7802,8872116.8658
688008.SH,2025-03-31,76.74,78.74,76.69,78.28,77.5,0.78,1.0065,222017.2,1726782.572,1.9394,0.96,198.7406,7.8585,8961410.429
688008.SH,2025-04-01,78.98,79.08,76.84,77.43,78.28,-0.85,-1.0858,196470.26,1526493.288,1.7162,0.85,196.5826,7.7732,8864103.3408
688008.SH,2025-04-02,77.39,77.74,76.58,76.86,77.43,-0.57,-0.7361,125776.35,969163.607,1.0987,0.55,195.1355,7.716,8798850.3523
688008.SH,2025-04-03,75.66,77.17,74.08,74.79,76.86,-2.07,-2.6932,227233.13,1708336.819,1.9849,1.02,189.8801,7.5082,8561878.9728
688008.SH,2025-04-07,68.0,69.5,62.0,65.5,74.79,-9.29,-12.4214,551719.09,3644560.382,4.8194,2.84,166.2942,6.5755,7498369.7382
688008.SH,2025-04-08,66.0,67.1,64.03,65.8,65.5,0.3,0.458,357710.34,2342395.68,3.1247,1.35,167.0559,6.6057,7532713.4163
688008.SH,2025-04-09,64.5,68.5,63.14,68.0,65.8,2.2,3.3435,398579.36,2658050.383,3.4817,1.37,172.6413,6.8265,7784567.0564
688008.SH,2025-04-10,70.74,70.99,69.01,69.97,68.0,1.97,2.8971,271640.41,1904134.576,2.3728,0.82,177.6429,7.0243,8010090.5432
688008.SH,2025-04-11,73.46,76.17,73.08,75.06,69.97,5.09,7.2745,487400.61,3628660.503,4.2576,1.35,60.865,7.5353,8592788.2831
688008.SH,2025-04-14,75.06,75.98,74.25,74.6,75.06,-0.46,-0.6128,273780.08,2052945.214,2.3915,0.66,60.492,7.4891,8540127.9766
688008.SH,2025-04-15,74.6,74.72,73.4,73.98,74.6,-0.62,-0.8311,184734.49,1365133.307,1.6137,0.52,59.9892,7.4268,8469151.0417
688008.SH,2025-04-16,74.2,74.3,71.6,72.92,73.98,-1.06,-1.4328,230934.19,1673981.154,2.0173,0.71,59.1297,7.3204,8347803.3787
688008.SH,2025-04-17,72.51,74.6,72.06,73.1,72.92,0.18,0.2468,187682.11,1381858.345,1.6394,0.65,59.2756,7.3385,8368409.5856
688008.SH,2025-04-18,73.0,73.85,72.6,73.1,73.1,0.0,0.0,99454.65,728294.964,0.8688,0.36,59.2756,7.3385,8368409.5856
688008.SH,2025-04-21,73.4,73.7,72.8,73.63,73.1,0.53,0.725,105490.32,774120.054,0.9215,0.54,59.7054,7.3917,8429083.4171
688008.SH,2025-04-22,73.23,73.8,72.4,72.81,73.63,-0.82,-1.1137,111872.91,817605.297,0.9772,0.69,59.0405,7.3094,8335210.6967
688008.SH,2025-04-23,73.4,74.49,73.05,74.11,72.81,1.3,1.7855,146329.28,1079802.478,1.2782,0.99,60.0946,7.4399,8484033.3022
688008.SH,2025-04-24,75.1,75.48,72.41,72.58,74.11,-1.53,-2.0645,186404.1,1370906.214,1.6283,1.43,58.854,6.9413,8308880.5434
688008.SH,2025-04-25,73.02,74.18,72.58,73.56,72.58,0.98,1.3502,159240.33,1171807.237,1.391,1.23,59.6486,7.035,8421069.8922
688008.SH,2025-04-28,73.99,73.99,72.5,72.58,73.56,-0.98,-1.3322,119002.91,869088.26,1.0395,0.84,58.854,6.9413,8308880.5434
688008.SH,2025-04-29,72.5,74.99,72.18,74.31,72.58,1.73,2.3836,190031.81,1399069.804,1.66,1.31,60.2568,7.1067,8506929.0877
688008.SH,2025-04-30,74.0,76.98,74.0,76.82,74.31,2.51,3.3777,240362.7,1826274.264,2.0996,1.5,62.2921,7.3468,8794271.1952
688008.SH,2025-05-06,77.15,78.97,76.8,78.92,76.82,2.1,2.7337,247256.63,1937004.052,2.1598,1.38,63.995,7.5476,9034676.9425
688008.SH,2025-05-07,80.5,80.67,78.08,78.82,78.92,-0.1,-0.1267,202887.45,1598910.305,1.7723,1.06,63.9139,7.538,9023229.0498
688008.SH,2025-05-08,78.6,78.6,77.58,77.83,78.82,-0.99,-1.256,147631.31,1151713.554,1.2896,0.74,63.1111,7.4434,8909894.9118
688008.SH,2025-05-09,77.84,77.9,76.28,76.69,77.83,-1.14,-1.4647,147327.95,1133914.396,1.2869,0.72,62.1867,7.3343,8779388.9346
688008.SH,2025-05-12,77.26,78.95,77.26,78.55,76.69,1.86,2.4253,173587.8,1357177.148,1.5163,0.88,63.695,7.5122,8992319.7394
688008.SH,2025-05-13,79.55,80.33,78.43,78.81,78.55,0.26,0.331,207879.73,1650005.763,1.8159,1.13,63.9058,7.5371,9022084.2605
688008.SH,2025-05-14,79.02,80.36,78.3,79.33,78.81,0.52,0.6598,164657.82,1303589.347,1.4383,0.94,64.3274,7.5868,9081613.3027
688008.SH,2025-05-15,79.05,79.3,77.76,78.16,79.33,-1.17,-1.4749,112085.96,878180.153,0.9791,0.67,63.3787,7.4749,8947672.9578
688008.SH,2025-05-16,77.6,78.15,76.71,77.6,78.16,-0.56,-0.7165,130677.57,1010751.688,1.1415,0.81,62.9246,7.4214,8883564.7585
688008.SH,2025-05-19,77.61,77.7,76.4,77.19,77.6,-0.41,-0.5284,117874.07,907006.236,1.0297,0.75,62.5922,7.3822,8836628.3983
688008.SH,2025-05-20,77.01,78.46,76.56,78.11,77.19,0.92,1.1919,112786.47,876588.638,0.9852,0.77,63.3382,7.4701,8941949.0114
688008.SH,2025-05-21,77.86,77.86,76.67,77.2,78.11,-0.91,-1.165,87509.83,676944.163,0.7644,0.69,62.6003,7.3831,8837773.1876
688008.SH,2025-05-22,77.56,78.95,77.38,78.2,77.2,1.0,1.2953,152250.47,1191788.561,1.3299,1.36,63.4111,7.4788,8952252.1149
688008.SH,2025-05-23,77.85,78.88,76.5,76.59,78.2,-1.61,-2.0588,142454.24,1104944.017,1.2444,1.18,62.1056,7.3248,8767941.0419
688008.SH,2025-05-26,76.16,76.59,75.15,75.85,76.59,-0.74,-0.9662,141631.8,1073966.884,1.2372,1.16,61.5056,7.254,8683226.6357
688008.SH,2025-05-27,75.51,76.48,75.5,75.84,75.85,-0.01,-0.0132,84676.89,643280.269,0.7397,0.67,61.4975,7.2531,8682081.8464
688008.SH,2025-05-28,75.81,77.1,75.67,76.3,75.84,0.46,0.6065,80498.65,614497.387,0.7032,0.66,61.8705,7.297,8734742.153
688008.SH,2025-05-29,76.32,78.18,76.2,77.95,76.3,1.65,2.1625,113488.39,879823.512,0.9913,0.94,63.2084,7.4548,8923632.383
688008.SH,2025-05-30,77.11,77.4,75.51,76.32,77.56,-1.24,-1.5988,128775.48,981122.775,1.1249,1.14,61.8867,7.5796,8737031.7315
688008.SH,2025-06-03,77.84,82.49,77.35,80.72,76.32,4.4,5.7652,423175.81,3425577.265,3.6965,3.85,65.4546,8.0165,9240739.0117
688008.SH,2025-06-04,80.4,81.08,79.92,80.3,80.72,-0.42,-0.5203,179662.27,1444640.488,1.5694,1.08,65.114,7.9748,9192657.8622
688008.SH,2025-06-05,80.89,83.98,80.29,83.8,80.3,3.5,4.3587,309120.56,2551115.484,2.7002,1.67,67.9521,8.3224,9593334.1077
688008.SH,2025-06-06,83.11,84.2,82.8,83.84,83.8,0.04,0.0477,181508.71,1514550.408,1.5855,0.79,67.9845,8.3264,9597913.2648
688008.SH,2025-06-09,84.0,84.49,82.87,83.89,83.84,0.05,0.0596,185009.72,1544128.779,1.6161,0.76,68.0251,8.3313,9603637.2112
688008.SH,2025-06-10,83.5,83.5,80.7,81.81,83.89,-2.08,-2.4794,243354.01,1992713.356,2.1258,0.95,66.3384,8.1248,9365521.0424
688008.SH,2025-06-11,82.0,83.35,81.59,82.04,81.81,0.23,0.2811,156497.06,1290295.14,1.367,0.71,66.5249,8.1476,9391851.1957
688008.SH,2025-06-12,81.8,82.89,81.13,81.28,82.04,-0.76,-0.9264,167698.63,1370986.018,1.4649,0.78,65.9087,8.0721,9304847.2109
688008.SH,2025-06-13,81.0,81.41,79.0,79.0,81.28,-2.28,-2.8051,308183.41,2460454.094,2.6921,1.65,64.0599,7.8457,9043835.2567
688008.SH,2025-06-16,78.9,81.25,78.8,79.54,79.0,0.54,0.6835,200369.14,1602995.595,1.7503,0.94,64.4977,7.8993,9105653.8774
688008.SH,2025-06-17,79.95,80.91,79.28,79.75,79.54,0.21,0.264,139308.73,1111454.172,1.2169,0.65,64.668,7.9202,9129694.4522
688008.SH,2025-06-18,79.5,81.57,79.2,80.55,79.75,0.8,1.0031,172812.56,1392452.646,1.5096,0.89,65.3167,7.9996,9221277.594
688008.SH,2025-06-19,80.56,83.1,80.56,81.3,80.55,0.75,0.9311,214968.41,1759706.871,1.8778,1.09,65.9249,8.0741,9307136.7895
688008.SH,2025-06-20,81.21,82.68,81.12,81.57,81.3,0.27,0.3321,149873.84,1226351.543,1.3092,0.72,66.1438,8.1009,9338046.0999
688008.SH,2025-06-23,79.0,81.5,77.45,78.01,81.57,-3.56,-4.3643,328325.25,2602438.236,2.868,1.87,63.2571,7.7474,8930501.1187
688008.SH,2025-06-24,78.85,80.17,78.48,79.05,78.01,1.04,1.3332,227331.72,1802533.746,1.9858,1.13,64.1004,7.8507,9049559.2031
688008.SH,2025-06-25,79.23,80.88,78.29,80.78,79.05,1.73,2.1885,236199.27,1880573.747,2.0633,1.08,65.5032,8.0225,9247607.7473
688008.SH,2025-06-26,80.81,81.4,79.8,79.8,80.78,-0.98,-1.2132,181772.59,1461410.824,1.5878,0.79,64.7086,7.9252,9135418.3985
688008.SH,2025-06-27,80.26,81.38,79.63,80.15,79.8,0.35,0.4386,168196.02,1354235.353,1.4692,0.75,64.9924,7.9599,9175486.0231
688008.SH,2025-06-30,80.6,82.16,80.59,82.0,80.15,1.85,2.3082,198746.17,1619593.97,1.7361,0.87,66.4925,8.1436,9387272.0386
688008.SH,2025-07-01,81.99,82.72,81.47,82.0,82.0,0.0,0.0,140682.84,1153547.185,1.2289,0.69,66.4925,8.1436,9387272.0386
688008.SH,2025-07-02,81.6,81.96,80.19,80.26,82.0,-1.74,-2.122,132174.05,1070537.909,1.1546,0.71,65.0816,7.9708,9188078.7051
688008.SH,2025-07-03,80.67,82.32,80.51,82.3,80.26,2.04,2.5417,159515.37,1304172.369,1.3934,0.97,66.7358,8.1734,9421615.7168
688008.SH,2025-07-04,82.0,83.16,81.1,81.62,82.3,-0.68,-0.8262,154172.33,1263298.169,1.3467,0.96,66.1844,8.1059,9343770.0462
688008.SH,2025-07-07,81.16,81.5,79.42,80.26,81.62,-1.36,-1.6663,140087.73,1123018.831,1.2237,0.89,65.0816,7.9708,9188078.7051
688008.SH,2025-07-08,80.5,83.28,80.44,82.9,80.26,2.64,3.2893,202424.21,1666940.193,1.7682,1.39,67.2223,8.233,9490303.0732
688008.SH,2025-07-09,82.56,83.4,80.82,81.0,82.9,-1.9,-2.2919,163036.65,1333202.181,1.4242,1.03,65.6816,8.0443,9272793.1113
688008.SH,2025-07-10,81.3,81.8,80.6,80.82,81.0,-0.18,-0.2222,159563.97,1293897.739,1.3938,0.97,65.5357,8.0265,9252186.9044
688008.SH,2025-07-11,80.85,83.28,80.5,83.03,80.82,2.21,2.7345,230359.16,1895583.115,2.0122,1.41,67.3277,8.2459,9505185.3337
688008.SH,2025-07-14,83.1,83.88,82.16,82.71,83.03,-0.32,-0.3854,177938.11,1476471.776,1.5543,0.99,67.0682,8.2142,9468552.077
688008.SH,2025-07-15,82.74,86.36,82.51,85.3,82.71,2.59,3.1314,347114.64,2943051.999,3.0321,1.86,69.1684,8.4714,9765052.4987
688008.SH,2025-07-16,85.75,87.97,84.68,84.96,85.3,-0.34,-0.3986,313532.59,2698394.022,2.7388,1.45,68.8927,8.4376,9726129.6634
688008.SH,2025-07-17,84.85,86.5,84.35,86.27,84.96,1.31,1.5419,198432.22,1699120.155,1.7334,0.81,69.955,8.5677,9876097.0582
688008.SH,2025-07-18,85.95,86.7,85.01,85.66,86.27,-0.61,-0.7071,158471.4,1358709.722,1.3843,0.63,69.4603,8.5071,9806264.9125
688008.SH,2025-07-21,85.3,85.4,83.3,83.91,85.66,-1.75,-2.043,232276.64,1951408.895,2.029,0.97,68.0413,8.3333,9605926.7897
688008.SH,2025-07-22,83.92,84.2,83.07,83.32,83.91,-0.59,-0.7031,183901.33,1538275.406,1.6064,0.74,67.5629,8.2747,9538384.2226
688008.SH,2025-07-23,83.32,84.64,82.97,83.52,83.32,0.2,0.24,205507.69,1721320.231,1.7952,0.95,67.7251,8.2946,9561280.0081
688008.SH,2025-07-24,83.4,83.83,82.69,83.68,83.52,0.16,0.1916,244290.0,2032548.761,2.1339,1.25,67.8548,8.3105,9579596.6365
688008.SH,2025-07-25,83.61,85.1,82.65,84.6,83.68,0.92,1.0994,263683.46,2206120.703,2.3033,1.29,68.6008,8.4019,9684917.2496
688008.SH,2025-07-28,84.5,86.18,83.69,85.97,84.6,1.37,1.6194,311729.49,2647130.732,2.723,1.38,69.7117,8.5379,9841753.38
688008.SH,2025-07-29,85.55,88.1,85.51,87.0,85.97,1.03,1.1981,313462.8,2726107.369,2.7382,1.3,70.5469,8.6402,9959666.6751
688008.SH,2025-07-30,87.1,88.66,86.01,87.21,87.0,0.21,0.2414,273123.34,2382778.525,2.3858,1.02,70.7172,8.6611,9983707.2498
688008.SH,2025-07-31,87.0,88.87,84.51,85.02,87.21,-2.19,-2.5112,310144.23,2685465.197,2.7092,1.1,68.9414,8.4436,9732998.399
688008.SH,2025-08-01,85.1,85.85,81.66,82.19,85.02,-2.83,-3.3286,291833.21,2433071.396,2.5492,0.99,66.6466,8.1625,9409023.0348
688008.SH,2025-08-04,82.0,84.5,81.93,84.16,82.19,1.97,2.3969,245796.52,2056417.449,2.1471,0.82,68.244,8.3582,9634546.5216
688008.SH,2025-08-05,84.29,85.85,83.55,85.16,84.16,1.0,1.1882,180386.09,1534568.539,1.5757,0.63,69.0549,8.4575,9749025.4489
688008.SH,2025-08-06,85.17,91.55,84.71,90.94,85.16,5.78,6.7872,476694.97,4245844.915,4.164,1.83,73.7418,9.0315,10410713.6487
688008.SH,2025-08-07,91.4,93.86,91.4,92.96,90.94,2.02,2.2212,401658.35,3722074.031,3.5086,1.33,75.3798,9.2321,10641961.0818
688008.SH,2025-08-08,92.95,93.02,91.22,91.36,92.96,-1.6,-1.7212,216129.13,1987730.576,1.8879,0.68,74.1058,9.0761,10462102.5509
688008.SH,2025-08-11,91.36,92.3,90.17,90.83,91.36,-0.53,-0.5801,188475.77,1716045.439,1.6464,0.62,73.6759,9.0234,10401409.5304
688008.SH,2025-08-12,90.77,92.06,89.81,90.16,90.83,-0.67,-0.7376,252880.63,2291309.035,2.2083,0.86,73.1324,8.9515,10324684.3913
688008.SH,2025-08-13,90.74,91.1,89.6,90.15,90.16,-0.01,-0.0111,265836.73,2397768.098,2.3214,0.87,73.1243,8.9505,10323539.24
688008.SH,2025-08-14,90.15,91.6,88.8,88.94,90.15,-1.21,-1.3422,349681.06,3151502.979,3.0536,1.32,72.1429,8.8304,10184975.929
688008.SH,2025-08-15,89.96,93.28,89.95,93.0,88.94,4.06,4.5649,376189.89,3465634.377,3.2851,1.48,75.4361,9.2335,10649907.369
688008.SH,2025-08-18,93.02,93.6,91.5,91.73,93.0,-1.27,-1.3656,409799.4,3787493.032,3.5786,1.43,74.4059,9.1074,10504473.1501
688008.SH,2025-08-19,92.33,93.07,89.5,89.6,91.73,-2.13,-2.322,350897.28,3205167.959,3.0642,1.06,72.6782,8.8959,10260555.9168
688008.SH,2025-08-20,90.47,92.87,88.33,92.86,89.6,3.26,3.6384,417557.78,3773037.133,3.6463,1.19,75.3225,9.2196,10633875.2504
688008.SH,2025-08-21,92.88,94.94,90.81,91.18,92.86,-1.68,-1.8092,368570.17,3419729.266,3.2185,0.97,73.9598,9.0528,10441489.8269
688008.SH,2025-08-22,91.94,99.19,91.18,99.11,91.18,7.93,8.6971,718053.19,6876378.058,6.2704,1.87,80.3922,9.8401,11349594.8316
688008.SH,2025-08-25,102.87,106.59,99.61,101.98,99.11,2.87,2.8958,747152.33,7626148.836,6.5245,1.65,82.7201,10.1251,11678253.2633
688008.SH,2025-08-26,101.0,106.25,100.3,103.6,101.98,1.62,1.5885,479915.43,4985994.764,4.1908,0.92,84.0342,10.2859,11863767.7788
688008.SH,2025-08-27,103.2,115.87,102.86,108.2,103.6,4.6,4.4402,781875.92,8569515.518,6.8277,1.43,87.7654,10.7426,12390537.3906
688008.SH,2025-08-28,109.0,117.71,109.0,117.5,108.2,9.3,8.5952,809760.49,9229646.128,7.0712,1.31,95.309,11.666,13455528.1275
688008.SH,2025-08-29,115.15,124.68,111.0,122.9,117.5,5.4,4.5957,703320.22,8155828.408,6.1417,0.99,99.6892,12.2021,14073909.8457
688008.SH,2025-09-01,128.0,129.98,119.8,124.22,122.9,1.32,1.074,644236.13,8008368.599,5.6258,0.91,100.7599,11.736,14225069.8213
688008.SH,2025-09-02,124.55,127.18,114.01,115.4,124.22,-8.82,-7.1003,703482.41,8390027.696,6.1431,1.03,93.6056,10.9027,13215046.3482
688008.SH,2025-09-03,114.36,115.82,110.98,112.49,115.4,-2.91,-2.5217,498354.91,5648215.323,4.3519,0.68,91.2452,10.6278,12881807.3112
688008.SH,2025-09-04,112.75,112.98,101.1,102.85,112.49,-9.64,-8.5697,671627.8,7112289.575,5.865,1.0,83.4258,9.717,11777881.4291
688008.SH,2025-09-05,104.15,108.76,102.48,108.41,102.85,5.56,5.4059,502484.72,5315320.108,4.3879,0.78,87.9358,10.2423,12414585.5685
688008.SH,2025-09-08,110.0,112.59,108.04,109.33,108.41,0.92,0.8486,459883.1,5052386.115,4.0159,0.76,88.682,10.3293,12519939.4909
688008.SH,2025-09-09,110.5,112.5,107.71,107.95,109.33,-1.38,-1.2622,402045.88,4401854.457,3.5109,0.71,87.5626,10.1989,12361908.6074
688008.SH,2025-09-10,109.0,117.54,108.02,114.1,107.95,6.15,5.6971,585520.99,6667367.576,5.113,1.16,92.5512,10.7799,13066176.6753
688008.SH,2025-09-11,110.0,119.27,108.0,117.4,114.1,3.3,2.8922,787775.47,8997684.448,6.8792,1.5,95.2279,11.0917,13444076.6142
688008.SH,2025-09-12,117.4,122.89,116.02,118.2,117.4,0.8,0.6814,663546.39,7877920.482,5.7944,1.21,95.8768,11.1673,13535688.7206
688008.SH,2025-09-15,120.3,121.03,116.2,117.16,118.2,-1.04,-0.8799,422874.66,4986853.163,3.6927,0.73,95.0332,11.069,13416592.9823
688008.SH,2025-09-16,118.0,124.55,117.09,120.48,117.16,3.32,2.8337,542843.36,6574364.949,4.7404,0.95,97.7262,11.3827,13796783.2238
688008.SH,2025-09-17,119.76,120.39,115.5,119.11,120.48,-1.37,-1.1371,433512.64,5121161.588,3.7856,0.72,96.615,11.2532,13639897.4916
688008.SH,2025-09-18,119.52,124.55,116.57,119.01,119.11,-0.1,-0.084,625314.63,7585970.354,5.4605,1.1,96.5339,11.2438,13628445.9783
688008.SH,2025-09-19,122.17,131.54,119.66,120.59,119.01,1.58,1.3276,753276.46,9426904.078,6.578,1.4,97.8155,11.3931,13809379.8885
688008.SH,2025-09-22,120.18,126.44,120.11,125.29,120.59,4.7,3.8975,558638.77,6942433.23,4.8783,1.01,101.6278,11.8371,14347601.0136
688008.SH,2025-09-23,124.05,127.77,120.57,126.31,125.29,1.02,0.8141,586997.95,7297717.212,5.1259,1.01,102.4552,11.9335,14464406.4492
688008.SH,2025-09-24,125.0,139.99,124.0,135.86,126.31,9.55,7.5608,781769.77,10312100.711,6.8268,1.32,110.2016,12.8357,15558025.9694
688008.SH,2025-09-25,133.15,137.2,132.1,136.6,135.86,0.74,0.5447,444798.31,6000713.85,3.8842,0.67,110.8018,12.9057,15642767.1678
688008.SH,2025-09-26,135.6,139.45,133.01,133.1,136.6,-3.5,-2.5622,379833.23,5178707.826,3.3169,0.61,107.9628,12.575,15241964.2023
688008.SH,2025-09-29,134.66,143.88,133.0,143.65,133.1,10.55,7.9264,507697.23,7038909.279,4.4335,0.92,116.5204,13.5717,16450098.8555
688008.SH,2025-09-30,145.8,157.97,142.5,154.8,143.65,11.15,7.7619,593846.22,9028981.402,5.1857,1.1,125.5646,14.6252,17726942.5884
688008.SH,2025-10-09,162.0,169.9,155.78,157.08,154.8,2.28,1.4729,759014.1,12306816.994,6.6281,1.4,127.414,14.8406,17988037.0916
688008.SH,2025-10-10,154.0,159.0,148.55,150.06,157.08,-7.02,-4.4691,536322.06,8189039.489,4.6834,1.0,121.7198,14.1773,17184140.858
688008.SH,2025-10-13,141.0,152.55,141.0,148.05,150.06,-2.01,-1.3395,486880.86,7213219.113,4.2517,0.88,120.0894,13.9874,16953965.4407
688008.SH,2025-10-14,151.24,155.9,143.77,147.0,148.05,-1.05,-0.7092,514269.01,7689556.27,4.4908,0.89,119.2377,13.8882,16833724.551
688008.SH,2025-10-15,143.11,145.0,136.38,144.55,147.0,-2.45,-1.6667,458651.71,6457985.399,4.0052,0.79,117.2504,13.6568,16553162.4752
688008.SH,2025-10-16,143.5,151.0,143.2,144.6,144.55,0.05,0.0346,402648.66,5911915.893,3.5161,0.73,117.2909,13.6615,16558888.2318
688008.SH,2025-10-17,143.15,145.45,137.81,138.0,144.6,-6.6,-4.5643,382019.18,5365666.868,3.336,0.8,111.9374,13.0379,15803088.354
688008.SH,2025-10-20,141.98,142.99,133.66,135.15,138.0,-2.85,-2.0652,458386.67,6315068.479,4.0028,1.02,109.6257,12.7687,15476720.225
688008.SH,2025-10-21,136.3,140.44,135.3,139.0,135.15,3.85,2.8487,351218.73,4875734.734,3.067,0.79,112.7486,13.1324,15917603.487
688008.SH,2025-10-22,137.5,137.87,134.7,136.36,138.8,-2.44,-1.7579,251019.72,3424355.151,2.192,0.61,110.6071,13.1287,15615283.5359
688008.SH,2025-10-23,135.88,137.2,132.33,136.42,136.36,0.06,0.044,223038.75,3004703.089,1.9477,0.6,110.6558,13.1345,15622154.4439
688008.SH,2025-10-24,139.39,146.19,139.3,146.05,136.42,9.63,7.0591,490977.71,7076979.205,4.2874,1.47,118.4671,14.0617,16724935.1747
688008.SH,2025-10-27,153.0,153.46,146.11,151.01,146.05,4.96,3.3961,543984.76,8145484.175,4.7503,1.53,122.4904,14.5392,17292930.2343
688008.SH,2025-10-28,147.5,152.09,146.99,149.36,151.01,-1.65,-1.0926,348338.76,5205905.76,3.0419,0.94,121.152,14.3803,17103980.2649
688008.SH,2025-10-29,149.0,155.5,149.0,153.3,149.36,3.94,2.6379,327299.27,4988411.386,2.8581,0.88,124.3479,14.7597,17555169.8889
688008.SH,2025-10-30,155.0,158.88,151.21,152.0,153.3,-1.3,-0.848,436911.61,6756662.788,3.8153,1.13,123.2934,14.6345,17406300.216
688008.SH,2025-10-31,148.01,149.0,136.3,136.3,152.0,-15.7,-10.3289,707860.84,9928715.9,6.1814,1.65,110.5585,12.9716,15608412.6279
688008.SH,2025-11-03,134.0,135.26,128.03,133.13,136.3,-3.17,-2.3258,477364.71,6257947.515,4.1686,1.01,107.9872,12.6699,15245399.6563
688008.SH,2025-11-04,134.8,134.88,128.88,130.07,133.13,-3.06,-2.2985,328125.18,4317429.028,2.8653,0.71,105.5051,12.3787,14894983.3493
688008.SH,2025-11-05,125.2,129.58,125.16,128.91,130.07,-1.16,-0.8918,289662.53,3685197.269,2.5295,0.64,104.5641,12.2683,14762145.795
688008.SH,2025-11-06,130.58,133.41,128.96,132.31,128.91,3.4,2.6375,385455.43,5066112.411,3.366,0.86,107.322,12.5918,15151497.2472
688008.SH,2025-11-07,130.0,132.88,129.08,130.08,132.31,-2.23,-1.6854,256361.65,3353290.907,2.2387,0.59,105.5132,12.3796,14896128.5006
688008.SH,2025-11-10,132.01,132.82,125.0,127.8,130.08,-2.28,-1.7528,317988.04,4071395.446,2.7768,0.92,103.6638,12.1626,14635033.9974
688008.SH,2025-11-11,129.29,131.0,126.8,127.14,127.8,-0.66,-0.5164,240863.01,3104258.517,2.1033,0.76,103.1284,12.0998,14559454.0096
688008.SH,2025-11-12,125.2,127.5,122.7,124.68,127.14,-2.46,-1.9349,277747.47,3459722.133,2.4254,0.93,101.133,11.8657,14277746.7824
688008.SH,2025-11-13,124.0,130.27,123.8,127.8,124.68,3.12,2.5024,307932.38,3945799.723,2.689,1.04,103.6638,12.1626,14635033.9974
688008.SH,2025-11-14,124.0,124.24,121.17,121.17,127.8,-6.63,-5.1878,294838.25,3613577.351,2.5747,1.05,98.2859,11.5317,13875798.6656
688008.SH,2025-11-17,121.28,123.8,120.07,121.2,121.17,0.03,0.0248,201819.43,2454629.886,1.7624,0.7,98.3103,11.5345,13879234.1196
688008.SH,2025-11-18,120.8,122.88,119.78,120.9,121.2,-0.3,-0.2475,226247.75,2740616.115,1.9757,0.85,98.0669,11.506,13844879.5797
688008.SH,2025-11-19,120.1,122.07,118.68,119.4,120.9,-1.5,-1.2407,172317.31,2068680.523,1.5048,0.66,96.8502,11.3632,13673106.8802
688008.SH,2025-11-20,122.36,122.8,117.88,118.02,119.4,-1.38,-1.1558,178852.04,2138178.618,1.5618,0.74,95.7308,11.2319,13515075.9967
688008.SH,2025-11-21,114.88,117.0,113.7,113.9,118.02,-4.12,-3.4909,239345.4,2757308.507,2.0901,1.11,92.3889,10.8398,13043273.6487
688008.SH,2025-11-24,115.67,115.95,112.0,113.9,113.9,0.0,0.0,197425.32,2249464.316,1.724,0.97,92.3889,10.8398,13043273.6487
688008.SH,2025-11-25,116.6,118.77,115.72,116.29,113.9,2.39,2.0983,262937.64,3075887.228,2.2961,1.3,94.3276,11.0672,13316964.8166
688008.SH,2025-11-26,115.08,119.24,114.45,117.11,116.29,0.82,0.7051,221755.21,2605052.139,1.9365,1.06,94.9927,11.1453,13410867.2256
688008.SH,2025-11-27,118.2,122.22,117.02,117.4,117.11,0.29,0.2476,300730.82,3601089.382,2.6261,1.37,95.2279,11.1729,13444076.6142
688008.SH,2025-11-28,117.58,119.22,116.86,118.5,117.4,1.1,0.937,182618.22,2156907.673,1.5947,0.75,96.1202,11.2776,13570043.2605
688008.SH,2025-12-01,120.0,121.1,116.97,120.45,118.5,1.95,1.6456,246952.79,2952408.801,2.1565,1.06,97.7019,11.4631,13793347.7699
688008.SH,2025-12-02,120.06,120.26,117.54,118.16,120.45,-2.29,-1.9012,167436.06,1986826.731,1.4621,0.69,95.8444,11.2452,13531108.1153
688008.SH,2025-12-03,118.72,120.28,117.9,118.1,118.16,-0.06,-0.0508,158078.18,1879712.163,1.3804,0.71,95.7957,11.2395,13524237.2073
688008.SH,2025-12-04,117.55,120.33,116.85,119.7,118.1,1.6,1.3548,165564.55,1968861.996,1.4458,0.78,97.0935,11.3918,13707461.4201
688008.SH,2025-12-05,119.5,120.22,117.7,119.23,119.7,-0.47,-0.3926,185511.77,2208461.366,1.62,1.01,96.7123,11.347,13653639.3076
688008.SH,2025-12-08,120.0,124.77,119.25,123.11,119.23,3.88,3.2542,299445.77,3675936.356,2.6149,1.62,99.8595,11.7163,14097958.0236
688008.SH,2025-12-09,123.13,124.5,122.03,123.1,123.11,-0.01,-0.0081,229380.3,2825894.249,2.0031,1.18,99.8514,11.7153,14096812.8723
688008.SH,2025-12-10,122.3,122.36,117.83,120.51,123.1,-2.59,-2.104,284839.33,3394900.658,2.4874,1.37,97.7506,11.4688,13800218.6778
688008.SH,2025-12-11,123.82,126.45,119.28,119.39,120.51,-1.12,-0.9294,384333.65,4724702.542,3.3562,1.65,96.8421,11.3623,13671961.7289
688008.SH,2025-12-12,118.88,121.5,117.72,120.4,119.39,1.01,0.846,387004.65,4636449.696,3.3795,1.4,97.6613,11.4584,13787622.0132
688008.SH,2025-12-15,117.97,118.87,114.82,115.14,120.4,-5.26,-4.3688,305342.92,3558366.587,2.6664,0.96,93.3947,10.9578,13185272.4136
688008.SH,2025-12-16,114.5,115.84,112.62,113.57,115.14,-1.57,-1.3636,215083.63,2453623.052,1.8782,0.68,92.1212,10.8084,13005483.6548
688008.SH,2025-12-17,114.1,117.59,112.81,117.3,113.57,3.73,3.2843,225168.36,2600876.285,1.9663,0.71,95.1468,11.1634,13432625.1009
688008.SH,2025-12-18,116.37,119.48,115.88,116.77,117.3,-0.53,-0.4518,201479.89,2369083.916,1.7594,0.66,94.7169,11.1129,13371932.0804
688008.SH,2025-12-19,119.0,119.8,116.87,117.58,116.77,0.81,0.6937,217885.52,2578921.823,1.9027,0.82,95.3739,11.19,13464689.3381
688008.SH,2025-12-22,118.52,121.17,118.14,120.4,117.58,2.82,2.3984,241130.22,2896335.09,2.1057,1.03,97.6613,11.4584,13787622.0132
688008.SH,2025-12-23,120.71,122.15,119.8,121.0,120.4,0.6,0.4983,214178.25,2591075.075,1.8703,0.97,98.148,11.5155,13856331.093
688008.SH,2025-12-24,120.5,122.36,119.91,121.8,121.0,0.8,0.6612,209151.13,2533918.138,1.8264,0.95,98.907,11.6045,13963475.0258
688008.SH,2025-12-25,122.0,123.24,120.32,121.3,121.8,-0.5,-0.4105,185865.6,2257158.472,1.6231,0.86,98.5009,11.5569,13906153.6997
688008.SH,2025-12-26,120.44,122.74,119.7,120.88,121.3,-0.42,-0.3462,189115.98,2291736.955,1.6514,0.89,98.1599,11.5169,13858003.7858
688008.SH,2025-12-29,120.88,122.59,118.66,119.12,120.88,-1.76,-1.456,237698.75,2860079.56,2.0734,1.14,96.7307,11.3187,13656232.7182
688008.SH,2025-12-30,118.98,122.44,118.5,119.91,119.12,0.79,0.6632,265269.37,3195267.437,2.3139,1.28,97.3722,11.3938,13746800.4133
688008.SH,2025-12-31,121.0,121.1,117.72,117.8,119.91,-2.11,-1.7597,197500.88,2347258.375,1.7228,0.91,95.6588,11.1933,13504904.4174
688008.SH,2026-01-05,119.5,129.25,119.5,127.75,117.8,9.95,8.4465,533779.69,6697219.456,4.656,2.48,103.7386,12.1387,14645598.8058
688008.SH,2026-01-06,129.0,135.63,127.05,133.52,127.75,5.77,4.5166,534905.77,7068415.855,4.6659,1.88,108.4241,12.687,15307086.9084
688008.SH,2026-01-07,141.0,143.29,133.1,135.7,133.52,2.18,1.6327,621265.66,8527476.023,5.4191,1.76,110.1944,12.8941,15557007.89
688008.SH,2026-01-08,134.5,135.88,131.5,132.08,135.7,-3.62,-2.6676,403319.3,5373015.63,3.5181,0.94,107.2548,12.5501,15142001.4894
688008.SH,2026-01-09,131.0,133.77,129.26,132.38,132.08,0.3,0.2271,357015.66,4697780.145,3.1142,0.78,107.4984,12.5787,15176394.285
688008.SH,2026-01-12,134.16,134.98,130.61,132.24,132.38,-0.14,-0.1058,412043.03,5457945.577,3.5942,0.84,107.3847,12.5653,15160344.3137
688008.SH,2026-01-13,132.24,134.07,128.5,129.5,132.24,-2.74,-2.072,363459.73,4755801.76,3.1704,0.78,105.1597,12.305,14846223.447
688008.SH,2026-01-14,131.99,135.85,130.19,132.45,129.5,2.95,2.278,523522.37,6980979.874,4.5666,1.21,107.5552,12.5853,15184419.2706
688008.SH,2026-01-15,132.8,137.08,132.4,135.2,132.45,2.75,2.0763,480064.73,6470337.082,4.1875,1.17,109.7883,12.8466,15499686.5639
688008.SH,2026-01-16,138.1,144.0,136.0,142.59,135.2,7.39,5.466,646187.79,9066637.555,5.6365,1.51,115.7893,13.5488,16346895.7629
688008.SH,2026-01-19,141.5,142.0,137.1,138.9,142.59,-3.69,-2.5878,520448.89,7229000.807,4.5397,1.07,112.7929,13.1982,15923864.3767
688008.SH,2026-01-20,137.95,147.0,137.5,143.0,138.9,4.1,2.9518,624025.24,8965934.253,5.4432,1.23,116.1223,13.5878,16393899.2503
688008.SH,2026-01-21,144.0,163.2,143.7,160.02,143.0,17.02,11.9021,903534.38,14053821.104,7.8813,1.62,129.9433,15.205,18345117.189
688008.SH,2026-01-22,172.87,181.8,164.11,167.9,160.02,7.88,4.9244,1140818.79,19457143.659,9.9511,1.8,136.3422,15.9537,19248501.2876
688008.SH,2026-01-23,163.2,170.47,158.01,160.02,167.9,-7.88,-4.6933,743836.21,12036487.451,6.4883,0.97,129.9433,15.205,18345117.189
688008.SH,2026-01-26,158.19,169.34,158.19,164.11,160.02,4.09,2.5559,680821.47,11289036.898,5.9386,0.87,133.2645,15.5936,18814005.6361
688008.SH,2026-01-27,162.13,170.48,155.6,169.02,164.11,4.91,2.9919,661490.15,10860031.421,5.77,0.81,137.2517,16.0602,19376901.0579
688008.SH,2026-01-28,171.0,176.18,168.88,173.26,169.02,4.24,2.5086,649919.83,11220605.164,5.6691,0.79,140.6947,16.463,19862985.9028
688008.SH,2026-01-29,175.6,176.0,162.12,162.18,173.26,-11.08,-6.395,602538.22,10043739.113,5.2558,0.78,131.6973,15.4102,18592745.3176
688008.SH,2026-01-30,160.48,185.88,160.2,181.85,162.18,19.67,12.1285,914321.0,15888889.058,7.9754,1.37,147.6702,17.2793,20847766.2844
688008.SH,2026-02-02,181.0,188.88,176.39,177.93,181.85,-3.92,-2.1556,759818.61,13766339.252,6.6277,1.08,144.487,16.9068,20398367.0882
688008.SH,2026-02-03,184.79,188.79,175.0,182.03,177.93,4.1,2.3043,684196.18,12463547.881,5.9681,0.95,147.8164,17.2964,20868401.9618
688008.SH,2026-02-04,175.6,175.69,164.11,170.9,182.03,-11.13,-6.1144,567404.17,9577099.946,4.9493,0.79,138.7783,16.2388,19592429.2439
688008.SH,2026-02-05,161.88,170.65,161.5,168.15,170.9,-2.75,-1.6091,324652.15,5433114.062,2.8319,0.46,136.5452,15.9775,19277161.9506
688008.SH,2026-02-06,165.0,166.96,162.8,163.54,168.15,-4.61,-2.7416,315152.1,5193818.869,2.749,0.48,132.8017,15.5395,18748659.3244
688008.SH,2026-02-09,170.88,173.8,165.87,173.45,163.54,9.91,6.0597,423301.56,7195903.953,3.6924,0.8,140.849,16.4811,19884768.0067
688008.SH,2026-02-10,172.5,180.0,172.11,177.5,173.45,4.05,2.335,389776.43,6880679.822,3.3999,0.84,152.422,11.8179,21518618.2478
688008.SH,2026-02-11,174.9,174.9,168.52,169.9,177.5,-7.6,-4.2817,285694.13,4884135.853,2.492,0.71,145.8958,11.3119,20597257.6918
688008.SH,2026-02-12,171.68,174.9,165.0,168.11,169.9,-1.79,-1.0536,401026.13,6717266.03,3.4981,1.15,144.3587,11.1927,20380253.0345
688008.SH,2026-02-13,166.8,171.1,164.23,164.6,168.11,-3.51,-2.0879,292600.81,4875817.521,2.5523,0.81,142.4969,11.0484,20117412.3457
688008.SH,2026-02-24,169.99,177.64,167.03,174.61,164.6,10.01,6.0814,403826.09,6969692.576,3.5225,1.13,151.1627,11.153,21340834.5667
688008.SH,2026-02-25,174.62,174.63,165.61,167.74,174.61,-6.87,-3.9345,359921.04,6047307.975,3.1395,1.02,145.2153,10.7142,20501183.1523
688008.SH,2026-02-26,167.9,168.88,163.88,165.12,167.74,-2.62,-1.5619,343616.43,5689131.101,2.9973,0.99,142.9471,10.5469,20180966.7468
688008.SH,2026-02-27,162.5,165.68,161.56,163.55,165.12,-1.57,-0.9508,258207.72,4204995.601,2.2523,0.72,141.5879,10.4466,19989081.3435
688008.SH,2026-03-02,159.03,164.56,158.26,159.44,163.55,-4.11,-2.513,312124.32,5021299.24,2.7226,0.94,138.0298,10.1841,19486757.1348
688008.SH,2026-03-03,160.06,160.96,147.67,147.89,159.44,-11.55,-7.2441,522089.58,7929787.641,4.5541,1.56,128.0308,9.4463,18075116.1106
688008.SH,2026-03-04,147.0,154.84,147.0,150.31,147.89,2.42,1.6364,407250.55,6178671.223,3.5523,1.13,130.1258,9.6009,18370888.5157
688008.SH,2026-03-05,156.51,156.83,151.11,152.63,150.31,2.32,1.5435,302019.25,4637827.383,2.6344,0.82,132.1343,9.7491,18654438.9205
688008.SH,2026-03-06,150.88,154.68,150.63,151.61,152.63,-1.02,-0.6683,210908.11,3209139.23,1.8397,0.59,131.2512,9.6839,18529774.5184
688008.SH,2026-03-09,145.0,149.28,140.83,148.18,151.61,-3.43,-2.2624,365598.49,5283916.931,3.189,1.04,128.2818,9.4648,18110559.9112
688008.SH,2026-03-10,152.99,154.02,150.86,152.98,148.18,4.8,3.2393,305722.21,4669719.591,2.6667,0.85,132.4373,9.7714,18697215.9213
688008.SH,2026-03-11,154.09,154.31,149.32,149.8,152.98,-3.18,-2.0787,251905.45,3804569.502,2.1973,0.79,129.6843,9.5683,18308556.3146
688008.SH,2026-03-12,149.05,151.09,146.29,147.85,149.8,-1.95,-1.3017,235285.72,3492954.221,2.0523,0.82,127.9962,9.4438,18070227.3105
688008.SH,2026-03-13,146.77,150.45,145.24,146.5,147.85,-1.35,-0.9131,265748.76,3921210.918,2.3181,0.97,126.8274,9.3575,17905230.3077
688008.SH,2026-03-16,147.0,153.71,145.4,152.5,146.5,6.0,4.0956,409654.81,6145692.306,3.5733,1.44,132.0217,9.7408,18638550.3203
688008.SH,2026-03-17,153.0,153.0,146.42,146.59,152.5,-5.91,-3.8754,299524.47,4463314.315,2.6127,1.02,126.9054,9.3633,17916230.1078
688008.SH,2026-03-18,150.0,153.95,148.62,153.62,146.59,7.03,4.7957,479787.5,7302233.907,4.1851,1.64,132.9913,9.8123,18775436.7226
688008.SH,2026-03-19,150.54,153.56,148.75,149.68,153.62,-3.94,-2.5648,382433.78,5771710.067,3.3359,1.13,129.5804,9.5607,18293889.9143
688008.SH,2026-03-20,151.4,151.87,144.86,144.9,149.68,-4.78,-3.1935,350753.43,5195762.804,3.0595,0.95,125.4423,9.2553,17709678.3043
688008.SH,2026-03-23,139.99,142.38,135.91,136.8,144.9,-8.1,-5.5901,383499.82,5332637.842,3.3452,1.0,118.43,8.738,16719696.2873
688008.SH,2026-03-24,140.0,140.0,132.1,137.57,136.8,0.77,0.5629,300404.34,4070281.341,2.6204,0.79,119.0966,8.7871,16813805.6889
688008.SH,2026-03-25,139.5,143.88,139.2,142.0,137.57,4.43,3.2202,325799.74,4614540.748,2.8419,0.86,122.9317,9.0701,17355240.2982
688008.SH,2026-03-26,139.88,140.34,136.1,136.99,142.0,-5.01,-3.5282,248477.42,3429348.107,2.1674,0.71,118.5945,8.7501,16742918.0877
688008.SH,2026-03-27,132.01,136.95,131.59,135.1,136.99,-1.89,-1.3797,234873.11,3155339.568,2.0487,0.73,116.9583,8.6294,16511922.2837
688008.SH,2026-03-30,131.58,133.3,131.05,132.0,135.1,-3.1,-2.2946,255719.49,3378424.406,2.2306,0.86,114.2746,8.4314,16133040.2772
688008.SH,2026-03-31,130.0,130.0,125.0,125.28,132.0,-6.72,-5.0909,364438.45,4627857.546,3.1789,1.33,68.4914,7.6585,15311721.8631
688008.SH,2026-04-01,130.0,131.12,127.27,129.97,125.28,4.69,3.7436,342306.27,4427751.403,2.9859,1.2,71.0554,7.9452,15884933.6729
688008.SH,2026-04-02,131.6,133.4,127.72,129.0,129.97,-0.97,-0.7463,305824.23,3994346.358,2.6676,1.06,70.5251,7.8859,15766380.2709
688008.SH,2026-04-03,130.71,131.05,127.0,127.26,129.0,-1.74,-1.3488,185980.57,2383276.219,1.6223,0.62,69.5738,7.7796,15553717.4672
688008.SH,2026-04-07,128.97,130.5,127.69,127.9,127.26,0.64,0.5029,198025.96,2553643.322,1.7273,0.68,69.9237,7.8187,15631938.2686
688008.SH,2026-04-08,133.67,139.21,132.53,139.21,127.9,11.31,8.8428,500428.66,6807382.587,4.3651,1.79,76.107,8.5101,17014246.4923
688008.SH,2026-04-09,137.52,141.9,136.66,139.17,139.21,-0.04,-0.0287,371454.23,5192060.559,3.2401,1.21,76.0851,8.5076,17009357.6923
688008.SH,2026-04-10,143.0,145.5,142.3,143.53,139.17,4.36,3.1329,401408.66,5781459.387,3.5014,1.29,78.4687,8.7742,17542236.9014
688008.SH,2026-04-13,142.4,155.15,142.38,152.3,143.53,8.77,6.1102,534921.0,8013876.154,4.666,1.61,83.2634,9.3103,18614106.3198
688008.SH,2026-04-14,157.5,160.0,153.06,153.36,152.3,1.06,0.696,630131.64,9866055.917,5.4965,1.57,83.8429,9.3751,18743659.5221
688008.SH,2026-04-15,156.0,156.08,146.03,147.18,153.36,-6.18,-4.0297,491316.62,7391381.043,4.2856,1.01,80.4642,8.9973,17988339.9091
688008.SH,2026-04-16,147.48,152.85,144.34,151.0,147.18,3.82,2.5955,397312.02,5943470.586,3.4657,0.82,82.5526,9.2308,18455220.3171
688008.SH,2026-04-17,150.52,155.0,150.03,150.78,151.0,-0.22,-0.1457,455253.75,6918522.635,3.9711,0.93,82.4324,9.2174,18428331.9166
688008.SH,2026-04-20,153.2,156.97,152.25,154.66,150.78,3.88,2.5733,432313.91,6681984.367,3.771,0.86,84.5536,9.4545,18902545.5248
688008.SH,2026-04-21,154.69,159.63,149.66,158.4,154.66,3.74,2.4182,452160.78,7056650.218,3.9441,0.94,86.5983,9.6832,19359648.3326
688008.SH,2026-04-22,158.41,164.25,157.29,163.35,158.4,4.95,3.125,581695.2,9344823.543,5.074,1.31,89.3045,9.9858,19964637.343
688008.SH,2026-04-23,166.65,168.88,158.15,159.7,163.35,-3.65,-2.2345,621429.69,10151119.437,5.4206,1.34,87.309,9.7626,19518534.3354
688008.SH,2026-04-24,167.0,172.0,161.4,163.5,159.7,3.8,2.3795,621121.76,10258761.896,5.4179,1.22,89.3865,9.9949,19982970.3434
688008.SH,2026-04-27,174.77,180.6,171.07,178.09,163.5,14.59,8.9235,825574.42,14577855.792,7.2013,1.52,97.3629,10.8868,21766160.174
688008.SH,2026-04-28,172.7,177.37,170.02,173.61,178.09,-4.48,-2.5156,694862.73,12058490.133,6.0611,1.12,94.9137,10.1789,21218614.5646
688008.SH,2026-04-29,171.0,171.95,165.35,169.9,173.61,-3.71,-2.137,517496.5,8740377.398,4.514,0.77,92.8854,9.9614,20765178.3568
688008.SH,2026-04-30,174.28,175.14,169.53,173.3,169.9,3.4,2.0012,591287.93,10225515.353,5.1577,0.9,94.7442,10.1607,21180726.3639
688008.SH,2026-05-06,190.3,205.57,188.01,198.98,173.3,25.68,14.8182,1100589.76,21918317.974,9.6002,1.69,108.7836,11.6664,24319336.0179
688008.SH,2026-05-07,201.99,213.0,200.0,209.91,198.98,10.93,5.493,885443.27,18259174.456,7.7235,1.19,114.7591,12.3072,25655200.6408
688008.SH,2026-05-08,205.0,212.19,203.68,210.27,209.91,0.36,0.1715,623845.07,13002789.032,5.4416,0.82,114.9559,12.3283,25699199.8416
688008.SH,2026-05-11,231.26,252.32,230.0,249.22,210.27,38.95,18.5238,1102142.05,26886059.943,9.6137,1.48,136.2501,14.612,30459668.9234
688008.SH,2026-05-12,240.85,245.74,231.08,240.7,249.22,-8.52,-3.4187,974189.0,23246871.32,8.4976,1.13,131.5922,14.1124,29418354.5055
688008.SH,2026-05-13,233.0,258.8,233.0,258.8,240.7,18.1,7.5197,848754.03,20825582.487,7.4035,0.91,141.4876,15.1737,31630536.5435
688008.SH,2026-05-14,280.0,282.0,262.97,265.08,258.8,6.28,2.4266,1076688.65,29317281.285,9.3917,1.21,144.9209,15.5419,32398078.1567
688008.SH,2026-05-15,265.0,272.0,242.63,247.98,265.08,-17.1,-6.4509,1145286.75,29165161.028,9.9901,1.24,135.5722,14.5393,30308116.1208
688008.SH,2026-05-18,247.2,258.88,243.55,247.99,247.98,0.01,0.004,789791.1,19844303.606,6.8892,0.77,135.5777,14.5399,30309338.3208
688008.SH,2026-05-19,239.05,249.6,233.08,247.11,247.99,-0.88,-0.3549,690322.32,16641271.556,6.0215,0.71,135.0966,14.4883,30201784.7189
688008.SH,2026-05-20,247.12,261.98,247.11,257.3,247.11,10.19,4.1237,747901.77,19129283.434,6.5238,0.82,140.6675,15.0857,31447206.5403
688008.SH,2026-05-21,274.8,287.34,261.0,262.17,257.3,4.87,1.8927,1120043.67,30655307.067,9.7699,1.26,143.33,15.3712,32042417.9506
688008.SH,2026-05-22,272.88,276.74,262.01,271.83,262.17,9.66,3.6846,785466.03,21210617.605,6.8514,0.87,148.6112,15.9376,33223063.1708
688008.SH,2026-05-25,267.0,285.68,262.5,284.08,271.83,12.25,4.5065,894252.1,24433132.286,7.8003,1.08,155.3083,16.6558,34720258.1966
688008.SH,2026-05-26,286.0,286.0,265.55,272.29,284.08,-11.79,-4.1502,789222.72,21495664.613,6.8842,0.93,148.8626,15.9646,33279284.3718
688008.SH,2026-05-27,284.99,288.79,263.88,265.5,272.29,-6.79,-2.4937,766214.3,21249972.465,6.6835,0.88,145.1505,15.5665,32449410.5576
688008.SH,2026-05-28,260.0,263.85,253.23,260.98,265.5,-4.52,-1.7024,624090.77,16126791.592,5.4438,0.72,142.6794,15.3015,31896976.1481
688008.SH,2026-05-29,265.3,272.0,248.8,253.0,260.98,-7.98,-3.0577,730562.03,18926622.143,6.3725,0.95,138.3167,14.8336,30921660.5313
688008.SH,2026-06-01,250.88,252.8,232.12,232.3,253.0,-20.7,-8.1818,719862.74,17309417.346,6.2792,0.95,126.9999,13.6199,28391706.4878
688008.SH,2026-06-02,236.04,242.3,224.95,237.0,232.3,4.7,2.0232,666310.87,15623059.971,5.8121,0.92,129.5694,13.8955,28966140.4977
688008.SH,2026-06-03,248.25,265.11,245.11,253.9,237.0,16.9,7.1308,913173.85,23401315.656,7.9654,1.3,138.8087,14.8864,31031658.5332
688008.SH,2026-06-04,248.5,265.0,248.01,259.67,253.9,5.77,2.2725,650951.0,16975622.033,5.6781,0.89,141.9632,15.2247,31736867.9453
688008.SH,2026-06-05,249.98,254.56,237.61,239.39,259.67,-20.28,-7.8099,692407.58,17072494.074,6.0397,0.94,130.876,14.0356,29258246.3027
688008.SH,2026-06-08,221.0,232.19,221.0,224.31,239.39,-15.08,-6.2993,609372.92,13831005.9,5.3154,0.84,122.6317,13.1515,27415168.6711
688008.SH,2026-06-09,233.58,239.16,228.85,236.4,224.31,12.09,5.3899,528244.28,12350581.487,4.6077,0.75,129.2414,13.8603,28892808.4964
688008.SH,2026-06-10,233.16,239.56,228.6,231.0,236.4,-5.4,-2.2843,429641.62,10025176.119,3.7477,0.63,126.2891,13.5437,28232820.4851
688008.SH,2026-06-11,231.0,234.63,224.72,228.7,231.0,-2.3,-0.9957,429837.18,9858025.357,3.7494,0.74,125.0317,13.4089,27951714.4803
688008.SH,2026-06-12,243.99,245.0,223.7,224.88,228.7,-3.82,-1.6703,637454.14,14891803.524,5.5604,1.19,122.9433,13.1849,27484834.0722
688008.SH,2026-06-15,230.22,240.18,223.33,240.1,224.88,15.22,6.7681,537361.69,12571796.508,4.6873,1.02,131.2642,14.0773,29345022.5042
688008.SH,2026-06-16,243.21,247.16,238.71,244.17,240.1,4.07,1.6951,538361.74,13097791.05,4.696,1.05,133.4893,14.3159,29842457.9128
688008.SH,2026-06-17,238.87,262.65,238.09,262.5,244.17,18.33,7.5071,741506.7,18771027.097,6.468,1.44,143.5104,15.3906,32082750.5513
688008.SH,2026-06-18,260.0,275.28,258.01,269.9,262.5,7.4,2.819,815716.99,21797711.131,7.1153,1.41,147.556,15.8245,32987178.5668
688008.SH,2026-06-22,276.0,285.0,269.0,280.05,269.9,10.15,3.7607,795528.29,22143863.153,6.9392,1.22,153.1051,16.4196,34227711.5881
688008.SH,2026-06-23,275.01,278.0,255.55,258.0,280.05,-22.05,-7.8736,774899.04,20536285.888,6.7593,1.13,141.0502,15.1267,31532760.5418
688008.SH,2026-06-24,256.0,266.5,253.66,266.49,258.0,8.49,3.2907,635914.65,16616342.485,5.5469,0.87,145.6917,15.6245,32570408.3596
688008.SH,2026-06-25,277.5,284.99,268.0,279.16,266.49,12.67,4.7544,913012.16,25353678.687,7.964,1.21,152.6185,16.3674,34118935.7862
688008.SH,2026-06-26,272.51,276.97,257.02,261.82,279.16,-17.34,-6.2115,755001.92,20074810.816,6.5857,0.96,143.1386,15.3507,31999640.9498
688008.SH,2026-06-29,262.0,296.66,262.0,296.06,261.82,34.24,13.0777,1067262.92,30294267.139,9.3095,1.38,161.8578,17.3582,36184453.8217
688008.SH,2026-06-30,296.66,313.13,290.01,309.9,296.06,13.84,4.6747,899117.57,27285066.121,7.8428,1.08,169.4243,18.1697,37875978.6508
688008.SH,2026-07-01,312.21,332.9,300.0,315.89,309.9,5.99,1.9329,886647.92,27980498.749,7.734,1.04,172.699,18.5209,38608076.4634
688008.SH,2026-07-02,294.98,298.56,268.78,269.15,315.89,-46.74,-14.7963,899764.08,25642706.037,7.8484,1.0,147.146,15.7805,32895513.5652
688008.SH,2026-07-03,262.15,280.79,255.76,266.8,269.15,-2.35,-0.8731,723750.1,19465895.835,6.3131,0.8,145.8612,15.6427,32608296.5603
688008.SH,2026-07-06,277.0,277.77,252.85,268.68,266.8,1.88,0.7046,633465.02,16891296.871,5.5256,0.71,146.889,15.7529,32838070.1642
688008.SH,2026-07-07,259.7,265.78,248.25,253.2,268.68,-15.48,-5.7615,607205.0,15610414.958,5.2965,0.75,138.426,14.8453,30946104.5317
688008.SH,2026-07-08,256.0,260.12,240.01,247.15,253.2,-6.05,-2.3894,511463.53,12823218.259,4.4678,0.68,134.9347,14.4709,30165596.67
688008.SH,2026-07-09,254.1,285.8,253.01,285.8,247.15,38.65,15.6383,821931.97,21958102.387,7.1799,1.22,156.0362,16.7339,34882976.04
688008.SH,2026-07-10,291.51,297.96,267.99,268.06,285.8,-17.74,-6.2071,830992.51,23714307.633,7.2591,1.26,146.3508,15.6952,32717741.628
688008.SH,2026-07-13,263.0,273.99,250.55,252.79,268.06,-15.27,-5.6965,568035.21,14842277.375,4.962,0.83,138.0139,14.8011,30853980.102
688008.SH,2026-07-14,252.79,270.0,248.3,270.0,252.79,17.21,6.808,636142.09,16538871.449,5.557,0.95,147.41,15.8088,32954526.0
688008.SH,2026-07-15,273.09,275.0,252.68,252.68,270.0,-17.32,-6.4148,535090.66,13901897.105,4.6742,0.79,137.9539,14.7947,30840554.184
688008.SH,2026-07-16,233.03,241.38,204.12,211.13,252.68,-41.55,-16.4437,1160079.57,25578638.046,10.1338,1.71,115.2691,12.3619,25769218.794
688008.SH,2026-07-17,205.01,207.88,182.36,183.6,211.13,-27.53,-13.0394,976888.28,18880476.606,8.5335,1.31,100.2388,10.75,22409077.68
688008.SH,2026-07-20,195.0,198.0,180.25,189.94,183.6,6.34,3.4532,771423.86,14545175.594,6.7387,1.0,103.7002,11.1212,23182898.772
688008.SH,2026-07-21,197.77,220.6,181.0,219.6,189.94,29.66,15.6155,929386.4,18811111.102,8.1186,1.14,119.8934,12.8578,26803014.48
688008.SH,2026-07-22,218.0,239.0,215.0,223.0,219.6,3.4,1.5483,902888.29,20530811.036,7.8871,1.03,121.7497,13.0569,27217997.4
688008.SH,2026-07-23,228.45,230.98,220.3,225.5,223.0,2.5,1.1211,490019.65,11030698.208,4.2805,0.52,123.1146,13.2033,27523131.9
688008.SH,2026-07-24,224.0,237.4,223.0,233.66,225.5,8.16,3.6186,594506.24,13789725.783,5.1933,0.73,127.5697,13.681,28519090.908
688008.SH,2026-07-27,234.0,234.0,214.01,227.45,233.66,-6.21,-2.6577,583684.85,13078689.183,5.0987,0.79,124.1792,13.3174,27761136.81
688008.SH,2026-07-28,215.0,221.96,203.99,206.04,227.45,-21.41,-9.4131,622040.73,13210014.53,5.4338,0.89,112.4902,12.0639,25147964.952
688008.SH,2026-07-29,207.0,211.3,191.8,207.5,205.65,1.85,0.8996,636235.17,12880930.135,5.5578,1.0,113.2873,12.1493,25326163.5
688008.SH,2026-07-30,205.0,210.77,194.53,196.78,207.5,-10.72,-5.1663,587500.78,11830317.561,5.1321,1.0,107.4346,11.5217,24017746.764
688008.SH,2026-07-31,222.02,223.0,204.6,204.9,196.78,8.12,4.1264,656709.33,14138178.686,5.7366,1.09,111.8678,11.9971,25008823.62
688008.SH,2026-08-03,201.0,203.58,189.78,189.94,204.9,-14.96,-7.3011,472522.86,9165221.114,4.1277,0.77,103.7002,11.1212,23182898.772
688008.SH,2026-08-04,194.0,204.98,191.0,203.25,189.94,13.31,7.0075,493548.33,9830222.561,4.3114,0.83,110.9669,11.9005,24807434.85
688008.SH,2026-08-05,200.5,216.1,200.42,212.0,203.25,8.75,4.305,579075.18,12169190.898,5.0585,1.02,115.7441,12.4128,25875405.6
688008.SH,2026-08-06,203.8,213.3,202.0,208.36,212.0,-3.64,-1.717,481978.3,9991269.827,4.2103,0.86,113.7568,12.1997,25431129.768
688008.SH,2026-08-07,207.05,217.47,205.0,215.52,208.36,7.16,3.4364,520728.39,11147212.154,4.5488,0.97,117.6659,12.6189,26305034.976
688008.SH,2026-08-10,215.52,217.0,203.6,206.92,215.52,-8.6,-3.9903,438767.72,9153609.36,3.8328,0.86,112.9706,12.1154,25255372.296
688008.SH,2026-08-11,203.55,214.4,202.85,206.7,206.92,-0.22,-0.1063,361665.53,7554171.345,3.1593,0.72,112.8505,12.1025,25228520.46
688008.SH,2026-08-12,209.1,217.22,207.58,215.43,206.7,8.73,4.2235,442238.07,9439631.63,3.8631,0.93,117.6168,12.6137,26294050.134
688008.SH,2026-08-13,221.8,225.3,210.12,210.22,215.43,-5.21,-2.4184,477775.34,10469579.96,4.1736,1.06,114.7723,12.3086,25658149.836
688008.SH,2026-08-14,215.0,216.68,209.88,211.91,210.22,1.69,0.8039,313525.1,6673012.601,2.7388,0.7,115.695,12.4076,25864420.758
688008.SH,2026-08-17,213.0,224.37,210.33,224.37,211.91,12.46,5.8799,516516.99,11298363.669,4.512,1.27,122.4977,13.1371,27385211.106
688008.SH,2026-08-18,225.15,226.45,216.39,218.0,224.37,-6.37,-2.8391,443924.05,9788243.117,3.8779,1.05,119.0199,12.7641,26607728.4
688008.SH,2026-08-19,208.01,210.81,198.0,200.0,218.0,-18.0,-8.2569,510637.62,10401047.973,4.4606,1.16,109.1926,11.7102,24410760.0
688008.SH,2026-08-20,203.08,203.75,196.8,199.11,200.0,-0.89,-0.445,268056.38,5371727.482,2.3416,0.59,108.7066,11.6581,24302132.118
688008.SH,2026-08-21,200.22,204.18,199.11,200.55,199.11,1.44,0.7232,211590.32,4259877.036,1.8483,0.52,109.4928,11.7424,24477889.59
688008.SH,2026-08-24,200.57,200.59,188.06,191.83,200.55,-8.72,-4.348,333639.61,6416711.245,2.9145,0.86,104.732,11.2319,23413580.454
688008.SH,2026-08-25,189.48,196.16,186.5,194.42,191.83,2.59,1.3502,237094.26,4544079.846,2.0711,0.67,106.1461,11.3835,23729699.796
688008.SH,2026-08-26,197.0,202.03,191.15,201.0,194.42,6.58,3.3844,302467.97,5973043.78,2.6422,0.97,109.7385,11.7688,24532813.8
688008.SH,2026-08-27,205.0,221.96,202.79,221.22,201.0,20.22,10.0597,672688.34,14462577.105,5.8762,2.49,120.7779,12.9527,27000741.636
688008.SH,2026-08-28,217.01,221.49,213.0,213.0,221.22,-8.22,-3.7158,389727.43,8457061.77,3.4044,1.11,116.2901,12.4714,25997459.4
688008.SH,2026-08-31,204.3,207.0,198.5,204.95,213.0,-8.05,-3.7793,448261.92,9086340.337,3.9158,1.16,111.8951,11.6261,25014926.31
688008.SH,2026-09-01,204.0,204.36,196.69,198.35,204.95,-6.6,-3.2203,261120.36,5194138.572,2.281,0.64,108.2917,11.2517,24209371.23
688008.SH,2026-09-02,194.39,196.34,190.18,193.1,198.35,-5.25,-2.6468,249396.9,4819548.761,2.1786,0.6,105.4254,10.9539,23568588.78
