ts_code,trade_date,open,high,low,close,pre_close,change,pct_chg,vol,amount,turnover_rate,volume_ratio,pe,pb,total_mv
688396.SH,2023-01-03,52.62,53.31,51.94,53.31,52.65,0.66,1.2536,33030.77,174170.028,0.7488,1.49,31.0302,3.6319,7037409.711
688396.SH,2023-01-04,53.09,53.88,53.06,53.18,53.31,-0.13,-0.2439,30810.05,164333.747,0.6985,1.31,30.9546,3.623,7020248.5168
688396.SH,2023-01-05,53.22,53.84,53.0,53.46,53.18,0.28,0.5265,26517.15,141782.967,0.6011,1.06,31.1175,3.6421,7057211.0889
688396.SH,2023-01-06,53.13,54.29,52.92,53.61,53.46,0.15,0.2806,42398.06,227501.825,0.9612,1.6,31.2049,3.6523,7077012.4668
688396.SH,2023-01-09,53.79,54.46,53.56,53.74,53.61,0.13,0.2425,29468.45,158971.607,0.6681,0.94,31.2805,3.6612,7094173.661
688396.SH,2023-01-10,53.62,54.54,53.35,53.78,53.74,0.04,0.0744,39583.89,213644.812,0.8974,1.22,31.3038,3.6639,7099454.0285
688396.SH,2023-01-11,53.71,54.31,52.7,52.75,53.78,-1.03,-1.9152,41358.75,220614.067,0.9376,1.23,30.7043,3.5937,6963484.5668
688396.SH,2023-01-12,52.75,53.14,51.85,52.07,52.75,-0.68,-1.2891,33115.33,172767.639,0.7507,0.92,30.3085,3.5474,6873718.3202
688396.SH,2023-01-13,52.25,52.64,52.01,52.64,52.07,0.57,1.0947,21340.54,111741.551,0.4838,0.57,30.6402,3.5863,6948963.5563
688396.SH,2023-01-16,52.37,55.28,52.37,54.87,52.64,2.23,4.2363,60104.31,325784.103,1.3626,1.82,31.9383,3.7382,7243344.0413
688396.SH,2023-01-17,55.0,56.31,54.6,56.06,54.87,1.19,2.1688,47942.15,267687.002,1.0869,1.23,32.6309,3.8192,7400434.9728
688396.SH,2023-01-18,56.09,56.76,55.71,56.05,56.06,-0.01,-0.0178,33748.55,189453.163,0.7651,0.83,32.6251,3.8186,7399114.8809
688396.SH,2023-01-19,55.85,56.59,55.7,56.44,56.05,0.39,0.6958,31436.38,176994.789,0.7127,0.8,32.8521,3.8451,7450598.4635
688396.SH,2023-01-20,56.36,56.88,56.06,56.46,56.44,0.02,0.0354,28319.62,159815.314,0.642,0.73,32.8638,3.8465,7453238.6472
688396.SH,2023-01-30,57.21,57.55,56.23,56.23,56.46,-0.23,-0.4074,35776.06,202478.188,0.811,0.89,32.7299,3.8308,7422876.5344
688396.SH,2023-01-31,56.24,56.62,54.82,54.87,56.23,-1.36,-2.4186,39886.39,220417.87,0.9042,1.13,31.9383,3.7382,7243344.0413
688396.SH,2023-02-01,55.2,56.28,55.16,56.22,54.87,1.35,2.4604,35919.21,200541.802,0.8143,1.06,32.7241,3.8301,7421556.4425
688396.SH,2023-02-02,56.49,57.49,56.41,56.6,56.22,0.38,0.6759,41513.4,236193.431,0.9411,1.21,32.9452,3.856,7471719.9333
688396.SH,2023-02-03,56.52,56.96,55.5,56.65,56.6,0.05,0.0883,31184.45,175163.247,0.707,0.86,32.9744,3.8594,7478320.3926
688396.SH,2023-02-06,56.36,56.72,55.56,55.82,56.65,-0.83,-1.4651,24831.22,139223.935,0.5629,0.67,32.4912,3.8029,7368752.7681
688396.SH,2023-02-07,55.88,56.24,55.36,56.06,55.82,0.24,0.43,22951.27,127920.99,0.5203,0.66,32.6309,3.8192,7400434.9728
688396.SH,2023-02-08,56.1,56.8,55.2,55.23,56.06,-0.83,-1.4806,24598.6,137349.86,0.5577,0.79,32.1478,3.7627,7290867.3483
688396.SH,2023-02-09,55.27,57.79,55.19,57.57,55.23,2.34,4.2368,59712.32,339501.452,1.3537,2.06,33.5099,3.9221,7599768.8438
688396.SH,2023-02-10,57.5,57.98,56.86,57.43,57.57,-0.14,-0.2432,37472.9,215364.902,0.8495,1.15,33.4284,3.9126,7581287.5577
688396.SH,2023-02-13,57.17,58.3,57.14,57.78,57.43,0.35,0.6094,38278.34,221003.518,0.8678,1.13,33.6321,3.9364,7627490.7729
688396.SH,2023-02-14,57.78,58.7,57.1,57.68,57.78,-0.1,-0.1731,36162.46,209146.226,0.8198,0.99,33.5739,3.9296,7614289.8542
688396.SH,2023-02-15,57.75,57.98,56.89,57.47,57.68,-0.21,-0.3641,30366.31,174546.586,0.6884,0.77,33.4516,3.9153,7586567.9252
688396.SH,2023-02-16,57.45,57.81,55.6,55.89,57.47,-1.58,-2.7493,54463.44,309091.977,1.2347,1.35,32.532,3.8077,7377993.4111
688396.SH,2023-02-17,55.89,56.29,54.43,54.43,55.89,-1.46,-2.6123,41892.01,231461.521,0.9497,1.06,31.6822,3.7082,7185259.9994
688396.SH,2023-02-20,54.54,55.08,53.92,54.82,54.43,0.39,0.7165,29002.88,157970.181,0.6575,0.72,31.9092,3.7348,7236743.582
688396.SH,2023-02-21,54.55,55.25,54.45,54.81,54.82,-0.01,-0.0182,24022.31,131834.243,0.5446,0.63,31.9033,3.7341,7235423.4901
688396.SH,2023-02-22,54.55,55.09,54.45,54.77,54.81,-0.04,-0.073,17234.96,94436.241,0.3907,0.48,31.8801,3.7314,7230143.1227
688396.SH,2023-02-23,55.01,55.09,54.41,54.65,54.77,-0.12,-0.2191,23160.41,126763.526,0.525,0.7,31.8102,3.7232,7214302.0204
688396.SH,2023-02-24,54.93,55.47,54.42,54.58,54.65,-0.07,-0.1281,27489.59,150802.563,0.6232,1.02,31.7695,3.7184,7205061.3773
688396.SH,2023-02-27,54.45,54.8,54.1,54.19,54.58,-0.39,-0.7145,27110.66,147136.251,0.2054,1.12,31.5425,3.5798,7153577.7948
688396.SH,2023-02-28,54.2,54.59,53.41,54.19,54.19,0.0,0.0,34990.19,188565.024,0.2651,1.47,31.5425,3.5798,7153577.7948
688396.SH,2023-03-01,54.02,54.7,54.01,54.59,54.19,0.4,0.7381,29943.98,162938.05,0.2268,1.15,31.7753,3.6062,7206381.4692
688396.SH,2023-03-02,54.6,55.42,54.59,54.69,54.59,0.1,0.1832,30040.8,164872.39,0.2276,1.05,31.8335,3.6128,7219582.3878
688396.SH,2023-03-03,55.51,56.93,55.5,56.43,54.69,1.74,3.1816,64593.31,362956.164,0.4893,2.16,32.8463,3.7277,7449278.3716
688396.SH,2023-03-06,56.56,59.59,56.1,58.9,56.43,2.47,4.3771,122371.5,712378.489,0.927,3.28,34.284,3.8909,7775341.0613
688396.SH,2023-03-07,58.88,59.08,57.26,57.4,58.9,-1.5,-2.5467,71340.79,415277.546,0.5404,1.27,33.4109,3.7918,7577327.2821
688396.SH,2023-03-08,57.28,58.48,57.14,58.18,57.4,0.78,1.3589,46173.03,267728.102,0.3498,0.73,33.8649,3.8434,7680294.4473
688396.SH,2023-03-09,58.3,59.1,57.8,58.15,58.18,-0.03,-0.0516,48463.49,283023.534,0.3671,0.72,33.8475,3.8414,7676334.1717
688396.SH,2023-03-10,57.82,58.67,57.65,57.89,58.15,-0.26,-0.4471,51010.01,296817.637,0.3864,0.72,33.6961,3.8242,7642011.7833
688396.SH,2023-03-13,57.7,58.22,57.22,58.12,57.89,0.23,0.3973,40933.08,236053.154,0.3101,0.6,33.83,3.8394,7672373.8961
688396.SH,2023-03-14,57.85,60.55,57.68,60.19,58.12,2.07,3.5616,123445.39,736428.028,0.9351,2.39,35.0349,3.9761,7945632.9114
688396.SH,2023-03-15,60.25,61.07,59.17,59.61,60.19,-0.58,-0.9636,92284.69,554550.502,0.6991,1.49,34.6973,3.9378,7869067.5834
688396.SH,2023-03-16,59.1,60.5,59.01,59.35,59.61,-0.26,-0.4362,75674.79,452214.244,0.5733,1.06,34.5459,3.9206,7834745.195
688396.SH,2023-03-17,59.79,60.66,59.1,59.75,59.35,0.4,0.674,95249.29,571324.436,0.7215,1.24,34.7788,3.9471,7887548.8695
688396.SH,2023-03-20,59.32,60.69,59.16,59.72,59.75,-0.03,-0.0502,87495.87,525251.748,0.6628,1.02,34.7613,3.9451,7883588.5939
688396.SH,2023-03-21,59.71,60.93,59.25,60.47,59.72,0.75,1.2559,62638.39,377407.55,0.4745,0.66,35.1979,3.9946,7982595.4835
688396.SH,2023-03-22,60.82,61.2,60.05,60.83,60.47,0.36,0.5953,57519.22,349065.96,0.4357,0.7,35.4074,4.0184,8030118.7905
688396.SH,2023-03-23,60.59,63.2,60.43,62.48,60.83,1.65,2.7125,124364.25,774665.308,0.9421,1.64,36.3678,4.1274,8247933.9475
688396.SH,2023-03-24,62.8,62.8,61.02,61.76,62.48,-0.72,-1.1524,80148.76,495039.71,0.6071,0.94,35.9487,4.0798,8152887.3335
688396.SH,2023-03-27,61.5,61.65,59.65,60.38,61.76,-1.38,-2.2345,91211.82,551634.538,0.691,1.11,35.1455,3.9887,7970714.6567
688396.SH,2023-03-28,60.07,60.58,59.3,59.4,60.38,-0.98,-1.6231,51529.62,308195.175,0.3903,0.62,34.575,3.9239,7841345.6543
688396.SH,2023-03-29,59.53,61.79,59.24,61.0,59.4,1.6,2.6936,75640.44,458018.471,0.573,0.93,35.5064,4.0296,8052560.3521
688396.SH,2023-03-30,60.88,61.55,59.6,60.2,61.0,-0.8,-1.3115,65204.83,393933.158,0.4939,0.77,35.0407,3.9768,7946953.0032
688396.SH,2023-03-31,60.41,61.05,59.77,60.46,60.2,0.26,0.4319,50312.73,303642.093,0.3811,0.69,35.192,3.994,7981275.3916
688396.SH,2023-04-03,61.14,62.62,60.46,62.19,60.46,1.73,2.8614,121207.47,749022.836,0.9182,1.82,36.199,4.1083,8209651.2836
688396.SH,2023-04-04,62.28,64.15,62.0,62.46,62.19,0.27,0.4342,155468.22,981296.092,1.1777,2.14,36.3562,4.1261,8245293.7638
688396.SH,2023-04-06,61.87,66.08,61.53,64.49,62.46,2.03,3.2501,193507.78,1243854.552,1.4659,2.07,37.5378,4.2602,8513272.4116
688396.SH,2023-04-07,64.7,65.95,63.45,64.08,64.49,-0.41,-0.6358,119242.05,766788.605,0.9033,1.02,37.2991,4.2331,8459148.6453
688396.SH,2023-04-10,64.1,65.85,62.73,63.12,64.08,-0.96,-1.4981,124392.7,797077.828,0.9423,0.97,36.7404,4.1697,8332419.8266
688396.SH,2023-04-11,63.34,63.78,62.11,63.32,63.12,0.2,0.3169,90028.6,567741.007,0.682,0.63,36.8568,4.1829,8358821.6639
688396.SH,2023-04-12,63.58,63.92,62.36,63.36,63.32,0.04,0.0632,81488.77,516185.076,0.6173,0.6,36.8801,4.1855,8364102.0313
688396.SH,2023-04-13,63.0,63.49,60.82,60.94,63.36,-2.42,-3.8194,93840.82,580349.236,0.7109,0.77,35.4714,4.0257,8044639.8009
688396.SH,2023-04-14,61.3,62.78,59.74,62.45,60.94,1.51,2.4778,100563.25,618541.102,0.7618,0.99,36.3504,4.1254,8243973.6719
688396.SH,2023-04-17,62.41,63.15,61.83,62.1,62.45,-0.35,-0.5604,68809.04,428815.064,0.5212,0.7,36.1466,4.1023,8197770.4568
688396.SH,2023-04-18,62.15,62.35,60.08,60.88,62.1,-1.22,-1.9646,73570.09,447064.754,0.5573,0.85,35.4365,4.0217,8036719.2498
688396.SH,2023-04-19,60.86,61.75,60.0,60.37,60.88,-0.51,-0.8377,72126.51,438654.361,0.5464,0.86,35.1397,3.988,7969394.5649
688396.SH,2023-04-20,60.03,61.4,59.9,60.83,60.37,0.46,0.762,86236.98,522556.717,0.6533,1.05,35.4074,4.0184,8030118.7905
688396.SH,2023-04-21,60.75,60.83,57.65,57.75,60.83,-3.08,-5.0633,104276.65,615082.249,0.7899,1.3,33.6146,3.8149,7623530.4973
688396.SH,2023-04-24,57.7,58.3,56.77,57.23,57.75,-0.52,-0.9004,65831.47,378208.521,0.4987,0.81,33.312,3.7806,7554885.7205
688396.SH,2023-04-25,57.37,58.21,56.22,56.8,57.23,-0.43,-0.7514,66879.15,381933.594,0.5066,0.83,33.0617,3.7522,7498121.7705
688396.SH,2023-04-26,56.21,57.23,55.01,55.92,56.8,-0.88,-1.5493,64825.26,363298.311,0.4911,0.82,32.5494,3.6941,7381953.6867
688396.SH,2023-04-27,55.88,57.5,55.53,57.47,55.92,1.55,2.7718,63747.49,361891.198,0.4829,0.82,33.4516,3.7965,7586567.9252
688396.SH,2023-04-28,56.0,57.31,54.71,57.25,57.47,-0.22,-0.3828,88338.0,499053.835,0.6692,1.21,28.8777,3.7055,7557525.9042
688396.SH,2023-05-04,56.5,58.53,56.41,58.48,57.25,1.23,2.1485,67869.79,391656.998,0.5141,0.97,29.4981,3.7851,7719897.2031
688396.SH,2023-05-05,58.35,59.4,57.65,58.28,58.48,-0.2,-0.342,49515.66,289002.509,0.3751,0.7,29.3972,3.7722,7693495.3659
688396.SH,2023-05-08,58.0,58.78,57.2,58.42,58.28,0.14,0.2402,40662.41,235621.568,0.308,0.61,29.4679,3.7812,7711976.652
688396.SH,2023-05-09,58.53,60.1,58.31,58.98,58.42,0.56,0.9586,68987.21,409631.364,0.5226,1.11,29.7503,3.8175,7785901.7962
688396.SH,2023-05-10,59.0,60.0,58.1,59.77,58.98,0.79,1.3394,55962.16,331826.805,0.4239,0.89,30.1488,3.8686,7890189.0532
688396.SH,2023-05-11,60.2,61.5,60.08,60.36,59.77,0.59,0.9871,50654.01,307320.178,0.3837,0.89,30.4464,3.9068,7968074.473
688396.SH,2023-05-12,60.51,60.82,58.94,58.97,60.36,-1.39,-2.3028,43868.03,261834.934,0.3323,0.83,29.7453,3.8168,7784581.7043
688396.SH,2023-05-15,58.45,60.1,57.5,60.07,58.97,1.1,1.8654,43016.51,252401.922,0.3259,0.83,30.3002,3.888,7929791.809
688396.SH,2023-05-16,60.0,60.96,59.63,60.33,60.07,0.26,0.4328,34706.19,209421.385,0.2629,0.66,30.4313,3.9049,7964114.1974
688396.SH,2023-05-17,60.88,61.11,58.89,59.51,60.33,-0.82,-1.3592,46609.78,278718.241,0.3531,1.02,30.0177,3.8518,7855866.6648
688396.SH,2023-05-18,59.94,60.0,58.61,58.9,59.51,-0.61,-1.025,29351.47,173399.303,0.2223,0.67,29.71,3.8123,7775341.0613
688396.SH,2023-05-19,58.88,59.68,58.58,58.95,58.9,0.05,0.0849,36412.62,215140.511,0.2758,0.92,29.7352,3.8155,7781941.5206
688396.SH,2023-05-22,59.2,59.45,57.8,58.12,58.95,-0.83,-1.408,28850.3,168000.604,0.2185,0.76,29.3165,3.7618,7672373.8961
688396.SH,2023-05-23,58.0,58.5,57.55,57.58,58.12,-0.54,-0.9291,24673.03,142789.816,0.1869,0.7,29.0442,3.7269,7601088.9356
688396.SH,2023-05-24,57.5,58.28,57.06,57.34,57.58,-0.24,-0.4168,32475.78,187690.606,0.246,0.98,28.9231,3.7113,7569406.731
688396.SH,2023-05-25,57.49,58.0,56.66,57.7,57.34,0.36,0.6278,34797.94,199506.598,0.2636,1.15,29.1047,3.7346,7616930.038
688396.SH,2023-05-26,58.04,58.4,57.0,57.4,57.7,-0.3,-0.5199,30792.36,177315.817,0.2333,0.98,28.9534,3.7152,7577327.2821
688396.SH,2023-05-29,57.4,57.91,56.91,57.36,57.4,-0.04,-0.0697,36037.33,206788.404,0.273,1.19,28.9332,3.7126,7572046.9147
688396.SH,2023-05-30,57.12,57.69,55.77,56.82,57.36,-0.54,-0.9414,44190.51,249466.725,0.3348,1.39,28.6608,3.6777,7500761.9542
688396.SH,2023-05-31,56.79,59.48,56.56,59.48,56.82,2.66,4.6815,62924.03,364754.945,0.4767,1.76,30.0025,3.8498,7851906.3892
688396.SH,2023-06-01,58.62,58.68,57.32,57.32,59.48,-2.16,-3.6315,53994.84,312206.285,0.409,1.29,28.913,3.71,7566766.5473
688396.SH,2023-06-02,57.35,57.69,55.93,55.97,57.32,-1.35,-2.3552,50456.86,285811.169,0.3822,1.11,28.2321,3.6227,7388554.146
688396.SH,2023-06-05,55.97,56.72,55.1,55.28,55.97,-0.69,-1.2328,48221.31,268835.974,0.3653,0.97,27.884,3.578,7297467.8076
688396.SH,2023-06-06,55.02,55.43,53.5,53.5,55.28,-1.78,-3.22,51187.47,278049.289,0.3878,0.99,26.9862,3.4628,7062491.4564
688396.SH,2023-06-07,53.5,54.3,53.38,54.0,53.5,0.5,0.9346,29457.7,158773.232,0.2231,0.55,27.2384,3.4952,7128496.0494
688396.SH,2023-06-08,53.8,54.24,52.92,53.59,54.0,-0.41,-0.7593,44496.34,238614.466,0.3371,0.95,27.0315,3.4686,7074372.2831
688396.SH,2023-06-09,53.27,53.92,52.53,53.92,53.39,0.53,0.9927,76689.1,407160.094,0.5809,1.71,27.198,3.5354,7117935.3145
688396.SH,2023-06-12,53.6,53.95,52.97,53.19,53.92,-0.73,-1.3539,35506.74,189295.701,0.269,0.71,26.8298,3.4875,7021568.6087
688396.SH,2023-06-13,53.16,54.26,53.14,54.08,53.19,0.89,1.6732,39724.03,214154.441,0.3009,0.84,27.2787,3.5458,7139056.7843
688396.SH,2023-06-14,54.15,54.45,53.71,53.82,54.08,-0.26,-0.4808,31328.87,169495.045,0.2373,0.69,27.1476,3.5288,7104734.3959
688396.SH,2023-06-15,53.75,54.34,53.61,54.25,53.82,0.43,0.799,33102.98,178820.999,0.2508,0.73,27.3645,3.557,7161498.3459
688396.SH,2023-06-16,54.38,54.95,53.89,54.31,54.25,0.06,0.1106,40834.13,221832.489,0.3093,0.94,27.3947,3.5609,7169418.8971
688396.SH,2023-06-19,54.25,54.54,53.77,53.86,54.31,-0.45,-0.8286,43880.87,237500.286,0.3324,1.22,27.1677,3.5314,7110014.7633
688396.SH,2023-06-20,53.9,53.99,52.45,53.32,53.86,-0.54,-1.0026,58866.04,312904.467,0.4459,1.56,26.8954,3.496,7038729.8029
688396.SH,2023-06-21,53.16,53.19,51.33,51.33,53.32,-1.99,-3.7322,47145.68,246051.627,0.3571,1.13,25.8916,3.3655,6776031.5225
688396.SH,2023-06-26,50.49,52.5,50.31,51.89,51.33,0.56,1.091,46040.11,238440.531,0.3488,1.03,26.174,3.4023,6849956.6667
688396.SH,2023-06-27,52.01,52.96,51.68,52.51,51.89,0.62,1.1948,31619.09,166448.252,0.2395,0.67,26.4868,3.4429,6931802.3621
688396.SH,2023-06-28,52.58,53.16,52.01,52.08,52.51,-0.43,-0.8189,31344.64,164748.551,0.2374,0.69,26.2699,3.4147,6875038.4121
688396.SH,2023-06-29,52.01,53.33,52.01,52.83,52.08,0.75,1.4401,31167.37,165016.648,0.2361,0.72,26.6482,3.4639,6974045.3017
688396.SH,2023-06-30,52.61,53.29,52.13,52.41,52.83,-0.42,-0.795,33960.87,178329.385,0.2573,0.91,26.4363,3.4363,6918601.4435
688396.SH,2023-07-03,52.31,53.35,52.31,53.33,52.41,0.92,1.7554,38169.83,202714.994,0.2891,1.1,26.9004,3.4967,7040049.8947
688396.SH,2023-07-04,53.6,54.56,53.41,53.9,53.33,0.57,1.0688,41403.7,223821.524,0.3136,1.25,27.1879,3.534,7115295.1308
688396.SH,2023-07-05,53.58,54.32,53.58,53.7,53.9,-0.2,-0.3711,26543.0,143231.402,0.2011,0.75,27.087,3.5209,7088893.2936
688396.SH,2023-07-06,53.7,53.75,53.01,53.45,53.7,-0.25,-0.4655,28773.09,153564.126,0.218,0.84,26.9609,3.5045,7055890.997
688396.SH,2023-07-07,53.35,54.2,53.27,53.55,53.45,0.1,0.1871,27628.08,148636.587,0.2093,0.82,27.0114,3.5111,7069091.9157
688396.SH,2023-07-10,53.97,54.34,53.39,53.44,53.55,-0.11,-0.2054,21149.78,113742.46,0.1602,0.65,26.9559,3.5039,7054570.9052
688396.SH,2023-07-11,53.43,54.15,53.43,53.8,53.44,0.36,0.6737,22630.77,121655.96,0.1714,0.78,27.1375,3.5275,7102094.2122
688396.SH,2023-07-12,53.65,54.39,53.65,53.95,53.8,0.15,0.2788,31241.24,169052.374,0.2367,1.23,27.2131,3.5373,7121895.5901
688396.SH,2023-07-13,54.14,55.09,53.93,54.44,53.95,0.49,0.9082,37758.34,205914.622,0.286,1.44,27.4603,3.5694,7186580.0913
688396.SH,2023-07-14,54.4,54.78,53.81,53.94,54.44,-0.5,-0.9184,24146.41,130663.484,0.1829,0.86,27.2081,3.5367,7120575.4982
688396.SH,2023-07-17,53.7,54.26,53.61,54.08,53.94,0.14,0.2595,20638.12,111410.505,0.1563,0.75,27.2787,3.5458,7139056.7843
688396.SH,2023-07-18,54.19,54.71,54.1,54.41,54.08,0.33,0.6102,22913.53,124829.672,0.1736,0.84,27.4452,3.5675,7182619.8157
688396.SH,2023-07-19,54.0,54.49,53.65,53.84,54.41,-0.57,-1.0476,22628.83,122033.606,0.1714,0.83,27.1577,3.5301,7107374.5796
688396.SH,2023-07-20,54.2,54.54,53.47,53.74,53.84,-0.1,-0.1857,23559.24,127250.352,0.1785,0.92,27.1072,3.5235,7094173.661
688396.SH,2023-07-21,53.89,54.44,53.52,54.29,53.74,0.55,1.0234,22062.58,119631.025,0.1671,0.97,27.3846,3.5596,7166778.7134
688396.SH,2023-07-24,54.27,54.76,54.0,54.6,54.29,0.31,0.571,18112.82,98681.937,0.1372,0.81,27.541,3.5799,7207701.5611
688396.SH,2023-07-25,55.08,55.08,54.53,55.0,54.6,0.4,0.7326,23315.78,128021.64,0.1766,1.07,27.7428,3.6062,7260505.2355
688396.SH,2023-07-26,55.0,55.66,54.72,54.92,55.0,-0.08,-0.1455,20609.17,113676.724,0.1561,0.94,27.7024,3.6009,7249944.5006
688396.SH,2023-07-27,55.25,56.25,54.92,55.36,54.92,0.44,0.8012,39268.57,218456.024,0.2975,1.82,27.9244,3.6298,7308028.5425
688396.SH,2023-07-28,55.22,56.44,54.9,56.35,55.36,0.99,1.7883,34865.9,194500.664,0.2641,1.41,28.4237,3.6947,7438717.6367
688396.SH,2023-07-31,56.57,57.49,56.2,57.35,56.35,1.0,1.7746,37556.58,213871.559,0.2845,1.38,28.9281,3.7602,7570726.8228
688396.SH,2023-08-01,57.33,57.88,55.92,56.39,57.35,-0.96,-1.6739,40698.21,230044.67,0.3083,1.31,28.4439,3.6973,7443998.0042
688396.SH,2023-08-02,56.34,56.73,54.92,55.03,56.39,-1.36,-2.4118,33910.73,187766.236,0.2569,0.98,27.7579,3.6081,7264465.5111
688396.SH,2023-08-03,54.92,55.84,54.68,55.72,55.03,0.69,1.2539,23551.85,130122.739,0.1784,0.63,28.1059,3.6534,7355551.8495
688396.SH,2023-08-04,55.62,56.52,55.24,55.33,55.72,-0.39,-0.6999,31163.85,174068.992,0.2361,0.91,27.9092,3.6278,7304068.2669
688396.SH,2023-08-07,55.18,55.88,55.18,55.45,55.33,0.12,0.2169,23639.12,131600.698,0.1791,0.71,27.9698,3.6357,7319909.3692
688396.SH,2023-08-08,55.4,55.88,55.0,55.78,55.45,0.33,0.5951,18438.4,102412.606,0.1397,0.6,28.1362,3.6573,7363472.4007
688396.SH,2023-08-09,55.5,55.99,55.22,55.52,55.78,-0.26,-0.4661,20244.65,112680.542,0.1534,0.77,28.0051,3.6403,7329150.0123
688396.SH,2023-08-10,55.66,55.98,54.46,54.53,55.52,-0.99,-1.7831,27882.07,153252.885,0.2112,1.19,27.5057,3.5753,7198460.918
688396.SH,2023-08-11,54.53,54.91,53.88,53.91,54.53,-0.62,-1.137,24562.74,133690.995,0.1861,1.01,27.193,3.5347,7116615.2227
688396.SH,2023-08-14,53.8,54.6,53.2,54.41,53.91,0.5,0.9275,19721.02,106632.07,0.1494,0.86,27.4452,3.5675,7182619.8157
688396.SH,2023-08-15,54.63,55.16,54.43,55.11,54.41,0.7,1.2865,24136.39,132565.946,0.1828,1.09,27.7983,3.6134,7275026.246
688396.SH,2023-08-16,55.25,57.81,55.25,56.25,55.11,1.14,2.0686,72066.65,410323.177,0.5459,3.09,28.3733,3.6881,7425516.7181
688396.SH,2023-08-17,56.2,56.3,53.86,54.39,56.25,-1.86,-3.3067,55025.23,300628.408,0.4168,1.63,27.4351,3.5662,7179979.632
688396.SH,2023-08-18,55.13,55.89,54.42,54.42,54.39,0.03,0.0552,40528.46,222707.491,0.307,1.04,27.4502,3.5681,7183939.9076
688396.SH,2023-08-21,54.16,54.85,53.75,54.11,54.42,-0.31,-0.5696,29267.61,159338.239,0.2217,0.69,27.2938,3.5478,7143017.0599
688396.SH,2023-08-22,54.56,55.15,53.45,54.78,54.11,0.67,1.2382,35149.75,190407.063,0.2663,0.8,27.6318,3.5917,7231463.2146
688396.SH,2023-08-23,55.06,55.87,54.15,55.1,54.78,0.32,0.5842,32943.4,182619.155,0.2496,0.71,27.7932,3.6127,7273706.1541
688396.SH,2023-08-24,55.42,55.48,54.59,55.24,55.1,0.14,0.2541,23662.58,130530.605,0.1792,0.61,27.8638,3.6219,7292187.4402
688396.SH,2023-08-25,55.0,55.82,54.86,55.31,55.24,0.07,0.1267,27064.91,149815.322,0.205,0.84,27.8991,3.6265,7301428.0832
688396.SH,2023-08-28,57.8,57.8,56.02,56.3,55.31,0.99,1.7899,51781.18,294632.487,0.3923,1.75,28.3985,3.6914,7432117.1774
688396.SH,2023-08-29,56.06,57.8,56.06,57.36,56.3,1.06,1.8828,49631.73,284965.695,0.376,1.45,28.9332,3.7609,7572046.9147
688396.SH,2023-08-30,58.79,58.81,57.54,58.3,57.36,0.94,1.6388,53855.01,314332.616,0.408,1.45,29.4073,3.8225,7696135.5496
688396.SH,2023-08-31,57.52,58.85,57.41,58.53,58.3,0.23,0.3945,48272.07,282053.087,0.3657,1.17,29.5234,3.7481,7726497.6624
688396.SH,2023-09-01,58.48,58.58,57.66,58.35,58.53,-0.18,-0.3075,23847.46,138531.333,0.1807,0.52,29.4326,3.7366,7702736.0089
688396.SH,2023-09-04,58.03,58.55,57.92,58.44,58.35,0.09,0.1542,31962.82,186275.455,0.2421,0.7,29.478,3.7424,7714616.8357
688396.SH,2023-09-05,58.74,58.88,57.52,57.69,58.44,-0.75,-1.2834,37612.38,218788.125,0.2849,0.91,29.0996,3.6943,7615609.9461
688396.SH,2023-09-06,57.38,57.96,56.8,56.85,57.69,-0.84,-1.4561,39025.87,222887.357,0.2956,1.0,28.6759,3.6405,7504722.2298
688396.SH,2023-09-07,56.85,57.15,55.63,55.76,56.85,-1.09,-1.9173,40202.63,226923.868,0.3045,1.11,28.1261,3.5707,7360832.2169
688396.SH,2023-09-08,55.52,55.87,54.84,55.43,55.76,-0.33,-0.5918,29066.07,160795.789,0.2202,0.84,27.9597,3.5496,7317269.1855
688396.SH,2023-09-11,55.43,56.19,55.41,55.47,55.43,0.04,0.0722,29068.37,162229.559,0.2202,0.82,27.9798,3.5522,7322549.553
688396.SH,2023-09-12,55.13,55.82,54.87,55.2,55.47,-0.27,-0.4867,18092.76,99848.813,0.1371,0.52,27.8437,3.5349,7286907.0727
688396.SH,2023-09-13,55.01,55.72,54.56,54.91,55.2,-0.29,-0.5254,23665.23,130305.966,0.1793,0.76,27.6974,3.5163,7248624.4088
688396.SH,2023-09-14,54.79,55.43,54.19,54.6,54.91,-0.31,-0.5646,19238.61,105107.161,0.1457,0.69,27.541,3.4965,7207701.5611
688396.SH,2023-09-15,54.62,55.56,54.62,55.02,54.6,0.42,0.7692,25877.51,142601.549,0.196,1.09,27.7529,3.5233,7263145.4192
688396.SH,2023-09-18,55.08,55.4,54.51,55.22,55.02,0.2,0.3635,23039.35,126791.327,0.1745,0.99,27.8537,3.5362,7289547.2564
688396.SH,2023-09-19,55.22,55.78,55.01,55.28,55.22,0.06,0.1087,23036.33,127481.094,0.1745,1.05,27.884,3.54,7297467.8076
688396.SH,2023-09-20,54.75,55.69,54.75,55.56,55.28,0.28,0.5065,20712.1,114768.306,0.1569,0.9,28.0252,3.5579,7334430.3797
688396.SH,2023-09-21,55.41,55.98,55.31,55.76,55.56,0.2,0.36,22176.6,123678.631,0.168,0.99,28.1261,3.5707,7360832.2169
688396.SH,2023-09-22,55.77,56.15,55.04,56.0,55.76,0.24,0.4304,29794.62,165636.787,0.2257,1.3,28.2472,3.5861,7392514.4216
688396.SH,2023-09-25,55.72,56.1,55.36,55.62,56.0,-0.38,-0.6786,20556.67,114431.393,0.1557,0.87,28.0555,3.5618,7342350.9309
688396.SH,2023-09-26,55.44,55.75,54.56,54.65,55.62,-0.97,-1.744,24314.73,133460.9,0.1842,1.05,27.5662,3.4997,7214302.0204
688396.SH,2023-09-27,54.78,54.92,54.35,54.35,54.65,-0.3,-0.5489,17921.59,97836.024,0.1358,0.76,27.4149,3.4804,7174699.2645
688396.SH,2023-09-28,54.48,54.66,53.89,54.09,54.35,-0.26,-0.4784,20668.98,112045.66,0.1566,0.9,27.2838,3.4638,7140376.8761
688396.SH,2023-10-09,54.12,55.0,53.87,54.78,54.09,0.69,1.2757,21269.97,116084.559,0.1611,0.94,27.6318,3.508,7231463.2146
688396.SH,2023-10-10,54.63,54.85,54.13,54.16,54.78,-0.62,-1.1318,18493.22,100758.384,0.1401,0.88,27.3191,3.4683,7149617.5192
688396.SH,2023-10-11,54.19,54.46,53.55,53.55,54.16,-0.61,-1.1263,25146.42,135678.488,0.1905,1.22,27.0114,3.4292,7069091.9157
688396.SH,2023-10-12,53.91,54.7,53.55,54.42,53.55,0.87,1.6246,24616.02,133748.266,0.1865,1.19,27.4502,3.4849,7183939.9076
688396.SH,2023-10-13,54.26,54.29,53.78,53.94,54.42,-0.48,-0.882,15625.14,84363.938,0.1184,0.71,27.2081,3.4542,7120575.4982
688396.SH,2023-10-16,53.83,54.16,51.74,51.8,53.94,-2.14,-3.9674,29826.52,156804.785,0.2259,1.42,26.1286,3.3171,6838075.84
688396.SH,2023-10-17,52.56,52.87,52.02,52.27,51.8,0.47,0.9073,22073.39,115786.523,0.1672,0.97,26.3657,3.3472,6900120.1574
688396.SH,2023-10-18,52.0,52.74,51.75,52.2,52.27,-0.07,-0.1339,19061.21,99664.231,0.1444,0.81,26.3304,3.3428,6890879.5144
688396.SH,2023-10-19,52.4,52.62,51.22,51.25,52.2,-0.95,-1.8199,27316.09,141307.892,0.2069,1.23,25.8512,3.2819,6765470.7876
688396.SH,2023-10-20,51.0,51.53,50.77,51.18,51.25,-0.07,-0.1366,25445.34,130399.233,0.1928,1.12,25.8159,3.2774,6756230.1446
688396.SH,2023-10-23,51.02,52.52,51.02,51.94,51.18,0.76,1.485,27505.24,143171.044,0.2084,1.11,26.1993,3.3261,6856557.126
688396.SH,2023-10-24,52.5,53.29,51.87,52.78,51.94,0.84,1.6173,30727.79,161772.818,0.2328,1.27,26.623,3.3799,6967444.8424
688396.SH,2023-10-25,53.05,53.83,52.7,53.43,52.78,0.65,1.2315,23286.79,124333.638,0.1764,0.9,26.9508,3.4215,7053250.8133
688396.SH,2023-10-26,53.41,54.52,53.0,54.35,53.43,0.92,1.7219,24529.08,132004.56,0.1858,0.91,27.4149,3.4804,7174699.2645
688396.SH,2023-10-27,54.32,55.06,53.82,54.0,54.35,-0.35,-0.644,21508.53,116515.382,0.1629,0.82,27.2384,3.458,7128496.0494
688396.SH,2023-10-30,53.69,54.24,52.79,54.02,54.0,0.02,0.037,44218.6,236453.43,0.335,1.73,27.2484,3.4071,7131136.2331
688396.SH,2023-10-31,53.6,53.75,52.65,53.15,54.02,-0.87,-1.6105,30180.89,160096.177,0.2286,1.05,26.8096,3.3522,7016288.2412
688396.SH,2023-11-01,53.16,53.9,53.07,53.56,53.15,0.41,0.7714,21258.32,113848.359,0.161,0.74,27.0164,3.3781,7070412.0075
688396.SH,2023-11-02,53.76,54.48,53.76,53.8,53.56,0.24,0.4481,21988.47,119050.998,0.1666,0.78,27.1375,3.3932,7102094.2122
688396.SH,2023-11-03,53.81,54.75,53.71,54.24,53.8,0.44,0.8178,29941.16,162711.178,0.2268,1.08,27.3594,3.421,7160178.2541
688396.SH,2023-11-06,54.52,55.28,54.04,54.29,54.24,0.05,0.0922,35634.81,194649.583,0.2699,1.21,27.3846,3.4241,7166778.7134
688396.SH,2023-11-07,54.25,54.33,53.59,54.07,54.29,-0.22,-0.4052,26820.29,144943.389,0.2032,0.96,27.2737,3.4103,7137736.6924
688396.SH,2023-11-08,53.81,54.06,52.5,52.71,54.07,-1.36,-2.5153,56319.91,298724.844,0.4266,2.08,26.5877,3.3245,6958204.1993
688396.SH,2023-11-09,52.61,52.89,51.76,51.99,52.71,-0.72,-1.366,33143.95,172824.69,0.2511,0.97,26.2245,3.2791,6863157.5853
688396.SH,2023-11-10,51.89,52.41,51.7,52.08,51.99,0.09,0.1731,21847.35,113883.298,0.1655,0.6,26.2699,3.2847,6875038.4121
688396.SH,2023-11-13,52.28,52.85,52.03,52.81,52.08,0.73,1.4017,21292.07,111776.793,0.1613,0.61,26.6381,3.3308,6971405.1179
688396.SH,2023-11-14,52.77,53.28,52.1,52.19,52.81,-0.62,-1.174,34089.76,179486.162,0.2582,1.07,26.3254,3.2917,6889559.4226
688396.SH,2023-11-15,52.71,52.99,52.03,52.13,52.19,-0.06,-0.115,27915.8,146632.024,0.2115,0.84,26.2951,3.2879,6881638.8714
688396.SH,2023-11-16,52.0,52.3,51.22,51.23,52.13,-0.9,-1.7265,23411.35,121123.677,0.1773,0.85,25.8411,3.2311,6762830.6039
688396.SH,2023-11-17,51.23,52.66,51.21,52.52,51.23,1.29,2.5181,31881.54,165758.906,0.2415,1.24,26.4918,3.3125,6933122.454
688396.SH,2023-11-20,52.5,55.09,52.3,54.8,52.52,2.28,4.3412,90345.3,487890.477,0.6844,3.26,27.6419,3.4563,7234103.3983
688396.SH,2023-11-21,54.7,54.7,53.36,53.58,54.8,-1.22,-2.2263,47544.98,255462.813,0.3602,1.14,27.0265,3.3794,7073052.1912
688396.SH,2023-11-22,53.42,53.8,52.5,52.5,53.58,-1.08,-2.0157,30335.81,160577.903,0.2298,0.69,26.4817,3.3112,6930482.2703
688396.SH,2023-11-23,52.44,52.95,52.22,52.51,52.5,0.01,0.019,24606.85,129386.991,0.1864,0.55,26.4868,3.3119,6931802.3621
688396.SH,2023-11-24,52.32,52.6,51.86,51.97,52.51,-0.54,-1.0284,22963.68,119829.563,0.174,0.51,26.2144,3.2778,6860517.4016
688396.SH,2023-11-27,51.86,52.1,51.3,51.39,51.97,-0.58,-1.116,32661.24,168242.763,0.2474,0.76,25.9218,3.2412,6783952.0737
688396.SH,2023-11-28,51.58,51.58,49.65,50.3,51.39,-1.09,-2.121,47590.23,241176.125,0.3605,1.5,25.372,3.1725,6640062.0608
688396.SH,2023-11-29,50.32,50.46,48.1,48.36,50.3,-1.94,-3.8569,61100.53,298779.725,0.4629,1.93,24.3935,3.0501,6383964.2398
688396.SH,2023-11-30,48.13,48.5,46.41,46.96,48.36,-1.4,-2.895,65594.2,308893.873,0.4969,1.74,23.6873,2.9618,6199151.3793
688396.SH,2023-12-01,46.9,47.64,46.32,47.35,46.96,0.39,0.8305,42398.06,199345.015,0.3212,0.92,23.884,2.9864,6250634.9618
688396.SH,2023-12-04,47.66,48.45,46.95,47.08,47.35,-0.27,-0.5702,42041.07,200564.006,0.3185,0.84,23.7478,2.9694,6214992.4816
688396.SH,2023-12-05,47.01,47.01,45.88,46.11,47.08,-0.97,-2.0603,39384.73,182141.002,0.2983,0.76,23.2585,2.9082,6086943.5711
688396.SH,2023-12-06,45.9,46.22,45.16,45.22,46.11,-0.89,-1.9302,44521.69,202903.207,0.3373,0.89,22.8096,2.8521,5969455.3954
688396.SH,2023-12-07,45.16,45.96,44.21,45.96,45.22,0.74,1.6364,72498.99,326236.044,0.5492,1.55,23.1829,2.8988,6067142.1932
688396.SH,2023-12-08,45.88,46.08,44.68,45.7,45.96,-0.26,-0.5657,118238.62,533608.654,0.8957,2.45,23.0517,2.8824,6032819.8048
688396.SH,2023-12-11,45.2,46.27,44.71,46.26,45.7,0.56,1.2254,67768.53,307725.869,0.5134,1.07,23.3342,2.9177,6106744.949
688396.SH,2023-12-12,46.5,47.06,46.05,46.55,46.26,0.29,0.6269,47875.15,222714.992,0.3627,0.7,23.4805,2.936,6145027.613
688396.SH,2023-12-13,46.22,46.52,45.53,45.53,46.55,-1.02,-2.1912,36050.25,165650.844,0.2731,0.51,22.966,2.8716,6010378.2431
688396.SH,2023-12-14,45.8,46.1,45.11,45.17,45.53,-0.36,-0.7907,30034.93,136745.025,0.2275,0.44,22.7844,2.8489,5962854.9361
688396.SH,2023-12-15,45.34,45.8,45.18,45.4,45.17,0.23,0.5092,26435.35,120206.816,0.2003,0.44,22.9004,2.8634,5993217.0489
688396.SH,2023-12-18,45.3,45.63,44.63,44.78,45.4,-0.62,-1.3656,23841.43,107414.578,0.1806,0.57,22.5877,2.8243,5911371.3536
688396.SH,2023-12-19,44.8,45.12,44.56,44.96,44.78,0.18,0.402,21338.91,95699.67,0.1616,0.65,22.6785,2.8357,5935133.0071
688396.SH,2023-12-20,45.11,45.9,44.98,45.15,44.96,0.19,0.4226,34508.78,156958.26,0.2614,1.25,22.7743,2.8477,5960214.7524
688396.SH,2023-12-21,45.0,45.28,44.38,44.99,45.15,-0.16,-0.3544,34360.95,154061.96,0.2603,1.26,22.6936,2.8376,5939093.2826
688396.SH,2023-12-22,44.89,45.0,43.4,43.99,44.99,-1.0,-2.2227,40379.64,177713.411,0.3059,1.44,22.1892,2.7745,5807084.0965
688396.SH,2023-12-25,43.81,44.47,43.75,44.2,43.99,0.21,0.4774,25921.37,114377.731,0.1964,0.84,22.2951,2.7877,5834806.0256
688396.SH,2023-12-26,44.2,44.44,42.8,42.9,44.2,-1.3,-2.9412,36524.37,157857.199,0.2767,1.17,21.6394,2.7058,5663194.0837
688396.SH,2023-12-27,42.89,43.5,42.58,43.35,42.9,0.45,1.049,36207.2,155829.982,0.2743,1.05,21.8663,2.7341,5722598.2174
688396.SH,2023-12-28,43.26,44.99,43.09,44.63,43.35,1.28,2.9527,41120.28,181702.961,0.3115,1.19,22.512,2.8149,5891569.9756
688396.SH,2023-12-29,44.57,44.94,44.18,44.69,44.63,0.06,0.1344,29235.14,130350.673,0.2215,0.81,22.5423,2.8187,5899490.5268
688396.SH,2024-01-02,44.89,44.9,43.71,43.71,44.69,-0.98,-2.1929,24042.8,106175.111,0.1821,0.71,22.0479,2.7568,5770121.5244
688396.SH,2024-01-03,43.6,43.97,43.51,43.73,43.71,0.02,0.0458,22135.27,96778.572,0.1677,0.66,22.058,2.7581,5772761.7082
688396.SH,2024-01-04,43.93,43.93,42.98,43.2,43.73,-0.53,-1.212,23632.94,102673.466,0.179,0.77,21.7907,2.7247,5702796.8395
688396.SH,2024-01-05,43.29,43.6,42.66,42.94,43.2,-0.26,-0.6019,24169.63,104370.174,0.1831,0.86,21.6595,2.7083,5668474.4511
688396.SH,2024-01-08,42.64,43.2,40.97,40.97,42.94,-1.97,-4.5878,38920.26,162268.097,0.2948,1.58,20.6658,2.584,5408416.3545
688396.SH,2024-01-09,41.35,41.49,40.56,41.08,40.97,0.11,0.2685,28402.62,116400.201,0.2152,1.07,20.7213,2.591,5422937.365
688396.SH,2024-01-10,40.98,41.28,40.2,40.6,41.08,-0.48,-1.1685,25531.24,104038.54,0.1934,0.93,20.4792,2.5607,5359572.9557
688396.SH,2024-01-11,40.61,41.31,40.4,40.96,40.6,0.36,0.8867,26550.51,108378.504,0.2011,0.94,20.6608,2.5834,5407096.2627
688396.SH,2024-01-12,40.77,41.29,40.36,40.38,40.96,-0.58,-1.416,21539.12,87988.672,0.1632,0.75,20.3682,2.5468,5330530.9347
688396.SH,2024-01-15,40.2,41.62,39.8,41.47,40.38,1.09,2.6994,37966.16,155817.327,0.2876,1.35,20.918,2.6156,5474420.9476
688396.SH,2024-01-16,41.09,42.17,41.01,41.93,41.47,0.46,1.1092,39077.01,162725.796,0.296,1.4,21.1501,2.6446,5535145.1732
688396.SH,2024-01-17,41.87,41.88,40.61,40.61,41.93,-1.32,-3.1481,28773.55,118921.381,0.218,0.95,20.4843,2.5613,5360893.0475
688396.SH,2024-01-18,40.5,40.93,39.08,40.27,40.61,-0.34,-0.8372,45151.45,180528.859,0.342,1.47,20.3128,2.5399,5316009.9242
688396.SH,2024-01-19,40.28,40.8,39.88,40.34,40.27,0.07,0.1738,32272.85,130402.384,0.2445,0.94,20.3481,2.5443,5325250.5673
688396.SH,2024-01-22,40.32,41.08,38.88,39.65,40.34,-0.69,-1.7105,46585.77,187217.417,0.3529,1.27,20.0,2.5008,5234164.2289
688396.SH,2024-01-23,39.4,40.15,39.29,39.51,39.65,-0.14,-0.3531,36652.44,145575.402,0.2777,0.96,19.9294,2.4919,5215682.9428
688396.SH,2024-01-24,39.81,40.77,38.83,40.6,39.51,1.09,2.7588,41843.52,166593.877,0.317,1.1,20.4792,2.5607,5359572.9557
688396.SH,2024-01-25,40.79,41.74,40.2,41.68,40.6,1.08,2.6601,43333.19,178606.119,0.3283,1.07,21.024,2.6288,5502142.8766
688396.SH,2024-01-26,41.39,42.02,41.06,41.39,41.68,-0.29,-0.6958,38461.6,159456.463,0.2914,0.96,20.8777,2.6105,5463860.2127
688396.SH,2024-01-29,41.61,42.09,40.2,40.27,41.39,-1.12,-2.706,30453.23,124862.56,0.2307,0.74,20.3128,2.5399,5316009.9242
688396.SH,2024-01-30,39.87,40.26,38.5,38.61,40.27,-1.66,-4.1222,31479.42,124390.969,0.2385,0.83,19.4754,2.4352,5096874.6753
688396.SH,2024-01-31,38.41,38.76,37.11,37.84,38.61,-0.77,-1.9943,42949.18,163232.313,0.3253,1.16,19.087,2.3866,4995227.602
688396.SH,2024-02-01,37.51,38.5,36.98,37.29,37.84,-0.55,-1.4535,48126.89,181402.574,0.3646,1.29,18.8096,2.3519,4922622.5497
688396.SH,2024-02-02,37.47,38.04,35.5,36.64,37.29,-0.65,-1.7431,56510.13,208099.822,0.4281,1.48,18.4817,2.3109,4836816.5787
688396.SH,2024-02-05,36.75,38.9,34.8,37.92,36.64,1.28,3.4934,83014.36,306162.891,0.6289,1.98,19.1274,2.3917,5005788.3369
688396.SH,2024-02-06,38.19,39.79,37.61,39.4,37.92,1.48,3.903,61326.16,239016.151,0.4646,1.17,19.8739,2.485,5201161.9323
688396.SH,2024-02-07,39.52,40.9,39.19,40.38,39.4,0.98,2.4873,67974.32,273876.646,0.5149,1.16,20.3682,2.5468,5330530.9347
688396.SH,2024-02-08,40.5,41.37,40.01,40.78,40.38,0.4,0.9906,65916.61,268060.044,0.4993,1.04,20.57,2.572,5383334.6092
688396.SH,2024-02-19,41.2,41.2,40.12,40.32,40.78,-0.46,-1.128,53575.14,216765.407,0.4058,0.8,20.338,2.543,5322610.3836
688396.SH,2024-02-20,40.06,40.26,39.31,39.59,40.32,-0.73,-1.8105,39278.22,155773.151,0.2975,0.59,19.9698,2.497,5226243.6777
688396.SH,2024-02-21,39.32,41.39,39.22,40.5,39.59,0.91,2.2986,49659.18,201620.103,0.3762,0.86,20.4288,2.5544,5346372.0371
688396.SH,2024-02-22,40.28,41.2,40.21,40.61,40.5,0.11,0.2716,38406.94,155990.764,0.2909,0.69,20.4843,2.5613,5360893.0475
688396.SH,2024-02-23,40.69,40.87,40.15,40.62,40.61,0.01,0.0246,31877.04,128945.36,0.2415,0.65,20.4893,2.562,5362213.1394
688396.SH,2024-02-26,40.59,41.57,40.14,40.89,40.62,0.27,0.6647,44835.02,182806.932,0.3396,1.05,20.6255,2.579,5397855.6196
688396.SH,2024-02-27,40.61,42.3,40.55,42.3,40.89,1.41,3.4483,65204.02,271656.694,0.4939,1.6,21.3367,2.6679,5583988.572
688396.SH,2024-02-28,42.3,42.75,40.78,40.8,42.3,-1.5,-3.5461,70171.31,293304.978,0.5316,1.53,20.5801,2.5733,5385974.7929
688396.SH,2024-02-29,40.38,42.88,40.28,42.85,40.8,2.05,5.0245,82403.0,345612.512,0.6242,1.64,21.6141,2.6238,5656593.6244
688396.SH,2024-03-01,43.05,43.71,42.67,43.38,42.85,0.53,1.2369,74459.01,322238.286,0.564,1.26,21.8815,2.6563,5726558.493
688396.SH,2024-03-04,43.15,43.36,42.22,42.5,43.38,-0.88,-2.0286,61522.91,262149.946,0.4661,0.91,21.4376,2.6024,5610390.4093
688396.SH,2024-03-05,42.01,42.65,41.8,42.03,42.5,-0.47,-1.1059,61083.26,257616.314,0.4627,0.86,21.2005,2.5736,5548346.0918
688396.SH,2024-03-06,42.03,42.24,41.46,41.7,42.03,-0.33,-0.7852,45979.49,192263.295,0.3483,0.66,21.0341,2.5534,5504783.0604
688396.SH,2024-03-07,41.6,42.1,41.12,41.23,41.7,-0.47,-1.1271,43255.69,179469.573,0.3277,0.66,20.797,2.5246,5442738.7429
688396.SH,2024-03-08,41.3,41.62,41.05,41.54,41.23,0.31,0.7519,38052.31,157155.982,0.2883,0.66,20.9534,2.5436,5483661.5906
688396.SH,2024-03-11,41.56,42.14,41.14,42.1,41.54,0.56,1.3481,37777.83,157333.346,0.2862,0.76,21.2358,2.5779,5557586.7348
688396.SH,2024-03-12,42.27,43.07,42.12,42.36,42.1,0.26,0.6176,41726.68,177256.085,0.3161,0.92,21.367,2.5938,5591909.1232
688396.SH,2024-03-13,42.49,42.79,41.82,41.88,42.36,-0.48,-1.1331,42089.64,177565.315,0.3188,1.02,21.1249,2.5644,5528544.7139
688396.SH,2024-03-14,41.72,41.88,40.69,41.07,41.88,-0.81,-1.9341,42611.99,175753.035,0.3228,1.05,20.7163,2.5148,5421617.2731
688396.SH,2024-03-15,40.98,41.27,40.72,41.22,41.07,0.15,0.3652,28691.02,117488.874,0.2173,0.71,20.7919,2.524,5441418.651
688396.SH,2024-03-18,41.4,41.84,40.89,41.8,41.22,0.58,1.4071,43840.94,181210.902,0.3321,1.14,21.0845,2.5595,5517983.979
688396.SH,2024-03-19,41.68,42.15,41.41,41.43,41.8,-0.37,-0.8852,33192.68,138373.015,0.2514,0.83,20.8979,2.5369,5469140.5801
688396.SH,2024-03-20,41.38,41.7,41.05,41.58,41.43,0.15,0.3621,34646.11,143407.385,0.2625,0.91,21.028,2.5526,5503183.7026
688396.SH,2024-03-21,41.61,42.31,41.21,41.73,41.58,0.15,0.3608,45398.28,189697.49,0.3439,1.24,21.1038,2.5619,5523036.4577
688396.SH,2024-03-22,41.28,41.55,40.3,40.4,41.73,-1.33,-3.1872,59965.51,244036.272,0.4531,1.61,20.4312,2.467,5347008.6962
688396.SH,2024-03-25,40.04,40.1,39.3,39.44,40.4,-0.96,-2.3762,40641.81,160812.835,0.3071,0.94,19.9457,2.4084,5219951.0638
688396.SH,2024-03-26,39.48,40.08,39.11,39.63,39.44,0.19,0.4817,26948.87,106578.183,0.2036,0.63,20.0418,2.42,5245097.8869
688396.SH,2024-03-27,40.77,41.27,39.5,39.51,39.63,-0.12,-0.3028,64917.36,262310.773,0.4905,1.56,19.9811,2.4126,5229215.6828
688396.SH,2024-03-28,39.1,39.92,38.76,39.28,39.51,-0.23,-0.5821,42568.38,167098.061,0.3216,0.89,19.8648,2.3986,5198774.7917
688396.SH,2024-03-29,39.09,39.27,38.41,38.96,39.28,-0.32,-0.8147,31786.95,123232.851,0.2402,0.68,19.703,2.3791,5156422.2476
688396.SH,2024-04-01,39.09,40.09,39.08,39.47,38.96,0.51,1.309,34057.67,134851.029,0.2573,0.82,19.9609,2.4102,5223921.6148
688396.SH,2024-04-02,39.58,39.69,38.92,39.21,39.47,-0.26,-0.6587,26252.37,102773.202,0.1984,0.66,19.8294,2.3943,5189510.1727
688396.SH,2024-04-03,39.37,39.7,39.11,39.21,39.21,0.0,0.0,23456.47,92312.485,0.1772,0.59,19.8294,2.3943,5189510.1727
688396.SH,2024-04-08,39.03,39.2,38.36,38.4,39.21,-0.81,-2.0658,27599.81,106430.332,0.2085,0.87,19.4198,2.3449,5082305.2954
688396.SH,2024-04-09,38.4,39.35,38.4,39.17,38.4,0.77,2.0052,21434.57,83529.819,0.162,0.75,19.8092,2.3919,5184216.1047
688396.SH,2024-04-10,39.0,39.38,38.65,38.96,39.17,-0.21,-0.5361,23570.95,91865.385,0.1781,0.89,19.703,2.3791,5156422.2476
688396.SH,2024-04-11,38.78,39.55,38.68,39.39,38.96,0.43,1.1037,23812.01,93653.664,0.1799,0.97,19.9204,2.4053,5213333.4788
688396.SH,2024-04-12,39.33,39.65,39.17,39.45,39.39,0.06,0.1523,29837.5,117742.306,0.2254,1.24,19.9508,2.409,5221274.5808
688396.SH,2024-04-15,39.45,40.12,39.22,39.92,39.45,0.47,1.1914,37529.86,149156.285,0.2836,1.49,20.1885,2.4377,5283479.88
688396.SH,2024-04-16,39.68,39.99,39.1,39.24,39.92,-0.68,-1.7034,36425.13,144020.399,0.2752,1.34,19.8446,2.3961,5193480.7237
688396.SH,2024-04-17,39.12,40.08,39.02,40.06,39.24,0.82,2.0897,35456.48,140966.076,0.2679,1.17,20.2593,2.4462,5302009.118
688396.SH,2024-04-18,39.85,40.16,39.51,39.51,40.06,-0.55,-1.3729,29932.75,119123.266,0.2262,0.92,19.9811,2.4126,5229215.6828
688396.SH,2024-04-19,39.29,39.29,38.33,38.4,39.51,-1.11,-2.8094,34244.37,132197.056,0.2587,1.01,19.4198,2.3449,5082305.2954
688396.SH,2024-04-22,38.19,38.78,37.7,38.24,38.4,-0.16,-0.4167,23146.44,88475.961,0.1749,0.67,19.3388,2.3351,5061129.0233
688396.SH,2024-04-23,38.37,38.5,36.79,36.79,38.24,-1.45,-3.7918,45422.05,169344.85,0.3432,1.43,18.6055,2.2465,4869219.0577
688396.SH,2024-04-24,36.99,37.28,36.63,37.19,36.79,0.4,1.0873,23107.51,85625.021,0.1746,0.69,18.8078,2.271,4922159.7379
688396.SH,2024-04-25,37.02,38.07,36.94,37.38,37.19,0.19,0.5109,24552.45,92146.351,0.1855,0.79,18.9039,2.2826,4947306.561
688396.SH,2024-04-26,35.23,36.35,34.23,36.16,37.38,-1.22,-3.2638,88776.05,313989.681,0.6708,2.95,32.3528,2.2024,4785837.4865
688396.SH,2024-04-29,35.82,37.73,35.8,37.25,36.16,1.09,3.0144,53172.28,196936.397,0.4017,1.3,33.328,2.2688,4930100.8399
688396.SH,2024-04-30,37.11,37.55,36.34,36.49,37.25,-0.76,-2.0403,35643.23,130836.235,0.2693,0.76,32.648,2.2225,4829513.5476
688396.SH,2024-05-06,37.07,37.66,37.07,37.35,36.49,0.86,2.3568,29821.23,111428.976,0.2253,0.66,33.4175,2.2749,4943336.0099
688396.SH,2024-05-07,37.21,37.65,37.03,37.45,37.35,0.1,0.2677,21740.13,81326.274,0.1643,0.47,33.507,2.281,4956571.18
688396.SH,2024-05-08,37.64,37.64,36.59,36.62,37.45,-0.83,-2.2163,23417.7,86494.665,0.1769,0.51,32.7644,2.2305,4846719.2686
688396.SH,2024-05-09,36.7,39.73,36.68,39.53,36.62,2.91,7.9465,90623.01,348209.246,0.6847,2.77,35.368,2.4077,5231862.7168
688396.SH,2024-05-10,39.05,39.35,38.2,38.85,39.53,-0.68,-1.7202,61102.33,236328.515,0.4617,1.52,34.7596,2.3663,5141863.5605
688396.SH,2024-05-13,38.45,39.1,38.06,38.71,38.85,-0.14,-0.3604,32589.41,126072.072,0.2462,0.72,34.6343,2.3578,5123334.3225
688396.SH,2024-05-14,38.71,39.27,38.41,38.67,38.71,-0.04,-0.1033,22131.19,85686.155,0.1672,0.48,34.5985,2.3553,5118040.2545
688396.SH,2024-05-15,38.45,38.7,37.82,37.83,38.67,-0.84,-2.1722,22714.52,86683.655,0.1716,0.49,33.847,2.3042,5006864.8261
688396.SH,2024-05-16,37.83,38.2,37.61,37.72,37.83,-0.11,-0.2908,20411.61,77331.203,0.1542,0.45,33.7485,2.2975,4992306.1391
688396.SH,2024-05-17,37.84,38.42,37.52,38.4,37.72,0.68,1.8028,22562.63,86075.555,0.1705,0.71,34.3569,2.3389,5082305.2954
688396.SH,2024-05-20,38.44,38.75,37.71,38.2,38.4,-0.2,-0.5208,43740.13,167049.906,0.3305,1.82,34.178,2.3267,5055834.9553
688396.SH,2024-05-21,38.08,38.2,37.68,37.88,38.2,-0.32,-0.8377,15809.82,59820.801,0.1195,0.6,33.8917,2.3072,5013482.4112
688396.SH,2024-05-22,37.88,38.47,37.88,38.35,37.88,0.47,1.2408,27331.72,104564.639,0.2065,1.09,34.3122,2.3358,5075687.7103
688396.SH,2024-05-23,38.53,38.55,37.53,37.53,38.35,-0.82,-2.1382,21863.92,82808.205,0.1652,0.84,33.5785,2.2859,4967159.316
688396.SH,2024-05-24,37.48,37.77,36.95,37.01,37.53,-0.52,-1.3856,20008.95,74552.214,0.1512,0.76,33.1133,2.2542,4898336.4318
688396.SH,2024-05-27,37.2,38.09,36.9,38.0,37.01,0.99,2.675,29268.7,109908.167,0.2211,1.14,33.9991,2.3145,5029364.6152
688396.SH,2024-05-28,38.1,38.78,37.7,37.92,38.0,-0.08,-0.2105,39905.19,152826.34,0.3015,1.75,33.9275,2.3096,5018776.4792
688396.SH,2024-05-29,37.61,38.03,37.28,37.38,37.92,-0.54,-1.4241,20514.46,77262.985,0.155,0.74,33.4443,2.2768,4947306.561
688396.SH,2024-05-30,37.25,38.91,37.01,38.31,37.38,0.93,2.488,54045.07,206707.259,0.4083,2.05,34.2764,2.3334,5070393.6423
688396.SH,2024-05-31,38.45,38.8,37.96,38.17,38.31,-0.14,-0.3654,35250.31,135130.294,0.2663,1.08,34.1512,2.3249,5051864.4043
688396.SH,2024-06-03,37.93,38.6,37.9,38.3,38.17,0.13,0.3406,34663.03,132741.213,0.2619,0.97,34.2675,2.3328,5069070.1253
688396.SH,2024-06-04,38.32,38.49,37.56,38.0,38.3,-0.3,-0.7833,30659.11,116206.311,0.2316,0.83,33.9991,2.3145,5029364.6152
688396.SH,2024-06-05,37.81,38.67,37.6,37.8,38.0,-0.2,-0.5263,35613.39,135828.095,0.2691,1.02,33.8201,2.3023,5002894.2751
688396.SH,2024-06-06,37.96,38.88,37.77,37.81,37.8,0.01,0.0265,47352.82,180854.07,0.3578,1.24,33.8291,2.3029,5004217.7921
688396.SH,2024-06-07,37.85,38.25,36.85,37.01,37.81,-0.8,-2.1158,41313.7,154482.625,0.3122,1.13,33.1133,2.2542,4898336.4318
688396.SH,2024-06-11,36.8,38.62,36.79,38.56,37.01,1.55,4.1881,64592.19,245149.962,0.488,1.7,34.5001,2.3486,5103481.5674
688396.SH,2024-06-12,38.88,39.38,38.23,38.55,38.56,-0.01,-0.0259,58986.57,228272.245,0.4457,1.34,34.4912,2.348,5102158.0504
688396.SH,2024-06-13,38.58,40.1,38.32,39.47,38.55,0.92,2.3865,87522.16,344374.62,0.6613,1.77,35.3143,2.4041,5223921.6148
688396.SH,2024-06-14,39.32,39.32,38.65,39.16,39.47,-0.31,-0.7854,68038.32,265114.707,0.5141,1.13,35.0369,2.3852,5182892.5877
688396.SH,2024-06-17,38.92,39.94,38.72,39.62,39.16,0.46,1.1747,57000.86,225089.18,0.4307,0.89,35.4485,2.4132,5243774.3698
688396.SH,2024-06-18,39.55,39.57,38.89,39.05,39.51,-0.46,-1.1643,44526.9,174262.893,0.3364,0.66,34.9385,2.3948,5168333.9006
688396.SH,2024-06-19,39.4,39.4,38.45,38.75,39.05,-0.3,-0.7682,40551.82,157317.914,0.3064,0.64,34.6701,2.3764,5128628.3905
688396.SH,2024-06-20,38.75,41.36,38.62,40.0,38.75,1.25,3.2258,115727.3,466388.973,0.8744,1.94,35.7885,2.453,5294068.016
688396.SH,2024-06-21,39.9,41.06,39.16,40.99,40.0,0.99,2.475,99544.64,400016.689,0.7521,1.53,36.6743,2.5137,5425096.1994
688396.SH,2024-06-24,40.6,41.48,39.85,40.09,40.99,-0.9,-2.1957,108090.22,439953.793,0.8167,1.51,35.869,2.4586,5305979.669
688396.SH,2024-06-25,40.0,40.4,38.25,38.4,40.09,-1.69,-4.2155,82736.75,324367.907,0.6251,1.01,34.3569,2.3549,5082305.2954
688396.SH,2024-06-26,38.4,38.9,37.4,38.8,38.4,0.4,1.0417,60918.33,232754.563,0.4603,0.68,34.7148,2.3794,5135245.9755
688396.SH,2024-06-27,38.5,38.69,37.24,37.25,38.8,-1.55,-3.9948,49528.2,186807.854,0.3742,0.53,33.328,2.2844,4930100.8399
688396.SH,2024-06-28,37.19,38.12,36.9,37.44,37.25,0.19,0.5101,38419.69,144571.159,0.2903,0.48,33.498,2.296,4955247.663
688396.SH,2024-07-01,37.4,37.83,37.01,37.65,37.44,0.21,0.5609,28674.38,107290.344,0.2167,0.42,33.6859,2.3089,4983041.5201
688396.SH,2024-07-02,37.58,38.08,37.15,37.52,37.65,-0.13,-0.3453,26677.69,100425.957,0.2016,0.51,33.5696,2.3009,4965835.799
688396.SH,2024-07-03,37.5,38.26,37.27,37.7,37.52,0.18,0.4797,33040.66,124827.869,0.2496,0.81,33.7306,2.312,4989659.1051
688396.SH,2024-07-04,37.73,37.77,36.72,36.8,37.7,-0.9,-2.3873,34092.55,126559.036,0.2576,0.97,32.9254,2.2568,4870542.5747
688396.SH,2024-07-05,36.77,37.08,36.18,36.78,36.8,-0.02,-0.0543,25971.95,95496.387,0.1962,0.81,32.9075,2.2556,4867895.5407
688396.SH,2024-07-08,36.78,37.65,36.56,37.15,36.78,0.37,1.006,32159.59,119840.742,0.243,1.08,33.2386,2.2783,4916865.6699
688396.SH,2024-07-09,37.15,38.5,36.85,38.29,37.15,1.14,3.0686,53293.09,202352.092,0.4027,1.75,34.2585,2.3482,5067746.6083
688396.SH,2024-07-10,38.16,38.42,37.94,38.22,38.29,-0.07,-0.1828,26138.59,99815.735,0.1975,0.73,34.1959,2.3439,5058481.9893
688396.SH,2024-07-11,38.77,39.03,38.28,38.63,38.22,0.41,1.0727,40221.06,155532.035,0.3039,1.17,34.5627,2.369,5112746.1865
688396.SH,2024-07-12,38.47,38.75,38.2,38.42,38.63,-0.21,-0.5436,28701.22,110291.137,0.2169,0.81,34.3748,2.3561,5084952.3294
688396.SH,2024-07-15,38.77,38.78,38.1,38.13,38.42,-0.29,-0.7548,28940.77,110976.983,0.2187,0.8,34.1154,2.3384,5046570.3363
688396.SH,2024-07-16,38.07,38.68,37.82,38.55,38.13,0.42,1.1015,50326.24,192929.301,0.3802,1.42,34.4912,2.3641,5102158.0504
688396.SH,2024-07-17,38.55,38.58,37.69,38.06,38.55,-0.49,-1.2711,44142.62,167925.813,0.3335,1.27,34.0527,2.3341,5037305.7172
688396.SH,2024-07-18,37.68,38.12,37.18,38.0,38.06,-0.06,-0.1576,47088.28,177409.953,0.3558,1.22,33.9991,2.3304,5029364.6152
688396.SH,2024-07-19,38.0,39.58,37.68,39.41,38.0,1.41,3.7105,86493.34,336834.009,0.6535,2.17,35.2606,2.4169,5215980.5128
688396.SH,2024-07-22,39.32,40.39,39.03,39.98,39.41,0.57,1.4463,81316.31,323504.578,0.6144,1.58,35.7706,2.4518,5291420.982
688396.SH,2024-07-23,40.11,40.11,38.27,38.39,39.98,-1.59,-3.977,61621.11,241362.898,0.4656,1.0,34.348,2.3543,5080981.7784
688396.SH,2024-07-24,38.3,38.55,37.56,37.69,38.39,-0.7,-1.8234,42476.83,161204.814,0.3209,0.66,33.7217,2.3114,4988335.5881
688396.SH,2024-07-25,37.26,37.93,37.25,37.67,37.69,-0.02,-0.0531,32330.79,121585.161,0.2443,0.51,33.7038,2.3101,4985688.5541
688396.SH,2024-07-26,37.74,38.4,37.56,38.19,37.67,0.52,1.3804,29285.38,111208.892,0.2213,0.48,34.1691,2.342,5054511.4383
688396.SH,2024-07-29,38.14,38.44,37.6,37.6,38.19,-0.59,-1.5449,26502.47,100459.848,0.2002,0.54,33.6412,2.3059,4976423.935
688396.SH,2024-07-30,37.56,38.56,37.1,38.41,37.6,0.81,2.1543,38917.66,147930.415,0.294,1.01,34.3659,2.3555,5083628.8124
688396.SH,2024-07-31,38.36,39.78,38.3,39.76,38.41,1.35,3.5147,62259.91,244769.49,0.4704,1.84,35.5738,2.4383,5262303.6079
688396.SH,2024-08-01,39.71,40.81,39.44,40.14,39.76,0.38,0.9557,69492.9,278844.992,0.5251,1.84,35.9137,2.4616,5312597.2541
688396.SH,2024-08-02,39.7,40.43,39.21,39.39,40.14,-0.75,-1.8685,49246.17,196012.141,0.3721,1.09,35.2427,2.4156,5213333.4788
688396.SH,2024-08-05,39.19,39.74,38.56,38.57,39.39,-0.82,-2.0817,49520.96,193377.939,0.3742,1.0,34.509,2.3653,5104805.0844
688396.SH,2024-08-06,39.2,39.22,38.3,38.87,38.57,0.3,0.7778,31886.82,123360.76,0.2409,0.59,34.7775,2.3837,5144510.5945
688396.SH,2024-08-07,38.87,39.13,38.62,38.68,38.87,-0.19,-0.4888,22215.09,86449.108,0.1678,0.42,34.6075,2.3721,5119363.7715
688396.SH,2024-08-08,38.52,39.3,38.02,38.76,38.68,0.08,0.2068,27555.51,106630.425,0.2082,0.62,34.679,2.377,5129951.9075
688396.SH,2024-08-09,39.2,39.44,38.1,38.11,38.76,-0.65,-1.677,27722.77,107239.426,0.2095,0.77,34.0975,2.3371,5043923.3022
688396.SH,2024-08-12,37.91,38.08,36.72,36.81,38.11,-1.3,-3.4112,40138.17,149366.472,0.3033,1.26,32.9344,2.2574,4871866.0917
688396.SH,2024-08-13,36.8,37.1,36.39,36.71,36.81,-0.1,-0.2717,25848.64,94819.172,0.1953,0.86,32.8449,2.2513,4858630.9217
688396.SH,2024-08-14,36.8,36.92,36.11,36.11,36.71,-0.6,-1.6344,28322.92,102935.887,0.214,0.99,32.3081,2.2145,4779219.9014
688396.SH,2024-08-15,36.01,36.77,35.87,36.49,36.11,0.38,1.0523,27166.02,98937.064,0.2053,0.91,32.648,2.2378,4829513.5476
688396.SH,2024-08-16,36.59,36.62,36.1,36.39,36.49,-0.1,-0.274,23560.73,85744.612,0.178,0.79,32.5586,2.2316,4816278.3776
688396.SH,2024-08-19,36.46,36.78,36.16,36.35,36.39,-0.04,-0.1099,17451.3,63618.404,0.1319,0.6,32.5228,2.2292,4810984.3095
688396.SH,2024-08-20,36.33,36.48,36.07,36.15,36.35,-0.2,-0.5502,18353.07,66540.421,0.1387,0.75,32.3438,2.2169,4784513.9695
688396.SH,2024-08-21,36.06,36.36,34.41,34.55,36.15,-1.6,-4.426,37867.42,133490.845,0.2861,1.65,30.9123,2.1188,4572751.2488
688396.SH,2024-08-22,34.5,34.56,33.06,33.98,34.55,-0.57,-1.6498,31833.54,107776.692,0.2405,1.28,30.4023,2.0839,4497310.7796
688396.SH,2024-08-23,33.98,34.24,33.55,34.14,33.98,0.16,0.4709,22547.02,76523.591,0.1704,0.87,30.5455,2.0937,4518487.0517
688396.SH,2024-08-26,34.13,34.65,33.85,34.6,34.14,0.46,1.3474,19738.77,67865.823,0.1491,0.77,30.957,2.1219,4579368.8338
688396.SH,2024-08-27,34.52,34.77,33.86,34.27,34.6,-0.33,-0.9538,17869.79,61081.924,0.135,0.69,30.6618,2.1016,4535692.7727
688396.SH,2024-08-28,34.03,34.58,34.03,34.45,34.27,0.18,0.5252,14160.76,48747.096,0.107,0.55,30.8228,2.1127,4559516.0788
688396.SH,2024-08-29,34.35,34.99,34.29,34.7,34.45,0.25,0.7257,16397.55,56993.175,0.1239,0.77,31.0465,2.128,4592604.0039
688396.SH,2024-08-30,34.68,35.53,34.45,34.71,34.7,0.01,0.0288,36675.57,128653.726,0.2771,2.02,31.0555,2.1286,4593927.5209
688396.SH,2024-09-02,35.48,35.82,34.65,35.0,34.71,0.29,0.8355,47785.4,169230.904,0.361,2.28,31.3149,2.1198,4632309.514
688396.SH,2024-09-03,35.0,35.91,34.81,35.74,35.0,0.74,2.1143,25744.07,91661.333,0.1945,0.97,31.977,2.1646,4730249.7723
688396.SH,2024-09-04,35.4,35.95,35.4,35.68,35.74,-0.06,-0.1679,15710.48,56042.494,0.1187,0.56,31.9233,2.161,4722308.6703
688396.SH,2024-09-05,35.65,36.08,35.64,36.08,35.68,0.4,1.1211,19575.83,70293.29,0.1479,0.69,32.2812,2.1852,4775249.3504
688396.SH,2024-09-06,36.0,36.35,35.2,35.3,36.08,-0.78,-2.1619,18229.71,64839.149,0.1377,0.63,31.5833,2.138,4672015.0241
688396.SH,2024-09-09,35.32,35.86,34.94,35.1,35.3,-0.2,-0.5666,17315.94,61325.04,0.1308,0.68,31.4044,2.1259,4645544.684
688396.SH,2024-09-10,35.19,35.61,34.38,35.26,35.1,0.16,0.4558,16945.3,59303.677,0.128,0.88,31.5475,2.1356,4666720.9561
688396.SH,2024-09-11,35.11,35.38,34.6,34.68,35.26,-0.58,-1.6449,14842.95,51827.05,0.1121,0.85,31.0286,2.1004,4589956.9699
688396.SH,2024-09-12,34.81,35.27,34.65,34.65,34.68,-0.03,-0.0865,12784.77,44686.917,0.0966,0.74,31.0018,2.0986,4585986.4189
688396.SH,2024-09-13,34.58,34.89,34.38,34.88,34.65,0.23,0.6638,25416.89,88051.493,0.192,1.59,31.2076,2.1125,4616427.31
688396.SH,2024-09-18,34.9,34.9,33.69,33.99,34.88,-0.89,-2.5516,22291.77,75979.873,0.1684,1.28,30.4113,2.0586,4498634.2966
688396.SH,2024-09-19,34.16,34.95,33.7,34.33,33.99,0.34,1.0003,23178.84,79608.153,0.1751,1.26,30.7155,2.0792,4543633.8747
688396.SH,2024-09-20,34.33,34.79,33.67,34.36,34.33,0.03,0.0874,27378.64,93442.417,0.2069,1.39,30.7423,2.081,4547604.4257
688396.SH,2024-09-23,34.28,34.55,33.91,34.15,34.36,-0.21,-0.6112,17589.18,60120.576,0.1329,0.79,30.5544,2.0683,4519810.5687
688396.SH,2024-09-24,34.29,35.8,34.01,35.79,34.15,1.64,4.8023,34618.02,121484.028,0.2616,1.49,32.0217,2.1677,4736867.3573
688396.SH,2024-09-25,36.2,36.9,36.0,36.67,35.79,0.88,2.4588,42117.11,154274.261,0.3182,1.68,32.8091,2.2209,4853336.8537
688396.SH,2024-09-26,36.49,38.04,36.47,37.96,36.67,1.29,3.5179,39997.53,148870.651,0.3022,1.38,33.9633,2.2991,5024070.5472
688396.SH,2024-09-27,38.66,39.88,38.31,39.82,37.96,1.86,4.8999,41055.64,160284.399,0.3102,1.27,35.6274,2.4117,5270244.7099
688396.SH,2024-09-30,41.98,47.3,41.51,47.15,39.82,7.33,18.4078,171486.39,761768.974,1.2957,4.89,42.1857,2.8557,6240382.6739
688396.SH,2024-10-08,56.58,56.58,54.76,56.58,47.15,9.43,20.0,206488.74,1164971.478,1.5602,3.14,50.6228,3.4268,7488459.2086
688396.SH,2024-10-09,56.0,65.0,54.0,56.7,56.58,0.12,0.2121,397676.51,2393781.308,3.0047,3.97,50.7302,3.4341,7504341.4127
688396.SH,2024-10-10,57.77,58.85,53.7,56.85,56.7,0.15,0.2646,230355.42,1296317.132,1.7405,1.34,50.8644,3.4432,7524194.1677
688396.SH,2024-10-11,56.88,56.88,51.5,52.05,56.85,-4.8,-8.4433,150147.33,799072.497,1.1345,0.72,46.5698,3.1525,6888906.0058
688396.SH,2024-10-14,52.12,52.78,49.5,51.98,52.05,-0.07,-0.1345,133918.33,686393.458,1.0118,0.58,46.5071,3.1482,6879641.3868
688396.SH,2024-10-15,52.0,52.55,50.1,50.1,51.98,-1.88,-3.6168,103946.45,535682.678,0.7854,0.46,44.8251,3.0343,6630820.19
688396.SH,2024-10-16,49.0,50.0,48.5,48.62,50.1,-1.48,-2.9541,77178.29,378623.749,0.5831,0.38,43.5009,2.9447,6434939.6734
688396.SH,2024-10-17,49.04,49.75,47.43,47.5,48.62,-1.12,-2.3036,82320.91,398863.184,0.622,0.59,42.4988,2.8769,6286705.769
688396.SH,2024-10-18,47.51,54.38,47.51,52.23,47.5,4.73,9.9579,224298.55,1147583.85,1.6947,2.05,46.7308,3.1634,6912729.3119
688396.SH,2024-10-21,53.34,57.5,51.5,54.45,52.23,2.22,4.2504,246232.82,1344515.924,1.8604,1.98,48.7171,3.2978,7206550.0868
688396.SH,2024-10-22,54.86,54.86,52.0,52.85,54.45,-1.6,-2.9385,140246.34,742854.087,1.0596,0.96,47.2855,3.2009,6994787.3661
688396.SH,2024-10-23,52.54,53.8,52.42,52.49,52.85,-0.36,-0.6812,94240.52,499498.975,0.712,0.61,46.9634,3.1791,6947140.754
688396.SH,2024-10-24,51.85,52.97,51.8,51.84,52.49,-0.65,-1.2383,74796.05,390472.334,0.5651,0.47,46.3819,3.1397,6861112.1487
688396.SH,2024-10-25,52.52,53.5,51.95,52.4,51.84,0.56,1.0802,81258.11,427398.06,0.614,0.52,46.8829,3.1736,6935229.101
688396.SH,2024-10-28,52.83,52.84,51.6,51.9,52.4,-0.5,-0.9542,66387.44,345659.732,0.5016,0.52,46.4356,3.1434,6869053.2508
688396.SH,2024-10-29,51.9,52.6,51.2,51.2,51.9,-0.7,-1.3487,88743.35,460941.993,0.6705,0.97,45.8093,3.101,6776407.0605
688396.SH,2024-10-30,51.48,51.48,49.4,49.69,51.2,-1.51,-2.9492,83929.36,421767.722,0.6341,1.04,44.4582,3.0095,6576555.9929
688396.SH,2024-10-31,49.67,50.94,49.16,50.4,49.69,0.71,1.4289,101748.42,510226.338,0.7688,1.29,45.0935,3.0201,6670525.7002
688396.SH,2024-11-01,50.66,50.92,49.31,49.31,50.4,-1.09,-2.1627,80292.35,401156.629,0.6067,0.95,44.1183,2.9548,6526262.3467
688396.SH,2024-11-04,49.3,50.1,48.77,49.49,49.31,0.18,0.365,61746.43,305198.755,0.4665,0.73,44.2793,2.9655,6550085.6528
688396.SH,2024-11-05,49.58,51.34,49.23,51.18,49.49,1.69,3.4148,142605.97,720914.986,1.0775,1.71,45.7914,3.0668,6773760.0265
688396.SH,2024-11-06,51.31,51.96,50.58,50.85,51.18,-0.33,-0.6448,128160.88,656349.206,0.9683,1.36,45.4961,3.047,6730083.9653
688396.SH,2024-11-07,50.86,53.25,50.48,53.0,50.85,2.15,4.2281,128673.68,667963.463,0.9722,1.25,47.4197,3.1759,7014640.1212
688396.SH,2024-11-08,54.49,55.5,53.01,53.14,53.0,0.14,0.2642,178159.45,965856.914,1.3461,1.65,47.545,3.1843,7033169.3593
688396.SH,2024-11-11,53.91,57.77,53.0,56.95,53.14,3.81,7.1697,233331.02,1301264.556,1.763,1.82,50.9539,3.4126,7537429.3378
688396.SH,2024-11-12,56.5,57.66,55.6,56.13,56.95,-0.82,-1.4399,173800.42,983637.387,1.3132,1.07,50.2202,3.3634,7428900.9435
688396.SH,2024-11-13,55.68,56.86,54.68,55.52,56.13,-0.61,-1.0868,115535.47,643666.984,0.8729,0.69,49.6744,3.3269,7348166.4062
688396.SH,2024-11-14,55.36,55.93,53.19,53.41,55.52,-2.11,-3.8004,94842.79,518676.158,0.7166,0.57,47.7866,3.2004,7068904.3184
688396.SH,2024-11-15,53.9,55.42,52.8,52.8,53.41,-0.61,-1.1421,127510.56,693385.523,0.9634,0.8,47.2408,3.1639,6988169.7811
688396.SH,2024-11-18,52.78,53.0,50.7,51.25,52.8,-1.55,-2.9356,109589.22,566473.272,0.828,0.74,45.854,3.071,6783024.6455
688396.SH,2024-11-19,51.9,53.59,51.18,53.35,51.25,2.1,4.0976,90572.91,474654.918,0.6843,0.73,47.7329,3.1968,7060963.2163
688396.SH,2024-11-20,53.35,54.0,52.51,53.0,53.35,-0.35,-0.656,65870.99,350410.39,0.4977,0.61,47.4197,3.1759,7014640.1212
688396.SH,2024-11-21,53.0,53.25,51.61,51.98,53.0,-1.02,-1.9245,88307.96,463481.373,0.6672,0.9,46.5071,3.1148,6879641.3868
688396.SH,2024-11-22,51.98,52.36,49.51,49.65,51.98,-2.33,-4.4825,93811.1,477756.019,0.7088,0.97,44.4225,2.9751,6571261.9249
688396.SH,2024-11-25,49.65,49.82,48.65,49.6,49.65,-0.05,-0.1007,70488.7,346418.535,0.5326,0.79,44.3777,2.9721,6564644.3398
688396.SH,2024-11-26,49.49,49.95,48.9,49.2,49.6,-0.4,-0.8065,44512.96,219786.97,0.3363,0.54,44.0198,2.9482,6511703.6597
688396.SH,2024-11-27,49.18,50.48,48.6,50.25,49.2,1.05,2.1341,70912.39,351937.657,0.5358,0.98,44.9593,3.0111,6650672.9451
688396.SH,2024-11-28,50.35,50.85,49.5,49.77,50.25,-0.48,-0.9552,61295.11,307661.615,0.4631,0.83,44.5298,2.9823,6587144.1289
688396.SH,2024-11-29,50.2,51.2,49.2,50.36,49.77,0.59,1.1855,72993.61,367614.804,0.5515,1.07,45.0577,3.0177,6665231.6321
688396.SH,2024-12-02,50.48,51.28,50.08,50.35,50.36,-0.01,-0.0199,87333.07,441116.133,0.6599,1.36,45.0488,3.0171,6663908.1151
688396.SH,2024-12-03,50.75,51.2,49.41,49.92,50.35,-0.43,-0.854,67246.6,336130.433,0.5081,1.0,44.664,2.9913,6606996.884
688396.SH,2024-12-04,51.0,51.2,49.31,49.73,49.92,-0.19,-0.3806,85279.29,429337.728,0.6443,1.19,44.494,2.9799,6581850.0609
688396.SH,2024-12-05,49.59,50.0,49.0,49.25,49.73,-0.48,-0.9652,50677.9,250124.216,0.3829,0.68,44.0646,2.9512,6518321.2447
688396.SH,2024-12-06,49.25,50.32,49.0,50.0,49.25,0.75,1.5228,74618.14,372568.497,0.5638,1.03,44.7356,2.9961,6617585.02
688396.SH,2024-12-09,50.32,50.33,49.13,49.45,50.0,-0.55,-1.1,47606.91,236303.716,0.3597,0.65,44.2435,2.9632,6544791.5848
688396.SH,2024-12-10,51.79,51.97,49.46,49.48,49.45,0.03,0.0607,92419.79,467263.213,0.6983,1.42,44.2704,2.965,6548762.1358
688396.SH,2024-12-11,49.98,49.99,49.01,49.16,49.48,-0.32,-0.6467,66135.24,326488.894,0.4997,0.94,43.984,2.9458,6506409.5917
688396.SH,2024-12-12,49.42,49.42,48.5,48.81,49.16,-0.35,-0.712,75173.68,366638.754,0.568,1.13,43.6709,2.9248,6460086.4965
688396.SH,2024-12-13,48.39,49.32,47.51,48.7,48.81,-0.11,-0.2254,107790.63,522957.66,0.8144,1.51,43.5725,2.9182,6445527.8095
688396.SH,2024-12-16,48.68,48.92,47.61,47.8,48.7,-0.9,-1.848,56923.98,273980.205,0.4301,0.73,42.7672,2.8643,6326411.2791
688396.SH,2024-12-17,48.0,48.4,47.7,48.01,47.8,0.21,0.4393,46556.47,223875.687,0.3518,0.58,42.9551,2.8769,6354205.1362
688396.SH,2024-12-18,48.49,48.64,47.28,47.8,48.01,-0.21,-0.4374,78587.99,377293.972,0.5938,1.11,42.7672,2.8643,6326411.2791
688396.SH,2024-12-19,47.47,47.77,47.05,47.51,47.8,-0.29,-0.6067,78752.97,373527.743,0.595,1.08,42.5078,2.8469,6288029.286
688396.SH,2024-12-20,47.51,49.08,47.34,48.08,47.51,0.57,1.1997,113817.7,548816.711,0.86,1.54,43.0178,2.8811,6363469.7552
688396.SH,2024-12-23,48.02,48.6,47.01,47.13,48.08,-0.95,-1.9759,85617.87,408928.352,0.6469,1.14,42.1678,2.8241,6237735.6399
688396.SH,2024-12-24,47.2,47.85,46.77,47.72,47.13,0.59,1.2519,74018.91,350669.463,0.5593,0.92,42.6957,2.8595,6315823.1431
688396.SH,2024-12-25,48.0,48.0,46.71,46.93,47.72,-0.79,-1.6555,56466.77,266416.306,0.4266,0.66,41.9888,2.8121,6211265.2998
688396.SH,2024-12-26,47.0,47.59,46.83,47.3,46.93,0.37,0.7884,57112.02,270246.835,0.4315,0.7,42.3199,2.8343,6260235.4289
688396.SH,2024-12-27,47.5,48.2,46.91,47.36,47.3,0.06,0.1268,93545.58,445404.333,0.7068,1.21,42.3736,2.8379,6268176.5309
688396.SH,2024-12-30,47.4,47.97,47.01,47.66,47.36,0.3,0.6334,61329.81,291612.621,0.4634,0.84,42.642,2.8559,6307882.0411
688396.SH,2024-12-31,47.8,48.01,46.82,47.19,47.66,-0.47,-0.9862,92446.59,437727.996,0.6985,1.35,42.2215,2.8277,6245676.7419
688396.SH,2025-01-02,46.97,46.98,45.61,45.84,47.19,-1.35,-2.8608,91641.09,423343.862,0.6924,1.27,41.0136,2.7468,6067001.9463
688396.SH,2025-01-03,45.86,46.98,45.7,46.15,45.84,0.31,0.6763,69061.2,320093.255,0.5218,0.87,41.291,2.7654,6108030.9735
688396.SH,2025-01-06,46.03,46.52,45.88,46.22,46.15,0.07,0.1517,48655.7,224434.469,0.3676,0.6,41.3536,2.7696,6117295.5925
688396.SH,2025-01-07,46.21,46.68,44.74,45.75,46.22,-0.47,-1.0169,60701.78,277309.304,0.4586,0.84,40.9331,2.7414,6055090.2933
688396.SH,2025-01-08,45.47,46.67,44.62,46.06,45.75,0.31,0.6776,67017.44,305937.621,0.5064,0.92,41.2104,2.76,6096119.3204
688396.SH,2025-01-09,46.06,46.42,45.55,45.55,46.06,-0.51,-1.1073,40962.98,188070.147,0.3095,0.61,40.7541,2.7295,6028619.9532
688396.SH,2025-01-10,45.57,45.91,44.22,44.22,45.55,-1.33,-2.9199,64335.89,289475.789,0.4861,1.12,39.5642,2.6498,5852592.1917
688396.SH,2025-01-13,44.0,44.85,43.7,44.42,44.22,0.2,0.4523,44441.24,197498.372,0.3358,0.79,39.7431,2.6617,5879062.5318
688396.SH,2025-01-14,44.67,46.35,44.2,46.3,44.42,1.88,4.2323,63444.62,289546.821,0.4794,1.14,41.4252,2.7744,6127883.7285
688396.SH,2025-01-15,46.33,46.46,45.73,45.8,46.3,-0.5,-1.0799,39131.21,180030.738,0.2957,0.7,40.9778,2.7444,6061707.8783
688396.SH,2025-01-16,46.12,46.63,45.8,46.14,45.8,0.34,0.7424,55980.73,258343.781,0.423,1.11,41.282,2.7648,6106707.4565
688396.SH,2025-01-17,45.92,48.28,45.83,47.38,46.14,1.24,2.6875,86287.45,408472.484,0.652,1.61,42.3915,2.8391,6270823.565
688396.SH,2025-01-20,47.47,47.95,46.01,46.22,47.38,-1.16,-2.4483,61801.84,289996.149,0.467,1.07,41.3536,2.7696,6117295.5925
688396.SH,2025-01-21,46.39,46.5,45.59,45.93,46.22,-0.29,-0.6274,46977.27,215616.103,0.3549,0.77,41.0941,2.7522,6078913.5994
688396.SH,2025-01-22,46.16,46.45,45.5,46.17,45.93,0.24,0.5225,47923.09,220173.697,0.3621,0.83,41.3089,2.7666,6110678.0075
688396.SH,2025-01-23,47.08,47.59,46.4,46.86,46.17,0.69,1.4945,68458.54,322035.2,0.5172,1.14,41.9262,2.808,6202000.6807
688396.SH,2025-01-24,46.2,46.94,46.15,46.42,46.86,-0.44,-0.939,51011.84,236786.869,0.3854,0.82,41.5325,2.7816,6143765.9326
688396.SH,2025-01-27,46.81,46.81,45.56,45.59,46.42,-0.83,-1.788,38818.28,179711.888,0.2933,0.7,40.7899,2.7319,6033914.0212
688396.SH,2025-02-05,46.57,46.57,45.27,45.59,45.59,0.0,0.0,66170.47,302153.396,0.5,1.31,40.7899,2.7319,6033914.0212
688396.SH,2025-02-06,45.66,47.18,45.4,46.97,45.59,1.38,3.027,92854.04,432412.491,0.7016,1.7,42.0246,2.8145,6216559.3678
688396.SH,2025-02-07,47.08,48.22,46.75,47.39,46.97,0.42,0.8942,105116.11,498686.723,0.7942,1.66,42.4004,2.8397,6272147.082
688396.SH,2025-02-10,47.5,47.6,46.9,47.05,47.39,-0.34,-0.7175,73516.8,346570.191,0.5555,1.04,42.0962,2.8193,6227147.5038
688396.SH,2025-02-11,47.04,47.04,46.05,46.19,47.05,-0.86,-1.8278,68142.77,315858.989,0.5149,0.91,41.3268,2.7678,6113325.0415
688396.SH,2025-02-12,46.08,47.85,45.63,47.74,46.19,1.55,3.3557,106665.51,499188.321,0.8059,1.31,42.7136,2.8607,6318470.1771
688396.SH,2025-02-13,47.79,47.97,46.87,46.87,47.74,-0.87,-1.8224,72841.41,344120.124,0.5504,0.82,41.9352,2.8086,6203324.1977
688396.SH,2025-02-14,46.96,47.18,46.47,46.92,46.87,0.05,0.1067,59714.11,279381.067,0.4512,0.7,41.9799,2.8115,6209941.7828
688396.SH,2025-02-17,46.92,47.2,46.46,46.83,46.92,-0.09,-0.1918,81515.24,381651.356,0.6159,1.07,41.8994,2.8062,6198030.1297
688396.SH,2025-02-18,46.62,47.09,45.66,45.81,46.83,-1.02,-2.1781,88520.19,412083.267,0.6688,1.14,40.9868,2.745,6063031.3953
688396.SH,2025-02-19,45.75,48.96,45.6,48.73,45.81,2.92,6.3742,164996.4,786037.027,1.2467,2.02,43.5993,2.92,6449498.3605
688396.SH,2025-02-20,48.85,49.15,48.3,48.55,48.73,-0.18,-0.3694,99301.52,483340.73,0.7503,1.06,43.4383,2.9092,6425675.0544
688396.SH,2025-02-21,48.55,49.96,48.17,49.7,48.55,1.15,2.3687,180774.23,891619.103,1.3659,1.83,44.4672,2.9781,6577879.5099
688396.SH,2025-02-24,49.7,50.2,49.11,49.6,49.7,-0.1,-0.2012,122317.54,606942.123,0.9242,0.99,44.3777,2.9721,6564644.3398
688396.SH,2025-02-25,48.85,51.2,48.58,49.77,49.6,0.17,0.3427,155179.73,772882.329,1.1725,1.18,44.5298,2.9823,6587144.1289
688396.SH,2025-02-26,49.75,50.48,49.5,50.2,49.77,0.43,0.864,121576.66,607382.152,0.9186,0.84,44.9145,3.0081,6644055.3601
688396.SH,2025-02-27,50.2,50.27,48.52,49.33,50.2,-0.87,-1.7331,112822.36,556585.18,0.8524,0.83,44.1361,2.956,6528909.3807
688396.SH,2025-02-28,49.01,49.22,46.78,47.0,49.33,-2.33,-4.7233,118306.06,565731.95,0.8939,0.85,42.0515,2.787,6220529.9188
688396.SH,2025-03-03,47.08,48.7,46.5,48.19,47.0,1.19,2.5319,113916.61,543853.289,0.8607,0.9,43.1162,2.8576,6378028.4423
688396.SH,2025-03-04,48.0,49.68,47.7,49.01,48.19,0.82,1.7016,97966.87,476646.026,0.7402,0.79,43.8498,2.9062,6486556.8366
688396.SH,2025-03-05,49.28,49.5,48.42,48.72,49.01,-0.29,-0.5917,65704.06,320763.695,0.4964,0.58,43.5904,2.889,6448174.8435
688396.SH,2025-03-06,49.15,49.89,48.62,49.6,48.72,0.88,1.8062,108412.31,535185.661,0.8191,1.07,44.3777,2.9412,6564644.3398
688396.SH,2025-03-07,49.2,49.5,48.26,48.62,49.6,-0.98,-1.9758,77906.32,380825.535,0.5886,0.77,43.5009,2.8831,6434939.6734
688396.SH,2025-03-10,48.28,48.56,47.75,48.19,48.62,-0.43,-0.8844,56819.57,273633.806,0.4293,0.61,43.1162,2.8576,6378028.4423
688396.SH,2025-03-11,47.68,48.7,47.6,48.22,48.19,0.03,0.0623,58454.36,281118.263,0.4417,0.72,43.143,2.8594,6381998.9933
688396.SH,2025-03-12,48.33,48.44,47.8,47.85,48.22,-0.37,-0.7673,52616.98,252603.786,0.3976,0.72,42.812,2.8374,6333028.8641
688396.SH,2025-03-13,47.9,47.99,46.81,47.1,47.85,-0.75,-1.5674,61743.93,291919.492,0.4665,0.87,42.1409,2.793,6233765.0888
688396.SH,2025-03-14,47.06,47.74,46.88,47.56,47.1,0.46,0.9766,53240.42,252627.066,0.4023,0.87,42.5525,2.8202,6294646.871
688396.SH,2025-03-17,47.84,47.87,47.3,47.45,47.56,-0.11,-0.2313,40574.37,192870.03,0.3066,0.72,42.4541,2.8137,6280088.184
688396.SH,2025-03-18,47.6,48.07,47.36,47.68,47.45,0.23,0.4847,44891.65,214160.832,0.3392,0.84,42.6599,2.8274,6310529.0751
688396.SH,2025-03-19,47.54,47.58,46.99,47.07,47.68,-0.61,-1.2794,37392.39,176431.74,0.2825,0.74,42.1141,2.7912,6229794.5378
688396.SH,2025-03-20,47.07,47.41,46.7,46.75,47.07,-0.32,-0.6798,33640.51,158366.599,0.2542,0.71,41.8278,2.7722,6187441.9937
688396.SH,2025-03-21,46.5,46.8,45.71,45.79,46.75,-0.96,-2.0535,60870.07,280656.44,0.4599,1.45,41.0931,2.7235,6078757.1134
688396.SH,2025-03-24,45.72,45.93,44.65,45.34,45.79,-0.45,-0.9827,46423.57,210145.853,0.3508,1.07,40.6892,2.6967,6019018.2905
688396.SH,2025-03-25,45.34,45.68,44.94,45.5,45.34,0.16,0.3529,35532.1,161156.219,0.2677,0.8,40.8328,2.6905,6040258.7609
688396.SH,2025-03-26,45.5,45.79,45.26,45.29,45.5,-0.21,-0.4615,28118.6,127843.419,0.2118,0.66,40.6444,2.6781,6012380.6435
688396.SH,2025-03-27,45.29,45.95,44.67,45.45,45.29,0.16,0.3533,38303.09,173844.269,0.2885,0.94,40.7879,2.6876,6033621.1139
688396.SH,2025-03-28,45.43,45.92,45.11,45.24,45.45,-0.21,-0.462,32572.41,147976.561,0.2454,0.78,40.5995,2.6752,6005742.9966
688396.SH,2025-03-31,45.11,45.6,44.6,44.8,45.24,-0.44,-0.9726,33003.05,148791.057,0.2486,0.91,40.2046,2.6491,5947331.703
688396.SH,2025-04-01,45.26,45.52,45.01,45.3,44.8,0.5,1.1161,28352.71,128276.545,0.2136,0.85,40.6533,2.6787,6013708.1729
688396.SH,2025-04-02,45.39,45.56,45.01,45.32,45.3,0.02,0.0442,19660.55,89024.963,0.1481,0.61,40.6713,2.6799,6016363.2317
688396.SH,2025-04-03,45.0,45.59,44.9,45.27,45.32,-0.05,-0.1103,25804.63,116843.112,0.1944,0.85,40.6264,2.6769,6009725.5847
688396.SH,2025-04-07,42.9,43.9,36.93,39.3,45.27,-5.97,-13.1875,116158.2,472529.785,0.875,4.17,35.2688,2.3239,5217190.5341
688396.SH,2025-04-08,40.0,41.8,39.8,41.8,39.3,2.5,6.3613,108889.8,448401.086,0.8202,2.44,37.5123,2.4717,5549072.8836
688396.SH,2025-04-09,41.6,43.89,41.0,43.89,41.8,2.09,5.0,114928.55,493544.079,0.8657,1.92,39.388,2.5953,5826526.5278
688396.SH,2025-04-10,44.63,45.65,44.15,45.11,43.89,1.22,2.7797,74838.39,335575.547,0.5637,0.97,40.4828,2.6675,5988485.1144
688396.SH,2025-04-11,44.48,47.35,44.24,46.7,45.11,1.59,3.5247,101305.75,467400.197,0.7631,1.15,41.9097,2.7615,6199562.2887
688396.SH,2025-04-14,46.7,46.8,45.66,46.27,46.7,-0.43,-0.9208,71500.53,330659.992,0.5386,0.69,41.5238,2.7361,6142478.5245
688396.SH,2025-04-15,46.6,46.6,45.47,45.95,46.27,-0.32,-0.6916,38138.86,174685.751,0.2873,0.4,41.2367,2.7171,6099997.5838
688396.SH,2025-04-16,46.0,47.3,45.31,47.3,45.95,1.35,2.938,81384.72,378639.117,0.6131,1.02,42.4482,2.797,6279214.0525
688396.SH,2025-04-17,47.29,47.98,47.0,47.5,47.3,0.2,0.4228,61621.54,292230.06,0.4642,0.84,42.6277,2.8088,6305764.6405
688396.SH,2025-04-18,47.25,47.66,46.84,47.4,47.5,-0.1,-0.2105,32614.38,154430.183,0.2457,0.46,42.5379,2.8029,6292489.3465
688396.SH,2025-04-21,47.4,47.75,47.01,47.26,47.4,-0.14,-0.2954,34160.23,161424.366,0.2573,0.6,42.4123,2.7946,6273903.9349
688396.SH,2025-04-22,47.07,47.43,46.66,47.04,47.26,-0.22,-0.4655,27882.23,131119.929,0.21,0.56,42.2149,2.7816,6244698.2882
688396.SH,2025-04-23,47.47,47.5,46.96,47.17,47.04,0.13,0.2764,28515.81,134587.135,0.2148,0.6,42.3315,2.7893,6261956.1704
688396.SH,2025-04-24,47.5,47.5,46.13,46.78,47.17,-0.39,-0.8268,31400.98,146659.588,0.2365,0.85,41.9815,2.7662,6210182.5238
688396.SH,2025-04-25,47.05,47.18,46.5,47.18,46.78,0.4,0.8551,26498.09,123945.353,0.1996,0.86,42.3405,2.7899,6263283.6998
688396.SH,2025-04-28,46.95,46.95,46.33,46.84,47.18,-0.34,-0.7206,21938.02,102428.961,0.1653,0.74,42.0354,2.7698,6218147.7002
688396.SH,2025-04-29,46.56,46.88,46.38,46.65,46.84,-0.19,-0.4056,25416.35,118502.515,0.1915,0.93,41.8649,2.7585,6192924.6417
688396.SH,2025-04-30,46.56,46.8,45.93,46.07,46.65,-0.58,-1.2433,37939.17,175264.5,0.2858,1.42,80.2131,2.715,6115927.9366
688396.SH,2025-05-06,46.37,47.15,46.03,46.89,46.07,0.82,1.7799,45632.85,213214.417,0.3437,1.59,81.6408,2.7634,6224785.3472
688396.SH,2025-05-07,47.95,48.0,47.03,47.95,46.89,1.06,2.2606,63954.26,304432.322,0.4818,2.03,83.4864,2.8258,6365503.4634
688396.SH,2025-05-08,47.63,47.85,47.33,47.64,47.95,-0.31,-0.6465,30524.52,145223.105,0.2299,0.78,82.9467,2.8076,6324350.0521
688396.SH,2025-05-09,47.69,47.93,47.41,47.52,47.64,-0.12,-0.2519,31755.86,151557.006,0.2392,0.78,82.7377,2.8005,6308419.6993
688396.SH,2025-05-12,47.77,48.13,47.56,48.1,47.52,0.58,1.2205,34115.23,163638.931,0.257,0.81,83.7476,2.8347,6385416.4044
688396.SH,2025-05-13,48.5,48.6,47.25,47.41,48.1,-0.69,-1.4345,30027.78,143308.36,0.2262,0.73,82.5462,2.794,6293816.8759
688396.SH,2025-05-14,47.39,47.9,47.12,47.77,47.41,0.36,0.7593,24110.81,114575.424,0.1816,0.63,83.173,2.8152,6341607.9342
688396.SH,2025-05-15,47.76,47.76,47.0,47.26,47.77,-0.51,-1.0676,21667.59,102531.685,0.1632,0.72,82.285,2.7852,6273903.9349
688396.SH,2025-05-16,47.01,47.99,46.92,47.99,47.26,0.73,1.5446,26237.04,124103.068,0.1976,0.93,83.5561,2.8282,6370813.581
688396.SH,2025-05-19,47.3,47.82,47.06,47.28,47.99,-0.71,-1.4795,22713.27,107642.618,0.1711,0.83,82.3199,2.7863,6276558.9937
688396.SH,2025-05-20,47.02,47.48,46.75,46.8,47.28,-0.48,-1.0152,23024.68,108093.728,0.1734,0.92,81.4841,2.7581,6212837.5826
688396.SH,2025-05-21,46.79,46.88,46.41,46.65,46.8,-0.15,-0.3205,16617.02,77534.384,0.1252,0.71,81.223,2.7492,6192924.6417
688396.SH,2025-05-22,46.68,46.89,46.3,46.39,46.65,-0.26,-0.5573,16522.82,77042.083,0.1245,0.75,80.7703,2.7339,6158408.8773
688396.SH,2025-05-23,46.3,46.83,46.12,46.12,46.39,-0.27,-0.582,18113.55,84185.228,0.1364,0.86,80.3002,2.718,6122565.5836
688396.SH,2025-05-26,46.47,47.28,46.21,46.6,46.12,0.48,1.0408,24798.59,115799.929,0.1868,1.28,81.1359,2.7463,6186286.9947
688396.SH,2025-05-27,46.73,47.48,46.45,47.34,46.6,0.74,1.588,28803.48,135792.951,0.217,1.45,82.4243,2.7899,6284524.1701
688396.SH,2025-05-28,47.36,47.6,47.0,47.45,47.34,0.11,0.2324,20953.3,99377.658,0.1578,1.0,82.6158,2.7964,6299126.9935
688396.SH,2025-05-29,47.56,47.96,47.41,47.9,47.45,0.45,0.9484,30039.11,143603.029,0.2263,1.38,83.3994,2.8229,6358865.8164
688396.SH,2025-05-30,47.8,47.99,47.42,47.63,47.9,-0.27,-0.5637,26483.93,126438.008,0.1995,1.08,82.9293,2.807,6323022.5227
688396.SH,2025-06-03,47.63,48.0,47.21,47.88,47.63,0.25,0.5249,37231.26,177728.131,0.2805,1.42,83.3645,2.8217,6356210.7576
688396.SH,2025-06-04,47.88,48.05,47.53,47.73,47.88,-0.15,-0.3133,26051.05,124485.471,0.1962,0.91,83.1034,2.8129,6336297.8167
688396.SH,2025-06-05,48.0,48.09,47.56,47.73,47.73,0.0,0.0,30599.97,146329.943,0.2305,1.09,83.1034,2.8129,6336297.8167
688396.SH,2025-06-06,47.98,47.98,47.3,47.31,47.73,-0.42,-0.8799,23124.24,109987.948,0.1742,0.77,82.3721,2.7881,6280541.5819
688396.SH,2025-06-09,47.33,47.57,47.02,47.35,47.31,0.04,0.0845,22753.49,107779.89,0.1714,0.79,82.4417,2.7905,6285851.6995
688396.SH,2025-06-10,47.43,47.43,46.03,46.34,47.35,-1.01,-2.1331,35302.42,164390.194,0.2659,1.26,80.6832,2.7309,6151771.2303
688396.SH,2025-06-11,46.46,46.76,46.21,46.25,46.34,-0.09,-0.1942,21209.88,98613.423,0.1598,0.77,80.5265,2.7256,6139823.4658
688396.SH,2025-06-12,46.13,46.3,45.55,45.72,46.19,-0.47,-1.0175,28631.44,131495.302,0.2157,1.08,79.6037,2.7036,6069464.4077
688396.SH,2025-06-13,45.57,46.29,45.0,45.59,45.72,-0.13,-0.2843,60080.55,273001.626,0.4526,2.29,79.3774,2.696,6052206.5255
688396.SH,2025-06-16,45.18,45.46,44.86,44.98,45.59,-0.61,-1.338,29153.66,131251.118,0.2196,0.87,78.3153,2.6599,5971227.2322
688396.SH,2025-06-17,44.88,45.59,44.88,45.46,44.98,0.48,1.0671,22952.58,104210.849,0.1729,0.66,79.151,2.6883,6034948.6433
688396.SH,2025-06-18,45.4,45.69,45.3,45.31,45.46,-0.15,-0.33,17753.82,80728.266,0.1337,0.55,78.8899,2.6794,6015035.7023
688396.SH,2025-06-19,45.31,45.58,44.95,44.99,45.31,-0.32,-0.7062,20808.07,94015.089,0.1567,0.66,78.3327,2.6605,5972554.7616
688396.SH,2025-06-20,45.0,45.46,44.87,44.87,44.99,-0.12,-0.2667,22324.62,100638.225,0.1682,0.74,78.1238,2.6534,5956624.4088
688396.SH,2025-06-23,44.73,45.77,44.68,45.6,44.87,0.73,1.6269,23862.69,108310.92,0.1798,1.06,79.3948,2.6966,6053534.0549
688396.SH,2025-06-24,45.61,46.58,45.53,46.53,45.6,0.93,2.0395,29058.84,134089.09,0.2189,1.35,81.014,2.7515,6176994.2889
688396.SH,2025-06-25,46.35,46.93,46.0,46.88,46.53,0.35,0.7522,35112.13,163215.034,0.2645,1.54,81.6234,2.7722,6223457.8178
688396.SH,2025-06-26,46.85,47.02,46.44,46.58,46.88,-0.3,-0.6399,26502.42,123877.687,0.1996,1.01,81.1011,2.7545,6183631.9359
688396.SH,2025-06-27,46.86,47.16,46.41,46.45,46.58,-0.13,-0.2791,32942.55,154168.239,0.2481,1.2,80.8747,2.7468,6166374.0537
688396.SH,2025-06-30,46.75,47.35,46.57,47.16,46.45,0.71,1.5285,34795.7,163893.565,0.2621,1.18,82.1109,2.7888,6260628.641
688396.SH,2025-07-01,47.3,47.88,46.87,47.79,47.16,0.63,1.3359,44729.0,213007.972,0.3369,1.41,83.2078,2.8261,6344262.993
688396.SH,2025-07-02,47.75,48.05,47.38,47.67,47.79,-0.12,-0.2511,41303.59,197385.301,0.3111,1.19,82.9989,2.819,6328332.6403
688396.SH,2025-07-03,47.87,48.0,47.61,47.63,47.67,-0.04,-0.0839,30317.27,145000.466,0.2284,0.84,82.9293,2.8166,6323022.5227
688396.SH,2025-07-04,47.76,47.94,47.3,47.38,47.63,-0.25,-0.5249,30780.03,146449.412,0.2319,0.84,82.494,2.8018,6289834.2877
688396.SH,2025-07-07,47.38,47.38,45.83,45.9,47.38,-1.48,-3.1237,40745.53,189154.594,0.3069,1.12,79.9171,2.7143,6093359.9368
688396.SH,2025-07-08,46.03,47.2,45.98,46.88,45.9,0.98,2.1351,35322.17,165252.883,0.2661,0.94,81.6234,2.7722,6223457.8178
688396.SH,2025-07-09,46.89,47.11,46.41,46.5,46.88,-0.38,-0.8106,26302.84,122601.907,0.1981,0.74,80.9618,2.7498,6173011.7007
688396.SH,2025-07-10,46.5,46.81,46.33,46.35,46.5,-0.15,-0.3226,28454.42,132455.299,0.2143,0.87,80.7006,2.7409,6153098.7597
688396.SH,2025-07-11,46.38,47.36,46.35,46.47,46.35,0.12,0.2589,44204.64,206958.379,0.333,1.37,80.9096,2.748,6169029.1125
688396.SH,2025-07-14,46.55,47.3,46.5,46.6,46.47,0.13,0.2798,35360.23,166112.574,0.2664,1.01,81.1359,2.7557,6186286.9947
688396.SH,2025-07-15,46.6,47.25,46.6,47.14,46.6,0.54,1.1588,29184.97,136925.554,0.2198,0.86,82.0761,2.7876,6257973.5822
688396.SH,2025-07-16,47.11,47.4,47.0,47.05,47.14,-0.09,-0.1909,28192.0,132939.96,0.2124,0.86,81.9194,2.7823,6246025.8176
688396.SH,2025-07-17,47.13,47.38,46.85,47.3,47.05,0.25,0.5313,32514.06,153317.392,0.2449,0.98,82.3547,2.7971,6279214.0525
688396.SH,2025-07-18,47.25,47.5,47.18,47.31,47.3,0.01,0.0211,25987.02,122995.914,0.1958,0.77,82.3721,2.7977,6280541.5819
688396.SH,2025-07-21,47.36,47.78,47.3,47.68,47.31,0.37,0.7821,28433.91,135187.909,0.2142,0.94,83.0163,2.8196,6329660.1697
688396.SH,2025-07-22,47.76,48.04,47.45,47.68,47.68,0.0,0.0,45680.51,218211.195,0.3441,1.58,83.0163,2.8196,6329660.1697
688396.SH,2025-07-23,47.92,48.58,47.5,47.97,47.68,0.29,0.6082,54313.44,260664.868,0.4091,1.69,83.5212,2.8367,6368158.5222
688396.SH,2025-07-24,47.99,48.64,47.85,48.15,47.97,0.18,0.3752,44671.01,215444.617,0.3365,1.19,83.8346,2.8473,6392054.0514
688396.SH,2025-07-25,48.17,48.44,47.71,48.28,48.15,0.13,0.27,58648.92,281977.023,0.4418,1.47,84.061,2.855,6409311.9335
688396.SH,2025-07-28,48.31,48.97,48.29,48.29,48.28,0.01,0.0207,51335.86,249296.109,0.3867,1.11,84.0784,2.8556,6410639.4629
688396.SH,2025-07-29,48.29,48.93,48.23,48.35,48.29,0.06,0.1242,59141.75,286649.338,0.4455,1.16,84.1829,2.8592,6418604.6393
688396.SH,2025-07-30,48.4,48.96,47.6,47.97,48.35,-0.38,-0.7859,55293.43,267259.453,0.4165,1.03,83.5212,2.8367,6368158.5222
688396.SH,2025-07-31,47.9,48.13,46.5,46.63,47.97,-1.34,-2.7934,71591.55,338301.461,0.5393,1.33,81.1881,2.7575,6190269.5829
688396.SH,2025-08-01,46.6,48.01,46.52,46.95,46.63,0.32,0.6863,62025.81,292001.22,0.4672,1.05,81.7453,2.7764,6232750.5236
688396.SH,2025-08-04,46.73,46.95,46.23,46.7,46.95,-0.25,-0.5325,42179.29,196336.726,0.3177,0.7,81.31,2.7616,6199562.2887
688396.SH,2025-08-05,46.84,47.03,46.59,46.91,46.7,0.21,0.4497,30624.9,143370.946,0.2307,0.53,81.6756,2.774,6227440.406
688396.SH,2025-08-06,46.9,47.38,46.63,47.29,46.91,0.38,0.8101,40179.63,189282.952,0.3027,0.77,82.3373,2.7965,6277886.5231
688396.SH,2025-08-07,47.29,48.36,46.98,47.9,47.29,0.61,1.2899,78000.3,372480.524,0.5876,1.58,83.3994,2.8326,6358865.8164
688396.SH,2025-08-08,47.62,48.01,47.17,47.17,47.9,-0.73,-1.524,48620.35,230753.058,0.3662,0.96,82.1283,2.7894,6261956.1704
688396.SH,2025-08-11,47.17,47.42,47.0,47.08,47.17,-0.09,-0.1908,44809.23,211443.731,0.3375,0.94,81.9716,2.7841,6250008.4058
688396.SH,2025-08-12,47.09,47.29,46.4,46.52,47.08,-0.56,-1.1895,88766.2,414404.768,0.6687,1.83,80.9966,2.751,6175666.7595
688396.SH,2025-08-13,46.5,47.33,46.44,46.6,46.52,0.08,0.172,83286.14,389303.99,0.6274,1.39,81.1359,2.7557,6186286.9947
688396.SH,2025-08-14,46.6,47.35,46.13,46.17,46.6,-0.43,-0.9227,112453.21,525380.6,0.8471,1.64,80.3872,2.7303,6129203.2306
688396.SH,2025-08-15,46.12,47.31,45.88,46.9,46.17,0.73,1.5811,98751.28,461081.466,0.7439,1.31,81.6582,2.7734,6226112.8766
688396.SH,2025-08-18,47.22,48.33,47.14,47.9,46.9,1.0,2.1322,141381.09,677358.768,1.065,1.65,83.3994,2.8326,6358865.8164
688396.SH,2025-08-19,48.1,48.47,47.82,48.2,47.9,0.3,0.6263,97189.12,468144.54,0.7321,0.93,83.9217,2.8503,6398691.6984
688396.SH,2025-08-20,48.2,48.82,47.45,48.78,48.2,0.58,1.2033,122001.41,587188.849,0.919,1.14,84.9315,2.8846,6475688.4034
688396.SH,2025-08-21,48.89,49.76,48.21,48.49,48.78,-0.29,-0.5945,120326.5,588895.281,0.9064,1.05,84.4266,2.8675,6437190.0509
688396.SH,2025-08-22,48.6,50.86,48.41,50.77,48.49,2.28,4.702,232783.23,1161176.524,1.7535,2.01,88.3963,3.0023,6739866.7536
688396.SH,2025-08-25,51.99,53.12,50.41,51.26,50.77,0.49,0.9651,268206.85,1383332.309,2.0203,1.88,89.2495,3.0313,6804915.6941
688396.SH,2025-08-26,51.28,52.49,50.72,51.54,51.26,0.28,0.5462,151954.75,785149.536,1.1446,0.9,89.737,3.0478,6842086.5173
688396.SH,2025-08-27,51.8,54.36,51.32,51.45,51.54,-0.09,-0.1746,229872.57,1209575.068,1.7316,1.28,89.5803,3.0425,6830138.7527
688396.SH,2025-08-28,51.45,53.98,51.31,53.97,51.45,2.52,4.898,238199.81,1251934.599,1.7943,1.19,93.9679,3.1915,7164676.161
688396.SH,2025-08-29,54.07,54.07,52.18,52.4,53.97,-1.57,-2.909,184608.05,972632.807,1.3906,0.82,91.2344,3.0636,6956254.0455
688396.SH,2025-09-01,53.49,54.37,51.6,52.33,52.4,-0.07,-0.1336,187139.25,984719.147,1.4097,0.87,91.1125,3.0595,6946961.3397
688396.SH,2025-09-02,52.0,52.37,49.85,50.22,52.33,-2.11,-4.0321,177356.2,901924.496,1.336,0.89,87.4387,2.9361,6666852.6368
688396.SH,2025-09-03,50.57,50.81,49.3,49.88,50.22,-0.34,-0.677,115045.76,575566.01,0.8666,0.57,86.8468,2.9163,6621716.6372
688396.SH,2025-09-04,49.61,49.99,46.91,47.69,49.88,-2.19,-4.3905,163030.65,787114.714,1.2281,0.9,83.0337,2.7882,6330987.6991
688396.SH,2025-09-05,47.91,48.79,47.43,48.58,47.69,0.89,1.8662,117043.47,563094.377,0.8817,0.71,84.5833,2.8402,6449137.8155
688396.SH,2025-09-08,48.59,49.47,48.3,49.4,48.58,0.82,1.6879,103265.69,505426.19,0.7779,0.68,86.011,2.8882,6557995.2261
688396.SH,2025-09-09,49.08,49.08,47.97,48.2,49.4,-1.2,-2.4291,92230.39,446949.131,0.6948,0.68,83.9217,2.818,6398691.6984
688396.SH,2025-09-10,48.2,48.54,47.78,48.1,48.2,-0.1,-0.2075,72524.44,349758.516,0.5463,0.61,83.7476,2.8122,6385416.4044
688396.SH,2025-09-11,48.0,49.97,47.66,49.9,48.1,1.8,3.7422,143752.66,705504.638,1.0829,1.31,86.8816,2.9174,6624371.696
688396.SH,2025-09-12,49.8,50.36,49.26,49.26,49.9,-0.64,-1.2826,154600.6,770935.814,1.1646,1.46,85.7673,2.88,6539409.8145
688396.SH,2025-09-15,51.29,51.55,49.39,49.4,49.26,0.14,0.2842,143498.47,719054.559,1.0809,1.27,86.011,2.8882,6557995.2261
688396.SH,2025-09-16,49.4,50.29,49.05,49.4,49.4,0.0,0.0,129955.38,643283.332,0.9789,1.07,86.011,2.8882,6557995.2261
688396.SH,2025-09-17,49.38,50.38,49.12,49.72,49.4,0.32,0.6478,114858.28,572114.851,0.8652,0.89,86.5682,2.9069,6600476.1669
688396.SH,2025-09-18,49.67,52.15,49.63,50.49,49.72,0.77,1.5487,260237.04,1326518.147,1.9603,1.89,87.9088,2.9519,6702695.9305
688396.SH,2025-09-19,50.49,51.33,49.7,49.7,50.49,-0.79,-1.5647,141581.3,715206.54,1.0665,0.88,86.5334,2.9057,6597821.1081
688396.SH,2025-09-22,49.88,51.77,49.3,51.2,49.7,1.5,3.0181,169809.51,859224.622,1.2791,1.07,89.145,2.9934,6796950.5178
688396.SH,2025-09-23,51.49,52.6,49.46,52.51,51.2,1.31,2.5586,232059.7,1185599.232,1.7481,1.42,91.4259,3.07,6970856.8689
688396.SH,2025-09-24,52.15,54.7,51.99,54.12,52.51,1.61,3.0661,318017.16,1696519.287,2.3956,1.73,94.2291,3.1641,7184589.102
688396.SH,2025-09-25,53.8,55.46,53.5,54.19,54.12,0.07,0.1293,239611.28,1301893.119,1.8049,1.07,94.351,3.1682,7193881.8078
688396.SH,2025-09-26,53.83,56.6,53.78,54.71,54.19,0.52,0.9596,228376.82,1260715.833,1.7203,1.04,95.2563,3.1986,7262913.3365
688396.SH,2025-09-29,54.5,55.19,53.07,54.62,54.71,-0.09,-0.1645,188738.94,1019153.473,1.4217,0.79,95.0996,3.1934,7250965.5719
688396.SH,2025-09-30,54.68,56.59,54.62,55.55,54.62,0.93,1.7027,209650.12,1165827.801,1.5793,0.87,96.7189,3.2477,7374425.8059
688396.SH,2025-10-09,56.5,60.99,56.5,58.65,55.55,3.1,5.5806,320803.68,1889335.898,2.4165,1.35,102.1163,3.429,7785959.9193
688396.SH,2025-10-10,57.7,58.38,54.6,54.93,58.65,-3.72,-6.3427,252942.26,1417477.668,1.9054,1.07,95.6394,3.2115,7292118.9832
688396.SH,2025-10-13,53.2,57.74,53.01,57.28,54.93,2.35,4.2782,267266.03,1499500.092,2.0133,1.11,99.731,3.3489,7604088.3917
688396.SH,2025-10-14,57.76,58.19,54.6,54.95,57.28,-2.33,-4.0677,214703.66,1205309.942,1.6173,0.87,95.6742,3.2127,7294774.042
688396.SH,2025-10-15,54.87,56.31,53.9,55.21,54.95,0.26,0.4732,153230.31,843350.551,1.1543,0.61,96.1269,3.2279,7329289.8064
688396.SH,2025-10-16,54.63,55.27,53.8,53.97,55.21,-1.24,-2.246,116613.17,634690.176,0.8784,0.48,93.9679,3.1554,7164676.161
688396.SH,2025-10-17,53.72,53.95,50.93,51.11,53.94,-2.83,-5.2466,136248.05,710310.704,1.0263,0.68,88.9883,2.9927,6785002.7532
688396.SH,2025-10-20,52.51,55.05,52.31,52.99,51.11,1.88,3.6783,180958.53,969166.562,1.3631,1.02,92.2616,3.1028,7034578.28
688396.SH,2025-10-21,52.87,53.99,52.6,53.48,52.99,0.49,0.9247,119915.44,639403.503,0.9033,0.75,93.1148,3.1315,7099627.2205
688396.SH,2025-10-22,53.15,53.56,51.86,52.69,53.48,-0.79,-1.4772,90562.93,476863.865,0.6822,0.64,91.7393,3.0852,6994752.3981
688396.SH,2025-10-23,52.49,52.7,51.36,52.54,52.69,-0.15,-0.2847,76608.48,397789.297,0.5771,0.59,91.4781,3.0764,6974839.4571
688396.SH,2025-10-24,52.85,54.49,52.85,54.24,52.54,1.7,3.2356,123547.62,664671.145,0.9307,1.02,94.438,3.176,7200519.4548
688396.SH,2025-10-27,55.1,55.32,53.66,54.56,54.24,0.32,0.59,145018.0,790922.308,1.0924,1.23,94.9952,3.1947,7243000.3955
688396.SH,2025-10-28,54.0,54.98,53.75,53.79,54.56,-0.77,-1.4113,113095.51,613092.459,0.8519,1.02,93.6545,3.1496,7140780.6318
688396.SH,2025-10-29,53.79,54.36,53.56,54.31,53.79,0.52,0.9667,92724.15,500980.095,0.6985,0.84,94.5599,3.1801,7209812.1605
688396.SH,2025-10-30,54.49,54.49,53.32,53.49,54.31,-0.82,-1.5099,90311.77,485767.808,0.6803,0.82,93.1322,3.1321,7100954.7499
688396.SH,2025-10-31,52.8,52.8,50.65,50.74,53.49,-2.75,-5.1411,172391.21,886050.375,1.2986,1.53,88.3441,2.9467,6735884.1655
688396.SH,2025-11-03,50.5,50.6,49.12,50.0,50.74,-0.74,-1.4584,101378.64,504031.361,0.7637,0.83,87.0557,2.9037,6637646.99
688396.SH,2025-11-04,49.92,50.25,49.05,49.34,50.0,-0.66,-1.32,80150.18,397883.347,0.6038,0.7,85.9066,2.8653,6550030.0497
688396.SH,2025-11-05,48.81,49.39,48.63,49.06,49.34,-0.28,-0.5675,66711.91,327164.282,0.5025,0.62,85.419,2.8491,6512859.2266
688396.SH,2025-11-06,49.3,49.85,49.1,49.52,49.06,0.46,0.9376,86331.54,427359.485,0.6503,0.84,86.22,2.8758,6573925.5789
688396.SH,2025-11-07,49.17,49.46,48.65,49.02,49.52,-0.5,-1.0097,61896.28,303867.932,0.4663,0.61,85.3494,2.8468,6507549.109
688396.SH,2025-11-10,49.1,49.84,49.1,49.33,49.02,0.31,0.6324,69583.68,343726.067,0.5242,0.88,85.8891,2.8648,6548702.5203
688396.SH,2025-11-11,49.5,50.25,49.2,49.23,49.33,-0.1,-0.2027,63467.87,314469.527,0.4781,0.87,85.715,2.859,6535427.2264
688396.SH,2025-11-12,49.46,49.64,48.9,49.53,49.23,0.3,0.6094,65985.38,324919.417,0.4971,0.95,86.2374,2.8764,6575253.1083
688396.SH,2025-11-13,49.35,49.99,49.15,49.8,49.53,0.27,0.5451,70983.93,351708.19,0.5347,1.02,86.7075,2.8921,6611096.402
688396.SH,2025-11-14,49.5,49.58,48.63,48.63,49.8,-1.17,-2.3494,64289.36,316096.737,0.4843,0.97,84.6704,2.8241,6455775.4625
688396.SH,2025-11-17,48.8,49.07,48.0,48.11,48.63,-0.52,-1.0693,61847.79,299855.993,0.4659,0.93,83.765,2.7939,6386743.9338
688396.SH,2025-11-18,48.0,48.42,47.82,48.1,48.11,-0.01,-0.0208,55248.35,265816.088,0.4162,0.85,83.7476,2.7933,6385416.4044
688396.SH,2025-11-19,48.04,48.32,46.9,47.01,48.1,-1.09,-2.2661,71517.98,339198.567,0.5387,1.12,81.8498,2.73,6240715.7
688396.SH,2025-11-20,47.5,47.62,46.91,46.91,47.01,-0.1,-0.2127,47776.76,225702.794,0.3599,0.74,81.6756,2.7242,6227440.406
688396.SH,2025-11-21,46.35,46.88,45.36,45.98,46.91,-0.93,-1.9825,76336.82,351535.278,0.575,1.27,80.0564,2.6702,6103980.172
688396.SH,2025-11-24,46.27,46.53,45.8,46.07,45.98,0.09,0.1957,49888.07,230604.307,0.3758,0.8,80.2131,2.6754,6115927.9366
688396.SH,2025-11-25,46.5,47.0,46.19,46.22,46.07,0.15,0.3256,49742.76,231581.552,0.3747,0.83,80.4743,2.6842,6135840.8776
688396.SH,2025-11-26,46.22,46.42,45.85,45.88,46.22,-0.34,-0.7356,55917.6,257835.762,0.4212,0.95,79.8823,2.6644,6090704.878
688396.SH,2025-11-27,46.07,46.69,45.75,46.01,45.88,0.13,0.2833,57830.86,268011.856,0.4356,1.03,80.1086,2.672,6107962.7602
688396.SH,2025-11-28,45.94,46.43,45.78,46.43,46.01,0.42,0.9128,44548.96,205642.473,0.3356,0.77,80.8399,2.6964,6163718.9949
688396.SH,2025-12-01,46.46,51.8,46.3,50.93,46.43,4.5,9.692,275991.34,1368822.808,2.079,5.35,88.6749,2.9577,6761107.224
688396.SH,2025-12-02,50.0,51.39,49.15,49.38,50.93,-1.55,-3.0434,151572.43,757066.749,1.1418,1.57,85.9762,2.8677,6555340.1673
688396.SH,2025-12-03,49.24,54.19,48.3,53.3,49.38,3.92,7.9384,322230.52,1670555.633,2.4273,2.75,92.8014,3.0953,7075731.6913
688396.SH,2025-12-04,53.55,55.22,52.4,54.25,53.3,0.95,1.7824,244856.51,1316588.639,1.8445,1.44,94.4554,3.1505,7201846.9842
688396.SH,2025-12-05,53.73,53.79,52.63,52.82,54.25,-1.43,-2.6359,161873.84,858118.586,1.2194,0.78,91.9656,3.0674,7012010.2802
688396.SH,2025-12-08,52.9,53.56,52.41,53.24,52.82,0.42,0.7952,159161.51,842454.727,1.1989,0.69,92.6969,3.0918,7067766.515
688396.SH,2025-12-09,52.48,53.17,52.21,52.7,53.24,-0.54,-1.0143,105965.63,557605.836,0.7982,0.51,91.7567,3.0605,6996079.9275
688396.SH,2025-12-10,53.1,59.86,53.1,56.88,52.7,4.18,7.9317,446112.37,2585781.062,3.3605,2.24,99.0346,3.3032,7550987.2158
688396.SH,2025-12-11,57.53,57.88,55.5,55.5,56.88,-1.38,-2.4262,211000.9,1184195.729,1.5894,0.94,96.6318,3.2231,7367788.1589
688396.SH,2025-12-12,55.35,55.8,54.15,55.2,55.5,-0.3,-0.5405,180494.09,991746.099,1.3596,0.83,96.1095,3.2057,7327962.277
688396.SH,2025-12-15,54.65,56.75,54.3,54.55,55.2,-0.65,-1.1775,168060.58,928752.771,1.266,0.76,94.9778,3.1679,7241672.8661
688396.SH,2025-12-16,54.21,56.08,53.51,54.3,54.55,-0.25,-0.4583,162409.9,887427.185,1.2234,0.73,94.5425,3.1534,7208484.6311
688396.SH,2025-12-17,54.35,58.58,54.0,57.91,54.3,3.61,6.6483,331758.06,1886016.935,2.4991,1.42,100.8279,3.363,7687722.7438
688396.SH,2025-12-18,57.2,57.74,55.66,55.66,57.91,-2.25,-3.8853,165102.57,934287.941,1.2437,0.78,96.9104,3.2324,7389028.6293
688396.SH,2025-12-19,55.85,56.48,54.34,54.5,55.66,-1.16,-2.0841,150757.01,830151.107,1.1356,0.75,94.8907,3.165,7235035.2191
688396.SH,2025-12-22,54.8,56.73,54.65,55.49,54.5,0.99,1.8165,147382.62,820113.766,1.1102,0.75,96.6144,3.2225,7366460.6295
688396.SH,2025-12-23,55.03,56.29,54.5,54.98,55.49,-0.51,-0.9191,126129.08,697247.075,0.9501,0.66,95.7264,3.1929,7298756.6302
688396.SH,2025-12-24,55.0,56.3,54.56,56.24,54.98,1.26,2.2917,150885.03,837684.169,1.1366,0.82,97.9202,3.2661,7466025.3344
688396.SH,2025-12-25,55.78,56.01,54.67,54.92,56.24,-1.32,-2.3471,119563.73,658975.067,0.9006,0.81,95.622,3.1894,7290791.4538
688396.SH,2025-12-26,54.8,55.56,54.04,54.4,54.92,-0.52,-0.9468,101901.22,557113.08,0.7676,0.73,94.7166,3.1592,7221759.9251
688396.SH,2025-12-29,54.1,54.99,53.51,53.84,54.4,-0.56,-1.0294,95539.31,517613.717,0.7197,0.74,93.7416,3.1267,7147418.2788
688396.SH,2025-12-30,54.09,54.85,52.99,53.22,53.84,-0.62,-1.1516,111265.17,596485.299,0.8381,0.94,92.6621,3.0907,7065111.4562
688396.SH,2025-12-31,53.5,54.5,52.79,52.86,53.22,-0.36,-0.6764,125117.69,668744.914,0.9425,1.08,92.0353,3.0698,7017320.3978
688396.SH,2026-01-05,53.2,54.19,53.19,53.89,52.86,1.03,1.9485,131555.7,706169.365,0.991,1.19,93.8286,3.1296,7154055.9258
688396.SH,2026-01-06,54.11,57.25,53.66,56.96,53.89,3.07,5.6968,260153.23,1461381.286,1.9597,2.3,99.1738,3.3079,7561607.451
688396.SH,2026-01-07,58.58,63.48,58.58,60.51,56.96,3.55,6.2324,378897.7,2315022.192,2.8542,2.62,105.3548,3.514,8032880.3873
688396.SH,2026-01-08,59.9,60.34,58.2,58.4,60.51,-2.11,-3.487,192556.94,1137381.993,1.4505,0.96,101.681,3.3915,7752771.6843
688396.SH,2026-01-09,58.2,58.9,57.54,58.11,58.4,-0.29,-0.4966,171240.75,994809.623,1.2899,0.79,101.1761,3.3747,7714273.3318
688396.SH,2026-01-12,58.78,58.78,57.28,57.72,58.11,-0.39,-0.6711,170113.66,982130.648,1.2814,0.75,100.4971,3.352,7662499.6853
688396.SH,2026-01-13,57.76,58.0,56.1,56.33,57.72,-1.39,-2.4082,155254.46,885749.4,1.1695,0.66,98.0769,3.2713,7477973.0989
688396.SH,2026-01-14,56.38,58.03,55.6,56.08,56.33,-0.25,-0.4438,192070.87,1090871.565,1.4468,0.9,97.6417,3.2568,7444784.864
688396.SH,2026-01-15,56.0,60.5,55.65,60.33,56.08,4.25,7.5785,341701.72,1985878.539,2.574,1.94,105.0414,3.5036,8008984.8581
688396.SH,2026-01-16,61.01,70.48,59.97,68.2,60.33,7.87,13.0449,582412.02,3794159.983,4.3872,2.83,118.744,3.9606,9053750.4944
688396.SH,2026-01-19,67.01,67.06,63.5,64.09,68.2,-4.11,-6.0264,314383.5,2036187.114,2.3682,1.09,111.588,3.7219,8508135.9118
688396.SH,2026-01-20,64.2,66.2,63.06,63.51,64.09,-0.58,-0.905,239454.92,1535978.944,1.8038,0.75,110.5781,3.6883,8431139.2067
688396.SH,2026-01-21,63.0,66.7,62.53,65.2,63.51,1.69,2.661,371602.09,2420567.787,2.7992,1.11,113.5206,3.7864,8655491.675
688396.SH,2026-01-22,66.4,68.87,63.63,64.03,65.2,-1.17,-1.7945,330409.01,2174496.334,2.4889,0.89,111.4835,3.7184,8500170.7354
688396.SH,2026-01-23,64.2,65.77,63.78,65.0,64.03,0.97,1.5149,220440.36,1423569.482,1.6605,0.6,113.1724,3.7748,8628941.087
688396.SH,2026-01-26,65.08,68.75,65.08,68.05,65.0,3.05,4.6923,345353.8,2331983.904,2.6015,1.17,118.4828,3.9519,9033837.5534
688396.SH,2026-01-27,67.57,70.2,66.4,68.19,68.05,0.14,0.2057,255602.23,1744616.463,1.9254,0.85,118.7266,3.96,9052422.965
688396.SH,2026-01-28,70.18,70.9,66.05,67.24,68.19,-0.95,-1.3932,254312.44,1727199.73,1.9157,0.83,117.0725,3.9049,8926307.6722
688396.SH,2026-01-29,66.5,67.88,63.7,63.78,67.24,-3.46,-5.1457,227840.68,1487807.008,1.7163,0.81,111.0482,3.7039,8466982.5004
688396.SH,2026-01-30,63.5,64.65,61.5,63.77,63.78,-0.01,-0.0157,166829.42,1055510.098,1.2567,0.64,111.0308,3.7033,8465654.971
688396.SH,2026-02-02,63.8,63.8,59.1,59.15,63.77,-4.62,-7.2448,184117.68,1116428.323,1.3869,0.74,102.9869,3.435,7852336.3892
688396.SH,2026-02-03,60.41,61.2,60.04,61.11,59.15,1.96,3.3136,153154.18,929356.15,1.1537,0.7,106.3995,3.5489,8112532.1512
688396.SH,2026-02-04,60.54,60.55,58.5,59.22,61.11,-1.89,-3.0928,124263.57,737059.259,0.9361,0.63,103.1088,3.4391,7861629.095
688396.SH,2026-02-05,58.6,60.5,57.5,59.84,59.22,0.62,1.0469,130889.94,771522.342,0.986,0.76,104.1882,3.4751,7943935.9176
688396.SH,2026-02-06,58.6,59.5,58.18,58.8,59.84,-1.04,-1.738,93108.32,549105.174,0.7014,0.61,102.3775,3.4147,7805872.8602
688396.SH,2026-02-09,60.1,60.66,58.89,60.53,58.8,1.73,2.9422,139340.03,835827.897,1.0496,1.02,105.3896,3.5152,8035535.4461
688396.SH,2026-02-10,60.16,60.78,59.23,59.5,60.53,-1.03,-1.7016,104561.59,626351.962,0.7876,0.82,103.5963,3.4554,7898799.9181
688396.SH,2026-02-11,59.3,59.83,58.61,58.68,59.5,-0.82,-1.3782,79245.4,468091.759,0.5969,0.67,102.1686,3.4078,7789942.5075
688396.SH,2026-02-12,58.95,62.75,58.82,62.21,58.68,3.53,6.0157,175639.69,1072755.956,1.3231,1.61,108.3147,3.6128,8258560.385
688396.SH,2026-02-13,61.0,61.38,59.73,59.77,62.21,-2.44,-3.9222,148528.02,901146.518,1.1188,1.25,104.0664,3.4711,7934643.2118
688396.SH,2026-02-24,60.52,60.75,58.0,58.71,59.77,-1.06,-1.7735,120831.1,711580.465,0.9102,0.93,102.2208,3.4095,7793925.0957
688396.SH,2026-02-25,58.9,60.69,58.34,59.81,58.71,1.1,1.8736,136766.87,816812.368,1.0302,1.09,104.136,3.4734,7939953.3294
688396.SH,2026-02-26,59.95,60.55,58.61,59.5,59.81,-0.31,-0.5183,155613.62,925681.282,1.1722,1.18,103.5963,3.4554,7898799.9181
688396.SH,2026-02-27,58.65,58.75,56.93,57.1,59.5,-2.4,-4.0336,221262.82,1272001.877,1.6667,1.5,99.4176,3.316,7580192.8626
688396.SH,2026-03-02,55.8,56.99,55.3,55.37,57.1,-1.73,-3.0298,190601.88,1067925.402,1.4358,1.22,96.4055,3.1985,7350530.2767
688396.SH,2026-03-03,55.44,55.76,52.25,52.36,55.37,-3.01,-5.4362,183245.95,981390.3,1.3804,1.11,91.1647,3.0246,6950943.9279
688396.SH,2026-03-04,51.99,52.78,50.96,51.2,52.36,-1.16,-2.2154,127174.43,657802.806,0.958,0.72,89.145,2.9576,6796950.5178
688396.SH,2026-03-05,52.17,52.46,50.98,51.15,51.2,-0.05,-0.0977,136314.69,705026.941,1.0268,0.78,89.058,2.9547,6790312.8708
688396.SH,2026-03-06,50.99,51.83,50.75,51.15,51.15,0.0,0.0,137204.19,703509.969,1.0335,0.8,89.058,2.9547,6790312.8708
688396.SH,2026-03-09,49.98,49.98,48.35,49.56,51.15,-1.59,-3.1085,188268.92,925218.488,1.4182,1.22,86.2896,2.8628,6579235.6965
688396.SH,2026-03-10,50.47,51.7,50.31,51.36,49.56,1.8,3.632,167228.24,856381.799,1.2597,1.08,89.4236,2.9668,6818190.9881
688396.SH,2026-03-11,51.36,52.49,51.15,51.48,51.36,0.12,0.2336,154359.36,798313.904,1.1628,1.02,89.6325,2.9738,6834121.3409
688396.SH,2026-03-12,51.25,52.43,50.7,51.1,51.48,-0.38,-0.7382,137978.96,709125.672,1.0394,0.88,88.9709,2.9518,6783675.2238
688396.SH,2026-03-13,50.49,51.1,49.24,49.8,51.1,-1.3,-2.544,184140.25,925015.189,1.3871,1.17,86.7075,2.8767,6611096.402
688396.SH,2026-03-16,49.7,50.25,48.94,49.99,49.8,0.19,0.3815,160407.63,796471.553,1.2083,0.96,87.0383,2.8877,6636319.4606
688396.SH,2026-03-17,50.5,50.5,48.7,48.8,49.99,-1.19,-2.3805,107018.43,529292.773,0.8061,0.67,84.9664,2.8189,6478343.4622
688396.SH,2026-03-18,49.02,49.2,48.12,49.1,48.8,0.3,0.6148,140154.54,683358.736,1.0558,0.94,85.4887,2.8363,6518169.3442
688396.SH,2026-03-19,48.26,48.5,47.52,47.72,49.1,-1.38,-2.8106,132525.8,634854.021,0.9983,0.91,83.1286,2.758,6338221.365
688396.SH,2026-03-20,47.9,48.35,47.14,47.14,47.72,-0.58,-1.2154,111806.44,534598.535,0.8422,0.77,82.1182,2.7245,6261185.1455
688396.SH,2026-03-23,46.35,46.81,44.62,44.88,47.14,-2.26,-4.7942,185755.34,847849.755,1.3985,1.42,78.1813,2.6055,5961009.5318
688396.SH,2026-03-24,45.45,45.54,44.31,45.51,44.88,0.63,1.4037,131732.27,592391.028,0.9918,0.97,79.2788,2.6421,6044686.8047
688396.SH,2026-03-25,45.87,46.43,45.7,46.29,45.51,0.78,1.7139,112853.51,520880.822,0.8497,0.8,80.6375,2.6874,6148287.2377
688396.SH,2026-03-26,45.99,46.36,44.96,45.32,46.29,-0.97,-2.0955,86937.06,396165.525,0.6545,0.64,78.9478,2.6311,6019450.8018
688396.SH,2026-03-27,44.72,45.99,44.55,45.7,45.32,0.38,0.8385,77738.11,353145.465,0.5853,0.62,79.6097,2.6532,6069922.8076
688396.SH,2026-03-30,45.0,45.59,44.7,45.29,45.7,-0.41,-0.8972,94169.1,424824.644,0.709,0.79,78.8955,2.6293,6015466.1697
688396.SH,2026-03-31,45.18,46.16,44.5,44.54,45.29,-0.75,-1.656,108969.57,492932.048,0.8204,1.08,77.589,2.5858,5915850.3687
688396.SH,2026-04-01,45.58,45.93,45.3,45.72,44.54,1.18,2.6493,99121.62,452217.022,0.7463,1.03,79.6446,2.6543,6072579.229
688396.SH,2026-04-02,45.45,45.6,44.1,44.43,45.72,-1.29,-2.8215,101420.32,453908.51,0.7636,1.09,77.3974,2.5794,5901240.0512
688396.SH,2026-04-03,44.5,44.88,43.71,43.8,44.43,-0.63,-1.418,77124.3,340261.919,0.5807,0.8,76.2999,2.5428,5817562.7784
688396.SH,2026-04-07,43.98,44.94,43.98,44.39,43.8,0.59,1.347,80223.64,357398.497,0.604,0.83,77.3277,2.5771,5895927.2085
688396.SH,2026-04-08,45.73,51.27,45.73,50.15,44.39,5.76,12.9759,471120.56,2293525.089,3.547,5.05,87.3617,2.9115,6660976.5602
688396.SH,2026-04-09,49.4,51.51,48.6,49.53,50.15,-0.62,-1.2363,293735.51,1457750.847,2.2115,1.77,86.2816,2.8755,6578627.498
688396.SH,2026-04-10,50.0,50.51,48.96,49.15,49.53,-0.38,-0.7672,209528.48,1038608.049,1.5775,1.02,85.6197,2.8534,6528155.4922
688396.SH,2026-04-13,48.65,49.37,48.4,48.66,49.15,-0.49,-0.9969,148383.02,724396.385,1.1172,0.66,84.7661,2.825,6463073.1689
688396.SH,2026-04-14,49.28,49.53,48.52,49.07,48.66,0.41,0.8426,175604.14,861029.648,1.3221,0.73,85.4803,2.8488,6517529.8068
688396.SH,2026-04-15,49.37,49.84,48.09,48.3,49.07,-0.77,-1.5692,195605.51,958663.263,1.4727,0.75,84.139,2.8041,6415257.5844
688396.SH,2026-04-16,48.36,49.2,48.21,49.08,48.3,0.78,1.6149,136583.37,666083.344,1.0283,0.67,85.4977,2.8494,6518858.0174
688396.SH,2026-04-17,49.1,49.7,48.34,49.25,49.08,0.17,0.3464,161702.72,793287.221,1.2174,0.93,85.7939,2.8593,6541437.599
688396.SH,2026-04-20,49.52,52.26,49.28,51.65,49.25,2.4,4.8731,328502.68,1686519.482,2.4733,2.01,89.9747,2.9986,6860208.1622
688396.SH,2026-04-21,52.0,52.6,50.95,51.59,51.65,-0.06,-0.1162,230182.38,1188394.711,1.733,1.15,89.8702,2.9951,6852238.8981
688396.SH,2026-04-22,51.33,51.97,50.89,51.61,51.59,0.02,0.0388,159933.45,823427.924,1.2041,0.76,89.905,2.9963,6854895.3195
688396.SH,2026-04-23,52.0,53.77,51.7,52.69,51.61,1.08,2.0926,285609.97,1508201.097,2.1503,1.4,91.7864,3.059,6998342.0729
688396.SH,2026-04-24,53.0,56.2,52.96,54.73,52.69,2.04,3.8717,371754.93,2040065.165,2.7989,1.59,95.3401,3.1774,7269297.0516
688396.SH,2026-04-27,56.38,56.96,54.7,55.16,54.73,0.43,0.7857,414231.52,2299828.725,3.1187,1.51,110.9149,3.1651,7326410.1109
688396.SH,2026-04-28,54.98,55.71,53.51,54.0,55.16,-1.16,-2.103,285342.65,1554430.6,2.1483,0.98,108.5824,3.0985,7172337.672
688396.SH,2026-04-29,53.5,56.66,52.5,55.56,54.0,1.56,2.8889,316006.09,1723040.854,2.3792,1.04,111.7192,3.188,7379538.5381
688396.SH,2026-04-30,55.5,57.0,55.11,56.65,55.56,1.09,1.9618,304929.21,1710461.707,2.2958,0.91,113.911,3.2505,7524313.5022
688396.SH,2026-05-06,58.0,59.45,56.4,56.71,56.65,0.06,0.1059,438058.59,2532660.34,3.2981,1.29,114.0317,3.254,7532282.7663
688396.SH,2026-05-07,56.7,57.52,55.79,57.03,56.71,0.32,0.5643,311385.84,1757918.976,2.3444,0.89,114.6751,3.2724,7574785.508
688396.SH,2026-05-08,56.22,58.61,55.38,58.14,57.03,1.11,1.9463,308637.88,1763803.156,2.3237,0.93,116.9071,3.336,7722216.8935
688396.SH,2026-05-11,59.05,61.5,58.39,59.7,58.14,1.56,2.6832,375742.37,2250070.908,2.8289,1.12,120.0439,3.4256,7929417.7596
688396.SH,2026-05-12,59.5,62.15,58.22,60.91,59.7,1.21,2.0268,304524.29,1838420.187,2.2927,0.88,122.477,3.495,8090131.2519
688396.SH,2026-05-13,59.3,65.55,58.79,64.15,60.91,3.24,5.3193,448873.4,2812448.257,3.3795,1.29,128.9919,3.6809,8520471.5122
688396.SH,2026-05-14,65.0,65.68,63.01,63.08,64.15,-1.07,-1.668,366722.68,2354202.722,2.761,1.05,126.8404,3.6195,8378352.9694
688396.SH,2026-05-15,63.38,64.49,60.69,61.67,63.08,-1.41,-2.2353,383088.54,2388348.109,2.8842,1.06,124.0051,3.5386,8191075.2636
688396.SH,2026-05-18,61.02,63.36,60.38,62.06,61.67,0.39,0.6324,274873.6,1710325.125,2.0695,0.73,124.7894,3.561,8242875.4801
688396.SH,2026-05-19,61.24,64.26,60.0,64.18,62.06,2.12,3.416,349960.27,2181207.836,2.6348,0.98,129.0522,3.6826,8524456.1442
688396.SH,2026-05-20,64.0,66.66,63.26,65.61,64.18,1.43,2.2281,421161.17,2729938.461,3.1709,1.15,131.9276,3.7647,8714390.2715
688396.SH,2026-05-21,66.01,66.92,59.66,59.8,65.61,-5.81,-8.8554,508863.69,3211800.412,3.8312,1.42,120.245,3.4313,7942699.8664
688396.SH,2026-05-22,60.74,62.88,59.99,62.4,59.8,2.6,4.3478,353986.6,2174189.654,2.6651,0.91,125.473,3.5805,8288034.6432
688396.SH,2026-05-25,62.5,67.16,61.52,66.2,62.4,3.8,6.0897,447203.43,2912556.493,3.367,1.17,133.114,3.7985,8792754.7016
688396.SH,2026-05-26,65.54,65.54,62.13,64.38,66.2,-1.82,-2.7492,398203.68,2530059.806,2.998,0.96,129.4544,3.6941,8551020.3578
688396.SH,2026-05-27,64.82,68.5,64.5,65.98,64.38,1.6,2.4852,584047.65,3900871.381,4.3973,1.37,132.6716,3.7859,8763534.0666
688396.SH,2026-05-28,64.49,71.18,63.0,69.8,65.98,3.82,5.7896,739488.58,5039701.606,5.5676,1.61,140.3528,4.0051,9270910.5464
688396.SH,2026-05-29,69.4,69.74,63.5,64.09,69.8,-5.71,-8.1805,565779.17,3734086.951,4.2597,1.12,128.8712,3.6775,8512502.2481
688396.SH,2026-06-01,64.8,68.77,61.67,65.6,64.09,1.51,2.3561,559850.32,3641610.156,4.2151,1.02,131.9075,3.7641,8713062.0608
688396.SH,2026-06-02,65.0,71.41,63.0,67.65,65.6,2.05,3.125,568340.4,3873629.876,4.279,1.0,136.0296,3.8817,8985345.2502
688396.SH,2026-06-03,69.22,74.5,68.84,71.5,67.65,3.85,5.6911,628810.84,4501704.779,4.7343,1.04,143.7712,4.1026,9496706.362
688396.SH,2026-06-04,69.8,74.3,69.8,72.59,71.5,1.09,1.5245,366161.37,2657021.295,2.7568,0.6,145.9629,4.1652,9641481.3261
688396.SH,2026-06-05,71.01,71.1,65.99,66.58,72.59,-6.01,-8.2794,461088.25,3168370.175,3.4715,0.86,133.8781,3.8203,8843226.7074
688396.SH,2026-06-08,62.95,66.37,61.73,62.58,66.58,-4.0,-6.0078,381113.37,2421167.579,2.8694,0.74,125.835,3.5908,8311942.4354
688396.SH,2026-06-09,63.82,68.28,63.2,67.68,62.58,5.1,8.1496,354494.11,2339988.312,2.669,0.74,136.09,3.8834,8989329.8822
688396.SH,2026-06-10,65.83,67.08,62.18,63.83,67.68,-3.85,-5.6885,366072.79,2360198.33,2.7561,0.84,128.3484,3.6625,8477968.7704
688396.SH,2026-06-11,63.66,65.48,62.14,63.03,63.83,-0.8,-1.2533,272923.53,1731365.138,2.0548,0.71,126.7398,3.6166,8371711.916
688396.SH,2026-06-12,65.5,66.93,60.53,60.8,63.03,-2.23,-3.538,465115.15,2961800.968,3.5018,1.27,122.2558,3.4887,8075521.056
688396.SH,2026-06-15,62.0,68.95,61.3,68.85,60.8,8.05,13.2401,456158.1,3000882.696,3.4344,1.24,138.4426,3.9506,9144730.6695
688396.SH,2026-06-16,69.0,73.65,68.41,71.75,68.85,2.9,4.2121,473530.07,3402786.952,3.5652,1.24,144.2739,4.117,9529911.7725
688396.SH,2026-06-17,70.94,73.93,69.68,73.78,71.75,2.03,2.8293,366670.09,2672323.146,2.7606,0.9,148.3558,4.2335,9799538.5446
688396.SH,2026-06-18,73.0,75.2,72.01,73.59,73.78,-0.19,-0.2575,386300.72,2832054.905,2.9084,0.95,147.9737,4.2226,9774302.5413
688396.SH,2026-06-22,76.02,80.83,75.6,78.2,73.59,4.61,6.2644,510298.87,3983299.894,3.842,1.19,157.2434,4.4871,10386607.674
688396.SH,2026-06-23,77.95,84.32,76.68,80.8,78.2,2.6,3.3248,593355.77,4797585.452,4.4673,1.35,162.4715,4.6363,10731942.456
688396.SH,2026-06-24,79.97,86.78,79.2,84.66,80.8,3.86,4.7772,543815.61,4535554.385,4.0943,1.17,170.2331,4.8577,11244631.7862
688396.SH,2026-06-25,84.23,85.39,81.45,84.72,84.61,0.11,0.13,436517.15,3651142.984,3.2865,0.91,170.3538,4.8612,11252601.0504
688396.SH,2026-06-26,83.5,88.85,82.0,84.72,84.72,0.0,0.0,449221.54,3836168.512,3.3822,0.91,170.3538,4.8612,11252601.0504
688396.SH,2026-06-29,87.99,96.5,87.75,92.47,84.72,7.75,9.1478,523670.4,4765873.718,3.9427,1.03,185.9373,5.3059,12281964.3429
688396.SH,2026-06-30,93.1,99.0,89.19,97.55,92.47,5.08,5.4937,455885.86,4311513.011,3.4323,0.9,196.1521,5.5974,12956695.3785
688396.SH,2026-07-01,99.35,101.99,91.49,93.45,97.55,-4.1,-4.203,464908.0,4472235.853,3.5003,0.96,187.9079,5.3621,12412128.9915
688396.SH,2026-07-02,88.25,93.06,80.23,87.38,93.45,-6.07,-6.4955,412698.65,3667957.603,3.1072,0.89,175.7024,5.0138,11605905.0966
688396.SH,2026-07-03,88.17,90.5,83.3,83.6,87.38,-3.78,-4.3259,407140.77,3508823.168,3.0653,0.88,168.1017,4.7969,11103841.452
688396.SH,2026-07-06,85.0,88.33,81.92,86.03,83.6,2.43,2.9067,388430.65,3308298.987,2.9245,0.86,172.9879,4.9364,11426596.6521
688396.SH,2026-07-07,85.0,89.0,83.1,87.3,86.03,1.27,1.4762,293151.99,2538257.932,2.2071,0.69,175.5416,5.0092,11595279.411
688396.SH,2026-07-08,88.0,89.2,80.88,85.0,87.3,-2.3,-2.6346,286609.91,2440436.308,2.1579,0.73,170.9168,4.8773,11289790.95
688396.SH,2026-07-09,86.81,92.85,85.3,92.7,85.0,7.7,9.0588,348132.72,3098024.421,2.6211,0.97,186.3998,5.3191,12312513.189
688396.SH,2026-07-10,92.9,94.6,78.98,79.1,92.7,-13.6,-14.671,590513.34,5095354.535,4.4459,1.71,159.0531,4.5387,10506146.637
688396.SH,2026-07-13,77.91,80.95,77.0,77.6,79.1,-1.5,-1.8963,331948.85,2623154.169,2.4992,0.87,156.037,4.4526,10306915.032
688396.SH,2026-07-14,77.6,78.58,72.19,75.88,77.6,-1.72,-2.2165,351298.3,2640683.61,2.6449,0.95,152.5784,4.354,10078462.7916
688396.SH,2026-07-15,77.18,77.24,69.6,70.17,75.88,-5.71,-7.525,321250.67,2312003.796,2.4187,0.84,141.0968,4.0263,9320054.4819
688396.SH,2026-07-16,69.0,70.8,64.98,65.5,70.17,-4.67,-6.6553,325480.99,2196135.413,2.4505,0.84,131.7065,3.7584,8699780.085
688396.SH,2026-07-17,64.89,65.88,61.1,62.01,65.5,-3.49,-5.3282,333485.49,2116908.515,2.5108,0.87,124.6888,3.5581,8236234.5507
688396.SH,2026-07-20,63.85,63.9,57.2,59.53,62.01,-2.48,-3.9994,344914.75,2069160.812,2.5968,1.04,119.7021,3.4158,7906838.2971
688396.SH,2026-07-21,60.0,65.38,55.0,65.28,59.53,5.75,9.659,437940.1,2666622.584,3.2972,1.31,131.2641,3.7457,8670559.4496
688396.SH,2026-07-22,63.35,66.64,62.6,63.1,65.28,-2.18,-3.3395,337123.89,2177550.951,2.5382,0.96,126.8806,3.6206,8381009.517
688396.SH,2026-07-23,63.96,63.96,60.4,61.12,63.1,-1.98,-3.1379,200105.73,1232331.084,1.5066,0.56,122.8992,3.507,8118023.7984
688396.SH,2026-07-24,59.9,61.5,59.39,60.4,61.12,-0.72,-1.178,184484.74,1116297.027,1.389,0.56,121.4515,3.4657,8022392.628
688396.SH,2026-07-27,60.29,61.16,58.0,60.74,60.4,0.34,0.5629,188052.46,1124718.42,1.4158,0.62,122.1351,3.4852,8067551.7918
688396.SH,2026-07-28,59.5,60.55,55.66,56.07,60.74,-4.67,-7.6885,222531.39,1282906.086,1.6754,0.83,112.7448,3.2173,7447277.3949
688396.SH,2026-07-29,56.0,56.82,53.07,56.05,56.07,-0.02,-0.0357,237947.14,1308218.661,1.7915,1.05,112.7045,3.2161,7444620.9735
688396.SH,2026-07-30,55.6,56.32,52.54,53.79,56.05,-2.26,-4.0321,231914.51,1257278.916,1.7461,1.12,108.1602,3.0864,7144445.3553
688396.SH,2026-07-31,57.99,58.76,54.23,54.3,53.79,0.51,0.9481,285427.4,1605223.065,2.149,1.34,109.1857,3.1157,7212184.101
688396.SH,2026-08-03,53.57,54.34,51.63,51.84,54.3,-2.46,-4.5304,220494.95,1163617.677,1.6601,0.95,104.2391,2.9746,6885444.2688
688396.SH,2026-08-04,52.82,55.05,52.11,54.15,51.84,2.31,4.456,233311.3,1251424.661,1.7566,0.97,108.884,3.1071,7192260.9405
688396.SH,2026-08-05,54.12,59.29,53.83,58.15,54.15,4.0,7.3869,328373.33,1867141.508,2.4723,1.36,116.9272,3.3366,7723545.2205
688396.SH,2026-08-06,56.6,59.49,56.48,58.47,58.15,0.32,0.5503,229944.51,1336140.959,1.7312,0.88,117.5706,3.355,7766047.9629
688396.SH,2026-08-07,58.49,61.75,58.18,61.21,58.47,2.74,4.6862,270046.37,1625824.852,2.0332,1.04,123.0802,3.5122,8129977.6947
688396.SH,2026-08-10,61.2,61.7,58.78,60.02,61.21,-1.19,-1.9441,205357.67,1230827.188,1.5461,0.8,120.6874,3.4439,7971920.6214
688396.SH,2026-08-11,59.45,61.08,59.25,59.72,60.02,-0.3,-0.4998,144376.82,868647.936,1.087,0.57,120.0841,3.4267,7932074.3004
688396.SH,2026-08-12,59.97,62.17,59.52,62.02,59.72,2.3,3.8513,201491.11,1231622.094,1.517,0.86,124.7089,3.5587,8237562.7614
688396.SH,2026-08-13,62.68,62.88,59.8,59.91,62.02,-2.11,-3.4021,209608.86,1294948.79,1.5781,1.0,120.4662,3.4376,7957310.3037
688396.SH,2026-08-14,60.85,61.2,59.57,60.73,59.91,0.82,1.3687,130916.16,790519.899,0.9857,0.63,122.115,3.4847,8066223.5811
688396.SH,2026-08-17,60.97,63.31,60.38,63.13,60.73,2.4,3.9519,205325.05,1279491.411,1.5459,1.15,126.9409,3.6224,8384994.1491
688396.SH,2026-08-18,62.96,65.38,62.31,65.01,63.13,1.88,2.978,261161.53,1672017.129,1.9663,1.46,130.7212,3.7302,8634697.7607
688396.SH,2026-08-19,63.0,66.21,61.08,61.59,65.01,-3.42,-5.2607,360604.22,2284508.674,2.715,1.79,123.8443,3.534,8180449.7013
688396.SH,2026-08-20,62.29,62.35,58.8,59.39,61.59,-2.2,-3.572,282299.67,1695907.87,2.1254,1.21,119.4206,3.4078,7888243.3473
688396.SH,2026-08-21,59.1,63.88,59.01,62.16,59.39,2.77,4.6641,280452.38,1745037.145,2.1115,1.13,124.9904,3.5667,8256157.7112
688396.SH,2026-08-24,62.5,63.75,59.65,61.22,62.16,-0.94,-1.5122,268991.64,1651427.313,2.0252,0.97,123.1003,3.5128,8131305.9054
688396.SH,2026-08-25,59.05,59.86,56.69,58.64,61.22,-2.58,-4.2143,262571.95,1535118.567,1.9769,0.9,117.9125,3.3179,7788627.5448
688396.SH,2026-08-26,59.05,59.05,57.52,57.8,58.64,-0.84,-1.4325,160832.58,935690.42,1.2109,0.55,116.2234,3.2703,7677057.846
688396.SH,2026-08-27,58.58,63.24,57.86,63.0,57.8,5.2,8.9965,313985.99,1914131.647,2.364,1.25,126.6795,3.5646,8367727.41
688396.SH,2026-08-28,62.44,63.01,60.88,60.95,63.0,-2.05,-3.254,198658.31,1229050.961,1.4957,0.77,122.5574,3.4486,8095444.2165
688396.SH,2026-08-31,59.5,61.52,59.05,61.39,60.95,0.44,0.7219,182524.68,1097234.034,1.3742,0.76,123.4421,3.4735,8153885.4873
688396.SH,2026-09-01,61.0,61.35,58.5,58.59,61.39,-2.8,-4.561,182035.82,1077903.57,1.3705,0.81,117.8119,3.315,7781986.4913
688396.SH,2026-09-02,57.7,57.71,56.7,56.92,58.59,-1.67,-2.8503,135052.58,771777.166,1.0168,0.65,114.4539,3.2206,7560175.3044
