ts_code,trade_date,open,high,low,close,pre_close,change,pct_chg,vol,amount,turnover_rate,volume_ratio,pe,pb,total_mv
688578.SH,2023-01-03,19.66,20.4,19.66,20.16,19.68,0.48,2.439,16209.97,32775.265,0.7839,0.98,496.4276,2.9383,907200.0
688578.SH,2023-01-04,20.44,20.5,19.87,20.31,20.16,0.15,0.744,16225.4,32833.946,0.7847,1.0,500.1213,2.9602,913950.0
688578.SH,2023-01-05,20.44,22.37,20.16,22.26,20.31,1.95,9.6012,77166.7,165947.397,3.7319,4.52,548.1388,3.2444,1001700.0
688578.SH,2023-01-06,22.27,22.29,21.56,21.7,22.26,-0.56,-2.5157,29097.89,63774.289,1.4072,0.96,534.3492,3.1628,976500.0
688578.SH,2023-01-09,21.67,22.32,20.5,20.91,21.7,-0.79,-3.6406,41869.83,88220.208,2.0249,1.36,514.8959,3.0476,940950.0
688578.SH,2023-01-10,21.0,21.53,20.77,21.31,20.91,0.4,1.913,21887.62,46453.267,1.0585,0.61,524.7457,3.1059,958950.0
688578.SH,2023-01-11,21.27,21.72,21.08,21.08,21.31,-0.23,-1.0793,21735.64,46348.303,1.0512,0.58,519.0821,3.0724,948600.0
688578.SH,2023-01-12,21.11,21.54,20.89,20.98,21.08,-0.1,-0.4744,17412.63,36792.462,0.8421,0.45,516.6196,3.0578,944100.0
688578.SH,2023-01-13,21.43,21.77,20.82,21.63,20.98,0.65,3.0982,20243.63,43401.988,0.979,0.77,532.6255,3.1526,973350.0
688578.SH,2023-01-16,21.7,22.73,21.62,21.98,21.63,0.35,1.6181,40774.91,90937.049,1.9719,1.66,541.244,3.2036,989100.0
688578.SH,2023-01-17,22.05,22.13,21.68,21.73,21.98,-0.25,-1.1374,19009.76,41556.935,0.9193,0.78,535.0879,3.1671,977850.0
688578.SH,2023-01-18,21.82,21.94,21.63,21.77,21.73,0.04,0.1841,12742.41,27724.962,0.6162,0.53,536.0729,3.173,979650.0
688578.SH,2023-01-19,21.99,22.68,21.78,22.18,21.77,0.41,1.8833,26175.58,58423.981,1.2659,1.19,546.1689,3.2327,998100.0
688578.SH,2023-01-20,22.18,22.53,21.95,22.03,22.18,-0.15,-0.6763,18613.91,41246.224,0.9002,0.78,542.4752,3.2109,991350.0
688578.SH,2023-01-30,22.11,22.55,22.06,22.15,22.03,0.12,0.5447,19521.38,43450.407,0.9441,0.83,545.4302,3.2284,996750.0
688578.SH,2023-01-31,23.22,24.1,22.86,22.99,22.15,0.84,3.7923,64456.99,150933.985,3.1173,3.35,566.1146,3.3508,1034550.0
688578.SH,2023-02-01,22.89,24.08,22.85,23.84,22.99,0.85,3.6973,72505.32,171285.817,3.5065,2.56,587.0454,3.4747,1072800.0
688578.SH,2023-02-02,23.95,24.1,23.38,23.38,23.84,-0.46,-1.9295,53996.66,128424.869,2.6114,1.34,575.7182,3.4076,1052100.0
688578.SH,2023-02-03,23.36,24.01,23.36,23.9,23.38,0.52,2.2241,44155.93,105179.69,2.1355,0.96,588.5228,3.4834,1075500.0
688578.SH,2023-02-06,23.71,24.2,23.61,23.77,23.9,-0.13,-0.5439,32619.38,77954.842,1.5775,0.64,585.3217,3.4645,1069650.0
688578.SH,2023-02-07,23.68,24.05,23.55,23.91,23.77,0.14,0.589,40239.53,95999.521,1.9461,0.75,588.7691,3.4849,1075950.0
688578.SH,2023-02-08,23.91,24.08,23.68,23.9,23.91,-0.01,-0.0418,22968.16,54978.436,1.1108,0.47,588.5228,3.4834,1075500.0
688578.SH,2023-02-09,23.88,24.04,23.82,23.88,23.9,-0.02,-0.0837,35015.49,83856.513,1.6934,0.9,588.0303,3.4805,1074600.0
688578.SH,2023-02-10,23.91,24.05,23.7,23.94,23.88,0.06,0.2513,39951.87,95562.713,1.9321,1.14,589.5078,3.4892,1077300.0
688578.SH,2023-02-13,23.95,24.92,23.9,24.51,23.94,0.57,2.381,56071.6,136365.978,2.7117,1.64,603.5437,3.5723,1102950.0
688578.SH,2023-02-14,24.55,25.35,24.5,24.75,24.51,0.24,0.9792,51385.13,128439.217,2.4851,1.32,609.4536,3.6073,1113750.0
688578.SH,2023-02-15,24.71,24.83,23.53,23.56,24.75,-1.19,-4.8081,59548.53,142425.352,2.8799,1.45,580.1505,3.4339,1060200.0
688578.SH,2023-02-16,23.7,24.06,23.19,23.4,23.56,-0.16,-0.6791,45152.96,107075.819,2.1837,0.93,576.2106,3.4105,1053000.0
688578.SH,2023-02-17,23.41,23.6,22.93,22.99,23.4,-0.41,-1.7521,25118.69,58188.294,1.2148,0.5,566.1146,3.3508,1034550.0
688578.SH,2023-02-20,23.11,23.11,22.55,22.98,22.99,-0.01,-0.0435,21625.07,49442.476,1.0458,0.46,565.8684,3.3493,1034100.0
688578.SH,2023-02-21,22.83,23.08,22.68,22.85,22.98,-0.13,-0.5657,18029.81,41199.002,0.872,0.44,562.6672,3.3304,1028250.0
688578.SH,2023-02-22,22.65,23.39,22.6,23.01,22.85,0.16,0.7002,17982.23,41466.121,0.8697,0.53,566.6071,3.3537,1035450.0
688578.SH,2023-02-23,23.05,23.48,22.78,22.9,23.01,-0.11,-0.4781,17657.94,40730.396,0.854,0.69,563.8984,3.3377,1030500.0
688578.SH,2023-02-24,22.88,23.1,22.77,22.8,22.9,-0.1,-0.4367,16208.58,37112.604,0.7839,0.81,561.436,3.3231,1026000.0
688578.SH,2023-02-27,22.82,23.39,22.75,22.95,22.8,0.15,0.6579,25170.18,57848.422,1.2173,1.38,565.1297,3.345,1032750.0
688578.SH,2023-02-28,23.24,24.23,23.21,24.14,22.95,1.19,5.1852,49527.77,118022.925,2.3952,2.61,594.4327,3.4058,1086300.0
688578.SH,2023-03-01,24.29,24.66,23.94,24.57,24.14,0.43,1.7813,35765.28,86978.954,1.7297,1.41,605.0212,3.4665,1105650.0
688578.SH,2023-03-02,24.91,25.64,24.62,24.94,24.57,0.37,1.5059,47587.75,118815.346,2.3014,1.65,614.1322,3.5187,1122300.0
688578.SH,2023-03-03,24.94,25.18,24.38,24.41,24.94,-0.53,-2.1251,30468.18,74990.111,1.4735,0.87,601.0813,3.4439,1098450.0
688578.SH,2023-03-06,24.57,25.05,24.21,24.77,24.41,0.36,1.4748,28898.93,71373.959,1.3976,0.77,609.9461,3.4947,1114650.0
688578.SH,2023-03-07,24.89,25.05,24.45,24.58,24.77,-0.19,-0.7671,28158.25,69717.578,1.3618,0.73,605.2674,3.4679,1106100.0
688578.SH,2023-03-08,24.5,24.83,24.31,24.65,24.58,0.07,0.2848,19699.88,48428.158,0.9527,0.58,606.9911,3.4778,1109250.0
688578.SH,2023-03-09,24.86,25.09,24.6,24.87,24.65,0.22,0.8925,20205.73,50256.227,0.9772,0.65,612.4085,3.5088,1119150.0
688578.SH,2023-03-10,24.96,24.97,24.66,24.9,24.87,0.03,0.1206,20693.41,51379.519,1.0008,0.81,613.1472,3.5131,1120500.0
688578.SH,2023-03-13,24.87,24.87,24.31,24.77,24.9,-0.13,-0.5221,23103.84,56810.002,1.1173,0.98,609.9461,3.4947,1114650.0
688578.SH,2023-03-14,24.9,25.76,24.89,25.05,24.77,0.28,1.1304,40780.76,103196.754,1.9722,1.82,616.8409,3.5342,1127250.0
688578.SH,2023-03-15,25.23,25.65,25.03,25.15,25.05,0.1,0.3992,23283.87,58806.655,1.126,0.94,619.3033,3.5483,1131750.0
688578.SH,2023-03-16,25.02,25.2,23.95,23.99,25.15,-1.16,-4.6123,53955.07,131288.513,2.6094,2.11,590.739,3.3847,1079550.0
688578.SH,2023-03-17,24.2,24.35,23.71,23.82,23.99,-0.17,-0.7086,39775.93,95525.54,1.9236,1.23,586.5529,3.3607,1071900.0
688578.SH,2023-03-20,23.77,23.93,22.97,23.27,23.82,-0.55,-2.309,33929.34,79118.284,1.6409,0.94,573.0095,3.2831,1047150.0
688578.SH,2023-03-21,23.32,24.02,23.24,23.95,23.27,0.68,2.9222,24303.37,57381.004,1.1754,0.63,589.7541,3.379,1077750.0
688578.SH,2023-03-22,24.0,24.54,23.84,24.27,23.95,0.32,1.3361,21882.32,52986.061,1.0583,0.62,597.6339,3.4242,1092150.0
688578.SH,2023-03-23,24.3,25.05,24.11,24.93,24.27,0.66,2.7194,31744.48,78251.796,1.5352,0.91,613.886,3.5173,1121850.0
688578.SH,2023-03-24,24.92,25.25,24.61,24.65,24.93,-0.28,-1.1231,27229.09,67863.553,1.3168,0.9,606.9911,3.4778,1109250.0
688578.SH,2023-03-27,24.7,25.06,24.29,24.8,24.65,0.15,0.6085,22674.72,56050.972,1.0966,0.82,610.6848,3.499,1116000.0
688578.SH,2023-03-28,24.8,25.1,24.7,24.76,24.8,-0.04,-0.1613,20345.78,50563.765,0.984,0.8,609.6998,3.4933,1114200.0
688578.SH,2023-03-29,24.76,24.79,24.17,24.24,24.76,-0.52,-2.1002,19304.01,47171.803,0.9336,0.78,596.8951,3.42,1090800.0
688578.SH,2023-03-30,24.36,24.36,23.69,23.84,24.24,-0.4,-1.6502,26314.28,62828.683,1.2726,1.08,587.0454,3.3635,1072800.0
688578.SH,2023-03-31,23.9,24.13,23.51,23.52,23.84,-0.32,-1.3423,18155.86,43114.891,0.878,0.78,579.1656,3.3184,1058400.0
688578.SH,2023-04-03,23.68,23.88,23.44,23.72,23.52,0.2,0.8503,26978.26,63882.358,1.3047,1.26,584.0904,3.3466,1067400.0
688578.SH,2023-04-04,23.61,24.2,23.61,24.15,23.72,0.43,1.8128,20484.57,48879.313,0.9907,0.92,594.6789,3.4073,1086750.0
688578.SH,2023-04-06,24.1,25.2,24.1,25.0,24.15,0.85,3.5197,34143.11,85032.223,1.6512,1.53,615.6097,3.5272,1125000.0
688578.SH,2023-04-07,25.3,28.5,25.3,28.0,25.0,3.0,12.0,131294.41,361930.677,6.3496,5.21,689.4828,3.9504,1260000.0
688578.SH,2023-04-10,27.95,29.04,27.78,28.5,28.0,0.5,1.7857,107927.57,306619.983,5.2196,2.34,701.795,4.021,1282500.0
688578.SH,2023-04-11,28.4,28.7,27.9,28.12,28.5,-0.38,-1.3333,55774.52,157131.187,2.6974,0.87,692.4377,3.9674,1265400.0
688578.SH,2023-04-12,28.0,28.39,27.5,27.98,28.12,-0.14,-0.4979,55994.54,156137.949,2.708,0.8,688.9903,3.9476,1259100.0
688578.SH,2023-04-13,28.0,29.75,27.72,28.9,27.98,0.92,3.2881,86372.08,248695.746,4.1771,1.12,711.6448,4.0774,1300500.0
688578.SH,2023-04-14,29.0,29.88,28.71,29.05,28.9,0.15,0.519,56920.95,165816.687,2.7528,0.65,715.3384,4.0986,1307250.0
688578.SH,2023-04-17,29.01,29.74,28.86,29.63,29.05,0.58,1.9966,49328.25,144842.335,2.3856,0.68,729.6206,4.1804,1333350.0
688578.SH,2023-04-18,29.22,30.18,28.8,29.02,29.63,-0.61,-2.0587,42504.85,124231.534,2.0556,0.7,714.5997,4.0944,1305900.0
688578.SH,2023-04-19,29.0,29.39,28.86,29.15,29.02,0.13,0.448,35034.29,102104.47,1.6943,0.6,717.8009,4.1127,1311750.0
688578.SH,2023-04-20,29.1,29.6,28.6,28.84,29.15,-0.31,-1.0635,47734.9,138541.004,2.3085,0.88,710.1673,4.069,1297800.0
688578.SH,2023-04-21,29.0,29.5,28.51,29.34,28.84,0.5,1.7337,48697.76,141567.584,2.3551,1.05,722.4795,4.1395,1320300.0
688578.SH,2023-04-24,29.26,30.87,29.26,29.66,29.34,0.32,1.0907,75402.35,225291.12,3.6466,1.69,730.3593,4.1846,1334700.0
688578.SH,2023-04-25,29.54,30.1,28.82,28.99,29.66,-0.67,-2.2589,55213.98,162140.307,2.6702,1.11,713.861,4.0901,1304550.0
688578.SH,2023-04-26,29.31,29.57,28.51,29.22,28.99,0.23,0.7934,43588.36,126585.702,2.108,0.83,719.5246,4.1226,1314900.0
688578.SH,2023-04-27,29.24,29.5,28.51,28.9,29.22,-0.32,-1.0951,47799.84,138450.301,2.3117,0.88,99.6394,4.0806,1300500.0
688578.SH,2023-04-28,29.0,30.5,28.33,30.38,28.9,1.48,5.1211,78825.23,234100.481,3.8121,1.46,104.742,4.2895,1367100.0
688578.SH,2023-05-04,28.84,28.86,25.21,26.96,30.38,-3.42,-11.2574,113329.69,305400.711,5.4808,1.88,92.9508,3.7484,1213200.0
688578.SH,2023-05-05,27.28,27.28,26.02,26.7,26.96,-0.26,-0.9644,54541.62,144581.539,2.6377,0.81,92.0544,3.7122,1201500.0
688578.SH,2023-05-08,26.88,27.45,26.44,27.05,26.7,0.35,1.3109,44951.26,121396.104,2.1739,0.66,93.2611,3.7609,1217250.0
688578.SH,2023-05-09,27.11,27.44,26.47,26.52,27.05,-0.53,-1.9593,39771.67,106645.833,1.9234,0.59,91.4338,3.6872,1193400.0
688578.SH,2023-05-10,26.42,27.15,26.3,26.79,26.52,0.27,1.0181,26859.41,71744.512,1.299,0.41,92.3647,3.7247,1205550.0
688578.SH,2023-05-11,26.74,27.29,26.55,26.85,26.79,0.06,0.224,27512.07,73940.624,1.3305,0.49,92.5715,3.7331,1208250.0
688578.SH,2023-05-12,26.85,27.66,26.81,26.98,26.85,0.13,0.4842,37527.89,101721.8,1.8149,0.97,93.0197,3.7512,1214100.0
688578.SH,2023-05-15,26.98,27.09,26.51,27.07,26.98,0.09,0.3336,17665.21,47386.939,0.8543,0.5,93.33,3.7637,1218150.0
688578.SH,2023-05-16,27.15,27.65,27.01,27.12,27.07,0.05,0.1847,29365.91,80313.51,1.4202,0.98,93.5024,3.7706,1220400.0
688578.SH,2023-05-17,27.17,27.23,26.44,26.6,27.12,-0.52,-1.9174,27186.05,72439.748,1.3148,0.98,91.7096,3.6983,1197000.0
688578.SH,2023-05-18,26.59,27.57,26.45,27.47,26.6,0.87,3.2707,32840.85,88700.856,1.5882,1.18,94.7091,3.8193,1236150.0
688578.SH,2023-05-19,27.34,28.05,27.1,27.93,27.47,0.46,1.6746,33678.65,93104.038,1.6288,1.16,96.2951,3.8832,1256850.0
688578.SH,2023-05-22,28.23,28.64,27.69,28.24,27.93,0.31,1.1099,37220.39,104884.98,1.8,1.32,97.3639,3.9263,1270800.0
688578.SH,2023-05-23,28.43,29.3,28.22,28.93,28.24,0.69,2.4433,35251.53,102257.946,1.7048,1.1,99.7428,4.0223,1301850.0
688578.SH,2023-05-24,28.78,29.17,28.59,28.9,28.93,-0.03,-0.1037,23086.79,66656.081,1.1165,0.69,99.6394,4.0181,1300500.0
688578.SH,2023-05-25,28.23,28.82,27.95,28.3,28.9,-0.6,-2.0761,24386.4,69025.62,1.1794,0.75,97.5707,3.9347,1273500.0
688578.SH,2023-05-26,28.25,28.77,27.94,28.74,28.3,0.44,1.5548,21719.31,61597.997,1.0504,0.71,99.0877,3.9959,1293300.0
688578.SH,2023-05-29,28.9,29.04,28.22,28.38,28.74,-0.36,-1.2526,18030.93,51359.108,0.872,0.64,97.8466,3.9458,1277100.0
688578.SH,2023-05-30,28.38,28.55,27.72,27.95,28.38,-0.43,-1.5152,24213.41,67900.815,1.171,0.99,96.364,3.886,1257750.0
688578.SH,2023-05-31,28.05,28.17,27.71,27.94,27.95,-0.01,-0.0358,13337.77,37210.014,0.645,0.6,96.3296,3.8846,1257300.0
688578.SH,2023-06-01,27.94,28.7,27.72,27.83,27.94,-0.11,-0.3937,24926.89,70369.731,1.2055,1.23,95.9503,3.8693,1252350.0
688578.SH,2023-06-02,27.9,28.07,27.46,27.51,27.83,-0.32,-1.1498,14607.83,40543.647,0.7065,0.71,94.847,3.8249,1237950.0
688578.SH,2023-06-05,27.21,27.9,27.21,27.84,27.51,0.33,1.1996,17385.39,48027.905,0.8408,0.91,95.9848,3.8707,1252800.0
688578.SH,2023-06-06,27.84,27.89,27.14,27.24,27.84,-0.6,-2.1552,31393.24,86240.076,1.5182,1.66,93.9162,3.7873,1225800.0
688578.SH,2023-06-07,27.42,27.75,27.05,27.1,27.24,-0.14,-0.514,15259.75,41682.385,0.738,0.75,93.4335,3.7678,1219500.0
688578.SH,2023-06-08,27.06,27.2,26.73,26.9,27.1,-0.2,-0.738,21461.44,57920.617,1.0379,1.04,92.7439,3.74,1210500.0
688578.SH,2023-06-09,26.85,27.8,26.34,27.6,26.9,0.7,2.6022,37940.32,103800.155,1.8349,1.89,95.1573,3.8374,1242000.0
688578.SH,2023-06-12,27.45,27.5,26.0,26.15,27.6,-1.45,-5.2536,51797.94,136712.372,2.505,2.1,90.1581,3.6358,1176750.0
688578.SH,2023-06-13,26.01,26.47,25.51,25.79,26.15,-0.36,-1.3767,28818.3,74405.746,1.3937,0.91,88.9169,3.5857,1160550.0
688578.SH,2023-06-14,25.79,25.95,25.52,25.58,25.79,-0.21,-0.8143,15721.07,40431.776,0.7603,0.51,88.1929,3.5565,1151100.0
688578.SH,2023-06-15,25.8,25.8,25.38,25.54,25.58,-0.04,-0.1564,16132.14,41227.106,0.7802,0.52,88.055,3.551,1149300.0
688578.SH,2023-06-16,25.65,26.11,25.48,25.48,25.54,-0.06,-0.2349,22789.49,58745.743,1.1021,0.76,87.8481,3.5426,1146600.0
688578.SH,2023-06-19,25.5,25.67,25.28,25.51,25.48,0.03,0.1177,16051.61,40838.908,0.7763,0.59,87.9516,3.5468,1147950.0
688578.SH,2023-06-20,25.54,25.85,25.54,25.64,25.51,0.13,0.5096,15662.84,40257.009,0.7575,0.79,88.3998,3.5649,1153800.0
688578.SH,2023-06-21,25.65,25.79,25.35,25.48,25.64,-0.16,-0.624,15253.8,38911.485,0.7377,0.88,87.8481,3.5426,1146600.0
688578.SH,2023-06-26,25.36,25.95,25.26,25.7,25.48,0.22,0.8634,20612.71,52888.302,0.9969,1.2,88.6067,3.5732,1156500.0
688578.SH,2023-06-27,25.6,26.55,25.6,26.02,25.7,0.32,1.2451,26679.29,69855.986,1.2903,1.48,89.7099,3.6177,1170900.0
688578.SH,2023-06-28,26.14,27.48,25.88,27.31,26.02,1.29,4.9577,41040.03,110424.976,1.9848,2.18,94.1575,3.797,1228950.0
688578.SH,2023-06-29,27.48,27.48,26.66,26.87,27.31,-0.44,-1.6111,20785.94,56090.331,1.0052,0.87,92.6405,3.7359,1209150.0
688578.SH,2023-06-30,27.03,27.16,26.7,26.95,26.87,0.08,0.2977,15879.57,42826.513,0.768,0.64,92.9163,3.747,1212750.0
688578.SH,2023-07-03,27.05,29.07,26.97,28.5,26.95,1.55,5.7514,52849.47,148865.739,2.5559,2.11,98.2603,3.9625,1282500.0
688578.SH,2023-07-04,28.51,29.17,28.26,28.76,28.5,0.26,0.9123,30292.91,87046.729,1.465,0.96,99.1567,3.9986,1294200.0
688578.SH,2023-07-05,28.8,29.0,27.31,28.1,28.76,-0.66,-2.2949,35248.21,98207.632,1.7047,1.1,96.8812,3.9069,1264500.0
688578.SH,2023-07-06,28.14,28.14,27.7,27.77,28.1,-0.33,-1.1744,16751.67,46732.043,0.8101,0.54,95.7435,3.861,1249650.0
688578.SH,2023-07-07,27.89,28.82,27.72,28.47,27.77,0.7,2.5207,25365.92,72000.618,1.2267,0.84,98.1569,3.9583,1281150.0
688578.SH,2023-07-10,28.47,28.59,28.18,28.56,28.47,0.09,0.3161,9638.25,27411.153,0.4661,0.3,98.4672,3.9708,1285200.0
688578.SH,2023-07-11,28.55,29.12,28.34,28.97,28.56,0.41,1.4356,16466.47,47506.217,0.7963,0.7,99.8807,4.0278,1303650.0
688578.SH,2023-07-12,28.92,29.6,28.75,28.94,28.97,-0.03,-0.1036,22335.17,65094.961,1.0802,1.08,99.7773,4.0237,1302300.0
688578.SH,2023-07-13,28.97,29.98,28.91,28.99,28.94,0.05,0.1728,24332.91,71685.268,1.1768,1.34,99.9497,4.0306,1304550.0
688578.SH,2023-07-14,29.15,29.18,28.69,28.72,28.99,-0.27,-0.9314,14929.55,43088.975,0.722,0.76,99.0188,3.9931,1292400.0
688578.SH,2023-07-17,28.8,28.9,28.38,28.69,28.72,-0.03,-0.1045,11726.57,33571.354,0.5671,0.67,98.9154,3.9889,1291050.0
688578.SH,2023-07-18,28.78,29.05,28.42,28.55,28.69,-0.14,-0.488,18184.43,52380.717,0.8794,1.01,98.4327,3.9695,1284750.0
688578.SH,2023-07-19,28.36,28.76,27.8,27.97,28.55,-0.58,-2.0315,22328.72,62519.599,1.0799,1.22,96.433,3.8888,1258650.0
688578.SH,2023-07-20,28.14,28.14,27.76,27.79,27.97,-0.18,-0.6435,11017.44,30767.162,0.5328,0.6,95.8124,3.8638,1250550.0
688578.SH,2023-07-21,27.77,28.29,27.68,28.17,27.79,0.38,1.3674,11696.21,32714.01,0.5656,0.75,97.1225,3.9166,1267650.0
688578.SH,2023-07-24,28.19,29.11,28.19,28.62,28.17,0.45,1.5974,15123.23,43456.105,0.7314,1.01,98.674,3.9792,1287900.0
688578.SH,2023-07-25,28.81,28.99,28.33,28.38,28.62,-0.24,-0.8386,10960.01,31316.43,0.53,0.7,97.8466,3.9458,1277100.0
688578.SH,2023-07-26,28.44,29.07,28.26,28.66,28.38,0.28,0.9866,12360.83,35505.492,0.5978,0.87,98.8119,3.9847,1289700.0
688578.SH,2023-07-27,28.66,28.66,27.81,28.01,28.66,-0.65,-2.268,14944.32,41915.481,0.7227,1.22,96.5709,3.8944,1260450.0
688578.SH,2023-07-28,28.13,28.13,27.42,27.99,28.01,-0.02,-0.0714,21772.44,60464.972,1.053,1.67,96.502,3.8916,1259550.0
688578.SH,2023-07-31,28.1,28.28,27.16,27.26,27.99,-0.73,-2.6081,31015.29,85098.206,1.5,2.06,93.9851,3.7901,1226700.0
688578.SH,2023-08-01,27.28,27.59,26.89,26.98,27.26,-0.28,-1.0271,12044.23,32754.157,0.5825,0.66,93.0197,3.7512,1214100.0
688578.SH,2023-08-02,27.09,27.1,26.13,26.25,26.98,-0.73,-2.7057,25607.17,67813.133,1.2384,1.39,90.5029,3.6497,1181250.0
688578.SH,2023-08-03,26.59,26.76,23.71,24.06,26.25,-2.19,-8.3429,135218.29,332466.557,6.5394,6.42,82.9524,3.3452,1082700.0
688578.SH,2023-08-04,24.17,24.23,22.86,22.96,24.06,-1.1,-4.5719,72527.31,169320.653,3.5075,1.61,79.1599,3.1922,1033200.0
688578.SH,2023-08-07,22.99,23.03,22.26,22.64,22.96,-0.32,-1.3937,42871.36,96653.334,2.0733,0.78,78.0566,3.1478,1018800.0
688578.SH,2023-08-08,22.57,23.06,22.35,22.4,22.64,-0.24,-1.0601,30535.27,69104.423,1.4767,0.53,77.2291,3.1144,1008000.0
688578.SH,2023-08-09,22.5,22.77,22.16,22.56,22.4,0.16,0.7143,27292.77,61374.216,1.3199,0.44,77.7808,3.1366,1015200.0
688578.SH,2023-08-10,22.6,22.63,22.23,22.55,22.56,-0.01,-0.0443,15944.23,35812.07,0.7711,0.26,77.7463,3.1352,1014750.0
688578.SH,2023-08-11,22.55,22.72,22.36,22.43,22.55,-0.12,-0.5322,13469.25,30314.414,0.6514,0.36,77.3326,3.1186,1009350.0
688578.SH,2023-08-14,22.3,22.95,22.3,22.87,22.43,0.44,1.9617,22839.38,51867.041,1.1046,0.88,78.8496,3.1797,1029150.0
688578.SH,2023-08-15,22.75,22.91,22.55,22.91,22.87,0.04,0.1749,12494.96,28415.794,0.6043,0.57,78.9875,3.1853,1030950.0
688578.SH,2023-08-16,22.85,23.36,22.62,22.72,22.91,-0.19,-0.8293,22271.33,51289.149,1.0771,1.21,78.3324,3.1589,1022400.0
688578.SH,2023-08-17,22.9,23.39,22.41,23.2,22.72,0.48,2.1127,18977.21,43522.931,0.9178,1.09,79.9873,3.2256,1044000.0
688578.SH,2023-08-18,23.01,23.35,22.85,22.89,23.2,-0.31,-1.3362,15397.27,35534.037,0.7446,0.85,78.9185,3.1825,1030050.0
688578.SH,2023-08-21,22.9,23.35,22.84,22.97,22.89,0.08,0.3495,16979.7,39270.992,0.8212,0.92,79.1943,3.1936,1033650.0
688578.SH,2023-08-22,23.24,23.24,22.6,23.0,22.97,0.03,0.1306,16531.76,37863.873,0.7995,0.96,79.2978,3.1978,1035000.0
688578.SH,2023-08-23,22.76,23.2,22.7,22.91,23.0,-0.09,-0.3913,13437.85,30844.729,0.6499,0.75,78.9875,3.1853,1030950.0
688578.SH,2023-08-24,22.91,24.19,22.83,23.88,22.91,0.97,4.234,34245.89,81423.239,1.6562,2.11,82.3318,3.3202,1074600.0
688578.SH,2023-08-25,23.98,24.17,23.71,24.13,23.88,0.25,1.0469,23717.88,57009.999,1.147,1.23,83.1937,3.3549,1085850.0
688578.SH,2023-08-28,26.09,26.6,24.51,24.87,24.13,0.74,3.0667,47641.81,120120.698,2.304,2.27,85.745,3.4578,1119150.0
688578.SH,2023-08-29,27.0,28.6,26.99,27.64,24.87,2.77,11.1379,151455.39,422369.131,7.3246,5.59,95.2952,3.6277,1243800.0
688578.SH,2023-08-30,27.85,29.58,27.69,29.2,27.64,1.56,5.644,154849.85,446662.605,7.4888,2.86,100.6737,3.8325,1314000.0
688578.SH,2023-08-31,29.48,30.46,29.01,30.03,29.2,0.83,2.8425,105772.06,314792.617,5.1153,1.28,103.5353,3.9414,1351350.0
688578.SH,2023-09-01,29.98,31.07,29.72,30.73,30.03,0.7,2.331,83816.31,255254.365,4.0535,0.87,105.9487,4.0333,1382850.0
688578.SH,2023-09-04,30.95,31.56,30.12,30.32,30.73,-0.41,-1.3342,86850.18,266189.555,4.2002,0.8,104.5352,3.9795,1364400.0
688578.SH,2023-09-05,30.28,31.1,30.14,30.42,30.32,0.1,0.3298,63265.59,192709.055,3.0596,0.54,104.8799,3.9926,1368900.0
688578.SH,2023-09-06,30.34,30.35,28.99,29.21,30.42,-1.21,-3.9776,85269.63,251189.321,4.1238,0.86,100.7082,3.8338,1314450.0
688578.SH,2023-09-07,29.45,29.45,28.64,28.78,29.21,-0.43,-1.4721,55648.74,160917.677,2.6913,0.65,99.2257,3.7773,1295100.0
688578.SH,2023-09-08,28.8,30.18,28.57,30.1,28.78,1.32,4.5865,64296.43,189888.978,3.1095,0.86,103.7767,3.9506,1354500.0
688578.SH,2023-09-11,29.95,31.4,29.8,30.61,30.1,0.51,1.6944,74201.62,227994.281,3.5885,1.04,105.535,4.0175,1377450.0
688578.SH,2023-09-12,30.98,32.88,30.4,31.96,30.61,1.35,4.4103,94932.57,303501.608,4.5911,1.39,110.1894,4.1947,1438200.0
688578.SH,2023-09-13,32.3,34.38,31.85,33.81,31.96,1.85,5.7885,122031.16,407383.802,5.9016,1.63,116.5677,4.4375,1521450.0
688578.SH,2023-09-14,33.89,34.05,33.05,33.73,33.81,-0.08,-0.2366,81936.41,274568.638,3.9626,1.0,116.2919,4.427,1517850.0
688578.SH,2023-09-15,33.85,33.98,33.22,33.8,33.73,0.07,0.2075,57159.49,192027.123,2.7643,0.65,116.5333,4.4362,1521000.0
688578.SH,2023-09-18,33.61,34.8,33.12,33.7,33.8,-0.1,-0.2959,75464.68,254647.236,3.6496,0.88,116.1885,4.4231,1516500.0
688578.SH,2023-09-19,33.89,34.14,33.16,33.88,33.7,0.18,0.5341,50357.76,170169.511,2.4354,0.58,116.8091,4.4467,1524600.0
688578.SH,2023-09-20,33.88,34.1,33.51,33.67,33.88,-0.21,-0.6198,34502.91,116501.479,1.6686,0.45,116.0851,4.4191,1515150.0
688578.SH,2023-09-21,33.86,34.25,33.49,34.08,33.67,0.41,1.2177,38592.59,130844.119,1.8664,0.64,117.4986,4.473,1533600.0
688578.SH,2023-09-22,34.1,35.15,33.72,34.99,34.08,0.91,2.6702,59362.72,205616.107,2.8709,1.16,120.6361,4.5924,1574550.0
688578.SH,2023-09-25,35.0,36.22,34.86,36.21,34.99,1.22,3.4867,60559.31,216263.751,2.9288,1.17,124.8423,4.7525,1629450.0
688578.SH,2023-09-26,36.5,36.83,35.46,36.6,36.21,0.39,1.0771,52132.64,189453.782,2.5212,1.07,126.1869,4.8037,1647000.0
688578.SH,2023-09-27,37.97,40.19,35.1,36.11,36.6,-0.49,-1.3388,158343.11,595133.032,7.6577,3.23,124.4975,4.7394,1624950.0
688578.SH,2023-09-28,36.44,39.91,35.85,39.06,36.11,2.95,8.1695,137705.62,527115.451,6.6597,1.87,134.6683,5.1266,1757700.0
688578.SH,2023-10-09,39.0,39.0,35.7,36.6,39.06,-2.46,-6.298,103656.98,380431.498,5.013,1.11,126.1869,4.8037,1647000.0
688578.SH,2023-10-10,36.59,37.18,36.13,36.4,36.6,-0.2,-0.5464,54472.55,198727.198,2.6344,0.53,125.4974,4.7775,1638000.0
688578.SH,2023-10-11,36.4,36.88,35.92,35.97,36.4,-0.43,-1.1813,57321.34,207781.415,2.7722,0.57,124.0148,4.721,1618650.0
688578.SH,2023-10-12,36.49,37.2,36.05,36.52,35.97,0.55,1.5291,51898.02,190160.96,2.5099,0.51,125.9111,4.7932,1643400.0
688578.SH,2023-10-13,36.05,37.48,35.72,36.86,36.52,0.34,0.931,51702.37,189917.674,2.5004,0.64,127.0833,4.8378,1658700.0
688578.SH,2023-10-16,37.05,37.35,36.31,36.85,36.86,-0.01,-0.0271,39208.75,144042.861,1.8962,0.61,127.0488,4.8365,1658250.0
688578.SH,2023-10-17,36.75,37.24,36.38,37.13,36.85,0.28,0.7598,38644.35,142154.684,1.8689,0.76,128.0142,4.8733,1670850.0
688578.SH,2023-10-18,37.05,37.97,36.64,36.88,37.13,-0.25,-0.6733,48172.3,179489.075,2.3297,1.01,127.1523,4.8405,1659600.0
688578.SH,2023-10-19,36.44,37.18,36.16,36.72,36.88,-0.16,-0.4338,37791.86,138826.358,1.8277,0.82,126.6006,4.8195,1652400.0
688578.SH,2023-10-20,36.87,36.87,35.8,36.09,36.72,-0.63,-1.7157,37664.14,136418.045,1.8215,0.87,124.4286,4.7368,1624050.0
688578.SH,2023-10-23,35.84,36.48,34.94,35.06,36.09,-1.03,-2.854,47302.94,168025.134,2.2877,1.17,120.8774,4.6016,1577700.0
688578.SH,2023-10-24,35.58,36.98,35.18,36.81,35.06,1.75,4.9914,59100.14,214018.412,2.8582,1.41,126.9109,4.8313,1656450.0
688578.SH,2023-10-25,36.85,37.19,35.86,36.15,36.81,-0.66,-1.793,45267.92,164289.231,2.1892,0.98,124.6354,4.7446,1626750.0
688578.SH,2023-10-26,36.4,36.59,33.66,35.62,36.15,-0.53,-1.4661,84317.37,296632.031,4.0777,1.86,122.8081,4.3954,1602900.0
688578.SH,2023-10-27,36.33,37.11,35.52,36.85,35.62,1.23,3.4531,72277.86,264102.919,3.4955,1.32,127.0488,4.5472,1658250.0
688578.SH,2023-10-30,36.9,37.85,36.76,37.33,36.85,0.48,1.3026,54971.73,205406.526,2.6585,0.89,128.7037,4.6064,1679850.0
688578.SH,2023-10-31,38.17,40.1,37.63,38.72,37.33,1.39,3.7235,89687.25,351098.122,4.3374,1.42,133.4961,4.7779,1742400.0
688578.SH,2023-11-01,38.43,38.49,36.4,36.61,38.72,-2.11,-5.4494,76446.02,283977.28,3.6971,1.1,126.2214,4.5176,1647450.0
688578.SH,2023-11-02,36.6,37.14,36.3,36.67,36.61,0.06,0.1639,39732.18,146135.97,1.9215,0.53,126.4282,4.525,1650150.0
688578.SH,2023-11-03,36.31,37.1,36.13,36.7,36.67,0.03,0.0818,30602.31,112634.917,1.48,0.46,126.5317,4.5287,1651500.0
688578.SH,2023-11-06,37.27,37.45,35.89,36.56,36.7,-0.14,-0.3815,65756.1,240412.604,3.1801,1.13,126.049,4.5114,1645200.0
688578.SH,2023-11-07,36.65,38.42,36.35,37.49,36.56,0.93,2.5438,76557.74,288007.99,3.7025,1.27,129.2554,4.6262,1687050.0
688578.SH,2023-11-08,37.29,38.16,36.9,37.85,37.49,0.36,0.9603,54163.73,203714.213,2.6195,0.94,130.4966,4.6706,1703250.0
688578.SH,2023-11-09,38.0,38.23,37.3,37.93,37.85,0.08,0.2114,48610.14,183845.763,2.3509,0.91,130.7724,4.6805,1706850.0
688578.SH,2023-11-10,37.91,39.14,37.55,38.62,37.93,0.69,1.8191,54811.99,211529.539,2.6508,0.99,133.1513,4.7656,1737900.0
688578.SH,2023-11-13,38.74,38.88,36.88,36.92,38.62,-1.7,-4.4019,55316.62,207207.595,2.6752,0.92,127.2902,4.5558,1661400.0
688578.SH,2023-11-14,37.2,37.41,36.66,37.0,36.92,0.08,0.2167,30015.55,110976.155,1.4516,0.52,127.566,4.5657,1665000.0
688578.SH,2023-11-15,37.34,37.34,36.3,36.92,37.0,-0.08,-0.2162,33789.56,124178.159,1.6341,0.7,127.2902,4.5558,1661400.0
688578.SH,2023-11-16,36.82,37.22,36.17,36.6,36.92,-0.32,-0.8667,28129.42,102799.684,1.3604,0.63,126.1869,4.5163,1647000.0
688578.SH,2023-11-17,36.51,37.15,36.37,37.07,36.6,0.47,1.2842,27562.22,101413.99,1.333,0.68,127.8073,4.5743,1668150.0
688578.SH,2023-11-20,37.01,38.04,36.79,37.42,37.07,0.35,0.9442,42425.45,159349.026,2.0518,1.21,129.014,4.6175,1683900.0
688578.SH,2023-11-21,37.5,37.9,37.19,37.37,37.42,-0.05,-0.1336,29793.33,111722.864,1.4409,0.92,128.8417,4.6113,1681650.0
688578.SH,2023-11-22,37.08,37.42,36.76,36.86,37.37,-0.51,-1.3647,22130.51,82061.773,1.0703,0.68,127.0833,4.5484,1658700.0
688578.SH,2023-11-23,36.65,37.3,36.48,37.1,36.86,0.24,0.6511,21504.52,79435.65,1.04,0.72,127.9108,4.578,1669500.0
688578.SH,2023-11-24,36.99,36.99,36.08,36.53,37.1,-0.57,-1.5364,34099.84,124325.725,1.6491,1.19,125.9456,4.5077,1643850.0
688578.SH,2023-11-27,36.37,36.9,36.18,36.53,36.53,0.0,0.0,33241.36,121458.453,1.6076,1.11,125.9456,4.5077,1643850.0
688578.SH,2023-11-28,36.5,37.06,36.23,36.66,36.53,0.13,0.3559,25142.45,91918.724,1.2159,0.89,126.3938,4.5237,1649700.0
688578.SH,2023-11-29,36.55,37.31,36.36,36.85,36.66,0.19,0.5183,32054.44,118354.9,1.5502,1.18,127.0488,4.5472,1658250.0
688578.SH,2023-11-30,36.87,37.27,36.38,37.27,36.85,0.42,1.1398,32785.34,120806.573,1.5856,1.12,128.4969,4.599,1677150.0
688578.SH,2023-12-01,37.33,38.83,37.3,38.5,37.27,1.23,3.3002,52952.5,202446.477,2.5609,1.68,132.7376,4.7508,1732500.0
688578.SH,2023-12-04,38.66,38.7,36.7,37.94,38.5,-0.56,-1.4545,43559.49,164298.584,0.968,1.24,130.8069,4.6817,1707300.0
688578.SH,2023-12-05,37.95,42.91,37.72,41.9,37.94,3.96,10.4375,113155.94,460894.58,2.5146,3.03,144.4599,5.1703,1885500.0
688578.SH,2023-12-06,41.88,46.0,41.7,45.1,41.9,3.2,7.6372,126408.75,560212.141,2.8091,2.3,155.4926,5.5652,2029500.0
688578.SH,2023-12-07,45.25,46.39,44.33,45.63,45.1,0.53,1.1752,95190.28,432420.927,2.1153,1.29,157.3199,5.6306,2053350.0
688578.SH,2023-12-08,45.85,48.16,45.5,46.69,45.63,1.06,2.323,105209.63,491795.28,2.338,1.22,160.9745,5.7614,2101050.0
688578.SH,2023-12-11,46.61,47.78,45.83,47.2,46.69,0.51,1.0923,93237.33,437176.123,2.0719,0.96,162.7328,5.8243,2124000.0
688578.SH,2023-12-12,46.66,48.32,45.63,47.55,47.2,0.35,0.7415,92085.03,432463.023,2.0463,0.86,163.9395,5.8675,2139750.0
688578.SH,2023-12-13,47.8,47.96,46.53,46.77,47.55,-0.78,-1.6404,52240.38,246464.254,1.1609,0.51,161.2503,5.7713,2104650.0
688578.SH,2023-12-14,47.3,47.62,46.45,46.89,46.77,0.12,0.2566,41528.84,195167.722,0.9229,0.47,161.664,5.7861,2110050.0
688578.SH,2023-12-15,46.49,46.88,45.55,45.82,46.89,-1.07,-2.2819,61602.1,283488.111,1.3689,0.8,157.975,5.6541,2061900.0
688578.SH,2023-12-18,45.82,46.35,45.2,45.41,45.82,-0.41,-0.8948,40003.94,182908.721,0.889,0.59,156.5614,5.6035,2043450.0
688578.SH,2023-12-19,45.36,45.36,43.8,44.59,45.41,-0.82,-1.8058,54632.26,242549.771,1.2141,0.95,153.7343,5.5023,2006550.0
688578.SH,2023-12-20,44.66,44.84,42.68,42.76,44.59,-1.83,-4.1041,46013.66,199661.924,1.0225,0.92,147.4249,5.2765,1924200.0
688578.SH,2023-12-21,42.53,42.75,41.41,41.96,42.76,-0.8,-1.8709,42751.66,179356.117,0.95,0.88,144.6667,5.1777,1888200.0
688578.SH,2023-12-22,42.05,42.28,40.88,41.21,41.96,-0.75,-1.7874,43163.24,178928.384,0.9592,0.88,142.0809,5.0852,1854450.0
688578.SH,2023-12-25,41.66,41.89,40.82,41.44,41.21,0.23,0.5581,30687.33,127036.765,0.6819,0.68,142.8739,5.1136,1864800.0
688578.SH,2023-12-26,41.44,41.66,40.59,40.66,41.44,-0.78,-1.8822,28226.59,115712.201,0.6273,0.65,140.1847,5.0173,1829700.0
688578.SH,2023-12-27,40.76,41.79,40.35,41.41,40.66,0.75,1.8446,51020.79,210819.128,1.1338,1.34,142.7705,5.1099,1863450.0
688578.SH,2023-12-28,41.56,41.57,39.8,40.83,41.41,-0.58,-1.4006,57863.65,235791.886,1.2859,1.48,140.7708,5.0383,1837350.0
688578.SH,2023-12-29,40.62,42.0,40.62,41.66,40.83,0.83,2.0328,49367.84,205033.749,1.0971,1.17,143.6324,5.1407,1874700.0
688578.SH,2024-01-02,41.84,41.91,39.76,41.28,41.66,-0.38,-0.9121,60738.84,248350.925,1.3498,1.4,142.3223,5.0938,1857600.0
688578.SH,2024-01-03,41.3,42.06,41.26,41.71,41.28,0.43,1.0417,48981.67,204325.318,1.0885,0.99,143.8048,5.1469,1876950.0
688578.SH,2024-01-04,41.4,41.97,40.95,41.28,41.71,-0.43,-1.0309,38091.49,157567.108,0.8465,0.71,142.3223,5.0938,1857600.0
688578.SH,2024-01-05,41.2,41.73,40.68,40.81,41.28,-0.47,-1.1386,28169.41,116079.879,0.626,0.55,140.7018,5.0358,1836450.0
688578.SH,2024-01-08,41.34,41.49,39.92,39.98,40.81,-0.83,-2.0338,29354.22,118584.699,0.6523,0.65,137.8402,4.9334,1799100.0
688578.SH,2024-01-09,40.5,41.28,39.93,40.71,39.98,0.73,1.8259,39383.77,160253.421,0.8752,0.96,140.3571,5.0235,1831950.0
688578.SH,2024-01-10,40.29,40.73,39.88,40.34,40.71,-0.37,-0.9089,24206.41,97658.533,0.5379,0.66,139.0814,4.9778,1815300.0
688578.SH,2024-01-11,40.51,41.27,39.83,40.78,40.34,0.44,1.0907,24681.37,100643.037,0.5485,0.78,140.5984,5.0321,1835100.0
688578.SH,2024-01-12,40.79,41.94,40.56,40.6,40.78,-0.18,-0.4414,30389.34,124804.508,0.6753,1.04,139.9778,5.0099,1827000.0
688578.SH,2024-01-15,40.6,41.65,40.12,41.4,40.6,0.8,1.9704,29301.93,120871.005,0.6512,0.99,142.736,5.1086,1863000.0
688578.SH,2024-01-16,41.38,42.58,40.5,42.26,41.4,0.86,2.0773,42056.51,174347.499,0.9346,1.42,145.7011,5.2148,1901700.0
688578.SH,2024-01-17,42.0,43.88,39.1,39.15,42.26,-3.11,-7.3592,94678.01,393200.378,2.104,3.14,134.9786,4.831,1761750.0
688578.SH,2024-01-18,38.25,41.99,38.0,41.75,39.15,2.6,6.6411,68393.38,273868.675,1.5199,1.55,143.9427,5.1518,1878750.0
688578.SH,2024-01-19,41.85,42.05,40.57,40.8,41.75,-0.95,-2.2754,37955.28,156184.701,0.8435,0.72,140.6674,5.0346,1836000.0
688578.SH,2024-01-22,40.4,41.47,38.03,38.1,40.8,-2.7,-6.6176,56800.75,223971.692,1.2622,1.04,131.3585,4.7014,1714500.0
688578.SH,2024-01-23,38.15,40.59,38.0,40.37,38.1,2.27,5.958,47002.53,186093.94,1.0445,0.78,139.1848,4.9815,1816650.0
688578.SH,2024-01-24,40.42,41.47,39.33,40.86,40.37,0.49,1.2138,38357.19,154983.879,0.8524,0.63,140.8742,5.042,1838700.0
688578.SH,2024-01-25,40.8,42.46,39.6,42.29,40.86,1.43,3.4998,47712.37,197312.048,1.0603,0.96,145.8045,5.2185,1903050.0
688578.SH,2024-01-26,42.2,42.85,40.18,40.67,42.29,-1.62,-3.8307,54419.83,227108.925,1.2093,1.19,140.2192,5.0186,1830150.0
688578.SH,2024-01-29,41.2,41.58,38.4,38.8,40.67,-1.87,-4.598,58795.32,232504.074,1.3066,1.2,133.7719,4.7878,1746000.0
688578.SH,2024-01-30,39.3,39.3,36.14,37.98,38.8,-0.82,-2.1134,78258.42,296161.632,1.7391,1.59,130.9448,4.6866,1709100.0
688578.SH,2024-01-31,37.41,38.04,36.0,36.17,37.98,-1.81,-4.7657,43448.82,160080.532,0.9655,0.78,124.7044,4.4633,1627650.0
688578.SH,2024-02-01,36.17,38.27,35.7,36.75,36.17,0.58,1.6035,40696.62,150743.458,0.9044,0.72,126.7041,4.5348,1653750.0
688578.SH,2024-02-02,36.61,37.06,34.56,35.04,36.75,-1.71,-4.6531,52024.26,185084.729,1.1561,0.94,120.8084,4.3238,1576800.0
688578.SH,2024-02-05,34.88,35.76,32.25,34.64,35.04,-0.4,-1.1416,73471.58,249613.788,1.6327,1.34,119.4294,4.2745,1558800.0
688578.SH,2024-02-06,33.77,38.3,33.46,38.15,34.64,3.51,10.1328,71764.19,259655.76,1.5948,1.25,131.5309,4.7076,1716750.0
688578.SH,2024-02-07,38.88,40.66,38.15,40.25,38.15,2.1,5.5046,71403.75,285853.245,1.5868,1.27,138.7711,4.9667,1811250.0
688578.SH,2024-02-08,41.13,43.98,40.8,41.68,40.25,1.43,3.5528,83097.35,352674.642,1.8466,1.34,143.7014,5.1432,1875600.0
688578.SH,2024-02-19,42.44,42.44,40.71,41.44,41.68,-0.24,-0.5758,55501.14,229743.637,1.2334,0.79,142.8739,5.1136,1864800.0
688578.SH,2024-02-20,41.1,41.95,40.77,41.13,41.44,-0.31,-0.7481,38444.33,158405.087,0.8543,0.54,141.8051,5.0753,1850850.0
688578.SH,2024-02-21,41.3,42.06,40.66,40.83,41.13,-0.3,-0.7294,42113.22,173968.167,0.9358,0.66,140.7708,5.0383,1837350.0
688578.SH,2024-02-22,40.6,40.72,39.63,40.28,40.83,-0.55,-1.347,45785.47,183552.014,1.0175,0.79,138.8745,4.9704,1812600.0
688578.SH,2024-02-23,40.0,40.93,39.59,40.69,40.28,0.41,1.0179,40813.46,164382.689,0.907,0.77,140.2881,5.021,1831050.0
688578.SH,2024-02-26,41.01,42.11,40.52,41.37,40.69,0.68,1.6712,52344.51,216872.989,1.1632,1.18,142.6326,4.6547,1861650.0
688578.SH,2024-02-27,41.2,42.02,41.1,41.97,41.37,0.6,1.4503,43188.08,179712.957,0.9597,0.98,144.7012,4.7222,1888650.0
688578.SH,2024-02-28,42.1,42.86,39.8,40.02,41.97,-1.95,-4.6462,67835.77,281826.151,1.5075,1.51,137.9781,4.5028,1800900.0
688578.SH,2024-02-29,40.37,42.76,40.2,42.76,40.02,2.74,6.8466,65352.85,273227.386,1.4523,1.31,147.4249,4.8111,1924200.0
688578.SH,2024-03-01,43.0,43.1,41.8,42.66,42.76,-0.1,-0.2339,43632.38,184408.082,0.9696,0.81,147.0801,4.7999,1919700.0
688578.SH,2024-03-04,42.75,44.64,42.45,44.32,42.66,1.66,3.8912,54853.46,239296.352,1.219,1.01,152.8034,4.9866,1994400.0
688578.SH,2024-03-05,44.32,45.05,43.48,44.2,44.32,-0.12,-0.2708,41294.26,182563.029,0.9177,0.75,152.3896,4.9731,1989000.0
688578.SH,2024-03-06,44.19,44.19,42.85,42.9,44.2,-1.3,-2.9412,36893.16,159789.204,0.8198,0.68,147.9076,4.8269,1930500.0
688578.SH,2024-03-07,42.45,42.9,41.34,41.51,42.9,-1.39,-3.2401,33694.49,142284.262,0.7488,0.7,143.1153,4.6705,1867950.0
688578.SH,2024-03-08,41.48,42.49,41.47,41.8,41.51,0.29,0.6986,26647.39,111704.403,0.5922,0.63,144.1151,4.7031,1881000.0
688578.SH,2024-03-11,41.7,43.48,41.61,43.26,41.8,1.46,3.4928,37498.96,160500.766,0.8333,0.97,149.1488,4.8674,1946700.0
688578.SH,2024-03-12,43.55,44.3,43.18,43.33,43.26,0.07,0.1618,36986.28,161345.854,0.8219,1.05,149.3901,4.8753,1949850.0
688578.SH,2024-03-13,43.48,46.13,43.02,45.86,43.33,2.53,5.8389,62612.19,281596.767,1.3914,1.82,158.1129,5.1599,2063700.0
688578.SH,2024-03-14,48.0,50.27,46.7,49.3,45.86,3.44,7.5011,129914.28,630239.188,2.887,3.29,169.9731,5.547,2218500.0
688578.SH,2024-03-15,49.5,50.77,48.55,50.36,49.3,1.06,2.1501,97270.06,485665.724,2.1616,1.66,173.6277,5.6662,2266200.0
688578.SH,2024-03-18,49.99,51.2,49.5,50.4,50.36,0.04,0.0794,59297.27,298173.399,1.3177,0.81,173.7656,5.6707,2268000.0
688578.SH,2024-03-19,50.1,50.47,49.19,49.3,50.4,-1.1,-2.1825,40646.93,201765.69,0.9033,0.53,169.9731,5.547,2218500.0
688578.SH,2024-03-20,49.4,49.56,48.88,48.99,49.3,-0.31,-0.6288,30080.9,147805.194,0.6685,0.39,168.9043,5.5121,2204550.0
688578.SH,2024-03-21,49.02,49.47,47.9,47.9,48.99,-1.09,-2.2249,33566.97,162638.31,0.7459,0.47,165.1462,5.3894,2155500.0
688578.SH,2024-03-22,47.94,48.0,46.36,47.12,47.9,-0.78,-1.6284,43769.79,206140.019,0.9727,0.84,162.457,5.3017,2120400.0
688578.SH,2024-03-25,46.7,47.74,46.4,46.62,47.12,-0.5,-1.0611,28234.37,132993.162,0.6274,0.68,160.7332,5.2454,2097900.0
688578.SH,2024-03-26,46.39,47.1,46.31,46.53,46.62,-0.09,-0.1931,27527.65,128562.707,0.6117,0.78,160.4229,5.2353,2093850.0
688578.SH,2024-03-27,46.7,47.56,46.31,46.31,46.53,-0.22,-0.4728,37491.19,175650.542,0.8331,1.15,159.6644,5.2105,2083950.0
688578.SH,2024-03-28,46.55,47.6,46.28,46.77,46.31,0.46,0.9933,41109.13,192642.269,0.9135,1.2,161.2503,5.2623,2104650.0
688578.SH,2024-03-29,46.64,46.99,45.62,46.47,46.77,-0.3,-0.6414,33160.3,153427.284,0.7369,0.93,160.216,5.2285,2091150.0
688578.SH,2024-04-01,46.48,47.55,46.47,47.45,46.47,0.98,2.1089,33144.67,155980.022,0.7365,0.99,163.5948,5.3388,2135250.0
688578.SH,2024-04-02,47.66,47.98,46.2,46.73,47.45,-0.72,-1.5174,34752.01,162721.511,0.7723,1.01,161.1124,5.2578,2102850.0
688578.SH,2024-04-03,46.32,46.56,45.75,46.07,46.73,-0.66,-1.4124,29434.12,135720.872,0.6541,0.82,158.8369,5.1835,2073150.0
688578.SH,2024-04-08,46.0,46.46,45.5,45.55,46.07,-0.52,-1.1287,32155.23,147521.396,0.7146,0.94,157.0441,5.125,2049750.0
688578.SH,2024-04-09,45.56,46.8,44.88,46.7,45.55,1.15,2.5247,29862.59,137143.067,0.6636,0.92,161.009,5.2544,2101500.0
688578.SH,2024-04-10,46.5,46.89,45.8,46.1,46.7,-0.6,-1.2848,25342.13,117373.906,0.5632,0.8,158.9403,5.1869,2074500.0
688578.SH,2024-04-11,45.99,47.07,45.77,46.15,46.1,0.05,0.1085,24383.92,113304.803,0.5419,0.8,159.1127,5.1925,2076750.0
688578.SH,2024-04-12,46.16,47.0,46.13,46.21,46.15,0.06,0.13,24291.52,113013.956,0.5398,0.86,159.3196,5.1993,2079450.0
688578.SH,2024-04-15,46.03,47.92,45.96,46.69,46.21,0.48,1.0387,45569.3,213446.035,1.0127,1.67,160.9745,5.2533,2101050.0
688578.SH,2024-04-16,46.55,47.26,46.06,46.07,46.69,-0.62,-1.3279,37350.22,174117.424,0.83,1.25,158.8369,5.1835,2073150.0
688578.SH,2024-04-17,46.22,47.41,45.79,47.04,46.07,0.97,2.1055,43051.71,201224.297,0.9567,1.37,162.1812,5.2927,2116800.0
688578.SH,2024-04-18,46.79,48.28,45.95,47.72,47.04,0.68,1.4456,46652.94,220531.802,1.0367,1.34,164.5257,5.3692,2147400.0
688578.SH,2024-04-19,47.45,47.71,45.76,46.16,47.72,-1.56,-3.2691,43384.26,201908.317,0.9641,1.1,159.1472,5.1937,2077200.0
688578.SH,2024-04-22,45.85,47.7,45.38,47.14,46.16,0.98,2.1231,38869.21,182145.71,0.8638,0.9,162.526,5.3039,2121300.0
688578.SH,2024-04-23,47.14,48.17,45.88,47.65,47.14,0.51,1.0819,49682.18,234169.074,1.104,1.19,164.2843,5.3613,2144250.0
688578.SH,2024-04-24,47.5,47.53,45.81,46.99,47.65,-0.66,-1.3851,47562.25,220987.383,1.0569,1.07,162.0088,5.2871,2114550.0
688578.SH,2024-04-25,46.99,48.15,46.8,47.24,46.99,0.25,0.532,45391.8,215609.017,1.0087,1.0,162.8707,5.3152,2125800.0
688578.SH,2024-04-26,51.43,56.69,51.38,56.69,47.24,9.45,20.0042,162340.07,898988.22,3.6076,3.61,39.6018,5.9041,2551050.0
688578.SH,2024-04-29,59.0,59.53,56.32,57.88,56.69,1.19,2.0991,153838.81,894868.386,3.4186,2.24,40.4331,6.0281,2604600.0
688578.SH,2024-04-30,58.5,65.99,58.2,62.08,57.88,4.2,7.2564,183469.82,1142423.038,4.0771,2.0,43.3671,6.4655,2793600.0
688578.SH,2024-05-06,63.41,68.59,62.15,67.58,62.08,5.5,8.8595,166582.58,1097037.611,3.7018,1.41,47.2092,7.0383,3041100.0
688578.SH,2024-05-07,67.0,68.87,65.94,66.06,67.58,-1.52,-2.2492,136540.42,916339.194,3.0342,0.96,46.1474,6.88,2972700.0
688578.SH,2024-05-08,65.58,66.45,64.15,64.62,66.06,-1.44,-2.1798,97102.29,631465.559,2.1578,0.6,45.1415,6.73,2907900.0
688578.SH,2024-05-09,65.0,65.88,63.6,64.63,64.62,0.01,0.0155,97334.46,630332.521,2.163,0.66,45.1485,6.731,2908350.0
688578.SH,2024-05-10,64.41,65.48,62.3,64.14,64.63,-0.49,-0.7582,105366.77,672072.127,2.3415,0.77,44.8062,6.68,2886300.0
688578.SH,2024-05-13,63.63,64.75,61.41,61.76,64.14,-2.38,-3.7106,104989.6,658420.444,2.3331,0.87,43.1436,6.4321,2779200.0
688578.SH,2024-05-14,61.99,62.5,60.66,60.85,61.76,-0.91,-1.4734,65066.04,400627.938,1.4459,0.6,42.5079,6.3374,2738250.0
688578.SH,2024-05-15,61.01,61.34,59.46,60.44,60.85,-0.41,-0.6738,59413.2,357562.546,1.3203,0.63,42.2215,6.2947,2719800.0
688578.SH,2024-05-16,60.51,60.6,59.2,59.58,60.44,-0.86,-1.4229,51180.9,305213.968,1.1374,0.59,41.6207,6.2051,2681100.0
688578.SH,2024-05-17,59.45,60.18,59.08,59.6,59.58,0.02,0.0336,43520.33,259003.296,0.9671,0.56,41.6347,6.2072,2682000.0
688578.SH,2024-05-20,59.99,60.37,59.01,60.12,59.6,0.52,0.8725,55856.27,333204.578,1.2413,0.86,41.9979,6.2613,2705400.0
688578.SH,2024-05-21,59.98,60.59,58.82,58.97,60.12,-1.15,-1.9128,59957.78,357114.347,1.3324,1.09,41.1946,6.1416,2653650.0
688578.SH,2024-05-22,59.3,60.2,58.73,59.22,58.97,0.25,0.4239,48081.14,285824.542,1.0685,0.89,41.3692,6.1676,2664900.0
688578.SH,2024-05-23,58.85,59.05,56.99,57.25,59.22,-1.97,-3.3266,76094.42,439718.507,1.691,1.47,39.993,5.9624,2576250.0
688578.SH,2024-05-24,57.02,57.83,56.67,56.86,57.25,-0.39,-0.6812,39551.38,226052.162,0.8789,0.7,39.7206,5.9218,2558700.0
688578.SH,2024-05-27,56.8,57.3,56.24,57.17,56.86,0.31,0.5452,36542.18,207490.602,0.812,0.65,39.9371,5.9541,2572650.0
688578.SH,2024-05-28,57.01,58.35,56.81,57.66,57.17,0.49,0.8571,49881.73,288050.984,1.1085,0.96,40.2794,6.0051,2594700.0
688578.SH,2024-05-29,57.08,58.09,57.0,57.51,57.66,-0.15,-0.2601,32537.35,187250.779,0.7231,0.65,40.1747,5.9895,2587950.0
688578.SH,2024-05-30,57.56,58.37,57.12,57.75,57.51,0.24,0.4173,31605.62,182512.914,0.7023,0.67,40.3423,6.0145,2598750.0
688578.SH,2024-05-31,57.8,58.66,56.26,58.12,57.35,0.77,1.3426,55589.27,320256.241,1.2353,1.46,40.6008,6.3162,2615400.0
688578.SH,2024-06-03,58.04,58.39,57.01,57.61,58.12,-0.51,-0.8775,44251.42,255461.329,0.9834,1.07,40.2445,6.2608,2592450.0
688578.SH,2024-06-04,57.63,61.87,57.32,60.98,57.61,3.37,5.8497,110204.54,663248.831,2.449,2.58,42.5987,6.627,2744100.0
688578.SH,2024-06-05,60.42,63.28,60.16,62.2,60.98,1.22,2.0007,82886.25,515484.82,1.8419,1.51,43.4509,6.7596,2799000.0
688578.SH,2024-06-06,62.2,65.15,61.84,63.55,62.2,1.35,2.1704,81127.89,516076.758,1.8028,1.25,44.394,6.9063,2859750.0
688578.SH,2024-06-07,63.9,64.14,60.5,61.9,63.55,-1.65,-2.5964,79125.94,490095.858,1.7584,1.06,43.2414,6.727,2785500.0
688578.SH,2024-06-11,61.05,63.18,60.63,62.97,61.9,1.07,1.7286,46074.06,286319.768,1.0239,0.58,43.9888,6.8432,2833650.0
688578.SH,2024-06-12,62.95,63.67,62.0,62.68,62.97,-0.29,-0.4605,39721.27,249361.295,0.8827,0.5,43.7863,6.8117,2820600.0
688578.SH,2024-06-13,62.99,64.19,62.63,63.38,62.68,0.7,1.1168,45524.45,288971.349,1.0117,0.69,44.2752,6.8878,2852100.0
688578.SH,2024-06-14,63.08,64.31,62.06,62.7,63.38,-0.68,-1.0729,58344.89,367514.232,1.2966,1.0,43.8002,6.8139,2821500.0
688578.SH,2024-06-17,62.6,64.48,62.5,64.3,62.7,1.6,2.5518,45241.28,287917.183,1.0054,0.84,44.9179,6.9878,2893500.0
688578.SH,2024-06-18,64.92,64.92,63.05,63.2,64.3,-1.1,-1.7107,42749.39,272646.337,0.95,0.91,44.1495,6.8682,2844000.0
688578.SH,2024-06-19,63.21,63.96,62.47,62.7,63.2,-0.5,-0.7911,33708.41,212447.836,0.7491,0.73,43.8002,6.8139,2821500.0
688578.SH,2024-06-20,62.49,64.2,62.43,63.21,62.7,0.51,0.8134,44315.31,280985.378,0.9848,0.98,44.1565,6.8693,2844450.0
688578.SH,2024-06-21,63.0,65.29,62.62,63.8,63.21,0.59,0.9334,52887.81,338957.349,1.1753,1.18,44.5686,6.9334,2871000.0
688578.SH,2024-06-24,63.18,65.88,63.18,63.88,63.8,0.08,0.1254,51995.2,335712.169,1.1554,1.19,44.6245,6.9421,2874600.0
688578.SH,2024-06-25,64.01,64.78,62.27,62.82,63.88,-1.06,-1.6594,51369.47,325166.619,1.1415,1.14,43.8841,6.8269,2826900.0
688578.SH,2024-06-26,63.0,64.46,62.5,64.35,62.82,1.53,2.4355,52588.55,335034.206,1.1686,1.12,44.9529,6.9932,2895750.0
688578.SH,2024-06-27,64.34,64.99,62.41,64.8,64.35,0.45,0.6993,62363.18,398065.844,1.3858,1.23,45.2672,7.0421,2916000.0
688578.SH,2024-06-28,64.4,65.3,62.93,63.74,64.8,-1.06,-1.6358,59118.11,378896.295,1.3137,1.09,44.5267,6.9269,2868300.0
688578.SH,2024-07-01,63.13,64.54,62.88,64.23,63.74,0.49,0.7687,41994.91,268577.427,0.9332,0.76,44.869,6.9802,2890350.0
688578.SH,2024-07-02,64.37,64.77,63.6,64.1,64.23,-0.13,-0.2024,32840.46,210158.441,0.7298,0.61,44.7782,6.966,2884500.0
688578.SH,2024-07-03,64.0,64.46,58.0,60.2,64.1,-3.9,-6.0842,95174.04,577492.358,2.115,1.91,42.0538,6.5422,2709000.0
688578.SH,2024-07-04,60.16,60.88,58.99,59.29,60.2,-0.91,-1.5116,55603.78,332274.052,1.2356,0.95,41.4181,6.4433,2668050.0
688578.SH,2024-07-05,59.2,63.14,58.33,62.25,59.29,2.96,4.9924,71506.6,434548.456,1.589,1.26,43.4859,6.765,2801250.0
688578.SH,2024-07-08,62.87,63.44,61.13,61.67,62.25,-0.58,-0.9317,51624.01,321250.12,1.1472,0.87,43.0807,6.702,2775150.0
688578.SH,2024-07-09,61.87,62.28,60.48,61.08,61.67,-0.59,-0.9567,43939.22,269634.413,0.9764,0.72,42.6685,6.6379,2748600.0
688578.SH,2024-07-10,60.14,61.24,57.71,60.23,61.08,-0.85,-1.3916,47933.47,287100.856,1.0652,0.75,42.0748,6.5455,2710350.0
688578.SH,2024-07-11,61.0,61.0,58.33,59.58,60.23,-0.65,-1.0792,49453.54,294749.606,1.099,0.91,41.6207,6.4748,2681100.0
688578.SH,2024-07-12,59.58,62.87,59.51,62.58,59.58,3.0,5.0352,52348.33,321201.94,1.1633,0.99,43.7164,6.8009,2816100.0
688578.SH,2024-07-15,61.84,62.83,60.65,61.89,62.58,-0.69,-1.1026,34608.21,213552.139,0.7691,0.71,43.2344,6.7259,2785050.0
688578.SH,2024-07-16,61.88,61.88,60.36,60.99,61.89,-0.9,-1.4542,27762.97,169037.128,0.617,0.61,42.6057,6.6281,2744550.0
688578.SH,2024-07-17,61.13,61.66,60.21,60.96,60.99,-0.03,-0.0492,27591.59,168325.223,0.6131,0.65,42.5847,6.6248,2743200.0
688578.SH,2024-07-18,60.56,60.98,59.03,60.03,60.96,-0.93,-1.5256,34466.69,207597.769,0.7659,0.9,41.935,6.5237,2701350.0
688578.SH,2024-07-19,59.55,60.46,59.2,59.45,60.03,-0.58,-0.9662,32558.24,194712.682,0.7235,0.92,41.5299,6.4607,2675250.0
688578.SH,2024-07-22,57.8,59.19,56.11,57.26,59.45,-2.19,-3.6838,92388.02,530770.258,2.0531,2.94,40.0,6.2227,2576700.0
688578.SH,2024-07-23,57.5,57.57,52.88,52.98,57.26,-4.28,-7.4747,87506.78,477066.89,1.9446,2.04,37.0101,5.7576,2384100.0
688578.SH,2024-07-24,53.16,53.83,51.4,51.78,52.98,-1.2,-2.265,45600.88,238777.075,1.0134,0.83,36.1719,5.6272,2330100.0
688578.SH,2024-07-25,51.3,52.14,51.05,51.24,51.78,-0.54,-1.0429,32202.03,166173.613,0.7156,0.55,35.7946,5.5685,2305800.0
688578.SH,2024-07-26,51.64,52.87,50.9,51.22,51.24,-0.02,-0.039,30673.0,158723.549,0.6816,0.53,35.7807,5.5663,2304900.0
688578.SH,2024-07-29,51.03,51.77,50.5,51.0,51.22,-0.22,-0.4295,33384.35,170706.83,0.7419,0.58,35.627,5.5424,2295000.0
688578.SH,2024-07-30,51.0,51.0,49.35,50.01,51.0,-0.99,-1.9412,36913.76,184722.18,0.8203,0.8,34.9354,5.4348,2250450.0
688578.SH,2024-07-31,49.98,53.65,49.62,53.17,50.01,3.16,6.3187,59061.62,308969.36,1.3125,1.65,37.1429,5.7782,2392650.0
688578.SH,2024-08-01,53.44,54.59,51.68,52.09,53.17,-1.08,-2.0312,46667.97,245753.678,1.0371,1.21,36.3884,5.6609,2344050.0
688578.SH,2024-08-02,52.26,53.27,51.11,51.22,52.09,-0.87,-1.6702,39089.21,203309.106,0.8686,0.95,35.7807,5.5663,2304900.0
688578.SH,2024-08-05,51.22,53.26,50.72,50.81,51.22,-0.41,-0.8005,41415.55,214405.81,0.9203,0.96,35.4942,5.5218,2286450.0
688578.SH,2024-08-06,51.47,52.62,50.8,51.26,50.81,0.45,0.8857,36694.05,188737.667,0.8154,0.82,35.8086,5.5707,2306700.0
688578.SH,2024-08-07,51.3,51.79,50.42,51.25,51.26,-0.01,-0.0195,26487.87,135895.649,0.5886,0.59,35.8016,5.5696,2306250.0
688578.SH,2024-08-08,51.12,52.19,50.7,51.6,51.25,0.35,0.6829,28149.48,145018.24,0.6255,0.74,36.0461,5.6076,2322000.0
688578.SH,2024-08-09,51.8,52.63,51.63,51.84,51.6,0.24,0.4651,24303.22,126273.441,0.5401,0.71,36.2138,5.6337,2332800.0
688578.SH,2024-08-12,51.62,52.38,51.28,51.91,51.84,0.07,0.135,30392.43,157498.484,0.6754,0.97,36.2627,5.6413,2335950.0
688578.SH,2024-08-13,52.06,52.54,51.31,51.96,51.91,0.05,0.0963,24494.92,126939.147,0.5443,0.84,36.2976,5.6467,2338200.0
688578.SH,2024-08-14,51.95,52.0,50.76,51.19,51.96,-0.77,-1.4819,28813.76,147849.935,0.6403,1.08,35.7597,5.5631,2303550.0
688578.SH,2024-08-15,51.09,52.13,50.9,51.39,51.19,0.2,0.3907,29142.74,149906.95,0.6476,1.07,35.8994,5.5848,2312550.0
688578.SH,2024-08-16,51.35,54.99,51.06,54.68,51.39,3.29,6.402,63958.38,344088.272,1.4213,2.33,38.1977,5.9423,2460600.0
688578.SH,2024-08-19,54.9,56.16,54.37,55.62,54.68,0.94,1.7191,65500.97,363271.288,1.4556,1.85,38.8544,6.0445,2502900.0
688578.SH,2024-08-20,55.8,55.84,54.05,55.4,55.62,-0.22,-0.3955,65700.34,360285.551,1.46,1.55,38.7007,6.0206,2493000.0
688578.SH,2024-08-21,55.09,55.09,45.78,48.01,55.4,-7.39,-13.3394,153344.41,736029.065,3.4077,3.03,33.5383,4.788,2160450.0
688578.SH,2024-08-22,47.58,47.94,46.32,47.03,48.01,-0.98,-2.0412,75284.68,354514.908,1.673,1.0,32.8537,4.6902,2116350.0
688578.SH,2024-08-23,46.93,47.39,46.44,46.5,47.03,-0.53,-1.1269,42039.27,196657.36,0.9342,0.5,32.4834,4.6374,2092500.0
688578.SH,2024-08-26,46.52,47.66,45.88,46.97,46.5,0.47,1.0108,34246.08,160574.005,0.761,0.43,32.8117,4.6842,2113650.0
688578.SH,2024-08-27,47.3,47.96,46.9,47.65,46.97,0.68,1.4477,32927.6,156578.753,0.7317,0.44,33.2868,4.7521,2144250.0
688578.SH,2024-08-28,47.61,48.36,47.0,47.07,47.65,-0.58,-1.2172,25005.08,118933.367,0.5557,0.37,32.8816,4.6942,2118150.0
688578.SH,2024-08-29,46.75,48.39,46.46,48.25,47.07,1.18,2.5069,34117.01,162892.197,0.7582,0.81,33.7059,4.8119,2171250.0
688578.SH,2024-08-30,47.86,50.54,47.86,48.79,48.25,0.54,1.1192,54463.24,269388.742,1.2103,1.62,34.0831,4.8657,2195550.0
688578.SH,2024-09-02,48.98,49.25,46.21,47.35,48.79,-1.44,-2.9514,49673.07,236027.444,1.1038,1.37,33.0772,4.7221,2130750.0
688578.SH,2024-09-03,47.3,48.65,47.07,47.16,47.35,-0.19,-0.4013,29030.9,138919.819,0.6451,0.74,32.9445,4.7032,2122200.0
688578.SH,2024-09-04,47.08,47.93,46.5,47.15,47.16,-0.01,-0.0212,23132.31,109310.422,0.5141,0.6,32.9375,4.7022,2121750.0
688578.SH,2024-09-05,46.88,47.76,46.61,47.1,46.9,0.2,0.4264,22299.69,105425.065,0.4955,0.59,32.9026,4.8173,2119500.0
688578.SH,2024-09-06,47.0,47.39,44.68,44.86,47.1,-2.24,-4.7558,39294.4,179667.163,0.8732,1.1,31.3378,4.5882,2018700.0
688578.SH,2024-09-09,44.95,45.7,44.7,44.98,44.86,0.12,0.2675,29806.23,134365.063,0.6624,0.91,31.4216,4.6005,2024100.0
688578.SH,2024-09-10,44.79,45.4,43.43,45.0,44.98,0.02,0.0445,31039.31,137859.154,0.6898,1.08,31.4356,4.6025,2025000.0
688578.SH,2024-09-11,44.69,46.2,44.55,46.15,45.0,1.15,2.5556,30747.61,140691.286,0.6833,1.06,32.2389,4.7201,2076750.0
688578.SH,2024-09-12,46.0,46.98,45.46,45.61,46.15,-0.54,-1.1701,22724.83,104776.739,0.505,0.74,31.8617,4.6649,2052450.0
688578.SH,2024-09-13,45.39,45.77,43.83,43.88,45.61,-1.73,-3.793,36879.92,164448.132,0.8196,1.2,30.6532,4.488,1974600.0
688578.SH,2024-09-18,43.79,43.99,42.08,42.23,43.88,-1.65,-3.7603,40087.24,171954.815,0.8908,1.33,29.5005,4.3192,1900350.0
688578.SH,2024-09-19,42.51,43.21,40.88,42.35,42.23,0.12,0.2842,55770.28,234755.857,1.2393,1.73,29.5844,4.3315,1905750.0
688578.SH,2024-09-20,41.92,42.38,40.59,40.98,42.35,-1.37,-3.2349,44621.3,183461.684,0.9916,1.2,28.6273,4.1914,1844100.0
688578.SH,2024-09-23,41.1,41.35,39.82,40.33,40.98,-0.65,-1.5861,35699.68,144205.965,0.7933,0.89,28.1733,4.1249,1814850.0
688578.SH,2024-09-24,40.67,42.38,40.02,42.09,40.33,1.76,4.364,48197.53,199162.612,1.0711,1.13,29.4027,4.3049,1894050.0
688578.SH,2024-09-25,42.43,43.88,41.85,41.91,42.09,-0.18,-0.4277,61997.99,265605.936,1.3777,1.38,29.277,4.2865,1885950.0
688578.SH,2024-09-26,41.87,44.22,41.01,44.22,41.91,2.31,5.5118,61931.01,263849.471,1.3762,1.26,30.8907,4.5227,1989900.0
688578.SH,2024-09-27,45.01,49.19,44.62,49.0,44.22,4.78,10.8096,47677.28,219811.05,1.0595,0.94,34.2298,5.0116,2205000.0
688578.SH,2024-09-30,53.27,56.65,51.5,55.18,49.0,6.18,12.6122,140457.78,761226.958,3.1213,2.75,38.547,5.6437,2483100.0
688578.SH,2024-10-08,65.9,65.9,58.8,64.1,55.18,8.92,16.1653,158050.91,995601.072,3.5122,2.19,44.7782,6.556,2884500.0
688578.SH,2024-10-09,61.98,64.55,58.9,59.88,64.1,-4.22,-6.5835,124140.9,771229.031,2.7587,1.32,41.8303,6.1244,2694600.0
688578.SH,2024-10-10,61.0,61.85,56.5,56.54,59.88,-3.34,-5.5778,95698.03,562232.044,2.1266,0.9,39.497,5.7828,2544300.0
688578.SH,2024-10-11,56.0,56.78,51.34,52.21,56.54,-4.33,-7.6583,86299.59,463546.12,1.9178,0.76,36.4722,5.3399,2349450.0
688578.SH,2024-10-14,52.62,53.52,50.1,53.04,52.21,0.83,1.5897,74066.1,384467.112,1.6459,0.61,37.0521,5.4248,2386800.0
688578.SH,2024-10-15,52.69,54.27,51.16,51.3,53.04,-1.74,-3.2805,63424.6,333955.483,1.4094,0.59,35.8365,5.2469,2308500.0
688578.SH,2024-10-16,50.5,51.8,50.0,50.59,51.3,-0.71,-1.384,46035.28,234007.864,1.023,0.52,35.3406,5.1743,2276550.0
688578.SH,2024-10-17,50.61,52.46,50.38,50.58,50.59,-0.01,-0.0198,48608.01,249977.02,1.0802,0.66,35.3336,5.1732,2276100.0
688578.SH,2024-10-18,50.75,57.47,50.2,54.88,50.58,4.3,8.5014,89594.43,481985.569,1.991,1.41,38.3374,5.613,2469600.0
688578.SH,2024-10-21,55.8,56.73,53.67,55.35,54.88,0.47,0.8564,74479.44,410286.369,1.6551,1.16,38.6657,5.6611,2490750.0
688578.SH,2024-10-22,55.0,56.78,54.3,55.9,55.35,0.55,0.9937,54615.25,303539.165,1.2137,0.85,39.05,5.7174,2515500.0
688578.SH,2024-10-23,56.0,57.45,54.8,56.53,55.9,0.63,1.127,61205.61,344877.237,1.3601,0.98,39.4901,5.7818,2543850.0
688578.SH,2024-10-24,56.53,57.47,56.02,57.36,56.53,0.83,1.4682,57217.86,326201.359,1.2715,0.87,40.0699,5.8667,2581200.0
688578.SH,2024-10-25,59.06,59.46,54.0,55.52,57.36,-1.84,-3.2078,101361.1,565142.512,2.2525,1.5,38.7845,5.1375,2498400.0
688578.SH,2024-10-28,55.7,55.86,54.51,54.84,55.52,-0.68,-1.2248,52994.19,292024.995,1.1776,0.76,38.3095,5.0746,2467800.0
688578.SH,2024-10-29,55.5,55.96,53.68,53.86,54.84,-0.98,-1.787,74240.05,405853.676,1.6498,1.13,37.6249,4.9839,2423700.0
688578.SH,2024-10-30,53.81,54.09,51.55,52.27,53.86,-1.59,-2.9521,66297.65,348503.936,1.4733,0.96,36.5142,4.8368,2352150.0
688578.SH,2024-10-31,52.25,53.19,50.97,51.97,52.27,-0.3,-0.5739,66402.27,345753.736,1.4756,0.94,36.3046,4.809,2338650.0
688578.SH,2024-11-01,51.68,53.5,51.3,51.6,51.97,-0.37,-0.7119,56436.3,294406.801,1.2541,0.78,36.0461,4.7748,2322000.0
688578.SH,2024-11-04,51.77,53.35,51.77,53.0,51.6,1.4,2.7132,52539.01,277439.029,1.1675,0.83,37.0241,4.9044,2385000.0
688578.SH,2024-11-05,52.8,54.3,51.73,53.81,53.0,0.81,1.5283,80816.23,430331.19,1.7959,1.28,37.59,4.9793,2421450.0
688578.SH,2024-11-06,54.0,54.0,52.18,52.66,53.81,-1.15,-2.1371,71134.96,377425.118,1.5808,1.1,36.7866,4.8729,2369700.0
688578.SH,2024-11-07,52.35,54.65,52.13,54.64,52.66,1.98,3.76,70761.53,380599.364,1.5725,1.08,38.1698,5.0561,2458800.0
688578.SH,2024-11-08,55.34,56.82,54.73,55.07,54.64,0.43,0.787,74935.02,418708.647,1.6652,1.13,38.4701,5.0959,2478150.0
688578.SH,2024-11-11,55.78,57.62,55.3,56.81,55.07,1.74,3.1596,97059.84,549316.525,2.1569,1.39,39.6857,5.2569,2556450.0
688578.SH,2024-11-12,57.0,58.57,56.4,57.15,56.81,0.34,0.5985,100340.98,576975.162,2.2298,1.27,39.9232,5.2884,2571750.0
688578.SH,2024-11-13,57.12,57.2,54.25,55.61,57.15,-1.54,-2.6947,74967.08,415506.72,1.6659,0.9,38.8474,5.1459,2502450.0
688578.SH,2024-11-14,55.5,55.5,52.88,53.01,55.61,-2.6,-4.6754,55241.74,299168.904,1.2276,0.66,37.0311,4.9053,2385450.0
688578.SH,2024-11-15,52.53,53.44,51.3,51.31,53.01,-1.7,-3.2069,45981.75,240870.555,1.0218,0.57,35.8435,4.748,2308950.0
688578.SH,2024-11-18,51.3,51.86,49.98,50.09,51.31,-1.22,-2.3777,57786.29,292481.55,1.2841,0.77,34.9913,4.6351,2254050.0
688578.SH,2024-11-19,50.41,50.85,49.51,50.52,50.09,0.43,0.8585,44731.96,224759.491,0.994,0.67,35.2917,4.6749,2273400.0
688578.SH,2024-11-20,51.25,57.19,51.25,56.37,50.52,5.85,11.5796,140918.25,772379.602,3.1315,2.53,39.3783,5.2162,2536650.0
688578.SH,2024-11-21,56.36,57.63,55.76,56.05,56.37,-0.32,-0.5677,79969.71,452697.09,1.7771,1.16,39.1547,5.1866,2522250.0
688578.SH,2024-11-22,55.7,56.05,53.33,53.42,56.05,-2.63,-4.6922,67890.04,371656.851,1.5087,0.92,37.3175,4.9432,2403900.0
688578.SH,2024-11-25,53.05,55.88,53.05,54.39,53.42,0.97,1.8158,59046.73,320165.059,1.3121,0.75,37.9951,5.033,2447550.0
688578.SH,2024-11-26,54.29,58.44,54.12,56.74,54.39,2.35,4.3206,98281.29,560519.448,2.184,1.25,39.6368,5.2504,2553300.0
688578.SH,2024-11-27,56.81,58.17,56.16,57.87,56.74,1.13,1.9915,71892.53,412002.993,1.5976,0.81,40.4261,5.355,2604150.0
688578.SH,2024-11-28,57.68,59.16,57.49,57.73,57.87,-0.14,-0.2419,73730.8,430680.416,1.6385,0.98,40.3283,5.342,2597850.0
688578.SH,2024-11-29,57.59,61.66,57.57,61.13,57.73,3.4,5.8895,104419.11,627507.553,2.3204,1.41,42.7035,5.6567,2750850.0
688578.SH,2024-12-02,61.35,62.98,59.8,60.08,61.13,-1.05,-1.7177,88971.39,540375.503,1.9771,1.09,41.97,5.5595,2703600.0
688578.SH,2024-12-03,60.08,61.08,59.18,60.15,60.08,0.07,0.1165,58002.67,348732.045,1.2889,0.66,42.0189,5.566,2706750.0
688578.SH,2024-12-04,59.57,60.48,58.37,58.79,60.15,-1.36,-2.261,45573.04,270532.736,1.0127,0.57,41.0688,5.4401,2645550.0
688578.SH,2024-12-05,58.38,59.17,57.7,58.33,58.79,-0.46,-0.7824,42305.43,246580.081,0.9401,0.57,40.7475,5.3976,2624850.0
688578.SH,2024-12-06,58.22,59.17,57.72,58.15,58.33,-0.18,-0.3086,49190.56,286898.864,1.0931,0.72,40.6217,5.3809,2616750.0
688578.SH,2024-12-09,58.16,59.57,57.63,59.3,58.15,1.15,1.9776,60324.08,354646.906,1.3405,1.06,41.4251,5.4873,2668500.0
688578.SH,2024-12-10,60.86,62.5,60.0,60.08,59.3,0.78,1.3153,74737.91,457645.446,1.6608,1.46,41.97,5.5595,2703600.0
688578.SH,2024-12-11,60.08,64.32,59.8,63.43,60.08,3.35,5.5759,86313.59,544303.047,1.9181,1.59,44.3102,5.8695,2854350.0
688578.SH,2024-12-12,63.58,63.86,61.76,62.24,63.43,-1.19,-1.8761,60759.82,379960.32,1.3502,0.97,43.4789,5.7594,2800800.0
688578.SH,2024-12-13,61.97,66.93,61.87,64.38,62.24,2.14,3.4383,135240.47,874393.655,3.0053,2.04,44.9738,5.9574,2897100.0
688578.SH,2024-12-16,64.37,64.96,62.58,63.16,64.38,-1.22,-1.895,64095.21,406761.696,1.4243,0.77,44.1216,5.8445,2842200.0
688578.SH,2024-12-17,63.16,63.72,61.9,62.59,63.16,-0.57,-0.9025,46641.36,291983.588,1.0365,0.55,43.7234,5.7918,2816550.0
688578.SH,2024-12-18,62.68,63.17,61.59,62.32,62.59,-0.27,-0.4314,34435.31,214877.194,0.7652,0.44,43.5348,5.7668,2804400.0
688578.SH,2024-12-19,62.0,64.0,61.81,62.98,62.32,0.66,1.0591,43386.67,273316.757,0.9641,0.64,43.9958,5.8279,2834100.0
688578.SH,2024-12-20,62.8,63.7,61.14,61.59,62.98,-1.39,-2.207,54366.89,338545.946,1.2082,0.84,43.0248,5.6992,2771550.0
688578.SH,2024-12-23,61.5,61.95,60.18,60.68,61.59,-0.91,-1.4775,49553.37,301646.021,1.1012,1.02,42.3891,5.615,2730600.0
688578.SH,2024-12-24,60.93,62.18,60.69,61.7,60.68,1.02,1.6809,36586.15,225907.67,0.813,0.8,43.1017,5.7094,2776500.0
688578.SH,2024-12-25,63.0,63.17,60.98,61.4,61.7,-0.3,-0.4862,37747.96,234581.108,0.8388,0.86,42.8921,5.6817,2763000.0
688578.SH,2024-12-26,61.35,61.69,60.0,61.14,61.4,-0.26,-0.4235,41710.2,253614.531,0.9269,0.94,42.7105,5.6576,2751300.0
688578.SH,2024-12-27,61.16,61.52,60.39,61.02,61.14,-0.12,-0.1963,31248.92,190578.759,0.6944,0.71,42.6266,5.6465,2745900.0
688578.SH,2024-12-30,61.22,61.95,60.14,61.03,61.02,0.01,0.0164,31974.94,195385.167,0.7106,0.81,42.6336,5.6474,2746350.0
688578.SH,2024-12-31,61.02,61.8,59.68,59.9,61.03,-1.13,-1.8515,35033.29,212006.466,0.7785,0.98,41.8442,5.5428,2695500.0
688578.SH,2025-01-02,59.8,60.56,58.66,59.2,59.9,-0.7,-1.1686,40410.91,240570.424,0.898,1.14,41.3552,5.4781,2664000.0
688578.SH,2025-01-03,59.2,60.41,58.61,58.93,59.2,-0.27,-0.4561,35095.66,208628.872,0.7799,0.97,41.1666,5.4531,2651850.0
688578.SH,2025-01-06,59.02,59.48,57.2,57.7,58.93,-1.23,-2.0872,52361.05,304470.766,1.1636,1.51,40.3074,5.3393,2596500.0
688578.SH,2025-01-07,57.55,58.8,57.03,58.7,57.7,1.0,1.7331,34241.44,199238.323,0.7609,0.88,41.0059,5.4318,2641500.0
688578.SH,2025-01-08,58.43,59.36,57.31,59.06,58.7,0.36,0.6133,36894.86,215217.051,0.8199,0.94,41.2574,5.4651,2657700.0
688578.SH,2025-01-09,59.0,60.5,58.12,58.12,59.06,-0.94,-1.5916,33337.71,197710.699,0.7408,0.84,40.6008,5.3781,2615400.0
688578.SH,2025-01-10,58.1,60.39,57.65,58.73,58.12,0.61,1.0496,41309.69,244336.574,0.918,1.08,41.0269,5.4346,2642850.0
688578.SH,2025-01-13,58.5,61.14,58.28,59.2,58.73,0.47,0.8003,50347.57,300971.914,1.1188,1.27,41.3552,5.4781,2664000.0
688578.SH,2025-01-14,59.52,64.28,58.91,63.99,59.2,4.79,8.0912,71152.86,445132.31,1.5812,1.81,44.7014,5.9213,2879550.0
688578.SH,2025-01-15,63.84,65.17,63.64,63.86,63.99,-0.13,-0.2032,40882.55,262556.367,0.9085,0.88,44.6106,5.9093,2873700.0
688578.SH,2025-01-16,63.97,65.59,63.79,65.0,63.86,1.14,1.7852,50495.97,327347.452,1.1221,1.07,45.4069,6.0148,2925000.0
688578.SH,2025-01-17,64.75,70.58,64.58,69.62,65.0,4.62,7.1077,82692.18,564511.565,1.8376,1.63,48.6343,6.4423,3132900.0
688578.SH,2025-01-20,70.47,71.18,69.45,70.46,69.62,0.84,1.2065,70663.42,497183.083,1.5703,1.2,49.2211,6.52,3170700.0
688578.SH,2025-01-21,67.0,68.52,64.03,65.85,70.46,-4.61,-6.5427,134995.41,889405.415,2.9999,2.14,46.0007,6.0934,2963250.0
688578.SH,2025-01-22,65.99,68.88,65.0,68.7,65.85,2.85,4.328,75021.65,506080.668,1.6671,0.99,47.9916,6.3572,3091500.0
688578.SH,2025-01-23,69.48,70.0,67.86,68.75,68.7,0.05,0.0728,55858.62,385667.409,1.2413,0.67,48.0266,6.3618,3093750.0
688578.SH,2025-01-24,68.02,69.58,67.26,67.46,68.75,-1.29,-1.8764,52132.18,353702.547,1.1585,0.62,47.1254,6.2424,3035700.0
688578.SH,2025-01-27,67.77,69.06,67.08,68.33,67.46,0.87,1.2897,44435.63,303476.184,0.9875,0.57,47.7332,6.3229,3074850.0
688578.SH,2025-02-05,68.32,70.54,67.25,70.05,68.33,1.72,2.5172,62440.59,434364.171,1.3876,0.86,48.9347,6.4821,3152250.0
688578.SH,2025-02-06,69.6,72.2,69.6,71.8,70.05,1.75,2.4982,50742.4,362170.287,1.1276,0.88,50.1572,6.644,3231000.0
688578.SH,2025-02-07,71.8,72.26,70.2,71.6,71.8,-0.2,-0.2786,59870.89,427103.302,1.3305,1.13,50.0175,6.6255,3222000.0
688578.SH,2025-02-10,71.58,71.58,68.17,68.3,71.6,-3.3,-4.6089,65504.95,451864.978,1.4557,1.21,47.7122,6.3201,3073500.0
688578.SH,2025-02-11,68.4,70.17,67.7,69.86,68.3,1.56,2.284,44131.76,304797.058,0.9807,0.78,48.802,6.4645,3143700.0
688578.SH,2025-02-12,69.02,71.58,69.02,71.13,69.86,1.27,1.8179,37102.07,262317.502,0.8245,0.66,49.6892,6.582,3200850.0
688578.SH,2025-02-13,70.9,71.51,68.64,68.68,71.13,-2.45,-3.4444,34823.39,242671.572,0.7739,0.68,47.9777,6.3553,3090600.0
688578.SH,2025-02-14,68.41,69.78,67.98,68.6,68.68,-0.08,-0.1165,38851.83,267533.301,0.8634,0.8,47.9218,6.3479,3087000.0
688578.SH,2025-02-17,68.46,69.1,67.6,69.03,68.6,0.43,0.6268,42379.08,289732.304,0.9418,0.96,48.2222,6.3877,3106350.0
688578.SH,2025-02-18,68.31,71.34,67.9,69.2,69.03,0.17,0.2463,46135.75,322121.823,1.0252,1.17,48.3409,6.4034,3114000.0
688578.SH,2025-02-19,68.99,70.93,68.85,69.8,69.2,0.6,0.8671,33899.35,237743.129,0.7533,0.85,48.7601,6.4589,3141000.0
688578.SH,2025-02-20,70.0,72.11,69.81,71.88,69.8,2.08,2.9799,46024.36,326835.87,1.0228,1.17,50.2131,6.6514,3234600.0
688578.SH,2025-02-21,72.24,75.55,71.89,74.75,71.88,2.87,3.9928,55173.9,408406.017,1.2261,1.33,52.218,6.917,3363750.0
688578.SH,2025-02-24,74.7,78.4,74.14,77.88,74.75,3.13,4.1873,65535.17,505793.653,1.4563,1.47,54.4045,7.2066,3504600.0
688578.SH,2025-02-25,77.14,78.74,75.41,76.3,77.88,-1.58,-2.0288,50060.69,382068.021,1.1125,1.01,53.3007,7.0604,3433500.0
688578.SH,2025-02-26,76.3,79.18,74.81,78.15,76.3,1.85,2.4246,51779.09,402254.82,1.1506,1.03,54.5931,6.6641,3516750.0
688578.SH,2025-02-27,78.0,79.88,76.17,79.82,78.15,1.67,2.1369,57810.69,453485.104,1.2847,1.08,55.7597,6.8065,3591900.0
688578.SH,2025-02-28,79.0,81.3,78.0,78.36,79.82,-1.46,-1.8291,63594.45,503039.574,1.4132,1.13,54.7398,6.682,3526200.0
688578.SH,2025-03-03,78.38,79.58,77.21,78.48,78.36,0.12,0.1531,53576.64,421282.022,1.1906,0.93,54.8236,6.6923,3531600.0
688578.SH,2025-03-04,77.97,79.29,77.02,78.0,78.48,-0.48,-0.6116,36580.4,286375.142,0.8129,0.66,54.4883,6.6513,3510000.0
688578.SH,2025-03-05,78.07,79.85,77.1,79.49,78.0,1.49,1.9103,41091.66,322970.689,0.9131,0.78,55.5292,6.7784,3577050.0
688578.SH,2025-03-06,80.0,85.77,79.6,84.74,79.49,5.25,6.6046,73716.51,612228.849,1.6381,1.46,59.1967,7.2261,3813300.0
688578.SH,2025-03-07,84.74,85.27,82.3,82.78,84.74,-1.96,-2.313,44090.4,367663.713,0.9798,0.82,57.8275,7.0589,3725100.0
688578.SH,2025-03-10,82.9,83.19,77.32,80.34,82.78,-2.44,-2.9476,80686.0,637209.9,1.793,1.62,56.123,6.8509,3615300.0
688578.SH,2025-03-11,78.05,80.0,77.54,78.85,80.34,-1.49,-1.8546,52913.2,415692.564,1.1758,0.96,55.0821,6.7238,3548250.0
688578.SH,2025-03-12,78.88,79.0,77.32,77.32,78.85,-1.53,-1.9404,48976.62,382129.61,1.0884,0.84,54.0133,6.5933,3479400.0
688578.SH,2025-03-13,77.51,77.98,74.27,74.44,77.32,-2.88,-3.7248,79005.64,599045.333,1.7557,1.32,52.0014,6.3478,3349800.0
688578.SH,2025-03-14,75.0,75.2,72.38,73.6,74.44,-0.84,-1.1284,162994.42,1201538.278,3.6221,2.67,51.4146,6.2761,3312000.0
688578.SH,2025-03-17,73.99,75.44,73.53,74.6,73.6,1.0,1.3587,78208.77,583189.426,1.738,0.92,52.1132,6.3614,3357000.0
688578.SH,2025-03-18,74.88,78.31,74.69,76.86,74.6,2.26,3.0295,69023.65,532507.594,1.5339,0.82,53.6919,6.5541,3458700.0
688578.SH,2025-03-19,76.5,79.2,76.4,78.17,76.86,1.31,1.7044,52628.24,411164.652,1.1695,0.6,54.6071,6.6658,3517650.0
688578.SH,2025-03-20,78.17,80.18,77.79,78.6,78.17,0.43,0.5501,44612.75,352090.862,0.9914,0.5,54.9075,6.7025,3537000.0
688578.SH,2025-03-21,78.6,78.9,75.81,76.98,78.6,-1.62,-2.0611,41440.89,319768.366,0.9209,0.51,53.7758,6.5644,3464100.0
688578.SH,2025-03-24,77.1,77.88,76.51,77.7,76.98,0.72,0.9353,33379.07,257239.364,0.7418,0.58,54.2787,6.6257,3496500.0
688578.SH,2025-03-25,77.69,80.76,77.34,80.04,77.7,2.34,3.0116,50127.48,400276.544,1.1139,1.04,55.9134,6.8253,3601800.0
688578.SH,2025-03-26,79.35,80.96,78.58,80.31,80.04,0.27,0.3373,34037.38,272057.532,0.7564,0.77,56.102,6.8483,3613950.0
688578.SH,2025-03-27,80.22,85.58,79.66,84.21,80.31,3.9,4.8562,67613.07,566020.843,1.5025,1.66,58.8264,7.1809,3789450.0
688578.SH,2025-03-28,84.31,87.18,83.72,85.63,84.21,1.42,1.6863,53656.41,460614.952,1.1924,1.18,59.8184,7.302,3853350.0
688578.SH,2025-03-31,85.6,86.44,83.98,85.3,85.63,-0.33,-0.3854,43453.52,369324.612,0.9656,0.91,59.5879,7.2738,3838500.0
688578.SH,2025-04-01,85.0,89.36,83.86,88.76,85.3,3.46,4.0563,64898.82,568464.612,1.4422,1.3,62.0049,7.5689,3994200.0
688578.SH,2025-04-02,88.17,91.87,87.62,90.27,88.76,1.51,1.7012,49117.89,442154.623,1.0915,0.93,63.0597,7.6976,4062150.0
688578.SH,2025-04-03,89.92,91.86,87.88,89.36,90.27,-0.91,-1.0081,44208.09,396407.897,0.9824,0.79,62.424,7.62,4021200.0
688578.SH,2025-04-07,84.5,87.8,79.01,83.57,89.36,-5.79,-6.4794,104974.17,885044.573,2.3328,2.06,58.3793,7.1263,3760650.0
688578.SH,2025-04-08,83.57,84.5,79.69,81.2,83.57,-2.37,-2.8359,89383.54,730538.834,1.9863,1.46,56.7237,6.9242,3654000.0
688578.SH,2025-04-09,79.3,83.18,75.56,80.71,81.2,-0.49,-0.6034,81621.21,653357.711,1.8138,1.16,56.3814,6.8824,3631950.0
688578.SH,2025-04-10,81.6,87.0,81.6,85.76,80.71,5.05,6.257,67567.8,578474.626,1.5015,0.91,59.9092,7.3131,3859200.0
688578.SH,2025-04-11,85.5,88.2,85.2,87.45,85.76,1.69,1.9706,51457.4,447780.088,1.1435,0.66,61.0898,7.4572,3935250.0
688578.SH,2025-04-14,87.51,89.28,86.2,87.8,87.45,0.35,0.4002,34732.61,304963.131,0.7718,0.44,61.3343,7.487,3951000.0
688578.SH,2025-04-15,87.77,87.83,85.32,86.63,87.8,-1.17,-1.3326,31460.74,271950.882,0.6991,0.48,60.517,7.3872,3898350.0
688578.SH,2025-04-16,86.01,86.97,85.04,85.95,86.63,-0.68,-0.7849,21950.03,188628.457,0.4878,0.41,60.0419,7.3293,3867750.0
688578.SH,2025-04-17,85.44,86.94,84.88,85.05,85.95,-0.9,-1.0471,24360.74,209011.681,0.5413,0.59,59.4132,7.2525,3827250.0
688578.SH,2025-04-18,85.4,86.8,85.01,85.2,85.05,0.15,0.1764,23356.45,200480.789,0.519,0.71,59.518,7.2653,3834000.0
688578.SH,2025-04-21,85.0,89.58,84.81,89.11,85.2,3.91,4.5892,40457.05,356500.283,0.899,1.49,62.2494,7.5987,4009950.0
688578.SH,2025-04-22,89.09,91.66,88.47,90.15,89.11,1.04,1.1671,41285.75,372024.664,0.9175,1.46,62.9759,7.6874,4056750.0
688578.SH,2025-04-23,90.15,91.6,85.62,86.75,90.15,-3.4,-3.7715,58764.54,515583.816,1.3059,1.94,60.6008,7.3975,3903750.0
688578.SH,2025-04-24,86.33,91.4,86.18,89.13,86.75,2.38,2.7435,57876.43,518209.637,1.2861,1.54,28.0509,7.115,4010850.0
688578.SH,2025-04-25,89.66,89.9,84.1,86.03,89.13,-3.1,-3.4781,56785.83,490771.521,1.2619,1.28,27.0753,6.8675,3871350.0
688578.SH,2025-04-28,85.39,86.79,83.58,85.33,86.03,-0.7,-0.8137,47517.28,406654.527,1.0559,0.93,26.855,6.8116,3839850.0
688578.SH,2025-04-29,85.32,86.55,84.48,84.65,85.33,-0.68,-0.7969,35178.97,300047.945,0.7818,0.67,26.641,6.7573,3809250.0
688578.SH,2025-04-30,84.98,88.15,84.15,87.32,84.65,2.67,3.1542,46541.68,403099.539,1.0343,0.91,27.4813,6.9705,3929400.0
688578.SH,2025-05-06,87.58,87.88,84.8,85.72,87.32,-1.6,-1.8323,48089.72,413268.508,1.0687,0.99,26.9777,6.8428,3857400.0
688578.SH,2025-05-07,85.78,87.18,84.1,84.59,85.72,-1.13,-1.3182,43024.66,366993.309,0.9561,0.92,26.6221,6.7526,3806550.0
688578.SH,2025-05-08,84.76,85.1,82.21,84.61,84.59,0.02,0.0236,36027.66,302696.734,0.8006,0.82,26.6284,6.7542,3807450.0
688578.SH,2025-05-09,84.37,85.84,84.04,84.99,84.61,0.38,0.4491,37532.57,319476.804,0.8341,0.9,26.748,6.7845,3824550.0
688578.SH,2025-05-12,84.21,84.98,80.53,84.08,84.99,-0.91,-1.0707,47062.67,393064.697,1.0458,1.11,26.4616,6.7118,3783600.0
688578.SH,2025-05-13,85.26,85.74,83.67,83.93,84.08,-0.15,-0.1784,26859.78,227116.85,0.5969,0.63,26.4144,6.6999,3776850.0
688578.SH,2025-05-14,83.97,84.5,82.61,83.4,83.93,-0.53,-0.6315,26450.48,221082.501,0.5878,0.69,26.2476,6.6576,3753000.0
688578.SH,2025-05-15,83.51,84.49,83.4,83.66,83.4,0.26,0.3118,19874.47,166948.118,0.4417,0.57,26.3294,6.6783,3764700.0
688578.SH,2025-05-16,83.7,85.6,82.96,84.31,83.66,0.65,0.777,22360.05,188902.986,0.4969,0.71,26.534,6.7302,3793950.0
688578.SH,2025-05-19,84.37,85.83,82.85,84.55,84.31,0.24,0.2847,30922.71,260112.682,0.6872,1.08,26.6095,6.7494,3804750.0
688578.SH,2025-05-20,84.99,86.18,84.38,84.8,84.55,0.25,0.2957,36437.66,310469.033,0.8097,1.44,26.6882,6.7693,3816000.0
688578.SH,2025-05-21,84.8,88.5,84.08,88.28,84.8,3.48,4.1038,46516.7,405402.597,1.0337,1.71,27.7834,7.0471,3972600.0
688578.SH,2025-05-22,88.2,89.31,86.35,87.31,88.28,-0.97,-1.0988,37476.73,328884.224,0.8328,1.2,27.4781,6.9697,3928950.0
688578.SH,2025-05-23,88.35,88.98,86.2,86.29,87.31,-1.02,-1.1683,38701.81,336858.891,0.86,1.11,27.1571,6.8883,3883050.0
688578.SH,2025-05-26,86.51,88.39,85.58,85.9,86.29,-0.39,-0.452,29426.25,255169.155,0.6539,0.77,27.0344,6.8571,3865500.0
688578.SH,2025-05-27,85.89,87.74,85.41,85.97,85.9,0.07,0.0815,26104.66,225867.506,0.5801,0.69,27.0564,6.8627,3868650.0
688578.SH,2025-05-28,86.12,91.28,86.12,90.38,85.97,4.41,5.1297,62613.25,561516.912,1.3914,1.76,28.4443,7.2148,4067100.0
688578.SH,2025-05-29,90.0,96.97,89.91,95.6,90.38,5.22,5.7756,56809.16,536818.663,1.2624,1.46,30.0871,7.6315,4302000.0
688578.SH,2025-05-30,95.0,99.5,95.0,98.0,95.6,2.4,2.5105,66474.17,649116.986,1.4772,1.56,30.8425,7.823,4410000.0
688578.SH,2025-06-03,98.01,98.1,94.5,95.46,97.6,-2.14,-2.1926,62887.14,603275.4,1.3975,1.3,30.0431,7.8716,4295700.0
688578.SH,2025-06-04,95.48,98.58,94.6,96.35,95.46,0.89,0.9323,46918.54,454144.28,1.0426,0.85,30.3232,7.945,4335750.0
688578.SH,2025-06-05,96.35,96.82,93.77,94.48,96.35,-1.87,-1.9408,49933.19,472683.36,1.1096,0.84,29.7346,7.7908,4251600.0
688578.SH,2025-06-06,94.95,95.18,92.65,94.3,94.48,-0.18,-0.1905,37259.34,349063.604,0.828,0.66,29.678,7.776,4243500.0
688578.SH,2025-06-09,95.01,99.99,95.01,96.0,94.3,1.7,1.8028,63157.8,617219.72,1.4035,1.2,30.213,7.9162,4320000.0
688578.SH,2025-06-10,96.9,97.04,93.73,94.97,96.0,-1.03,-1.0729,45450.76,431853.955,1.01,0.87,29.8889,7.8312,4273650.0
688578.SH,2025-06-11,94.25,95.27,92.8,93.6,94.97,-1.37,-1.4426,34640.16,324813.343,0.7698,0.71,29.4577,7.7182,4212000.0
688578.SH,2025-06-12,93.8,96.3,93.1,96.01,93.6,2.41,2.5748,36330.15,344680.646,0.8073,0.79,30.2162,7.917,4320450.0
688578.SH,2025-06-13,94.61,96.22,93.9,95.35,96.01,-0.66,-0.6874,47278.03,448213.064,1.0506,1.09,30.0085,7.8626,4290750.0
688578.SH,2025-06-16,95.85,97.09,93.18,94.0,95.35,-1.35,-1.4158,38884.36,368732.126,0.8641,0.86,29.5836,7.7512,4230000.0
688578.SH,2025-06-17,94.51,95.54,91.51,91.86,94.0,-2.14,-2.2766,41829.1,388946.226,0.9295,1.03,28.9101,7.5748,4133700.0
688578.SH,2025-06-18,91.51,94.22,91.22,93.6,91.86,1.74,1.8942,27841.67,258579.607,0.6187,0.7,29.4577,7.7182,4212000.0
688578.SH,2025-06-19,93.78,94.77,91.38,91.75,93.6,-1.85,-1.9765,23935.0,221790.736,0.5319,0.62,28.8755,7.5657,4128750.0
688578.SH,2025-06-20,92.31,93.22,91.41,92.47,91.75,0.72,0.7847,18187.5,168505.687,0.4042,0.51,29.1021,7.6251,4161150.0
688578.SH,2025-06-23,92.01,94.32,90.7,93.53,92.47,1.06,1.1463,28277.31,261732.863,0.6284,0.94,29.4357,7.7125,4208850.0
688578.SH,2025-06-24,93.6,97.8,93.6,95.65,93.53,2.12,2.2667,42622.72,408819.051,0.9472,1.52,30.1029,7.8873,4304250.0
688578.SH,2025-06-25,96.23,96.47,94.0,94.59,95.65,-1.06,-1.1082,27920.39,264535.499,0.6205,0.99,29.7693,7.7999,4256550.0
688578.SH,2025-06-26,94.01,94.1,91.6,93.05,94.59,-1.54,-1.6281,27683.79,256413.523,0.6152,0.98,29.2846,7.6729,4187250.0
688578.SH,2025-06-27,93.05,94.78,92.02,93.09,93.05,0.04,0.043,24590.64,228911.865,0.5465,0.85,29.2972,7.6762,4189050.0
688578.SH,2025-06-30,93.48,93.74,92.1,93.04,93.09,-0.05,-0.0537,24949.83,231964.035,0.5544,0.83,29.2815,7.6721,4186800.0
688578.SH,2025-07-01,93.66,97.19,93.07,97.11,93.04,4.07,4.3745,48159.32,461349.928,1.0702,1.63,30.5624,8.0077,4369950.0
688578.SH,2025-07-02,96.68,97.2,93.44,94.37,97.11,-2.74,-2.8215,38414.46,364822.387,0.8537,1.25,29.7,7.7817,4246650.0
688578.SH,2025-07-03,94.82,95.66,93.95,94.62,94.37,0.25,0.2649,24853.74,235204.075,0.5523,0.76,29.7787,7.8024,4257900.0
688578.SH,2025-07-04,94.85,96.33,93.77,94.61,94.62,-0.01,-0.0106,30543.54,290103.422,0.6787,0.95,29.7756,7.8015,4257450.0
688578.SH,2025-07-07,94.32,95.7,92.0,92.24,94.61,-2.37,-2.505,35613.38,331760.172,0.7914,1.07,29.0297,7.6061,4150800.0
688578.SH,2025-07-08,92.0,93.36,90.38,92.32,92.24,0.08,0.0867,40774.83,373333.311,0.9061,1.15,29.0549,7.6127,4154400.0
688578.SH,2025-07-09,92.0,94.28,91.5,92.87,92.32,0.55,0.5958,31157.0,290503.533,0.6924,0.92,29.228,7.6581,4179150.0
688578.SH,2025-07-10,93.18,94.88,92.66,94.17,92.87,1.3,1.3998,24809.59,233197.764,0.5513,0.76,29.6371,7.7653,4237650.0
688578.SH,2025-07-11,94.18,96.35,93.5,94.81,94.17,0.64,0.6796,29549.0,282017.794,0.6566,0.91,29.8385,7.818,4266450.0
688578.SH,2025-07-14,94.89,99.48,94.43,98.99,94.81,4.18,4.4088,60432.19,592408.025,1.3429,1.87,31.154,8.1627,4454550.0
688578.SH,2025-07-15,98.99,99.8,97.41,99.48,98.99,0.49,0.495,48946.46,482530.283,1.0877,1.31,31.3082,8.2031,4476600.0
688578.SH,2025-07-16,99.95,100.99,97.74,98.02,99.48,-1.46,-1.4676,29775.71,294084.2,0.6617,0.76,30.8488,8.0827,4410900.0
688578.SH,2025-07-17,97.89,100.2,97.89,99.01,98.02,0.99,1.01,39988.17,396434.621,0.8886,1.03,31.1603,8.1644,4455450.0
688578.SH,2025-07-18,99.01,100.5,97.51,99.11,99.01,0.1,0.101,40440.66,400958.219,0.8987,0.97,31.1918,8.1726,4459950.0
688578.SH,2025-07-21,98.8,98.9,94.0,95.95,99.11,-3.16,-3.1884,57722.65,552478.305,1.2827,1.31,30.1973,7.912,4317750.0
688578.SH,2025-07-22,95.5,98.11,94.9,96.0,95.95,0.05,0.0521,35642.14,343958.97,0.792,0.82,30.213,7.9162,4320000.0
688578.SH,2025-07-23,96.6,97.14,95.05,96.06,96.0,0.06,0.0625,25838.43,249133.588,0.5742,0.63,30.2319,7.9211,4322700.0
688578.SH,2025-07-24,96.31,97.06,95.56,96.18,96.06,0.12,0.1249,28830.54,277730.757,0.6407,0.72,30.2697,7.931,4328100.0
688578.SH,2025-07-25,96.0,98.18,95.27,96.16,96.18,-0.02,-0.0208,30717.11,297071.616,0.6826,0.81,30.2634,7.9293,4327200.0
688578.SH,2025-07-28,96.97,102.14,96.12,101.91,96.16,5.75,5.9796,59852.13,594602.828,1.33,1.67,32.073,8.4035,4585950.0
688578.SH,2025-07-29,101.98,103.0,99.18,100.68,101.91,-1.23,-1.2069,42018.79,421742.326,0.9338,1.16,31.6859,8.3021,4530600.0
688578.SH,2025-07-30,99.91,100.68,97.35,98.22,100.68,-2.46,-2.4434,40815.83,404295.322,0.907,1.09,30.9117,8.0992,4419900.0
688578.SH,2025-07-31,97.89,99.12,97.0,97.2,98.22,-1.02,-1.0385,37874.62,371190.95,0.8417,0.94,30.5907,8.0151,4374000.0
688578.SH,2025-08-01,97.2,100.2,96.46,98.48,97.2,1.28,1.3169,39690.9,391075.13,0.882,0.94,30.9935,8.1207,4431600.0
688578.SH,2025-08-04,98.08,99.15,96.88,98.67,98.48,0.19,0.1929,34248.69,334871.723,0.7611,0.78,31.0533,8.1363,4440150.0
688578.SH,2025-08-05,98.38,100.16,97.91,99.77,98.67,1.1,1.1148,33773.51,334348.142,0.7505,0.87,31.3995,8.227,4489650.0
688578.SH,2025-08-06,99.77,100.77,98.68,99.41,99.77,-0.36,-0.3608,25600.36,254917.999,0.5689,0.69,31.2862,8.1973,4473450.0
688578.SH,2025-08-07,99.2,100.2,94.5,95.19,99.41,-4.22,-4.245,56547.5,546238.143,1.2566,1.65,29.9581,7.8494,4283550.0
688578.SH,2025-08-08,94.38,95.68,94.24,94.51,95.19,-0.68,-0.7144,24579.9,233326.323,0.5462,0.65,29.7441,7.7933,4252950.0
688578.SH,2025-08-11,92.0,92.72,89.98,90.13,94.51,-4.38,-4.6344,95288.34,867277.557,2.1175,2.73,28.3656,7.4321,4055850.0
688578.SH,2025-08-12,90.0,90.56,88.58,89.47,90.13,-0.66,-0.7323,45616.49,407918.663,1.0137,0.97,28.1579,7.3777,4026150.0
688578.SH,2025-08-13,89.4,90.99,89.04,89.64,89.47,0.17,0.19,50742.58,456189.047,1.1276,1.02,28.2114,7.3917,4033800.0
688578.SH,2025-08-14,90.0,91.75,89.41,90.01,89.64,0.37,0.4128,49262.52,446202.484,1.0947,0.9,28.3279,7.4222,4050450.0
688578.SH,2025-08-15,90.01,91.96,88.8,91.47,90.01,1.46,1.622,42728.33,388429.853,0.9495,0.8,28.7873,7.5426,4116150.0
688578.SH,2025-08-18,91.48,92.7,90.59,91.51,91.47,0.04,0.0437,55500.81,507858.007,1.2334,0.98,28.7999,7.5459,4117950.0
688578.SH,2025-08-19,91.51,92.88,89.91,89.99,91.51,-1.52,-1.661,47412.41,431796.199,1.0536,0.97,28.3216,7.4206,4049550.0
688578.SH,2025-08-20,89.86,90.57,88.8,90.32,89.99,0.33,0.3667,40383.1,362003.204,0.8974,0.82,28.4254,7.4478,4064400.0
688578.SH,2025-08-21,90.6,90.68,89.01,89.8,90.32,-0.52,-0.5757,31805.38,286316.155,0.7068,0.68,28.2618,7.4049,4041000.0
688578.SH,2025-08-22,90.15,90.76,89.33,90.75,89.8,0.95,1.0579,41697.08,375534.335,0.9266,0.96,28.5607,7.4832,4083750.0
688578.SH,2025-08-25,91.67,95.59,91.67,93.78,90.75,3.03,3.3388,75365.56,707080.297,1.6748,1.74,29.5143,7.7331,4220100.0
688578.SH,2025-08-26,94.1,95.2,92.9,95.14,93.78,1.36,1.4502,78186.57,738268.359,1.7375,1.65,29.9424,7.8452,4281300.0
688578.SH,2025-08-27,99.99,114.17,99.99,111.31,95.14,16.17,16.996,215510.3,2395449.712,4.7891,4.03,35.0314,8.17,5008950.0
688578.SH,2025-08-28,111.31,115.77,109.15,113.32,111.31,2.01,1.8058,145759.81,1646206.25,3.2391,1.65,35.664,8.3175,5099400.0
688578.SH,2025-08-29,114.5,116.83,111.57,114.0,113.32,0.68,0.6001,109335.09,1248004.276,2.4297,0.98,35.878,8.3674,5130000.0
688578.SH,2025-09-01,113.5,122.2,112.01,116.98,114.0,2.98,2.614,144741.65,1705383.15,3.2165,1.16,36.8158,8.5861,5264100.0
688578.SH,2025-09-02,116.0,120.27,114.8,115.29,116.98,-1.69,-1.4447,110871.79,1299697.133,2.4638,0.8,36.284,8.4621,5188050.0
688578.SH,2025-09-03,115.0,120.1,114.88,118.3,115.29,3.01,2.6108,92419.93,1085973.463,2.0538,0.64,37.2313,8.683,5323500.0
688578.SH,2025-09-04,119.0,119.26,109.82,111.89,118.3,-6.41,-5.4184,102608.94,1173034.857,2.2802,0.85,35.2139,8.2125,5035050.0
688578.SH,2025-09-05,112.2,117.25,111.4,117.25,111.89,5.36,4.7904,71758.55,823082.751,1.5946,0.64,36.9008,8.6059,5276250.0
688578.SH,2025-09-08,117.24,117.97,113.68,115.33,117.25,-1.92,-1.6375,63191.23,731919.48,1.4042,0.6,36.2965,8.465,5189850.0
688578.SH,2025-09-09,114.0,119.18,114.0,115.35,115.33,0.02,0.0173,67971.74,793124.916,1.5105,0.77,36.3028,8.4665,5190750.0
688578.SH,2025-09-10,114.95,116.64,113.3,113.66,114.95,-1.29,-1.1222,46288.75,530366.534,1.0286,0.58,35.771,8.5948,5114700.0
688578.SH,2025-09-11,110.01,115.23,108.63,114.98,113.66,1.32,1.1614,71619.77,808178.304,1.5916,1.02,36.1864,8.6946,5174100.0
688578.SH,2025-09-12,115.06,115.94,112.77,113.78,114.98,-1.2,-1.0437,59755.64,681870.846,1.3279,0.93,35.8087,8.6039,5120100.0
688578.SH,2025-09-15,114.0,114.59,112.18,112.2,113.78,-1.58,-1.3886,46848.74,531606.527,1.0411,0.76,35.3115,8.4844,5049000.0
688578.SH,2025-09-16,112.19,113.39,109.9,110.36,112.2,-1.84,-1.6399,50464.63,560142.947,1.1214,0.86,34.7324,8.3452,4966200.0
688578.SH,2025-09-17,110.3,111.47,107.53,108.3,110.36,-2.06,-1.8666,51883.25,564613.405,1.153,0.94,34.0841,8.1895,4873500.0
688578.SH,2025-09-18,108.35,109.99,106.38,107.5,108.3,-0.8,-0.7387,60354.69,654158.023,1.3412,1.08,33.8323,8.129,4837500.0
688578.SH,2025-09-19,107.54,109.2,106.8,106.92,107.5,-0.58,-0.5395,42570.71,458429.375,0.946,0.79,33.6498,8.0851,4811400.0
688578.SH,2025-09-22,106.95,108.12,106.2,107.45,106.92,0.53,0.4957,46620.02,498947.663,1.036,0.92,33.8166,8.1252,4835250.0
688578.SH,2025-09-23,107.45,108.31,102.98,105.38,107.45,-2.07,-1.9265,55876.28,586787.103,1.2417,1.11,33.1651,7.9687,4742100.0
688578.SH,2025-09-24,105.3,108.86,104.99,107.99,105.38,2.61,2.4768,47164.12,505359.595,1.0481,0.92,33.9865,8.166,4859550.0
688578.SH,2025-09-25,108.9,111.19,108.9,110.15,107.99,2.16,2.0002,52918.8,582781.239,1.176,1.05,34.6663,8.3294,4956750.0
688578.SH,2025-09-26,109.05,109.5,106.9,107.33,110.15,-2.82,-2.5601,41521.25,448765.894,0.9227,0.85,33.7788,8.1161,4829850.0
688578.SH,2025-09-29,107.85,107.95,103.87,105.85,107.33,-1.48,-1.3789,48775.81,512909.381,1.0839,1.0,33.313,8.0042,4763250.0
688578.SH,2025-09-30,105.8,110.24,105.3,110.24,105.85,4.39,4.1474,53976.64,584365.718,1.1995,1.1,34.6946,8.3362,4960800.0
688578.SH,2025-10-09,111.0,111.0,104.37,107.09,110.24,-3.15,-2.8574,62761.87,668814.03,1.3947,1.28,33.7033,8.098,4819050.0
688578.SH,2025-10-10,106.56,106.75,103.89,104.08,107.09,-3.01,-2.8107,44196.87,464578.669,0.9822,0.85,32.756,7.8704,4683600.0
688578.SH,2025-10-13,101.1,106.52,101.0,102.72,104.08,-1.36,-1.3067,40650.23,421398.173,0.9033,0.81,32.3279,7.7675,4622400.0
688578.SH,2025-10-14,103.01,104.29,101.82,102.08,102.72,-0.64,-0.6231,37474.45,384859.129,0.8328,0.75,32.1265,7.7191,4593600.0
688578.SH,2025-10-15,102.71,107.14,101.55,106.26,102.08,4.18,4.0948,47259.77,496865.696,1.0502,0.99,33.442,8.0352,4781700.0
688578.SH,2025-10-16,106.03,109.0,105.6,105.8,106.26,-0.46,-0.4329,40338.02,431958.765,0.8964,0.87,33.2973,8.0004,4761000.0
688578.SH,2025-10-17,106.66,106.99,104.01,104.07,105.8,-1.73,-1.6352,28660.99,301404.483,0.6369,0.68,32.7528,7.8696,4683150.0
688578.SH,2025-10-20,105.8,106.02,102.66,103.35,104.07,-0.72,-0.6918,30299.69,314184.377,0.6733,0.78,32.5262,7.8152,4650750.0
688578.SH,2025-10-21,103.34,104.4,102.58,103.92,103.35,0.57,0.5515,26366.33,272647.906,0.5859,0.72,32.7056,7.8583,4676400.0
688578.SH,2025-10-22,103.93,107.35,103.6,105.28,103.92,1.36,1.3087,35588.24,375973.736,0.7908,1.03,33.1336,7.9611,4737600.0
688578.SH,2025-10-23,104.87,106.25,103.0,105.0,105.28,-0.28,-0.266,24271.17,253073.025,0.5394,0.75,33.0455,7.9399,4725000.0
688578.SH,2025-10-24,105.49,107.79,104.5,107.05,105.0,2.05,1.9524,36150.64,385374.72,0.8033,1.24,33.6907,8.0949,4817250.0
688578.SH,2025-10-27,108.1,113.88,108.01,113.22,107.05,6.17,5.7637,63653.32,711979.568,1.4145,2.08,35.6325,8.5615,5094900.0
688578.SH,2025-10-28,113.25,114.89,111.26,114.16,113.22,0.94,0.8302,51102.52,578811.467,1.1356,1.37,35.9283,8.6326,5137200.0
688578.SH,2025-10-29,114.0,114.0,105.83,109.99,114.16,-4.17,-3.6528,77870.39,844784.627,1.7305,1.85,34.6159,7.6161,4949550.0
688578.SH,2025-10-30,109.86,109.87,105.22,105.38,109.99,-4.61,-4.1913,54274.68,579372.309,1.2061,1.07,33.1651,7.2969,4742100.0
688578.SH,2025-10-31,105.53,109.48,105.17,107.55,105.38,2.17,2.0592,45677.15,490868.746,1.015,0.81,33.848,7.4471,4839750.0
688578.SH,2025-11-03,109.8,109.8,104.49,105.55,107.55,-2.0,-1.8596,55553.37,591748.901,1.2345,0.95,33.2186,7.3086,4749750.0
688578.SH,2025-11-04,105.85,105.85,99.22,101.88,105.55,-3.67,-3.477,64612.61,656246.829,1.4358,1.14,32.0636,7.0545,4584600.0
688578.SH,2025-11-05,100.0,102.35,99.51,100.99,101.88,-0.89,-0.8736,31044.17,312895.797,0.6899,0.52,31.7835,6.9929,4544550.0
688578.SH,2025-11-06,101.0,101.95,99.77,101.93,100.99,0.94,0.9308,33886.5,342280.822,0.753,0.67,32.0793,7.058,4586850.0
688578.SH,2025-11-07,101.93,102.49,100.46,101.0,101.93,-0.93,-0.9124,18923.56,191412.393,0.4205,0.41,31.7866,6.9936,4545000.0
688578.SH,2025-11-10,101.0,102.47,100.02,101.82,101.0,0.82,0.8119,30755.92,311742.038,0.6835,0.75,32.0447,7.0504,4581900.0
688578.SH,2025-11-11,101.76,102.2,99.99,100.54,101.82,-1.28,-1.2571,19317.89,194706.142,0.4293,0.54,31.6418,6.9617,4524300.0
688578.SH,2025-11-12,100.99,102.97,100.16,101.56,100.54,1.02,1.0145,31682.77,323191.999,0.7041,1.18,31.9629,7.0324,4570200.0
688578.SH,2025-11-13,102.13,103.08,101.2,102.1,101.56,0.54,0.5317,32608.09,333262.713,0.7246,1.21,32.1328,7.0698,4594500.0
688578.SH,2025-11-14,101.6,104.0,100.93,102.12,102.1,0.02,0.0196,30286.81,310417.047,0.673,1.14,32.1391,7.0711,4595400.0
688578.SH,2025-11-17,101.83,101.88,97.8,98.0,102.12,-4.12,-4.0345,41625.34,413104.503,0.925,1.44,30.8425,6.7859,4410000.0
688578.SH,2025-11-18,98.0,99.24,97.6,98.22,98.0,0.22,0.2245,24050.89,236500.242,0.5345,0.77,30.9117,6.8011,4419900.0
688578.SH,2025-11-19,98.04,98.99,96.4,96.86,98.22,-1.36,-1.3846,25351.11,245718.51,0.5634,0.79,30.4837,6.7069,4358700.0
688578.SH,2025-11-20,97.1,97.38,95.45,95.6,96.86,-1.26,-1.3008,24261.31,233281.394,0.5391,0.79,30.0871,6.6197,4302000.0
688578.SH,2025-11-21,95.7,97.36,94.84,95.49,95.6,-0.11,-0.1151,36886.17,354248.227,0.8197,1.27,30.0525,6.6121,4297050.0
688578.SH,2025-11-24,96.0,97.64,94.9,96.97,95.49,1.48,1.5499,30997.51,298957.54,0.6888,1.02,30.5183,6.7145,4363650.0
688578.SH,2025-11-25,97.07,99.96,96.33,97.66,96.97,0.69,0.7116,29274.42,287931.065,0.6505,1.03,30.7355,6.7623,4394700.0
688578.SH,2025-11-26,97.84,99.32,97.5,98.63,97.66,0.97,0.9932,27489.94,270804.498,0.6109,0.94,31.0407,6.8295,4438350.0
688578.SH,2025-11-27,98.45,98.8,97.2,97.68,98.63,-0.95,-0.9632,23219.96,227356.727,0.516,0.78,30.7417,6.7637,4395600.0
688578.SH,2025-11-28,97.7,98.3,97.12,98.29,97.68,0.61,0.6245,16433.79,160809.716,0.3652,0.56,30.9337,6.8059,4423050.0
688578.SH,2025-12-01,98.15,99.3,97.62,98.95,98.29,0.66,0.6715,29029.59,285962.331,0.6451,1.14,31.1414,6.8516,4452750.0
688578.SH,2025-12-02,98.53,99.28,96.52,96.7,98.95,-2.25,-2.2739,23216.34,225807.868,0.5159,0.93,30.4333,6.6958,4351500.0
688578.SH,2025-12-03,96.92,97.13,93.21,94.4,96.7,-2.3,-2.3785,37943.38,359545.752,0.8432,1.59,29.7095,6.5366,4248000.0
688578.SH,2025-12-04,94.74,96.18,94.01,95.9,94.4,1.5,1.589,24391.84,232809.55,0.542,0.94,30.1815,6.6405,4315500.0
688578.SH,2025-12-05,95.91,96.32,94.5,96.27,95.9,0.37,0.3858,21634.05,206262.976,0.4808,0.83,30.298,6.6661,4332150.0
688578.SH,2025-12-08,97.5,99.16,97.12,97.4,96.27,1.13,1.1738,27320.58,267823.836,0.6071,1.0,30.6536,6.7443,4383000.0
688578.SH,2025-12-09,98.03,99.18,97.66,98.5,97.4,1.1,1.1294,29341.09,289363.226,0.652,1.09,30.9998,6.8205,4432500.0
688578.SH,2025-12-10,98.1,99.36,97.42,99.13,98.5,0.63,0.6396,24617.46,242257.154,0.5471,0.88,31.1981,6.8641,4460850.0
688578.SH,2025-12-11,99.11,99.5,97.54,98.13,99.13,-1.0,-1.0088,25564.17,251361.141,0.5681,1.0,30.8834,6.7949,4415850.0
688578.SH,2025-12-12,97.5,100.5,97.16,99.14,98.13,1.01,1.0292,72419.05,715229.43,1.6093,2.82,31.2012,6.8648,4461300.0
688578.SH,2025-12-15,99.05,102.17,98.77,101.12,99.14,1.98,1.9972,36168.46,365014.883,0.8037,1.01,31.8244,7.0019,4550400.0
688578.SH,2025-12-16,101.45,102.0,99.81,100.59,101.12,-0.53,-0.5241,23356.25,235132.051,0.519,0.62,31.6576,6.9652,4526550.0
688578.SH,2025-12-17,100.28,101.29,98.85,100.6,100.59,0.01,0.0099,20934.41,209387.754,0.4652,0.57,31.6607,6.9659,4527000.0
688578.SH,2025-12-18,100.3,101.76,99.53,99.96,100.6,-0.64,-0.6362,15906.04,159771.136,0.3535,0.45,31.4593,6.9216,4498200.0
688578.SH,2025-12-19,100.18,103.68,99.82,103.05,99.96,3.09,3.0912,30565.53,313529.853,0.6792,0.91,32.4318,7.1355,4637250.0
688578.SH,2025-12-22,102.56,103.34,102.18,102.52,103.05,-0.53,-0.5143,19795.53,203589.411,0.4399,0.78,32.265,7.0988,4613400.0
688578.SH,2025-12-23,102.51,106.0,102.51,104.37,102.52,1.85,1.8045,30651.41,321460.797,0.6811,1.39,32.8472,7.2269,4696650.0
688578.SH,2025-12-24,104.22,105.6,103.76,105.1,104.37,0.73,0.6994,18678.17,195801.935,0.4151,0.79,33.077,7.2775,4729500.0
688578.SH,2025-12-25,104.93,105.99,104.54,105.4,105.1,0.3,0.2854,13139.43,138618.474,0.292,0.57,33.1714,7.2983,4743000.0
688578.SH,2025-12-26,106.27,109.74,105.75,109.01,105.4,3.61,3.425,34407.3,373035.077,0.7646,1.52,34.3075,7.5482,4905450.0
688578.SH,2025-12-29,109.5,109.98,106.45,106.67,109.01,-2.34,-2.1466,24741.13,265524.7,0.5498,1.06,33.5711,7.3862,4800150.0
688578.SH,2025-12-30,106.5,107.35,104.44,105.79,106.67,-0.88,-0.825,26039.54,274550.769,0.5787,1.07,33.2941,7.3253,4760550.0
688578.SH,2025-12-31,105.55,106.9,104.01,104.15,105.79,-1.64,-1.5502,22590.13,237094.008,0.502,0.97,32.778,7.2117,4686750.0
688578.SH,2026-01-05,104.38,107.5,102.86,107.36,104.15,3.21,3.0821,36445.13,385582.066,0.8099,1.51,33.7882,7.434,4831200.0
688578.SH,2026-01-06,107.35,109.49,106.96,108.0,107.36,0.64,0.5961,29219.23,316527.212,0.6493,1.01,33.9896,7.4783,4860000.0
688578.SH,2026-01-07,107.45,110.56,107.45,108.4,108.0,0.4,0.3704,32509.31,354269.799,0.7224,1.17,34.1155,7.506,4878000.0
688578.SH,2026-01-08,108.94,108.94,103.64,104.2,108.4,-4.2,-3.8745,54200.35,572619.029,1.2045,1.85,32.7937,7.2152,4689000.0
688578.SH,2026-01-09,103.97,107.55,103.8,107.55,104.2,3.35,3.215,41532.46,439597.18,0.9229,1.19,33.848,7.4471,4839750.0
688578.SH,2026-01-12,107.21,108.11,104.5,105.49,107.55,-2.06,-1.9154,34880.83,367383.424,0.7751,0.9,33.1997,7.3045,4747050.0
688578.SH,2026-01-13,105.21,107.05,104.29,104.79,105.49,-0.7,-0.6636,36749.71,388210.596,0.8167,0.96,32.9794,7.256,4715550.0
688578.SH,2026-01-14,104.77,105.85,101.2,102.2,104.79,-2.59,-2.4716,53286.3,552153.475,1.1841,1.33,32.1643,7.0767,4599000.0
688578.SH,2026-01-15,103.0,103.11,99.35,99.78,102.2,-2.42,-2.3679,56053.12,564405.706,1.2456,1.27,31.4027,6.9091,4490100.0
688578.SH,2026-01-16,100.34,101.96,99.13,100.74,99.78,0.96,0.9621,48306.55,484850.925,1.0735,1.09,31.7048,6.9756,4533300.0
688578.SH,2026-01-19,100.01,102.33,99.18,100.56,100.74,-0.18,-0.1787,38292.56,387285.952,0.8509,0.84,31.6481,6.9631,4525200.0
688578.SH,2026-01-20,100.89,100.89,97.56,98.41,100.56,-2.15,-2.138,41755.38,411882.627,0.9279,0.9,30.9715,6.8143,4428450.0
688578.SH,2026-01-21,98.97,99.78,98.1,99.0,98.41,0.59,0.5995,34771.65,343732.916,0.7727,0.73,31.1572,6.8551,4455000.0
688578.SH,2026-01-22,99.11,99.59,97.41,97.79,99.0,-1.21,-1.2222,28497.65,280088.389,0.6333,0.65,30.7764,6.7713,4400550.0
688578.SH,2026-01-23,97.85,100.7,97.85,100.26,97.79,2.47,2.5258,37314.07,371949.814,0.8292,0.97,31.5537,6.9424,4511700.0
688578.SH,2026-01-26,100.3,101.18,97.52,99.77,100.26,-0.49,-0.4887,44238.79,437302.278,0.9831,1.22,31.3995,6.9084,4489650.0
688578.SH,2026-01-27,100.01,100.63,98.44,100.05,99.77,0.28,0.2806,29208.78,290389.835,0.6491,0.78,31.4876,6.9278,4502250.0
688578.SH,2026-01-28,99.64,101.68,98.24,101.3,100.05,1.25,1.2494,44005.0,440155.16,0.9779,1.26,31.881,7.0144,4558500.0
688578.SH,2026-01-29,102.49,105.96,100.51,101.58,101.3,0.28,0.2764,55996.57,574929.329,1.2444,1.53,31.9692,7.0338,4571100.0
688578.SH,2026-01-30,102.39,102.58,98.57,98.58,101.58,-3.0,-2.9533,42905.31,426916.542,0.9535,1.02,31.025,6.826,4436100.0
688578.SH,2026-02-02,96.5,99.55,95.88,96.35,98.58,-2.23,-2.2621,43718.21,424993.414,0.9715,1.01,30.3232,6.6716,4335750.0
688578.SH,2026-02-03,97.2,98.31,95.88,96.85,96.35,0.5,0.5189,38593.47,374168.382,0.8576,0.89,30.4805,6.7062,4358250.0
688578.SH,2026-02-04,97.5,98.99,96.18,98.61,96.85,1.76,1.8172,31628.58,308047.504,0.7029,0.7,31.0344,6.8281,4437450.0
688578.SH,2026-02-05,98.61,99.76,97.34,98.07,98.61,-0.54,-0.5476,26354.61,258915.157,0.5857,0.62,30.8645,6.7907,4413150.0
688578.SH,2026-02-06,98.24,98.97,96.96,97.0,98.07,-1.07,-1.0911,23754.2,232460.52,0.5279,0.65,30.5277,6.7166,4365000.0
688578.SH,2026-02-09,97.68,97.99,95.39,95.6,97.0,-1.4,-1.4433,41437.78,398555.85,0.9208,1.26,30.0871,6.6197,4302000.0
688578.SH,2026-02-10,95.75,97.33,95.19,95.88,95.6,0.28,0.2929,27681.49,266367.02,0.6151,0.86,30.1753,6.6391,4314600.0
688578.SH,2026-02-11,96.26,97.33,95.5,96.61,95.88,0.73,0.7614,20467.41,197172.62,0.4548,0.68,30.405,6.6896,4347450.0
688578.SH,2026-02-12,96.44,97.0,95.81,96.9,96.61,0.29,0.3002,23476.64,226815.823,0.5217,0.84,30.4963,6.7097,4360500.0
688578.SH,2026-02-13,97.46,97.65,95.55,95.68,96.9,-1.22,-1.259,22062.62,213214.359,0.4903,0.81,30.1123,6.6252,4305600.0
688578.SH,2026-02-24,96.0,96.6,95.1,95.21,95.68,-0.47,-0.4912,29412.34,280870.386,0.6536,1.09,29.9644,6.5927,4284450.0
688578.SH,2026-02-25,95.1,95.54,94.08,94.37,95.21,-0.84,-0.8823,34239.71,323937.279,0.7609,1.39,29.7,6.5345,4246650.0
688578.SH,2026-02-26,94.01,94.49,92.3,92.73,94.37,-1.64,-1.7378,37639.06,350974.416,0.8364,1.45,29.1839,6.4209,4172850.0
688578.SH,2026-02-27,93.72,94.8,92.6,92.71,92.73,-0.02,-0.0216,33177.13,309729.057,0.7373,1.13,29.1776,5.8964,4171950.0
688578.SH,2026-03-02,92.0,92.71,90.18,90.9,92.71,-1.81,-1.9523,39515.75,360006.62,0.8781,1.26,28.608,5.7813,4090500.0
688578.SH,2026-03-03,90.58,92.17,89.59,90.0,90.9,-0.9,-0.9901,42520.34,384309.332,0.9449,1.22,28.3247,5.7241,4050000.0
688578.SH,2026-03-04,95.0,101.74,94.05,100.05,90.0,10.05,11.1667,140354.4,1382091.192,3.119,3.75,31.4876,6.3633,4502250.0
688578.SH,2026-03-05,98.42,100.0,95.72,96.44,100.05,-3.61,-3.6082,81039.4,789344.816,1.8009,1.38,30.3515,6.1337,4339800.0
688578.SH,2026-03-06,95.88,99.21,95.27,97.33,96.44,0.89,0.9229,59726.93,582873.406,1.3273,0.89,30.6316,6.1903,4379850.0
688578.SH,2026-03-09,95.8,96.79,92.81,94.03,97.33,-3.3,-3.3905,60638.02,570051.797,1.3475,0.83,29.593,5.9804,4231350.0
688578.SH,2026-03-10,94.97,98.5,94.96,97.63,94.03,3.6,3.8286,62742.85,610996.839,1.3943,0.82,30.726,6.2093,4393350.0
688578.SH,2026-03-11,97.83,97.99,95.53,95.88,97.63,-1.75,-1.7925,39492.04,380435.965,0.8776,0.49,30.1753,6.098,4314600.0
688578.SH,2026-03-12,95.99,96.32,94.8,94.86,95.88,-1.02,-1.0638,29921.84,285402.271,0.6649,0.49,29.8542,6.0332,4268700.0
688578.SH,2026-03-13,94.5,95.66,93.73,94.51,94.86,-0.35,-0.369,43481.31,410458.62,0.9663,0.86,29.7441,6.0109,4252950.0
688578.SH,2026-03-16,94.13,95.68,93.18,95.5,94.51,0.99,1.0475,29575.25,280561.441,0.6572,0.63,30.0557,6.0739,4297500.0
688578.SH,2026-03-17,95.53,97.23,94.09,94.98,95.5,-0.52,-0.5445,37898.81,361884.76,0.8422,0.92,29.892,6.0408,4274100.0
688578.SH,2026-03-18,95.0,95.18,93.5,94.1,94.98,-0.88,-0.9265,24936.74,234865.662,0.5541,0.69,29.6151,5.9848,4234500.0
688578.SH,2026-03-19,93.49,94.26,91.76,91.9,94.1,-2.2,-2.3379,28261.8,262598.595,0.628,0.85,28.9227,5.8449,4135500.0
688578.SH,2026-03-20,92.02,94.37,90.23,90.23,91.9,-1.67,-1.8172,40907.59,376627.659,0.9091,1.25,28.3971,5.7387,4060350.0
688578.SH,2026-03-23,88.8,89.8,87.4,88.0,90.23,-2.23,-2.4715,58441.45,516300.536,1.2987,1.81,27.6953,5.5969,3960000.0
688578.SH,2026-03-24,89.09,91.83,88.98,91.52,88.0,3.52,4.0,41318.54,374014.305,0.9182,1.08,28.8031,5.8207,4118400.0
688578.SH,2026-03-25,91.99,95.55,91.67,92.71,91.52,1.19,1.3003,45425.27,427265.795,1.0095,1.17,29.1776,5.8964,4171950.0
688578.SH,2026-03-26,92.6,93.7,91.3,91.57,92.71,-1.14,-1.2296,21108.74,194790.514,0.4691,0.49,28.8188,5.8239,4120650.0
688578.SH,2026-03-27,91.54,97.24,91.01,96.8,91.57,5.23,5.7115,59968.18,571016.711,1.3326,1.45,30.4648,6.1566,4356000.0
688578.SH,2026-03-30,95.65,97.61,95.65,96.15,96.8,-0.65,-0.6715,40034.12,387012.853,0.8896,0.88,30.2602,6.1152,4326750.0
688578.SH,2026-03-31,96.66,100.8,96.0,96.0,96.15,-0.15,-0.156,59226.26,581336.867,1.3161,1.42,30.213,6.1057,4320000.0
688578.SH,2026-04-01,97.35,99.47,95.47,98.97,96.0,2.97,3.0938,67451.11,660910.879,1.4989,1.49,31.1477,6.2946,4453650.0
688578.SH,2026-04-02,99.7,100.47,97.98,99.33,98.97,0.36,0.3637,60233.9,599023.669,1.3385,1.22,31.261,6.3175,4469850.0
688578.SH,2026-04-03,97.33,97.99,96.39,97.44,99.33,-1.89,-1.9027,41816.84,406686.222,0.9293,0.73,30.6662,6.1973,4384800.0
688578.SH,2026-04-07,97.17,98.68,95.58,96.12,97.44,-1.32,-1.3547,33337.23,323254.071,0.7408,0.62,30.2508,6.1133,4325400.0
688578.SH,2026-04-08,97.68,99.18,96.76,99.17,96.12,3.05,3.1731,58132.01,570888.114,1.2918,1.11,31.2107,6.3073,4462650.0
688578.SH,2026-04-09,98.04,99.99,96.85,96.99,99.17,-2.18,-2.1982,48087.67,471473.026,1.0686,0.92,30.5246,6.1686,4364550.0
688578.SH,2026-04-10,97.17,98.78,96.19,96.7,96.99,-0.29,-0.299,36859.64,359451.699,0.8191,0.76,30.4333,6.1502,4351500.0
688578.SH,2026-04-13,96.7,97.67,95.5,95.97,96.7,-0.73,-0.7549,33006.32,317913.319,0.7335,0.76,30.2036,6.1038,4318650.0
688578.SH,2026-04-14,96.97,97.77,94.55,97.4,95.97,1.43,1.49,46529.28,446229.985,1.034,1.11,30.6536,6.1947,4383000.0
688578.SH,2026-04-15,98.99,101.33,98.3,100.25,97.4,2.85,2.9261,79069.64,788340.953,1.7571,1.78,31.5506,6.376,4511250.0
688578.SH,2026-04-16,99.5,100.4,98.28,99.31,100.25,-0.94,-0.9377,49012.96,485730.799,1.0892,1.01,31.2547,6.3162,4468950.0
688578.SH,2026-04-17,98.71,99.36,96.48,97.58,99.31,-1.73,-1.742,45220.98,440748.529,1.0049,0.92,30.7103,6.2062,4391100.0
688578.SH,2026-04-20,98.0,98.79,96.17,96.39,97.58,-1.19,-1.2195,49883.75,485649.631,1.1085,0.99,30.3358,6.1305,4337550.0
688578.SH,2026-04-21,96.58,98.02,95.35,95.72,96.39,-0.67,-0.6951,35625.29,342226.418,0.7917,0.66,30.1249,6.0879,4307400.0
688578.SH,2026-04-22,95.3,98.05,93.8,97.79,95.72,2.07,2.1626,52285.37,501387.453,1.1619,1.01,30.7764,6.2195,4400550.0
688578.SH,2026-04-23,99.74,100.7,95.6,96.37,97.79,-1.42,-1.4521,77590.72,758935.355,1.7242,1.67,19.8102,5.6002,4336650.0
688578.SH,2026-04-24,96.52,97.55,94.36,95.32,96.37,-1.05,-1.0896,53422.24,511564.647,1.1872,1.02,19.5943,5.5391,4289400.0
688578.SH,2026-04-27,95.09,95.88,90.92,91.18,95.32,-4.14,-4.3433,89974.69,826409.599,1.9994,1.67,18.7433,5.2986,4103100.0
688578.SH,2026-04-28,91.1,93.73,90.99,92.07,91.18,0.89,0.9761,56543.57,522912.697,1.2565,0.92,18.9262,5.3503,4143150.0
688578.SH,2026-04-29,91.99,95.39,91.88,93.57,92.07,1.5,1.6292,53684.51,501392.188,1.193,0.81,19.2346,5.4374,4210650.0
688578.SH,2026-04-30,93.5,94.25,91.84,92.6,93.57,-0.97,-1.0367,49133.06,456318.537,1.0918,0.74,19.0352,5.3811,4167000.0
688578.SH,2026-05-06,93.14,96.5,92.62,95.53,92.6,2.93,3.1641,72712.53,694090.349,1.6158,1.2,19.6375,5.5513,4298850.0
688578.SH,2026-05-07,95.61,96.8,94.53,96.32,95.53,0.79,0.827,49844.91,477103.481,1.1077,0.77,19.7999,5.5972,4334400.0
688578.SH,2026-05-08,96.0,96.74,94.33,94.46,96.32,-1.86,-1.9311,42048.31,399976.777,0.9344,0.75,19.4175,5.4892,4250700.0
688578.SH,2026-05-11,94.94,97.18,92.62,96.5,94.46,2.04,2.1596,70572.02,669406.211,1.5683,1.32,19.8369,5.6077,4342500.0
688578.SH,2026-05-12,96.18,97.27,94.31,95.0,96.5,-1.5,-1.5544,51146.45,488897.12,1.1366,0.9,19.5285,5.5205,4275000.0
688578.SH,2026-05-13,95.0,96.0,93.13,94.5,95.0,-0.5,-0.5263,51178.0,481939.852,1.1373,0.89,19.4257,5.4915,4252500.0
688578.SH,2026-05-14,94.5,96.13,92.91,93.08,94.5,-1.42,-1.5026,45291.04,425265.847,1.0065,0.86,19.1338,5.409,4188600.0
688578.SH,2026-05-15,93.3,94.2,91.92,92.31,93.08,-0.77,-0.8272,48953.58,454849.339,1.0879,0.94,18.9756,5.3642,4153950.0
688578.SH,2026-05-18,92.01,92.23,89.4,89.95,92.31,-2.36,-2.5566,52894.32,475959.051,1.1754,0.99,18.4904,5.2271,4047750.0
688578.SH,2026-05-19,90.2,91.45,88.7,90.32,89.95,0.37,0.4113,42140.8,379386.684,0.9365,0.84,18.5665,5.2486,4064400.0
688578.SH,2026-05-20,90.01,94.33,89.2,93.94,90.32,3.62,4.008,64593.58,596065.902,1.4354,1.34,19.3106,5.4589,4227300.0
688578.SH,2026-05-21,93.22,96.93,93.22,93.61,93.94,-0.33,-0.3513,72674.0,694474.5,1.615,1.43,19.2428,5.4398,4212450.0
688578.SH,2026-05-22,94.4,94.61,91.54,92.26,93.61,-1.35,-1.4422,50855.18,470471.656,1.1301,0.9,18.9653,5.3613,4151700.0
688578.SH,2026-05-25,92.09,92.28,90.2,90.37,92.26,-1.89,-2.0486,39920.19,362792.481,0.8871,0.7,18.5768,5.2515,4066650.0
688578.SH,2026-05-26,90.2,91.36,90.03,90.76,90.37,0.39,0.4316,31270.6,283306.495,0.6949,0.58,18.6569,5.2742,4084200.0
688578.SH,2026-05-27,90.45,91.68,89.5,90.09,90.76,-0.67,-0.7382,40997.49,370630.84,0.9111,0.79,18.5192,5.2352,4054050.0
688578.SH,2026-05-28,90.5,91.49,87.69,88.0,90.09,-2.09,-2.3199,47152.04,418449.291,1.0478,1.0,18.0896,5.1138,3960000.0
688578.SH,2026-05-29,88.0,91.48,87.4,89.72,88.0,1.72,1.9545,59990.19,536025.414,1.3331,1.43,18.4432,5.2137,4037400.0
688578.SH,2026-06-01,89.83,92.64,88.8,89.21,89.12,0.09,0.101,54467.03,491363.74,1.2104,1.24,18.3383,5.3714,4014450.0
688578.SH,2026-06-02,89.48,89.6,86.62,86.88,89.21,-2.33,-2.6118,43352.74,378789.296,0.9634,0.93,17.8594,5.2311,3909600.0
688578.SH,2026-06-03,87.0,87.2,84.38,84.56,86.88,-2.32,-2.6703,46576.26,396507.878,1.035,0.95,17.3824,5.0914,3805200.0
688578.SH,2026-06-04,84.8,84.98,82.97,83.26,84.56,-1.3,-1.5374,38725.19,324549.995,0.8606,0.77,17.1152,5.0131,3746700.0
688578.SH,2026-06-05,84.5,85.8,83.39,84.29,83.26,1.03,1.2371,41587.93,350300.208,0.9242,0.86,17.3269,5.0751,3793050.0
688578.SH,2026-06-08,82.99,84.97,79.51,80.34,84.29,-3.95,-4.6862,54193.05,440261.685,1.2043,1.21,16.515,4.8373,3615300.0
688578.SH,2026-06-09,80.69,82.2,78.82,80.02,80.34,-0.32,-0.3983,45233.86,362112.378,1.0052,1.01,16.4492,4.818,3600900.0
688578.SH,2026-06-10,80.0,82.0,79.25,81.23,80.02,1.21,1.5121,39834.7,321131.089,0.8852,0.88,16.6979,4.8909,3655350.0
688578.SH,2026-06-11,81.0,81.91,79.81,80.2,81.23,-1.03,-1.268,31430.4,252811.99,0.6985,0.72,16.4862,4.8289,3609000.0
688578.SH,2026-06-12,80.93,83.54,79.01,83.05,80.2,2.85,3.5536,53257.94,436759.865,1.1835,1.25,17.072,4.8261,3737250.0
688578.SH,2026-06-15,83.66,86.62,82.79,84.7,83.05,1.65,1.9868,54823.02,466242.293,1.2183,1.22,17.4112,4.922,3811500.0
688578.SH,2026-06-16,84.27,84.66,83.1,83.75,84.7,-0.95,-1.1216,25680.27,215733.577,0.5707,0.57,17.2159,4.8668,3768750.0
688578.SH,2026-06-17,83.75,84.51,82.8,83.06,83.75,-0.69,-0.8239,29583.27,246409.224,0.6574,0.72,17.0741,4.8267,3737700.0
688578.SH,2026-06-18,83.6,87.1,82.5,85.0,83.06,1.94,2.3357,51119.38,436107.924,1.136,1.31,17.4729,4.9394,3825000.0
688578.SH,2026-06-22,85.12,85.87,82.2,85.5,85.0,0.5,0.5882,55641.66,465945.289,1.2365,1.3,17.5757,4.9685,3847500.0
688578.SH,2026-06-23,85.2,89.38,85.2,87.68,85.5,2.18,2.5497,72787.71,639118.088,1.6175,1.68,18.0238,5.0952,3945600.0
688578.SH,2026-06-24,88.6,96.28,88.6,93.5,87.68,5.82,6.6378,105749.56,990739.514,2.35,2.25,19.2202,5.4334,4207500.0
688578.SH,2026-06-25,91.56,96.48,90.05,95.1,93.5,1.6,1.7112,96850.59,904054.685,2.1522,1.54,19.5491,5.5264,4279500.0
688578.SH,2026-06-26,94.99,95.53,92.27,93.47,95.1,-1.63,-1.714,71950.56,676968.842,1.5989,0.94,19.214,5.4316,4206150.0
688578.SH,2026-06-29,93.36,108.0,93.01,107.01,93.47,13.54,14.4859,176408.05,1821986.612,3.9202,2.19,21.9973,6.2185,4815450.0
688578.SH,2026-06-30,107.56,110.66,106.01,109.2,107.01,2.19,2.0465,134846.93,1461626.215,2.9966,1.29,22.4475,6.3457,4914000.0
688578.SH,2026-07-01,108.0,125.98,105.01,125.81,109.2,16.61,15.2106,194258.01,2259879.704,4.3168,1.66,25.8619,7.3109,5661450.0
688578.SH,2026-07-02,124.56,134.85,120.58,130.87,125.81,5.06,4.0219,233257.55,2963203.421,5.1835,1.73,26.9021,7.605,5889150.0
688578.SH,2026-07-03,130.0,134.0,122.84,130.88,130.87,0.01,0.0076,185050.3,2371199.89,4.1122,1.14,26.9041,7.6056,5889600.0
688578.SH,2026-07-06,127.01,137.2,124.05,130.58,130.88,-0.3,-0.2292,192689.87,2533742.419,4.282,1.04,26.8425,7.5881,5876100.0
688578.SH,2026-07-07,127.05,127.92,121.85,122.19,130.58,-8.39,-6.4252,156785.24,1942218.371,3.4841,0.83,25.1178,7.1006,5498550.0
688578.SH,2026-07-08,124.19,124.98,118.33,118.53,122.19,-3.66,-2.9953,127599.58,1535209.096,2.8355,0.66,24.3654,6.8879,5333850.0
688578.SH,2026-07-09,116.2,123.44,116.2,121.64,118.53,3.11,2.6238,129119.28,1555223.768,2.8693,0.72,25.0047,7.0686,5473800.0
688578.SH,2026-07-10,119.26,126.88,118.6,122.94,121.64,1.3,1.0687,141183.08,1749433.652,3.1374,0.89,25.272,7.1442,5532300.0
688578.SH,2026-07-13,121.72,124.26,114.7,117.61,122.94,-5.33,-4.3354,150106.48,1778324.333,3.3357,1.0,24.1763,6.8344,5292450.0
688578.SH,2026-07-14,116.17,120.28,113.88,118.15,117.61,0.54,0.4591,118405.58,1390513.557,2.6312,0.84,24.2873,6.8658,5316750.0
688578.SH,2026-07-15,118.0,129.51,117.0,125.42,118.15,7.27,6.1532,180726.11,2259084.802,4.0161,1.36,25.7818,7.2883,5643900.0
688578.SH,2026-07-16,122.0,127.29,118.03,124.1,125.42,-1.32,-1.0525,138021.53,1694081.46,3.0671,0.96,25.5104,7.2116,5584500.0
688578.SH,2026-07-17,126.1,127.99,114.4,114.7,124.1,-9.4,-7.5745,157025.51,1880195.643,3.4895,1.08,23.5781,6.6653,5161500.0
688578.SH,2026-07-20,110.11,129.95,110.1,127.42,114.7,12.72,11.0898,166036.6,2004089.066,3.6897,1.12,26.1929,7.4045,5733900.0
688578.SH,2026-07-21,124.88,134.6,122.8,133.0,127.42,5.58,4.3792,168733.37,2161202.12,3.7496,1.11,27.3399,7.7288,5985000.0
688578.SH,2026-07-22,131.67,138.3,129.88,131.22,133.0,-1.78,-1.3383,150169.39,1998566.954,3.3371,0.93,26.974,7.6253,5904900.0
688578.SH,2026-07-23,129.51,131.55,123.91,124.56,131.22,-6.66,-5.0754,108861.98,1382318.612,2.4192,0.7,25.605,7.2383,5605200.0
688578.SH,2026-07-24,123.49,125.3,119.24,119.24,124.56,-5.32,-4.271,100065.04,1222595.586,2.2237,0.67,24.5114,6.9292,5365800.0
688578.SH,2026-07-27,118.91,123.96,118.11,121.2,119.24,1.96,1.6437,85263.74,1029842.754,1.8947,0.61,24.9143,7.0431,5454000.0
688578.SH,2026-07-28,121.1,121.1,115.39,116.35,121.2,-4.85,-4.0017,71274.58,834516.42,1.5839,0.58,23.9173,6.7612,5235750.0
688578.SH,2026-07-29,117.5,120.62,116.18,118.3,116.35,1.95,1.676,81236.98,963552.641,1.8053,0.79,24.3182,6.8745,5323500.0
688578.SH,2026-07-30,118.43,119.03,113.08,115.56,118.3,-2.74,-2.3161,82337.37,954780.466,1.8297,0.92,23.7549,6.7153,5200200.0
688578.SH,2026-07-31,117.0,117.8,110.3,111.2,115.56,-4.36,-3.7729,128159.5,1456541.342,2.848,1.53,22.8587,6.4619,5004000.0
688578.SH,2026-08-03,110.66,112.82,105.52,105.88,111.2,-5.32,-4.7842,94049.78,1022858.459,2.09,1.05,21.7651,6.1528,4764600.0
688578.SH,2026-08-04,107.99,111.2,107.01,108.62,105.88,2.74,2.5878,67247.97,735138.874,1.4944,0.74,22.3283,6.312,4887900.0
688578.SH,2026-08-05,108.62,112.28,107.69,111.12,108.62,2.5,2.3016,79349.34,876917.163,1.7633,0.88,22.8422,6.4573,5000400.0
688578.SH,2026-08-06,112.89,112.9,107.65,110.72,111.12,-0.4,-0.36,83908.06,921132.666,1.8646,0.93,22.76,6.434,4982400.0
688578.SH,2026-08-07,110.09,117.43,109.3,116.99,110.72,6.27,5.6629,134319.66,1531108.624,2.9849,1.48,24.0489,6.7984,5264550.0
688578.SH,2026-08-10,118.5,121.1,114.78,116.18,116.99,-0.81,-0.6924,125715.65,1474427.52,2.7937,1.37,23.8824,6.7513,5228100.0
688578.SH,2026-08-11,114.96,122.95,114.86,117.97,116.18,1.79,1.5407,130371.69,1555361.305,2.8971,1.33,24.2503,6.8554,5308650.0
688578.SH,2026-08-12,116.86,120.02,116.26,117.31,117.97,-0.66,-0.5595,76364.29,901267.788,1.697,0.69,24.1147,6.817,5278950.0
688578.SH,2026-08-13,117.45,123.18,115.7,119.36,117.31,2.05,1.7475,110842.13,1334310.292,2.4632,1.01,24.5361,6.9361,5371200.0
688578.SH,2026-08-14,119.4,123.85,117.1,120.4,119.36,1.04,0.8713,89915.9,1085152.646,1.9981,0.78,24.7498,6.9966,5418000.0
688578.SH,2026-08-17,120.59,122.3,118.18,120.04,120.4,-0.36,-0.299,88715.26,1062627.185,1.9715,0.83,24.6758,6.9756,5401800.0
688578.SH,2026-08-18,119.66,119.66,114.88,118.84,120.04,-1.2,-0.9997,108425.07,1270430.119,2.4094,1.09,24.4292,6.9059,5347800.0
688578.SH,2026-08-19,118.0,120.08,115.75,116.48,118.84,-2.36,-1.9859,78163.98,918864.319,1.737,0.82,23.944,6.7688,5241600.0
688578.SH,2026-08-20,119.5,122.86,116.02,120.78,116.48,4.3,3.6916,142314.56,1705333.963,3.1625,1.49,24.828,6.4229,5435100.0
688578.SH,2026-08-21,118.9,119.0,114.16,116.5,120.78,-4.28,-3.5436,93013.74,1082886.777,2.067,0.92,23.9481,6.1953,5242500.0
688578.SH,2026-08-24,117.24,118.86,111.55,112.19,116.5,-4.31,-3.6996,78197.02,892479.242,1.7377,0.77,23.0622,5.9661,5048550.0
688578.SH,2026-08-25,112.0,114.52,110.69,114.0,112.19,1.81,1.6133,47093.57,534135.452,1.0465,0.47,23.4342,6.0624,5130000.0
688578.SH,2026-08-26,114.8,115.94,111.57,112.09,114.0,-1.91,-1.6754,50818.4,574225.293,1.1293,0.58,23.0416,5.9608,5044050.0
688578.SH,2026-08-27,111.55,115.16,110.79,115.05,112.09,2.96,2.6407,45944.38,518336.579,1.021,0.56,23.6501,6.1182,5177250.0
688578.SH,2026-08-28,114.15,114.77,113.01,113.7,115.05,-1.35,-1.1734,29511.06,335863.588,0.6558,0.47,23.3726,6.0464,5116500.0
688578.SH,2026-08-31,113.38,113.38,108.38,111.37,113.7,-2.33,-2.0493,50772.14,560432.213,1.1283,1.01,22.8936,5.9225,5011650.0
688578.SH,2026-09-01,110.88,111.15,108.0,108.5,111.37,-2.87,-2.577,41552.3,453227.886,0.9234,0.93,22.3036,5.7699,4882500.0
688578.SH,2026-09-02,109.0,111.79,107.45,110.06,107.9,2.16,2.0019,56114.14,617422.463,1.247,1.28,22.6243,5.8528,4952700.0
