ts_code,trade_date,open,high,low,close,pre_close,change,pct_chg,vol,amount,turnover_rate,volume_ratio,pe,pb,total_mv
688297.SH,2023-01-03,45.25,47.16,44.95,47.01,44.93,2.08,4.6294,52424.28,242953.028,4.0697,1.43,107.2976,5.5329,3173175.0
688297.SH,2023-01-04,47.0,47.14,46.31,46.9,47.01,-0.11,-0.234,25470.38,118836.174,1.9772,0.61,107.0465,5.52,3165750.0
688297.SH,2023-01-05,46.91,47.09,46.62,46.99,46.9,0.09,0.1919,23326.16,109370.967,1.8108,0.55,107.252,5.5306,3171825.0
688297.SH,2023-01-06,46.78,47.12,46.52,46.59,46.99,-0.4,-0.8512,24204.67,113207.422,1.879,0.61,106.339,5.4835,3144825.0
688297.SH,2023-01-09,46.6,46.89,45.76,46.09,46.59,-0.5,-1.0732,31688.05,146489.23,2.4599,1.02,105.1978,5.4246,3111075.0
688297.SH,2023-01-10,46.08,46.12,45.37,45.65,46.09,-0.44,-0.9547,24510.04,111720.355,1.9027,0.78,104.1935,5.3728,3081375.0
688297.SH,2023-01-11,45.65,45.85,45.06,45.15,45.65,-0.5,-1.0953,26535.77,120604.902,2.0599,1.03,103.0523,5.314,3047625.0
688297.SH,2023-01-12,46.88,47.23,45.26,45.35,45.15,0.2,0.443,42872.13,197230.165,3.3281,1.65,103.5087,5.3375,3061125.0
688297.SH,2023-01-13,45.25,45.94,45.1,45.74,45.35,0.39,0.86,25528.64,116120.023,1.9818,0.85,104.3989,5.3834,3087450.0
688297.SH,2023-01-16,45.0,46.6,44.68,46.25,45.74,0.51,1.115,45417.77,208974.636,3.5257,1.5,105.5629,5.4283,3121875.0
688297.SH,2023-01-17,46.35,47.38,46.15,46.75,46.25,0.5,1.0811,36955.17,173024.586,2.8688,1.12,106.7042,5.487,3155625.0
688297.SH,2023-01-18,46.74,47.46,46.62,47.22,46.75,0.47,1.0053,28006.49,131805.438,2.1741,0.79,107.7769,5.5422,3187350.0
688297.SH,2023-01-19,47.08,48.2,46.8,47.9,47.22,0.68,1.4401,43815.71,208836.387,3.4014,1.23,109.329,5.622,3233250.0
688297.SH,2023-01-20,47.98,48.29,47.53,48.05,47.9,0.15,0.3132,31048.88,148781.496,2.4103,0.86,109.6713,5.6396,3243375.0
688297.SH,2023-01-30,48.75,51.0,48.33,49.78,48.05,1.73,3.6004,108405.49,542094.061,8.4154,2.93,113.62,5.8426,3360150.0
688297.SH,2023-01-31,49.65,50.3,49.5,49.81,49.78,0.03,0.0603,52530.18,262094.045,4.0779,1.06,113.6884,5.8461,3362175.0
688297.SH,2023-02-01,49.9,51.18,49.58,51.07,49.81,1.26,2.5296,71955.84,363450.644,5.5859,1.36,116.5643,5.994,3447225.0
688297.SH,2023-02-02,51.99,51.99,49.67,49.88,51.07,-1.19,-2.3301,67359.42,338111.268,5.2291,1.09,113.8482,5.8544,3366900.0
688297.SH,2023-02-03,49.86,50.88,49.63,50.79,49.88,0.91,1.8244,61583.13,309638.326,4.7806,0.93,115.9252,5.9612,3428325.0
688297.SH,2023-02-06,50.84,51.15,49.24,49.86,50.79,-0.93,-1.8311,53940.36,269575.464,4.1873,0.75,113.8026,5.852,3365550.0
688297.SH,2023-02-07,49.99,50.08,49.28,49.52,49.86,-0.34,-0.6819,34233.94,169820.333,2.6576,0.56,113.0265,5.8121,3342600.0
688297.SH,2023-02-08,49.55,49.64,48.45,48.55,49.52,-0.97,-1.9588,36625.4,178966.401,2.8432,0.63,110.8126,5.6983,3277125.0
688297.SH,2023-02-09,48.5,50.1,48.45,49.94,48.55,1.39,2.863,51843.29,257273.926,4.0245,1.02,113.9852,5.8614,3370950.0
688297.SH,2023-02-10,49.98,50.4,49.26,49.6,49.94,-0.34,-0.6808,36549.31,181683.879,2.8373,0.77,113.2091,5.8215,3348000.0
688297.SH,2023-02-13,49.79,50.77,49.76,50.24,49.6,0.64,1.2903,48147.32,242386.509,3.7376,1.13,114.6699,5.8966,3391200.0
688297.SH,2023-02-14,50.1,50.2,49.66,49.74,50.24,-0.5,-0.9952,29201.33,145498.134,2.2669,0.7,113.5287,5.8379,3357450.0
688297.SH,2023-02-15,49.72,50.09,49.05,49.78,49.74,0.04,0.0804,34913.75,172691.521,2.7103,0.86,113.62,5.8426,3360150.0
688297.SH,2023-02-16,49.7,49.76,47.56,47.97,49.78,-1.81,-3.636,45746.01,223575.856,3.5512,1.14,109.4887,5.6302,3237975.0
688297.SH,2023-02-17,48.27,50.45,47.47,49.79,47.97,1.82,3.794,72909.82,358962.081,5.6599,1.87,113.6428,5.8438,3360825.0
688297.SH,2023-02-20,49.39,49.44,48.3,49.2,49.79,-0.59,-1.185,44278.82,216351.032,3.4373,0.96,112.2961,5.7745,3321000.0
688297.SH,2023-02-21,49.2,50.24,49.0,50.19,49.2,0.99,2.0122,57998.96,289417.856,4.5024,1.28,114.5558,5.8907,3387825.0
688297.SH,2023-02-22,49.8,50.75,49.61,50.5,50.19,0.31,0.6177,51081.8,257017.202,3.9654,1.0,115.2633,5.9271,3408750.0
688297.SH,2023-02-23,50.4,51.95,50.0,50.92,50.5,0.42,0.8317,67401.86,344704.74,5.2323,1.24,116.2219,5.9764,3437100.0
688297.SH,2023-02-24,50.86,51.83,50.58,50.84,50.92,-0.08,-0.1571,59496.72,304862.896,4.6187,1.01,116.0394,5.967,3431700.0
688297.SH,2023-02-27,50.6,50.66,48.14,48.81,50.84,-2.03,-3.9929,70368.85,346013.982,5.4627,1.26,111.406,5.7288,3294675.0
688297.SH,2023-02-28,48.73,49.18,48.53,49.14,48.81,0.33,0.6761,33564.81,163931.818,2.6056,0.55,112.1592,5.7675,3316950.0
688297.SH,2023-03-01,49.14,49.24,48.48,49.2,49.14,0.06,0.1221,39042.22,190803.371,3.0308,0.69,112.2961,5.7745,3321000.0
688297.SH,2023-03-02,49.1,49.49,48.42,48.62,49.2,-0.58,-1.1789,51010.89,248980.687,3.9599,0.95,110.9723,5.7065,3281850.0
688297.SH,2023-03-03,48.7,49.95,48.2,49.6,48.62,0.98,2.0156,80381.58,396137.046,6.24,1.59,113.2091,5.8215,3348000.0
688297.SH,2023-03-06,49.99,52.52,49.98,50.68,49.6,1.08,2.1774,133968.16,685991.737,10.3998,2.44,115.6742,5.9483,3420900.0
688297.SH,2023-03-07,50.76,51.46,49.0,49.22,50.68,-1.46,-2.8808,80582.0,406041.187,6.2555,1.19,112.3418,5.7769,3322350.0
688297.SH,2023-03-08,48.9,52.5,48.9,51.43,49.22,2.21,4.49,133896.13,686313.703,10.3942,1.74,117.386,6.0363,3471525.0
688297.SH,2023-03-09,51.25,51.85,50.79,51.2,51.43,-0.23,-0.4472,60963.1,312174.552,4.7325,0.64,116.861,6.0093,3456000.0
688297.SH,2023-03-10,51.09,53.99,50.85,52.2,51.2,1.0,1.9531,162529.83,856741.899,12.617,1.66,119.1435,6.1267,3523500.0
688297.SH,2023-03-13,53.7,55.78,52.31,52.84,52.2,0.64,1.2261,170856.82,920633.595,13.2635,1.49,120.6042,6.2018,3566700.0
688297.SH,2023-03-14,52.46,56.77,52.39,55.88,52.84,3.04,5.7532,207404.55,1141554.67,16.1006,1.7,127.5429,6.5586,3771900.0
688297.SH,2023-03-15,55.2,56.01,53.78,54.8,55.88,-1.08,-1.9327,107065.99,584468.392,8.3114,0.73,125.0778,6.4318,3699000.0
688297.SH,2023-03-16,54.2,54.62,52.03,52.29,54.8,-2.51,-4.5803,104527.19,554002.427,8.1144,0.74,119.3489,6.1372,3529575.0
688297.SH,2023-03-17,52.6,53.86,52.4,53.6,52.29,1.31,2.5053,88151.88,468466.905,6.8432,0.59,122.3389,6.291,3618000.0
688297.SH,2023-03-20,52.8,55.11,51.75,54.7,53.6,1.1,2.0522,90021.41,484252.998,6.9883,0.66,124.8496,6.4201,3692250.0
688297.SH,2023-03-21,55.6,56.66,54.57,55.19,54.7,0.49,0.8958,92554.59,515073.166,7.1849,0.77,125.968,6.4776,3725325.0
688297.SH,2023-03-22,54.93,60.3,54.15,58.95,55.19,3.76,6.8128,163703.1,939061.485,12.7081,1.7,134.55,6.9189,3979125.0
688297.SH,2023-03-23,58.33,61.33,58.12,60.9,58.95,1.95,3.3079,107188.0,638744.245,8.3209,0.99,139.0007,7.1478,4110750.0
688297.SH,2023-03-24,60.5,60.95,58.91,59.88,60.9,-1.02,-1.6749,99049.21,592457.103,7.6891,0.91,136.6726,7.028,4041900.0
688297.SH,2023-03-27,59.13,62.59,58.2,58.88,59.88,-1.0,-1.67,118999.07,716585.331,9.2378,1.08,134.3902,6.9107,3974400.0
688297.SH,2023-03-28,58.91,59.63,56.36,56.97,58.88,-1.91,-3.2439,103209.5,595917.453,8.0121,0.89,130.0307,6.6865,3845475.0
688297.SH,2023-03-29,56.96,57.28,55.59,56.19,56.97,-0.78,-1.3691,72352.9,408063.924,5.6167,0.61,128.2504,6.595,3792825.0
688297.SH,2023-03-30,56.21,57.43,55.37,56.89,56.19,0.7,1.2458,62815.24,355684.037,4.8763,0.63,129.8481,6.6771,3840075.0
688297.SH,2023-03-31,56.3,56.91,55.42,56.69,56.89,-0.2,-0.3516,50180.22,282319.989,3.8954,0.55,129.3916,6.6536,3826575.0
688297.SH,2023-04-03,56.01,58.43,56.0,58.03,56.69,1.34,2.3637,73855.65,424903.966,5.7333,0.91,132.4501,6.8109,3917025.0
688297.SH,2023-04-04,57.69,59.2,56.92,57.8,58.03,-0.23,-0.3963,75216.87,435226.45,5.839,1.04,131.9252,6.7839,3901500.0
688297.SH,2023-04-06,57.8,57.98,53.88,53.89,57.8,-3.91,-6.7647,168267.13,927431.744,13.0624,2.52,123.0008,6.325,3637575.0
688297.SH,2023-04-07,53.89,54.7,53.3,53.67,53.89,-0.22,-0.4082,79014.64,425669.889,6.1338,0.92,122.4987,6.2992,3622725.0
688297.SH,2023-04-10,54.14,54.33,53.0,53.17,53.67,-0.5,-0.9316,64241.42,344741.518,4.987,0.72,121.3574,6.2405,3588975.0
688297.SH,2023-04-11,53.23,53.3,52.36,52.68,53.17,-0.49,-0.9216,53624.49,282765.309,4.1628,0.58,120.239,6.183,3555900.0
688297.SH,2023-04-12,52.87,53.4,52.13,53.05,52.68,0.37,0.7024,56643.3,299855.554,4.3972,0.64,121.0836,6.2264,3580875.0
688297.SH,2023-04-13,53.0,53.87,52.1,53.19,53.05,0.14,0.2639,62881.98,334101.003,4.8815,0.75,121.4031,6.2428,3590325.0
688297.SH,2023-04-14,53.22,53.59,52.39,52.96,53.19,-0.23,-0.4324,47258.74,250088.838,3.6687,0.75,120.8781,6.2159,3574800.0
688297.SH,2023-04-17,52.81,53.3,52.2,52.8,52.96,-0.16,-0.3021,42551.4,223880.804,3.3032,0.75,120.5129,6.1971,3564000.0
688297.SH,2023-04-18,52.94,52.99,50.88,51.69,52.8,-1.11,-2.1023,76491.63,394955.598,5.938,1.45,117.9794,6.0668,3489075.0
688297.SH,2023-04-19,51.6,53.28,51.0,53.23,51.69,1.54,2.9793,77070.73,401690.647,5.9829,1.35,121.4944,6.2475,3593025.0
688297.SH,2023-04-20,52.84,52.95,51.2,51.2,53.23,-2.03,-3.8136,74488.73,386449.151,5.7825,1.22,116.861,6.0093,3456000.0
688297.SH,2023-04-21,51.24,54.25,51.2,52.27,51.2,1.07,2.0898,116054.0,617694.948,9.0092,1.83,119.3032,6.1349,3528225.0
688297.SH,2023-04-24,51.7,51.86,49.14,50.5,52.27,-1.77,-3.3863,68291.2,343380.088,5.3014,0.88,115.2633,5.9271,3408750.0
688297.SH,2023-04-25,50.15,50.51,48.44,49.14,50.5,-1.36,-2.6931,59144.42,292086.671,4.5913,0.72,112.1592,5.7675,3316950.0
688297.SH,2023-04-26,48.68,50.32,48.66,49.99,49.14,0.85,1.7298,51535.19,256432.736,4.0006,0.65,114.0993,5.8673,3374325.0
688297.SH,2023-04-27,49.65,50.7,49.18,50.12,49.99,0.13,0.2601,41481.93,207939.575,3.2202,0.56,114.396,5.8825,3383100.0
688297.SH,2023-04-28,50.23,51.7,49.8,50.99,50.12,0.87,1.7358,50950.15,258018.407,3.9552,0.76,116.3817,5.9846,3441825.0
688297.SH,2023-05-04,49.8,49.98,48.71,49.61,50.99,-1.38,-2.7064,53593.37,264483.217,4.1604,0.99,90.4812,5.7431,3348675.0
688297.SH,2023-05-05,49.52,50.28,48.41,48.46,49.61,-1.15,-2.3181,41587.98,204591.258,3.2284,0.81,88.3838,5.61,3271050.0
688297.SH,2023-05-08,48.79,50.72,48.38,50.69,48.46,2.23,4.6017,66508.17,333365.907,5.163,1.39,92.451,5.8681,3421575.0
688297.SH,2023-05-09,51.07,51.88,50.16,50.3,50.69,-0.39,-0.7694,60548.78,309096.164,4.7003,1.19,91.7397,5.823,3395250.0
688297.SH,2023-05-10,50.18,50.57,48.8,49.3,50.3,-1.0,-1.9881,50870.03,250597.25,3.949,0.93,89.9158,5.7072,3327750.0
688297.SH,2023-05-11,49.3,49.47,47.42,47.55,49.3,-1.75,-3.5497,64248.52,308360.686,4.9876,1.18,86.7241,5.5046,3209625.0
688297.SH,2023-05-12,47.57,47.96,46.85,47.03,47.55,-0.52,-1.0936,35450.03,167553.715,2.752,0.62,85.7757,5.4444,3174525.0
688297.SH,2023-05-15,47.03,48.2,46.83,48.08,47.03,1.05,2.2326,34602.67,164921.166,2.6862,0.62,87.6907,5.566,3245400.0
688297.SH,2023-05-16,48.1,48.63,47.41,47.98,48.08,-0.1,-0.208,31484.56,151226.974,2.4441,0.64,87.5083,5.5544,3238650.0
688297.SH,2023-05-17,47.99,51.09,47.87,50.67,47.98,2.69,5.6065,87417.51,436844.908,6.7861,2.02,92.4145,5.8658,3420225.0
688297.SH,2023-05-18,50.37,50.8,49.8,50.68,50.67,0.01,0.0197,40946.14,206305.183,3.1786,0.81,92.4327,5.867,3420900.0
688297.SH,2023-05-19,50.31,52.77,50.01,51.36,50.68,0.68,1.3418,77279.67,399775.061,5.9992,1.68,93.6729,5.9457,3466800.0
688297.SH,2023-05-22,50.8,51.8,50.7,51.08,51.36,-0.28,-0.5452,40271.27,206120.31,3.1262,0.74,93.1623,5.9133,3447900.0
688297.SH,2023-05-23,51.0,51.79,50.4,51.05,51.08,-0.03,-0.0587,38621.37,197421.841,2.9981,0.7,93.1075,5.9098,3445875.0
688297.SH,2023-05-24,50.84,51.79,50.84,51.19,51.05,0.14,0.2742,34247.77,175707.647,2.6586,0.6,93.3629,5.926,3455325.0
688297.SH,2023-05-25,51.03,52.25,51.01,52.11,51.19,0.92,1.7972,46316.76,239177.46,3.5955,1.0,95.0408,6.0325,3517425.0
688297.SH,2023-05-26,51.8,51.81,50.7,51.48,52.11,-0.63,-1.209,37497.15,192224.976,2.9109,0.79,93.8918,5.9596,3474900.0
688297.SH,2023-05-29,52.2,52.69,49.93,50.22,51.48,-1.26,-2.4476,68245.58,347286.139,5.2978,1.73,91.5937,5.8137,3389850.0
688297.SH,2023-05-30,50.15,50.67,48.82,49.8,50.22,-0.42,-0.8363,51230.19,254301.892,3.977,1.14,90.8277,5.7651,3361500.0
688297.SH,2023-05-31,49.85,50.8,49.19,50.48,49.8,0.68,1.3655,32904.67,165195.422,2.5544,0.69,92.068,5.8438,3407400.0
688297.SH,2023-06-01,50.08,51.38,49.88,50.96,50.48,0.48,0.9509,34176.62,173684.869,2.6531,0.72,92.9434,5.8994,3439800.0
688297.SH,2023-06-02,50.85,51.3,50.52,50.85,50.96,-0.11,-0.2159,26175.98,133137.605,2.032,0.58,92.7428,5.8866,3432375.0
688297.SH,2023-06-05,50.85,51.49,50.58,50.78,50.85,-0.07,-0.1377,34889.85,177715.051,2.7085,0.82,92.6151,5.8785,3427650.0
688297.SH,2023-06-06,50.78,50.78,48.5,48.54,50.78,-2.24,-4.4112,55178.05,271752.923,4.2834,1.54,88.5297,5.6192,3276450.0
688297.SH,2023-06-07,48.54,48.75,47.99,48.27,48.54,-0.27,-0.5562,28744.33,138783.686,2.2314,0.78,88.0372,5.588,3258225.0
688297.SH,2023-06-08,48.38,48.72,47.77,48.34,48.27,0.07,0.145,41744.7,200724.879,3.2406,1.16,88.1649,5.5961,3262950.0
688297.SH,2023-06-09,48.09,50.3,47.7,49.17,47.99,1.18,2.4588,74665.02,365854.273,5.7962,2.0,89.6787,5.934,3318975.0
688297.SH,2023-06-12,49.47,49.88,49.1,49.18,49.17,0.01,0.0203,42255.39,208767.508,3.2802,0.9,89.6969,5.9352,3319650.0
688297.SH,2023-06-13,49.18,49.97,48.5,49.43,49.18,0.25,0.5083,38426.14,189804.926,2.983,0.79,90.1529,5.9653,3336525.0
688297.SH,2023-06-14,49.24,49.6,48.94,49.4,49.43,-0.03,-0.0607,18472.53,91232.554,1.434,0.41,90.0982,5.9617,3334500.0
688297.SH,2023-06-15,49.59,50.75,49.13,50.27,49.4,0.87,1.7611,39219.63,196353.755,3.0446,0.91,91.6849,6.0667,3393225.0
688297.SH,2023-06-16,50.15,51.25,50.08,50.71,50.27,0.44,0.8753,32232.32,163870.799,2.5022,0.76,92.4874,6.1198,3422925.0
688297.SH,2023-06-19,50.8,51.09,50.17,50.42,50.71,-0.29,-0.5719,28395.6,143354.859,2.2043,0.83,91.9585,6.0848,3403350.0
688297.SH,2023-06-20,50.12,51.12,49.6,50.38,50.42,-0.04,-0.0793,44741.82,226404.335,3.4733,1.43,91.8856,6.08,3400650.0
688297.SH,2023-06-21,50.18,50.18,48.79,48.79,50.38,-1.59,-3.156,31300.16,154398.291,2.4298,0.96,88.9856,5.8881,3293325.0
688297.SH,2023-06-26,48.89,49.28,47.87,47.87,48.79,-0.92,-1.8856,26853.26,130140.55,2.0846,0.76,87.3077,5.7771,3231225.0
688297.SH,2023-06-27,47.8,48.68,47.54,48.5,47.87,0.63,1.3161,16979.58,82020.347,1.3181,0.52,88.4567,5.8531,3273750.0
688297.SH,2023-06-28,48.5,49.1,47.5,48.7,48.5,0.2,0.4124,31554.42,152228.337,2.4495,1.06,88.8215,5.8772,3287250.0
688297.SH,2023-06-29,48.6,52.0,48.46,50.72,48.7,2.02,4.1478,88521.29,451410.646,4.7995,2.92,92.5057,6.121,3423600.0
688297.SH,2023-06-30,50.42,51.87,50.38,51.29,50.72,0.57,1.1238,52709.59,269998.231,2.8578,1.35,93.5453,6.1898,3462075.0
688297.SH,2023-07-03,51.74,52.77,51.28,52.1,51.29,0.81,1.5793,68149.29,354638.613,3.6949,1.57,95.0226,6.2876,3516750.0
688297.SH,2023-07-04,52.27,53.2,51.81,52.58,52.1,0.48,0.9213,51507.29,271079.159,2.7926,1.0,95.898,6.3455,3549150.0
688297.SH,2023-07-05,52.4,52.88,51.68,51.69,52.58,-0.89,-1.6927,37750.71,196827.107,2.0468,0.65,94.2748,6.2381,3489075.0
688297.SH,2023-07-06,51.59,51.88,50.78,51.22,51.69,-0.47,-0.9093,35848.63,184085.715,1.9437,0.6,93.4176,6.1814,3457350.0
688297.SH,2023-07-07,51.37,51.76,50.65,50.95,51.22,-0.27,-0.5271,35158.33,180108.552,1.9062,0.71,92.9252,6.1488,3439125.0
688297.SH,2023-07-10,51.23,51.65,50.67,50.88,50.95,-0.07,-0.1374,23336.05,119284.246,1.2652,0.51,92.7975,6.1403,3434400.0
688297.SH,2023-07-11,50.8,51.47,50.7,51.26,50.88,0.38,0.7469,19754.46,101049.713,1.0711,0.54,93.4906,6.1862,3460050.0
688297.SH,2023-07-12,51.26,51.26,48.75,48.96,51.26,-2.3,-4.4869,56890.56,282321.614,3.0845,1.87,89.2957,5.9086,3304800.0
688297.SH,2023-07-13,49.3,49.31,48.88,49.1,48.96,0.14,0.2859,23394.0,114866.134,1.2684,0.68,89.551,5.9255,3314250.0
688297.SH,2023-07-14,49.01,49.42,48.81,49.08,49.1,-0.02,-0.0407,24801.47,121745.64,1.3447,0.78,89.5146,5.9231,3312900.0
688297.SH,2023-07-17,49.07,49.29,48.45,48.88,49.08,-0.2,-0.4075,26621.5,129727.606,1.4434,0.9,89.1498,5.899,3299400.0
688297.SH,2023-07-18,48.8,49.37,48.57,48.8,48.88,-0.08,-0.1637,27384.96,134095.452,1.4848,0.9,89.0039,5.8893,3294000.0
688297.SH,2023-07-19,48.8,48.88,48.33,48.49,48.8,-0.31,-0.6352,19732.75,95753.061,1.0699,0.62,88.4385,5.8519,3273075.0
688297.SH,2023-07-20,48.55,48.65,47.74,47.94,48.49,-0.55,-1.1343,25513.82,122753.036,1.3833,1.05,87.4354,5.7855,3235950.0
688297.SH,2023-07-21,47.99,48.42,47.9,48.16,47.94,0.22,0.4589,19369.67,93334.697,1.0502,0.78,87.8366,5.8121,3250800.0
688297.SH,2023-07-24,48.17,48.88,47.83,48.38,48.16,0.22,0.4568,27178.33,131670.37,1.4736,1.15,88.2379,5.8386,3265650.0
688297.SH,2023-07-25,48.8,49.17,48.31,49.1,48.38,0.72,1.4882,26405.45,128954.145,1.4317,1.11,89.551,5.9255,3314250.0
688297.SH,2023-07-26,49.05,49.42,48.54,48.76,49.1,-0.34,-0.6925,19340.38,94552.517,1.0486,0.82,88.9309,5.8845,3291300.0
688297.SH,2023-07-27,49.5,50.82,49.3,49.59,48.76,0.83,1.7022,67313.84,336707.274,3.6496,2.86,90.4447,5.9846,3347325.0
688297.SH,2023-07-28,49.04,49.34,48.1,49.28,49.59,-0.31,-0.6251,39875.77,194456.109,2.162,1.25,89.8793,5.9472,3326400.0
688297.SH,2023-07-31,49.3,50.01,49.13,49.92,49.28,0.64,1.2987,35554.96,176540.97,1.9277,0.99,91.0466,6.0245,3369600.0
688297.SH,2023-08-01,49.78,50.35,48.92,49.39,49.92,-0.53,-1.0617,36618.99,181481.604,1.9854,0.97,90.08,5.9605,3333825.0
688297.SH,2023-08-02,49.35,49.35,48.17,48.5,49.39,-0.89,-1.802,34706.17,168301.818,1.8817,0.87,88.4567,5.8531,3273750.0
688297.SH,2023-08-03,48.39,48.78,48.2,48.64,48.5,0.14,0.2887,14524.28,70537.577,0.7875,0.34,88.7121,5.87,3283200.0
688297.SH,2023-08-04,48.7,49.05,48.6,48.74,48.64,0.1,0.2056,18671.0,91142.268,1.0123,0.58,88.8945,5.8821,3289950.0
688297.SH,2023-08-07,48.1,49.07,48.05,48.73,48.74,-0.01,-0.0205,17064.31,83142.59,0.9252,0.61,88.8762,5.8809,3289275.0
688297.SH,2023-08-08,48.37,49.0,48.11,48.96,48.73,0.23,0.472,17285.59,83965.119,0.9372,0.71,89.2957,5.9086,3304800.0
688297.SH,2023-08-09,48.72,48.94,48.48,48.72,48.96,-0.24,-0.4902,10340.66,50372.023,0.5607,0.51,88.858,5.8796,3288600.0
688297.SH,2023-08-10,48.8,48.91,48.26,48.72,48.72,0.0,0.0,14650.27,71062.793,0.7943,0.94,88.858,5.8796,3288600.0
688297.SH,2023-08-11,48.68,48.74,47.6,47.75,48.72,-0.97,-1.991,19473.08,93876.533,1.0558,1.25,87.0888,5.7626,3223125.0
688297.SH,2023-08-14,47.44,47.66,45.7,46.99,47.75,-0.76,-1.5916,33839.12,157732.336,1.8347,2.15,85.7027,5.6709,3171825.0
688297.SH,2023-08-15,46.8,47.24,46.55,46.87,46.99,-0.12,-0.2554,12631.82,59172.565,0.6849,0.66,85.4839,5.6564,3163725.0
688297.SH,2023-08-16,46.63,47.13,46.03,46.06,46.87,-0.81,-1.7282,11537.26,53841.317,0.6255,0.63,84.0065,5.5586,3109050.0
688297.SH,2023-08-17,46.15,48.28,45.87,47.92,46.06,1.86,4.0382,41752.4,198474.837,2.2637,2.27,87.3989,5.7831,3234600.0
688297.SH,2023-08-18,47.9,48.46,47.6,47.8,47.92,-0.12,-0.2504,30497.05,146596.776,1.6535,1.28,87.18,5.7686,3226500.0
688297.SH,2023-08-21,48.15,48.85,47.8,47.84,47.8,0.04,0.0837,29782.2,143875.937,1.6147,1.14,87.253,5.6181,3229200.0
688297.SH,2023-08-22,47.75,48.58,46.41,48.16,47.84,0.32,0.6689,33215.58,158360.858,1.8009,1.32,87.8366,5.6557,3250800.0
688297.SH,2023-08-23,47.93,48.05,46.76,46.76,48.16,-1.4,-2.907,18545.56,87517.784,1.0055,0.63,85.2832,5.4913,3156300.0
688297.SH,2023-08-24,46.81,47.21,46.3,46.92,46.76,0.16,0.3422,14811.56,69510.259,0.8031,0.48,85.575,5.5101,3167100.0
688297.SH,2023-08-25,46.85,47.0,45.8,45.99,46.92,-0.93,-1.9821,17638.9,81775.998,0.9564,0.7,83.8789,5.4009,3104325.0
688297.SH,2023-08-28,48.35,48.5,46.31,46.6,45.99,0.61,1.3264,24742.11,117156.081,1.3415,1.09,84.9914,5.4725,3145500.0
688297.SH,2023-08-29,46.53,48.55,46.53,48.16,46.6,1.56,3.3476,25645.46,122663.313,1.3905,1.18,87.8366,5.6557,3250800.0
688297.SH,2023-08-30,48.56,49.1,48.0,48.66,48.16,0.5,1.0382,30487.68,148558.858,1.653,1.5,88.7485,5.7144,3284550.0
688297.SH,2023-08-31,48.5,48.89,48.29,48.67,48.66,0.01,0.0206,15006.35,72906.49,0.8136,0.66,88.7668,5.7156,3285225.0
688297.SH,2023-09-01,48.7,48.94,48.31,48.83,48.67,0.16,0.3287,15623.54,76057.347,0.8471,0.69,89.0586,5.7344,3296025.0
688297.SH,2023-09-04,48.88,49.46,48.79,49.15,48.83,0.32,0.6553,23811.66,117062.655,1.291,1.07,89.6422,5.772,3317625.0
688297.SH,2023-09-05,49.2,49.79,48.69,48.8,49.15,-0.35,-0.7121,20072.91,98804.067,1.0883,0.91,89.0039,5.7309,3294000.0
688297.SH,2023-09-06,48.78,49.33,48.16,49.12,48.8,0.32,0.6557,22848.97,111473.583,1.2388,1.09,89.5875,5.7684,3315600.0
688297.SH,2023-09-07,48.8,49.25,47.84,47.84,49.12,-1.28,-2.6059,23018.71,111717.499,1.248,1.18,87.253,5.6181,3229200.0
688297.SH,2023-09-08,47.8,49.53,47.8,49.23,47.84,1.39,2.9055,35964.8,176306.604,1.95,1.71,89.7881,5.7813,3323025.0
688297.SH,2023-09-11,49.2,49.2,48.42,48.91,49.23,-0.32,-0.65,24700.24,120398.448,1.3392,0.98,89.2045,5.7438,3301425.0
688297.SH,2023-09-12,48.72,49.1,48.48,48.8,48.91,-0.11,-0.2249,14069.5,68590.091,0.7628,0.56,89.0039,5.7309,3294000.0
688297.SH,2023-09-13,48.87,48.87,48.1,48.3,48.8,-0.5,-1.0246,14306.1,69108.325,0.7757,0.59,88.092,5.6721,3260250.0
688297.SH,2023-09-14,48.3,48.5,47.6,47.6,48.3,-0.7,-1.4493,18818.33,90158.187,1.0203,0.84,86.8153,5.5899,3213000.0
688297.SH,2023-09-15,47.6,47.93,47.03,47.93,47.6,0.33,0.6933,22898.51,108632.632,1.2415,1.06,87.4171,5.6287,3235275.0
688297.SH,2023-09-18,47.6,47.8,47.08,47.65,47.93,-0.28,-0.5842,10883.12,51671.086,0.5901,0.57,86.9065,5.5958,3216375.0
688297.SH,2023-09-19,47.6,47.76,46.57,46.71,47.65,-0.94,-1.9727,15125.73,71004.619,0.8201,0.93,85.192,5.4854,3152925.0
688297.SH,2023-09-20,46.78,46.94,46.39,46.43,46.71,-0.28,-0.5994,9500.21,44280.717,0.5151,0.58,84.6814,5.4525,3134025.0
688297.SH,2023-09-21,46.45,46.93,46.28,46.82,46.43,0.39,0.84,12787.5,59697.838,0.6933,0.83,85.3927,5.4983,3160350.0
688297.SH,2023-09-22,46.7,47.38,46.4,47.31,46.82,0.49,1.0466,13928.96,65512.841,0.7552,0.98,86.2863,5.5559,3193425.0
688297.SH,2023-09-25,47.11,47.28,46.6,46.75,47.31,-0.56,-1.1837,10546.59,49376.944,0.5718,0.85,85.265,5.4901,3155625.0
688297.SH,2023-09-26,46.77,46.77,46.44,46.51,46.75,-0.24,-0.5134,6974.09,32465.052,0.3781,0.56,84.8273,5.4619,3139425.0
688297.SH,2023-09-27,46.46,46.85,46.42,46.52,46.51,0.01,0.0215,10023.49,46709.054,0.5435,0.93,84.8455,5.4631,3140100.0
688297.SH,2023-09-28,46.57,46.83,46.41,46.8,46.52,0.28,0.6019,9417.09,43980.554,0.5106,0.87,85.3562,5.496,3159000.0
688297.SH,2023-10-09,47.58,47.77,46.94,47.15,46.8,0.35,0.7479,15126.87,71449.667,0.8202,1.49,85.9945,5.5371,3182625.0
688297.SH,2023-10-10,47.38,48.15,47.15,47.8,47.15,0.65,1.3786,23577.49,112591.778,1.2783,2.26,87.18,5.6134,3226500.0
688297.SH,2023-10-11,47.68,47.68,47.02,47.13,47.8,-0.67,-1.4017,20159.66,95301.63,1.093,1.55,85.9581,5.5347,3181275.0
688297.SH,2023-10-12,47.11,47.45,46.84,47.02,47.13,-0.11,-0.2334,14267.76,67110.915,0.7736,0.91,85.7574,5.5218,3173850.0
688297.SH,2023-10-13,47.09,47.2,46.1,46.24,47.02,-0.78,-1.6589,16265.15,75593.086,0.8819,0.99,84.3348,5.4302,3121200.0
688297.SH,2023-10-16,46.33,47.8,46.21,47.4,46.24,1.16,2.5087,32190.52,151948.921,1.7453,1.8,86.4505,5.5664,3199500.0
688297.SH,2023-10-17,46.99,47.36,46.42,47.11,47.4,-0.29,-0.6118,18824.82,88133.571,1.0206,0.88,85.9216,5.5324,3179925.0
688297.SH,2023-10-18,46.9,46.9,45.81,45.94,47.11,-1.17,-2.4835,16989.45,78738.058,0.9211,0.84,83.7877,5.395,3100950.0
688297.SH,2023-10-19,45.71,46.5,45.15,45.17,45.94,-0.77,-1.6761,16286.89,74661.456,0.883,0.83,82.3833,5.3046,3048975.0
688297.SH,2023-10-20,44.68,45.3,44.4,44.85,45.17,-0.32,-0.7084,13439.99,60164.174,0.7287,0.67,81.7997,5.267,3027375.0
688297.SH,2023-10-23,45.07,45.78,44.7,44.7,44.85,-0.15,-0.3344,16669.07,75435.664,0.9038,0.85,81.5261,5.2494,3017250.0
688297.SH,2023-10-24,44.76,45.6,44.58,45.39,44.7,0.69,1.5436,15839.67,71590.818,0.8588,0.96,82.7846,5.3304,3063825.0
688297.SH,2023-10-25,45.6,45.8,45.3,45.32,45.39,-0.07,-0.1542,13693.09,62256.55,0.7424,0.86,82.6569,5.3222,3059100.0
688297.SH,2023-10-26,45.38,45.68,44.7,45.65,45.32,0.33,0.7282,15158.65,68463.666,0.8219,1.0,83.2588,5.3609,3081375.0
688297.SH,2023-10-27,45.7,46.18,45.21,46.09,45.65,0.44,0.9639,16994.55,77767.903,0.9214,1.14,84.0612,5.4126,3111075.0
688297.SH,2023-10-30,45.5,45.95,44.71,45.84,46.09,-0.25,-0.5424,26098.79,118286.565,1.415,1.67,83.6053,5.3515,3094200.0
688297.SH,2023-10-31,45.7,45.97,45.2,45.37,45.84,-0.47,-1.0253,14851.38,67627.455,0.8052,0.85,82.7481,5.2966,3062475.0
688297.SH,2023-11-01,45.33,45.58,45.14,45.22,45.37,-0.15,-0.3306,15943.96,72247.489,0.8645,0.92,82.4745,5.2791,3052350.0
688297.SH,2023-11-02,45.28,45.41,44.74,44.77,45.22,-0.45,-0.9951,14056.23,63171.723,0.7621,0.79,81.6538,5.2266,3021975.0
688297.SH,2023-11-03,44.93,45.4,44.78,45.38,44.77,0.61,1.3625,15729.11,71127.359,0.8528,0.89,82.7663,5.2978,3063150.0
688297.SH,2023-11-06,45.51,45.91,45.36,45.9,45.38,0.52,1.1459,22947.91,104816.807,1.2442,1.32,83.7147,5.3585,3098250.0
688297.SH,2023-11-07,45.8,45.91,45.44,45.75,45.9,-0.15,-0.3268,16947.65,77366.824,0.9189,1.01,83.4411,5.341,3088125.0
688297.SH,2023-11-08,45.59,45.85,45.03,45.29,45.75,-0.46,-1.0055,27423.05,124649.642,1.4868,1.6,82.6022,5.2873,3057075.0
688297.SH,2023-11-09,45.32,45.36,44.71,44.77,45.29,-0.52,-1.1482,23859.08,107245.355,1.2936,1.23,81.6538,5.2266,3021975.0
688297.SH,2023-11-10,44.85,45.06,44.51,44.98,44.77,0.21,0.4691,12922.65,57956.027,0.7006,0.6,82.0368,5.2511,3036150.0
688297.SH,2023-11-13,45.04,46.31,44.89,46.09,44.98,1.11,2.4678,32050.11,146346.998,1.7377,1.54,84.0612,5.3807,3111075.0
688297.SH,2023-11-14,46.14,46.62,45.81,46.11,46.09,0.02,0.0434,27162.62,125380.471,1.4727,1.2,84.0977,5.383,3112425.0
688297.SH,2023-11-15,46.15,46.37,45.86,45.98,46.11,-0.13,-0.2819,18284.05,84118.208,0.9913,0.74,83.8606,5.3678,3103650.0
688297.SH,2023-11-16,45.71,46.18,45.14,45.22,45.98,-0.76,-1.6529,22178.65,101030.527,1.2025,0.97,82.4745,5.2791,3052350.0
688297.SH,2023-11-17,45.2,45.53,45.03,45.39,45.22,0.17,0.3759,13238.52,59969.093,0.7178,0.59,82.7846,5.2989,3063825.0
688297.SH,2023-11-20,45.53,46.06,45.08,45.89,45.39,0.5,1.1016,23600.1,107772.191,1.2796,1.05,83.6965,5.3573,3097575.0
688297.SH,2023-11-21,45.8,46.38,45.58,45.63,45.89,-0.26,-0.5666,23915.12,109812.675,1.2966,1.14,83.2223,5.3269,3080025.0
688297.SH,2023-11-22,45.65,45.78,44.95,45.05,45.63,-0.58,-1.2711,15813.35,71613.647,0.8574,0.78,82.1644,5.2592,3040875.0
688297.SH,2023-11-23,45.08,45.34,44.81,45.0,45.05,-0.05,-0.111,18144.26,81815.305,0.9838,0.92,82.0733,5.2534,3037500.0
688297.SH,2023-11-24,45.05,45.07,44.36,44.74,45.0,-0.26,-0.5778,20980.42,93545.276,1.1375,1.11,81.5991,5.223,3019950.0
688297.SH,2023-11-27,44.9,45.15,44.46,44.56,44.74,-0.18,-0.4023,21182.67,94804.442,1.1485,1.03,81.2708,5.202,3007800.0
688297.SH,2023-11-28,44.58,44.65,43.82,43.99,44.56,-0.57,-1.2792,31356.48,138041.724,1.7001,1.57,80.2312,5.1355,2969325.0
688297.SH,2023-11-29,43.72,44.07,43.36,43.37,43.99,-0.62,-1.4094,22964.82,100430.606,1.2451,1.07,79.1004,5.0631,2927475.0
688297.SH,2023-11-30,43.38,43.44,42.47,42.71,43.37,-0.66,-1.5218,23915.05,102452.285,1.2966,1.04,77.8966,4.9861,2882925.0
688297.SH,2023-12-01,42.76,42.77,42.2,42.65,42.71,-0.06,-0.1405,21175.24,89946.708,1.1481,0.88,77.7872,4.9791,2878875.0
688297.SH,2023-12-04,42.62,43.38,42.22,43.08,42.65,0.43,1.0082,26800.95,114634.094,1.4531,1.11,78.5715,5.0293,2907900.0
688297.SH,2023-12-05,42.8,42.86,40.2,40.24,43.08,-2.84,-6.5924,58796.26,242607.436,3.1878,2.33,73.3917,4.6977,2716200.0
688297.SH,2023-12-06,40.19,40.82,39.93,40.56,40.24,0.32,0.7952,28765.48,116154.644,1.5596,0.94,73.9754,4.7351,2737800.0
688297.SH,2023-12-07,40.39,41.09,40.08,40.95,40.56,0.39,0.9615,33186.13,135064.32,1.7993,1.04,74.6867,4.7806,2764125.0
688297.SH,2023-12-08,40.99,41.45,40.4,41.19,40.95,0.24,0.5861,56948.8,232852.133,3.0877,1.69,75.1244,4.8086,2780325.0
688297.SH,2023-12-11,40.99,41.87,40.6,41.77,41.19,0.58,1.4081,32010.72,132864.628,1.7356,0.78,76.1822,4.8763,2819475.0
688297.SH,2023-12-12,41.67,42.18,41.37,41.56,41.77,-0.21,-0.5028,18561.24,77511.702,1.0064,0.44,75.7992,4.8518,2805300.0
688297.SH,2023-12-13,41.74,42.51,41.45,41.49,41.56,-0.07,-0.1684,21744.77,91197.725,1.179,0.64,75.6715,4.8436,2800575.0
688297.SH,2023-12-14,41.67,41.78,41.12,41.16,41.49,-0.33,-0.7954,11840.53,48995.543,0.642,0.36,75.0697,4.8051,2778300.0
688297.SH,2023-12-15,41.15,41.36,40.52,40.68,41.16,-0.48,-1.1662,16375.63,66859.274,0.8879,0.58,74.1942,4.7491,2745900.0
688297.SH,2023-12-18,40.68,40.68,39.15,39.2,40.68,-1.48,-3.6382,25475.37,101172.047,1.3812,1.27,71.4949,4.5763,2646000.0
688297.SH,2023-12-19,39.0,39.38,37.97,38.37,39.2,-0.83,-2.1173,26518.63,102121.075,1.4378,1.41,69.9811,4.4794,2589975.0
688297.SH,2023-12-20,38.37,38.66,37.81,37.86,38.37,-0.51,-1.3292,18364.85,70219.571,0.9957,0.9,69.051,4.4199,2555550.0
688297.SH,2023-12-21,37.7,38.3,37.41,38.05,37.86,0.19,0.5018,19933.01,75640.304,1.0807,1.01,69.3975,4.442,2568375.0
688297.SH,2023-12-22,37.99,38.99,37.91,38.49,38.05,0.44,1.1564,27162.69,104481.296,1.4727,1.27,70.2,4.4934,2598075.0
688297.SH,2023-12-25,38.44,39.36,38.27,38.39,38.49,-0.1,-0.2598,20834.77,80806.16,1.1296,0.89,70.0176,4.4817,2591325.0
688297.SH,2023-12-26,38.19,38.2,36.81,37.21,38.39,-1.18,-3.0737,30527.83,113666.026,1.6552,1.35,67.8655,4.344,2511675.0
688297.SH,2023-12-27,37.2,37.6,37.0,37.5,37.21,0.29,0.7794,15627.22,58391.088,0.8473,0.67,68.3944,4.3778,2531250.0
688297.SH,2023-12-28,37.68,38.54,37.41,38.16,37.5,0.66,1.76,29809.7,113748.657,1.6162,1.31,69.5981,4.4549,2575800.0
688297.SH,2023-12-29,38.11,38.61,38.0,38.33,38.16,0.17,0.4455,25887.71,99271.796,1.4036,1.04,69.9082,4.4747,2587275.0
688297.SH,2024-01-02,38.53,39.19,38.3,38.39,38.33,0.06,0.1565,30840.69,119496.145,1.6721,1.26,70.0176,4.4817,2591325.0
688297.SH,2024-01-03,38.32,38.34,37.44,37.81,38.39,-0.58,-1.5108,24929.58,94314.48,1.3516,0.94,68.9598,4.414,2552175.0
688297.SH,2024-01-04,37.81,38.14,37.26,37.48,37.81,-0.33,-0.8728,17524.46,65943.185,0.9501,0.69,68.3579,4.3755,2529900.0
688297.SH,2024-01-05,37.53,37.53,36.66,36.76,37.48,-0.72,-1.921,27162.35,100418.68,1.4727,1.05,67.0447,4.2914,2481300.0
688297.SH,2024-01-08,36.81,36.81,35.51,35.51,36.76,-1.25,-3.4004,23275.14,83687.907,1.2619,0.92,64.7649,4.1455,2396925.0
688297.SH,2024-01-09,35.55,35.86,34.9,35.1,35.51,-0.41,-1.1546,18049.41,63865.219,0.9786,0.73,64.0171,4.0977,2369250.0
688297.SH,2024-01-10,35.1,35.35,34.28,34.59,35.1,-0.51,-1.453,19905.2,69223.511,1.0792,0.9,63.087,4.0381,2334825.0
688297.SH,2024-01-11,34.56,35.5,34.43,35.48,34.59,0.89,2.573,18008.89,63301.409,0.9764,0.85,64.7102,4.142,2394900.0
688297.SH,2024-01-12,35.35,35.98,35.33,35.84,35.48,0.36,1.0147,21890.45,78058.066,1.1869,1.03,65.3668,4.184,2419200.0
688297.SH,2024-01-15,35.49,35.58,34.6,35.04,35.84,-0.8,-2.2321,22080.09,77338.239,1.1971,1.09,63.9077,4.0906,2365200.0
688297.SH,2024-01-16,35.0,35.05,34.09,34.54,35.04,-0.5,-1.4269,20189.63,69669.086,1.0946,1.01,62.9958,4.0323,2331450.0
688297.SH,2024-01-17,34.47,34.66,33.35,33.35,34.54,-1.19,-3.4453,18526.13,62757.539,1.0045,0.91,60.8254,3.8934,2251125.0
688297.SH,2024-01-18,33.25,33.39,32.41,33.23,33.35,-0.12,-0.3598,31066.61,101805.805,1.6844,1.54,60.6065,3.8793,2243025.0
688297.SH,2024-01-19,33.15,33.4,32.57,32.58,33.23,-0.65,-1.9561,18225.16,59973.931,0.9881,0.8,59.421,3.8035,2199150.0
688297.SH,2024-01-22,32.69,32.77,30.7,30.9,32.58,-1.68,-5.1565,27378.89,86938.362,1.4844,1.24,56.357,3.6073,2085750.0
688297.SH,2024-01-23,30.8,31.57,30.44,31.42,30.9,0.52,1.6828,23882.98,74542.419,1.2949,1.03,57.3054,3.668,2120850.0
688297.SH,2024-01-24,31.58,32.34,30.9,32.2,31.42,0.78,2.4825,25529.04,80495.76,1.3841,1.07,58.728,3.7591,2173500.0
688297.SH,2024-01-25,32.0,34.05,31.95,33.86,32.2,1.66,5.1553,46344.42,154576.804,2.5127,1.84,61.7556,3.9529,2285550.0
688297.SH,2024-01-26,33.7,34.19,33.39,33.69,33.86,-0.17,-0.5021,30110.63,101496.506,1.6325,1.07,61.4455,3.933,2274075.0
688297.SH,2024-01-29,34.29,34.48,33.32,33.32,33.69,-0.37,-1.0982,31694.27,107620.162,1.7184,1.03,60.7707,3.8899,2249100.0
688297.SH,2024-01-30,32.6,33.52,32.3,32.36,33.32,-0.96,-2.8812,23179.18,76307.271,1.2567,0.74,59.0198,3.7778,2184300.0
688297.SH,2024-01-31,31.99,32.09,30.88,30.93,32.36,-1.43,-4.419,28129.73,88322.434,1.5251,0.9,56.4117,3.6108,2087775.0
688297.SH,2024-02-01,30.65,31.25,30.11,30.65,30.93,-0.28,-0.9053,24036.32,73927.226,1.3032,0.75,55.901,3.5782,2068875.0
688297.SH,2024-02-02,30.65,30.99,28.16,29.0,30.65,-1.65,-5.3834,35402.73,104449.685,1.9195,1.29,52.8917,3.3855,1957500.0
688297.SH,2024-02-05,29.06,29.1,26.46,27.56,29.0,-1.44,-4.9655,45162.46,124929.296,2.4486,1.59,50.2653,3.2174,1860300.0
688297.SH,2024-02-06,27.3,30.77,26.78,30.7,27.56,3.14,11.3933,51323.88,148175.073,2.7827,1.65,55.9922,3.5446,2072250.0
688297.SH,2024-02-07,31.26,33.13,30.2,33.05,30.7,2.35,7.6547,69544.17,226413.884,3.7706,1.89,60.2782,3.8159,2230875.0
688297.SH,2024-02-08,33.16,35.1,32.76,33.8,33.05,0.75,2.2693,58878.49,200651.685,3.1923,1.31,61.6461,3.9025,2281500.0
688297.SH,2024-02-19,34.3,34.3,33.22,33.61,33.8,-0.19,-0.5621,39255.51,132136.762,2.1284,0.75,61.2996,3.8806,2268675.0
688297.SH,2024-02-20,33.39,33.64,32.81,33.52,33.61,-0.09,-0.2678,24597.15,81627.959,1.3336,0.47,61.1355,3.8702,2262600.0
688297.SH,2024-02-21,33.08,34.43,32.92,33.43,33.52,-0.09,-0.2685,37483.25,126219.127,2.0323,0.77,60.9713,3.8598,2256525.0
688297.SH,2024-02-22,33.2,33.89,33.06,33.68,33.43,0.25,0.7478,27479.89,92148.279,1.4899,0.6,61.4273,3.8886,2273400.0
688297.SH,2024-02-23,33.68,34.15,33.28,34.07,33.68,0.39,1.158,34188.61,115414.343,1.8536,0.91,62.1386,3.9337,2299725.0
688297.SH,2024-02-26,34.15,35.99,34.15,35.25,34.07,1.18,3.4635,62324.52,219378.922,3.3791,1.91,64.2907,4.0699,2379375.0
688297.SH,2024-02-27,35.13,35.75,34.6,35.71,35.25,0.46,1.305,42340.46,149174.438,2.2956,1.14,65.1297,4.123,2410425.0
688297.SH,2024-02-28,35.59,35.98,33.79,33.79,35.71,-1.92,-5.3766,54967.05,192641.499,2.9802,1.35,61.6279,3.9013,2280825.0
688297.SH,2024-02-29,33.6,34.82,33.6,34.82,33.79,1.03,3.0482,39350.98,135654.708,2.1335,0.89,63.5065,4.0203,2350350.0
688297.SH,2024-03-01,34.98,35.32,34.5,35.11,34.82,0.29,0.8329,34173.96,119268.106,1.8529,0.73,64.0354,4.0538,2369925.0
688297.SH,2024-03-04,35.12,35.12,34.22,34.71,35.11,-0.4,-1.1393,27176.8,94243.268,1.4735,0.58,63.3058,4.0076,2342925.0
688297.SH,2024-03-05,34.6,36.45,34.44,35.5,34.71,0.79,2.276,70758.82,252335.1,3.8364,1.79,64.7467,4.0988,2396250.0
688297.SH,2024-03-06,35.4,36.8,34.96,36.79,35.5,1.29,3.6338,70000.5,253880.179,3.7953,1.55,67.0994,4.2477,2483325.0
688297.SH,2024-03-07,36.79,36.8,35.15,35.37,36.79,-1.42,-3.8597,57980.81,208303.926,3.1436,1.2,64.5096,4.0838,2387475.0
688297.SH,2024-03-08,35.6,35.91,34.76,35.39,35.37,0.02,0.0565,31777.53,111926.971,1.7229,0.61,64.5461,4.0861,2388825.0
688297.SH,2024-03-11,35.0,35.79,34.83,35.7,35.39,0.31,0.876,36869.01,130483.96,1.999,0.72,65.1114,4.1219,2409750.0
688297.SH,2024-03-12,35.95,37.09,35.77,36.8,35.7,1.1,3.0812,55301.45,201532.813,2.9984,1.03,67.1177,4.2489,2484000.0
688297.SH,2024-03-13,36.87,40.04,36.43,38.3,36.8,1.5,4.0761,106393.95,407910.742,5.7685,2.11,69.8535,4.4221,2585250.0
688297.SH,2024-03-14,38.0,38.4,36.55,37.14,38.3,-1.16,-3.0287,56532.83,211177.723,3.0651,0.98,67.7378,4.2881,2506950.0
688297.SH,2024-03-15,37.39,39.28,37.2,38.85,37.14,1.71,4.6042,73562.52,281877.197,3.9884,1.28,86.669,4.4856,2622375.0
688297.SH,2024-03-18,38.85,39.96,38.14,39.58,38.85,0.73,1.879,73146.09,287494.987,3.9659,1.11,88.2975,4.5699,2671650.0
688297.SH,2024-03-19,39.42,39.43,37.98,38.02,39.58,-1.56,-3.9414,68592.71,264973.041,3.719,0.94,84.8174,4.3897,2566350.0
688297.SH,2024-03-20,37.85,38.38,37.5,37.98,38.02,-0.04,-0.1052,45420.97,171934.308,2.4626,0.6,84.7281,4.3851,2563650.0
688297.SH,2024-03-21,38.1,39.11,37.18,38.73,37.98,0.75,1.9747,63295.58,242200.246,3.4318,1.0,86.4013,4.4717,2614275.0
688297.SH,2024-03-22,38.11,38.4,37.06,37.06,38.73,-1.67,-4.3119,47599.02,178215.031,1.7932,0.73,82.6757,4.2789,2501550.0
688297.SH,2024-03-25,36.8,37.62,36.51,36.51,37.06,-0.55,-1.4841,33772.25,125239.993,1.2723,0.57,81.4488,4.2154,2464425.0
688297.SH,2024-03-26,36.32,36.7,35.54,35.95,36.51,-0.56,-1.5338,32718.66,118253.729,1.2326,0.63,80.1995,4.1507,2426625.0
688297.SH,2024-03-27,35.95,35.97,34.5,34.5,35.95,-1.45,-4.0334,31667.9,111015.937,1.193,0.71,76.9647,3.9833,2328750.0
688297.SH,2024-03-28,34.61,39.99,34.6,38.9,34.5,4.4,12.7536,106389.83,402073.606,4.0081,2.54,86.7805,4.4913,2625750.0
688297.SH,2024-03-29,38.32,39.88,37.67,39.02,38.9,0.12,0.3085,75158.25,289856.933,2.8315,1.49,87.0482,4.5052,2633850.0
688297.SH,2024-04-01,39.12,39.88,38.45,39.66,39.02,0.64,1.6402,66733.17,260707.509,2.5141,1.19,88.476,4.5791,2677050.0
688297.SH,2024-04-02,39.55,39.58,38.36,38.66,39.66,-1.0,-2.5214,57455.46,223755.85,2.1645,0.92,86.2451,4.4636,2609550.0
688297.SH,2024-04-03,38.14,38.32,36.87,37.43,38.66,-1.23,-3.1816,50216.22,188127.53,1.8918,0.74,83.5012,4.3216,2526525.0
688297.SH,2024-04-08,37.49,37.72,36.11,36.25,37.43,-1.18,-3.1526,39368.91,144776.979,1.4832,0.55,80.8688,4.1854,2446875.0
688297.SH,2024-04-09,36.36,36.79,35.77,36.46,36.25,0.21,0.5793,32436.34,117735.786,1.222,0.56,81.3372,4.2096,2461050.0
688297.SH,2024-04-10,36.47,36.49,35.3,36.0,36.46,-0.46,-1.2617,31773.05,113848.668,1.197,0.65,80.311,4.1565,2430000.0
688297.SH,2024-04-11,35.9,36.25,35.52,35.86,36.0,-0.14,-0.3889,21849.12,78488.327,0.8231,0.52,79.9987,4.1403,2420550.0
688297.SH,2024-04-12,35.76,36.5,35.52,35.72,35.86,-0.14,-0.3904,25718.37,92848.809,0.9689,0.73,79.6864,4.1242,2411100.0
688297.SH,2024-04-15,36.1,38.34,36.1,37.1,35.72,1.38,3.8634,69953.53,260866.09,2.6354,2.31,82.765,4.2835,2504250.0
688297.SH,2024-04-16,36.6,37.0,33.96,34.3,37.1,-2.8,-7.5472,59682.56,210603.77,2.2484,1.64,76.5186,3.9602,2315250.0
688297.SH,2024-04-17,34.85,36.39,34.49,36.1,34.3,1.8,5.2478,43410.54,155437.941,1.6354,1.04,80.5341,4.1681,2436750.0
688297.SH,2024-04-18,36.28,37.79,35.8,36.61,36.1,0.51,1.4127,56279.43,207887.83,2.1202,1.28,81.6719,4.2269,2471175.0
688297.SH,2024-04-19,36.25,39.99,36.25,39.0,36.61,2.39,6.5283,124147.97,480987.361,4.6771,2.43,87.0036,4.5029,2632500.0
688297.SH,2024-04-22,38.58,41.02,37.71,40.4,39.0,1.4,3.5897,129074.24,515098.91,4.8627,1.83,90.1268,4.6645,2727000.0
688297.SH,2024-04-23,39.86,39.86,38.52,38.8,40.4,-1.6,-3.9604,80096.98,313929.567,3.0175,0.97,86.5574,4.4798,2619000.0
688297.SH,2024-04-24,38.7,40.37,38.22,39.71,38.8,0.91,2.3454,77676.38,307162.488,2.9263,0.9,88.5875,4.5849,2680425.0
688297.SH,2024-04-25,39.77,40.19,39.21,39.88,39.71,0.17,0.4281,61734.88,245578.805,2.3258,0.66,88.9668,4.6045,2691900.0
688297.SH,2024-04-26,39.99,40.38,38.86,39.7,39.88,-0.18,-0.4514,86194.41,341454.123,3.2472,0.91,88.5652,4.5837,2679750.0
688297.SH,2024-04-29,37.96,39.18,37.5,38.89,39.7,-0.81,-2.0403,80389.33,309679.83,3.0285,0.92,86.7582,4.5061,2625075.0
688297.SH,2024-04-30,38.99,39.15,36.36,36.85,38.89,-2.04,-5.2456,83410.62,311270.073,3.1424,1.08,82.2073,4.2697,2487375.0
688297.SH,2024-05-06,37.1,37.85,37.1,37.22,36.85,0.37,1.0041,41819.36,156647.995,1.5755,0.54,83.0327,4.3126,2512350.0
688297.SH,2024-05-07,37.41,38.67,37.05,38.0,37.22,0.78,2.0956,64073.99,244307.602,2.4139,0.91,84.7728,4.403,2565000.0
688297.SH,2024-05-08,37.95,38.88,37.41,37.9,38.0,-0.1,-0.2632,48603.44,185714.945,1.8311,0.68,84.5497,4.3914,2558250.0
688297.SH,2024-05-09,38.24,38.97,37.36,38.58,37.9,0.68,1.7942,52930.96,202605.165,1.9941,0.83,86.0667,4.4702,2604150.0
688297.SH,2024-05-10,38.4,39.17,37.82,37.93,38.58,-0.65,-1.6848,38754.09,148255.67,1.46,0.67,84.6166,4.3949,2560275.0
688297.SH,2024-05-13,37.62,37.81,36.55,36.73,37.93,-1.2,-3.1637,42411.05,156348.076,1.5978,0.86,81.9396,4.2558,2479275.0
688297.SH,2024-05-14,36.95,36.96,36.41,36.86,36.73,0.13,0.3539,24375.68,89480.075,0.9183,0.49,82.2296,4.2709,2488050.0
688297.SH,2024-05-15,36.6,37.2,36.1,36.46,36.86,-0.4,-1.0852,24112.18,88406.881,0.9084,0.58,81.3372,4.2246,2461050.0
688297.SH,2024-05-16,36.54,36.95,35.91,36.22,36.46,-0.24,-0.6583,34638.2,126047.436,1.3049,0.95,80.8018,4.1968,2444850.0
688297.SH,2024-05-17,36.41,37.5,36.13,37.2,36.22,0.98,2.7057,44412.95,164100.128,1.6732,1.35,82.9881,4.3103,2511000.0
688297.SH,2024-05-20,37.2,38.05,36.85,37.74,37.2,0.54,1.4516,38575.87,145061.544,1.4533,1.13,84.1927,4.3729,2547450.0
688297.SH,2024-05-21,37.44,37.5,36.36,36.42,37.74,-1.32,-3.4976,32673.77,119871.984,1.2309,0.98,81.248,4.2199,2458350.0
688297.SH,2024-05-22,36.55,36.65,35.89,36.59,36.42,0.17,0.4668,25051.34,90897.981,0.9438,0.72,81.6272,4.2396,2469825.0
688297.SH,2024-05-23,36.4,37.73,36.3,36.94,36.59,0.35,0.9565,51317.47,190526.113,1.9333,1.46,82.408,4.2802,2493450.0
688297.SH,2024-05-24,36.3,36.3,35.1,35.1,36.76,-1.66,-4.5158,38126.85,135248.484,1.4364,0.99,78.3033,4.1521,2369250.0
688297.SH,2024-05-27,34.31,34.39,33.24,33.85,35.1,-1.25,-3.5613,45823.94,154707.035,1.7263,1.23,75.5147,4.0043,2284875.0
688297.SH,2024-05-28,33.89,33.97,33.03,33.47,33.85,-0.38,-1.1226,22983.63,77099.343,0.8659,0.6,74.667,3.9593,2259225.0
688297.SH,2024-05-29,33.78,33.84,33.25,33.53,33.47,0.06,0.1793,18729.93,62733.743,0.7056,0.51,74.8008,3.9664,2263275.0
688297.SH,2024-05-30,33.31,34.19,33.05,33.81,33.53,0.28,0.8351,24195.61,81574.816,0.9115,0.68,75.4254,3.9995,2282175.0
688297.SH,2024-05-31,33.83,35.6,33.75,35.22,33.81,1.41,4.1704,47203.82,164895.797,1.7783,1.57,78.571,4.1663,2377350.0
688297.SH,2024-06-03,35.29,36.34,35.23,35.9,35.22,0.68,1.9307,54750.54,196981.652,2.0626,1.72,80.0879,4.2468,2423250.0
688297.SH,2024-06-04,35.9,36.5,35.23,36.48,35.9,0.58,1.6156,36513.91,131513.57,1.3756,1.09,81.3818,4.3154,2462400.0
688297.SH,2024-06-05,36.48,37.38,36.2,36.85,36.48,0.37,1.0143,37356.86,138449.918,1.4074,1.03,82.2073,4.3592,2487375.0
688297.SH,2024-06-06,36.8,37.1,35.98,36.08,36.85,-0.77,-2.0896,32587.54,118407.614,1.2277,0.81,80.4895,4.2681,2435400.0
688297.SH,2024-06-07,36.45,36.71,35.85,36.46,36.08,0.38,1.0532,27621.31,100365.072,1.0406,0.66,81.3372,4.313,2461050.0
688297.SH,2024-06-11,36.39,37.0,35.7,36.91,36.46,0.45,1.2342,24148.4,88541.814,0.9098,0.64,82.3411,4.3662,2491425.0
688297.SH,2024-06-12,36.95,37.75,36.74,37.1,36.91,0.19,0.5148,28327.48,105831.933,1.0672,0.9,82.765,4.3887,2504250.0
688297.SH,2024-06-13,37.05,37.53,36.84,37.4,37.1,0.3,0.8086,37640.53,140147.569,1.418,1.25,83.4342,4.4242,2524500.0
688297.SH,2024-06-14,37.3,37.7,35.44,35.53,37.4,-1.87,-5.0,84235.47,306971.729,3.1734,2.8,79.2625,4.203,2398275.0
688297.SH,2024-06-17,35.5,36.45,35.08,36.2,35.53,0.67,1.8857,45697.48,164825.671,1.7216,1.13,80.7572,4.2823,2443500.0
688297.SH,2024-06-18,36.0,36.98,36.0,36.74,36.2,0.54,1.4917,33431.43,122787.732,1.2595,0.76,81.9619,4.3461,2479950.0
688297.SH,2024-06-19,36.84,36.98,35.5,35.51,36.74,-1.23,-3.3478,27713.66,99637.049,1.0441,0.6,79.2179,4.2006,2396925.0
688297.SH,2024-06-20,35.61,35.79,35.0,35.0,35.51,-0.51,-1.4362,22893.97,80837.556,0.8625,0.5,78.0802,4.1403,2362500.0
688297.SH,2024-06-21,34.9,35.3,34.27,34.43,35.0,-0.57,-1.6286,20124.61,69698.133,0.7582,0.47,76.8086,4.0729,2324025.0
688297.SH,2024-06-24,34.21,34.61,33.34,33.4,34.43,-1.03,-2.9916,18698.65,63473.072,0.7044,0.62,74.5108,3.951,2254500.0
688297.SH,2024-06-25,33.25,33.78,32.55,32.86,33.4,-0.54,-1.6168,25115.94,83135.074,0.9462,1.02,73.3061,3.8872,2218050.0
688297.SH,2024-06-26,32.69,33.4,32.08,33.37,32.86,0.51,1.552,19912.33,65408.09,0.7502,0.87,74.4439,3.9475,2252475.0
688297.SH,2024-06-27,33.32,33.56,32.41,32.41,33.37,-0.96,-2.8768,19008.17,62464.008,0.7161,0.89,72.3022,3.8339,2187675.0
688297.SH,2024-06-28,32.31,33.65,32.31,33.03,32.41,0.62,1.913,27125.52,90113.039,1.0219,1.32,73.6854,3.9073,2229525.0
688297.SH,2024-07-01,32.89,33.3,32.38,33.1,33.03,0.07,0.2119,18927.17,62260.341,0.6968,0.86,73.8415,3.9155,2234250.0
688297.SH,2024-07-02,33.23,33.25,32.35,32.68,33.1,-0.42,-1.2689,18761.09,61426.966,0.6907,0.85,72.9046,3.8659,2205900.0
688297.SH,2024-07-03,32.66,32.8,31.92,31.92,32.68,-0.76,-2.3256,18724.41,60164.967,0.6894,0.9,71.2091,3.776,2154600.0
688297.SH,2024-07-04,31.94,32.04,31.04,31.09,31.92,-0.83,-2.6003,21637.76,67928.815,0.7966,1.06,69.3575,3.6778,2098575.0
688297.SH,2024-07-05,30.9,31.22,30.48,31.08,31.09,-0.01,-0.0322,16521.75,50955.539,0.6083,0.79,69.3352,3.6766,2097900.0
688297.SH,2024-07-08,31.11,31.38,29.77,29.95,31.08,-1.13,-3.6358,21820.39,66001.961,0.8033,1.15,66.8143,3.5429,2021625.0
688297.SH,2024-07-09,30.0,30.37,29.15,30.33,29.95,0.38,1.2688,29372.9,87788.201,1.0814,1.51,67.662,3.5879,2047275.0
688297.SH,2024-07-10,30.3,30.65,29.7,29.85,30.33,-0.48,-1.5826,20223.25,60994.319,0.7445,0.94,66.5912,3.5311,2014875.0
688297.SH,2024-07-11,30.5,30.78,30.06,30.37,29.85,0.52,1.742,24807.41,75446.989,0.9133,1.13,67.7513,3.5926,2049975.0
688297.SH,2024-07-12,30.4,30.6,30.01,30.26,30.37,-0.11,-0.3622,18648.91,56391.648,0.6866,0.83,67.5059,3.5796,2042550.0
688297.SH,2024-07-15,30.26,30.43,29.4,29.69,30.26,-0.57,-1.8837,17378.31,51825.598,0.6398,0.76,66.2343,3.5122,2004075.0
688297.SH,2024-07-16,29.6,29.86,29.33,29.8,29.69,0.11,0.3705,16052.73,47567.679,0.591,0.73,66.4797,3.5252,2011500.0
688297.SH,2024-07-17,29.8,29.98,29.58,29.67,29.8,-0.13,-0.4362,12857.7,38209.137,0.4734,0.66,66.1897,3.5098,2002725.0
688297.SH,2024-07-18,29.62,30.48,29.01,30.46,29.67,0.79,2.6626,30399.99,90888.623,1.1192,1.69,67.9521,3.6032,2056050.0
688297.SH,2024-07-19,30.31,31.52,30.23,31.2,30.46,0.74,2.4294,34263.0,106062.759,1.2614,1.8,69.6029,3.6908,2106000.0
688297.SH,2024-07-22,31.18,32.14,31.1,31.67,31.2,0.47,1.5064,31612.16,100285.781,1.1638,1.42,70.6514,3.7464,2137725.0
688297.SH,2024-07-23,31.5,31.78,30.77,30.78,31.67,-0.89,-2.8102,21199.32,66237.956,0.7805,0.85,68.6659,3.6411,2077650.0
688297.SH,2024-07-24,30.7,31.52,30.53,30.64,30.78,-0.14,-0.4548,18869.4,58350.694,0.6947,0.72,68.3536,3.6245,2068200.0
688297.SH,2024-07-25,30.48,30.9,30.33,30.56,30.64,-0.08,-0.2611,14177.02,43434.065,0.5219,0.52,68.1751,3.6151,2062800.0
688297.SH,2024-07-26,30.56,31.88,30.56,31.77,30.56,1.21,3.9594,27617.1,86530.196,1.0167,1.15,70.8745,3.7582,2144475.0
688297.SH,2024-07-29,31.71,32.33,31.52,32.06,31.77,0.29,0.9128,29557.32,94336.912,1.0882,1.3,71.5214,3.7925,2164050.0
688297.SH,2024-07-30,31.88,32.53,31.3,32.17,32.06,0.11,0.3431,25672.83,82139.278,0.9452,1.15,71.7668,3.8055,2171475.0
688297.SH,2024-07-31,32.16,33.45,31.86,33.2,32.17,1.03,3.2017,33526.4,109692.375,1.2343,1.45,74.0646,3.9274,2241000.0
688297.SH,2024-08-01,33.41,34.39,33.02,33.13,33.2,-0.07,-0.2108,52609.21,176479.55,1.9369,2.01,73.9085,3.9191,2236275.0
688297.SH,2024-08-02,32.58,33.99,32.44,32.66,33.13,-0.47,-1.4187,37858.06,125421.024,1.3938,1.12,72.86,3.8635,2204550.0
688297.SH,2024-08-05,32.57,33.9,32.06,32.23,32.66,-0.43,-1.3166,34614.65,113798.309,1.2744,0.97,71.9007,3.8126,2175525.0
688297.SH,2024-08-06,32.6,34.31,32.05,33.71,32.23,1.48,4.592,62027.33,207747.06,2.2836,1.68,75.2024,3.9877,2275425.0
688297.SH,2024-08-07,33.3,33.78,32.8,33.29,33.71,-0.42,-1.2459,41867.52,139673.653,1.5414,0.95,74.2654,3.938,2247075.0
688297.SH,2024-08-08,32.9,33.46,31.69,32.04,33.29,-1.25,-3.7549,33974.39,109315.286,1.2508,0.74,71.4768,3.7902,2162700.0
688297.SH,2024-08-09,32.06,32.33,31.34,31.42,32.04,-0.62,-1.9351,21386.56,67757.901,0.7874,0.51,70.0937,3.7168,2120850.0
688297.SH,2024-08-12,31.47,31.47,30.7,31.13,31.42,-0.29,-0.923,17663.17,54875.397,0.6503,0.46,69.4467,3.6825,2101275.0
688297.SH,2024-08-13,31.14,31.57,31.0,31.54,31.13,0.41,1.3171,17059.19,53440.428,0.628,0.48,70.3614,3.731,2128950.0
688297.SH,2024-08-14,31.49,31.53,30.8,30.85,31.54,-0.69,-2.1877,18260.97,56701.425,0.6723,0.69,68.8221,3.6494,2082375.0
688297.SH,2024-08-15,30.86,31.3,30.43,31.22,30.85,0.37,1.1994,25964.74,80096.268,0.9559,1.2,69.6475,3.6932,2107350.0
688297.SH,2024-08-16,31.2,31.27,30.4,30.43,31.22,-0.79,-2.5304,15815.03,48553.83,0.5822,0.79,67.8851,3.5997,2054025.0
688297.SH,2024-08-19,30.29,30.8,30.15,30.23,30.43,-0.2,-0.6572,13837.07,42065.164,0.5094,0.73,67.439,3.576,2040525.0
688297.SH,2024-08-20,30.23,30.5,29.72,29.75,30.23,-0.48,-1.5878,14023.02,42090.52,0.5163,0.77,66.3681,3.5193,2008125.0
688297.SH,2024-08-21,29.81,30.0,29.62,29.67,29.75,-0.08,-0.2689,8620.41,25667.519,0.3174,0.49,66.1897,3.5098,2002725.0
688297.SH,2024-08-22,29.9,30.46,29.6,29.78,29.67,0.11,0.3707,13936.51,41800.627,0.5131,0.89,66.4351,3.5228,2010150.0
688297.SH,2024-08-23,29.6,30.42,29.52,30.2,29.78,0.42,1.4103,11680.37,35041.495,0.43,0.88,67.372,3.5725,2038500.0
688297.SH,2024-08-26,30.2,30.51,29.99,30.27,30.2,0.07,0.2318,9511.79,28750.159,0.3502,0.77,67.5282,3.5808,2043225.0
688297.SH,2024-08-27,30.25,30.4,29.49,29.95,30.27,-0.32,-1.0572,11903.08,35581.717,0.4382,1.03,66.8143,3.5429,2021625.0
688297.SH,2024-08-28,29.94,30.79,29.85,30.45,29.95,0.5,1.6694,20811.59,63478.89,0.7662,1.87,67.9298,3.6021,2055375.0
688297.SH,2024-08-29,30.49,30.94,30.17,30.65,30.45,0.2,0.6568,12482.72,38336.015,0.4596,0.92,68.3759,3.6257,2068875.0
688297.SH,2024-08-30,30.41,31.18,30.33,30.77,30.65,0.12,0.3915,23093.97,71232.061,0.8502,1.74,68.6436,3.6399,2076975.0
688297.SH,2024-09-02,30.1,30.1,29.15,29.21,30.77,-1.56,-5.0699,28977.08,85707.743,1.0668,1.86,65.1635,3.4597,1971675.0
688297.SH,2024-09-03,29.25,29.7,29.22,29.3,29.21,0.09,0.3081,10189.95,29967.768,0.3752,0.52,65.3643,3.4704,1977750.0
688297.SH,2024-09-04,29.3,29.48,29.02,29.17,29.3,-0.13,-0.4437,12846.72,37535.311,0.473,0.67,65.0742,3.455,1968975.0
688297.SH,2024-09-05,29.2,29.47,29.16,29.31,29.17,0.14,0.4799,10811.2,31664.533,0.398,0.62,65.3866,3.4716,1978425.0
688297.SH,2024-09-06,29.42,29.43,29.0,29.06,29.31,-0.25,-0.853,9621.76,28044.211,0.3542,0.56,64.8289,3.442,1961550.0
688297.SH,2024-09-09,29.0,29.26,28.92,28.98,29.06,-0.08,-0.2753,10526.03,30623.771,0.3875,0.73,64.6504,3.4325,1956150.0
688297.SH,2024-09-10,28.99,29.35,28.63,28.95,28.98,-0.03,-0.1035,12093.91,35029.648,0.4452,1.12,64.5835,3.4289,1954125.0
688297.SH,2024-09-11,28.86,29.23,28.8,29.08,28.95,0.13,0.4491,11118.58,32319.103,0.4093,0.99,64.8735,3.4443,1962900.0
688297.SH,2024-09-12,29.08,29.57,28.93,28.97,29.08,-0.11,-0.3783,11929.88,34937.213,0.4392,1.1,64.6281,3.4313,1955475.0
688297.SH,2024-09-13,28.98,29.05,28.29,28.37,28.97,-0.6,-2.0711,14156.38,40592.453,0.5212,1.28,63.2896,3.3602,1914975.0
688297.SH,2024-09-18,28.45,28.64,27.59,28.01,28.37,-0.36,-1.2689,8505.15,23794.46,0.3131,0.71,62.4864,3.3176,1890675.0
688297.SH,2024-09-19,28.12,28.44,27.43,28.29,28.01,0.28,0.9996,15812.45,44313.912,0.5821,1.37,63.1111,3.3508,1909575.0
688297.SH,2024-09-20,28.1,28.36,28.0,28.2,28.29,-0.09,-0.3181,9877.96,27812.71,0.3637,0.8,62.9103,3.3401,1903500.0
688297.SH,2024-09-23,28.08,28.83,28.06,28.34,28.2,0.14,0.4965,13704.34,39088.485,0.5045,1.14,63.2226,3.3567,1912950.0
688297.SH,2024-09-24,28.57,29.54,28.3,29.53,28.34,1.19,4.199,23654.49,68818.793,0.8709,1.91,65.8774,3.4976,1993275.0
688297.SH,2024-09-25,29.65,30.18,29.58,29.67,29.53,0.14,0.4741,26941.48,80562.213,0.9919,1.88,66.1897,3.5142,2002725.0
688297.SH,2024-09-26,29.65,31.18,29.6,31.17,29.67,1.5,5.0556,28188.99,85751.71,1.0378,1.57,69.536,3.6919,2103975.0
688297.SH,2024-09-27,32.08,33.75,32.0,33.55,31.17,2.38,7.6355,41247.02,136252.874,1.5185,2.01,74.8454,3.9738,2264625.0
688297.SH,2024-09-30,35.2,38.98,35.2,38.0,33.55,4.45,13.2638,127736.51,476133.496,4.7027,4.78,84.7728,4.5009,2565000.0
688297.SH,2024-10-08,45.5,45.5,40.34,44.78,38.0,6.78,17.8421,201670.71,873530.91,7.4247,4.07,99.898,5.3039,3022650.0
688297.SH,2024-10-09,42.88,43.89,39.1,39.5,44.78,-5.28,-11.791,134333.89,561335.029,4.9456,1.58,88.1191,4.6785,2666250.0
688297.SH,2024-10-10,39.63,42.21,39.3,39.73,39.5,0.23,0.5823,98852.09,402238.368,3.6393,0.93,88.6322,4.7058,2681775.0
688297.SH,2024-10-11,39.75,39.78,35.8,36.26,39.73,-3.47,-8.734,71269.33,266070.064,2.6238,0.59,80.8911,4.2948,2447550.0
688297.SH,2024-10-14,37.04,38.66,36.43,38.22,36.26,1.96,5.4054,98900.24,373329.138,3.6411,0.78,85.2635,4.5269,2579850.0
688297.SH,2024-10-15,37.0,39.1,36.71,38.18,38.22,-0.04,-0.1047,97882.58,372370.446,3.6036,0.81,85.1743,4.5222,2577150.0
688297.SH,2024-10-16,37.8,38.18,36.84,37.4,38.18,-0.78,-2.043,64684.06,241814.646,2.3814,0.65,83.4342,4.4298,2524500.0
688297.SH,2024-10-17,37.4,38.45,36.88,37.01,37.4,-0.39,-1.0428,68700.27,258822.328,2.5293,0.8,82.5642,4.3836,2498175.0
688297.SH,2024-10-18,36.71,40.3,36.36,38.82,37.01,1.81,4.8906,100562.32,386011.781,3.7023,1.25,86.6021,4.598,2620350.0
688297.SH,2024-10-21,39.3,43.15,39.08,41.6,38.82,2.78,7.1613,142982.15,595368.218,5.264,1.66,92.8039,4.9272,2808000.0
688297.SH,2024-10-22,41.65,49.87,40.04,46.45,41.6,4.85,11.6587,238313.09,1082816.066,8.7737,2.51,103.6235,5.5017,3135375.0
688297.SH,2024-10-23,45.08,55.74,45.02,55.74,46.45,9.29,20.0,423896.72,2243154.169,15.6061,3.44,124.3483,6.602,3762450.0
688297.SH,2024-10-24,55.0,56.22,50.87,53.8,55.74,-1.94,-3.4804,310749.52,1654906.728,11.4405,1.59,120.0204,6.3723,3631500.0
688297.SH,2024-10-25,53.0,57.77,51.51,52.66,53.8,-1.14,-2.119,273668.08,1486194.229,10.0753,1.12,117.4772,6.2372,3554550.0
688297.SH,2024-10-28,53.19,56.47,50.5,51.47,52.66,-1.19,-2.2598,264230.19,1413923.574,9.7279,0.95,114.8225,6.0963,3474225.0
688297.SH,2024-10-29,50.0,53.44,48.9,49.66,51.47,-1.81,-3.5166,218916.75,1111293.401,8.0596,0.72,110.7846,5.8819,3352050.0
688297.SH,2024-10-30,48.68,52.18,48.68,49.77,49.66,0.11,0.2215,167754.17,844112.902,6.176,0.56,111.03,5.8949,3359475.0
688297.SH,2024-10-31,49.01,52.19,47.94,50.42,49.77,0.65,1.306,192534.39,964020.407,7.0883,0.78,112.4801,6.0207,3403350.0
688297.SH,2024-11-01,48.91,51.53,47.17,47.32,50.42,-3.1,-6.1484,151092.47,737706.559,5.5626,0.68,105.5644,5.6505,3194100.0
688297.SH,2024-11-04,46.75,48.75,46.75,48.6,47.32,1.28,2.705,92443.16,444431.947,3.4034,0.46,108.4199,5.8034,3280500.0
688297.SH,2024-11-05,49.7,54.99,49.7,54.27,48.6,5.67,11.6667,248440.34,1295804.551,9.1465,1.51,121.0689,6.4804,3663225.0
688297.SH,2024-11-06,56.5,60.21,52.5,54.91,54.27,0.64,1.1793,277499.72,1569801.424,10.2164,1.63,122.4966,6.5568,3706425.0
688297.SH,2024-11-07,52.01,53.0,48.95,50.95,54.91,-3.96,-7.2118,216453.26,1103118.659,7.9689,1.13,113.6624,6.084,3439125.0
688297.SH,2024-11-08,51.5,53.21,50.6,51.57,50.95,0.62,1.2169,156985.08,815124.433,5.7795,0.8,115.0456,6.158,3480975.0
688297.SH,2024-11-11,52.48,54.5,50.88,53.49,51.57,1.92,3.7231,189139.73,993130.766,6.9633,0.95,119.3288,6.3873,3610575.0
688297.SH,2024-11-12,53.5,53.5,49.78,50.08,53.49,-3.41,-6.375,163756.36,830547.594,6.0288,0.75,111.7216,5.9801,3380400.0
688297.SH,2024-11-13,49.51,50.42,48.01,50.2,50.08,0.12,0.2396,95322.32,469915.722,3.5094,0.47,111.9893,5.9944,3388500.0
688297.SH,2024-11-14,50.13,50.13,47.2,47.53,50.2,-2.67,-5.3187,83702.1,405766.58,3.0816,0.51,106.0329,5.6756,3208275.0
688297.SH,2024-11-15,47.08,47.74,44.01,44.19,47.53,-3.34,-7.0271,124224.22,568240.963,4.5734,0.9,98.5818,5.2768,2982825.0
688297.SH,2024-11-18,44.55,44.74,42.04,42.62,44.19,-1.57,-3.5528,86597.38,374403.299,3.1882,0.66,95.0793,5.0893,2876850.0
688297.SH,2024-11-19,42.86,44.32,42.48,44.02,42.62,1.4,3.2848,82763.12,359715.81,3.047,0.75,98.2025,5.2565,2971350.0
688297.SH,2024-11-20,43.9,45.8,43.5,45.68,44.02,1.66,3.771,96399.52,433504.617,3.549,1.02,101.9058,5.4547,3083400.0
688297.SH,2024-11-21,45.65,46.15,44.8,45.34,45.68,-0.34,-0.7443,73872.73,335351.024,2.7197,0.78,101.1473,5.4141,3060450.0
688297.SH,2024-11-22,45.73,46.2,43.55,43.56,45.34,-1.78,-3.9259,103857.76,465920.861,3.8236,1.12,97.1764,5.2015,2940300.0
688297.SH,2024-11-25,42.99,43.23,41.88,42.98,43.56,-0.58,-1.3315,76401.14,324616.004,2.8128,0.86,95.8825,5.1323,2901150.0
688297.SH,2024-11-26,42.9,43.37,42.0,42.24,42.98,-0.74,-1.7217,45479.13,194204.066,1.6744,0.52,94.2316,5.0439,2851200.0
688297.SH,2024-11-27,41.8,43.6,41.5,43.52,42.24,1.28,3.0303,75173.35,321664.879,2.7676,0.95,97.0871,5.1968,2937600.0
688297.SH,2024-11-28,43.61,44.87,43.53,43.7,43.52,0.18,0.4136,62259.58,274494.671,2.2921,0.83,97.4887,5.2182,2949750.0
688297.SH,2024-11-29,43.08,44.7,42.6,44.13,43.7,0.43,0.984,79199.96,346521.916,2.9158,1.09,98.4479,5.2696,2978775.0
688297.SH,2024-12-02,44.0,45.0,43.71,44.68,44.13,0.55,1.2463,70482.5,313372.736,2.5949,1.04,99.6749,5.3353,3015900.0
688297.SH,2024-12-03,44.77,44.77,43.2,43.8,44.68,-0.88,-1.9696,66124.76,289663.063,2.4344,0.99,97.7118,5.2302,2956500.0
688297.SH,2024-12-04,43.2,44.0,42.4,42.67,43.8,-1.13,-2.5799,56667.36,244376.136,2.0863,0.8,95.1909,5.0953,2880225.0
688297.SH,2024-12-05,42.66,44.8,42.51,44.0,42.67,1.33,3.1169,69838.78,303786.434,2.5712,1.04,98.1579,5.2541,2970000.0
688297.SH,2024-12-06,43.8,44.7,43.01,44.44,44.0,0.44,1.0,73926.5,325544.601,2.7217,1.08,99.1395,5.3066,2999700.0
688297.SH,2024-12-09,44.44,44.5,43.16,43.33,44.44,-1.11,-2.4977,49647.81,217081.874,1.8278,0.74,96.6633,5.1741,2924775.0
688297.SH,2024-12-10,45.31,46.74,44.13,45.57,43.33,2.24,5.1696,142010.74,646445.065,5.2282,2.25,101.6604,5.4415,3075975.0
688297.SH,2024-12-11,45.57,46.3,44.45,46.25,45.57,0.68,1.4922,85016.5,385331.189,3.13,1.08,103.1774,5.5227,3121875.0
688297.SH,2024-12-12,46.23,48.44,45.85,46.05,46.25,-0.2,-0.4324,137993.07,649048.051,5.0803,1.64,102.7312,5.4989,3108375.0
688297.SH,2024-12-13,45.4,45.44,43.74,43.75,46.05,-2.3,-4.9946,98545.03,437060.733,3.628,1.01,97.6002,5.2242,2953125.0
688297.SH,2024-12-16,43.64,43.69,42.23,42.4,43.75,-1.35,-3.0857,63270.6,271291.863,2.3294,0.62,94.5886,5.063,2862000.0
688297.SH,2024-12-17,42.2,42.71,41.21,41.3,42.4,-1.1,-2.5943,55594.15,233008.489,2.0467,0.53,92.1346,4.9317,2787750.0
688297.SH,2024-12-18,41.4,41.99,41.2,41.44,41.3,0.14,0.339,41563.24,173023.539,1.5302,0.47,92.4469,4.9484,2797200.0
688297.SH,2024-12-19,41.02,41.43,40.54,40.82,41.44,-0.62,-1.4961,51797.78,212393.017,1.907,0.65,91.0638,4.8743,2755350.0
688297.SH,2024-12-20,40.77,42.59,40.52,42.13,40.82,1.31,3.2092,68962.52,288169.792,2.5389,1.11,93.9862,5.0308,2843775.0
688297.SH,2024-12-23,41.98,42.13,40.09,40.28,42.13,-1.85,-4.3912,67602.96,276932.12,2.4889,1.2,89.8591,4.8099,2718900.0
688297.SH,2024-12-24,40.67,41.2,40.34,40.68,40.28,0.4,0.993,38803.63,158040.146,1.4286,0.68,90.7515,4.8576,2745900.0
688297.SH,2024-12-25,40.68,40.68,39.62,39.86,40.68,-0.82,-2.0157,42940.64,171589.617,1.5809,0.8,88.9222,4.7597,2690550.0
688297.SH,2024-12-26,40.2,41.33,40.2,40.85,39.86,0.99,2.4837,54164.03,222017.329,1.9941,1.0,91.1307,4.8779,2757375.0
688297.SH,2024-12-27,42.97,44.61,41.66,43.25,40.85,2.4,5.8752,160313.46,690197.907,5.9021,2.94,96.4848,5.1645,2919375.0
688297.SH,2024-12-30,43.26,43.26,41.68,41.99,43.25,-1.26,-2.9133,91771.23,389468.947,3.3786,1.26,93.6739,5.0141,2834325.0
688297.SH,2024-12-31,42.28,42.28,40.28,40.28,41.99,-1.71,-4.0724,66472.84,272287.504,2.4473,0.86,89.8591,4.8099,2718900.0
688297.SH,2025-01-02,39.97,40.24,38.1,38.48,40.28,-1.8,-4.4687,63230.83,247679.529,2.3279,0.76,85.8436,4.5949,2597400.0
688297.SH,2025-01-03,38.5,38.8,37.09,37.18,38.48,-1.3,-3.3784,53623.14,203140.949,1.9742,0.62,82.9435,4.4397,2509650.0
688297.SH,2025-01-06,37.3,37.88,37.01,37.72,37.18,0.54,1.4524,37594.69,141132.406,1.3841,0.43,84.1481,4.5042,2546100.0
688297.SH,2025-01-07,37.72,38.13,37.34,38.05,37.72,0.33,0.8749,40539.58,153033.09,1.4925,0.65,84.8843,4.5436,2568375.0
688297.SH,2025-01-08,37.99,37.99,36.31,37.6,38.05,-0.45,-1.1827,44348.79,165231.655,1.6327,0.85,83.8804,4.4898,2538000.0
688297.SH,2025-01-09,37.23,39.06,37.23,38.69,37.6,1.09,2.8989,56050.84,215304.591,2.0636,1.17,86.3121,4.62,2611575.0
688297.SH,2025-01-10,38.29,39.07,37.46,37.46,38.69,-1.23,-3.1791,44343.31,169612.785,1.6325,0.96,83.5681,4.4731,2528550.0
688297.SH,2025-01-13,37.09,38.44,36.85,37.79,37.46,0.33,0.8809,36772.33,138709.422,1.3538,0.82,84.3043,4.5125,2550825.0
688297.SH,2025-01-14,37.68,39.56,37.68,39.28,37.79,1.49,3.9428,58411.82,227276.339,2.1505,1.32,87.6283,4.6904,2651400.0
688297.SH,2025-01-15,39.28,39.49,38.58,38.65,39.28,-0.63,-1.6039,40724.84,158384.327,1.4993,0.85,86.2228,4.6152,2608875.0
688297.SH,2025-01-16,38.68,39.55,38.19,38.42,38.65,-0.23,-0.5951,39574.58,153470.08,1.457,0.84,85.7097,4.5878,2593350.0
688297.SH,2025-01-17,38.23,39.54,38.23,38.93,38.42,0.51,1.3274,42687.84,166420.198,1.5716,0.97,86.8475,4.6487,2627775.0
688297.SH,2025-01-20,39.43,39.45,38.39,38.46,38.93,-0.47,-1.2073,40794.92,158560.294,1.5019,0.93,85.799,4.5925,2596050.0
688297.SH,2025-01-21,38.55,38.97,37.51,38.12,38.46,-0.34,-0.884,39009.34,148448.412,1.4362,0.88,85.0405,4.5519,2573100.0
688297.SH,2025-01-22,37.78,37.78,36.9,37.31,38.12,-0.81,-2.1249,39157.27,146004.137,1.4416,0.97,83.2335,4.4552,2518425.0
688297.SH,2025-01-23,37.7,38.5,37.1,37.1,37.31,-0.21,-0.5629,44905.35,170144.939,1.6532,1.12,82.765,4.4301,2504250.0
688297.SH,2025-01-24,37.1,38.1,36.97,37.8,37.1,0.7,1.8868,41397.81,155712.584,1.5241,1.0,84.3266,4.5137,2551500.0
688297.SH,2025-01-27,38.0,38.48,36.88,36.9,37.8,-0.9,-2.381,36450.3,136265.637,1.3419,0.89,82.3188,4.4063,2490750.0
688297.SH,2025-02-05,36.91,37.86,36.43,37.52,36.9,0.62,1.6802,46542.02,173673.68,1.7135,1.16,83.7019,4.4803,2532600.0
688297.SH,2025-02-06,37.51,39.75,37.21,39.58,37.52,2.06,5.4904,81635.33,317517.508,3.0055,1.96,88.2975,4.7263,2671650.0
688297.SH,2025-02-07,39.57,40.58,39.21,39.92,39.58,0.34,0.859,81637.22,326424.645,3.0055,1.63,89.056,4.7669,2694600.0
688297.SH,2025-02-10,39.98,40.58,39.39,40.36,39.92,0.44,1.1022,59266.77,238139.473,2.182,1.03,90.0376,4.8194,2724300.0
688297.SH,2025-02-11,39.98,40.43,39.44,39.88,40.36,-0.48,-1.1893,47765.69,190254.726,1.7585,0.78,88.9668,4.7621,2691900.0
688297.SH,2025-02-12,39.7,40.6,39.45,40.46,39.88,0.58,1.4544,53488.04,214684.936,1.9692,0.84,90.2607,4.8314,2731050.0
688297.SH,2025-02-13,40.55,41.2,39.67,39.7,40.46,-0.76,-1.8784,63938.65,257762.708,2.354,0.99,88.5652,4.7406,2679750.0
688297.SH,2025-02-14,39.63,40.4,39.22,40.11,39.7,0.41,1.0327,54807.9,217855.729,2.0178,0.9,89.4799,4.7896,2707425.0
688297.SH,2025-02-17,39.22,39.74,38.82,39.37,40.11,-0.74,-1.8449,76503.29,300321.112,2.8165,1.37,87.829,4.7012,2657475.0
688297.SH,2025-02-18,39.3,39.3,37.82,38.06,39.37,-1.31,-3.3274,57237.41,221388.282,2.1072,0.97,84.9066,4.5448,2569050.0
688297.SH,2025-02-19,38.0,39.26,37.87,39.21,38.06,1.15,3.0215,60072.92,233604.279,2.2116,0.98,87.4721,4.6821,2646675.0
688297.SH,2025-02-20,39.07,40.45,38.87,40.1,39.21,0.89,2.2698,73465.69,293721.242,2.7047,1.18,89.4576,4.7884,2706750.0
688297.SH,2025-02-21,40.0,40.84,39.61,40.63,40.1,0.53,1.3217,77963.11,314304.102,2.8703,1.21,90.6399,4.8517,2742525.0
688297.SH,2025-02-24,40.98,41.38,40.15,40.62,40.63,-0.01,-0.0246,83830.12,342553.42,3.0863,1.21,90.6176,4.8505,2741850.0
688297.SH,2025-02-25,40.16,41.55,39.85,40.81,40.62,0.19,0.4677,86222.21,352086.632,3.1743,1.22,91.0415,4.8731,2754675.0
688297.SH,2025-02-26,40.66,42.09,40.44,41.33,40.81,0.52,1.2742,80106.35,330626.21,2.9492,1.05,92.2015,4.9352,2789775.0
688297.SH,2025-02-27,41.29,41.69,40.13,40.88,41.33,-0.45,-1.0888,64994.94,264938.366,2.3928,0.81,91.1976,4.8815,2759400.0
688297.SH,2025-02-28,40.4,40.88,38.61,38.81,40.88,-2.07,-5.0636,73475.26,289735.02,2.7051,0.93,86.5798,4.6075,2619675.0
688297.SH,2025-03-03,39.1,42.26,39.01,40.71,38.81,1.9,4.8956,128555.97,531372.736,4.7329,1.65,90.8184,4.833,2747925.0
688297.SH,2025-03-04,40.5,44.21,40.5,43.38,40.71,2.67,6.5586,178988.21,766534.031,6.5896,2.07,96.7748,5.15,2928150.0
688297.SH,2025-03-05,43.3,46.56,43.01,44.48,43.38,1.1,2.5357,207666.49,932590.246,7.6454,1.97,99.2287,5.2806,3002400.0
688297.SH,2025-03-06,44.16,45.7,43.21,45.2,44.48,0.72,1.6187,165302.93,734947.586,6.0858,1.26,100.835,5.3661,3051000.0
688297.SH,2025-03-07,44.99,46.96,44.27,45.31,45.2,0.11,0.2434,176591.06,809402.353,6.5014,1.17,101.0804,5.3791,3058425.0
688297.SH,2025-03-10,45.6,45.99,44.25,44.41,45.31,-0.9,-1.9863,117971.75,529776.477,4.3432,0.69,99.0726,5.2723,2997675.0
688297.SH,2025-03-11,43.43,47.78,43.3,46.98,44.41,2.57,5.787,184545.85,852651.152,6.7942,1.09,104.8059,5.5774,3171150.0
688297.SH,2025-03-12,47.46,49.1,46.16,46.2,46.98,-0.78,-1.6603,148856.13,703881.484,5.4803,0.87,103.0658,5.4848,3118500.0
688297.SH,2025-03-13,46.21,46.86,45.03,45.94,46.2,-0.26,-0.5628,111711.08,512582.55,4.1127,0.7,102.4858,5.4539,3100950.0
688297.SH,2025-03-14,46.1,46.66,44.28,45.7,45.94,-0.24,-0.5224,97224.92,440995.668,3.5794,0.66,101.9504,5.4254,3084750.0
688297.SH,2025-03-17,45.0,45.99,44.94,45.15,45.7,-0.55,-1.2035,78666.74,356335.114,2.8962,0.6,100.7234,5.3601,3047625.0
688297.SH,2025-03-18,45.25,45.7,43.98,44.17,45.15,-0.98,-2.1705,79813.48,356487.841,2.9384,0.64,98.5372,5.2438,2981475.0
688297.SH,2025-03-19,44.38,44.48,43.33,43.71,44.17,-0.46,-1.0414,60049.56,263172.742,2.2108,0.58,97.511,5.1892,2950425.0
688297.SH,2025-03-20,43.75,44.84,43.33,43.54,43.71,-0.17,-0.3889,81878.7,361414.988,3.0144,0.96,97.1317,5.169,2938950.0
688297.SH,2025-03-21,43.47,44.28,43.2,43.91,43.54,0.37,0.8498,73682.89,322305.839,2.7127,0.93,97.9572,5.2129,2963925.0
688297.SH,2025-03-24,43.7,43.98,41.85,42.34,43.91,-1.57,-3.5755,83601.76,356551.373,3.0779,1.12,94.4547,5.0265,2857950.0
688297.SH,2025-03-25,42.35,43.74,41.69,41.9,42.34,-0.44,-1.0392,59178.29,252493.194,2.1787,0.78,93.4731,4.9743,2828250.0
688297.SH,2025-03-26,41.66,42.39,41.17,41.26,41.9,-0.64,-1.5274,49619.77,206712.382,1.8268,0.69,92.0454,4.8983,2785050.0
688297.SH,2025-03-27,41.2,41.35,40.17,40.61,41.26,-0.65,-1.5754,58544.08,238896.683,2.1554,0.84,90.5953,4.8212,2741175.0
688297.SH,2025-03-28,40.61,41.0,39.83,39.85,40.61,-0.76,-1.8715,46201.78,186026.263,1.701,0.71,88.8999,4.7309,2689875.0
688297.SH,2025-03-31,39.95,39.95,38.58,39.11,39.85,-0.74,-1.857,70037.62,272912.186,2.5785,1.18,87.249,4.6431,2639925.0
688297.SH,2025-04-01,39.5,40.68,39.38,39.83,39.11,0.72,1.841,67782.76,271514.828,2.4955,1.2,,4.7286,2688525.0
688297.SH,2025-04-02,40.16,40.26,39.36,39.7,39.83,-0.13,-0.3264,41559.03,164993.495,1.53,0.71,,4.7131,2679750.0
688297.SH,2025-04-03,39.21,40.18,39.15,39.48,39.7,-0.22,-0.5542,38908.68,153922.58,1.4325,0.68,,4.687,2664900.0
688297.SH,2025-04-07,36.39,38.29,31.65,33.23,39.48,-6.25,-15.8308,115664.79,406515.36,4.2583,2.19,,3.945,2243025.0
688297.SH,2025-04-08,33.2,35.4,33.2,34.57,33.23,1.34,4.0325,105073.49,364120.103,3.8684,1.57,,4.1041,2333475.0
688297.SH,2025-04-09,34.2,39.43,34.12,38.73,34.57,4.16,12.0336,162057.22,604639.266,5.9663,2.2,,4.598,2614275.0
688297.SH,2025-04-10,38.0,39.75,37.66,38.75,38.73,0.02,0.0516,104465.25,407616.283,3.846,1.13,,4.6003,2615625.0
688297.SH,2025-04-11,38.46,40.42,38.25,39.46,38.75,0.71,1.8323,78574.98,310097.726,2.8928,0.75,,4.6846,2663550.0
688297.SH,2025-04-14,39.76,39.8,38.8,39.0,39.46,-0.46,-1.1657,70516.42,276334.081,2.5961,0.62,,4.63,2632500.0
688297.SH,2025-04-15,38.9,39.17,37.71,38.4,39.0,-0.6,-1.5385,58137.55,222604.139,2.1404,0.56,,4.5588,2592000.0
688297.SH,2025-04-16,38.57,39.11,37.67,38.22,38.4,-0.18,-0.4688,49689.88,190875.885,1.8294,0.52,,4.5374,2579850.0
688297.SH,2025-04-17,38.05,39.15,37.9,38.03,38.22,-0.19,-0.4971,44736.54,172456.654,1.647,0.62,,4.5149,2567025.0
688297.SH,2025-04-18,38.18,38.18,37.09,37.19,38.03,-0.84,-2.2088,42346.52,158414.128,1.559,0.7,,4.4151,2510325.0
688297.SH,2025-04-21,37.12,38.38,37.12,38.21,37.19,1.02,2.7427,47371.31,180626.142,1.744,0.89,,4.5362,2579175.0
688297.SH,2025-04-22,38.21,38.29,37.67,37.68,38.21,-0.53,-1.3871,36051.26,136814.834,1.3273,0.74,,4.4733,2543400.0
688297.SH,2025-04-23,37.92,38.12,37.12,37.28,37.68,-0.4,-1.0616,44087.87,164951.639,1.6231,1.0,,4.4258,2516400.0
688297.SH,2025-04-24,37.37,37.39,36.48,36.78,37.28,-0.5,-1.3412,36241.0,133445.831,1.3342,0.84,,4.3665,2482650.0
688297.SH,2025-04-25,36.98,37.04,36.22,36.69,36.78,-0.09,-0.2447,30397.0,111319.152,1.1191,0.74,,4.3558,2476575.0
688297.SH,2025-04-28,37.45,38.53,37.3,37.6,36.69,0.91,2.4802,66210.29,250127.096,2.4376,1.71,,4.4476,2538000.0
688297.SH,2025-04-29,37.4,39.22,36.88,38.58,37.6,0.98,2.6064,71943.74,276802.297,2.6487,1.69,,4.5635,2604150.0
688297.SH,2025-04-30,38.73,39.2,38.4,39.2,38.58,0.62,1.6071,53188.0,206962.903,1.9582,1.07,,4.6368,2646000.0
688297.SH,2025-05-06,39.2,39.69,39.01,39.65,39.2,0.45,1.148,62165.91,245032.649,2.2887,1.2,,4.6901,2676375.0
688297.SH,2025-05-07,40.7,47.12,40.5,44.03,39.65,4.38,11.0467,247618.49,1072728.276,9.1163,4.36,,5.2082,2972025.0
688297.SH,2025-05-08,43.58,47.9,42.43,47.77,44.03,3.74,8.4942,287097.82,1298159.959,10.5698,2.86,,5.6505,3224475.0
688297.SH,2025-05-09,46.31,47.31,44.74,44.88,47.77,-2.89,-6.0498,241222.73,1104009.561,8.8808,1.67,,5.3087,3029400.0
688297.SH,2025-05-12,44.0,52.21,43.39,50.0,44.88,5.12,11.4082,363954.44,1775304.457,13.3993,2.04,,5.9143,3375000.0
688297.SH,2025-05-13,49.95,50.0,46.25,46.57,50.0,-3.43,-6.86,254632.9,1217223.635,9.3745,1.06,,5.5086,3143475.0
688297.SH,2025-05-14,46.34,46.95,45.07,45.53,46.57,-1.04,-2.2332,169181.0,773285.528,6.2285,0.61,,5.3856,3073275.0
688297.SH,2025-05-15,45.07,46.05,44.22,44.39,45.53,-1.14,-2.5038,116289.53,522033.427,4.2813,0.44,,5.2507,2996325.0
688297.SH,2025-05-16,44.39,45.18,43.9,44.03,44.39,-0.36,-0.811,101086.51,448205.988,3.7216,0.44,,5.2082,2972025.0
688297.SH,2025-05-19,45.2,48.25,44.01,46.5,44.03,2.47,5.6098,243538.92,1130614.643,8.9661,1.21,,5.5003,3138750.0
688297.SH,2025-05-20,45.7,47.6,44.7,44.88,46.5,-1.62,-3.4839,170896.64,782787.876,6.2917,0.97,,5.3087,3029400.0
688297.SH,2025-05-21,44.48,45.86,44.08,44.63,44.88,-0.25,-0.557,113074.02,507248.616,4.1629,0.71,,5.2791,3012525.0
688297.SH,2025-05-22,44.25,46.28,43.5,44.53,44.63,-0.1,-0.2241,129459.75,584723.681,4.7662,0.87,,5.2673,3005775.0
688297.SH,2025-05-23,44.23,45.9,44.23,45.08,44.53,0.55,1.2351,111655.74,503801.516,4.1107,0.74,,5.3324,3042900.0
688297.SH,2025-05-26,44.61,45.85,43.95,45.68,45.08,0.6,1.331,99532.9,450327.267,3.6644,0.65,,5.4033,3083400.0
688297.SH,2025-05-27,45.58,46.87,45.18,46.61,45.68,0.93,2.0359,130141.88,599416.003,4.7913,1.04,,5.5133,3146175.0
688297.SH,2025-05-28,46.06,46.43,44.5,44.8,46.61,-1.81,-3.8833,97468.13,441921.565,3.5884,0.83,,5.2992,3024000.0
688297.SH,2025-05-29,44.88,45.4,44.38,45.09,44.8,0.29,0.6473,75981.91,342136.477,2.7973,0.67,,5.3335,3043575.0
688297.SH,2025-05-30,45.0,46.61,43.65,45.97,45.09,0.88,1.9517,138428.94,624593.814,5.0964,1.34,,5.4376,3102975.0
688297.SH,2025-06-03,48.77,51.57,47.45,47.56,45.97,1.59,3.4588,284226.02,1390948.558,10.464,2.62,,5.6257,3210300.0
688297.SH,2025-06-04,46.86,48.68,46.71,46.89,47.56,-0.67,-1.4087,169775.94,805491.023,6.2505,1.17,,5.5465,3165075.0
688297.SH,2025-06-05,46.51,47.04,45.6,46.11,46.89,-0.78,-1.6635,122713.16,566221.696,4.5178,0.8,,5.4542,3112425.0
688297.SH,2025-06-06,46.5,47.38,45.54,45.59,46.11,-0.52,-1.1277,120328.35,558144.376,4.43,0.76,,5.3927,3077325.0
688297.SH,2025-06-09,45.68,47.55,45.62,46.59,45.59,1.0,2.1935,122568.66,571308.373,4.5125,0.73,,5.511,3144825.0
688297.SH,2025-06-10,46.19,46.19,44.22,44.8,46.59,-1.79,-3.842,127898.75,575551.367,4.7087,0.78,,5.2992,3024000.0
688297.SH,2025-06-11,44.8,45.46,44.52,45.21,44.8,0.41,0.9152,67520.99,304708.343,2.4858,0.51,,5.3477,3051675.0
688297.SH,2025-06-12,45.0,45.6,44.69,44.79,45.21,-0.42,-0.929,66573.37,300245.766,2.451,0.59,,5.2981,3023325.0
688297.SH,2025-06-13,45.8,51.51,45.77,50.05,44.79,5.26,11.7437,369004.76,1788118.523,13.5852,3.65,,5.9202,3378375.0
688297.SH,2025-06-16,50.0,50.39,48.08,49.24,50.05,-0.81,-1.6184,235374.14,1166228.548,8.6655,1.56,,5.8244,3323700.0
688297.SH,2025-06-17,49.0,49.5,48.01,49.09,49.24,-0.15,-0.3046,185285.64,902729.555,6.8215,1.07,,5.8067,3313575.0
688297.SH,2025-06-18,49.2,52.53,48.54,50.41,49.09,1.32,2.6889,274670.31,1388945.137,10.1122,1.49,,5.9628,3402675.0
688297.SH,2025-06-19,49.68,49.72,47.72,49.02,50.41,-1.39,-2.7574,170013.16,825251.887,6.2592,0.75,,5.7984,3308850.0
688297.SH,2025-06-20,48.1,48.42,47.5,47.7,49.02,-1.32,-2.6928,101977.69,487606.133,3.7544,0.41,,5.6423,3219750.0
688297.SH,2025-06-23,47.99,48.4,46.59,47.52,47.7,-0.18,-0.3774,122293.82,578766.337,4.5024,0.63,,5.621,3207600.0
688297.SH,2025-06-24,45.83,47.52,44.4,45.89,47.52,-1.63,-3.4301,173400.22,791925.017,6.3839,1.01,,5.4282,3097575.0
688297.SH,2025-06-25,45.8,49.78,45.53,48.49,45.89,2.6,5.6657,226242.24,1083970.533,8.3293,1.34,,5.7357,3273075.0
688297.SH,2025-06-26,48.36,50.82,48.28,49.2,48.49,0.71,1.4642,214456.07,1069665.065,7.8954,1.35,,5.8197,3321000.0
688297.SH,2025-06-27,49.1,51.26,49.1,49.63,49.2,0.43,0.874,175081.82,875315.09,6.4458,1.04,,5.8706,3350025.0
688297.SH,2025-06-30,49.8,54.77,49.45,53.4,49.63,3.77,7.5962,263664.32,1380779.83,3.9061,1.45,,6.3165,3604500.0
688297.SH,2025-07-01,52.65,53.1,51.71,52.2,53.4,-1.2,-2.2472,181154.16,948114.613,2.6838,0.86,,6.1746,3523500.0
688297.SH,2025-07-02,51.86,52.85,50.51,50.97,52.2,-1.23,-2.3563,143655.7,740425.7,2.1282,0.68,,6.0291,3440475.0
688297.SH,2025-07-03,50.55,51.89,50.2,50.73,50.97,-0.24,-0.4709,95331.08,484377.652,1.4123,0.49,,6.0007,3424275.0
688297.SH,2025-07-04,50.76,51.38,49.82,50.2,50.73,-0.53,-1.0447,105100.11,529904.852,1.557,0.61,,5.938,3388500.0
688297.SH,2025-07-07,50.37,50.99,49.86,50.24,50.2,0.04,0.0797,79578.24,400648.537,1.1789,0.5,,5.9427,3391200.0
688297.SH,2025-07-08,49.98,50.55,49.9,50.55,50.24,0.31,0.617,84650.23,425240.613,1.2541,0.7,,5.9794,3412125.0
688297.SH,2025-07-09,50.78,52.5,50.26,50.57,50.55,0.02,0.0396,128684.29,662311.154,1.9064,1.27,,5.9817,3413475.0
688297.SH,2025-07-10,50.0,51.99,48.66,51.82,50.57,1.25,2.4718,141319.37,706709.501,2.0936,1.43,,6.1296,3497850.0
688297.SH,2025-07-11,52.19,52.35,51.03,51.99,51.82,0.17,0.3281,127186.24,658420.567,1.8842,1.18,,6.1497,3509325.0
688297.SH,2025-07-14,52.2,54.66,51.36,53.0,51.99,1.01,1.9427,151764.07,805243.949,2.2484,1.35,,6.2692,3577500.0
688297.SH,2025-07-15,52.55,54.1,51.42,52.8,53.0,-0.2,-0.3774,128316.21,673011.777,1.901,1.01,,6.2455,3564000.0
688297.SH,2025-07-16,52.52,52.88,51.58,51.99,52.8,-0.81,-1.5341,80067.28,418064.431,1.1862,0.59,,6.1497,3509325.0
688297.SH,2025-07-17,51.66,53.98,51.66,53.68,51.99,1.69,3.2506,147083.21,779045.082,2.179,1.17,,6.3496,3623400.0
688297.SH,2025-07-18,54.03,57.57,53.1,55.6,53.68,1.92,3.5768,209550.17,1161916.109,3.1044,1.65,,6.5767,3753000.0
688297.SH,2025-07-21,55.1,56.88,54.76,56.2,55.6,0.6,1.0791,152990.58,852987.684,2.2665,1.07,,6.6477,3793500.0
688297.SH,2025-07-22,55.88,57.98,54.57,55.36,56.2,-0.84,-1.4947,175322.51,987296.44,2.5974,1.22,,6.5483,3736800.0
688297.SH,2025-07-23,54.6,55.54,53.87,54.15,55.36,-1.21,-2.1857,118837.4,648466.766,1.7606,0.78,,6.4052,3655125.0
688297.SH,2025-07-24,54.05,56.79,53.86,56.49,54.15,2.34,4.3213,153100.97,850523.779,2.2682,0.95,,6.682,3813075.0
688297.SH,2025-07-25,56.6,56.68,55.0,56.12,56.49,-0.37,-0.655,112034.51,623581.958,1.6598,0.69,,6.6382,3788100.0
688297.SH,2025-07-28,55.58,59.3,55.55,58.6,56.12,2.48,4.4191,167801.34,965759.354,2.4859,1.18,,6.9316,3955500.0
688297.SH,2025-07-29,58.02,60.58,57.68,60.3,58.6,1.7,2.901,151973.27,894963.967,2.2515,1.05,,7.1327,4070250.0
688297.SH,2025-07-30,60.08,60.96,57.67,58.58,60.3,-1.72,-2.8524,150496.6,891933.218,2.2296,1.07,,6.9292,3954150.0
688297.SH,2025-07-31,57.67,60.27,57.67,59.75,58.58,1.17,1.9973,142187.98,839582.642,2.1065,0.97,,7.0676,4033125.0
688297.SH,2025-08-01,58.88,58.97,56.39,56.39,59.75,-3.36,-5.6234,149298.48,857231.762,2.2118,1.03,,6.6702,3806325.0
688297.SH,2025-08-04,56.13,58.63,56.13,58.21,56.39,1.82,3.2275,129152.52,748373.518,1.9134,0.85,,6.8855,3929175.0
688297.SH,2025-08-05,58.32,60.28,57.51,57.99,58.21,-0.22,-0.3779,136130.61,799386.296,2.0167,0.94,,6.8594,3914325.0
688297.SH,2025-08-06,57.52,61.95,57.45,60.02,57.99,2.03,3.5006,204727.11,1224961.857,3.033,1.45,,7.0996,4051350.0
688297.SH,2025-08-07,59.9,60.4,58.5,59.58,60.02,-0.44,-0.7331,139602.8,829299.96,2.0682,0.92,,7.0475,4021650.0
688297.SH,2025-08-08,59.0,60.08,58.6,58.6,59.58,-0.98,-1.6448,94447.18,558853.073,1.3992,0.62,,6.9316,3955500.0
688297.SH,2025-08-11,58.3,59.48,57.6,58.58,58.6,-0.02,-0.0341,105501.31,617710.127,1.563,0.75,,6.9292,3954150.0
688297.SH,2025-08-12,58.6,58.67,55.62,56.13,58.58,-2.45,-4.1823,165530.13,936811.12,2.4523,1.22,,6.6394,3788775.0
688297.SH,2025-08-13,55.98,56.73,55.58,56.3,56.13,0.17,0.3029,114566.13,643468.054,1.6973,0.81,,6.6595,3800250.0
688297.SH,2025-08-14,56.03,56.1,53.99,53.99,56.3,-2.31,-4.103,167018.87,912386.146,2.4744,1.35,,6.3863,3644325.0
688297.SH,2025-08-15,54.5,54.9,54.06,54.67,53.99,0.68,1.2595,96087.21,524032.979,1.4235,0.74,,6.4667,3690225.0
688297.SH,2025-08-18,54.68,56.42,54.68,56.22,54.67,1.55,2.8352,134378.06,748435.146,1.9908,1.04,,6.6501,3794850.0
688297.SH,2025-08-19,56.1,56.15,54.91,55.3,56.22,-0.92,-1.6364,98212.39,542655.861,1.455,0.72,,6.5412,3732750.0
688297.SH,2025-08-20,55.37,57.74,54.75,56.55,55.3,1.25,2.2604,163063.0,921883.122,2.4157,1.34,,6.6891,3817125.0
688297.SH,2025-08-21,56.18,57.46,55.57,56.41,56.55,-0.14,-0.2476,120163.53,679639.602,1.7802,0.91,,6.6725,3807675.0
688297.SH,2025-08-22,56.3,60.09,55.36,59.14,56.41,2.73,4.8396,199087.35,1136540.032,2.9494,1.63,,6.9955,3991950.0
688297.SH,2025-08-25,59.44,61.34,58.5,59.83,59.14,0.69,1.1667,206440.78,1233498.275,3.0584,1.44,,7.0771,4038525.0
688297.SH,2025-08-26,59.29,59.29,57.72,57.9,59.83,-1.93,-3.2258,134806.3,786746.478,1.9971,0.86,,6.8488,3908250.0
688297.SH,2025-08-27,57.52,58.88,56.55,56.55,57.9,-1.35,-2.3316,143009.3,824746.049,2.1187,0.87,,6.6891,3817125.0
688297.SH,2025-08-28,56.55,57.85,54.4,57.79,56.55,1.24,2.1927,160033.9,895825.891,2.3709,1.0,,6.8358,3900825.0
688297.SH,2025-08-29,57.64,59.27,56.81,59.26,57.79,1.47,2.5437,173797.61,1010452.558,2.5748,1.03,,7.0097,4000050.0
688297.SH,2025-09-01,59.19,59.77,57.43,59.24,59.26,-0.02,-0.0337,162449.89,950500.98,2.4067,0.99,,6.9879,3998700.0
688297.SH,2025-09-02,59.3,59.38,56.38,57.75,59.24,-1.49,-2.5152,138911.77,800043.152,2.058,0.9,,6.8121,3898125.0
688297.SH,2025-09-03,58.18,58.2,49.45,50.0,57.75,-7.75,-13.4199,242439.22,1275169.453,3.5917,1.56,,5.898,3375000.0
688297.SH,2025-09-04,49.23,49.85,45.76,46.67,50.0,-3.33,-6.66,182390.25,871829.384,2.7021,1.04,,5.5051,3150225.0
688297.SH,2025-09-05,46.68,47.56,46.21,47.21,46.67,0.54,1.1571,106670.62,502178.836,1.5803,0.59,,5.5688,3186675.0
688297.SH,2025-09-08,47.13,47.93,46.18,47.63,47.21,0.42,0.8896,117838.52,556230.509,1.7458,0.71,,5.6184,3215025.0
688297.SH,2025-09-09,47.28,48.33,46.5,46.52,47.63,-1.11,-2.3305,88298.91,418349.559,1.3081,0.56,,5.4875,3140100.0
688297.SH,2025-09-10,46.55,48.23,46.55,47.29,46.52,0.77,1.6552,76519.96,364094.568,1.1336,0.52,,5.5783,3192075.0
688297.SH,2025-09-11,47.01,48.09,46.89,48.06,47.29,0.77,1.6283,84373.17,402442.457,1.25,0.74,,5.6691,3244050.0
688297.SH,2025-09-12,48.05,48.93,47.85,48.36,48.06,0.3,0.6242,85654.49,415622.361,1.269,0.9,,5.7045,3264300.0
688297.SH,2025-09-15,48.33,48.65,47.8,47.81,48.36,-0.55,-1.1373,69633.07,335046.207,1.0316,0.77,,5.6396,3227175.0
688297.SH,2025-09-16,47.81,48.06,47.12,47.83,47.81,0.02,0.0418,63762.41,303563.464,0.9446,0.79,,5.642,3228525.0
688297.SH,2025-09-17,47.73,48.27,47.35,47.76,47.83,-0.07,-0.1464,56500.3,269586.835,0.837,0.74,,5.6337,3223800.0
688297.SH,2025-09-18,47.51,48.78,46.75,47.01,47.76,-0.75,-1.5704,106170.81,508756.809,1.5729,1.47,,5.5453,3173175.0
688297.SH,2025-09-19,47.26,49.0,47.13,48.0,47.01,0.99,2.1059,107737.6,520366.522,1.5961,1.41,,5.662,3240000.0
688297.SH,2025-09-22,48.08,48.91,47.52,48.82,48.0,0.82,1.7083,84300.8,407063.823,1.2489,1.04,,5.7588,3295350.0
688297.SH,2025-09-23,48.63,49.19,47.03,48.32,48.82,-0.5,-1.0242,98785.8,475638.523,1.4635,1.18,,5.6998,3261600.0
688297.SH,2025-09-24,47.86,49.16,47.71,49.11,48.32,0.79,1.6349,89451.9,435201.981,1.3252,0.99,,5.793,3314925.0
688297.SH,2025-09-25,49.0,49.0,48.11,48.13,49.11,-0.98,-1.9955,77330.37,374680.096,1.1456,0.79,,5.6774,3248775.0
688297.SH,2025-09-26,48.15,49.09,47.9,48.0,48.13,-0.13,-0.2701,87586.51,424842.924,1.2976,0.96,,5.662,3240000.0
688297.SH,2025-09-29,47.81,48.08,46.8,47.92,48.0,-0.08,-0.1667,72683.09,345090.729,1.0768,0.83,,5.6526,3234600.0
688297.SH,2025-09-30,47.9,49.95,47.9,49.74,47.92,1.82,3.798,128248.69,632120.918,1.9,1.51,,5.8673,3357450.0
688297.SH,2025-10-09,51.01,52.3,50.29,51.43,49.74,1.69,3.3977,155136.64,795509.115,2.2983,1.7,,6.0666,3471525.0
688297.SH,2025-10-10,51.43,51.85,50.31,50.62,51.43,-0.81,-1.575,101996.16,520193.745,1.5111,0.98,,5.9711,3416850.0
688297.SH,2025-10-13,49.99,51.59,49.0,51.03,50.62,0.41,0.81,96295.96,488624.988,1.4266,0.88,,6.0194,3444525.0
688297.SH,2025-10-14,51.07,52.2,49.74,50.1,51.03,-0.93,-1.8225,96123.91,487935.289,1.4241,0.87,,5.9097,3381750.0
688297.SH,2025-10-15,49.8,50.39,48.94,50.38,50.1,0.28,0.5589,63076.76,314120.137,0.9345,0.55,,5.9428,3400650.0
688297.SH,2025-10-16,50.45,51.2,49.1,49.38,50.38,-1.0,-1.9849,77105.84,386483.049,1.1423,0.75,,5.8248,3333150.0
688297.SH,2025-10-17,49.49,49.79,47.19,47.42,49.38,-1.96,-3.9692,90148.28,434684.34,1.3355,1.04,,5.5936,3200850.0
688297.SH,2025-10-20,47.88,48.5,47.4,47.87,47.42,0.45,0.949,48530.3,232356.54,0.719,0.57,,5.6467,3231225.0
688297.SH,2025-10-21,47.7,48.4,47.52,48.02,47.87,0.15,0.3133,45628.2,218985.374,0.676,0.61,,5.6644,3241350.0
688297.SH,2025-10-22,48.0,48.0,47.14,47.31,48.02,-0.71,-1.4786,40657.77,192892.628,0.6023,0.63,,5.5806,3193425.0
688297.SH,2025-10-23,47.39,47.66,46.29,47.12,47.31,-0.19,-0.4016,46901.08,218851.521,0.6948,0.78,,5.5582,3180600.0
688297.SH,2025-10-24,47.29,48.68,47.29,48.04,47.12,0.92,1.9525,64488.32,310229.393,0.9554,1.19,,5.6668,3242700.0
688297.SH,2025-10-27,48.13,48.97,48.05,48.71,48.04,0.67,1.3947,54100.68,262693.105,0.8015,1.1,,5.7458,3287925.0
688297.SH,2025-10-28,48.72,50.12,48.25,49.42,48.71,0.71,1.4576,88526.81,438127.481,1.3115,1.76,,5.8295,3335850.0
688297.SH,2025-10-29,49.35,49.63,49.01,49.5,49.42,0.08,0.1619,60795.49,299996.793,0.9007,1.03,,5.839,3341250.0
688297.SH,2025-10-30,49.2,49.79,48.44,49.1,49.5,-0.4,-0.8081,74850.79,367890.641,1.1089,1.19,,5.7918,3314250.0
688297.SH,2025-10-31,48.61,49.25,48.4,48.45,49.1,-0.65,-1.3238,60775.35,296201.507,0.9004,0.89,,5.7121,3270375.0
688297.SH,2025-11-03,48.52,48.7,47.0,48.12,48.45,-0.33,-0.6811,62815.65,298754.758,0.9306,0.93,,5.6732,3248100.0
688297.SH,2025-11-04,47.88,47.96,46.5,46.7,48.12,-1.42,-2.951,60063.97,282935.943,0.8898,0.86,,5.5058,3152250.0
688297.SH,2025-11-05,46.26,46.94,46.18,46.66,46.7,-0.04,-0.0857,36973.75,172387.847,0.5478,0.58,,5.501,3149550.0
688297.SH,2025-11-06,46.63,47.18,46.62,46.71,46.66,0.05,0.1072,45772.46,214563.513,0.6781,0.77,,5.5069,3152925.0
688297.SH,2025-11-07,46.55,46.85,46.18,46.63,46.71,-0.08,-0.1713,39585.74,184342.507,0.5865,0.74,,5.4975,3147525.0
688297.SH,2025-11-10,46.63,47.16,46.31,46.9,46.63,0.27,0.579,39005.5,182494.998,0.5779,0.8,,5.5293,3165750.0
688297.SH,2025-11-11,47.0,47.73,46.45,46.66,46.9,-0.24,-0.5117,43793.5,204952.454,0.6488,0.99,,5.501,3149550.0
688297.SH,2025-11-12,46.58,46.6,44.97,45.46,46.66,-1.2,-2.5718,55327.42,252054.702,0.8197,1.35,,5.3596,3068550.0
688297.SH,2025-11-13,45.47,46.3,45.29,46.12,45.46,0.66,1.4518,42205.36,193668.721,0.6253,0.94,,5.4374,3113100.0
688297.SH,2025-11-14,45.9,47.44,45.83,46.6,46.12,0.48,1.0408,56546.28,264580.512,0.8377,1.29,,5.494,3145500.0
688297.SH,2025-11-17,48.01,49.89,48.01,48.64,46.6,2.04,4.3777,149729.32,732213.096,2.2182,3.16,,5.7345,3283200.0
688297.SH,2025-11-18,48.0,48.15,47.2,47.75,48.64,-0.89,-1.8298,70223.31,334976.46,1.0403,1.01,,5.6295,3223125.0
688297.SH,2025-11-19,47.76,49.46,47.5,48.89,47.75,1.14,2.3874,95038.47,462981.067,1.408,1.27,,5.7639,3300075.0
688297.SH,2025-11-20,48.31,48.68,47.64,47.65,48.89,-1.24,-2.5363,52431.36,251805.682,0.7768,0.63,,5.6178,3216375.0
688297.SH,2025-11-21,47.22,48.67,45.98,47.18,47.65,-0.47,-0.9864,82269.23,387887.05,1.2188,0.97,,5.5623,3184650.0
688297.SH,2025-11-24,46.34,49.26,46.11,49.26,47.18,2.08,4.4086,129377.43,623173.12,1.9167,1.44,,5.8076,3325050.0
688297.SH,2025-11-25,48.5,48.59,47.11,47.36,49.26,-1.9,-3.8571,118382.47,567415.851,1.7538,1.38,,5.5836,3196800.0
688297.SH,2025-11-26,47.01,47.32,45.42,45.66,47.36,-1.7,-3.5895,100757.4,462150.527,1.4927,1.06,,5.3831,3082050.0
688297.SH,2025-11-27,45.57,46.26,45.13,46.04,45.66,0.38,0.8322,53577.09,245434.857,0.7937,0.55,,5.4279,3107700.0
688297.SH,2025-11-28,46.1,46.28,45.44,45.9,46.04,-0.14,-0.3041,50879.7,233059.693,0.7538,0.53,,5.4114,3098250.0
688297.SH,2025-12-01,45.9,46.58,45.87,45.89,45.9,-0.01,-0.0218,56808.36,261916.717,0.8416,0.63,,5.4103,3097575.0
688297.SH,2025-12-02,45.67,46.07,44.91,44.98,45.89,-0.91,-1.983,62220.9,282508.364,0.9218,0.82,,5.303,3036150.0
688297.SH,2025-12-03,44.88,44.98,43.9,44.19,44.98,-0.79,-1.7563,52504.11,232569.453,0.7778,0.81,,5.2098,2982825.0
688297.SH,2025-12-04,44.2,44.68,43.89,44.38,44.19,0.19,0.43,35011.31,155327.324,0.5187,0.63,,5.2322,2995650.0
688297.SH,2025-12-05,44.67,45.23,44.06,45.15,44.38,0.77,1.735,44185.51,197578.869,0.6546,0.86,,5.323,3047625.0
688297.SH,2025-12-08,45.35,45.99,45.18,45.25,45.15,0.1,0.2215,57922.32,264441.665,0.8581,1.16,,5.3348,3054375.0
688297.SH,2025-12-09,45.15,45.65,44.73,45.26,45.25,0.01,0.0221,50145.41,226888.235,0.7429,1.0,,5.336,3055050.0
688297.SH,2025-12-10,45.0,45.72,44.77,45.57,45.26,0.31,0.6849,51602.5,234255.704,0.7645,1.08,,5.3725,3075975.0
688297.SH,2025-12-11,45.75,46.09,45.5,45.65,45.57,0.08,0.1756,60890.22,278614.35,0.9021,1.27,,5.382,3081375.0
688297.SH,2025-12-12,45.6,47.39,45.3,46.91,45.65,1.26,2.7601,149090.47,693265.511,2.2087,2.82,,5.5305,3166425.0
688297.SH,2025-12-15,46.98,48.26,46.82,47.6,46.91,0.69,1.4709,92932.16,443459.998,1.3768,1.26,,5.6119,3213000.0
688297.SH,2025-12-16,47.31,47.5,45.89,46.51,47.6,-1.09,-2.2899,61252.3,285295.761,0.9074,0.76,,5.4834,3139425.0
688297.SH,2025-12-17,46.18,46.76,45.03,46.22,46.51,-0.29,-0.6235,54371.68,248441.728,0.8055,0.65,,5.4492,3119850.0
688297.SH,2025-12-18,45.9,46.65,45.76,45.85,46.22,-0.37,-0.8005,40043.03,184848.133,0.5932,0.48,,5.4055,3094875.0
688297.SH,2025-12-19,45.7,46.66,45.7,46.28,45.85,0.43,0.9378,39510.87,182788.894,0.5853,0.5,,5.4562,3123900.0
688297.SH,2025-12-22,46.06,46.5,45.81,45.94,46.28,-0.34,-0.7347,39556.83,182338.762,0.586,0.69,,5.4162,3100950.0
688297.SH,2025-12-23,45.91,46.0,44.8,44.82,45.94,-1.12,-2.438,48847.88,221121.867,0.7237,1.04,,5.2841,3025350.0
688297.SH,2025-12-24,44.8,46.18,44.67,45.97,44.82,1.15,2.5658,52717.9,240752.044,0.781,1.19,,5.4197,3102975.0
688297.SH,2025-12-25,45.9,46.92,45.69,46.7,45.97,0.73,1.588,51163.74,238473.89,0.758,1.16,,5.5058,3152250.0
688297.SH,2025-12-26,46.65,46.97,45.95,46.24,46.7,-0.46,-0.985,64791.8,300875.051,0.9599,1.4,,5.4515,3121200.0
688297.SH,2025-12-29,46.41,47.97,46.1,47.91,46.24,1.67,3.6116,100677.74,476032.747,1.4915,1.96,,5.6484,3233925.0
688297.SH,2025-12-30,48.5,48.9,47.26,47.48,47.91,-0.43,-0.8975,100652.96,483412.046,1.4912,1.58,,5.5977,3204900.0
688297.SH,2025-12-31,47.1,48.28,47.03,48.02,47.48,0.54,1.1373,84913.12,404919.992,1.258,1.15,,5.6614,3241350.0
688297.SH,2026-01-05,48.72,49.88,47.88,49.25,48.02,1.23,2.5614,125364.14,613739.025,1.8572,1.56,,5.8064,3324375.0
688297.SH,2026-01-06,48.33,50.3,48.33,50.0,49.25,0.75,1.5228,116300.09,576683.717,1.723,1.22,,5.8948,3375000.0
688297.SH,2026-01-07,49.79,49.79,48.84,48.98,50.0,-1.02,-2.04,84408.79,415144.634,1.2505,0.8,,5.7746,3306150.0
688297.SH,2026-01-08,48.9,51.0,48.69,50.65,48.98,1.67,3.4096,131500.43,659773.523,1.9482,1.29,,5.9714,3418875.0
688297.SH,2026-01-09,52.77,56.88,52.68,54.7,50.65,4.05,7.9961,289015.15,1571579.351,4.2817,2.66,,6.4489,3692250.0
688297.SH,2026-01-12,56.13,58.2,54.52,57.37,54.7,2.67,4.8812,283926.44,1595234.185,4.2063,1.9,,6.7637,3872475.0
688297.SH,2026-01-13,56.39,56.39,52.74,53.01,57.37,-4.36,-7.5998,205556.61,1100291.402,3.0453,1.14,,6.2497,3578175.0
688297.SH,2026-01-14,53.2,54.05,51.28,52.09,53.01,-0.92,-1.7355,174089.63,920852.089,2.5791,0.88,,6.1412,3516075.0
688297.SH,2026-01-15,51.5,52.29,50.17,50.6,52.09,-1.49,-2.8604,122750.07,625414.562,1.8185,0.57,,5.9655,3415500.0
688297.SH,2026-01-16,50.85,51.2,49.42,49.8,50.6,-0.8,-1.581,103529.1,516500.614,1.5338,0.48,,5.8712,3361500.0
688297.SH,2026-01-19,49.85,52.49,49.55,51.72,49.8,1.92,3.8554,141035.75,722799.175,2.0894,0.79,,6.0976,3491100.0
688297.SH,2026-01-20,51.6,51.95,49.18,49.72,51.72,-2.0,-3.867,107377.52,537974.82,1.5908,0.72,,5.8618,3356100.0
688297.SH,2026-01-21,49.3,50.5,49.23,50.07,49.72,0.35,0.7039,66923.24,335009.193,0.9915,0.52,,5.9031,3379725.0
688297.SH,2026-01-22,50.03,51.58,49.86,51.33,50.07,1.26,2.5165,92712.83,474050.261,1.3735,0.86,,6.0516,3464775.0
688297.SH,2026-01-23,51.33,51.73,50.5,51.42,51.33,0.09,0.1753,84940.43,435842.867,1.2584,0.83,,6.0622,3470850.0
688297.SH,2026-01-26,51.5,51.68,49.3,50.12,51.42,-1.3,-2.5282,87579.97,440047.368,1.2975,0.89,,5.909,3383100.0
688297.SH,2026-01-27,49.79,50.85,48.76,50.45,50.12,0.33,0.6584,73258.19,365697.059,1.0853,0.83,,5.9479,3405375.0
688297.SH,2026-01-28,50.69,50.88,49.4,49.74,50.45,-0.71,-1.4073,64492.54,321360.603,0.9554,0.8,,5.8642,3357450.0
688297.SH,2026-01-29,49.75,50.5,48.9,49.06,49.74,-0.68,-1.3671,70143.5,348377.028,1.0392,0.87,,5.784,3311550.0
688297.SH,2026-01-30,49.06,49.58,47.3,48.56,49.06,-0.5,-1.0192,72793.64,351158.41,1.0784,0.96,,5.725,3277800.0
688297.SH,2026-02-02,48.46,49.23,47.38,47.52,48.56,-1.04,-2.1417,66275.46,319093.137,0.9819,0.9,,5.6024,3207600.0
688297.SH,2026-02-03,48.19,48.86,48.0,48.51,47.52,0.99,2.0833,59735.22,289283.629,0.885,0.86,,5.7191,3274425.0
688297.SH,2026-02-04,48.23,49.8,48.17,49.01,48.51,0.5,1.0307,74724.97,366006.508,1.107,1.12,,5.7781,3308175.0
688297.SH,2026-02-05,49.01,49.78,48.46,48.76,49.01,-0.25,-0.5101,53903.85,263998.61,0.7986,0.78,,5.7486,3291300.0
688297.SH,2026-02-06,48.8,48.8,47.7,48.11,48.76,-0.65,-1.3331,51043.78,246287.129,0.7562,0.78,,5.672,3247425.0
688297.SH,2026-02-09,48.5,48.99,48.33,48.6,48.11,0.49,1.0185,44653.09,217187.186,0.6615,0.73,,5.7298,3280500.0
688297.SH,2026-02-10,48.63,49.56,48.27,48.92,48.6,0.32,0.6584,51960.71,254715.674,0.7698,0.91,,5.7675,3302100.0
688297.SH,2026-02-11,49.2,49.5,48.71,48.78,48.92,-0.14,-0.2862,39698.29,194813.935,0.5881,0.72,,5.751,3292650.0
688297.SH,2026-02-12,48.58,49.23,48.33,49.0,48.78,0.22,0.451,40441.66,197891.035,0.5991,0.84,,5.7769,3307500.0
688297.SH,2026-02-13,48.97,50.29,48.93,49.88,49.0,0.88,1.7959,87551.45,436393.89,1.2971,1.92,,5.8807,3366900.0
688297.SH,2026-02-24,50.66,51.5,50.11,51.17,49.88,1.29,2.5862,108031.63,550370.29,1.6005,2.04,,6.0328,3453975.0
688297.SH,2026-02-25,50.85,51.13,50.35,50.57,51.17,-0.6,-1.1726,79881.24,403685.249,1.1834,1.22,,5.962,3413475.0
688297.SH,2026-02-26,50.18,50.36,49.72,50.05,50.57,-0.52,-1.0283,73179.21,365702.922,1.0841,1.03,,5.9007,3378375.0
688297.SH,2026-02-27,50.25,50.25,49.7,49.87,50.05,-0.18,-0.3596,61971.69,309333.823,0.9181,0.8,,5.8789,3366225.0
688297.SH,2026-03-02,54.86,59.84,52.68,59.7,49.87,9.83,19.7112,554706.42,3183907.589,8.2179,6.75,,7.0378,4029750.0
688297.SH,2026-03-03,58.63,58.71,55.11,55.2,59.7,-4.5,-7.5377,421502.76,2375616.819,6.2445,2.4,,6.5073,3726000.0
688297.SH,2026-03-04,53.35,65.41,53.03,64.31,55.2,9.11,16.5036,571409.44,3459861.244,8.4653,2.4,,7.5812,4340925.0
688297.SH,2026-03-05,62.27,64.18,60.67,62.11,64.31,-2.2,-3.4209,435165.86,2702998.045,6.4469,1.29,,7.3219,4192425.0
688297.SH,2026-03-06,60.5,61.39,58.09,59.4,62.11,-2.71,-4.3632,326911.9,1938002.84,4.8431,0.8,,7.0024,4009500.0
688297.SH,2026-03-09,63.0,65.19,59.58,59.75,59.4,0.35,0.5892,410933.07,2558100.429,6.0879,0.89,,7.0437,4033125.0
688297.SH,2026-03-10,56.59,58.13,56.59,57.09,59.75,-2.66,-4.4519,298401.8,1703805.013,4.4208,0.69,,6.7301,3853575.0
688297.SH,2026-03-11,56.42,57.3,55.27,55.55,57.09,-1.54,-2.6975,215910.17,1206250.867,3.1987,0.53,,6.5485,3749625.0
688297.SH,2026-03-12,55.83,56.0,53.85,54.86,55.55,-0.69,-1.2421,166259.79,909683.303,2.4631,0.49,,6.4672,3703050.0
688297.SH,2026-03-13,54.56,55.2,52.35,53.85,54.86,-1.01,-1.841,187544.07,1005474.389,2.7784,0.66,,6.3481,3634875.0
688297.SH,2026-03-16,53.5,56.38,53.22,56.24,53.85,2.39,4.4383,254542.91,1410518.832,3.771,1.0,,6.6299,3796200.0
688297.SH,2026-03-17,55.4,55.47,53.4,53.5,56.24,-2.74,-4.872,148076.36,803012.828,2.1937,0.66,407.7059,6.3069,3611250.0
688297.SH,2026-03-18,53.99,54.37,52.9,54.15,53.5,0.65,1.215,98863.65,531528.964,1.4646,0.51,412.6594,6.3835,3655125.0
688297.SH,2026-03-19,53.35,55.66,53.35,54.5,54.15,0.35,0.6464,146560.02,800602.377,2.1713,0.86,415.3266,6.4248,3678750.0
688297.SH,2026-03-20,53.78,54.14,51.28,51.3,54.5,-3.2,-5.8716,133227.8,699038.909,1.9737,0.8,390.9405,6.0475,3462750.0
688297.SH,2026-03-23,50.2,51.4,48.75,49.13,51.3,-2.17,-4.23,131817.88,659767.636,1.9529,0.84,374.4036,5.7917,3316275.0
688297.SH,2026-03-24,49.99,52.2,48.5,50.93,49.13,1.8,3.6637,147402.12,747225.072,2.1837,1.12,388.1208,6.0039,3437775.0
688297.SH,2026-03-25,50.0,53.22,49.91,52.93,50.93,2.0,3.927,175135.43,902146.512,2.5946,1.33,403.3621,6.2397,3572775.0
688297.SH,2026-03-26,52.18,52.4,50.89,51.19,52.93,-1.74,-3.2874,100037.87,514423.584,1.482,0.68,390.1022,6.0346,3455325.0
688297.SH,2026-03-27,50.22,52.3,50.21,51.79,51.19,0.6,1.1721,98592.65,510697.356,1.4606,0.72,394.6746,6.1053,3495825.0
688297.SH,2026-03-30,51.51,52.65,51.2,51.48,51.79,-0.31,-0.5986,88187.84,456756.898,1.3065,0.68,392.3122,6.0687,3474900.0
688297.SH,2026-03-31,51.22,51.8,49.8,49.8,51.48,-1.68,-3.2634,92743.88,470689.786,1.374,0.76,379.5094,5.8707,3361500.0
688297.SH,2026-04-01,50.28,50.7,49.5,49.9,49.8,0.1,0.2008,76217.07,381178.012,1.1291,0.69,380.2715,5.8825,3368250.0
688297.SH,2026-04-02,49.86,50.18,48.79,48.99,49.9,-0.91,-1.8236,82458.02,406786.713,1.2216,0.9,373.3367,5.7752,3306825.0
688297.SH,2026-04-03,49.07,49.3,47.79,47.88,48.99,-1.11,-2.2658,71339.47,343904.381,1.0569,0.81,364.8778,5.6444,3231900.0
688297.SH,2026-04-07,48.5,48.5,46.91,47.23,47.88,-0.65,-1.3576,69458.71,329842.558,1.029,0.85,359.9243,5.5677,3188025.0
688297.SH,2026-04-08,47.8,48.95,47.8,48.95,47.23,1.72,3.6418,90438.76,438388.669,1.3398,1.15,373.0319,5.7705,3304125.0
688297.SH,2026-04-09,49.0,49.0,47.74,47.95,48.95,-1.0,-2.0429,79180.67,381437.427,1.173,1.02,365.4112,5.6526,3236625.0
688297.SH,2026-04-10,48.4,49.17,48.22,48.37,47.95,0.42,0.8759,74410.08,362194.242,1.1024,0.95,368.6119,5.7021,3264975.0
688297.SH,2026-04-13,48.11,49.97,48.1,49.55,48.37,1.18,2.4395,119455.49,588305.746,1.7697,1.55,377.6043,5.8412,3344625.0
688297.SH,2026-04-14,49.23,50.17,49.1,50.13,49.55,0.58,1.1705,99908.9,496147.088,1.4801,1.15,382.0243,5.9096,3383775.0
688297.SH,2026-04-15,50.28,50.58,49.15,49.29,50.13,-0.84,-1.6756,94125.55,468794.774,1.3945,1.02,375.6229,5.8106,3327075.0
688297.SH,2026-04-16,49.36,50.11,48.86,49.67,49.29,0.38,0.7709,79065.05,390509.462,1.1713,0.85,378.5188,5.8554,3352725.0
688297.SH,2026-04-17,49.56,50.09,48.61,50.04,49.67,0.37,0.7449,91410.33,450593.207,1.3542,0.98,381.3384,5.899,3377700.0
688297.SH,2026-04-20,49.15,49.98,48.81,49.89,50.04,-0.15,-0.2998,114264.59,565703.421,1.6928,1.18,380.1953,5.883,3367575.0
688297.SH,2026-04-21,50.15,50.22,48.6,49.0,49.89,-0.89,-1.7839,90109.85,442919.272,1.335,0.94,373.4129,5.7781,3307500.0
688297.SH,2026-04-22,48.7,48.7,47.92,48.57,49.0,-0.43,-0.8776,100230.73,484056.467,1.4849,1.07,370.136,5.7274,3278475.0
688297.SH,2026-04-23,48.44,48.89,46.66,47.26,48.57,-1.31,-2.6971,109054.24,518826.056,1.6156,1.15,360.1529,5.5729,3190050.0
688297.SH,2026-04-24,46.99,47.22,45.78,45.94,47.26,-1.32,-2.7931,82347.83,379910.639,1.22,0.82,350.0937,5.4172,3100950.0
688297.SH,2026-04-27,45.7,46.58,44.96,46.48,45.94,0.54,1.1754,76631.31,351799.137,1.1353,0.77,354.2088,5.4809,3137400.0
688297.SH,2026-04-28,46.02,46.29,44.6,44.89,46.48,-1.59,-3.4208,75506.85,341466.265,1.1186,0.82,342.0919,5.2934,3030075.0
688297.SH,2026-04-29,44.83,45.59,44.72,45.33,44.89,0.44,0.9802,51786.35,234763.047,0.7672,0.58,345.445,5.3453,3059775.0
688297.SH,2026-04-30,45.29,45.98,45.18,45.92,45.33,0.59,1.3016,69572.11,317312.258,1.0307,0.88,349.9412,5.4149,3099600.0
688297.SH,2026-05-06,45.83,46.81,45.8,46.26,45.92,0.34,0.7404,84729.21,393213.143,1.2552,1.19,352.5323,5.455,3122550.0
688297.SH,2026-05-07,46.41,46.5,45.99,46.24,46.26,-0.02,-0.0432,64857.49,299837.46,0.9609,0.91,352.3799,5.4526,3121200.0
688297.SH,2026-05-08,46.46,47.8,46.22,47.61,46.24,1.37,2.9628,133212.53,629708.601,1.9735,1.92,362.8202,5.6142,3213675.0
688297.SH,2026-05-11,47.94,47.95,46.69,47.01,47.61,-0.6,-1.2602,104591.33,491250.793,1.5495,1.29,358.2478,5.5434,3173175.0
688297.SH,2026-05-12,47.0,47.55,45.72,47.19,47.01,0.18,0.3829,118609.48,553111.174,1.7572,1.3,359.6195,5.5646,3185325.0
688297.SH,2026-05-13,46.86,47.08,46.36,46.89,47.19,-0.3,-0.6357,76073.37,355722.44,1.127,0.75,357.3333,5.5293,3165075.0
688297.SH,2026-05-14,46.91,47.1,44.86,44.86,46.89,-2.03,-4.3293,94686.23,431076.934,1.4028,0.95,341.8633,5.2899,3028050.0
688297.SH,2026-05-15,44.78,45.4,44.49,44.91,44.86,0.05,0.1115,68335.56,307250.458,1.0124,0.65,342.2444,5.2958,3031425.0
688297.SH,2026-05-18,43.95,43.95,42.66,43.15,44.91,-1.76,-3.9189,86804.21,373964.238,1.286,0.94,328.832,5.0882,2912625.0
688297.SH,2026-05-19,43.06,44.88,42.7,44.88,43.15,1.73,4.0093,91237.3,403343.819,1.3517,1.03,342.0157,5.2922,3029400.0
688297.SH,2026-05-20,44.88,45.35,44.4,45.17,44.88,0.29,0.6462,58777.35,264424.155,0.8708,0.7,344.2257,5.3264,3048975.0
688297.SH,2026-05-21,44.96,45.5,43.41,43.61,44.97,-1.36,-3.0242,68845.94,307059.658,1.0199,0.86,332.3375,5.2663,2943675.0
688297.SH,2026-05-22,43.77,44.04,43.1,43.21,43.61,-0.4,-0.9172,55710.78,242226.206,0.8253,0.74,329.2892,5.218,2916675.0
688297.SH,2026-05-25,42.9,46.36,41.99,45.85,43.21,2.64,6.1097,136978.68,607221.588,2.0293,1.9,349.4078,5.5368,3094875.0
688297.SH,2026-05-26,45.3,45.42,44.0,44.69,45.85,-1.16,-2.53,75102.89,335497.634,1.1126,0.91,340.5678,5.3967,3016575.0
688297.SH,2026-05-27,44.53,45.09,43.48,43.76,44.69,-0.93,-2.081,70561.18,309724.007,1.0454,0.89,333.4806,5.2844,2953800.0
688297.SH,2026-05-28,44.18,44.2,42.4,43.25,43.76,-0.51,-1.1654,56572.79,244984.551,0.8381,0.69,329.594,5.2228,2919375.0
688297.SH,2026-05-29,45.0,47.03,44.28,44.4,43.25,1.15,2.659,148073.79,675986.672,2.1937,1.87,338.3578,5.3617,2997000.0
688297.SH,2026-06-01,43.52,45.15,43.5,45.0,44.4,0.6,1.3514,90039.07,400210.405,1.3339,0.92,342.9302,5.4342,3037500.0
688297.SH,2026-06-02,44.91,46.6,43.7,45.82,45.0,0.82,1.8222,99413.25,447732.161,1.4728,1.13,349.1792,5.5332,3092850.0
688297.SH,2026-06-03,45.45,46.4,45.2,46.16,45.82,0.34,0.742,81413.34,373727.513,1.2061,0.88,351.7702,5.5742,3115800.0
688297.SH,2026-06-04,45.65,45.7,43.81,44.18,46.16,-1.98,-4.2894,78531.6,350870.975,1.1634,0.83,336.6813,5.3351,2982150.0
688297.SH,2026-06-05,44.0,44.78,43.4,44.04,44.18,-0.14,-0.3169,68338.99,301786.428,1.0124,0.69,335.6144,5.3182,2972700.0
688297.SH,2026-06-08,43.49,44.85,42.72,44.52,44.04,0.48,1.0899,81112.32,354748.787,1.2017,0.97,339.2723,5.3762,3005100.0
688297.SH,2026-06-09,44.44,44.44,43.29,44.25,44.52,-0.27,-0.6065,51355.29,225326.945,0.7608,0.63,337.2147,5.3436,2986875.0
688297.SH,2026-06-10,44.0,45.6,43.8,44.75,44.25,0.5,1.1299,61065.27,272713.43,0.9047,0.85,341.0251,5.404,3020625.0
688297.SH,2026-06-11,44.89,46.6,44.25,46.03,44.75,1.28,2.8603,121418.61,557545.645,1.7988,1.78,350.7795,5.5585,3107025.0
688297.SH,2026-06-12,45.81,48.44,45.68,47.92,46.03,1.89,4.106,172402.4,819283.827,2.5541,2.25,365.1826,5.6507,3234600.0
688297.SH,2026-06-15,46.97,47.93,46.66,47.69,47.92,-0.23,-0.48,102579.01,486510.648,1.5197,1.05,363.4298,5.6236,3219075.0
688297.SH,2026-06-16,47.6,47.88,46.65,46.7,47.69,-0.99,-2.0759,74387.9,350291.824,1.102,0.73,355.8854,5.5069,3152250.0
688297.SH,2026-06-17,46.41,46.9,45.5,45.73,46.7,-0.97,-2.0771,74428.15,342341.23,1.1026,0.7,348.4933,5.3925,3086775.0
688297.SH,2026-06-18,45.58,46.14,44.8,45.31,45.73,-0.42,-0.9184,67906.09,308219.884,1.006,0.62,345.2926,5.343,3058425.0
688297.SH,2026-06-22,45.21,45.62,43.17,44.97,45.31,-0.34,-0.7504,81562.88,360197.2,1.2083,0.83,342.7016,5.3029,3035475.0
688297.SH,2026-06-23,44.37,44.79,43.38,43.57,44.97,-1.4,-3.1132,62006.65,272643.902,0.9186,0.77,332.0327,5.1378,2940975.0
688297.SH,2026-06-24,43.5,46.12,42.09,44.61,43.57,1.04,2.387,100190.28,439539.297,1.4843,1.39,339.9582,5.2604,3011175.0
688297.SH,2026-06-25,43.45,43.91,42.69,42.76,44.61,-1.85,-4.1471,63151.96,272382.254,0.9356,0.82,325.8599,5.0423,2886300.0
688297.SH,2026-06-26,42.8,42.8,40.34,40.34,42.76,-2.42,-5.6595,82212.62,338532.448,1.218,1.1,307.4179,4.7569,2722950.0
688297.SH,2026-06-29,39.9,40.46,39.02,39.57,40.34,-0.77,-1.9088,74036.3,293424.32,1.0968,0.95,301.55,4.6661,2670975.0
688297.SH,2026-06-30,39.54,42.38,39.41,41.55,39.57,1.98,5.0038,98193.68,403656.816,1.4547,1.29,316.6389,4.8996,2804625.0
688297.SH,2026-07-01,41.55,44.04,41.28,42.48,41.55,0.93,2.2383,92094.82,395308.168,1.3644,1.1,323.7261,5.0092,2867400.0
688297.SH,2026-07-02,42.75,43.07,41.5,41.59,42.48,-0.89,-2.0951,65654.88,276249.672,0.9727,0.8,316.9437,4.9043,2807325.0
688297.SH,2026-07-03,41.99,43.48,41.59,43.08,41.59,1.49,3.5826,74432.68,318908.632,1.1027,0.9,328.2985,5.08,2907900.0
688297.SH,2026-07-06,43.07,43.49,41.82,42.38,43.08,-0.7,-1.6249,57883.47,245388.761,0.8575,0.72,322.9641,4.9974,2860650.0
688297.SH,2026-07-07,42.34,42.59,41.0,41.07,42.38,-1.31,-3.0911,43824.21,182126.439,0.6492,0.56,312.981,4.843,2772225.0
688297.SH,2026-07-08,41.15,41.56,40.65,41.08,41.07,0.01,0.0243,38812.03,159713.282,0.575,0.58,313.0572,4.8442,2772900.0
688297.SH,2026-07-09,41.3,42.07,40.36,41.81,41.08,0.73,1.777,59470.6,244657.477,0.881,1.06,318.6203,4.9302,2822175.0
688297.SH,2026-07-10,41.5,43.5,41.16,42.08,41.81,0.27,0.6458,107030.18,453533.235,1.5856,1.95,320.6779,4.9621,2840400.0
688297.SH,2026-07-13,41.5,41.79,39.88,40.08,42.08,-2.0,-4.7529,68648.37,276229.547,1.017,1.12,305.4365,4.7262,2705400.0
688297.SH,2026-07-14,40.24,40.49,39.7,39.95,40.08,-0.13,-0.3244,50242.28,201109.615,0.7443,0.79,304.4458,4.7109,2696625.0
688297.SH,2026-07-15,39.85,40.33,39.67,40.06,39.95,0.11,0.2753,42809.77,171319.105,0.6342,0.66,305.2841,4.7239,2704050.0
688297.SH,2026-07-16,39.95,40.2,39.72,39.99,40.06,-0.07,-0.1747,40751.41,162761.845,0.6037,0.62,304.7507,4.7156,2699325.0
688297.SH,2026-07-17,39.79,40.25,38.19,38.3,39.99,-1.69,-4.2261,64713.12,253188.664,0.9587,1.05,291.8717,4.5163,2585250.0
688297.SH,2026-07-20,38.6,40.8,38.33,40.65,38.3,2.35,6.1358,86044.71,340392.114,1.2747,1.61,309.7803,4.7934,2743875.0
688297.SH,2026-07-21,40.02,41.5,39.91,40.15,40.65,-0.5,-1.23,94446.6,382769.156,1.3992,1.66,305.97,4.7345,2710125.0
688297.SH,2026-07-22,39.8,39.92,38.88,39.07,40.15,-1.08,-2.6899,59296.77,232527.21,0.8785,0.9,297.7396,4.6071,2637225.0
688297.SH,2026-07-23,39.0,40.24,38.71,39.97,39.07,0.9,2.3036,57120.0,226387.123,0.8462,0.83,304.5982,4.7133,2697975.0
688297.SH,2026-07-24,40.5,41.18,39.8,39.83,39.97,-0.14,-0.3503,92393.84,375262.223,1.3688,1.28,303.5313,4.6968,2688525.0
688297.SH,2026-07-27,38.23,40.14,38.0,39.84,39.83,0.01,0.0251,81009.73,320439.478,1.2001,1.04,303.6076,4.6979,2689200.0
688297.SH,2026-07-28,39.5,39.66,38.61,38.93,39.84,-0.91,-2.2841,57703.21,224566.915,0.8549,0.75,296.6727,4.5906,2627775.0
688297.SH,2026-07-29,39.2,40.15,39.0,39.88,38.93,0.95,2.4403,78770.29,312236.596,1.167,1.13,303.9124,4.7026,2691900.0
688297.SH,2026-07-30,39.8,41.09,39.68,39.9,39.88,0.02,0.0502,86401.65,347375.755,1.28,1.18,304.0648,4.705,2693250.0
688297.SH,2026-07-31,40.29,42.78,39.86,40.76,39.9,0.86,2.1554,111855.8,455339.818,1.6571,1.41,310.6186,4.8064,2751300.0
688297.SH,2026-08-03,40.3,41.2,39.76,41.09,40.76,0.33,0.8096,68811.09,279764.62,1.0194,0.83,313.1334,4.8453,2773575.0
688297.SH,2026-08-04,41.05,41.55,40.8,41.22,41.09,0.13,0.3164,63240.02,260221.728,0.9369,0.78,314.1241,4.8607,2782350.0
688297.SH,2026-08-05,41.03,41.73,40.9,41.23,41.22,0.01,0.0243,67912.56,280909.95,1.0061,0.83,314.2003,4.8618,2783025.0
688297.SH,2026-08-06,42.33,42.33,40.55,40.69,41.23,-0.54,-1.3097,96527.67,399986.821,1.43,1.21,310.0851,4.7982,2746575.0
688297.SH,2026-08-07,40.48,40.99,39.91,40.88,40.69,0.19,0.4669,78851.37,318898.939,1.1682,0.97,311.5331,4.8206,2759400.0
688297.SH,2026-08-10,40.8,42.37,40.71,42.2,40.88,1.32,3.229,96974.92,404663.947,1.4367,1.29,321.5923,4.9762,2848500.0
688297.SH,2026-08-11,41.72,41.95,41.33,41.43,42.2,-0.77,-1.8246,55746.95,231571.207,0.8259,0.69,315.7244,4.8854,2796525.0
688297.SH,2026-08-12,41.28,41.6,41.13,41.28,41.43,-0.15,-0.3621,41712.16,172350.201,0.618,0.53,314.5813,4.8677,2786400.0
688297.SH,2026-08-13,41.28,41.39,40.68,40.69,41.28,-0.59,-1.4293,54275.84,222684.26,0.8041,0.73,310.0851,4.7982,2746575.0
688297.SH,2026-08-14,40.51,41.55,40.5,40.77,40.69,0.08,0.1966,56285.29,230714.316,0.8339,0.86,310.6948,4.8076,2751975.0
688297.SH,2026-08-17,40.75,41.3,40.52,41.18,40.77,0.41,1.0056,48603.12,199485.617,0.72,0.8,313.8193,4.8559,2779650.0
688297.SH,2026-08-18,41.13,41.15,40.34,40.57,41.18,-0.61,-1.4813,56290.14,228323.838,0.8339,1.1,309.1706,4.784,2738475.0
688297.SH,2026-08-19,40.45,40.87,38.8,38.83,40.57,-1.74,-4.2889,85666.75,337232.499,1.2691,1.67,295.9107,4.7242,2621025.0
688297.SH,2026-08-20,39.11,39.25,38.66,38.89,38.83,0.06,0.1545,41746.58,162390.465,0.6185,0.69,296.3679,4.7315,2625075.0
688297.SH,2026-08-21,38.8,38.94,38.32,38.8,38.89,-0.09,-0.2314,35850.79,138566.236,0.5311,0.62,295.6821,4.7205,2619000.0
688297.SH,2026-08-24,38.81,39.01,38.12,38.29,38.8,-0.51,-1.3144,46928.57,180667.09,0.6952,0.88,291.7955,4.6585,2584575.0
688297.SH,2026-08-25,38.01,38.64,38.01,38.52,38.29,0.23,0.6007,34166.41,131194.621,0.5062,0.64,293.5483,4.6865,2600100.0
688297.SH,2026-08-26,38.49,39.04,38.49,38.59,38.52,0.07,0.1817,43506.18,168748.174,0.6445,0.89,294.0817,4.695,2604825.0
688297.SH,2026-08-27,38.61,38.98,38.47,38.9,38.59,0.31,0.8033,52257.21,202799.387,0.7742,1.29,296.4441,4.7327,2625750.0
688297.SH,2026-08-28,38.82,39.32,38.72,39.2,38.9,0.3,0.7712,53178.37,208031.503,0.7878,1.25,298.7303,4.7692,2646000.0
688297.SH,2026-08-31,38.91,39.23,38.33,39.0,39.2,-0.2,-0.5102,69262.38,268265.753,1.0261,1.51,297.2062,4.7448,2632500.0
688297.SH,2026-09-01,38.97,42.64,38.9,42.13,39.0,3.13,8.0256,224723.76,933403.742,3.3292,4.45,321.0589,5.1257,2843775.0
688297.SH,2026-09-02,42.19,43.68,41.9,42.7,42.13,0.57,1.353,204066.59,873003.82,3.0232,2.3,325.4027,5.195,2882250.0
