ts_code,trade_date,open,high,low,close,pre_close,change,pct_chg,vol,amount,turnover_rate,volume_ratio,pe,pb,total_mv
688036.SH,2023-01-03,80.6,80.67,78.58,79.0,79.52,-0.52,-0.6539,21076.19,167515.218,0.2622,1.36,16.2467,4.089,6351207.765
688036.SH,2023-01-04,79.52,81.5,78.66,79.23,79.0,0.23,0.2911,28067.09,223817.768,0.3491,1.71,16.294,4.1009,6369698.6231
688036.SH,2023-01-05,79.23,80.65,78.92,79.47,79.23,0.24,0.3029,28087.91,223192.856,0.3494,1.43,16.3434,4.1134,6388993.4315
688036.SH,2023-01-06,79.18,79.79,75.41,77.44,79.47,-2.03,-2.5544,44764.66,346098.298,0.5568,1.94,15.9259,4.0083,6225791.5104
688036.SH,2023-01-09,77.5,77.58,75.43,76.43,77.44,-1.01,-1.3042,34363.36,262338.326,0.4274,1.21,15.7182,3.956,6144592.5251
688036.SH,2023-01-10,76.61,81.3,75.6,77.62,76.43,1.19,1.557,37948.94,298442.969,0.472,1.21,15.9629,4.0176,6240262.6167
688036.SH,2023-01-11,77.46,78.3,76.56,77.26,77.62,-0.36,-0.4638,23144.96,179604.331,0.2879,0.67,15.8889,3.999,6211320.4041
688036.SH,2023-01-12,76.91,77.95,74.31,75.9,77.26,-1.36,-1.7603,32952.44,248424.247,0.4099,0.98,15.6092,3.9286,6101983.1565
688036.SH,2023-01-13,75.78,77.95,75.06,76.73,75.9,0.83,1.0935,26370.59,202251.032,0.328,0.76,15.7799,3.9715,6168711.0356
688036.SH,2023-01-16,76.79,82.85,76.7,82.19,76.73,5.46,7.1159,50917.05,413321.702,0.6333,1.64,16.9027,4.2542,6607667.9267
688036.SH,2023-01-17,82.13,84.97,81.7,84.8,82.19,2.61,3.1756,29717.17,249578.887,0.3696,0.87,17.4395,4.3893,6817498.968
688036.SH,2023-01-18,84.8,84.8,82.76,84.0,84.8,-0.8,-0.9434,20077.57,168096.695,0.2497,0.62,17.275,4.3478,6753182.94
688036.SH,2023-01-19,84.0,87.4,83.19,87.14,84.0,3.14,3.7381,33739.5,289845.924,0.4197,1.05,17.9207,4.5104,7005623.3499
688036.SH,2023-01-20,86.58,89.26,85.0,85.83,87.14,-1.31,-1.5033,30807.54,266637.523,0.3832,0.96,17.6513,4.4426,6900305.8541
688036.SH,2023-01-30,87.0,93.46,85.57,89.4,85.83,3.57,4.1594,68079.34,612734.427,0.8468,2.06,18.3855,4.6273,7187316.129
688036.SH,2023-01-31,88.5,89.97,84.78,85.53,89.4,-3.87,-4.3289,36893.12,317182.113,0.4589,1.01,17.5896,4.427,6876187.3436
688036.SH,2023-02-01,85.53,86.68,84.5,86.6,85.53,1.07,1.251,21141.31,181233.114,0.263,0.56,17.8097,4.4824,6962210.031
688036.SH,2023-02-02,87.0,89.8,85.78,87.18,86.6,0.58,0.6697,24852.33,218449.012,0.3091,0.65,17.929,4.5124,7008839.1513
688036.SH,2023-02-03,87.64,91.61,85.88,90.59,87.18,3.41,3.9114,28231.37,251455.218,0.3512,0.78,18.6302,4.6889,7282986.2207
688036.SH,2023-02-06,90.4,96.58,89.5,93.8,90.59,3.21,3.5434,56278.81,529324.901,0.7,1.57,19.2904,4.8551,7541054.283
688036.SH,2023-02-07,93.97,94.29,90.5,92.0,93.8,-1.8,-1.919,28498.44,261224.799,0.3545,0.85,18.9202,4.7619,7396343.22
688036.SH,2023-02-08,92.0,92.78,90.52,90.8,92.0,-1.2,-1.3043,11240.67,102664.662,0.1398,0.35,18.6734,4.6998,7299869.178
688036.SH,2023-02-09,90.65,92.35,89.67,92.2,90.8,1.4,1.5419,17079.51,155258.077,0.2124,0.57,18.9613,4.7723,7412422.227
688036.SH,2023-02-10,92.33,92.33,88.31,88.48,92.2,-3.72,-4.0347,22459.05,201471.571,0.2794,0.79,18.1963,4.5797,7113352.6968
688036.SH,2023-02-13,88.24,88.98,87.0,88.18,88.48,-0.3,-0.3391,18497.32,162682.955,0.2301,0.68,18.1346,4.5642,7089234.1863
688036.SH,2023-02-14,88.2,89.7,87.82,88.16,88.18,-0.02,-0.0227,12838.08,113487.789,0.1597,0.66,18.1305,4.5632,7087626.2856
688036.SH,2023-02-15,88.1,92.55,87.8,90.86,88.16,2.7,3.0626,21919.72,198760.75,0.2727,1.33,18.6858,4.7029,7304692.8801
688036.SH,2023-02-16,90.86,92.0,88.29,88.84,90.86,-2.02,-2.2232,15761.58,141613.444,0.1961,0.85,18.2703,4.5984,7142294.9094
688036.SH,2023-02-17,88.88,89.9,86.19,86.39,88.84,-2.45,-2.7578,27902.57,244440.137,0.3471,1.53,17.7665,4.4715,6945327.0737
688036.SH,2023-02-20,86.39,87.21,85.06,86.84,86.39,0.45,0.5209,18807.71,162299.961,0.2339,0.97,17.859,4.4948,6981504.8394
688036.SH,2023-02-21,86.86,87.98,85.16,85.84,86.84,-1.0,-1.1515,16738.88,144493.808,0.2082,0.86,17.6534,4.4431,6901109.8044
688036.SH,2023-02-22,85.0,86.44,84.05,84.7,85.84,-1.14,-1.3281,13021.47,110427.822,0.162,0.64,17.4189,4.3841,6809459.4645
688036.SH,2023-02-23,84.76,85.2,84.11,84.32,84.7,-0.38,-0.4486,8491.97,71922.872,0.1056,0.46,17.3408,4.3644,6778909.3512
688036.SH,2023-02-24,84.41,84.48,82.91,83.0,84.32,-1.32,-1.5655,15679.56,130900.941,0.195,0.92,17.0693,4.2961,6672787.905
688036.SH,2023-02-27,82.5,83.8,80.8,81.7,83.0,-1.3,-1.5663,26276.85,214261.263,0.3268,1.81,16.802,4.1424,6568274.3595
688036.SH,2023-02-28,81.58,82.27,79.95,80.68,81.7,-1.02,-1.2485,35445.88,285677.607,0.4409,2.21,16.5922,4.0907,6486271.4238
688036.SH,2023-03-01,80.08,82.59,79.28,82.0,80.68,1.32,1.6361,29610.41,240561.71,0.3683,1.5,16.8637,4.1576,6592392.87
688036.SH,2023-03-02,81.96,84.67,80.8,83.8,82.0,1.8,2.1951,27336.16,227474.146,0.34,1.18,17.2338,4.2489,6737103.933
688036.SH,2023-03-03,84.0,88.3,83.8,86.23,83.8,2.43,2.8998,28830.38,248775.179,0.3586,1.07,17.7336,4.3721,6932463.8681
688036.SH,2023-03-06,85.99,88.27,85.0,86.23,86.23,0.0,0.0,26991.44,233157.709,0.3357,0.91,17.7336,4.3721,6932463.8681
688036.SH,2023-03-07,86.02,89.88,85.71,86.52,86.23,0.29,0.3363,31351.18,276106.709,0.39,1.06,17.7932,4.3868,6955778.4282
688036.SH,2023-03-08,86.07,87.6,83.1,83.8,86.52,-2.72,-3.1438,22237.16,187930.415,0.2766,0.77,17.2338,4.2489,6737103.933
688036.SH,2023-03-09,83.47,84.2,82.51,83.45,83.8,-0.35,-0.4177,10750.27,89630.931,0.1337,0.39,17.1619,4.2312,6708965.6708
688036.SH,2023-03-10,83.19,84.88,82.61,82.88,83.45,-0.57,-0.683,17633.93,147907.613,0.2193,0.73,17.0446,4.2023,6663140.5008
688036.SH,2023-03-13,82.97,89.0,82.97,88.8,82.88,5.92,7.1429,38320.53,332996.56,0.4767,1.76,18.2621,4.5024,7139079.108
688036.SH,2023-03-14,89.03,92.66,87.0,91.07,88.8,2.27,2.5563,43894.7,395415.237,0.546,1.82,18.7289,4.6175,7321575.8375
688036.SH,2023-03-15,91.21,91.87,88.42,90.7,91.07,-0.37,-0.4063,26326.57,238310.036,0.3275,0.99,18.6529,4.5988,7291829.6745
688036.SH,2023-03-16,89.92,91.33,88.38,89.0,90.7,-1.7,-1.8743,20263.9,181580.217,0.2521,0.74,18.3032,4.5126,7155158.115
688036.SH,2023-03-17,89.13,91.0,88.0,90.33,89.0,1.33,1.4944,22313.73,200974.06,0.2776,0.76,18.5768,4.58,7262083.5116
688036.SH,2023-03-20,91.8,97.33,90.7,91.04,90.33,0.71,0.786,36998.32,345532.554,0.4602,1.22,18.7228,4.616,7319163.9864
688036.SH,2023-03-21,91.0,92.2,89.6,90.0,91.04,-1.04,-1.1424,21462.39,193755.959,0.267,0.72,18.5089,4.5633,7235553.15
688036.SH,2023-03-22,90.12,92.1,89.65,92.1,90.0,2.1,2.3333,25813.83,235630.817,0.3211,1.01,18.9408,4.6697,7404382.7235
688036.SH,2023-03-23,92.3,110.0,92.3,107.76,92.1,15.66,17.0033,173242.43,1773303.906,2.1549,6.83,22.1613,5.4637,8663368.9716
688036.SH,2023-03-24,105.96,116.03,104.77,109.15,107.76,1.39,1.2899,156784.13,1714324.554,1.9502,2.8,22.4472,5.5342,8775118.0703
688036.SH,2023-03-27,111.5,114.5,99.5,105.89,109.15,-3.26,-2.9867,186388.44,1980442.767,2.3184,2.25,21.7767,5.3689,8513030.2562
688036.SH,2023-03-28,104.1,106.5,98.0,98.86,105.89,-7.03,-6.639,111522.16,1131806.83,1.3872,0.99,20.331,5.0125,7947853.1601
688036.SH,2023-03-29,99.92,105.5,98.0,101.02,98.86,2.16,2.1849,123277.69,1252129.776,1.5334,0.94,20.7752,5.122,8121506.4357
688036.SH,2023-03-30,102.0,102.0,94.96,98.1,101.02,-2.92,-2.8905,75383.02,738523.472,0.9377,0.5,20.1747,4.974,7886752.9335
688036.SH,2023-03-31,98.44,102.5,96.2,101.2,98.1,3.1,3.16,86511.7,858395.605,1.0761,0.66,20.8122,5.1311,8135977.542
688036.SH,2023-04-03,106.0,112.56,98.54,112.56,101.2,11.36,11.2253,240456.88,2553690.014,2.9909,2.06,23.1485,5.7071,9049265.1396
688036.SH,2023-04-04,114.02,131.76,109.74,119.97,112.56,7.41,6.5832,271144.99,3211236.391,3.3727,2.13,24.6724,6.0828,9644992.349
688036.SH,2023-04-06,124.0,142.5,124.0,130.98,119.97,11.01,9.1773,210341.53,2754589.446,2.6163,1.32,26.9366,6.6411,10530141.6843
688036.SH,2023-04-07,130.89,130.89,121.0,129.47,130.98,-1.51,-1.1528,137556.74,1740727.549,1.711,0.78,26.6261,6.5645,10408745.1815
688036.SH,2023-04-10,129.99,130.0,109.88,112.0,129.47,-17.47,-13.4935,178452.1,2091552.855,2.2197,0.94,23.0333,5.6787,9004243.92
688036.SH,2023-04-11,111.06,117.86,108.36,113.94,112.0,1.94,1.7321,118114.65,1336235.959,1.4692,0.57,23.4323,5.7771,9160210.2879
688036.SH,2023-04-12,117.26,119.7,115.05,118.43,113.94,4.49,3.9407,121804.05,1434120.382,1.5151,0.67,24.3557,6.0047,9521183.9951
688036.SH,2023-04-13,117.12,117.94,108.23,108.9,118.43,-9.53,-8.0469,131100.51,1467415.265,1.6307,0.86,22.3958,5.5215,8755019.3115
688036.SH,2023-04-14,108.87,109.79,105.38,107.83,108.9,-1.07,-0.9826,80790.62,868074.846,1.0049,0.59,22.1757,5.4673,8668996.6241
688036.SH,2023-04-17,107.88,112.12,105.88,109.54,107.83,1.71,1.5858,91855.55,1004164.367,1.1426,0.73,22.5274,5.554,8806472.1339
688036.SH,2023-04-18,107.77,110.76,105.0,106.81,109.54,-2.73,-2.4922,72056.81,769662.036,0.8963,0.66,21.966,5.4156,8586993.6884
688036.SH,2023-04-19,107.11,109.0,102.95,104.6,106.81,-2.21,-2.0691,80262.0,843461.832,0.9983,0.81,21.5115,5.3035,8409320.661
688036.SH,2023-04-20,109.0,116.95,109.0,114.24,104.6,9.64,9.2161,191883.57,2175118.775,2.3868,2.1,23.494,5.7923,9184328.7984
688036.SH,2023-04-21,112.0,112.9,102.48,102.5,114.24,-11.74,-10.2766,183522.63,1957069.0,2.2828,1.78,21.0796,5.197,8240491.0875
688036.SH,2023-04-24,102.5,105.47,99.2,104.88,102.5,2.38,2.322,141172.37,1446493.741,1.756,1.14,21.569,5.3177,8431831.2708
688036.SH,2023-04-25,104.54,107.99,100.0,101.89,104.88,-2.99,-2.8509,123656.09,1279085.498,1.5381,0.92,20.9541,5.1661,8191450.1162
688036.SH,2023-04-26,101.13,102.28,95.16,95.5,101.89,-6.39,-6.2715,118169.65,1151817.541,1.4699,0.82,30.9112,4.8536,7677725.8425
688036.SH,2023-04-27,96.6,102.8,95.1,100.8,95.5,5.3,5.5497,121504.98,1208312.292,1.5113,0.8,32.6267,5.123,8103819.528
688036.SH,2023-04-28,100.09,111.29,100.09,109.0,100.8,8.2,8.1349,139778.73,1500818.989,1.7386,1.02,35.2809,5.3594,8763058.815
688036.SH,2023-05-04,112.58,115.09,106.0,113.0,109.0,4.0,3.6697,106351.25,1173178.978,1.3229,0.83,36.5756,5.5561,9084638.955
688036.SH,2023-05-05,116.02,117.38,106.48,107.44,113.0,-5.56,-4.9204,101174.34,1128850.034,1.2585,0.83,34.7759,5.2827,8637642.5604
688036.SH,2023-05-08,106.5,116.68,106.5,115.5,107.44,8.06,7.5019,94659.71,1051871.809,1.1774,0.81,37.3848,5.679,9285626.5425
688036.SH,2023-05-09,117.08,128.58,116.0,119.2,115.5,3.7,3.2035,147550.65,1805364.755,1.8353,1.31,38.5824,5.861,9583088.172
688036.SH,2023-05-10,118.6,125.67,115.8,122.02,119.2,2.82,2.3658,88326.17,1064011.065,1.0987,0.75,39.4952,5.9996,9809802.1707
688036.SH,2023-05-11,128.97,132.8,113.0,116.91,122.02,-5.11,-4.1878,112980.27,1374713.275,1.4053,1.05,37.8412,5.7484,9398983.5419
688036.SH,2023-05-12,114.98,119.59,113.03,115.0,116.91,-1.91,-1.6337,63011.51,727963.072,0.7838,0.58,37.2229,5.6545,9245429.025
688036.SH,2023-05-15,115.0,116.89,110.45,116.0,115.0,1.0,0.8696,69378.42,791307.019,0.863,0.68,37.5466,5.7036,9325824.06
688036.SH,2023-05-16,116.69,116.69,110.29,110.7,116.0,-5.3,-4.569,55805.78,624196.846,0.6941,0.58,35.8311,5.443,8899730.3745
688036.SH,2023-05-17,111.14,118.5,109.5,117.5,110.7,6.8,6.1427,69152.61,801517.065,0.8602,0.89,38.0321,5.7774,9446416.6125
688036.SH,2023-05-18,118.09,119.58,114.8,115.06,117.5,-2.44,-2.0766,40396.86,472130.223,0.5025,0.55,37.2424,5.6574,9250252.7271
688036.SH,2023-05-19,119.0,122.98,116.81,121.28,115.06,6.22,5.4059,71703.63,863288.329,0.8919,1.2,39.2556,5.9632,9750309.8448
688036.SH,2023-05-22,119.0,122.4,115.38,116.58,121.28,-4.7,-3.8753,46815.74,554135.581,0.5823,0.76,37.7343,5.7321,9372453.1803
688036.SH,2023-05-23,115.5,117.25,111.88,112.52,116.58,-4.06,-3.4826,44245.16,504052.061,0.5503,0.78,36.4202,5.5325,9046049.3382
688036.SH,2023-05-24,110.5,118.0,110.0,115.6,112.52,3.08,2.7373,41967.66,483487.897,0.522,0.77,37.4171,5.684,9293666.046
688036.SH,2023-05-25,116.91,117.3,112.51,115.05,115.6,-0.55,-0.4758,31951.87,365549.037,0.3974,0.65,37.2391,5.6569,9249448.7768
688036.SH,2023-05-26,115.99,124.65,115.64,123.61,115.05,8.56,7.4402,73717.05,893973.641,0.9169,1.56,40.0098,6.0778,9937630.2764
688036.SH,2023-05-29,124.32,127.29,120.93,122.0,123.61,-1.61,-1.3025,57703.35,715371.194,0.7177,1.21,39.4887,5.9986,9808194.27
688036.SH,2023-05-30,123.2,130.8,121.0,127.95,122.0,5.95,4.877,66806.78,852421.952,0.831,1.34,41.4146,6.2912,10286544.7283
688036.SH,2023-05-31,126.15,132.8,124.8,125.75,126.15,-0.4,-0.3171,62948.89,806409.653,0.783,1.16,40.7025,6.7834,10109675.6513
688036.SH,2023-06-01,124.47,131.68,123.0,126.1,125.75,0.35,0.2783,62122.34,795259.995,0.7727,1.06,40.8158,6.8023,10137813.9135
688036.SH,2023-06-02,128.0,130.0,121.5,128.0,126.1,1.9,1.5067,43591.19,547869.905,0.5422,0.67,41.4307,6.9048,10290564.48
688036.SH,2023-06-05,129.93,139.31,126.99,135.35,128.0,7.35,5.7422,68280.24,917665.937,0.8493,1.16,43.8098,7.3012,10881467.9873
688036.SH,2023-06-06,134.02,138.04,131.15,134.0,135.35,-1.35,-0.9974,40977.28,554240.901,0.5097,0.67,43.3728,7.2284,10772934.69
688036.SH,2023-06-07,136.0,140.0,132.66,133.5,134.0,-0.5,-0.3731,64821.26,887866.162,0.8063,1.17,43.211,7.2014,10732737.1725
688036.SH,2023-06-08,132.93,133.5,129.5,132.45,133.5,-1.05,-0.7865,47922.08,628277.489,0.5961,0.86,42.8711,7.1448,10648322.3858
688036.SH,2023-06-09,133.37,135.36,129.78,134.55,132.45,2.1,1.5855,51827.99,689223.448,0.6447,0.98,43.5508,7.2581,10817151.9593
688036.SH,2023-06-12,136.0,137.5,127.81,127.82,134.55,-6.73,-5.0019,66685.85,869337.079,0.8295,1.22,41.3725,6.8951,10276093.3737
688036.SH,2023-06-13,128.78,132.52,126.88,131.88,127.82,4.06,3.1763,45494.27,594010.141,0.5659,0.84,42.6866,7.1141,10602497.2158
688036.SH,2023-06-14,134.3,134.3,129.2,130.68,131.88,-1.2,-0.9099,34933.49,457866.333,0.4345,0.63,42.2982,7.0493,10506023.1738
688036.SH,2023-06-15,130.68,132.58,128.01,129.65,130.68,-1.03,-0.7882,34381.64,445977.644,0.4277,0.7,41.9648,6.9938,10423216.2878
688036.SH,2023-06-16,130.0,140.4,127.29,139.5,129.65,9.85,7.5974,66374.86,896984.2,0.8256,1.42,45.153,7.5251,11215107.3825
688036.SH,2023-06-19,141.0,152.39,138.7,151.1,139.5,11.6,8.3154,80516.42,1187640.196,1.0015,1.62,48.9077,8.1509,12147689.7885
688036.SH,2023-06-20,150.63,151.5,143.71,147.9,151.1,-3.2,-2.1178,59985.48,885292.4,0.7461,1.15,47.8719,7.9782,11890425.6765
688036.SH,2023-06-21,148.27,153.67,145.9,148.26,147.9,0.36,0.2434,52467.73,783753.799,0.6526,0.95,47.9885,7.9977,11919367.8891
688036.SH,2023-06-26,147.0,156.0,144.04,145.88,148.26,-2.38,-1.6053,56287.09,838700.934,0.7001,0.96,47.2181,7.8693,11728027.7058
688036.SH,2023-06-27,146.75,147.1,140.58,143.44,145.88,-2.44,-1.6726,59484.76,850761.487,0.7399,0.94,46.4283,7.7376,11531863.8204
688036.SH,2023-06-28,146.0,146.2,137.7,140.0,143.44,-3.44,-2.3982,72834.38,1019142.309,0.906,1.18,45.3149,7.5521,11255304.9
688036.SH,2023-06-29,140.0,148.57,137.51,146.45,140.0,6.45,4.6071,94839.46,1367809.121,1.1797,1.58,47.4026,7.9,11773852.8758
688036.SH,2023-06-30,146.55,149.8,143.0,147.0,146.45,0.55,0.3756,48184.34,704075.282,0.5993,0.72,47.5806,7.9297,11818070.145
688036.SH,2023-07-03,146.79,147.5,135.35,139.72,147.0,-7.28,-4.9524,86110.15,1208324.218,1.0711,1.3,45.2243,7.537,11232794.2902
688036.SH,2023-07-04,139.75,143.88,139.0,140.5,139.72,0.78,0.5583,32584.75,459185.9,0.4053,0.45,45.4767,7.5791,11295502.4175
688036.SH,2023-07-05,138.51,140.8,135.91,136.8,140.5,-3.7,-2.6335,41273.77,566433.837,0.5134,0.62,44.2791,7.3795,10998040.788
688036.SH,2023-07-06,137.58,142.46,135.5,139.0,136.8,2.2,1.6082,38170.05,534016.342,0.4748,0.63,44.9912,7.4981,11174909.865
688036.SH,2023-07-07,139.0,143.88,135.66,141.86,139.0,2.86,2.0576,45829.75,641545.499,0.5701,0.93,45.9169,7.6524,11404839.6651
688036.SH,2023-07-10,142.98,143.76,131.27,133.86,141.86,-8.0,-5.6394,75716.3,1020183.661,0.9418,1.55,43.3275,7.2209,10761679.3851
688036.SH,2023-07-11,134.61,137.6,132.77,134.1,133.86,0.24,0.1793,37093.68,499525.338,0.4614,0.79,43.4052,7.2338,10780974.1935
688036.SH,2023-07-12,133.8,134.99,130.7,130.94,134.1,-3.16,-2.3565,41439.48,546838.601,0.5154,0.87,42.3824,7.0634,10526925.8829
688036.SH,2023-07-13,130.0,133.91,129.5,130.8,130.94,-0.14,-0.1069,40150.72,528478.251,0.4994,0.84,42.337,7.0558,10515670.578
688036.SH,2023-07-14,133.18,136.0,130.26,133.53,130.8,2.73,2.0872,37860.44,506719.879,0.4709,0.79,43.2207,7.2031,10735149.0236
688036.SH,2023-07-17,132.5,136.59,130.0,134.55,133.53,1.02,0.7639,21681.59,292747.329,0.2697,0.47,43.5508,7.2581,10817151.9593
688036.SH,2023-07-18,135.0,136.68,130.3,132.18,134.55,-2.37,-1.7614,32538.1,430373.313,0.4047,0.91,42.7837,7.1302,10626615.7263
688036.SH,2023-07-19,135.67,138.48,132.61,133.36,132.18,1.18,0.8927,25659.96,344350.548,0.3192,0.74,43.1657,7.1939,10721481.8676
688036.SH,2023-07-20,134.0,134.5,126.27,127.61,133.36,-5.75,-4.3116,64541.88,826180.012,0.8028,2.04,41.3045,6.8837,10259210.4164
688036.SH,2023-07-21,128.1,129.27,126.0,127.1,127.61,-0.51,-0.3997,30774.63,391840.703,0.3828,0.84,41.2732,6.8785,10251443.692
688036.SH,2023-07-24,126.5,130.85,125.47,127.75,127.1,0.65,0.5114,24036.97,308108.324,0.299,0.69,41.4843,6.9137,10303870.43
688036.SH,2023-07-25,129.05,129.89,125.73,128.65,127.75,0.9,0.7045,33337.57,428493.89,0.4133,0.94,41.7766,6.9345,10376461.298
688036.SH,2023-07-26,127.93,128.53,124.0,125.7,128.65,-2.95,-2.293,29971.69,377733.526,0.3716,0.84,40.8186,6.7755,10138524.564
688036.SH,2023-07-27,129.47,130.55,121.83,125.7,125.7,0.0,0.0,62241.51,782827.261,0.7717,1.7,40.8186,6.7755,10138524.564
688036.SH,2023-07-28,126.5,127.0,118.1,120.99,125.7,-4.71,-3.747,90135.7,1091836.153,1.1175,2.5,39.2891,6.5216,9758632.3548
688036.SH,2023-07-31,122.18,124.18,120.68,122.73,120.99,1.74,1.4381,60840.1,742885.116,0.7543,1.27,39.8542,6.6154,9898974.6996
688036.SH,2023-08-01,125.0,128.05,121.0,127.13,122.73,4.4,3.5851,59629.15,748978.983,0.7393,1.08,41.283,6.8526,10253863.3876
688036.SH,2023-08-02,124.98,128.88,124.0,127.29,127.13,0.16,0.1259,25442.45,322442.413,0.3154,0.42,41.3349,6.8612,10266768.4308
688036.SH,2023-08-03,127.17,129.3,125.83,127.25,127.29,-0.04,-0.0314,18157.98,231222.219,0.2251,0.3,41.322,6.859,10263542.17
688036.SH,2023-08-04,127.25,130.37,126.9,128.87,127.25,1.62,1.2731,24913.16,320160.452,0.3089,0.49,41.848,6.9463,10394205.7324
688036.SH,2023-08-07,128.86,137.98,128.86,134.27,128.87,5.4,4.1903,49660.32,668858.809,0.6157,1.31,43.6016,7.2374,10829750.9404
688036.SH,2023-08-08,134.0,135.88,132.7,133.02,134.27,-1.25,-0.931,33761.6,451251.39,0.4186,0.95,43.1956,7.17,10728930.2904
688036.SH,2023-08-09,132.97,134.8,131.7,132.5,133.02,-0.52,-0.3909,29092.19,387051.452,0.3607,0.96,43.0268,7.142,10686988.9
688036.SH,2023-08-10,133.2,133.42,129.8,131.8,132.5,-0.7,-0.5283,24240.73,318381.148,0.3005,0.78,42.7995,7.1043,10630529.336
688036.SH,2023-08-11,132.91,133.21,129.97,130.0,131.8,-1.8,-1.3657,21813.2,285467.55,0.2704,0.67,42.215,7.0073,10485347.6
688036.SH,2023-08-14,128.88,131.77,127.88,130.0,130.0,0.0,0.0,20680.48,267356.973,0.2564,0.65,42.215,7.0073,10485347.6
688036.SH,2023-08-15,131.0,134.99,127.67,129.11,130.0,-0.89,-0.6846,29780.85,390370.561,0.3692,1.15,41.926,6.9593,10413563.2972
688036.SH,2023-08-16,129.05,129.05,124.96,125.91,129.11,-3.2,-2.4785,30932.51,390160.214,0.3835,1.23,40.8868,6.7868,10155462.4332
688036.SH,2023-08-17,124.02,128.53,123.8,126.9,125.91,0.99,0.7863,26805.43,337845.328,0.3323,1.05,41.2083,6.8402,10235312.388
688036.SH,2023-08-18,129.34,129.34,123.69,124.88,126.9,-2.02,-1.5918,32875.68,412403.842,0.4076,1.26,40.5523,6.7313,10072386.2176
688036.SH,2023-08-21,124.01,127.88,123.64,125.23,124.88,0.35,0.2803,24548.37,308519.677,0.3044,0.87,40.666,6.7501,10100615.9996
688036.SH,2023-08-22,126.48,131.5,124.08,130.26,125.23,5.03,4.0166,36005.35,460523.657,0.4464,1.24,42.2994,7.0213,10506318.2952
688036.SH,2023-08-23,131.33,131.9,121.25,122.8,130.26,-7.46,-5.727,42053.25,519624.222,0.5214,1.39,39.8769,6.6192,9904620.656
688036.SH,2023-08-24,123.7,126.33,122.3,123.91,122.8,1.11,0.9039,27167.98,337320.579,0.3368,0.84,40.2374,6.679,9994149.3932
688036.SH,2023-08-25,122.5,124.5,120.58,122.49,123.91,-1.42,-1.146,28593.77,349005.564,0.3545,0.88,39.7762,6.6024,9879617.1348
688036.SH,2023-08-28,128.5,129.0,124.53,124.98,122.49,2.49,2.0328,36878.18,465687.124,0.4572,1.16,40.5848,6.7367,10080451.8696
688036.SH,2023-08-29,126.15,144.6,124.22,139.9,124.98,14.92,11.9379,80940.25,1089835.691,1.0035,2.37,45.4298,6.7328,11283847.148
688036.SH,2023-08-30,145.0,149.62,141.07,148.03,139.9,8.13,5.8113,70175.98,1021372.561,0.8701,1.63,48.0699,7.1241,11939584.6556
688036.SH,2023-08-31,147.03,148.66,145.12,146.82,148.03,-1.21,-0.8174,41474.14,608071.5,0.5142,0.85,47.6769,7.0658,11841990.2664
688036.SH,2023-09-01,145.5,146.71,140.0,141.0,146.82,-5.82,-3.964,35918.52,509623.418,0.4453,0.7,45.787,6.7857,11372569.32
688036.SH,2023-09-04,142.1,145.0,140.22,144.8,141.0,3.8,2.695,34249.98,489835.399,0.4246,0.65,47.021,6.9686,11679064.096
688036.SH,2023-09-05,145.44,145.79,142.43,144.01,144.8,-0.79,-0.5456,19406.07,280179.698,0.2406,0.37,46.7644,6.9306,11615345.4452
688036.SH,2023-09-06,141.84,143.99,139.47,140.0,144.01,-4.01,-2.7845,31541.07,443091.983,0.3911,0.78,45.4623,6.7376,11291912.8
688036.SH,2023-09-07,139.86,141.18,138.2,138.83,140.0,-1.17,-0.8357,29324.15,409829.562,0.3636,0.9,45.0823,6.6813,11197544.6716
688036.SH,2023-09-08,136.08,138.23,134.84,136.73,138.83,-2.1,-1.5126,15709.15,214023.534,0.1948,0.52,44.4004,6.5802,11028165.9796
688036.SH,2023-09-11,136.73,138.4,135.03,135.53,136.73,-1.2,-0.8776,25319.69,345527.783,0.3139,0.97,44.0107,6.5225,10931378.1556
688036.SH,2023-09-12,135.32,138.5,135.1,136.87,135.53,1.34,0.9887,20363.02,279343.99,0.2525,0.84,44.4459,6.587,11039457.8924
688036.SH,2023-09-13,135.9,137.19,134.51,136.07,136.87,-0.8,-0.5845,16583.29,224734.547,0.2056,0.68,44.1861,6.5485,10974932.6764
688036.SH,2023-09-14,136.07,138.68,134.91,136.33,136.07,0.26,0.1911,20576.72,279584.218,0.2551,0.96,44.2705,6.561,10995903.3716
688036.SH,2023-09-15,136.57,137.77,135.69,136.0,136.33,-0.33,-0.2421,18931.0,258452.934,0.2347,0.96,44.1633,6.5451,10969286.72
688036.SH,2023-09-18,136.1,139.49,135.31,135.49,136.0,-0.51,-0.375,21329.26,291667.955,0.2644,1.05,43.9977,6.5206,10928151.8948
688036.SH,2023-09-19,135.26,136.7,134.5,136.25,135.49,0.76,0.5609,17399.02,236009.667,0.2157,0.89,44.2445,6.5571,10989450.85
688036.SH,2023-09-20,134.65,137.6,134.5,135.23,136.25,-1.02,-0.7486,17555.42,237970.6,0.2177,0.93,43.9133,6.508,10907181.1996
688036.SH,2023-09-21,134.61,137.0,134.39,136.5,135.23,1.27,0.9391,19330.51,262264.96,0.2397,1.01,44.3257,6.5692,11009614.98
688036.SH,2023-09-22,136.49,136.49,129.7,132.73,136.5,-3.77,-2.7619,48462.9,646681.842,0.6009,2.56,43.1015,6.3877,10705539.8996
688036.SH,2023-09-25,133.0,137.3,132.76,136.25,132.73,3.52,2.652,23978.22,324603.681,0.2973,0.97,44.2445,6.5571,10989450.85
688036.SH,2023-09-26,139.92,147.79,139.65,146.25,136.25,10.0,7.3394,51987.68,751478.238,0.6446,2.05,47.4918,7.0384,11796016.05
688036.SH,2023-09-27,147.71,149.8,141.14,144.25,146.25,-2.0,-1.3675,45266.49,652758.477,0.5612,1.4,46.8424,6.9421,11634703.01
688036.SH,2023-09-28,144.04,146.62,144.04,145.74,144.25,1.49,1.0329,26423.34,384690.539,0.3276,0.7,47.3262,7.0138,11754881.2248
688036.SH,2023-10-09,145.74,146.38,141.15,143.78,145.74,-1.96,-1.3449,29528.21,423138.347,0.3661,0.75,46.6897,6.9195,11596794.4456
688036.SH,2023-10-10,142.87,145.49,142.5,143.8,143.78,0.02,0.0139,20402.49,294250.595,0.253,0.58,46.6962,6.9205,11598407.576
688036.SH,2023-10-11,145.63,146.94,143.97,144.84,143.8,1.04,0.7232,27271.65,396705.545,0.3381,0.79,47.034,6.9705,11682290.3568
688036.SH,2023-10-12,145.89,149.0,144.01,144.64,144.84,-0.2,-0.1381,31545.66,461452.029,0.3911,1.06,46.969,6.9609,11666159.0528
688036.SH,2023-10-13,144.99,147.21,144.1,145.8,144.64,1.16,0.802,22843.0,332708.043,0.2832,0.84,47.3457,7.0167,11759720.616
688036.SH,2023-10-16,144.87,147.18,144.18,145.21,145.8,-0.59,-0.4047,18403.11,267806.614,0.2282,0.7,47.1541,6.9883,11712133.2692
688036.SH,2023-10-17,144.5,149.25,144.03,148.95,145.21,3.74,2.5756,27822.69,411634.229,0.345,1.15,48.3686,7.1683,12013788.654
688036.SH,2023-10-18,149.28,149.28,139.85,141.54,148.95,-7.41,-4.9748,38361.92,546398.812,0.4756,1.5,45.9624,6.1374,11416123.8408
688036.SH,2023-10-19,140.0,142.96,138.57,138.98,141.54,-2.56,-1.8087,22553.35,315792.328,0.2796,0.81,45.131,6.0264,11209643.1496
688036.SH,2023-10-20,138.9,139.84,136.24,137.0,138.98,-1.98,-1.4247,23389.65,321580.732,0.29,0.9,44.4881,5.9406,11049943.24
688036.SH,2023-10-23,136.85,139.79,134.0,134.6,137.0,-2.4,-1.7518,24814.71,337190.183,0.3077,0.95,43.7087,5.8365,10856367.592
688036.SH,2023-10-24,134.94,136.98,133.01,134.06,134.6,-0.54,-0.4012,35188.06,474066.428,0.4363,1.28,43.5334,5.8131,10812813.0712
688036.SH,2023-10-25,138.8,138.8,133.41,133.6,134.06,-0.46,-0.3431,20738.02,279641.927,0.2571,0.72,43.384,5.7931,10775711.072
688036.SH,2023-10-26,132.0,136.66,131.7,134.81,133.6,1.21,0.9057,33751.38,451008.492,0.4185,1.33,43.7769,5.8456,10873305.4612
688036.SH,2023-10-27,134.83,137.63,131.69,133.11,134.81,-1.7,-1.261,38429.05,514596.36,0.4765,1.39,43.2249,5.7719,10736189.3772
688036.SH,2023-10-30,131.0,135.9,130.94,134.79,133.11,1.68,1.2621,36966.42,495412.813,0.4583,1.21,43.7704,5.8447,10871692.3308
688036.SH,2023-10-31,135.25,136.57,133.33,134.16,134.79,-0.63,-0.4674,25899.67,348444.105,0.3211,0.78,43.5658,5.8174,10820878.7232
688036.SH,2023-11-01,133.24,135.61,132.0,133.49,134.16,-0.67,-0.4994,28461.23,380537.006,0.3529,0.91,43.3483,5.7884,10766838.8548
688036.SH,2023-11-02,133.05,138.71,133.01,136.0,133.49,2.51,1.8803,39975.96,544251.833,0.4956,1.22,44.1633,5.8972,10969286.72
688036.SH,2023-11-03,136.5,139.58,132.66,135.33,136.0,-0.67,-0.4926,59605.06,802909.259,0.739,1.76,43.9458,5.8682,10915246.8516
688036.SH,2023-11-06,134.91,135.93,130.3,133.3,135.33,-2.03,-1.5,70975.42,943097.17,0.88,1.86,43.2866,5.7801,10751514.116
688036.SH,2023-11-07,132.38,132.98,125.25,127.0,133.3,-6.3,-4.7262,111726.96,1422889.463,1.3852,2.48,41.2408,5.507,10243378.04
688036.SH,2023-11-08,127.15,127.5,124.5,125.08,127.0,-1.92,-1.5118,59503.3,747167.035,0.7377,0.96,40.6173,5.4237,10088517.5216
688036.SH,2023-11-09,124.86,127.3,124.29,125.96,125.08,0.88,0.7035,45312.7,569611.906,0.5618,0.66,40.9031,5.4619,10159495.2592
688036.SH,2023-11-10,126.28,127.8,125.2,126.0,125.96,0.04,0.0318,32865.83,414397.428,0.4075,0.47,40.916,5.4636,10162721.52
688036.SH,2023-11-13,126.19,126.98,124.71,126.75,126.0,0.75,0.5952,39848.83,502854.095,0.4941,0.62,41.1596,5.4961,10223213.91
688036.SH,2023-11-14,127.24,128.8,125.1,125.5,126.75,-1.25,-0.9862,36605.19,462920.603,0.4538,0.63,40.7537,5.4419,10122393.26
688036.SH,2023-11-15,126.75,127.36,124.5,126.09,125.5,0.59,0.4701,39548.6,496423.322,0.4903,0.92,40.9453,5.4675,10169980.6068
688036.SH,2023-11-16,125.5,125.9,123.11,123.44,126.09,-2.65,-2.1017,39055.57,484433.266,0.4842,1.01,40.0847,5.3526,9956240.8288
688036.SH,2023-11-17,123.97,124.33,122.5,123.54,123.44,0.1,0.081,18053.34,222441.06,0.2238,0.48,40.1172,5.3569,9964306.4808
688036.SH,2023-11-20,123.6,124.35,121.04,121.2,123.54,-2.34,-1.8941,41002.75,499856.113,0.5084,1.18,39.3573,5.2555,9775570.224
688036.SH,2023-11-21,121.18,122.37,120.15,120.15,121.2,-1.05,-0.8663,28491.72,344688.606,0.3532,0.82,39.0164,5.2099,9690880.878
688036.SH,2023-11-22,120.0,120.62,118.62,118.62,120.15,-1.53,-1.2734,22083.62,264346.51,0.2738,0.66,38.5195,5.1436,9567476.4024
688036.SH,2023-11-23,119.65,119.68,117.4,118.86,118.62,0.24,0.2023,24340.7,288400.164,0.3018,0.82,38.5975,5.154,9586833.9672
688036.SH,2023-11-24,118.5,120.34,118.25,119.89,118.86,1.03,0.8666,32111.63,384643.42,0.3981,1.2,38.9319,5.1987,9669910.1828
688036.SH,2023-11-27,119.5,120.3,117.49,118.38,119.89,-1.51,-1.2595,27000.37,319385.482,0.3348,0.91,38.4416,5.1332,9548118.8376
688036.SH,2023-11-28,118.44,118.76,116.63,118.09,118.38,-0.29,-0.245,39771.0,468417.353,0.4931,1.48,38.3474,5.1206,9524728.4468
688036.SH,2023-11-29,115.01,115.33,112.0,112.61,115.09,-2.48,-2.1548,49151.41,556035.997,0.6094,1.69,36.5679,5.6132,9082730.7172
688036.SH,2023-11-30,112.57,112.57,109.68,110.67,112.61,-1.94,-1.7228,45444.58,504207.89,0.5634,1.32,35.9379,5.5165,8926257.0684
688036.SH,2023-12-01,110.69,115.48,110.28,115.17,110.67,4.5,4.0661,51840.73,585809.191,0.6427,1.34,37.3992,5.7408,9289211.4084
688036.SH,2023-12-04,115.64,119.05,113.56,117.16,115.17,1.99,1.7279,63167.71,740691.412,0.7832,1.48,38.0454,5.84,9449717.8832
688036.SH,2023-12-05,117.0,117.16,114.33,114.93,117.16,-2.23,-1.9034,39838.98,459826.036,0.4939,0.8,37.3213,5.7288,9269853.8436
688036.SH,2023-12-06,114.47,116.48,113.13,115.32,114.93,0.39,0.3393,36467.18,418520.305,0.4521,0.73,37.4479,5.7483,9301309.8864
688036.SH,2023-12-07,115.63,123.9,114.75,122.18,115.32,6.86,5.9487,63158.03,759797.071,0.783,1.33,39.6756,6.0902,9854613.6136
688036.SH,2023-12-08,122.57,127.77,121.01,127.77,122.18,5.59,4.5752,86903.55,1094755.243,1.0775,1.71,41.4908,6.3688,10305483.5604
688036.SH,2023-12-11,126.6,126.6,122.8,124.95,127.77,-2.82,-2.2071,59134.51,734741.242,0.7332,1.02,40.5751,6.2283,10078032.174
688036.SH,2023-12-12,124.58,125.87,123.05,124.65,124.95,-0.3,-0.2401,31094.45,387631.769,0.3855,0.54,40.4777,6.2133,10053835.218
688036.SH,2023-12-13,125.2,125.5,123.45,124.01,124.65,-0.64,-0.5134,22293.47,277151.391,0.2764,0.4,40.2698,6.1814,10002215.0452
688036.SH,2023-12-14,123.93,125.22,122.85,123.31,124.01,-0.7,-0.5645,19518.64,241594.005,0.242,0.37,40.0425,6.1465,9945755.4812
688036.SH,2023-12-15,123.09,126.0,123.09,125.09,123.31,1.78,1.4435,30279.93,378902.484,0.3754,0.69,40.6205,6.2353,10089324.0868
688036.SH,2023-12-18,126.99,126.99,123.58,125.3,125.09,0.21,0.1679,24192.23,302299.72,0.2999,0.75,40.6887,6.2457,10106261.956
688036.SH,2023-12-19,125.77,126.07,124.02,125.64,125.3,0.34,0.2713,15606.16,195529.35,0.1935,0.61,40.7991,6.2627,10133685.1728
688036.SH,2023-12-20,125.26,126.97,124.03,125.4,125.64,-0.24,-0.191,19819.85,249311.593,0.2457,0.89,40.7212,6.2507,10114327.608
688036.SH,2023-12-21,125.02,130.5,124.5,129.9,125.4,4.5,3.5885,55287.32,710419.945,0.6855,2.53,42.1825,6.475,10477281.948
688036.SH,2023-12-22,129.94,132.56,127.89,129.58,129.9,-0.32,-0.2463,46194.7,600928.653,0.5727,1.59,42.0786,6.4591,10451471.8616
688036.SH,2023-12-25,130.0,130.87,127.7,130.31,129.58,0.73,0.5634,27259.53,352094.779,0.338,0.85,42.3156,6.4955,10510351.1212
688036.SH,2023-12-26,130.86,130.98,127.66,130.1,130.31,-0.21,-0.1612,19699.39,254723.883,0.2442,0.6,42.2474,6.485,10493413.252
688036.SH,2023-12-27,133.0,133.2,128.0,132.3,130.1,2.2,1.691,37892.57,496348.647,0.4698,1.13,42.9618,6.5946,10670857.596
688036.SH,2023-12-28,131.56,135.86,131.04,133.37,132.3,1.07,0.8088,33676.64,451213.494,0.4175,0.9,43.3093,6.648,10757160.0724
688036.SH,2023-12-29,133.0,139.28,132.6,138.4,133.37,5.03,3.7715,36661.3,503179.17,0.4545,1.11,44.9427,6.8987,11162862.368
688036.SH,2024-01-02,137.91,139.25,133.03,133.35,138.4,-5.05,-3.6488,35868.34,485633.099,0.4447,1.16,43.3028,6.647,10755546.942
688036.SH,2024-01-03,133.0,136.89,132.51,136.25,133.35,2.9,2.1747,36602.25,495807.301,0.4538,1.12,44.2445,6.7915,10989450.85
688036.SH,2024-01-04,136.0,136.0,132.6,133.41,136.25,-2.84,-2.0844,26510.18,353758.512,0.3287,0.73,43.3223,6.65,10760386.3332
688036.SH,2024-01-05,132.17,135.17,131.0,131.85,133.41,-1.56,-1.1693,35836.49,476626.969,0.4443,1.06,42.8157,6.5722,10634562.162
688036.SH,2024-01-08,131.35,133.2,129.15,131.73,131.85,-0.12,-0.091,28540.06,374095.25,0.3538,0.83,42.7767,6.5662,10624883.3796
688036.SH,2024-01-09,130.98,132.89,128.51,129.9,131.73,-1.83,-1.3892,32921.69,429960.0,0.4082,1.01,42.1825,6.475,10477281.948
688036.SH,2024-01-10,128.43,130.48,126.88,128.94,129.9,-0.96,-0.739,26084.66,335993.153,0.3234,0.81,41.8707,6.4272,10399851.6888
688036.SH,2024-01-11,128.66,135.5,127.9,133.79,128.94,4.85,3.7614,33756.23,449163.645,0.4185,1.13,43.4457,6.6689,10791035.8108
688036.SH,2024-01-12,133.71,134.87,132.04,133.4,133.79,-0.39,-0.2915,17201.6,229408.694,0.2133,0.55,43.319,6.6495,10759579.768
688036.SH,2024-01-15,132.13,134.8,130.68,132.52,133.4,-0.88,-0.6597,18842.45,250488.931,0.2336,0.68,43.0333,6.6056,10688602.0304
688036.SH,2024-01-16,131.96,134.44,130.01,134.14,132.52,1.62,1.2225,23762.7,315072.134,0.2946,0.92,43.5593,6.6864,10819265.5928
688036.SH,2024-01-17,133.25,139.0,132.35,134.54,134.14,0.4,0.2982,39181.87,532567.926,0.4858,1.64,43.6892,6.7063,10851528.2008
688036.SH,2024-01-18,134.1,136.57,130.79,134.69,134.54,0.15,0.1115,36380.99,485187.661,0.4511,1.37,43.7379,6.7138,10863626.6788
688036.SH,2024-01-19,134.69,134.69,130.11,133.6,134.69,-1.09,-0.8093,25786.29,341837.981,0.3197,0.95,43.384,6.6594,10775711.072
688036.SH,2024-01-22,132.1,137.6,132.04,134.48,133.6,0.88,0.6587,39868.24,540367.407,0.4943,1.38,43.6698,6.7033,10846688.8096
688036.SH,2024-01-23,132.75,139.01,131.31,132.49,134.48,-1.99,-1.4798,32419.77,436139.842,0.4019,0.98,43.0235,6.6041,10686182.3348
688036.SH,2024-01-24,133.6,140.0,132.6,139.46,132.49,6.97,5.2608,39146.59,536836.9,0.4853,1.13,45.2869,6.9515,11248358.2792
688036.SH,2024-01-25,139.0,148.0,138.2,145.0,139.46,5.54,3.9725,46947.34,677238.355,0.5821,1.35,47.0859,7.2277,11695195.4
688036.SH,2024-01-26,143.6,146.62,142.21,144.66,145.0,-0.34,-0.2345,29765.07,431149.059,0.369,0.81,46.9755,7.2107,11667772.1832
688036.SH,2024-01-29,144.19,148.96,141.63,142.0,144.66,-2.66,-1.8388,31393.09,453951.101,0.3892,0.83,46.1117,7.0782,11453225.84
688036.SH,2024-01-30,140.66,142.0,137.13,137.5,142.0,-4.5,-3.169,29356.46,407412.069,0.364,0.82,44.6504,6.8538,11090271.5
688036.SH,2024-01-31,135.0,141.99,133.67,136.65,137.5,-0.85,-0.6182,37712.16,518903.815,0.4676,1.07,44.3744,6.8115,11021713.458
688036.SH,2024-02-01,136.67,140.6,135.03,138.59,136.65,1.94,1.4197,34966.94,483182.312,0.4335,1.0,45.0044,6.9082,11178187.1068
688036.SH,2024-02-02,139.5,144.47,138.59,141.37,138.59,2.78,2.0059,38670.11,548638.987,0.4794,1.18,45.9071,7.0468,11402412.2324
688036.SH,2024-02-05,142.96,146.85,138.1,142.5,141.37,1.13,0.7993,50999.15,727278.783,0.6323,1.48,46.2741,7.1031,11493554.1
688036.SH,2024-02-06,142.5,150.79,141.89,150.12,142.5,7.62,5.3474,38396.17,568410.33,0.476,1.0,48.7485,7.4829,12108156.7824
688036.SH,2024-02-07,150.58,158.88,148.65,158.88,150.12,8.76,5.8353,40845.82,630330.342,0.5064,1.02,51.5932,7.9196,12814707.8976
688036.SH,2024-02-08,161.15,163.79,144.6,148.0,158.88,-10.88,-6.8479,72183.59,1084664.245,0.895,1.77,48.0601,7.3772,11937164.96
688036.SH,2024-02-19,145.0,156.5,144.81,155.8,148.0,7.8,5.2703,53918.4,822766.189,0.6685,1.12,50.593,7.766,12566285.816
688036.SH,2024-02-20,153.87,161.5,152.01,159.0,155.8,3.2,2.0539,35054.86,552003.883,0.4346,0.68,51.6321,7.9255,12824386.68
688036.SH,2024-02-21,156.73,158.72,153.02,155.0,159.0,-4.0,-2.5157,35533.54,551968.26,0.4406,0.74,50.3332,7.7262,12501760.6
688036.SH,2024-02-22,155.01,157.24,151.02,154.9,155.0,-0.1,-0.0645,31321.52,482612.993,0.3883,0.66,50.3008,6.9639,12493694.948
688036.SH,2024-02-23,155.5,155.9,151.88,153.79,154.9,-1.11,-0.7166,33248.36,510650.437,0.4122,0.73,49.9403,6.914,12404166.2108
688036.SH,2024-02-26,153.01,155.5,150.5,153.18,153.79,-0.61,-0.3966,26232.54,402682.965,0.3252,0.69,49.7422,6.8866,12354965.7336
688036.SH,2024-02-27,151.08,152.99,148.92,151.0,153.18,-2.18,-1.4232,56101.47,845188.99,0.6956,1.74,49.0343,6.7886,12179134.52
688036.SH,2024-02-28,152.22,152.86,148.2,148.2,151.0,-2.8,-1.8543,40823.12,611925.831,0.5061,1.12,48.1251,6.6627,11953296.264
688036.SH,2024-02-29,147.39,159.79,147.28,158.7,148.2,10.5,7.085,57949.1,896481.633,0.7185,1.54,51.5347,7.1347,12800189.724
688036.SH,2024-03-01,158.72,166.14,156.8,165.26,158.7,6.56,4.1336,47824.07,777684.17,0.5929,1.12,53.665,7.4297,13329296.4952
688036.SH,2024-03-04,168.0,171.6,164.27,167.56,165.26,2.3,1.3917,50843.8,853352.637,0.6304,1.11,54.4118,7.5331,13514806.4912
688036.SH,2024-03-05,165.68,172.67,164.29,167.27,167.56,-0.29,-0.1731,55098.65,929628.456,0.6831,1.09,54.3177,7.52,13491416.1004
688036.SH,2024-03-06,168.88,173.2,168.05,169.94,167.27,2.67,1.5962,48514.96,830763.996,0.6015,0.96,55.1847,7.6401,13706769.0088
688036.SH,2024-03-07,169.94,170.99,166.22,168.3,169.94,-1.64,-0.965,36079.53,607064.322,0.4473,0.69,54.6521,7.5663,13574492.316
688036.SH,2024-03-08,166.1,168.6,164.95,167.68,168.3,-0.62,-0.3684,23712.57,395545.257,0.294,0.5,54.4508,7.5385,13524485.2736
688036.SH,2024-03-11,167.68,170.33,164.87,168.27,167.68,0.59,0.3519,29966.14,502506.318,0.3715,0.7,54.6424,7.565,13572072.6204
688036.SH,2024-03-12,167.27,170.0,164.89,166.22,168.27,-2.05,-1.2183,24892.43,416380.887,0.3086,0.64,53.9767,7.4728,13406726.7544
688036.SH,2024-03-13,165.0,166.93,163.33,164.5,166.22,-1.72,-1.0348,24447.98,403478.39,0.3031,0.75,53.4182,7.3955,13267997.54
688036.SH,2024-03-14,164.0,165.15,161.5,162.73,164.5,-1.77,-1.076,25241.58,410658.106,0.313,0.91,52.8434,7.3159,13125235.4996
688036.SH,2024-03-15,161.8,167.82,160.39,167.0,162.73,4.27,2.624,32122.65,528612.54,0.3983,1.25,54.23,7.5079,13469638.84
688036.SH,2024-03-18,166.3,172.66,164.5,165.35,167.0,-1.65,-0.988,47553.9,796163.877,0.5896,1.74,53.6942,7.4337,13336555.582
688036.SH,2024-03-19,164.55,168.5,163.98,164.0,165.35,-1.35,-0.8164,21908.54,363417.717,0.2716,0.71,53.2558,7.373,13227669.28
688036.SH,2024-03-20,162.65,166.7,161.5,162.85,164.0,-1.15,-0.7012,26166.47,426801.379,0.3244,0.86,52.8824,7.3213,13134914.282
688036.SH,2024-03-21,162.85,163.6,159.36,159.8,162.85,-3.05,-1.8729,37860.01,607927.515,0.4694,1.24,51.8919,7.1842,12888911.896
688036.SH,2024-03-22,159.8,160.98,157.28,159.52,159.8,-0.28,-0.1752,28345.57,451444.486,0.3514,0.86,51.801,7.1716,12866328.0704
688036.SH,2024-03-25,160.93,164.1,158.5,159.04,159.52,-0.48,-0.3009,33151.16,534494.738,0.411,1.02,51.6451,7.15,12827612.9408
688036.SH,2024-03-26,157.31,160.83,156.66,157.66,159.04,-1.38,-0.8677,25956.16,412010.285,0.3218,0.88,51.197,7.088,12716306.9432
688036.SH,2024-03-27,156.66,159.35,156.17,157.29,157.66,-0.37,-0.2347,25475.44,402118.531,0.3159,0.84,51.0769,7.0714,12686464.0308
688036.SH,2024-03-28,158.1,165.3,157.61,163.3,157.29,6.01,3.821,37531.45,609395.659,0.4653,1.24,53.0285,7.3415,13171209.716
688036.SH,2024-03-29,163.0,169.0,161.67,168.27,163.3,4.97,3.0435,28611.09,473539.58,0.3547,0.95,54.6424,7.565,13572072.6204
688036.SH,2024-04-01,168.0,171.08,163.56,169.21,168.27,0.94,0.5586,31096.62,521276.657,0.3855,1.03,54.9476,7.6072,13647889.7492
688036.SH,2024-04-02,167.57,171.64,165.1,166.2,169.21,-3.01,-1.7789,29294.13,490613.926,0.3632,0.99,53.9702,7.4719,13405113.624
688036.SH,2024-04-03,166.25,166.25,154.03,155.93,166.2,-10.27,-6.1793,63415.5,1002104.084,0.7862,2.09,50.6352,7.0102,12576771.1636
688036.SH,2024-04-08,155.61,158.88,153.01,156.46,155.93,0.53,0.3399,39606.27,616999.641,0.491,1.04,50.8073,7.034,12619519.1192
688036.SH,2024-04-09,155.68,157.67,154.34,157.14,156.46,0.68,0.4346,19434.06,303109.83,0.2409,0.51,51.0281,7.0646,12674365.5528
688036.SH,2024-04-10,156.78,158.45,153.68,157.57,157.14,0.43,0.2736,21484.72,337332.145,0.2664,0.59,51.1678,7.0839,12709047.8564
688036.SH,2024-04-11,156.46,163.86,156.46,162.62,157.57,5.05,3.2049,32017.04,517189.963,0.397,0.92,52.8077,7.311,13116363.2824
688036.SH,2024-04-12,162.61,167.0,161.06,164.24,162.62,1.62,0.9962,26694.69,438575.554,0.331,0.76,53.3337,7.3838,13247026.8448
688036.SH,2024-04-15,163.82,171.44,163.62,170.0,164.24,5.76,3.5071,32655.15,550172.513,0.4049,1.17,55.2042,7.6428,13711608.4
688036.SH,2024-04-16,170.99,172.29,167.55,171.34,170.0,1.34,0.7882,39499.59,672987.979,0.4897,1.49,55.6393,7.703,13819688.1368
688036.SH,2024-04-17,169.78,171.92,168.31,170.65,171.34,-0.69,-0.4027,31045.21,527409.59,0.3849,1.02,55.4153,7.672,13764035.138
688036.SH,2024-04-18,172.69,179.17,171.01,172.54,170.65,1.89,1.1075,39819.15,695639.734,0.4937,1.23,56.029,7.757,13916475.9608
688036.SH,2024-04-19,171.85,175.5,170.65,171.5,172.54,-1.04,-0.6028,20015.06,346219.794,0.2482,0.59,55.6913,7.7102,13832593.18
688036.SH,2024-04-22,171.0,172.2,168.65,170.72,171.5,-0.78,-0.4548,26268.21,447212.756,0.3257,0.81,55.438,7.6751,13769681.0944
688036.SH,2024-04-23,169.2,171.0,163.66,164.5,170.72,-6.22,-3.6434,39079.95,647819.628,0.4845,1.25,23.9622,7.3486,13267997.54
688036.SH,2024-04-24,165.96,165.96,158.89,162.91,164.5,-1.59,-0.9666,42391.79,686633.485,0.5256,1.36,23.7306,7.2775,13139753.6732
688036.SH,2024-04-25,163.0,163.72,145.13,145.18,162.91,-17.73,-10.8833,121130.24,1812197.694,1.5018,3.61,21.1479,5.8948,11709713.5736
688036.SH,2024-04-26,145.0,152.23,145.0,148.85,145.18,3.67,2.5279,79865.33,1185077.459,0.9902,1.6,21.6825,6.0438,12005723.002
688036.SH,2024-04-29,150.55,152.0,144.54,148.37,148.85,-0.48,-0.3225,97544.84,1431170.428,1.2094,1.58,21.6126,6.0243,11967007.8724
688036.SH,2024-04-30,148.37,148.37,144.0,144.0,148.37,-4.37,-2.9453,50483.57,736167.469,0.6259,0.66,20.9761,5.8469,11614538.88
688036.SH,2024-05-06,145.44,146.44,140.03,143.0,144.0,-1.0,-0.6944,97093.3,1387853.911,1.2038,1.24,20.8304,5.8063,11533882.36
688036.SH,2024-05-07,142.16,142.44,138.0,140.45,143.0,-2.55,-1.7832,81269.31,1135761.669,1.0076,0.91,20.4589,5.7027,11328208.234
688036.SH,2024-05-08,140.45,145.68,138.61,144.09,140.45,3.64,2.5917,68824.11,988599.044,0.8533,0.85,20.9892,5.8505,11621797.9668
688036.SH,2024-05-09,144.15,146.0,142.84,145.33,144.09,1.24,0.8606,53959.67,781345.21,0.669,0.68,21.1698,5.9009,11721812.0516
688036.SH,2024-05-10,146.0,146.48,143.6,145.86,145.33,0.53,0.3647,46279.34,670805.267,0.5738,0.66,21.247,5.9224,11764560.0072
688036.SH,2024-05-13,145.0,150.5,143.88,147.51,145.86,1.65,1.1312,59486.23,878213.832,0.7375,0.86,21.4874,5.9894,11897643.2652
688036.SH,2024-05-14,148.8,151.49,145.99,146.89,147.51,-0.62,-0.4203,49264.93,730165.087,0.6108,0.8,21.397,5.9642,11847636.2228
688036.SH,2024-05-15,146.0,147.58,142.86,143.05,146.89,-3.84,-2.6142,27317.21,397074.5,0.3387,0.49,20.8377,5.8083,11537915.186
688036.SH,2024-05-16,143.08,144.4,138.5,138.61,143.05,-4.44,-3.1038,70702.97,989929.274,0.8766,1.5,20.1909,5.628,11179800.2372
688036.SH,2024-05-17,137.75,139.11,135.0,137.14,138.61,-1.47,-1.0605,48201.06,662159.796,0.5976,0.95,19.9768,5.5684,11061235.1528
688036.SH,2024-05-20,134.42,135.51,132.01,135.0,137.14,-2.14,-1.5604,90199.99,1211862.837,1.1183,1.77,19.6651,5.4815,10888630.2
688036.SH,2024-05-21,135.3,142.0,135.1,141.0,135.0,6.0,4.4444,91720.68,1277480.798,1.1372,1.61,20.5391,5.7251,11372569.32
688036.SH,2024-05-22,140.29,141.0,137.13,137.73,141.0,-3.27,-2.3191,46750.32,647369.513,0.5796,0.71,20.0627,5.5923,11108822.4996
688036.SH,2024-05-23,138.5,141.41,137.29,139.08,137.73,1.35,0.9802,42162.12,586831.077,0.5227,0.61,20.2594,5.6471,11217708.8016
688036.SH,2024-05-24,138.9,139.13,132.03,132.11,139.08,-6.97,-5.0115,66883.17,899089.602,0.8292,1.05,19.2441,5.3641,10655532.8572
688036.SH,2024-05-27,132.35,133.9,129.18,131.2,132.11,-0.91,-0.6888,71382.09,938203.133,0.885,1.06,19.1115,5.3272,10582135.424
688036.SH,2024-05-28,127.0,135.9,126.95,133.83,131.2,2.63,2.0046,76427.25,1018737.3,0.9476,1.2,19.4946,5.434,10794262.0716
688036.SH,2024-05-29,132.01,135.77,131.79,133.41,133.83,-0.42,-0.3138,40043.52,533207.644,0.4965,0.66,19.4334,5.4169,10760386.3332
688036.SH,2024-05-30,133.54,135.41,131.72,132.8,133.41,-0.61,-0.4572,30218.27,403862.151,0.3747,0.51,19.3446,5.3921,10711185.856
688036.SH,2024-05-31,132.27,133.97,130.11,131.0,132.8,-1.8,-1.3554,34101.33,450554.2,0.4228,0.6,19.0824,5.319,10566004.12
688036.SH,2024-06-03,131.0,131.67,127.45,129.93,131.0,-1.07,-0.8168,61415.1,795056.75,0.7614,1.22,18.9265,5.2756,10479701.6436
688036.SH,2024-06-04,130.0,132.0,128.53,132.0,129.93,2.07,1.5932,51705.79,674499.848,0.6411,1.07,19.2281,5.3597,10646660.64
688036.SH,2024-06-05,131.5,131.5,127.43,128.02,132.0,-3.98,-3.0152,64346.59,826198.161,0.7978,1.48,18.6483,5.198,10325647.6904
688036.SH,2024-06-06,128.4,128.4,124.88,125.3,128.02,-2.72,-2.1247,48363.19,612312.226,0.5996,1.0,18.2521,5.0876,10106261.956
688036.SH,2024-06-07,88.15,88.69,85.32,85.91,87.36,-1.45,-1.6598,62461.08,539601.78,0.5531,1.2,17.52,5.5609,9700882.2865
688036.SH,2024-06-11,86.11,86.17,84.25,85.2,85.91,-0.71,-0.8264,77756.13,660521.228,0.6886,1.35,17.3752,5.515,9620709.7056
688036.SH,2024-06-12,85.94,88.96,85.31,86.95,85.2,1.75,2.054,103998.11,904922.762,0.921,1.71,17.7321,5.6282,9818318.1796
688036.SH,2024-06-13,86.99,87.02,84.88,85.41,86.95,-1.54,-1.7711,61792.24,529708.525,0.5472,0.87,17.418,5.5285,9644422.7225
688036.SH,2024-06-14,85.27,89.27,83.91,88.58,85.41,3.17,3.7115,105334.5,917839.251,0.9328,1.49,18.0645,5.7337,10002376.3582
688036.SH,2024-06-17,87.88,88.83,85.5,85.9,88.58,-2.68,-3.0255,91557.93,792339.085,0.8108,1.11,17.5179,5.5603,9699753.0952
688036.SH,2024-06-18,85.88,87.23,84.05,84.87,85.9,-1.03,-1.1991,77504.69,661767.132,0.6864,0.88,17.3079,5.4936,9583446.3934
688036.SH,2024-06-19,84.8,85.0,82.37,83.56,84.87,-1.31,-1.5435,69610.34,582281.761,0.6165,0.79,17.0407,5.4088,9435522.3357
688036.SH,2024-06-20,84.24,84.37,81.3,81.6,83.56,-1.96,-2.3456,64476.26,529654.148,0.571,0.79,16.641,5.2819,9214200.8448
688036.SH,2024-06-21,81.21,81.71,80.11,81.4,81.6,-0.2,-0.2451,55120.67,446587.912,0.4881,0.67,16.6002,5.269,9191617.0192
688036.SH,2024-06-24,80.46,81.2,79.0,79.18,81.4,-2.22,-2.7273,63194.15,505637.29,0.5596,0.88,16.1475,5.1253,8940936.555
688036.SH,2024-06-25,79.16,79.7,77.01,77.6,79.18,-1.58,-1.9955,63951.04,499522.602,0.5663,0.97,15.8253,5.023,8762524.3328
688036.SH,2024-06-26,78.09,78.85,77.02,78.2,77.6,0.6,0.7732,52979.31,413400.075,0.4692,0.84,15.9476,5.0618,8830275.8096
688036.SH,2024-06-27,78.14,78.28,76.76,76.76,78.2,-1.44,-1.8414,44044.72,340805.407,0.3901,0.73,15.654,4.9686,8667672.2653
688036.SH,2024-06-28,77.25,78.39,76.16,76.54,76.76,-0.22,-0.2866,53785.94,414972.65,0.4763,0.96,15.6091,4.9544,8642830.0571
688036.SH,2024-07-01,76.0,78.37,75.14,77.75,76.54,1.21,1.5809,55384.34,428426.125,0.4905,1.0,15.8559,5.0327,8779462.202
688036.SH,2024-07-02,77.2,77.7,75.08,75.36,77.75,-2.39,-3.074,58235.89,441815.003,0.5157,1.08,15.3685,4.878,8509585.4861
688036.SH,2024-07-03,75.01,75.78,74.22,74.5,75.36,-0.86,-1.1412,41906.05,313638.404,0.3711,0.79,15.1931,4.8223,8412475.036
688036.SH,2024-07-04,74.76,75.69,74.03,74.11,74.5,-0.39,-0.5235,37911.52,283361.361,0.3357,0.75,15.1135,4.7971,8368436.5761
688036.SH,2024-07-05,73.8,75.0,72.61,74.63,74.11,0.52,0.7017,49350.21,364672.721,0.437,1.0,15.2196,4.8308,8427154.5226
688036.SH,2024-07-08,73.93,76.5,73.62,74.58,74.63,-0.05,-0.067,60013.93,451770.158,0.5315,1.24,15.2094,4.8275,8421508.5662
688036.SH,2024-07-09,74.0,76.8,73.37,76.35,74.58,1.77,2.3733,70350.01,528554.579,0.623,1.42,15.5704,4.9421,8621375.4228
688036.SH,2024-07-10,78.0,81.28,77.7,80.14,76.35,3.79,4.964,117518.68,939414.386,1.0407,2.26,16.3433,5.1874,9049338.9179
688036.SH,2024-07-11,82.0,84.9,80.41,82.34,80.14,2.2,2.7452,119358.13,987603.522,1.057,1.78,16.7919,5.3298,9297760.9995
688036.SH,2024-07-12,80.51,81.4,78.41,79.33,82.34,-3.01,-3.6556,84504.24,670656.125,0.7484,1.01,16.1781,5.135,8957874.4242
688036.SH,2024-07-15,76.0,76.77,71.0,75.4,79.33,-3.93,-4.954,140022.42,1035644.735,1.24,1.55,15.3766,4.8806,8514102.2512
688036.SH,2024-07-16,75.0,79.3,74.52,78.92,75.4,3.52,4.6684,103355.46,804841.637,0.9153,0.97,16.0945,5.1085,8911577.5818
688036.SH,2024-07-17,79.85,82.66,78.33,80.91,78.92,1.99,2.5215,107905.46,873110.673,0.9556,0.96,16.5003,5.2373,9136286.6465
688036.SH,2024-07-18,79.95,82.35,79.49,80.96,80.91,0.05,0.0618,77782.33,627107.071,0.6888,0.7,16.5105,5.2405,9141932.6029
688036.SH,2024-07-19,80.2,83.17,79.62,82.58,80.96,1.62,2.001,89473.5,733602.886,0.7924,0.87,16.8409,5.3454,9324861.5902
688036.SH,2024-07-22,82.0,82.07,78.65,79.58,82.58,-3.0,-3.6328,90572.91,722765.424,0.8021,0.87,16.2291,5.1512,8986104.2062
688036.SH,2024-07-23,79.37,79.4,76.5,76.92,79.58,-2.66,-3.3425,70480.9,548330.318,0.6242,0.75,15.6866,4.979,8685739.3258
688036.SH,2024-07-24,76.01,77.95,75.71,75.92,76.92,-1.0,-1.3001,39012.33,298860.47,0.3455,0.45,15.4827,4.9143,8572820.1978
688036.SH,2024-07-25,75.41,79.27,74.69,78.98,75.92,3.06,4.0306,56605.09,438465.083,0.5013,0.77,16.1067,5.1123,8918352.7294
688036.SH,2024-07-26,78.98,79.44,76.56,79.12,78.98,0.14,0.1773,52941.84,413941.943,0.4688,0.76,16.1353,5.1214,8934161.4074
688036.SH,2024-07-29,79.05,80.71,78.34,79.01,79.12,-0.11,-0.139,50828.56,405567.739,0.4501,0.82,16.1128,5.1143,8921740.3033
688036.SH,2024-07-30,78.7,78.76,75.7,76.71,79.01,-2.3,-2.911,52621.23,402206.315,0.466,0.97,15.6438,4.9654,8662026.3089
688036.SH,2024-07-31,76.59,81.01,75.8,80.86,76.71,4.15,5.41,72741.07,575550.101,0.6442,1.44,16.4901,5.234,9130640.6901
688036.SH,2024-08-01,80.67,81.38,77.62,77.62,80.86,-3.24,-4.0069,63642.46,502526.926,0.5636,1.11,15.8294,5.0243,8764782.7154
688036.SH,2024-08-02,77.77,78.86,75.83,75.94,77.62,-1.68,-2.1644,50870.4,390657.143,0.4505,0.87,15.4867,4.9156,8575078.5803
688036.SH,2024-08-05,74.9,77.33,74.7,75.3,75.94,-0.64,-0.8428,54858.63,417415.435,0.4858,0.94,15.3562,4.8741,8502810.3384
688036.SH,2024-08-06,76.39,77.2,73.79,74.8,75.3,-0.5,-0.664,39300.62,294810.322,0.348,0.67,15.2543,4.8418,8446350.7744
688036.SH,2024-08-07,74.69,75.4,73.7,74.3,74.8,-0.5,-0.6684,29302.16,217510.791,0.2595,0.52,15.1523,4.8094,8389891.2104
688036.SH,2024-08-08,74.5,75.26,73.58,74.29,74.3,-0.01,-0.0135,30236.57,225101.512,0.2678,0.64,15.1503,4.8088,8388762.0191
688036.SH,2024-08-09,74.63,75.5,73.74,73.84,74.29,-0.45,-0.6057,24765.02,184156.346,0.2193,0.61,15.0585,4.7796,8337948.4115
688036.SH,2024-08-12,73.53,78.37,73.5,77.17,73.84,3.33,4.5098,67993.5,523634.819,0.6021,1.9,15.7376,4.9952,8713969.1078
688036.SH,2024-08-13,76.74,78.34,76.08,76.99,77.17,-0.18,-0.2333,35778.04,275030.656,0.3168,0.93,15.7009,4.9835,8693643.6647
688036.SH,2024-08-14,76.85,77.22,74.66,75.14,76.99,-1.85,-2.4029,33187.45,249829.678,0.2939,0.88,15.3236,4.8638,8484743.2779
688036.SH,2024-08-15,75.0,76.5,73.7,74.51,75.14,-0.63,-0.8384,41473.13,311479.061,0.3673,1.08,15.1951,4.823,8413604.2273
688036.SH,2024-08-16,74.42,77.76,74.19,77.54,74.51,3.03,4.0666,60942.06,465401.356,0.5397,1.5,15.813,5.0191,8755749.1851
688036.SH,2024-08-19,76.61,79.79,76.57,77.57,77.54,0.03,0.0387,46953.58,367765.628,0.4158,0.98,15.8192,5.0211,8759136.759
688036.SH,2024-08-20,77.73,80.3,77.73,79.88,77.57,2.31,2.978,58911.96,469278.074,0.5217,1.35,16.2902,5.1706,9019979.9446
688036.SH,2024-08-21,79.75,83.98,78.5,82.48,79.88,2.6,3.2549,79430.16,651925.542,0.7034,1.64,16.8205,5.3389,9313569.6774
688036.SH,2024-08-22,82.85,85.55,81.7,82.3,82.48,-0.18,-0.2182,75836.26,632706.773,0.6716,1.32,16.7838,5.3272,9293244.2344
688036.SH,2024-08-23,81.69,85.28,81.32,84.85,82.3,2.55,3.0984,62326.74,522553.143,0.552,0.97,17.3038,5.4923,9581188.0108
688036.SH,2024-08-26,85.28,85.96,83.0,85.47,84.85,0.62,0.7307,50791.19,430789.66,0.4498,0.79,17.4302,5.5324,9651197.8702
688036.SH,2024-08-27,85.05,85.5,83.52,83.88,85.47,-1.59,-1.8603,41839.45,352190.659,0.3705,0.64,17.106,5.4295,9471656.4566
688036.SH,2024-08-28,83.57,83.57,77.71,79.26,83.88,-4.62,-5.5079,106058.19,841759.943,0.9392,1.71,16.1638,4.7881,8949970.0853
688036.SH,2024-08-29,78.84,81.0,77.02,80.06,79.26,0.8,1.0093,56697.39,447606.062,0.5021,0.84,16.3269,4.8364,9040305.3877
688036.SH,2024-08-30,79.89,81.78,79.18,80.0,80.06,-0.06,-0.0749,88605.14,712521.151,0.7847,1.39,16.3147,4.8328,9033530.24
688036.SH,2024-09-02,80.0,81.05,76.8,76.89,80.0,-3.11,-3.8875,80681.33,631499.251,0.7145,1.17,15.6805,4.6449,8682351.7519
688036.SH,2024-09-03,76.86,77.35,75.12,76.85,76.89,-0.04,-0.052,68666.37,524377.051,0.6081,0.92,15.6723,4.6425,8677834.9868
688036.SH,2024-09-04,76.01,80.0,74.74,78.63,76.85,1.78,2.3162,76936.07,601204.748,0.6813,0.96,16.0353,4.75,8878831.0346
688036.SH,2024-09-05,78.76,82.98,77.9,82.17,78.63,3.54,4.5021,82263.79,665839.458,0.7285,1.11,16.7572,4.9639,9278564.7478
688036.SH,2024-09-06,82.17,82.36,80.88,81.1,82.17,-1.07,-1.3022,39385.2,320511.196,0.3488,0.5,16.539,4.8993,9157741.2808
688036.SH,2024-09-09,76.0,78.0,74.2,77.05,81.1,-4.05,-4.9938,129416.05,980102.475,1.1461,1.86,15.7131,4.6546,8700418.8124
688036.SH,2024-09-10,77.52,77.65,74.9,76.74,77.05,-0.31,-0.4023,65899.99,503898.195,0.5836,0.83,15.6499,4.6359,8665413.8827
688036.SH,2024-09-11,77.0,81.52,76.2,80.79,76.74,4.05,5.2776,80081.37,643085.209,0.7092,1.02,16.4758,4.8805,9122736.3511
688036.SH,2024-09-12,80.65,81.38,77.6,77.7,80.79,-3.09,-3.8247,74460.09,586772.256,0.6594,0.94,15.8457,4.6939,8773816.2456
688036.SH,2024-09-13,77.94,79.78,75.16,76.28,77.7,-1.42,-1.8275,84700.48,653357.729,0.7501,1.09,15.5561,4.6081,8613471.0838
688036.SH,2024-09-18,78.0,80.1,77.11,79.5,76.28,3.22,4.2213,67756.95,535528.38,0.6,0.78,16.2127,4.8026,8977070.676
688036.SH,2024-09-19,79.5,82.35,78.73,79.65,79.5,0.15,0.1887,63249.55,506907.113,0.5601,0.85,16.2433,4.8117,8994008.5452
688036.SH,2024-09-20,80.57,84.47,79.81,84.43,79.65,4.78,6.0013,90825.71,754109.853,0.8043,1.23,17.2181,5.1004,9533761.977
688036.SH,2024-09-23,86.22,89.5,84.73,89.1,84.43,4.67,5.5312,108397.35,952651.405,0.96,1.42,18.1705,5.3825,10061094.3048
688036.SH,2024-09-24,88.0,91.79,84.07,89.2,89.1,0.1,0.1122,127939.87,1119789.95,1.133,1.54,18.1909,5.3886,10072386.2176
688036.SH,2024-09-25,87.8,89.92,87.01,88.8,89.2,-0.4,-0.4484,90858.44,803507.338,0.8046,0.99,18.1093,5.3644,10027218.5664
688036.SH,2024-09-26,88.11,88.28,85.36,88.08,88.8,-0.72,-0.8108,104600.02,910177.557,0.9263,1.09,17.9625,5.3209,9945916.7942
688036.SH,2024-09-27,88.37,93.66,87.01,93.23,88.08,5.15,5.847,58945.23,534764.913,0.522,0.56,19.0128,5.632,10527450.3034
688036.SH,2024-09-30,97.96,108.85,95.0,107.93,93.23,14.7,15.7675,162366.48,1647922.789,1.4379,1.65,22.0106,6.5201,12187361.485
688036.SH,2024-10-08,129.5,129.51,112.0,118.8,107.93,10.87,10.0713,233408.01,2782452.506,2.067,2.14,24.2273,7.1767,13414792.4064
688036.SH,2024-10-09,114.99,118.8,100.11,100.4,118.8,-18.4,-15.4882,242311.08,2627318.826,2.1459,1.86,20.475,6.0652,11337080.4512
688036.SH,2024-10-10,104.98,106.66,100.01,104.82,100.4,4.42,4.4024,176882.03,1836699.907,1.5664,1.1,21.3764,6.3322,11836182.997
688036.SH,2024-10-11,104.82,104.82,99.2,101.15,104.82,-3.67,-3.5012,110698.54,1124076.0,0.9803,0.63,20.6279,6.1105,11421769.7972
688036.SH,2024-10-14,102.0,103.56,98.1,102.19,101.15,1.04,1.0282,100187.65,1014058.796,0.8873,0.54,20.84,6.1733,11539205.6903
688036.SH,2024-10-15,99.0,100.62,97.0,97.54,102.19,-4.65,-4.5503,114352.2,1129535.809,1.0127,0.66,20.0883,5.9506,11122979.5086
688036.SH,2024-10-16,94.59,94.59,90.02,90.35,97.54,-7.19,-7.3713,159685.61,1462416.897,1.4142,1.07,18.6075,5.512,10303067.4451
688036.SH,2024-10-17,90.0,93.38,90.0,90.43,90.35,0.08,0.0885,102895.4,937985.479,0.9023,0.78,18.624,5.4193,10312190.2497
688036.SH,2024-10-18,90.39,99.0,89.43,95.59,90.43,5.16,5.7061,188154.2,1759376.818,1.65,1.6,19.6867,5.7286,10900611.1464
688036.SH,2024-10-21,94.5,97.5,92.11,94.5,95.59,-1.09,-1.1403,179047.88,1694164.272,1.5701,1.35,19.4622,5.6632,10776312.9338
688036.SH,2024-10-22,94.98,95.41,92.06,93.15,94.5,-1.35,-1.4286,103630.11,965487.083,0.9088,0.7,19.1842,5.5823,10622365.6061
688036.SH,2024-10-23,93.47,94.88,92.17,92.47,93.15,-0.68,-0.73,87774.07,819952.321,0.7697,0.6,19.0441,5.5416,10544821.767
688036.SH,2024-10-24,92.25,92.45,90.7,91.45,92.47,-1.02,-1.1031,78229.22,715496.009,0.686,0.59,18.8341,5.4805,10428506.0084
688036.SH,2024-10-25,91.65,92.26,89.5,90.3,91.45,-1.15,-1.2575,96360.22,873850.416,0.845,0.76,18.5972,5.4115,10297365.6923
688036.SH,2024-10-28,90.35,90.98,88.66,89.53,90.3,-0.77,-0.8527,87077.4,780989.378,0.7636,0.8,18.4386,5.3654,10209558.698
688036.SH,2024-10-29,87.98,94.94,87.05,92.8,89.53,3.27,3.6524,203287.4,1880706.935,1.7827,2.24,19.1121,5.2161,10582453.336
688036.SH,2024-10-30,91.6,96.36,91.58,94.01,92.8,1.21,1.3039,145499.24,1371066.414,1.2759,1.32,19.3613,5.2841,10720435.7556
688036.SH,2024-10-31,95.04,95.98,91.56,95.5,94.01,1.49,1.5849,132357.44,1241010.413,1.1607,1.08,19.6682,5.3679,10890347.9913
688036.SH,2024-11-01,94.5,95.49,92.8,93.02,95.5,-2.48,-2.5969,77257.77,724898.668,0.6775,0.58,19.1574,5.2285,10607541.0487
688036.SH,2024-11-04,94.06,98.38,92.61,96.0,93.02,2.98,3.2036,96545.29,928748.242,0.8466,0.75,19.7711,5.396,10947365.52
688036.SH,2024-11-05,95.06,100.0,93.6,98.21,96.0,2.21,2.3021,136025.14,1310379.968,1.1928,1.04,20.2263,5.5202,11199382.9971
688036.SH,2024-11-06,98.08,100.38,97.0,97.15,98.21,-1.06,-1.0793,109970.06,1083488.679,0.9644,0.94,20.008,5.4606,11078505.8361
688036.SH,2024-11-07,96.24,103.77,94.84,102.99,97.15,5.84,6.0113,130040.35,1273879.388,1.1404,1.18,21.2107,5.7889,11744470.5719
688036.SH,2024-11-08,104.01,104.7,99.15,102.39,102.99,-0.6,-0.5826,159881.74,1638325.559,1.402,1.45,21.0871,5.7552,11676049.5374
688036.SH,2024-11-11,100.99,101.8,98.29,100.02,102.39,-2.37,-2.3147,133686.76,1330414.352,1.1723,1.06,20.599,5.622,11405786.4512
688036.SH,2024-11-12,100.05,101.99,97.12,98.01,100.02,-2.01,-2.0096,104078.48,1034820.853,0.9127,0.78,20.1851,5.509,11176575.9856
688036.SH,2024-11-13,97.62,98.88,96.06,98.34,98.01,0.33,0.3367,89527.77,874534.315,0.7851,0.7,20.2531,5.5275,11214207.5546
688036.SH,2024-11-14,98.43,98.6,93.33,93.52,98.34,-4.82,-4.9014,88338.61,844649.769,0.7747,0.72,19.2604,5.2566,10664558.5774
688036.SH,2024-11-15,92.99,98.0,92.08,94.62,93.52,1.1,1.1762,125755.86,1199764.169,1.1028,1.09,19.4869,5.3184,10789997.1407
688036.SH,2024-11-18,95.21,96.16,91.04,91.63,94.62,-2.99,-3.16,79059.72,733074.889,0.6933,0.73,18.8711,5.1504,10449032.3187
688036.SH,2024-11-19,93.26,95.28,92.3,95.2,91.63,3.57,3.8961,89077.66,838173.69,0.7811,0.92,19.6064,5.351,10856137.474
688036.SH,2024-11-20,94.25,94.97,91.1,93.32,95.2,-1.88,-1.9748,122598.67,1132648.673,1.0751,1.3,19.2192,5.2454,10641751.5659
688036.SH,2024-11-21,91.67,92.17,90.16,90.16,91.82,-1.66,-1.8079,79984.44,726526.95,0.7014,0.79,18.5684,5.5344,10281400.7842
688036.SH,2024-11-22,90.16,92.77,88.06,88.18,90.16,-1.98,-2.1961,86170.76,780908.795,0.7557,0.87,18.1606,5.4128,10055611.3704
688036.SH,2024-11-25,88.25,88.87,83.58,85.1,88.18,-3.08,-3.4929,117649.98,1005358.064,1.0317,1.29,17.5263,5.2238,9704383.3933
688036.SH,2024-11-26,84.67,85.93,83.83,84.18,85.1,-0.92,-1.0811,55439.12,470072.909,0.4862,0.56,17.3368,5.1673,9599471.1404
688036.SH,2024-11-27,83.79,84.41,82.54,84.35,84.18,0.17,0.2019,81998.23,686628.906,0.7191,0.89,17.3718,5.1777,9618857.1001
688036.SH,2024-11-28,84.38,86.76,83.38,85.05,84.35,0.7,0.8299,91082.33,775514.095,0.7987,1.08,17.516,5.2207,9698681.6404
688036.SH,2024-11-29,84.99,96.34,84.8,94.72,85.05,9.67,11.3698,216611.7,1989546.376,1.8995,2.51,19.5075,5.8143,10801400.6464
688036.SH,2024-12-02,93.13,96.9,92.9,95.4,94.72,0.68,0.7179,121191.73,1158668.146,1.0628,1.08,19.6476,5.856,10878944.4855
688036.SH,2024-12-03,95.0,95.79,91.58,92.63,95.4,-2.77,-2.9036,79840.41,743987.66,0.7001,0.7,19.0771,5.686,10563067.3762
688036.SH,2024-12-04,92.85,94.44,91.62,92.03,92.63,-0.6,-0.6477,53133.95,493881.385,0.4659,0.45,18.9535,5.6491,10494646.3417
688036.SH,2024-12-05,92.03,93.13,90.16,90.63,92.03,-1.4,-1.5212,58668.2,536833.777,0.5145,0.52,18.6652,5.5632,10334997.2612
688036.SH,2024-12-06,90.63,95.54,90.56,94.65,90.63,4.02,4.4356,83287.9,783244.377,0.7304,0.79,19.4931,5.81,10793418.1924
688036.SH,2024-12-09,94.0,98.0,93.71,96.53,94.65,1.88,1.9863,89622.67,867204.112,0.7859,1.13,19.8803,5.9254,11007804.1005
688036.SH,2024-12-10,100.99,100.99,93.69,94.01,96.53,-2.52,-2.6106,94216.36,904595.381,0.8262,1.29,19.3613,5.7707,10720435.7556
688036.SH,2024-12-11,93.8,96.77,92.68,95.06,94.01,1.05,1.1169,67719.62,640866.188,0.5938,0.89,19.5775,5.8351,10840172.566
688036.SH,2024-12-12,95.2,96.33,93.0,93.9,95.06,-1.16,-1.2203,73781.61,697546.031,0.647,0.94,19.3386,5.7639,10707891.8993
688036.SH,2024-12-13,93.59,95.15,92.05,93.24,93.9,-0.66,-0.7029,83017.51,775214.212,0.728,1.02,19.2027,5.7234,10632628.7613
688036.SH,2024-12-16,93.0,93.66,89.21,89.97,93.24,-3.27,-3.5071,69454.41,629916.018,0.6091,0.85,18.5293,5.5227,10259734.1233
688036.SH,2024-12-17,90.05,91.7,89.33,90.7,89.97,0.73,0.8114,48416.0,439072.292,0.4246,0.62,18.6796,5.5675,10342979.7153
688036.SH,2024-12-18,91.23,92.36,90.2,90.76,90.7,0.06,0.0662,46996.18,428287.115,0.4121,0.69,18.692,5.5712,10349821.8187
688036.SH,2024-12-19,90.22,95.94,89.5,95.49,90.76,4.73,5.2115,108832.74,1025200.647,0.9544,1.69,19.6661,5.8615,10889207.6407
688036.SH,2024-12-20,95.36,95.43,93.33,94.01,95.49,-1.48,-1.5499,80596.7,760411.275,0.7068,1.13,19.3613,5.7707,10720435.7556
688036.SH,2024-12-23,93.93,94.38,90.84,92.11,94.01,-1.9,-2.0211,79722.18,735444.595,0.6991,1.13,18.97,5.6541,10503769.1463
688036.SH,2024-12-24,91.82,94.7,91.5,92.7,92.11,0.59,0.6405,53781.13,500502.41,0.4716,0.74,19.0915,5.6903,10571049.8303
688036.SH,2024-12-25,92.69,95.12,91.73,94.4,92.7,1.7,1.8339,60711.72,567859.694,0.5324,0.82,19.4416,5.7946,10764909.428
688036.SH,2024-12-26,94.5,98.0,93.1,96.55,94.4,2.15,2.2775,99777.16,963493.713,0.875,1.3,19.8844,5.9266,11010084.8016
688036.SH,2024-12-27,96.55,96.6,92.72,93.34,96.55,-3.21,-3.3247,80749.07,760709.66,0.7081,1.08,19.2233,5.7296,10644032.2671
688036.SH,2024-12-30,92.96,96.17,92.9,95.56,93.34,2.22,2.3784,78408.68,744397.094,0.6876,1.05,19.6805,5.8658,10897190.0947
688036.SH,2024-12-31,95.21,96.87,94.82,95.0,95.56,-0.56,-0.586,70801.66,679371.686,0.6209,0.95,19.5652,5.8315,10833330.4625
688036.SH,2025-01-02,94.96,97.93,92.52,93.02,95.0,-1.98,-2.0842,71565.65,679750.646,0.6276,0.92,19.1574,5.7099,10607541.0487
688036.SH,2025-01-03,92.5,93.88,89.39,90.19,93.02,-2.83,-3.0424,66427.66,604707.273,0.5825,0.83,18.5746,5.5362,10284821.8359
688036.SH,2025-01-06,89.4,90.5,86.01,86.67,90.19,-3.52,-3.9029,73433.99,644688.894,0.644,1.0,17.8496,5.3201,9883418.4335
688036.SH,2025-01-07,87.51,90.19,86.53,88.56,86.67,1.89,2.1807,59322.14,525127.089,0.5202,0.82,18.2389,5.4361,10098944.6922
688036.SH,2025-01-08,87.93,89.13,86.0,87.49,88.56,-1.07,-1.2082,53914.69,472262.483,0.4728,0.79,18.0185,5.3705,9976927.1807
688036.SH,2025-01-09,87.68,90.44,87.37,88.35,87.49,0.86,0.983,43719.82,389337.541,0.3834,0.67,18.1956,5.4232,10074997.3301
688036.SH,2025-01-10,88.55,90.3,86.0,87.9,88.35,-0.45,-0.5093,54969.81,484062.874,0.482,0.93,18.1029,5.3956,10023681.5543
688036.SH,2025-01-13,87.9,89.48,87.19,88.31,87.9,0.41,0.4664,36835.04,325539.364,0.323,0.65,18.1874,5.4208,10070435.9278
688036.SH,2025-01-14,88.63,93.18,87.3,92.97,88.31,4.66,5.2769,67560.63,615650.916,0.5925,1.36,19.1471,5.7068,10601839.2958
688036.SH,2025-01-15,92.74,93.5,90.2,90.31,92.97,-2.66,-2.8611,43828.62,400890.052,0.3843,0.85,18.5993,5.5436,10298506.0428
688036.SH,2025-01-16,90.9,92.97,89.9,91.8,90.31,1.49,1.6499,42434.51,389193.48,0.3721,0.86,18.9061,5.635,10468418.2785
688036.SH,2025-01-17,91.37,97.68,91.0,95.38,91.8,3.58,3.8998,80591.66,759632.102,0.7067,1.64,19.6434,5.8548,10876663.7844
688036.SH,2025-01-20,95.3,98.94,93.94,97.21,95.38,1.83,1.9186,91741.62,887531.458,0.8045,1.69,20.0203,5.9671,11085347.9396
688036.SH,2025-01-21,97.89,98.58,95.41,98.3,97.21,1.09,1.1213,76973.93,747858.269,0.675,1.18,20.2448,6.034,11209646.1523
688036.SH,2025-01-22,98.5,99.31,96.51,97.83,98.3,-0.47,-0.4781,41705.92,408033.021,0.3657,0.62,20.148,6.0052,11156049.6752
688036.SH,2025-01-23,98.0,98.1,94.0,94.79,97.83,-3.04,-3.1074,71676.23,687319.149,0.6285,1.07,19.5219,5.8186,10809383.1004
688036.SH,2025-01-24,94.98,99.15,94.38,99.1,94.79,4.31,4.5469,72595.86,709768.123,0.6366,1.0,20.4096,6.0831,11300874.1983
688036.SH,2025-01-27,99.1,101.9,98.5,100.39,99.1,1.29,1.3017,66438.73,667431.623,0.5826,0.94,20.6753,6.1623,11447979.4224
688036.SH,2025-02-05,104.45,108.15,101.26,107.51,100.39,7.12,7.0923,155140.62,1629829.844,1.3605,2.35,22.1416,6.5994,12259909.0318
688036.SH,2025-02-06,106.0,113.51,105.4,108.4,107.51,0.89,0.8278,119904.07,1312318.174,1.0515,1.47,22.3249,6.654,12361400.233
688036.SH,2025-02-07,107.79,111.68,105.5,106.99,108.4,-1.41,-1.3007,103886.34,1127381.126,0.911,1.07,22.0345,6.5674,12200610.8019
688036.SH,2025-02-10,106.02,108.01,104.5,107.07,106.99,0.08,0.0748,102479.2,1090315.067,0.8987,0.99,22.051,6.5724,12209733.6065
688036.SH,2025-02-11,106.55,107.66,102.7,103.01,107.07,-4.06,-3.7919,99585.69,1038440.771,0.8733,0.91,21.2148,6.3231,11746751.2731
688036.SH,2025-02-12,103.32,104.81,100.74,104.79,103.01,1.78,1.728,78481.18,809516.975,0.6882,0.68,21.5814,6.4324,11949733.6754
688036.SH,2025-02-13,104.09,106.22,100.01,100.55,104.79,-4.24,-4.0462,82634.95,846251.664,0.7246,0.82,20.7082,6.1721,11466225.0316
688036.SH,2025-02-14,100.55,101.9,99.8,101.07,100.55,0.52,0.5172,56247.67,566839.24,0.4932,0.6,20.8153,6.204,11525523.2615
688036.SH,2025-02-17,102.0,105.48,101.4,102.05,101.07,0.98,0.9696,103361.33,1066113.445,0.9064,1.23,21.0171,6.2642,11637277.6179
688036.SH,2025-02-18,101.95,101.95,98.37,98.8,102.05,-3.25,-3.1847,72055.46,718941.988,0.6319,0.86,20.3478,6.0647,11266663.681
688036.SH,2025-02-19,98.3,99.39,96.0,96.93,98.8,-1.87,-1.8927,119267.34,1159919.916,1.0459,1.52,19.9627,5.9499,11053418.1235
688036.SH,2025-02-20,96.94,98.46,95.44,97.5,96.93,0.57,0.5881,59766.78,582996.225,0.5241,0.69,20.0801,5.9849,11118418.1063
688036.SH,2025-02-21,97.71,101.0,97.3,100.51,97.5,3.01,3.0872,119788.36,1194331.839,1.0505,1.46,20.7,6.1697,11461663.6293
688036.SH,2025-02-24,99.94,100.8,98.05,99.39,100.51,-1.12,-1.1143,69776.45,693873.383,0.6119,0.74,20.4693,6.1009,11333944.3649
688036.SH,2025-02-25,97.8,99.57,96.21,97.97,99.39,-1.42,-1.4287,70212.08,686352.901,0.6157,0.8,20.1769,6.0138,11172014.5833
688036.SH,2025-02-26,99.5,102.16,97.1,97.71,97.97,-0.26,-0.2654,132709.76,1315886.861,1.1638,1.51,20.1233,5.5063,11142365.4683
688036.SH,2025-02-27,97.51,98.49,93.79,94.46,97.71,-3.25,-3.3262,118342.62,1128319.161,1.0378,1.31,19.454,5.3232,10771751.5315
688036.SH,2025-02-28,93.8,95.0,92.33,92.69,94.46,-1.77,-1.8738,83763.7,785406.831,0.7345,0.82,19.0894,5.2234,10569909.4797
688036.SH,2025-03-03,92.69,95.64,92.16,94.65,92.69,1.96,2.1146,90772.39,855728.115,0.796,0.96,19.4931,5.3339,10793418.1924
688036.SH,2025-03-04,94.65,97.37,94.18,96.83,94.65,2.18,2.3032,94807.81,912002.454,0.8314,0.96,19.9421,5.4567,11042014.6177
688036.SH,2025-03-05,96.9,96.99,94.58,95.12,96.83,-1.71,-1.766,61055.05,581532.649,0.5354,0.59,19.5899,5.3604,10847014.6694
688036.SH,2025-03-06,95.69,100.8,93.81,98.68,95.12,3.56,3.7426,140320.31,1374600.908,1.2305,1.56,20.3231,5.561,11252979.4741
688036.SH,2025-03-07,98.7,104.14,98.2,103.58,98.68,4.9,4.9655,157023.95,1611617.708,1.377,1.67,21.3322,5.8371,11811751.2559
688036.SH,2025-03-10,102.77,102.77,99.81,101.22,103.58,-2.36,-2.2784,77234.18,778244.631,0.6773,0.71,20.8462,5.7041,11542628.5202
688036.SH,2025-03-11,100.3,100.3,97.38,98.47,101.22,-2.75,-2.7169,77683.45,762347.929,0.6812,0.73,20.2798,5.5492,11229032.112
688036.SH,2025-03-12,98.47,98.93,96.6,98.3,98.47,-0.17,-0.1726,55944.27,547828.9,0.4906,0.54,20.2448,5.5396,11209646.1523
688036.SH,2025-03-13,98.25,100.3,97.37,97.85,98.3,-0.45,-0.4578,61974.86,612633.816,0.5435,0.61,20.1521,5.5142,11158330.3764
688036.SH,2025-03-14,97.63,99.3,97.01,98.68,97.85,0.83,0.8482,66247.08,651844.346,0.5809,0.77,20.3231,5.561,11252979.4741
688036.SH,2025-03-17,98.68,99.49,96.21,97.35,98.68,-1.33,-1.3478,71006.86,690013.945,0.6227,1.05,20.0492,5.4861,11101312.8476
688036.SH,2025-03-18,96.72,97.88,96.33,97.35,97.35,0.0,0.0,51236.77,498362.413,0.4493,0.77,20.0492,5.4861,11101312.8476
688036.SH,2025-03-19,96.73,97.09,95.3,96.28,97.35,-1.07,-1.0991,52941.0,509097.24,0.4643,0.86,19.8288,5.4258,10979295.3361
688036.SH,2025-03-20,96.0,96.6,94.5,94.5,96.28,-1.78,-1.8488,62606.97,597294.493,0.549,1.03,19.4622,5.3254,10776312.9338
688036.SH,2025-03-21,94.53,94.99,92.72,93.29,94.5,-1.21,-1.2804,50543.71,473883.993,0.4432,0.83,19.213,5.2573,10638330.5142
688036.SH,2025-03-24,93.3,94.5,91.92,93.47,93.29,0.18,0.1929,41794.33,389226.443,0.3665,0.72,19.2501,5.2674,10658856.8245
688036.SH,2025-03-25,93.45,93.54,90.95,91.8,93.47,-1.67,-1.7867,45088.08,415141.532,0.3954,0.87,18.9061,5.1733,10468418.2785
688036.SH,2025-03-26,91.75,92.4,91.42,91.5,91.8,-0.3,-0.3268,30833.46,283222.271,0.2704,0.61,18.8444,5.1564,10434207.7613
688036.SH,2025-03-27,91.4,92.46,90.11,92.09,91.5,0.59,0.6448,42996.08,392468.672,0.377,0.93,18.9659,5.1896,10501488.4452
688036.SH,2025-03-28,92.16,92.7,91.24,91.6,92.09,-0.49,-0.5321,33241.63,304815.632,0.2915,0.79,18.865,5.162,10445611.267
688036.SH,2025-03-31,90.98,91.71,89.12,90.65,91.6,-0.95,-1.0371,47653.45,429616.615,0.4179,1.23,18.6693,5.1085,10337277.9624
688036.SH,2025-04-01,90.61,90.94,87.0,87.41,90.65,-3.24,-3.5742,86664.56,768916.135,0.76,2.17,18.002,4.9259,9967804.3761
688036.SH,2025-04-02,87.49,88.5,86.72,87.73,87.41,0.32,0.3661,61661.71,539972.902,0.5407,1.28,18.0679,4.9439,10004295.5945
688036.SH,2025-04-03,87.01,89.28,86.32,88.96,87.73,1.23,1.402,60739.7,535301.526,0.5326,1.12,18.3212,5.0132,10144558.7152
688036.SH,2025-04-07,80.01,86.16,75.2,81.02,88.96,-7.94,-8.9254,141138.14,1145591.402,1.2377,2.43,16.686,4.5658,9239120.3587
688036.SH,2025-04-08,81.02,84.5,80.0,84.49,81.02,3.47,4.2829,110202.69,912327.073,0.9664,1.38,17.4007,4.7613,9634822.0082
688036.SH,2025-04-09,83.19,87.28,82.5,87.18,84.49,2.69,3.1838,97425.36,835001.097,0.8543,1.06,17.9547,4.9129,9941576.3129
688036.SH,2025-04-10,89.28,89.6,86.97,88.99,87.18,1.81,2.0762,70180.95,620952.209,0.6154,0.74,18.3274,5.0149,10147979.7669
688036.SH,2025-04-11,88.0,88.31,85.85,86.9,88.99,-2.09,-2.3486,68606.14,595316.299,0.6016,0.72,17.897,4.8972,9909646.4968
688036.SH,2025-04-14,88.0,88.56,85.85,87.04,86.9,0.14,0.1611,61761.92,538763.408,0.5416,0.63,17.9258,4.905,9925611.4048
688036.SH,2025-04-15,86.3,86.9,83.31,83.64,87.04,-3.4,-3.9063,72438.88,609479.875,0.6352,0.89,17.2256,4.7134,9537892.2093
688036.SH,2025-04-16,83.75,84.94,81.92,84.94,83.64,1.3,1.5543,53280.38,441567.357,0.4672,0.72,17.4933,4.7867,9686137.7841
688036.SH,2025-04-17,83.5,85.29,83.4,84.38,84.94,-0.56,-0.6593,44436.95,375038.299,0.3897,0.68,17.378,4.7551,9622278.1519
688036.SH,2025-04-18,83.8,84.09,82.97,83.68,84.38,-0.7,-0.8296,31223.2,260845.755,0.2738,0.52,17.2338,4.7157,9542453.6116
688036.SH,2025-04-21,83.68,83.96,82.27,83.0,83.68,-0.68,-0.8126,41683.09,345678.145,0.3655,0.79,17.0938,4.6774,9464909.7725
688036.SH,2025-04-22,82.92,82.99,81.4,81.43,83.0,-1.57,-1.8916,41542.42,340888.473,0.3643,0.85,16.7705,4.5889,9285874.7322
688036.SH,2025-04-23,82.0,83.19,80.81,81.41,81.43,-0.02,-0.0246,57214.16,467684.518,0.5017,1.35,16.7663,4.5878,9283594.0311
688036.SH,2025-04-24,81.8,83.17,80.48,81.93,81.41,0.52,0.6387,47352.8,387674.149,0.4152,1.1,16.8372,4.6183,9342892.261
688036.SH,2025-04-25,82.0,84.88,81.78,83.65,81.93,1.72,2.0994,57006.0,475858.488,0.4999,1.3,17.1907,4.7152,9539032.5599
688036.SH,2025-04-28,83.35,83.69,81.18,81.66,83.65,-1.99,-2.379,36022.35,295529.582,0.3159,0.74,16.7817,4.603,9312102.7955
688036.SH,2025-04-29,75.0,77.58,71.78,75.87,81.66,-5.79,-7.0904,197505.45,1482519.616,1.732,4.13,15.5918,4.1656,8651839.8125
688036.SH,2025-04-30,75.87,76.2,74.32,74.92,75.87,-0.95,-1.2521,75187.16,564821.087,0.6593,0.95,15.3966,4.1135,8543506.5079
688036.SH,2025-05-06,76.0,77.84,75.1,77.54,74.92,2.62,3.4971,76814.55,589021.982,0.6736,0.93,15.935,4.2573,8842278.3586
688036.SH,2025-05-07,80.0,80.5,76.89,77.48,77.54,-0.06,-0.0774,56576.0,441076.493,0.4961,0.64,15.9227,4.254,8835436.2551
688036.SH,2025-05-08,77.3,80.1,76.88,80.04,77.48,2.56,3.3041,57521.14,455262.309,0.5044,0.65,16.4488,4.3946,9127366.0023
688036.SH,2025-05-09,79.61,79.99,78.35,78.45,80.04,-1.59,-1.9865,44692.49,352548.135,0.3919,0.48,16.1221,4.3073,8946050.2609
688036.SH,2025-05-12,79.0,79.6,78.09,78.95,78.45,0.5,0.6373,42184.32,332031.457,0.3699,0.68,16.2248,4.3347,9003067.7896
688036.SH,2025-05-13,80.53,80.55,78.3,79.57,78.95,0.62,0.7853,43887.28,347564.447,0.3849,0.79,16.3522,4.3688,9073769.5253
688036.SH,2025-05-14,79.57,79.78,78.45,79.52,79.57,-0.05,-0.0628,30679.43,242549.539,0.269,0.63,16.342,4.366,9068067.7724
688036.SH,2025-05-15,79.4,79.88,78.51,79.02,79.52,-0.5,-0.6288,34967.88,277145.827,0.3066,0.8,16.2392,4.3386,9011050.2437
688036.SH,2025-05-16,78.88,79.71,77.7,79.04,79.02,0.02,0.0253,30511.95,240662.643,0.2676,0.78,16.2433,4.3397,9013330.9448
688036.SH,2025-05-19,78.53,78.99,77.23,77.31,79.04,-1.73,-2.1888,26495.68,205731.559,0.2323,0.73,15.8878,4.2447,8816050.2953
688036.SH,2025-05-20,77.31,78.16,76.4,76.47,77.31,-0.84,-1.0865,34393.23,264325.926,0.3016,1.03,15.7152,4.1986,8720260.847
688036.SH,2025-05-21,76.31,77.15,74.65,74.76,76.47,-1.71,-2.2362,57582.69,434775.559,0.505,1.83,15.3637,4.1047,8525260.8987
688036.SH,2025-05-22,74.76,75.6,74.44,74.5,74.76,-0.26,-0.3478,31018.83,232509.938,0.272,0.84,15.3103,4.0904,8495611.7838
688036.SH,2025-05-23,74.5,76.12,74.0,74.45,74.5,-0.05,-0.0671,44484.5,334222.559,0.3901,1.24,15.3,4.0876,8489910.0309
688036.SH,2025-05-26,74.19,75.8,73.01,75.02,74.45,0.57,0.7656,44788.35,333569.174,0.3928,1.15,15.4172,4.1189,8554910.0137
688036.SH,2025-05-27,75.2,75.26,72.13,72.28,75.02,-2.74,-3.6524,45319.37,331897.036,0.3974,1.07,14.8541,3.9685,8242453.9561
688036.SH,2025-05-28,72.4,74.21,72.31,72.86,72.28,0.58,0.8024,49294.25,361139.694,0.4323,1.1,14.9733,4.0003,8308594.2895
688036.SH,2025-05-29,73.01,74.97,73.01,74.2,72.86,1.34,1.8391,43556.85,322993.762,0.382,1.01,15.2487,4.0739,8461401.2665
688036.SH,2025-05-30,73.94,73.94,72.6,72.69,74.2,-1.51,-2.035,47751.67,349437.457,0.4187,1.05,14.9383,3.991,8289208.3297
688036.SH,2025-06-03,72.49,73.44,71.9,72.52,72.69,-0.17,-0.2339,36970.26,268459.591,0.3242,0.8,14.9034,3.9817,8269822.3699
688036.SH,2025-06-04,72.03,74.08,72.01,73.59,72.52,1.07,1.4755,47630.91,349552.096,0.4177,1.07,15.1233,4.0404,8391839.8814
688036.SH,2025-06-05,72.44,73.59,71.58,73.32,72.09,1.23,1.7062,48471.37,351731.47,0.4251,1.08,15.0678,4.3869,8361050.4159
688036.SH,2025-06-06,73.31,74.13,71.68,71.88,73.32,-1.44,-1.964,49810.96,361942.831,0.4368,1.11,14.7719,4.3007,8196839.9331
688036.SH,2025-06-09,72.0,76.82,71.72,76.29,71.88,4.41,6.1352,122088.11,916482.548,1.0706,2.65,15.6782,4.5646,8699734.5367
688036.SH,2025-06-10,75.28,77.58,74.28,75.3,76.29,-0.99,-1.2977,70498.04,535106.81,0.6182,1.16,15.4747,4.5054,8586839.8298
688036.SH,2025-06-11,75.49,76.98,74.51,74.79,75.3,-0.51,-0.6773,59542.35,450968.269,0.5221,0.88,15.3699,4.4748,8528681.9504
688036.SH,2025-06-12,74.48,79.65,74.37,78.5,74.79,3.71,4.9606,115123.81,896963.743,1.0095,1.64,16.1323,4.6968,8951752.0138
688036.SH,2025-06-13,78.1,79.2,77.22,77.61,78.5,-0.89,-1.1338,69094.15,538598.599,0.6059,0.83,15.9494,4.6436,8850260.8126
688036.SH,2025-06-16,77.3,79.57,76.66,78.82,77.61,1.21,1.5591,63448.23,496734.895,0.5564,0.73,16.1981,4.716,8988243.2322
688036.SH,2025-06-17,78.51,78.82,75.33,75.98,78.82,-2.84,-3.6031,70062.38,536512.57,0.6144,0.93,15.6145,4.546,8664383.6689
688036.SH,2025-06-18,75.6,80.97,75.6,80.56,75.98,4.58,6.0279,98372.84,775196.882,0.8627,1.3,16.5557,4.8201,9186664.2322
688036.SH,2025-06-19,80.13,81.09,78.0,78.28,80.56,-2.28,-2.8302,47875.24,378279.917,0.4198,0.58,16.0871,4.6837,8926664.3011
688036.SH,2025-06-20,78.28,79.09,76.5,76.5,78.28,-1.78,-2.2739,36920.45,285051.546,0.3238,0.53,15.7213,4.5772,8723681.8988
688036.SH,2025-06-23,76.13,77.27,75.73,77.01,76.5,0.51,0.6667,37886.26,289580.445,0.3322,0.6,15.8261,4.6077,8781839.7781
688036.SH,2025-06-24,76.9,79.2,76.52,78.47,77.01,1.46,1.8959,45097.57,352133.313,0.3955,0.77,16.1262,4.695,8948330.962
688036.SH,2025-06-25,78.7,79.5,76.6,78.94,78.47,0.47,0.599,64724.11,505949.099,0.5676,1.22,16.2228,4.7232,9001927.4391
688036.SH,2025-06-26,77.51,79.38,76.56,76.7,78.94,-2.24,-2.8376,57918.82,449794.216,0.5079,1.25,15.7624,4.5891,8746488.9103
688036.SH,2025-06-27,76.7,79.5,76.01,78.78,76.7,2.08,2.7119,72093.78,565779.698,0.6322,1.49,16.1899,4.7136,8983681.8299
688036.SH,2025-06-30,78.78,79.79,77.09,79.7,78.78,0.92,1.1678,84615.33,662231.836,0.742,1.52,16.3789,4.7686,9088594.0828
688036.SH,2025-07-01,79.67,79.67,77.6,77.8,79.7,-1.9,-2.3839,53365.5,415824.513,0.468,0.82,15.9885,4.6549,8871927.4735
688036.SH,2025-07-02,77.48,77.72,76.08,76.39,77.8,-1.41,-1.8123,46111.05,353536.89,0.4044,0.69,15.6987,4.5706,8711138.0424
688036.SH,2025-07-03,76.6,77.42,76.4,76.75,76.39,0.36,0.4713,30790.69,236435.861,0.27,0.49,15.7727,4.5921,8752190.6631
688036.SH,2025-07-04,76.58,76.58,74.51,74.63,76.75,-2.12,-2.7622,65111.09,488511.844,0.571,1.13,15.337,4.4653,8510436.3412
688036.SH,2025-07-07,74.64,75.05,73.25,74.78,74.63,0.15,0.201,43668.27,324006.182,0.3829,0.78,15.3678,4.4743,8527541.5999
688036.SH,2025-07-08,74.98,78.5,74.96,77.07,74.78,2.29,3.0623,72042.09,557854.011,0.6318,1.51,15.8385,4.6113,8788681.8815
688036.SH,2025-07-09,77.23,78.48,76.9,77.36,77.07,0.29,0.3763,49512.3,385410.458,0.4342,0.96,15.8981,4.6286,8821752.0482
688036.SH,2025-07-10,77.51,77.51,75.3,75.6,77.36,-1.76,-2.2751,52061.18,395337.335,0.4565,1.0,15.5364,4.5233,8621050.347
688036.SH,2025-07-11,75.7,76.8,75.41,75.44,75.6,-0.16,-0.2116,51708.14,392867.32,0.4534,0.92,15.5035,4.5137,8602804.7378
688036.SH,2025-07-14,75.45,76.76,75.45,75.81,75.44,0.37,0.4905,35633.53,270920.989,0.3125,0.66,15.5795,4.5359,8644997.7091
688036.SH,2025-07-15,75.8,76.49,74.48,75.16,75.81,-0.65,-0.8574,43673.76,328394.716,0.383,0.84,15.4459,4.497,8570874.9217
688036.SH,2025-07-16,75.12,75.44,73.62,73.9,75.16,-1.26,-1.6764,52601.67,391796.992,0.4613,1.13,15.187,4.4216,8427190.7493
688036.SH,2025-07-17,73.95,76.1,73.2,75.08,73.9,1.18,1.5968,80865.29,601447.049,0.7091,1.72,15.4295,4.4922,8561752.1171
688036.SH,2025-07-18,74.96,75.3,74.0,74.69,75.08,-0.39,-0.5194,49107.27,366444.514,0.4306,0.93,15.3494,4.4689,8517278.4447
688036.SH,2025-07-21,74.69,74.71,73.81,74.08,74.69,-0.61,-0.8167,48187.26,356766.004,0.4226,0.92,15.224,4.4324,8447717.0596
688036.SH,2025-07-22,74.19,75.64,72.86,75.15,74.08,1.07,1.4444,84820.6,628603.304,0.7438,1.55,15.4439,4.4964,8569734.5711
688036.SH,2025-07-23,75.11,75.8,74.43,74.77,75.15,-0.38,-0.5057,79083.17,593175.767,0.6935,1.25,15.3658,4.4737,8526401.2493
688036.SH,2025-07-24,74.77,77.16,73.8,76.04,74.77,1.27,1.6985,82105.62,623738.987,0.72,1.2,15.6268,4.5496,8671225.7723
688036.SH,2025-07-25,76.0,76.67,75.41,76.2,76.04,0.16,0.2104,58491.94,444244.98,0.5129,0.85,15.6597,4.5592,8689471.3815
688036.SH,2025-07-28,76.67,77.05,75.81,76.07,76.2,-0.13,-0.1706,58113.8,443438.656,0.5096,0.82,15.633,4.5514,8674646.824
688036.SH,2025-07-29,75.7,76.09,74.7,75.56,76.07,-0.51,-0.6704,57840.95,435693.411,0.5072,0.8,15.5281,4.5209,8616488.9447
688036.SH,2025-07-30,75.45,76.0,74.43,74.65,75.56,-0.91,-1.2043,58606.16,439852.959,0.5139,0.87,15.3411,4.4665,8512717.0424
688036.SH,2025-07-31,74.5,76.86,74.16,76.23,74.65,1.58,2.1165,99000.56,751091.609,0.8682,1.57,15.6658,4.561,8692892.4332
688036.SH,2025-08-01,76.14,79.36,76.1,79.1,76.23,2.87,3.7649,144759.94,1137400.426,1.2694,2.18,16.2556,4.7327,9020173.0483
688036.SH,2025-08-04,79.91,85.04,79.58,84.9,79.1,5.8,7.3325,195522.48,1614153.621,1.7146,2.34,17.4476,5.0798,9681576.3818
688036.SH,2025-08-05,84.2,84.99,83.26,84.51,84.9,-0.39,-0.4594,85694.51,722895.017,0.7515,0.77,17.3674,5.0564,9637102.7093
688036.SH,2025-08-06,84.09,86.43,83.03,85.61,84.51,1.1,1.3016,94764.68,803526.166,0.831,0.81,17.5935,5.1222,9762541.2726
688036.SH,2025-08-07,83.92,87.38,83.92,85.1,85.61,-0.51,-0.5957,59938.36,510053.107,0.5256,0.48,17.4887,5.0917,9704383.3933
688036.SH,2025-08-08,84.8,87.16,84.37,86.9,85.1,1.8,2.1152,76072.88,655245.42,0.6671,0.66,17.8586,5.1994,9909646.4968
688036.SH,2025-08-11,86.51,87.59,85.42,86.9,86.9,0.0,0.0,65195.98,564257.141,0.5717,0.64,17.8586,5.1994,9909646.4968
688036.SH,2025-08-12,85.5,86.86,84.66,85.01,86.9,-1.89,-2.1749,73545.79,629859.289,0.6449,0.96,17.4702,5.0863,9694120.2381
688036.SH,2025-08-13,85.02,86.46,82.29,82.71,85.01,-2.3,-2.7056,118841.7,993089.746,1.0422,1.61,16.9975,4.9487,9431839.6058
688036.SH,2025-08-14,82.71,83.12,80.53,80.71,82.71,-2.0,-2.4181,82677.97,676699.484,0.725,1.05,16.5865,4.8291,9203769.4908
688036.SH,2025-08-15,80.83,83.89,80.6,81.62,80.71,0.91,1.1275,97317.0,798773.301,0.8534,1.17,16.7735,4.8835,9307541.3932
688036.SH,2025-08-18,81.68,84.27,81.02,82.6,81.62,0.98,1.2007,83944.58,697120.667,0.7361,0.96,16.9749,4.9421,9419295.7495
688036.SH,2025-08-19,82.5,83.45,81.51,81.7,82.6,-0.9,-1.0896,60429.18,495807.977,0.5299,0.66,16.79,4.8883,9316664.1978
688036.SH,2025-08-20,81.7,83.79,81.21,82.55,81.7,0.85,1.0404,76357.73,629322.576,0.6696,0.86,16.9646,4.9391,9413593.9966
688036.SH,2025-08-21,82.56,83.99,81.6,82.04,82.55,-0.51,-0.6178,66836.59,552000.672,0.5861,0.83,16.8598,4.9086,9355436.1173
688036.SH,2025-08-22,82.0,84.17,81.65,83.84,82.04,1.8,2.1941,94126.11,784509.664,0.8254,1.22,17.2297,5.0163,9560699.2208
688036.SH,2025-08-25,84.68,85.7,83.13,84.45,83.84,0.61,0.7276,112766.33,954179.725,0.9889,1.48,17.3551,5.0528,9630260.6059
688036.SH,2025-08-26,84.1,85.29,83.61,84.02,84.45,-0.43,-0.5092,66783.06,563579.686,0.5856,0.81,17.2667,5.0271,9581225.5312
688036.SH,2025-08-27,83.99,90.0,83.99,85.33,84.02,1.31,1.5592,166071.98,1457335.135,1.4563,1.99,17.5359,5.1055,9730611.4565
688036.SH,2025-08-28,84.42,87.5,82.31,83.99,85.33,-1.34,-1.5704,157020.45,1328132.297,1.3769,1.55,17.2606,4.8316,9577804.4794
688036.SH,2025-08-29,83.92,90.99,83.8,90.01,83.99,6.02,7.1675,200173.6,1766197.353,1.7554,1.68,18.4977,5.1779,10264295.5256
688036.SH,2025-09-01,91.0,92.82,87.85,90.0,90.01,-0.01,-0.0111,142396.73,1280652.965,1.2487,1.01,18.4957,5.1773,10263155.175
688036.SH,2025-09-02,89.33,90.15,86.2,87.15,90.0,-2.85,-3.1667,97002.82,852216.584,0.8506,0.66,17.91,5.0134,9938155.2611
688036.SH,2025-09-03,87.36,89.25,84.99,85.4,87.15,-1.75,-2.008,100381.48,871539.018,0.8803,0.66,17.5503,4.9127,9738593.9105
688036.SH,2025-09-04,85.42,86.95,80.6,81.8,85.4,-3.6,-4.2155,118197.43,974647.281,1.0365,0.85,16.8105,4.7056,9328067.7035
688036.SH,2025-09-05,81.2,84.32,80.0,83.33,81.8,1.53,1.8704,87316.35,722739.778,0.7657,0.66,17.1249,4.7936,9502541.3415
688036.SH,2025-09-08,83.0,88.77,82.69,88.37,83.33,5.04,6.0482,146222.71,1258173.009,1.2823,1.34,18.1607,5.0836,10077278.0313
688036.SH,2025-09-09,87.89,99.49,87.75,95.0,88.37,6.63,7.5025,220167.54,2060550.555,1.9307,2.0,19.5232,5.465,10833330.4625
688036.SH,2025-09-10,95.01,96.27,90.09,94.25,95.0,-0.75,-0.7895,160091.8,1506423.312,1.4039,1.19,19.3691,5.4218,10747804.1694
688036.SH,2025-09-11,93.41,94.0,89.77,93.35,93.45,-0.1,-0.107,142077.11,1303002.599,1.2459,0.97,19.1841,5.6291,10645172.6176
688036.SH,2025-09-12,90.8,91.4,86.02,86.36,93.35,-6.99,-7.4879,212570.03,1857654.395,1.8641,1.41,17.7476,5.2076,9848067.5657
688036.SH,2025-09-15,86.84,90.99,85.5,88.8,86.36,2.44,2.8254,188225.58,1669302.415,1.6506,1.07,18.2491,5.3547,10126313.106
688036.SH,2025-09-16,88.78,93.63,88.38,89.61,88.8,0.81,0.9122,172408.59,1561944.588,1.5119,0.93,18.4155,5.4036,10218681.5026
688036.SH,2025-09-17,88.8,92.2,88.31,89.21,89.61,-0.4,-0.4464,120744.54,1084928.409,1.0588,0.69,18.3333,5.3794,10173067.4796
688036.SH,2025-09-18,89.22,95.0,88.82,93.0,89.21,3.79,4.2484,216143.42,1992084.672,1.8954,1.29,19.1122,5.608,10605260.3475
688036.SH,2025-09-19,93.5,95.3,91.11,92.1,93.0,-0.9,-0.9677,138011.65,1285371.909,1.2103,0.76,18.9272,5.5537,10502628.7958
688036.SH,2025-09-22,94.9,98.66,94.05,95.0,92.1,2.9,3.1488,208182.51,1995920.048,1.8256,1.25,19.5232,5.7286,10833330.4625
688036.SH,2025-09-23,97.26,103.79,95.33,98.33,95.0,3.33,3.5053,278337.55,2757710.969,2.4408,1.63,20.2075,5.9294,11213067.204
688036.SH,2025-09-24,97.16,101.5,94.85,97.49,98.33,-0.84,-0.8543,212348.7,2093325.083,1.8621,1.1,20.0349,5.8787,11117277.7557
688036.SH,2025-09-25,97.18,104.9,97.1,103.2,97.49,5.71,5.857,246766.68,2483041.844,2.164,1.17,21.2084,6.2231,11768417.934
688036.SH,2025-09-26,103.5,103.9,97.18,97.5,103.2,-5.7,-5.5233,194054.06,1942234.705,1.7017,0.9,20.037,5.8793,11118418.1063
688036.SH,2025-09-29,97.01,97.42,93.76,96.0,97.5,-1.5,-1.5385,189298.78,1800728.144,1.66,0.83,19.7287,5.7889,10947365.52
688036.SH,2025-09-30,95.99,97.44,93.43,94.2,96.0,-1.8,-1.875,153231.14,1454302.626,1.3437,0.68,19.3588,5.6804,10742102.4165
688036.SH,2025-10-09,94.34,94.68,90.86,93.8,94.2,-0.4,-0.4246,176568.79,1639710.091,1.5484,0.89,19.2766,5.6562,10696488.3935
688036.SH,2025-10-10,92.45,92.97,87.0,87.67,93.8,-6.13,-6.5352,190116.17,1697248.94,1.6672,0.99,18.0168,5.2866,9997453.491
688036.SH,2025-10-13,83.88,85.99,83.0,85.0,87.67,-2.67,-3.0455,170368.2,1440145.179,1.494,0.94,17.4681,5.1256,9692979.8875
688036.SH,2025-10-14,85.35,86.33,81.41,81.87,85.0,-3.13,-3.6824,144751.3,1212921.58,1.2694,0.82,16.8249,4.9368,9336050.1575
688036.SH,2025-10-15,82.29,83.3,81.41,83.13,81.87,1.26,1.539,92929.55,766204.622,0.8149,0.56,17.0838,5.0128,9479734.33
688036.SH,2025-10-16,82.6,82.6,78.88,80.65,83.13,-2.48,-2.9833,142289.48,1150006.485,1.2478,0.92,16.5742,4.8633,9196927.3874
688036.SH,2025-10-17,80.59,80.88,76.53,76.61,80.65,-4.04,-5.0093,130234.56,1016906.812,1.1421,0.88,15.7439,4.6197,8736225.7551
688036.SH,2025-10-20,77.7,77.86,74.69,75.53,76.61,-1.08,-1.4097,122600.13,930233.499,1.0751,0.9,15.522,4.5545,8613067.893
688036.SH,2025-10-21,75.7,77.48,75.26,76.47,75.53,0.94,1.2445,93084.61,713254.251,0.8163,0.74,15.7152,4.6112,8720260.847
688036.SH,2025-10-22,76.2,76.38,74.88,75.16,76.47,-1.31,-1.7131,75747.07,571796.601,0.6642,0.65,15.4459,4.5322,8570874.9217
688036.SH,2025-10-23,75.16,77.58,73.84,77.5,75.16,2.34,3.1134,101155.56,765439.875,0.8871,0.9,15.9268,4.6733,8837716.9563
688036.SH,2025-10-24,77.45,77.62,76.31,76.65,77.5,-0.85,-1.0968,121940.96,935085.067,1.0693,1.17,15.7521,4.6221,8740787.1574
688036.SH,2025-10-27,78.0,78.01,74.33,74.96,76.65,-1.69,-2.2048,152464.78,1152955.859,1.337,1.48,15.4048,4.5202,8548067.9102
688036.SH,2025-10-28,74.98,76.38,74.98,75.78,74.96,0.82,1.0939,79869.93,605221.421,0.7004,0.73,15.5734,4.5696,8641576.6574
688036.SH,2025-10-29,75.78,78.07,75.71,77.78,75.78,2.0,2.6392,148837.15,1153405.395,1.3052,1.4,15.9844,4.4054,8869646.7724
688036.SH,2025-10-30,77.3,77.76,75.0,75.1,77.78,-2.68,-3.4456,115040.15,873323.782,1.0088,0.95,15.4336,4.2536,8564032.8183
688036.SH,2025-10-31,75.0,77.0,75.0,76.3,75.1,1.2,1.5979,87264.55,665287.003,0.7652,0.71,15.6802,4.3216,8700874.8873
688036.SH,2025-11-03,76.21,76.21,74.5,75.88,76.3,-0.42,-0.5505,97218.43,730795.235,0.8525,0.83,15.7421,4.3386,8735188.3275
688036.SH,2025-11-04,75.23,76.13,73.47,73.57,75.88,-2.31,-3.0443,87730.14,655402.96,0.7693,0.83,15.2628,4.2065,8469264.6976
688036.SH,2025-11-05,73.0,73.11,70.01,70.13,73.57,-3.44,-4.6758,178610.31,1269955.886,1.5663,1.67,14.5492,4.0098,8073257.2141
688036.SH,2025-11-06,70.13,71.0,68.92,70.68,70.13,0.55,0.7843,154040.95,1075594.008,1.3381,1.36,14.6633,3.9848,8136572.3641
688036.SH,2025-11-07,70.3,70.3,66.88,67.58,70.68,-3.1,-4.386,212532.03,1450921.906,1.8462,1.76,14.0201,3.81,7779705.1551
688036.SH,2025-11-10,67.5,67.5,65.33,67.26,67.58,-0.32,-0.4735,170511.64,1131320.981,1.4812,1.17,13.9538,3.792,7742867.2497
688036.SH,2025-11-11,67.65,67.65,66.61,67.39,67.26,0.13,0.1933,86805.84,582621.26,0.7541,0.54,13.9807,3.7993,7757832.6488
688036.SH,2025-11-12,67.28,67.29,65.77,65.85,67.39,-1.54,-2.2852,99068.84,657750.961,0.8606,0.62,13.6612,3.7125,7580550.2288
688036.SH,2025-11-13,65.79,65.96,64.51,64.99,65.85,-0.86,-1.306,144635.65,939675.298,1.2564,1.0,13.4828,3.664,7481548.358
688036.SH,2025-11-14,64.82,66.2,64.82,64.86,64.99,-0.13,-0.2,106885.65,701675.938,0.9285,0.75,13.4558,3.6567,7466582.9589
688036.SH,2025-11-17,64.49,64.83,63.69,64.49,64.86,-0.37,-0.5705,83723.5,537273.929,0.7273,0.69,13.3791,3.6358,7423989.1307
688036.SH,2025-11-18,64.15,64.52,62.22,62.24,64.49,-2.25,-3.4889,135370.3,855326.569,1.1759,1.3,12.9123,3.509,7164972.6081
688036.SH,2025-11-19,62.64,63.0,61.44,62.06,62.24,-0.18,-0.2892,98662.46,614226.338,0.8571,0.87,12.875,3.4988,7144251.2863
688036.SH,2025-11-20,62.23,62.85,61.28,61.35,62.06,-0.71,-1.1441,78944.18,487222.873,0.6858,0.69,12.7277,3.4588,7062517.1836
688036.SH,2025-11-21,60.61,66.94,60.6,65.19,61.35,3.84,6.2592,318002.42,2052642.809,2.7624,3.16,13.5243,3.6753,7504572.0489
688036.SH,2025-11-24,66.37,66.46,63.93,64.39,65.19,-0.8,-1.2272,145369.7,939311.043,1.2628,1.02,13.3583,3.6302,7412477.2853
688036.SH,2025-11-25,64.46,66.79,64.0,65.8,64.39,1.41,2.1898,140271.96,920978.351,1.2185,0.9,13.6509,3.7097,7574794.3061
688036.SH,2025-11-26,65.75,66.49,64.66,65.07,65.8,-0.73,-1.1094,132717.27,868574.173,1.1529,0.85,13.4994,3.6685,7490757.8343
688036.SH,2025-11-27,64.7,65.35,63.38,63.6,65.07,-1.47,-2.2591,135265.54,865066.214,1.175,0.83,13.1944,3.5856,7321533.7062
688036.SH,2025-11-28,63.55,64.39,63.03,64.11,63.6,0.51,0.8019,80741.8,514693.51,0.7014,0.46,13.3003,3.6144,7380244.118
688036.SH,2025-12-01,64.21,72.28,64.21,70.14,64.11,6.03,9.4057,419828.93,2897085.296,3.6469,3.31,14.5512,3.9543,8074408.3986
688036.SH,2025-12-02,72.03,76.2,70.99,76.08,70.14,5.94,8.4688,534115.88,3939612.394,4.6397,2.94,15.7835,4.2892,8758212.0184
688036.SH,2025-12-03,73.5,74.0,69.51,69.82,76.08,-6.26,-8.2282,368337.44,2625682.525,3.1996,1.41,14.4848,3.9363,8037570.4932
688036.SH,2025-12-04,69.12,69.8,67.35,68.7,69.82,-1.12,-1.6041,206931.01,1412893.513,1.7975,0.67,14.2525,3.8732,7908637.8242
688036.SH,2025-12-05,68.37,68.7,66.87,67.41,68.7,-1.29,-1.8777,154630.45,1042682.154,1.3432,0.48,13.9849,3.8004,7760135.0178
688036.SH,2025-12-08,67.47,69.61,67.08,68.36,67.41,0.95,1.4093,208666.76,1428151.473,1.8126,0.62,14.182,3.854,7869497.5496
688036.SH,2025-12-09,68.43,68.43,66.28,66.7,68.36,-1.66,-2.4283,135746.22,911528.719,1.1792,0.46,13.8376,3.7604,7678400.9152
688036.SH,2025-12-10,66.01,67.23,65.28,66.97,66.7,0.27,0.4048,120792.2,801969.493,1.0493,0.56,13.8936,3.7756,7709482.8979
688036.SH,2025-12-11,66.79,66.88,65.36,65.36,66.97,-1.61,-2.4041,129340.01,853709.358,1.1235,0.78,13.5596,3.6849,7524142.1861
688036.SH,2025-12-12,65.0,69.5,64.54,69.01,65.36,3.65,5.5845,273110.41,1845818.745,2.3724,1.82,14.3168,3.8906,7944324.545
688036.SH,2025-12-15,68.7,70.3,67.22,69.15,69.01,0.14,0.2029,147003.51,1016485.937,1.277,0.85,14.3459,3.8985,7960441.1287
688036.SH,2025-12-16,68.99,69.9,68.01,68.32,69.15,-0.83,-1.2003,101111.04,697835.543,0.8783,0.63,14.1737,3.8517,7864892.8114
688036.SH,2025-12-17,68.2,69.88,67.7,69.46,68.32,1.14,1.6686,108190.77,745087.077,0.9398,0.7,14.4102,3.916,7996127.8496
688036.SH,2025-12-18,69.0,70.75,68.63,69.41,69.46,-0.05,-0.072,98540.97,684873.451,0.856,0.65,14.3998,3.9132,7990371.9268
688036.SH,2025-12-19,69.45,72.5,68.9,71.39,69.41,1.98,2.8526,146488.78,1041742.203,1.2725,1.01,14.8106,4.0248,8218306.4668
688036.SH,2025-12-22,71.0,71.62,69.8,70.7,71.39,-0.69,-0.9665,101983.12,720862.972,0.8859,0.85,14.6674,3.9859,8138874.7332
688036.SH,2025-12-23,70.08,70.49,67.89,68.27,70.7,-2.43,-3.4371,123160.27,847660.823,1.0699,1.11,14.1633,3.8489,7859136.8887
688036.SH,2025-12-24,68.34,69.23,67.5,69.1,68.27,0.83,1.2158,87974.42,603287.049,0.7642,0.76,14.3355,3.8957,7954685.206
688036.SH,2025-12-25,68.86,68.95,67.6,67.63,69.1,-1.47,-2.1274,117470.98,797422.328,1.0204,1.05,14.0305,3.8128,7785461.0778
688036.SH,2025-12-26,67.5,67.58,66.73,67.11,67.63,-0.52,-0.7689,84269.23,565400.916,0.732,0.73,13.9226,3.7835,7725599.4815
688036.SH,2025-12-29,66.8,68.04,66.41,67.25,67.11,0.14,0.2086,102663.18,690600.066,0.8918,1.0,13.9517,3.7914,7741716.0651
688036.SH,2025-12-30,67.09,67.97,66.5,67.62,67.25,0.37,0.5502,71709.53,484289.034,0.6229,0.7,14.0284,3.8123,7784309.8933
688036.SH,2025-12-31,68.01,68.3,66.15,66.16,67.62,-1.46,-2.1591,88536.67,592344.684,0.7691,0.95,13.7255,3.73,7616236.9497
688036.SH,2026-01-05,66.16,67.87,66.16,67.64,66.16,1.48,2.237,106042.71,714042.774,0.9212,1.14,14.0326,3.8134,7786612.2624
688036.SH,2026-01-06,67.45,69.12,67.4,69.03,67.64,1.39,2.055,121773.48,834325.004,1.0578,1.34,14.321,3.8918,7946626.9141
688036.SH,2026-01-07,68.78,68.8,66.5,66.87,69.03,-2.16,-3.1291,163034.85,1096635.731,1.4162,1.66,13.8728,3.77,7697971.0524
688036.SH,2026-01-08,66.87,68.1,65.3,67.01,66.87,0.14,0.2094,147002.34,978271.276,1.277,1.33,13.9019,3.7779,7714087.636
688036.SH,2026-01-09,66.79,68.42,66.6,68.2,67.01,1.19,1.7759,143196.71,971591.915,1.2439,1.14,14.1488,3.845,7851078.5969
688036.SH,2026-01-12,68.05,72.0,67.85,71.47,68.2,3.27,4.7947,211353.72,1487883.868,1.836,1.55,14.8272,4.0293,8227515.9431
688036.SH,2026-01-13,71.51,71.79,67.81,67.85,71.47,-3.62,-5.0651,181078.16,1257051.006,1.573,1.15,14.0762,3.8252,7810787.1378
688036.SH,2026-01-14,68.06,70.95,68.06,68.55,67.85,0.7,1.0317,201083.38,1397173.939,1.7468,1.19,14.2214,3.8647,7891370.056
688036.SH,2026-01-15,68.55,69.19,66.43,66.9,68.55,-1.65,-2.407,174169.6,1174416.579,1.513,0.99,13.8791,3.7717,7701424.6061
688036.SH,2026-01-16,66.8,67.65,65.78,66.2,66.9,-0.7,-1.0463,175628.76,1165184.899,1.5256,0.96,13.7338,3.7322,7620841.6879
688036.SH,2026-01-19,66.02,66.02,64.44,64.99,66.2,-1.21,-1.8278,141559.92,920360.927,1.2297,0.75,13.4828,3.664,7481548.358
688036.SH,2026-01-20,64.76,65.02,62.08,62.13,64.99,-2.86,-4.4007,183567.95,1156555.828,1.5946,1.05,12.8895,3.5028,7152309.5781
688036.SH,2026-01-21,62.1,62.49,61.54,61.7,62.13,-0.43,-0.6921,133889.41,830632.571,1.1631,0.76,12.8003,3.4785,7102808.6427
688036.SH,2026-01-22,61.97,63.16,61.65,62.17,61.7,0.47,0.7618,119672.79,745639.386,1.0396,0.74,12.8978,3.505,7156914.3163
688036.SH,2026-01-23,62.17,64.55,62.1,63.75,62.17,1.58,2.5414,176848.35,1123387.079,1.5362,1.17,13.2256,3.5941,7338801.4744
688036.SH,2026-01-26,63.75,63.75,61.58,61.73,63.75,-2.02,-3.1686,159396.44,988925.241,1.3846,1.05,12.8065,3.4802,7106262.1963
688036.SH,2026-01-27,61.73,62.47,60.06,62.05,61.73,0.32,0.5184,137995.54,846511.0,1.1987,0.89,12.8729,3.4983,7143100.1017
688036.SH,2026-01-28,61.82,62.26,60.6,60.76,62.05,-1.29,-2.079,124555.34,762770.853,1.082,0.86,12.6053,3.4255,6994597.2954
688036.SH,2026-01-29,60.55,61.19,59.07,60.51,60.76,-0.25,-0.4115,110854.77,670221.781,0.963,0.77,12.5534,3.4114,6965817.6818
688036.SH,2026-01-30,59.59,59.78,57.7,58.13,60.51,-2.38,-3.9332,164076.73,958745.952,1.4253,1.16,12.0596,3.2773,6691835.7601
688036.SH,2026-02-02,57.75,58.99,57.6,58.14,58.13,0.01,0.0172,98141.68,573882.248,0.8525,0.7,12.0617,3.2778,6692986.9446
688036.SH,2026-02-03,58.18,58.95,57.93,58.43,58.14,0.29,0.4988,77639.44,452906.191,0.6744,0.61,12.1219,3.2942,6726371.2964
688036.SH,2026-02-04,58.16,58.41,57.07,58.3,58.43,-0.13,-0.2225,90245.1,521129.311,0.7839,0.78,12.0949,3.2868,6711405.8974
688036.SH,2026-02-05,58.3,61.98,58.0,61.33,58.3,3.03,5.1973,195266.72,1186423.665,1.6962,1.8,12.7235,3.4577,7060214.8145
688036.SH,2026-02-06,60.66,61.29,60.1,60.5,61.33,-0.83,-1.3533,81539.0,495421.282,0.7083,0.65,12.5513,3.4109,6964666.4973
688036.SH,2026-02-09,60.8,61.07,59.9,60.41,60.5,-0.09,-0.1488,74528.26,449747.611,0.6474,0.69,12.5327,3.4058,6954305.8363
688036.SH,2026-02-10,60.62,61.57,60.03,60.85,60.41,0.44,0.7284,87244.53,529747.503,0.7579,0.84,12.6239,3.4306,7004957.9563
688036.SH,2026-02-11,60.8,61.68,60.55,60.7,60.85,-0.15,-0.2465,80076.48,489086.632,0.6956,0.76,12.5928,3.4221,6987690.1882
688036.SH,2026-02-12,60.52,60.87,59.57,59.64,60.7,-1.06,-1.7463,82315.33,492986.475,0.715,0.79,12.3729,3.3624,6865664.6264
688036.SH,2026-02-13,59.31,60.07,58.63,58.63,59.64,-1.01,-1.6935,62422.36,370116.954,0.5422,0.77,12.1634,3.3054,6749394.9873
688036.SH,2026-02-24,58.9,59.0,58.12,58.47,58.63,-0.16,-0.2729,63702.78,372964.602,0.5534,0.82,12.1302,3.2964,6730976.0346
688036.SH,2026-02-25,58.4,58.87,58.13,58.25,58.47,-0.22,-0.3763,59375.86,347078.728,0.5158,0.79,12.0845,3.284,6705649.9746
688036.SH,2026-02-26,58.1,58.25,57.27,57.72,58.25,-0.53,-0.9099,78068.81,450142.522,0.6782,1.12,11.9746,3.2493,6644637.1937
688036.SH,2026-02-27,57.77,58.81,57.76,57.81,57.72,0.09,0.1559,78991.95,459546.538,0.6862,1.14,11.9933,3.2544,6654997.8546
688036.SH,2026-03-02,57.11,57.15,53.9,55.17,57.81,-2.64,-4.5667,157757.35,871077.373,1.3704,2.3,11.4456,3.1058,6351085.1348
688036.SH,2026-03-03,55.13,56.19,53.73,54.08,55.17,-1.09,-1.9757,131789.27,723928.63,1.1448,1.5,11.2194,3.0444,6225606.0194
688036.SH,2026-03-04,53.6,54.04,52.53,53.15,54.08,-0.93,-1.7197,98136.28,522381.959,0.8525,0.97,11.0265,2.9921,6118545.8567
688036.SH,2026-03-05,54.0,54.18,53.4,53.67,53.15,0.52,0.9784,79767.81,429554.568,0.6929,0.73,11.1344,3.0213,6178407.453
688036.SH,2026-03-06,53.43,61.16,52.82,59.5,53.67,5.83,10.8627,283990.92,1648867.33,2.4669,2.6,12.3439,3.3495,6849548.0428
688036.SH,2026-03-09,57.3,57.67,56.47,57.29,59.5,-2.21,-3.7143,152621.41,871832.433,1.3258,1.02,11.8854,3.2251,6595136.2583
688036.SH,2026-03-10,57.9,58.16,57.23,57.38,57.29,0.09,0.1571,82714.69,476167.071,0.7185,0.55,11.904,3.2302,6605496.9192
688036.SH,2026-03-11,57.02,57.48,56.38,56.45,57.38,-0.93,-1.6208,91020.52,516381.626,0.7907,0.65,11.7111,3.1778,6498436.7565
688036.SH,2026-03-12,56.1,59.0,56.02,57.88,56.45,1.43,2.5332,139963.5,813018.28,1.2158,1.01,12.0078,3.2583,6663056.1465
688036.SH,2026-03-13,57.8,58.97,57.15,57.99,57.88,0.11,0.19,97858.68,569971.029,0.8501,0.65,12.0306,3.2645,6675719.1765
688036.SH,2026-03-16,57.94,58.73,56.91,57.23,57.99,-0.76,-1.3106,78512.38,452722.832,0.682,0.7,11.8729,3.2217,6588229.151
688036.SH,2026-03-17,57.3,57.61,56.07,56.14,57.23,-1.09,-1.9046,100436.62,568318.341,0.8725,1.02,11.6468,3.1604,6462750.0356
688036.SH,2026-03-18,56.12,56.49,54.39,55.12,56.14,-1.02,-1.8169,114109.85,626752.716,0.9912,1.12,11.4352,3.103,6345329.212
688036.SH,2026-03-19,54.61,55.02,53.63,53.74,55.12,-1.38,-2.5036,83086.66,450391.832,0.7217,0.78,11.1489,3.0253,6186465.7448
688036.SH,2026-03-20,54.08,55.34,53.32,53.33,53.74,-0.41,-0.7629,94175.3,510434.914,0.8181,0.99,11.0638,3.0022,6139267.1785
688036.SH,2026-03-23,52.53,53.39,50.8,50.99,53.33,-2.34,-4.3878,109808.36,566244.282,0.9539,1.17,10.5784,2.8705,5869889.995
688036.SH,2026-03-24,51.82,53.55,51.22,53.35,50.99,2.36,4.6284,105260.0,551723.204,0.9144,1.05,11.068,3.0033,6141569.5476
688036.SH,2026-03-25,53.01,56.17,53.01,55.55,53.35,2.2,4.1237,127186.11,698473.908,1.1048,1.26,11.5244,3.1272,6394830.1475
688036.SH,2026-03-26,55.17,57.92,55.16,55.52,55.55,-0.03,-0.054,171327.14,968629.886,1.4883,1.65,11.5182,3.1255,6391376.5938
688036.SH,2026-03-27,55.42,57.73,55.22,56.89,55.52,1.37,2.4676,127984.69,726182.383,1.1118,1.05,11.8024,3.2026,6549088.8765
688036.SH,2026-03-30,55.8,56.83,52.8,54.2,56.89,-2.69,-4.7284,141091.7,759837.469,1.2256,1.1,24.1778,3.0399,6239420.2339
688036.SH,2026-03-31,54.4,57.42,54.0,54.85,54.2,0.65,1.1993,132466.56,741743.757,1.1507,0.98,24.4678,3.0764,6314247.2293
688036.SH,2026-04-01,55.89,56.06,54.0,54.51,54.85,-0.34,-0.6199,98607.36,539864.101,0.8566,0.7,24.3161,3.0573,6275106.9548
688036.SH,2026-04-02,54.12,54.6,52.51,52.96,54.51,-1.55,-2.8435,85687.65,455635.984,0.7443,0.64,23.6247,2.9704,6096673.3503
688036.SH,2026-04-03,52.81,53.2,51.33,51.6,52.96,-1.36,-2.568,55622.34,288203.775,0.4832,0.47,23.018,2.8941,5940112.2522
688036.SH,2026-04-07,51.36,51.9,51.12,51.5,51.6,-0.1,-0.1938,45064.84,232078.376,0.3915,0.44,22.9734,2.8885,5928600.4068
688036.SH,2026-04-08,52.53,53.9,52.12,53.61,51.5,2.11,4.0971,94923.38,503929.374,0.8246,1.14,23.9146,3.0068,6171500.3457
688036.SH,2026-04-09,53.1,53.31,52.02,52.17,53.61,-1.44,-2.6861,84833.22,445452.527,0.7369,1.12,23.2723,2.9261,6005729.7713
688036.SH,2026-04-10,52.54,53.35,52.33,52.74,52.17,0.57,1.0926,62742.34,332060.893,0.545,0.86,23.5265,2.958,6071347.2903
688036.SH,2026-04-13,52.4,52.4,51.04,51.96,52.74,-0.78,-1.479,73086.66,377918.199,0.6349,1.06,23.1786,2.9143,5981554.8958
688036.SH,2026-04-14,52.05,52.7,51.42,52.12,51.96,0.16,0.3079,58167.55,301833.418,0.5053,0.81,23.25,2.9233,5999973.8485
688036.SH,2026-04-15,52.4,53.42,52.11,52.16,52.12,0.04,0.0767,77332.16,408210.435,0.6718,1.03,23.2678,2.9255,6004578.5867
688036.SH,2026-04-16,52.21,54.07,52.16,53.69,52.16,1.53,2.9333,107232.0,568889.794,0.9315,1.51,23.9503,3.0113,6180709.8221
688036.SH,2026-04-17,53.6,53.6,52.25,52.53,53.69,-1.16,-2.1606,100433.81,528639.012,0.8724,1.33,23.4329,2.9463,6047172.4149
688036.SH,2026-04-20,52.78,53.5,51.7,52.87,52.53,0.34,0.6472,71720.23,378529.503,0.623,0.86,23.5845,2.9653,6086312.6894
688036.SH,2026-04-21,52.69,52.8,51.77,52.5,52.87,-0.37,-0.6998,79546.77,414609.176,0.691,0.96,23.4195,2.9446,6043718.8613
688036.SH,2026-04-22,52.11,55.7,51.85,55.35,52.5,2.85,5.4286,203099.83,1102407.115,1.7643,2.33,24.6908,3.1044,6371806.4566
688036.SH,2026-04-23,55.4,55.67,53.85,54.46,55.35,-0.89,-1.6079,110819.69,603607.427,0.9627,0.99,24.2938,3.0545,6269351.0321
688036.SH,2026-04-24,54.28,55.36,54.01,54.38,54.46,-0.08,-0.1469,89790.3,490979.304,0.78,0.79,24.2581,3.05,6260141.5557
688036.SH,2026-04-27,54.45,59.17,53.45,57.8,54.38,3.42,6.2891,227735.89,1290530.463,1.9783,2.05,25.7837,3.2418,6653846.6701
688036.SH,2026-04-28,60.77,62.46,58.36,58.69,57.8,0.89,1.5398,295855.56,1784786.524,2.57,2.08,26.1808,3.1806,6756302.0946
688036.SH,2026-04-29,59.0,59.8,57.77,58.44,58.69,-0.25,-0.426,134800.07,793831.805,1.171,0.73,26.0692,3.1671,6727522.481
688036.SH,2026-04-30,58.2,58.8,56.96,57.75,58.44,-0.69,-1.1807,137925.86,793770.919,1.1981,0.8,25.7614,3.1297,6648090.7474
688036.SH,2026-05-06,57.75,58.99,57.11,58.11,57.75,0.36,0.6234,157669.21,916079.043,1.3696,0.89,25.922,3.1492,6689533.391
688036.SH,2026-05-07,58.13,58.5,57.09,57.57,58.11,-0.54,-0.9293,135822.91,781783.814,1.1799,0.71,25.6811,3.1199,6627369.4256
688036.SH,2026-05-08,57.57,58.14,57.02,57.42,57.57,-0.15,-0.2606,95838.34,551299.122,0.8325,0.56,25.6142,3.1118,6610101.6574
688036.SH,2026-05-11,57.5,59.73,57.12,59.31,57.42,1.89,3.2915,181959.32,1071794.034,1.5806,1.0,26.4573,3.2142,6827675.5364
