ts_code,trade_date,open,high,low,close,pre_close,change,pct_chg,vol,amount,turnover_rate,volume_ratio,pe,pb,total_mv
688349.SH,2023-01-03,29.31,32.08,29.2,31.93,29.29,2.64,9.0133,62745.74,194402.527,4.5279,2.18,23.8698,3.581,3798023.0985
688349.SH,2023-01-04,32.1,32.1,30.87,31.1,31.93,-0.83,-2.5994,36048.9,113506.229,2.6014,1.02,23.2494,3.4879,3699295.9087
688349.SH,2023-01-05,31.41,31.99,30.81,31.52,31.1,0.42,1.3505,34514.59,108988.455,2.4907,0.95,23.5633,3.535,3749254.2457
688349.SH,2023-01-06,31.68,33.83,31.35,33.79,31.52,2.27,7.2018,69875.34,231126.779,5.0424,1.79,25.2603,3.7896,4019267.1625
688349.SH,2023-01-09,33.88,34.0,32.94,33.47,33.79,-0.32,-0.947,55088.39,183879.531,3.9753,1.13,25.0211,3.7537,3981203.6676
688349.SH,2023-01-10,33.47,33.78,32.87,32.97,33.47,-0.5,-1.4939,31468.55,104457.347,2.2708,0.61,24.6473,3.6976,3921729.4569
688349.SH,2023-01-11,32.8,33.47,32.42,32.85,32.97,-0.12,-0.364,24872.97,81529.935,1.7949,0.55,24.5576,3.6842,3907455.6463
688349.SH,2023-01-12,33.0,33.33,32.38,32.91,32.85,0.06,0.1826,35926.76,118037.076,2.5926,0.83,24.6025,3.6909,3914592.5516
688349.SH,2023-01-13,32.92,32.99,32.16,32.39,32.91,-0.52,-1.5801,17667.39,57373.612,1.2749,0.41,24.2137,3.6326,3852739.3724
688349.SH,2023-01-16,32.41,33.68,32.2,32.91,32.39,0.52,1.6054,30204.33,99590.972,2.1796,0.92,24.6025,3.6909,3914592.5516
688349.SH,2023-01-17,33.2,33.47,32.81,33.12,32.91,0.21,0.6381,15435.01,51084.339,1.1138,0.55,24.7595,3.7145,3939571.7201
688349.SH,2023-01-18,33.11,33.6,32.57,32.7,33.12,-0.42,-1.2681,14209.67,46521.235,1.0254,0.57,24.4455,3.6674,3889613.3831
688349.SH,2023-01-19,32.59,33.14,32.2,32.99,32.7,0.29,0.8869,12838.38,42009.903,0.9264,0.57,24.6623,3.6999,3924108.4253
688349.SH,2023-01-20,32.99,33.76,32.98,33.65,32.99,0.66,2.0006,24311.96,81179.354,1.7544,1.35,25.1557,3.7739,4002614.3835
688349.SH,2023-01-30,34.33,34.59,33.9,34.05,33.65,0.4,1.1887,34315.89,117292.729,2.4763,1.77,25.4547,3.8188,4050193.7521
688349.SH,2023-01-31,34.07,34.59,33.9,34.25,34.05,0.2,0.5874,28167.06,96694.503,2.0326,1.39,25.6042,3.8412,4073983.4364
688349.SH,2023-02-01,34.36,34.55,33.81,34.44,34.25,0.19,0.5547,20327.77,69616.907,1.4669,0.89,25.7462,3.8625,4096583.6365
688349.SH,2023-02-02,34.46,34.84,34.11,34.18,34.44,-0.26,-0.7549,26282.67,90478.366,1.8966,1.1,25.5519,3.8333,4065657.0469
688349.SH,2023-02-03,34.22,34.93,33.9,34.86,34.18,0.68,1.9895,25626.25,87763.458,1.8493,0.96,26.0602,3.9096,4146541.9735
688349.SH,2023-02-06,34.7,35.2,34.33,34.5,34.86,-0.36,-1.0327,21844.41,75724.525,1.5763,0.81,25.7911,3.8692,4103720.5418
688349.SH,2023-02-07,34.85,34.85,33.32,33.73,34.5,-0.77,-2.2319,34566.63,116855.998,2.4944,1.41,25.2155,3.7829,4012130.2572
688349.SH,2023-02-08,33.73,34.35,33.42,33.7,33.73,-0.03,-0.0889,16543.69,56001.131,1.1938,0.64,25.193,3.7795,4008561.8046
688349.SH,2023-02-09,33.6,34.66,33.5,34.42,33.7,0.72,2.1365,22581.0,77640.879,1.6295,0.9,25.7313,3.8603,4094204.668
688349.SH,2023-02-10,34.26,34.6,33.4,33.68,34.42,-0.74,-2.1499,20766.51,70280.764,1.4986,0.86,25.1781,3.7773,4006182.8361
688349.SH,2023-02-13,33.58,34.59,33.42,34.3,33.68,0.62,1.8409,20109.73,68710.963,1.4512,0.86,25.6416,3.8468,4079930.8575
688349.SH,2023-02-14,34.6,34.62,33.93,34.15,34.3,-0.15,-0.4373,10327.29,35290.834,0.7452,0.45,25.5294,3.83,4062088.5942
688349.SH,2023-02-15,34.3,35.19,33.99,34.8,34.15,0.65,1.9034,23495.1,81488.266,1.6955,1.3,26.0154,3.9029,4139405.0682
688349.SH,2023-02-16,34.79,35.1,33.6,34.08,34.8,-0.72,-2.069,22062.4,76010.405,1.5921,1.13,25.4771,3.8221,4053762.2047
688349.SH,2023-02-17,34.15,34.39,32.33,32.33,34.08,-1.75,-5.135,34513.52,113399.973,2.4906,1.78,24.1689,3.6259,3845602.4671
688349.SH,2023-02-20,32.46,32.76,31.8,32.59,32.33,0.26,0.8042,17053.89,54982.106,1.2307,0.77,24.3632,3.655,3876529.0567
688349.SH,2023-02-21,32.53,34.07,32.42,33.54,32.59,0.95,2.915,22037.66,73478.102,1.5903,1.03,25.0734,3.7616,3989530.0571
688349.SH,2023-02-22,33.36,34.86,33.2,34.14,33.54,0.6,1.7889,30602.74,104866.268,2.2084,1.28,25.522,3.8289,4060899.11
688349.SH,2023-02-23,33.98,34.85,33.92,34.66,34.14,0.52,1.5231,26463.38,91345.879,1.9097,1.05,25.9107,3.8872,4122752.2892
688349.SH,2023-02-24,34.8,35.83,34.5,35.52,34.66,0.86,2.4812,46218.43,163882.082,3.3352,1.77,26.5536,3.9836,4225047.9317
688349.SH,2023-02-27,35.7,36.6,34.35,34.7,35.52,-0.82,-2.3086,52036.61,184230.532,3.7551,1.83,25.9406,3.8917,4127510.2261
688349.SH,2023-02-28,34.66,35.56,34.32,35.46,34.7,0.76,2.1902,25372.54,88848.004,1.8309,0.72,26.5088,3.7879,4217911.0264
688349.SH,2023-03-01,35.58,36.88,35.33,36.68,35.46,1.22,3.4405,34132.82,123919.6,2.4631,0.94,27.4208,3.9182,4363028.1006
688349.SH,2023-03-02,36.55,37.68,36.26,36.91,36.68,0.23,0.627,35730.13,133124.491,2.5784,0.97,27.5927,3.9428,4390386.2376
688349.SH,2023-03-03,36.8,37.99,36.65,37.28,36.91,0.37,1.0024,31303.2,117097.886,2.2589,0.81,27.8693,3.9823,4434397.1535
688349.SH,2023-03-06,37.56,37.6,36.3,36.95,37.28,-0.33,-0.8852,29832.24,110095.636,2.1528,0.84,27.6226,3.9471,4395144.1744
688349.SH,2023-03-07,36.69,37.19,34.75,34.94,36.95,-2.01,-5.4398,66681.61,238704.167,4.8119,2.13,26.12,3.7324,4156057.8472
688349.SH,2023-03-08,35.02,35.95,34.6,34.99,34.94,0.05,0.1431,43249.13,151714.84,3.121,1.09,26.1574,3.7377,4162005.2683
688349.SH,2023-03-09,35.27,35.27,33.91,34.29,34.99,-0.7,-2.0006,32855.77,113179.548,2.371,0.79,25.6341,3.6629,4078741.3732
688349.SH,2023-03-10,34.24,34.39,32.41,32.41,34.29,-1.88,-5.4826,57946.94,192638.456,4.1816,1.42,24.2287,3.4621,3855118.3408
688349.SH,2023-03-13,32.77,33.67,32.71,33.0,32.41,0.59,1.8204,42075.57,140103.73,3.0363,0.91,24.6697,3.5251,3925297.9095
688349.SH,2023-03-14,32.88,33.74,32.1,33.33,33.0,0.33,1.0,32943.18,108671.349,2.3773,0.68,24.9164,3.5604,3964550.8886
688349.SH,2023-03-15,33.34,34.68,33.21,33.45,33.33,0.12,0.36,40998.04,139448.267,2.9585,0.98,25.0062,3.5732,3978824.6992
688349.SH,2023-03-16,33.27,34.23,33.15,33.46,33.45,0.01,0.0299,31035.88,104635.583,2.2396,0.75,25.0136,3.5743,3980014.1834
688349.SH,2023-03-17,33.44,34.6,33.44,33.99,33.46,0.53,1.584,32476.59,110462.625,2.3436,0.79,25.4098,3.6309,4043056.8468
688349.SH,2023-03-20,33.77,34.5,32.93,33.63,33.99,-0.36,-1.0591,24429.59,81860.769,1.7629,0.68,25.1407,3.5924,4000235.415
688349.SH,2023-03-21,33.82,34.48,33.51,34.26,33.63,0.63,1.8733,20665.78,70372.235,1.4913,0.64,25.6117,3.6597,4075172.9206
688349.SH,2023-03-22,34.29,34.5,33.9,34.03,34.26,-0.23,-0.6713,14346.66,48978.26,1.0353,0.48,25.4397,3.6352,4047814.7836
688349.SH,2023-03-23,34.0,34.0,32.72,33.03,34.03,-1.0,-2.9386,22977.95,76193.02,1.6581,0.93,24.6922,3.5283,3928866.3621
688349.SH,2023-03-24,33.17,33.31,32.78,33.04,33.03,0.01,0.0303,14071.13,46400.327,1.0154,0.61,24.6996,3.5294,3930055.8464
688349.SH,2023-03-27,32.9,33.28,32.4,33.04,33.04,0.0,0.0,15856.52,52105.434,1.1442,0.82,24.6996,3.5294,3930055.8464
688349.SH,2023-03-28,33.25,33.25,31.29,31.44,33.04,-1.6,-4.8426,34730.09,110635.378,2.5062,1.98,23.5035,3.3585,3739738.372
688349.SH,2023-03-29,31.47,31.89,31.05,31.05,31.44,-0.39,-1.2405,14503.86,45530.88,1.0466,0.71,23.212,3.3168,3693348.4876
688349.SH,2023-03-30,31.3,31.35,30.74,30.99,31.05,-0.06,-0.1932,12302.41,38146.748,0.8878,0.6,23.1671,3.3104,3686211.5823
688349.SH,2023-03-31,31.2,32.0,30.9,31.36,30.99,0.37,1.1939,15076.55,47496.329,1.088,0.82,23.4437,3.35,3730222.4982
688349.SH,2023-04-03,31.36,31.99,31.2,31.54,31.36,0.18,0.574,23203.88,73147.273,1.6745,1.25,23.5783,3.3692,3751633.2141
688349.SH,2023-04-04,31.54,31.67,30.69,30.69,31.54,-0.85,-2.695,23534.25,72759.654,1.6983,1.18,22.9429,3.2784,3650527.0558
688349.SH,2023-04-06,30.68,31.6,30.5,31.45,30.69,0.76,2.4764,25523.38,80066.578,1.8418,1.44,23.511,3.3596,3740927.8562
688349.SH,2023-04-07,31.58,32.5,31.32,31.89,31.45,0.44,1.399,28374.64,90674.824,2.0476,1.42,23.8399,3.4066,3793265.1616
688349.SH,2023-04-10,31.99,32.57,31.4,31.69,31.89,-0.2,-0.6272,29217.56,93441.167,2.1084,1.26,23.6904,3.3852,3769475.4773
688349.SH,2023-04-11,31.6,31.71,31.37,31.45,31.69,-0.24,-0.7573,12674.31,39884.147,0.9146,0.49,23.511,3.3596,3740927.8562
688349.SH,2023-04-12,31.45,31.72,30.6,31.0,31.45,-0.45,-1.4308,19049.72,58943.622,1.3747,0.8,23.1746,3.3115,3687401.0665
688349.SH,2023-04-13,31.24,31.75,31.15,31.49,31.0,0.49,1.5806,16600.63,52321.246,1.1979,0.72,23.5409,3.3638,3745685.793
688349.SH,2023-04-14,31.49,31.69,31.02,31.22,31.49,-0.27,-0.8574,16122.32,50469.02,1.1634,0.76,23.3391,3.335,3713569.7192
688349.SH,2023-04-17,30.98,32.0,30.96,31.73,31.22,0.51,1.6336,18083.66,57451.992,1.305,0.97,23.7203,3.3895,3774233.4142
688349.SH,2023-04-18,31.8,32.0,31.4,31.85,31.73,0.12,0.3782,14703.22,46755.81,1.061,0.89,23.81,3.4023,3788507.2248
688349.SH,2023-04-19,31.71,32.22,31.55,31.69,31.85,-0.16,-0.5024,13556.58,43103.058,0.9783,0.8,23.6904,3.3852,3769475.4773
688349.SH,2023-04-20,31.69,31.82,30.89,30.92,31.69,-0.77,-2.4298,15603.16,48714.128,1.126,0.99,23.1148,3.303,3677885.1928
688349.SH,2023-04-21,31.04,32.01,30.71,30.8,30.92,-0.12,-0.3881,21215.13,66658.089,1.5309,1.36,23.0251,3.2901,3663611.3822
688349.SH,2023-04-24,30.82,31.28,30.03,31.26,30.8,0.46,1.4935,19462.9,60044.013,1.4045,1.17,23.369,3.3393,3718327.6561
688349.SH,2023-04-25,31.04,31.69,30.43,31.14,31.26,-0.12,-0.3839,17041.53,52680.489,1.2298,1.01,23.2793,3.3265,3704053.8455
688349.SH,2023-04-26,30.9,32.79,30.73,32.02,31.14,0.88,2.8259,32833.2,104967.554,2.3693,1.89,23.9371,3.4205,3808728.4564
688349.SH,2023-04-27,32.25,33.23,31.63,32.99,32.02,0.97,3.0294,36971.61,120232.381,2.668,1.74,24.6623,3.5241,3924108.4253
688349.SH,2023-04-28,32.8,33.77,32.19,33.68,32.99,0.69,2.0915,26015.82,85688.832,1.8774,1.02,25.1781,3.5978,4006182.8361
688349.SH,2023-05-04,32.85,33.83,32.57,33.22,33.68,-0.46,-1.3658,26258.65,86683.139,1.8949,0.99,23.9812,3.3726,3951466.5622
688349.SH,2023-05-05,33.24,33.36,31.82,32.23,33.22,-0.99,-2.9801,18724.4,60512.79,1.3512,0.67,23.2665,3.272,3833707.6249
688349.SH,2023-05-08,32.37,36.46,32.01,35.0,32.23,2.77,8.5945,78328.04,272996.618,5.6523,2.78,25.2662,3.5533,4163194.7525
688349.SH,2023-05-09,35.01,35.48,34.45,34.63,35.0,-0.37,-1.0571,32293.94,112586.911,2.3304,0.87,24.9991,3.5157,4119183.8365
688349.SH,2023-05-10,34.58,35.55,34.1,34.89,34.63,0.26,0.7508,25434.6,88916.74,1.8354,0.7,25.1868,3.5421,4150110.4261
688349.SH,2023-05-11,34.9,35.35,34.02,35.35,34.89,0.46,1.3184,23003.02,79919.229,1.66,0.64,25.5188,3.5888,4204826.7
688349.SH,2023-05-12,35.2,35.99,34.35,34.41,35.35,-0.94,-2.6591,23124.42,81123.2,1.6687,0.65,24.8403,3.4934,4093015.1838
688349.SH,2023-05-15,34.42,37.65,34.3,36.5,34.41,2.09,6.0738,66459.76,242849.399,4.7959,1.82,26.349,3.7055,4341617.3848
688349.SH,2023-05-16,36.06,36.51,35.4,35.77,36.5,-0.73,-2.0,34591.6,123882.126,2.4962,1.02,25.822,3.6314,4254785.0371
688349.SH,2023-05-17,35.5,35.64,34.01,34.81,35.77,-0.96,-2.6838,34511.32,119935.137,2.4904,1.0,25.129,3.534,4140594.5524
688349.SH,2023-05-18,34.81,35.07,33.72,34.42,34.81,-0.39,-1.1204,25690.9,88334.805,1.8539,0.71,24.8475,3.4944,4094204.668
688349.SH,2023-05-19,34.42,34.77,33.96,34.21,34.42,-0.21,-0.6101,17650.18,60515.725,1.2737,0.48,24.6959,3.4731,4069225.4995
688349.SH,2023-05-22,34.4,35.5,34.12,34.54,34.21,0.33,0.9646,24789.95,86364.879,1.7889,0.69,24.9341,3.5066,4108478.4786
688349.SH,2023-05-23,34.4,34.55,33.5,33.65,34.54,-0.89,-2.5767,20045.51,67801.094,1.4465,0.73,24.2916,3.4162,4002614.3835
688349.SH,2023-05-24,33.65,34.54,33.41,34.17,33.65,0.52,1.5453,15374.8,52674.819,1.1095,0.63,24.667,3.469,4064467.5627
688349.SH,2023-05-25,34.04,35.38,33.83,35.31,34.17,1.14,3.3363,28018.82,97979.682,2.0219,1.35,25.49,3.5847,4200068.7632
688349.SH,2023-05-26,35.16,35.16,31.3,33.79,35.31,-1.52,-4.3047,79079.89,257778.876,5.7066,3.73,24.3927,3.4304,4019267.1625
688349.SH,2023-05-29,33.21,33.35,32.04,33.0,33.79,-0.79,-2.338,39592.42,129231.024,2.8571,1.18,23.8224,3.3502,3925297.9095
688349.SH,2023-05-30,32.62,33.63,32.55,33.6,33.0,0.6,1.8182,17717.64,58783.253,1.2785,0.49,24.2555,3.4111,3996666.9624
688349.SH,2023-05-31,33.42,34.45,33.33,33.68,33.6,0.08,0.2381,17501.96,59411.211,1.263,0.49,24.3133,3.4193,4006182.8361
688349.SH,2023-06-01,33.65,34.2,33.25,33.26,33.68,-0.42,-1.247,12589.73,42394.502,0.9085,0.35,24.0101,3.3766,3956224.4991
688349.SH,2023-06-02,33.3,34.3,33.01,33.51,33.26,0.25,0.7517,14351.73,48384.364,1.0357,0.43,24.1906,3.402,3985961.6045
688349.SH,2023-06-05,33.8,33.8,32.41,32.7,33.51,-0.81,-2.4172,17684.81,57886.323,1.2762,0.87,23.6058,3.3198,3889613.3831
688349.SH,2023-06-06,32.57,32.95,32.31,32.6,32.7,-0.1,-0.3058,9191.72,29956.506,0.6633,0.58,23.5336,3.3096,3877718.5409
688349.SH,2023-06-07,32.41,32.92,32.0,32.25,32.6,-0.35,-1.0736,17284.73,56137.765,1.2473,1.21,23.281,3.2741,3836086.5934
688349.SH,2023-06-08,32.11,33.02,32.01,32.1,32.25,-0.15,-0.4651,11961.54,38797.277,0.8632,0.84,23.1727,3.2589,3818244.3302
688349.SH,2023-06-09,31.8,33.0,31.61,33.0,31.67,1.33,4.1996,15119.01,48927.631,1.091,1.07,23.8224,3.5031,3925297.9095
688349.SH,2023-06-12,32.7,32.8,31.31,32.07,33.0,-0.93,-2.8182,18782.32,59975.766,1.3554,1.32,23.151,3.4044,3814675.8775
688349.SH,2023-06-13,31.93,32.47,31.57,32.17,32.07,0.1,0.3118,7841.6,25272.739,0.5659,0.54,23.2232,3.415,3826570.7197
688349.SH,2023-06-14,32.11,33.53,32.1,32.48,32.17,0.31,0.9636,22986.24,75593.432,1.6587,1.62,23.447,3.4479,3863444.7303
688349.SH,2023-06-15,32.42,33.12,32.41,33.11,32.48,0.63,1.9397,13672.58,45028.096,0.9866,0.89,23.9018,3.5148,3938382.2359
688349.SH,2023-06-16,33.08,33.42,32.77,33.18,33.11,0.07,0.2114,14198.05,47020.618,1.0246,0.91,23.9523,3.5223,3946708.6254
688349.SH,2023-06-19,33.05,33.71,32.9,33.24,33.18,0.06,0.1808,15126.28,50467.895,1.0916,0.98,23.9957,3.5286,3953845.5307
688349.SH,2023-06-20,33.11,33.34,32.52,32.98,33.24,-0.26,-0.7822,16872.47,55393.215,1.2176,1.14,23.808,3.501,3922918.9411
688349.SH,2023-06-21,33.11,33.25,32.31,32.43,32.98,-0.55,-1.6677,13555.42,44165.353,0.9782,0.82,23.4109,3.4426,3857497.3092
688349.SH,2023-06-26,30.48,32.26,30.46,31.43,32.43,-1.0,-3.0836,21809.51,68475.465,1.182,1.49,22.689,3.3365,3738548.8877
688349.SH,2023-06-27,31.4,31.89,31.2,31.27,31.43,-0.16,-0.5091,15484.37,48626.631,0.8392,0.95,22.5735,3.3195,3719517.1403
688349.SH,2023-06-28,31.23,31.47,30.8,31.16,31.27,-0.11,-0.3518,20788.31,64684.283,1.1266,1.25,22.4941,3.3078,3706432.8139
688349.SH,2023-06-29,31.21,31.59,31.0,31.2,31.16,0.04,0.1284,13388.24,41776.002,0.7256,0.76,22.523,3.3121,3711190.7508
688349.SH,2023-06-30,31.32,32.72,31.2,32.22,31.2,1.02,3.2692,32457.5,104630.982,1.759,1.91,23.2593,3.4203,3832518.1407
688349.SH,2023-07-03,32.57,32.6,31.91,32.38,32.22,0.16,0.4966,20522.5,66264.6,1.1122,0.99,23.3748,3.4373,3851549.8882
688349.SH,2023-07-04,32.5,32.5,31.76,31.83,32.38,-0.55,-1.6986,19308.76,61758.123,1.0464,0.94,22.9778,3.3789,3786128.2563
688349.SH,2023-07-05,31.88,32.05,31.5,31.92,31.83,0.09,0.2828,11531.71,36705.305,0.625,0.54,23.0428,3.3885,3796833.6143
688349.SH,2023-07-06,32.0,32.03,31.35,31.39,31.92,-0.53,-1.6604,12064.82,38040.196,0.6538,0.62,22.6602,3.3322,3733790.9509
688349.SH,2023-07-07,31.46,31.92,30.92,31.33,31.39,-0.06,-0.1911,10722.61,33775.671,0.5811,0.56,22.6168,3.3259,3726654.0456
688349.SH,2023-07-10,31.36,31.76,31.31,31.56,31.33,0.23,0.7341,8844.26,27901.082,0.4793,0.6,22.7829,3.3503,3754012.1825
688349.SH,2023-07-11,31.59,32.55,31.52,32.36,31.56,0.8,2.5349,19693.54,63328.569,1.0673,1.58,23.6753,3.4737,3901066.0045
688349.SH,2023-07-12,32.36,32.36,31.64,31.65,32.36,-0.71,-2.1941,10204.97,32578.553,0.5531,0.81,23.1559,3.3975,3815474.0125
688349.SH,2023-07-13,31.81,32.11,31.48,31.99,31.65,0.34,1.0742,9477.92,30196.688,0.5137,0.77,23.4046,3.434,3856461.727
688349.SH,2023-07-14,31.95,31.95,31.43,31.45,31.99,-0.54,-1.688,8225.0,25972.456,0.4458,0.7,23.0096,3.376,3791363.5922
688349.SH,2023-07-17,31.35,31.9,31.3,31.42,31.45,-0.03,-0.0954,11185.58,35263.068,0.6062,0.99,22.9876,3.3728,3787747.0291
688349.SH,2023-07-18,31.42,32.16,31.41,31.95,31.42,0.53,1.6868,18482.48,58928.024,1.0017,1.57,23.3754,3.4297,3851639.6429
688349.SH,2023-07-19,32.12,32.12,31.71,31.78,31.95,-0.17,-0.5321,12726.2,40524.314,0.6897,1.11,23.251,3.4115,3831145.7857
688349.SH,2023-07-20,31.85,32.35,31.38,31.66,31.78,-0.12,-0.3776,14952.21,47749.045,0.8103,1.24,23.1632,3.3986,3816679.5335
688349.SH,2023-07-21,31.88,32.2,31.66,31.9,31.66,0.24,0.7581,22269.77,71214.806,1.2069,1.7,23.3388,3.4243,3845612.0379
688349.SH,2023-07-24,32.1,32.26,31.6,31.79,31.9,-0.11,-0.3448,12904.63,41142.313,0.6994,0.81,23.2583,3.4125,3832351.3067
688349.SH,2023-07-25,32.06,32.42,31.87,32.16,31.79,0.37,1.1639,11330.6,36497.08,0.6141,0.7,23.529,3.4522,3876955.5842
688349.SH,2023-07-26,32.39,32.39,31.84,31.98,32.16,-0.18,-0.5597,8567.52,27450.542,0.4643,0.58,23.3973,3.4329,3855256.206
688349.SH,2023-07-27,32.08,32.9,31.79,32.52,31.98,0.54,1.6886,20403.83,66303.73,1.1058,1.46,23.7924,3.4909,3920354.3408
688349.SH,2023-07-28,32.67,32.67,31.01,31.47,32.52,-1.05,-3.2288,27647.91,87309.865,1.4984,1.83,23.0242,3.3782,3793774.6342
688349.SH,2023-07-31,31.51,32.59,31.47,32.56,31.47,1.09,3.4636,25865.35,83472.036,1.4018,1.6,23.8217,3.4952,3925176.4248
688349.SH,2023-08-01,32.97,32.97,31.98,32.06,32.56,-0.5,-1.5356,19869.62,63952.18,1.0768,1.06,23.4558,3.4415,3864900.3741
688349.SH,2023-08-02,32.06,32.12,31.41,31.58,32.06,-0.48,-1.4972,15465.7,48940.474,0.8382,0.76,23.1047,3.39,3807035.3654
688349.SH,2023-08-03,31.58,32.2,31.37,32.09,31.58,0.51,1.6149,12263.79,39004.691,0.6646,0.56,23.4778,3.4447,3868516.9371
688349.SH,2023-08-04,31.91,32.57,31.91,32.39,32.09,0.3,0.9349,26275.8,84928.136,1.424,1.3,23.6973,3.4769,3904682.5676
688349.SH,2023-08-07,32.16,32.36,31.72,32.1,32.39,-0.29,-0.8953,12019.01,38424.733,0.6514,0.6,23.4851,3.4458,3869722.4582
688349.SH,2023-08-08,31.91,32.34,31.74,31.77,32.1,-0.33,-1.028,12350.85,39451.283,0.6694,0.72,23.2437,3.4104,3829940.2647
688349.SH,2023-08-09,31.71,31.86,31.45,31.85,31.77,0.08,0.2518,6815.21,21552.861,0.3693,0.43,23.3022,3.419,3839584.4328
688349.SH,2023-08-10,31.8,32.21,31.68,32.11,31.85,0.26,0.8163,10040.81,32157.408,0.5442,0.72,23.4924,3.4469,3870927.9792
688349.SH,2023-08-11,32.29,32.57,31.81,31.87,32.11,-0.24,-0.7474,19371.76,62309.88,1.0498,1.43,23.3168,3.4211,3841995.4748
688349.SH,2023-08-14,31.77,32.05,31.2,31.99,31.87,0.12,0.3765,12029.7,38031.656,0.6519,0.99,23.4046,3.434,3856461.727
688349.SH,2023-08-15,31.99,32.22,31.4,31.69,31.99,-0.3,-0.9378,14139.32,44987.876,0.7663,1.17,23.1851,3.4018,3820296.0965
688349.SH,2023-08-16,31.57,31.88,31.4,31.5,31.69,-0.19,-0.5996,15681.77,49497.57,0.8499,1.26,23.0461,3.3814,3797391.1973
688349.SH,2023-08-17,31.34,31.76,31.34,31.5,31.5,0.0,0.0,7565.41,23854.483,0.41,0.53,23.0461,3.3814,3797391.1973
688349.SH,2023-08-18,31.85,31.97,31.4,31.5,31.5,0.0,0.0,12061.95,38167.4,0.6537,0.88,23.0461,3.3814,3797391.1973
688349.SH,2023-08-21,31.79,31.89,31.36,31.44,31.5,-0.06,-0.1905,16292.37,51452.908,0.883,1.33,23.0022,3.375,3790158.0712
688349.SH,2023-08-22,31.33,31.69,31.06,31.15,31.44,-0.29,-0.9224,15680.79,49078.476,0.8498,1.19,22.7901,3.3438,3755197.9617
688349.SH,2023-08-23,31.0,31.08,30.35,30.4,31.15,-0.75,-2.4077,10981.06,33499.172,0.5951,0.82,22.2414,3.2633,3664783.8856
688349.SH,2023-08-24,30.39,31.39,30.38,30.65,30.4,0.25,0.8224,16082.3,49613.977,0.8716,1.28,22.4243,3.2902,3694921.911
688349.SH,2023-08-25,30.65,30.9,29.9,30.0,30.65,-0.65,-2.1207,22339.94,67932.59,1.2107,1.57,21.9487,3.2204,3616563.045
688349.SH,2023-08-28,31.54,31.76,30.3,30.46,30.0,0.46,1.5333,24233.84,75008.386,1.3133,1.49,22.2853,3.2698,3672017.0117
688349.SH,2023-08-29,30.3,31.15,30.3,30.7,30.46,0.24,0.7879,22414.65,69047.09,1.2148,1.25,22.4608,3.2955,3700949.5161
688349.SH,2023-08-30,31.11,31.23,30.5,30.77,30.7,0.07,0.228,15232.08,47100.367,0.8255,0.79,22.5121,3.303,3709388.1632
688349.SH,2023-08-31,30.61,30.87,29.56,30.1,30.77,-0.67,-2.1774,22827.14,68383.489,1.2371,1.14,22.0219,3.2311,3628618.2552
688349.SH,2023-09-01,30.36,31.28,29.65,30.95,30.1,0.85,2.8239,16276.82,49586.103,0.8821,0.76,22.6437,3.212,3731087.5414
688349.SH,2023-09-04,30.95,31.65,30.78,31.55,30.95,0.6,1.9386,20443.28,64053.741,1.1079,1.01,23.0827,3.2743,3803418.8023
688349.SH,2023-09-05,31.31,31.63,30.98,31.0,31.55,-0.55,-1.7433,15554.04,48555.087,0.8429,0.8,22.6803,3.2172,3737115.1465
688349.SH,2023-09-06,30.9,31.08,30.65,30.71,31.0,-0.29,-0.9355,16130.82,49695.809,0.8742,0.89,22.4682,3.1871,3702155.0371
688349.SH,2023-09-07,30.9,30.9,30.45,30.55,30.71,-0.16,-0.521,13631.39,41707.816,0.7387,0.75,22.3511,3.1705,3682866.7008
688349.SH,2023-09-08,30.37,31.05,30.37,30.86,30.55,0.31,1.0147,7886.75,24247.258,0.4274,0.48,22.5779,3.2027,3720237.8523
688349.SH,2023-09-11,30.99,31.24,30.8,31.02,30.86,0.16,0.5185,7464.96,23141.936,0.4046,0.51,22.695,3.2193,3739526.1885
688349.SH,2023-09-12,31.01,31.14,30.75,30.75,31.02,-0.27,-0.8704,5965.0,18449.67,0.3233,0.49,22.4974,3.1913,3706977.1211
688349.SH,2023-09-13,30.88,30.88,30.04,30.21,30.75,-0.54,-1.7561,9784.63,29680.074,0.5303,0.96,22.1023,3.1352,3641878.9863
688349.SH,2023-09-14,30.04,30.44,29.74,30.03,30.21,-0.18,-0.5958,13827.23,41355.867,0.7494,1.55,21.9707,3.1166,3620179.608
688349.SH,2023-09-15,30.16,30.49,29.72,30.49,30.03,0.46,1.5318,14168.18,42602.339,0.7678,1.58,22.3072,3.1643,3675633.5747
688349.SH,2023-09-18,30.4,30.68,29.83,30.12,30.49,-0.37,-1.2135,15493.83,46724.891,0.8397,1.51,22.0365,3.1259,3631029.2972
688349.SH,2023-09-19,30.14,30.14,29.78,30.07,30.12,-0.05,-0.166,7991.54,23935.436,0.4331,0.67,21.9999,3.1207,3625001.6921
688349.SH,2023-09-20,29.81,30.13,29.77,29.97,30.07,-0.1,-0.3326,5846.99,17531.373,0.3169,0.48,21.9268,3.1103,3612946.482
688349.SH,2023-09-21,29.85,30.22,29.47,29.9,29.97,-0.07,-0.2336,11883.68,35426.254,0.644,1.04,21.8755,3.1031,3604507.8349
688349.SH,2023-09-22,30.01,30.25,29.59,30.15,29.9,0.25,0.8361,9663.06,28979.713,0.5237,0.87,22.0584,3.129,3634645.8602
688349.SH,2023-09-25,30.02,30.37,30.02,30.18,30.15,0.03,0.0995,10078.26,30422.179,0.5462,0.99,22.0804,3.1321,3638262.4233
688349.SH,2023-09-26,30.18,30.46,30.0,30.36,30.18,0.18,0.5964,7748.41,23442.702,0.4199,0.85,22.2121,3.1508,3659961.8015
688349.SH,2023-09-27,30.4,31.19,30.25,30.83,30.36,0.47,1.5481,14300.95,44171.966,0.775,1.58,22.556,3.1996,3716621.2892
688349.SH,2023-09-28,30.76,30.9,29.91,30.03,30.83,-0.8,-2.5949,18613.29,56423.078,1.0087,1.73,21.9707,3.1166,3620179.608
688349.SH,2023-10-09,30.15,30.84,29.7,30.45,30.03,0.42,1.3986,14586.29,44234.531,0.7905,1.21,22.2779,3.1601,3670811.4907
688349.SH,2023-10-10,30.7,30.85,30.25,30.45,30.45,0.0,0.0,10791.8,32970.611,0.5849,0.83,22.2779,3.1601,3670811.4907
688349.SH,2023-10-11,30.68,30.7,30.06,30.14,30.45,-0.31,-1.0181,9380.44,28439.964,0.5084,0.71,22.0511,3.128,3633440.3392
688349.SH,2023-10-12,30.26,30.65,30.2,30.44,30.14,0.3,0.9954,8494.56,25840.915,0.4604,0.63,22.2706,3.1591,3669605.9697
688349.SH,2023-10-13,30.96,30.96,30.21,30.6,30.44,0.16,0.5256,9194.01,28037.883,0.4983,0.74,22.3877,3.1757,3688894.3059
688349.SH,2023-10-16,30.49,30.7,30.03,30.28,30.6,-0.32,-1.0458,10625.55,32118.527,0.5758,1.01,22.1536,3.1425,3650317.6334
688349.SH,2023-10-17,30.32,30.65,30.17,30.55,30.28,0.27,0.8917,8890.95,27099.572,0.4818,0.92,22.3511,3.1705,3682866.7008
688349.SH,2023-10-18,30.47,30.58,30.13,30.2,30.55,-0.35,-1.1457,7168.54,21669.697,0.3885,0.77,22.095,3.1342,3640673.4653
688349.SH,2023-10-19,30.11,30.37,29.17,29.63,30.2,-0.57,-1.8874,9641.45,28585.615,0.5225,1.09,21.678,3.075,3571958.7674
688349.SH,2023-10-20,29.83,30.46,29.3,29.91,29.63,0.28,0.945,16661.33,50128.986,0.903,1.83,21.8829,3.1041,3605713.3559
688349.SH,2023-10-23,30.0,30.31,29.52,29.83,29.91,-0.08,-0.2675,13622.87,40777.285,0.7383,1.29,21.8243,3.0958,3596069.1877
688349.SH,2023-10-24,30.12,30.57,29.9,30.16,29.83,0.33,1.1063,16514.35,49796.666,0.895,1.47,22.0658,3.13,3635851.3812
688349.SH,2023-10-25,30.48,30.48,29.97,30.06,30.16,-0.1,-0.3316,10887.48,32767.74,0.59,0.86,21.9926,3.1197,3623796.1711
688349.SH,2023-10-26,30.15,30.25,29.71,30.16,30.06,0.1,0.3327,9762.18,29318.707,0.5291,0.72,22.0658,3.13,3635851.3812
688349.SH,2023-10-27,30.21,30.24,29.93,30.1,30.16,-0.06,-0.1989,12056.81,36324.017,0.6534,0.89,22.0219,3.1238,3628618.2552
688349.SH,2023-10-30,29.96,30.1,29.36,29.52,30.1,-0.58,-1.9269,19081.57,56424.323,1.0341,1.52,21.5975,3.0215,3558698.0363
688349.SH,2023-10-31,29.58,29.69,29.33,29.5,29.52,-0.02,-0.0678,10129.79,29860.222,0.549,0.74,21.5829,3.0195,3556286.9943
688349.SH,2023-11-01,29.5,30.17,29.43,29.78,29.5,0.28,0.9492,15409.38,46068.954,0.8351,1.24,21.7877,3.0482,3590041.5827
688349.SH,2023-11-02,29.89,29.99,29.68,29.76,29.78,-0.02,-0.0672,8034.96,24004.352,0.4355,0.6,21.7731,3.0461,3587630.5406
688349.SH,2023-11-03,29.77,30.13,29.68,29.68,29.76,-0.08,-0.2688,11253.49,33599.342,0.6099,0.87,21.7146,3.0379,3577986.3725
688349.SH,2023-11-06,29.9,30.22,29.82,29.98,29.68,0.3,1.0108,12195.71,36603.782,0.6609,0.95,21.9341,3.0686,3614152.003
688349.SH,2023-11-07,30.04,30.09,29.68,29.88,29.98,-0.1,-0.3336,7827.47,23378.701,0.4242,0.69,21.8609,3.0584,3602096.7928
688349.SH,2023-11-08,30.0,30.07,29.27,29.4,29.88,-0.48,-1.6064,21519.17,63501.427,1.1662,1.97,21.5097,3.0093,3544231.7841
688349.SH,2023-11-09,29.51,29.64,29.02,29.63,29.4,0.23,0.7823,17101.52,50239.534,0.9268,1.41,21.678,3.0328,3571958.7674
688349.SH,2023-11-10,29.63,29.71,29.21,29.6,29.63,-0.03,-0.1012,8648.25,25461.717,0.4687,0.62,21.6561,3.0297,3568342.2044
688349.SH,2023-11-13,29.7,29.7,29.28,29.66,29.6,0.06,0.2027,8578.3,25287.217,0.4649,0.64,21.7,3.0359,3575575.3305
688349.SH,2023-11-14,29.57,29.86,29.55,29.77,29.66,0.11,0.3709,11250.01,33449.395,0.6097,0.88,21.7804,3.0471,3588836.0617
688349.SH,2023-11-15,29.99,30.2,29.51,29.59,29.77,-0.18,-0.6046,18141.46,54000.418,0.9832,1.35,21.6487,3.0287,3567136.6834
688349.SH,2023-11-16,29.68,29.68,29.31,29.37,29.59,-0.22,-0.7435,9160.82,26941.675,0.4965,0.72,21.4878,3.0062,3540615.2211
688349.SH,2023-11-17,29.31,29.49,29.21,29.27,29.37,-0.1,-0.3405,7991.34,23427.635,0.4331,0.72,21.4146,2.996,3528560.0109
688349.SH,2023-11-20,29.31,29.5,28.97,29.21,29.27,-0.06,-0.205,18063.78,52645.323,0.979,1.64,21.3707,2.9898,3521326.8848
688349.SH,2023-11-21,29.27,29.3,29.0,29.15,29.21,-0.06,-0.2054,14295.2,41689.084,0.7747,1.11,21.3268,2.9837,3514093.7587
688349.SH,2023-11-22,29.06,29.06,28.4,28.86,29.15,-0.29,-0.9949,19238.59,55341.799,1.0426,1.42,21.1147,2.954,3479133.6493
688349.SH,2023-11-23,28.76,28.9,28.47,28.7,28.86,-0.16,-0.5544,12740.33,36548.664,0.6905,0.93,20.9976,2.9376,3459845.3131
688349.SH,2023-11-24,28.7,28.81,28.42,28.74,28.7,0.04,0.1394,10771.62,30852.518,0.5838,0.74,21.0269,2.9417,3464667.3971
688349.SH,2023-11-27,29.06,29.48,28.78,29.3,28.74,0.56,1.9485,33144.09,96967.493,1.7962,2.21,21.4366,2.999,3532176.574
688349.SH,2023-11-28,29.37,29.79,29.01,29.65,29.3,0.35,1.1945,24875.99,73467.059,1.3481,1.38,21.6926,3.0349,3574369.8095
688349.SH,2023-11-29,29.56,29.75,29.24,29.3,29.65,-0.35,-1.1804,17513.0,51699.352,0.9491,0.87,21.4366,2.999,3532176.574
688349.SH,2023-11-30,29.38,29.48,29.18,29.32,29.3,0.02,0.0683,12255.13,35998.352,0.6642,0.62,21.4512,3.0011,3534587.616
688349.SH,2023-12-01,29.32,29.6,29.25,29.38,29.32,0.06,0.2046,11894.66,34985.926,0.6446,0.6,21.4951,3.0072,3541820.7421
688349.SH,2023-12-04,29.35,29.68,27.9,28.47,29.38,-0.91,-3.0973,33349.58,95959.299,1.8074,1.67,20.8293,2.9141,3432118.3297
688349.SH,2023-12-05,28.51,29.28,28.41,28.44,28.47,-0.03,-0.1054,26099.31,75155.97,1.4144,1.31,20.8074,2.911,3428501.7667
688349.SH,2023-12-06,28.28,29.05,28.13,28.32,28.44,-0.12,-0.4219,37451.11,107356.697,2.0297,1.85,20.7196,2.8987,3414035.5145
688349.SH,2023-12-07,28.25,28.4,27.56,27.73,28.32,-0.59,-2.0833,46300.89,129055.667,2.5093,1.91,20.2879,2.8383,3342909.7746
688349.SH,2023-12-08,27.82,28.49,27.4,27.56,27.73,-0.17,-0.6131,67035.92,186512.084,3.633,2.16,20.1635,2.8209,3322415.9173
688349.SH,2023-12-11,27.66,28.78,27.56,28.56,27.56,1.0,3.6284,33054.82,92959.61,1.7914,0.79,20.8952,2.9233,3442968.0188
688349.SH,2023-12-12,28.86,28.86,28.28,28.49,28.56,-0.07,-0.2451,11338.83,32280.883,0.6145,0.27,20.844,2.9161,3434529.3717
688349.SH,2023-12-13,28.44,28.44,27.93,28.0,28.49,-0.49,-1.7199,11863.1,33326.087,0.6429,0.3,20.4855,2.866,3375458.842
688349.SH,2023-12-14,28.11,28.56,28.01,28.34,28.0,0.34,1.2143,12194.56,34643.133,0.6609,0.36,20.7342,2.9008,3416446.5565
688349.SH,2023-12-15,28.17,28.86,28.17,28.33,28.34,-0.01,-0.0353,10121.53,28910.684,0.5485,0.37,20.7269,2.8997,3415241.0355
688349.SH,2023-12-18,28.3,28.61,28.02,28.28,28.33,-0.05,-0.1765,9045.95,25572.545,0.4902,0.58,20.6903,2.8946,3409213.4304
688349.SH,2023-12-19,28.14,28.52,28.05,28.43,28.28,0.15,0.5304,7525.36,21310.458,0.4078,0.69,20.8001,2.91,3427296.2456
688349.SH,2023-12-20,28.56,28.65,28.06,28.16,28.43,-0.27,-0.9497,10625.32,30112.227,0.5758,1.05,20.6025,2.8823,3394747.1782
688349.SH,2023-12-21,28.32,28.46,28.06,28.34,28.16,0.18,0.6392,11825.54,33394.709,0.6409,1.19,20.7342,2.9008,3416446.5565
688349.SH,2023-12-22,28.23,28.73,27.5,28.51,28.34,0.17,0.5999,18182.72,51249.935,0.9854,1.85,20.8586,2.9182,3436940.4138
688349.SH,2023-12-25,28.51,28.99,28.5,28.82,28.51,0.31,1.0873,12667.54,36521.684,0.6865,1.11,21.0854,2.9499,3474311.5652
688349.SH,2023-12-26,28.83,28.91,28.59,28.62,28.82,-0.2,-0.694,7345.19,21123.722,0.3981,0.6,20.9391,2.9294,3450201.1449
688349.SH,2023-12-27,28.61,28.88,28.18,28.37,28.62,-0.25,-0.8735,8674.91,24678.773,0.4701,0.72,20.7562,2.9038,3420063.1196
688349.SH,2023-12-28,28.28,29.07,28.19,28.7,28.37,0.33,1.1632,19786.46,56748.148,1.0723,1.69,20.9976,2.9376,3459845.3131
688349.SH,2023-12-29,28.63,28.9,28.31,28.62,28.7,-0.08,-0.2787,17283.08,49466.956,0.9367,1.3,20.9391,2.9294,3450201.1449
688349.SH,2024-01-02,28.36,28.74,28.19,28.2,28.62,-0.42,-1.4675,13474.96,38278.13,0.7303,1.02,20.6318,2.8864,3399569.2623
688349.SH,2024-01-03,28.14,28.43,28.05,28.1,28.2,-0.1,-0.3546,13226.71,37320.89,0.7168,0.99,20.5586,2.8762,3387514.0522
688349.SH,2024-01-04,28.34,28.34,27.68,27.82,28.1,-0.28,-0.9964,12004.63,33471.797,0.6506,0.83,20.3538,2.8475,3353759.4637
688349.SH,2024-01-05,27.8,28.06,27.44,27.45,27.82,-0.37,-1.33,13491.48,37262.755,0.7312,0.89,20.0831,2.8097,3309155.1862
688349.SH,2024-01-08,27.45,27.45,26.63,26.63,27.45,-0.82,-2.9872,21012.09,56753.353,1.1387,1.51,19.4831,2.7257,3210302.4629
688349.SH,2024-01-09,26.76,26.9,26.26,26.68,26.63,0.05,0.1878,19727.22,52354.361,1.0691,1.35,19.5197,2.7309,3216330.068
688349.SH,2024-01-10,26.7,26.81,25.92,25.92,26.68,-0.76,-2.8486,23709.79,62217.815,1.2849,1.49,18.9637,2.6531,3124710.4709
688349.SH,2024-01-11,25.85,26.35,25.71,25.83,25.92,-0.09,-0.3472,24244.26,62937.861,1.3139,1.35,18.8978,2.6439,3113860.7817
688349.SH,2024-01-12,25.98,25.98,25.26,25.6,25.83,-0.23,-0.8904,23248.29,59488.217,1.2599,1.14,18.7296,2.6203,3086133.7984
688349.SH,2024-01-15,25.51,25.85,25.3,25.34,25.6,-0.26,-1.0156,15415.49,39252.281,0.8354,0.69,18.5393,2.5937,3054790.252
688349.SH,2024-01-16,25.29,25.4,24.75,25.24,25.34,-0.1,-0.3946,18594.93,46554.175,1.0077,0.87,18.4662,2.5835,3042735.0419
688349.SH,2024-01-17,25.26,25.42,24.79,24.8,25.24,-0.44,-1.7433,8571.81,21560.483,0.4645,0.41,18.1443,2.5384,2989692.1172
688349.SH,2024-01-18,24.74,25.2,24.29,25.13,24.8,0.33,1.3306,21583.89,53337.75,1.1697,1.2,18.3857,2.5722,3029474.3107
688349.SH,2024-01-19,25.22,25.34,24.79,24.81,25.13,-0.32,-1.2734,12226.25,30565.453,0.6626,0.7,18.1516,2.5394,2990897.6382
688349.SH,2024-01-22,24.78,25.07,23.88,23.96,24.81,-0.85,-3.426,13355.13,32800.435,0.7238,0.87,17.5297,2.4524,2888428.3519
688349.SH,2024-01-23,23.96,24.57,23.62,24.35,23.96,0.39,1.6277,14694.8,35611.044,0.7964,0.99,17.815,2.4924,2935443.6715
688349.SH,2024-01-24,24.28,24.54,23.6,24.47,24.35,0.12,0.4928,14516.05,34902.618,0.7867,1.03,17.9028,2.5046,2949909.9237
688349.SH,2024-01-25,24.26,25.14,24.21,25.12,24.47,0.65,2.6563,15105.48,37549.78,0.8186,0.99,18.3784,2.5712,3028268.7897
688349.SH,2024-01-26,25.08,25.55,24.94,25.53,25.12,0.41,1.6322,14215.46,35915.854,0.7704,1.02,18.6783,2.6131,3077695.1513
688349.SH,2024-01-29,25.74,25.89,25.1,25.2,25.53,-0.33,-1.2926,16622.12,42514.004,0.9008,1.16,18.4369,2.5794,3037912.9578
688349.SH,2024-01-30,25.04,25.23,24.42,24.75,25.2,-0.45,-1.7857,17400.56,43257.339,0.943,1.16,18.1077,2.5333,2983664.5121
688349.SH,2024-01-31,24.58,25.48,24.21,25.15,24.75,0.4,1.6162,20754.07,51735.703,1.1248,1.33,18.4003,2.5743,3031885.3527
688349.SH,2024-02-01,25.07,25.07,23.76,24.32,25.15,-0.83,-3.3002,32644.94,79021.561,1.7692,1.94,17.7931,2.4893,2931827.1085
688349.SH,2024-02-02,24.32,24.37,22.4,24.0,24.32,-0.32,-1.3158,37293.8,87541.318,2.0211,1.83,17.559,2.4565,2893250.436
688349.SH,2024-02-05,24.07,26.88,22.15,25.4,24.0,1.4,5.8333,59094.99,143848.552,3.2026,2.37,18.5832,2.5998,3062023.3781
688349.SH,2024-02-06,25.1,26.75,24.65,26.25,25.4,0.85,3.3465,39971.5,104280.335,2.1662,1.2,19.2051,2.6868,3164492.6644
688349.SH,2024-02-07,26.35,27.49,26.13,27.0,26.25,0.75,2.8571,80699.78,217679.498,4.3735,2.13,19.7538,2.7636,3254906.7405
688349.SH,2024-02-08,27.5,28.99,27.0,27.2,27.0,0.2,0.7407,88121.15,247253.166,4.7757,1.76,19.9002,2.7841,3279017.1608
688349.SH,2024-02-19,27.5,27.5,25.15,25.71,27.2,-1.49,-5.4779,67230.3,174151.666,3.6435,1.1,18.81,2.6316,3099394.5296
688349.SH,2024-02-20,25.73,25.92,24.97,25.7,25.71,-0.01,-0.0389,42679.15,107896.687,2.313,0.64,18.8027,2.6305,3098189.0086
688349.SH,2024-02-21,25.5,26.2,25.15,25.63,25.7,-0.07,-0.2724,28376.75,72983.38,1.5379,0.45,18.7515,2.6234,3089750.3614
688349.SH,2024-02-22,25.5,25.88,25.0,25.75,25.63,0.12,0.4682,39235.53,99460.732,2.1264,0.64,18.8393,2.6357,3104216.6136
688349.SH,2024-02-23,25.56,25.82,25.3,25.7,25.75,-0.05,-0.1942,28596.57,72891.589,1.5498,0.54,18.8027,2.6305,3098189.0086
688349.SH,2024-02-26,26.88,26.95,26.06,26.43,25.7,0.73,2.8405,30381.59,80372.164,1.6465,0.74,19.3368,2.4982,3186192.0426
688349.SH,2024-02-27,26.49,26.93,26.3,26.73,26.43,0.3,1.1351,37663.13,99927.527,2.0411,1.11,19.5563,2.5265,3222357.6731
688349.SH,2024-02-28,26.73,27.08,26.57,26.78,26.73,0.05,0.1871,36097.22,96765.569,1.9563,1.1,19.5929,2.5313,3228385.2782
688349.SH,2024-02-29,26.48,27.78,26.43,27.76,26.78,0.98,3.6594,32133.64,87457.877,1.7415,0.93,20.3099,2.6239,3346526.3376
688349.SH,2024-03-01,27.5,27.9,27.3,27.83,27.76,0.07,0.2522,24048.32,66428.964,1.3033,0.73,20.3611,2.6305,3354964.9847
688349.SH,2024-03-04,27.98,28.29,27.4,27.67,27.83,-0.16,-0.5749,24495.97,68138.45,1.3276,0.76,20.244,2.6154,3335676.6485
688349.SH,2024-03-05,27.81,28.46,27.55,28.15,27.67,0.48,1.7347,27300.96,76537.95,1.4796,0.88,20.5952,2.6608,3393541.6572
688349.SH,2024-03-06,28.3,29.28,28.0,28.6,28.15,0.45,1.5986,20336.92,58183.724,1.1022,0.71,20.9244,2.7033,3447790.1029
688349.SH,2024-03-07,28.99,28.99,28.0,28.0,28.6,-0.6,-2.0979,17395.72,49222.756,0.9428,0.68,20.4855,2.6466,3375458.842
688349.SH,2024-03-08,28.35,28.44,27.92,28.34,28.0,0.34,1.2143,12028.29,33928.072,0.6519,0.53,20.7342,2.6787,3416446.5565
688349.SH,2024-03-11,28.45,28.87,28.2,28.86,28.34,0.52,1.8349,18381.81,52465.087,0.9962,0.9,21.1147,2.7279,3479133.6493
688349.SH,2024-03-12,28.9,29.0,28.52,28.61,28.86,-0.25,-0.8663,14916.76,42948.708,0.8084,0.78,20.9317,2.7042,3448995.6239
688349.SH,2024-03-13,28.85,28.98,28.5,28.82,28.61,0.21,0.734,10829.97,31158.391,0.5869,0.65,21.0854,2.7241,3474311.5652
688349.SH,2024-03-14,28.75,29.35,28.68,29.21,28.82,0.39,1.3532,16751.81,48833.938,0.9079,1.14,21.3707,2.7609,3521326.8848
688349.SH,2024-03-15,29.01,29.64,29.01,29.64,29.21,0.43,1.4721,18644.99,54665.71,1.0105,1.28,21.6853,2.8016,3573164.2885
688349.SH,2024-03-18,29.12,29.68,28.88,29.15,29.64,-0.49,-1.6532,16029.15,46615.163,0.8687,1.01,21.3268,2.7553,3514093.7587
688349.SH,2024-03-19,29.05,29.32,28.8,29.09,29.15,-0.06,-0.2058,16295.62,47332.844,0.8831,1.06,21.2829,2.7496,3506860.6326
688349.SH,2024-03-20,29.11,29.27,28.91,29.03,29.09,-0.06,-0.2063,9771.23,28362.475,0.5295,0.62,21.239,2.7439,3499627.5065
688349.SH,2024-03-21,28.83,29.21,28.48,28.55,29.03,-0.48,-1.6535,11711.14,33571.056,0.6347,0.76,20.8879,2.6986,3441762.4978
688349.SH,2024-03-22,28.5,28.73,28.0,28.01,28.55,-0.54,-1.8914,12346.69,34866.395,0.6691,0.85,20.4928,2.6475,3376664.363
688349.SH,2024-03-25,27.88,28.48,27.82,28.19,28.01,0.18,0.6426,14026.67,39705.911,0.7602,1.06,20.6245,2.6645,3398363.7413
688349.SH,2024-03-26,28.41,28.49,27.83,28.45,28.19,0.26,0.9223,14285.25,40202.442,0.7742,1.11,20.8147,2.6891,3429707.2877
688349.SH,2024-03-27,28.44,28.54,27.66,27.67,28.45,-0.78,-2.7417,9556.36,26789.466,0.5179,0.77,20.244,2.6154,3335676.6485
688349.SH,2024-03-28,27.5,27.99,27.01,27.28,27.67,-0.39,-1.4095,19891.85,54670.456,1.078,1.61,19.9587,2.5785,3288661.3289
688349.SH,2024-03-29,27.32,27.69,27.19,27.58,27.28,0.3,1.0997,11289.22,30975.663,0.6118,0.81,20.1782,2.6069,3324826.9594
688349.SH,2024-04-01,27.8,28.52,27.52,28.47,27.58,0.89,3.227,26398.56,74076.11,1.4307,1.91,20.8293,2.691,3432118.3297
688349.SH,2024-04-02,29.19,29.5,28.73,29.0,28.47,0.53,1.8616,29309.1,85571.272,1.5884,1.8,21.2171,2.7411,3496010.9435
688349.SH,2024-04-03,28.74,28.78,28.15,28.33,29.0,-0.67,-2.3103,17657.72,50149.23,0.957,0.92,20.7269,2.6778,3415241.0355
688349.SH,2024-04-08,28.28,28.73,27.89,27.93,28.33,-0.4,-1.4119,17575.26,49781.74,0.9525,0.84,20.4342,2.64,3367020.1949
688349.SH,2024-04-09,27.85,28.75,27.69,28.45,27.93,0.52,1.8618,12072.16,34264.835,0.6542,0.59,20.8147,2.6891,3429707.2877
688349.SH,2024-04-10,28.7,28.71,27.3,27.6,28.45,-0.85,-2.9877,19016.87,52756.257,1.0306,0.92,20.1928,2.6088,3327238.0014
688349.SH,2024-04-11,27.01,28.55,27.01,28.24,27.6,0.64,2.3188,15976.58,44994.009,0.8658,0.84,20.661,2.6693,3404391.3464
688349.SH,2024-04-12,28.01,28.34,27.5,27.5,28.24,-0.74,-2.6204,10553.53,29294.327,0.5719,0.64,20.1196,2.5993,3315182.7913
688349.SH,2024-04-15,27.3,28.87,27.3,28.31,27.5,0.81,2.9455,21895.72,62314.6,1.1866,1.46,20.7123,2.6759,3412829.9935
688349.SH,2024-04-16,28.23,28.87,27.89,27.89,28.31,-0.42,-1.4836,19980.65,56868.802,1.0828,1.26,20.405,2.6362,3362198.1108
688349.SH,2024-04-17,28.24,28.85,27.91,28.85,27.89,0.96,3.4421,14358.59,40874.837,0.7782,0.82,21.1073,2.7269,3477928.1283
688349.SH,2024-04-18,28.69,28.95,28.3,28.55,28.85,-0.3,-1.0399,16344.56,46664.169,0.8858,0.99,20.8879,2.6986,3441762.4978
688349.SH,2024-04-19,28.33,28.85,28.15,28.5,28.55,-0.05,-0.1751,23376.69,66592.144,1.2669,1.41,20.8513,2.6938,3435734.8928
688349.SH,2024-04-22,27.88,28.34,27.37,27.49,28.5,-1.01,-3.5439,23057.56,63976.25,1.2496,1.2,20.1123,2.5984,3313977.2702
688349.SH,2024-04-23,27.36,27.92,26.95,27.25,27.49,-0.24,-0.873,12591.89,34335.85,0.6824,0.65,19.9367,2.5757,3285044.7659
688349.SH,2024-04-24,27.0,27.3,26.62,27.02,27.25,-0.23,-0.844,14926.39,40236.064,0.8089,0.83,19.7685,2.5539,3257317.7825
688349.SH,2024-04-25,27.08,27.8,26.7,27.73,27.02,0.71,2.6277,23466.77,64350.168,1.2718,1.3,20.2879,2.6211,3342909.7746
688349.SH,2024-04-26,27.35,28.78,27.35,28.19,27.73,0.46,1.6589,35018.34,99052.322,1.8978,1.8,20.6245,2.6645,3398363.7413
688349.SH,2024-04-29,27.89,29.35,27.89,29.33,28.19,1.14,4.044,31385.56,91044.718,1.7009,1.44,21.4585,2.7723,3535793.137
688349.SH,2024-04-30,28.47,29.33,27.35,28.75,29.33,-0.58,-1.9775,57222.9,161712.288,3.1012,2.44,17.2729,2.7047,3465872.9181
688349.SH,2024-05-06,28.73,29.17,27.62,27.88,28.75,-0.87,-3.0261,41193.97,115620.123,2.2325,1.27,16.7502,2.6229,3360992.5898
688349.SH,2024-05-07,27.75,27.97,27.25,27.65,27.88,-0.23,-0.825,32244.22,88902.458,1.7475,0.86,16.612,2.6013,3333265.6065
688349.SH,2024-05-08,27.5,28.06,27.32,27.85,27.65,0.2,0.7233,23213.81,64589.264,1.2581,0.59,16.7322,2.6201,3357376.0268
688349.SH,2024-05-09,27.74,28.64,27.74,28.37,27.85,0.52,1.8671,28258.73,80244.104,1.5315,0.76,17.0446,2.669,3420063.1196
688349.SH,2024-05-10,28.42,28.69,27.73,28.24,28.37,-0.13,-0.4582,27673.57,77952.584,1.4998,0.76,16.9665,2.6568,3404391.3464
688349.SH,2024-05-13,28.54,28.54,27.5,28.27,28.24,0.03,0.1062,19681.54,55016.962,1.0666,0.64,16.9845,2.6596,3408007.9094
688349.SH,2024-05-14,28.29,28.6,28.06,28.25,28.27,-0.02,-0.0707,15409.14,43625.742,0.8351,0.59,16.9725,2.6577,3405596.8674
688349.SH,2024-05-15,28.27,28.57,27.9,27.96,28.25,-0.29,-1.0265,14715.32,41385.758,0.7975,0.64,16.7983,2.6304,3370636.7579
688349.SH,2024-05-16,28.26,28.26,27.51,27.62,27.96,-0.34,-1.216,18621.33,51820.064,1.0092,0.88,16.594,2.5984,3329649.0434
688349.SH,2024-05-17,27.48,28.05,27.48,27.93,27.62,0.31,1.1224,16317.88,45362.816,0.8843,0.85,16.7803,2.6276,3367020.1949
688349.SH,2024-05-20,27.67,28.39,27.22,28.33,27.93,0.4,1.4322,17314.62,48767.195,0.9384,1.02,17.0206,2.6652,3415241.0355
688349.SH,2024-05-21,28.14,28.2,27.87,27.92,28.33,-0.41,-1.4472,10030.15,28081.481,0.5436,0.61,16.7742,2.6267,3365814.6739
688349.SH,2024-05-22,27.52,28.18,27.52,27.98,27.92,0.06,0.2149,8924.16,24906.039,0.4836,0.58,16.8103,2.6323,3373047.8
688349.SH,2024-05-23,28.01,28.2,27.68,27.77,27.98,-0.21,-0.7505,11943.89,33262.149,0.6473,0.84,16.6841,2.6126,3347731.8587
688349.SH,2024-05-24,27.55,27.99,27.55,27.64,27.77,-0.13,-0.4681,11967.51,33186.051,0.6486,0.93,16.606,2.6003,3332060.0855
688349.SH,2024-05-27,27.61,28.0,27.43,27.99,27.64,0.35,1.2663,13814.16,38442.034,0.7487,1.15,16.8163,2.6332,3374253.321
688349.SH,2024-05-28,28.2,28.27,27.8,27.94,27.99,-0.05,-0.1786,11802.19,33081.552,0.6396,1.04,16.7863,2.6285,3368225.7159
688349.SH,2024-05-29,27.9,28.2,27.61,27.77,27.94,-0.17,-0.6084,12167.65,33980.553,0.6594,1.04,16.6841,2.6126,3347731.8587
688349.SH,2024-05-30,27.94,27.99,27.66,27.81,27.77,0.04,0.144,11892.52,33102.848,0.6445,0.96,16.7082,2.6163,3352553.9427
688349.SH,2024-05-31,27.8,28.16,27.55,27.89,27.81,0.08,0.2877,10568.97,29610.027,0.5728,0.86,16.7562,2.6238,3362198.1108
688349.SH,2024-06-03,28.06,28.06,27.34,27.7,27.89,-0.19,-0.6812,22524.34,62394.337,1.2207,1.87,16.6421,2.606,3339293.2116
688349.SH,2024-06-04,27.7,28.09,27.47,28.0,27.7,0.3,1.083,16271.51,45358.309,0.8818,1.18,16.8223,2.6342,3375458.842
688349.SH,2024-06-05,28.03,28.4,27.92,28.19,28.0,0.19,0.6786,12782.6,36090.494,0.6927,0.87,16.9365,2.6521,3398363.7413
688349.SH,2024-06-06,27.98,28.5,27.7,27.77,28.19,-0.42,-1.4899,15501.62,43648.306,0.8401,1.05,16.6841,2.6126,3347731.8587
688349.SH,2024-06-07,28.18,28.28,27.33,27.73,27.77,-0.04,-0.144,19741.51,54718.368,1.0699,1.27,16.6601,2.6088,3342909.7746
688349.SH,2024-06-11,27.32,27.85,27.2,27.65,27.73,-0.08,-0.2885,19918.61,54920.744,1.0795,1.15,16.612,2.6013,3333265.6065
688349.SH,2024-06-12,27.73,28.11,27.64,28.03,27.65,0.38,1.3743,15759.59,44026.313,0.8541,0.94,16.8403,2.637,3379075.405
688349.SH,2024-06-13,28.17,28.62,27.82,28.4,28.03,0.37,1.32,20893.06,59140.579,1.1323,1.25,17.0626,2.6718,3423679.6826
688349.SH,2024-06-14,28.4,29.38,28.01,29.1,28.4,0.7,2.4648,28105.16,81288.191,1.5231,1.53,17.4832,2.7377,3508066.1537
688349.SH,2024-06-17,28.98,28.98,27.72,27.83,29.1,-1.27,-4.3643,35845.05,101232.012,1.9426,1.72,16.7202,2.6182,3354964.9847
688349.SH,2024-06-18,27.83,27.93,26.13,26.28,27.83,-1.55,-5.5695,40179.35,108248.467,2.1775,1.67,15.7889,2.4724,3168109.2274
688349.SH,2024-06-19,26.0,26.0,24.49,25.07,25.69,-0.62,-2.4134,61623.37,154558.045,3.3397,2.19,15.062,2.4961,3022241.1846
688349.SH,2024-06-20,24.92,25.47,24.65,25.0,25.07,-0.07,-0.2792,27134.37,67882.602,1.4705,0.73,15.0199,2.4891,3013802.5375
688349.SH,2024-06-21,24.79,25.75,24.79,25.59,25.0,0.59,2.36,32834.5,83329.354,1.7795,0.85,15.3744,2.5479,3084928.2774
688349.SH,2024-06-24,25.4,25.8,24.98,25.23,25.59,-0.36,-1.4068,23207.88,59039.685,1.2326,0.59,15.1581,2.512,3041529.5208
688349.SH,2024-06-25,25.13,25.54,24.78,24.9,25.23,-0.33,-1.308,15770.75,39705.626,0.8376,0.43,14.9598,2.4792,3001747.3274
688349.SH,2024-06-26,24.87,25.27,24.69,25.11,24.9,0.21,0.8434,12398.19,31069.202,0.6585,0.39,15.086,2.5001,3027063.2687
688349.SH,2024-06-27,25.03,25.11,24.28,24.44,25.11,-0.67,-2.6683,11323.71,27848.029,0.6014,0.51,14.6835,2.4334,2946293.3607
688349.SH,2024-06-28,24.34,25.28,24.28,24.84,24.44,0.4,1.6367,13543.7,33831.063,0.7193,0.71,14.9238,2.4732,2994514.2013
688349.SH,2024-07-01,24.49,25.9,24.49,25.6,24.84,0.76,3.0596,18762.91,47676.988,0.9965,1.23,15.3804,2.5489,3086133.7984
688349.SH,2024-07-02,25.59,25.94,25.4,25.7,25.6,0.1,0.3906,12228.61,31418.985,0.6495,0.85,15.4405,2.5588,3098189.0086
688349.SH,2024-07-03,25.69,25.95,24.95,25.34,25.7,-0.36,-1.4008,20412.92,51668.309,1.0841,1.5,15.2242,2.523,3054790.252
688349.SH,2024-07-04,25.54,25.58,24.97,25.08,25.34,-0.26,-1.026,11793.02,29707.037,0.6263,0.77,15.068,2.4971,3023446.7056
688349.SH,2024-07-05,25.08,25.18,24.81,24.92,25.08,-0.16,-0.638,7597.07,18971.042,0.4035,0.49,14.9719,2.4812,3004158.3694
688349.SH,2024-07-08,24.7,24.97,24.49,24.75,24.92,-0.17,-0.6822,17106.78,42244.956,0.9086,1.21,14.8697,2.4642,2983664.5121
688349.SH,2024-07-09,24.55,24.79,23.9,24.19,24.75,-0.56,-2.2626,20673.65,50315.851,1.098,1.5,14.785,2.4459,2966671.7961
688349.SH,2024-07-10,24.03,24.38,23.73,24.05,24.19,-0.14,-0.5788,15968.54,38347.643,0.8481,1.03,14.6995,2.4318,2949502.1371
688349.SH,2024-07-11,24.2,24.9,24.12,24.69,24.05,0.64,2.6611,18931.19,46542.234,1.0055,1.29,15.0906,2.4965,3027992.0068
688349.SH,2024-07-12,24.71,25.16,24.53,24.73,24.69,0.04,0.162,12453.17,30866.125,0.6614,0.78,15.1151,2.5005,3032897.6237
688349.SH,2024-07-15,24.76,25.0,24.33,24.79,24.73,0.06,0.2426,14740.79,36373.595,0.7829,0.87,15.1518,2.5066,3040256.049
688349.SH,2024-07-16,24.6,24.97,24.45,24.46,24.79,-0.33,-1.3312,12873.22,31749.005,0.6837,0.78,14.9501,2.4732,2999784.7099
688349.SH,2024-07-17,24.4,24.53,23.42,23.82,24.46,-0.64,-2.6165,13809.34,32904.853,0.7334,0.92,14.5589,2.4085,2921294.8401
688349.SH,2024-07-18,23.82,24.18,23.52,24.11,23.82,0.29,1.2175,13790.02,32900.935,0.7324,0.95,14.7361,2.4378,2956860.5624
688349.SH,2024-07-19,23.98,24.21,23.86,23.88,24.11,-0.23,-0.954,14010.29,33619.309,0.7441,1.04,14.5956,2.4146,2928653.2654
688349.SH,2024-07-22,24.12,24.99,24.01,24.32,23.88,0.44,1.8425,18093.07,44319.854,0.9609,1.31,14.8645,2.4591,2982615.0509
688349.SH,2024-07-23,24.33,24.38,23.83,24.05,24.32,-0.27,-1.1102,15849.02,38134.044,0.8418,1.09,14.6995,2.4318,2949502.1371
688349.SH,2024-07-24,24.19,24.63,23.72,24.52,24.05,0.47,1.9543,17706.85,42928.737,0.9404,1.17,14.9867,2.4793,3007143.1352
688349.SH,2024-07-25,24.68,26.65,24.26,26.07,24.52,1.55,6.3214,37963.94,97283.157,2.0163,2.39,15.9341,2.636,3197235.7885
688349.SH,2024-07-26,26.2,27.09,25.83,26.84,26.07,0.77,2.9536,38151.25,101594.076,2.0262,1.84,16.4047,2.7139,3291668.9131
688349.SH,2024-07-29,26.66,26.9,25.53,25.79,26.84,-1.05,-3.9121,21714.31,56396.046,1.1533,0.85,15.763,2.6077,3162896.4705
688349.SH,2024-07-30,25.79,25.99,25.56,25.72,25.79,-0.07,-0.2714,13944.56,35902.368,0.7406,0.53,15.7202,2.6006,3154311.641
688349.SH,2024-07-31,25.58,26.04,25.25,25.46,25.72,-0.26,-1.0109,32768.17,83768.0,1.7403,1.27,15.5613,2.5744,3122425.1314
688349.SH,2024-08-01,25.47,25.55,24.71,24.76,25.46,-0.7,-2.7494,21382.18,53512.365,1.1356,0.74,15.1334,2.5036,3036576.8363
688349.SH,2024-08-02,24.66,24.81,24.43,24.7,24.76,-0.06,-0.2423,19435.89,47804.603,1.0323,0.76,15.0967,2.4975,3029218.4111
688349.SH,2024-08-05,24.83,24.94,24.11,24.31,24.7,-0.39,-1.5789,14333.21,35027.085,0.7612,0.66,14.8584,2.4581,2981388.6467
688349.SH,2024-08-06,24.37,24.64,24.11,24.28,24.31,-0.03,-0.1234,12715.08,30948.603,0.6753,0.62,14.84,2.455,2977709.434
688349.SH,2024-08-07,24.12,24.45,24.12,24.19,24.28,-0.09,-0.3707,8905.37,21632.112,0.473,0.44,14.785,2.4459,2966671.7961
688349.SH,2024-08-08,24.05,24.46,23.97,24.24,24.19,0.05,0.2067,10331.02,24973.107,0.5487,0.67,14.8156,2.451,2972803.8172
688349.SH,2024-08-09,24.31,24.36,23.83,23.88,24.24,-0.36,-1.4851,10396.03,24916.021,0.5521,0.79,14.5956,2.4146,2928653.2654
688349.SH,2024-08-12,23.8,24.2,23.71,23.92,23.88,0.04,0.1675,7042.23,16829.86,0.374,0.62,14.62,2.4186,2933558.8823
688349.SH,2024-08-13,23.62,24.02,23.62,23.9,23.92,-0.02,-0.0836,5834.02,13895.422,0.3098,0.59,14.6078,2.4166,2931106.0739
688349.SH,2024-08-14,23.71,23.98,23.4,23.42,23.9,-0.48,-2.0084,7814.1,18459.637,0.415,0.92,14.3144,2.3681,2872238.6715
688349.SH,2024-08-15,23.68,23.73,23.1,23.55,23.42,0.13,0.5551,8267.14,19400.22,0.4391,1.0,14.3939,2.3812,2888181.9263
688349.SH,2024-08-16,23.55,23.68,23.11,23.26,23.55,-0.29,-1.2314,9984.85,23239.842,0.5303,1.27,14.2166,2.3519,2852616.2041
688349.SH,2024-08-19,22.97,23.36,22.73,22.81,23.26,-0.45,-1.9347,9161.13,20988.778,0.4866,1.18,13.9416,2.3064,2797428.0144
688349.SH,2024-08-20,22.61,22.71,22.32,22.41,22.81,-0.4,-1.7536,6839.97,15372.506,0.3633,0.83,13.6971,2.266,2748371.8458
688349.SH,2024-08-21,22.56,22.56,21.56,21.6,22.41,-0.81,-3.6145,12022.38,26285.849,0.6385,1.43,13.202,2.1841,2649033.1044
688349.SH,2024-08-22,21.69,21.89,21.43,21.46,21.6,-0.14,-0.6481,8443.67,18322.034,0.4484,0.91,13.1164,2.1699,2631863.4454
688349.SH,2024-08-23,21.66,21.66,21.3,21.51,21.46,0.05,0.233,7864.76,16897.76,0.4177,0.85,13.147,2.175,2637995.4665
688349.SH,2024-08-26,21.56,22.14,21.53,22.07,21.51,0.56,2.6034,10698.26,23409.686,0.5682,1.21,13.4893,2.2316,2706674.1025
688349.SH,2024-08-27,21.85,22.28,21.6,22.26,22.07,0.19,0.8609,7838.71,17209.408,0.4163,0.85,13.6054,2.2508,2729975.7826
688349.SH,2024-08-28,22.05,23.04,22.05,22.91,22.26,0.65,2.92,12046.26,27401.673,0.6398,1.29,14.0027,2.3165,2809692.0566
688349.SH,2024-08-29,23.09,23.59,22.76,23.18,22.91,0.27,1.1785,10146.14,23569.771,0.5389,1.08,14.1677,2.3438,2842804.9704
688349.SH,2024-08-30,22.98,23.93,22.98,23.61,23.18,0.43,1.855,17041.89,40029.374,0.9051,1.75,14.4305,2.3528,2895540.3516
688349.SH,2024-09-02,23.86,23.99,23.39,23.52,23.61,-0.09,-0.3812,12065.07,28521.32,0.6408,1.04,14.3755,2.3438,2884502.7137
688349.SH,2024-09-03,23.5,23.73,23.19,23.6,23.52,0.08,0.3401,9738.4,22845.296,0.5172,0.82,14.4244,2.3518,2894313.9474
688349.SH,2024-09-04,23.58,23.88,23.27,23.8,23.6,0.2,0.8475,10204.34,24183.491,0.542,0.84,14.5467,2.3717,2918842.0317
688349.SH,2024-09-05,23.82,23.98,23.62,23.77,23.8,-0.03,-0.1261,6330.9,15055.592,0.3362,0.53,14.5283,2.3687,2915162.8191
688349.SH,2024-09-06,23.95,23.95,23.32,23.5,23.77,-0.27,-1.1359,5519.96,12979.573,0.2932,0.5,14.3633,2.3418,2882049.9053
688349.SH,2024-09-09,23.32,23.69,23.13,23.15,23.5,-0.35,-1.4894,8449.71,19758.384,0.4488,0.96,14.1494,2.3069,2839125.7577
688349.SH,2024-09-10,23.36,23.66,22.98,23.37,23.15,0.22,0.9503,11388.91,26501.854,0.6049,1.42,14.2838,2.3289,2866106.6505
688349.SH,2024-09-11,23.1,23.69,23.07,23.66,23.37,0.29,1.2409,8161.72,19190.46,0.4335,0.97,14.4611,2.3578,2901672.3727
688349.SH,2024-09-12,23.48,24.24,23.48,23.59,23.66,-0.07,-0.2959,11758.13,28121.177,0.6245,1.48,14.4183,2.3508,2893087.5432
688349.SH,2024-09-13,23.64,23.68,23.18,23.59,23.59,0.0,0.0,11931.24,27890.159,0.6337,1.32,14.4183,2.3508,2893087.5432
688349.SH,2024-09-18,23.4,23.5,22.67,22.89,23.59,-0.7,-2.9674,11145.68,25566.428,0.592,1.08,13.9905,2.281,2807239.2481
688349.SH,2024-09-19,22.88,23.31,22.62,22.88,22.89,-0.01,-0.0437,13353.06,30555.71,0.7092,1.23,13.9844,2.28,2806012.8439
688349.SH,2024-09-20,23.07,23.07,22.37,22.76,22.88,-0.12,-0.5245,7789.45,17591.35,0.4137,0.69,13.911,2.2681,2791295.9933
688349.SH,2024-09-23,22.88,22.88,21.94,21.94,22.76,-0.82,-3.6028,14470.4,32170.629,0.7685,1.29,13.4098,2.1864,2690730.8477
688349.SH,2024-09-24,22.14,22.99,21.97,22.8,21.94,0.86,3.9198,17126.7,38666.005,0.9096,1.46,13.9355,2.2721,2796201.6102
688349.SH,2024-09-25,22.98,23.48,22.88,22.95,22.8,0.15,0.6579,15800.66,36524.126,0.8392,1.24,14.0271,2.287,2814597.6734
688349.SH,2024-09-26,22.95,23.78,22.66,23.73,22.95,0.78,3.3987,21112.4,49271.494,1.1213,1.54,14.5039,2.3647,2910257.2022
688349.SH,2024-09-27,23.99,25.1,23.76,25.0,23.73,1.27,5.3519,12151.57,29819.599,0.6454,0.8,15.2801,2.4913,3066010.5375
688349.SH,2024-09-30,26.48,29.28,26.38,28.85,25.0,3.85,15.4,69749.26,194409.667,3.7044,4.32,17.6332,2.8749,3538176.1603
688349.SH,2024-10-08,34.61,34.62,28.93,30.5,28.85,1.65,5.7192,117338.11,364070.04,6.2319,4.32,18.6417,3.0394,3740532.8558
688349.SH,2024-10-09,30.2,31.6,28.85,29.38,30.5,-1.12,-3.6721,80044.87,241635.551,4.2512,1.69,17.9572,2.9278,3603175.5837
688349.SH,2024-10-10,29.79,30.73,28.63,28.7,29.38,-0.68,-2.3145,57582.03,171157.934,3.0582,0.96,17.5416,2.86,3519780.0971
688349.SH,2024-10-11,29.68,29.68,27.1,27.38,28.7,-1.32,-4.5993,33041.77,92089.536,1.7549,0.49,16.7348,2.7285,3357894.7407
688349.SH,2024-10-14,27.55,27.76,26.4,27.03,27.38,-0.35,-1.2783,41979.49,113317.686,2.2296,0.59,16.5209,2.6936,3314970.5931
688349.SH,2024-10-15,26.8,26.97,25.43,25.54,27.03,-1.49,-5.5124,45629.3,119279.089,2.4234,0.69,15.6102,2.5451,3132236.3651
688349.SH,2024-10-16,25.26,26.24,25.16,25.55,25.54,0.01,0.0392,30498.63,78308.337,1.6198,0.59,15.6163,2.5461,3133462.7693
688349.SH,2024-10-17,25.55,26.1,25.33,25.55,25.55,0.0,0.0,31448.55,80862.656,1.6703,0.75,15.6163,2.5461,3133462.7693
688349.SH,2024-10-18,25.35,27.86,25.35,26.84,25.55,1.29,5.0489,57907.99,152946.611,3.0755,1.59,16.4047,2.6746,3291668.9131
688349.SH,2024-10-21,27.1,27.77,26.56,27.06,26.84,0.22,0.8197,56964.1,154286.272,3.0254,1.37,16.5392,2.6966,3318649.8058
688349.SH,2024-10-22,26.99,29.29,26.4,29.18,27.06,2.12,7.8344,80801.98,227355.407,4.2915,1.82,17.8349,2.9078,3578647.4994
688349.SH,2024-10-23,29.33,31.2,29.19,30.06,29.18,0.88,3.0158,104841.94,319740.435,5.5682,2.03,18.3728,2.9955,3686571.0703
688349.SH,2024-10-24,29.61,29.75,28.52,28.8,30.06,-1.26,-4.1916,52876.3,153281.517,2.8083,0.8,17.6027,2.87,3532044.1392
688349.SH,2024-10-25,28.89,32.64,28.89,31.98,28.8,3.18,11.0417,135594.21,427118.438,7.2015,1.92,19.5463,3.1869,3922040.6796
688349.SH,2024-10-28,31.4,31.66,29.3,30.19,31.98,-1.79,-5.5972,100190.28,301242.925,5.3212,1.16,18.4523,3.0085,3702514.3251
688349.SH,2024-10-29,30.3,30.38,29.15,29.44,30.19,-0.75,-2.4843,44670.3,132055.523,2.3725,0.47,17.9939,2.9337,3610534.009
688349.SH,2024-10-30,29.6,30.14,28.81,28.87,29.44,-0.57,-1.9361,35445.12,104172.635,1.8825,0.4,17.6455,2.8769,3540628.9687
688349.SH,2024-10-31,29.46,30.35,29.23,29.34,28.87,0.47,1.628,52268.73,155519.398,2.776,0.71,17.9327,2.8608,3598269.9668
688349.SH,2024-11-01,29.48,29.98,28.71,29.53,29.34,0.19,0.6476,39988.97,117546.363,2.1238,0.54,18.0489,2.8793,3621571.6469
688349.SH,2024-11-04,29.8,30.5,29.52,29.84,29.53,0.31,1.0498,25877.1,77397.686,1.3744,0.47,18.2383,2.9095,3659590.1776
688349.SH,2024-11-05,30.06,30.56,29.03,30.35,29.84,0.51,1.7091,62995.74,188825.558,3.3458,1.59,18.5501,2.9593,3722136.7925
688349.SH,2024-11-06,30.01,31.08,29.7,30.59,30.35,0.24,0.7908,84375.64,257565.457,4.4813,1.95,18.6967,2.9827,3751570.4937
688349.SH,2024-11-07,30.1,30.47,29.63,30.34,30.59,-0.25,-0.8173,46382.97,139534.605,2.4634,0.87,18.5439,2.9583,3720910.3883
688349.SH,2024-11-08,30.4,30.7,29.4,29.69,30.34,-0.65,-2.1424,57312.22,171682.597,3.0439,1.1,18.1467,2.8949,3641194.1143
688349.SH,2024-11-11,29.58,30.07,28.89,29.9,29.69,0.21,0.7073,63544.63,187477.076,3.3749,1.15,18.275,2.9154,3666948.6029
688349.SH,2024-11-12,29.99,30.45,29.25,29.37,29.9,-0.53,-1.7726,50335.7,150203.632,2.6734,0.8,17.9511,2.8637,3601949.1795
688349.SH,2024-11-13,29.49,29.59,28.7,29.02,29.37,-0.35,-1.1917,37620.89,109271.003,1.9981,0.62,17.7372,2.8296,3559025.0319
688349.SH,2024-11-14,29.07,29.16,28.1,28.32,29.02,-0.7,-2.4121,53022.08,150788.578,2.816,1.04,17.3093,2.7613,3473176.7369
688349.SH,2024-11-15,28.18,28.78,27.58,28.26,28.32,-0.06,-0.2119,44788.39,126418.472,2.3787,0.86,17.2726,2.7555,3465818.3116
688349.SH,2024-11-18,28.78,30.63,28.31,29.8,28.26,1.54,5.4494,92444.74,275854.819,4.9098,1.85,18.2139,2.9056,3654684.5607
688349.SH,2024-11-19,29.62,30.73,29.62,30.51,29.8,0.71,2.3826,69297.35,210513.193,3.6804,1.25,18.6478,2.9749,3741759.26
688349.SH,2024-11-20,30.52,30.8,29.34,30.39,30.51,-0.12,-0.3933,65533.07,197701.453,3.4805,1.1,18.5745,2.9632,3727042.4094
688349.SH,2024-11-21,30.4,30.61,29.91,30.44,30.39,0.05,0.1645,39957.31,120834.48,2.1222,0.61,18.6051,2.968,3733174.4305
688349.SH,2024-11-22,30.45,30.45,29.27,29.27,30.44,-1.17,-3.8436,44967.73,133558.118,2.3883,0.72,17.89,2.854,3589685.1373
688349.SH,2024-11-25,29.68,31.2,29.61,30.95,29.27,1.68,5.7397,90457.45,277656.989,4.8043,1.45,18.9168,3.0178,3795721.0454
688349.SH,2024-11-26,30.93,31.18,30.31,30.51,30.95,-0.44,-1.4216,28733.56,87877.674,1.5261,0.46,18.6478,2.9749,3741759.26
688349.SH,2024-11-27,30.15,32.46,29.91,32.26,30.51,1.75,5.7358,73657.78,230769.119,3.912,1.37,19.7175,3.1455,3956379.9976
688349.SH,2024-11-28,32.25,32.79,31.94,32.5,32.26,0.24,0.744,69756.07,225717.747,3.7048,1.26,19.8641,3.1689,3985813.6988
688349.SH,2024-11-29,32.25,33.98,31.9,33.51,32.5,1.01,3.1077,85848.2,288167.535,4.5595,1.4,20.4815,3.2674,4109680.5245
688349.SH,2024-12-02,33.51,34.16,32.82,33.53,33.51,0.02,0.0597,55823.02,186989.891,2.9648,0.8,20.4937,3.2693,4112133.3329
688349.SH,2024-12-03,33.4,34.62,33.18,33.8,33.53,0.27,0.8052,49298.8,168153.435,2.6183,0.79,20.6587,3.2957,4145246.2467
688349.SH,2024-12-04,33.42,33.8,32.42,32.91,33.8,-0.89,-2.6331,51352.69,168882.598,2.7274,0.77,20.1147,3.2089,4036096.2716
688349.SH,2024-12-05,33.21,33.83,32.22,33.0,32.91,0.09,0.2735,30248.66,99991.169,1.6065,0.48,20.1697,3.2177,4047133.9095
688349.SH,2024-12-06,32.91,33.75,32.68,33.45,33.0,0.45,1.3636,27059.03,90195.147,1.4371,0.5,20.4448,3.2615,4102322.0992
688349.SH,2024-12-09,33.2,34.1,32.2,33.79,33.45,0.34,1.0164,36318.06,121308.016,1.9289,0.85,20.6526,3.2947,4144019.8425
688349.SH,2024-12-10,34.62,34.62,33.7,33.85,33.79,0.06,0.1776,30447.01,103743.676,1.6171,0.78,20.6893,3.3005,4151378.2678
688349.SH,2024-12-11,33.85,34.52,32.67,34.5,33.85,0.65,1.9202,43884.73,147951.923,2.3308,1.25,21.0866,3.3639,4231094.5418
688349.SH,2024-12-12,34.5,34.5,33.5,33.54,34.5,-0.96,-2.7826,23931.4,81403.596,1.271,0.71,20.4998,3.2703,4113359.7371
688349.SH,2024-12-13,33.54,33.77,33.0,33.19,33.54,-0.35,-1.0435,20793.48,69476.895,1.1044,0.64,20.2859,3.2362,4070435.5896
688349.SH,2024-12-16,33.18,33.59,32.4,32.71,33.19,-0.48,-1.4462,23114.98,75966.639,1.2277,0.74,19.9925,3.1894,4011568.1873
688349.SH,2024-12-17,32.73,33.13,32.23,32.53,32.71,-0.18,-0.5503,21202.86,69284.228,1.1261,0.75,19.8825,3.1718,3989492.9114
688349.SH,2024-12-18,33.3,33.3,31.81,32.71,32.53,0.18,0.5533,30743.64,99812.79,1.6328,1.16,19.9925,3.1894,4011568.1873
688349.SH,2024-12-19,32.3,32.82,32.25,32.49,32.71,-0.22,-0.6726,15110.66,49200.139,0.8025,0.63,19.858,3.1679,3984587.2945
688349.SH,2024-12-20,32.7,32.7,31.2,32.0,32.49,-0.49,-1.5082,43113.41,137680.286,2.2898,1.94,19.5585,3.1202,3924493.488
688349.SH,2024-12-23,31.65,32.41,31.42,32.09,32.0,0.09,0.2813,22276.57,71357.92,1.1831,0.84,19.6135,3.1289,3935531.1259
688349.SH,2024-12-24,31.88,32.6,31.71,32.06,32.09,-0.03,-0.0935,16643.52,53534.868,0.884,0.63,19.5952,3.126,3931851.9133
688349.SH,2024-12-25,32.78,32.78,30.35,32.25,32.06,0.19,0.5926,51483.59,161044.787,2.7343,2.01,19.7113,3.1445,3955153.5934
688349.SH,2024-12-26,32.35,32.35,30.83,31.44,32.25,-0.81,-2.5116,33399.47,104894.347,1.7739,1.12,19.2163,3.0655,3855814.852
688349.SH,2024-12-27,31.0,31.64,30.89,31.44,31.44,0.0,0.0,25877.89,81162.92,1.3744,0.78,19.2163,3.0655,3855814.852
688349.SH,2024-12-30,31.49,31.62,31.0,31.19,31.44,-0.25,-0.7952,15437.47,48205.945,0.8199,0.52,19.0635,3.0412,3825154.7466
688349.SH,2024-12-31,30.81,31.41,30.79,30.88,31.19,-0.31,-0.9939,18588.66,57923.71,0.9873,0.65,18.874,3.0109,3787136.2159
688349.SH,2025-01-02,31.2,31.2,29.23,29.51,30.88,-1.37,-4.4365,31235.57,93799.01,1.6589,1.08,18.0366,2.8774,3619118.8385
688349.SH,2025-01-03,29.45,29.92,28.52,28.6,29.51,-0.91,-3.0837,30371.72,88387.55,1.6131,1.22,17.4804,2.7886,3507516.0549
688349.SH,2025-01-06,28.6,28.95,28.02,28.35,28.6,-0.25,-0.8741,24849.77,70871.992,1.3198,1.02,17.3276,2.7643,3476855.9495
688349.SH,2025-01-07,28.37,28.58,27.72,27.84,28.35,-0.51,-1.7989,24685.34,69042.032,1.3111,1.02,17.0159,2.7145,3414309.3346
688349.SH,2025-01-08,28.01,28.62,27.23,27.59,27.84,-0.25,-0.898,33875.96,94354.065,1.7992,1.31,16.8631,2.6902,3383649.2292
688349.SH,2025-01-09,27.59,28.23,27.52,27.63,27.59,0.04,0.145,21117.25,58924.106,1.1216,0.73,16.8876,2.6941,3388554.846
688349.SH,2025-01-10,27.76,27.86,27.1,27.1,27.63,-0.53,-1.9182,14656.66,40134.298,0.7784,0.54,16.5636,2.6424,3323555.4227
688349.SH,2025-01-13,27.4,28.05,26.97,27.46,27.1,0.36,1.3284,18984.35,52470.725,1.0083,0.8,16.7837,2.6775,3367705.9744
688349.SH,2025-01-14,27.46,28.48,27.23,28.25,27.46,0.79,2.8769,23580.4,66205.139,1.2524,1.04,17.2665,2.7545,3464591.9074
688349.SH,2025-01-15,28.44,28.58,27.28,27.72,28.25,-0.53,-1.8761,24865.54,68779.51,1.3206,1.11,16.9426,2.7028,3399592.484
688349.SH,2025-01-16,27.74,28.15,27.32,27.7,27.72,-0.02,-0.0722,26912.03,74490.109,1.4293,1.3,16.9304,2.7009,3397139.6756
688349.SH,2025-01-17,27.5,28.16,27.06,27.7,27.7,0.0,0.0,34756.05,95568.284,1.8459,1.59,16.9304,2.7009,3397139.6756
688349.SH,2025-01-20,27.62,28.09,27.43,27.6,27.7,-0.1,-0.361,17971.5,49874.606,0.9545,0.7,16.8692,2.6911,3384875.6334
688349.SH,2025-01-21,27.7,27.75,27.26,27.29,27.6,-0.31,-1.1232,13456.52,36854.683,0.7147,0.53,16.6798,2.6609,3346857.1027
688349.SH,2025-01-22,27.67,27.67,26.9,27.14,27.29,-0.15,-0.5497,14815.83,40198.546,0.7869,0.63,16.5881,2.6463,3328461.0395
688349.SH,2025-01-23,27.24,27.64,26.69,26.78,27.14,-0.36,-1.3265,20536.92,55568.489,1.0907,0.95,16.3681,2.6112,3284310.4878
688349.SH,2025-01-24,26.78,27.26,26.64,26.98,26.78,0.2,0.7468,14941.1,40338.864,0.7935,0.74,16.4903,2.6307,3308838.5721
688349.SH,2025-01-27,27.26,27.33,26.77,26.93,26.98,-0.05,-0.1853,12590.94,34037.656,0.6687,0.77,16.4597,2.6258,3302706.551
688349.SH,2025-02-05,26.95,26.95,25.82,25.92,26.93,-1.01,-3.7505,39522.4,102982.129,2.0991,2.59,15.8424,2.5273,3178839.7253
688349.SH,2025-02-06,25.92,26.97,25.48,26.79,25.92,0.87,3.3565,33902.34,89185.416,1.8006,1.66,16.3742,2.6122,3285536.892
688349.SH,2025-02-07,26.96,27.29,26.66,26.97,26.79,0.18,0.6719,36018.35,96877.848,1.913,1.48,16.4842,2.6297,3307612.1679
688349.SH,2025-02-10,26.99,27.4,26.69,27.09,26.97,0.12,0.4449,27808.11,75171.316,1.4769,1.02,16.5575,2.6414,3322329.0184
688349.SH,2025-02-11,27.47,27.47,26.62,26.68,27.09,-0.41,-1.5135,20682.83,55584.51,1.0985,0.69,16.3069,2.6014,3272046.4456
688349.SH,2025-02-12,26.67,26.78,26.35,26.44,26.68,-0.24,-0.8996,18432.88,48880.1,0.979,0.58,16.1602,2.578,3242612.7445
688349.SH,2025-02-13,26.55,26.66,26.05,26.12,26.44,-0.32,-1.2103,24929.43,65452.836,1.324,0.91,15.9647,2.5468,3203367.8096
688349.SH,2025-02-14,26.23,27.17,26.02,27.03,26.12,0.91,3.4839,33379.09,89465.148,1.7728,1.31,16.5209,2.6356,3314970.5931
688349.SH,2025-02-17,27.0,27.45,26.62,27.38,27.03,0.35,1.2949,36215.19,98316.333,1.9234,1.45,16.7348,2.6697,3357894.7407
688349.SH,2025-02-18,27.37,27.38,26.55,26.72,27.38,-0.66,-2.4105,29880.76,80469.493,1.587,1.12,16.3314,2.6053,3276952.0625
688349.SH,2025-02-19,26.7,26.96,26.28,26.63,26.72,-0.09,-0.3368,19691.53,52509.749,1.0458,0.69,16.2764,2.5966,3265914.4245
688349.SH,2025-02-20,26.51,26.93,26.31,26.7,26.63,0.07,0.2629,20854.73,55409.781,1.1076,0.72,16.3192,2.6034,3274499.2541
688349.SH,2025-02-21,26.9,26.95,26.47,26.76,26.7,0.06,0.2247,27873.49,74493.39,1.4804,1.0,16.3558,2.6092,3281857.6793
688349.SH,2025-02-24,26.89,26.99,26.37,26.58,26.76,-0.18,-0.6726,28077.43,74561.879,1.4912,1.04,16.2458,2.5917,3259782.4035
688349.SH,2025-02-25,26.55,27.34,26.2,26.78,26.58,0.2,0.7524,33406.91,89604.265,1.7743,1.32,16.3681,2.6112,3284310.4878
688349.SH,2025-02-26,26.72,28.2,26.56,27.58,26.78,0.8,2.9873,44539.92,123010.088,2.3655,1.71,16.857,2.6892,3382422.825
688349.SH,2025-02-27,27.97,27.97,27.38,27.78,27.58,0.2,0.7252,29257.76,80912.351,1.5539,0.95,16.9793,2.7087,3406950.9093
688349.SH,2025-02-28,28.08,28.55,27.32,27.52,27.78,-0.26,-0.9359,36787.46,101929.044,1.9538,1.13,16.8203,2.4524,3375064.3997
688349.SH,2025-03-03,27.56,28.8,27.39,28.31,27.52,0.79,2.8706,40073.24,113676.944,2.1283,1.16,17.3032,2.5228,3471950.3327
688349.SH,2025-03-04,28.66,28.66,27.8,27.86,28.31,-0.45,-1.5895,23670.54,66394.826,1.2572,0.64,17.0282,2.4827,3416762.143
688349.SH,2025-03-05,27.98,28.12,27.52,28.0,27.86,0.14,0.5025,21603.76,60164.439,1.1474,0.62,17.1137,2.4952,3433931.802
688349.SH,2025-03-06,27.95,28.37,27.3,28.02,28.0,0.02,0.0714,36210.87,100711.393,1.9232,1.2,17.1259,2.497,3436384.6104
688349.SH,2025-03-07,28.02,28.02,27.55,27.85,28.02,-0.17,-0.6067,25483.33,70716.561,1.3534,0.8,17.022,2.4818,3415535.7388
688349.SH,2025-03-10,27.8,28.32,27.62,27.78,27.85,-0.07,-0.2513,22795.63,63670.429,1.2107,0.78,16.9793,2.4756,3406950.9093
688349.SH,2025-03-11,27.8,27.98,27.56,27.96,27.78,0.18,0.6479,15378.73,42821.686,0.8168,0.59,17.0893,2.4916,3429026.1851
688349.SH,2025-03-12,28.18,28.28,27.38,27.44,27.96,-0.52,-1.8598,22293.3,61511.832,1.184,0.92,16.7714,2.4453,3365253.166
688349.SH,2025-03-13,27.69,28.38,27.42,28.13,27.44,0.69,2.5146,33336.94,93512.927,1.7706,1.36,17.1932,2.5068,3449875.0568
688349.SH,2025-03-14,27.93,28.48,27.93,28.38,28.13,0.25,0.8887,21917.97,62075.772,1.1641,0.92,17.346,2.5291,3480535.1622
688349.SH,2025-03-17,28.5,29.27,28.32,28.53,28.38,0.15,0.5285,29080.12,83484.724,1.5445,1.26,17.4377,2.5424,3498931.2254
688349.SH,2025-03-18,28.73,28.92,28.34,28.66,28.53,0.13,0.4557,18694.74,53643.945,0.9929,0.77,17.5171,2.554,3514874.4802
688349.SH,2025-03-19,28.66,29.04,28.34,28.81,28.66,0.15,0.5234,17754.21,51160.313,0.9429,0.71,17.6088,2.5674,3533270.5434
688349.SH,2025-03-20,28.81,29.44,28.67,29.18,28.81,0.37,1.2843,23569.33,68720.457,1.2518,0.98,17.8349,2.6003,3578647.4994
688349.SH,2025-03-21,29.15,30.17,28.88,29.29,29.18,0.11,0.377,36338.35,107506.716,1.93,1.64,17.9022,2.6101,3592137.9457
688349.SH,2025-03-24,29.76,29.9,28.36,28.6,29.29,-0.69,-2.3558,27249.46,78580.692,1.4472,1.09,17.4804,2.5487,3507516.0549
688349.SH,2025-03-25,28.7,29.24,28.18,28.48,28.6,-0.12,-0.4196,22638.1,64710.119,1.2023,0.92,17.4071,2.538,3492799.2043
688349.SH,2025-03-26,28.4,28.76,28.29,28.55,28.48,0.07,0.2458,12601.63,35956.495,0.6693,0.49,17.4499,2.5442,3501384.0338
688349.SH,2025-03-27,28.54,28.54,27.46,27.66,28.55,-0.89,-3.1173,26565.69,74042.139,1.4109,1.09,16.9059,2.4649,3392234.0587
688349.SH,2025-03-28,27.61,27.98,27.51,27.61,27.66,-0.05,-0.1808,13895.35,38524.484,0.738,0.55,16.8754,2.4604,3386102.0376
688349.SH,2025-03-31,27.59,28.06,27.22,27.32,27.61,-0.29,-1.0503,16153.63,44497.964,0.8579,0.78,16.6981,2.4346,3350536.3154
688349.SH,2025-04-01,27.59,27.59,26.88,26.92,27.32,-0.4,-1.4641,25884.87,69955.475,1.3748,1.41,16.4536,2.3989,3301480.1468
688349.SH,2025-04-02,26.84,27.26,26.58,26.71,26.92,-0.21,-0.7801,24023.16,64455.311,1.2759,1.26,16.3253,2.3802,3275725.6583
688349.SH,2025-04-03,26.62,26.77,26.04,26.13,26.71,-0.58,-2.1715,29492.96,77616.59,1.5664,1.38,15.9708,2.3285,3204594.2138
688349.SH,2025-04-07,25.25,25.29,22.33,23.64,26.13,-2.49,-9.5293,46498.57,111652.444,2.4696,2.12,14.4489,2.1067,2899219.5643
688349.SH,2025-04-08,23.55,24.69,23.55,24.3,23.64,0.66,2.7919,32809.83,79795.009,1.7426,1.15,14.8523,2.1655,2980162.2425
688349.SH,2025-04-09,23.77,24.66,23.53,24.11,24.3,-0.19,-0.7819,45474.84,109852.935,2.4152,1.43,14.7361,2.1485,2956860.5624
688349.SH,2025-04-10,24.45,24.79,24.01,24.15,24.11,0.04,0.1659,44458.63,108225.586,2.3612,1.25,14.7606,2.1521,2961766.1792
688349.SH,2025-04-11,23.99,24.29,23.74,24.04,24.15,-0.11,-0.4555,40643.69,97513.979,2.1586,1.02,14.6934,2.1423,2948275.7329
688349.SH,2025-04-14,24.28,24.38,23.93,24.0,24.04,-0.04,-0.1664,35977.57,86866.659,1.9108,0.86,14.6689,2.1387,2943370.116
688349.SH,2025-04-15,23.99,24.11,23.6,24.03,24.0,0.03,0.125,27742.92,66275.041,1.4734,0.7,14.6872,2.1414,2947049.3286
688349.SH,2025-04-16,24.04,24.09,23.42,23.87,24.03,-0.16,-0.6658,25595.09,60678.899,1.3594,0.66,14.5894,2.1271,2927426.8612
688349.SH,2025-04-17,23.72,23.87,23.51,23.54,23.87,-0.33,-1.3825,25293.55,59899.317,1.3434,0.73,14.3878,2.0977,2886955.5221
688349.SH,2025-04-18,23.46,23.84,23.25,23.77,23.54,0.23,0.9771,22138.43,52217.301,1.1758,0.71,14.5283,2.1182,2915162.8191
688349.SH,2025-04-21,23.77,24.22,23.65,23.91,23.77,0.14,0.589,22626.73,54105.846,1.2017,0.83,14.6139,2.1307,2932332.4781
688349.SH,2025-04-22,23.82,23.97,23.65,23.7,23.91,-0.21,-0.8783,22895.52,54484.689,1.216,0.93,14.4855,2.112,2906577.9896
688349.SH,2025-04-23,23.84,24.27,23.77,23.82,23.7,0.12,0.5063,20512.91,49136.558,1.0895,0.87,14.5589,2.1227,2921294.8401
688349.SH,2025-04-24,23.84,24.26,23.75,23.92,23.82,0.1,0.4198,23779.98,57075.358,1.263,1.05,14.62,2.1316,2933558.8823
688349.SH,2025-04-25,23.81,24.3,23.77,24.2,23.92,0.28,1.1706,20336.15,48972.879,1.0801,0.91,14.7911,2.1566,2967898.2003
688349.SH,2025-04-28,24.2,24.53,23.93,24.0,24.2,-0.2,-0.8264,28124.13,68183.936,1.4937,1.28,14.6689,2.1387,2943370.116
688349.SH,2025-04-29,23.3,23.3,22.01,22.66,24.0,-1.34,-5.5833,59215.76,133469.154,3.145,2.56,15.337,2.0457,2779031.9512
688349.SH,2025-04-30,22.66,23.08,22.6,22.7,22.66,0.04,0.1765,22401.46,50983.26,1.1898,0.74,15.364,2.0494,2783937.5681
688349.SH,2025-05-06,22.7,23.13,22.7,23.02,22.7,0.32,1.4097,28092.15,64431.232,1.492,0.91,15.5806,2.0782,2823182.5029
688349.SH,2025-05-07,23.29,23.75,23.13,23.48,23.02,0.46,1.9983,25444.85,59468.933,1.3514,0.8,15.892,2.1198,2879597.0968
688349.SH,2025-05-08,23.47,23.96,23.28,23.85,23.48,0.37,1.5758,25712.35,61121.002,1.3656,0.79,16.1424,2.1532,2924974.0528
688349.SH,2025-05-09,23.88,23.95,23.66,23.83,23.85,-0.02,-0.0839,16800.93,39968.831,0.8923,0.52,16.1289,2.1514,2922521.2443
688349.SH,2025-05-12,24.09,24.09,23.74,23.88,23.83,0.05,0.2098,18921.42,45152.076,1.0049,0.8,16.1627,2.1559,2928653.2654
688349.SH,2025-05-13,24.09,24.37,23.98,24.07,23.88,0.19,0.7956,18801.27,45381.469,0.9985,0.82,16.2913,2.173,2951954.9455
688349.SH,2025-05-14,24.01,24.16,23.68,24.03,24.07,-0.04,-0.1662,20024.83,47867.903,1.0635,0.95,16.2642,2.1694,2947049.3286
688349.SH,2025-05-15,24.01,24.06,23.75,23.8,24.03,-0.23,-0.9571,13412.93,32005.252,0.7124,0.67,16.1086,2.1487,2918842.0317
688349.SH,2025-05-16,23.71,23.9,23.56,23.6,23.8,-0.2,-0.8403,15283.25,36149.086,0.8117,0.87,15.9732,2.1306,2894313.9474
688349.SH,2025-05-19,23.65,23.65,23.34,23.53,23.6,-0.07,-0.2966,12145.93,28548.036,0.6451,0.7,15.9258,2.1243,2885729.1179
688349.SH,2025-05-20,23.51,23.64,23.31,23.49,23.53,-0.04,-0.17,18832.65,44153.504,1.0002,1.18,15.8987,2.1207,2880823.501
688349.SH,2025-05-21,23.48,23.68,23.39,23.58,23.49,0.09,0.3831,13585.86,31935.366,0.7216,0.85,15.9596,2.1288,2891861.139
688349.SH,2025-05-22,23.6,23.65,23.26,23.31,23.58,-0.27,-1.145,15630.4,36593.134,0.8301,1.07,15.7769,2.1044,2858748.2252
688349.SH,2025-05-23,23.35,23.46,23.06,23.09,23.31,-0.22,-0.9438,16329.84,38020.581,0.8673,1.08,15.628,2.0846,2831767.3324
688349.SH,2025-05-26,23.14,23.59,22.91,23.44,23.09,0.35,1.5158,16393.1,38262.093,0.8707,1.07,15.8649,2.1162,2874691.48
688349.SH,2025-05-27,23.57,23.57,23.08,23.18,23.44,-0.26,-1.1092,12508.2,29022.353,0.6643,0.77,15.6889,2.0927,2842804.9704
688349.SH,2025-05-28,23.21,23.29,23.06,23.26,23.18,0.08,0.3451,12542.36,29098.382,0.6661,0.84,15.7431,2.0999,2852616.2041
688349.SH,2025-05-29,23.25,23.7,23.22,23.64,23.26,0.38,1.6337,16693.5,39294.165,0.8866,1.14,16.0003,2.1342,2899219.5643
688349.SH,2025-05-30,23.67,23.85,23.45,23.48,23.64,-0.16,-0.6768,13424.94,31709.923,0.713,0.9,15.892,2.1198,2879597.0968
688349.SH,2025-06-03,23.4,23.57,23.05,23.52,23.48,0.04,0.1704,21311.55,49579.718,1.1319,1.49,15.919,2.1234,2884502.7137
688349.SH,2025-06-04,23.52,24.04,23.42,23.77,23.52,0.25,1.0629,20649.84,49038.192,1.0967,1.35,16.0882,2.146,2915162.8191
688349.SH,2025-06-05,23.8,24.16,23.6,24.0,23.77,0.23,0.9676,18741.48,44893.75,0.9954,1.11,16.2439,2.1667,2943370.116
688349.SH,2025-06-06,24.0,24.5,23.8,23.9,24.0,-0.1,-0.4167,15234.27,36605.227,0.8091,0.84,16.1762,2.1577,2931106.0739
688349.SH,2025-06-09,24.02,24.12,23.85,23.99,23.9,0.09,0.3766,11490.3,27544.979,0.6103,0.64,16.2371,2.1658,2942143.7118
688349.SH,2025-06-10,24.07,24.19,23.39,23.52,23.99,-0.47,-1.9591,21650.25,51450.202,1.1499,1.24,15.919,2.1234,2884502.7137
688349.SH,2025-06-11,23.66,23.98,23.53,23.85,23.52,0.33,1.4031,17308.71,41252.11,0.9193,0.99,16.1424,2.1532,2924974.0528
688349.SH,2025-06-12,24.0,24.0,23.5,23.81,23.85,-0.04,-0.1677,19504.96,46258.758,1.0359,1.16,16.1153,2.1496,2920068.4359
688349.SH,2025-06-13,23.8,24.01,23.53,23.84,23.81,0.03,0.126,26509.08,63113.824,1.4079,1.56,16.1356,2.1523,2923747.6486
688349.SH,2025-06-16,23.48,24.43,22.97,24.32,23.24,1.08,4.6472,64177.78,153348.986,3.4085,3.33,16.4605,2.3206,2982615.0509
688349.SH,2025-06-17,24.14,24.54,23.81,23.93,24.32,-0.39,-1.6036,34291.73,82607.165,1.8213,1.15,16.1965,2.2834,2934785.2865
688349.SH,2025-06-18,23.9,25.43,23.7,25.26,23.93,1.33,5.5579,59142.01,147565.078,3.1411,1.83,17.0967,2.4103,3097897.0471
688349.SH,2025-06-19,25.0,25.5,24.7,24.86,25.26,-0.4,-1.5835,32383.08,80900.18,1.7199,0.8,16.826,2.3722,3048840.8785
688349.SH,2025-06-20,24.63,24.98,24.42,24.82,24.86,-0.04,-0.1609,29632.65,72923.993,1.5738,0.68,16.7989,2.3683,3043935.2616
688349.SH,2025-06-23,24.47,25.0,24.28,24.44,24.82,-0.38,-1.531,26112.42,64125.929,1.1133,0.59,16.5417,2.3321,2997331.9015
688349.SH,2025-06-24,24.5,25.28,24.32,24.9,24.44,0.46,1.8822,31161.26,77195.698,1.3286,0.86,16.8531,2.376,3053746.4954
688349.SH,2025-06-25,24.9,25.1,24.61,25.07,24.9,0.17,0.6827,23675.85,58879.465,1.0094,0.66,16.9681,2.3922,3074595.367
688349.SH,2025-06-26,24.99,25.33,24.65,24.88,25.07,-0.19,-0.7579,23019.44,57538.622,0.9814,0.81,16.8395,2.3741,3051293.6869
688349.SH,2025-06-27,25.01,25.23,24.77,25.12,24.88,0.24,0.9646,25931.95,64755.062,1.1056,0.97,17.002,2.397,3080727.3881
688349.SH,2025-06-30,25.24,25.57,24.74,24.94,25.12,-0.18,-0.7166,25505.75,63956.133,1.0874,0.98,16.8801,2.3798,3058652.1122
688349.SH,2025-07-01,24.9,24.94,24.16,24.3,24.94,-0.64,-2.5662,32416.74,79109.706,1.3821,1.25,16.447,2.3187,2980162.2425
688349.SH,2025-07-02,24.46,24.54,23.91,24.0,24.3,-0.3,-1.2346,29526.58,71107.558,1.2589,1.13,16.2439,2.2901,2943370.116
688349.SH,2025-07-03,24.03,24.24,23.93,24.19,24.0,0.19,0.7917,20388.03,49124.887,0.8692,0.75,16.3725,2.3082,2966671.7961
688349.SH,2025-07-04,24.13,24.17,23.83,23.97,24.19,-0.22,-0.9095,18164.78,43582.737,0.7745,0.68,16.2236,2.2872,2939690.9034
688349.SH,2025-07-07,23.9,24.17,23.78,24.1,23.97,0.13,0.5423,15961.66,38262.523,0.6805,0.63,16.3116,2.2996,2955634.1582
688349.SH,2025-07-08,24.27,24.95,24.04,24.64,24.1,0.54,2.2407,37791.77,93169.898,1.6113,1.62,16.6771,2.3512,3021859.9858
688349.SH,2025-07-09,24.65,24.79,24.14,24.17,24.64,-0.47,-1.9075,26639.0,64995.033,1.1358,1.09,16.359,2.3063,2964218.9877
688349.SH,2025-07-10,24.16,24.5,24.02,24.47,24.17,0.3,1.2412,25069.31,60832.416,1.0688,1.05,16.562,2.3349,3001011.1141
688349.SH,2025-07-11,24.45,24.45,24.21,24.32,24.47,-0.15,-0.613,19194.71,46654.409,0.8184,0.78,16.4605,2.3206,2982615.0509
688349.SH,2025-07-14,24.34,24.58,24.25,24.32,24.32,0.0,0.0,18410.88,44872.254,0.785,0.74,16.4605,2.3206,2982615.0509
688349.SH,2025-07-15,24.21,24.38,23.86,23.93,24.32,-0.39,-1.6036,18596.21,44695.618,0.7929,0.73,16.1965,2.2834,2934785.2865
688349.SH,2025-07-16,23.99,24.1,23.81,23.97,23.93,0.04,0.1672,12107.17,29048.944,0.5162,0.56,16.2236,2.2872,2939690.9034
688349.SH,2025-07-17,24.11,24.29,23.88,24.21,23.97,0.24,1.0013,22864.45,55266.672,0.9748,1.22,16.3861,2.3101,2969124.6045
688349.SH,2025-07-18,24.29,24.42,23.9,24.07,24.21,-0.14,-0.5783,29092.02,69961.329,1.2403,1.6,16.2913,2.2968,2951954.9455
688349.SH,2025-07-21,23.98,24.37,23.98,24.36,24.07,0.29,1.2048,27587.19,66901.429,1.1762,1.36,16.4876,2.3244,2987520.6677
688349.SH,2025-07-22,24.38,24.86,24.22,24.78,24.36,0.42,1.7241,53044.77,130189.013,2.2616,2.41,16.7718,2.3645,3039029.6448
688349.SH,2025-07-23,24.9,25.02,24.38,24.47,24.78,-0.31,-1.251,43446.28,107138.193,1.8523,1.5,16.562,2.3349,3001011.1141
688349.SH,2025-07-24,24.48,25.67,24.36,25.3,24.47,0.83,3.3919,55776.31,139862.447,2.378,1.58,17.1238,2.4141,3102802.664
688349.SH,2025-07-25,25.4,25.7,24.95,24.98,25.3,-0.32,-1.2648,37086.71,93554.808,1.5812,0.89,16.9072,2.3836,3063557.7291
688349.SH,2025-07-28,25.05,25.66,24.92,25.44,24.98,0.46,1.8415,45191.02,114362.083,1.9267,1.04,17.2186,2.4275,3119972.323
688349.SH,2025-07-29,25.44,25.5,25.01,25.45,25.44,0.01,0.0393,31294.98,79129.709,1.3343,0.67,17.2253,2.4285,3121198.7272
688349.SH,2025-07-30,25.45,25.7,25.1,25.1,25.45,-0.35,-1.3752,27427.32,69658.514,1.1694,0.64,16.9884,2.3951,3078274.5797
688349.SH,2025-07-31,25.0,25.09,24.69,24.73,25.1,-0.37,-1.4741,31503.56,78424.827,1.3432,0.8,16.738,2.3597,3032897.6237
688349.SH,2025-08-01,24.86,26.05,24.79,25.53,24.73,0.8,3.2349,55948.37,143279.057,2.3854,1.62,17.2795,2.4361,3131009.9609
688349.SH,2025-08-04,25.45,25.58,25.08,25.12,25.53,-0.41,-1.606,23944.71,60395.371,1.0209,0.63,17.002,2.397,3080727.3881
688349.SH,2025-08-05,25.27,25.35,25.08,25.23,25.12,0.11,0.4379,23242.49,58672.845,0.991,0.68,17.0764,2.4075,3094217.8344
688349.SH,2025-08-06,25.29,25.3,25.09,25.21,25.23,-0.02,-0.0793,17190.48,43331.455,0.7329,0.53,17.0629,2.4056,3091765.026
688349.SH,2025-08-07,25.23,25.34,24.9,25.07,25.21,-0.14,-0.5553,26014.01,65347.011,1.1091,0.86,16.9681,2.3922,3074595.367
688349.SH,2025-08-08,25.07,28.8,25.07,27.84,25.07,2.77,11.0491,136684.85,368988.908,5.8276,4.67,18.8429,2.6565,3414309.3346
688349.SH,2025-08-11,27.29,28.3,27.28,27.86,27.84,0.02,0.0718,67267.76,187103.762,2.868,1.48,18.8565,2.6584,3416762.143
688349.SH,2025-08-12,27.5,28.39,27.35,28.11,27.86,0.25,0.8973,52285.3,146512.078,2.2292,0.97,19.0257,2.6823,3447422.2484
688349.SH,2025-08-13,28.15,28.25,27.64,27.77,28.11,-0.34,-1.2095,30547.6,85076.852,1.3024,0.51,18.7956,2.6498,3405724.5051
688349.SH,2025-08-14,27.76,27.76,26.78,27.35,27.77,-0.42,-1.5124,38396.77,104451.854,1.6371,0.61,18.5113,2.6098,3354215.528
688349.SH,2025-08-15,27.11,28.57,27.11,28.06,27.35,0.71,2.596,52322.93,146459.258,2.2308,0.8,18.9918,2.6775,3441290.2273
688349.SH,2025-08-18,28.19,28.2,27.64,27.95,28.06,-0.11,-0.392,40266.66,112229.559,1.7168,0.84,18.9174,2.667,3427799.7809
688349.SH,2025-08-19,27.95,27.95,27.35,27.53,27.95,-0.42,-1.5027,27396.78,75615.252,1.1681,0.64,18.6331,2.6269,3376290.8039
688349.SH,2025-08-20,27.51,28.93,27.39,28.5,27.53,0.97,3.5234,50095.04,141325.207,2.1358,1.33,19.2897,2.7195,3495252.0128
688349.SH,2025-08-21,28.5,28.72,27.88,28.11,28.5,-0.39,-1.3684,31565.19,89093.872,1.3458,0.76,19.0257,2.6823,3447422.2484
688349.SH,2025-08-22,28.11,28.6,27.75,28.2,28.11,0.09,0.3202,41446.16,116365.501,1.7671,1.03,19.0866,2.6909,3458459.8863
688349.SH,2025-08-25,29.0,30.19,28.51,28.88,28.2,0.68,2.4113,89079.99,262208.746,3.798,2.33,19.5468,2.7557,3541855.3729
688349.SH,2025-08-26,28.66,29.44,28.3,29.03,28.88,0.15,0.5194,47099.89,136401.136,2.0081,0.98,19.6484,2.7701,3560251.4361
688349.SH,2025-08-27,28.83,29.98,28.35,28.51,29.03,-0.52,-1.7913,55058.41,161151.702,2.3474,1.06,19.2964,2.7204,3496478.417
688349.SH,2025-08-28,28.51,29.21,27.57,29.12,28.51,0.61,2.1396,60643.17,172195.159,2.5855,1.15,19.7093,2.7786,3571289.0741
688349.SH,2025-08-29,29.07,29.08,28.19,28.44,29.12,-0.68,-2.3352,64036.07,182605.561,2.7302,1.09,19.249,2.6177,3487893.5875
688349.SH,2025-09-01,29.0,30.18,28.94,29.18,28.44,0.74,2.602,72528.75,214619.366,3.0923,1.15,19.7499,2.6858,3578647.4994
688349.SH,2025-09-02,29.05,29.75,28.0,28.05,29.18,-1.13,-3.8725,44262.62,125824.007,1.8871,0.74,18.9851,2.5818,3440063.8231
688349.SH,2025-09-03,28.05,28.54,27.61,28.04,28.05,-0.01,-0.0357,25530.38,71445.851,1.0885,0.43,18.9783,2.5809,3438837.4189
688349.SH,2025-09-04,27.84,28.5,27.65,28.18,28.04,0.14,0.4993,39816.36,111980.099,1.6976,0.75,19.0731,2.5938,3456007.0779
688349.SH,2025-09-05,28.11,30.18,28.11,29.75,28.18,1.57,5.5713,84185.35,248808.177,3.5893,1.71,20.1357,2.7383,3648552.5396
688349.SH,2025-09-08,29.75,30.5,29.6,29.75,29.75,0.0,0.0,78227.79,234235.589,3.164,1.47,20.1357,2.7383,3648552.5396
688349.SH,2025-09-09,29.56,29.9,28.9,29.15,29.75,-0.6,-2.0168,35421.04,103959.212,1.4326,0.65,19.7296,2.683,3574968.2867
688349.SH,2025-09-10,29.44,29.44,28.0,28.27,29.15,-0.88,-3.0189,45393.41,129310.4,1.836,0.86,19.134,2.602,3467044.7158
688349.SH,2025-09-11,28.23,28.33,27.81,28.06,28.27,-0.21,-0.7428,64051.34,179581.268,2.5906,1.13,18.9918,2.5827,3441290.2273
688349.SH,2025-09-12,28.3,28.31,27.54,28.05,28.06,-0.01,-0.0356,55909.35,156632.359,2.2613,0.91,18.9851,2.5818,3440063.8231
688349.SH,2025-09-15,28.03,28.65,27.86,28.17,28.05,0.12,0.4278,49273.32,139161.324,1.9929,0.88,19.0663,2.5928,3454780.6737
688349.SH,2025-09-16,28.18,28.5,27.3,28.03,28.17,-0.14,-0.497,44529.89,124088.478,1.801,0.89,18.9715,2.58,3437611.0146
688349.SH,2025-09-17,28.03,29.35,27.6,28.92,28.03,0.89,3.1752,53049.14,152123.608,2.1456,1.02,19.5739,2.6619,3546760.9898
688349.SH,2025-09-18,28.48,29.37,27.76,28.51,28.92,-0.41,-1.4177,72033.47,205626.61,2.9134,1.35,19.2964,2.6241,3496478.417
688349.SH,2025-09-19,29.15,32.19,29.15,30.37,28.51,1.86,6.524,140965.75,434756.236,5.7014,2.56,20.5553,2.7953,3724589.601
688349.SH,2025-09-22,30.3,30.64,29.21,29.79,30.37,-0.58,-1.9098,77198.56,229364.636,3.1223,1.07,20.1628,2.7419,3653458.1565
688349.SH,2025-09-23,29.76,30.35,28.73,30.13,29.79,0.34,1.1413,74483.45,220715.676,3.0125,0.96,20.3929,2.7732,3695155.8998
688349.SH,2025-09-24,29.99,31.01,29.89,30.85,30.13,0.72,2.3896,73678.83,225150.339,2.98,0.88,20.8802,2.8395,3783457.0033
688349.SH,2025-09-25,30.68,31.36,30.2,30.83,30.85,-0.02,-0.0648,64885.24,199564.586,2.6243,0.74,20.8667,2.8377,3781004.1948
688349.SH,2025-09-26,30.59,31.9,30.55,30.86,30.83,0.03,0.0973,88821.12,277819.348,3.5924,1.03,20.887,2.8404,3784683.4075
688349.SH,2025-09-29,30.55,30.92,29.85,30.03,30.86,-0.83,-2.6896,74252.48,224606.454,3.0032,0.98,20.3252,2.764,3682891.8576
688349.SH,2025-09-30,30.03,31.09,30.03,30.39,30.03,0.36,1.1988,72262.15,221799.68,2.9227,0.96,20.5689,2.7972,3727042.4094
688349.SH,2025-10-09,30.59,33.0,29.73,32.49,30.39,2.1,6.9102,105423.19,333730.933,4.2639,1.41,21.9902,2.9905,3984587.2945
688349.SH,2025-10-10,32.48,32.93,32.01,32.1,32.49,-0.39,-1.2004,63359.77,205358.951,2.5626,0.78,21.7262,2.9546,3936757.5302
688349.SH,2025-10-13,31.03,32.73,31.03,32.31,32.1,0.21,0.6542,66483.7,212888.114,2.689,0.82,21.8684,2.9739,3962512.0187
688349.SH,2025-10-14,32.54,33.52,30.65,30.91,32.31,-1.4,-4.333,82782.68,263923.541,3.3482,1.08,20.9208,2.845,3790815.4286
688349.SH,2025-10-15,30.77,31.29,30.35,30.72,30.91,-0.19,-0.6147,50469.35,154897.263,2.0413,0.65,20.7922,2.8275,3767513.7485
688349.SH,2025-10-16,30.52,30.72,30.1,30.32,30.72,-0.4,-1.3021,31094.21,94479.776,1.2576,0.42,20.5215,2.7907,3718457.5799
688349.SH,2025-10-17,30.17,30.31,28.9,29.21,30.32,-1.11,-3.6609,56665.18,166464.334,2.2919,0.96,19.7702,2.6886,3582326.712
688349.SH,2025-10-20,29.39,29.53,28.43,28.52,29.21,-0.69,-2.3622,59810.32,173376.316,2.4191,1.04,19.3032,2.6251,3497704.8212
688349.SH,2025-10-21,28.43,29.49,28.43,28.9,28.52,0.38,1.3324,44928.96,130509.571,1.8172,0.8,19.5604,2.66,3544308.1814
688349.SH,2025-10-22,29.0,29.75,28.61,29.5,28.9,0.6,2.0761,51733.3,151543.615,2.0924,1.06,19.9665,2.7153,3617892.4343
688349.SH,2025-10-23,29.19,29.92,28.51,29.73,29.5,0.23,0.7797,41586.69,121852.273,1.682,0.85,20.1222,2.7364,3646099.7312
688349.SH,2025-10-24,29.73,30.31,29.3,29.49,29.73,-0.24,-0.8073,54894.68,163423.094,2.2202,1.08,19.9597,2.7143,3616666.03
688349.SH,2025-10-27,29.71,30.05,29.24,29.66,29.49,0.17,0.5765,42592.82,126326.637,1.7227,0.84,20.0748,2.73,3637514.9017
688349.SH,2025-10-28,29.7,29.89,29.21,29.35,29.66,-0.31,-1.0452,34208.93,100932.43,1.3836,0.73,19.865,2.7014,3599496.371
688349.SH,2025-10-29,29.29,29.9,28.73,29.78,29.35,0.43,1.4651,35684.94,104664.043,1.4433,0.79,20.156,2.741,3652231.7523
688349.SH,2025-10-30,29.7,30.13,28.92,29.78,29.78,0.0,0.0,52748.36,156204.266,2.1334,1.26,20.156,2.741,3652231.7523
688349.SH,2025-10-31,27.7,28.98,27.35,28.28,29.78,-1.5,-5.0369,123867.25,350617.638,5.0099,2.81,19.1407,2.613,3468271.12
688349.SH,2025-11-03,28.2,28.53,26.68,27.04,28.28,-1.24,-4.3847,81474.02,220391.801,3.2953,1.41,18.3015,2.4984,3316196.9974
688349.SH,2025-11-04,27.05,27.88,26.98,27.32,27.04,0.28,1.0355,51361.98,141095.001,2.0774,0.78,18.491,2.5243,3350536.3154
688349.SH,2025-11-05,27.32,28.09,27.05,28.01,27.32,0.69,2.5256,42658.4,118050.69,1.7253,0.62,18.958,2.588,3435158.2062
688349.SH,2025-11-06,28.01,28.99,27.91,28.5,28.01,0.49,1.7494,42071.57,120089.132,1.7016,0.6,19.2897,2.6333,3495252.0128
688349.SH,2025-11-07,28.35,28.8,28.02,28.64,28.5,0.14,0.4912,29451.09,83988.181,1.1912,0.43,19.3844,2.6462,3512421.6718
688349.SH,2025-11-10,28.55,28.98,27.73,28.2,28.64,-0.44,-1.5363,39460.18,111226.994,1.596,0.8,19.0866,2.6056,3458459.8863
688349.SH,2025-11-11,28.48,28.7,27.83,28.06,28.2,-0.14,-0.4965,38668.09,108914.037,1.564,0.94,18.9918,2.5927,3441290.2273
688349.SH,2025-11-12,27.86,28.39,26.89,26.94,28.06,-1.12,-3.9914,36500.76,99545.849,1.4763,0.95,18.2338,2.4892,3303932.9552
688349.SH,2025-11-13,26.87,27.35,26.71,27.12,26.94,0.18,0.6682,31126.97,84316.761,1.2589,0.84,18.3556,2.5058,3326008.2311
688349.SH,2025-11-14,27.08,28.26,26.84,27.28,27.12,0.16,0.59,52767.75,145507.264,2.1342,1.51,18.4639,2.5206,3345630.6985
688349.SH,2025-11-17,27.23,27.45,26.46,27.06,27.28,-0.22,-0.8065,38933.68,104496.962,1.5747,0.98,18.315,2.5003,3318649.8058
688349.SH,2025-11-18,27.0,27.4,26.61,27.12,27.06,0.06,0.2217,31012.98,83867.713,1.2543,0.78,18.3556,2.5058,3326008.2311
688349.SH,2025-11-19,27.22,27.39,26.86,27.2,27.12,0.08,0.295,17962.56,48763.716,0.7265,0.47,18.4098,2.5132,3335819.4648
688349.SH,2025-11-20,27.39,27.58,26.99,26.99,27.2,-0.21,-0.7721,17964.07,49037.318,0.7266,0.52,18.2676,2.4938,3310064.9763
688349.SH,2025-11-21,27.03,27.22,26.52,26.76,26.99,-0.23,-0.8522,28902.0,77745.745,1.169,0.91,18.112,2.4725,3281857.6793
688349.SH,2025-11-24,26.76,27.36,26.26,27.02,26.76,0.26,0.9716,34586.84,92951.977,1.3989,1.28,18.2879,2.4966,3313744.1889
688349.SH,2025-11-25,27.06,27.35,26.81,26.95,27.02,-0.07,-0.2591,26526.03,71788.745,1.0729,1.02,18.2406,2.4901,3305159.3594
688349.SH,2025-11-26,26.95,27.24,26.51,26.62,26.95,-0.33,-1.2245,33319.76,89536.311,1.3476,1.32,18.0172,2.4596,3264688.0203
688349.SH,2025-11-27,26.78,27.6,26.61,27.12,26.62,0.5,1.8783,27309.3,74216.132,1.1045,0.97,18.3556,2.5058,3326008.2311
688349.SH,2025-11-28,27.3,27.66,27.01,27.04,27.12,-0.08,-0.295,24080.74,65535.909,0.974,0.8,18.3015,2.4984,3316196.9974
688349.SH,2025-12-01,27.0,27.17,25.31,25.74,27.04,-1.3,-4.8077,83624.3,215527.67,3.3822,2.87,17.4216,2.3783,3156764.4494
688349.SH,2025-12-02,25.8,26.21,25.36,25.88,25.74,0.14,0.5439,39209.63,101085.718,1.5859,1.01,17.5164,2.3912,3173934.1084
688349.SH,2025-12-03,25.51,26.18,25.51,25.99,25.88,0.11,0.425,27417.5,71117.679,1.1089,0.66,17.5908,2.4014,3187424.5548
688349.SH,2025-12-04,25.99,26.26,25.8,25.82,25.99,-0.17,-0.6541,18631.95,48416.135,0.7536,0.46,17.4757,2.3857,3166575.6831
688349.SH,2025-12-05,26.15,26.72,25.54,25.82,25.82,0.0,0.0,38874.07,101117.781,1.5723,1.01,17.4757,2.3857,3166575.6831
688349.SH,2025-12-08,25.98,26.1,25.53,25.81,25.82,-0.01,-0.0387,32575.4,83932.438,1.3175,0.78,17.469,2.3848,3165349.2789
688349.SH,2025-12-09,25.99,26.03,25.6,25.61,25.81,-0.2,-0.7749,17581.31,45290.847,0.7111,0.56,17.3336,2.3663,3140821.1946
688349.SH,2025-12-10,25.51,26.27,25.27,25.7,25.61,0.09,0.3514,35023.46,90339.198,1.4165,1.3,17.3945,2.3746,3151858.8326
688349.SH,2025-12-11,25.69,26.13,25.55,25.78,25.7,0.08,0.3113,26886.93,69649.409,1.0875,0.94,17.4487,2.382,3161670.0663
688349.SH,2025-12-12,25.96,26.44,25.8,26.4,25.78,0.62,2.405,41018.26,107143.829,1.659,1.36,17.8683,2.4393,3237707.1276
688349.SH,2025-12-15,26.4,26.65,25.7,26.36,26.4,-0.04,-0.1515,32900.5,86426.623,1.3307,1.07,17.8412,2.4356,3232801.5107
688349.SH,2025-12-16,26.18,26.68,26.08,26.24,26.36,-0.12,-0.4552,23648.62,62217.361,0.9565,0.77,17.76,2.4245,3218084.6602
688349.SH,2025-12-17,26.13,26.49,25.61,26.28,26.24,0.04,0.1524,28473.9,74160.822,1.1516,0.89,17.7871,2.4282,3222990.277
688349.SH,2025-12-18,26.1,26.58,25.99,26.21,26.28,-0.07,-0.2664,20682.95,54546.055,0.8365,0.68,17.7397,2.4217,3214405.4475
688349.SH,2025-12-19,26.65,26.68,26.3,26.4,26.21,0.19,0.7249,18301.4,48474.64,0.7402,0.62,17.8683,2.4393,3237707.1276
688349.SH,2025-12-22,26.33,26.67,25.78,26.02,26.4,-0.38,-1.4394,35716.36,93122.845,1.4446,1.44,17.6111,2.4042,3191103.7674
688349.SH,2025-12-23,25.92,26.17,25.5,25.67,26.02,-0.35,-1.3451,29087.29,74995.069,0.2445,1.15,17.3742,2.3718,3148179.6199
688349.SH,2025-12-24,25.72,25.96,25.44,25.94,25.67,0.27,1.0518,20224.1,52099.98,0.17,0.76,17.557,2.3968,3181292.5337
688349.SH,2025-12-25,25.95,26.48,25.8,26.34,25.94,0.4,1.542,28541.73,74978.288,0.24,1.15,17.8277,2.4337,3230348.7023
688349.SH,2025-12-26,26.17,26.5,25.69,25.74,26.34,-0.6,-2.2779,36599.62,95320.194,0.3077,1.39,17.4216,2.3783,3156764.4494
688349.SH,2025-12-29,25.68,26.0,25.06,25.12,25.74,-0.62,-2.4087,41603.49,105934.862,0.3498,1.39,17.002,2.321,3080727.3881
688349.SH,2025-12-30,25.17,25.33,25.01,25.12,25.12,0.0,0.0,20871.24,52583.372,0.1755,0.67,17.002,2.321,3080727.3881
688349.SH,2025-12-31,25.12,25.35,24.92,25.28,25.12,0.16,0.6369,26856.86,67561.493,0.2258,0.91,17.1103,2.3358,3100349.8555
688349.SH,2026-01-05,25.28,25.92,25.05,25.75,25.28,0.47,1.8592,44749.64,115168.962,0.3762,1.45,17.4284,2.3792,3157990.8536
688349.SH,2026-01-06,25.54,27.18,25.54,27.14,25.75,1.39,5.3981,78326.91,208402.795,0.6585,2.29,18.3692,2.5077,3328461.0395
688349.SH,2026-01-07,27.0,27.12,26.7,26.74,27.14,-0.4,-1.4738,31780.34,85337.989,0.2672,0.75,18.0984,2.4707,3279404.8709
688349.SH,2026-01-08,26.74,27.41,26.4,27.0,26.74,0.26,0.9723,40959.54,110331.538,0.3443,1.01,18.2744,2.4947,3311291.3805
688349.SH,2026-01-09,27.37,27.95,27.0,27.59,27.0,0.59,2.1852,54127.28,148620.01,0.455,1.22,18.6737,2.5492,3383649.2292
688349.SH,2026-01-12,27.41,28.05,27.28,27.88,27.59,0.29,1.0511,41614.87,115590.063,0.3499,0.83,18.87,2.576,3419214.9514
688349.SH,2026-01-13,27.7,27.87,27.08,27.35,27.88,-0.53,-1.901,41990.44,114887.682,0.353,0.85,18.5113,2.5271,3354215.528
688349.SH,2026-01-14,27.21,27.68,26.59,26.89,27.35,-0.46,-1.6819,44955.86,122021.363,0.3779,1.07,18.2,2.4846,3297800.9341
688349.SH,2026-01-15,26.9,27.2,26.38,26.92,26.89,0.03,0.1116,51304.17,137068.689,0.4313,1.15,18.2203,2.4873,3301480.1468
688349.SH,2026-01-16,27.2,27.34,26.5,26.65,26.92,-0.27,-1.003,50806.03,135717.335,0.4271,1.09,18.0375,2.4624,3268367.233
688349.SH,2026-01-19,26.5,27.43,26.28,27.3,26.65,0.65,2.439,54642.83,148251.122,0.4594,1.18,18.4775,2.5224,3348083.507
688349.SH,2026-01-20,27.58,27.6,27.03,27.42,27.3,0.12,0.4396,45890.56,125423.013,0.3858,0.94,18.5587,2.5335,3362800.3575
688349.SH,2026-01-21,27.37,27.59,26.98,27.26,27.42,-0.16,-0.5835,39786.4,108263.944,0.3345,0.8,18.4504,2.5187,3343177.8901
688349.SH,2026-01-22,27.36,27.36,26.85,27.07,27.26,-0.19,-0.697,30420.5,82309.029,0.2557,0.63,18.3218,2.5012,3319876.21
688349.SH,2026-01-23,27.3,28.55,27.0,28.37,27.07,1.3,4.8024,59712.04,167099.404,0.502,1.35,19.2017,2.6213,3479308.758
688349.SH,2026-01-26,28.48,28.48,27.29,27.5,28.37,-0.87,-3.0666,50340.85,139337.85,0.4232,1.09,18.6128,2.5409,3372611.5913
688349.SH,2026-01-27,27.35,27.85,26.82,27.8,27.5,0.3,1.0909,52492.93,143889.628,0.4413,1.16,18.8159,2.5686,3409403.7177
688349.SH,2026-01-28,27.61,28.24,27.42,28.12,27.8,0.32,1.1511,47324.47,132086.397,0.3979,1.02,19.0325,2.5982,3448648.6526
688349.SH,2026-01-29,27.95,28.17,27.2,27.26,28.12,-0.86,-3.0583,39001.6,107820.677,0.3279,0.81,18.4504,2.5187,3343177.8901
688349.SH,2026-01-30,27.45,27.45,25.66,26.01,27.26,-1.25,-4.5855,54863.06,144121.342,0.4612,1.1,17.6043,2.4032,3189877.3632
688349.SH,2026-02-02,26.01,26.77,25.78,25.85,26.01,-0.16,-0.6151,44734.92,117863.154,0.3761,0.92,17.4961,2.3885,3170254.8958
688349.SH,2026-02-03,25.85,26.81,25.85,26.6,25.85,0.75,2.9014,41323.13,109052.236,0.3474,0.87,18.0037,2.4578,3262235.2119
688349.SH,2026-02-04,26.38,28.2,26.38,28.01,26.6,1.41,5.3008,64054.99,176936.556,0.5385,1.41,18.958,2.588,3435158.2062
688349.SH,2026-02-05,27.71,28.01,27.4,27.67,28.01,-0.34,-1.2139,34656.86,96006.142,0.2914,0.71,18.7279,2.5566,3393460.4629
688349.SH,2026-02-06,27.51,28.13,27.21,27.73,27.67,0.06,0.2168,38712.07,107390.39,0.3255,0.81,18.7685,2.5622,3400818.8882
688349.SH,2026-02-09,27.91,28.01,27.28,27.36,27.73,-0.37,-1.3343,39817.57,109693.529,0.3347,0.89,18.5181,2.528,3355441.9322
688349.SH,2026-02-10,27.6,27.6,26.82,27.0,27.36,-0.36,-1.3158,32932.15,88907.491,0.2769,0.75,18.2744,2.4947,3311291.3805
688349.SH,2026-02-11,26.95,27.13,26.68,26.75,27.0,-0.25,-0.9259,23679.01,63620.287,0.1991,0.56,18.1052,2.4716,3280631.2751
688349.SH,2026-02-12,26.76,26.85,26.32,26.37,26.75,-0.38,-1.4206,26906.07,71247.988,0.2262,0.79,17.848,2.4365,3234027.915
688349.SH,2026-02-13,26.39,26.5,25.66,25.66,26.37,-0.71,-2.6925,34357.19,89105.633,0.2888,1.06,17.3675,2.3709,3146953.2157
688349.SH,2026-02-24,25.79,26.42,25.59,26.16,25.66,0.5,1.9486,48821.95,126995.683,0.4104,1.55,17.7059,2.4171,3208273.4264
688349.SH,2026-02-25,26.1,27.08,26.07,26.56,26.16,0.4,1.5291,54280.61,145083.721,0.4563,1.63,17.9766,2.4541,3257329.595
688349.SH,2026-02-26,26.41,27.09,26.33,26.78,26.56,0.22,0.8283,40991.16,109571.576,0.3446,1.09,18.1255,2.4744,3284310.4878
688349.SH,2026-02-27,26.6,27.13,26.5,26.62,26.78,-0.16,-0.5975,35425.72,94679.131,0.2978,0.86,18.0172,2.4596,3264688.0203
688349.SH,2026-03-02,26.46,26.83,26.07,26.4,26.62,-0.22,-0.8264,53058.34,139992.162,0.4461,1.24,17.8683,2.3354,3237707.1276
688349.SH,2026-03-03,26.24,27.1,26.03,26.15,26.4,-0.25,-0.947,52477.37,138757.046,0.4412,1.13,17.6991,2.3133,3207047.0222
688349.SH,2026-03-04,25.87,26.33,25.26,25.79,26.15,-0.36,-1.3767,53942.75,139349.966,0.4535,1.14,17.4554,2.2815,3162896.4705
688349.SH,2026-03-05,26.1,26.28,25.41,25.58,25.79,-0.21,-0.8143,41849.03,107788.575,0.3518,0.89,17.3133,2.2629,3137141.982
688349.SH,2026-03-06,25.78,26.35,25.24,25.88,25.58,0.3,1.1728,39061.19,101041.656,0.3284,0.82,17.5164,2.2894,3173934.1084
688349.SH,2026-03-09,25.72,26.09,25.4,25.79,25.88,-0.09,-0.3478,56503.08,145725.983,0.475,1.18,17.4554,2.2815,3162896.4705
688349.SH,2026-03-10,25.97,26.4,25.71,26.12,25.79,0.33,1.2796,50171.51,131036.815,0.4218,1.03,17.6788,2.3106,3203367.8096
688349.SH,2026-03-11,26.17,27.14,25.9,26.89,26.12,0.77,2.9479,72071.91,191988.27,0.6059,1.49,18.2,2.3788,3297800.9341
688349.SH,2026-03-12,26.96,31.38,26.81,29.95,26.89,3.06,11.3797,232718.57,681197.629,1.9565,4.48,20.2711,2.6495,3673080.6239
688349.SH,2026-03-13,29.74,30.9,28.8,29.05,29.95,-0.9,-3.005,196902.29,582019.781,1.6554,2.19,19.6619,2.5698,3562704.2446
688349.SH,2026-03-16,29.4,29.88,28.03,28.27,29.05,-0.78,-2.685,144567.36,414184.793,1.2154,1.19,19.134,2.5008,3467044.7158
688349.SH,2026-03-17,28.14,28.65,27.31,27.41,28.27,-0.86,-3.0421,112849.94,314586.363,0.9487,0.81,18.5519,2.4248,3361573.9533
688349.SH,2026-03-18,27.25,27.51,26.18,26.74,27.41,-0.67,-2.4444,121798.79,324965.67,1.024,0.8,18.0984,2.3655,3279404.8709
688349.SH,2026-03-19,26.4,27.45,26.21,26.67,26.74,-0.07,-0.2618,113251.23,303612.168,0.9521,0.7,18.0511,2.3593,3270820.0414
688349.SH,2026-03-20,26.61,27.6,25.67,25.96,26.67,-0.71,-2.6622,150223.42,399500.83,1.2629,1.09,17.5705,2.2965,3183745.3421
688349.SH,2026-03-23,25.2,25.73,24.25,24.37,25.96,-1.59,-6.1248,149556.45,372630.916,1.2573,1.16,16.4943,2.1558,2988747.072
688349.SH,2026-03-24,24.74,25.01,23.97,24.85,24.37,0.48,1.9696,94677.52,232126.518,0.796,0.73,16.8192,2.1983,3047614.4743
688349.SH,2026-03-25,24.83,25.5,24.55,24.9,24.85,0.05,0.2012,81048.6,202575.019,0.6814,0.64,16.8531,2.2027,3053746.4954
688349.SH,2026-03-26,24.77,24.89,23.57,23.65,24.9,-1.25,-5.0201,84938.24,205161.125,0.7141,0.72,16.007,2.0921,2900445.9685
688349.SH,2026-03-27,23.4,24.57,23.14,24.38,23.65,0.73,3.0867,82373.09,197303.872,0.6925,0.73,16.5011,2.1567,2989973.4762
688349.SH,2026-03-30,24.0,24.88,23.5,24.36,24.38,-0.02,-0.082,76223.71,184189.692,0.6408,0.77,16.4876,2.155,2987520.6677
688349.SH,2026-03-31,24.35,24.56,23.62,23.62,24.36,-0.74,-3.0378,59697.49,143724.563,0.5019,0.71,15.9867,2.0895,2896766.7558
688349.SH,2026-04-01,24.0,24.2,23.7,23.86,23.62,0.24,1.0161,47014.71,112328.321,0.3953,0.61,16.1492,2.1107,2926200.457
688349.SH,2026-04-02,23.8,24.24,22.92,23.06,23.86,-0.8,-3.3529,59687.29,139701.018,0.5018,0.85,15.6077,2.04,2828088.1198
688349.SH,2026-04-03,23.06,23.21,22.42,22.62,23.06,-0.44,-1.9081,45395.07,102659.759,0.3816,0.7,15.3099,2.001,2774126.3343
688349.SH,2026-04-07,22.73,22.8,22.3,22.43,22.62,-0.19,-0.84,34069.87,76652.355,0.2864,0.59,15.1813,1.9842,2750824.6542
688349.SH,2026-04-08,22.9,23.78,22.79,23.71,22.43,1.28,5.7066,65790.15,153360.617,0.5531,1.34,16.0476,2.0975,2907804.3938
688349.SH,2026-04-09,23.41,23.69,23.1,23.58,23.71,-0.13,-0.5483,55209.61,129458.155,0.4641,1.1,15.9596,2.086,2891861.139
688349.SH,2026-04-10,23.77,24.49,23.69,23.74,23.58,0.16,0.6785,56703.92,136534.855,0.4767,1.09,16.0679,2.1001,2911483.6064
688349.SH,2026-04-13,23.73,24.43,23.6,24.1,23.74,0.36,1.5164,50569.12,121912.298,0.4251,0.98,16.3116,2.132,2955634.1582
688349.SH,2026-04-14,24.2,24.27,23.74,24.09,24.1,-0.01,-0.0415,41337.14,99290.414,0.3475,0.79,16.3048,2.1311,2954407.7539
688349.SH,2026-04-15,24.19,24.19,23.69,23.72,24.09,-0.37,-1.5359,41415.97,99021.963,0.3482,0.77,16.0544,2.0983,2909030.798
688349.SH,2026-04-16,23.77,23.95,23.51,23.67,23.72,-0.05,-0.2108,48611.71,115106.761,0.4087,0.99,16.0206,2.0939,2902898.7769
688349.SH,2026-04-17,23.6,24.45,23.6,24.26,23.67,0.59,2.4926,65783.61,158636.964,0.553,1.38,16.4199,2.1461,2975256.6256
688349.SH,2026-04-20,24.22,24.6,23.93,24.55,24.26,0.29,1.1954,65361.27,159269.4,0.5495,1.32,16.6162,2.1718,3010822.3478
688349.SH,2026-04-21,24.66,25.0,24.43,24.77,24.55,0.22,0.8961,61631.6,152533.241,0.5181,1.17,16.7651,2.1912,3037803.2406
688349.SH,2026-04-22,24.6,25.23,24.45,25.07,24.77,0.3,1.2111,57150.26,143068.117,0.4805,1.01,16.9681,2.2178,3074595.367
688349.SH,2026-04-23,25.65,25.88,24.24,24.74,25.07,-0.33,-1.3163,120604.46,301170.557,1.0139,2.02,42.6014,2.112,3034124.0279
688349.SH,2026-04-24,24.79,25.18,24.01,24.17,24.74,-0.57,-2.304,77500.24,189291.441,0.6515,1.05,41.6199,2.0634,2964218.9877
688349.SH,2026-04-27,24.2,24.86,24.09,24.28,24.17,0.11,0.4551,71163.63,173263.028,0.5983,0.93,41.8093,2.0728,2977709.434
688349.SH,2026-04-28,24.28,24.68,23.88,24.28,24.28,0.0,0.0,81828.29,198842.52,0.6879,1.05,41.8093,2.0728,2977709.434
688349.SH,2026-04-29,24.28,24.58,24.1,24.58,24.28,0.3,1.2356,55651.92,135615.509,0.4679,0.68,42.3259,2.0984,3014501.5605
688349.SH,2026-04-30,24.4,24.8,24.25,24.8,24.58,0.22,0.895,82149.89,201285.851,0.6906,1.01,42.7047,2.1172,3041482.4532
688349.SH,2026-05-06,24.8,25.33,24.65,25.09,24.8,0.29,1.1694,95535.51,239227.712,0.8032,1.3,43.2041,2.1419,3077048.1754
688349.SH,2026-05-07,25.07,25.32,24.82,25.17,25.09,0.08,0.3189,62120.96,155950.11,0.5223,0.8,43.3419,2.1488,3086859.4092
688349.SH,2026-05-08,25.2,25.2,24.72,24.89,25.17,-0.28,-1.1124,56192.49,139728.377,0.4724,0.74,42.8597,2.1249,3052520.0911
688349.SH,2026-05-11,24.86,25.4,24.68,24.91,24.89,0.02,0.0804,97294.65,242569.926,0.818,1.38,42.8942,2.1266,3054972.8996
688349.SH,2026-05-12,24.92,24.95,23.33,23.62,24.91,-1.29,-5.1786,116920.12,281025.05,0.9829,1.49,40.6728,2.0164,2896766.7558
688349.SH,2026-05-13,23.5,23.98,23.3,23.94,23.62,0.32,1.3548,112377.05,265309.926,0.9448,1.31,41.2238,2.0438,2936011.6907
688349.SH,2026-05-14,23.83,23.9,22.61,22.73,23.94,-1.21,-5.0543,106497.72,244741.936,0.8953,1.2,39.1403,1.9405,2787616.7807
688349.SH,2026-05-15,22.76,22.8,22.02,22.19,22.73,-0.54,-2.3757,90838.39,203652.368,0.7637,0.93,38.2104,1.8944,2721390.9531
688349.SH,2026-05-18,22.29,22.52,21.97,22.14,22.19,-0.05,-0.2253,66596.53,148034.521,0.5599,0.64,38.1243,1.8901,2715258.932
688349.SH,2026-05-19,22.25,22.37,22.0,22.21,22.14,0.07,0.3162,54665.16,121019.476,0.4596,0.55,38.2448,1.8961,2723843.7615
688349.SH,2026-05-20,22.18,22.23,21.66,22.0,22.21,-0.21,-0.9455,66931.38,146841.239,0.5627,0.78,37.8832,1.8781,2698089.273
688349.SH,2026-05-21,22.14,22.62,21.95,22.0,22.0,0.0,0.0,80719.36,180096.311,0.6786,1.05,37.8832,1.8781,2698089.273
688349.SH,2026-05-22,22.2,22.35,21.7,22.09,22.0,0.09,0.4091,63678.25,139591.294,0.5353,0.89,38.0382,1.8858,2709126.9109
688349.SH,2026-05-25,22.0,22.23,21.51,21.68,22.09,-0.41,-1.856,84635.16,184549.234,0.7115,1.27,37.3322,1.8508,2658844.3381
688349.SH,2026-05-26,21.59,21.86,21.35,21.8,21.68,0.12,0.5535,68262.14,147103.06,0.5739,0.97,37.5388,1.8611,2673561.1887
688349.SH,2026-05-27,21.79,22.29,21.18,21.33,21.8,-0.47,-2.156,78148.7,168351.129,0.657,1.07,36.7295,1.8209,2615920.1906
688349.SH,2026-05-28,21.18,21.49,21.0,21.3,21.33,-0.03,-0.1406,57504.67,122397.636,0.4834,0.77,36.6779,1.8184,2612240.978
688349.SH,2026-05-29,21.45,21.51,20.82,20.94,21.3,-0.36,-1.6901,78190.36,164745.005,0.6573,1.11,36.0579,1.7876,2568090.4262
688349.SH,2026-06-01,20.75,20.8,20.18,20.27,20.94,-0.67,-3.1996,92611.97,188718.96,0.7786,1.26,34.9042,1.7304,2485921.3438
688349.SH,2026-06-02,20.3,20.37,19.27,19.51,20.27,-0.76,-3.7494,95440.45,187221.227,0.8024,1.27,33.5955,1.6656,2392714.6235
688349.SH,2026-06-03,19.51,19.55,19.2,19.35,19.51,-0.16,-0.8201,68149.95,131949.165,0.5729,0.85,33.32,1.6519,2373092.156
688349.SH,2026-06-04,19.2,19.35,18.53,18.68,19.35,-0.67,-3.4625,99980.84,188356.55,0.8405,1.28,32.1663,1.5947,2290923.0736
688349.SH,2026-06-05,18.81,18.97,18.25,18.55,18.68,-0.13,-0.6959,70300.48,130938.153,0.591,0.81,31.9425,1.5836,2274979.8188
688349.SH,2026-06-08,18.25,18.38,17.38,17.54,18.55,-1.01,-5.4447,92834.14,165315.871,0.7805,1.09,30.2033,1.4974,2151112.9931
688349.SH,2026-06-09,17.66,17.91,17.42,17.87,17.54,0.33,1.8814,87846.63,155380.396,0.7385,1.03,30.7715,1.5256,2191584.3322
688349.SH,2026-06-10,17.71,17.84,17.34,17.76,17.87,-0.11,-0.6156,72645.04,127642.739,0.6107,0.87,30.5821,1.5162,2178093.8858
688349.SH,2026-06-11,17.7,18.25,17.59,18.01,17.76,0.25,1.4077,88050.57,157626.317,0.7402,1.04,31.0126,1.5375,2208753.9912
688349.SH,2026-06-12,18.22,19.34,17.88,19.34,18.01,1.33,7.3848,164896.63,310848.522,1.3863,2.0,33.3028,1.6511,2371865.7228
688349.SH,2026-06-15,19.29,19.49,18.82,19.14,19.34,-0.2,-1.0341,106306.34,203899.601,0.8937,1.05,32.9584,1.634,2347337.6388
688349.SH,2026-06-16,18.99,19.28,18.8,18.9,19.14,-0.24,-1.2539,72695.02,137864.069,0.6111,0.7,32.5451,1.6135,2317903.938
688349.SH,2026-06-17,18.8,18.96,18.29,18.48,18.9,-0.42,-2.2222,92357.85,170638.928,0.7765,0.92,31.8219,1.5776,2266394.9616
688349.SH,2026-06-18,13.95,14.49,13.91,14.12,13.94,0.18,1.2912,114005.34,161153.332,0.7377,1.09,31.5888,1.5661,2249790.8556
688349.SH,2026-06-22,13.95,14.01,13.41,13.81,14.12,-0.31,-2.1955,108236.58,148003.345,0.7004,0.98,30.8953,1.5317,2200397.4303
688349.SH,2026-06-23,13.82,14.16,13.59,13.61,13.81,-0.2,-1.4482,86895.42,120037.291,0.5623,0.88,30.4478,1.5095,2168530.7043
688349.SH,2026-06-24,13.78,13.78,13.07,13.17,13.61,-0.44,-3.2329,123303.88,163342.26,0.7979,1.3,29.4635,1.4607,2098423.9071
688349.SH,2026-06-25,13.12,13.72,12.98,13.31,13.17,0.14,1.063,124274.07,165305.594,0.8042,1.18,29.7767,1.4762,2120730.6153
688349.SH,2026-06-26,13.83,15.22,13.83,14.45,13.31,1.14,8.565,296959.05,436852.385,1.9216,2.67,32.327,1.6027,2302370.9535
688349.SH,2026-06-29,14.03,15.33,13.76,14.93,14.45,0.48,3.3218,258132.8,382093.295,1.6704,1.74,33.4009,1.6559,2378851.0959
688349.SH,2026-06-30,14.73,15.68,14.64,15.18,14.93,0.25,1.6745,196012.94,299447.83,1.2684,1.1,33.9602,1.6836,2418684.5034
688349.SH,2026-07-01,15.01,15.66,14.6,15.35,15.18,0.17,1.1199,205564.94,309569.052,1.3302,1.03,34.3405,1.7025,2445771.2205
688349.SH,2026-07-02,15.3,15.4,14.67,14.77,15.35,-0.58,-3.7785,160095.58,239620.622,1.036,0.74,33.0429,1.6382,2353357.7151
688349.SH,2026-07-03,15.06,15.33,14.95,15.1,14.77,0.33,2.2343,127792.57,192969.061,0.827,0.57,33.7812,1.6748,2405937.813
688349.SH,2026-07-06,15.1,15.18,14.54,14.56,15.1,-0.54,-3.5762,109774.82,162044.561,0.7104,0.58,32.5731,1.6149,2319897.6528
688349.SH,2026-07-07,14.5,14.71,14.18,14.23,14.56,-0.33,-2.2665,93045.04,134038.813,0.5941,0.58,31.8349,1.5783,2267317.5549
688349.SH,2026-07-08,14.2,14.23,13.79,13.92,14.23,-0.31,-2.1785,92891.72,129638.663,0.5931,0.67,31.1413,1.5439,2217924.1296
688349.SH,2026-07-09,13.87,14.1,13.56,14.04,13.92,0.12,0.8621,95421.92,131761.182,0.6093,0.82,31.4098,1.5572,2237044.1652
688349.SH,2026-07-10,14.12,14.87,13.94,14.33,14.04,0.29,2.0655,122545.49,176700.847,0.7824,1.18,32.0586,1.5894,2283250.9179
688349.SH,2026-07-13,14.21,14.46,13.66,13.77,14.33,-0.56,-3.9079,93061.66,128820.24,0.5942,0.91,30.8058,1.5273,2194024.0851
688349.SH,2026-07-14,13.88,13.88,13.53,13.79,13.77,0.02,0.1452,67817.86,92676.819,0.433,0.68,30.8505,1.5295,2197210.7577
688349.SH,2026-07-15,13.76,14.2,13.51,14.12,13.79,0.33,2.393,80155.39,111844.041,0.5118,0.85,31.5888,1.5661,2249790.8556
688349.SH,2026-07-16,14.03,14.2,13.79,13.92,14.12,-0.2,-1.4164,70301.14,98305.616,0.4489,0.77,31.1413,1.5439,2217924.1296
688349.SH,2026-07-17,13.92,14.22,13.61,13.72,13.92,-0.2,-1.4368,102727.34,142795.876,0.6559,1.18,30.6939,1.5217,2186057.4036
688349.SH,2026-07-20,13.74,14.55,13.65,14.53,13.72,0.81,5.9038,151161.85,215046.748,0.9652,1.83,32.506,1.6115,2315117.6439
688349.SH,2026-07-21,14.52,15.0,14.36,14.5,14.53,-0.03,-0.2065,140918.64,206361.732,0.8998,1.49,32.4389,1.6082,2310337.635
688349.SH,2026-07-22,14.52,14.6,14.05,14.26,14.5,-0.24,-1.6552,97903.09,139349.93,0.6251,0.9,31.902,1.5816,2272097.5638
688349.SH,2026-07-23,14.26,14.69,14.03,14.63,14.26,0.37,2.5947,90215.67,130375.086,0.576,0.8,32.7297,1.6226,2331051.0069
688349.SH,2026-07-24,14.49,14.65,14.15,14.15,14.63,-0.48,-3.2809,81240.27,116414.364,0.5187,0.7,31.6559,1.5694,2254570.8645
688349.SH,2026-07-27,14.0,14.59,13.95,14.57,14.15,0.42,2.9682,75642.7,109108.393,0.483,0.67,32.5955,1.616,2321490.9891
688349.SH,2026-07-28,14.36,14.77,14.36,14.49,14.57,-0.08,-0.5491,82556.08,119755.333,0.5271,0.85,32.4165,1.6071,2308744.2987
688349.SH,2026-07-29,14.52,15.1,14.45,14.92,14.49,0.43,2.9676,111575.84,165400.495,0.7124,1.3,33.3785,1.6548,2377257.7596
688349.SH,2026-07-30,14.84,15.32,14.78,15.11,14.92,0.19,1.2735,88730.56,134098.694,0.5665,1.01,33.8036,1.6759,2407531.1493
688349.SH,2026-07-31,15.16,15.31,14.96,15.2,15.11,0.09,0.5956,96696.89,146546.679,0.6174,1.1,34.0049,1.6859,2421871.176
688349.SH,2026-08-03,15.2,15.79,15.11,15.6,15.2,0.4,2.6316,116541.87,181083.094,0.7441,1.28,34.8998,1.7302,2485604.628
688349.SH,2026-08-04,15.65,15.68,15.18,15.26,15.6,-0.34,-2.1795,104059.53,159846.462,0.6644,1.05,34.1391,1.6925,2431431.1938
688349.SH,2026-08-05,15.28,15.28,15.07,15.16,15.26,-0.1,-0.6553,82174.52,124679.516,0.5247,0.79,33.9154,1.6814,2415497.8308
688349.SH,2026-08-06,15.25,15.28,14.81,15.06,15.16,-0.1,-0.6596,88903.44,133219.859,0.5676,0.91,33.6917,1.6703,2399564.4678
688349.SH,2026-08-07,15.05,15.07,14.79,14.96,15.06,-0.1,-0.664,65430.87,97602.167,0.4178,0.67,33.468,1.6592,2383631.1048
688349.SH,2026-08-10,15.02,15.19,14.93,15.11,14.96,0.15,1.0027,72268.36,109019.857,0.4614,0.79,33.8036,1.6759,2407531.1493
688349.SH,2026-08-11,15.06,15.14,14.74,14.76,15.11,-0.35,-2.3163,74350.95,110619.487,0.4747,0.9,33.0206,1.6371,2351764.3788
688349.SH,2026-08-12,14.78,14.89,14.67,14.83,14.76,0.07,0.4743,53325.71,78806.667,0.3405,0.7,33.1772,1.6448,2362917.7329
688349.SH,2026-08-13,14.83,14.93,14.58,14.64,14.83,-0.19,-1.2812,62072.4,91787.583,0.3963,0.88,32.7521,1.6237,2332644.3432
688349.SH,2026-08-14,14.62,14.73,14.36,14.45,14.64,-0.19,-1.2978,63783.89,92185.14,0.4073,0.97,32.327,1.6027,2302370.9535
688349.SH,2026-08-17,14.46,14.65,14.3,14.51,14.45,0.06,0.4152,57518.03,83468.004,0.3672,0.88,32.4613,1.6093,2311930.9713
688349.SH,2026-08-18,14.48,14.5,14.25,14.4,14.51,-0.11,-0.7581,51019.39,73339.177,0.3258,0.82,32.2152,1.5971,2294404.272
688349.SH,2026-08-19,14.5,14.52,14.05,14.08,14.4,-0.32,-2.2222,68245.23,96836.091,0.4357,1.19,31.4993,1.5616,2243417.5104
688349.SH,2026-08-20,14.25,14.36,14.06,14.13,14.08,0.05,0.3551,49221.04,69886.344,0.3143,0.81,31.6112,1.5672,2251384.1919
688349.SH,2026-08-21,14.07,14.2,13.97,14.0,14.13,-0.13,-0.92,48768.19,68444.299,0.3114,0.84,31.3203,1.5528,2230670.82
688349.SH,2026-08-24,13.95,14.04,13.75,13.84,14.0,-0.16,-1.1429,46129.13,63979.871,0.2945,0.84,30.9624,1.535,2205177.4392
688349.SH,2026-08-25,13.78,13.97,13.71,13.72,13.84,-0.12,-0.8671,70491.07,97535.349,0.4501,1.34,30.6939,1.5217,2186057.4036
688349.SH,2026-08-26,13.75,14.12,13.73,14.05,13.72,0.33,2.4052,64389.97,90109.543,0.4111,1.14,31.4322,1.5583,2238637.5015
688349.SH,2026-08-27,14.0,14.01,13.76,13.97,14.05,-0.08,-0.5694,66559.66,92332.843,0.425,1.19,31.2532,1.5494,2225890.8111
688349.SH,2026-08-28,13.73,13.79,13.61,13.78,13.97,-0.19,-1.3601,75608.11,103639.363,0.4828,1.28,30.8281,1.5716,2195617.4214
688349.SH,2026-08-31,13.74,13.74,13.28,13.36,13.78,-0.42,-3.0479,104384.16,139587.988,0.6665,1.61,29.8885,1.5237,2128697.2968
688349.SH,2026-09-01,13.38,13.56,13.24,13.29,13.36,-0.07,-0.524,102444.54,137012.83,0.6541,1.34,29.7319,1.5157,2117543.9427
688349.SH,2026-09-02,13.19,13.32,13.03,13.23,13.29,-0.06,-0.4515,66063.28,86894.088,0.4218,0.8,29.5977,1.5088,2107983.9249
