ts_code,trade_date,open,high,low,close,pre_close,change,pct_chg,vol,amount,turnover_rate,volume_ratio,pe,pb,total_mv
688169.SH,2023-01-03,248.5,255.85,246.0,253.83,247.75,6.08,2.4541,7091.43,178223.858,0.985,1.31,16.9562,2.5866,2378067.3503
688169.SH,2023-01-04,252.83,267.88,252.1,267.6,253.83,13.77,5.4249,11405.41,300855.521,1.5842,1.97,17.8769,2.7271,2507187.6442
688169.SH,2023-01-05,266.55,278.08,265.19,275.51,267.6,7.91,2.9559,11999.27,329988.252,1.6667,1.76,18.4053,2.8077,2581297.7124
688169.SH,2023-01-06,275.59,277.91,270.07,270.96,275.51,-4.55,-1.6515,8424.33,228834.968,1.1701,1.03,18.1013,2.7613,2538668.0271
688169.SH,2023-01-09,270.4,273.66,268.3,270.65,270.96,-0.31,-0.1144,4799.95,130038.341,0.6667,0.53,18.0806,2.7581,2535763.587
688169.SH,2023-01-10,269.62,274.85,268.0,271.16,270.65,0.51,0.1884,4411.43,119980.152,0.6127,0.5,18.1147,2.7633,2540541.8595
688169.SH,2023-01-11,272.6,274.8,266.52,271.84,271.16,0.68,0.2508,5862.38,158733.919,0.8142,0.71,18.1601,2.7702,2546912.8893
688169.SH,2023-01-12,268.26,271.98,265.2,267.24,271.84,-4.6,-1.6922,4136.45,110638.016,0.5745,0.58,17.8528,2.7234,2503814.746
688169.SH,2023-01-13,266.58,298.76,266.25,297.82,267.24,30.58,11.4429,19519.29,564985.007,2.7111,3.53,19.8957,3.035,2790323.7077
688169.SH,2023-01-16,289.96,317.0,286.0,308.8,297.82,10.98,3.6868,24552.17,748527.415,3.4101,3.17,20.6292,3.1469,2893197.1021
688169.SH,2023-01-17,304.54,305.88,297.02,301.06,308.8,-7.74,-2.5065,9077.83,273510.092,1.2609,0.78,20.1121,3.068,2820679.7913
688169.SH,2023-01-18,305.0,309.56,296.5,299.0,301.06,-2.06,-0.6842,6847.81,206719.864,0.9511,0.54,19.9745,3.047,2801379.3184
688169.SH,2023-01-19,298.5,304.0,296.01,301.01,299.0,2.01,0.6722,4451.92,133297.023,0.6183,0.35,20.1088,3.0675,2820211.3332
688169.SH,2023-01-20,304.97,309.5,298.0,300.36,301.01,-0.65,-0.2159,6424.16,194299.481,0.8923,0.5,20.0654,3.0609,2814121.3782
688169.SH,2023-01-30,308.2,312.62,300.49,308.1,300.36,7.74,2.5769,10954.37,336129.558,1.5215,1.07,20.5824,3.1398,2886638.689
688169.SH,2023-01-31,310.0,310.0,304.28,305.65,308.1,-2.45,-0.7952,5823.49,178866.485,0.8088,0.77,20.4188,3.1148,2863684.243
688169.SH,2023-02-01,305.65,331.5,305.02,328.4,305.65,22.75,7.4432,9156.52,293610.402,1.2718,1.33,21.9386,3.3466,3076832.6694
688169.SH,2023-02-02,328.85,336.16,319.26,328.45,328.4,0.05,0.0152,11189.33,367792.777,1.5541,1.52,21.9419,3.3471,3077301.1275
688169.SH,2023-02-03,326.24,336.9,324.14,336.9,328.45,8.45,2.5727,9205.25,304545.265,1.2786,1.06,22.5064,3.4333,3156470.543
688169.SH,2023-02-06,333.81,333.81,313.01,316.61,336.9,-20.29,-6.0226,11710.39,375616.822,1.6265,1.26,21.151,3.2265,2966370.2542
688169.SH,2023-02-07,314.15,341.5,314.15,339.98,316.61,23.37,7.3813,13374.16,446169.68,1.8576,1.42,22.7122,3.4646,3185327.5608
688169.SH,2023-02-08,340.28,363.08,337.7,357.04,339.98,17.06,5.0179,18292.92,650873.366,2.5408,1.67,23.8519,3.6385,3345165.4577
688169.SH,2023-02-09,354.85,373.88,352.01,356.34,357.04,-0.7,-0.1961,11685.2,420607.225,1.623,0.92,23.8051,3.6314,3338607.0445
688169.SH,2023-02-10,353.0,369.24,353.0,357.52,356.34,1.18,0.3311,9995.45,361030.875,1.3883,0.78,23.8839,3.6434,3349662.6552
688169.SH,2023-02-13,358.9,360.0,345.21,351.0,357.52,-6.52,-1.8237,8423.98,296495.262,1.17,0.65,23.4484,3.5769,3288575.7216
688169.SH,2023-02-14,346.1,355.1,343.11,349.0,351.0,-2.0,-0.5698,8136.38,283292.839,1.1301,0.66,23.3147,3.5566,3269837.3984
688169.SH,2023-02-15,345.0,348.85,335.0,335.59,349.0,-13.41,-3.8424,11540.45,390942.959,1.6029,1.02,22.4189,3.4199,3144196.9413
688169.SH,2023-02-16,335.59,337.62,321.2,323.55,335.59,-12.04,-3.5877,10497.03,344910.979,1.458,1.05,21.6146,3.2972,3031392.2357
688169.SH,2023-02-17,324.12,334.38,323.61,324.88,323.55,1.33,0.4111,8230.54,270814.217,1.1432,0.85,21.7034,3.3108,3043853.2206
688169.SH,2023-02-20,328.0,347.86,323.61,347.59,324.88,22.71,6.9903,10279.56,349801.487,1.4278,1.1,23.2206,3.5422,3256626.8805
688169.SH,2023-02-21,347.0,363.0,347.0,360.12,347.59,12.53,3.6048,11814.54,423579.396,1.261,1.21,24.0576,3.6699,3374022.4754
688169.SH,2023-02-22,350.15,360.0,341.58,357.0,360.12,-3.12,-0.8664,13487.59,473397.732,1.4396,1.29,23.8492,3.6381,3344790.6912
688169.SH,2023-02-23,357.0,377.48,354.01,372.1,357.0,15.1,4.2297,12272.07,456974.973,1.3098,1.13,24.8579,3.792,3486265.0314
688169.SH,2023-02-24,372.1,374.51,362.22,368.36,372.1,-3.74,-1.0051,8237.19,303990.735,0.8792,0.73,24.6081,3.7539,3451224.367
688169.SH,2023-02-27,365.51,369.99,354.02,361.35,368.36,-7.01,-1.903,8726.01,314404.562,0.9314,0.78,24.1398,3.6824,3385546.5442
688169.SH,2023-02-28,361.35,364.8,356.0,359.91,361.35,-1.44,-0.3985,6255.11,225273.04,0.6676,0.57,24.0436,3.6677,3372054.9515
688169.SH,2023-03-01,360.91,395.0,355.01,386.5,359.91,26.59,7.388,15389.23,585404.771,1.6425,1.57,25.8199,3.9387,3621180.9584
688169.SH,2023-03-02,386.8,387.0,375.0,377.1,386.5,-9.4,-2.4321,7144.5,272569.893,0.7626,0.7,25.192,3.8429,3533110.8394
688169.SH,2023-03-03,377.5,382.5,360.2,367.5,377.1,-9.6,-2.5457,10928.51,401715.898,1.1664,1.19,24.5506,3.7451,3443166.888
688169.SH,2023-03-06,364.11,368.78,360.18,365.82,367.5,-1.68,-0.4571,7060.1,257146.251,0.7535,0.73,24.4384,3.728,3427426.6965
688169.SH,2023-03-07,361.44,372.48,353.0,355.5,365.82,-10.32,-2.8211,7944.89,287402.511,0.848,0.85,23.749,3.6228,3330736.9488
688169.SH,2023-03-08,352.0,360.0,343.5,350.5,355.5,-5.0,-1.4065,9520.07,331352.57,1.0161,0.98,23.415,3.5719,3283891.1408
688169.SH,2023-03-09,348.0,353.52,345.99,347.35,350.5,-3.15,-0.8987,5093.1,177381.23,0.5436,0.6,23.2045,3.5398,3254378.2818
688169.SH,2023-03-10,346.0,347.8,332.49,337.52,347.35,-9.83,-2.83,18657.03,628134.349,1.9913,2.3,22.5478,3.4396,3162279.4232
688169.SH,2023-03-13,333.45,341.18,332.41,341.0,337.52,3.48,1.0311,6945.09,234422.874,0.7413,0.72,22.7803,3.475,3194884.1056
688169.SH,2023-03-14,340.4,341.0,331.0,336.69,341.0,-4.31,-1.2639,7198.71,241693.916,0.7683,0.75,22.4924,3.4311,3154503.0191
688169.SH,2023-03-15,338.76,351.0,335.1,343.06,336.69,6.37,1.8919,9665.34,331801.43,1.0316,1.02,22.9179,3.496,3214184.5785
688169.SH,2023-03-16,340.0,347.0,331.5,342.01,343.06,-1.05,-0.3061,8103.43,275031.963,0.8649,0.85,22.8478,3.4853,3204346.9588
688169.SH,2023-03-17,342.55,349.28,329.99,337.0,342.01,-5.01,-1.4649,10102.6,340102.152,1.0783,1.0,22.5131,3.4343,3157407.4592
688169.SH,2023-03-20,332.86,337.67,328.24,333.89,337.0,-3.11,-0.9228,6853.73,227970.254,0.7315,0.82,22.3053,3.4026,3128269.3666
688169.SH,2023-03-21,334.95,354.0,330.76,353.0,333.89,19.11,5.7234,9315.16,322604.831,0.9942,1.11,23.582,3.5973,3307314.0448
688169.SH,2023-03-22,355.0,355.58,345.02,351.1,353.0,-1.9,-0.5382,7019.63,246690.641,0.7492,0.8,23.455,3.578,3289512.6378
688169.SH,2023-03-23,345.4,369.09,345.0,361.09,351.1,9.99,2.8453,12388.38,447119.805,1.3223,1.5,24.1224,3.6798,3383110.5621
688169.SH,2023-03-24,360.93,379.8,360.93,370.5,361.09,9.41,2.606,14251.84,532028.695,1.5211,1.56,24.751,3.7757,3471274.3728
688169.SH,2023-03-27,374.01,388.73,369.0,370.07,370.5,-0.43,-0.1161,11483.17,435165.43,1.2256,1.15,24.7223,3.7713,3467245.6333
688169.SH,2023-03-28,373.35,375.0,360.0,361.2,370.07,-8.87,-2.3968,6358.75,231589.141,0.6787,0.58,24.1298,3.6809,3384141.1699
688169.SH,2023-03-29,363.47,378.9,362.15,365.2,361.2,4.0,1.1074,10559.38,389226.296,1.127,1.03,24.397,3.7217,3421617.8163
688169.SH,2023-03-30,365.43,375.52,358.0,371.48,365.2,6.28,1.7196,6355.77,233419.614,0.6784,0.58,24.8165,3.7857,3480456.1512
688169.SH,2023-03-31,370.0,379.99,364.0,365.0,371.48,-6.48,-1.7444,5651.29,209848.144,0.6032,0.58,24.3836,3.7196,3419743.984
688169.SH,2023-04-03,366.68,366.68,353.0,356.11,365.0,-8.89,-2.4356,6948.92,248069.211,0.7417,0.86,23.7897,3.629,3336452.1374
688169.SH,2023-04-04,359.2,359.97,340.28,346.08,356.11,-10.03,-2.8165,14098.47,487817.998,1.5048,1.96,23.1197,3.5268,3242479.4465
688169.SH,2023-04-06,350.44,355.38,337.13,355.18,346.08,9.1,2.6294,9394.86,326267.203,1.0027,1.08,23.7276,3.6195,3327738.8171
688169.SH,2023-04-07,350.05,358.34,341.11,342.73,355.18,-12.45,-3.5053,7393.3,256416.873,0.7891,0.87,22.8959,3.4927,3211092.7552
688169.SH,2023-04-10,347.75,350.9,342.01,342.77,342.73,0.04,0.0117,5513.97,190627.079,0.5885,0.63,22.8986,3.4931,3211467.5216
688169.SH,2023-04-11,342.77,355.58,339.39,346.5,342.77,3.73,1.0882,7365.79,256569.741,0.7862,0.85,23.1477,3.5311,3246414.4944
688169.SH,2023-04-12,351.0,351.0,335.0,338.02,346.5,-8.48,-2.4473,7095.27,241548.765,0.7573,0.81,22.5812,3.4447,3166964.004
688169.SH,2023-04-13,338.0,340.55,332.0,335.82,338.02,-2.2,-0.6508,5304.4,177846.658,0.5662,0.72,22.4343,3.4223,3146351.8485
688169.SH,2023-04-14,338.49,338.49,330.26,330.8,335.82,-5.02,-1.4948,4636.96,154281.987,0.4949,0.71,22.0989,3.3711,3099318.6573
688169.SH,2023-04-17,328.95,338.78,328.6,332.44,330.8,1.64,0.4958,4395.47,146575.26,0.4691,0.73,22.2085,3.3878,3114684.0823
688169.SH,2023-04-18,335.6,336.88,326.02,326.7,332.44,-5.74,-1.7266,4467.74,147385.247,0.4769,0.78,21.825,3.3293,3060905.0947
688169.SH,2023-04-19,325.86,326.7,310.2,317.46,326.7,-9.24,-2.8283,13377.54,422892.595,1.4278,2.58,21.2077,3.2352,2974334.0415
688169.SH,2023-04-20,319.1,320.0,311.01,314.0,317.46,-3.46,-1.0899,5784.01,181832.007,0.6173,0.9,20.9766,3.1999,2941916.7424
688169.SH,2023-04-21,314.0,321.0,310.8,313.0,314.0,-1.0,-0.3185,6706.78,211831.546,0.7158,1.03,20.9098,3.1897,2932547.5808
688169.SH,2023-04-24,310.01,315.66,302.0,304.0,313.0,-9.0,-2.8754,5096.27,156332.317,0.5439,0.73,20.3085,3.098,2848225.1264
688169.SH,2023-04-25,305.0,307.6,296.11,302.17,304.0,-1.83,-0.602,6744.21,203343.431,0.7198,0.95,20.1863,3.0793,2831079.5607
688169.SH,2023-04-26,305.0,310.98,299.04,299.06,302.17,-3.11,-1.0292,5899.55,179330.245,0.6297,0.78,19.9785,3.0476,2801941.4681
688169.SH,2023-04-27,284.11,320.5,272.0,314.98,299.06,15.92,5.3233,18672.94,566722.121,1.993,3.09,24.9358,3.0146,2951098.5208
688169.SH,2023-04-28,312.25,315.0,299.03,303.06,314.98,-11.92,-3.7844,9803.09,297705.329,1.0463,1.14,23.9922,2.9006,2839418.1145
688169.SH,2023-05-04,301.75,320.0,300.76,319.07,303.06,16.01,5.2828,7453.93,235134.681,0.7956,0.81,25.2596,3.0538,2989418.3917
688169.SH,2023-05-05,316.15,319.98,310.37,311.8,319.07,-7.27,-2.2785,4934.79,154976.12,0.5267,0.51,24.6841,2.9842,2921304.5869
688169.SH,2023-05-08,310.1,311.78,299.0,302.64,311.8,-9.16,-2.9378,6166.22,186776.607,0.6581,0.66,23.9589,2.8965,2835483.0666
688169.SH,2023-05-09,301.81,305.96,297.01,304.3,302.64,1.66,0.5485,5546.44,167969.731,0.592,0.59,24.0903,2.9124,2851035.8749
688169.SH,2023-05-10,305.51,319.6,305.51,318.46,304.3,14.16,4.6533,8346.06,263559.713,0.8908,1.23,25.2113,3.0479,2983703.2031
688169.SH,2023-05-11,320.79,325.0,313.15,315.43,318.46,-3.03,-0.9515,4785.32,152330.369,0.5108,0.74,24.9715,3.0189,2955314.6435
688169.SH,2023-05-12,318.27,318.27,310.38,313.89,315.43,-1.54,-0.4882,3313.52,103616.938,0.3537,0.56,24.8495,3.0042,2940886.1346
688169.SH,2023-05-15,313.19,318.9,308.05,318.8,313.89,4.91,1.5642,3157.51,99775.707,0.337,0.56,25.2383,3.0512,2986888.7181
688169.SH,2023-05-16,319.59,321.77,313.9,314.58,318.8,-4.22,-1.3237,2569.87,81160.813,0.2743,0.51,24.9042,3.0108,2947350.8561
688169.SH,2023-05-17,317.0,317.0,308.16,310.94,314.58,-3.64,-1.1571,2271.77,70625.52,0.2425,0.51,24.616,2.976,2913247.1079
688169.SH,2023-05-18,310.8,316.7,302.18,303.16,310.94,-7.78,-2.5021,3573.56,109571.739,0.3814,1.11,24.0001,2.9015,2840355.0307
688169.SH,2023-05-19,301.99,319.49,300.0,318.31,303.16,15.15,4.9974,6243.61,195568.235,0.6664,2.1,25.1995,3.0465,2982297.8289
688169.SH,2023-05-22,317.51,337.16,314.0,325.53,318.31,7.22,2.2682,9270.4,302920.677,0.9895,2.6,25.771,3.1156,3049943.1756
688169.SH,2023-05-23,325.53,332.0,318.11,323.84,325.53,-1.69,-0.5192,5148.47,167124.636,0.5495,1.08,25.6372,3.0994,3034109.2925
688169.SH,2023-05-24,324.97,325.95,315.2,319.0,323.84,-4.84,-1.4946,4400.46,140685.696,0.4697,0.83,25.2541,3.0531,2988762.5504
688169.SH,2023-05-25,314.92,318.85,308.01,310.75,319.0,-8.25,-2.5862,4650.28,144465.173,0.4963,0.81,24.601,2.9742,2911466.9672
688169.SH,2023-05-26,310.76,314.0,303.02,307.26,310.75,-3.49,-1.1231,3591.96,110158.863,0.3834,0.6,24.3247,2.9408,2878768.5932
688169.SH,2023-05-29,307.89,312.5,295.7,298.6,307.26,-8.66,-2.8185,7246.47,217687.123,0.7734,1.34,23.6391,2.8579,2797631.6538
688169.SH,2023-05-30,298.6,303.6,291.29,299.95,298.6,1.35,0.4521,5518.47,163564.539,0.589,1.1,23.746,2.8708,2810280.0219
688169.SH,2023-05-31,295.5,302.56,291.01,302.56,299.95,2.61,0.8701,7606.54,225512.931,0.8119,1.5,23.9526,2.8958,2834733.5337
688169.SH,2023-06-01,296.8,313.61,296.8,309.62,302.56,7.06,2.3334,6933.61,213616.214,0.74,1.21,24.5115,2.9633,2900879.8146
688169.SH,2023-06-02,307.0,327.0,305.99,324.99,309.62,15.37,4.9641,8253.55,263647.039,0.8809,1.34,25.7283,3.1104,3044883.8284
688169.SH,2023-06-05,321.56,322.9,312.12,315.88,324.99,-9.11,-2.8032,5385.05,170228.986,0.5748,0.76,25.0071,3.0233,2959530.7662
688169.SH,2023-06-06,315.6,322.68,313.2,313.2,315.88,-2.68,-0.8484,5267.95,167150.464,0.5623,0.78,24.7949,2.9976,2934421.4131
688169.SH,2023-06-07,313.07,316.5,306.9,311.37,313.2,-1.83,-0.5843,3694.24,114807.272,0.3943,0.55,24.65,2.9801,2917275.8474
688169.SH,2023-06-08,310.99,332.49,310.99,332.49,311.37,21.12,6.7829,10727.41,346402.032,1.145,1.82,26.322,3.1822,3115152.5404
688169.SH,2023-06-09,330.45,335.99,324.04,334.24,332.49,1.75,0.5263,15709.37,518489.923,1.6767,2.36,26.4606,3.199,3131548.5732
688169.SH,2023-06-12,334.24,342.23,324.0,333.49,334.24,-0.75,-0.2244,11673.37,390473.237,1.2459,1.43,26.4012,3.1918,3124521.702
688169.SH,2023-06-13,333.49,337.65,320.27,322.13,333.49,-11.36,-3.4064,8968.16,291393.288,0.9572,0.95,25.5019,3.0831,3018088.0262
688169.SH,2023-06-14,324.99,324.99,309.67,309.86,322.13,-12.27,-3.809,11463.58,359698.103,1.2235,1.13,24.5305,2.9656,2903128.4134
688169.SH,2023-06-15,309.0,318.8,307.12,311.0,309.86,1.14,0.3679,12175.95,381101.981,1.2996,1.04,24.6208,2.9765,2913809.2576
688169.SH,2023-06-16,312.87,314.47,307.17,308.14,311.0,-2.86,-0.9196,9034.92,280303.983,0.9643,0.75,24.3943,2.9492,2887013.4554
688169.SH,2023-06-19,308.61,310.98,300.0,301.6,308.14,-6.54,-2.1224,9298.17,280575.566,0.9924,0.87,23.8766,2.8866,2825739.1386
688169.SH,2023-06-20,300.8,312.31,298.56,304.7,301.6,3.1,1.0279,10358.76,314625.219,1.1056,1.02,24.122,2.9163,2854783.5395
688169.SH,2023-06-21,303.64,305.0,288.0,289.71,304.7,-14.99,-4.9196,9356.4,276837.392,0.9986,0.89,22.9353,2.7728,2714339.8071
688169.SH,2023-06-26,303.0,327.0,298.4,312.06,289.71,22.35,7.7146,25308.9,796838.924,2.7013,2.52,24.7047,2.9867,2923740.5689
688169.SH,2023-06-27,310.49,326.46,308.6,324.85,312.06,12.79,4.0986,22593.38,728664.202,2.4115,1.78,25.7172,3.1091,3043572.1458
688169.SH,2023-06-28,327.46,335.89,323.05,326.77,324.85,1.92,0.591,13163.6,432884.865,1.405,0.86,25.8692,3.1275,3061560.936
688169.SH,2023-06-29,323.0,329.96,318.0,322.14,326.77,-4.63,-1.4169,8711.67,281464.943,0.9298,0.54,25.5027,3.0832,3018181.7178
688169.SH,2023-06-30,319.17,331.88,319.02,320.68,322.14,-1.46,-0.4532,7034.39,227565.097,0.7508,0.44,25.3871,3.0692,3004502.7419
688169.SH,2023-07-03,320.47,342.91,318.74,338.88,320.68,18.2,5.6754,19170.09,644555.027,2.0461,1.25,26.8279,3.2434,3175021.483
688169.SH,2023-07-04,336.67,343.98,333.19,338.88,338.88,0.0,0.0,11606.75,394665.669,1.2388,0.82,26.8279,3.2434,3175021.483
688169.SH,2023-07-05,336.08,346.99,336.06,339.82,338.88,0.94,0.2774,8107.96,277334.516,0.8654,0.68,26.9023,3.2524,3183828.4949
688169.SH,2023-07-06,335.56,364.09,335.56,346.5,339.82,6.68,1.9657,14119.06,494256.655,1.507,1.29,27.4312,3.3163,3246414.4944
688169.SH,2023-07-07,346.5,358.98,341.0,342.17,346.5,-4.33,-1.2496,12459.2,434164.915,1.3298,1.04,27.0884,3.2749,3205846.0247
688169.SH,2023-07-10,342.15,349.88,333.59,335.66,342.17,-6.51,-1.9026,10463.24,354655.636,1.1168,0.8,26.573,3.2126,3144852.7827
688169.SH,2023-07-11,332.76,335.0,323.5,330.0,335.66,-5.66,-1.6862,11901.56,390463.445,1.2703,1.05,26.1249,3.1584,3091823.328
688169.SH,2023-07-12,329.53,355.69,329.53,353.99,330.0,23.99,7.2697,17581.78,611929.955,1.8766,1.54,28.0241,3.388,3316589.5148
688169.SH,2023-07-13,356.73,368.5,347.2,360.08,353.99,6.09,1.7204,15412.7,553820.494,1.645,1.16,28.5062,3.4463,3373647.7089
688169.SH,2023-07-14,365.48,365.48,350.12,351.76,360.08,-8.32,-2.3106,8498.0,301506.831,0.907,0.63,27.8476,3.3667,3295696.2844
688169.SH,2023-07-17,350.1,365.35,350.1,352.03,351.76,0.27,0.0768,5640.38,200459.958,0.602,0.44,27.8689,3.3692,3298225.958
688169.SH,2023-07-18,355.0,360.5,348.29,352.88,352.03,0.85,0.2415,5118.71,180639.86,0.5463,0.43,27.9362,3.3774,3306189.7454
688169.SH,2023-07-19,352.5,368.2,348.06,363.75,352.88,10.87,3.0804,8225.79,298203.44,0.878,0.79,28.7968,3.4814,3408032.532
688169.SH,2023-07-20,261.31,262.87,249.0,251.43,258.91,-7.48,-2.889,10048.91,256200.503,0.7661,1.17,27.8667,3.4104,3297963.6115
688169.SH,2023-07-21,253.6,259.0,248.69,249.95,251.43,-1.48,-0.5886,12927.29,327206.462,0.9856,1.72,27.7027,3.3904,3278550.7087
688169.SH,2023-07-24,251.29,256.59,246.89,254.48,249.95,4.53,1.8124,7855.54,199211.112,0.5989,0.94,28.2048,3.4518,3337969.9314
688169.SH,2023-07-25,259.0,263.0,248.13,253.16,254.48,-1.32,-0.5187,12902.91,328878.561,0.9837,1.46,28.0585,3.4339,3320655.7208
688169.SH,2023-07-26,249.41,259.94,245.5,255.04,253.16,1.88,0.7426,10639.83,270831.514,0.8112,1.02,28.2668,3.4594,3345315.354
688169.SH,2023-07-27,256.48,260.0,252.54,259.9,255.04,4.86,1.9056,8680.81,223395.702,0.6618,0.8,28.8055,3.5253,3409063.1294
688169.SH,2023-07-28,259.9,283.0,259.14,279.33,259.9,19.43,7.476,16813.31,453605.233,1.2818,1.59,30.959,3.7889,3663923.0624
688169.SH,2023-07-31,277.96,289.17,271.01,275.97,279.33,-3.36,-1.2029,17097.06,478007.902,1.3034,1.5,30.6117,3.7464,3622821.1779
688169.SH,2023-08-01,275.22,278.0,268.04,270.0,275.97,-5.97,-2.1633,8942.31,243368.445,0.6817,0.68,29.9495,3.6653,3544449.462
688169.SH,2023-08-02,270.0,273.5,267.3,269.13,270.0,-0.87,-0.3222,5932.37,160043.094,0.4519,0.48,29.853,3.6526,3533028.4582
688169.SH,2023-08-03,270.15,274.0,264.51,272.7,269.13,3.57,1.3265,6314.54,169884.425,0.481,0.55,30.249,3.701,3579893.9566
688169.SH,2023-08-04,275.0,279.85,266.33,268.46,272.7,-4.24,-1.5548,8227.23,223107.216,0.6267,0.75,29.7786,3.6435,3524232.9725
688169.SH,2023-08-07,265.07,268.42,262.5,267.8,268.46,-0.66,-0.2458,11496.25,304828.951,0.8757,1.24,29.7054,3.6345,3515568.7627
688169.SH,2023-08-08,263.99,270.69,263.99,269.97,267.8,2.17,0.8103,7424.47,198886.396,0.5656,0.91,29.9461,3.664,3544055.6343
688169.SH,2023-08-09,268.4,271.99,263.16,265.64,269.97,-4.33,-1.6039,8132.69,215762.093,0.6195,1.03,29.4658,3.6052,3487213.167
688169.SH,2023-08-10,263.92,271.38,259.12,269.1,265.64,3.46,1.3025,8963.34,238353.914,0.6828,1.08,29.8496,3.6521,3532634.6305
688169.SH,2023-08-11,269.05,271.63,261.39,262.05,269.1,-7.05,-2.6198,7933.55,210099.261,0.6043,0.9,29.0676,3.5565,3440085.1167
688169.SH,2023-08-14,262.0,267.68,258.14,261.2,262.05,-0.85,-0.3244,7802.31,204724.295,0.5943,0.89,28.9733,3.5449,3428926.6647
688169.SH,2023-08-15,263.81,263.81,255.02,257.5,261.2,-3.7,-1.4165,8400.87,215926.556,0.6399,1.04,28.5629,3.4947,3380354.5795
688169.SH,2023-08-16,255.27,260.63,255.27,256.75,257.5,-0.75,-0.2913,7460.41,191774.373,0.5683,0.9,28.4797,3.4845,3370508.8866
688169.SH,2023-08-17,255.14,263.0,252.01,261.86,256.75,5.11,1.9903,11277.69,291509.821,0.8591,1.39,29.0465,3.5539,3437590.8745
688169.SH,2023-08-18,265.79,271.4,262.64,265.26,261.86,3.4,1.2984,9839.27,261475.639,0.7495,1.15,29.4237,3.6,3482224.6826
688169.SH,2023-08-21,261.97,265.99,259.45,260.0,265.26,-5.26,-1.983,6268.31,164296.24,0.4775,0.7,28.8402,3.5286,3413173.556
688169.SH,2023-08-22,261.8,262.49,249.49,256.02,260.0,-3.98,-1.5308,10147.47,258797.124,0.773,1.17,28.3987,3.4746,3360925.7454
688169.SH,2023-08-23,256.32,259.88,254.0,254.52,256.02,-1.5,-0.5859,6552.31,168112.741,0.4991,0.73,28.2324,3.4543,3341234.3595
688169.SH,2023-08-24,251.99,265.0,251.99,256.09,254.52,1.57,0.6168,7543.17,194497.281,0.5746,0.86,28.4065,3.4756,3361844.6768
688169.SH,2023-08-25,255.62,261.85,251.12,252.84,256.09,-3.25,-1.2691,6765.32,172628.144,0.5154,0.84,28.046,3.4315,3319180.0073
688169.SH,2023-08-28,267.0,270.0,238.0,245.0,252.84,-7.84,-3.1008,20613.91,509068.743,1.5703,2.76,27.1764,3.3251,3216259.697
688169.SH,2023-08-29,247.49,260.0,247.02,257.14,245.0,12.14,4.9551,12642.3,322356.396,0.963,1.22,28.523,3.4898,3375628.6469
688169.SH,2023-08-30,263.42,270.0,257.14,267.0,257.14,9.86,3.8345,13940.69,371192.01,1.0619,1.29,29.6167,3.6236,3505066.6902
688169.SH,2023-08-31,307.0,308.23,290.09,293.49,267.0,26.49,9.9213,47697.08,1412792.215,3.6333,3.88,32.5551,3.7932,3852816.5652
688169.SH,2023-09-01,297.07,301.5,293.49,298.5,293.49,5.01,1.707,17592.77,522254.055,1.3401,0.87,33.1108,3.858,3918585.7941
688169.SH,2023-09-04,298.45,309.75,297.27,301.0,298.5,2.5,0.8375,19742.49,595652.754,1.5039,0.88,33.3881,3.8903,3951404.7706
688169.SH,2023-09-05,301.78,308.78,298.39,303.54,301.0,2.54,0.8439,14605.75,444703.861,1.1126,0.65,33.6698,3.9231,3984748.8507
688169.SH,2023-09-06,302.67,306.88,300.51,304.8,303.54,1.26,0.4151,10259.51,312784.97,0.7815,0.45,33.8096,3.9394,4001289.6149
688169.SH,2023-09-07,302.39,306.96,299.0,302.89,304.8,-1.91,-0.6266,15027.05,454505.513,1.1447,0.68,33.5977,3.9147,3976215.9168
688169.SH,2023-09-08,299.8,306.51,297.81,304.57,302.89,1.68,0.5547,7499.28,227187.828,0.5713,0.49,33.7844,3.9365,3998301.6093
688169.SH,2023-09-11,306.1,313.98,304.55,309.77,304.57,5.2,1.7073,12650.64,391157.557,0.9637,0.94,34.3612,4.0037,4066565.6155
688169.SH,2023-09-12,306.98,310.9,304.53,307.56,309.77,-2.21,-0.7134,6087.17,187203.478,0.4637,0.51,34.116,3.9751,4037553.4129
688169.SH,2023-09-13,308.05,309.7,301.89,303.27,307.56,-4.29,-1.3948,7936.67,241733.854,0.6046,0.77,33.6402,3.9196,3981235.6077
688169.SH,2023-09-14,304.54,305.9,291.13,293.98,303.27,-9.29,-3.0633,17074.5,503164.922,1.3006,1.74,32.6097,3.7996,3859279.3351
688169.SH,2023-09-15,294.96,294.96,282.5,289.48,293.98,-4.5,-1.5307,16906.01,485755.834,1.2878,1.65,32.1596,3.7471,3806009.8016
688169.SH,2023-09-18,287.81,291.86,282.38,287.04,289.48,-2.44,-0.8429,10341.61,298119.422,0.7878,0.85,31.8885,3.7155,3773929.2989
688169.SH,2023-09-19,287.2,288.87,282.55,286.0,287.04,-1.04,-0.3623,7390.95,211396.095,0.5621,0.63,31.773,3.7003,3760255.642
688169.SH,2023-09-20,284.15,286.34,280.5,281.54,286.0,-4.46,-1.5594,7576.99,213821.444,0.5763,0.64,31.2775,3.6426,3701616.6904
688169.SH,2023-09-21,279.79,283.0,278.2,279.3,281.54,-2.24,-0.7956,9754.87,273571.277,0.7419,0.82,31.0286,3.6136,3672165.7371
688169.SH,2023-09-22,279.49,282.02,274.08,281.31,279.3,2.01,0.7197,12127.77,337647.201,0.9224,1.17,31.2519,3.6396,3698592.7086
688169.SH,2023-09-25,280.35,285.54,277.76,278.78,281.31,-2.53,-0.8994,10526.94,295746.185,0.8007,1.12,30.9709,3.6069,3665328.9087
688169.SH,2023-09-26,277.9,292.0,276.01,290.3,278.78,11.52,4.1323,17677.07,510303.035,1.3445,1.87,32.2507,3.7559,3816790.9541
688169.SH,2023-09-27,290.4,293.8,288.22,292.49,290.3,2.19,0.7544,8481.49,247451.132,0.6451,0.74,32.494,3.7843,3845584.52
688169.SH,2023-09-28,292.48,298.42,291.48,295.36,292.49,2.87,0.9812,8588.67,253805.069,0.6532,0.73,32.8128,3.8214,3883318.5539
688169.SH,2023-10-09,294.34,296.64,288.5,291.22,295.36,-4.14,-1.4017,7018.76,204942.808,0.5338,0.61,32.3529,3.7678,3828886.8813
688169.SH,2023-10-10,293.99,294.21,289.5,291.45,291.22,0.23,0.079,5887.09,171538.256,0.4478,0.56,32.3784,3.7708,3831910.8632
688169.SH,2023-10-11,289.85,300.69,289.85,296.55,291.45,5.1,1.7499,7677.51,227461.589,0.5839,0.81,32.945,3.8368,3898964.3729
688169.SH,2023-10-12,295.0,300.0,294.65,295.05,296.55,-1.5,-0.5058,7531.62,224065.635,0.5728,1.0,32.7784,3.8174,3879242.7524
688169.SH,2023-10-13,294.02,300.87,294.02,296.52,295.05,1.47,0.4982,7599.68,226170.59,0.578,1.04,32.9417,3.8364,3898569.9404
688169.SH,2023-10-16,295.54,301.0,291.9,293.5,296.52,-3.02,-1.0185,5571.35,163792.368,0.4237,0.78,32.6062,3.7973,3858863.7445
688169.SH,2023-10-17,291.99,297.79,289.45,297.48,293.5,3.98,1.356,5295.54,156065.149,0.4028,0.77,33.0483,3.8488,3911191.7776
688169.SH,2023-10-18,298.01,299.51,293.03,293.73,297.48,-3.75,-1.2606,4628.03,136474.22,0.352,0.69,32.6317,3.8003,3861887.7263
688169.SH,2023-10-19,293.73,296.12,288.08,289.55,293.73,-4.18,-1.4231,5889.61,171497.805,0.448,0.96,32.1673,3.7462,3806930.1439
688169.SH,2023-10-20,286.0,287.0,279.6,281.72,289.55,-7.83,-2.7042,8791.37,247822.338,0.6687,1.52,31.2975,3.6449,3703983.2848
688169.SH,2023-10-23,281.72,283.87,270.32,274.62,281.72,-7.1,-2.5202,11353.38,314849.355,0.8635,1.88,30.5087,3.5531,3610634.2811
688169.SH,2023-10-24,276.6,283.57,273.44,281.5,274.62,6.88,2.5053,8561.94,239630.104,0.6512,1.19,31.273,3.6421,3701090.7805
688169.SH,2023-10-25,281.99,285.99,277.05,278.41,281.5,-3.09,-1.0977,8233.88,231657.253,0.6263,1.05,30.9297,3.6021,3660464.2423
688169.SH,2023-10-26,277.22,292.44,277.0,280.96,278.41,2.55,0.9159,11604.58,329864.929,0.8826,1.35,31.213,3.6351,3693990.9971
688169.SH,2023-10-27,285.96,294.76,281.23,291.77,280.96,10.81,3.8475,12310.62,355104.923,0.9363,1.27,32.414,3.7749,3836118.1422
688169.SH,2023-10-30,328.0,333.02,306.0,317.5,291.77,25.73,8.8186,34330.04,1089664.049,2.6111,3.3,35.2724,3.9075,4174409.6725
688169.SH,2023-10-31,319.28,324.64,313.0,315.99,317.5,-1.51,-0.4756,14364.2,455442.217,1.0925,0.96,35.1047,3.889,4154556.5745
688169.SH,2023-11-01,315.0,321.99,303.0,310.11,315.99,-5.88,-1.8608,15811.63,491403.007,1.2026,0.98,34.4514,3.8166,4077247.8222
688169.SH,2023-11-02,312.0,312.0,301.11,301.77,310.11,-8.34,-2.6894,11109.88,338334.157,0.845,0.63,33.5249,3.714,3967595.6122
688169.SH,2023-11-03,303.55,310.5,300.13,307.38,301.77,5.61,1.859,10815.9,332449.057,0.8226,0.62,34.1481,3.783,4041354.4729
688169.SH,2023-11-06,307.32,311.0,285.95,300.06,307.38,-7.32,-2.3814,19857.34,590093.372,1.5103,1.15,33.3349,3.6929,3945112.9648
688169.SH,2023-11-07,299.0,305.4,295.1,303.71,300.06,3.65,1.2164,8566.74,258429.54,0.6516,0.6,33.7404,3.7378,3993102.2414
688169.SH,2023-11-08,301.91,305.27,295.58,304.85,303.71,1.14,0.3754,11957.96,358795.954,0.9095,0.9,33.8671,3.7519,4008090.673
688169.SH,2023-11-09,304.82,305.14,296.15,304.9,304.85,0.05,0.0164,8585.23,258767.787,0.653,0.69,33.8726,3.7525,4008748.0603
688169.SH,2023-11-10,301.0,311.87,300.0,309.78,304.9,4.88,1.6005,10996.56,339993.16,0.8364,0.92,34.4148,3.8125,4072909.0657
688169.SH,2023-11-13,309.64,312.0,297.58,298.4,309.78,-11.38,-3.6736,11130.02,335583.093,0.8465,0.93,33.1505,3.6725,3923287.7048
688169.SH,2023-11-14,297.5,301.36,297.5,299.69,298.4,1.29,0.4323,7163.91,214400.085,0.5449,0.7,33.2938,3.6884,3940248.2984
688169.SH,2023-11-15,304.0,305.0,298.99,304.5,299.69,4.81,1.605,6895.76,208557.98,0.5245,0.69,33.8282,3.7476,4003488.9615
688169.SH,2023-11-16,304.0,304.0,298.15,300.88,304.5,-3.62,-1.1888,5124.81,154471.287,0.3898,0.57,33.426,3.703,3955894.1174
688169.SH,2023-11-17,301.0,303.33,298.2,303.1,300.88,2.22,0.7378,6647.23,200861.867,0.5056,0.8,33.6727,3.7303,3985082.1157
688169.SH,2023-11-20,298.89,302.0,293.79,295.45,302.18,-6.73,-2.2271,8865.56,263117.622,0.6743,1.2,32.8228,3.6777,3884501.8512
688169.SH,2023-11-21,296.0,300.8,292.05,296.36,295.45,0.91,0.308,7680.91,228972.747,0.5842,1.11,32.9239,3.6891,3896466.3009
688169.SH,2023-11-22,296.28,296.28,289.57,290.25,296.36,-6.11,-2.0617,7174.36,209866.016,0.5457,1.02,32.2451,3.613,3816133.5668
688169.SH,2023-11-23,290.14,295.0,287.97,294.73,290.25,4.48,1.5435,4373.51,127785.339,0.3326,0.62,32.7428,3.6688,3875035.4733
688169.SH,2023-11-24,291.0,295.97,288.55,292.77,294.73,-1.96,-0.665,5395.34,157757.133,0.4104,0.78,32.5251,3.6444,3849265.8892
688169.SH,2023-11-27,286.27,291.57,280.81,283.8,292.77,-8.97,-3.0638,14560.98,414268.312,1.1075,2.17,31.5285,3.5327,3731330.5986
688169.SH,2023-11-28,284.09,287.49,280.2,287.49,283.8,3.69,1.3002,11222.19,318122.125,0.8535,1.43,31.9385,3.5787,3779845.785
688169.SH,2023-11-29,287.49,293.77,285.01,293.0,287.49,5.51,1.9166,10187.99,297008.111,0.7749,1.19,32.5506,3.6473,3852289.871
688169.SH,2023-11-30,294.0,299.0,290.19,299.0,293.0,6.0,2.0478,8690.16,255115.796,0.661,0.95,33.2172,3.7219,3931176.353
688169.SH,2023-12-01,294.8,294.88,277.0,282.5,299.0,-16.5,-5.5184,18706.92,529110.5,1.4228,1.87,31.3841,3.5165,3714238.5275
688169.SH,2023-12-04,282.5,282.5,272.0,273.0,282.5,-9.5,-3.3628,16338.43,450170.453,1.2427,1.29,30.3287,3.3983,3589334.931
688169.SH,2023-12-05,272.27,275.33,267.35,267.78,273.0,-5.22,-1.9121,9943.47,269820.128,0.7563,0.76,29.7488,3.3333,3520703.6917
688169.SH,2023-12-06,269.98,273.19,263.58,270.86,267.78,3.08,1.1502,11174.05,300607.205,0.8499,0.87,30.091,3.3717,3561198.7524
688169.SH,2023-12-07,270.89,274.21,266.13,271.94,270.86,1.08,0.3987,9893.76,267785.105,0.7525,0.76,30.211,3.3851,3575398.3192
688169.SH,2023-12-08,271.12,285.98,271.12,285.98,271.94,14.04,5.1629,18629.85,520271.686,1.417,1.41,31.7707,3.5599,3759992.6871
688169.SH,2023-12-11,282.0,283.01,274.6,276.7,285.98,-9.28,-3.245,14490.72,403339.56,1.1021,1.1,30.7398,3.4443,3637981.5949
688169.SH,2023-12-12,276.54,279.47,264.52,267.29,276.7,-9.41,-3.4008,15648.79,419388.693,1.1902,1.22,29.6944,3.3272,3514261.2956
688169.SH,2023-12-13,266.99,268.49,263.5,263.5,267.29,-3.79,-1.4179,14136.23,375933.072,1.0752,1.01,29.2733,3.28,3464431.3345
688169.SH,2023-12-14,266.32,268.44,264.07,264.24,263.5,0.74,0.2808,9646.42,257259.742,0.7337,0.66,29.3555,3.2892,3474160.6673
688169.SH,2023-12-15,264.21,273.88,264.21,267.99,264.24,3.75,1.4192,10636.37,287455.769,0.809,0.73,29.7721,3.3359,3523464.7185
688169.SH,2023-12-18,268.07,274.73,263.51,273.5,267.99,5.51,2.056,9835.91,266727.877,0.7481,0.76,30.3843,3.4045,3595908.8045
688169.SH,2023-12-19,273.8,274.5,266.3,268.5,273.5,-5.0,-1.8282,7384.45,198654.798,0.5617,0.62,29.8288,3.3423,3530170.0695
688169.SH,2023-12-20,268.64,273.68,267.71,270.0,268.5,1.5,0.5587,8047.7,218663.24,0.6121,0.78,29.9954,3.3609,3549891.69
688169.SH,2023-12-21,269.6,278.46,268.86,275.47,270.0,5.47,2.0259,7801.17,214611.373,0.5933,0.86,30.6031,3.429,3621809.8661
688169.SH,2023-12-22,275.17,280.88,273.12,276.74,275.47,1.27,0.461,7649.08,212103.445,0.5818,0.88,30.7442,3.4448,3638507.5048
688169.SH,2023-12-25,275.91,287.07,274.99,280.35,276.74,3.61,1.3045,9217.86,259758.761,0.7011,1.13,31.1453,3.4898,3685970.8715
688169.SH,2023-12-26,279.95,281.0,275.12,280.0,280.35,-0.35,-0.1248,7709.46,214384.285,0.5864,0.96,31.1064,3.4854,3681369.16
688169.SH,2023-12-27,280.01,281.97,275.5,279.1,280.0,-0.9,-0.3214,6949.51,193873.42,0.5286,0.86,31.0064,3.4742,3669536.1877
688169.SH,2023-12-28,279.1,285.2,278.32,282.4,279.1,3.3,1.1824,8420.29,238280.588,0.6404,1.07,31.373,3.5153,3712923.7528
688169.SH,2023-12-29,282.76,287.0,282.01,282.95,282.4,0.55,0.1948,6087.05,172971.26,0.463,0.76,31.4341,3.5221,3720155.0137
688169.SH,2024-01-02,282.37,285.72,276.89,277.43,282.95,-5.52,-1.9509,6722.47,188324.113,0.5113,0.88,30.8209,3.4534,3647579.4502
688169.SH,2024-01-03,277.61,282.28,274.99,281.0,277.43,3.57,1.2868,8405.01,235460.282,0.6393,1.17,31.2175,3.4979,3694516.907
688169.SH,2024-01-04,281.0,281.86,266.37,268.0,281.0,-13.0,-4.6263,10934.85,295677.787,0.8317,1.49,29.7733,3.3361,3523596.196
688169.SH,2024-01-05,266.51,277.3,266.51,272.97,268.0,4.97,1.8545,8194.27,224318.269,0.6232,1.01,30.3254,3.3979,3588940.4986
688169.SH,2024-01-08,269.99,274.5,261.8,262.26,272.97,-10.71,-3.9235,8420.32,222635.166,0.6404,1.04,29.1356,3.2646,3448128.1282
688169.SH,2024-01-09,261.49,268.77,261.49,265.81,262.26,3.55,1.3536,8363.15,222600.028,0.6361,0.98,29.53,3.3088,3494802.6301
688169.SH,2024-01-10,263.1,273.87,263.06,272.07,265.81,6.26,2.3551,8426.53,227533.107,0.6409,0.95,30.2254,3.3867,3577107.5263
688169.SH,2024-01-11,271.25,283.23,269.96,282.46,272.07,10.39,3.8189,10546.6,294318.714,0.8022,1.19,31.3797,3.516,3713712.6176
688169.SH,2024-01-12,280.0,289.2,279.02,287.27,282.46,4.81,1.7029,10004.05,286266.238,0.7609,1.14,31.914,3.5759,3776953.2807
688169.SH,2024-01-15,283.02,292.92,282.0,290.15,287.27,2.88,1.0025,8979.59,259429.415,0.683,0.98,32.234,3.6118,3814818.7921
688169.SH,2024-01-16,290.0,303.59,286.0,299.79,290.15,9.64,3.3224,15836.05,473422.745,1.2045,1.71,33.3049,3.7318,3941563.0731
688169.SH,2024-01-17,300.0,302.5,294.0,294.78,299.79,-5.01,-1.6712,11357.64,338474.989,0.8638,1.06,32.7484,3.6694,3875692.8607
688169.SH,2024-01-18,292.5,295.21,286.53,294.0,294.78,-0.78,-0.2646,10643.16,309332.913,0.8095,0.94,32.6617,3.6597,3865437.618
688169.SH,2024-01-19,293.12,303.5,292.99,299.42,294.0,5.42,1.8435,11048.28,330074.883,0.8403,0.97,33.2638,3.7272,3936698.4067
688169.SH,2024-01-22,297.4,297.88,282.9,286.34,299.42,-13.08,-4.3684,10652.18,308734.884,0.8102,0.92,31.8107,3.5643,3764725.876
688169.SH,2024-01-23,286.0,289.41,275.25,283.68,286.34,-2.66,-0.929,12444.76,348968.988,0.9465,1.05,31.5152,3.5312,3729752.869
688169.SH,2024-01-24,300.09,300.49,283.0,288.0,283.68,4.32,1.5228,20177.8,584331.099,1.5347,1.8,31.9951,3.585,3786551.136
688169.SH,2024-01-25,288.0,292.1,283.57,288.02,288.0,0.02,0.0069,14646.22,422421.809,1.114,1.13,31.9974,3.5853,3786814.0909
688169.SH,2024-01-26,288.99,302.67,287.0,300.1,288.02,12.08,4.1942,15774.84,470677.286,1.1998,1.14,33.3394,3.7356,3945638.8747
688169.SH,2024-01-29,303.09,303.1,281.51,289.61,300.1,-10.49,-3.4955,18499.91,534950.691,1.4071,1.26,32.174,3.6051,3807719.0087
688169.SH,2024-01-30,289.0,301.0,288.74,292.51,289.61,2.9,1.0013,16590.2,491265.349,1.2618,1.02,32.4962,3.6412,3845847.475
688169.SH,2024-01-31,289.5,295.87,285.31,287.12,292.51,-5.39,-1.8427,14399.89,417305.484,1.0952,0.84,31.8974,3.5741,3774981.1186
688169.SH,2024-02-01,286.26,299.88,284.22,293.52,287.12,6.4,2.229,13724.01,401559.52,1.0438,0.86,32.6084,3.6537,3859126.6994
688169.SH,2024-02-02,298.81,303.48,289.2,296.32,293.52,2.8,0.9539,15490.59,462307.899,1.1782,0.98,32.9194,3.6886,3895940.391
688169.SH,2024-02-05,297.21,303.18,288.0,299.83,296.32,3.51,1.1845,21667.94,641633.882,1.648,1.38,33.3094,3.7323,3942088.983
688169.SH,2024-02-06,299.83,319.77,291.11,311.3,299.83,11.47,3.8255,25910.37,798991.629,1.9707,1.58,34.5836,3.875,4092893.6411
688169.SH,2024-02-07,312.25,340.08,308.81,339.0,311.3,27.7,8.8982,31259.34,1037338.673,2.3775,1.71,37.6609,4.2199,4457086.233
688169.SH,2024-02-08,339.01,355.0,320.33,324.91,339.0,-14.09,-4.1563,28597.49,951500.81,2.1751,1.32,36.0956,4.0445,4271834.4778
688169.SH,2024-02-19,326.0,330.0,316.41,325.54,324.91,0.63,0.1939,21922.8,707249.754,1.6674,0.89,36.1656,4.0523,4280117.5584
688169.SH,2024-02-20,324.2,333.07,315.0,329.29,325.54,3.75,1.1519,18623.09,600473.529,1.4164,0.72,36.5822,4.099,4329421.6096
688169.SH,2024-02-21,329.19,329.19,320.11,322.3,329.29,-6.99,-2.1227,15215.68,494006.169,1.1573,0.6,35.8057,4.012,4237518.8581
688169.SH,2024-02-22,321.0,322.5,316.14,319.15,322.3,-3.15,-0.9774,14171.35,450989.575,1.0779,0.61,35.4557,3.9728,4196103.4551
688169.SH,2024-02-23,321.0,322.46,307.7,316.68,319.15,-2.47,-0.7739,17574.81,550864.072,1.3367,0.89,35.1813,3.942,4163628.52
688169.SH,2024-02-26,319.28,329.99,317.01,327.3,316.68,10.62,3.3535,16977.71,549737.761,1.2913,0.97,36.3611,4.0742,4303257.5931
688169.SH,2024-02-27,327.0,327.45,318.0,326.75,327.3,-0.55,-0.168,14916.99,481517.065,1.1346,0.9,36.3,3.7727,4296026.3323
688169.SH,2024-02-28,325.0,326.02,317.05,318.74,326.75,-8.01,-2.4514,13941.49,448196.535,1.0604,0.88,35.4102,3.6802,4190712.8788
688169.SH,2024-02-29,316.33,328.0,316.0,325.77,318.74,7.03,2.2056,14763.53,473081.21,1.1229,0.95,36.1912,3.7614,4283141.5402
688169.SH,2024-03-01,326.44,329.0,321.23,324.0,325.77,-1.77,-0.5433,16863.56,548302.165,1.2826,1.08,35.9945,3.7409,4259870.028
688169.SH,2024-03-04,324.46,334.98,321.6,332.11,324.0,8.11,2.5031,13691.91,453147.004,1.0414,0.88,36.8955,3.8346,4366498.2562
688169.SH,2024-03-05,331.99,343.08,328.55,341.7,332.11,9.59,2.8876,16592.15,563198.183,1.262,1.12,37.9609,3.9453,4492585.1499
688169.SH,2024-03-06,341.7,347.45,337.98,344.28,341.7,2.58,0.755,11018.83,378339.723,0.8381,0.73,38.2475,3.9751,4526506.3372
688169.SH,2024-03-07,343.48,347.71,328.73,330.0,344.28,-14.28,-4.1478,13743.71,460982.747,1.0453,0.94,36.6611,3.8102,4338756.51
688169.SH,2024-03-08,331.97,334.99,327.0,330.7,330.0,0.7,0.2121,11096.71,367893.958,0.844,0.77,36.7389,3.8183,4347959.9329
688169.SH,2024-03-11,330.0,338.8,328.3,338.46,330.7,7.76,2.3465,9798.1,328493.811,0.7452,0.74,37.601,3.9079,4449986.4496
688169.SH,2024-03-12,336.5,346.48,336.03,344.8,338.46,6.34,1.8732,11587.58,396766.58,0.8813,0.93,38.3053,3.9811,4533343.1656
688169.SH,2024-03-13,343.17,353.6,331.73,333.18,344.8,-11.62,-3.3701,16256.49,549104.852,1.2364,1.42,37.0144,3.8469,4380566.3455
688169.SH,2024-03-14,330.03,336.0,327.32,330.0,333.18,-3.18,-0.9544,10616.12,351720.62,0.8074,0.85,36.6611,3.8102,4338756.51
688169.SH,2024-03-15,339.82,339.82,322.27,326.86,330.0,-3.14,-0.9515,11576.8,377181.516,0.8805,0.98,36.3123,3.774,4297472.5844
688169.SH,2024-03-18,327.97,336.0,324.51,332.29,326.86,5.43,1.6613,11659.27,386324.441,0.8868,0.97,36.9155,3.8367,4368864.8506
688169.SH,2024-03-19,333.29,335.38,323.03,331.6,332.29,-0.69,-0.2076,12613.69,416237.203,0.9594,1.02,36.8388,3.8287,4359792.9052
688169.SH,2024-03-20,333.0,334.49,326.2,332.0,331.6,0.4,0.1206,10975.43,363268.068,0.8348,0.87,36.8833,3.8333,4365052.004
688169.SH,2024-03-21,331.66,332.87,318.18,324.28,332.0,-7.72,-2.3253,15712.5,508131.11,1.1951,1.37,36.0256,3.7442,4263551.3972
688169.SH,2024-03-22,323.69,329.59,320.0,326.28,324.28,2.0,0.6168,11999.51,391626.999,0.9127,0.96,36.2478,3.7673,4289846.8912
688169.SH,2024-03-25,325.97,345.55,325.11,339.16,326.28,12.88,3.9475,17570.29,597584.934,1.3364,1.4,37.6787,3.916,4459189.8725
688169.SH,2024-03-26,338.0,350.88,337.5,344.35,339.16,5.19,1.5303,12996.51,448955.981,0.9885,0.94,38.2553,3.9759,4527426.6795
688169.SH,2024-03-27,343.23,349.88,339.0,342.01,344.35,-2.34,-0.6795,12519.35,432682.274,0.9522,0.9,37.9953,3.9489,4496660.9515
688169.SH,2024-03-28,341.67,347.69,334.33,341.93,342.01,-0.08,-0.0234,11300.82,385663.842,0.8595,0.8,37.9865,3.948,4495609.1317
688169.SH,2024-03-29,344.41,345.0,335.0,342.57,341.93,0.64,0.1872,9849.53,333644.797,0.7491,0.74,21.9578,3.9577,4504023.6898
688169.SH,2024-04-01,345.0,349.65,336.33,336.96,342.57,-5.61,-1.6376,15689.32,537116.185,1.1933,1.22,21.5982,3.8928,4430264.8291
688169.SH,2024-04-02,339.0,339.0,332.33,335.75,336.96,-1.21,-0.3591,9813.02,328577.68,0.7464,0.79,21.5207,3.8789,4414356.0553
688169.SH,2024-04-03,335.75,344.98,335.75,337.94,335.75,2.19,0.6523,12635.88,429256.686,0.9611,1.07,21.661,3.9042,4443149.6212
688169.SH,2024-04-08,338.0,347.0,331.11,334.35,337.94,-3.59,-1.0623,13380.41,452061.864,1.0177,1.13,21.4309,3.8627,4395949.2095
688169.SH,2024-04-09,334.05,339.5,330.0,337.99,334.35,3.64,1.0887,10216.11,343727.528,0.777,0.83,21.6642,3.9047,4443807.0085
688169.SH,2024-04-10,337.04,337.99,326.66,336.0,337.99,-1.99,-0.5888,11666.22,389364.831,0.8873,0.94,21.5367,3.8818,4417642.992
688169.SH,2024-04-11,334.99,357.77,331.33,354.0,336.0,18.0,5.3571,26338.62,925734.273,2.0033,2.28,22.6904,4.0897,4654302.438
688169.SH,2024-04-12,354.06,358.06,345.27,348.0,354.0,-6.0,-1.6949,17323.96,608582.567,1.3176,1.17,22.3059,4.0204,4575415.956
688169.SH,2024-04-15,347.0,360.0,345.0,353.2,348.0,5.2,1.4943,16703.44,587611.957,1.2704,1.06,22.6392,4.0805,4643784.2404
688169.SH,2024-04-16,354.0,359.38,348.39,349.89,353.2,-3.31,-0.9371,12050.13,425628.534,0.9165,0.73,22.427,4.0422,4600265.1978
688169.SH,2024-04-17,349.92,374.6,347.96,374.6,349.89,24.71,7.0622,21536.75,781435.228,1.6381,1.28,24.0108,4.3277,4925146.0262
688169.SH,2024-04-18,371.2,385.85,367.15,375.73,374.6,1.13,0.3017,17662.35,665976.75,1.3434,0.94,24.0833,4.3408,4940002.9803
688169.SH,2024-04-19,373.2,377.5,367.2,375.16,375.73,-0.57,-0.1517,11103.88,413990.926,0.8445,0.65,24.0467,4.3342,4932508.7645
688169.SH,2024-04-22,374.9,391.63,374.9,382.41,375.16,7.25,1.9325,14339.23,549176.41,1.0906,0.91,24.5114,4.4179,5027829.9303
688169.SH,2024-04-23,380.26,385.0,370.25,375.99,382.41,-6.42,-1.6788,9548.61,358198.68,0.7263,0.62,24.0999,4.3438,4943421.3945
688169.SH,2024-04-24,375.99,385.67,372.12,384.6,375.99,8.61,2.29,7989.04,303347.45,0.6076,0.54,24.6518,4.4432,5056623.4962
688169.SH,2024-04-25,385.44,387.7,369.2,373.79,384.6,-10.81,-2.8107,13675.95,510853.168,1.0402,1.13,23.9589,4.3183,4914496.3511
688169.SH,2024-04-26,373.79,388.76,373.05,382.3,373.79,8.51,2.2767,11536.01,440987.193,0.8774,1.02,24.5044,4.4167,5026383.6781
688169.SH,2024-04-29,382.3,419.88,382.3,412.99,382.3,30.69,8.0277,25802.64,1047725.183,1.9625,2.26,26.4715,4.6072,5429888.0335
688169.SH,2024-04-30,411.0,428.06,409.42,425.02,412.99,12.03,2.9129,16745.03,707871.158,1.2736,1.22,27.2426,4.7414,5588055.4299
688169.SH,2024-05-06,436.0,465.0,432.03,458.0,425.02,32.98,7.7596,22992.5,1024451.108,1.7488,1.52,29.3566,5.1093,6021668.126
688169.SH,2024-05-07,457.0,457.0,439.0,441.3,458.0,-16.7,-3.6463,17811.08,791146.724,1.3547,0.98,28.2861,4.923,5802100.7511
688169.SH,2024-05-08,442.41,448.8,437.02,444.88,441.3,3.58,0.8112,11749.57,520417.626,0.8937,0.62,28.5156,4.963,5849169.6854
688169.SH,2024-05-09,443.78,453.4,438.0,446.0,444.88,1.12,0.2518,10945.87,487216.838,0.8325,0.58,28.5874,4.9755,5863895.162
688169.SH,2024-05-10,444.7,468.0,442.05,463.3,446.0,17.3,3.8789,13658.55,628393.519,1.0389,0.85,29.6963,5.1685,6091351.1851
688169.SH,2024-05-13,455.33,469.99,451.0,465.1,463.3,1.8,0.3885,17179.73,793910.833,1.3067,1.11,29.8116,5.1885,6115017.1297
688169.SH,2024-05-14,464.0,469.85,454.0,463.0,465.1,-2.1,-0.4515,11412.67,526159.771,0.868,0.8,29.677,5.1651,6087406.861
688169.SH,2024-05-15,462.0,464.0,443.53,446.1,463.0,-16.9,-3.6501,17827.92,798587.943,1.356,1.37,28.5938,4.9766,5865209.9367
688169.SH,2024-05-16,444.36,446.0,427.3,432.49,446.1,-13.61,-3.0509,28159.18,1225773.196,2.1417,1.98,27.7214,4.8248,5686269.1
688169.SH,2024-05-17,430.88,436.79,418.31,428.6,432.49,-3.89,-0.8994,18943.25,806410.254,1.4408,1.07,27.4721,4.7814,5635124.3642
688169.SH,2024-05-20,424.93,431.99,419.33,426.74,428.6,-1.86,-0.434,12725.67,540763.767,0.9679,0.68,27.3529,4.7606,5610669.5548
688169.SH,2024-05-21,422.3,438.88,422.16,433.91,426.74,7.17,1.6802,16727.33,726552.795,1.2723,0.94,27.8125,4.8406,5704938.9008
688169.SH,2024-05-22,433.9,434.91,420.0,420.01,433.91,-13.9,-3.2034,14325.71,606459.044,1.0896,0.76,26.9215,4.6855,5522185.2175
688169.SH,2024-05-23,420.04,425.88,416.06,424.85,420.01,4.84,1.1524,11976.36,505362.171,0.9109,0.66,27.2317,4.7395,5585820.313
688169.SH,2024-05-24,426.0,432.26,420.22,424.9,424.85,0.05,0.0118,9317.37,398443.0,0.7087,0.62,27.2349,4.7401,5586477.7003
688169.SH,2024-05-27,420.0,423.64,404.2,417.74,424.9,-7.16,-1.6851,24259.36,1003755.038,1.8451,1.86,26.776,4.6602,5492339.8318
688169.SH,2024-05-28,416.9,422.98,412.85,416.15,417.74,-1.59,-0.3806,8393.12,349832.919,0.6384,0.55,26.6741,4.6425,5471434.9141
688169.SH,2024-05-29,415.28,420.0,410.01,418.0,416.15,1.85,0.4446,11524.37,479034.003,0.8765,0.84,26.8134,4.6667,5500013.486
688169.SH,2024-05-30,413.0,426.88,413.0,418.26,418.0,0.26,0.0622,9607.98,404847.31,0.7308,0.73,26.8301,4.6696,5503434.547
688169.SH,2024-05-31,418.23,425.95,414.0,416.86,418.26,-1.4,-0.3347,8973.8,375931.957,0.6825,0.71,26.7403,4.654,5485013.4492
688169.SH,2024-06-03,419.32,443.01,414.1,438.18,416.86,21.32,5.1144,18376.26,797880.19,1.3966,1.46,28.1079,4.8911,5765540.4529
688169.SH,2024-06-04,435.99,441.86,426.18,439.16,438.18,0.98,0.2237,14965.58,651558.391,1.1374,1.32,28.1708,4.902,5778435.2213
688169.SH,2024-06-05,439.2,440.88,427.17,428.89,439.16,-10.27,-2.3386,10291.8,444573.503,0.7822,0.81,27.512,4.7874,5643303.311
688169.SH,2024-06-06,430.0,430.0,421.33,424.0,428.89,-4.89,-1.1402,8996.21,381921.118,0.6837,0.72,27.1983,4.7328,5578961.048
688169.SH,2024-06-07,424.85,424.85,406.6,412.45,424.0,-11.55,-2.7241,17743.89,733295.628,1.3485,1.44,26.4574,4.6039,5426986.9912
688169.SH,2024-06-11,404.21,410.0,393.0,400.8,412.45,-11.65,-2.8246,26295.75,1056234.019,1.9985,1.87,25.7101,4.4738,5273697.1416
688169.SH,2024-06-12,403.3,415.0,400.8,412.69,400.8,11.89,2.9666,18690.73,766812.465,1.4205,1.19,26.4728,4.6065,5430144.8936
688169.SH,2024-06-13,412.0,419.47,408.99,416.0,412.69,3.31,0.8021,12093.47,501244.301,0.9191,0.74,26.6851,4.6435,5473697.632
688169.SH,2024-06-14,413.39,421.0,401.94,401.94,416.0,-14.06,-3.3798,20585.55,841049.403,1.5645,1.23,25.7832,4.4865,5288697.1784
688169.SH,2024-06-17,406.0,422.94,399.44,411.47,401.94,9.53,2.371,20607.04,850007.572,1.5661,1.08,26.3945,4.5929,5414092.2227
688169.SH,2024-06-18,415.0,415.0,402.06,413.0,411.47,1.53,0.3718,13806.03,565489.809,1.0493,0.7,26.4927,4.61,5434223.851
688169.SH,2024-06-19,413.0,415.5,404.0,405.0,413.0,-8.0,-1.937,7694.52,313982.395,0.5848,0.45,25.9795,4.5207,5328960.435
688169.SH,2024-06-20,408.0,411.79,403.68,408.5,405.0,3.5,0.8642,8536.55,348965.692,0.6488,0.57,26.204,4.5598,5375013.1795
688169.SH,2024-06-21,408.5,417.01,405.06,413.28,408.5,4.78,1.1701,8698.81,357806.605,0.6611,0.61,26.5106,4.6131,5437908.0706
688169.SH,2024-06-24,410.12,417.5,402.35,404.76,413.28,-8.52,-2.0616,10266.75,421166.151,0.7803,0.87,25.9641,4.518,5325802.5325
688169.SH,2024-06-25,405.0,415.9,400.11,405.49,404.76,0.73,0.1804,12529.55,511554.922,0.9522,1.28,26.0109,4.5262,5335407.8192
688169.SH,2024-06-26,401.3,407.97,394.41,397.0,405.49,-8.49,-2.0938,12670.99,505309.008,0.963,1.33,25.4663,4.4314,5223697.019
688169.SH,2024-06-27,397.6,398.0,390.39,393.2,397.0,-3.8,-0.9572,11747.3,462447.415,0.8928,1.11,25.2226,4.389,5173696.8964
688169.SH,2024-06-28,393.19,399.38,389.58,392.6,393.2,-0.6,-0.1526,8993.3,354801.816,0.6835,0.8,25.1841,4.3823,5165802.1402
688169.SH,2024-07-01,390.97,393.86,382.33,387.34,392.6,-5.26,-1.3398,8885.5,344977.628,0.6753,0.79,24.8467,4.3236,5096591.4442
688169.SH,2024-07-02,387.33,393.88,374.21,378.12,387.34,-9.22,-2.3803,17155.11,651265.269,1.3038,1.56,24.2552,4.2207,4975275.3572
688169.SH,2024-07-03,381.5,381.5,372.0,373.18,378.12,-4.94,-1.3065,9021.85,338409.077,0.6857,0.76,23.9383,4.1655,4910275.1979
688169.SH,2024-07-04,373.86,387.82,370.46,378.81,373.18,5.63,1.5087,11979.72,458720.02,0.9105,1.07,24.2995,4.2284,4984354.3269
688169.SH,2024-07-05,375.02,383.01,369.0,379.86,378.81,1.05,0.2772,9522.96,357773.126,0.7237,0.85,24.3668,4.2401,4998170.1502
688169.SH,2024-07-08,379.4,382.45,372.78,380.2,379.86,0.34,0.0895,9145.58,346468.464,0.6951,0.81,24.3887,4.2439,5002643.8454
688169.SH,2024-07-09,375.74,378.0,369.44,374.6,380.2,-5.6,-1.4729,10984.75,409956.738,0.8348,0.97,24.0294,4.1814,4928959.4542
688169.SH,2024-07-10,372.0,374.0,360.2,367.66,374.6,-6.94,-1.8526,15269.48,557068.913,1.1605,1.51,23.5843,4.1039,4837643.4408
688169.SH,2024-07-11,369.79,371.87,359.0,365.64,367.66,-2.02,-0.5494,12812.59,465604.785,0.9738,1.13,23.4547,4.0814,4811064.4283
688169.SH,2024-07-12,364.02,378.82,362.64,376.62,365.64,10.98,3.003,11683.53,436605.434,0.8879,1.01,24.159,4.2039,4955538.4667
688169.SH,2024-07-15,357.93,357.93,322.0,342.24,376.62,-34.38,-9.1286,37953.77,1286759.601,2.8845,3.17,21.9536,3.8202,4503168.9365
688169.SH,2024-07-16,338.6,343.58,330.48,332.68,342.24,-9.56,-2.7934,22940.87,769834.277,1.7435,1.29,21.3404,3.7134,4377379.1544
688169.SH,2024-07-17,333.0,334.98,324.08,331.99,332.68,-0.69,-0.2074,14654.01,483372.24,1.1137,0.73,21.2961,3.7057,4368300.1847
688169.SH,2024-07-18,332.83,339.8,328.0,334.36,331.99,2.37,0.7139,13822.91,464056.43,1.0505,0.69,21.4482,3.7322,4399484.4717
688169.SH,2024-07-19,332.0,336.97,329.3,332.63,334.36,-1.73,-0.5174,11197.26,372605.091,0.851,0.55,21.3372,3.7129,4376721.258
688169.SH,2024-07-22,331.65,344.44,330.01,337.96,332.63,5.33,1.6024,14309.32,485282.258,1.0875,0.71,21.6791,3.7724,4446853.0089
688169.SH,2024-07-23,339.37,339.37,320.67,320.67,337.96,-17.29,-5.116,13540.49,441692.03,1.0291,0.88,20.57,3.5794,4219352.4511
688169.SH,2024-07-24,318.82,318.82,299.06,307.02,320.67,-13.65,-4.2567,27943.61,857067.487,2.1237,2.07,19.6944,3.427,4039746.7475
688169.SH,2024-07-25,305.12,307.37,295.02,296.2,307.02,-10.82,-3.5242,14088.38,422209.987,1.0707,0.87,19.0003,3.3062,3897377.9774
688169.SH,2024-07-26,298.84,303.74,296.4,298.04,296.2,1.84,0.6212,13558.94,406081.368,1.0305,0.84,19.1183,3.3268,3921588.5631
688169.SH,2024-07-29,298.87,311.0,298.87,303.68,298.04,5.64,1.8924,19250.3,585318.932,1.463,1.15,19.4801,3.3897,3995799.2714
688169.SH,2024-07-30,302.0,302.0,287.25,292.69,303.68,-10.99,-3.6189,17859.93,519551.301,1.3574,1.01,18.7752,3.2671,3851193.6536
688169.SH,2024-07-31,293.27,314.8,285.33,314.64,292.69,21.95,7.4994,22901.96,700769.493,1.7405,1.24,20.1832,3.5121,4140010.1513
688169.SH,2024-08-01,314.0,316.0,302.0,302.88,314.64,-11.76,-3.7376,19780.03,606244.251,1.5033,1.13,19.4288,3.3808,3985272.9298
688169.SH,2024-08-02,301.58,304.58,292.19,292.91,302.88,-9.97,-3.2917,13213.62,392244.465,1.0042,0.71,18.7893,3.2695,3854088.3976
688169.SH,2024-08-05,291.72,300.16,281.09,284.0,292.91,-8.91,-3.0419,15680.42,451394.152,1.1917,0.84,18.2177,3.1701,3736851.268
688169.SH,2024-08-06,284.99,288.72,278.07,282.0,284.0,-2.0,-0.7042,15923.43,447977.216,1.2102,0.89,18.0894,3.1477,3710535.414
688169.SH,2024-08-07,281.77,291.36,275.64,286.5,282.0,4.5,1.5957,16189.75,461157.093,1.2304,0.93,18.3781,3.198,3769746.0855
688169.SH,2024-08-08,201.38,204.31,196.61,202.51,201.31,1.2,0.5961,16298.3,328120.735,0.8848,1.01,18.1862,3.3386,3730377.4151
688169.SH,2024-08-09,201.3,207.14,201.3,202.84,202.51,0.33,0.163,16554.33,336323.343,0.8987,1.07,18.2158,3.3441,3736456.2484
688169.SH,2024-08-12,204.8,215.11,199.01,212.58,202.84,9.74,4.8018,28933.27,608738.558,1.5707,1.79,19.0905,3.5046,3915873.9366
688169.SH,2024-08-13,214.0,217.57,208.32,213.0,212.58,0.42,0.1976,19761.32,419385.841,1.0728,1.05,19.1282,3.5116,3923610.6336
688169.SH,2024-08-14,213.0,215.67,206.51,214.17,213.0,1.17,0.5493,18719.91,396604.856,1.0162,0.96,19.2333,3.5309,3945162.861
688169.SH,2024-08-15,214.17,214.17,205.23,205.95,214.17,-8.22,-3.8381,19986.39,416295.891,1.085,1.0,18.5202,3.4,3798904.1484
688169.SH,2024-08-16,206.0,210.45,204.95,209.0,205.95,3.05,1.4809,15286.84,318164.037,0.8299,0.74,18.7945,3.4503,3855163.7146
688169.SH,2024-08-19,208.5,208.5,193.0,198.91,209.0,-10.09,-4.8278,41281.91,821911.733,2.238,2.01,17.8872,3.2778,3669046.0023
688169.SH,2024-08-20,199.0,200.91,196.5,199.88,198.91,0.97,0.4877,17693.93,351451.272,0.9592,0.77,17.9744,3.2938,3686938.3889
688169.SH,2024-08-21,199.87,203.0,197.02,201.93,199.88,2.05,1.0256,14254.3,285936.606,0.7728,0.63,18.1587,3.3276,3724752.1956
688169.SH,2024-08-22,202.9,205.39,200.25,204.1,201.93,2.17,1.0746,13441.81,273814.374,0.7287,0.62,18.3539,3.3634,3764779.4935
688169.SH,2024-08-23,204.21,218.85,203.0,217.38,204.1,13.28,6.5066,30397.79,649680.668,1.648,1.49,19.5481,3.5822,4009739.1784
688169.SH,2024-08-26,219.0,225.45,216.3,222.48,217.38,5.1,2.3461,24168.85,534830.659,1.3103,1.03,20.0067,3.6663,4103812.5513
688169.SH,2024-08-27,225.0,226.98,218.31,224.15,222.48,1.67,0.7506,16412.87,366502.19,0.8898,0.82,20.1569,3.6938,4134616.9695
688169.SH,2024-08-28,222.5,226.97,219.34,225.0,224.15,0.85,0.3792,12003.89,267957.862,0.6508,0.61,20.2333,3.7078,4150295.865
688169.SH,2024-08-29,219.0,222.78,212.66,219.98,225.0,-5.02,-2.2311,17326.08,379142.571,0.9393,0.9,19.7819,3.6251,4057698.1528
688169.SH,2024-08-30,215.0,229.85,214.6,226.4,219.98,6.42,2.9184,26816.79,601899.244,1.4538,1.34,20.3592,3.4961,4176119.9282
688169.SH,2024-09-02,228.4,231.95,218.8,218.89,226.4,-7.51,-3.3171,20960.6,469862.732,1.1363,1.08,19.6839,3.3802,4037592.2751
688169.SH,2024-09-03,218.99,231.45,217.12,230.0,218.89,11.11,5.0756,24564.05,560017.148,1.3317,1.31,20.683,3.5517,4242524.662
688169.SH,2024-09-04,226.09,237.99,226.07,232.8,230.0,2.8,1.2174,21917.35,512050.527,1.1882,1.08,20.9348,3.595,4294172.7883
688169.SH,2024-09-05,233.0,239.59,230.64,238.98,232.8,6.18,2.6546,14408.54,340232.341,0.7811,0.65,21.4905,3.6904,4408167.5814
688169.SH,2024-09-06,238.95,244.48,233.48,233.5,238.98,-5.48,-2.2931,16053.19,381893.683,0.8703,0.74,20.9977,3.6058,4307084.8199
688169.SH,2024-09-09,233.0,236.34,224.11,229.88,233.5,-3.62,-1.5503,21086.63,481824.959,1.1432,1.08,20.6722,3.5499,4240311.1709
688169.SH,2024-09-10,226.8,231.5,226.59,227.52,229.88,-2.36,-1.0266,10468.21,238863.705,0.5675,0.53,20.4599,3.5134,4196779.1787
688169.SH,2024-09-11,227.6,237.88,225.0,237.44,227.52,9.92,4.3601,17989.1,421223.377,0.9752,1.07,21.352,3.6666,4379761.1119
688169.SH,2024-09-12,238.0,242.08,234.25,238.3,237.44,0.86,0.3622,16254.01,386707.724,0.8812,1.02,21.4293,3.6799,4395624.465
688169.SH,2024-09-13,237.28,244.0,235.58,237.03,238.3,-1.27,-0.5329,21482.66,515737.751,1.1646,1.31,21.3151,3.6603,4372198.3506
688169.SH,2024-09-18,236.44,247.46,234.24,245.17,237.03,8.14,3.4342,14958.44,363645.0,0.8109,0.86,22.0471,3.786,4522346.8321
688169.SH,2024-09-19,245.0,250.88,237.33,238.2,245.17,-6.97,-2.8429,25187.29,612210.413,1.3655,1.55,21.4512,3.6836,4400105.3854
688169.SH,2024-09-20,236.99,238.29,230.5,236.36,238.2,-1.84,-0.7725,22222.69,521183.108,1.2048,1.16,21.2855,3.6552,4366116.3261
688169.SH,2024-09-23,237.0,243.88,231.5,233.69,236.36,-2.67,-1.1296,21489.62,508088.856,1.1633,1.07,21.045,3.6128,4316795.2456
688169.SH,2024-09-24,235.3,242.0,226.77,238.88,233.69,5.19,2.2209,30796.26,722224.255,1.6672,1.46,21.5124,3.693,4412666.5594
688169.SH,2024-09-25,240.0,241.88,217.01,217.98,238.88,-20.9,-8.7492,67519.38,1534498.448,3.6552,2.94,19.6303,3.3699,4026595.1801
688169.SH,2024-09-26,217.8,220.66,207.14,219.81,217.98,1.83,0.8395,52586.26,1124041.678,2.8468,1.57,19.7951,3.3982,4060399.5162
688169.SH,2024-09-27,223.95,239.88,220.14,231.6,219.81,11.79,5.3637,40394.28,942483.219,2.1867,1.04,20.8568,3.5805,4278188.1077
688169.SH,2024-09-30,247.83,277.92,242.73,277.92,231.6,46.32,20.0,89510.56,2338933.001,4.8457,2.1,25.0282,4.2966,5133825.7292
688169.SH,2024-10-08,333.5,333.5,282.3,315.0,277.92,37.08,13.342,146523.43,4464632.891,7.9321,2.61,28.3674,4.8698,5818779.162
688169.SH,2024-10-09,300.0,300.0,258.79,268.38,315.0,-46.62,-14.8,116790.69,3243129.42,6.3225,1.47,24.1691,4.1491,4957599.846
688169.SH,2024-10-10,273.0,280.93,262.13,267.17,268.38,-1.21,-0.4509,61813.91,1679427.137,3.3463,0.69,24.0601,4.1304,4935248.3451
688169.SH,2024-10-11,270.0,270.0,251.3,251.9,267.17,-15.27,-5.7155,43019.84,1105770.385,2.3289,0.47,22.6849,3.8943,4653176.0981
688169.SH,2024-10-14,255.0,265.98,248.51,262.39,251.9,10.49,4.1644,47298.46,1219091.76,2.5605,0.52,23.6296,4.0565,4846950.6804
688169.SH,2024-10-15,262.0,267.0,256.37,256.37,262.39,-6.02,-2.2943,40737.4,1064612.76,2.2053,0.49,23.0875,3.9634,4735747.3453
688169.SH,2024-10-16,250.78,254.85,247.55,248.54,256.37,-7.83,-3.0542,36017.11,903201.659,1.9498,0.58,22.3824,3.8424,4591109.1204
688169.SH,2024-10-17,250.0,259.5,244.0,244.6,248.54,-3.94,-1.5853,39760.9,999376.606,2.1525,0.87,22.0275,3.7815,4518328.2001
688169.SH,2024-10-18,247.47,273.98,246.0,263.8,244.6,19.2,7.8496,80396.68,2101317.281,4.3523,1.94,23.7566,4.0783,4872996.6442
688169.SH,2024-10-21,269.3,279.98,265.11,276.0,263.8,12.2,4.6247,71105.95,1941211.958,3.8493,1.46,24.8553,4.2669,5098358.8848
688169.SH,2024-10-22,278.63,278.73,268.0,268.49,276.0,-7.51,-2.721,46223.36,1255054.786,2.5023,0.86,24.179,4.1508,4959631.8007
688169.SH,2024-10-23,268.5,270.07,263.5,264.49,268.49,-4.0,-1.4898,27383.8,727821.421,1.4824,0.5,23.8187,4.089,4885742.5415
688169.SH,2024-10-24,261.02,263.96,259.21,260.58,264.49,-3.91,-1.4783,19527.72,508516.767,1.0571,0.37,23.4666,4.0285,4813515.7906
688169.SH,2024-10-25,259.0,269.95,257.0,266.01,260.58,5.43,2.0838,32136.38,849543.509,1.7397,0.66,23.9556,4.1125,4913820.4599
688169.SH,2024-10-28,266.7,280.59,264.0,276.79,266.01,10.78,4.0525,41492.73,1135256.23,2.2462,1.06,24.9264,4.2791,5112952.0135
688169.SH,2024-10-29,276.81,282.57,269.52,270.0,276.79,-6.79,-2.4531,42211.46,1165008.264,2.2851,1.27,24.315,4.1741,4987524.996
688169.SH,2024-10-30,268.98,276.33,263.41,264.79,270.0,-5.21,-1.9296,31963.23,854305.247,1.7303,0.98,23.8458,4.0936,4891284.2359
688169.SH,2024-10-31,238.8,240.0,211.83,235.6,264.79,-29.19,-11.0238,143374.64,3208596.561,7.7616,4.28,21.217,3.538,4352077.3669
688169.SH,2024-11-01,225.25,230.49,223.72,224.44,235.6,-11.16,-4.7368,62482.64,1416603.722,3.3825,1.07,20.212,3.3704,4145926.3337
688169.SH,2024-11-04,226.42,237.98,224.0,232.65,224.44,8.21,3.658,42786.95,996102.173,2.3163,0.67,20.9514,3.4937,4297584.0382
688169.SH,2024-11-05,232.65,236.88,226.22,233.22,232.65,0.57,0.245,49239.65,1140058.707,2.6656,0.76,21.0027,3.5023,4308113.2577
688169.SH,2024-11-06,233.18,240.99,226.0,228.27,233.22,-4.95,-2.1225,52562.76,1228024.528,2.8455,0.8,20.5569,3.4279,4216675.2994
688169.SH,2024-11-07,223.3,227.0,218.42,220.0,228.27,-8.27,-3.6229,94417.97,2088279.886,5.1113,1.35,19.8122,3.3038,4063909.256
688169.SH,2024-11-08,222.14,225.54,216.55,218.91,220.0,-1.09,-0.4955,65984.72,1459041.194,3.5721,1.09,19.714,3.2874,4043774.4329
688169.SH,2024-11-11,216.51,223.4,214.5,223.0,218.91,4.09,1.8683,63575.89,1396219.04,3.4417,1.04,20.0823,3.3488,4119326.2004
688169.SH,2024-11-12,226.0,226.5,222.0,223.08,223.0,0.08,0.0359,45719.71,1026887.341,2.475,0.7,20.0896,3.35,4120803.9856
688169.SH,2024-11-13,222.0,232.0,221.81,230.96,223.08,7.88,3.5324,49514.34,1126742.382,2.6805,0.77,20.7992,3.4683,4266365.8262
688169.SH,2024-11-14,231.0,232.96,226.6,226.9,230.96,-4.06,-1.7579,33842.91,775206.744,1.8321,0.53,20.4336,3.4074,4191368.2281
688169.SH,2024-11-15,224.0,226.0,218.88,218.95,226.9,-7.95,-3.5037,28951.8,642163.64,1.5673,0.56,19.7176,3.288,4044513.3255
688169.SH,2024-11-18,220.0,220.99,214.23,217.78,218.95,-1.17,-0.5344,22049.54,478649.354,1.1937,0.5,19.6123,3.2704,4022900.7171
688169.SH,2024-11-19,217.5,219.95,213.66,218.72,217.78,0.94,0.4316,25193.74,545507.894,1.3639,0.7,19.6969,3.2845,4040264.6931
688169.SH,2024-11-20,218.0,218.0,215.3,215.93,218.72,-2.79,-1.2756,22994.45,497082.863,1.2448,0.72,19.4457,3.2426,3988726.9348
688169.SH,2024-11-21,215.97,216.11,212.66,213.07,215.93,-2.86,-1.3245,24878.82,531534.334,1.3468,0.94,19.1881,3.1997,3935896.1144
688169.SH,2024-11-22,213.25,215.34,202.58,203.52,213.07,-9.55,-4.4821,34056.26,710925.326,1.8436,1.37,18.3281,3.0563,3759485.5081
688169.SH,2024-11-25,204.0,204.82,193.8,196.41,203.52,-7.11,-3.4935,37106.17,732214.301,2.0087,1.44,17.6878,2.9495,3628147.3499
688169.SH,2024-11-26,196.0,199.99,193.88,197.5,196.41,1.09,0.555,19161.7,379951.15,1.0373,0.66,17.7859,2.9659,3648282.173
688169.SH,2024-11-27,197.64,210.0,194.02,208.84,197.5,11.34,5.7418,45607.74,937493.22,2.469,1.65,18.8072,3.1362,3857758.2228
688169.SH,2024-11-28,208.6,209.5,204.61,205.5,208.84,-3.34,-1.5993,26229.38,542655.996,1.4199,0.82,18.5064,3.086,3796060.6914
688169.SH,2024-11-29,204.66,215.49,204.5,214.5,205.5,9.0,4.3796,44859.55,952207.994,2.4285,1.38,19.3169,3.2212,3962311.5246
688169.SH,2024-12-02,218.79,222.6,214.0,222.51,214.5,8.01,3.7343,46493.9,1018593.091,2.517,1.34,20.0382,3.3414,4110274.7661
688169.SH,2024-12-03,219.85,224.56,219.01,222.54,222.51,0.03,0.0135,21814.74,483672.047,1.1809,0.6,20.0409,3.3419,4110828.9356
688169.SH,2024-12-04,221.61,222.2,215.51,217.8,222.54,-4.74,-2.13,27945.0,608653.599,1.5128,0.76,19.6141,3.2707,4023270.1634
688169.SH,2024-12-05,216.05,220.7,216.03,218.11,217.8,0.31,0.1423,17873.41,390546.397,0.9676,0.53,19.642,3.2754,4028996.581
688169.SH,2024-12-06,218.0,229.0,217.3,226.0,218.11,7.89,3.6174,35402.07,801360.177,1.9165,1.11,20.3525,3.3939,4174743.1448
688169.SH,2024-12-09,225.0,229.62,221.6,226.51,226.0,0.51,0.2257,25403.66,574454.564,1.3752,0.85,20.3984,3.4015,4184164.0253
688169.SH,2024-12-10,236.1,236.71,228.5,231.64,226.51,5.13,2.2648,41374.47,960445.385,2.2398,1.61,20.8604,3.4786,4278927.0003
688169.SH,2024-12-11,231.63,232.52,223.2,224.51,231.64,-7.13,-3.0781,35810.8,817090.891,1.9386,1.21,20.2183,3.3715,4147219.3957
688169.SH,2024-12-12,225.0,226.83,220.52,223.12,224.51,-1.39,-0.6191,41975.11,938354.384,2.2723,1.35,20.0932,3.3506,4121542.8782
688169.SH,2024-12-13,220.5,226.73,218.18,223.12,223.12,0.0,0.0,89351.19,1983598.672,4.837,2.48,20.0932,3.3506,4121542.8782
688169.SH,2024-12-16,220.8,225.5,216.6,222.94,223.12,-0.18,-0.0807,37675.75,831960.863,2.0396,0.81,20.0769,3.3479,4118217.8615
688169.SH,2024-12-17,220.99,229.66,220.88,224.31,222.94,1.37,0.6145,29864.57,677864.709,1.6167,0.61,20.2003,3.3685,4143524.9328
688169.SH,2024-12-18,224.27,224.93,217.88,221.38,224.31,-2.93,-1.3062,23288.12,513592.156,1.2607,0.5,19.9365,3.3245,4089401.0504
688169.SH,2024-12-19,218.01,219.82,216.29,218.22,221.38,-3.16,-1.4274,21504.01,468185.134,1.1641,0.48,19.6519,3.277,4031028.5357
688169.SH,2024-12-20,219.2,220.44,216.02,216.02,218.22,-2.2,-1.0082,23615.62,514283.168,1.2784,0.59,19.4538,3.244,3990389.4431
688169.SH,2024-12-23,216.9,219.39,212.46,215.4,216.02,-0.62,-0.287,26915.01,580736.78,1.457,0.99,19.3979,3.2347,3978936.6079
688169.SH,2024-12-24,215.12,219.19,214.67,215.96,215.4,0.56,0.26,16633.71,360238.03,0.9005,0.66,19.4484,3.2431,3989281.1042
688169.SH,2024-12-25,215.99,215.99,210.0,212.66,215.96,-3.3,-1.5281,21879.76,465640.516,1.1845,0.98,19.1512,3.1935,3928322.4654
688169.SH,2024-12-26,212.0,213.87,209.7,210.0,212.66,-2.66,-1.2508,18898.46,399790.647,1.0231,0.85,18.9116,3.1536,3879186.108
688169.SH,2024-12-27,209.07,213.42,207.19,211.02,210.0,1.02,0.4857,25174.42,529341.16,1.3628,1.17,19.0035,3.1689,3898027.8691
688169.SH,2024-12-30,211.02,224.3,211.02,222.68,211.02,11.66,5.5255,45502.01,1003832.132,2.4633,2.08,20.0535,3.344,4113415.0597
688169.SH,2024-12-31,222.8,225.0,218.5,219.29,222.68,-3.39,-1.5224,28249.66,625735.273,1.5293,1.1,19.7482,3.2931,4050793.9125
688169.SH,2025-01-02,219.3,228.95,216.13,220.3,219.29,1.01,0.4606,38370.81,854515.505,2.0772,1.37,19.8392,3.3083,4069450.9504
688169.SH,2025-01-03,221.3,230.88,221.3,226.12,220.3,5.82,2.6419,45065.99,1025794.511,2.4397,1.44,20.3633,3.3957,4176959.8226
688169.SH,2025-01-06,228.9,237.96,222.75,235.19,226.12,9.07,4.0111,52244.4,1214222.071,2.8283,1.43,21.1801,3.5319,4344503.7178
688169.SH,2025-01-07,235.0,245.0,230.38,234.18,235.19,-1.01,-0.4294,50815.41,1209062.356,2.7509,1.21,21.0892,3.5167,4325846.6799
688169.SH,2025-01-08,231.8,243.0,231.25,240.91,234.18,6.73,2.8739,38091.63,905861.754,2.0621,0.89,21.6952,3.6178,4450165.3585
688169.SH,2025-01-09,239.86,239.86,234.51,235.28,240.91,-5.63,-2.337,26070.58,616199.938,1.4113,0.58,21.1882,3.5332,4346166.2261
688169.SH,2025-01-10,233.98,233.98,223.6,223.8,235.28,-11.48,-4.8793,30684.65,698021.432,1.6611,0.72,20.1544,3.3608,4134104.0522
688169.SH,2025-01-13,223.9,227.57,218.98,219.99,223.8,-3.81,-1.7024,23289.55,518061.681,1.2608,0.59,19.8113,3.3036,4063724.5329
688169.SH,2025-01-14,220.0,226.88,218.0,226.5,219.99,6.51,2.9592,28030.09,626036.342,1.5174,0.83,20.3975,3.4014,4183979.3022
688169.SH,2025-01-15,226.0,229.87,222.5,224.03,226.5,-2.47,-1.0905,23053.14,521118.282,1.248,0.79,20.1751,3.3643,4138352.6846
688169.SH,2025-01-16,226.0,239.92,224.12,237.3,224.03,13.27,5.9233,41478.92,977016.849,2.2455,1.58,21.3701,3.5635,4383480.302
688169.SH,2025-01-17,235.72,240.5,232.63,237.1,237.3,-0.2,-0.0843,24332.55,575833.714,1.3172,0.83,21.3521,3.5605,4379785.8391
688169.SH,2025-01-20,238.83,240.93,233.85,235.0,237.1,-2.1,-0.8857,22692.42,538812.478,1.2285,0.81,21.163,3.529,4340993.978
688169.SH,2025-01-21,236.0,239.73,232.5,238.66,235.0,3.66,1.5574,25585.08,604033.872,1.3851,0.92,21.4926,3.584,4408602.6502
688169.SH,2025-01-22,236.28,238.66,228.07,235.22,238.66,-3.44,-1.4414,26845.09,625140.111,1.4533,0.98,21.1828,3.5323,4345057.8873
688169.SH,2025-01-23,235.51,237.93,228.51,229.18,235.22,-6.04,-2.5678,28142.97,655575.427,1.5235,1.0,20.6389,3.4416,4233485.1059
688169.SH,2025-01-24,228.0,229.92,223.12,227.78,229.18,-1.4,-0.6109,27206.74,614608.808,1.4728,1.07,20.5128,3.4206,4207623.8651
688169.SH,2025-01-27,228.21,234.81,226.03,228.79,227.78,1.01,0.4434,27393.98,633032.431,1.483,1.05,20.6038,3.4358,4226280.9031
688169.SH,2025-02-05,232.01,232.19,215.81,223.55,228.79,-5.24,-2.2903,39210.76,865801.931,2.1227,1.45,20.1319,3.3571,4129485.9735
688169.SH,2025-02-06,221.0,236.49,221.0,234.76,223.55,11.21,5.0145,42467.9,978732.051,2.299,1.43,21.1414,3.5254,4336560.6224
688169.SH,2025-02-07,234.76,240.67,232.17,237.03,234.76,2.27,0.9669,37028.19,879670.042,2.0045,1.13,21.3458,3.5595,4378492.777
688169.SH,2025-02-10,237.9,243.88,236.56,239.1,237.03,2.07,0.8733,27631.46,661002.38,1.4958,0.8,21.5322,3.5906,4416730.4687
688169.SH,2025-02-11,240.0,244.5,237.5,239.18,239.1,0.08,0.0335,28541.85,688167.781,1.5451,0.82,21.5394,3.5918,4418208.2539
688169.SH,2025-02-12,237.0,244.38,234.25,236.32,239.18,-2.86,-1.1958,30541.62,725897.383,1.6534,0.87,21.2819,3.5488,4365377.4335
688169.SH,2025-02-13,235.96,249.8,234.86,244.95,236.32,8.63,3.6518,50070.66,1226490.672,2.7106,1.51,22.0591,3.6784,4524793.5103
688169.SH,2025-02-14,243.27,263.0,243.1,256.6,244.95,11.65,4.7561,51473.32,1306149.434,2.7865,1.48,23.1082,3.8534,4739995.9777
688169.SH,2025-02-17,260.0,260.01,248.5,254.12,256.6,-2.48,-0.9665,39196.9,990860.144,2.1219,1.04,22.8849,3.8161,4694184.637
688169.SH,2025-02-18,252.0,255.73,244.8,245.3,254.12,-8.82,-3.4708,44425.98,1110563.862,2.405,1.11,22.0906,3.6837,4531258.8204
688169.SH,2025-02-19,244.55,251.2,243.01,248.03,245.3,2.73,1.1129,43207.73,1068128.042,2.3391,1.0,22.3364,3.7247,4581688.2398
688169.SH,2025-02-20,248.08,254.88,245.17,252.23,248.03,4.2,1.6933,33786.03,849458.901,1.829,0.74,22.7147,3.7878,4659271.962
688169.SH,2025-02-21,253.51,272.42,245.35,269.39,252.23,17.16,6.8033,65958.57,1704588.308,3.5707,1.55,24.26,4.0454,4976256.884
688169.SH,2025-02-24,268.93,270.31,259.11,265.59,269.39,-3.8,-1.4106,39637.15,1052263.941,2.1458,0.87,23.9178,3.9884,4906062.0877
688169.SH,2025-02-25,260.5,265.6,259.73,260.1,265.59,-5.49,-2.0671,33145.93,867429.79,1.7944,0.73,23.4234,3.9059,4804649.0795
688169.SH,2025-02-26,260.1,265.99,257.01,260.22,260.1,0.12,0.0461,44128.76,1152736.065,2.3889,1.02,23.4342,3.9077,4806865.7573
688169.SH,2025-02-27,260.99,264.43,251.21,254.28,260.22,-5.94,-2.2827,38394.28,988697.384,2.0785,0.89,22.8993,3.8185,4697140.2073
688169.SH,2025-02-28,245.0,247.0,235.02,239.0,254.28,-15.28,-6.0091,52235.01,1261906.079,2.8277,1.18,21.5232,3.4331,4414883.2372
688169.SH,2025-03-03,240.0,243.5,232.94,234.76,239.0,-4.24,-1.7741,41878.88,994339.552,2.2671,1.01,21.1414,3.3722,4336560.6224
688169.SH,2025-03-04,234.06,236.84,233.08,235.62,234.76,0.86,0.3663,26202.75,616147.926,1.4185,0.62,21.2188,3.3845,4352446.8132
688169.SH,2025-03-05,234.99,236.5,233.12,234.8,235.62,-0.82,-0.348,23927.25,562244.475,1.2953,0.59,21.145,3.3727,4337299.515
688169.SH,2025-03-06,236.9,245.98,233.28,245.98,234.8,11.18,4.7615,45486.02,1089214.297,2.4624,1.25,22.1518,3.5333,4543819.9945
688169.SH,2025-03-07,245.0,245.56,241.51,242.86,245.98,-3.12,-1.2684,25583.53,622328.009,1.385,0.67,21.8708,3.4885,4486186.3723
688169.SH,2025-03-10,242.88,246.07,239.05,245.82,242.86,2.96,1.2188,26980.09,655536.882,1.4606,0.83,22.1374,3.531,4540864.4241
688169.SH,2025-03-11,242.86,245.72,237.7,242.22,245.82,-3.6,-1.4645,24664.15,593715.618,1.3352,0.83,21.8132,3.4793,4474364.0909
688169.SH,2025-03-12,242.0,243.68,237.51,237.84,242.22,-4.38,-1.8083,28517.79,683358.161,1.5438,0.97,21.4188,3.4164,4393455.352
688169.SH,2025-03-13,237.0,242.5,236.65,240.9,237.84,3.06,1.2866,29424.39,705562.044,1.5929,0.97,21.6943,3.4604,4449980.6353
688169.SH,2025-03-14,240.89,247.5,239.35,247.2,240.9,6.3,2.6152,31637.61,772822.076,1.7127,1.17,22.2617,3.5509,4566356.2186
688169.SH,2025-03-17,249.0,251.6,246.14,248.35,247.2,1.15,0.4652,22267.13,554237.799,1.2054,0.79,22.3653,3.5674,4587599.3806
688169.SH,2025-03-18,250.25,255.54,249.0,255.25,248.35,6.9,2.7783,26159.54,660785.892,1.4161,0.96,22.9866,3.6665,4715058.3527
688169.SH,2025-03-19,254.0,264.0,253.2,257.95,255.25,2.7,1.0578,31753.56,825336.597,1.719,1.15,23.2298,3.7053,4764933.6027
688169.SH,2025-03-20,258.0,260.45,249.31,249.78,257.95,-8.17,-3.1673,25950.79,659133.312,1.4048,0.92,22.494,3.5879,4614014.7907
688169.SH,2025-03-21,256.0,264.77,249.5,250.0,249.78,0.22,0.0881,40099.12,1025831.309,2.1708,1.46,22.5138,3.5911,4618078.7
688169.SH,2025-03-24,250.05,256.75,248.4,254.8,250.0,4.8,1.92,25023.97,633631.378,1.3547,0.86,22.9461,3.66,4706745.811
688169.SH,2025-03-25,253.5,254.78,248.8,251.22,254.8,-3.58,-1.405,20177.27,506538.463,1.0923,0.68,22.6237,3.6086,4640614.9241
688169.SH,2025-03-26,250.7,252.33,244.5,244.6,251.22,-6.62,-2.6351,21683.16,534798.227,1.1738,0.76,22.0275,3.5135,4518328.2001
688169.SH,2025-03-27,244.6,254.85,243.18,249.51,244.6,4.91,2.0074,22502.56,561147.652,1.2182,0.85,22.4697,3.584,4609027.2657
688169.SH,2025-03-28,248.2,249.9,245.42,246.26,249.51,-3.25,-1.3026,14932.36,369097.662,0.8084,0.58,22.177,3.5374,4548992.2426
688169.SH,2025-03-31,245.52,248.4,241.6,243.18,246.26,-3.08,-1.2507,18406.51,450688.637,0.9964,0.88,21.8997,3.4931,4492097.5131
688169.SH,2025-04-01,243.51,246.4,241.52,245.32,243.18,2.14,0.88,11778.0,288282.583,0.6376,0.6,22.0924,3.5239,4531628.2667
688169.SH,2025-04-02,244.75,248.4,240.71,247.4,245.32,2.08,0.8479,13195.15,323378.943,0.7143,0.74,22.2797,3.5537,4570050.6815
688169.SH,2025-04-03,238.0,239.0,218.26,226.03,247.4,-21.37,-8.6378,70546.48,1602812.443,3.819,4.36,20.3552,3.2468,4175297.3142
688169.SH,2025-04-07,201.69,211.66,180.82,188.07,226.03,-37.96,-16.7942,69761.77,1350908.096,3.7766,2.71,17.5764,2.6995,3474088.2444
688169.SH,2025-04-08,188.49,193.0,178.67,184.52,188.07,-3.55,-1.8876,54264.58,1001091.342,2.9376,1.48,17.2446,2.6486,3408511.5269
688169.SH,2025-04-09,176.3,187.2,173.0,186.81,184.52,2.29,1.2411,55242.61,1004618.02,2.9906,1.26,17.4587,2.6814,3450813.1278
688169.SH,2025-04-10,198.88,203.0,190.66,195.0,186.81,8.19,4.3841,51900.62,1020494.568,2.8096,0.99,18.2241,2.799,3602101.386
688169.SH,2025-04-11,192.0,192.99,185.32,190.8,195.0,-4.2,-2.1538,48435.59,913740.878,2.6221,0.8,17.8315,2.7387,3524517.6638
688169.SH,2025-04-14,193.0,193.99,187.8,188.98,190.8,-1.82,-0.9539,31311.61,597721.542,1.6951,0.56,17.6615,2.7126,3490898.0509
688169.SH,2025-04-15,188.97,189.4,182.7,185.5,188.98,-3.48,-1.8415,32380.7,598001.07,1.7529,0.67,17.3362,2.6626,3426614.3954
688169.SH,2025-04-16,185.89,185.89,181.13,183.6,185.5,-1.9,-1.0243,23502.98,429072.171,1.2723,0.54,17.1587,2.6354,3391516.9973
688169.SH,2025-04-17,181.07,184.96,181.01,183.79,183.6,0.19,0.1035,20373.82,374381.723,1.1029,0.54,17.1764,2.6381,3395026.7371
688169.SH,2025-04-18,183.8,184.5,180.09,181.9,183.79,-1.89,-1.0283,17413.82,316356.042,0.9427,0.56,16.9998,2.611,3360114.0621
688169.SH,2025-04-21,181.91,185.4,179.8,184.49,181.9,2.59,1.4239,22134.31,405280.721,1.1982,0.89,17.2418,2.6481,3407957.3575
688169.SH,2025-04-22,184.83,188.31,183.11,185.0,184.49,0.51,0.2764,20463.46,380357.484,1.1078,0.88,17.2895,2.6555,3417378.238
688169.SH,2025-04-23,190.11,192.18,187.11,187.8,185.0,2.8,1.5135,28830.15,545606.186,1.5607,1.39,17.5512,2.6957,3469100.7194
688169.SH,2025-04-24,186.98,192.2,186.98,188.47,187.8,0.67,0.3568,24357.79,462153.631,1.3186,1.12,17.6138,2.7053,3481477.1704
688169.SH,2025-04-25,189.03,194.77,189.0,191.28,188.47,2.81,1.491,26759.79,515610.039,1.4486,1.18,17.8764,2.7456,3533384.3749
688169.SH,2025-04-28,192.0,192.07,187.31,188.0,191.28,-3.28,-1.7148,16450.43,310194.439,0.8905,0.67,17.5699,2.6985,3472795.1824
688169.SH,2025-04-29,188.88,188.88,183.78,185.47,188.0,-2.53,-1.3457,15708.42,293020.891,0.8504,0.67,17.3334,2.6622,3426060.226
688169.SH,2025-04-30,181.0,193.54,180.0,193.48,185.47,8.01,4.3188,48772.59,921473.13,2.6403,2.18,18.082,2.7194,3574023.4675
688169.SH,2025-05-06,193.05,199.0,190.01,197.0,193.48,3.52,1.8193,24799.86,487040.878,1.3425,0.94,18.411,2.7688,3639046.0156
688169.SH,2025-05-07,203.88,206.0,198.11,200.08,197.0,3.08,1.5635,30640.87,618197.823,1.6587,1.16,18.6988,2.8121,3695940.7452
688169.SH,2025-05-08,199.71,205.3,199.01,204.4,200.08,4.32,2.1591,21571.34,439314.927,1.1678,0.79,19.1026,2.8729,3775741.1451
688169.SH,2025-05-09,203.54,205.5,201.41,203.4,204.4,-1.0,-0.4892,13598.81,276411.675,0.7362,0.48,19.0091,2.8588,3757268.8303
688169.SH,2025-05-12,206.88,218.19,206.88,217.67,203.4,14.27,7.0157,35048.76,742038.323,1.8974,1.26,20.3427,3.0594,4020868.7625
688169.SH,2025-05-13,221.2,222.0,212.0,213.99,217.67,-3.68,-1.6906,26514.0,571463.904,1.4353,1.05,19.9988,3.0076,3952890.6441
688169.SH,2025-05-14,213.0,219.99,210.87,218.5,213.99,4.51,2.1076,25867.36,562005.289,1.4003,1.02,20.4203,3.071,4036200.7838
688169.SH,2025-05-15,217.48,220.78,214.2,220.68,218.5,2.18,0.9977,22665.35,494390.032,1.227,0.92,20.624,3.1017,4076470.4301
688169.SH,2025-05-16,219.68,220.8,216.28,218.0,220.68,-2.68,-1.2144,18503.8,404895.67,1.0017,0.75,20.3736,3.064,4026964.6264
688169.SH,2025-05-19,216.69,221.96,213.02,219.79,218.0,1.79,0.8211,16378.69,356143.94,0.8867,0.64,20.5409,3.0892,4060030.0699
688169.SH,2025-05-20,219.0,232.61,218.9,230.47,219.79,10.68,4.8592,30132.11,685010.662,1.6312,1.37,21.539,3.2393,4257314.392
688169.SH,2025-05-21,225.8,237.48,225.46,229.35,230.47,-1.12,-0.486,29181.12,677399.339,1.5797,1.28,21.4343,3.2235,4236625.3994
688169.SH,2025-05-22,228.23,238.0,227.28,237.6,229.35,8.25,3.5971,30015.33,707612.247,1.6249,1.28,22.2053,3.3395,4389021.9965
688169.SH,2025-05-23,236.3,243.5,235.02,243.01,237.6,5.41,2.2769,29024.72,701162.795,1.5713,1.17,22.7109,3.4155,4488957.2195
688169.SH,2025-05-26,242.1,243.0,230.49,232.5,243.01,-10.51,-4.3249,29274.05,689423.559,1.5848,1.09,21.7287,3.2678,4294813.191
688169.SH,2025-05-27,233.01,234.5,229.02,229.79,232.5,-2.71,-1.1656,14404.69,332207.388,0.7798,0.49,21.4754,3.2297,4244753.2179
688169.SH,2025-05-28,230.73,238.5,229.02,236.96,229.79,7.17,3.1202,20944.43,491245.464,1.1338,0.79,22.1455,3.3305,4377199.715
688169.SH,2025-05-29,236.19,238.1,226.03,227.64,236.96,-9.32,-3.9332,21992.27,506052.217,1.1906,0.89,21.2895,3.2017,4207996.3554
688169.SH,2025-05-30,227.64,230.8,226.12,227.48,227.64,-0.16,-0.0703,13231.73,302917.314,0.7163,0.57,21.2745,3.1995,4205038.7055
688169.SH,2025-06-03,225.4,228.84,224.11,228.0,227.48,0.52,0.2286,18533.62,418749.299,1.0026,0.93,21.3231,3.2064,4214651.0676
688169.SH,2025-06-04,228.5,230.23,226.0,229.39,228.0,1.39,0.6096,8693.16,199094.588,0.4703,0.49,21.4531,3.226,4240345.6509
688169.SH,2025-06-05,229.43,230.0,221.0,221.37,229.39,-8.02,-3.4962,25110.15,560217.845,1.3584,1.51,20.7031,3.1132,4092093.451
688169.SH,2025-06-06,221.4,223.4,219.22,222.7,221.37,1.33,0.6008,10157.86,225503.379,0.5495,0.58,20.8275,3.1319,4116678.9156
688169.SH,2025-06-09,222.8,222.8,216.5,220.25,222.7,-2.45,-1.1001,17650.58,387570.412,0.9548,1.17,20.5983,3.0974,4071389.9019
688169.SH,2025-06-10,220.23,223.55,218.18,218.33,220.25,-1.92,-0.8717,13063.81,288074.031,0.7067,0.82,20.4188,3.0704,4035898.1035
688169.SH,2025-06-11,218.6,221.76,217.55,217.85,218.33,-0.48,-0.2199,12836.13,281071.494,0.6944,0.86,20.3739,3.0637,4027025.1538
688169.SH,2025-06-12,217.01,219.5,215.68,216.08,217.85,-1.77,-0.8125,12561.85,272687.176,0.6796,0.8,20.2083,3.0388,3994306.1521
688169.SH,2025-06-13,215.01,216.0,211.5,212.85,216.08,-3.23,-1.4948,22176.28,472982.644,1.1997,1.67,19.9063,2.9933,3934598.5953
688169.SH,2025-06-16,212.5,215.42,209.41,213.12,212.85,0.27,0.1268,13277.81,282160.705,0.7183,0.85,19.9315,2.9971,3939589.6295
688169.SH,2025-06-17,213.69,215.4,210.02,211.75,213.12,-1.37,-0.6428,11312.79,240512.484,0.612,0.77,19.8034,2.9779,3914264.7525
688169.SH,2025-06-18,211.21,212.68,208.3,208.95,211.75,-2.8,-1.3223,11153.51,233951.799,0.6034,0.77,19.5415,2.9385,3862505.8797
688169.SH,2025-06-19,208.1,212.0,207.0,208.5,208.95,-0.45,-0.2154,12314.92,257807.536,0.6662,0.87,19.4994,2.9322,3854187.4895
688169.SH,2025-06-20,208.34,209.99,205.41,208.54,208.5,0.04,0.0192,16150.78,335210.097,0.8737,1.15,19.5032,2.9327,3854926.9019
688169.SH,2025-06-23,207.15,208.5,200.08,201.0,208.54,-7.54,-3.6156,35114.41,711660.911,1.8996,2.73,18.798,2.8267,3715547.6517
688169.SH,2025-06-24,143.7,146.44,142.89,143.75,142.83,0.92,0.6441,37745.19,544426.851,1.4587,2.19,18.8189,2.873,3719684.4588
688169.SH,2025-06-25,144.0,153.38,144.0,152.8,143.75,9.05,6.2957,50112.75,751976.761,1.9366,2.23,20.0037,3.0539,3953862.8542
688169.SH,2025-06-26,153.0,160.58,153.0,158.4,152.8,5.6,3.6649,55278.58,874644.026,2.1363,1.83,20.7368,3.1658,4098768.8227
688169.SH,2025-06-27,158.4,159.88,155.34,156.18,158.4,-2.22,-1.4015,23311.98,366340.682,0.9009,0.6,20.4462,3.1215,4041323.9566
688169.SH,2025-06-30,156.66,158.49,155.11,156.55,156.18,0.37,0.2369,21917.09,342950.168,0.847,0.54,20.4947,3.1289,4050898.101
688169.SH,2025-07-01,156.28,157.3,153.77,154.64,156.55,-1.91,-1.2201,25454.12,395566.389,0.9837,0.68,20.2446,3.0907,4001474.8153
688169.SH,2025-07-02,154.2,157.8,154.06,155.68,154.64,1.04,0.6725,23212.02,362948.143,0.897,0.66,20.3808,3.1115,4028385.9237
688169.SH,2025-07-03,155.6,161.19,155.6,158.44,155.68,2.76,1.7729,22397.39,355734.739,0.8656,0.75,20.7421,3.1666,4099803.8654
688169.SH,2025-07-04,157.96,158.4,154.5,156.18,158.44,-2.26,-1.4264,21331.08,334152.271,0.8244,0.92,20.4462,3.1215,4041323.9566
688169.SH,2025-07-07,156.0,156.18,152.12,153.6,156.18,-2.58,-1.6519,15127.48,232657.313,0.5846,0.66,20.1085,3.0699,3974563.7069
688169.SH,2025-07-08,153.6,155.39,153.1,153.95,153.6,0.35,0.2279,16806.35,258883.475,0.6495,0.78,20.1543,3.0769,3983620.3299
688169.SH,2025-07-09,155.15,155.15,149.48,150.0,153.95,-3.95,-2.5658,36492.15,551370.236,1.4103,1.85,19.6372,2.998,3881409.87
688169.SH,2025-07-10,150.0,151.02,148.2,148.78,150.0,-1.22,-0.8133,25070.28,373649.421,0.9689,1.12,19.4774,2.9736,3849841.0697
688169.SH,2025-07-11,148.86,151.36,148.02,148.61,148.78,-0.17,-0.1143,30780.1,460573.059,1.1895,1.34,19.4796,2.9739,3850270.3586
688169.SH,2025-07-14,151.28,166.47,151.28,162.89,148.61,14.28,9.609,90412.16,1447437.594,3.494,3.64,21.3514,3.2597,4220244.524
688169.SH,2025-07-15,162.15,164.5,161.11,163.7,162.89,0.81,0.4973,49351.06,806971.549,1.9072,1.24,21.4576,3.2759,4241230.4535
688169.SH,2025-07-16,163.69,165.8,160.7,161.22,163.7,-2.48,-1.515,31346.35,508996.262,1.2099,0.68,21.1325,3.2217,4176977.2371
688169.SH,2025-07-17,161.41,168.77,161.01,166.8,161.22,5.58,3.4611,45701.18,760435.227,1.7639,1.01,21.8639,3.3332,4321546.974
688169.SH,2025-07-18,167.49,168.88,163.0,163.08,166.8,-3.72,-2.2302,28163.36,462829.835,1.087,0.57,21.3763,3.2589,4225167.1494
688169.SH,2025-07-21,162.8,163.5,159.12,160.26,163.08,-2.82,-1.7292,26948.09,431678.633,1.0401,0.55,21.0067,3.2025,4152105.0243
688169.SH,2025-07-22,160.62,160.97,158.42,159.82,160.26,-0.44,-0.2746,26149.47,417046.058,1.0093,0.72,20.949,3.1937,4140705.2601
688169.SH,2025-07-23,159.82,164.87,159.81,162.21,159.82,2.39,1.4954,35845.13,584354.554,1.3835,1.13,21.2623,3.2415,4202626.7066
688169.SH,2025-07-24,162.3,162.65,159.78,161.3,162.21,-0.91,-0.561,27605.92,443552.54,1.0655,0.85,21.143,3.2233,4179049.9215
688169.SH,2025-07-25,160.9,167.49,160.66,166.0,161.3,4.7,2.9138,45634.48,748966.653,1.7614,1.58,21.7591,3.3172,4300820.13
688169.SH,2025-07-28,166.37,172.5,166.01,168.92,166.0,2.92,1.759,50135.79,852872.092,1.9351,1.55,22.1418,3.3756,4376473.1106
688169.SH,2025-07-29,168.75,181.88,168.1,179.87,168.92,10.95,6.4824,66997.9,1180856.324,2.5859,1.81,23.5771,3.5944,4660171.7879
688169.SH,2025-07-30,177.53,179.6,175.7,176.8,179.87,-3.07,-1.7068,32293.0,573518.837,1.2464,0.71,23.1747,3.533,4580632.524
688169.SH,2025-07-31,175.96,179.79,172.6,173.36,176.8,-3.44,-1.9457,37654.2,661022.669,1.4534,0.85,22.7238,3.4643,4491507.0948
688169.SH,2025-08-01,173.8,176.97,170.52,172.4,173.36,-0.96,-0.5538,26597.47,460056.716,1.0266,0.57,22.598,3.4451,4466634.882
688169.SH,2025-08-04,171.13,180.0,170.72,178.27,172.4,5.87,3.4049,40384.66,716968.078,1.5587,0.94,23.3674,3.5624,4618718.0999
688169.SH,2025-08-05,178.35,185.0,178.27,179.1,178.27,0.83,0.4656,37357.23,675325.941,1.4419,0.92,23.4762,3.579,4640222.2005
688169.SH,2025-08-06,179.35,180.6,177.11,178.46,179.1,-0.64,-0.3573,26395.42,470840.043,1.0188,0.76,23.3923,3.5662,4623640.7253
688169.SH,2025-08-07,179.0,179.97,176.17,177.26,178.46,-1.2,-0.6724,24620.26,437520.852,0.9503,0.73,23.235,3.5422,4592550.4593
688169.SH,2025-08-08,178.28,179.24,176.64,177.02,177.26,-0.24,-0.1354,20129.26,358080.859,0.7769,0.65,23.2036,3.5374,4586332.4061
688169.SH,2025-08-11,178.5,179.9,175.59,178.1,177.02,1.08,0.6101,21166.02,376700.113,0.817,0.71,23.3451,3.559,4614313.6455
688169.SH,2025-08-12,178.0,187.78,177.08,181.38,178.1,3.28,1.8417,48971.63,901510.77,1.8902,1.89,23.7751,3.6246,4699293.7059
688169.SH,2025-08-13,181.81,184.38,178.1,179.34,181.38,-2.04,-1.1247,38348.24,693997.238,1.4801,1.36,23.5077,3.5838,4646440.2537
688169.SH,2025-08-14,178.36,179.34,175.0,175.86,179.34,-3.48,-1.9404,39024.29,690270.578,1.5062,1.27,23.0515,3.5142,4556278.4823
688169.SH,2025-08-15,176.48,183.6,176.48,182.95,175.86,7.09,4.0316,48843.55,880979.502,1.8852,1.46,23.9809,3.6559,4739970.1373
688169.SH,2025-08-18,197.58,211.5,194.21,209.04,182.95,26.09,14.2607,116607.22,2387591.664,4.5007,2.97,27.4007,4.0441,5415924.3372
688169.SH,2025-08-19,208.0,208.21,200.88,206.7,209.04,-2.34,-1.1194,66622.16,1368600.259,2.5714,1.14,27.094,3.9988,5355298.3185
688169.SH,2025-08-20,204.3,207.7,200.6,204.1,206.7,-2.6,-1.2579,47493.2,966281.407,1.8331,0.77,26.7532,3.9485,5287936.0755
688169.SH,2025-08-21,204.39,210.67,203.68,207.48,204.1,3.38,1.6561,51588.54,1072576.115,1.9912,0.81,27.1962,4.0139,5375506.9914
688169.SH,2025-08-22,206.53,214.41,204.17,212.39,207.48,4.91,2.3665,75046.48,1565058.558,2.8966,1.13,27.8398,4.1089,5502717.9965
688169.SH,2025-08-25,215.0,218.42,208.5,211.78,212.39,-0.61,-0.2872,62415.75,1335460.045,2.4091,0.87,27.7599,4.0971,5486913.7779
688169.SH,2025-08-26,212.68,214.99,207.74,208.5,211.78,-3.28,-1.5488,42985.66,905024.575,1.6591,0.71,27.3299,4.0336,5401933.7175
688169.SH,2025-08-27,208.81,222.1,208.0,212.36,208.5,3.86,1.8513,69192.51,1507207.113,2.6706,1.24,27.8359,4.1083,5501940.7398
688169.SH,2025-08-28,213.0,217.75,205.5,211.15,212.36,-1.21,-0.5698,61190.27,1289738.805,2.3618,1.02,27.6773,4.0849,5470591.3883
688169.SH,2025-08-29,211.0,217.49,210.02,214.89,211.15,3.74,1.7713,42513.35,909992.579,1.6409,0.68,28.1698,4.1576,5567936.742
688169.SH,2025-09-01,213.9,219.8,209.3,212.0,214.89,-2.89,-1.3449,49882.62,1064454.63,1.9253,0.9,27.7909,4.1017,5493055.0016
688169.SH,2025-09-02,210.0,213.87,205.12,207.89,212.0,-4.11,-1.9387,39270.19,820135.231,1.5157,0.74,27.2522,4.0222,5386562.2844
688169.SH,2025-09-03,208.95,215.0,206.03,208.96,207.89,1.07,0.5147,32022.43,673178.041,1.2359,0.61,27.3924,4.0422,5414286.6657
688169.SH,2025-09-04,208.23,208.23,196.02,202.9,208.96,-6.06,-2.9001,59492.58,1198804.184,2.2961,1.32,26.598,3.925,5257268.2067
688169.SH,2025-09-05,205.0,210.88,202.53,210.0,202.9,7.1,3.4993,42272.85,873784.215,1.6315,0.95,27.5288,4.0623,5441233.728
688169.SH,2025-09-08,209.7,213.88,207.45,208.81,210.0,-1.19,-0.5667,46080.42,967667.686,1.7784,1.03,27.3728,4.0393,5410400.0702
688169.SH,2025-09-09,209.44,212.0,205.03,206.28,208.81,-2.53,-1.2116,28933.82,601071.433,1.1167,0.66,27.0411,3.9904,5344846.1591
688169.SH,2025-09-10,206.16,207.88,204.13,206.1,206.28,-0.18,-0.0873,23458.87,482793.032,0.9054,0.56,27.0175,3.9869,5340182.2445
688169.SH,2025-09-11,205.78,206.5,197.51,201.5,206.1,-4.6,-2.2319,56371.99,1130400.553,2.1756,1.41,26.4145,3.8979,5220993.3152
688169.SH,2025-09-12,202.41,204.66,197.0,197.0,201.5,-4.5,-2.2333,47728.36,956775.698,1.842,1.21,25.8246,3.8109,5104395.4496
688169.SH,2025-09-15,198.68,206.49,195.17,202.68,197.0,5.68,2.8832,44317.74,891363.376,1.7104,1.09,26.5692,3.9207,5251567.8666
688169.SH,2025-09-16,202.9,205.02,200.5,204.14,202.68,1.46,0.7203,39038.96,790974.427,1.5067,0.97,26.7606,3.949,5289397.3964
688169.SH,2025-09-17,206.0,219.53,205.5,218.0,204.14,13.86,6.7895,59099.18,1270565.701,2.2809,1.4,28.5775,4.2171,5648518.8224
688169.SH,2025-09-18,217.83,219.09,209.51,212.43,218.0,-5.57,-2.555,51271.46,1103656.743,1.9788,1.04,27.8473,4.1094,5504196.5754
688169.SH,2025-09-19,212.43,216.0,210.5,211.49,212.43,-0.94,-0.4425,28747.85,613230.739,1.1095,0.6,27.7241,4.0912,5479840.5768
688169.SH,2025-09-22,208.96,210.5,195.0,200.22,211.49,-11.27,-5.3289,77283.06,1541900.84,2.9827,1.74,26.2467,3.8732,5187827.7001
688169.SH,2025-09-23,200.64,203.0,196.1,200.35,200.22,0.13,0.0649,42313.48,841806.636,1.6331,0.83,26.2637,3.8757,5191196.0829
688169.SH,2025-09-24,198.66,204.17,198.01,201.2,200.35,0.85,0.4243,39056.32,788853.792,1.5073,0.75,26.3752,3.8921,5213220.1242
688169.SH,2025-09-25,202.44,214.9,201.04,210.25,201.2,9.05,4.498,48019.25,1007617.52,1.8533,1.01,27.5615,4.0672,5447711.3872
688169.SH,2025-09-26,209.27,211.34,207.43,208.61,210.25,-1.64,-0.78,30809.19,645157.981,1.1891,0.65,27.3465,4.0355,5405217.9428
688169.SH,2025-09-29,208.65,212.4,205.83,209.23,208.61,0.62,0.2972,34838.23,726481.663,1.3446,0.73,27.4278,4.0474,5421282.5377
688169.SH,2025-09-30,208.19,211.8,207.31,209.78,209.23,0.55,0.2629,27514.56,576286.87,1.0619,0.71,27.4999,4.0581,5435533.3879
688169.SH,2025-10-09,210.23,212.0,199.86,202.8,209.78,-6.98,-3.3273,50791.81,1031007.205,1.9603,1.41,26.5849,3.9231,5254677.143
688169.SH,2025-10-10,202.75,205.8,197.02,197.79,202.8,-5.01,-2.4704,43664.39,881191.377,1.6852,1.14,25.9282,3.8261,5124864.8527
688169.SH,2025-10-13,191.0,192.0,183.1,187.5,197.79,-10.29,-5.2025,60860.52,1138272.954,2.3489,1.62,24.5793,3.6271,4858244.4
688169.SH,2025-10-14,190.06,191.15,183.02,183.59,187.5,-3.91,-2.0853,47916.08,888980.424,1.8493,1.1,24.0667,3.5515,4756933.8101
688169.SH,2025-10-15,183.16,185.98,180.79,184.38,183.59,0.79,0.4303,34386.04,630402.12,1.3271,0.75,24.1703,3.5667,4777403.2132
688169.SH,2025-10-16,184.0,185.53,178.31,179.0,184.38,-5.38,-2.9179,40912.72,739054.745,1.579,0.86,23.465,3.4627,4638003.9872
688169.SH,2025-10-17,179.07,180.5,172.56,173.0,179.0,-6.0,-3.352,35962.36,632111.526,1.3879,0.79,22.6785,3.3466,4482540.1664
688169.SH,2025-10-20,175.0,180.92,174.58,176.3,173.0,3.3,1.9075,37246.83,660757.102,1.4375,0.85,23.1111,3.4104,4568045.2678
688169.SH,2025-10-21,177.54,182.99,176.0,179.08,176.3,2.78,1.5769,39524.63,710175.765,1.5254,1.01,23.4755,3.4642,4640076.8381
688169.SH,2025-10-22,178.88,184.55,177.52,183.36,179.08,4.28,2.39,35603.23,651686.066,1.3741,0.95,24.0365,3.547,4750974.3636
688169.SH,2025-10-23,183.57,184.64,180.13,183.8,183.36,0.44,0.24,31304.71,573461.055,1.2082,0.83,24.0942,3.5555,4762375.0438
688169.SH,2025-10-24,184.92,187.77,183.0,186.4,183.8,2.6,1.4146,32107.22,596143.006,1.2392,0.89,24.4351,3.6058,4829742.6995
688169.SH,2025-10-27,188.98,191.5,183.5,185.01,186.4,-1.39,-0.7457,32450.75,605479.149,1.2524,0.92,24.2528,3.5789,4793726.9144
688169.SH,2025-10-28,185.55,187.0,184.02,185.45,185.01,0.44,0.2378,22822.37,423151.739,0.8808,0.67,24.3105,3.5874,4805127.5946
688169.SH,2025-10-29,185.24,189.2,181.86,188.35,185.45,2.9,1.5638,27112.97,502429.826,1.0464,0.88,24.6907,3.6435,4880268.4413
688169.SH,2025-10-30,188.6,190.53,184.8,185.77,188.35,-2.58,-1.3698,25676.39,480473.336,0.991,0.88,24.3525,3.5936,4813418.9983
688169.SH,2025-10-31,172.0,172.0,158.32,163.4,185.77,-22.37,-12.0418,119048.34,1937467.556,4.5946,4.25,21.42,3.077,4233798.0531
688169.SH,2025-11-03,163.38,164.21,154.11,156.97,163.4,-6.43,-3.9351,88147.91,1379078.893,3.402,1.94,20.5771,2.956,4067192.6585
688169.SH,2025-11-04,156.75,157.3,153.7,155.0,156.97,-1.97,-1.255,38993.84,605030.701,1.5049,0.69,20.3188,2.9189,4016148.704
688169.SH,2025-11-05,153.01,159.49,153.01,156.5,155.0,1.5,0.9677,34031.47,535024.626,1.3134,0.57,20.5155,2.9471,4055014.6592
688169.SH,2025-11-06,157.01,159.15,155.71,158.25,156.5,1.75,1.1182,30745.44,484643.603,1.1866,0.5,20.7449,2.9801,4100358.2736
688169.SH,2025-11-07,158.05,158.99,153.8,154.49,158.25,-3.76,-2.376,37049.23,577438.035,1.4299,0.6,20.252,2.9093,4002934.2792
688169.SH,2025-11-10,154.5,157.64,153.0,157.26,154.49,2.77,1.793,39119.29,609170.201,1.5098,0.85,20.6151,2.9614,4074706.7432
688169.SH,2025-11-11,157.26,159.8,154.33,158.67,157.26,1.41,0.8966,40381.32,636170.585,1.5585,1.12,20.7999,2.988,4111240.7411
688169.SH,2025-11-12,158.5,160.99,157.61,159.15,158.67,0.48,0.3025,32317.45,515247.165,1.2473,0.89,20.8629,2.997,4123677.8467
688169.SH,2025-11-13,159.45,165.31,159.45,161.81,159.15,2.66,1.6714,32676.94,532595.349,1.2611,0.91,21.2116,3.0471,4192600.1406
688169.SH,2025-11-14,161.83,164.86,161.17,163.42,161.81,1.61,0.995,25834.61,422935.429,0.9971,0.71,21.4226,3.0774,4234316.2659
688169.SH,2025-11-17,162.1,163.1,156.49,159.51,163.42,-3.91,-2.3926,32358.58,513564.738,1.2489,0.95,20.9101,3.0038,4133005.676
688169.SH,2025-11-18,158.0,159.51,156.89,158.44,159.51,-1.07,-0.6708,24933.59,393736.914,0.9623,0.76,20.7698,2.9836,4105281.2946
688169.SH,2025-11-19,158.18,159.6,157.02,158.93,158.44,0.49,0.3093,21006.73,331997.452,0.8107,0.71,20.834,2.9929,4117977.5066
688169.SH,2025-11-20,158.89,162.2,158.56,160.73,158.93,1.8,1.1326,20723.54,333041.768,0.7998,0.76,21.07,3.0268,4164616.6529
688169.SH,2025-11-21,160.44,162.0,158.22,159.2,160.73,-1.53,-0.9519,26895.36,431008.79,1.038,1.08,20.8694,2.9979,4124973.3786
688169.SH,2025-11-24,160.22,160.76,154.06,155.61,159.2,-3.59,-2.255,26973.5,420915.774,1.041,1.07,20.3988,2.9303,4031954.1924
688169.SH,2025-11-25,156.6,157.99,154.32,156.22,155.61,0.61,0.392,20512.75,321564.581,0.7917,0.85,20.4788,2.9418,4047759.6809
688169.SH,2025-11-26,156.22,156.88,153.6,154.25,156.22,-1.97,-1.261,26922.42,415938.024,1.039,1.16,20.2205,2.9047,3996715.7264
688169.SH,2025-11-27,155.0,155.66,152.51,153.3,154.25,-0.95,-0.6159,29501.8,454211.698,1.1386,1.21,20.096,2.8868,3972100.6214
688169.SH,2025-11-28,153.44,154.2,151.36,152.18,153.3,-1.12,-0.7306,35940.1,546662.619,1.3871,1.37,19.9492,2.8658,3943080.7082
688169.SH,2025-12-01,149.31,153.22,149.31,152.79,152.18,0.61,0.4008,30316.63,460252.767,1.17,1.08,20.0291,2.8772,3958886.1967
688169.SH,2025-12-02,152.29,155.49,151.29,154.07,152.79,1.28,0.8378,26472.66,408320.747,1.0217,0.92,20.1969,2.9013,3992051.8118
688169.SH,2025-12-03,154.0,162.95,153.19,160.46,154.07,6.39,4.1475,50958.59,814448.894,1.9667,1.71,21.0346,3.0217,4157620.7809
688169.SH,2025-12-04,161.98,163.5,158.5,159.7,160.46,-0.76,-0.4736,29463.77,472767.183,1.1371,0.85,20.935,3.0074,4137928.697
688169.SH,2025-12-05,159.0,163.18,158.03,162.23,159.7,2.53,1.5842,25703.61,413445.202,0.992,0.74,21.2666,3.055,4203482.6081
688169.SH,2025-12-08,162.01,162.99,156.49,157.05,162.23,-5.18,-3.193,41274.59,651079.391,1.593,1.27,20.5876,2.9575,4069265.5094
688169.SH,2025-12-09,156.91,158.2,154.42,154.8,157.05,-2.25,-1.4327,24343.14,379204.844,0.9395,0.7,20.2926,2.9151,4010966.5766
688169.SH,2025-12-10,154.1,158.38,152.59,157.58,154.8,2.78,1.7959,30698.84,479120.698,1.1848,0.89,20.6571,2.9674,4082998.1469
688169.SH,2025-12-11,157.65,157.65,153.5,153.63,157.58,-3.95,-2.5067,31724.38,492354.994,1.2244,1.05,20.1393,2.8931,3980651.1316
688169.SH,2025-12-12,153.63,158.28,153.02,157.61,153.63,3.98,2.5906,51261.98,803347.624,1.9784,1.67,20.661,2.968,4083775.466
688169.SH,2025-12-15,156.05,157.48,152.44,152.68,157.61,-4.93,-3.128,39510.04,607714.033,1.5249,1.1,20.0147,2.8752,3956036.0266
688169.SH,2025-12-16,152.05,154.82,151.53,152.25,152.68,-0.43,-0.2816,23553.61,360732.308,0.909,0.66,19.9584,2.8671,3944894.4528
688169.SH,2025-12-17,153.0,156.07,150.68,155.64,152.25,3.39,2.2266,31073.1,478342.297,1.1992,0.88,20.4027,2.9309,4032731.5116
688169.SH,2025-12-18,154.69,156.66,154.18,155.25,155.64,-0.39,-0.2506,20733.99,322755.401,0.8002,0.59,20.3516,2.9236,4022626.3632
688169.SH,2025-12-19,155.25,158.5,154.18,157.22,155.25,1.97,1.2689,24369.54,383291.971,0.9405,0.73,20.6099,2.9607,4073670.3177
688169.SH,2025-12-22,157.98,157.98,154.0,154.75,157.22,-2.47,-1.571,32411.53,502563.729,1.2509,1.16,20.2861,2.9141,4009671.0448
688169.SH,2025-12-23,154.06,154.99,152.0,152.59,154.75,-2.16,-1.3958,25720.08,393166.617,0.9926,0.97,20.0029,2.8735,3953704.0693
688169.SH,2025-12-24,152.3,153.0,151.12,152.8,152.59,0.21,0.1376,23833.2,362113.139,0.9198,0.89,20.0305,2.8774,3959145.303
688169.SH,2025-12-25,152.5,154.8,152.3,153.88,152.8,1.08,0.7068,27225.02,418937.228,1.0507,1.07,20.172,2.8978,3987128.7908
688169.SH,2025-12-26,154.0,154.67,153.06,154.0,153.88,0.12,0.078,23534.39,362132.426,0.9083,0.88,20.1878,2.9,3990238.0672
688169.SH,2025-12-29,154.05,157.32,151.5,151.9,154.0,-2.1,-1.3636,49680.17,766353.076,1.9174,1.87,19.9125,2.8605,3935825.7299
688169.SH,2025-12-30,151.48,152.66,150.28,151.81,151.9,-0.09,-0.0592,38967.99,589598.092,1.5039,1.3,19.9007,2.8588,3933493.7726
688169.SH,2025-12-31,152.74,156.68,151.65,152.06,151.81,0.25,0.1647,44656.74,689308.823,1.7235,1.37,19.9334,2.8635,3939971.4318
688169.SH,2026-01-05,152.57,157.5,152.57,156.2,152.06,4.14,2.7226,52214.62,810407.294,2.0152,1.42,20.4762,2.9415,4047241.4682
688169.SH,2026-01-06,156.29,161.49,155.92,161.29,156.2,5.09,3.2586,63895.79,1016096.584,2.466,1.53,21.1434,3.0373,4179126.6095
688169.SH,2026-01-07,161.41,165.21,157.01,158.5,161.29,-2.79,-1.7298,52847.64,846586.49,2.0396,1.06,20.7777,2.9848,4106835.9328
688169.SH,2026-01-08,158.5,161.2,155.41,159.9,158.5,1.4,0.8833,49076.17,779357.72,1.8941,0.97,20.9612,3.0111,4143110.8243
688169.SH,2026-01-09,159.9,163.69,159.19,163.49,159.9,3.59,2.2452,49299.17,799075.583,1.9027,0.94,21.4318,3.0787,4236130.0104
688169.SH,2026-01-12,164.0,164.5,159.15,162.62,163.49,-0.87,-0.5321,80341.66,1295736.414,3.1007,1.5,21.3177,3.0624,4213587.7564
688169.SH,2026-01-13,163.5,164.8,157.69,158.53,162.62,-4.09,-2.5151,70205.75,1125353.362,2.7095,1.19,20.7816,2.9853,4107613.2519
688169.SH,2026-01-14,158.53,163.85,158.12,160.2,158.53,1.67,1.0534,71659.56,1154344.285,2.7656,1.19,21.0005,3.0168,4150884.0154
688169.SH,2026-01-15,159.05,159.86,155.55,156.19,160.2,-4.01,-2.5031,59456.42,935657.393,2.2947,0.93,20.4748,2.9413,4046982.3618
688169.SH,2026-01-16,156.87,158.23,154.6,155.01,156.19,-1.18,-0.7555,62716.86,979008.789,2.4205,0.95,20.3202,2.919,4016407.8104
688169.SH,2026-01-19,154.0,158.2,153.2,156.4,155.01,1.39,0.8967,58040.14,908973.123,2.24,0.84,20.5024,2.9452,4052423.5955
688169.SH,2026-01-20,156.2,156.99,151.85,152.33,156.4,-4.07,-2.6023,52728.43,811909.71,2.035,0.82,19.9688,2.8686,3946967.3037
688169.SH,2026-01-21,151.86,153.87,149.1,152.96,152.33,0.63,0.4136,64313.53,973629.411,2.4821,1.06,20.0514,2.8804,3963291.0049
688169.SH,2026-01-22,153.0,153.5,149.51,149.7,152.96,-3.26,-2.1313,55266.94,832146.354,2.133,0.93,19.6241,2.8191,3878822.329
688169.SH,2026-01-23,150.23,151.66,149.7,151.23,149.7,1.53,1.022,45473.35,686005.436,1.755,0.78,19.8246,2.8479,3918465.6033
688169.SH,2026-01-26,151.23,151.69,147.9,147.93,151.23,-3.3,-2.1821,65810.63,982196.981,2.5399,1.19,19.392,2.7857,3832960.5018
688169.SH,2026-01-27,148.44,149.39,144.02,148.35,147.93,0.42,0.2839,54904.76,803809.738,2.119,0.97,19.4471,2.7936,3843842.9693
688169.SH,2026-01-28,148.0,148.3,144.3,144.49,148.35,-3.86,-2.602,51432.24,747100.41,1.985,0.9,18.9411,2.7209,3743827.9112
688169.SH,2026-01-29,144.44,146.0,142.85,144.9,144.49,0.41,0.2838,38979.23,563999.392,1.5044,0.71,18.9948,2.7287,3754451.2723
688169.SH,2026-01-30,145.57,145.59,142.58,142.61,144.9,-2.29,-1.5804,33251.03,476983.141,1.2833,0.65,18.6947,2.6855,3695115.914
688169.SH,2026-02-02,142.05,145.5,142.03,143.0,142.61,0.39,0.2735,35725.21,515167.693,1.3788,0.73,18.7458,2.6929,3705221.0624
688169.SH,2026-02-03,143.92,145.5,141.51,145.1,143.0,2.1,1.4685,34120.4,490363.827,1.3168,0.8,19.0211,2.7324,3759633.3997
688169.SH,2026-02-04,144.82,147.99,144.52,147.32,145.1,2.22,1.53,33136.04,486393.824,1.2789,0.86,19.3121,2.7742,3817155.0134
688169.SH,2026-02-05,147.53,153.3,146.84,151.81,147.32,4.49,3.0478,62980.76,952543.822,2.4307,1.8,19.9007,2.8588,3933493.7726
688169.SH,2026-02-06,151.25,152.88,149.4,151.31,151.81,-0.5,-0.3294,32182.18,488121.543,1.242,0.81,19.8351,2.8494,3920538.4542
688169.SH,2026-02-09,152.47,152.77,150.63,151.74,151.31,0.43,0.2842,26917.87,408690.779,1.0389,0.68,19.8915,2.8575,3931680.028
688169.SH,2026-02-10,151.23,152.99,151.0,152.29,151.74,0.55,0.3625,25036.92,381143.741,0.9663,0.66,19.9636,2.8678,3945930.8783
688169.SH,2026-02-11,151.77,153.7,151.6,152.07,152.29,-0.22,-0.1445,20846.88,318798.394,0.8046,0.58,19.9348,2.8637,3940230.5382
688169.SH,2026-02-12,152.0,152.91,147.61,148.7,152.07,-3.37,-2.2161,35271.63,525446.897,1.3613,1.05,19.493,2.8002,3852911.6922
688169.SH,2026-02-13,148.4,149.86,148.01,148.2,148.7,-0.5,-0.3362,20941.56,311687.145,0.8082,0.75,19.4274,2.7908,3839956.3738
688169.SH,2026-02-24,150.4,152.33,149.3,151.32,148.2,3.12,2.1053,34960.08,528638.568,1.3493,1.35,19.8364,2.8496,3920797.5606
688169.SH,2026-02-25,152.0,153.2,150.62,150.71,151.32,-0.61,-0.4031,22856.06,346229.017,0.8821,0.83,19.7565,2.8381,3904992.0721
688169.SH,2026-02-26,150.78,151.38,145.2,145.3,150.71,-5.41,-3.5897,43967.58,645864.595,1.6969,1.63,19.0473,2.7362,3764815.527
688169.SH,2026-02-27,145.21,145.97,142.6,143.09,145.3,-2.21,-1.521,35799.74,515010.073,1.3817,1.13,18.7576,2.6946,3707553.0197
688169.SH,2026-03-02,141.66,141.66,138.0,138.72,143.09,-4.37,-3.054,42369.52,591238.16,1.6352,1.34,18.1847,2.5647,3594323.5369
688169.SH,2026-03-03,139.36,141.37,135.09,135.14,138.72,-3.58,-2.5807,41763.0,575033.305,1.6118,1.16,17.7154,2.4985,3501563.4572
688169.SH,2026-03-04,134.0,135.19,132.77,133.03,135.14,-2.11,-1.5613,27384.7,365884.528,1.0569,0.73,17.4388,2.4595,3446892.0135
688169.SH,2026-03-05,135.09,135.47,133.08,133.82,133.03,0.79,0.5939,24361.35,326158.675,0.9402,0.64,17.5424,2.4741,3467361.4166
688169.SH,2026-03-06,133.08,135.08,132.77,134.63,133.82,0.81,0.6053,22928.23,307737.782,0.8849,0.67,17.6486,2.4891,3488349.0324
688169.SH,2026-03-09,133.02,133.03,128.5,131.2,134.63,-3.43,-2.5477,37689.03,492081.803,1.4546,1.19,17.1989,2.4257,3399475.5482
688169.SH,2026-03-10,132.8,134.4,132.13,133.72,131.2,2.52,1.9207,25911.18,345664.25,1.0,0.84,17.5293,2.4723,3464770.3529
688169.SH,2026-03-11,133.72,135.67,133.21,134.5,133.72,0.78,0.5833,23645.37,317972.729,0.9126,0.86,17.6315,2.4867,3484980.6496
688169.SH,2026-03-12,134.39,135.8,133.13,134.38,134.5,-0.12,-0.0892,38079.97,510640.914,1.4697,1.42,17.6158,2.4845,3481871.3732
688169.SH,2026-03-13,133.67,133.79,129.51,132.77,134.38,-1.61,-1.1981,60295.08,791496.44,2.327,2.03,17.4047,2.4547,3440155.2479
688169.SH,2026-03-16,130.37,131.42,127.6,128.77,132.77,-4.0,-3.0127,59991.63,771558.448,2.3153,1.62,16.8804,2.3808,3336512.7007
688169.SH,2026-03-17,128.61,130.15,128.6,129.38,128.77,0.61,0.4737,28352.56,367068.054,1.0942,0.68,16.9603,2.392,3352318.1892
688169.SH,2026-03-18,129.0,129.48,127.31,127.79,129.38,-1.59,-1.2289,25989.86,332479.189,1.0031,0.62,16.7519,2.3627,3311120.2767
688169.SH,2026-03-19,125.9,127.08,124.77,126.05,127.79,-1.74,-1.3616,34273.19,431114.671,1.3227,0.81,16.5238,2.3305,3266035.7686
688169.SH,2026-03-20,126.12,128.11,125.41,125.68,126.05,-0.37,-0.2935,25095.64,317688.81,0.9685,0.6,16.4753,2.3236,3256448.833
688169.SH,2026-03-23,124.02,124.21,119.4,122.12,125.68,-3.56,-2.8326,50738.95,616948.739,1.9582,1.46,16.0086,2.2578,3164206.966
688169.SH,2026-03-24,122.61,123.5,121.37,123.12,122.12,1.0,0.8189,26723.87,327268.75,1.0314,0.81,16.1397,2.2763,3190117.6028
688169.SH,2026-03-25,123.36,125.2,123.0,124.88,123.12,1.76,1.4295,22178.9,275908.075,0.856,0.68,16.3704,2.3088,3235720.3236
688169.SH,2026-03-26,125.11,125.79,122.11,122.5,124.88,-2.38,-1.9058,17319.83,214319.363,0.6684,0.54,16.0584,2.2648,3174053.008
688169.SH,2026-03-27,121.4,123.86,121.1,123.24,122.5,0.74,0.6041,19620.16,241193.352,0.7572,0.69,16.1555,2.2785,3193226.8792
688169.SH,2026-03-30,122.0,123.86,121.26,121.71,123.24,-1.53,-1.2415,23643.99,288906.125,0.9125,0.87,15.9549,2.2502,3153583.6049
688169.SH,2026-03-31,122.0,123.0,119.8,119.98,121.71,-1.73,-1.4214,23074.41,279313.841,0.8905,1.05,15.7281,2.2183,3108758.2033
688169.SH,2026-04-01,121.3,121.88,119.81,120.56,119.98,0.58,0.4834,27808.78,335993.45,1.0733,1.31,15.8041,2.229,3123786.3726
688169.SH,2026-04-02,120.14,120.48,118.3,118.7,120.56,-1.86,-1.5428,21412.09,255246.38,0.8264,0.96,15.5603,2.1946,3075592.5882
688169.SH,2026-04-03,119.18,119.18,114.42,114.8,118.7,-3.9,-3.2856,35655.28,412702.156,1.3761,1.54,15.0491,2.1225,2974541.1046
688169.SH,2026-04-07,114.58,115.62,113.65,114.1,114.8,-0.7,-0.6098,26485.69,303113.293,1.0222,1.01,14.9573,2.1095,2956403.6589
688169.SH,2026-04-08,117.6,118.89,115.88,118.83,114.1,4.73,4.1455,37873.61,446004.621,1.4617,1.41,15.5773,2.197,3078960.9709
688169.SH,2026-04-09,117.89,117.89,113.98,114.0,118.83,-4.83,-4.0646,43708.08,504518.417,1.6869,1.46,14.9442,2.1077,2953812.5952
688169.SH,2026-04-10,114.8,117.67,114.76,115.96,114.0,1.96,1.7193,35123.76,409743.183,1.3556,1.06,15.2011,2.1439,3004597.4433
688169.SH,2026-04-13,115.2,115.55,112.32,112.89,115.96,-3.07,-2.6475,45909.34,520436.067,1.7718,1.28,14.7987,2.0872,2925051.7884
688169.SH,2026-04-14,113.98,114.98,112.15,113.42,112.89,0.53,0.4695,42969.08,484659.719,1.6584,1.14,14.8682,2.097,2938784.4259
688169.SH,2026-04-15,113.42,115.74,113.2,113.62,113.42,0.2,0.1763,40908.39,468030.196,1.5788,0.99,14.8944,2.1007,2943966.5532
688169.SH,2026-04-16,113.62,114.77,110.0,111.95,113.62,-1.67,-1.4698,80979.98,905037.845,3.1254,1.94,14.6755,2.0698,2900695.7898
688169.SH,2026-04-17,111.33,113.49,110.3,111.27,111.95,-0.68,-0.6074,45984.78,514017.394,1.7747,0.94,14.5863,2.0572,2883076.5567
688169.SH,2026-04-20,111.27,122.34,111.0,120.21,111.27,8.94,8.0345,115790.15,1356595.154,4.4688,2.25,15.7582,2.2225,3114717.6497
688169.SH,2026-04-21,120.21,120.3,116.45,118.55,120.21,-1.66,-1.3809,57595.27,680739.512,2.2228,0.88,15.5406,2.1918,3071705.9926
688169.SH,2026-04-22,117.7,118.02,115.62,116.76,118.55,-1.79,-1.5099,46134.75,537120.711,1.7805,0.68,15.306,2.1587,3025325.9528
688169.SH,2026-04-23,122.92,124.88,117.84,118.14,116.76,1.38,1.1819,106206.87,1283734.303,4.099,1.53,22.4531,2.1416,3061082.6316
688169.SH,2026-04-24,118.11,118.11,113.4,115.43,118.14,-2.71,-2.2939,80969.03,930798.533,3.1249,1.09,21.9381,2.0925,2990864.8058
688169.SH,2026-04-27,115.5,120.82,115.5,118.68,115.43,3.25,2.8156,71023.34,842924.889,2.7411,0.87,22.5557,2.1514,3075074.3754
688169.SH,2026-04-28,118.5,119.89,116.86,117.17,118.68,-1.51,-1.2723,54926.59,650344.309,2.1198,0.76,22.2688,2.124,3035949.3139
688169.SH,2026-04-29,117.58,118.2,116.52,117.86,117.17,0.69,0.5889,44440.32,522356.337,1.7151,0.62,22.3999,2.1365,3053827.6532
688169.SH,2026-04-30,117.11,118.68,115.28,115.8,117.86,-2.06,-1.7478,56635.81,660770.065,2.1858,0.79,22.0084,2.0992,3000451.7414
688169.SH,2026-05-06,116.55,117.53,114.55,116.73,115.8,0.93,0.8031,63741.56,740465.615,2.4601,1.03,22.1851,2.116,3024548.6337
688169.SH,2026-05-07,117.49,119.3,116.52,118.1,116.73,1.37,1.1736,67612.15,797800.243,2.6094,1.16,22.4455,2.1409,3060046.2061
688169.SH,2026-05-08,118.85,121.25,117.17,120.87,118.1,2.77,2.3455,87948.01,1053837.84,3.3943,1.53,22.972,2.1911,3131818.67
688169.SH,2026-05-11,120.88,120.88,118.0,119.38,120.87,-1.49,-1.2327,79058.75,939954.81,3.0512,1.0,22.6888,2.1641,3093211.8212
