ts_code,trade_date,open,high,low,close,pre_close,change,pct_chg,vol,amount,turnover_rate,volume_ratio,pe,pb,total_mv
688608.SH,2023-01-03,113.97,116.62,109.99,116.43,114.0,2.43,2.1316,10174.51,115973.981,1.2821,1.47,34.2679,2.3323,1397160.0
688608.SH,2023-01-04,116.98,118.87,110.21,113.1,116.43,-3.33,-2.8601,12194.16,138584.102,1.5366,1.58,33.2878,2.2656,1357200.0
688608.SH,2023-01-05,114.49,121.3,112.63,119.9,113.1,6.8,6.0124,13760.84,162577.503,1.734,1.56,35.2892,2.4018,1438800.0
688608.SH,2023-01-06,119.9,120.9,117.24,118.09,119.9,-1.81,-1.5096,7402.45,87946.828,0.9328,0.72,34.7565,2.3655,1417080.0
688608.SH,2023-01-09,118.09,120.6,116.3,117.47,118.09,-0.62,-0.525,6205.74,72975.155,0.782,0.59,34.574,2.3531,1409640.0
688608.SH,2023-01-10,117.4,121.23,117.38,119.82,117.47,2.35,2.0005,7729.13,92542.047,0.9739,0.78,35.2657,2.4002,1437840.0
688608.SH,2023-01-11,119.9,122.56,116.67,117.51,119.82,-2.31,-1.9279,7822.71,92952.363,0.9857,0.83,34.5858,2.3539,1410120.0
688608.SH,2023-01-12,117.58,118.8,116.04,118.27,117.51,0.76,0.6468,4452.53,52390.174,0.5611,0.52,34.8095,2.3691,1419240.0
688608.SH,2023-01-13,118.53,119.47,115.5,118.17,118.27,-0.1,-0.0846,5364.78,63205.762,0.676,0.8,34.7801,2.3671,1418040.0
688608.SH,2023-01-16,117.0,125.52,116.1,123.6,118.17,5.43,4.5951,9329.48,114632.911,1.1756,1.48,36.3782,2.4759,1483200.0
688608.SH,2023-01-17,126.98,139.29,122.8,134.81,123.6,11.21,9.0696,24668.36,331282.903,3.1084,3.55,39.6776,2.7004,1617720.0
688608.SH,2023-01-18,135.49,135.8,132.2,134.99,134.81,0.18,0.1335,8800.01,118227.817,1.1089,0.85,39.7306,2.704,1619880.0
688608.SH,2023-01-19,134.99,141.65,133.66,137.53,134.99,2.54,1.8816,15676.86,216970.808,1.9754,1.49,40.4781,2.7549,1650360.0
688608.SH,2023-01-20,139.63,139.63,135.06,137.79,137.53,0.26,0.189,9240.28,127318.774,1.1644,0.72,40.5547,2.7601,1653480.0
688608.SH,2023-01-30,136.88,140.9,136.0,138.42,137.79,0.63,0.4572,13508.2,187443.05,1.7021,1.0,40.7401,2.7728,1661040.0
688608.SH,2023-01-31,138.0,139.48,131.86,136.02,138.42,-2.4,-1.7339,12783.79,172017.251,1.6109,0.89,40.0337,2.7247,1632240.0
688608.SH,2023-02-01,136.38,139.37,134.55,138.28,136.02,2.26,1.6615,6643.82,91487.019,0.8372,0.55,40.6989,2.7699,1659360.0
688608.SH,2023-02-02,140.0,141.88,136.2,138.16,138.28,-0.12,-0.0868,12187.76,169565.708,1.5358,1.05,40.6636,2.7675,1657920.0
688608.SH,2023-02-03,137.02,140.29,135.2,137.17,138.16,-0.99,-0.7166,9336.71,127698.949,1.1765,0.86,40.3722,2.7477,1646040.0
688608.SH,2023-02-06,136.8,138.8,134.0,137.09,137.17,-0.08,-0.0583,7572.77,103095.92,0.9542,0.7,40.3486,2.7461,1645080.0
688608.SH,2023-02-07,137.3,138.0,135.52,137.33,137.09,0.24,0.1751,5293.22,72467.076,0.667,0.55,40.4193,2.7509,1647960.0
688608.SH,2023-02-08,138.0,140.92,134.6,135.0,137.33,-2.33,-1.6966,7067.07,96725.366,0.8905,0.86,39.7335,2.7042,1620000.0
688608.SH,2023-02-09,133.6,139.56,133.17,138.7,135.0,3.7,2.7407,8442.61,115598.809,1.0638,1.02,40.8225,2.7784,1664400.0
688608.SH,2023-02-10,138.66,140.88,135.36,137.21,138.7,-1.49,-1.0743,7994.0,110088.896,1.0073,1.06,40.3839,2.7485,1646520.0
688608.SH,2023-02-13,136.51,139.5,135.8,137.11,137.21,-0.1,-0.0729,9363.24,128549.617,1.1798,1.29,40.3545,2.7465,1645320.0
688608.SH,2023-02-14,138.99,143.33,134.53,135.35,137.11,-1.76,-1.2836,14225.96,197176.982,1.7926,1.86,39.8365,2.7113,1624200.0
688608.SH,2023-02-15,135.35,142.5,134.18,140.41,135.35,5.06,3.7385,15833.97,220378.353,1.9952,1.68,41.3258,2.8126,1684920.0
688608.SH,2023-02-16,141.0,147.74,137.57,139.05,140.41,-1.36,-0.9686,14743.54,210272.123,1.8578,1.32,40.9255,2.7854,1668600.0
688608.SH,2023-02-17,138.0,139.08,132.68,134.13,139.05,-4.92,-3.5383,13129.05,177605.33,1.6544,1.06,39.4774,2.6868,1609560.0
688608.SH,2023-02-20,133.91,134.27,129.89,131.09,134.13,-3.04,-2.2665,12191.16,160317.634,1.5362,0.91,38.5827,2.6259,1573080.0
688608.SH,2023-02-21,131.88,132.34,127.35,128.8,131.09,-2.29,-1.7469,7387.23,95659.335,0.9309,0.53,37.9087,2.58,1545600.0
688608.SH,2023-02-22,127.76,129.79,125.44,126.7,128.8,-2.1,-1.6304,5360.59,68090.882,0.6755,0.42,37.2906,2.538,1520400.0
688608.SH,2023-02-23,126.71,129.25,126.06,128.4,126.7,1.7,1.3418,5043.2,64520.016,0.6355,0.48,37.791,2.572,1540800.0
688608.SH,2023-02-24,128.46,129.99,124.62,126.0,128.4,-2.4,-1.8692,4427.34,55944.467,0.5579,0.51,37.0846,2.524,1512000.0
688608.SH,2023-02-27,125.33,125.91,122.55,122.75,126.0,-3.25,-2.5794,6262.08,77253.928,0.7891,0.91,36.128,2.4589,1473000.0
688608.SH,2023-02-28,123.44,124.93,121.78,124.17,122.75,1.42,1.1568,5601.95,69453.25,0.7059,0.98,36.546,2.499,1490040.0
688608.SH,2023-03-01,124.29,125.99,123.26,125.19,124.17,1.02,0.8215,5194.53,64668.057,0.6546,0.97,36.8462,2.5195,1502280.0
688608.SH,2023-03-02,125.19,126.28,123.11,123.31,125.19,-1.88,-1.5017,4739.43,58775.399,0.5972,0.89,36.2929,2.4817,1479720.0
688608.SH,2023-03-03,126.1,128.0,123.88,127.03,123.31,3.72,3.0168,7657.83,96361.566,0.965,1.46,37.3877,2.5565,1524360.0
688608.SH,2023-03-06,127.74,132.65,126.47,130.59,127.03,3.56,2.8025,7809.32,101249.638,0.984,1.33,38.4355,2.6282,1567080.0
688608.SH,2023-03-07,130.14,132.5,129.06,129.09,130.59,-1.5,-1.1486,7228.17,94697.488,0.9108,1.17,37.9941,2.598,1549080.0
688608.SH,2023-03-08,128.05,131.12,125.17,127.6,129.09,-1.49,-1.1542,7109.74,90935.89,0.8959,1.09,37.5555,2.568,1531200.0
688608.SH,2023-03-09,128.86,133.1,126.4,131.1,127.6,3.5,2.7429,8778.79,115071.209,1.1062,1.27,38.5856,2.6384,1573200.0
688608.SH,2023-03-10,131.09,136.65,129.36,132.84,131.1,1.74,1.3272,14492.12,194274.058,1.8261,1.88,39.0978,2.6734,1594080.0
688608.SH,2023-03-13,134.21,134.55,128.55,133.68,132.84,0.84,0.6323,8128.7,106613.083,1.0243,0.89,39.345,2.6904,1604160.0
688608.SH,2023-03-14,131.98,133.35,129.31,132.4,133.68,-1.28,-0.9575,9451.8,124470.857,1.191,1.03,38.9683,2.6646,1588800.0
688608.SH,2023-03-15,132.05,135.95,129.94,130.38,132.4,-2.02,-1.5257,6258.21,83145.851,0.7886,0.65,38.3737,2.6239,1564560.0
688608.SH,2023-03-16,130.49,132.68,129.7,130.83,130.38,0.45,0.3451,4560.01,59831.614,0.5746,0.48,38.5062,2.633,1569960.0
688608.SH,2023-03-17,130.56,136.35,130.21,135.98,130.83,5.15,3.9364,10975.9,147787.099,1.3831,1.28,40.0219,2.7366,1631760.0
688608.SH,2023-03-20,135.3,153.0,135.3,150.07,135.98,14.09,10.3618,27743.89,410660.322,3.496,3.52,44.1689,3.0202,1800840.0
688608.SH,2023-03-21,147.0,154.16,145.88,154.15,150.07,4.08,2.7187,25472.19,384250.137,3.2097,2.16,45.3698,3.1023,1849800.0
688608.SH,2023-03-22,154.0,154.88,150.29,154.68,154.15,0.53,0.3438,15651.68,239321.741,1.9722,1.04,45.5258,3.113,1856160.0
688608.SH,2023-03-23,154.68,157.0,146.0,149.7,154.68,-4.98,-3.2196,32136.37,483436.516,4.0495,1.9,44.06,3.0128,1796400.0
688608.SH,2023-03-24,147.58,151.58,146.19,147.4,149.7,-2.3,-1.5364,20180.5,298455.101,2.5429,0.9,43.3831,2.9665,1768800.0
688608.SH,2023-03-27,153.0,163.08,152.46,155.02,147.4,7.62,5.1696,37526.8,591111.992,4.7287,1.55,45.6258,3.1198,1860240.0
688608.SH,2023-03-28,151.57,152.5,139.76,141.33,155.02,-13.69,-8.8311,28848.03,417224.774,3.6351,1.1,138.5369,2.8443,1695960.0
688608.SH,2023-03-29,141.66,147.2,139.05,144.23,141.33,2.9,2.0519,21176.91,305108.295,2.6685,0.79,141.3795,2.9026,1730760.0
688608.SH,2023-03-30,145.0,146.88,140.27,142.29,144.23,-1.94,-1.3451,14020.24,199494.772,1.7667,0.5,139.4779,2.8636,1707480.0
688608.SH,2023-03-31,142.99,144.8,139.28,144.1,142.29,1.81,1.2721,9825.33,139585.633,1.2381,0.4,141.2521,2.9,1729200.0
688608.SH,2023-04-03,143.95,147.72,139.3,141.8,144.1,-2.3,-1.5961,17572.96,249522.011,2.2143,0.79,138.9976,2.8537,1701600.0
688608.SH,2023-04-04,141.85,158.28,140.5,155.32,141.8,13.52,9.5346,40602.49,610402.069,5.1163,2.22,152.2504,3.1258,1863840.0
688608.SH,2023-04-06,166.0,186.38,166.0,185.1,155.32,29.78,19.1733,69341.07,1247087.143,8.7376,3.36,181.4418,3.7251,2221200.0
688608.SH,2023-04-07,184.87,184.87,172.2,178.9,185.1,-6.2,-3.3495,50633.67,894353.264,6.3803,1.67,175.3644,3.6003,2146800.0
688608.SH,2023-04-10,178.89,178.9,161.06,163.35,178.9,-15.55,-8.692,39815.64,675196.837,5.0171,1.06,160.1217,3.2874,1960200.0
688608.SH,2023-04-11,162.96,168.8,160.06,164.1,163.35,0.75,0.4591,28923.89,476935.486,3.6447,0.66,160.8568,3.3025,1969200.0
688608.SH,2023-04-12,173.8,177.0,165.0,172.03,164.1,7.93,4.8324,48835.85,834289.013,6.1537,1.06,168.6301,3.4621,2064360.0
688608.SH,2023-04-13,171.03,176.8,163.1,165.38,172.03,-6.65,-3.8656,37225.38,625338.351,4.6907,0.78,162.1116,3.3283,1984560.0
688608.SH,2023-04-14,166.5,169.9,154.99,169.1,165.38,3.72,2.2494,39549.88,643430.68,4.9836,0.96,165.758,3.4031,2029200.0
688608.SH,2023-04-17,165.0,166.0,158.8,159.2,169.1,-9.9,-5.8545,25312.18,408458.062,3.1895,0.65,156.0537,3.2039,1910400.0
688608.SH,2023-04-18,158.0,161.51,155.88,159.75,159.2,0.55,0.3455,16882.58,267344.052,2.1273,0.47,156.5928,3.215,1917000.0
688608.SH,2023-04-19,159.74,161.88,156.02,156.88,159.75,-2.87,-1.7966,18488.58,293374.553,2.3297,0.55,153.7795,3.1572,1882560.0
688608.SH,2023-04-20,157.0,160.26,152.5,157.98,156.88,1.1,0.7012,20797.38,326760.096,2.6206,0.76,154.8578,3.1793,1895760.0
688608.SH,2023-04-21,156.87,157.0,140.72,140.72,157.98,-17.26,-10.9254,31897.91,468227.891,4.0194,1.32,137.9389,2.832,1688640.0
688608.SH,2023-04-24,140.23,140.3,132.02,134.0,140.72,-6.72,-4.7754,29526.57,399980.064,3.7206,1.3,131.3517,2.6967,1608000.0
688608.SH,2023-04-25,134.4,136.08,124.37,125.6,134.0,-8.4,-6.2687,29596.0,380789.071,3.7293,1.26,123.1177,2.5277,1507200.0
688608.SH,2023-04-26,126.76,130.5,119.42,120.2,125.6,-5.4,-4.2994,27341.7,340210.822,3.4453,1.05,117.8245,2.419,1442400.0
688608.SH,2023-04-27,119.8,122.38,117.01,118.5,120.2,-1.7,-1.4143,17813.14,212405.973,2.2446,0.64,116.1581,2.3848,1422000.0
688608.SH,2023-04-28,120.58,127.88,120.0,123.48,118.5,4.98,4.2025,23285.84,290138.62,2.9342,0.85,121.0396,2.4828,1481760.0
688608.SH,2023-05-04,123.0,124.68,119.38,120.6,123.48,-2.88,-2.3324,15020.47,182401.581,1.8927,0.59,118.2166,2.4249,1447200.0
688608.SH,2023-05-05,119.8,122.8,119.63,120.72,120.6,0.12,0.0995,10455.15,126499.302,1.3174,0.46,118.3342,2.4273,1448640.0
688608.SH,2023-05-08,122.2,129.97,121.0,127.98,120.72,7.26,6.0139,22134.54,279885.149,2.7891,1.18,125.4507,2.5733,1535760.0
688608.SH,2023-05-09,127.26,134.78,126.11,127.89,127.98,-0.09,-0.0703,20837.11,273003.404,2.6257,1.17,125.3625,2.5715,1534680.0
688608.SH,2023-05-10,128.92,133.8,127.0,130.02,127.89,2.13,1.6655,13963.03,182150.422,1.7595,0.76,127.4504,2.6143,1560240.0
688608.SH,2023-05-11,133.0,144.0,133.0,140.1,130.02,10.08,7.7527,32038.17,446272.76,4.0371,1.94,137.3312,2.817,1681200.0
688608.SH,2023-05-12,137.5,149.0,137.5,146.66,140.1,6.56,4.6824,28423.54,414349.504,3.5816,1.43,143.7615,2.9489,1759920.0
688608.SH,2023-05-15,145.0,146.65,140.61,145.1,146.66,-1.56,-1.0637,16634.76,239032.16,2.0961,0.71,142.2324,2.9176,1741200.0
688608.SH,2023-05-16,146.0,149.96,142.8,144.08,145.1,-1.02,-0.703,13757.83,200892.827,1.7336,0.61,141.2325,2.8971,1728960.0
688608.SH,2023-05-17,143.11,145.9,142.1,144.08,144.08,0.0,0.0,10905.05,156952.307,1.3741,0.52,141.2325,2.8971,1728960.0
688608.SH,2023-05-18,144.8,149.25,143.12,145.0,144.08,0.92,0.6385,15710.31,230709.311,1.9796,0.77,142.1343,2.9156,1740000.0
688608.SH,2023-05-19,144.92,155.78,144.92,152.0,145.0,7.0,4.8276,30473.41,462501.867,3.8399,1.78,148.996,3.0563,1824000.0
688608.SH,2023-05-22,151.7,151.7,143.0,143.46,152.0,-8.54,-5.6184,17178.38,249655.451,2.1646,0.98,140.6248,2.8846,1721520.0
688608.SH,2023-05-23,143.15,143.52,139.0,141.11,143.46,-2.35,-1.6381,13513.26,191642.223,1.7028,0.77,138.3212,2.8373,1693320.0
688608.SH,2023-05-24,141.24,143.46,137.16,138.78,141.11,-2.33,-1.6512,12159.87,170503.641,1.5322,0.69,136.0373,2.7905,1665360.0
688608.SH,2023-05-25,138.89,141.48,136.38,140.06,138.78,1.28,0.9223,10405.69,144598.354,1.3112,0.58,137.292,2.8162,1680720.0
688608.SH,2023-05-26,140.0,142.68,137.51,142.37,140.06,2.31,1.6493,11998.86,168701.989,1.512,0.72,139.5563,2.8627,1708440.0
688608.SH,2023-05-29,143.1,151.0,142.01,144.96,142.37,2.59,1.8192,19283.3,282853.614,2.4299,1.48,142.0951,2.9147,1739520.0
688608.SH,2023-05-30,144.38,147.5,142.12,145.92,144.96,0.96,0.6623,10666.84,154474.227,1.3441,0.79,143.0361,2.9341,1751040.0
688608.SH,2023-05-31,144.74,153.88,144.74,150.38,145.92,4.46,3.0565,22938.43,343643.969,2.8904,1.78,147.408,3.0237,1804560.0
688608.SH,2023-06-01,150.0,154.03,147.5,153.11,150.38,2.73,1.8154,15665.03,235907.033,1.9739,1.04,150.084,3.0786,1837320.0
688608.SH,2023-06-02,151.16,153.5,142.66,146.18,153.11,-6.93,-4.5262,22815.39,334735.707,2.8749,1.42,143.291,2.9393,1754160.0
688608.SH,2023-06-05,146.47,149.66,144.26,145.22,146.18,-0.96,-0.6567,14391.65,210876.826,1.8135,0.79,142.35,2.92,1742640.0
688608.SH,2023-06-06,143.2,145.38,138.15,139.35,145.22,-5.87,-4.0421,17658.16,249298.833,2.2251,1.02,136.596,2.8019,1672200.0
688608.SH,2023-06-07,139.01,141.23,136.8,137.25,139.35,-2.1,-1.507,12542.79,173770.844,1.5805,0.67,134.5375,2.7597,1647000.0
688608.SH,2023-06-08,136.75,137.35,129.44,130.56,137.25,-6.69,-4.8743,18197.1,239771.812,2.293,1.1,127.9797,2.6252,1566720.0
688608.SH,2023-06-09,131.0,132.46,125.42,128.99,130.56,-1.57,-1.2025,19704.72,251881.392,2.483,1.15,126.4407,2.5936,1547880.0
688608.SH,2023-06-12,128.8,130.0,125.0,125.53,128.99,-3.46,-2.6824,19025.65,242679.687,2.3974,1.15,123.0491,2.5241,1506360.0
688608.SH,2023-06-13,126.0,134.48,123.73,133.9,125.53,8.37,6.6677,24065.03,312946.602,3.0324,1.38,131.2537,2.6924,1606800.0
688608.SH,2023-06-14,133.26,138.46,132.57,134.87,133.9,0.97,0.7244,15326.53,207230.591,1.9313,0.82,132.2045,2.7119,1618440.0
688608.SH,2023-06-15,135.0,136.2,132.9,135.25,134.87,0.38,0.2818,9288.41,124996.754,1.1704,0.48,132.577,2.7195,1623000.0
688608.SH,2023-06-16,135.26,137.65,132.8,136.18,135.25,0.93,0.6876,10569.43,142830.313,1.3318,0.6,133.4886,2.7382,1634160.0
688608.SH,2023-06-19,136.08,143.3,135.0,139.14,136.18,2.96,2.1736,16925.57,237100.81,2.1328,1.08,136.3901,2.7977,1669680.0
688608.SH,2023-06-20,137.95,141.36,137.51,140.0,139.14,0.86,0.6181,8817.66,123169.608,1.1111,0.58,137.2331,2.815,1680000.0
688608.SH,2023-06-21,139.17,142.5,130.76,130.98,140.0,-9.02,-6.4429,20488.4,274911.331,2.5817,1.68,128.3914,2.6336,1571760.0
688608.SH,2023-06-26,130.0,132.94,125.22,128.56,130.98,-2.42,-1.8476,14896.33,191113.99,1.8771,1.13,126.0192,2.585,1542720.0
688608.SH,2023-06-27,129.7,129.7,123.78,124.76,128.56,-3.8,-2.9558,14493.05,182266.363,1.8262,1.01,122.2943,2.5086,1497120.0
688608.SH,2023-06-28,125.87,125.87,120.91,122.81,124.76,-1.95,-1.563,11642.91,143500.473,1.4671,0.77,120.3829,2.4694,1473720.0
688608.SH,2023-06-29,123.15,125.2,120.5,123.05,122.81,0.24,0.1954,11269.53,138559.09,1.4201,0.8,120.6181,2.4742,1476600.0
688608.SH,2023-06-30,122.22,123.48,120.18,121.03,123.05,-2.02,-1.6416,15005.55,182026.233,1.8908,1.03,118.6381,2.4336,1452360.0
688608.SH,2023-07-03,121.66,126.3,121.3,122.83,121.03,1.8,1.4872,21609.17,268006.817,2.7229,1.61,120.4025,2.4698,1473960.0
688608.SH,2023-07-04,123.0,127.6,120.6,125.5,122.83,2.67,2.1737,20047.67,249349.563,2.5262,1.35,123.0197,2.5235,1506000.0
688608.SH,2023-07-05,126.09,132.82,126.09,128.28,125.5,2.78,2.2151,27119.26,352418.853,3.4173,1.7,125.7448,2.5794,1539360.0
688608.SH,2023-07-06,127.23,134.5,125.51,131.41,128.28,3.13,2.44,19266.22,252395.901,2.4277,1.01,128.8129,2.6423,1576920.0
688608.SH,2023-07-07,130.34,131.21,126.7,127.95,131.41,-3.46,-2.633,14058.62,180883.811,1.7715,0.68,125.4576,2.5735,1535844.0889
688608.SH,2023-07-10,127.96,128.9,124.7,125.66,127.95,-2.29,-1.7898,9962.49,125596.014,1.2554,0.49,123.2122,2.5274,1508356.1407
688608.SH,2023-07-11,124.49,137.98,124.49,134.91,125.66,9.25,7.3611,24805.13,332067.109,3.1243,1.37,132.282,2.7114,1619388.2456
688608.SH,2023-07-12,135.15,136.3,132.81,133.37,134.91,-1.54,-1.1415,17004.95,229149.897,2.1418,0.89,130.772,2.6805,1600902.9006
688608.SH,2023-07-13,139.14,143.25,136.0,138.74,133.37,5.37,4.0264,23479.14,326422.496,2.9573,1.38,136.0374,2.7884,1665361.5388
688608.SH,2023-07-14,142.8,144.15,135.55,136.37,138.74,-2.37,-1.7082,22483.65,312508.649,2.8319,1.26,133.7135,2.7408,1636913.313
688608.SH,2023-07-17,136.2,140.0,135.72,136.7,136.37,0.33,0.242,12721.78,174729.742,1.6023,0.65,134.0371,2.7474,1640874.4584
688608.SH,2023-07-18,130.2,137.63,129.29,130.96,136.7,-5.74,-4.199,27361.31,361002.404,3.4462,1.36,128.4089,2.632,1571974.536
688608.SH,2023-07-19,130.27,136.12,130.27,133.99,130.96,3.03,2.3137,17275.78,231060.273,2.1759,0.84,131.3799,2.6929,1608345.0525
688608.SH,2023-07-20,133.88,135.68,129.32,129.99,133.99,-4.0,-2.9853,10050.1,132434.442,1.2658,0.49,127.4578,2.6125,1560331.1693
688608.SH,2023-07-21,129.42,131.86,126.6,127.5,129.99,-2.49,-1.9155,8864.46,114553.483,1.1165,0.49,125.0163,2.5625,1530442.527
688608.SH,2023-07-24,125.16,131.8,125.16,129.05,127.5,1.55,1.2157,10474.19,135350.617,1.3193,0.69,126.5361,2.5936,1549047.9067
688608.SH,2023-07-25,130.05,134.6,128.2,129.87,129.05,0.82,0.6354,17106.42,223913.951,2.1546,1.16,127.3402,2.6101,1558890.7528
688608.SH,2023-07-26,129.97,131.69,126.87,128.22,129.87,-1.65,-1.2705,10284.43,132446.212,1.2954,0.81,125.7223,2.577,1539085.026
688608.SH,2023-07-27,127.01,128.4,123.88,125.24,128.22,-2.98,-2.3241,12445.88,156448.62,1.5676,1.1,122.8004,2.5171,1503314.683
688608.SH,2023-07-28,124.72,126.8,122.2,124.32,125.24,-0.92,-0.7346,13338.51,165611.531,1.68,1.13,121.8983,2.4986,1492271.4899
688608.SH,2023-07-31,125.0,126.98,124.01,125.68,124.32,1.36,1.094,10451.52,131279.248,1.3164,0.82,123.2318,2.5259,1508596.2101
688608.SH,2023-08-01,125.73,128.4,124.52,127.54,125.68,1.86,1.4799,11279.33,143346.178,1.4207,0.89,125.0556,2.5633,1530922.6658
688608.SH,2023-08-02,128.2,129.5,126.17,127.0,127.54,-0.54,-0.4234,9416.0,120381.018,1.186,0.81,124.5261,2.5524,1524440.7916
688608.SH,2023-08-03,127.5,128.88,125.29,126.77,127.0,-0.23,-0.1811,8564.99,108445.526,1.0788,0.75,124.3006,2.5478,1521679.9933
688608.SH,2023-08-04,127.08,128.36,124.1,124.39,126.77,-2.38,-1.8774,11297.23,141711.988,1.4229,1.06,121.9669,2.5,1493111.7328
688608.SH,2023-08-07,124.4,125.88,122.0,123.83,124.39,-0.56,-0.4502,9319.38,115556.59,1.1738,0.91,121.4178,2.4887,1486389.7892
688608.SH,2023-08-08,123.45,124.8,121.55,122.75,123.83,-1.08,-0.8722,9384.84,115195.313,1.1821,0.94,120.3589,2.467,1473426.0407
688608.SH,2023-08-09,121.66,122.96,120.0,122.66,122.75,-0.09,-0.0733,6591.45,80312.266,0.8302,0.69,120.2706,2.4652,1472345.7283
688608.SH,2023-08-10,121.88,123.49,120.36,122.9,122.66,0.24,0.1957,6669.03,81460.706,0.84,0.74,120.5059,2.47,1475226.5613
688608.SH,2023-08-11,123.23,124.45,121.5,121.63,122.9,-1.27,-1.0334,6806.61,83640.684,0.8573,0.79,119.2607,2.4445,1459982.1534
688608.SH,2023-08-14,120.62,120.77,116.5,118.08,121.63,-3.55,-2.9187,13690.16,161200.372,1.7243,1.77,115.7798,2.3732,1417369.8321
688608.SH,2023-08-15,118.69,120.21,114.5,116.27,118.08,-1.81,-1.5329,10997.42,127545.053,1.3852,1.27,114.0051,2.3368,1395643.5499
688608.SH,2023-08-16,116.51,116.9,113.11,114.29,116.27,-1.98,-1.7029,7959.2,91408.373,1.0025,0.89,112.0637,2.297,1371876.6777
688608.SH,2023-08-17,113.48,118.4,112.16,116.25,114.29,1.96,1.7149,8779.42,101641.366,1.1058,0.95,113.9855,2.3364,1395403.4805
688608.SH,2023-08-18,118.0,121.55,116.5,116.79,116.25,0.54,0.4645,11554.68,136343.207,1.4553,1.2,114.515,2.3472,1401885.3547
688608.SH,2023-08-21,115.95,116.51,110.6,110.6,116.79,-6.19,-5.3001,17006.17,191396.691,2.142,1.6,108.4455,2.2228,1327583.8705
688608.SH,2023-08-22,110.6,113.48,108.81,113.11,110.6,2.51,2.2694,11755.66,130713.161,1.4807,1.04,110.9066,2.2733,1357712.5822
688608.SH,2023-08-23,113.9,114.97,111.24,111.5,113.11,-1.61,-1.4234,7074.91,79711.135,0.8911,0.62,109.328,2.22,1338386.9942
688608.SH,2023-08-24,112.77,118.6,112.0,116.45,111.5,4.95,4.4395,15093.64,173962.044,1.9011,1.34,114.1816,2.3186,1397804.1747
688608.SH,2023-08-25,116.16,116.41,112.65,113.62,116.45,-2.83,-2.4302,9384.79,107458.03,1.182,0.75,111.4067,2.2622,1363834.3523
688608.SH,2023-08-28,121.95,122.0,113.02,113.2,113.62,-0.42,-0.3697,12775.57,148688.507,1.6091,1.06,110.9949,2.2539,1358792.8946
688608.SH,2023-08-29,113.43,120.93,109.83,120.15,113.2,6.95,6.1396,12448.38,146064.829,1.5679,1.11,117.8095,2.3922,1442217.0166
688608.SH,2023-08-30,121.4,126.2,119.19,125.23,120.15,5.08,4.228,19229.99,238460.787,2.4221,1.69,122.7906,2.4934,1503194.6483
688608.SH,2023-08-31,124.12,125.7,123.24,124.87,125.23,-0.36,-0.2875,7432.7,92494.594,0.9362,0.54,122.4376,2.4862,1498873.3988
688608.SH,2023-09-01,125.39,125.4,122.06,122.88,124.87,-1.99,-1.5937,6924.53,85468.897,0.8722,0.57,120.4863,2.4466,1474986.4919
688608.SH,2023-09-04,123.65,123.65,121.0,122.83,122.88,-0.05,-0.0407,7831.47,95709.626,0.9864,0.67,120.4373,2.4456,1474386.3184
688608.SH,2023-09-05,124.8,127.3,123.63,123.71,122.83,0.88,0.7164,11335.14,141981.302,1.4277,1.05,121.3002,2.4631,1484949.3727
688608.SH,2023-09-06,122.01,129.0,121.58,126.93,123.71,3.22,2.6029,16233.84,205170.117,2.0447,1.54,124.4574,2.5272,1523600.5486
688608.SH,2023-09-07,125.7,127.35,123.0,123.4,126.93,-3.53,-2.7811,10155.6,127050.716,1.2791,1.02,120.9962,2.4569,1481228.2967
688608.SH,2023-09-08,122.4,127.6,122.05,126.42,123.4,3.02,2.4473,9509.38,119257.917,1.1977,0.91,123.9574,2.5171,1517478.7785
688608.SH,2023-09-11,128.0,132.88,128.0,129.75,126.42,3.33,2.6341,17097.66,223178.932,2.1535,1.55,127.2225,2.5834,1557450.3363
688608.SH,2023-09-12,128.43,129.05,124.68,125.8,129.75,-3.95,-3.0443,11163.37,140983.51,1.4061,0.87,123.3494,2.5047,1510036.6266
688608.SH,2023-09-13,125.26,128.85,123.0,128.01,125.8,2.21,1.7568,15636.04,196296.044,1.9694,1.22,125.5164,2.5487,1536564.2971
688608.SH,2023-09-14,127.55,127.55,124.0,125.44,128.01,-2.57,-2.0077,7052.27,88329.256,0.8883,0.55,122.9965,2.4976,1505715.3772
688608.SH,2023-09-15,124.95,128.45,121.48,128.45,125.44,3.01,2.3996,13783.42,172431.053,1.7361,1.14,125.9478,2.5575,1541845.8243
688608.SH,2023-09-18,125.92,126.86,123.0,125.01,128.45,-3.44,-2.6781,11307.84,140941.109,1.4243,0.87,122.5748,2.489,1500553.8847
688608.SH,2023-09-19,124.01,126.64,123.16,125.54,125.01,0.53,0.424,8246.08,103394.662,1.0386,0.7,123.0945,2.4995,1506915.7242
688608.SH,2023-09-20,124.61,127.1,121.15,122.0,125.54,-3.54,-2.8198,9740.7,120106.733,1.2269,0.87,119.6235,2.4291,1464423.4376
688608.SH,2023-09-21,121.21,121.48,116.0,119.89,122.0,-2.11,-1.7295,16383.31,194233.518,2.0635,1.63,117.5546,2.3871,1439096.1142
688608.SH,2023-09-22,119.69,121.78,117.67,121.23,119.89,1.34,1.1177,11097.83,132547.077,1.3978,0.93,118.8685,2.4137,1455180.7651
688608.SH,2023-09-25,121.94,123.0,118.65,119.65,121.23,-1.58,-1.3033,8286.1,99676.965,1.0437,0.73,117.3192,2.3823,1436215.2812
688608.SH,2023-09-26,118.7,120.0,114.82,115.27,119.65,-4.38,-3.6607,13854.96,160969.298,1.7451,1.29,113.0246,2.2951,1383640.0791
688608.SH,2023-09-27,115.99,116.83,112.38,112.84,115.27,-2.43,-2.1081,11327.48,129343.942,1.4267,0.95,110.6419,2.2467,1354471.6451
688608.SH,2023-09-28,112.69,117.48,112.69,116.65,112.84,3.81,3.3765,13895.83,161001.409,1.7502,1.14,114.3777,2.3225,1400204.8688
688608.SH,2023-10-09,115.55,116.99,112.64,113.33,116.65,-3.32,-2.8461,11542.36,131796.62,1.4538,0.99,111.1224,2.2564,1360353.3458
688608.SH,2023-10-10,114.11,115.74,113.67,114.5,113.33,1.17,1.0324,8929.1,102543.106,1.1246,0.76,112.2696,2.2797,1374397.4066
688608.SH,2023-10-11,114.8,120.98,114.62,118.19,114.5,3.69,3.2227,15089.69,178452.994,1.9006,1.27,115.8877,2.3532,1418690.2139
688608.SH,2023-10-12,117.6,120.0,116.65,119.11,118.19,0.92,0.7784,10583.55,125266.495,1.333,0.87,116.7898,2.3715,1429733.407
688608.SH,2023-10-13,118.21,120.41,117.15,117.99,119.11,-1.12,-0.9403,7954.96,94484.061,1.002,0.66,115.6916,2.3492,1416289.5197
688608.SH,2023-10-16,118.11,119.02,114.24,116.94,117.99,-1.05,-0.8899,11281.88,131106.479,1.421,1.04,114.662,2.3283,1403685.8754
688608.SH,2023-10-17,116.9,117.2,112.8,116.5,116.94,-0.44,-0.3763,9730.07,112096.667,1.2255,0.9,114.2306,2.3196,1398404.3482
688608.SH,2023-10-18,116.5,116.97,113.61,113.81,116.5,-2.69,-2.309,6661.43,76335.233,0.839,0.61,111.593,2.266,1366115.0117
688608.SH,2023-10-19,113.33,117.85,112.52,114.18,113.81,0.37,0.3251,7678.76,88774.042,0.9672,0.83,111.9558,2.2734,1370556.2959
688608.SH,2023-10-20,113.5,115.26,111.32,111.53,114.18,-2.65,-2.3209,6972.48,78763.471,0.8782,0.81,109.3574,2.2206,1338747.0983
688608.SH,2023-10-23,110.99,111.48,108.18,108.42,111.53,-3.11,-2.7885,6994.62,76396.853,0.881,0.83,106.308,2.1587,1301416.3041
688608.SH,2023-10-24,109.17,109.98,105.97,108.0,108.42,-0.42,-0.3874,9635.32,103682.341,1.2136,1.27,105.8962,2.1503,1296374.8464
688608.SH,2023-10-25,111.0,115.5,110.19,113.9,108.0,5.9,5.463,12007.78,135038.63,1.5124,1.58,111.6813,2.2448,1367195.3241
688608.SH,2023-10-26,113.45,116.97,112.12,113.8,113.9,-0.1,-0.0878,12421.49,142327.384,1.5645,1.43,111.5832,2.2428,1365994.977
688608.SH,2023-10-27,112.51,116.86,112.0,115.5,113.8,1.7,1.4938,12490.58,143146.227,1.5732,1.3,113.2501,2.2763,1386400.8774
688608.SH,2023-10-30,114.71,125.52,114.7,124.36,115.5,8.86,7.671,24396.85,297827.589,3.0729,2.28,121.9375,2.4509,1492751.6287
688608.SH,2023-10-31,124.66,129.98,123.0,124.63,124.36,0.27,0.2171,15594.28,195983.114,1.9642,1.1,122.2022,2.4563,1495992.5658
688608.SH,2023-11-01,124.75,127.49,124.38,126.05,124.63,1.42,1.1394,11875.46,149763.105,1.4958,0.77,123.5946,2.4843,1513037.4943
688608.SH,2023-11-02,125.76,126.86,123.14,123.31,126.05,-2.74,-2.1737,7634.46,95008.171,0.9616,0.5,120.908,2.4303,1480147.9843
688608.SH,2023-11-03,123.63,126.38,123.4,125.29,123.31,1.98,1.6057,9185.99,115063.486,1.157,0.64,122.8494,2.4693,1503914.8565
688608.SH,2023-11-06,127.04,130.55,125.94,130.1,125.29,4.81,3.8391,15085.94,195093.968,1.9001,1.1,127.5657,2.5641,1561651.5511
688608.SH,2023-11-07,129.99,132.23,128.16,130.81,130.1,0.71,0.5457,15165.59,197973.685,1.9102,1.28,128.2619,2.5781,1570174.0153
688608.SH,2023-11-08,131.0,131.4,128.61,130.41,130.81,-0.4,-0.3058,10667.13,138616.512,1.3436,0.9,127.8696,2.5702,1565372.627
688608.SH,2023-11-09,130.0,132.47,128.24,130.0,130.41,-0.41,-0.3144,9985.05,129652.654,1.2576,0.86,127.4676,2.5621,1560451.204
688608.SH,2023-11-10,129.61,132.0,128.01,130.83,130.0,0.83,0.6385,9784.47,127880.112,1.2324,0.81,128.2815,2.5785,1570414.0848
688608.SH,2023-11-13,131.8,136.37,130.39,136.0,130.83,5.17,3.9517,19097.05,257738.342,2.4053,1.57,133.3508,2.6804,1632472.0288
688608.SH,2023-11-14,136.0,147.2,136.0,144.87,136.0,8.87,6.5221,33701.03,483230.09,4.2448,2.6,142.048,2.8552,1738942.8148
688608.SH,2023-11-15,145.61,153.5,145.61,150.2,144.87,5.33,3.6792,36389.22,548807.387,4.5833,2.19,147.2741,2.9602,1802921.3142
688608.SH,2023-11-16,149.24,150.6,146.51,147.6,150.2,-2.6,-1.731,14346.78,212487.417,1.807,0.66,144.7248,2.909,1771712.2901
688608.SH,2023-11-17,146.0,146.59,143.0,145.07,147.6,-2.53,-1.7141,15462.31,223653.11,1.9475,0.68,142.2441,2.8591,1741343.509
688608.SH,2023-11-20,146.16,146.94,141.26,142.69,145.07,-2.38,-1.6406,13057.74,186686.881,1.6447,0.55,139.9104,2.8122,1712775.2485
688608.SH,2023-11-21,143.17,146.36,141.17,142.08,142.69,-0.61,-0.4275,11810.8,169516.233,1.4876,0.52,139.3123,2.8002,1705453.1313
688608.SH,2023-11-22,141.88,142.66,138.55,140.03,142.08,-2.05,-1.4428,11670.2,163851.159,1.4699,0.64,137.3023,2.7598,1680846.0161
688608.SH,2023-11-23,139.58,141.8,137.6,141.49,140.03,1.46,1.0426,8308.17,116155.154,1.0464,0.63,138.7338,2.7886,1698371.0835
688608.SH,2023-11-24,139.37,142.88,139.37,141.09,141.49,-0.4,-0.2827,11331.53,160140.759,1.4272,0.94,138.3416,2.7807,1693569.6952
688608.SH,2023-11-27,139.98,143.57,139.7,142.36,141.09,1.27,0.9001,10019.15,142182.321,1.2619,0.89,139.5869,2.8057,1708814.1031
688608.SH,2023-11-28,141.8,143.5,139.6,142.5,142.36,0.14,0.0983,9187.1,129840.091,1.1571,0.86,139.7241,2.8085,1710494.589
688608.SH,2023-11-29,142.5,145.74,142.0,142.58,142.5,0.08,0.0561,7361.12,105508.52,0.9272,0.73,139.8026,2.81,1711454.8667
688608.SH,2023-11-30,142.2,142.2,138.78,141.48,142.58,-1.1,-0.7715,6258.81,87675.418,0.7883,0.68,138.724,2.7884,1698251.0488
688608.SH,2023-12-01,141.48,143.0,140.0,142.23,141.48,0.75,0.5301,6098.04,86465.983,0.7681,0.69,139.4594,2.8031,1707253.6519
688608.SH,2023-12-04,141.8,143.59,140.17,140.78,142.23,-1.45,-1.0195,6144.35,87073.155,0.7739,0.79,138.0376,2.7746,1689848.6192
688608.SH,2023-12-05,140.0,140.0,135.8,136.3,140.78,-4.48,-3.1823,10599.21,145189.134,1.335,1.51,133.6449,2.6863,1636073.07
688608.SH,2023-12-06,136.0,138.1,135.0,137.57,136.3,1.27,0.9318,8802.16,120410.687,1.1087,1.21,134.8902,2.7113,1651317.478
688608.SH,2023-12-07,137.2,137.74,134.6,136.1,137.57,-1.47,-1.0685,6597.74,89708.939,0.831,0.87,133.4488,2.6823,1633672.3759
688608.SH,2023-12-08,135.86,136.97,133.8,135.95,136.1,-0.15,-0.1102,16383.58,221584.207,2.0636,2.14,133.3017,2.6794,1631871.8553
688608.SH,2023-12-11,135.54,136.17,132.59,135.69,135.95,-0.26,-0.1912,10648.7,143125.901,1.3412,1.1,133.0468,2.6742,1628750.9529
688608.SH,2023-12-12,135.52,142.42,135.33,140.41,135.69,4.72,3.4785,14271.9,199272.083,1.7976,1.35,137.6748,2.7673,1685407.335
688608.SH,2023-12-13,139.95,140.4,137.36,137.44,140.41,-2.97,-2.1152,5630.29,77993.187,0.7092,0.5,134.7627,2.7087,1649757.0268
688608.SH,2023-12-14,137.03,141.43,137.03,139.0,137.44,1.56,1.135,6542.94,91279.641,0.8241,0.61,136.2923,2.7395,1668482.4412
688608.SH,2023-12-15,139.35,140.4,137.58,138.94,139.0,-0.06,-0.0432,5740.25,79889.54,0.723,0.54,136.2335,2.7383,1667762.233
688608.SH,2023-12-18,138.82,139.88,136.0,136.5,138.94,-2.44,-1.7562,4937.25,67846.829,0.4113,0.58,133.841,2.6902,1638473.7642
688608.SH,2023-12-19,137.29,141.0,136.14,138.29,136.5,1.79,1.3114,6639.68,92006.278,0.5531,0.89,135.5961,2.7255,1659959.9769
688608.SH,2023-12-20,137.09,139.77,136.74,138.76,138.29,0.47,0.3399,7242.06,100249.723,0.6033,1.23,136.057,2.7347,1665601.6082
688608.SH,2023-12-21,138.45,145.66,137.47,141.29,138.76,2.53,1.8233,14871.71,211566.908,1.239,2.39,138.5377,2.7846,1695970.3893
688608.SH,2023-12-22,140.0,141.66,136.1,136.94,141.29,-4.35,-3.0788,10014.33,138175.736,0.8343,1.27,134.2724,2.6989,1643755.2914
688608.SH,2023-12-25,136.95,141.0,135.1,138.88,136.94,1.94,1.4167,7834.05,108589.056,0.6526,0.9,136.1747,2.7371,1667042.0247
688608.SH,2023-12-26,140.0,149.8,135.93,138.17,138.88,-0.71,-0.5112,12842.84,181690.817,1.0699,1.38,135.4785,2.7231,1658519.5604
688608.SH,2023-12-27,138.65,142.8,133.8,142.1,138.17,3.93,2.8443,12546.78,175181.601,1.0453,1.19,139.3319,2.8006,1705693.2007
688608.SH,2023-12-28,142.19,145.9,141.17,145.01,142.1,2.91,2.0479,10193.13,147068.055,0.8492,0.88,142.1852,2.8579,1740623.3007
688608.SH,2023-12-29,146.0,158.0,144.46,154.27,145.01,9.26,6.3858,27331.77,419358.082,2.277,2.56,151.2649,3.0404,1851775.4403
688608.SH,2024-01-02,154.0,155.0,146.16,149.22,154.27,-5.05,-3.2735,14578.37,217662.064,1.2145,1.03,146.3132,2.9409,1791157.9128
688608.SH,2024-01-03,148.5,148.88,139.0,142.71,149.22,-6.51,-4.3627,15421.79,219872.826,1.2848,1.0,139.93,2.8126,1713015.3179
688608.SH,2024-01-04,140.34,142.12,138.38,141.5,142.71,-1.21,-0.8479,10124.88,142082.516,0.8435,0.63,138.7436,2.7888,1698491.1182
688608.SH,2024-01-05,140.26,144.8,137.26,140.22,141.5,-1.28,-0.9046,9138.47,127623.65,0.7613,0.59,137.4885,2.7635,1683126.6756
688608.SH,2024-01-08,140.02,140.02,134.0,139.0,140.22,-1.22,-0.8701,12906.51,175766.011,1.0752,0.84,136.2923,2.7395,1668482.4412
688608.SH,2024-01-09,139.05,141.85,134.88,138.67,139.0,-0.33,-0.2374,9849.69,135863.287,0.8206,0.79,135.9687,2.733,1664521.2958
688608.SH,2024-01-10,138.0,144.36,135.0,139.1,138.67,0.43,0.3101,7727.09,107865.963,0.6437,0.67,136.3904,2.7415,1669682.7883
688608.SH,2024-01-11,138.7,142.69,137.89,142.3,139.1,3.2,2.3005,8782.54,123355.763,0.7317,0.88,139.528,2.8045,1708093.8948
688608.SH,2024-01-12,142.5,142.51,135.0,136.06,142.3,-6.24,-4.3851,12261.62,168177.023,1.0215,1.27,133.4096,2.6815,1633192.237
688608.SH,2024-01-15,134.0,139.38,132.36,137.99,136.06,1.93,1.4185,10701.2,146663.968,0.8915,1.04,135.302,2.7196,1656358.9357
688608.SH,2024-01-16,136.98,140.38,132.6,136.39,137.99,-1.6,-1.1595,8510.33,115175.268,0.709,0.86,133.7332,2.688,1637153.3824
688608.SH,2024-01-17,137.3,137.3,129.22,129.22,136.39,-7.17,-5.257,11789.08,155088.858,0.9821,1.23,126.7028,2.5467,1551088.4968
688608.SH,2024-01-18,129.29,132.0,125.82,131.08,129.22,1.86,1.4394,10417.91,134032.801,0.8679,1.0,128.5266,2.5834,1573414.9525
688608.SH,2024-01-19,131.99,136.78,130.35,131.25,131.08,0.17,0.1297,8920.65,119237.337,0.7432,0.83,128.6933,2.5867,1575455.5425
688608.SH,2024-01-22,131.01,132.7,120.56,121.75,131.25,-9.5,-7.2381,12882.79,162405.76,1.0733,1.28,119.3783,2.3995,1461422.5699
688608.SH,2024-01-23,121.98,125.72,120.21,123.76,121.75,2.01,1.6509,8968.25,110365.093,0.7471,0.85,121.3492,2.4391,1485549.5462
688608.SH,2024-01-24,124.68,124.85,117.67,121.57,123.76,-2.19,-1.7696,7512.26,90672.768,0.6258,0.71,119.2018,2.396,1459261.9452
688608.SH,2024-01-25,121.57,129.3,120.15,127.28,121.57,5.71,4.6969,10205.79,129114.009,0.8502,1.05,124.8006,2.5085,1527801.7634
688608.SH,2024-01-26,126.39,127.84,121.5,122.24,127.28,-5.04,-3.9598,6058.86,74894.875,0.5048,0.62,119.8588,2.4092,1467304.2706
688608.SH,2024-01-29,122.1,122.58,115.5,115.6,122.24,-6.64,-5.4319,12169.08,143298.365,1.0138,1.33,113.3481,2.2783,1387601.2245
688608.SH,2024-01-30,116.89,118.49,112.79,113.0,115.6,-2.6,-2.2491,8316.76,95929.892,0.6929,0.93,110.7988,2.2271,1356392.2004
688608.SH,2024-01-31,112.66,114.1,108.89,109.0,113.0,-4.0,-3.5398,10083.8,111956.658,0.8401,1.14,106.8767,2.1482,1308378.3172
688608.SH,2024-02-01,108.68,116.88,107.0,112.89,109.0,3.89,3.5688,17024.32,190578.003,1.4183,1.82,110.6909,2.2249,1355071.8186
688608.SH,2024-02-02,113.63,114.6,103.18,106.91,112.89,-5.98,-5.2972,10139.62,110313.686,0.8447,0.94,104.8274,2.107,1283291.0632
688608.SH,2024-02-05,106.5,107.99,98.38,103.91,106.91,-3.0,-2.8061,13324.69,137465.045,1.1101,1.15,101.8859,2.0479,1247280.6508
688608.SH,2024-02-06,102.77,112.49,99.57,112.09,103.91,8.18,7.8722,18304.39,194004.309,1.5249,1.55,109.9065,2.2091,1345469.042
688608.SH,2024-02-07,111.0,119.07,110.5,116.0,112.09,3.91,3.4883,18444.32,213411.551,1.5366,1.34,113.7403,2.2862,1392402.6128
688608.SH,2024-02-08,119.12,127.66,115.12,123.4,116.0,7.4,6.3793,15024.3,186393.275,1.2517,0.97,120.9962,2.432,1481228.2967
688608.SH,2024-02-19,126.0,126.0,114.36,118.17,123.4,-5.23,-4.2382,20261.73,237420.892,1.688,1.35,115.8681,2.329,1418450.1444
688608.SH,2024-02-20,117.0,117.0,111.6,114.01,118.17,-4.16,-3.5204,16461.89,186912.756,1.3714,0.96,111.7891,2.247,1368515.7059
688608.SH,2024-02-21,114.88,116.48,111.6,113.82,114.01,-0.19,-0.1667,18639.24,213121.692,1.5528,1.05,111.6028,2.2408,1366235.0465
688608.SH,2024-02-22,113.06,116.85,111.99,114.32,113.82,0.5,0.4393,12466.08,142861.131,1.0385,0.7,112.0931,2.2506,1372236.7819
688608.SH,2024-02-23,113.98,115.25,108.36,112.94,114.32,-1.38,-1.2071,20697.19,229366.165,1.7243,1.25,110.74,2.2234,1355671.9922
688608.SH,2024-02-26,112.73,118.24,111.8,115.9,112.94,2.96,2.6209,16989.1,194982.827,1.4153,0.96,113.6423,2.2817,1391202.2657
688608.SH,2024-02-27,115.04,118.63,114.48,118.48,115.9,2.58,2.2261,16326.34,189990.901,1.3601,0.96,116.172,2.3325,1422171.2204
688608.SH,2024-02-28,118.79,118.79,108.21,108.62,118.48,-9.86,-8.3221,25002.68,285270.387,2.083,1.47,106.5041,2.1384,1303816.9983
688608.SH,2024-02-29,108.0,112.68,107.51,112.01,108.62,3.39,3.121,23006.3,254505.912,1.9166,1.26,109.8281,2.2051,1344508.7643
688608.SH,2024-03-01,112.01,115.19,110.66,113.98,112.01,1.97,1.7588,18246.43,206550.944,1.5201,0.89,111.7597,2.2439,1368155.6018
688608.SH,2024-03-04,114.8,116.48,112.53,115.23,113.98,1.25,1.0967,15667.39,180255.964,1.3052,0.79,112.9853,2.2685,1383159.9403
688608.SH,2024-03-05,115.11,116.45,112.85,114.0,115.23,-1.23,-1.0674,14217.42,163248.498,1.1844,0.72,111.7793,2.2443,1368395.6712
688608.SH,2024-03-06,112.76,113.04,109.0,111.65,114.0,-2.35,-2.0614,16652.74,184666.443,1.3873,0.87,109.4751,2.198,1340187.5148
688608.SH,2024-03-07,111.8,113.39,107.26,107.6,111.65,-4.05,-3.6274,16150.64,178419.712,1.3455,0.92,105.504,2.1183,1291573.4581
688608.SH,2024-03-08,108.11,113.5,107.53,112.95,107.6,5.35,4.9721,16517.84,183397.472,1.3761,1.02,110.7498,2.2236,1355792.0269
688608.SH,2024-03-11,112.93,114.06,110.18,113.0,112.95,0.05,0.0443,14417.49,160878.429,1.2011,0.91,110.7988,2.2246,1356392.2004
688608.SH,2024-03-12,112.76,115.32,111.31,111.95,113.0,-1.05,-0.9292,16055.83,180888.889,1.3376,1.03,109.7692,2.2039,1343788.5561
688608.SH,2024-03-13,112.07,114.58,111.99,113.02,111.95,1.07,0.9558,15106.2,171249.67,1.2585,0.95,110.8184,2.225,1356632.2698
688608.SH,2024-03-14,112.18,113.0,108.5,109.75,113.02,-3.27,-2.8933,13500.44,149337.128,1.1247,0.86,107.6121,2.1606,1317380.9203
688608.SH,2024-03-15,109.61,110.5,107.78,109.35,109.75,-0.4,-0.3645,13071.24,142451.139,1.089,0.86,107.2199,2.1528,1312579.532
688608.SH,2024-03-18,110.35,116.7,110.2,116.6,109.35,7.25,6.6301,22235.06,252282.229,1.8524,1.54,114.3287,2.2955,1399604.6953
688608.SH,2024-03-19,115.98,116.98,114.25,114.36,116.6,-2.24,-1.9211,11796.73,136091.065,0.9828,0.74,112.1323,2.2514,1372716.9207
688608.SH,2024-03-20,115.28,115.49,112.72,114.18,114.36,-0.18,-0.1574,9453.04,107770.925,0.7875,0.62,111.9558,2.2478,1370556.2959
688608.SH,2024-03-21,114.79,116.66,112.05,112.89,114.18,-1.29,-1.1298,11405.57,129793.12,0.9502,0.81,110.6909,2.2224,1355071.8186
688608.SH,2024-03-22,113.05,113.64,110.11,110.24,112.89,-2.65,-2.3474,9686.19,108310.511,0.8069,0.71,108.0926,2.1703,1323262.621
688608.SH,2024-03-25,110.0,110.88,107.83,107.86,110.24,-2.38,-2.1589,10910.19,119336.802,0.9089,0.84,105.7589,2.1234,1294694.3605
688608.SH,2024-03-26,107.51,110.8,105.1,105.35,107.86,-2.51,-2.3271,14175.95,152202.845,1.181,1.33,103.2978,2.074,1264565.6488
688608.SH,2024-03-27,105.11,105.35,101.01,101.01,105.35,-4.34,-4.1196,10453.0,107629.465,0.8708,0.94,99.0424,1.9886,1212470.5855
688608.SH,2024-03-28,102.5,104.5,99.09,101.89,101.01,0.88,0.8712,9660.24,98959.59,0.8048,0.85,98.9306,2.0059,1223033.6398
688608.SH,2024-03-29,102.0,105.65,100.32,105.58,101.89,3.69,3.6216,9694.86,99801.12,0.8077,0.88,102.5134,2.0785,1267326.4471
688608.SH,2024-04-01,105.62,110.84,104.69,110.23,105.58,4.65,4.4042,13938.85,151447.819,1.1612,1.27,107.0283,2.1701,1323142.5863
688608.SH,2024-04-02,112.86,115.6,110.73,112.06,110.23,1.83,1.6602,14915.73,168107.927,1.2426,1.29,108.8052,2.2061,1345108.9378
688608.SH,2024-04-03,111.11,114.99,108.88,113.51,112.06,1.45,1.2939,14402.61,160649.259,1.1999,1.23,110.2131,2.2347,1362513.9705
688608.SH,2024-04-08,114.88,114.91,106.66,106.66,113.51,-6.85,-6.0347,15961.85,173213.767,1.3298,1.27,103.562,2.0998,1280290.1955
688608.SH,2024-04-09,106.66,112.53,105.98,110.07,106.66,3.41,3.1971,11823.67,130298.901,0.985,0.86,106.873,2.1669,1321222.031
688608.SH,2024-04-10,110.0,112.6,107.99,112.1,110.07,2.03,1.8443,14180.43,156967.074,1.1814,1.0,108.844,2.2069,1345589.0767
688608.SH,2024-04-11,110.33,115.68,110.33,111.58,112.1,-0.52,-0.4639,14959.09,169881.954,1.2462,1.05,108.3391,2.1967,1339347.2719
688608.SH,2024-04-12,112.0,119.46,111.85,117.52,111.58,5.94,5.3235,20490.0,238034.286,1.707,1.44,114.1066,2.3136,1410647.8884
688608.SH,2024-04-15,116.38,118.78,114.35,117.5,117.52,-0.02,-0.017,17520.96,204133.013,1.4597,1.13,114.0872,2.3132,1410407.819
688608.SH,2024-04-16,115.6,118.0,112.66,112.9,117.5,-4.6,-3.9149,16717.74,191945.387,1.3927,1.06,109.6208,2.2227,1355191.8533
688608.SH,2024-04-17,113.53,120.95,113.53,119.28,112.9,6.38,5.651,17490.22,206622.178,1.4571,1.04,115.8155,2.3483,1431773.997
688608.SH,2024-04-18,119.0,124.89,117.31,119.45,119.28,0.17,0.1425,16128.37,194688.887,1.3436,0.93,115.9805,2.3516,1433814.5871
688608.SH,2024-04-19,117.9,120.6,116.0,118.45,119.45,-1.0,-0.8372,12122.69,143518.078,1.0099,0.69,115.0096,2.3319,1421811.1163
688608.SH,2024-04-22,118.75,124.6,116.18,123.1,118.45,4.65,3.9257,17358.39,211472.812,1.4461,1.09,119.5245,2.4235,1477627.2555
688608.SH,2024-04-23,122.8,125.55,121.01,124.19,123.1,1.09,0.8855,11892.69,146948.885,0.9908,0.74,120.5829,2.4449,1490711.0387
688608.SH,2024-04-24,123.81,124.7,117.11,123.51,124.19,-0.68,-0.5475,21720.51,265645.932,1.8095,1.45,119.9226,2.4274,1482548.6785
688608.SH,2024-04-25,122.76,123.86,118.37,118.4,123.51,-5.11,-4.1373,16365.29,196145.057,1.3634,1.03,114.961,2.3269,1421210.9427
688608.SH,2024-04-26,119.47,121.34,117.51,118.6,118.4,0.2,0.1689,16201.69,193380.967,1.3498,1.02,115.1552,2.3309,1423611.6369
688608.SH,2024-04-29,118.64,126.5,118.64,125.05,118.6,6.45,5.4384,14237.45,176497.26,1.1861,0.85,121.4179,2.4576,1501034.0235
688608.SH,2024-04-30,125.0,127.8,122.13,122.13,125.05,-2.92,-2.3351,8035.6,99527.23,0.6694,0.5,118.5827,2.4002,1465983.8888
688608.SH,2024-05-06,125.5,129.59,125.48,128.96,122.13,6.83,5.5924,14546.0,186097.303,1.2118,0.95,125.2143,2.5345,1547967.5944
688608.SH,2024-05-07,128.94,129.63,127.3,128.62,128.96,-0.34,-0.2636,7386.8,95115.859,0.6154,0.53,124.8842,2.5278,1543886.4143
688608.SH,2024-05-08,128.4,128.93,124.91,125.78,128.62,-2.84,-2.2081,7583.93,95755.193,0.6318,0.63,122.1267,2.472,1509796.5572
688608.SH,2024-05-09,125.7,127.88,125.7,127.0,125.78,1.22,0.9699,4986.53,63368.67,0.4154,0.48,123.3112,2.4959,1524440.7916
688608.SH,2024-05-10,127.66,129.38,124.82,125.02,127.0,-1.98,-1.5591,9204.03,116047.345,0.7668,1.08,121.3887,2.457,1500673.9194
688608.SH,2024-05-13,123.46,131.22,123.0,129.05,125.02,4.03,3.2235,16465.02,212728.883,1.3717,1.88,125.3017,2.5362,1549047.9067
688608.SH,2024-05-14,135.0,137.56,132.5,132.81,129.05,3.76,2.9136,19766.37,267033.334,1.6467,2.17,128.9525,2.6101,1594180.9569
688608.SH,2024-05-15,132.0,132.83,128.36,128.52,132.81,-4.29,-3.2302,8528.74,110834.197,0.7105,0.74,124.7871,2.5258,1542686.0672
688608.SH,2024-05-16,129.0,130.49,127.18,128.16,128.52,-0.36,-0.2801,5683.95,73122.771,0.4735,0.48,124.4375,2.5187,1538364.8177
688608.SH,2024-05-17,128.3,128.44,125.55,127.2,128.16,-0.96,-0.7491,10196.89,129305.545,0.8495,0.85,123.5054,2.4999,1526841.4858
688608.SH,2024-05-20,126.61,132.0,126.42,129.29,127.2,2.09,1.6431,10766.84,139963.074,0.897,0.89,125.5347,2.541,1551928.7397
688608.SH,2024-05-21,129.0,129.93,127.57,128.1,129.29,-1.19,-0.9204,3985.69,51305.408,0.332,0.36,124.3793,2.5176,1537644.6095
688608.SH,2024-05-22,128.99,129.3,126.3,127.93,128.1,-0.17,-0.1327,6418.07,81898.135,0.5347,0.82,124.2142,2.5142,1535604.0194
688608.SH,2024-05-23,127.21,128.67,123.66,124.3,127.93,-3.63,-2.8375,7813.0,98265.005,0.6509,1.05,120.6897,2.4429,1492031.4204
688608.SH,2024-05-24,124.82,125.76,121.4,121.56,124.3,-2.74,-2.2043,7390.17,91249.623,0.6157,0.94,118.0292,2.389,1459141.9104
688608.SH,2024-05-27,121.3,125.01,119.68,124.84,121.56,3.28,2.6983,6194.8,76000.679,0.5161,0.85,121.214,2.4535,1498513.2947
688608.SH,2024-05-28,124.96,129.66,123.67,125.0,124.84,0.16,0.1282,6834.32,86932.675,0.5694,1.07,121.3693,2.4566,1500433.85
688608.SH,2024-05-29,124.9,127.8,122.24,122.83,125.0,-2.17,-1.736,5355.54,66762.858,0.4462,0.77,119.2624,2.414,1474386.3184
688608.SH,2024-05-30,123.0,131.35,120.86,129.46,122.83,6.63,5.3977,18125.8,232869.35,1.51,2.7,125.6998,2.5443,1553969.3298
688608.SH,2024-05-31,129.0,131.7,129.0,130.69,129.46,1.23,0.9501,8912.95,116590.734,0.7425,1.02,126.8941,2.5685,1568733.5989
688608.SH,2024-06-03,129.15,135.58,129.15,133.18,130.69,2.49,1.9053,17871.36,238727.366,1.4888,1.97,129.3117,2.6174,1598622.2411
688608.SH,2024-06-04,132.99,134.87,131.66,133.75,133.18,0.57,0.428,10223.95,136529.205,0.8517,0.9,129.8652,2.6286,1605464.2195
688608.SH,2024-06-05,132.46,136.2,132.18,132.37,133.75,-1.38,-1.0318,9767.31,130490.055,0.8137,0.81,128.5253,2.6015,1588899.4298
688608.SH,2024-06-06,132.5,135.49,130.49,131.0,132.37,-1.37,-1.035,8678.52,115671.425,0.723,0.67,127.1951,2.5746,1572454.6748
688608.SH,2024-06-07,132.11,133.0,127.5,128.15,131.0,-2.85,-2.1756,8237.06,106805.291,0.6862,0.74,124.4278,2.5185,1538244.783
688608.SH,2024-06-11,127.02,133.99,126.88,133.17,128.15,5.02,3.9173,10645.92,139273.509,0.8869,0.97,129.302,2.6172,1598502.2064
688608.SH,2024-06-12,133.28,140.89,133.16,136.68,133.17,3.51,2.6357,13153.45,180698.714,1.0958,1.38,132.7101,2.6862,1640634.3889
688608.SH,2024-06-13,137.3,141.59,137.3,139.44,136.68,2.76,2.0193,13547.95,189480.651,1.1287,1.34,135.3899,2.7404,1673763.9684
688608.SH,2024-06-14,138.46,141.5,136.6,141.5,139.44,2.06,1.4773,17079.03,238193.714,1.4228,1.57,137.3901,2.7809,1698491.1182
688608.SH,2024-06-17,142.72,146.5,140.01,144.28,141.5,2.78,1.9647,10412.22,149781.895,0.8674,0.83,140.0893,2.8356,1731860.767
688608.SH,2024-06-18,144.41,145.0,138.51,139.94,144.28,-4.34,-3.008,19375.48,272631.245,1.6142,1.49,135.8754,2.7503,1679765.7038
688608.SH,2024-06-19,139.94,142.5,137.38,138.85,139.94,-1.09,-0.7789,13026.49,181124.526,1.0852,0.89,134.817,2.7288,1666681.9206
688608.SH,2024-06-20,138.85,144.8,138.0,142.73,138.85,3.88,2.7944,13311.8,189380.705,1.109,0.91,138.5844,2.8051,1713255.3873
688608.SH,2024-06-21,142.07,144.06,140.03,142.45,142.73,-0.28,-0.1962,7847.59,111470.276,0.6538,0.54,138.3125,2.7996,1709894.4155
688608.SH,2024-06-24,142.29,150.29,142.06,143.2,142.29,0.91,0.6395,18204.34,267816.207,1.5166,1.42,139.0407,2.8231,1718897.0186
688608.SH,2024-06-25,143.15,145.0,137.0,138.34,143.2,-4.86,-3.3939,12013.32,167601.736,1.0008,0.84,134.3219,2.7273,1660560.1505
688608.SH,2024-06-26,138.08,142.76,136.15,141.69,138.34,3.35,2.4216,9503.4,132558.563,0.7917,0.74,137.5746,2.7934,1700771.7777
688608.SH,2024-06-27,145.0,151.45,142.51,144.1,141.69,2.41,1.7009,22260.45,328012.021,1.8545,1.83,139.9146,2.8409,1729700.1423
688608.SH,2024-06-28,143.26,148.44,142.73,146.38,144.1,2.28,1.5822,13436.68,195743.261,1.1194,0.96,142.1283,2.8858,1757068.0557
688608.SH,2024-07-01,145.0,148.87,139.85,145.59,146.38,-0.79,-0.5397,14684.93,212394.429,1.2234,0.97,141.3613,2.8703,1747585.3138
688608.SH,2024-07-02,145.32,146.18,139.97,140.65,145.59,-4.94,-3.3931,8144.23,115383.687,0.6785,0.57,136.5648,2.7729,1688288.168
688608.SH,2024-07-03,139.5,146.89,139.0,143.58,140.65,2.93,2.0832,11157.9,160082.635,0.9296,0.82,139.4097,2.8306,1723458.3375
688608.SH,2024-07-04,141.82,145.97,140.44,141.26,143.58,-2.32,-1.6158,13398.69,192360.067,1.1162,0.96,137.157,2.7849,1695610.2852
688608.SH,2024-07-05,140.8,145.9,135.94,143.86,141.26,2.6,1.8406,14652.44,205588.658,1.2207,1.2,139.6942,2.8364,1726975.4118
688608.SH,2024-07-08,143.86,148.69,143.5,144.99,143.86,1.13,0.7855,13145.58,192101.939,1.0951,1.06,140.7914,2.8587,1740540.5599
688608.SH,2024-07-09,144.26,150.18,144.26,149.34,144.99,4.35,3.0002,15878.5,235038.114,1.3227,1.31,145.0155,2.9438,1792760.3781
688608.SH,2024-07-10,149.2,154.25,147.51,153.1,149.34,3.76,2.5177,12942.5,196321.554,1.0781,0.95,148.6666,3.0179,1837897.5083
688608.SH,2024-07-11,155.06,160.2,151.1,155.6,153.1,2.5,1.6329,19052.77,298000.527,1.5871,1.36,151.0942,3.0672,1867908.898
688608.SH,2024-07-12,154.5,157.74,152.25,155.98,155.6,0.38,0.2442,10094.94,157222.204,0.8409,0.67,151.4632,3.0747,1872470.6293
688608.SH,2024-07-15,162.0,174.31,162.0,166.79,155.98,10.81,6.9304,41293.51,688214.598,3.4398,2.9,161.9602,3.2877,2002239.8786
688608.SH,2024-07-16,165.97,176.53,165.01,174.39,166.79,7.6,4.5566,32615.35,556137.638,2.7169,1.64,169.3401,3.4376,2093474.5034
688608.SH,2024-07-17,173.62,176.18,171.0,172.47,174.39,-1.92,-1.101,19277.48,334305.007,1.6058,0.83,167.4757,3.3997,2070425.7561
688608.SH,2024-07-18,170.99,173.93,165.19,171.01,172.47,-1.46,-0.8465,22208.77,375117.379,1.85,0.91,166.058,3.3709,2052899.1045
688608.SH,2024-07-19,170.51,179.65,169.56,173.54,171.01,2.53,1.4794,21910.4,382345.318,1.8252,0.87,168.5147,3.4208,2083270.6309
688608.SH,2024-07-22,174.23,177.0,172.86,175.28,173.54,1.74,1.0027,15335.67,268223.597,1.2775,0.56,170.2043,3.4551,2104158.5582
688608.SH,2024-07-23,174.85,175.28,166.5,166.5,175.28,-8.78,-5.0091,18321.36,311759.144,1.5262,0.82,161.6786,3.282,1998758.5574
688608.SH,2024-07-24,166.5,169.47,164.37,166.5,166.5,0.0,0.0,14293.84,237524.358,1.1907,0.74,161.6786,3.282,1998758.5574
688608.SH,2024-07-25,165.31,166.0,160.38,164.5,166.5,-2.0,-1.2012,12414.35,202773.646,1.0341,0.67,159.7365,3.2426,1974749.4456
688608.SH,2024-07-26,165.0,167.97,161.86,162.53,164.5,-1.97,-1.1976,11154.4,182015.495,0.9292,0.68,157.8235,3.2038,1951100.4704
688608.SH,2024-07-29,165.5,165.5,160.91,161.54,162.53,-0.99,-0.6091,9326.67,151763.926,0.7769,0.65,156.8622,3.1843,1939215.9601
688608.SH,2024-07-30,161.54,168.21,159.23,166.5,161.54,4.96,3.0704,13188.99,217860.983,1.0987,1.01,161.6786,3.282,1998758.5574
688608.SH,2024-07-31,166.0,173.61,163.32,171.99,166.5,5.49,3.2973,13225.57,224985.288,1.1017,1.1,167.0096,3.3903,2064663.5692
688608.SH,2024-08-01,172.72,174.8,166.45,171.68,171.99,-0.31,-0.1802,12296.39,209841.402,1.0243,1.04,166.7086,3.3841,2060942.1569
688608.SH,2024-08-02,169.79,171.98,166.7,168.27,171.68,-3.41,-1.9863,9897.86,167870.72,0.8245,0.84,163.3973,3.3169,2020006.6213
688608.SH,2024-08-05,167.0,167.92,153.63,153.63,168.27,-14.64,-8.7003,28812.14,456187.78,2.4001,2.49,149.1812,3.0283,1844259.9229
688608.SH,2024-08-06,158.08,161.96,155.24,157.65,153.63,4.02,2.6167,17371.71,274212.625,1.4471,1.12,153.0848,3.1076,1892518.2376
688608.SH,2024-08-07,156.93,158.25,152.5,153.55,157.65,-4.1,-2.6007,13544.61,209595.583,1.1283,0.83,149.1036,3.0268,1843299.5584
688608.SH,2024-08-08,154.23,157.39,151.27,154.74,153.55,1.19,0.775,10070.59,155555.451,0.8389,0.61,150.2591,3.0502,1857584.98
688608.SH,2024-08-09,156.07,158.71,153.8,157.08,154.74,2.34,1.5122,9074.33,142716.842,0.7559,0.57,152.5313,3.0963,1885675.6408
688608.SH,2024-08-12,156.31,158.24,154.82,156.07,157.08,-1.01,-0.643,4898.82,76590.24,0.4081,0.31,151.5506,3.0764,1873551.0393
688608.SH,2024-08-13,155.7,160.46,155.7,160.46,156.07,4.39,2.8128,7783.1,123358.164,0.6483,0.71,155.8135,3.163,1926251.0397
688608.SH,2024-08-14,161.18,163.9,157.51,160.8,160.46,0.34,0.2119,14068.6,226215.764,1.1719,1.55,156.1436,3.1697,1930332.5887
688608.SH,2024-08-15,160.0,163.63,155.0,156.46,160.8,-4.34,-2.699,11531.4,183326.34,0.9606,1.26,151.9293,3.0841,1878232.8161
688608.SH,2024-08-16,156.88,162.57,155.78,159.95,156.46,3.49,2.2306,10458.8,166933.028,0.8712,1.1,155.3182,3.1529,1920128.7162
688608.SH,2024-08-19,159.36,162.82,156.6,157.2,159.95,-2.75,-1.7193,7764.16,123778.731,0.6468,0.8,152.6479,3.0987,1887116.1875
688608.SH,2024-08-20,157.69,159.45,155.55,156.88,157.2,-0.32,-0.2036,5592.49,87980.28,0.4659,0.54,152.3371,3.0924,1883274.7296
688608.SH,2024-08-21,156.89,159.52,155.31,157.72,156.88,0.84,0.5354,5040.6,79378.54,0.4199,0.51,153.1528,3.109,1893358.5565
688608.SH,2024-08-22,158.36,158.68,153.03,156.02,157.72,-1.7,-1.0779,6671.07,103574.488,0.5557,0.83,151.502,3.0755,1872950.8115
688608.SH,2024-08-23,156.02,156.99,152.12,155.23,156.02,-0.79,-0.5063,9875.03,152097.791,0.8226,1.39,150.7349,3.0599,1863467.2124
688608.SH,2024-08-26,156.45,157.1,152.06,152.55,155.23,-2.68,-1.7265,8129.97,125136.316,0.6772,1.16,148.1325,3.0071,1831295.0025
688608.SH,2024-08-27,154.21,154.21,150.7,151.0,152.55,-1.55,-1.0161,8536.75,129952.576,0.7111,1.21,146.6274,2.9115,1812687.9409
688608.SH,2024-08-28,152.0,152.0,144.14,147.57,151.0,-3.43,-2.2715,11637.67,171415.874,0.9694,1.52,143.2967,2.8454,1771512.3142
688608.SH,2024-08-29,148.92,150.0,143.42,145.32,147.57,-2.25,-1.5247,16860.43,246822.041,1.4045,1.88,141.1119,2.802,1744502.0634
688608.SH,2024-08-30,146.66,155.42,143.8,153.99,145.32,8.67,5.9661,14582.22,222564.526,1.2147,1.32,149.5308,2.9692,1848581.563
688608.SH,2024-09-02,151.51,155.2,145.83,145.83,153.99,-8.16,-5.299,11568.8,172580.502,0.9637,0.97,141.6071,2.8118,1750624.3869
688608.SH,2024-09-03,144.07,149.94,144.0,146.1,145.83,0.27,0.1851,9290.37,136815.264,0.7739,0.74,141.8693,2.817,1753865.617
688608.SH,2024-09-04,143.9,146.42,142.08,144.93,146.1,-1.17,-0.8008,6139.11,88917.164,0.5114,0.48,140.7332,2.7945,1739820.2866
688608.SH,2024-09-05,148.48,148.48,143.0,145.6,144.93,0.67,0.4623,7240.8,105506.719,0.6032,0.62,141.3838,2.8074,1747863.339
688608.SH,2024-09-06,144.8,146.84,142.35,143.03,145.6,-2.57,-1.7651,6880.28,98951.957,0.5731,0.7,138.8882,2.7578,1717011.6304
688608.SH,2024-09-09,143.0,144.86,141.28,143.23,143.03,0.2,0.1398,6316.66,90247.994,0.5262,0.77,139.0824,2.7617,1719412.5416
688608.SH,2024-09-10,142.64,145.52,139.61,144.5,143.23,1.27,0.8867,9694.1,137754.22,0.8075,1.35,140.3156,2.7862,1734658.3276
688608.SH,2024-09-11,143.52,144.8,141.0,142.45,144.5,-2.05,-1.4187,7107.98,101383.81,0.5921,0.98,138.325,2.7467,1710048.988
688608.SH,2024-09-12,141.0,144.42,140.78,140.97,142.45,-1.48,-1.039,5801.33,82393.855,0.4833,0.78,136.8878,2.7181,1692282.2452
688608.SH,2024-09-13,140.55,145.24,139.81,142.0,140.97,1.03,0.7307,7340.91,104682.982,0.6115,1.03,137.888,2.738,1704646.9378
688608.SH,2024-09-18,140.26,145.6,140.26,145.12,142.0,3.12,2.1972,8771.34,125754.566,0.7307,1.21,140.9177,2.7981,1742101.1522
688608.SH,2024-09-19,144.7,146.0,141.5,142.94,145.12,-2.18,-1.5022,12750.42,182777.773,1.0621,1.65,138.8008,2.7561,1715931.2203
688608.SH,2024-09-20,142.8,146.97,141.6,144.77,142.94,1.83,1.2803,10431.0,150764.692,0.8689,1.25,140.5778,2.7914,1737899.5576
688608.SH,2024-09-23,144.95,151.65,143.5,149.5,144.77,4.73,3.2673,14381.01,213229.176,1.198,1.59,145.1708,2.8826,1794681.1071
688608.SH,2024-09-24,150.0,161.17,148.9,160.81,149.5,11.31,7.5652,21832.62,340907.381,1.8187,2.03,156.1533,3.1007,1930452.6343
688608.SH,2024-09-25,160.81,168.43,158.08,160.18,160.81,-0.63,-0.3918,22473.24,363308.415,1.8721,1.65,155.5416,3.0885,1922889.7641
688608.SH,2024-09-26,158.88,172.0,157.8,171.58,160.18,11.4,7.117,24341.51,403930.56,2.0277,1.49,166.6115,3.3083,2059741.7013
688608.SH,2024-09-27,173.0,185.0,172.97,176.98,171.58,5.4,3.1472,16289.49,288400.337,1.3569,0.87,171.8551,3.4124,2124566.3032
688608.SH,2024-09-30,181.0,212.38,181.0,212.38,176.98,35.4,20.0023,31989.32,640492.606,2.6648,1.61,206.23,4.095,2549527.582
688608.SH,2024-10-08,254.86,254.86,247.03,254.86,212.38,42.48,20.0019,41634.55,1059103.386,3.4682,1.78,247.4799,4.9141,3059481.1167
688608.SH,2024-10-09,253.0,280.0,233.26,252.86,254.86,-2.0,-0.7847,81213.95,2075879.724,6.7653,2.97,245.5378,4.8755,3035472.0049
688608.SH,2024-10-10,252.66,275.61,245.0,247.0,252.86,-5.86,-2.3175,69960.43,1800528.22,5.8278,1.79,239.8475,4.7625,2965125.3073
688608.SH,2024-10-11,247.0,249.44,227.55,233.0,247.0,-14.0,-5.668,46544.97,1105493.939,3.8773,0.97,226.2529,4.4926,2797061.5247
688608.SH,2024-10-14,230.0,244.6,225.01,242.7,233.0,9.7,4.1631,39381.55,932293.164,3.2806,0.73,235.672,4.6796,2913505.7169
688608.SH,2024-10-15,240.8,258.58,236.0,240.49,242.7,-2.21,-0.9106,28913.52,712534.677,2.4085,0.52,233.526,4.637,2886975.6484
688608.SH,2024-10-16,235.08,238.43,229.0,231.84,240.49,-8.65,-3.5968,21087.14,490043.643,1.7566,0.4,225.1265,4.4702,2783136.2399
688608.SH,2024-10-17,237.0,251.99,232.05,239.34,231.84,7.5,3.235,27099.91,662286.685,2.2575,0.66,232.4093,4.6148,2873170.4091
688608.SH,2024-10-18,240.0,286.38,239.08,268.0,239.34,28.66,11.9746,44259.36,1156600.558,3.6869,1.36,260.2394,5.1675,3217220.9812
688608.SH,2024-10-21,274.4,280.0,255.0,255.5,268.0,-12.5,-4.6642,45784.35,1221922.237,3.8139,1.42,248.1013,4.9264,3067164.0325
688608.SH,2024-10-22,254.99,256.77,238.0,248.35,255.5,-7.15,-2.7984,33140.41,824940.963,2.7607,0.99,241.1584,4.7886,2981331.4578
688608.SH,2024-10-23,243.54,255.0,243.54,247.5,248.35,-0.85,-0.3423,19128.37,476908.2,1.5934,0.56,240.333,4.7722,2971127.5853
688608.SH,2024-10-24,246.03,250.84,244.0,247.7,247.5,0.2,0.0808,14998.05,371390.96,1.2494,0.44,240.5272,4.776,2973528.4964
688608.SH,2024-10-25,240.0,242.75,230.5,237.67,247.7,-10.03,-4.0493,44776.3,1057344.117,3.7299,1.42,230.7876,4.4493,2853122.8008
688608.SH,2024-10-28,237.63,239.97,232.11,233.8,237.67,-3.87,-1.6283,23227.49,545805.467,1.9349,0.74,227.0297,4.3769,2806665.1694
688608.SH,2024-10-29,233.1,235.0,227.45,228.24,233.8,-5.56,-2.3781,27206.92,630171.454,2.2664,1.01,221.6307,4.2728,2739919.8386
688608.SH,2024-10-30,228.0,230.98,221.22,225.01,228.24,-3.23,-1.4152,23843.33,536467.163,1.9862,0.92,218.4942,4.2123,2701145.1231
688608.SH,2024-10-31,226.0,227.7,220.0,221.01,225.01,-4.0,-1.7777,26436.36,589118.923,2.2022,0.99,214.6101,4.1374,2653126.8995
688608.SH,2024-11-01,221.0,221.0,211.1,211.53,221.01,-9.48,-4.2894,27665.42,593617.291,2.3046,0.95,205.4046,3.96,2539323.7095
688608.SH,2024-11-04,213.0,219.98,210.0,217.71,211.53,6.18,2.9216,26973.44,581559.634,2.2469,1.05,211.4056,4.0757,2613511.865
688608.SH,2024-11-05,219.04,242.0,219.04,237.02,217.71,19.31,8.8696,42822.65,993394.51,3.5672,1.62,230.1565,4.4372,2845319.8394
688608.SH,2024-11-06,237.6,241.38,228.9,231.37,237.02,-5.65,-2.3838,27158.49,637071.464,2.2623,0.92,224.6701,4.3314,2777494.0986
688608.SH,2024-11-07,228.03,235.97,226.0,233.25,231.37,1.88,0.8126,19483.73,449170.296,1.623,0.64,226.4956,4.3666,2800062.6637
688608.SH,2024-11-08,238.89,248.46,229.4,235.7,233.25,2.45,1.0504,31500.76,748382.82,2.6241,1.09,228.8747,4.4125,2829473.8256
688608.SH,2024-11-11,236.99,244.68,231.3,239.93,235.7,4.23,1.7947,32546.18,772650.583,2.7112,1.1,232.9822,4.4916,2880253.0971
688608.SH,2024-11-12,240.26,250.0,230.16,243.9,239.93,3.97,1.6546,31954.79,766656.271,2.6619,1.04,236.8372,4.566,2927911.184
688608.SH,2024-11-13,243.89,247.44,237.0,244.62,243.9,0.72,0.2952,23517.95,571092.471,1.9591,0.82,237.5364,4.5794,2936554.4643
688608.SH,2024-11-14,246.0,261.0,243.0,247.51,244.62,2.89,1.1814,30683.68,780147.921,2.556,1.1,240.3427,4.6335,2971247.6308
688608.SH,2024-11-15,247.86,265.62,241.1,254.29,247.51,6.78,2.7393,37653.09,957092.309,3.1366,1.25,246.9264,4.7605,3052638.5198
688608.SH,2024-11-18,255.5,256.94,237.77,241.95,254.29,-12.34,-4.8527,29671.15,730403.396,2.4717,0.95,234.9437,4.5295,2904502.3
688608.SH,2024-11-19,242.01,251.44,234.56,242.55,241.95,0.6,0.248,19633.88,474832.472,1.6355,0.64,235.5263,4.5407,2911705.0335
688608.SH,2024-11-20,242.0,257.77,238.9,252.36,242.55,9.81,4.0445,24688.78,622148.534,2.0566,0.87,245.0523,4.7243,3029469.7269
688608.SH,2024-11-21,256.0,267.0,250.36,255.68,252.36,3.32,1.3156,27036.76,704553.22,2.2522,0.95,248.2761,4.7865,3069324.8525
688608.SH,2024-11-22,254.1,272.3,253.0,254.0,255.68,-1.68,-0.6571,32595.62,858182.131,2.7153,1.18,246.6448,4.755,3049157.1986
688608.SH,2024-11-25,255.63,256.4,238.0,244.4,254.0,-9.6,-3.7795,21767.95,529091.124,1.8133,0.81,237.3228,4.5753,2933913.462
688608.SH,2024-11-26,244.1,254.5,241.52,243.35,244.4,-1.05,-0.4296,18131.75,450886.407,1.5104,0.72,236.3032,4.5557,2921308.6783
688608.SH,2024-11-27,243.21,260.85,240.18,260.36,243.35,17.01,6.9899,24415.37,613095.622,2.0338,0.98,252.8206,4.8741,3125506.1741
688608.SH,2024-11-28,260.65,292.44,257.8,274.91,260.36,14.55,5.5884,34281.91,944270.712,2.8557,1.38,266.9493,5.1465,3300172.4625
688608.SH,2024-11-29,272.34,288.58,267.0,279.0,274.91,4.09,1.4878,29125.44,803494.645,2.4262,1.11,270.9208,5.2231,3349271.0961
688608.SH,2024-12-02,280.0,283.5,268.96,271.5,279.0,-7.5,-2.6882,28423.91,783819.706,2.3678,1.11,263.638,5.0827,3259236.9269
688608.SH,2024-12-03,273.68,273.68,255.0,257.99,271.5,-13.51,-4.9761,28514.76,739585.707,2.3753,1.06,250.5192,4.8297,3097055.3766
688608.SH,2024-12-04,261.49,268.93,253.0,261.76,257.99,3.77,1.4613,19724.84,516619.101,1.6431,0.68,254.1801,4.9003,3142312.5524
688608.SH,2024-12-05,257.67,265.8,250.5,261.74,261.76,-0.02,-0.0076,26471.93,681152.932,2.2052,0.94,254.1606,4.8999,3142072.4613
688608.SH,2024-12-06,251.99,260.99,246.1,257.94,261.74,-3.8,-1.4518,28935.68,733926.974,2.4104,1.09,250.4707,4.8288,3096455.1488
688608.SH,2024-12-09,255.0,267.0,254.09,262.48,257.94,4.54,1.7601,17468.02,459275.357,1.4551,0.66,254.8792,4.9138,3150955.8326
688608.SH,2024-12-10,272.8,277.27,265.0,271.03,262.48,8.55,3.2574,28788.87,783575.329,2.3982,1.19,263.1816,5.0739,3253594.7856
688608.SH,2024-12-11,272.0,308.0,271.03,298.0,271.03,26.97,9.9509,41422.38,1203695.804,3.4506,1.71,289.3706,5.5788,3577357.6582
688608.SH,2024-12-12,305.0,305.99,288.26,300.9,297.24,3.66,1.2313,36690.04,1086123.419,3.0563,1.28,292.1867,5.7141,3612170.8703
688608.SH,2024-12-13,300.0,330.0,296.12,314.94,300.9,14.04,4.666,44061.11,1393051.628,3.6704,1.44,305.8201,5.9807,3780714.8351
688608.SH,2024-12-16,315.5,335.0,296.23,303.88,314.94,-11.06,-3.5118,47125.07,1473555.898,3.9256,1.4,295.0804,5.7707,3647944.4469
688608.SH,2024-12-17,301.38,303.88,287.0,287.86,303.88,-16.02,-5.2718,28287.22,825420.18,2.3564,0.71,279.5243,5.4665,3455631.4614
688608.SH,2024-12-18,292.99,339.88,280.01,330.0,287.86,42.14,14.6391,52921.57,1645096.467,4.4085,1.34,320.444,6.2667,3961503.447
688608.SH,2024-12-19,325.0,355.0,321.01,334.0,330.0,4.0,1.2121,49367.73,1655740.576,4.1124,1.18,324.3282,6.3426,4009521.6706
688608.SH,2024-12-20,333.0,378.66,332.99,348.1,334.0,14.1,4.2216,53778.17,1890131.016,4.4798,1.21,338.0199,6.6104,4178785.9088
688608.SH,2024-12-23,349.5,355.0,325.99,329.0,348.1,-19.1,-5.4869,45554.42,1527989.453,3.7948,0.98,319.4729,6.2477,3949498.8911
688608.SH,2024-12-24,331.52,336.0,318.5,336.0,329.0,7.0,2.1277,39132.56,1282404.988,3.2598,0.85,326.2702,6.3806,4033530.7824
688608.SH,2024-12-25,332.64,336.98,322.0,330.0,336.0,-6.0,-1.7857,27511.84,905567.53,2.2918,0.57,320.444,6.2667,3961503.447
688608.SH,2024-12-26,330.0,365.98,330.0,351.4,330.0,21.4,6.4848,33815.99,1173149.723,2.8169,0.79,341.2243,6.6731,4218400.9433
688608.SH,2024-12-27,349.02,363.36,332.0,332.75,351.4,-18.65,-5.3073,33941.49,1172027.59,2.8274,0.85,323.1144,6.3189,3994515.9757
688608.SH,2024-12-30,328.04,337.77,326.0,326.88,332.75,-5.87,-1.7641,25375.9,836323.678,2.1139,0.71,317.4143,6.2074,3924049.2326
688608.SH,2024-12-31,327.52,332.9,320.5,325.37,326.88,-1.51,-0.4619,31198.67,1024290.128,2.5989,0.98,315.9481,6.1788,3905922.3532
688608.SH,2025-01-02,323.74,330.9,316.09,320.43,325.37,-4.94,-1.5183,27685.23,889859.231,2.3062,0.91,311.1511,6.085,3846619.847
688608.SH,2025-01-03,325.51,330.42,307.5,313.3,320.43,-7.13,-2.2251,31937.85,1020752.384,2.6605,1.05,304.2276,5.9496,3761027.3635
688608.SH,2025-01-06,309.0,314.44,291.77,296.82,313.3,-16.48,-5.2601,43727.66,1317371.779,3.6426,1.46,288.2248,5.6366,3563192.2822
688608.SH,2025-01-07,299.21,322.31,295.99,319.81,296.82,22.99,7.7454,35838.19,1121777.695,2.9854,1.12,310.5491,6.0732,3839177.0224
688608.SH,2025-01-08,313.15,330.98,313.15,321.68,319.81,1.87,0.5847,31182.08,1007825.814,2.5975,0.92,312.3649,6.1087,3861625.5419
688608.SH,2025-01-09,321.11,341.53,315.97,319.26,321.68,-2.42,-0.7523,37495.62,1238506.635,3.1234,1.1,310.015,6.0627,3832574.5166
688608.SH,2025-01-10,319.2,330.0,311.0,312.23,319.26,-7.03,-2.202,27685.73,887509.343,2.3063,0.77,303.1886,5.9292,3748182.4887
688608.SH,2025-01-13,304.0,321.65,301.59,311.5,312.23,-0.73,-0.2338,22031.7,684977.025,1.8353,0.63,302.4797,5.9154,3739419.1629
688608.SH,2025-01-14,314.1,334.0,306.18,332.0,311.5,20.5,6.5811,33396.21,1081420.144,2.782,1.08,322.3861,6.3047,3985512.5588
688608.SH,2025-01-15,332.0,347.8,329.2,343.39,332.0,11.39,3.4307,32712.6,1119880.607,2.725,1.08,333.4462,6.521,4122244.4505
688608.SH,2025-01-16,345.0,349.5,323.82,329.0,343.39,-14.39,-4.1906,27453.87,912669.7,2.287,0.9,319.4729,6.2477,3949498.8911
688608.SH,2025-01-17,329.0,362.26,326.0,350.37,329.0,21.37,6.4954,29346.68,1014819.055,2.4446,1.02,340.2241,6.6535,4206036.2507
688608.SH,2025-01-20,352.99,359.3,346.18,350.92,350.37,0.55,0.157,18543.62,652323.782,1.5447,0.64,340.7582,6.664,4212638.7564
688608.SH,2025-01-21,354.0,384.46,352.0,373.13,350.92,22.21,6.3291,37147.93,1366638.775,3.0945,1.31,362.325,7.0857,4479259.943
688608.SH,2025-01-22,366.36,374.44,358.88,373.0,373.13,-0.13,-0.0348,19732.73,726291.795,1.6438,0.68,362.1988,7.0833,4477699.3507
688608.SH,2025-01-23,383.5,389.88,358.0,363.0,373.0,-10.0,-2.681,26474.94,980798.475,2.2054,1.0,352.4884,6.8934,4357653.7917
688608.SH,2025-01-24,363.0,378.3,363.0,376.2,363.0,13.2,3.6364,25027.35,935913.562,2.0848,0.95,365.3061,7.144,4516113.9296
688608.SH,2025-01-27,380.61,402.52,373.0,397.01,376.2,20.81,5.5316,30786.74,1210262.872,2.5646,1.21,385.5135,7.5392,4765928.7379
688608.SH,2025-02-05,403.0,424.0,373.02,380.5,397.01,-16.51,-4.1586,37269.43,1469032.866,3.1046,1.34,369.4816,7.2257,4567733.52
688608.SH,2025-02-06,378.98,416.37,375.0,404.76,380.5,24.26,6.3758,32824.43,1323712.769,2.7343,1.18,393.0391,7.6864,4858964.0461
688608.SH,2025-02-07,402.11,419.49,391.0,396.0,404.76,-8.76,-2.1642,31233.28,1261680.977,2.6018,1.02,384.5328,7.52,4753804.1364
688608.SH,2025-02-10,390.11,395.0,370.0,376.6,396.0,-19.4,-4.899,40297.16,1522690.681,3.3568,1.28,365.6946,7.1516,4520915.7519
688608.SH,2025-02-11,372.0,378.86,369.01,373.6,376.6,-3.0,-0.7966,23384.67,873031.579,1.948,0.68,362.7814,7.0947,4484902.0842
688608.SH,2025-02-12,373.0,386.88,366.0,379.6,373.6,6.0,1.606,27702.25,1047740.559,2.3076,0.84,368.6077,7.2086,4556929.4196
688608.SH,2025-02-13,378.01,382.43,355.69,356.57,379.6,-23.03,-6.0669,44807.88,1627482.302,3.7326,1.44,346.2446,6.7713,4280464.4973
688608.SH,2025-02-14,356.41,367.0,353.0,359.98,356.57,3.41,0.9563,28975.25,1043390.763,2.4137,0.87,349.5558,6.836,4321400.0329
688608.SH,2025-02-17,350.1,365.88,348.6,353.01,359.98,-6.97,-1.9362,40892.4,1447743.049,3.4064,1.24,342.7877,6.7036,4237728.2783
688608.SH,2025-02-18,350.07,352.32,338.23,344.52,353.01,-8.49,-2.405,32961.65,1136333.887,2.7458,0.99,334.5435,6.5424,4135809.5987
688608.SH,2025-02-19,341.0,360.83,340.01,359.6,344.52,15.08,4.3771,33393.1,1185555.317,2.7817,0.95,349.1868,6.8288,4316838.3016
688608.SH,2025-02-20,374.8,381.44,362.0,370.24,359.6,10.64,2.9588,48885.83,1820086.659,4.0723,1.35,359.5187,7.0308,4444566.7764
688608.SH,2025-02-21,361.2,381.0,360.2,375.9,370.24,5.66,1.5287,40382.85,1492477.809,3.364,1.09,365.0148,7.1383,4512512.5628
688608.SH,2025-02-24,373.0,378.85,364.99,373.5,375.9,-2.4,-0.6385,25390.88,946123.967,2.1151,0.65,362.6843,7.0928,4483701.6287
688608.SH,2025-02-25,365.9,393.99,363.2,381.8,373.5,8.3,2.2222,36427.95,1379058.394,3.0345,1.01,370.744,7.2504,4583339.4426
688608.SH,2025-02-26,383.08,396.98,371.8,379.0,381.8,-2.8,-0.7334,26057.94,1001452.533,2.1707,0.71,368.0251,6.9953,4549726.6861
688608.SH,2025-02-27,379.57,390.4,365.0,368.5,379.0,-10.5,-2.7704,30771.3,1156135.239,2.5633,0.87,357.8291,6.8015,4423678.8492
688608.SH,2025-02-28,358.95,367.0,345.0,345.0,368.5,-23.5,-6.3772,39823.8,1405709.476,3.3174,1.25,335.0096,6.3677,4141571.7855
688608.SH,2025-03-03,344.0,348.6,324.0,335.48,345.0,-9.52,-2.7594,36063.83,1200881.987,3.0042,1.14,325.7653,6.192,4027288.4133
688608.SH,2025-03-04,329.83,353.3,329.01,345.68,335.48,10.2,3.0404,30786.66,1062206.865,2.5646,0.91,335.6699,6.3803,4149734.8835
688608.SH,2025-03-05,345.66,349.97,339.0,348.0,345.68,2.32,0.6711,16790.68,579876.657,1.3987,0.51,337.9228,6.4231,4177585.4532
688608.SH,2025-03-06,350.35,361.92,349.64,354.02,348.0,6.02,1.7299,24277.29,862706.754,2.0223,0.79,343.7684,6.5342,4249852.8797
688608.SH,2025-03-07,351.52,362.0,348.7,361.98,354.02,7.96,2.2485,20351.06,725410.192,1.6953,0.69,351.4979,6.6811,4345409.1447
688608.SH,2025-03-10,358.43,361.0,348.5,357.91,361.98,-4.07,-1.1244,16473.95,584884.753,1.3723,0.64,347.5458,6.606,4296550.6022
688608.SH,2025-03-11,355.5,363.0,350.5,356.6,357.91,-1.31,-0.366,10986.86,390623.036,0.9152,0.51,346.2737,6.5818,4280824.6339
688608.SH,2025-03-12,359.6,375.0,343.0,369.39,356.6,12.79,3.5867,27658.12,1008924.937,2.304,1.56,358.6933,6.8179,4434362.9039
688608.SH,2025-03-13,368.0,373.88,350.18,352.79,369.39,-16.6,-4.4939,19517.14,703825.256,1.6258,0.98,342.574,6.5115,4235087.276
688608.SH,2025-03-14,351.26,363.99,347.0,349.27,352.79,-3.52,-0.9978,24325.38,857761.136,2.0263,1.28,339.156,6.4465,4192831.2392
688608.SH,2025-03-17,349.94,351.44,342.16,349.44,349.27,0.17,0.0487,16908.64,588033.512,1.4085,0.85,339.3211,6.4497,4194872.0137
688608.SH,2025-03-18,349.44,374.96,347.85,369.5,349.44,20.06,5.7406,28489.33,1037633.645,2.3732,1.43,358.8002,6.8199,4435683.4051
688608.SH,2025-03-19,373.29,392.0,369.68,376.85,369.5,7.35,1.9892,21249.16,807630.435,1.7701,0.91,365.9373,6.9556,4523916.8909
688608.SH,2025-03-20,380.09,383.5,362.52,372.16,376.85,-4.69,-1.2445,21466.16,801401.368,1.7882,0.97,361.3831,6.869,4467615.5237
688608.SH,2025-03-21,369.85,370.37,345.0,345.43,372.16,-26.73,-7.1824,23293.82,822798.427,1.9404,1.04,335.4272,6.3757,4146733.7445
688608.SH,2025-03-24,345.89,376.06,345.89,369.0,345.43,23.57,6.8234,31857.52,1169479.413,2.6538,1.43,358.3146,6.8107,4429681.1271
688608.SH,2025-03-25,370.9,373.43,356.0,357.12,369.0,-11.88,-3.2195,20077.51,727511.315,1.6725,0.79,346.7787,6.5914,4287067.003
688608.SH,2025-03-26,357.4,386.71,357.4,376.5,357.12,19.38,5.4267,28578.97,1074983.959,2.3807,1.21,365.5975,6.9491,4519715.2964
688608.SH,2025-03-27,375.0,391.99,373.0,380.0,376.5,3.5,0.9296,22498.63,859507.135,1.8742,0.9,368.9961,7.0137,4561731.242
688608.SH,2025-03-28,379.24,390.87,378.01,380.0,380.0,0.0,0.0,15450.2,590946.222,1.287,0.61,368.9961,7.0137,4561731.242
688608.SH,2025-03-31,375.31,407.0,372.23,406.3,380.0,26.3,6.9211,33176.31,1302139.95,2.7636,1.4,394.5345,7.4991,4877451.0622
688608.SH,2025-04-01,406.3,409.98,392.15,395.4,406.3,-10.9,-2.6827,23646.53,946491.331,1.9698,0.99,383.9502,7.298,4746601.4029
688608.SH,2025-04-02,392.66,401.85,383.42,385.6,395.4,-9.8,-2.4785,16914.61,660705.859,1.409,0.69,374.4339,7.1171,4628956.755
688608.SH,2025-04-03,380.0,389.5,358.01,365.45,385.6,-20.15,-5.2256,25955.31,962742.861,2.1621,1.16,354.8674,6.7452,4387064.9537
688608.SH,2025-04-07,323.52,341.8,308.03,319.49,365.45,-45.96,-12.5763,43247.76,1410843.688,3.6026,1.88,310.2383,5.8969,3835335.5645
688608.SH,2025-04-08,320.05,332.0,306.2,314.93,319.49,-4.56,-1.4273,32128.08,1014224.604,2.6763,1.12,305.8104,5.8127,3780594.7896
688608.SH,2025-04-09,306.07,332.48,298.97,322.88,314.93,7.95,2.5244,28096.85,899039.243,2.3405,0.99,313.5302,5.9594,3876031.009
688608.SH,2025-04-10,337.0,353.0,337.0,339.0,322.88,16.12,4.9926,25517.71,881968.864,2.1257,0.87,329.1834,6.257,4069544.4501
688608.SH,2025-04-11,339.18,371.9,337.96,368.95,339.0,29.95,8.8348,23054.41,825755.175,1.9205,0.74,358.2661,6.8098,4429080.8993
688608.SH,2025-04-14,373.0,373.0,360.25,366.9,368.95,-2.05,-0.5556,20468.49,750045.574,1.7051,0.67,356.2755,6.7719,4404471.5597
688608.SH,2025-04-15,365.88,374.0,359.01,367.51,366.9,0.61,0.1663,12752.63,467043.843,1.0623,0.49,356.8678,6.7832,4411794.3388
688608.SH,2025-04-16,372.0,379.98,369.31,376.6,367.51,9.09,2.4734,18297.57,686923.927,1.5242,0.83,365.6946,6.951,4520915.7519
688608.SH,2025-04-17,375.95,391.0,375.0,384.68,376.6,8.08,2.1455,16402.93,631061.81,1.3664,0.82,373.5406,7.1001,4617912.5636
688608.SH,2025-04-18,383.0,390.22,378.99,385.3,384.68,0.62,0.1612,9049.18,347569.652,0.7538,0.5,374.1426,7.1115,4625355.3883
688608.SH,2025-04-21,383.0,387.78,369.54,379.5,385.3,-5.8,-1.5053,15390.71,580468.315,1.2821,1.0,368.5106,7.0045,4555728.9641
688608.SH,2025-04-22,379.0,381.66,372.0,375.39,379.5,-4.11,-1.083,13507.79,510080.687,1.1252,0.94,364.5196,6.9286,4506390.2393
688608.SH,2025-04-23,378.6,395.8,375.97,394.34,375.39,18.95,5.0481,19254.71,743146.686,1.604,1.33,382.9209,7.2784,4733876.5736
688608.SH,2025-04-24,395.41,401.44,390.33,396.5,394.34,2.16,0.5478,13572.22,538067.591,1.1306,0.92,385.0183,7.3183,4759806.4144
688608.SH,2025-04-25,397.0,409.01,376.0,382.45,396.5,-14.05,-3.5435,32498.1,1262381.335,2.7071,2.3,99.7054,6.8471,4591142.404
688608.SH,2025-04-28,383.17,405.97,379.24,401.6,382.45,19.15,5.0072,21134.36,837781.35,1.7605,1.12,104.6979,7.1899,4821029.6494
688608.SH,2025-04-29,401.6,419.8,395.6,418.0,401.6,16.4,4.0837,17571.2,720137.086,1.4637,0.88,108.9734,7.4835,5017904.3662
688608.SH,2025-04-30,420.0,449.6,419.92,443.83,418.0,25.83,6.1794,24350.28,1066254.37,2.0284,1.17,115.7073,7.946,5327982.0451
688608.SH,2025-05-06,443.86,444.11,433.33,437.59,443.83,-6.24,-1.4059,19203.53,843198.08,1.5997,0.88,114.0805,7.8343,5253073.6163
688608.SH,2025-05-07,440.0,446.0,429.46,433.98,437.59,-3.61,-0.825,18917.75,823566.645,1.5759,0.82,113.1394,7.7696,5209737.1695
688608.SH,2025-05-08,434.98,434.99,414.5,420.5,433.98,-13.48,-3.1061,24605.79,1035206.123,2.0497,1.22,109.6251,7.5283,5047915.756
688608.SH,2025-05-09,421.0,423.0,414.5,417.5,420.5,-3.0,-0.7134,14653.89,613088.815,1.2207,0.7,108.843,7.4746,5011902.0883
688608.SH,2025-05-12,421.0,424.28,397.0,421.67,417.5,4.17,0.9988,24401.07,1010437.163,2.0327,1.2,109.9302,7.5492,5061961.0864
688608.SH,2025-05-13,423.14,435.23,416.35,431.68,421.67,10.01,2.3739,19076.22,817351.141,1.5891,0.94,112.5398,7.7285,5182126.6909
688608.SH,2025-05-14,429.45,431.88,399.09,410.1,431.68,-21.58,-4.9991,29708.73,1214940.112,2.4748,1.46,106.9138,7.3421,4923068.3746
688608.SH,2025-05-15,408.0,413.51,402.0,407.0,410.1,-3.1,-0.7559,14449.43,590063.058,1.2037,0.64,106.1057,7.2866,4885854.2513
688608.SH,2025-05-16,410.0,410.51,391.13,404.11,407.0,-2.89,-0.7101,16442.24,660545.853,1.3697,0.8,105.3522,7.2349,4851161.0847
688608.SH,2025-05-19,402.0,412.88,396.0,406.5,404.11,2.39,0.5914,12732.73,517201.009,1.0607,0.61,105.9753,7.2777,4879851.9734
688608.SH,2025-05-20,405.78,411.91,396.03,398.0,406.5,-8.5,-2.091,20348.2,819705.786,1.695,1.1,103.7593,7.1255,4777813.2482
688608.SH,2025-05-21,397.9,410.5,394.01,408.34,398.0,10.34,2.598,19921.12,806074.846,1.6595,1.06,106.455,7.3106,4901940.3562
688608.SH,2025-05-22,410.73,422.87,408.34,416.3,408.34,7.96,1.9494,15216.13,632324.578,1.2675,0.91,108.5302,7.4531,4997496.6212
688608.SH,2025-05-23,410.71,411.09,369.02,379.0,416.3,-37.3,-8.9599,53221.61,2027283.166,4.4335,3.14,98.806,6.7853,4549726.6861
688608.SH,2025-05-26,377.0,383.88,370.15,383.2,379.0,4.2,1.1082,21716.32,818967.007,1.809,0.89,99.901,6.8605,4600145.8209
688608.SH,2025-05-27,383.69,393.44,381.3,381.9,383.2,-1.3,-0.3392,19723.01,762165.276,1.643,0.76,99.562,6.8372,4584539.8982
688608.SH,2025-05-28,382.05,393.56,382.05,390.86,381.9,8.96,2.3462,12985.57,503882.34,1.0817,0.5,101.8979,6.9976,4692100.7191
688608.SH,2025-05-29,390.85,396.0,386.01,392.98,390.86,2.12,0.5424,14143.84,551632.117,1.1782,0.58,102.4506,7.0356,4717550.3776
688608.SH,2025-05-30,392.98,398.5,387.33,391.66,392.98,-1.32,-0.3359,15506.11,610117.975,1.2917,0.64,102.1065,7.012,4701704.3638
688608.SH,2025-06-03,398.0,406.16,388.96,396.03,391.66,4.37,1.1158,26359.46,1050272.914,2.1958,1.57,103.2458,7.0902,4754164.2731
688608.SH,2025-06-04,395.22,396.78,370.7,376.6,396.03,-19.43,-4.9062,28495.33,1076076.589,2.3737,1.61,98.1803,6.7423,4520915.7519
688608.SH,2025-06-05,372.58,383.6,363.94,381.0,376.6,4.4,1.1683,26959.52,1012458.224,2.2458,1.38,99.3274,6.8211,4573735.7979
688608.SH,2025-06-06,379.7,395.65,376.8,387.55,381.0,6.55,1.7192,21996.66,850983.918,1.8324,0.99,101.035,6.9384,4652365.639
688608.SH,2025-06-09,388.35,398.68,385.05,391.85,387.55,4.3,1.1095,19276.2,754906.981,1.6057,0.81,102.156,7.0154,4703985.2294
688608.SH,2025-06-10,388.6,388.91,378.37,385.01,391.85,-6.84,-1.7456,24572.65,944893.302,2.0469,1.0,100.3728,6.8929,4621874.0671
688608.SH,2025-06-11,387.64,393.03,381.27,385.3,385.01,0.29,0.0753,20511.04,792642.4,1.7086,0.85,100.4484,6.8981,4625355.3883
688608.SH,2025-06-12,386.9,395.05,366.08,367.36,385.3,-17.94,-4.6561,49126.36,1848065.084,4.0923,2.17,95.7714,6.5769,4409993.6554
688608.SH,2025-06-13,364.89,387.15,364.0,378.0,367.36,10.64,2.8963,90486.67,3412843.629,7.5377,3.34,98.5453,6.7674,4537722.1302
688608.SH,2025-06-16,375.8,383.0,365.05,370.88,378.0,-7.12,-1.8836,28801.49,1070059.052,2.3992,0.71,96.6891,6.6399,4452249.6922
688608.SH,2025-06-17,371.1,382.0,368.31,374.17,370.88,3.29,0.8871,19498.6,727614.884,1.6243,0.46,97.5468,6.6988,4491744.6811
688608.SH,2025-06-18,369.9,375.89,366.63,374.0,374.17,-0.17,-0.0454,14515.82,538924.174,1.2092,0.35,97.5025,6.6958,4489703.9066
688608.SH,2025-06-19,373.69,389.88,372.48,381.6,374.0,7.6,2.0321,19512.89,745585.547,1.6255,0.48,99.4838,6.8319,4580938.5314
688608.SH,2025-06-20,380.0,381.41,366.1,368.78,381.6,-12.82,-3.3595,17369.65,644609.524,1.4469,0.5,96.1416,6.6023,4427040.1248
688608.SH,2025-06-23,364.0,370.22,344.0,348.63,368.78,-20.15,-5.464,34619.2,1222173.59,2.8838,1.74,90.8885,6.2416,4185148.3234
688608.SH,2025-06-24,346.07,352.67,346.07,351.13,348.63,2.5,0.7171,25402.36,888938.611,2.1161,1.2,91.5403,6.2864,4215159.7132
688608.SH,2025-06-25,355.0,360.98,348.85,359.27,351.13,8.14,2.3182,28915.58,1025552.567,2.4087,1.3,93.6624,6.4321,4312876.7982
688608.SH,2025-06-26,360.4,360.4,346.77,347.89,359.27,-11.38,-3.1675,24866.05,873055.802,2.0714,0.99,90.6956,6.2283,4176264.9521
688608.SH,2025-06-27,351.05,351.81,339.66,342.01,347.89,-5.88,-1.6902,29565.83,1019700.765,2.4629,1.13,89.1627,6.1231,4105678.1634
688608.SH,2025-06-30,344.0,347.98,340.0,347.98,342.01,5.97,1.7456,29094.96,1003351.728,2.4237,1.01,90.719,6.23,4177345.3621
688608.SH,2025-07-01,349.7,349.76,333.03,338.61,347.98,-9.37,-2.6927,28087.31,955763.945,2.3397,1.02,88.2763,6.0622,4064862.6733
688608.SH,2025-07-02,241.74,241.74,229.02,229.49,241.2,-11.71,-4.8549,52626.38,1221915.073,3.1337,1.87,83.6969,5.8736,3853994.7271
688608.SH,2025-07-03,230.86,230.86,225.63,228.1,229.49,-1.39,-0.6057,32406.46,736580.447,1.9297,0.99,83.1899,5.838,3830651.4325
688608.SH,2025-07-04,227.44,232.5,226.09,227.78,228.1,-0.32,-0.1403,34117.95,780994.05,2.0316,0.99,83.0732,5.8298,3825277.4366
688608.SH,2025-07-07,222.0,227.25,218.2,226.0,227.78,-1.78,-0.7815,32157.57,718543.08,1.9149,0.91,82.424,5.7843,3795384.5846
688608.SH,2025-07-08,227.6,232.96,227.01,230.07,226.0,4.07,1.8009,35993.15,830140.015,2.1432,1.0,83.9084,5.8884,3863735.0946
688608.SH,2025-07-09,229.28,231.41,227.85,228.6,230.07,-1.47,-0.6389,20835.0,477708.314,1.2406,0.56,83.3723,5.8508,3839048.3011
688608.SH,2025-07-10,228.68,233.5,227.05,229.19,228.6,0.59,0.2581,23628.42,542943.267,1.407,0.76,83.5875,5.8659,3848956.6059
688608.SH,2025-07-11,229.19,234.61,227.51,233.7,229.19,4.51,1.9678,34708.49,806510.311,2.0668,1.18,85.2323,5.9813,3924696.3603
688608.SH,2025-07-14,233.7,235.2,229.5,232.01,233.7,-1.69,-0.7231,25833.57,601836.978,1.5383,0.88,84.6159,5.9381,3896314.9446
688608.SH,2025-07-15,221.0,232.7,217.38,228.95,232.01,-3.06,-1.3189,50203.22,1138492.528,2.9894,1.78,83.4999,5.8598,3844926.109
688608.SH,2025-07-16,229.13,237.3,226.01,230.4,228.95,1.45,0.6333,39463.19,915618.618,2.3499,1.27,84.0287,5.8969,3869277.0278
688608.SH,2025-07-17,232.99,234.72,226.57,230.36,230.4,-0.04,-0.0174,32321.44,740899.017,1.9246,0.93,84.0142,5.8958,3868605.2784
688608.SH,2025-07-18,229.87,237.64,229.7,232.8,230.36,2.44,1.0592,31804.26,741132.619,1.8938,0.87,84.904,5.9583,3909581.9969
688608.SH,2025-07-21,233.73,243.98,231.4,239.78,232.8,6.98,2.9983,47575.21,1139462.833,2.8329,1.32,87.4497,6.1369,4026802.2818
688608.SH,2025-07-22,239.78,239.8,234.8,236.7,239.78,-3.08,-1.2845,32163.57,760529.226,1.9152,0.8,86.3264,6.0581,3975077.5716
688608.SH,2025-07-23,236.0,237.43,233.15,233.83,236.7,-2.87,-1.2125,26315.21,618323.563,1.567,0.72,85.2797,5.9847,3926879.5461
688608.SH,2025-07-24,235.74,237.36,233.3,234.61,233.83,0.78,0.3336,25005.32,586777.698,1.489,0.73,85.5642,6.0046,3939978.661
688608.SH,2025-07-25,235.99,255.55,234.21,253.1,234.61,18.49,7.8812,65138.28,1604861.108,3.8787,2.0,92.3076,6.4779,4250494.86
688608.SH,2025-07-28,253.14,257.0,246.8,248.65,253.1,-4.45,-1.7582,42194.56,1053240.789,2.5125,1.08,90.6847,6.364,4175762.7299
688608.SH,2025-07-29,247.6,255.38,243.0,250.43,248.65,1.78,0.7159,43501.8,1086869.928,2.5904,1.14,91.3339,6.4095,4205655.582
688608.SH,2025-07-30,249.96,254.88,244.0,246.61,250.43,-3.82,-1.5254,36124.4,900464.896,2.1511,0.89,89.9407,6.3117,4141503.5062
688608.SH,2025-07-31,245.83,249.49,240.04,240.29,246.61,-6.32,-2.5628,37226.52,907702.804,2.2167,0.88,87.6357,6.15,4035367.0878
688608.SH,2025-08-01,240.29,243.69,235.0,237.4,240.29,-2.89,-1.2027,28893.94,688378.195,1.7205,0.64,86.5817,6.076,3986833.1875
688608.SH,2025-08-04,235.0,237.18,232.7,235.6,237.4,-1.8,-0.7582,29448.51,690977.928,1.7535,0.78,86.1447,6.0454,3966708.2139
688608.SH,2025-08-05,236.11,236.77,231.51,231.53,235.6,-4.07,-1.7275,28684.21,667159.114,1.708,0.82,84.6565,5.9409,3898183.1611
688608.SH,2025-08-06,231.6,232.47,222.22,228.69,231.53,-2.84,-1.2266,52338.91,1188242.182,3.1086,1.63,83.6181,5.8415,3850367.1538
688608.SH,2025-08-07,228.7,230.0,224.0,224.51,228.69,-4.18,-1.8278,39160.24,885804.721,2.3259,1.11,82.0897,5.7347,3779990.0726
688608.SH,2025-08-08,224.02,224.02,218.28,219.97,224.51,-4.54,-2.0222,36098.53,796990.434,2.144,1.01,80.4297,5.6187,3703551.8073
688608.SH,2025-08-11,219.98,230.65,219.38,228.4,219.97,8.43,3.8323,44254.0,1004584.937,2.6284,1.19,83.512,5.834,3845484.5333
688608.SH,2025-08-12,227.0,233.58,224.53,231.79,228.4,3.39,1.4842,48077.33,1103227.438,2.8555,1.2,84.7516,5.9206,3902560.6829
688608.SH,2025-08-13,230.0,234.5,227.7,233.6,231.79,1.81,0.7809,47981.83,1111103.346,2.8498,1.09,85.4134,5.9669,3933034.9693
688608.SH,2025-08-14,233.59,241.09,230.55,232.02,233.6,-1.58,-0.6764,63389.15,1499823.71,3.765,1.47,84.8357,5.9265,3906433.106
688608.SH,2025-08-15,230.01,234.3,226.5,232.5,232.02,0.48,0.2069,42767.58,986833.899,2.5402,0.89,85.0112,5.9388,3914514.6848
688608.SH,2025-08-18,234.0,261.74,234.0,255.5,232.5,23.0,9.8925,95474.75,2389079.41,5.6707,1.94,93.4209,6.5263,4301756.9977
688608.SH,2025-08-19,255.0,267.7,254.0,259.99,255.5,4.49,1.7573,61108.72,1606223.907,3.6295,1.03,95.0626,6.6409,4377353.4318
688608.SH,2025-08-20,257.99,273.23,255.5,272.0,259.99,12.01,4.6194,64782.32,1731066.314,3.8477,1.04,99.4539,6.9477,4579561.2656
688608.SH,2025-08-21,273.0,276.68,264.46,267.0,272.0,-5.0,-1.8382,56199.03,1519629.402,3.3379,0.86,97.6257,6.82,4495378.1541
688608.SH,2025-08-22,267.0,277.13,266.1,275.0,267.0,8.0,2.9963,58014.5,1583136.792,3.4457,0.91,100.5508,7.0244,4630071.1325
688608.SH,2025-08-25,278.61,294.98,272.6,275.3,275.0,0.3,0.1091,76111.32,2149634.898,4.5206,1.13,100.6605,7.032,4635122.1192
688608.SH,2025-08-26,273.69,292.63,273.01,286.9,275.3,11.6,4.2136,63997.75,1815353.679,3.8011,1.01,104.902,7.3283,4830426.9379
688608.SH,2025-08-27,293.36,322.21,284.95,296.8,286.9,9.9,3.4507,91348.83,2769402.339,5.4256,1.43,108.5218,7.4373,4997109.4986
688608.SH,2025-08-28,296.9,310.48,291.8,306.86,296.8,10.06,3.3895,81888.63,2474376.634,4.8637,1.18,112.2001,7.6894,5166485.919
688608.SH,2025-08-29,302.0,302.0,278.82,282.97,306.86,-23.89,-7.7853,85710.84,2441742.331,5.0907,1.15,103.465,7.0908,4764259.0122
688608.SH,2025-09-01,287.31,287.85,274.63,280.99,282.97,-1.98,-0.6997,67448.58,1888465.654,4.0061,0.85,102.741,7.0412,4730922.5001
688608.SH,2025-09-02,280.01,280.31,261.95,263.97,280.99,-17.02,-6.0572,69315.09,1865012.196,4.1169,0.89,96.5178,6.6147,4444363.1885
688608.SH,2025-09-03,265.0,269.33,260.0,260.7,263.97,-3.27,-1.2388,41303.53,1090583.871,2.4532,0.52,95.3222,6.5327,4389307.4336
688608.SH,2025-09-04,261.0,262.9,239.7,243.3,260.7,-17.4,-6.6743,61121.94,1526835.779,3.6303,0.88,88.9601,6.0967,4096350.2056
688608.SH,2025-09-05,243.3,249.98,240.01,249.51,243.3,6.21,2.5524,41879.96,1027358.727,2.4874,0.64,91.2307,6.2523,4200905.6301
688608.SH,2025-09-08,250.5,255.87,246.62,251.18,249.51,1.67,0.6693,40322.42,1013194.938,2.3949,0.72,91.8413,6.2942,4229022.7893
688608.SH,2025-09-09,248.0,249.5,240.52,242.36,251.18,-8.82,-3.5114,34192.58,837524.576,2.0308,0.67,88.6164,6.0732,4080523.7806
688608.SH,2025-09-10,243.94,246.53,241.21,243.15,242.36,0.79,0.326,30350.17,740599.655,1.8026,0.69,88.9052,6.0929,4093824.7122
688608.SH,2025-09-11,241.51,261.33,241.31,259.88,243.15,16.73,6.8805,69674.01,1758566.118,4.1382,1.68,95.0224,6.5122,4375501.4033
688608.SH,2025-09-12,257.92,261.0,254.01,254.01,259.88,-5.87,-2.2587,56780.18,1463047.121,3.3724,1.31,92.8761,6.3651,4276670.4304
688608.SH,2025-09-15,258.99,261.47,253.2,258.63,254.01,4.62,1.8188,58947.1,1523026.23,3.5011,1.27,94.5653,6.4809,4354455.6254
688608.SH,2025-09-16,258.4,261.29,254.8,259.49,258.63,0.86,0.3325,45710.85,1179023.027,2.715,0.91,94.8798,6.5024,4368935.1206
688608.SH,2025-09-17,259.13,268.2,255.01,264.08,259.49,4.59,1.7689,51855.74,1367005.11,3.0799,0.99,96.5581,6.6174,4446215.217
688608.SH,2025-09-18,265.0,273.44,254.88,260.88,264.08,-3.2,-1.2118,80973.18,2156827.628,4.8093,1.43,95.388,6.5372,4392338.0256
688608.SH,2025-09-19,260.0,261.38,252.26,252.95,260.88,-7.93,-3.0397,49215.55,1262293.431,2.9231,0.84,92.4885,6.3385,4258823.6108
688608.SH,2025-09-22,258.48,275.0,258.48,271.4,252.95,18.45,7.2939,89350.76,2404841.818,5.3069,1.56,99.2345,6.8008,4569459.2922
688608.SH,2025-09-23,274.12,274.12,255.1,261.0,271.4,-10.4,-3.832,69685.3,1830399.413,4.1389,1.1,95.4319,6.5402,4394358.4203
688608.SH,2025-09-24,261.01,269.78,259.92,265.17,261.0,4.17,1.5977,59998.47,1591724.054,3.5636,0.88,96.9566,6.6447,4464567.1353
688608.SH,2025-09-25,266.99,279.79,265.7,277.1,265.17,11.93,4.499,70119.46,1917082.369,4.1647,1.0,101.3187,6.9437,4665428.0393
688608.SH,2025-09-26,276.13,283.37,273.58,274.97,277.1,-2.13,-0.7687,61721.85,1720536.319,3.6659,0.91,100.5399,6.8903,4629566.0338
688608.SH,2025-09-29,274.32,280.88,267.0,277.38,274.97,2.41,0.8765,48966.22,1339580.633,2.9083,0.7,101.4211,6.9507,4670142.2936
688608.SH,2025-09-30,276.0,298.0,274.45,297.5,277.38,20.12,7.2536,82234.55,2364537.868,4.8843,1.32,108.7777,7.4549,5008895.1343
688608.SH,2025-10-09,298.03,325.0,291.62,317.0,297.5,19.5,6.5546,86183.38,2658286.584,5.1188,1.33,115.9077,7.9435,5337209.2691
688608.SH,2025-10-10,308.95,308.95,284.0,285.37,317.0,-31.63,-9.9779,64900.84,1913048.597,3.8547,0.93,104.3425,7.1509,4804666.9058
688608.SH,2025-10-13,268.89,291.73,268.7,287.0,285.37,1.63,0.5712,53401.73,1513077.345,3.1718,0.78,104.9385,7.1918,4832110.6001
688608.SH,2025-10-14,294.7,298.35,268.85,273.82,287.0,-13.18,-4.5923,60079.73,1696502.97,3.5684,0.89,100.1194,6.8615,4610203.9182
688608.SH,2025-10-15,272.0,274.28,265.0,273.86,273.82,0.04,0.0146,35431.58,954807.753,2.1044,0.51,100.134,6.8625,4610877.3831
688608.SH,2025-10-16,269.8,272.8,262.11,264.3,273.86,-9.56,-3.4908,38036.03,1013920.711,2.2591,0.63,96.6385,6.6229,4449919.2739
688608.SH,2025-10-17,264.35,264.8,251.25,252.01,264.3,-12.29,-4.65,32239.22,827583.52,1.9148,0.64,92.1448,6.315,4242997.1858
688608.SH,2025-10-20,256.99,259.2,248.04,250.88,252.01,-1.13,-0.4484,30913.32,785136.033,1.8361,0.71,91.7316,6.2866,4223971.8026
688608.SH,2025-10-21,253.66,269.0,252.2,266.0,250.88,15.12,6.0268,46248.55,1217859.78,2.7469,1.18,97.2601,6.6655,4478541.5318
688608.SH,2025-10-22,263.05,270.95,259.22,264.52,266.0,-1.48,-0.5564,36360.44,966441.377,2.1596,0.99,96.9071,6.6413,4462286.6782
688608.SH,2025-10-23,264.55,264.55,256.69,261.7,264.52,-2.82,-1.0661,19532.28,507942.732,1.1601,0.53,95.874,6.5705,4414715.045
688608.SH,2025-10-24,266.0,281.76,264.78,280.54,261.7,18.84,7.1991,56009.27,1546338.511,3.3202,1.69,102.776,7.0282,4732534.0417
688608.SH,2025-10-27,283.6,288.0,267.45,272.48,280.54,-8.06,-2.873,59348.85,1621028.101,3.5181,1.57,99.8232,6.8262,4596566.8913
688608.SH,2025-10-28,268.0,269.9,261.17,262.08,272.48,-10.4,-3.8168,48199.14,1270267.003,2.8572,1.11,96.0132,6.5657,4421125.4069
688608.SH,2025-10-29,262.07,262.98,256.4,260.3,262.08,-1.78,-0.6792,35276.49,913111.169,2.0912,0.8,95.3611,6.5211,4391097.9221
688608.SH,2025-10-30,262.0,262.98,241.01,243.68,260.3,-16.62,-6.3849,79074.08,1966414.647,4.6874,1.81,89.2723,5.9255,4110728.9345
688608.SH,2025-10-31,243.13,250.8,238.66,246.0,243.68,2.32,0.9521,42329.49,1035720.862,2.5093,0.76,90.1223,5.982,4149865.881
688608.SH,2025-11-03,244.0,244.16,235.0,238.29,246.0,-7.71,-3.1341,34176.06,811349.822,2.0259,0.65,87.2977,5.7945,4019803.0113
688608.SH,2025-11-04,238.58,238.99,233.0,236.5,238.29,-1.79,-0.7512,31817.68,749139.883,1.8861,0.67,86.6419,5.7509,3989606.8328
688608.SH,2025-11-05,233.8,236.47,229.31,234.08,236.5,-2.42,-1.0233,26495.86,617059.468,1.5706,0.59,85.7554,5.6921,3948782.9489
688608.SH,2025-11-06,234.07,238.99,234.03,238.82,234.08,4.74,2.0249,37326.64,883336.177,2.2127,0.87,87.4919,5.8074,4028743.7793
688608.SH,2025-11-07,236.51,236.51,231.88,231.88,238.82,-6.94,-2.906,25043.02,585653.626,1.4845,0.73,84.9494,5.6386,3911670.3272
688608.SH,2025-11-10,232.01,234.44,222.5,225.19,231.88,-6.69,-2.8851,44680.32,1007159.651,2.6486,1.44,82.4985,5.4759,3798814.2185
688608.SH,2025-11-11,225.69,228.2,221.0,223.81,225.19,-1.38,-0.6128,25609.57,572979.015,1.5181,0.77,81.9929,5.4424,3775534.483
688608.SH,2025-11-12,222.0,226.26,222.0,222.6,223.81,-1.21,-0.5406,21866.97,489461.83,1.2963,0.69,81.5497,5.4129,3755122.5411
688608.SH,2025-11-13,222.62,225.38,222.21,223.7,222.6,1.1,0.4942,22551.44,504307.605,1.3368,0.73,81.9527,5.4397,3773678.852
688608.SH,2025-11-14,222.49,230.58,221.12,224.1,223.7,0.4,0.1788,28283.28,640221.83,1.6766,1.01,82.0992,5.4494,3780426.6014
688608.SH,2025-11-17,221.51,225.0,211.56,213.85,224.1,-10.25,-4.5739,49300.77,1066304.718,2.9225,1.72,78.3441,5.2002,3607515.523
688608.SH,2025-11-18,213.86,215.43,211.56,213.86,213.85,0.01,0.0047,33081.13,706258.631,1.961,1.12,78.3478,5.2004,3607684.2167
688608.SH,2025-11-19,212.74,217.97,207.33,207.67,213.86,-6.19,-2.8944,38490.95,812815.779,2.2817,1.24,76.08,5.0499,3503262.7947
688608.SH,2025-11-20,209.0,210.28,201.51,202.8,207.67,-4.87,-2.3451,38289.97,784286.691,2.2698,1.11,74.2959,4.9315,3421108.9458
688608.SH,2025-11-21,200.0,204.44,199.01,200.16,202.8,-2.64,-1.3018,34028.41,685868.174,2.0172,0.91,73.3288,4.8673,3376573.7998
688608.SH,2025-11-24,200.6,202.29,198.0,201.1,200.16,0.94,0.4696,29321.84,586480.6,1.7382,0.76,73.6731,4.8901,3392431.0109
688608.SH,2025-11-25,202.8,215.64,202.8,215.0,201.1,13.9,6.912,56990.76,1200536.542,3.3784,1.65,78.7654,5.2281,3626915.3025
688608.SH,2025-11-26,214.0,226.0,213.66,221.3,215.0,6.3,2.9302,56983.74,1262169.567,3.3779,1.45,81.0734,5.3813,3733192.3556
688608.SH,2025-11-27,221.91,228.6,220.01,220.1,221.3,-1.2,-0.5423,49869.56,1116244.156,2.9562,1.16,80.6338,5.3521,3712949.1074
688608.SH,2025-11-28,224.85,230.98,222.02,228.47,220.1,8.37,3.8028,57000.06,1294292.152,3.3789,1.25,83.7001,5.5557,3854145.7635
688608.SH,2025-12-01,230.4,246.11,224.41,238.08,228.47,9.61,4.2062,89083.75,2095489.139,5.2808,1.78,87.2208,5.7894,4016260.4429
688608.SH,2025-12-02,238.0,242.79,233.69,237.93,238.08,-0.15,-0.063,61436.27,1456326.304,3.6419,0.99,87.1658,5.7857,4013730.0369
688608.SH,2025-12-03,236.01,239.45,228.0,228.58,237.93,-9.35,-3.9297,49896.27,1159469.853,2.9578,0.79,83.7404,5.5584,3856001.3946
688608.SH,2025-12-04,228.68,233.0,224.13,230.46,228.58,1.88,0.8225,37361.31,854253.228,2.2147,0.61,84.4292,5.6041,3887715.8168
688608.SH,2025-12-05,230.11,230.11,222.12,228.66,230.46,-1.8,-0.781,33286.6,750841.164,1.9732,0.56,83.7698,5.5603,3857350.9445
688608.SH,2025-12-08,229.0,230.47,226.56,228.04,228.66,-0.62,-0.2711,40070.9,913779.0,2.3754,0.74,83.5426,5.5452,3846891.9329
688608.SH,2025-12-09,227.3,230.25,224.5,224.6,228.04,-3.44,-1.5085,32559.07,737632.933,1.9301,0.73,82.2824,5.4616,3788861.2881
688608.SH,2025-12-10,223.1,226.9,222.0,226.77,224.6,2.17,0.9662,26122.86,584797.269,1.5485,0.68,83.0773,5.5143,3825467.8286
688608.SH,2025-12-11,228.01,230.87,223.08,223.08,226.77,-3.69,-1.6272,35093.38,793044.246,2.0803,1.04,81.7255,5.4246,3763219.8404
688608.SH,2025-12-12,222.81,229.89,219.0,228.63,223.08,5.55,2.4879,47425.2,1072377.183,2.8113,1.42,83.7588,5.5596,3856844.8633
688608.SH,2025-12-15,224.0,225.04,219.52,219.52,228.63,-9.11,-3.9846,32601.49,721886.011,1.9326,0.9,80.4213,5.338,3703164.8707
688608.SH,2025-12-16,219.51,220.66,213.1,214.01,219.52,-5.51,-2.51,25296.53,544602.685,1.4996,0.73,78.4027,5.2041,3610214.6227
688608.SH,2025-12-17,213.61,218.79,211.18,218.73,214.01,4.72,2.2055,30208.14,648184.756,1.7907,0.91,80.1319,5.3188,3689838.0657
688608.SH,2025-12-18,215.3,215.95,210.49,210.49,218.73,-8.24,-3.7672,32265.54,685611.948,1.9127,0.95,77.1132,5.1185,3550834.428
688608.SH,2025-12-19,211.74,214.38,211.11,211.5,210.49,1.01,0.4798,20229.34,429905.792,1.1992,0.6,77.4832,5.143,3567872.4953
688608.SH,2025-12-22,211.5,217.26,211.5,214.47,211.5,2.97,1.4043,23603.71,506988.846,1.3992,0.84,78.5712,5.2152,3617974.5345
688608.SH,2025-12-23,214.47,215.88,212.5,212.53,214.47,-1.94,-0.9046,21309.54,455310.199,1.2632,0.81,77.8605,5.1681,3585247.95
688608.SH,2025-12-24,212.53,228.1,212.0,226.62,212.53,14.09,6.6297,52754.24,1166125.002,3.1272,2.07,83.0224,5.5107,3822937.4226
688608.SH,2025-12-25,226.17,228.94,223.7,225.56,226.62,-1.06,-0.4677,37803.6,853799.681,2.241,1.26,82.6341,5.4849,3805055.8867
688608.SH,2025-12-26,224.25,227.16,222.5,223.26,225.56,-2.3,-1.0197,23288.58,522915.881,1.3805,0.75,81.7915,5.429,3766256.3276
688608.SH,2025-12-29,223.28,229.64,223.0,224.24,223.26,0.98,0.439,31879.82,721720.563,1.8898,1.0,82.1505,5.4528,3782788.3136
688608.SH,2025-12-30,222.61,231.54,222.61,231.0,224.24,6.76,3.0146,44636.46,1018803.027,2.646,1.34,84.627,5.6172,3896825.2785
688608.SH,2025-12-31,236.0,237.58,226.03,226.94,231.0,-4.06,-1.7576,39259.25,901475.465,2.3273,1.03,83.1396,5.5185,3828335.6221
688608.SH,2026-01-05,229.0,241.66,229.0,239.12,226.94,12.18,5.3671,54506.49,1295372.607,3.2311,1.54,87.6018,5.8147,4033804.5913
688608.SH,2026-01-06,242.51,244.9,237.0,242.54,239.12,3.42,1.4302,48362.12,1167042.264,2.8669,1.25,88.8547,5.8978,4091497.8487
688608.SH,2026-01-07,242.54,242.54,231.01,234.0,242.54,-8.54,-3.5211,61799.71,1455205.5,3.6634,1.41,85.7261,5.6902,3947433.399
688608.SH,2026-01-08,231.66,240.5,231.01,235.21,234.0,1.21,0.5171,47345.07,1120061.04,2.8066,0.95,86.1693,5.7196,3967845.3409
688608.SH,2026-01-09,231.36,237.99,228.01,235.46,235.21,0.25,0.1063,48794.77,1142001.835,2.8925,0.97,86.2609,5.7257,3972062.6843
688608.SH,2026-01-12,233.0,257.19,233.0,255.5,235.46,20.04,8.511,94494.98,2346321.357,5.6016,1.81,93.6026,6.213,4310124.9293
688608.SH,2026-01-13,247.8,247.8,230.23,230.8,255.5,-24.7,-9.6673,92948.83,2210568.768,5.5099,1.55,84.5537,5.6123,3893451.4038
688608.SH,2026-01-14,231.5,252.65,230.0,245.08,230.8,14.28,6.1872,109833.72,2671139.983,6.5108,1.59,89.7852,5.9596,4134346.0574
688608.SH,2026-01-15,246.01,254.96,242.16,250.0,245.08,4.92,2.0075,78073.69,1937228.513,4.6281,0.99,91.5877,6.0792,4217343.375
688608.SH,2026-01-16,250.39,252.94,243.8,244.82,250.0,-5.18,-2.072,63495.35,1566839.379,3.7639,0.75,89.69,5.9533,4129960.0203
688608.SH,2026-01-19,244.1,244.82,235.85,235.96,244.82,-8.86,-3.619,45524.21,1085369.856,2.6986,0.52,86.4441,5.7378,3980497.3711
688608.SH,2026-01-20,235.77,240.83,230.53,231.21,235.96,-4.75,-2.0131,43038.19,1008247.093,2.5513,0.55,84.7039,5.6223,3900367.8469
688608.SH,2026-01-21,230.21,250.83,229.3,247.26,231.21,16.05,6.9417,88599.57,2163209.527,5.2521,1.3,90.5839,6.0126,4171121.2916
688608.SH,2026-01-22,247.84,251.33,237.09,240.3,247.26,-6.96,-2.8149,53838.23,1299258.345,3.1915,0.84,88.0341,5.8433,4053710.4521
688608.SH,2026-01-23,241.0,246.18,238.8,246.18,240.3,5.88,2.4469,51112.44,1243157.82,3.0299,0.87,90.1882,5.9863,4152902.3682
688608.SH,2026-01-26,243.0,245.6,232.55,233.73,246.18,-12.45,-5.0573,51193.76,1208055.411,3.0347,0.91,85.6271,5.6836,3942878.6682
688608.SH,2026-01-27,232.56,244.8,228.22,241.37,233.73,7.64,3.2687,58416.95,1388069.665,3.4629,1.01,88.4261,5.8694,4071760.6817
688608.SH,2026-01-28,239.0,246.36,237.5,239.08,241.37,-2.29,-0.9488,44305.37,1069676.045,2.6264,0.73,87.5871,5.8137,4033129.8164
688608.SH,2026-01-29,236.53,239.8,228.72,229.0,239.08,-10.08,-4.2162,43075.07,1003668.321,2.5534,0.83,83.8943,5.5686,3863086.5315
688608.SH,2026-01-30,230.88,230.88,218.0,220.5,229.0,-8.5,-3.7118,47335.77,1051087.379,2.806,0.95,80.7803,5.3619,3719696.8568
688608.SH,2026-02-02,219.97,220.0,207.15,207.9,220.5,-12.6,-5.7143,48746.26,1034847.83,2.8896,1.0,76.1643,5.0555,3507142.7507
688608.SH,2026-02-03,211.28,212.23,203.0,210.69,207.9,2.79,1.342,39018.85,811219.066,2.313,0.81,77.1864,5.1233,3554208.3027
688608.SH,2026-02-04,208.23,208.95,204.15,207.97,210.69,-2.72,-1.291,22331.67,461155.688,1.3238,0.5,76.19,5.0572,3508323.6068
688608.SH,2026-02-05,205.94,210.0,205.11,208.99,207.97,1.02,0.4905,22585.12,470682.147,1.3388,0.56,76.5636,5.082,3525530.3678
688608.SH,2026-02-06,207.22,212.74,204.54,209.84,208.99,0.85,0.4067,23335.98,489923.987,1.3833,0.65,76.875,5.1027,3539869.3352
688608.SH,2026-02-09,213.0,214.9,209.79,211.57,209.84,1.73,0.8244,22969.74,487400.725,1.3616,0.74,77.5088,5.1447,3569053.3514
688608.SH,2026-02-10,211.97,212.79,208.66,208.66,211.57,-2.91,-1.3754,21976.28,462191.087,1.3027,0.84,76.4427,5.074,3519963.4745
688608.SH,2026-02-11,209.5,209.74,207.42,207.89,208.66,-0.77,-0.369,16107.03,335955.525,0.9548,0.71,76.1606,5.0552,3506974.0569
688608.SH,2026-02-12,207.89,212.18,207.51,212.0,207.89,4.11,1.977,25436.77,534321.745,1.5079,1.19,77.6663,5.1552,3576307.182
688608.SH,2026-02-13,209.6,212.7,208.8,209.01,212.0,-2.99,-1.4104,24296.87,510322.93,1.4403,1.11,76.571,5.0825,3525867.7552
688608.SH,2026-02-24,211.0,213.48,206.21,209.31,209.01,0.3,0.1435,23883.9,501352.318,1.4158,1.08,76.6809,5.0898,3530928.5673
688608.SH,2026-02-25,209.01,210.45,207.01,208.62,209.31,-0.69,-0.3297,23978.1,499757.204,1.4214,1.07,76.4281,5.073,3519288.6996
688608.SH,2026-02-26,202.58,210.0,202.28,208.68,208.62,0.06,0.0288,32290.94,666280.243,1.9142,1.42,76.4501,4.9952,3520300.862
688608.SH,2026-02-27,207.56,209.58,201.78,206.85,208.68,-1.83,-0.8769,35166.57,721507.729,2.0846,1.35,75.7796,4.9514,3489429.9085
688608.SH,2026-03-02,202.78,204.79,198.18,199.9,206.85,-6.95,-3.3599,37715.91,755891.776,2.2358,1.35,73.2335,4.7851,3372187.7627
688608.SH,2026-03-03,201.14,202.49,188.32,188.78,199.9,-11.12,-5.5628,40544.85,784898.911,2.4035,1.32,69.1597,4.5189,3184600.3293
688608.SH,2026-03-04,187.0,190.67,183.9,185.0,188.78,-3.78,-2.0023,27611.04,515938.192,1.6368,0.81,67.7749,4.4284,3120834.0975
688608.SH,2026-03-05,188.6,189.43,184.5,185.81,185.0,0.81,0.4378,25678.55,480311.842,1.5222,0.74,68.0716,4.4478,3134498.29
688608.SH,2026-03-06,184.62,189.81,184.0,189.1,185.81,3.29,1.7706,22773.69,427440.878,1.35,0.68,69.2769,4.5265,3189998.5289
688608.SH,2026-03-09,185.41,185.83,179.54,184.94,189.1,-4.16,-2.1999,30252.87,550736.55,1.7934,0.98,67.7529,4.427,3119821.9351
688608.SH,2026-03-10,187.0,190.5,186.4,189.41,184.94,4.47,2.417,21036.14,396629.989,1.247,0.72,69.3905,4.534,3195228.0346
688608.SH,2026-03-11,189.0,189.89,185.9,186.0,189.41,-3.41,-1.8003,25263.7,474032.116,1.4976,0.99,68.1412,4.4523,3137703.471
688608.SH,2026-03-12,186.0,188.76,181.71,182.02,186.0,-3.98,-2.1398,23352.02,430303.812,1.3843,0.93,66.6832,4.3571,3070563.3645
688608.SH,2026-03-13,180.5,182.78,177.01,178.29,182.02,-3.73,-2.0492,29252.01,525076.83,1.734,1.19,65.3167,4.2678,3007640.6013
688608.SH,2026-03-16,177.0,179.92,173.78,179.64,178.29,1.35,0.7572,23695.0,419046.814,1.4046,0.92,65.8112,4.3001,3030414.2555
688608.SH,2026-03-17,179.81,180.8,174.96,175.0,179.64,-4.64,-2.5829,19311.5,343356.296,1.1448,0.79,64.1114,4.189,2952140.3625
688608.SH,2026-03-18,175.7,176.23,171.78,175.5,175.0,0.5,0.2857,24960.43,433947.925,1.4796,1.03,64.2945,4.201,2960575.0493
688608.SH,2026-03-19,170.01,175.01,170.01,171.52,175.5,-3.98,-2.2678,22187.44,383471.976,1.3152,0.92,62.8365,4.1057,2893434.9427
688608.SH,2026-03-20,172.69,173.5,168.0,168.0,171.52,-3.52,-2.0522,26367.88,449597.704,1.5631,1.1,61.5469,4.0215,2834054.748
688608.SH,2026-03-23,166.02,167.85,157.09,157.94,168.0,-10.06,-5.9881,32498.56,524402.748,1.9265,1.39,57.8614,3.7806,2664348.8506
688608.SH,2026-03-24,162.0,162.6,157.5,162.06,157.94,4.12,2.6086,23481.17,375481.012,1.3919,0.94,59.3708,3.8793,2733850.6694
688608.SH,2026-03-25,162.96,165.3,161.3,162.26,162.06,0.2,0.1234,33128.5,539409.612,1.9638,1.28,59.4441,3.8841,2737224.5441
688608.SH,2026-03-26,162.38,162.75,156.36,157.43,162.26,-4.83,-2.9767,25292.27,401863.959,1.4993,0.92,57.6746,3.7684,2655745.4701
688608.SH,2026-03-27,157.43,172.9,156.57,168.52,157.43,11.09,7.0444,58778.95,982658.009,3.4844,2.09,47.8591,4.0309,2842826.8222
688608.SH,2026-03-30,165.01,169.35,163.1,167.75,168.52,-0.77,-0.4569,30704.66,510207.169,1.8201,0.89,47.6405,4.0125,2829837.4046
688608.SH,2026-03-31,167.79,180.69,167.79,175.69,167.75,7.94,4.7332,57056.49,1007655.051,3.3823,1.66,49.8954,4.2024,2963780.2302
688608.SH,2026-04-01,179.8,179.86,172.38,174.09,175.69,-1.6,-0.9107,46480.17,813772.117,2.7553,1.13,49.441,4.1641,2936789.2326
688608.SH,2026-04-02,172.63,175.0,164.6,166.32,174.09,-7.77,-4.4632,34910.41,586439.443,2.0695,0.8,47.2343,3.9783,2805714.2005
688608.SH,2026-04-03,167.75,167.75,161.85,161.9,166.32,-4.42,-2.6575,25456.65,416194.249,1.509,0.56,45.9791,3.8726,2731151.5697
688608.SH,2026-04-07,163.0,164.95,161.19,161.8,161.9,-0.1,-0.0618,20918.27,341072.048,1.24,0.54,45.9507,3.8702,2729464.6323
688608.SH,2026-04-08,165.65,171.5,165.65,171.46,161.8,9.66,5.9703,42402.99,715956.879,2.5136,1.15,48.6941,4.1012,2892422.7803
688608.SH,2026-04-09,168.04,168.98,165.5,166.01,171.46,-5.45,-3.1786,34652.21,578556.135,2.0541,1.02,47.1463,3.9709,2800484.6947
688608.SH,2026-04-10,172.02,177.5,167.6,167.99,166.01,1.98,1.1927,52075.34,897036.899,3.087,1.64,47.7086,4.0182,2833886.0543
688608.SH,2026-04-13,165.99,172.26,165.5,168.75,167.99,0.76,0.4524,34635.8,585645.93,2.0532,0.99,47.9245,4.0364,2846706.7781
688608.SH,2026-04-14,170.82,171.9,168.13,170.08,168.75,1.33,0.7881,34127.2,579714.747,2.023,0.92,48.3022,4.0682,2869143.0449
688608.SH,2026-04-15,171.74,174.24,167.81,168.08,170.08,-2.0,-1.1759,45290.89,773808.257,2.6848,1.14,47.7342,4.0204,2835404.2979
688608.SH,2026-04-16,168.33,169.98,166.5,169.31,168.08,1.23,0.7318,43808.2,737643.976,2.5969,1.09,48.0835,4.0498,2856153.6273
688608.SH,2026-04-17,168.0,168.89,165.82,167.1,169.31,-2.21,-1.3053,38461.09,642669.668,2.2799,0.92,47.4559,3.9969,2818872.3119
688608.SH,2026-04-20,167.15,174.0,166.27,172.17,167.1,5.07,3.0341,60155.44,1025797.828,3.566,1.53,48.8957,4.1182,2904400.0355
688608.SH,2026-04-21,171.16,171.17,165.22,168.35,172.17,-3.82,-2.2187,51670.13,864141.472,3.063,1.16,47.8109,4.0268,2839959.0287
688608.SH,2026-04-22,167.0,172.55,166.48,172.0,168.35,3.65,2.1681,48446.82,827950.475,2.8719,1.01,48.8474,4.1141,2901532.242
688608.SH,2026-04-23,171.13,172.79,168.06,169.5,172.0,-2.5,-1.4535,44721.57,760940.896,2.6511,0.92,48.1375,4.0544,2859358.8083
688608.SH,2026-04-24,168.76,170.8,165.63,167.26,169.5,-2.24,-1.3215,47340.16,795711.108,2.8063,0.97,47.5013,4.0008,2821571.4116
688608.SH,2026-04-27,167.0,178.9,164.04,177.87,167.26,10.61,6.3434,89982.4,1560401.586,5.3341,1.78,50.5145,4.2546,3000555.4644
688608.SH,2026-04-28,177.0,177.96,170.8,171.68,177.87,-6.19,-3.4801,57613.95,997805.357,3.4153,1.02,48.7566,4.1065,2896134.0425
688608.SH,2026-04-29,169.0,174.27,166.1,173.25,171.68,1.57,0.9145,56505.8,966267.65,3.3496,0.98,49.2024,4.144,2922618.9589
688608.SH,2026-04-30,167.0,172.19,165.5,169.63,173.25,-3.62,-2.0895,78237.29,1319476.323,4.6378,1.32,48.1744,4.0021,2861551.8268
688608.SH,2026-05-06,172.13,179.58,172.0,173.44,169.63,3.81,2.2461,83142.03,1461778.309,4.9286,1.26,49.2564,4.092,2925824.1398
688608.SH,2026-05-07,175.44,179.54,172.58,179.1,173.44,5.66,3.2634,67659.46,1198441.001,4.0108,0.93,50.8638,4.2255,3021304.7939
688608.SH,2026-05-08,176.35,179.75,175.38,178.96,179.1,-0.14,-0.0782,45952.83,816868.134,2.724,0.67,50.8241,4.2222,3018943.0816
688608.SH,2026-05-11,179.98,184.99,178.8,182.7,178.96,3.74,2.0899,70186.77,1278661.227,4.1606,1.06,51.8862,4.3104,3082034.5385
688608.SH,2026-05-12,182.65,182.65,176.6,177.96,182.7,-4.74,-2.5944,53328.79,954166.52,3.1613,0.77,50.5401,4.1986,3002073.7081
688608.SH,2026-05-13,176.0,192.83,173.75,189.01,177.96,11.05,6.2093,97818.28,1800762.751,5.7986,1.53,53.6782,4.4593,3188480.2852
688608.SH,2026-05-14,189.0,192.34,185.2,187.58,189.01,-1.43,-0.7566,80637.03,1530380.041,4.7801,1.2,53.2721,4.4256,3164357.0811
688608.SH,2026-05-15,188.0,193.75,183.88,186.1,187.58,-1.48,-0.789,78796.52,1482303.665,4.671,1.13,52.8518,4.3907,3139390.4084
688608.SH,2026-05-18,183.11,197.7,181.0,193.98,186.1,7.88,4.2343,85231.61,1609944.334,5.0524,1.12,55.0897,4.5766,3272321.0715
688608.SH,2026-05-19,192.06,203.3,190.25,202.11,193.98,8.13,4.1912,95230.7,1890123.671,5.6452,1.2,57.3986,4.7684,3409469.0781
688608.SH,2026-05-20,201.0,205.5,196.5,197.8,202.11,-4.31,-2.1325,77918.15,1555136.973,4.6189,0.89,56.1746,4.6667,3336762.0783
688608.SH,2026-05-21,200.0,201.55,183.15,183.5,197.8,-14.3,-7.2295,89923.78,1739616.209,5.3306,1.08,52.1134,4.3293,3095530.0373
688608.SH,2026-05-22,185.0,188.97,183.0,184.97,183.5,1.47,0.8011,54727.64,1015349.461,3.2442,0.64,52.5309,4.364,3120328.0163
688608.SH,2026-05-25,184.97,188.98,180.12,186.78,184.97,1.81,0.9785,63714.49,1170759.623,3.7769,0.79,53.0449,4.4067,3150861.5823
688608.SH,2026-05-26,185.52,185.76,176.0,180.03,186.78,-6.75,-3.6139,61790.69,1113949.855,3.6629,0.81,51.1279,4.2474,3036993.3112
688608.SH,2026-05-27,180.15,191.21,179.01,182.93,180.03,2.9,1.6108,68212.45,1265931.235,4.0436,0.98,51.9515,4.3159,3085914.4944
688608.SH,2026-05-28,181.0,184.88,177.09,182.26,182.93,-0.67,-0.3663,49636.17,898511.169,2.9424,0.73,51.7612,4.3001,3074612.0141
688608.SH,2026-05-29,182.41,182.42,166.71,166.71,182.26,-15.55,-8.5318,72196.71,1250410.314,4.2798,1.21,47.3451,3.9332,2812293.2562
688608.SH,2026-06-01,168.0,168.49,161.78,161.79,166.71,-4.92,-2.9512,44214.11,728663.662,2.621,0.7,45.9478,3.8171,2729295.9386
688608.SH,2026-06-02,161.7,165.61,157.11,162.92,161.79,1.13,0.6984,37452.06,603067.507,2.2201,0.63,46.2688,3.8438,2748358.3306
688608.SH,2026-06-03,161.0,165.22,160.68,162.38,162.92,-0.54,-0.3315,38505.8,628104.739,2.2826,0.71,46.1154,3.831,2739248.8689
688608.SH,2026-06-04,160.01,163.54,157.8,159.67,162.38,-2.71,-1.6689,30318.35,485983.166,1.7972,0.63,45.3458,3.7671,2693532.8667
688608.SH,2026-06-05,158.66,162.91,154.04,162.28,159.67,2.61,1.6346,44526.45,707291.609,2.6395,1.0,46.087,3.8287,2737561.9316
688608.SH,2026-06-08,158.86,158.86,151.48,151.48,162.28,-10.8,-6.6552,45519.32,705937.748,2.6983,1.17,43.0198,3.5739,2555372.6978
688608.SH,2026-06-09,153.52,156.8,151.0,156.35,151.48,4.87,3.2149,33643.47,518599.085,1.9944,0.86,44.4029,3.6888,2637526.5467
688608.SH,2026-06-10,154.22,155.8,147.38,148.09,156.35,-8.26,-5.283,35691.37,538246.538,2.1157,0.93,42.0571,3.4939,2498185.5216
688608.SH,2026-06-11,147.98,152.51,142.58,145.14,148.09,-2.95,-1.992,32278.19,473086.343,1.9134,0.85,41.344,3.4347,2455831.486
688608.SH,2026-06-12,148.94,151.8,143.92,146.5,145.14,1.36,0.937,37318.9,549495.244,2.2056,0.97,41.6055,3.4564,2471362.705
688608.SH,2026-06-15,145.12,150.49,144.8,150.45,146.5,3.95,2.6962,36008.67,533530.056,2.1281,0.98,42.7273,3.5496,2537996.7165
688608.SH,2026-06-16,149.7,156.68,149.13,155.51,150.45,5.06,3.3632,42081.02,647697.219,2.487,1.2,44.298,3.6801,2631296.0693
688608.SH,2026-06-17,153.73,157.6,153.72,156.48,155.51,0.97,0.6238,28203.29,439927.805,1.6668,0.77,44.5743,3.703,2647708.8864
688608.SH,2026-06-18,156.32,161.1,155.51,159.3,156.48,2.82,1.8021,33762.39,537653.827,1.9954,0.96,45.3776,3.7697,2695424.499
688608.SH,2026-06-22,161.96,161.96,151.88,155.9,159.3,-3.4,-2.1343,47963.19,747553.805,2.8346,1.35,44.4091,3.6893,2637895.037
688608.SH,2026-06-23,154.52,159.28,153.28,155.9,155.9,0.0,0.0,34693.06,542174.691,2.0504,0.92,44.4091,3.6893,2637895.037
688608.SH,2026-06-24,156.0,158.48,152.85,157.32,155.9,1.42,0.9108,35691.45,557991.245,2.1094,0.96,44.8136,3.7229,2661922.0476
688608.SH,2026-06-25,156.0,166.78,153.55,164.96,157.32,7.64,4.8563,58249.39,928981.138,3.4425,1.62,46.9899,3.9037,2791194.1328
688608.SH,2026-06-26,162.01,163.6,155.0,158.01,164.96,-6.95,-4.2131,47989.54,762543.083,2.8362,1.14,45.0101,3.7392,2673597.1443
688608.SH,2026-06-29,157.97,162.83,153.0,158.7,158.01,0.69,0.4367,43201.49,679586.996,2.5532,0.96,45.2067,3.7555,2685272.241
688608.SH,2026-06-30,156.6,167.6,156.51,167.19,158.7,8.49,5.3497,51689.07,852943.179,3.0548,1.18,47.6251,3.9565,2828926.6917
688608.SH,2026-07-01,118.3,123.67,115.36,116.7,118.42,-1.72,-1.4525,69819.89,834022.901,2.9474,1.47,46.5398,3.8663,2764459.62
688608.SH,2026-07-02,114.37,118.82,112.01,113.41,116.7,-3.29,-2.8192,62303.99,720694.755,2.6301,1.15,45.2278,3.7573,2686524.126
688608.SH,2026-07-03,113.16,116.86,111.18,113.97,113.41,0.56,0.4938,50316.42,575127.026,2.1241,0.91,45.4511,3.7758,2699789.742
688608.SH,2026-07-06,114.0,114.84,107.75,110.6,113.97,-3.37,-2.9569,53455.66,591941.852,2.2566,0.96,44.1071,3.6642,2619959.16
688608.SH,2026-07-07,110.53,118.0,108.78,115.96,110.6,5.36,4.8463,69741.58,809400.781,2.9441,1.21,46.2447,3.8418,2746930.056
688608.SH,2026-07-08,116.98,118.43,113.5,115.07,115.96,-0.89,-0.7675,52286.13,605196.35,2.2072,0.86,45.8898,3.8123,2725847.202
688608.SH,2026-07-09,114.08,117.5,112.0,117.15,115.07,2.08,1.8076,57551.42,659473.234,2.4295,1.0,46.7193,3.8812,2775119.49
688608.SH,2026-07-10,116.0,124.66,115.84,118.2,117.15,1.05,0.8963,80046.14,967296.019,3.3791,1.41,47.138,3.916,2799992.52
688608.SH,2026-07-13,117.18,136.61,117.03,128.04,118.2,9.84,8.3249,177983.66,2314567.441,7.5135,2.84,51.0622,4.242,3033088.344
688608.SH,2026-07-14,127.29,128.0,116.28,120.3,128.04,-7.74,-6.045,106761.88,1286934.285,4.5069,1.22,47.9755,3.9856,2849738.58
688608.SH,2026-07-15,120.1,122.98,114.8,121.49,120.3,1.19,0.9892,84986.53,1014323.53,3.5877,0.9,48.4501,4.025,2877928.014
688608.SH,2026-07-16,124.0,131.24,122.6,125.33,121.49,3.84,3.1608,114308.62,1447473.184,4.8255,1.13,49.9815,4.1522,2968892.238
688608.SH,2026-07-17,122.58,127.69,112.58,112.8,125.33,-12.53,-9.9976,101602.04,1225792.265,4.2891,0.9,44.9845,3.7371,2672074.08
688608.SH,2026-07-20,113.0,121.28,110.0,120.55,112.8,7.75,6.8706,99657.53,1162993.175,4.207,0.85,48.0752,3.9938,2855660.73
688608.SH,2026-07-21,119.0,127.88,118.94,127.05,120.55,6.5,5.392,106231.65,1316754.873,4.4845,1.05,50.6674,4.2092,3009636.63
688608.SH,2026-07-22,124.55,135.5,122.0,132.0,127.05,4.95,3.8961,121020.02,1568345.804,5.1088,1.19,52.6414,4.3732,3126895.2
688608.SH,2026-07-23,129.99,131.69,124.0,125.56,132.0,-6.44,-4.8788,76443.41,967912.69,3.227,0.7,50.0732,4.1598,2974340.616
688608.SH,2026-07-24,123.12,128.36,122.5,123.28,125.56,-2.28,-1.8159,57882.34,730898.858,2.4435,0.57,49.1639,4.0843,2920330.608
688608.SH,2026-07-27,121.0,124.55,115.58,124.54,123.28,1.26,1.0221,53183.56,645321.207,2.2451,0.58,49.6664,4.126,2950178.244
688608.SH,2026-07-28,123.0,125.4,120.5,121.4,124.54,-3.14,-2.5213,50334.97,617448.797,2.1249,0.61,48.4142,4.022,2875796.04
688608.SH,2026-07-29,121.0,129.98,121.0,127.14,121.4,5.74,4.7282,87833.2,1115884.698,3.7078,1.22,50.7033,4.2122,3011768.604
688608.SH,2026-07-30,125.68,128.5,121.05,121.06,127.14,-6.08,-4.7821,69708.61,855527.193,2.9427,1.07,48.2786,4.0107,2867741.916
688608.SH,2026-07-31,124.99,127.78,122.2,123.87,121.06,2.81,2.3212,70311.45,876527.649,2.9682,1.1,49.3992,4.1038,2934306.882
688608.SH,2026-08-03,121.01,126.6,119.23,119.3,123.87,-4.57,-3.6894,57296.13,698815.006,2.4187,0.86,47.5767,3.9524,2826049.98
688608.SH,2026-08-04,118.02,119.3,113.76,115.03,119.3,-4.27,-3.5792,72343.84,837127.462,3.054,1.08,45.8738,3.811,2724899.658
688608.SH,2026-08-05,113.78,117.43,113.5,116.17,115.03,1.14,0.991,68062.8,787831.681,2.8732,0.95,46.3285,3.8487,2751904.662
688608.SH,2026-08-06,113.5,116.1,112.69,113.98,116.17,-2.19,-1.8852,58178.54,664600.551,2.456,0.86,45.4551,3.7762,2700026.628
688608.SH,2026-08-07,113.18,114.13,109.5,112.31,113.98,-1.67,-1.4652,74291.72,828306.435,3.1362,1.14,44.7891,3.7208,2660466.666
688608.SH,2026-08-10,111.46,112.27,108.37,110.35,112.31,-1.96,-1.7452,52046.1,571957.105,2.1971,0.79,44.0074,3.6559,2614037.01
688608.SH,2026-08-11,110.4,117.27,109.0,114.64,110.35,4.29,3.8876,74114.08,845108.802,3.1287,1.14,45.7183,3.798,2715661.104
688608.SH,2026-08-12,114.49,115.15,112.3,112.65,114.64,-1.99,-1.7359,40733.9,459516.26,1.7196,0.62,44.9247,3.7321,2668520.79
688608.SH,2026-08-13,113.3,114.0,109.8,110.0,112.65,-2.65,-2.3524,49894.14,557077.903,2.1063,0.83,43.8679,3.6443,2605746.0
688608.SH,2026-08-14,110.66,110.94,108.1,108.62,110.0,-1.38,-1.2545,34255.61,373717.876,1.4461,0.59,43.3175,3.5986,2573055.732
688608.SH,2026-08-17,108.95,110.5,107.71,110.44,108.62,1.82,1.6756,33176.51,362491.467,1.4005,0.66,44.0433,3.6589,2616168.984
688608.SH,2026-08-18,110.98,110.98,106.4,107.96,110.44,-2.48,-2.2456,41538.37,448925.652,1.7535,0.89,43.0543,3.5767,2557421.256
688608.SH,2026-08-19,107.0,107.67,103.45,105.11,107.96,-2.85,-2.6399,44021.93,461760.493,1.8584,1.1,41.9177,3.4823,2489908.746
688608.SH,2026-08-20,104.32,110.85,103.92,110.77,105.11,5.66,5.3848,69785.82,759497.113,2.946,1.72,44.1749,3.7299,2623986.222
688608.SH,2026-08-21,109.67,109.79,106.3,107.49,110.77,-3.28,-2.9611,38400.34,412381.645,1.621,0.86,42.8669,3.6194,2546287.614
688608.SH,2026-08-24,106.99,107.78,101.81,102.38,107.49,-5.11,-4.7539,36287.2,376421.386,1.5318,0.8,40.829,3.4474,2425238.868
688608.SH,2026-08-25,101.47,104.99,101.0,104.1,102.38,1.72,1.68,23474.07,243233.319,0.9909,0.51,41.515,3.5053,2465983.26
688608.SH,2026-08-26,104.73,105.73,103.01,104.01,104.1,-0.09,-0.0865,21417.26,223695.456,0.9041,0.51,41.4791,3.5023,2463851.286
688608.SH,2026-08-27,104.33,105.42,103.39,105.31,104.01,1.3,1.2499,25922.62,271249.798,1.0943,0.68,41.9975,3.546,2494646.466
688608.SH,2026-08-28,105.31,106.16,103.51,103.51,105.31,-1.8,-1.7092,23101.0,241873.968,0.9752,0.79,41.2797,3.4854,2452006.986
688608.SH,2026-08-31,99.95,106.38,99.05,105.91,103.51,2.4,2.3186,47268.38,489875.499,1.9954,1.82,42.2368,3.5662,2508859.626
688608.SH,2026-09-01,105.05,108.93,105.02,107.21,105.91,1.3,1.2275,45630.6,488786.121,1.9263,1.62,42.7552,3.61,2539654.806
688608.SH,2026-09-02,105.61,108.03,103.8,103.92,107.21,-3.29,-3.0687,26495.91,279627.775,1.1185,0.81,41.4432,3.4992,2461719.312
