ts_code,trade_date,open,high,low,close,pre_close,change,pct_chg,vol,amount,turnover_rate,volume_ratio,pe,pb,total_mv
688271.SH,2023-01-03,176.98,183.5,176.98,180.72,176.98,3.74,2.1132,11220.74,203471.618,2.3747,1.57,105.097,8.9169,14894183.1591
688271.SH,2023-01-04,181.5,184.97,180.0,183.96,180.72,3.24,1.7928,7524.87,138088.685,1.5925,0.9,106.9812,9.0767,15161210.3472
688271.SH,2023-01-05,183.01,185.38,178.01,181.66,183.96,-2.3,-1.2503,10107.95,183760.676,2.1392,1.26,105.6436,8.9633,14971654.01
688271.SH,2023-01-06,180.35,180.89,175.0,176.39,181.66,-5.27,-2.901,12548.77,222097.95,2.6558,1.42,102.5789,8.7032,14537322.7503
688271.SH,2023-01-09,176.4,177.5,174.55,175.55,176.39,-0.84,-0.4762,9119.22,160404.812,1.93,0.96,102.0904,8.6618,14468093.4793
688271.SH,2023-01-10,176.8,182.0,175.11,180.7,175.55,5.15,2.9336,10484.7,187779.161,2.219,1.04,105.0853,8.9159,14892534.8432
688271.SH,2023-01-11,179.9,182.57,175.22,175.94,180.7,-4.76,-2.6342,9144.03,163141.133,1.9352,0.92,102.3172,8.681,14500235.6409
688271.SH,2023-01-12,175.56,176.37,171.51,171.98,175.94,-3.96,-2.2508,7692.01,133509.011,1.6279,0.75,100.0143,8.4856,14173869.0776
688271.SH,2023-01-13,172.2,175.18,171.37,174.0,171.98,2.02,1.1746,8702.34,150838.499,1.8417,0.89,101.189,8.5853,14340348.9912
688271.SH,2023-01-16,174.0,190.0,173.61,185.9,174.0,11.9,6.8391,24902.58,455463.006,5.2703,2.76,108.1094,9.1725,15321096.9969
688271.SH,2023-01-17,187.36,187.36,180.72,183.18,185.9,-2.72,-1.4632,9325.87,170857.203,1.9737,0.77,106.5276,9.0382,15096926.0242
688271.SH,2023-01-18,183.02,183.99,180.0,180.12,183.18,-3.06,-1.6705,6621.24,120247.881,1.4013,0.55,104.748,8.8873,14844733.6799
688271.SH,2023-01-19,180.42,188.88,180.12,186.3,180.12,6.18,3.431,13153.43,245075.036,2.7838,1.15,108.342,9.1922,15354063.3164
688271.SH,2023-01-20,187.5,188.77,185.02,186.48,186.3,0.18,0.0966,8157.32,152456.761,1.7264,0.65,108.4467,9.2011,15368898.1602
688271.SH,2023-01-30,187.96,189.5,183.23,183.89,186.48,-2.59,-1.3889,8766.48,162540.658,1.8553,0.71,106.9405,9.0733,15155441.2413
688271.SH,2023-01-31,183.1,186.0,181.58,181.9,183.89,-1.99,-1.0822,6503.51,119213.045,1.3764,0.71,105.7832,8.9751,14991433.8017
688271.SH,2023-02-01,181.8,185.3,181.13,185.22,181.9,3.32,1.8252,7969.28,145974.063,1.6866,0.92,107.7139,9.1389,15265054.2537
688271.SH,2023-02-02,184.0,187.0,182.5,184.38,185.22,-0.84,-0.4535,6254.77,115509.789,1.3237,0.7,107.2254,9.0975,15195824.9827
688271.SH,2023-02-03,183.78,190.5,183.75,190.0,184.38,5.62,3.0481,13542.12,254898.997,2.866,1.8,110.4937,9.3748,15659001.772
688271.SH,2023-02-06,188.93,191.68,185.91,190.21,190.0,0.21,0.1105,7349.53,138668.503,1.5554,0.85,110.6158,9.3851,15676309.0897
688271.SH,2023-02-07,188.11,191.47,180.88,181.55,190.21,-8.66,-4.5529,12831.69,236501.243,2.7157,1.54,105.5797,8.9578,14962588.2721
688271.SH,2023-02-08,181.0,182.08,180.32,180.88,181.55,-0.67,-0.369,5503.19,99693.094,1.1647,0.57,105.19,8.9248,14907369.6869
688271.SH,2023-02-09,180.15,184.2,179.53,182.78,180.88,1.9,1.0504,7457.75,135404.122,1.5783,0.82,106.295,9.0185,15063959.7047
688271.SH,2023-02-10,183.0,197.86,182.06,189.8,182.78,7.02,3.8407,19723.9,378024.839,4.1743,2.11,110.3774,9.3649,15642518.6122
688271.SH,2023-02-13,188.4,191.0,184.1,186.31,189.8,-3.49,-1.8388,11844.42,221055.518,2.5067,1.12,108.3478,9.1927,15354887.4744
688271.SH,2023-02-14,186.99,186.99,183.05,186.3,186.31,-0.01,-0.0054,9766.2,179991.517,2.0669,0.85,108.342,9.1922,15354063.3164
688271.SH,2023-02-15,184.9,185.49,183.23,183.71,186.3,-2.59,-1.3902,7153.0,131534.586,1.5138,0.66,106.8358,9.0644,15140606.3975
688271.SH,2023-02-16,183.8,185.84,182.09,182.89,183.71,-0.82,-0.4464,9854.09,181311.88,2.0855,0.88,106.3589,9.0239,15073025.4425
688271.SH,2023-02-17,183.68,184.49,178.83,178.88,182.89,-4.01,-2.1926,10468.51,189718.989,2.2155,0.9,104.0269,8.8261,14742538.0893
688271.SH,2023-02-20,178.8,179.6,170.75,172.71,178.88,-6.17,-3.4492,20457.23,354050.807,4.3295,2.08,100.4388,8.5217,14234032.6107
688271.SH,2023-02-21,172.71,174.8,170.18,171.0,172.71,-1.71,-0.9901,13750.03,236338.08,2.91,1.19,99.4443,8.4373,14093101.5948
688271.SH,2023-02-22,170.1,172.6,167.2,170.66,171.0,-0.34,-0.1988,19823.19,336002.663,3.9646,1.61,99.2466,8.4205,14065080.2232
688271.SH,2023-02-23,171.24,173.57,168.51,169.82,170.66,-0.84,-0.4922,11108.76,189897.046,2.2218,0.75,98.7581,8.3791,13995850.9522
688271.SH,2023-02-24,169.51,170.98,167.3,168.92,169.82,-0.9,-0.53,12876.49,217113.06,2.5753,0.85,98.2347,8.3346,13921676.7333
688271.SH,2023-02-27,170.5,171.79,167.6,171.1,168.92,2.18,1.2906,11993.9,204347.446,2.3988,0.77,99.5025,8.4422,14101343.1747
688271.SH,2023-02-28,171.0,173.0,167.15,168.01,171.1,-3.09,-1.806,11346.61,191129.099,2.2693,0.82,97.7055,7.93,13846678.3564
688271.SH,2023-03-01,168.2,168.79,165.06,165.6,168.01,-2.41,-1.4344,15985.23,264857.278,3.197,1.19,96.304,7.8162,13648056.2813
688271.SH,2023-03-02,165.5,166.45,160.5,160.97,165.6,-4.63,-2.7959,22180.83,360810.176,4.4362,1.75,93.6114,7.5977,13266471.1328
688271.SH,2023-03-03,161.88,164.2,160.06,160.2,160.97,-0.77,-0.4784,13588.37,219361.39,2.7177,0.91,93.1636,7.5613,13203010.9678
688271.SH,2023-03-06,161.0,168.1,160.3,167.15,160.2,6.95,4.3383,19905.69,327855.707,3.9811,1.33,97.2054,7.8894,13775800.7694
688271.SH,2023-03-07,166.55,167.5,160.3,160.51,167.15,-6.64,-3.9725,16067.57,261707.788,3.2135,0.97,93.3439,7.576,13228559.8654
688271.SH,2023-03-08,160.5,163.33,159.51,161.98,160.51,1.47,0.9158,9023.63,145792.815,1.8047,0.51,94.1988,7.6454,13349711.0896
688271.SH,2023-03-09,160.79,162.77,160.1,161.38,161.98,-0.6,-0.3704,6940.84,111973.946,1.3882,0.43,93.8499,7.617,13300261.6103
688271.SH,2023-03-10,160.5,164.52,159.88,161.5,161.38,0.12,0.0744,15180.1,247161.907,3.036,1.16,93.9197,7.6227,13310151.5062
688271.SH,2023-03-13,160.5,164.58,160.5,162.96,161.5,1.46,0.904,13466.04,218609.474,2.6932,1.0,94.7687,7.6916,13430478.5724
688271.SH,2023-03-14,162.0,166.66,161.53,166.0,162.96,3.04,1.8655,14028.17,230601.611,2.8056,1.16,96.5366,7.8351,13681022.6008
688271.SH,2023-03-15,166.48,166.5,163.0,164.25,166.0,-1.75,-1.0542,12273.12,201964.895,2.4546,1.05,95.5189,7.7525,13536794.9529
688271.SH,2023-03-16,162.88,164.29,160.01,160.12,164.25,-4.13,-2.5145,13025.64,209924.662,2.6051,1.05,93.1171,7.5576,13196417.7039
688271.SH,2023-03-17,161.0,161.88,156.77,156.77,160.12,-3.35,-2.0922,13868.59,219497.677,2.7737,1.02,91.1689,7.3994,12920324.7779
688271.SH,2023-03-20,156.78,156.78,150.0,151.55,156.77,-5.22,-3.3297,23951.01,364296.347,4.7902,1.8,88.1333,7.1531,12490114.3081
688271.SH,2023-03-21,151.6,167.3,151.58,165.68,151.55,14.13,9.3237,37446.95,609320.1,7.4894,2.43,96.3505,7.82,13654649.5452
688271.SH,2023-03-22,164.95,168.33,157.0,162.2,165.68,-3.48,-2.1004,27466.11,442500.452,5.4932,1.37,94.3267,7.6557,13367842.5654
688271.SH,2023-03-23,162.2,162.2,156.8,158.15,162.2,-4.05,-2.4969,15509.36,245681.609,3.1019,0.67,91.9715,7.4646,13034058.5802
688271.SH,2023-03-24,160.58,162.9,154.85,155.85,158.15,-2.3,-1.4543,16775.74,264392.83,3.3551,0.71,90.6339,7.356,12844502.243
688271.SH,2023-03-27,155.0,164.0,152.2,161.97,155.85,6.12,3.9269,25974.67,417144.317,5.1949,1.07,94.193,7.6449,13348886.9316
688271.SH,2023-03-28,161.8,164.0,159.32,159.95,161.97,-2.02,-1.2471,11957.06,193137.985,2.3914,0.49,93.0183,7.5495,13182407.0181
688271.SH,2023-03-29,161.0,163.5,155.83,157.63,159.95,-2.32,-1.4505,14012.0,221615.3,2.8024,0.72,91.6691,7.44,12991202.3648
688271.SH,2023-03-30,157.67,160.66,154.53,155.37,157.63,-2.26,-1.4337,15511.83,242967.215,3.1024,0.92,90.3548,7.3334,12804942.6596
688271.SH,2023-03-31,155.37,156.8,153.0,154.24,155.37,-1.13,-0.7273,12710.13,195680.112,2.542,0.75,89.6976,7.28,12711812.8069
688271.SH,2023-04-03,154.24,154.97,150.6,151.94,154.24,-2.3,-1.4912,22283.95,338584.387,4.4568,1.39,88.3601,7.1715,12522256.4697
688271.SH,2023-04-04,151.56,158.44,151.13,157.0,151.94,5.06,3.3303,26492.57,410848.359,5.2985,1.73,91.3027,7.4103,12939280.4116
688271.SH,2023-04-06,156.99,162.86,155.9,161.7,157.0,4.7,2.9936,27303.57,436127.238,5.4607,1.5,94.036,7.6321,13326634.666
688271.SH,2023-04-07,162.77,166.4,161.07,163.7,161.7,2.0,1.2369,21521.21,353821.373,4.3042,1.03,95.1991,7.7265,13491466.2636
688271.SH,2023-04-10,163.88,164.4,158.98,159.84,163.7,-3.86,-2.358,17250.16,277937.573,3.45,0.78,92.9543,7.5443,13173341.2802
688271.SH,2023-04-11,159.7,161.71,154.8,156.54,159.84,-3.3,-2.0646,14725.08,231651.793,2.945,0.64,91.0352,7.3886,12901369.1442
688271.SH,2023-04-12,156.55,157.88,154.26,155.9,156.54,-0.64,-0.4088,9952.98,154972.8,1.9906,0.46,90.663,7.3584,12848623.0329
688271.SH,2023-04-13,155.95,161.78,154.66,158.89,155.9,2.99,1.9179,16533.25,263025.194,3.3067,0.91,92.4018,7.4995,13095046.2713
688271.SH,2023-04-14,158.94,161.95,156.01,158.45,158.89,-0.44,-0.2769,16709.46,263951.217,3.3419,1.04,92.1459,7.4787,13058783.3199
688271.SH,2023-04-17,159.39,162.48,158.43,161.2,158.45,2.75,1.7356,13257.56,212969.013,2.6515,0.88,93.7452,7.6085,13285426.7666
688271.SH,2023-04-18,161.8,161.8,156.27,157.44,161.2,-3.76,-2.3325,12954.62,204472.204,2.5909,0.91,91.5586,7.4311,12975543.3631
688271.SH,2023-04-19,157.0,157.45,155.0,156.01,157.44,-1.43,-0.9083,10579.53,164807.316,2.1159,0.76,90.727,7.3636,12857688.7708
688271.SH,2023-04-20,156.0,156.03,150.35,151.5,156.01,-4.51,-2.8908,29114.37,441385.048,5.8229,2.08,88.1042,7.1507,12485993.5182
688271.SH,2023-04-21,151.53,152.5,150.0,150.8,151.5,-0.7,-0.462,16251.83,244655.183,3.2504,0.98,87.6971,7.1177,12428302.459
688271.SH,2023-04-24,150.79,151.33,143.66,145.5,150.8,-5.3,-3.5146,19756.02,288155.486,3.9512,1.2,84.6149,6.8675,11991498.7254
688271.SH,2023-04-25,146.73,146.73,140.5,143.2,145.5,-2.3,-1.5808,13596.57,193926.086,2.7193,0.77,83.2774,6.7589,11801942.3882
688271.SH,2023-04-26,142.6,148.5,141.13,144.8,143.2,1.6,1.1173,11198.89,163318.835,2.2398,0.63,84.2078,6.8345,11933807.6662
688271.SH,2023-04-27,144.92,151.28,144.44,151.15,144.8,6.35,4.3854,15760.0,235049.106,3.152,0.88,87.9007,7.1342,12457147.9886
688271.SH,2023-04-28,147.9,150.87,142.99,145.72,151.15,-5.43,-3.5925,21780.0,317298.626,4.356,1.42,72.5182,6.7403,12009630.2011
688271.SH,2023-05-04,144.01,146.95,143.81,146.3,145.72,0.58,0.398,7040.33,102709.227,1.4081,0.43,72.8069,6.7671,12057431.3644
688271.SH,2023-05-05,146.35,149.68,143.08,148.4,146.3,2.1,1.4354,10887.84,159511.609,2.1776,0.78,73.852,6.8643,12230504.5419
688271.SH,2023-05-08,149.5,149.8,144.23,145.86,148.4,-2.54,-1.7116,13110.49,191959.156,2.6221,0.98,72.5879,6.7468,12021168.413
688271.SH,2023-05-09,146.87,146.87,143.16,144.35,145.86,-1.51,-1.0352,7852.68,113614.793,1.5705,0.57,71.8365,6.6769,11896720.5568
688271.SH,2023-05-10,143.57,147.51,142.7,146.11,144.35,1.76,1.2193,8105.2,118133.373,1.621,0.67,72.7123,6.7584,12041772.3627
688271.SH,2023-05-11,146.03,148.54,145.0,145.65,146.11,-0.46,-0.3148,10236.81,150049.157,2.0474,1.09,72.4834,6.7371,12003861.0952
688271.SH,2023-05-12,145.5,145.97,143.6,144.61,145.65,-1.04,-0.714,6000.23,86738.537,1.2,0.6,71.9658,6.689,11918148.6645
688271.SH,2023-05-15,144.82,145.85,143.3,145.55,144.61,0.94,0.65,6812.5,98660.71,1.3625,0.75,72.4336,6.7325,11995619.5153
688271.SH,2023-05-16,145.51,145.85,142.88,143.03,145.55,-2.52,-1.7314,8032.11,115562.751,1.6064,1.03,71.1796,6.6159,11787931.7024
688271.SH,2023-05-17,143.01,143.8,142.7,143.35,143.03,0.32,0.2237,4024.35,57591.494,0.8049,0.51,71.3388,6.6307,11814304.758
688271.SH,2023-05-18,143.5,143.9,140.26,140.4,143.35,-2.95,-2.0579,10402.45,146681.045,2.0805,1.48,69.8707,6.4942,11571178.1515
688271.SH,2023-05-19,140.97,141.98,138.29,140.45,140.4,0.05,0.0356,8113.85,113617.617,1.6228,1.15,69.8956,6.4966,11575298.9415
688271.SH,2023-05-22,141.19,143.34,140.12,140.88,140.45,0.43,0.3062,8060.38,113952.497,1.6121,1.08,70.1096,6.5164,11610737.7349
688271.SH,2023-05-23,141.0,142.68,140.5,140.65,140.88,-0.23,-0.1633,6363.21,89850.163,1.2726,0.82,69.9951,6.5058,11591782.1012
688271.SH,2023-05-24,140.01,140.87,137.6,137.6,140.65,-3.05,-2.1685,9233.94,127906.057,1.8468,1.25,68.4773,6.3647,11340413.9149
688271.SH,2023-05-25,137.0,137.6,135.02,136.71,137.6,-0.89,-0.6468,8471.3,115401.245,1.6943,1.0,68.0344,6.3236,11267063.8539
688271.SH,2023-05-26,136.73,138.88,134.24,137.7,136.71,0.99,0.7242,10778.87,147375.658,2.1558,1.34,68.5271,6.3693,11348655.4948
688271.SH,2023-05-29,137.7,138.8,135.0,135.5,137.7,-2.2,-1.5977,8988.46,122697.176,1.7977,1.05,67.4322,6.2676,11167340.7374
688271.SH,2023-05-30,135.11,136.46,134.56,135.55,135.5,0.05,0.0369,5163.03,69873.472,1.0326,0.59,67.4571,6.2699,11171461.5273
688271.SH,2023-05-31,135.1,137.57,134.99,135.63,135.55,0.08,0.059,6157.64,84005.721,1.2315,0.72,67.4969,6.2736,11178054.7912
688271.SH,2023-06-01,135.78,138.38,134.5,138.05,135.63,2.42,1.7843,9126.86,125273.831,1.8254,1.15,68.7012,6.3855,11377501.0243
688271.SH,2023-06-02,138.0,139.4,136.86,138.51,138.05,0.46,0.3332,7978.03,110300.303,1.5956,0.99,68.9302,6.4068,11415412.2918
688271.SH,2023-06-05,139.89,140.95,138.06,140.27,138.51,1.76,1.2707,9712.76,136074.581,1.9426,1.3,69.806,6.4882,11560464.0977
688271.SH,2023-06-06,140.0,140.0,134.5,135.16,140.27,-5.11,-3.643,13357.65,182050.324,2.6715,1.75,67.263,6.2519,11139319.3658
688271.SH,2023-06-07,134.55,135.83,131.49,133.0,135.16,-2.16,-1.5981,9025.82,120082.772,1.8052,0.97,66.1881,6.1519,10961301.2404
688271.SH,2023-06-08,132.51,134.09,130.0,130.95,133.0,-2.05,-1.5414,9920.93,130634.318,1.9842,1.01,65.1679,6.0571,10792348.8529
688271.SH,2023-06-09,130.95,138.0,130.92,136.8,130.95,5.85,4.4674,17390.35,236357.079,3.4781,1.74,68.0792,6.3277,11274481.2758
688271.SH,2023-06-12,135.94,138.88,135.4,137.47,136.8,0.67,0.4898,7699.41,105580.81,1.5399,0.65,68.4126,6.3587,11329699.861
688271.SH,2023-06-13,136.86,138.05,133.27,135.78,137.47,-1.69,-1.2294,11994.05,161871.216,2.3988,1.04,67.5716,6.2805,11190417.1611
688271.SH,2023-06-14,135.87,138.2,135.79,137.12,135.78,1.34,0.9869,5477.88,75118.82,1.0956,0.49,68.2384,6.3425,11300854.3315
688271.SH,2023-06-15,137.5,138.67,136.15,138.4,137.12,1.28,0.9335,6758.08,93042.596,1.3516,0.64,68.8754,6.4017,11406346.5539
688271.SH,2023-06-16,138.4,142.45,137.75,140.28,138.4,1.88,1.3584,11657.29,163903.976,2.3315,1.18,69.811,6.4887,11561288.2557
688271.SH,2023-06-19,139.28,141.38,138.0,138.75,140.28,-1.53,-1.0907,7302.31,101724.151,1.4605,0.84,69.0496,6.4179,11435192.0835
688271.SH,2023-06-20,139.4,140.8,136.71,137.0,138.75,-1.75,-1.2613,6615.34,91498.876,1.3231,0.77,68.1787,6.337,11290964.4356
688271.SH,2023-06-21,137.27,137.98,133.33,133.77,137.0,-3.23,-2.3577,8893.67,119679.02,1.7787,1.18,66.5713,6.1876,11024761.4055
688271.SH,2023-06-26,133.0,137.1,132.99,135.95,133.77,2.18,1.6297,8231.38,111547.831,1.6463,1.0,67.6562,6.2884,11204427.8469
688271.SH,2023-06-27,135.91,142.32,135.5,139.7,135.95,3.75,2.7584,11590.29,162254.005,2.3181,1.36,69.5224,6.4619,11513487.0924
688271.SH,2023-06-28,139.5,140.7,134.53,135.68,139.7,-4.02,-2.8776,12312.51,167834.017,2.4625,1.44,67.5218,6.2759,11182175.5812
688271.SH,2023-06-29,134.91,144.0,134.49,139.41,135.68,3.73,2.7491,12118.56,168071.145,2.4237,1.27,69.378,6.4484,11489586.5107
688271.SH,2023-06-30,139.0,140.67,137.0,138.01,139.41,-1.4,-1.0042,9254.15,128165.404,1.8508,0.87,68.6813,6.3837,11374204.3924
688271.SH,2023-07-03,137.69,138.84,136.1,138.4,137.81,0.59,0.4281,5946.59,81959.24,1.1893,0.56,68.8754,6.4618,11406346.5539
688271.SH,2023-07-04,138.5,140.65,136.6,139.99,138.4,1.59,1.1488,8828.44,122309.344,1.7657,0.86,69.6667,6.536,11537387.674
688271.SH,2023-07-05,139.99,146.5,139.99,143.8,139.99,3.81,2.7216,16973.41,244459.522,3.3947,1.75,71.5627,6.7139,11851391.8674
688271.SH,2023-07-06,143.11,144.01,140.85,142.57,143.8,-1.23,-0.8554,8086.1,115018.927,1.6172,0.76,70.9506,6.6565,11750020.4349
688271.SH,2023-07-07,142.48,146.47,141.61,144.09,142.57,1.52,1.0661,11524.38,166621.715,2.3049,1.17,71.7071,6.7275,11875292.4491
688271.SH,2023-07-10,143.57,145.0,142.28,144.22,144.09,0.13,0.0902,6080.27,87246.675,1.2161,0.59,71.7718,6.7335,11886006.5029
688271.SH,2023-07-11,144.21,144.69,141.28,141.65,144.22,-2.57,-1.782,6440.63,91526.86,1.2881,0.63,70.4928,6.6135,11674197.9
688271.SH,2023-07-12,141.33,142.58,140.82,141.7,141.65,0.05,0.0353,5039.79,71401.324,1.008,0.51,70.5177,6.6159,11678318.69
688271.SH,2023-07-13,141.3,142.88,139.9,140.1,141.7,-1.6,-1.1291,9884.86,139338.706,1.977,1.33,69.7214,6.5412,11546453.4119
688271.SH,2023-07-14,140.35,140.81,138.0,138.14,140.1,-1.96,-1.399,6583.72,91532.306,1.3167,0.84,68.746,6.4497,11384918.4462
688271.SH,2023-07-17,138.75,138.99,135.55,136.1,138.14,-2.04,-1.4768,7158.6,97630.756,1.4317,1.05,67.7308,6.3544,11216790.2167
688271.SH,2023-07-18,135.9,137.26,135.9,136.3,136.1,0.2,0.147,3082.2,42070.208,0.6164,0.44,67.8303,6.3638,11233273.3764
688271.SH,2023-07-19,136.3,136.65,135.0,135.1,136.3,-1.2,-0.8804,4119.37,55809.879,0.8239,0.65,67.2331,6.3077,11134374.4179
688271.SH,2023-07-20,135.97,136.2,134.83,135.01,135.1,-0.09,-0.0666,4716.25,63806.196,0.9433,0.76,67.1884,6.3035,11126956.996
688271.SH,2023-07-21,135.02,137.2,135.02,136.5,135.01,1.49,1.1036,5113.24,69781.936,1.0226,1.0,67.9299,6.3731,11249756.5362
688271.SH,2023-07-24,143.9,144.8,139.7,140.0,136.5,3.5,2.5641,19395.39,275817.347,3.8791,4.01,69.6717,6.5365,11538211.832
688271.SH,2023-07-25,140.01,142.6,139.18,141.01,140.0,1.01,0.7214,9709.34,136772.843,1.9419,1.33,70.1743,6.5837,11621451.7888
688271.SH,2023-07-26,140.88,149.0,140.51,147.07,141.01,6.06,4.2976,27764.62,407622.63,5.5529,3.22,73.1901,6.8666,12120891.5295
688271.SH,2023-07-27,147.06,148.5,144.68,145.05,147.07,-2.02,-1.3735,15251.06,223337.429,3.0502,1.14,72.1848,6.7723,11954411.6159
688271.SH,2023-07-28,145.05,146.8,143.66,145.54,145.05,0.49,0.3378,13993.3,203234.517,2.7987,0.91,72.4287,6.7952,11994795.3574
688271.SH,2023-07-31,146.0,146.43,140.85,141.99,145.54,-3.55,-2.4392,17976.36,255473.142,3.5953,1.04,70.662,6.6294,11702219.2716
688271.SH,2023-08-01,141.5,141.95,138.51,138.7,141.99,-3.29,-2.3171,16303.06,227311.839,3.2606,0.96,69.0247,6.4758,11431071.2936
688271.SH,2023-08-02,138.81,140.0,137.0,137.03,138.7,-1.67,-1.204,10556.62,145921.218,2.1113,0.58,68.1936,6.3978,11293436.9096
688271.SH,2023-08-03,136.0,138.29,135.54,136.6,137.03,-0.43,-0.3138,12009.63,163546.628,2.4019,0.81,67.9796,6.3778,11257998.1161
688271.SH,2023-08-04,137.01,137.88,133.83,135.36,136.6,-1.24,-0.9078,12441.01,168582.943,2.4882,0.88,67.3625,6.3199,11155802.5256
688271.SH,2023-08-07,135.32,136.46,132.8,134.0,135.36,-1.36,-1.0047,15534.72,208504.324,3.1069,1.12,66.6857,6.2564,11043717.0392
688271.SH,2023-08-08,133.5,135.5,133.01,135.09,134.0,1.09,0.8134,7720.73,104087.981,1.5441,0.58,67.2282,6.3073,11133550.2599
688271.SH,2023-08-09,134.5,136.34,134.5,135.94,135.09,0.85,0.6292,8274.57,112317.183,1.6549,0.71,67.6512,6.3469,11203603.6889
688271.SH,2023-08-10,135.5,135.95,134.11,135.02,135.94,-0.92,-0.6768,6772.76,91437.093,1.3546,0.6,67.1933,6.304,11127781.154
688271.SH,2023-08-11,134.89,135.8,133.05,133.33,135.02,-1.69,-1.2517,7524.29,101221.024,1.5049,0.74,66.3523,6.2251,10988498.454
688271.SH,2023-08-14,133.27,134.01,130.82,131.44,133.33,-1.89,-1.4175,8327.33,109669.862,1.6655,0.91,65.4117,6.1368,10832732.5943
688271.SH,2023-08-15,133.1,135.53,131.63,134.21,131.44,2.77,2.1074,9013.66,120706.757,1.8027,1.17,66.7902,6.2662,11061024.3569
688271.SH,2023-08-16,133.0,135.7,131.0,134.5,134.21,0.29,0.2161,10441.69,140085.613,2.0883,1.31,66.9346,6.2797,11084924.9386
688271.SH,2023-08-17,133.81,133.96,131.99,132.68,134.5,-1.82,-1.3532,8606.32,114131.429,1.7213,1.02,66.0288,6.1947,10934928.1848
688271.SH,2023-08-18,133.57,134.55,131.0,131.22,132.68,-1.46,-1.1004,9837.15,130512.305,1.9674,1.12,65.3022,6.1266,10814601.1185
688271.SH,2023-08-21,131.0,132.65,123.01,125.0,131.22,-6.22,-4.7401,20224.22,258704.206,4.0448,2.19,62.2068,5.6335,10301974.85
688271.SH,2023-08-22,115.3,120.3,105.0,109.0,125.0,-16.0,-12.8,171653.83,1892394.126,2.9128,14.77,54.2444,4.9124,8983322.0692
688271.SH,2023-08-23,110.69,110.9,104.88,105.0,109.0,-4.0,-3.6697,50646.51,546553.916,0.8594,1.15,52.2537,4.7321,8653658.874
688271.SH,2023-08-24,105.13,106.49,102.03,104.02,105.0,-0.98,-0.9333,37864.15,396304.194,0.6425,0.73,51.766,4.6879,8572891.3912
688271.SH,2023-08-25,103.7,107.6,103.51,104.4,104.02,0.38,0.3653,42327.25,446908.904,0.7183,0.73,51.9551,4.7051,8604209.3947
688271.SH,2023-08-28,112.01,112.36,102.68,102.99,104.4,-1.41,-1.3506,56457.56,602920.257,0.958,0.87,51.2535,4.6415,8488003.1184
688271.SH,2023-08-29,102.01,109.0,102.01,108.1,102.99,5.11,4.9616,58872.62,626335.169,0.999,0.82,53.7965,4.8718,8909147.8503
688271.SH,2023-08-30,107.52,110.39,107.0,109.79,108.1,1.69,1.5634,40722.44,445361.345,0.691,0.83,54.6375,4.948,9048430.5503
688271.SH,2023-08-31,109.02,112.11,108.6,110.27,109.79,0.48,0.4372,34478.9,381107.884,0.5851,0.73,54.8764,4.9696,9087990.1337
688271.SH,2023-09-01,109.98,110.5,107.8,108.43,110.27,-1.84,-1.6686,23672.39,258119.076,0.4017,0.51,53.9607,4.8867,8936345.0639
688271.SH,2023-09-04,108.43,109.43,107.6,108.05,108.43,-0.38,-0.3505,30640.71,331361.015,0.52,0.72,53.7716,4.8696,8905027.0603
688271.SH,2023-09-05,107.73,107.99,106.0,106.91,108.05,-1.14,-1.0551,27918.45,298123.643,0.4738,0.74,53.2043,4.8182,8811073.0497
688271.SH,2023-09-06,106.5,109.2,106.0,108.0,106.91,1.09,1.0195,33233.17,358478.667,0.5639,1.06,53.7467,4.8673,8900906.2704
688271.SH,2023-09-07,108.06,108.2,105.2,106.8,108.0,-1.2,-1.1111,28833.0,307285.541,0.4893,0.96,53.1495,4.8132,8802007.3118
688271.SH,2023-09-08,106.04,107.6,105.89,106.11,106.8,-0.69,-0.6461,16024.59,171055.752,0.2719,0.56,52.8061,4.7821,8745140.4107
688271.SH,2023-09-11,106.02,109.1,106.02,108.37,106.11,2.26,2.1299,27589.75,298952.377,0.4682,1.01,53.9308,4.884,8931400.116
688271.SH,2023-09-12,108.5,108.5,105.48,105.59,108.37,-2.78,-2.5653,30444.63,324051.036,0.5166,1.14,52.5474,4.7587,8702284.1953
688271.SH,2023-09-13,105.6,106.19,104.2,105.6,105.59,0.01,0.0095,23391.85,246577.7,0.3969,0.86,52.5523,4.7592,8703108.3533
688271.SH,2023-09-14,105.57,105.8,103.6,104.1,105.6,-1.5,-1.4205,18287.24,190657.153,0.3103,0.72,51.8059,4.6916,8579484.6551
688271.SH,2023-09-15,104.5,107.54,104.1,106.3,104.1,2.2,2.1134,30266.34,321519.401,0.5136,1.31,52.9007,4.7907,8760799.4124
688271.SH,2023-09-18,105.6,109.98,105.33,107.12,106.3,0.82,0.7714,35940.52,388872.626,0.6099,1.38,53.3088,4.8277,8828380.3675
688271.SH,2023-09-19,107.58,107.99,104.59,106.0,107.12,-1.12,-1.0456,29330.59,309226.428,0.4977,1.06,52.7514,4.7772,8736074.6728
688271.SH,2023-09-20,105.75,105.99,104.13,104.38,106.0,-1.62,-1.5283,18604.18,194710.98,0.3157,0.68,51.9452,4.7042,8602561.0787
688271.SH,2023-09-21,104.18,104.59,103.05,103.4,104.38,-0.98,-0.9389,14604.49,151332.17,0.2478,0.55,51.4575,4.66,8521793.5959
688271.SH,2023-09-22,103.7,105.74,102.0,105.71,103.4,2.31,2.234,22690.33,236026.55,0.385,0.88,52.6071,4.7641,8712174.0911
688271.SH,2023-09-25,105.71,105.71,104.33,105.0,105.71,-0.71,-0.6716,17515.62,183954.501,0.2972,0.72,52.2537,4.7321,8653658.874
688271.SH,2023-09-26,105.08,105.34,103.52,103.65,105.0,-1.35,-1.2857,19518.31,202998.555,0.3312,0.95,51.5819,4.6713,8542397.5456
688271.SH,2023-09-27,103.87,107.66,103.2,106.98,103.65,3.33,3.2127,40374.46,429532.81,0.6851,2.17,53.2391,4.8213,8816842.1556
688271.SH,2023-09-28,106.99,107.01,103.68,104.09,106.98,-2.89,-2.7014,35265.36,368304.978,0.5984,1.54,51.8009,4.6911,8578660.4971
688271.SH,2023-10-09,103.98,104.79,102.33,103.2,104.09,-0.89,-0.855,25125.14,259737.732,0.4264,0.93,51.358,4.651,8505310.4362
688271.SH,2023-10-10,103.6,103.75,101.36,101.9,103.2,-1.3,-1.2597,23646.41,242403.236,0.4013,0.86,50.711,4.5924,8398169.8977
688271.SH,2023-10-11,102.1,105.78,101.8,105.06,101.9,3.16,3.1011,45134.16,473095.58,0.7659,1.57,52.2836,4.7348,8658603.8219
688271.SH,2023-10-12,104.98,110.3,104.5,109.6,105.06,4.54,4.3213,57704.97,620564.665,0.9792,1.7,54.543,4.9394,9032771.5485
688271.SH,2023-10-13,109.0,109.29,106.55,106.98,109.6,-2.62,-2.3905,29085.47,313811.591,0.4936,0.78,53.2391,4.8213,8816842.1556
688271.SH,2023-10-16,106.8,107.89,103.5,104.19,106.98,-2.79,-2.608,28307.33,296307.622,0.4804,0.78,51.8506,4.6956,8586902.077
688271.SH,2023-10-17,104.73,108.88,104.16,107.8,104.19,3.61,3.4648,29750.26,316756.84,0.5048,0.81,53.6472,4.8583,8884423.1106
688271.SH,2023-10-18,107.0,107.79,104.5,106.0,107.8,-1.8,-1.6698,23590.32,249574.273,0.4003,0.62,52.7514,4.7772,8736074.6728
688271.SH,2023-10-19,105.17,107.48,103.72,106.15,106.0,0.15,0.1415,22055.23,233720.129,0.3743,0.65,52.826,4.7839,8748437.0426
688271.SH,2023-10-20,105.69,109.8,105.55,108.99,106.15,2.84,2.6755,47065.29,510318.108,0.7987,1.77,54.2394,4.9119,8982497.9112
688271.SH,2023-10-23,108.31,112.16,107.07,110.17,108.99,1.18,1.0827,42717.73,470236.583,0.7249,1.42,54.8266,4.9651,9079748.5538
688271.SH,2023-10-24,110.97,115.4,109.71,114.91,110.17,4.74,4.3024,57813.45,655621.273,0.9811,1.75,57.1855,5.1787,9470399.4401
688271.SH,2023-10-25,115.0,116.0,113.06,115.02,114.91,0.11,0.0957,30517.63,350090.96,0.5179,0.79,57.2402,5.1837,9479465.178
688271.SH,2023-10-26,114.0,116.5,112.05,116.48,115.02,1.46,1.2693,30830.02,353430.688,0.5232,0.77,57.9668,5.2495,9599792.2442
688271.SH,2023-10-27,115.51,118.16,115.28,116.7,116.48,0.22,0.1889,27917.06,325550.121,0.4737,0.67,58.0763,5.2594,9617923.72
688271.SH,2023-10-30,115.56,120.5,114.5,119.99,116.7,3.29,2.8192,40858.44,486715.606,0.6933,1.08,59.7136,5.496,9889071.698
688271.SH,2023-10-31,119.0,120.9,118.28,119.36,119.99,-0.63,-0.525,29972.04,358525.663,0.5086,0.8,59.4001,5.4671,9837149.7448
688271.SH,2023-11-01,119.01,119.29,114.87,116.0,119.36,-3.36,-2.815,26698.57,310113.795,0.4531,0.83,57.7279,5.3132,9560232.6608
688271.SH,2023-11-02,116.9,116.9,114.5,115.29,116.0,-0.71,-0.6121,16179.67,186427.681,0.2746,0.52,57.3746,5.2807,9501717.4437
688271.SH,2023-11-03,115.25,117.8,114.11,116.76,115.29,1.47,1.275,22791.16,265227.976,0.3868,0.8,58.1062,5.348,9622868.6679
688271.SH,2023-11-06,118.18,121.72,117.6,120.94,116.76,4.18,3.58,29639.61,357149.029,0.503,1.09,60.1864,5.5395,9967366.7069
688271.SH,2023-11-07,121.26,121.96,119.13,121.45,120.94,0.51,0.4217,29027.67,351029.776,0.4926,1.16,60.4402,5.5629,10009398.7643
688271.SH,2023-11-08,121.8,124.43,120.6,123.0,121.45,1.55,1.2762,40262.08,495035.451,0.6832,1.62,61.2115,5.6339,10137143.2524
688271.SH,2023-11-09,123.0,124.4,120.81,121.8,123.0,-1.2,-0.9756,22128.63,269367.682,0.3755,0.8,60.6143,5.5789,10038244.2938
688271.SH,2023-11-10,120.51,122.39,120.06,121.8,121.8,0.0,0.0,20484.92,248485.831,0.3476,0.71,60.6143,5.5789,10038244.2938
688271.SH,2023-11-13,121.8,122.38,119.9,120.57,121.8,-1.23,-1.0099,15626.69,188626.488,0.2652,0.55,60.0022,5.5226,9936872.8613
688271.SH,2023-11-14,120.59,122.93,120.14,122.78,120.57,2.21,1.833,18978.51,231062.464,0.3221,0.74,61.102,5.6238,10119011.7767
688271.SH,2023-11-15,124.48,124.48,122.26,122.6,122.78,-0.18,-0.1466,21756.11,267501.037,0.3692,0.93,61.0125,5.6155,10104176.9329
688271.SH,2023-11-16,122.2,123.0,120.8,122.65,122.6,0.05,0.0408,16307.18,199413.619,0.2767,0.82,61.0373,5.6178,10108297.7228
688271.SH,2023-11-17,121.88,125.37,121.88,124.81,122.65,2.16,1.7611,21284.0,262937.392,0.3612,1.14,62.1123,5.7168,10286315.8482
688271.SH,2023-11-20,124.81,128.12,124.08,127.47,124.81,2.66,2.1312,29910.79,377045.521,0.5076,1.59,63.436,5.8386,10505541.873
688271.SH,2023-11-21,127.5,128.4,125.8,127.3,127.47,-0.17,-0.1334,27984.03,355833.298,0.4749,1.29,63.3514,5.8308,10491531.1872
688271.SH,2023-11-22,127.3,130.08,126.02,129.21,127.3,1.91,1.5004,37007.28,477112.97,0.628,1.58,64.302,5.9183,10648945.3629
688271.SH,2023-11-23,129.0,129.63,128.33,129.0,129.21,-0.21,-0.1625,19591.49,252750.376,0.3325,0.74,64.1975,5.9087,10631638.0452
688271.SH,2023-11-24,129.0,130.11,127.95,129.81,129.0,0.81,0.6279,28853.64,373599.915,0.4896,1.06,64.6006,5.9458,10698394.8422
688271.SH,2023-11-27,132.58,135.23,126.0,129.0,129.81,-0.81,-0.624,73507.08,952838.941,1.2474,2.56,64.1975,5.9087,10631638.0452
688271.SH,2023-11-28,128.5,134.56,128.0,133.92,129.0,4.92,3.814,80358.89,1070236.498,1.3636,2.15,66.6459,6.134,11037123.7753
688271.SH,2023-11-29,133.0,139.27,132.5,137.63,133.92,3.71,2.7703,93372.29,1276359.353,1.5845,1.95,68.4922,6.304,11342886.3888
688271.SH,2023-11-30,138.19,145.19,136.33,143.0,137.63,5.37,3.9018,132925.22,1878824.262,2.2556,2.25,71.1646,6.5499,11785459.2284
688271.SH,2023-12-01,142.89,144.09,138.08,143.59,143.0,0.59,0.4126,90059.4,1274687.778,1.5282,1.1,71.4582,6.577,11834084.5497
688271.SH,2023-12-04,141.18,147.93,139.1,145.74,143.59,2.15,1.4973,89661.6,1291733.148,1.5215,0.95,72.5282,6.6754,12011278.5171
688271.SH,2023-12-05,145.21,146.78,141.8,144.22,145.74,-1.52,-1.043,97329.48,1409363.602,1.6516,1.0,71.7718,6.6058,11886006.5029
688271.SH,2023-12-06,144.2,150.0,143.7,150.0,144.22,5.78,4.0078,104846.38,1558257.576,1.7792,1.04,74.6482,6.8706,12362369.82
688271.SH,2023-12-07,149.0,155.98,145.66,146.39,150.0,-3.61,-2.4067,186947.69,2824419.4,3.1724,1.82,72.8517,6.7052,12064848.7863
688271.SH,2023-12-08,146.42,159.32,144.45,150.08,146.39,3.69,2.5207,282303.7,4252884.835,4.7905,2.48,74.688,6.8742,12368963.0839
688271.SH,2023-12-11,149.34,150.49,143.89,147.31,150.08,-2.77,-1.8457,113127.38,1662018.714,1.9197,0.74,73.3095,6.7473,12140671.3212
688271.SH,2023-12-12,149.07,149.41,140.38,141.48,147.31,-5.83,-3.9576,104217.58,1490652.788,1.7685,0.66,70.4082,6.4803,11660187.2142
688271.SH,2023-12-13,139.78,142.37,139.02,140.49,141.48,-0.99,-0.6997,65132.67,917109.802,1.1053,0.41,69.9155,6.435,11578595.5734
688271.SH,2023-12-14,140.95,141.88,135.9,136.24,140.49,-4.25,-3.0251,60428.24,829743.085,1.0254,0.4,67.8005,6.2403,11228328.4285
688271.SH,2023-12-15,136.18,137.33,133.89,134.1,136.24,-2.14,-1.5708,48124.73,651589.334,0.8166,0.38,66.7355,6.1423,11051958.6191
688271.SH,2023-12-18,134.0,136.38,132.1,134.9,134.1,0.8,0.5966,41274.31,555518.122,0.7004,0.53,67.1336,6.1789,11117891.2581
688271.SH,2023-12-19,134.4,136.28,133.3,134.46,134.9,-0.44,-0.3262,42532.22,572748.242,0.7217,0.67,66.9146,6.1588,11081628.3066
688271.SH,2023-12-20,134.83,136.83,133.05,134.38,134.46,-0.08,-0.0595,38751.72,522317.254,0.6576,0.75,66.8748,6.1551,11075035.0427
688271.SH,2023-12-21,134.19,135.8,133.05,135.37,134.38,0.99,0.7367,30946.19,416870.59,0.5251,0.67,67.3675,6.2004,11156626.6836
688271.SH,2023-12-22,134.88,136.28,134.03,134.94,135.37,-0.43,-0.3176,28678.97,387515.048,0.4867,0.71,67.1535,6.1808,11121187.8901
688271.SH,2023-12-25,134.54,137.48,133.51,136.95,134.94,2.01,1.4896,31469.59,429315.009,0.534,0.86,68.1538,6.2728,11286843.6457
688271.SH,2023-12-26,136.95,138.18,135.88,136.86,136.95,-0.09,-0.0657,25652.01,351947.225,0.4353,0.74,68.109,6.2687,11279426.2238
688271.SH,2023-12-27,136.3,137.96,135.14,136.0,136.86,-0.86,-0.6284,25996.16,354354.11,0.4411,0.84,67.681,6.2293,11208548.6368
688271.SH,2023-12-28,135.2,137.0,134.0,135.9,136.0,-0.1,-0.0735,27398.57,371243.456,0.4649,0.96,67.6313,6.2247,11200307.0569
688271.SH,2023-12-29,135.12,137.91,135.04,137.01,135.9,1.11,0.8168,23382.07,320348.044,0.3968,0.84,68.1837,6.2756,11291788.5936
688271.SH,2024-01-02,136.51,140.91,135.98,139.65,137.01,2.64,1.9269,29374.55,409693.248,0.4985,1.1,69.4975,6.3965,11509366.3024
688271.SH,2024-01-03,139.03,144.6,138.05,142.93,139.65,3.28,2.3487,33019.47,468871.993,0.5603,1.25,71.1298,6.5467,11779690.1225
688271.SH,2024-01-04,143.0,145.89,142.6,145.81,142.93,2.88,2.015,28448.41,411320.711,0.4828,1.02,72.563,6.6786,12017047.623
688271.SH,2024-01-05,145.0,145.95,139.09,139.73,145.81,-6.08,-4.1698,36763.5,522322.859,0.6239,1.3,69.5373,6.4002,11515959.5663
688271.SH,2024-01-08,137.61,139.58,134.53,138.1,139.73,-1.63,-1.1665,29001.35,399514.249,0.4921,0.96,68.7261,6.3255,11381621.8143
688271.SH,2024-01-09,137.1,142.34,136.38,140.79,138.1,2.69,1.9479,23603.41,331122.328,0.4005,0.75,70.0648,6.4487,11603320.3131
688271.SH,2024-01-10,140.79,140.96,136.36,136.85,140.79,-3.94,-2.7985,19001.53,262721.867,0.3224,0.63,68.104,6.2682,11278602.0658
688271.SH,2024-01-11,136.28,139.22,135.72,136.5,136.85,-0.35,-0.2558,20545.25,282447.525,0.3486,0.75,67.9299,6.2522,11249756.5362
688271.SH,2024-01-12,136.8,137.75,130.41,131.8,136.5,-4.7,-3.4432,27910.9,369171.474,0.4736,1.08,65.5909,6.0369,10862402.2818
688271.SH,2024-01-15,130.3,132.87,129.0,131.77,131.8,-0.03,-0.0228,18353.4,240918.169,0.3114,0.76,65.576,6.0356,10859929.8079
688271.SH,2024-01-16,131.77,133.0,129.92,132.73,131.77,0.96,0.7285,18586.5,244060.31,0.3154,0.85,66.0537,6.0795,10939048.9747
688271.SH,2024-01-17,132.73,133.27,130.55,131.42,132.73,-1.31,-0.987,19232.02,254060.382,0.3264,0.92,65.4018,6.0195,10831084.2783
688271.SH,2024-01-18,130.2,132.0,126.11,131.39,131.42,-0.03,-0.0228,29874.27,383848.651,0.5069,1.43,65.3868,6.0181,10828611.8043
688271.SH,2024-01-19,130.71,135.95,129.15,134.28,131.39,2.89,2.1996,28029.85,369625.391,0.4756,1.23,66.8251,6.1505,11066793.4629
688271.SH,2024-01-22,133.41,135.98,132.54,134.93,134.28,0.65,0.4841,31210.0,419189.576,0.5296,1.37,67.1485,6.1803,11120363.7321
688271.SH,2024-01-23,134.0,135.5,130.21,133.06,134.93,-1.87,-1.3859,23763.06,316765.782,0.4032,0.94,66.2179,6.0946,10966246.1883
688271.SH,2024-01-24,133.0,137.2,132.51,136.95,133.06,3.89,2.9235,27723.85,375337.856,0.4705,1.05,68.1538,6.2728,11286843.6457
688271.SH,2024-01-25,136.15,139.49,135.16,138.59,136.95,1.64,1.1975,20445.01,281549.888,0.3469,0.73,68.97,6.3479,11422005.5557
688271.SH,2024-01-26,137.2,139.31,135.59,137.1,138.59,-1.49,-1.0751,21389.9,294788.248,0.363,0.82,68.2285,6.2797,11299206.0155
688271.SH,2024-01-29,138.1,139.35,136.14,137.18,137.1,0.08,0.0584,18187.91,251125.52,0.3086,0.73,68.2683,6.2834,11305799.2794
688271.SH,2024-01-30,136.81,138.47,133.6,135.76,137.18,-1.42,-1.0351,19669.89,267918.363,0.3338,0.88,67.5616,6.2183,11188768.8451
688271.SH,2024-01-31,134.5,135.8,130.98,134.88,135.76,-0.88,-0.6482,24483.46,328463.531,0.4155,1.14,67.1237,6.178,11116242.9421
688271.SH,2024-02-01,133.01,135.99,132.0,134.73,134.88,-0.15,-0.1112,18168.15,244165.246,0.3083,0.87,67.049,6.1711,11103880.5723
688271.SH,2024-02-02,134.84,138.0,134.0,137.43,134.73,2.7,2.004,29207.11,396403.394,0.4956,1.43,68.3927,6.2948,11326403.2291
688271.SH,2024-02-05,138.0,144.3,133.88,143.55,137.43,6.12,4.4532,47927.1,669110.775,0.8133,2.18,71.4383,6.5751,11830787.9177
688271.SH,2024-02-06,143.55,145.1,140.88,143.05,143.55,-0.5,-0.3483,40116.5,576881.729,0.6807,1.44,71.1895,6.5522,11789580.0183
688271.SH,2024-02-07,143.48,149.0,141.61,146.86,143.05,3.81,2.6634,54275.71,791066.168,0.921,1.7,73.0856,6.7267,12103584.2118
688271.SH,2024-02-08,146.98,147.75,139.0,144.78,146.86,-2.08,-1.4163,46569.47,668116.726,0.7903,1.23,72.0504,6.6315,11932159.3503
688271.SH,2024-02-19,143.1,146.92,140.5,144.0,144.78,-0.78,-0.5387,44860.01,643364.387,0.7612,1.03,71.6623,6.5957,11867875.0272
688271.SH,2024-02-20,142.81,144.4,141.85,142.6,144.0,-1.4,-0.9722,20851.22,298463.514,0.3538,0.45,70.9656,6.5316,11752492.9089
688271.SH,2024-02-21,142.01,143.68,140.69,142.55,142.6,-0.05,-0.0351,26697.36,380213.447,0.453,0.65,70.9407,6.5293,11748372.1189
688271.SH,2024-02-22,141.55,142.9,139.48,140.3,142.55,-2.25,-1.5784,22919.96,321723.997,0.3889,0.59,69.821,6.4263,11562936.5716
688271.SH,2024-02-23,140.37,141.49,139.2,140.0,140.3,-0.3,-0.2138,19144.97,268271.351,0.3249,0.59,69.6717,6.4125,11538211.832
688271.SH,2024-02-26,140.88,141.0,139.27,139.27,140.0,-0.73,-0.5214,21673.27,303240.16,0.3678,0.81,69.3084,6.3791,11478048.2989
688271.SH,2024-02-27,138.95,140.08,135.79,140.0,139.27,0.73,0.5242,30006.29,414013.019,0.5092,1.35,69.6717,6.4125,11538211.832
688271.SH,2024-02-28,141.0,144.49,140.56,141.64,140.0,1.64,1.1714,37927.23,539347.802,0.6436,1.57,70.4878,6.1874,11673373.742
688271.SH,2024-02-29,141.01,142.4,138.5,142.3,141.64,0.66,0.466,35914.97,503787.565,0.6095,1.36,70.8163,6.2162,11727768.1692
688271.SH,2024-03-01,141.8,142.01,137.05,138.5,142.3,-3.8,-2.6704,32949.51,457710.373,0.5591,1.14,68.9252,6.0502,11414588.1338
688271.SH,2024-03-04,137.12,139.87,136.77,139.16,138.5,0.66,0.4765,28550.86,395081.392,0.4845,0.9,69.2536,6.0791,11468982.561
688271.SH,2024-03-05,138.89,143.59,138.49,142.5,139.16,3.34,2.4001,48409.34,688595.458,0.8215,1.46,70.9158,6.225,11744251.329
688271.SH,2024-03-06,142.53,143.55,140.77,141.1,142.5,-1.4,-0.9825,28202.45,400651.659,0.4786,0.77,70.2191,6.1638,11628869.2107
688271.SH,2024-03-07,140.88,141.81,139.3,139.65,141.1,-1.45,-1.0276,21387.98,299353.09,0.3629,0.61,69.4975,6.1005,11509366.3024
688271.SH,2024-03-08,139.9,139.9,136.81,137.75,139.65,-1.9,-1.3605,19242.03,264753.42,0.3265,0.6,68.5519,6.0175,11352776.2847
688271.SH,2024-03-11,137.88,139.67,136.96,138.0,137.75,0.25,0.1815,23452.66,324207.4,0.398,0.8,68.6763,6.0284,11373380.2344
688271.SH,2024-03-12,137.58,139.68,137.58,139.42,138.0,1.42,1.029,22567.39,313386.922,0.383,0.8,69.383,6.0904,11490410.6687
688271.SH,2024-03-13,139.0,139.47,138.0,138.51,139.42,-0.91,-0.6527,14447.82,200428.549,0.2452,0.63,68.9302,6.0507,11415412.2918
688271.SH,2024-03-14,140.8,141.73,139.0,140.85,138.51,2.34,1.6894,32078.8,450968.461,0.5444,1.59,70.0947,6.1529,11608265.261
688271.SH,2024-03-15,140.6,144.89,138.78,140.0,140.85,-0.85,-0.6035,33559.98,473447.306,0.5695,1.5,69.6717,6.1158,11538211.832
688271.SH,2024-03-18,140.25,140.42,139.01,139.36,140.0,-0.64,-0.4571,21533.87,300459.976,0.3654,0.85,69.3532,6.0878,11485465.7208
688271.SH,2024-03-19,139.05,139.8,136.6,136.72,139.36,-2.64,-1.8944,25398.36,348970.456,0.431,1.02,68.0393,5.9725,11267888.0119
688271.SH,2024-03-20,136.15,137.23,135.52,136.28,136.72,-0.44,-0.3218,15570.76,212318.116,0.2642,0.61,67.8204,5.9533,11231625.0605
688271.SH,2024-03-21,136.28,136.63,133.06,134.57,136.28,-1.71,-1.2548,18989.51,256304.29,0.3222,0.74,66.9694,5.8786,11090694.0445
688271.SH,2024-03-22,134.02,134.78,132.33,132.5,134.57,-2.07,-1.5382,22721.01,302989.349,0.3856,0.99,65.9392,5.7881,10920093.341
688271.SH,2024-03-25,132.01,133.27,130.67,132.62,132.5,0.12,0.0906,18699.82,246770.285,0.3173,0.9,65.999,5.7934,10929983.2369
688271.SH,2024-03-26,132.6,134.8,132.07,134.18,132.62,1.56,1.1763,19209.94,256846.048,0.326,0.95,66.7753,5.8615,11058551.883
688271.SH,2024-03-27,134.19,134.97,132.29,132.5,134.18,-1.68,-1.252,14455.29,193375.417,0.2453,0.76,65.9392,5.7881,10920093.341
688271.SH,2024-03-28,131.97,133.45,130.2,131.13,132.5,-1.37,-1.034,23719.19,312313.428,0.4025,1.26,65.2575,5.7283,10807183.6966
688271.SH,2024-03-29,131.19,131.68,128.4,129.8,131.13,-1.33,-1.0143,15793.77,205091.192,0.268,0.8,64.5956,5.6702,10697570.6842
688271.SH,2024-04-01,127.1,129.8,127.0,128.14,129.8,-1.66,-1.2789,20946.2,269021.856,0.3554,1.14,63.7695,5.5977,10560760.4582
688271.SH,2024-04-02,128.14,128.83,125.26,126.79,128.14,-1.35,-1.0535,22926.2,289869.06,0.389,1.22,63.0976,5.5387,10449499.1299
688271.SH,2024-04-03,126.62,127.87,125.0,127.55,126.79,0.76,0.5994,20027.54,253716.88,0.3399,1.02,63.4759,5.5719,10512135.1369
688271.SH,2024-04-08,126.56,128.67,125.02,125.1,127.55,-2.45,-1.9208,17320.66,219216.716,0.2939,0.84,62.2566,5.4649,10310216.4299
688271.SH,2024-04-09,124.96,126.67,123.25,125.8,125.1,0.7,0.5596,14298.01,179423.737,0.2426,0.74,62.605,5.4954,10367907.489
688271.SH,2024-04-10,126.44,128.22,125.45,126.08,125.8,0.28,0.2226,15140.6,192285.148,0.2569,0.79,62.7443,5.5077,10390983.9127
688271.SH,2024-04-11,125.24,126.5,124.1,124.1,126.08,-1.98,-1.5704,13356.0,166801.014,0.2266,0.74,61.7589,5.4212,10227800.6311
688271.SH,2024-04-12,124.1,124.75,123.26,123.47,124.1,-0.63,-0.5077,12116.81,150064.302,0.2056,0.76,61.4454,5.3937,10175878.6778
688271.SH,2024-04-15,123.88,128.22,123.5,125.63,123.47,2.16,1.7494,22724.42,287330.878,0.3856,1.57,62.5204,5.488,10353896.8032
688271.SH,2024-04-16,125.01,125.8,119.5,120.6,125.63,-5.03,-4.0038,29298.4,356204.969,0.4972,1.89,60.0172,5.2683,9939345.3353
688271.SH,2024-04-17,121.11,123.24,120.0,122.22,120.6,1.62,1.3433,21151.99,258146.654,0.3589,1.14,60.8234,5.3391,10072858.9293
688271.SH,2024-04-18,122.12,124.64,121.26,122.89,122.22,0.67,0.5482,22471.16,276885.036,0.3813,1.14,61.1568,5.3683,10128077.5145
688271.SH,2024-04-19,123.56,123.81,121.28,121.35,122.89,-1.54,-1.2532,12875.23,157135.534,0.2185,0.6,60.3904,5.3011,10001157.1844
688271.SH,2024-04-22,122.9,123.77,120.0,122.97,121.35,1.62,1.335,13441.17,164875.668,0.2281,0.62,61.1966,5.3718,10134670.7784
688271.SH,2024-04-23,121.89,126.76,121.89,126.43,122.97,3.46,2.8137,23669.9,296002.686,0.4017,1.19,62.9185,5.523,10419829.4423
688271.SH,2024-04-24,125.93,126.8,125.3,125.68,126.43,-0.75,-0.5932,11912.92,149788.993,0.2022,0.64,62.5452,5.4902,10358017.5932
688271.SH,2024-04-25,125.52,127.97,124.02,127.39,125.68,1.71,1.3606,16914.44,213446.465,0.287,1.0,63.3962,5.5649,10498948.6091
688271.SH,2024-04-26,126.99,129.68,125.66,129.1,127.39,1.71,1.3423,21189.15,271806.546,0.3596,1.34,64.2472,5.6396,10639879.6251
688271.SH,2024-04-29,128.98,133.48,128.29,132.6,129.1,3.5,2.7111,32957.4,432996.429,0.5593,1.89,55.3532,5.6844,10928334.9209
688271.SH,2024-04-30,131.88,134.2,131.88,132.56,132.6,-0.04,-0.0302,19882.13,264571.814,0.3374,0.93,55.3365,5.6827,10925038.2889
688271.SH,2024-05-06,133.99,134.86,131.39,131.98,132.56,-0.58,-0.4375,23627.89,313099.593,0.4009,1.15,55.0944,5.6579,10877237.1256
688271.SH,2024-05-07,132.12,135.15,132.12,134.5,131.98,2.52,1.9094,23759.39,318910.785,0.4032,1.04,56.1463,5.7659,11084924.9386
688271.SH,2024-05-08,134.88,135.0,130.07,130.07,134.5,-4.43,-3.2937,21608.12,285998.005,0.3667,0.89,54.297,5.576,10719822.9499
688271.SH,2024-05-09,130.72,132.58,128.88,130.77,130.07,0.7,0.5382,20240.94,265189.559,0.3435,0.83,54.5893,5.606,10777514.0091
688271.SH,2024-05-10,131.11,132.27,129.6,131.51,130.77,0.74,0.5659,14302.09,187751.336,0.2427,0.66,54.8982,5.6377,10838501.7002
688271.SH,2024-05-13,131.51,135.05,130.54,134.67,131.51,3.16,2.4029,26830.33,358926.526,0.4553,1.3,56.2173,5.7732,11098935.6244
688271.SH,2024-05-14,134.56,140.43,134.51,135.68,134.67,1.01,0.75,42714.66,589620.34,0.7248,2.0,56.6389,5.8165,11182175.5812
688271.SH,2024-05-15,135.21,136.65,133.2,133.2,135.68,-2.48,-1.8278,17853.84,240317.454,0.303,0.71,55.6036,5.7102,10977784.4002
688271.SH,2024-05-16,133.25,134.61,131.98,132.06,133.2,-1.14,-0.8559,18920.66,251758.533,0.3211,0.78,55.1278,5.6613,10883830.3895
688271.SH,2024-05-17,132.5,132.6,128.88,129.3,132.06,-2.76,-2.09,22440.3,292000.394,0.3808,0.93,53.9756,5.543,10656362.7848
688271.SH,2024-05-20,129.53,129.62,125.6,126.93,129.3,-2.37,-1.8329,30964.12,392821.894,0.5254,1.2,52.9863,5.4414,10461037.3417
688271.SH,2024-05-21,127.0,128.0,125.87,127.38,126.93,0.45,0.3545,18592.35,236076.889,0.3155,0.7,53.1741,5.4607,10498124.4511
688271.SH,2024-05-22,127.38,127.99,126.55,127.56,127.38,0.18,0.1413,12109.14,154002.74,0.2055,0.56,53.2493,5.4684,10512959.2949
688271.SH,2024-05-23,127.6,128.47,126.82,127.13,127.56,-0.43,-0.3371,11737.41,149737.514,0.1992,0.57,53.0698,5.4499,10477520.5014
688271.SH,2024-05-24,126.31,127.9,126.31,127.45,127.13,0.32,0.2517,12816.72,163119.247,0.2175,0.67,53.2033,5.4637,10503893.5571
688271.SH,2024-05-27,127.43,127.95,125.3,126.24,127.45,-1.21,-0.9494,14169.91,178880.805,0.2405,0.82,52.6982,5.4118,10404170.4405
688271.SH,2024-05-28,126.1,126.67,123.66,125.04,126.24,-1.2,-0.9506,11803.03,147364.479,0.2003,0.85,52.1973,5.3603,10305271.482
688271.SH,2024-05-29,125.0,126.6,124.1,124.85,125.04,-0.19,-0.152,9805.6,123116.701,0.1664,0.78,52.118,5.3522,10289612.4802
688271.SH,2024-05-30,124.88,126.5,124.11,126.04,124.85,1.19,0.9531,11282.76,141305.477,0.1915,0.94,52.6147,5.4032,10387687.2808
688271.SH,2024-05-31,126.5,127.8,126.17,127.8,126.04,1.76,1.3964,14509.88,184336.252,0.2462,1.21,53.3494,5.4787,10532739.0866
688271.SH,2024-06-03,126.01,127.8,121.2,122.7,127.8,-5.1,-3.9906,28412.54,348951.2,0.4821,2.31,51.2205,5.26,10112418.5128
688271.SH,2024-06-04,122.63,124.23,121.58,121.67,122.7,-1.03,-0.8394,19200.92,235500.47,0.3258,1.27,50.7905,5.2159,10027530.24
688271.SH,2024-06-05,121.7,122.7,120.38,121.7,121.67,0.03,0.0247,21068.27,256321.39,0.3575,1.27,50.803,5.2172,10030002.714
688271.SH,2024-06-06,121.41,122.0,120.62,121.21,121.7,-0.49,-0.4026,15104.04,183062.304,0.2563,0.8,50.5985,5.1962,9989618.9725
688271.SH,2024-06-07,120.8,123.24,119.88,121.35,121.21,0.14,0.1155,18505.04,224189.598,0.314,0.94,50.6569,5.2022,10001157.1844
688271.SH,2024-06-11,121.19,121.59,118.17,121.21,121.35,-0.14,-0.1154,30392.22,364231.071,0.5157,1.49,50.5985,5.1962,9989618.9725
688271.SH,2024-06-12,122.09,123.0,115.6,115.94,121.21,-5.27,-4.3478,46631.66,549206.034,0.7913,2.24,48.3985,4.9702,9555287.7129
688271.SH,2024-06-13,115.94,115.95,111.5,112.1,115.94,-3.84,-3.3121,70628.84,797430.122,1.1985,2.68,46.7956,4.8056,9238811.0455
688271.SH,2024-06-14,112.1,114.09,110.88,113.0,112.1,0.9,0.8029,115978.73,1306259.442,1.9681,3.2,47.1713,4.8442,9312985.2644
688271.SH,2024-06-17,112.55,112.98,110.6,112.7,113.0,-0.3,-0.2655,42478.08,473929.683,0.7208,0.75,47.046,4.8313,9288260.5248
688271.SH,2024-06-18,112.87,113.48,112.05,113.13,112.7,0.43,0.3815,24862.68,280754.853,0.4219,0.41,47.2255,4.8498,9323699.3182
688271.SH,2024-06-19,113.13,116.95,112.65,115.99,113.13,2.86,2.5281,35581.05,411670.262,0.6038,0.59,48.4194,4.9724,9559408.5028
688271.SH,2024-06-20,116.5,118.99,115.88,115.89,115.99,-0.1,-0.0862,34874.22,409921.888,0.5918,0.6,48.3777,4.9681,9551166.9229
688271.SH,2024-06-21,115.05,117.7,115.01,117.08,115.89,1.19,1.0268,18458.36,214963.892,0.3132,0.36,48.8744,5.0191,9649241.7235
688271.SH,2024-06-24,116.9,117.88,114.47,114.51,117.08,-2.57,-2.1951,23723.12,275582.14,0.4026,0.76,47.8016,4.9089,9437433.1206
688271.SH,2024-06-25,114.83,115.7,113.33,114.29,114.51,-0.22,-0.1921,25806.46,295129.934,0.4379,0.94,47.7098,4.8995,9419301.6449
688271.SH,2024-06-26,113.98,115.15,113.2,114.08,114.29,-0.21,-0.1837,16364.09,186929.434,0.2777,0.59,47.6221,4.8905,9401994.3271
688271.SH,2024-06-27,114.11,114.12,110.76,111.13,114.08,-2.95,-2.5859,17891.67,200924.247,0.3036,0.75,46.3906,4.764,9158867.7206
688271.SH,2024-06-28,111.12,112.29,109.7,109.7,111.13,-1.43,-1.2868,26695.94,296092.414,0.453,1.31,45.7937,4.7027,9041013.1284
688271.SH,2024-07-01,109.83,110.03,106.0,107.48,109.7,-2.22,-2.0237,30752.87,330340.101,0.5219,1.39,44.867,4.6076,8858050.055
688271.SH,2024-07-02,107.6,107.6,105.76,106.1,107.48,-1.38,-1.284,18468.65,196335.147,0.3134,0.79,44.2909,4.5484,8744316.2527
688271.SH,2024-07-03,106.0,106.8,104.43,104.91,106.1,-1.19,-1.1216,17705.74,186686.886,0.3005,0.8,43.7941,4.4974,8646241.4521
688271.SH,2024-07-04,104.7,105.31,103.08,103.58,104.91,-1.33,-1.2678,15538.23,161417.681,0.2637,0.7,43.2389,4.4404,8536628.4397
688271.SH,2024-07-05,103.11,108.67,103.01,108.02,103.58,4.44,4.2865,32298.3,344665.442,0.5481,1.48,45.0924,4.6307,8902554.5864
688271.SH,2024-07-08,107.8,107.89,103.83,104.11,108.02,-3.91,-3.6197,21809.77,230147.969,0.3701,0.95,43.4602,4.4631,8580308.8131
688271.SH,2024-07-09,103.31,105.6,102.32,105.02,104.11,0.91,0.8741,22506.56,233510.663,0.3819,1.06,43.84,4.5021,8655307.19
688271.SH,2024-07-10,105.02,106.7,103.92,105.12,105.02,0.1,0.0952,13326.68,140324.497,0.2261,0.61,43.8818,4.5064,8663548.7699
688271.SH,2024-07-11,108.94,109.13,106.36,107.39,105.12,2.27,2.1594,26274.53,283151.698,0.4459,1.25,44.8294,4.6037,8850632.6331
688271.SH,2024-07-12,107.25,108.3,105.88,106.66,107.39,-0.73,-0.6798,18276.95,195357.437,0.3101,0.79,44.5247,4.5724,8790469.1
688271.SH,2024-07-15,106.1,106.69,104.7,105.46,106.66,-1.2,-1.1251,13427.2,141719.426,0.2279,0.66,44.0237,4.521,8691570.1414
688271.SH,2024-07-16,105.09,106.98,105.0,105.18,105.46,-0.28,-0.2655,17887.5,189221.17,0.3035,0.95,43.9068,4.509,8668493.7178
688271.SH,2024-07-17,105.12,107.45,104.1,106.99,105.18,1.81,1.7209,26115.65,277262.269,0.4432,1.46,44.6624,4.5866,8817666.3136
688271.SH,2024-07-18,106.31,111.37,105.6,110.63,106.74,3.89,3.6444,40952.14,448648.543,0.6949,2.01,46.1819,4.7937,9117659.8212
688271.SH,2024-07-19,110.63,113.94,110.06,113.0,110.63,2.37,2.1423,37430.11,419697.801,0.6352,1.6,47.1713,4.8963,9312985.2644
688271.SH,2024-07-22,113.0,118.86,113.0,116.3,113.0,3.3,2.9204,42604.25,497881.497,0.723,1.57,48.5488,5.0393,9584957.4004
688271.SH,2024-07-23,116.5,116.5,113.24,113.28,116.3,-3.02,-2.5967,22927.27,262013.068,0.3891,0.69,47.2881,4.9085,9336061.6881
688271.SH,2024-07-24,112.61,113.73,111.11,112.14,113.28,-1.14,-1.0064,15984.25,179336.885,0.2712,0.47,46.8123,4.8591,9242107.6774
688271.SH,2024-07-25,111.5,113.15,110.8,112.14,112.14,0.0,0.0,11888.64,133590.336,0.2017,0.37,46.8123,4.8591,9242107.6774
688271.SH,2024-07-26,112.01,117.75,112.01,116.25,112.14,4.11,3.6651,27577.38,319817.684,0.468,1.05,48.528,5.0372,9580836.6105
688271.SH,2024-07-29,116.31,117.77,115.38,115.92,116.25,-0.33,-0.2839,25606.35,298697.899,0.4345,1.06,48.3902,5.0229,9553639.3969
688271.SH,2024-07-30,116.98,116.98,114.22,114.8,115.92,-1.12,-0.9662,17820.1,205003.774,0.3024,0.86,47.9227,4.9743,9461333.7022
688271.SH,2024-07-31,114.99,117.17,114.33,116.25,114.8,1.45,1.2631,28790.17,333296.186,0.4885,1.46,48.528,5.0372,9580836.6105
688271.SH,2024-08-01,116.5,116.55,111.5,112.15,116.25,-4.1,-3.5269,28716.02,325011.211,0.4873,1.29,46.8164,4.8595,9242931.8354
688271.SH,2024-08-02,111.55,115.68,111.55,113.3,112.15,1.15,1.0254,26056.64,297589.229,0.4422,1.01,47.2965,4.9093,9337710.004
688271.SH,2024-08-05,112.0,116.51,111.9,114.32,113.3,1.02,0.9003,25639.41,295248.748,0.4351,1.01,47.7223,4.9535,9421774.1188
688271.SH,2024-08-06,115.41,119.97,115.02,118.06,114.32,3.74,3.2715,33250.55,392482.094,0.5642,1.31,49.2835,5.1156,9730009.2063
688271.SH,2024-08-07,118.0,119.77,117.06,119.28,118.06,1.22,1.0334,20278.71,240957.909,0.3441,0.71,49.7928,5.1685,9830556.4809
688271.SH,2024-08-08,118.88,119.63,117.28,118.1,119.28,-1.18,-0.9893,12699.69,150323.773,0.2155,0.47,49.3002,5.1173,9733305.8383
688271.SH,2024-08-09,118.73,118.85,113.7,115.13,118.1,-2.97,-2.5148,28119.24,324006.634,0.4772,1.19,48.0604,4.9886,9488530.9158
688271.SH,2024-08-12,115.0,116.35,114.06,115.43,115.13,0.3,0.2606,15385.03,177432.038,0.2611,0.64,48.1856,5.0016,9513255.6555
688271.SH,2024-08-13,115.8,115.8,114.08,115.29,115.43,-0.14,-0.1213,11716.98,134501.044,0.1988,0.53,48.1272,4.9956,9501717.4437
688271.SH,2024-08-14,114.55,116.58,114.4,115.49,115.29,0.2,0.1735,10268.82,118555.346,0.1743,0.58,48.2107,5.0042,9518200.6034
688271.SH,2024-08-15,115.49,117.68,114.14,114.6,115.49,-0.89,-0.7706,17364.23,200872.808,0.2947,1.11,47.8392,4.9657,9444850.5425
688271.SH,2024-08-16,114.12,114.98,110.33,111.0,114.6,-3.6,-3.1414,27063.51,302931.567,0.4592,1.63,46.3364,4.8097,9148153.6668
688271.SH,2024-08-19,111.8,111.88,106.68,107.07,111.0,-3.93,-3.5405,28806.01,311084.688,0.4888,1.76,44.6958,4.6394,8824259.5775
688271.SH,2024-08-20,106.53,107.31,105.66,106.8,107.07,-0.27,-0.2522,16044.56,170582.264,0.2723,0.84,44.5831,4.6277,8802007.3118
688271.SH,2024-08-21,106.57,108.22,105.03,105.28,106.8,-1.52,-1.4232,14310.89,151662.65,0.2428,0.72,43.9486,4.5618,8676735.2977
688271.SH,2024-08-22,105.65,106.26,104.17,105.83,105.28,0.55,0.5224,15514.64,163473.674,0.2615,0.75,44.1782,4.5857,8722063.987
688271.SH,2024-08-23,105.83,106.98,103.8,106.53,105.83,0.7,0.6614,15832.25,166589.5,0.2669,0.78,44.4704,4.616,8779755.0462
688271.SH,2024-08-26,106.22,107.4,105.04,105.4,106.53,-1.13,-1.0607,15541.91,164702.344,0.262,0.86,43.9987,4.567,8686625.1935
688271.SH,2024-08-27,105.03,106.1,102.9,103.96,105.4,-1.44,-1.3662,17827.32,185374.515,0.3005,1.15,43.3976,4.5046,8567946.4432
688271.SH,2024-08-28,103.1,104.88,102.56,102.95,103.96,-1.01,-0.9715,13019.01,134762.798,0.2194,0.82,42.9759,4.4609,8484706.4865
688271.SH,2024-08-29,102.99,105.16,102.28,104.08,102.95,1.13,1.0976,15149.37,157824.995,0.2553,0.97,43.4477,4.5098,8577836.3391
688271.SH,2024-08-30,104.37,106.98,103.28,105.71,104.08,1.63,1.5661,32345.62,341824.665,0.5452,2.09,44.1281,4.5805,8712174.0911
688271.SH,2024-09-02,104.0,106.11,102.34,104.2,105.71,-1.51,-1.4284,37368.58,389045.263,0.6298,1.99,43.4977,4.3842,8587726.235
688271.SH,2024-09-03,103.85,106.9,102.88,102.98,104.2,-1.22,-1.1708,28431.22,297083.093,0.4792,1.23,42.9885,4.3329,8487178.9604
688271.SH,2024-09-04,103.0,103.97,101.59,102.95,102.98,-0.03,-0.0291,18751.41,193059.758,0.3161,0.74,42.9759,4.3316,8484706.4865
688271.SH,2024-09-05,102.96,104.15,102.67,103.95,102.95,1.0,0.9713,16404.71,169723.434,0.2765,0.62,43.3934,4.3737,8567122.2853
688271.SH,2024-09-06,103.96,105.22,102.75,102.75,103.95,-1.2,-1.1544,12888.66,133854.943,0.2172,0.48,42.8924,4.3232,8468223.3267
688271.SH,2024-09-09,102.7,103.5,98.51,98.81,102.75,-3.94,-3.8345,32992.7,330464.325,0.5561,1.45,41.2477,4.1574,8143505.0794
688271.SH,2024-09-10,99.27,99.27,96.17,98.16,98.81,-0.65,-0.6578,23539.95,229675.61,0.3968,1.08,40.9764,4.1301,8089934.8102
688271.SH,2024-09-11,98.16,99.55,97.2,97.62,98.16,-0.54,-0.5501,22206.22,218618.381,0.3743,1.06,40.751,4.1074,8045430.2789
688271.SH,2024-09-12,98.09,98.3,96.18,96.36,97.62,-1.26,-1.2907,19212.41,186648.704,0.3238,0.89,40.225,4.0543,7941586.3724
688271.SH,2024-09-13,96.41,97.52,95.18,97.52,96.36,1.16,1.2038,22742.86,219286.51,0.3833,1.03,40.7092,4.1032,8037188.699
688271.SH,2024-09-18,97.58,97.6,92.0,93.2,97.52,-4.32,-4.4299,30127.61,282895.936,0.5078,1.25,38.9059,3.9214,7681152.4482
688271.SH,2024-09-19,93.6,94.6,92.3,93.85,93.2,0.65,0.6974,24172.59,226779.471,0.4074,1.03,39.1772,3.9487,7734722.7174
688271.SH,2024-09-20,93.91,94.98,92.63,94.9,93.85,1.05,1.1188,17640.86,166019.918,0.2973,0.74,39.6155,3.9929,7821259.3061
688271.SH,2024-09-23,94.76,95.22,92.81,92.81,94.9,-2.09,-2.2023,20146.04,188160.062,0.3396,0.88,38.743,3.905,7649010.2866
688271.SH,2024-09-24,93.93,98.59,93.18,98.3,92.81,5.49,5.9153,37522.98,361044.429,0.6324,1.63,41.0348,4.136,8101473.022
688271.SH,2024-09-25,99.02,101.2,99.01,99.89,98.3,1.59,1.6175,31912.52,319797.958,0.5379,1.23,41.6986,4.2029,8232514.1421
688271.SH,2024-09-26,99.89,105.5,99.2,105.23,99.89,5.34,5.3459,33402.63,342033.181,0.563,1.27,43.9277,4.4276,8672614.5077
688271.SH,2024-09-27,107.0,117.96,106.89,114.96,105.23,9.73,9.2464,39180.2,436887.08,0.6604,1.39,47.9894,4.8369,9474520.23
688271.SH,2024-09-30,119.0,128.5,116.99,128.0,114.96,13.04,11.3431,103632.02,1278485.587,1.7467,3.2,53.4329,5.3856,10549222.2464
688271.SH,2024-10-08,152.0,152.0,133.53,139.54,128.0,11.54,9.0156,164989.92,2343186.194,2.7809,3.36,58.2502,5.8711,11500300.5646
688271.SH,2024-10-09,135.13,141.97,125.88,126.21,139.54,-13.33,-9.5528,124588.92,1673047.848,2.0999,1.67,52.6857,5.3103,10401697.9665
688271.SH,2024-10-10,129.24,134.99,123.0,124.65,126.09,-1.44,-1.142,91892.71,1165070.884,1.5488,0.99,52.0345,5.2711,10273129.3204
688271.SH,2024-10-11,128.0,128.0,118.88,119.58,124.65,-5.07,-4.0674,50628.83,611772.377,0.8533,0.48,49.918,5.0567,9855281.2205
688271.SH,2024-10-14,119.66,120.65,114.5,119.12,119.58,-0.46,-0.3847,64465.98,759150.587,1.0866,0.6,49.726,5.0372,9817369.9531
688271.SH,2024-10-15,118.94,118.94,113.48,113.48,119.12,-5.64,-4.7347,55894.05,647702.794,0.9421,0.56,47.3716,4.7987,9352544.8478
688271.SH,2024-10-16,112.4,114.0,110.98,111.89,113.48,-1.59,-1.4011,42918.02,482433.11,0.7234,0.55,46.7079,4.7315,9221503.7277
688271.SH,2024-10-17,112.75,113.23,110.03,110.35,111.89,-1.54,-1.3764,40122.26,445826.738,0.6763,0.66,46.065,4.6664,9094583.3976
688271.SH,2024-10-18,110.35,120.88,108.83,115.7,110.35,5.35,4.8482,87061.82,995718.023,1.4674,1.71,48.2984,4.8926,9535507.9212
688271.SH,2024-10-21,116.14,118.5,113.79,116.3,115.7,0.6,0.5186,75823.6,879271.518,1.278,1.31,48.5488,4.918,9584957.4004
688271.SH,2024-10-22,116.49,118.65,113.8,116.01,116.3,-0.29,-0.2494,60724.9,708457.849,1.0235,1.01,48.4278,4.9057,9561056.8188
688271.SH,2024-10-23,117.0,121.15,115.58,120.22,116.01,4.21,3.629,81526.59,967274.634,1.3741,1.33,50.1852,5.0838,9908027.3317
688271.SH,2024-10-24,119.62,123.44,118.0,121.38,120.22,1.16,0.9649,66638.49,808712.691,1.1232,0.97,50.6694,5.1328,10003629.6583
688271.SH,2024-10-25,119.91,123.7,118.74,121.76,121.38,0.38,0.3131,59254.52,717361.506,0.9987,0.8,50.8281,5.1489,10034947.6619
688271.SH,2024-10-28,121.8,125.69,121.02,125.0,121.76,3.24,2.661,58549.78,727970.69,0.9869,0.85,52.1806,5.2859,10301974.85
688271.SH,2024-10-29,126.0,126.13,122.4,123.56,125.0,-1.44,-1.152,45019.41,556565.309,0.7588,0.69,51.5795,5.225,10183296.0997
688271.SH,2024-10-30,123.0,125.0,120.88,121.16,123.56,-2.4,-1.9424,46218.81,567897.06,0.779,0.74,50.5776,5.1235,9985498.1826
688271.SH,2024-10-31,115.8,123.47,115.0,122.18,121.16,1.02,0.8419,77559.31,923285.933,1.3073,1.41,51.0034,5.1666,10069562.2974
688271.SH,2024-11-01,121.0,125.87,119.64,123.8,122.18,1.62,1.3259,58286.81,716737.637,0.9824,1.02,51.6797,5.3344,10203075.8914
688271.SH,2024-11-04,123.96,124.98,119.65,121.25,123.8,-2.55,-2.0598,37210.67,450673.279,0.6272,0.65,50.6152,5.2245,9992915.6045
688271.SH,2024-11-05,121.15,123.6,120.51,123.28,121.25,2.03,1.6742,48969.39,598347.583,0.8254,0.93,51.4626,5.312,10160219.6761
688271.SH,2024-11-06,123.28,124.94,118.46,120.16,123.28,-3.12,-2.5308,61714.64,747508.905,1.0402,1.15,50.1602,5.1776,9903082.3838
688271.SH,2024-11-07,118.95,124.99,117.46,124.98,120.16,4.82,4.0113,56645.53,693283.279,0.9548,1.0,52.1722,5.3853,10300326.534
688271.SH,2024-11-08,125.01,134.18,125.01,130.62,124.98,5.64,4.5127,88797.72,1161406.958,1.4967,1.69,54.5266,5.6283,10765151.6393
688271.SH,2024-11-11,128.0,137.72,127.5,136.8,130.62,6.18,4.7313,96470.94,1299132.298,1.626,1.64,57.1064,5.8946,11274481.2758
688271.SH,2024-11-12,136.32,144.66,136.3,139.4,136.8,2.6,1.9006,97664.09,1375201.595,1.6461,1.38,58.1918,6.0066,11488762.3527
688271.SH,2024-11-13,139.88,142.98,136.95,140.35,139.4,0.95,0.6815,64869.68,904988.771,1.0934,0.81,58.5884,6.0475,11567057.3616
688271.SH,2024-11-14,140.0,140.25,136.61,137.88,140.35,-2.47,-1.7599,38512.58,531774.505,0.6491,0.48,57.5573,5.9411,11363490.3385
688271.SH,2024-11-15,137.0,140.2,135.0,135.0,137.88,-2.88,-2.0888,38275.17,527553.442,0.6451,0.5,56.355,5.817,11126132.838
688271.SH,2024-11-18,135.0,137.36,130.6,132.1,135.0,-2.9,-2.1481,44484.15,596118.398,0.7498,0.66,55.1445,5.6921,10887127.0215
688271.SH,2024-11-19,133.52,137.72,131.66,137.2,132.1,5.1,3.8607,28769.54,387489.187,0.4849,0.51,57.2734,5.9118,11307447.5954
688271.SH,2024-11-20,136.0,145.23,135.47,143.7,137.2,6.5,4.7376,63308.73,902551.538,1.0671,1.47,59.9868,6.1919,11843150.2876
688271.SH,2024-11-21,143.28,144.49,135.55,138.69,143.7,-5.01,-3.4864,61097.44,842970.661,1.0298,1.43,57.8954,5.976,11430247.1356
688271.SH,2024-11-22,138.9,138.97,133.59,134.5,138.69,-4.19,-3.0211,41074.86,559007.868,0.6923,0.87,56.1463,5.7955,11084924.9386
688271.SH,2024-11-25,134.49,136.73,128.4,130.7,134.5,-3.8,-2.8253,59615.13,787506.646,1.0048,1.25,54.56,5.6317,10771744.9032
688271.SH,2024-11-26,130.57,132.56,128.4,130.0,130.7,-0.7,-0.5356,28166.04,368687.9,0.4747,0.55,54.2678,5.6016,10714053.844
688271.SH,2024-11-27,128.76,133.3,127.75,132.94,130.0,2.94,2.2615,34217.78,447982.657,0.5767,0.68,55.4951,5.7283,10956356.2925
688271.SH,2024-11-28,132.94,133.32,128.58,129.83,132.94,-3.11,-2.3394,27750.02,361565.421,0.4677,0.62,54.1969,5.5943,10700043.1582
688271.SH,2024-11-29,129.8,132.33,129.14,131.15,129.83,1.32,1.0167,31368.5,411699.769,0.5287,0.82,54.7479,5.6511,10808832.0126
688271.SH,2024-12-02,134.0,140.45,133.77,140.0,131.15,8.85,6.748,64179.61,891293.198,1.0817,1.77,58.4423,6.0325,11538211.832
688271.SH,2024-12-03,139.61,140.78,138.4,140.0,140.0,0.0,0.0,37740.31,527425.429,0.6361,1.02,58.4423,6.0325,11538211.832
688271.SH,2024-12-04,139.21,140.28,136.55,139.39,140.0,-0.61,-0.4357,34663.91,481942.445,0.5843,0.89,58.1876,6.0062,11487938.1947
688271.SH,2024-12-05,139.58,141.29,138.25,139.7,139.39,0.31,0.2224,28977.61,404936.638,0.4884,0.74,58.317,6.0195,11513487.0924
688271.SH,2024-12-06,144.5,144.9,138.25,140.11,139.7,0.41,0.2935,41029.02,575761.429,0.6915,1.04,58.4882,6.0372,11547277.5699
688271.SH,2024-12-09,140.11,142.88,139.0,141.0,140.11,0.89,0.6352,35784.4,503085.829,0.6031,0.87,58.8597,6.0756,11620627.6308
688271.SH,2024-12-10,147.0,147.96,138.9,139.21,141.0,-1.79,-1.2695,51257.63,726470.356,0.8639,1.44,58.1125,5.9984,11473103.3509
688271.SH,2024-12-11,138.52,141.48,137.9,141.2,139.21,1.99,1.4295,44611.27,625331.33,0.7519,1.16,58.9432,6.0842,11637110.7906
688271.SH,2024-12-12,142.0,143.3,138.27,139.03,141.2,-2.17,-1.5368,60011.89,841709.328,1.0115,1.49,58.0373,5.9907,11458268.5072
688271.SH,2024-12-13,138.99,142.41,133.5,133.5,139.03,-5.53,-3.9776,152568.19,2093574.648,2.5715,3.28,55.7289,5.7524,11002509.1398
688271.SH,2024-12-16,134.03,135.87,131.89,134.34,133.5,0.84,0.6292,50396.0,675499.407,0.8494,0.73,56.0795,5.7886,11071738.4108
688271.SH,2024-12-17,135.21,135.22,130.57,130.7,134.34,-3.64,-2.7095,33894.05,447659.319,0.5713,0.47,54.56,5.6317,10771744.9032
688271.SH,2024-12-18,131.0,133.01,130.7,132.11,130.7,1.41,1.0788,24182.8,319215.856,0.4076,0.35,55.1486,5.6925,10887951.1795
688271.SH,2024-12-19,131.18,132.08,128.18,128.61,132.11,-3.5,-2.6493,34439.33,445211.746,0.5805,0.54,53.6876,5.5417,10599495.8837
688271.SH,2024-12-20,128.01,129.23,124.11,124.59,128.61,-4.02,-3.1257,45379.42,574361.152,0.7649,0.77,52.0094,5.3685,10268184.3725
688271.SH,2024-12-23,124.5,126.58,123.2,125.01,124.59,0.42,0.3371,31938.35,397798.221,0.5383,0.85,52.1848,5.3866,10302799.008
688271.SH,2024-12-24,124.66,127.51,124.5,127.05,125.01,2.04,1.6319,26987.85,341095.745,0.4549,0.79,53.0364,5.4745,10470927.2375
688271.SH,2024-12-25,129.0,132.42,128.17,130.35,127.05,3.3,2.5974,39149.2,509915.718,0.6599,1.2,54.4139,5.6167,10742899.3736
688271.SH,2024-12-26,129.5,130.32,127.0,127.36,130.35,-2.99,-2.2938,28984.08,372415.12,0.4885,0.81,53.1658,5.4878,10496476.1352
688271.SH,2024-12-27,127.36,128.28,125.51,126.91,127.36,-0.45,-0.3533,27000.41,342864.98,0.4551,0.78,52.9779,5.4684,10459389.0257
688271.SH,2024-12-30,126.35,127.5,124.63,126.25,126.91,-0.66,-0.5201,25685.87,323349.507,0.4329,0.83,52.7024,5.44,10404994.5985
688271.SH,2024-12-31,125.97,128.63,125.52,126.4,126.25,0.15,0.1188,29528.84,376059.719,0.4977,1.0,52.765,5.4465,10417356.9683
688271.SH,2025-01-02,127.5,127.8,124.81,126.1,126.4,-0.3,-0.2373,35724.88,451259.208,0.6021,1.19,52.6398,5.4335,10392632.2287
688271.SH,2025-01-03,125.0,129.84,125.0,126.84,126.1,0.74,0.5868,30455.91,388502.292,0.5133,1.04,52.9487,5.4654,10453619.9198
688271.SH,2025-01-06,126.91,128.71,124.34,124.79,126.84,-2.05,-1.6162,25645.07,323087.934,0.4322,0.86,52.0929,5.3771,10284667.5323
688271.SH,2025-01-07,124.51,124.84,120.4,120.53,124.79,-4.26,-3.4137,31167.14,379593.593,0.5253,1.06,50.3146,5.1935,9933576.2294
688271.SH,2025-01-08,122.44,122.44,118.18,119.11,120.53,-1.42,-1.1781,31761.92,380515.514,0.5353,1.04,49.7218,5.1323,9816545.7951
688271.SH,2025-01-09,118.21,119.8,117.48,117.5,119.11,-1.61,-1.3517,20383.34,241329.135,0.3436,0.66,49.0498,5.063,9683856.359
688271.SH,2025-01-10,118.05,122.49,117.09,119.06,117.5,1.56,1.3277,36845.16,442859.743,0.621,1.32,49.701,5.1302,9812425.0051
688271.SH,2025-01-13,119.85,124.35,118.61,123.6,119.06,4.54,3.8132,44649.66,548942.411,0.7526,1.53,51.5962,5.3258,10186592.7317
688271.SH,2025-01-14,123.5,126.8,123.5,125.83,123.6,2.23,1.8042,38581.79,483491.437,0.6503,1.17,52.5271,5.4219,10370379.963
688271.SH,2025-01-15,125.0,126.3,122.47,123.0,125.83,-2.83,-2.2491,26152.18,323639.778,0.4408,0.76,51.3457,5.3,10137143.2524
688271.SH,2025-01-16,122.11,125.82,122.11,124.62,123.0,1.62,1.3171,27141.7,337564.428,0.4575,0.81,52.022,5.3698,10270656.8465
688271.SH,2025-01-17,125.0,125.0,121.5,122.4,124.62,-2.22,-1.7814,22965.17,282228.734,0.3871,0.66,51.0952,5.2741,10087693.7731
688271.SH,2025-01-20,123.53,125.58,121.8,122.2,122.4,-0.2,-0.1634,20352.93,251458.096,0.343,0.64,51.0118,5.2655,10071210.6134
688271.SH,2025-01-21,123.43,123.93,120.75,121.5,122.2,-0.7,-0.5728,14845.13,180826.723,0.2502,0.55,50.7195,5.2353,10013519.5542
688271.SH,2025-01-22,121.5,122.79,120.46,122.32,121.5,0.82,0.6749,14901.73,180857.512,0.2512,0.67,51.0618,5.2707,10081100.5092
688271.SH,2025-01-23,122.6,125.15,122.31,124.02,122.32,1.7,1.3898,23153.83,287165.146,0.3903,1.16,51.7715,5.3439,10221207.3672
688271.SH,2025-01-24,124.02,124.02,120.67,121.94,124.02,-2.08,-1.6771,22421.7,273833.312,0.3779,1.17,50.9032,5.2543,10049782.5057
688271.SH,2025-01-27,121.8,126.6,121.61,124.39,121.94,2.45,2.0092,23487.26,293477.246,0.3959,1.23,51.926,5.3598,10251701.2127
688271.SH,2025-02-05,126.0,126.3,116.49,116.78,124.39,-7.61,-6.1179,49785.37,595354.13,0.8391,2.52,48.7492,5.0319,9624516.9839
688271.SH,2025-02-06,116.81,120.0,115.49,119.02,116.78,2.24,1.9181,42162.61,495029.209,0.7106,1.58,49.6843,5.1285,9809128.3732
688271.SH,2025-02-07,119.44,123.15,118.44,120.0,119.02,0.98,0.8234,42773.16,513813.288,0.7209,1.33,50.0934,5.1707,9889895.856
688271.SH,2025-02-10,120.28,128.48,119.58,127.9,120.0,7.9,6.5833,68662.24,862613.136,1.1573,1.9,53.3912,5.5111,10540980.6665
688271.SH,2025-02-11,129.0,131.7,128.0,130.48,127.9,2.58,2.0172,52295.5,682246.054,0.8814,1.15,54.4682,5.6223,10753613.4274
688271.SH,2025-02-12,129.3,130.8,128.1,130.25,130.48,-0.23,-0.1763,32473.67,421387.378,0.5473,0.64,54.3722,5.6123,10734657.7937
688271.SH,2025-02-13,130.25,130.79,125.88,126.93,130.25,-3.32,-2.5489,32829.77,419465.369,0.5533,0.69,52.9863,5.4693,10461037.3417
688271.SH,2025-02-14,127.41,139.43,127.41,135.19,126.93,8.26,6.5075,68652.38,918745.969,1.1571,1.5,56.4344,5.8252,11141791.8398
688271.SH,2025-02-17,138.75,140.6,134.81,134.9,135.19,-0.29,-0.2145,78699.8,1084868.539,1.3265,1.54,56.3133,5.8127,11117891.2581
688271.SH,2025-02-18,133.9,134.8,130.52,131.6,134.9,-3.3,-2.4463,37965.06,504761.795,0.6399,0.72,54.9357,5.6705,10845919.1221
688271.SH,2025-02-19,131.6,132.5,129.28,130.26,131.6,-1.34,-1.0182,41181.56,536256.827,0.6941,0.82,54.3764,5.6128,10735481.9517
688271.SH,2025-02-20,131.3,143.28,131.3,141.76,130.26,11.5,8.8285,97800.65,1360168.721,1.6484,1.89,59.177,6.1083,11683263.6379
688271.SH,2025-02-21,141.77,143.45,138.06,140.52,141.76,-1.24,-0.8747,80984.24,1134052.088,1.365,1.25,58.6593,6.0549,11581068.0474
688271.SH,2025-02-24,141.0,141.88,137.0,139.55,140.52,-0.97,-0.6903,52812.84,739150.943,0.8902,0.78,58.2544,6.0131,11501124.7225
688271.SH,2025-02-25,138.0,144.39,137.91,140.4,139.55,0.85,0.6091,61529.37,871893.022,1.0371,0.99,58.6092,6.0497,11571178.1515
688271.SH,2025-02-26,140.71,141.3,137.01,138.0,140.4,-2.4,-1.7094,50906.84,705838.419,0.858,0.76,57.6074,5.9463,11373380.2344
688271.SH,2025-02-27,138.1,141.42,137.17,139.3,138.0,1.3,0.942,46420.57,645900.998,0.7824,0.67,58.1501,6.0023,11480520.7728
688271.SH,2025-02-28,138.0,140.6,133.94,134.95,139.3,-4.35,-3.1228,62426.54,852522.228,1.0522,1.07,56.3342,5.5881,11122012.0481
688271.SH,2025-03-03,135.05,137.28,133.09,134.79,134.95,-0.16,-0.1186,32681.18,442082.116,0.5508,0.6,56.2674,5.5814,11108825.5203
688271.SH,2025-03-04,134.78,138.1,133.5,136.5,134.79,1.71,1.2686,36862.45,501770.206,0.6213,0.73,56.9812,5.6522,11249756.5362
688271.SH,2025-03-05,136.51,136.51,133.69,134.29,136.5,-2.21,-1.619,29820.9,401095.091,0.5026,0.65,56.0587,5.5607,11067617.6209
688271.SH,2025-03-06,135.0,135.52,130.77,135.12,134.29,0.83,0.6181,59164.66,790413.993,0.9972,1.42,56.4051,5.5951,11136022.7339
688271.SH,2025-03-07,134.68,135.0,130.84,131.72,135.12,-3.4,-2.5163,40884.58,540375.015,0.6891,0.93,54.9858,5.4543,10855809.0179
688271.SH,2025-03-10,137.0,137.88,132.74,135.8,131.72,4.08,3.0975,53630.39,723582.564,0.9039,1.34,56.689,5.6233,11192065.477
688271.SH,2025-03-11,133.27,135.33,132.32,132.66,135.8,-3.14,-2.3122,37624.43,502395.954,0.6342,0.85,55.3782,5.4932,10933279.8688
688271.SH,2025-03-12,133.0,133.24,129.99,130.14,132.66,-2.52,-1.8996,34939.38,459174.734,0.5889,0.79,54.3263,5.3889,10725592.0558
688271.SH,2025-03-13,129.81,130.98,128.55,129.98,130.14,-0.16,-0.1229,36671.14,475558.024,0.6181,0.81,54.2595,5.3823,10712405.528
688271.SH,2025-03-14,130.0,131.96,129.01,130.85,129.98,0.87,0.6693,35204.13,460807.79,0.5934,0.86,54.6226,5.4183,10784107.273
688271.SH,2025-03-17,130.0,130.0,124.18,126.54,130.85,-4.31,-3.2938,75228.22,948014.899,1.268,1.9,52.8235,5.2398,10428895.1802
688271.SH,2025-03-18,126.0,128.51,125.16,127.5,126.54,0.96,0.7587,45320.29,575209.02,0.7639,1.03,53.2242,5.2796,10508014.347
688271.SH,2025-03-19,127.02,129.2,126.34,129.07,127.5,1.57,1.2314,35165.35,450127.797,0.5927,0.77,53.8796,5.3446,10637407.1511
688271.SH,2025-03-20,129.08,129.66,127.73,127.85,129.07,-1.22,-0.9452,21884.84,281237.726,0.3689,0.48,53.3703,5.2941,10536859.8766
688271.SH,2025-03-21,127.61,128.77,126.0,127.51,127.85,-0.34,-0.2659,25068.04,319476.366,0.4225,0.59,53.2284,5.28,10508838.505
688271.SH,2025-03-24,126.5,127.21,122.35,123.0,127.51,-4.51,-3.537,43645.38,539818.783,0.7356,1.08,51.3457,5.0932,10137143.2524
688271.SH,2025-03-25,123.5,124.85,123.03,124.2,123.0,1.2,0.9756,23254.35,288081.569,0.3919,0.68,51.8466,5.1429,10236042.211
688271.SH,2025-03-26,123.0,125.82,123.0,124.47,124.2,0.27,0.2174,18971.57,236864.1,0.3198,0.64,51.9593,5.1541,10258294.4766
688271.SH,2025-03-27,124.0,124.64,122.65,123.3,124.47,-1.17,-0.94,23048.17,284604.555,0.3885,0.87,51.4709,5.1057,10161867.992
688271.SH,2025-03-28,123.15,124.58,121.9,122.3,123.3,-1.0,-0.811,23284.23,286675.337,0.3925,0.87,51.0535,5.0642,10079452.1932
688271.SH,2025-03-31,122.85,122.98,120.51,121.99,122.3,-0.31,-0.2535,20015.06,243437.504,0.3374,0.76,50.9241,5.0514,10053903.2956
688271.SH,2025-04-01,122.4,127.88,121.53,127.18,121.99,5.19,4.2544,52674.65,659779.432,0.8878,2.43,53.0906,5.2663,10481641.2914
688271.SH,2025-04-02,126.01,127.37,123.9,124.49,127.18,-2.69,-2.1151,28967.22,363306.175,0.4882,1.05,51.9677,5.1549,10259942.7926
688271.SH,2025-04-03,124.1,125.63,122.71,124.5,124.49,0.01,0.008,21254.81,264527.044,0.3582,0.72,51.9719,5.1553,10260766.9506
688271.SH,2025-04-07,122.9,130.62,117.1,126.0,124.5,1.5,1.2048,130167.38,1646356.287,2.194,4.45,52.598,5.2175,10384390.6488
688271.SH,2025-04-08,124.03,131.6,124.01,131.6,126.0,5.6,4.4444,109841.51,1418310.584,1.8514,2.17,54.9357,5.4493,10845919.1221
688271.SH,2025-04-09,129.33,135.37,128.47,135.05,131.6,3.45,2.6216,86285.69,1146310.269,1.4543,1.26,56.3759,5.5922,11130253.6279
688271.SH,2025-04-10,136.97,136.97,131.8,135.07,135.05,0.02,0.0148,64109.22,855948.515,1.0806,0.85,56.3843,5.593,11131901.9439
688271.SH,2025-04-11,133.01,133.78,129.7,132.2,135.07,-2.87,-2.1248,56767.31,746312.323,0.9568,0.69,55.1862,5.4742,10895368.6014
688271.SH,2025-04-14,132.31,132.96,130.0,130.9,132.2,-1.3,-0.9834,38261.52,501837.071,0.6449,0.43,54.6435,5.4204,10788228.0629
688271.SH,2025-04-15,131.0,131.0,128.66,130.9,130.9,0.0,0.0,32070.09,416421.194,0.5405,0.45,54.6435,5.4204,10788228.0629
688271.SH,2025-04-16,130.61,132.99,128.0,132.99,130.9,2.09,1.5966,44732.12,586034.222,0.754,0.81,55.516,5.5069,10960477.0824
688271.SH,2025-04-17,132.1,133.46,128.63,130.89,132.99,-2.1,-1.5791,39330.14,514226.002,0.6629,0.83,54.6393,5.4199,10787403.9049
688271.SH,2025-04-18,129.48,130.88,128.73,129.92,130.89,-0.97,-0.7411,18709.39,242797.955,0.3153,0.44,54.2344,5.3798,10707460.5801
688271.SH,2025-04-21,129.99,130.35,128.2,128.9,129.92,-1.02,-0.7851,18401.1,237217.102,0.3101,0.53,53.8086,5.3375,10623396.4653
688271.SH,2025-04-22,128.88,129.18,125.0,125.56,128.9,-3.34,-2.5912,39469.25,498577.028,0.6653,1.29,52.4144,5.1992,10348127.6973
688271.SH,2025-04-23,125.7,128.58,125.7,127.1,125.56,1.54,1.2265,31974.1,408092.778,0.5389,1.0,53.0572,5.263,10475048.0275
688271.SH,2025-04-24,126.78,129.25,126.06,126.1,127.1,-1.0,-0.7868,18187.44,231412.767,0.3065,0.61,52.6398,5.2216,10392632.2287
688271.SH,2025-04-25,126.32,127.48,125.58,127.42,126.1,1.32,1.0468,19753.52,250070.528,0.3329,0.78,53.1908,5.2763,10501421.0831
688271.SH,2025-04-28,127.1,127.4,124.07,124.69,127.42,-2.73,-2.1425,23094.44,289082.354,0.3893,0.9,52.0512,5.1632,10276425.9524
688271.SH,2025-04-29,124.51,131.02,124.51,129.16,124.69,4.47,3.5849,53454.9,691013.435,0.901,2.02,84.3576,5.2478,10644824.573
688271.SH,2025-04-30,129.33,133.32,129.33,132.9,129.16,3.74,2.8956,55079.87,728643.226,0.9284,1.88,86.8003,5.3998,10953059.6605
688271.SH,2025-05-06,132.0,136.4,132.0,134.25,132.9,1.35,1.0158,42638.44,573709.765,0.7187,1.26,87.682,5.4546,11064320.9889
688271.SH,2025-05-07,135.82,135.95,133.52,135.78,134.25,1.53,1.1397,42287.44,570489.471,0.7128,1.09,88.6813,5.5168,11190417.1611
688271.SH,2025-05-08,135.51,135.73,134.1,135.2,135.78,-0.58,-0.4272,22825.64,308009.754,0.3847,0.53,88.3024,5.4932,11142615.9978
688271.SH,2025-05-09,135.2,137.36,134.52,136.68,135.2,1.48,1.0947,25937.02,354049.086,0.4372,0.6,89.2691,5.5534,11264591.38
688271.SH,2025-05-12,138.0,140.0,135.59,139.9,136.68,3.22,2.3559,35465.3,492217.107,0.5978,0.94,91.3721,5.6842,11529970.2521
688271.SH,2025-05-13,140.0,140.15,137.2,138.78,139.9,-1.12,-0.8006,36906.95,512212.733,0.6221,1.09,90.6406,5.6387,11437664.5575
688271.SH,2025-05-14,138.7,139.8,137.81,138.35,138.78,-0.43,-0.3098,19709.48,273183.718,0.3322,0.6,90.3598,5.6212,11402225.764
688271.SH,2025-05-15,138.8,138.87,136.92,137.6,138.35,-0.75,-0.5421,22036.36,303449.037,0.3714,0.78,89.8699,5.5907,11340413.9149
688271.SH,2025-05-16,137.26,137.96,136.0,137.83,137.6,0.23,0.1672,22878.01,312684.036,0.3856,0.82,90.0202,5.6001,11359369.5486
688271.SH,2025-05-19,136.79,138.99,136.01,138.23,137.83,0.4,0.2902,19103.17,263565.595,0.322,0.7,90.2814,5.6163,11392335.8681
688271.SH,2025-05-20,137.73,139.07,137.26,138.03,138.23,-0.2,-0.1447,17953.97,247977.165,0.3026,0.74,90.1508,5.6082,11375852.7084
688271.SH,2025-05-21,138.0,139.95,137.66,139.06,138.03,1.03,0.7462,20492.75,284618.524,0.3454,1.01,90.8235,5.6501,11460740.9811
688271.SH,2025-05-22,139.0,139.27,136.5,136.99,139.06,-2.07,-1.4886,17763.56,244067.269,0.2994,0.87,89.4715,5.566,11290140.2776
688271.SH,2025-05-23,136.72,139.98,136.5,138.0,136.99,1.01,0.7373,19589.58,270922.683,0.3302,1.0,90.1312,5.607,11373380.2344
688271.SH,2025-05-26,137.59,139.25,136.69,138.68,138.0,0.68,0.4928,20131.14,278621.194,0.3393,1.06,90.5753,5.6346,11429422.9776
688271.SH,2025-05-27,138.88,139.2,137.0,137.65,138.68,-1.03,-0.7427,17529.64,241897.825,0.2955,0.91,89.9026,5.5928,11344534.7048
688271.SH,2025-05-28,137.2,138.97,136.6,137.74,137.65,0.09,0.0654,15895.08,219443.481,0.2679,0.83,89.9614,5.5964,11351952.1267
688271.SH,2025-05-29,137.9,138.8,136.5,138.25,137.74,0.51,0.3703,19278.22,265690.471,0.3249,1.06,90.2945,5.6171,11393984.1841
688271.SH,2025-05-30,138.78,140.89,136.78,137.43,138.25,-0.82,-0.5931,34440.91,477190.997,0.5805,1.86,89.7589,5.5838,11326403.2291
688271.SH,2025-06-03,141.27,143.9,138.02,142.02,137.43,4.59,3.3399,67700.28,961848.596,1.1411,3.16,92.7568,5.7703,11704691.7456
688271.SH,2025-06-04,141.4,142.29,133.73,137.98,142.02,-4.04,-2.8447,47282.35,648412.535,0.7969,1.53,90.1181,5.6062,11371731.9184
688271.SH,2025-06-05,137.3,138.22,135.8,137.45,137.98,-0.53,-0.3841,23164.63,318516.307,0.3904,0.63,89.772,5.5846,11328051.5451
688271.SH,2025-06-06,137.38,138.05,133.33,134.16,137.45,-3.29,-2.3936,47115.87,638087.767,0.7941,1.23,87.6232,5.451,11056903.567
688271.SH,2025-06-09,134.5,137.28,133.76,134.51,134.16,0.35,0.2609,27484.31,372863.355,0.4632,0.63,87.8518,5.4652,11085749.0966
688271.SH,2025-06-10,134.6,135.88,131.67,131.77,134.51,-2.74,-2.037,36724.09,489149.505,0.619,0.86,86.0622,5.3539,10859929.8079
688271.SH,2025-06-11,132.54,134.35,132.01,132.18,131.77,0.41,0.3111,28656.93,381106.853,0.483,0.79,86.33,5.3705,10893720.2854
688271.SH,2025-06-12,132.18,133.78,131.66,132.13,132.18,-0.05,-0.0378,42241.85,559357.689,0.712,1.29,86.2974,5.3685,10889599.4954
688271.SH,2025-06-13,132.15,133.46,128.68,129.5,132.13,-2.63,-1.9905,157944.39,2070048.717,2.6621,4.33,84.5796,5.2616,10672845.9446
688271.SH,2025-06-16,130.01,130.52,126.72,126.9,129.5,-2.6,-2.0077,40592.93,519857.412,0.6842,0.69,82.8815,5.156,10458564.8677
688271.SH,2025-06-17,127.33,128.31,125.21,126.24,126.9,-0.66,-0.5201,31587.39,399587.883,0.5324,0.52,82.4505,5.1292,10404170.4405
688271.SH,2025-06-18,126.2,127.44,124.83,126.93,126.24,0.69,0.5466,25195.0,317939.73,0.4247,0.42,82.9011,5.1572,10461037.3417
688271.SH,2025-06-19,127.05,128.37,126.38,127.12,126.93,0.19,0.1497,20058.1,254961.081,0.3381,0.34,83.0252,5.1649,10476696.3435
688271.SH,2025-06-20,127.36,128.46,126.51,128.46,127.12,1.34,1.0541,22930.55,292590.412,0.3865,0.42,83.9004,5.2194,10587133.5138
688271.SH,2025-06-23,128.98,129.0,126.66,128.1,128.46,-0.36,-0.2802,31937.19,408991.017,0.5383,1.14,83.6653,5.2047,10557463.8263
688271.SH,2025-06-24,128.3,128.5,127.02,127.48,128.1,-0.62,-0.484,32888.42,419505.191,0.5543,1.25,83.2603,5.1796,10506366.031
688271.SH,2025-06-25,127.93,129.5,127.23,128.88,127.48,1.4,1.0982,31577.83,405489.723,0.5322,1.19,84.1747,5.2364,10621748.1493
688271.SH,2025-06-26,129.03,130.82,127.79,129.08,128.88,0.2,0.1552,32271.87,417580.233,0.5439,1.16,84.3053,5.2446,10638231.3091
688271.SH,2025-06-27,129.05,129.84,127.71,128.2,129.08,-0.88,-0.6817,24444.01,313777.914,0.412,0.81,83.7306,5.2088,10565705.4062
688271.SH,2025-06-30,127.67,128.5,127.34,127.74,128.2,-0.46,-0.3588,21343.69,272855.663,0.3597,0.7,83.4301,5.1901,10527794.1387
688271.SH,2025-07-01,128.2,128.88,127.53,128.05,127.74,0.31,0.2427,20701.82,265420.816,0.3489,0.73,83.6326,5.2027,10553343.0363
688271.SH,2025-07-02,128.14,129.27,126.02,126.15,128.05,-1.9,-1.4838,26019.93,330516.86,0.4386,1.0,82.3917,5.1255,10396753.0186
688271.SH,2025-07-03,126.22,127.25,125.93,126.38,126.15,0.23,0.1823,17009.44,215272.081,0.2867,0.68,82.5419,5.1349,10415708.6523
688271.SH,2025-07-04,126.61,127.96,126.38,126.42,126.38,0.04,0.0317,20608.11,261976.889,0.3473,0.94,82.568,5.1365,10419005.2843
688271.SH,2025-07-07,129.65,130.6,128.08,129.71,126.42,3.29,2.6024,42250.35,546437.641,0.7121,2.0,84.7168,5.2702,10690153.2623
688271.SH,2025-07-08,128.78,129.16,127.3,127.9,129.71,-1.81,-1.3954,27167.36,347592.708,0.4579,1.07,83.5346,5.1966,10540980.6665
688271.SH,2025-07-09,127.51,129.05,126.47,126.8,127.9,-1.1,-0.86,26358.21,336286.701,0.4443,0.99,82.8162,5.1519,10450323.2878
688271.SH,2025-07-10,126.81,126.96,125.69,125.85,126.8,-0.95,-0.7492,27624.83,348531.535,0.4656,1.04,82.1957,5.1133,10372028.279
688271.SH,2025-07-11,126.44,127.09,125.5,125.5,125.85,-0.35,-0.2781,32604.65,411679.533,0.5495,1.13,81.9671,5.0991,10343182.7494
688271.SH,2025-07-14,125.88,126.09,124.84,124.84,125.5,-0.66,-0.5259,25414.76,318770.72,0.4284,0.81,81.5361,5.0723,10288788.3222
688271.SH,2025-07-15,125.12,125.35,122.55,124.1,124.84,-0.74,-0.5928,42591.57,527120.027,0.7179,1.53,81.0528,5.0422,10227800.6311
688271.SH,2025-07-16,124.15,125.6,123.36,125.3,124.1,1.2,0.967,27684.4,344530.683,0.4666,0.9,81.8365,5.091,10326699.5896
688271.SH,2025-07-17,125.4,126.78,124.23,126.64,125.3,1.34,1.0694,38099.37,478689.432,0.6422,1.22,82.7117,5.1454,10437136.76
688271.SH,2025-07-18,126.99,128.63,125.9,127.9,126.64,1.26,0.9949,44984.46,572968.653,0.7582,1.35,83.5346,5.1966,10540980.6665
688271.SH,2025-07-21,128.59,129.86,127.32,129.5,127.9,1.6,1.251,44186.12,568503.982,0.7448,1.24,84.5796,5.2616,10672845.9446
688271.SH,2025-07-22,129.27,134.43,129.06,133.6,129.5,4.1,3.166,63752.12,844367.39,1.0745,1.61,87.2574,5.4282,11010750.7197
688271.SH,2025-07-23,134.0,136.48,132.38,133.47,133.6,-0.13,-0.0973,42886.64,575617.423,0.7229,0.98,87.1725,5.4229,11000036.6658
688271.SH,2025-07-24,133.63,137.88,132.72,137.25,133.47,3.78,2.8321,51068.11,692376.716,0.8607,1.09,89.6414,5.5765,11311568.3853
688271.SH,2025-07-25,137.03,139.43,136.51,137.09,137.17,-0.08,-0.0583,48998.76,675761.208,0.8259,0.99,89.5369,5.5881,11298381.8575
688271.SH,2025-07-28,137.57,140.16,136.78,137.7,137.09,0.61,0.445,40459.49,562730.065,0.6819,0.81,89.9353,5.613,11348655.4948
688271.SH,2025-07-29,138.33,138.88,135.91,137.32,137.7,-0.38,-0.276,42964.02,590235.372,0.7242,0.87,89.6871,5.5975,11317337.4912
688271.SH,2025-07-30,137.32,139.68,135.8,137.01,137.32,-0.31,-0.2258,37401.93,514939.622,0.6304,0.83,89.4846,5.5848,11291788.5936
688271.SH,2025-07-31,136.86,137.18,133.18,133.3,137.01,-3.71,-2.7078,38910.8,525971.344,0.6558,0.88,87.0615,5.4336,10986025.98
688271.SH,2025-08-01,134.0,135.17,132.52,133.31,133.3,0.01,0.0075,27386.28,366062.663,0.4616,0.66,87.068,5.434,10986850.138
688271.SH,2025-08-04,131.5,131.98,129.24,131.29,133.31,-2.02,-1.5153,41193.57,536817.976,0.6943,1.1,85.7487,5.3517,10820370.2245
688271.SH,2025-08-05,131.24,131.24,128.0,128.55,131.29,-2.74,-2.087,31294.21,404314.375,0.5275,0.83,83.9592,5.24,10594550.9357
688271.SH,2025-08-06,128.8,130.4,128.68,129.15,128.55,0.6,0.4667,23770.15,307143.145,0.4006,0.67,84.351,5.2644,10644000.415
688271.SH,2025-08-07,129.3,133.93,129.3,132.16,129.15,3.01,2.3306,43357.43,573660.45,0.7308,1.33,86.3169,5.3871,10892071.9694
688271.SH,2025-08-08,132.9,134.49,130.48,130.7,132.16,-1.46,-1.1047,32175.01,424061.352,0.5423,0.96,85.3634,5.3276,10771744.9032
688271.SH,2025-08-11,130.7,132.15,129.7,130.68,130.7,-0.02,-0.0153,28278.41,370441.818,0.4766,0.82,85.3503,5.3268,10770096.5872
688271.SH,2025-08-12,130.49,135.49,130.49,131.17,130.68,0.49,0.375,55974.22,743201.832,0.9434,1.76,85.6704,5.3468,10810480.3286
688271.SH,2025-08-13,132.35,133.35,130.7,131.04,131.17,-0.13,-0.0991,43224.14,569474.086,0.7285,1.18,85.5854,5.3415,10799766.2748
688271.SH,2025-08-14,131.0,131.47,127.76,127.92,131.04,-3.12,-2.381,54490.09,702875.878,0.9184,1.34,83.5477,5.2143,10542628.9825
688271.SH,2025-08-15,127.92,129.8,127.61,127.96,127.92,0.04,0.0313,45603.88,587355.115,0.7686,1.06,83.5738,5.2159,10545925.6144
688271.SH,2025-08-18,128.45,131.3,127.89,129.66,127.96,1.7,1.3285,70873.59,921785.932,1.1946,1.56,84.6841,5.2852,10686032.4724
688271.SH,2025-08-19,130.39,133.3,129.5,129.55,129.66,-0.11,-0.0848,55882.28,732269.163,0.9419,1.03,84.6123,5.2807,10676966.7345
688271.SH,2025-08-20,129.78,130.8,128.04,130.03,129.55,0.48,0.3705,47449.83,613003.034,0.7998,0.88,84.9258,5.3003,10716526.318
688271.SH,2025-08-21,130.11,136.0,130.11,133.8,130.03,3.77,2.8993,85662.29,1149633.863,1.4438,1.56,87.3881,5.454,11027233.8794
688271.SH,2025-08-22,135.0,135.48,132.28,135.38,133.8,1.58,1.1809,69737.48,935136.84,0.8462,1.14,88.42,5.5184,11157450.8415
688271.SH,2025-08-25,135.51,137.94,134.41,135.85,135.38,0.47,0.3472,74013.93,1007554.849,0.8981,1.12,88.727,5.5375,11196186.267
688271.SH,2025-08-26,136.09,138.88,135.01,136.5,135.85,0.65,0.4785,61755.6,845406.339,0.7493,0.93,89.1515,5.564,11249756.5362
688271.SH,2025-08-27,139.45,140.99,135.5,135.6,136.5,-0.9,-0.6593,98770.34,1364942.373,1.1984,1.46,88.5637,5.5274,11175582.3173
688271.SH,2025-08-28,135.68,137.58,133.2,136.26,135.6,0.66,0.4867,87070.22,1178147.257,1.0565,1.12,88.9948,5.5543,11229976.7445
688271.SH,2025-08-29,136.26,142.98,135.94,141.8,136.26,5.54,4.0658,123063.56,1721825.755,1.4932,1.57,92.6131,5.7801,11686560.2698
688271.SH,2025-09-01,143.68,152.1,142.43,152.1,141.8,10.3,7.2638,147220.27,2187706.104,1.7863,1.66,99.3403,6.1999,12535442.9975
688271.SH,2025-09-02,151.88,152.38,149.21,150.56,152.1,-1.54,-1.0125,112453.07,1693965.788,1.3645,1.09,98.3344,5.9674,12408522.6673
688271.SH,2025-09-03,151.43,154.06,146.71,148.84,150.56,-1.72,-1.1424,73981.06,1099948.08,0.8977,0.65,97.2111,5.8992,12266767.4934
688271.SH,2025-09-04,149.7,149.7,139.0,141.2,148.84,-7.64,-5.133,93142.3,1330856.391,1.1302,0.86,92.2212,5.5964,11637110.7906
688271.SH,2025-09-05,141.1,143.23,140.0,142.64,141.2,1.44,1.0198,60341.77,855470.75,0.7322,0.55,93.1617,5.6535,11755789.5408
688271.SH,2025-09-08,144.66,164.5,144.39,158.3,142.64,15.66,10.9787,164777.47,2592593.531,1.9993,1.69,103.3896,6.2742,13046420.95
688271.SH,2025-09-09,156.72,157.9,151.9,153.61,158.3,-4.69,-2.9627,81830.07,1263973.194,0.9929,0.81,100.3265,6.0883,12659890.8537
688271.SH,2025-09-10,153.64,156.55,151.7,152.29,153.61,-1.32,-0.8593,57211.53,875341.288,0.6942,0.6,99.4643,6.036,12551101.9993
688271.SH,2025-09-11,150.88,155.18,148.88,154.99,152.29,2.7,1.7729,80992.28,1237277.768,0.9827,0.89,101.2278,6.143,12773624.656
688271.SH,2025-09-12,155.0,155.82,151.1,151.1,154.99,-3.89,-2.5098,83857.69,1283992.819,1.0175,0.94,98.6871,5.9888,12453027.1987
688271.SH,2025-09-15,151.13,154.0,150.7,152.0,151.1,0.9,0.5956,62723.49,954510.349,0.7611,0.67,99.2749,6.0245,12527201.4176
688271.SH,2025-09-16,152.27,153.75,149.87,152.98,152.0,0.98,0.6447,69854.52,1060436.0,0.8476,0.95,99.915,6.0633,12607968.9004
688271.SH,2025-09-17,152.8,153.9,149.8,151.6,152.98,-1.38,-0.9021,61671.61,934182.927,0.7483,0.87,99.0137,6.0086,12494235.0981
688271.SH,2025-09-18,150.9,153.55,148.81,150.0,151.6,-1.6,-1.0554,141703.24,2133412.347,1.7194,1.97,97.9687,5.9452,12362369.82
688271.SH,2025-09-19,150.88,151.4,147.9,147.9,150.0,-2.1,-1.4,67426.55,1004886.53,0.8181,0.8,96.5971,5.862,12189296.6425
688271.SH,2025-09-22,150.23,151.98,144.71,145.93,147.9,-1.97,-1.332,76855.92,1126678.356,0.9325,0.95,95.3105,5.7839,12026937.5189
688271.SH,2025-09-23,145.7,147.41,141.99,143.89,145.93,-2.04,-1.3979,69075.83,995728.312,0.8381,0.83,93.9781,5.703,11858809.2893
688271.SH,2025-09-24,143.92,147.87,143.19,147.23,143.89,3.34,2.3212,73022.39,1064049.242,0.886,0.88,96.1595,5.8354,12134078.0573
688271.SH,2025-09-25,147.52,149.59,146.41,148.75,147.23,1.52,1.0324,63529.03,941337.93,0.7708,0.74,97.1523,5.8957,12259350.0715
688271.SH,2025-09-26,147.0,148.5,144.01,144.32,148.75,-4.43,-2.9782,72480.74,1056191.276,0.8795,1.04,94.2589,5.7201,11894248.0828
688271.SH,2025-09-29,144.3,148.46,143.08,147.9,144.32,3.58,2.4806,69020.81,1006444.402,0.8375,0.97,96.5971,5.862,12189296.6425
688271.SH,2025-09-30,150.66,151.95,148.73,151.7,147.9,3.8,2.5693,75105.75,1132616.058,0.9113,1.08,99.079,6.0126,12502476.678
688271.SH,2025-10-09,152.0,159.06,150.25,157.55,151.7,5.85,3.8563,126205.58,1974376.573,1.5313,1.79,102.8998,6.2444,12984609.1009
688271.SH,2025-10-10,156.88,158.88,155.16,156.4,157.55,-1.15,-0.7299,77317.93,1214659.357,0.9381,0.95,102.1487,6.1989,12889830.9323
688271.SH,2025-10-13,151.15,156.69,150.88,153.03,156.4,-3.37,-2.1547,84710.35,1298233.744,1.0278,1.01,99.9477,6.0653,12612089.6904
688271.SH,2025-10-14,153.03,154.96,147.51,147.8,153.03,-5.23,-3.4176,81168.01,1226018.196,0.9849,0.94,96.5318,5.858,12181055.0626
688271.SH,2025-10-15,147.78,149.15,146.3,148.36,147.8,0.56,0.3789,49041.07,724848.446,0.595,0.55,96.8976,5.8802,12227207.91
688271.SH,2025-10-16,148.55,150.3,147.06,147.66,148.36,-0.7,-0.4718,42092.43,625032.249,0.5107,0.5,96.4404,5.8525,12169516.8508
688271.SH,2025-10-17,146.77,148.88,143.2,143.89,147.53,-3.64,-2.4673,48037.09,695787.684,0.5829,0.72,93.9781,5.7324,11858809.2893
688271.SH,2025-10-20,145.02,145.02,140.53,141.05,143.89,-2.84,-1.9737,48839.34,695692.038,0.5926,0.8,92.1232,5.6193,11624748.4207
688271.SH,2025-10-21,142.0,144.27,142.0,143.03,141.05,1.98,1.4038,40468.74,579886.114,0.491,0.75,93.4164,5.6982,11787931.7024
688271.SH,2025-10-22,142.6,143.62,140.0,140.0,143.03,-3.03,-2.1184,39612.77,558482.035,0.4806,0.87,91.4374,5.5775,11538211.832
688271.SH,2025-10-23,140.01,140.86,138.5,140.0,140.0,0.0,0.0,30047.03,418625.926,0.3646,0.69,91.4374,5.5775,11538211.832
688271.SH,2025-10-24,142.0,143.26,141.13,142.16,140.0,2.16,1.5429,41766.9,593856.531,0.5068,1.01,92.8482,5.6635,11716229.9574
688271.SH,2025-10-27,143.5,147.79,143.03,143.83,142.16,1.67,1.1747,66641.09,967366.975,0.8086,1.66,93.9389,5.73,11853864.3414
688271.SH,2025-10-28,144.49,145.97,143.13,144.81,143.83,0.98,0.6814,43734.11,632610.564,0.5307,1.0,94.579,5.7691,11934631.8242
688271.SH,2025-10-29,144.2,146.56,143.04,146.56,144.81,1.75,1.2085,55924.28,811580.628,0.6786,1.26,95.7219,5.8388,12078859.4721
688271.SH,2025-10-30,148.25,154.9,141.01,141.03,146.56,-5.53,-3.7732,129133.24,1898113.222,1.5669,2.71,92.1102,5.6145,11623100.1048
688271.SH,2025-10-31,140.72,142.44,139.6,139.92,141.03,-1.11,-0.7871,65705.73,926470.868,0.7972,0.97,91.3852,5.5703,11531618.5681
688271.SH,2025-11-03,139.8,140.68,135.88,137.69,139.92,-2.23,-1.5938,67334.65,927752.5,0.817,0.93,89.9287,5.4815,11347831.3368
688271.SH,2025-11-04,137.7,138.49,136.1,137.0,137.69,-0.69,-0.5011,38260.26,525204.546,0.4642,0.53,89.4781,5.4541,11290964.4356
688271.SH,2025-11-05,136.29,140.69,136.01,138.98,137.0,1.98,1.4453,49362.83,684661.064,0.5989,0.69,90.7713,5.5329,11454147.7172
688271.SH,2025-11-06,139.13,139.53,137.53,137.8,138.98,-1.18,-0.849,36912.67,509946.978,0.4479,0.53,90.0006,5.4859,11356897.0746
688271.SH,2025-11-07,137.53,139.3,137.53,137.66,137.8,-0.14,-0.1016,33009.0,456210.666,0.4005,0.64,89.9091,5.4803,11345358.8628
688271.SH,2025-11-10,138.24,142.0,137.0,141.77,137.66,4.11,2.9856,63458.19,889398.778,0.77,1.41,92.5935,5.644,11684087.7959
688271.SH,2025-11-11,141.1,141.8,140.12,141.5,141.77,-0.27,-0.1904,33414.68,470866.634,0.4054,0.76,92.4171,5.6332,11661835.5302
688271.SH,2025-11-12,141.5,141.5,138.09,139.88,141.5,-1.62,-1.1449,35184.42,491350.314,0.4269,0.81,91.3591,5.5687,11528321.9361
688271.SH,2025-11-13,139.99,140.17,137.6,138.02,139.88,-1.86,-1.3297,42523.76,588267.022,0.516,1.05,90.1443,5.4947,11375028.5504
688271.SH,2025-11-14,137.54,138.56,136.88,136.88,138.02,-1.14,-0.826,29943.59,412429.492,0.3633,0.72,89.3997,5.4493,11281074.5397
688271.SH,2025-11-17,136.55,136.8,133.33,134.0,136.88,-2.88,-2.104,48585.15,653556.983,0.5895,1.19,87.5187,5.3346,11043717.0392
688271.SH,2025-11-18,133.52,134.4,132.4,134.25,134.0,0.25,0.1866,40803.38,543558.563,0.4951,1.08,87.682,5.3446,11064320.9889
688271.SH,2025-11-19,134.3,134.49,131.06,131.11,134.25,-3.14,-2.3389,32835.46,435002.226,0.3984,0.83,85.6312,5.2196,10805535.3807
688271.SH,2025-11-20,131.99,132.32,130.13,130.69,131.11,-0.42,-0.3203,28187.01,370195.967,0.342,0.72,85.3569,5.2029,10770920.7452
688271.SH,2025-11-21,130.15,135.47,129.88,133.5,130.69,2.81,2.1501,61512.34,818517.343,0.7464,1.71,87.1921,5.3147,11002509.1398
688271.SH,2025-11-24,133.1,135.5,133.1,134.7,133.5,1.2,0.8989,34311.29,461437.184,0.4163,0.81,87.9759,5.3625,11101408.0984
688271.SH,2025-11-25,134.7,135.5,132.95,133.69,134.7,-1.01,-0.7498,31289.91,419960.701,0.3797,0.79,87.3162,5.3223,11018168.1416
688271.SH,2025-11-26,133.5,134.77,131.72,131.9,133.69,-1.79,-1.3389,32464.35,431083.646,0.3939,0.86,86.1471,5.251,10870643.8617
688271.SH,2025-11-27,131.99,133.16,130.07,132.1,131.9,0.2,0.1516,34900.27,459719.615,0.4235,0.93,86.2778,5.259,10887127.0215
688271.SH,2025-11-28,132.35,133.96,132.04,133.1,132.1,1.0,0.757,25807.22,342746.878,0.3131,0.66,86.9309,5.2988,10969542.8203
688271.SH,2025-12-01,132.9,132.9,129.89,131.3,133.1,-1.8,-1.3524,42361.61,555108.231,0.514,1.33,85.7553,5.2271,10821194.3824
688271.SH,2025-12-02,130.86,131.65,128.68,128.71,131.3,-2.59,-1.9726,33989.91,442022.29,0.4124,1.02,84.0637,5.124,10607737.4635
688271.SH,2025-12-03,129.0,129.88,128.6,128.88,128.71,0.17,0.1321,26431.98,341575.966,0.3207,0.78,84.1747,5.1308,10621748.1493
688271.SH,2025-12-04,128.97,130.18,128.71,128.87,128.88,-0.01,-0.0078,22255.89,288061.089,0.27,0.68,84.1682,5.1304,10620923.9914
688271.SH,2025-12-05,129.39,130.86,127.6,130.61,128.87,1.74,1.3502,36411.23,470004.167,0.4418,1.21,85.3046,5.1997,10764327.4813
688271.SH,2025-12-08,130.6,131.19,129.43,129.72,130.61,-0.89,-0.6814,34255.03,445461.922,0.4156,1.06,84.7233,5.1642,10690977.4203
688271.SH,2025-12-09,130.0,130.82,128.47,128.98,129.72,-0.74,-0.5705,30255.32,390832.437,0.3671,0.99,84.24,5.1348,10629989.7292
688271.SH,2025-12-10,128.98,130.19,127.91,129.79,128.98,0.81,0.628,29149.98,376463.359,0.3537,0.97,84.769,5.167,10696746.5263
688271.SH,2025-12-11,129.99,129.99,128.7,128.7,129.79,-1.09,-0.8398,25657.43,331827.318,0.3113,0.84,84.0571,5.1236,10606913.3056
688271.SH,2025-12-12,129.02,129.77,127.63,128.63,128.7,-0.07,-0.0544,48790.51,627124.541,0.592,1.57,84.0114,5.1209,10601144.1996
688271.SH,2025-12-15,128.45,130.53,128.31,129.8,128.63,1.17,0.9096,46216.82,600096.669,0.5608,1.37,84.7756,5.1674,10697570.6842
688271.SH,2025-12-16,129.98,129.98,127.01,127.19,129.8,-2.61,-2.0108,34221.88,437391.874,0.4152,0.95,83.0709,5.0635,10482465.4494
688271.SH,2025-12-17,127.19,127.75,126.01,127.46,127.19,0.27,0.2123,35105.39,445476.492,0.426,0.95,83.2473,5.0743,10504717.715
688271.SH,2025-12-18,126.84,127.99,126.52,126.86,127.46,-0.6,-0.4707,29495.45,375246.086,0.3579,0.78,82.8554,5.0504,10455268.2358
688271.SH,2025-12-19,127.06,128.0,126.61,127.34,126.86,0.48,0.3784,28641.16,364964.297,0.3475,0.74,83.1689,5.0695,10494827.8192
688271.SH,2025-12-22,127.79,128.42,126.72,128.4,127.34,1.06,0.8324,31228.84,399086.534,0.3789,0.9,83.8612,5.1117,10582188.5659
688271.SH,2025-12-23,128.43,128.43,125.3,125.36,128.4,-3.04,-2.3676,51837.44,655047.625,0.629,1.63,81.8757,4.9907,10331644.5376
688271.SH,2025-12-24,125.39,126.53,124.83,126.35,125.36,0.99,0.7897,34352.7,432681.628,0.4168,0.97,82.5223,5.0301,10413236.1784
688271.SH,2025-12-25,125.94,129.94,125.68,129.62,126.35,3.27,2.588,48356.37,619435.894,0.5867,1.38,84.658,5.1603,10682735.8405
688271.SH,2025-12-26,128.83,130.98,128.28,130.32,129.62,0.7,0.54,36288.87,470712.004,0.4403,0.93,85.1152,5.1881,10740426.8996
688271.SH,2025-12-29,129.96,130.28,127.61,127.67,130.32,-2.65,-2.0335,32872.63,422188.237,0.3989,0.81,83.3844,5.0826,10522025.0328
688271.SH,2025-12-30,127.5,128.4,126.82,127.11,127.67,-0.56,-0.4386,28854.34,367522.756,0.3501,0.71,83.0187,5.0603,10475872.1855
688271.SH,2025-12-31,127.26,128.2,124.61,125.5,127.11,-1.61,-1.2666,48385.25,609854.69,0.5871,1.34,81.9671,4.9962,10343182.7494
688271.SH,2026-01-05,125.5,132.8,125.25,132.79,125.5,7.29,5.8088,90047.6,1173203.728,1.0926,2.31,86.7284,5.2865,10943993.9227
688271.SH,2026-01-06,132.79,135.49,132.01,133.99,132.79,1.2,0.9037,75279.0,1007665.373,0.9134,1.59,87.5122,5.3342,11042892.8812
688271.SH,2026-01-07,135.0,137.22,133.0,134.19,133.99,0.2,0.1493,62605.25,844915.746,0.7596,1.14,87.6428,5.3422,11059376.041
688271.SH,2026-01-08,133.39,136.1,133.0,134.02,134.19,-0.17,-0.1267,50241.51,675213.65,0.6096,0.82,87.5318,5.3354,11045365.3552
688271.SH,2026-01-09,135.08,138.28,135.0,137.41,134.02,3.39,2.5295,67415.6,923443.634,0.818,1.03,89.7459,5.4704,11324754.9131
688271.SH,2026-01-12,140.06,144.96,140.06,141.68,137.41,4.27,3.1075,109563.19,1554841.616,1.3294,1.59,92.5347,5.6404,11676670.374
688271.SH,2026-01-13,144.0,148.0,141.6,142.27,141.68,0.59,0.4164,151108.72,2189955.954,1.8335,2.07,92.92,5.6639,11725295.6953
688271.SH,2026-01-14,142.3,150.99,142.17,144.88,142.27,2.61,1.8345,166524.67,2440811.56,2.0205,1.89,94.6247,5.7678,11940400.9301
688271.SH,2026-01-15,144.9,144.9,139.0,139.6,144.88,-5.28,-3.6444,118192.06,1662849.821,1.4341,1.08,91.1762,5.5576,11505245.5125
688271.SH,2026-01-16,139.79,140.6,136.3,136.83,139.6,-2.77,-1.9842,115522.63,1593090.087,1.4017,0.94,89.367,5.4473,11276953.7498
688271.SH,2026-01-19,136.37,137.58,133.86,134.36,136.83,-2.47,-1.8052,79331.95,1073205.972,0.9626,0.6,87.7538,5.349,11073386.7268
688271.SH,2026-01-20,135.0,135.38,131.6,131.93,134.36,-2.43,-1.8086,90038.79,1194640.637,1.0925,0.71,86.1667,5.2522,10873116.3357
688271.SH,2026-01-21,132.15,134.23,131.28,132.44,131.93,0.51,0.3866,79179.67,1051795.455,0.9607,0.7,86.4998,5.2725,10915148.3931
688271.SH,2026-01-22,132.44,133.68,131.88,132.06,132.44,-0.38,-0.2869,70728.43,938254.025,0.8582,0.73,86.2516,5.2574,10883830.3895
688271.SH,2026-01-23,132.2,135.18,132.2,133.52,132.06,1.46,1.1056,86648.46,1161709.389,1.0514,1.0,87.2052,5.3155,11004157.4558
688271.SH,2026-01-26,135.3,135.8,132.68,133.95,133.52,0.43,0.322,95757.84,1285198.445,1.1619,1.18,87.486,5.3326,11039596.2493
688271.SH,2026-01-27,134.01,134.7,131.7,132.08,133.95,-1.87,-1.396,78684.89,1045678.88,0.9547,0.93,86.2647,5.2582,10885478.7055
688271.SH,2026-01-28,132.58,132.58,128.01,128.01,132.08,-4.07,-3.0815,115070.17,1488253.016,1.3962,1.4,83.6065,5.0962,10550046.4044
688271.SH,2026-01-29,127.8,132.48,127.11,131.1,128.01,3.09,2.4139,92682.11,1212144.465,1.1246,1.04,85.6246,5.2192,10804711.2227
688271.SH,2026-01-30,131.4,131.67,128.7,129.3,131.1,-1.8,-1.373,59411.86,770484.922,0.7209,0.63,84.449,5.1475,10656362.7848
688271.SH,2026-02-02,128.5,130.52,126.68,126.91,129.3,-2.39,-1.8484,48239.73,619584.508,0.5853,0.55,82.888,5.0524,10459389.0257
688271.SH,2026-02-03,126.92,128.29,126.25,127.63,126.91,0.72,0.5673,55333.66,703513.06,0.6714,0.7,83.3583,5.081,10518728.4008
688271.SH,2026-02-04,127.41,129.96,126.7,129.95,127.63,2.32,1.8178,54128.18,695188.528,0.6568,0.73,84.8735,5.1734,10709933.0541
688271.SH,2026-02-05,130.0,131.66,128.8,129.41,129.95,-0.54,-0.4155,43030.04,558780.798,0.5221,0.69,84.5209,5.1519,10665428.5227
688271.SH,2026-02-06,129.41,129.8,127.81,128.5,129.41,-0.91,-0.7032,32660.39,421059.554,0.3963,0.63,83.9265,5.1157,10590430.1458
688271.SH,2026-02-09,129.63,129.63,128.21,128.92,128.5,0.42,0.3268,38825.48,499798.057,0.4711,0.83,84.2008,5.1324,10625044.7813
688271.SH,2026-02-10,128.85,129.48,127.7,128.67,128.92,-0.25,-0.1939,39924.49,513469.633,0.4844,0.89,84.0375,5.1224,10604440.8316
688271.SH,2026-02-11,128.97,129.58,128.0,128.51,128.67,-0.16,-0.1243,31478.66,405934.013,0.3819,0.75,83.933,5.1161,10591254.3038
688271.SH,2026-02-12,128.52,128.77,126.73,127.22,128.51,-1.29,-1.0038,43086.18,549368.793,0.5228,1.16,83.0905,5.0647,10484937.9233
688271.SH,2026-02-13,127.23,127.98,126.0,126.0,127.22,-1.22,-0.959,39013.31,494474.398,0.4734,1.05,82.2937,5.0162,10384390.6488
688271.SH,2026-02-24,127.17,127.26,125.2,127.08,126.0,1.08,0.8571,32994.12,417596.298,0.4003,0.86,82.9991,5.0591,10473399.7115
688271.SH,2026-02-25,127.08,128.55,126.32,127.45,127.08,0.37,0.2912,38203.79,487892.099,0.4635,1.02,83.2407,5.0739,10503893.5571
688271.SH,2026-02-26,131.6,133.53,129.8,131.0,127.45,3.55,2.7854,106052.97,1394485.237,1.2868,2.87,85.5593,5.0006,10796469.6428
688271.SH,2026-02-27,130.99,131.32,129.51,130.7,131.0,-0.3,-0.229,44377.9,577789.109,0.5385,0.86,85.3634,4.9892,10771744.9032
688271.SH,2026-03-02,128.5,129.97,127.68,127.9,130.7,-2.8,-2.1423,54288.65,697212.925,0.6587,1.04,83.5346,4.8823,10540980.6665
688271.SH,2026-03-03,127.9,128.95,125.73,125.82,127.9,-2.08,-1.6263,61496.59,779592.772,0.7462,1.11,82.1761,4.8029,10369555.805
688271.SH,2026-03-04,125.0,125.73,122.62,122.8,125.82,-3.02,-2.4003,46665.06,578411.731,0.5662,0.77,80.2037,4.6876,10120660.0926
688271.SH,2026-03-05,123.88,124.29,120.41,120.54,122.8,-2.26,-1.8404,61055.52,746128.283,0.7408,0.98,78.7276,4.6013,9934400.3874
688271.SH,2026-03-06,120.28,124.28,120.1,123.82,120.54,3.28,2.7211,47330.5,583150.417,0.5743,0.88,80.8699,4.7265,10204724.2074
688271.SH,2026-03-09,121.51,123.2,121.21,121.8,123.82,-2.02,-1.6314,41214.38,503174.055,0.5001,0.76,79.5506,4.6494,10038244.2938
688271.SH,2026-03-10,123.29,123.88,122.23,123.05,121.8,1.25,1.0263,34304.91,422057.912,0.4162,0.67,80.367,4.6972,10141264.0423
688271.SH,2026-03-11,123.08,124.46,122.5,123.2,123.05,0.15,0.1219,34576.24,426669.682,0.4195,0.75,80.465,4.7029,10153626.4122
688271.SH,2026-03-12,123.28,123.29,121.02,121.02,123.2,-2.18,-1.7695,35010.47,426559.736,0.4248,0.8,79.0411,4.6197,9973959.9708
688271.SH,2026-03-13,120.83,120.83,118.44,119.28,121.02,-1.74,-1.4378,60233.66,719535.423,0.7309,1.57,77.9047,4.5532,9830556.4809
688271.SH,2026-03-16,119.17,120.4,118.09,119.68,119.28,0.4,0.3353,34733.82,414423.325,0.4214,0.85,78.166,4.5685,9863522.8004
688271.SH,2026-03-17,119.68,120.68,119.1,119.12,119.68,-0.56,-0.4679,34615.06,414338.496,0.42,0.87,77.8002,4.5471,9817369.9531
688271.SH,2026-03-18,119.13,119.83,117.02,117.9,119.12,-1.22,-1.0242,38090.24,448099.427,0.4622,0.96,77.0034,4.5006,9716822.6785
688271.SH,2026-03-19,116.78,117.46,115.08,115.73,117.9,-2.17,-1.8405,40728.24,471959.94,0.4942,1.0,75.5861,4.4177,9537980.3951
688271.SH,2026-03-20,115.66,116.8,113.87,113.96,115.73,-1.77,-1.5294,36624.38,420756.978,0.4444,0.88,74.4301,4.3502,9392104.4312
688271.SH,2026-03-23,112.2,113.3,110.7,111.68,113.96,-2.28,-2.0007,52174.96,583967.036,0.6331,1.41,72.941,4.2631,9204196.41
688271.SH,2026-03-24,112.67,113.44,111.63,112.96,111.68,1.28,1.1461,37061.69,417605.659,0.4497,0.92,73.777,4.312,9309688.6324
688271.SH,2026-03-25,113.99,114.38,113.01,114.12,112.96,1.16,1.0269,34983.18,397661.886,0.4245,0.85,74.5346,4.3563,9405290.9591
688271.SH,2026-03-26,113.99,114.0,111.35,111.7,114.12,-2.42,-2.1206,33611.51,378015.654,0.4078,0.83,72.954,4.2639,9205844.726
688271.SH,2026-03-27,110.3,114.4,110.22,113.72,111.7,2.02,1.8084,32916.27,372935.415,0.3994,0.85,74.2733,4.341,9372324.6395
688271.SH,2026-03-30,113.01,113.97,112.0,112.85,113.72,-0.87,-0.765,28950.12,326985.814,0.3513,0.76,73.7051,4.3078,9300622.8946
688271.SH,2026-03-31,113.0,114.49,111.97,112.0,112.85,-0.85,-0.7532,33535.32,379702.96,0.4069,1.0,73.15,4.2753,9230569.4656
688271.SH,2026-04-01,113.3,115.2,112.6,114.71,112.0,2.71,2.4196,44089.04,502808.241,0.535,1.34,74.9199,4.3788,9453916.2803
688271.SH,2026-04-02,114.9,115.35,113.4,114.71,114.71,0.0,0.0,42626.69,487381.459,0.5172,1.23,74.9199,4.3788,9453916.2803
688271.SH,2026-04-03,113.98,113.98,111.38,111.87,114.71,-2.84,-2.4758,30586.56,343190.812,0.3711,0.84,73.065,4.2704,9219855.4118
688271.SH,2026-04-07,112.0,112.45,109.01,109.6,111.87,-2.27,-2.0291,37214.97,411875.689,0.4516,1.03,71.5825,4.1837,9032771.5485
688271.SH,2026-04-08,111.9,115.46,111.0,115.38,109.6,5.78,5.2737,59788.79,679842.785,0.7255,1.59,75.3575,4.4044,9509134.8655
688271.SH,2026-04-09,114.33,114.33,112.79,112.79,115.38,-2.59,-2.2448,34958.66,396175.693,0.4242,0.82,73.6659,4.3055,9295677.9467
688271.SH,2026-04-10,113.11,114.48,113.11,114.0,112.79,1.21,1.0728,45706.75,520404.382,0.5546,1.11,74.4562,4.3517,9395401.0632
688271.SH,2026-04-13,113.28,113.28,112.05,112.97,114.0,-1.03,-0.9035,33435.13,376763.497,0.4057,0.8,73.7835,4.3124,9310512.7904
688271.SH,2026-04-14,113.33,114.98,112.9,114.7,112.97,1.73,1.5314,39086.99,444093.923,0.4743,0.93,74.9134,4.3784,9453092.1224
688271.SH,2026-04-15,115.82,116.1,113.86,114.0,114.7,-0.7,-0.6103,43612.23,501200.028,0.5292,1.02,74.4562,4.3517,9395401.0632
688271.SH,2026-04-16,114.19,115.0,113.43,114.51,114.0,0.51,0.4474,39909.46,455502.343,0.4842,1.01,74.7893,4.3712,9437433.1206
688271.SH,2026-04-17,114.46,114.46,112.74,112.98,114.51,-1.53,-1.3361,44701.63,505542.516,0.5424,1.11,73.79,4.3128,9311336.9484
688271.SH,2026-04-20,112.98,116.78,112.98,114.85,112.98,1.87,1.6552,55437.26,637036.985,0.6727,1.38,75.0114,4.3841,9465454.4922
688271.SH,2026-04-21,115.3,117.99,115.3,116.88,114.85,2.03,1.7675,59779.58,699103.893,0.7253,1.34,76.3372,4.4616,9632758.5637
688271.SH,2026-04-22,116.03,117.04,115.76,116.36,116.88,-0.52,-0.4449,34376.82,399989.402,0.4171,0.71,75.9976,4.4418,9589902.3484
688271.SH,2026-04-23,116.53,118.25,116.0,116.66,116.36,0.3,0.2578,44323.33,517975.396,0.5378,0.95,76.1935,4.4532,9614627.088
688271.SH,2026-04-24,116.28,116.46,114.01,114.98,116.66,-1.68,-1.4401,44012.78,507223.82,0.534,0.92,75.0963,4.3891,9476168.546
688271.SH,2026-04-27,115.09,116.5,114.33,115.0,114.98,0.02,0.0174,44227.13,510430.225,0.5366,0.93,75.1093,4.3899,9477816.862
688271.SH,2026-04-28,114.91,115.84,111.58,112.35,115.0,-2.65,-2.3043,67883.59,767475.073,0.8237,1.5,73.3785,4.2887,9259414.9952
688271.SH,2026-04-29,111.76,114.14,111.76,112.47,112.35,0.12,0.1068,53284.54,601851.834,0.6465,1.13,49.587,4.2206,9269304.891
688271.SH,2026-04-30,112.77,112.77,109.88,109.95,112.47,-2.52,-2.2406,81878.19,905069.572,0.9935,1.61,48.476,4.1261,9061617.0781
688271.SH,2026-05-06,111.0,111.69,109.58,109.99,109.95,0.04,0.0364,87470.6,964893.136,1.0613,1.5,48.4936,4.1276,9064913.71
688271.SH,2026-05-07,110.31,111.28,109.48,111.25,109.99,1.26,1.1456,66316.47,732580.961,0.8047,0.99,49.0491,4.1748,9168757.6165
688271.SH,2026-05-08,114.0,117.87,113.55,115.94,111.25,4.69,4.2157,119316.99,1386257.782,1.4477,1.67,51.1169,4.3508,9555287.7129
688271.SH,2026-05-11,115.5,116.97,113.8,116.56,115.94,0.62,0.5348,96360.76,1111223.123,1.1692,1.18,51.3903,4.3741,9606385.5081
688271.SH,2026-05-12,116.6,117.0,113.84,114.52,116.56,-2.04,-1.7502,66332.35,760635.582,0.8048,0.73,50.4908,4.2976,9438257.2786
688271.SH,2026-05-13,114.5,115.5,113.57,114.51,114.52,-0.01,-0.0087,60426.38,689593.319,0.7332,0.69,50.4864,4.2972,9437433.1206
688271.SH,2026-05-14,114.56,114.78,111.8,111.97,114.51,-2.54,-2.2181,72544.83,818506.389,0.8802,0.89,49.3666,4.2019,9228096.9916
688271.SH,2026-05-15,112.11,114.45,111.36,111.95,111.97,-0.02,-0.0179,66729.88,752486.732,0.8097,0.8,49.3578,4.2011,9226448.6757
688271.SH,2026-05-18,111.3,111.45,109.14,109.7,111.95,-2.25,-2.0098,67339.58,740036.77,0.8171,0.93,48.3657,4.1167,9041013.1284
688271.SH,2026-05-19,109.42,113.85,109.42,113.01,109.7,3.31,3.0173,72873.29,811510.618,0.8842,1.09,49.8251,4.2409,9313809.4224
688271.SH,2026-05-20,112.28,112.96,110.7,112.0,113.01,-1.01,-0.8937,56270.17,628642.406,0.6828,0.83,49.3798,4.203,9230569.4656
688271.SH,2026-05-21,112.98,130.76,112.98,123.3,112.0,11.3,10.0893,333421.42,4148443.956,4.0456,4.97,54.3619,4.627,10161867.992
688271.SH,2026-05-22,120.0,122.0,115.6,116.01,123.3,-7.29,-5.9124,216914.75,2537420.74,2.632,1.82,51.1478,4.3535,9561056.8188
688271.SH,2026-05-25,114.99,117.79,113.0,116.88,116.01,0.87,0.7499,136493.55,1581368.925,1.6562,0.91,51.5313,4.3861,9632758.5637
688271.SH,2026-05-26,116.39,120.49,115.98,117.8,116.88,0.92,0.7871,112064.59,1325796.914,1.3597,0.69,51.937,4.4206,9708581.0986
688271.SH,2026-05-27,116.85,123.29,116.81,121.91,117.8,4.11,3.489,146754.86,1761517.868,1.7807,0.86,53.749,4.5749,10047310.0317
688271.SH,2026-05-28,120.61,122.94,119.33,122.16,121.91,0.25,0.2051,107595.32,1303645.021,1.3055,0.57,53.8593,4.5843,10067913.9814
688271.SH,2026-05-29,122.03,122.16,118.3,120.3,122.16,-1.86,-1.5226,103001.61,1238307.178,1.2498,0.72,53.0392,4.5145,9914620.5956
688271.SH,2026-06-01,119.0,119.09,116.1,117.35,120.3,-2.95,-2.4522,88811.98,1042088.994,1.0776,0.73,51.7386,4.4038,9671493.9892
688271.SH,2026-06-02,117.8,118.8,116.1,118.22,117.35,0.87,0.7414,71243.08,836725.491,0.8644,0.64,52.1221,4.4364,9743195.7341
688271.SH,2026-06-03,117.1,117.96,114.06,114.32,118.22,-3.9,-3.2989,91529.07,1054478.518,1.1106,0.88,50.4027,4.2901,9421774.1188
688271.SH,2026-06-04,113.3,114.68,110.79,111.58,114.32,-2.74,-2.3968,68111.36,762522.586,0.8264,0.74,49.1946,4.1872,9195954.8301
688271.SH,2026-06-05,112.0,113.3,110.29,112.98,111.58,1.4,1.2547,60630.53,678332.976,0.7357,0.72,49.8119,4.2398,9311336.9484
688271.SH,2026-06-08,110.89,115.55,110.4,114.7,112.98,1.72,1.5224,76390.88,860918.639,0.9269,1.0,50.5702,4.3043,9453092.1224
688271.SH,2026-06-09,113.99,114.5,112.18,112.74,114.7,-1.96,-1.7088,57199.4,646074.364,0.694,0.78,49.7061,4.2308,9291557.1567
688271.SH,2026-06-10,112.12,112.7,110.3,110.6,112.74,-2.14,-1.8982,51364.52,569317.636,0.6232,0.73,48.7625,4.1505,9115187.3473
688271.SH,2026-06-11,110.96,113.29,109.5,112.22,110.6,1.62,1.4647,61402.73,681202.589,0.745,0.98,49.4768,4.2112,9248700.9413
688271.SH,2026-06-12,112.21,114.3,110.18,114.02,112.22,1.8,1.604,77941.78,879842.25,0.9457,1.27,50.2704,4.2788,9397049.516
688271.SH,2026-06-15,114.0,115.5,112.5,113.26,114.02,-0.76,-0.6665,55893.02,633741.104,0.6782,0.86,49.9353,4.2503,9334413.508
688271.SH,2026-06-16,113.23,113.23,111.0,111.0,113.26,-2.26,-1.9954,56463.43,628875.786,0.6851,0.93,48.9389,4.1655,9148153.8
688271.SH,2026-06-17,111.3,111.7,109.89,110.07,111.0,-0.93,-0.8378,54365.14,600234.764,0.6596,0.9,48.5289,4.1306,9071507.106
688271.SH,2026-06-18,110.29,110.32,102.0,103.48,110.07,-6.59,-5.9871,167091.59,1742903.085,2.0274,2.73,45.6234,3.8833,8528386.984
688271.SH,2026-06-22,102.41,104.66,99.2,104.19,103.48,0.71,0.6861,103487.22,1049221.589,1.2557,1.26,45.9364,3.9099,8586902.202
688271.SH,2026-06-23,103.85,105.38,102.23,102.52,104.19,-1.67,-1.6028,64749.24,670477.08,0.7856,0.74,45.2002,3.8472,8449267.816
688271.SH,2026-06-24,104.55,106.07,101.83,102.33,102.52,-0.19,-0.1853,82037.51,849493.29,0.9954,0.92,45.1164,3.8401,8433608.814
688271.SH,2026-06-25,101.5,102.43,100.1,101.5,102.33,-0.83,-0.8111,73793.49,745628.443,0.8954,0.78,44.7504,3.809,8365203.7
688271.SH,2026-06-26,101.4,101.88,98.23,98.23,101.5,-3.27,-3.2217,64532.68,644181.682,0.783,0.66,43.3087,3.6863,8095704.034
688271.SH,2026-06-29,98.25,102.45,95.9,102.03,98.23,3.8,3.8685,95619.57,961462.791,1.1602,1.23,44.9841,3.8289,8408884.074
688271.SH,2026-06-30,101.2,102.38,99.57,101.23,102.03,-0.8,-0.7841,71245.63,717211.572,0.8645,0.94,44.6314,3.7988,8342951.434
688271.SH,2026-07-01,101.75,104.88,99.8,103.88,101.23,2.65,2.6178,95878.44,984623.431,1.1634,1.24,45.7998,3.8983,8561353.304
688271.SH,2026-07-02,104.51,106.75,102.99,103.88,103.88,0.0,0.0,93326.83,976084.284,1.1324,1.16,45.7998,3.8983,8561353.304
688271.SH,2026-07-03,104.75,106.3,103.8,104.93,103.88,1.05,1.0108,78866.93,828451.234,0.9569,0.94,46.2627,3.9377,8647889.894
688271.SH,2026-07-06,104.79,107.74,103.21,106.75,104.93,1.82,1.7345,95095.66,1006297.877,1.1539,1.09,47.0651,4.006,8797886.65
688271.SH,2026-07-07,106.0,106.03,103.41,103.8,106.75,-2.95,-2.7635,55979.13,585298.73,0.6792,0.64,45.7645,3.8953,8554760.04
688271.SH,2026-07-08,104.3,106.15,103.03,104.97,103.8,1.17,1.1272,52630.78,551192.328,0.6386,0.63,46.2803,3.9392,8651186.526
688271.SH,2026-07-09,104.84,108.72,103.45,108.14,104.97,3.17,3.0199,75647.36,803872.704,0.9179,1.01,47.678,4.0581,8912444.612
688271.SH,2026-07-10,107.43,110.43,106.4,109.0,108.14,0.86,0.7953,82799.65,902197.746,1.0047,1.16,48.0571,4.0904,8983322.2
688271.SH,2026-07-13,109.0,109.5,107.2,108.39,109.0,-0.61,-0.5596,58427.57,635174.642,0.7089,0.81,47.7882,4.0675,8933048.562
688271.SH,2026-07-14,107.63,110.5,107.63,110.21,108.39,1.82,1.6791,71762.31,788280.206,0.8707,1.1,48.5906,4.1358,9083045.318
688271.SH,2026-07-15,109.9,112.99,108.3,109.0,110.21,-1.21,-1.0979,105612.28,1171220.814,1.2815,1.55,48.0571,4.0904,8983322.2
688271.SH,2026-07-16,108.01,112.45,107.96,111.72,109.0,2.72,2.4954,87264.71,964308.982,1.0588,1.11,49.2563,4.1925,9207493.176
688271.SH,2026-07-17,112.3,113.43,109.86,110.37,111.72,-1.35,-1.2084,88093.2,979133.774,1.0689,1.09,48.6611,4.1418,9096231.846
688271.SH,2026-07-20,109.09,119.85,107.89,118.0,110.19,7.81,7.0878,139119.75,1586829.776,1.688,1.69,52.0251,4.4282,9725064.4
688271.SH,2026-07-21,116.82,118.05,113.23,114.52,118.0,-3.48,-2.9492,117348.3,1352517.892,1.4239,1.19,50.4908,4.2976,9438257.416
688271.SH,2026-07-22,113.77,114.76,112.28,113.84,114.52,-0.68,-0.5938,71147.91,806369.766,0.8633,0.66,50.191,4.272,9382214.672
688271.SH,2026-07-23,113.68,114.6,112.19,113.85,113.84,0.01,0.0088,51818.26,588290.209,0.6287,0.52,50.1954,4.2724,9383038.83
688271.SH,2026-07-24,113.5,113.96,109.77,109.77,113.85,-4.08,-3.5837,56794.67,631811.552,0.6891,0.61,48.3966,4.1193,9046782.366
688271.SH,2026-07-27,109.63,111.45,108.81,110.45,109.77,0.68,0.6195,41507.25,458617.721,0.5036,0.48,48.6964,4.1448,9102825.11
688271.SH,2026-07-28,110.44,111.78,109.46,110.98,110.45,0.53,0.4799,46430.75,513553.751,0.5634,0.69,48.9301,4.1647,9146505.484
688271.SH,2026-07-29,110.55,114.77,110.55,113.98,110.98,3.0,2.7032,74373.2,845482.954,0.9024,1.39,50.2528,4.2773,9393752.884
688271.SH,2026-07-30,113.9,117.3,113.4,116.5,113.98,2.52,2.2109,78544.59,912186.168,0.953,1.45,51.3638,4.3719,9601440.7
688271.SH,2026-07-31,115.0,116.5,112.88,115.52,116.5,-0.98,-0.8412,70698.62,808390.31,0.8578,1.19,50.9317,4.3351,9520673.216
688271.SH,2026-08-03,115.03,117.17,114.03,116.45,115.52,0.93,0.8051,50511.13,586607.514,,,,,
688271.SH,2026-08-04,116.8,117.17,114.21,114.42,116.45,-2.03,-1.7432,53396.75,614962.516,,,,,
688271.SH,2026-08-05,114.98,114.99,112.74,112.93,114.42,-1.49,-1.3022,63902.98,723984.155,,,,,
688271.SH,2026-08-06,113.06,113.33,110.56,111.0,112.93,-1.93,-1.709,50225.89,559778.928,0.6094,0.79,48.9389,4.1655,9148153.8
688271.SH,2026-08-07,111.0,112.58,110.03,112.55,111.0,1.55,1.3964,62548.26,695636.883,0.7589,1.08,49.6223,4.2236,9275898.29
688271.SH,2026-08-10,112.2,114.66,111.13,112.7,112.55,0.15,0.1333,64389.48,729107.532,0.7813,1.15,49.6884,4.2293,9288260.66
688271.SH,2026-08-11,112.5,113.15,110.95,111.09,112.7,-1.61,-1.4286,53734.08,601088.685,0.652,0.91,48.9786,4.1688,9155571.222
688271.SH,2026-08-12,111.06,111.69,110.22,110.5,111.09,-0.59,-0.5311,40910.97,453943.167,0.4964,0.69,48.7185,4.1467,9106945.9
688271.SH,2026-08-13,110.2,111.48,109.0,109.29,110.5,-1.21,-1.095,72091.5,793534.129,0.8747,1.33,48.185,4.1013,9007222.782
688271.SH,2026-08-14,109.3,110.83,107.97,108.4,109.29,-0.89,-0.8143,47797.38,521274.026,0.58,0.81,47.7926,4.0679,8933872.72
688271.SH,2026-08-17,108.26,108.85,106.26,107.8,108.4,-0.6,-0.5535,53411.16,573857.577,0.6481,0.96,47.5281,4.0454,8884423.24
688271.SH,2026-08-18,107.8,109.5,106.9,109.17,107.8,1.37,1.2709,52179.31,565750.377,0.6331,0.97,48.1321,4.0968,8997332.886
688271.SH,2026-08-19,109.31,110.33,108.33,108.65,109.17,-0.52,-0.4763,55262.14,603623.718,0.6705,1.04,47.9028,4.0773,8954476.67
688271.SH,2026-08-20,107.51,110.87,107.19,109.99,108.65,1.34,1.2333,72757.14,796369.794,0.8828,1.3,48.4936,4.1152,9064913.842
688271.SH,2026-08-21,108.46,109.0,105.77,106.0,109.99,-3.99,-3.6276,52862.27,563288.891,0.6414,0.94,46.7345,3.9659,8736074.8
688271.SH,2026-08-24,105.75,106.57,104.59,105.4,106.0,-0.6,-0.566,47543.96,502140.162,0.5769,0.83,46.4699,3.9435,8686625.32
688271.SH,2026-08-25,105.98,106.97,105.3,106.77,105.4,1.37,1.2998,31138.08,331316.874,0.3778,0.55,47.0739,3.9947,8799534.966
688271.SH,2026-08-26,106.8,107.55,105.7,105.8,106.77,-0.97,-0.9085,30376.91,323273.045,0.3686,0.59,46.6463,3.9585,8719591.64
688271.SH,2026-08-27,105.73,106.0,104.63,105.28,105.8,-0.52,-0.4915,30797.2,323764.254,0.3737,0.66,46.417,3.939,8676735.424
688271.SH,2026-08-28,105.28,105.9,104.85,105.56,105.28,0.28,0.266,25270.13,266399.962,0.3066,0.66,46.5405,3.9495,8699811.848
688271.SH,2026-08-31,105.58,105.62,103.05,104.5,105.56,-1.06,-1.0042,38994.85,405735.25,0.4731,1.18,46.0731,3.9098,8612451.1
688271.SH,2026-09-01,104.7,107.55,104.13,105.7,104.5,1.2,1.1483,43439.27,460991.59,0.5271,1.39,46.6022,3.9547,8711350.06
688271.SH,2026-09-02,105.7,106.3,103.81,104.23,105.7,-1.47,-1.3907,36028.49,376273.368,0.4372,1.07,45.9541,3.8997,8590198.834
