ts_code,trade_date,open,high,low,close,pre_close,change,pct_chg,vol,amount,turnover_rate,volume_ratio,pe,pb,total_mv
688617.SH,2023-01-03,306.8,325.0,305.46,320.25,306.93,13.32,4.3398,9154.81,293642.883,2.0657,2.07,102.6883,12.8972,2135106.75
688617.SH,2023-01-04,319.13,330.78,317.01,325.5,320.25,5.25,1.6393,4759.38,154533.598,1.0739,0.85,104.3717,13.1087,2170108.5
688617.SH,2023-01-05,329.7,329.7,316.17,325.0,325.5,-0.5,-0.1536,7336.24,237385.662,1.6554,1.31,104.2114,13.0885,2166775.0
688617.SH,2023-01-06,322.2,324.97,317.0,321.65,325.0,-3.35,-1.0308,5489.9,175878.305,1.2388,0.88,103.1372,12.9536,2144440.55
688617.SH,2023-01-09,318.0,332.0,317.02,326.99,321.65,5.34,1.6602,7378.88,242114.682,1.6403,1.21,104.8495,13.1687,2180042.33
688617.SH,2023-01-10,326.9,329.69,320.54,327.49,326.99,0.5,0.1529,3425.59,111737.357,0.7615,0.5,105.0098,13.1888,2183375.83
688617.SH,2023-01-11,331.9,331.9,320.95,324.46,327.49,-3.03,-0.9252,2956.54,96230.583,0.6572,0.52,104.0383,13.0668,2163174.82
688617.SH,2023-01-12,321.55,328.0,316.0,320.0,324.46,-4.46,-1.3746,3743.0,119756.944,0.8321,0.7,102.6082,12.8872,2133440.0
688617.SH,2023-01-13,322.75,332.8,315.76,328.94,320.0,8.94,2.7938,3794.68,124377.419,0.8436,0.83,105.4748,13.2472,2193042.98
688617.SH,2023-01-16,328.0,332.31,323.0,325.34,328.94,-3.6,-1.0944,7344.99,240171.559,1.6328,1.72,104.3204,13.1022,2169041.78
688617.SH,2023-01-17,327.0,327.0,317.0,317.5,325.34,-7.84,-2.4098,4430.1,142013.744,0.9848,1.04,101.8065,12.7865,2116772.5
688617.SH,2023-01-18,319.77,323.0,312.5,313.1,317.5,-4.4,-1.3858,6755.62,213464.244,1.5018,1.52,100.3957,12.6093,2087437.7
688617.SH,2023-01-19,313.1,326.8,310.0,321.99,313.1,8.89,2.8393,6220.99,199783.51,1.3829,1.19,103.2462,12.9673,2146707.33
688617.SH,2023-01-20,348.11,364.59,338.33,357.73,321.99,35.74,11.0997,15971.51,564172.606,3.5504,2.8,114.7063,14.4067,2384985.91
688617.SH,2023-01-30,364.79,364.9,339.68,346.58,357.73,-11.15,-3.1169,10136.91,352599.522,2.2534,1.24,111.131,13.9576,2310648.86
688617.SH,2023-01-31,345.66,346.66,336.2,337.54,346.58,-9.04,-2.6083,6815.21,232058.022,1.515,0.78,108.2324,13.5936,2250379.18
688617.SH,2023-02-01,339.88,360.94,335.58,356.47,337.54,18.93,5.6082,7649.5,269983.859,1.7005,0.83,114.3023,14.3559,2376585.49
688617.SH,2023-02-02,356.47,369.78,352.06,363.49,356.47,7.02,1.9693,6020.08,217784.717,1.3383,0.64,116.5532,14.6386,2423387.83
688617.SH,2023-02-03,356.53,366.9,356.53,365.0,363.49,1.51,0.4154,4937.5,179475.248,1.0976,0.53,117.0374,14.6994,2433455.0
688617.SH,2023-02-06,359.65,367.48,357.04,365.8,365.0,0.8,0.2192,4697.06,170876.356,1.0442,0.66,117.2939,14.7316,2438788.6
688617.SH,2023-02-07,360.19,368.55,352.78,355.29,365.8,-10.51,-2.8732,3502.63,126304.098,0.7786,0.58,113.9239,14.3084,2368718.43
688617.SH,2023-02-08,356.16,366.0,354.97,357.05,355.29,1.76,0.4954,3802.72,136628.68,0.8453,0.71,114.4883,14.3793,2380452.35
688617.SH,2023-02-09,351.3,359.8,348.73,355.08,357.05,-1.97,-0.5517,3459.9,122594.463,0.7691,0.75,113.8566,14.2999,2367318.36
688617.SH,2023-02-10,351.5,364.0,348.0,354.29,355.08,-0.79,-0.2225,4752.83,168586.852,1.0565,1.16,113.6033,14.2681,2362051.43
688617.SH,2023-02-13,354.29,361.88,350.33,360.76,354.29,6.47,1.8262,4963.91,178333.061,1.1035,1.23,115.6779,14.5287,2405186.92
688617.SH,2023-02-14,361.8,363.99,355.03,359.89,360.76,-0.87,-0.2412,3794.91,136544.054,0.8436,0.93,115.3989,14.4936,2399386.63
688617.SH,2023-02-15,359.89,362.89,343.01,344.15,359.89,-15.74,-4.3736,5453.18,189285.591,1.2122,1.31,110.3519,13.8598,2294448.05
688617.SH,2023-02-16,349.74,356.98,344.0,345.18,344.15,1.03,0.2993,5045.49,176784.669,1.1216,1.12,110.6821,13.9012,2301315.06
688617.SH,2023-02-17,342.44,344.94,335.66,338.49,345.18,-6.69,-1.9381,4560.38,154680.734,1.0138,0.95,108.537,13.6318,2256712.83
688617.SH,2023-02-20,339.67,343.86,328.02,338.86,338.49,0.37,0.1093,3500.32,117135.713,0.7781,0.73,108.6556,13.6467,2259179.62
688617.SH,2023-02-21,336.01,341.87,330.01,337.0,338.86,-1.86,-0.5489,3559.07,119917.545,0.7912,0.8,108.0592,13.5718,2246779.0
688617.SH,2023-02-22,337.05,350.0,331.25,347.93,337.0,10.93,3.2433,4141.43,142621.846,0.9206,0.94,111.5639,14.012,2319649.31
688617.SH,2023-02-23,345.4,349.44,338.02,341.55,347.93,-6.38,-1.8337,3200.24,109386.434,0.7114,0.77,109.5182,13.755,2277113.85
688617.SH,2023-02-24,342.0,346.0,334.3,335.55,341.55,-6.0,-1.7567,3428.06,115923.622,0.7621,0.9,107.5943,12.701,2237111.85
688617.SH,2023-02-27,335.6,345.0,335.05,336.72,335.55,1.17,0.3487,5057.33,171540.612,1.1242,1.42,107.9694,12.7453,2244912.24
688617.SH,2023-02-28,340.25,353.5,334.16,353.18,336.72,16.46,4.8883,5914.77,204922.981,1.3148,1.53,113.2473,13.3683,2354651.06
688617.SH,2023-03-01,353.15,357.74,346.78,352.38,353.18,-0.8,-0.2265,5602.9,196461.431,1.2455,1.29,112.9908,13.338,2349317.46
688617.SH,2023-03-02,352.38,352.38,338.21,341.11,352.38,-11.27,-3.1983,4008.25,137388.813,0.891,0.86,109.3771,12.9115,2274180.37
688617.SH,2023-03-03,339.34,357.45,337.0,344.2,341.11,3.09,0.9059,5116.01,178649.42,1.1373,1.07,110.3679,13.0284,2294781.4
688617.SH,2023-03-06,343.15,361.89,339.03,358.0,344.2,13.8,4.0093,6997.25,248162.821,1.5555,1.36,114.7929,13.5508,2386786.0
688617.SH,2023-03-07,358.57,360.64,350.87,353.08,358.0,-4.92,-1.3743,3478.04,123434.118,0.7732,0.63,113.2153,13.3645,2353984.36
688617.SH,2023-03-08,350.21,355.0,340.07,342.0,353.08,-11.08,-3.1381,2920.27,100521.563,0.6492,0.58,109.6625,12.9451,2280114.0
688617.SH,2023-03-09,340.9,348.12,340.34,342.8,342.0,0.8,0.2339,2842.23,97707.824,0.6318,0.63,109.919,12.9754,2285447.6
688617.SH,2023-03-10,342.78,344.92,334.07,339.01,342.8,-3.79,-1.1056,3741.41,126708.044,0.8317,0.88,108.7037,12.832,2260179.67
688617.SH,2023-03-13,339.0,341.0,330.38,334.1,339.01,-4.91,-1.4483,4752.22,159684.87,1.0564,1.19,107.1293,12.6461,2227444.7
688617.SH,2023-03-14,335.84,340.3,330.03,334.07,334.1,-0.03,-0.009,5402.48,181278.688,1.201,1.52,107.1197,12.645,2227244.69
688617.SH,2023-03-15,333.17,345.2,330.47,332.96,334.07,-1.11,-0.3323,4357.86,146521.429,0.9687,1.11,106.7638,12.603,2219844.32
688617.SH,2023-03-16,330.31,336.64,323.5,326.55,332.96,-6.41,-1.9252,4307.92,141573.001,0.9576,1.02,104.7084,12.3603,2177108.85
688617.SH,2023-03-17,326.61,329.3,311.0,313.22,326.55,-13.33,-4.0821,7066.89,223490.307,1.571,1.57,100.4341,11.8558,2088237.74
688617.SH,2023-03-20,312.9,315.77,298.93,306.58,313.22,-6.64,-2.1199,12153.22,370890.764,2.7016,2.35,98.305,11.6045,2043968.86
688617.SH,2023-03-21,309.48,324.95,307.0,320.23,306.58,13.65,4.4523,6018.19,192139.803,1.3378,0.9,102.6819,12.1211,2134973.41
688617.SH,2023-03-22,317.03,323.43,310.31,312.21,320.23,-8.02,-2.5044,4057.77,127315.125,0.902,0.6,100.1103,11.8176,2081504.07
688617.SH,2023-03-23,310.03,325.48,308.02,316.01,312.21,3.8,1.2171,6007.07,190053.15,1.3354,0.89,101.3288,11.9614,2106838.67
688617.SH,2023-03-24,318.78,318.78,309.99,311.96,316.01,-4.05,-1.2816,4210.92,131739.296,0.9361,0.6,100.0301,11.8081,2079837.32
688617.SH,2023-03-27,309.03,315.45,303.43,307.64,311.96,-4.32,-1.3848,5673.18,175317.27,1.2611,0.87,98.6449,11.6446,2051035.88
688617.SH,2023-03-28,307.16,319.38,306.01,315.21,307.64,7.57,2.4607,4588.64,144151.425,1.02,0.88,101.0722,11.9311,2101505.07
688617.SH,2023-03-29,314.96,321.89,309.42,315.78,315.21,0.57,0.1808,4160.8,131062.986,0.9249,0.85,101.255,11.9527,2105305.26
688617.SH,2023-03-30,313.03,345.67,313.01,343.86,315.78,28.08,8.8923,8070.98,269388.066,1.7942,1.64,110.2589,13.0155,2292514.62
688617.SH,2023-03-31,345.58,359.86,340.19,353.66,343.86,9.8,2.85,7328.15,255921.393,1.629,1.37,113.4013,13.3865,2357851.22
688617.SH,2023-04-03,349.0,353.85,340.0,346.0,353.66,-7.66,-2.1659,8869.04,306608.722,1.9716,1.49,110.9451,13.0965,2306782.0
688617.SH,2023-04-04,343.88,365.6,341.74,362.44,346.0,16.44,4.7514,6897.69,246948.366,1.5333,1.04,116.2166,13.7188,2416387.48
688617.SH,2023-04-06,362.88,370.67,353.66,362.9,362.44,0.46,0.1269,5043.87,182305.05,1.1212,0.71,116.3641,13.7362,2419454.3
688617.SH,2023-04-07,360.95,368.3,356.05,367.55,362.9,4.65,1.2813,5116.54,186700.911,1.1374,0.71,68.4447,13.8969,2450455.85
688617.SH,2023-04-10,364.31,376.44,358.69,372.36,367.55,4.81,1.3087,4390.61,161519.515,0.976,0.66,69.3404,14.0788,2482524.12
688617.SH,2023-04-11,372.97,376.88,359.38,365.9,372.36,-6.46,-1.7349,4591.49,167759.994,1.0207,0.76,68.1375,13.8345,2439455.3
688617.SH,2023-04-12,365.0,369.8,356.25,358.53,365.9,-7.37,-2.0142,3409.27,122996.334,0.7579,0.65,66.765,13.5559,2390319.51
688617.SH,2023-04-13,359.61,365.98,355.01,358.97,358.53,0.44,0.1227,4408.92,158744.631,0.9801,0.98,66.847,13.5725,2393252.99
688617.SH,2023-04-14,361.13,362.66,348.02,351.23,358.97,-7.74,-2.1562,5386.93,189917.064,1.1975,1.23,65.4056,13.2798,2341650.41
688617.SH,2023-04-17,352.23,357.39,346.8,349.05,351.23,-2.18,-0.6207,4824.94,168671.878,1.0726,1.09,64.9997,13.1974,2327116.35
688617.SH,2023-04-18,341.01,355.53,335.07,349.63,349.05,0.58,0.1662,7397.94,256895.76,1.6446,1.64,65.1077,13.2193,2330983.21
688617.SH,2023-04-19,349.6,351.77,339.17,347.0,349.63,-2.63,-0.7522,3834.87,133000.996,0.8525,0.75,64.6179,13.1199,2313449.0
688617.SH,2023-04-20,346.75,347.46,337.0,341.95,347.0,-5.05,-1.4553,4385.31,149601.472,0.9748,0.85,63.6775,12.929,2279780.65
688617.SH,2023-04-21,345.0,355.65,337.5,349.68,341.95,7.73,2.2606,5950.51,208498.128,1.3228,1.15,65.117,13.2212,2331316.56
688617.SH,2023-04-24,352.15,360.84,338.02,347.28,349.68,-2.4,-0.6863,5693.49,198945.944,1.2657,1.08,64.6701,13.1305,2315315.76
688617.SH,2023-04-25,347.35,347.79,333.36,336.43,347.28,-10.85,-3.1243,7197.85,243425.942,1.6001,1.32,62.6496,12.7203,2242978.81
688617.SH,2023-04-26,337.89,357.95,334.1,354.1,336.43,17.67,5.2522,4503.19,158154.912,1.0011,0.83,65.9401,13.3884,2360784.7
688617.SH,2023-04-27,352.6,378.0,352.2,378.0,354.1,23.9,6.7495,8417.98,310210.595,1.8713,1.52,70.3907,14.292,2520126.0
688617.SH,2023-04-28,388.3,397.0,360.4,364.5,378.0,-13.5,-3.5714,9118.06,341680.992,2.0269,1.44,67.8768,12.9924,2430121.5
688617.SH,2023-05-04,365.45,379.0,358.1,368.9,364.5,4.4,1.2071,5714.72,211991.467,1.2704,0.82,68.6961,13.1493,2459456.3
688617.SH,2023-05-05,366.02,367.54,358.5,360.4,368.9,-8.5,-2.3041,3484.6,125945.578,0.7746,0.5,67.1133,12.8463,2402786.8
688617.SH,2023-05-08,360.8,363.3,342.96,350.26,360.4,-10.14,-2.8135,6436.23,224298.141,1.4308,1.03,65.225,12.4849,2335183.42
688617.SH,2023-05-09,350.0,362.89,343.48,347.91,350.26,-2.35,-0.6709,4120.08,144534.161,0.9159,0.62,64.7874,12.4011,2319515.97
688617.SH,2023-05-10,345.43,354.54,340.34,350.7,347.91,2.79,0.8019,4286.56,149050.044,0.9529,0.74,65.3069,12.5005,2338116.9
688617.SH,2023-05-11,353.33,376.95,353.33,360.8,350.7,10.1,2.88,7206.95,264384.91,1.6021,1.5,67.1877,12.8606,2405453.6
688617.SH,2023-05-12,360.8,364.95,347.6,351.82,360.8,-8.98,-2.4889,4521.17,161276.853,1.005,0.89,65.5155,12.5405,2345583.94
688617.SH,2023-05-15,349.0,355.85,344.15,355.8,351.82,3.98,1.1313,6906.31,241642.257,1.5353,1.3,66.2566,12.6823,2372118.6
688617.SH,2023-05-16,352.01,387.99,352.01,379.99,355.8,24.19,6.7988,9825.44,372623.731,2.1842,1.82,70.7613,13.5446,2533393.33
688617.SH,2023-05-17,380.0,383.85,369.01,371.6,379.99,-8.39,-2.208,4080.93,152487.361,0.9072,0.62,69.1989,13.2455,2477457.2
688617.SH,2023-05-18,371.44,371.44,363.09,369.82,371.6,-1.78,-0.479,3404.1,125331.721,0.7567,0.52,68.8674,13.1821,2465589.94
688617.SH,2023-05-19,370.0,396.0,365.26,391.46,369.82,21.64,5.8515,4487.72,173690.498,0.9976,0.78,72.8972,13.9534,2609863.82
688617.SH,2023-05-22,390.98,399.7,382.2,385.5,391.46,-5.96,-1.5225,4937.23,192258.385,1.0975,0.86,71.7873,13.741,2570128.5
688617.SH,2023-05-23,382.0,392.28,380.51,386.69,385.5,1.19,0.3087,3037.06,117526.368,0.6751,0.57,72.0089,13.7834,2578062.23
688617.SH,2023-05-24,384.47,386.66,373.1,381.88,386.69,-4.81,-1.2439,3351.91,127445.458,0.7451,0.84,71.1132,13.6119,2545993.96
688617.SH,2023-05-25,381.0,386.95,377.61,381.96,381.88,0.08,0.0209,1390.04,53014.52,0.309,0.36,71.1281,13.6148,2546527.32
688617.SH,2023-05-26,385.4,388.57,378.3,384.1,381.96,2.14,0.5603,2007.84,76809.57,0.4463,0.58,71.5266,13.6911,2560794.7
688617.SH,2023-05-29,383.72,387.97,376.41,383.95,382.46,1.49,0.3896,3388.39,129449.601,0.7532,1.15,71.4987,14.5367,2559794.65
688617.SH,2023-05-30,382.87,388.0,365.5,376.73,383.95,-7.22,-1.8805,5481.48,204433.007,1.2185,2.08,70.1542,14.2633,2511658.91
688617.SH,2023-05-31,373.85,384.66,369.0,370.2,376.73,-6.53,-1.7333,3419.29,128210.453,0.7601,1.09,68.9382,14.0161,2468123.4
688617.SH,2023-06-01,373.25,373.68,360.1,362.83,370.2,-7.37,-1.9908,3554.36,129351.436,0.7901,1.13,67.5658,13.7371,2418987.61
688617.SH,2023-06-02,363.01,376.53,362.57,368.04,362.83,5.21,1.4359,3069.96,113527.034,0.6824,0.86,68.536,13.9343,2453722.68
688617.SH,2023-06-05,367.68,371.68,360.01,369.27,368.04,1.23,0.3342,3009.02,110276.1,0.6689,0.8,68.765,13.9809,2461923.09
688617.SH,2023-06-06,368.99,373.1,362.1,363.2,369.27,-6.07,-1.6438,3925.41,144107.781,0.8726,1.06,67.6347,13.7511,2421454.4
688617.SH,2023-06-07,362.0,373.9,362.0,369.0,363.2,5.8,1.5969,2261.94,83485.908,0.5028,0.67,68.7147,13.9707,2460123.0
688617.SH,2023-06-08,368.86,369.99,360.08,363.35,369.0,-5.65,-1.5312,4260.4,155239.14,0.9471,1.35,67.6626,13.7568,2422454.45
688617.SH,2023-06-09,356.09,379.0,353.6,356.0,363.35,-7.35,-2.0228,10650.65,386427.913,2.3676,3.22,66.2939,13.4785,2373452.0
688617.SH,2023-06-12,356.0,367.65,352.31,361.45,356.0,5.45,1.5309,4458.0,161494.053,0.991,0.92,67.3088,13.6848,2409787.15
688617.SH,2023-06-13,361.53,365.3,356.0,358.04,361.45,-3.41,-0.9434,2553.42,91758.289,0.5676,0.5,66.6738,13.5557,2387052.68
688617.SH,2023-06-14,356.0,365.0,356.0,362.29,358.04,4.25,1.187,1963.52,71108.857,0.4365,0.41,67.4652,13.7166,2415387.43
688617.SH,2023-06-15,364.68,367.21,360.02,366.0,362.29,3.71,1.024,2075.36,75633.034,0.4613,0.43,68.1561,13.8571,2440122.0
688617.SH,2023-06-16,366.02,368.59,353.5,355.0,366.0,-11.0,-3.0055,3502.36,125240.866,0.7786,0.81,66.1077,13.4406,2366785.0
688617.SH,2023-06-19,353.01,363.78,350.05,356.79,355.0,1.79,0.5042,3071.1,109369.093,0.6827,1.06,66.441,13.5084,2378718.93
688617.SH,2023-06-20,356.98,363.86,353.05,361.0,356.79,4.21,1.18,1985.07,71526.509,0.4413,0.75,67.225,13.6678,2406787.0
688617.SH,2023-06-21,358.15,358.85,345.3,352.3,361.0,-8.7,-2.41,3346.89,118309.706,0.744,1.33,65.6049,13.3384,2348784.1
688617.SH,2023-06-26,349.0,358.0,349.0,354.0,352.3,1.7,0.4825,2732.31,96655.904,0.6074,0.98,66.1005,13.4391,2366527.2054
688617.SH,2023-06-27,356.74,374.0,352.66,370.5,354.0,16.5,4.661,4535.34,167088.755,1.0082,1.55,69.1814,14.0656,2476831.4396
688617.SH,2023-06-28,368.0,372.0,361.02,365.0,370.5,-5.5,-1.4845,3086.83,112810.782,0.6834,0.98,68.1544,13.6034,2440063.3615
688617.SH,2023-06-29,365.0,377.87,362.01,374.08,365.0,9.08,2.4877,3979.0,148186.37,0.881,1.27,69.8499,13.9418,2500764.1158
688617.SH,2023-06-30,372.59,376.98,368.05,373.75,374.08,-0.33,-0.0882,3518.42,130919.999,0.779,1.0,69.7883,13.9295,2498558.0311
688617.SH,2023-07-03,374.5,388.0,372.52,384.49,373.75,10.74,2.8736,3699.28,141487.137,0.819,1.04,71.7937,14.3298,2570356.0599
688617.SH,2023-07-04,384.0,390.89,375.59,385.0,384.49,0.51,0.1326,3557.16,136478.342,0.7876,0.95,71.8889,14.3488,2573765.4635
688617.SH,2023-07-05,384.0,391.82,379.13,382.72,385.0,-2.28,-0.5922,2738.02,105247.273,0.6062,0.77,71.4632,14.2638,2558523.4239
688617.SH,2023-07-06,381.95,385.67,372.0,373.49,382.72,-9.23,-2.4117,2777.16,104295.168,0.6149,0.79,69.7397,13.9198,2496819.9038
688617.SH,2023-07-07,373.17,376.96,368.13,373.88,373.49,0.39,0.1044,2710.43,100955.41,0.6001,0.83,69.8126,13.9343,2499427.0948
688617.SH,2023-07-10,373.8,375.78,367.43,371.09,373.88,-2.79,-0.7462,1131.1,41971.047,0.2504,0.37,69.2916,13.8303,2480775.6516
688617.SH,2023-07-11,370.67,385.98,369.07,382.61,371.09,11.52,3.1044,2309.12,87796.073,0.5113,0.89,71.4427,14.2597,2557788.0623
688617.SH,2023-07-12,386.88,388.01,370.02,371.91,382.61,-10.7,-2.7966,1899.29,71767.551,0.4205,0.81,69.4447,13.8609,2486257.4377
688617.SH,2023-07-13,373.92,377.99,368.77,370.0,371.91,-1.91,-0.5136,1913.62,71326.532,0.4237,0.88,69.0881,13.7897,2473488.887
688617.SH,2023-07-14,371.78,375.96,365.12,370.28,370.0,0.28,0.0757,1815.54,67262.999,0.402,0.91,69.1403,13.8002,2475360.7164
688617.SH,2023-07-17,371.01,380.0,369.13,378.0,370.28,7.72,2.0849,1689.88,63468.121,0.3742,0.93,70.5819,14.0879,2526969.7278
688617.SH,2023-07-18,377.0,379.98,368.3,370.49,378.0,-7.51,-1.9868,1850.8,69031.849,0.4098,0.96,69.1796,13.808,2476764.5885
688617.SH,2023-07-19,373.0,373.0,360.53,363.43,370.49,-7.06,-1.9056,2448.52,89370.838,0.5421,1.34,67.8613,13.5449,2429567.7465
688617.SH,2023-07-20,366.78,369.02,356.98,367.07,363.43,3.64,1.0016,2460.7,89914.276,0.5448,1.27,68.541,13.6805,2453901.5291
688617.SH,2023-07-21,364.12,373.5,358.58,367.15,367.07,0.08,0.0218,3456.17,126358.389,0.7652,1.68,68.5559,13.6835,2454436.3375
688617.SH,2023-07-24,366.15,369.96,363.02,369.0,367.15,1.85,0.5039,1040.09,38251.739,0.2303,0.44,68.9013,13.7524,2466803.7819
688617.SH,2023-07-25,371.78,374.99,362.27,365.3,369.0,-3.7,-1.0027,2685.74,98315.016,0.5946,1.19,68.2105,13.6146,2442068.893
688617.SH,2023-07-26,363.02,374.59,363.01,370.03,365.3,4.73,1.2948,1984.06,73474.437,0.4393,0.82,69.0937,13.7908,2473689.4402
688617.SH,2023-07-27,373.78,373.78,356.69,358.2,370.03,-11.83,-3.197,2357.43,85304.123,0.522,1.01,66.8847,13.3499,2394604.6468
688617.SH,2023-07-28,358.2,374.97,358.2,372.0,358.2,13.8,3.8526,3688.37,135221.845,0.8166,1.6,69.4615,13.8643,2486859.0972
688617.SH,2023-07-31,374.95,374.95,330.0,341.1,372.0,-30.9,-8.3065,20057.75,682330.56,4.4409,8.53,63.6917,12.7126,2280289.3496
688617.SH,2023-08-01,337.0,350.93,330.0,331.02,341.1,-10.08,-2.9551,11369.35,385031.18,2.5173,1.85,61.8095,12.337,2212903.4902
688617.SH,2023-08-02,329.8,331.5,321.51,325.69,331.02,-5.33,-1.6102,9055.77,294014.113,2.005,1.15,60.8143,12.1383,2177271.88
688617.SH,2023-08-03,326.78,334.84,323.82,331.55,325.69,5.86,1.7993,11460.66,378952.027,2.5375,1.23,61.9085,12.3567,2216446.5959
688617.SH,2023-08-04,331.44,331.96,321.64,324.68,331.55,-6.87,-2.0721,6897.69,224343.633,1.5272,0.62,60.6257,12.1007,2170519.9239
688617.SH,2023-08-07,324.68,328.84,315.19,324.77,324.68,0.09,0.0277,8804.05,284265.836,1.9493,0.75,60.6425,12.104,2171121.5833
688617.SH,2023-08-08,324.68,333.0,321.0,330.44,324.77,5.67,1.7459,5009.0,165007.477,1.109,0.53,61.7012,12.3153,2209026.1292
688617.SH,2023-08-09,329.62,334.5,321.51,322.68,330.44,-7.76,-2.3484,6496.29,212065.441,1.4383,0.79,60.2523,12.0261,2157149.7137
688617.SH,2023-08-10,318.1,325.0,310.01,317.69,322.68,-4.99,-1.5464,8228.64,261304.184,1.8219,1.06,59.3205,11.8402,2123791.0392
688617.SH,2023-08-11,317.85,317.85,303.03,303.35,317.69,-14.34,-4.5138,8532.21,263482.608,1.8891,1.2,56.6429,11.3057,2027926.6321
688617.SH,2023-08-14,304.0,308.97,297.64,308.3,303.35,4.95,1.6318,5634.54,172320.459,1.2475,0.76,57.5672,11.4902,2061017.9023
688617.SH,2023-08-15,306.23,312.47,302.0,304.49,308.3,-3.81,-1.2358,3709.36,113659.425,0.8213,0.55,56.8557,11.3482,2035547.6519
688617.SH,2023-08-16,304.46,307.49,299.01,300.23,304.49,-4.26,-1.3991,4286.01,129672.119,0.949,0.66,56.0603,11.1894,2007069.1042
688617.SH,2023-08-17,299.75,302.95,298.17,299.0,300.23,-1.23,-0.4097,2648.58,79542.49,0.5864,0.44,55.8306,11.1436,1998846.4249
688617.SH,2023-08-18,298.97,303.73,295.37,296.3,299.0,-2.7,-0.903,2383.21,71334.452,0.5277,0.48,55.3265,11.043,1980796.6411
688617.SH,2023-08-21,298.77,310.98,293.6,307.8,296.3,11.5,3.8812,4217.16,128811.028,0.9337,1.13,57.4738,11.4716,2057675.3498
688617.SH,2023-08-22,309.9,311.02,296.58,303.82,307.8,-3.98,-1.293,4816.6,145689.63,1.0664,1.4,56.7306,11.3232,2031068.6315
688617.SH,2023-08-23,302.58,307.99,298.49,298.68,303.82,-5.14,-1.6918,2669.51,80947.986,0.591,0.73,55.7709,11.1317,1996707.1913
688617.SH,2023-08-24,299.0,310.9,296.18,305.58,298.68,6.9,2.3102,3757.25,113970.663,0.8319,1.12,57.0593,11.3888,2042834.4165
688617.SH,2023-08-25,329.0,344.29,315.0,318.19,305.58,12.61,4.1266,12938.69,417052.925,2.8647,3.63,59.4139,13.0705,2127133.5918
688617.SH,2023-08-28,342.95,342.95,322.0,330.01,318.19,11.82,3.7148,7851.99,258273.333,1.7385,1.38,61.621,13.5561,2206151.5341
688617.SH,2023-08-29,330.05,352.52,327.75,344.88,330.01,14.87,4.5059,5417.42,185549.649,1.1995,0.85,64.3975,14.1669,2305559.0469
688617.SH,2023-08-30,345.49,359.62,342.33,354.0,344.88,9.12,2.6444,6647.91,235493.86,1.4719,1.02,66.1005,14.5415,2366527.2054
688617.SH,2023-08-31,353.01,359.89,349.03,359.49,354.0,5.49,1.5508,3572.86,127453.996,0.7911,0.49,67.1256,14.767,2403228.4324
688617.SH,2023-09-01,359.49,362.98,351.51,354.41,359.49,-5.08,-1.4131,3576.15,126804.532,0.7918,0.49,66.177,14.5584,2369268.0985
688617.SH,2023-09-04,354.42,356.4,336.03,344.15,354.41,-10.26,-2.895,7246.64,248363.427,1.6045,1.34,64.2612,14.1369,2300678.9202
688617.SH,2023-09-05,342.9,349.6,341.05,344.47,344.15,0.32,0.093,3402.67,117693.477,0.7534,0.64,64.321,14.15,2302818.1538
688617.SH,2023-09-06,344.2,344.47,334.37,340.78,344.47,-3.69,-1.0712,3308.83,112041.95,0.7326,0.68,63.632,13.9985,2278150.116
688617.SH,2023-09-07,338.65,344.65,338.0,341.76,340.78,0.98,0.2876,2611.96,89451.471,0.5783,0.62,63.815,14.0387,2284701.519
688617.SH,2023-09-08,340.67,359.2,336.79,357.86,341.76,16.1,4.7109,4396.22,155015.241,0.9734,1.09,66.8212,14.7001,2392331.7111
688617.SH,2023-09-11,357.91,369.0,357.91,366.0,357.86,8.14,2.2746,5243.2,191263.983,1.1609,1.25,68.3412,15.0345,2446748.4666
688617.SH,2023-09-12,366.05,370.0,361.54,362.6,366.0,-3.4,-0.929,3463.22,126306.922,0.7668,0.91,67.7063,14.8948,2424019.1093
688617.SH,2023-09-13,359.0,370.7,359.0,368.61,362.6,6.01,1.6575,2759.62,101210.457,0.611,0.73,68.8285,15.1417,2464196.5909
688617.SH,2023-09-14,369.57,371.85,358.18,363.0,368.61,-5.61,-1.5219,3012.06,109275.586,0.6669,0.82,67.781,14.9112,2426693.1513
688617.SH,2023-09-15,360.0,374.89,359.05,371.0,363.0,8.0,2.2039,5217.64,193203.807,1.1552,1.38,69.2748,15.2398,2480173.9921
688617.SH,2023-09-18,367.55,385.79,367.55,372.0,371.0,1.0,0.2695,4853.86,181940.829,1.0747,1.23,69.4615,15.2809,2486859.0972
688617.SH,2023-09-19,375.78,378.0,365.26,370.42,372.0,-1.58,-0.4247,3561.99,131451.147,0.7887,0.92,69.1665,15.216,2476296.6311
688617.SH,2023-09-20,373.0,373.0,363.0,366.98,370.42,-3.44,-0.9287,2251.47,82435.948,0.4985,0.58,68.5242,15.0747,2453299.8696
688617.SH,2023-09-21,367.99,370.01,364.02,368.1,366.98,1.12,0.3052,3056.36,112473.977,0.6767,0.81,68.7333,15.1207,2460787.1873
688617.SH,2023-09-22,371.5,372.0,362.44,370.23,368.1,2.13,0.5786,3005.78,110573.989,0.6655,0.79,69.131,15.2082,2475026.4612
688617.SH,2023-09-25,370.0,378.98,365.01,375.22,370.23,4.99,1.3478,4257.11,159897.365,0.9426,1.27,70.0628,15.4132,2508385.1356
688617.SH,2023-09-26,377.44,381.6,373.68,374.9,375.22,-0.32,-0.0853,3984.3,150127.658,0.8822,1.23,70.003,15.4,2506245.902
688617.SH,2023-09-27,375.65,379.6,369.0,378.08,374.9,3.18,0.8482,2816.22,105739.855,0.6235,0.85,70.5968,15.5307,2527504.5362
688617.SH,2023-09-28,378.07,385.2,374.01,382.84,378.08,4.76,1.259,3889.34,148337.03,0.8611,1.14,71.4856,15.7262,2559325.6365
688617.SH,2023-10-09,382.11,383.85,375.12,377.25,382.84,-5.59,-1.4601,2146.03,81294.672,0.4751,0.6,70.4418,15.4966,2521955.899
688617.SH,2023-10-10,379.88,379.95,371.01,372.8,377.25,-4.45,-1.1796,1995.19,74692.162,0.4418,0.58,69.6109,15.3138,2492207.1813
688617.SH,2023-10-11,375.0,383.0,373.26,382.57,372.8,9.77,2.6207,2949.27,112074.381,0.653,0.99,71.4352,15.7151,2557520.6581
688617.SH,2023-10-12,385.34,385.34,375.32,377.99,382.57,-4.58,-1.1972,1659.22,62814.582,0.3674,0.6,70.58,15.527,2526902.8767
688617.SH,2023-10-13,380.29,384.96,375.1,383.45,377.99,5.46,1.4445,2767.45,105662.707,0.6127,1.09,71.5995,15.7513,2563403.5506
688617.SH,2023-10-16,381.36,384.5,374.93,382.99,383.45,-0.46,-0.12,3202.84,121806.07,0.7091,1.39,71.5136,15.7324,2560328.4022
688617.SH,2023-10-17,380.12,380.12,370.0,375.2,382.99,-7.79,-2.034,2394.12,89497.472,0.5301,0.95,70.059,15.4124,2508251.4335
688617.SH,2023-10-18,373.76,377.85,370.9,372.51,375.2,-2.69,-0.717,1481.84,55433.226,0.3281,0.57,69.5567,15.3019,2490268.5008
688617.SH,2023-10-19,372.38,376.64,367.4,374.46,372.51,1.95,0.5235,2562.82,95360.012,0.5674,1.11,69.9209,15.382,2503304.4557
688617.SH,2023-10-20,372.69,373.56,366.0,366.81,374.46,-7.65,-2.0429,1742.64,64191.451,0.3858,0.7,68.4924,15.0677,2452163.4017
688617.SH,2023-10-23,367.83,372.67,362.0,367.65,366.81,0.84,0.229,2488.5,91515.707,0.551,1.09,68.6493,15.1022,2457778.89
688617.SH,2023-10-24,368.5,375.26,360.3,372.2,367.65,4.55,1.2376,3648.84,133612.84,0.8079,1.71,69.4989,15.2891,2488196.1182
688617.SH,2023-10-25,372.19,372.87,346.02,360.0,372.2,-12.2,-3.2778,6125.05,219074.115,1.3561,2.57,67.2208,14.788,2406637.836
688617.SH,2023-10-26,359.77,375.0,358.2,372.5,360.0,12.5,3.4722,3267.69,120959.465,0.7235,0.99,69.5549,15.3015,2490201.6498
688617.SH,2023-10-27,373.78,379.0,360.01,374.27,372.5,1.77,0.4752,4570.84,169363.969,1.012,1.32,69.8854,14.078,2502034.2858
688617.SH,2023-10-30,372.75,380.0,361.03,363.35,374.27,-10.92,-2.9177,4337.56,160127.599,0.9604,1.08,67.8463,13.6673,2429032.9381
688617.SH,2023-10-31,367.78,367.78,352.0,355.78,363.35,-7.57,-2.0834,4165.89,147944.95,0.9224,0.95,66.4328,13.3825,2378426.6925
688617.SH,2023-11-01,355.76,358.6,347.06,354.53,355.78,-1.25,-0.3513,2509.15,88257.361,0.5555,0.56,66.1994,13.3355,2370070.3111
688617.SH,2023-11-02,355.76,358.25,349.4,355.0,354.53,0.47,0.1326,3191.37,113123.244,0.7066,0.85,66.2872,13.3532,2373212.3105
688617.SH,2023-11-03,356.77,362.85,351.8,355.04,355.0,0.04,0.0113,3421.48,122066.052,0.7575,0.91,66.2947,13.3547,2373479.7147
688617.SH,2023-11-06,356.68,360.88,349.1,359.48,355.04,4.44,1.2506,3667.94,130640.515,0.8121,1.04,67.1237,13.5217,2403161.5813
688617.SH,2023-11-07,353.11,353.46,337.02,344.3,359.48,-15.18,-4.2228,7201.64,247176.65,1.5945,2.12,64.2892,12.9507,2301681.6859
688617.SH,2023-11-08,343.0,367.92,341.14,361.85,344.3,17.55,5.0973,5379.7,193372.609,1.1911,1.35,67.5663,13.6108,2419005.2804
688617.SH,2023-11-09,359.38,366.97,356.0,362.09,361.85,0.24,0.0663,3695.21,133615.388,0.8181,0.81,67.6111,13.6199,2420609.7057
688617.SH,2023-11-10,360.97,368.65,350.26,366.28,362.09,4.19,1.1572,4396.57,158384.921,0.9734,0.94,68.3934,13.7775,2448620.296
688617.SH,2023-11-13,365.45,365.45,347.2,352.39,366.28,-13.89,-3.7922,6309.61,222889.682,1.397,1.3,65.7998,13.255,2355764.1862
688617.SH,2023-11-14,351.83,354.75,345.02,353.53,352.39,1.14,0.3235,3243.75,113635.834,0.7182,0.6,66.0127,13.2979,2363385.206
688617.SH,2023-11-15,356.99,357.98,348.8,350.0,353.53,-3.53,-0.9985,2200.96,77444.559,0.4873,0.48,65.3536,13.1651,2339786.785
688617.SH,2023-11-16,348.89,348.89,335.05,343.71,350.0,-6.29,-1.7971,4592.8,156245.856,1.0169,1.16,64.1791,12.9285,2297737.4739
688617.SH,2023-11-17,340.24,357.85,340.24,355.84,343.71,12.13,3.5291,3660.72,129143.92,0.8105,0.88,66.444,13.3848,2378827.7988
688617.SH,2023-11-20,352.21,354.88,343.44,347.1,355.84,-8.74,-2.4562,3806.96,132381.185,0.8429,0.95,64.8121,13.056,2320399.9802
688617.SH,2023-11-21,347.0,348.18,340.73,347.48,347.1,0.38,0.1095,3580.2,123231.117,0.7927,1.02,64.883,13.0703,2322940.3201
688617.SH,2023-11-22,343.23,350.77,342.02,348.29,347.48,0.81,0.2331,3092.36,107793.467,0.6847,0.87,65.0343,13.1008,2328355.2553
688617.SH,2023-11-23,346.67,352.52,338.21,346.04,348.29,-2.25,-0.646,4274.65,146421.323,0.9464,1.14,64.6141,13.0162,2313313.7688
688617.SH,2023-11-24,342.23,344.74,339.13,344.09,346.04,-1.95,-0.5635,2648.05,90716.356,0.5863,0.72,64.25,12.9428,2300277.8139
688617.SH,2023-11-27,343.47,351.91,341.0,351.0,344.09,6.91,2.0082,2991.4,104269.303,0.6623,0.86,65.5403,13.2027,2346471.8901
688617.SH,2023-11-28,347.0,365.52,347.0,363.69,351.0,12.69,3.6154,4264.54,153528.892,0.9442,1.29,67.9098,13.6801,2431305.8738
688617.SH,2023-11-29,363.8,369.58,359.97,364.12,363.69,0.43,0.1182,2853.55,104563.26,0.6318,0.83,67.9901,13.6962,2434180.469
688617.SH,2023-11-30,365.46,375.93,362.38,373.23,364.12,9.11,2.5019,3797.37,141403.816,0.8408,1.11,69.6912,14.0389,2495081.7765
688617.SH,2023-12-01,373.97,378.87,369.95,377.72,373.23,4.49,1.203,2830.96,105835.846,0.6268,0.86,70.5296,14.2078,2525097.8984
688617.SH,2023-12-04,376.78,377.97,369.76,373.9,377.72,-3.82,-1.0113,3355.53,125539.263,0.7429,1.0,69.8163,14.0641,2499560.7969
688617.SH,2023-12-05,375.78,376.55,370.13,374.1,373.9,0.2,0.0535,2408.13,90101.645,0.5332,0.7,69.8536,14.0716,2500897.8179
688617.SH,2023-12-06,371.88,379.66,366.99,373.71,374.1,-0.39,-0.1043,1811.53,67730.759,0.4011,0.59,69.7808,14.057,2498290.6269
688617.SH,2023-12-07,373.7,379.0,371.53,376.51,373.71,2.8,0.7492,2039.41,76619.144,0.4515,0.72,70.3036,14.1623,2517008.9212
688617.SH,2023-12-08,376.6,392.92,373.11,382.3,376.51,5.79,1.5378,6573.24,252991.632,1.4554,2.64,71.3848,14.3801,2555715.6797
688617.SH,2023-12-11,380.06,398.0,378.1,395.5,382.3,13.2,3.4528,4112.28,160495.274,0.9105,1.27,73.8495,14.8766,2643959.0671
688617.SH,2023-12-12,396.99,396.99,383.82,390.27,395.5,-5.23,-1.3224,2324.5,90492.393,0.5147,0.69,72.873,14.6798,2608995.9674
688617.SH,2023-12-13,385.1,391.99,385.1,388.0,390.27,-2.27,-0.5816,943.95,36714.59,0.209,0.28,72.4491,14.5945,2593820.7788
688617.SH,2023-12-14,385.1,393.0,384.0,390.8,388.0,2.8,0.7216,2545.31,99219.04,0.5636,0.8,72.9719,14.6998,2612539.0731
688617.SH,2023-12-15,389.66,391.05,379.07,383.16,390.8,-7.64,-1.955,3309.05,126885.227,0.7326,1.0,71.5564,14.4146,2561859.7548
688617.SH,2023-12-18,383.16,387.0,377.08,382.1,383.16,-1.06,-0.2766,1676.22,64170.766,0.3711,0.63,71.3584,14.3748,2554772.451
688617.SH,2023-12-19,383.63,385.4,378.0,382.1,382.1,0.0,0.0,2300.1,87463.183,0.5091,1.06,71.3584,14.3597,2554772.451
688617.SH,2023-12-20,381.88,384.78,373.1,375.24,382.1,-6.86,-1.7953,2267.11,85486.373,0.5018,1.05,70.0773,14.1019,2508905.5601
688617.SH,2023-12-21,370.51,378.2,369.67,372.42,375.24,-2.82,-0.7515,2241.32,83571.026,0.4961,0.93,69.5507,13.9959,2490050.6574
688617.SH,2023-12-22,370.5,375.15,368.0,372.9,372.42,0.48,0.1289,1968.8,73102.647,0.4358,0.83,69.6403,14.0139,2493260.0025
688617.SH,2023-12-25,372.5,377.75,371.32,374.7,372.9,1.8,0.4827,1677.97,62904.713,0.3714,0.8,69.9765,14.0816,2505295.0468
688617.SH,2023-12-26,375.8,376.4,366.1,371.98,374.7,-2.72,-0.7259,2200.81,81470.387,0.4872,1.05,69.4685,13.9793,2487108.7577
688617.SH,2023-12-27,371.98,377.9,368.6,377.23,371.98,5.25,1.4114,2185.31,81861.04,0.4837,1.06,70.4489,14.1766,2522210.9701
688617.SH,2023-12-28,376.37,386.05,374.19,377.76,377.23,0.53,0.1405,3197.42,121399.686,0.7078,1.56,70.5479,14.1966,2525754.622
688617.SH,2023-12-29,378.88,389.95,376.03,388.5,377.76,10.74,2.8431,3667.26,141446.818,0.8118,1.63,72.5537,14.6002,2597563.7195
688617.SH,2024-01-02,387.19,391.23,380.76,381.1,388.5,-7.4,-1.9048,2812.17,108332.251,0.6225,1.09,71.1717,14.3221,2548086.3153
688617.SH,2024-01-03,380.51,386.4,376.23,382.5,381.1,1.4,0.3674,1358.26,51999.954,0.3007,0.48,71.4331,14.3747,2557446.9053
688617.SH,2024-01-04,383.78,385.98,375.01,378.0,382.5,-4.5,-1.1765,1882.94,71195.289,0.4168,0.71,70.5927,14.2056,2527359.2946
688617.SH,2024-01-05,378.66,380.6,365.6,365.85,378.0,-12.15,-3.2143,2920.8,108296.791,0.6465,1.13,68.3237,13.749,2446122.7458
688617.SH,2024-01-08,363.5,366.77,359.08,359.1,365.85,-6.75,-1.845,2169.45,78628.269,0.4802,0.86,67.0631,13.4953,2400991.3299
688617.SH,2024-01-09,357.05,382.99,357.05,374.85,359.1,15.75,4.386,4268.94,159445.603,0.945,1.92,70.0045,14.0872,2506297.9671
688617.SH,2024-01-10,373.41,381.82,371.0,373.51,374.85,-1.34,-0.3575,1977.54,74428.167,0.4377,0.78,69.7542,14.0368,2497338.5453
688617.SH,2024-01-11,371.11,378.18,371.08,372.0,373.51,-1.51,-0.4043,1818.04,67980.812,0.4024,0.69,69.4722,13.9801,2487242.4804
688617.SH,2024-01-12,373.5,376.67,370.21,370.5,372.0,-1.5,-0.4032,1917.09,71507.657,0.4244,0.73,69.1921,13.9237,2477213.2769
688617.SH,2024-01-15,368.04,374.38,365.07,365.99,370.5,-4.51,-1.2173,1726.77,63645.51,0.3822,0.71,68.3498,13.7542,2447058.8048
688617.SH,2024-01-16,365.07,365.16,358.01,363.77,365.99,-2.22,-0.6066,2383.71,86293.149,0.5277,1.02,67.9352,13.6708,2432215.5836
688617.SH,2024-01-17,363.76,368.88,356.23,356.23,363.77,-7.54,-2.0727,2073.07,75239.91,0.4589,1.06,66.5271,13.3874,2381802.1204
688617.SH,2024-01-18,358.78,358.78,345.64,355.8,356.23,-0.43,-0.1207,3751.37,131627.056,0.8304,1.89,66.4468,13.3713,2378927.0821
688617.SH,2024-01-19,351.1,362.57,350.68,354.63,355.8,-1.17,-0.3288,4102.66,145980.899,0.9082,1.73,66.2283,13.3273,2371104.3033
688617.SH,2024-01-22,358.0,363.53,310.02,338.0,354.63,-16.63,-4.6894,5034.18,176109.659,1.1144,1.79,63.1226,12.7023,2259913.8666
688617.SH,2024-01-23,337.93,360.0,332.0,354.5,338.0,16.5,4.8817,4574.05,160033.171,1.0125,1.32,66.204,13.3224,2370235.1057
688617.SH,2024-01-24,355.0,361.0,348.8,359.29,354.5,4.79,1.3512,3274.09,116598.32,0.7247,0.84,67.0986,13.5024,2402261.6957
688617.SH,2024-01-25,361.75,381.66,358.26,372.0,359.29,12.71,3.5375,5234.45,194051.51,1.1587,1.26,69.4722,13.9801,2487242.4804
688617.SH,2024-01-26,371.99,373.6,358.89,360.53,372.0,-11.47,-3.0833,2844.87,104251.139,0.6297,0.64,67.3302,13.549,2410552.5039
688617.SH,2024-01-29,421.0,421.0,366.48,377.0,360.53,16.47,4.5683,13922.64,535359.204,3.0819,3.32,70.406,14.168,2520673.1589
688617.SH,2024-01-30,378.0,400.0,375.91,390.25,377.0,13.25,3.5146,10868.98,425524.318,2.4059,1.82,72.8805,14.666,2609264.4569
688617.SH,2024-01-31,389.99,400.23,377.5,390.0,390.25,-0.25,-0.0641,6345.98,246880.429,1.4047,0.88,72.8338,14.6566,2607592.923
688617.SH,2024-02-01,385.68,400.79,377.89,390.19,390.0,0.19,0.0487,5493.39,215079.852,1.216,0.7,72.8693,14.6637,2608863.2888
688617.SH,2024-02-02,385.23,398.88,385.23,393.08,390.19,2.89,0.7407,5297.3,208588.529,0.7923,0.67,73.409,14.7723,2628186.221
688617.SH,2024-02-05,390.0,435.0,388.0,421.3,393.08,28.22,7.1792,7938.97,325097.822,1.1874,0.95,78.6792,15.8328,2816868.9704
688617.SH,2024-02-06,421.18,433.0,411.14,428.85,421.3,7.55,1.7921,9071.81,384636.761,1.3568,1.26,80.0891,16.1166,2867349.2949
688617.SH,2024-02-07,427.94,457.47,423.02,456.99,428.85,28.14,6.5617,8158.45,365119.097,1.2202,1.19,85.3444,17.1741,3055497.1535
688617.SH,2024-02-08,459.97,479.96,447.12,451.0,456.99,-5.99,-1.3108,7814.9,363247.605,1.1688,1.09,84.2257,16.949,3015447.2007
688617.SH,2024-02-19,455.0,455.0,428.36,433.97,451.0,-17.03,-3.7761,8108.0,353153.652,1.2127,1.06,81.0453,16.309,2901582.3097
688617.SH,2024-02-20,430.43,433.28,420.49,430.0,433.97,-3.97,-0.9148,6050.49,257213.757,0.9049,0.74,80.3039,16.1598,2875038.351
688617.SH,2024-02-21,426.11,435.35,420.04,426.96,430.0,-3.04,-0.707,4352.88,186199.687,0.651,0.56,79.7362,16.0455,2854712.4985
688617.SH,2024-02-22,426.8,426.94,415.47,419.55,426.96,-7.41,-1.7355,4166.33,175393.647,0.6231,0.6,78.3523,15.7671,2805168.2329
688617.SH,2024-02-23,419.98,421.66,412.33,419.69,419.55,0.14,0.0334,3540.03,147439.545,0.5295,0.58,78.3785,15.7723,2806104.2919
688617.SH,2024-02-26,418.29,437.7,416.12,431.0,419.69,11.31,2.6948,5242.3,224145.297,0.7841,1.0,80.4907,15.0403,2881724.4867
688617.SH,2024-02-27,429.99,445.95,429.01,444.45,431.0,13.45,3.1206,4413.16,193936.317,0.66,0.94,83.0025,15.5097,2971653.0119
688617.SH,2024-02-28,441.0,456.97,441.0,444.02,444.45,-0.43,-0.0967,4293.95,193198.579,0.6422,0.99,82.9222,15.4947,2968777.9735
688617.SH,2024-02-29,440.13,457.98,440.13,456.05,444.02,12.03,2.7093,3556.68,161109.77,0.5319,0.82,85.1688,15.9145,3049212.186
688617.SH,2024-03-01,456.05,456.05,439.45,450.08,456.05,-5.97,-1.3091,4262.21,190539.939,0.6375,1.01,84.0539,15.7062,3009295.9559
688617.SH,2024-03-04,446.23,457.0,445.0,449.17,450.08,-0.91,-0.2022,3836.53,172684.287,0.5738,0.88,83.884,15.6744,3003211.5724
688617.SH,2024-03-05,449.95,471.82,446.53,463.6,449.17,14.43,3.2126,5420.78,251839.772,0.8107,1.33,86.5788,16.178,3099692.5105
688617.SH,2024-03-06,459.1,465.55,456.32,457.98,463.6,-5.62,-1.2123,2386.82,109655.48,0.357,0.56,85.5293,15.9819,3062116.4279
688617.SH,2024-03-07,454.5,459.73,448.01,449.78,457.98,-8.2,-1.7905,2657.44,120206.765,0.3975,0.68,83.9979,15.6957,3007290.1151
688617.SH,2024-03-08,449.81,455.82,446.12,448.94,449.78,-0.84,-0.1868,2748.91,123597.302,0.4111,0.74,83.841,15.6664,3001673.7612
688617.SH,2024-03-11,448.95,457.87,441.5,456.56,448.94,7.62,1.6973,2477.47,112048.222,0.3705,0.73,85.2641,15.9323,3052622.1152
688617.SH,2024-03-12,456.49,460.0,450.12,451.1,456.56,-5.46,-1.1959,2747.47,125202.348,0.4109,0.88,84.2444,15.7418,3016115.8143
688617.SH,2024-03-13,451.1,458.88,446.15,456.98,451.1,5.88,1.3035,2599.07,117859.968,0.3887,1.0,85.3425,15.947,3055430.2922
688617.SH,2024-03-14,457.78,465.5,448.2,454.45,456.98,-2.53,-0.5536,2514.16,114081.202,0.376,0.95,84.87,15.8587,3038514.3689
688617.SH,2024-03-15,450.36,455.44,445.1,454.26,454.45,-0.19,-0.0418,2813.32,126833.162,0.4208,1.07,84.8345,15.852,3037244.0031
688617.SH,2024-03-18,451.85,460.42,447.15,460.37,454.26,6.11,1.345,3084.24,139784.091,0.4613,1.17,85.9756,16.0653,3078096.2922
688617.SH,2024-03-19,458.78,458.78,438.28,438.82,460.37,-21.55,-4.681,4569.91,203962.334,0.6835,1.66,81.9511,15.3132,2934010.0679
688617.SH,2024-03-20,438.02,444.95,432.03,436.68,438.82,-2.14,-0.4877,5004.94,218874.096,0.7486,1.61,81.5514,15.2386,2919701.7375
688617.SH,2024-03-21,435.46,442.78,432.0,432.32,436.68,-4.36,-0.9984,3600.03,157127.549,0.5384,1.0,80.7372,15.0864,2890550.1858
688617.SH,2024-03-22,428.8,435.0,425.31,432.37,432.32,0.05,0.0116,3101.43,133110.864,0.4639,0.81,80.7465,15.0882,2890884.4926
688617.SH,2024-03-25,434.78,434.78,420.5,425.38,432.37,-6.99,-1.6167,3529.67,150332.007,0.5279,0.91,53.2688,14.9131,2844148.4041
688617.SH,2024-03-26,425.05,430.87,422.51,425.92,425.38,0.54,0.1269,4071.91,173880.071,0.609,1.03,53.3364,14.9321,2847758.9173
688617.SH,2024-03-27,428.9,430.79,418.84,427.82,425.92,1.9,0.4461,3570.25,152022.286,0.534,0.92,53.5743,14.9987,2860462.5752
688617.SH,2024-03-28,429.69,432.0,419.2,421.46,427.82,-6.36,-1.4866,6591.04,279217.499,0.9858,1.84,52.7779,14.7757,2817938.7521
688617.SH,2024-03-29,418.08,429.49,418.08,428.09,421.46,6.63,1.5731,3447.0,146497.5,0.5155,0.83,53.6081,15.0082,2862267.8318
688617.SH,2024-04-01,428.0,439.19,415.07,436.84,428.09,8.75,2.044,5501.58,234167.092,0.8228,1.3,54.7039,15.3149,2920771.5192
688617.SH,2024-04-02,436.45,444.84,430.09,432.54,436.84,-4.3,-0.9843,4078.15,177640.205,0.6099,0.88,54.1654,15.1642,2892021.1357
688617.SH,2024-04-03,431.01,441.01,429.1,432.02,432.54,-0.52,-0.1202,3820.13,166255.437,0.5714,0.82,54.1003,15.1459,2888544.3451
688617.SH,2024-04-08,432.89,441.6,426.04,437.12,432.02,5.1,1.1805,4195.94,182621.577,0.6276,0.9,54.7389,15.3247,2922643.6372
688617.SH,2024-04-09,434.03,445.75,432.03,445.31,437.12,8.19,1.8736,4250.43,186593.289,0.6357,1.01,55.7645,15.6119,2977403.0886
688617.SH,2024-04-10,442.0,448.99,432.89,433.03,445.31,-12.28,-2.7576,3358.95,147344.952,0.5024,0.77,54.2267,15.1813,2895297.3422
688617.SH,2024-04-11,430.1,442.95,429.07,439.9,433.03,6.87,1.5865,3932.23,172157.693,0.5881,1.0,55.087,15.4222,2941231.0944
688617.SH,2024-04-12,439.57,456.97,434.81,453.01,439.9,13.11,2.9802,4452.29,200260.143,0.6659,1.14,56.7288,15.8818,3028886.3335
688617.SH,2024-04-15,450.12,476.66,448.78,476.53,453.01,23.52,5.1919,5175.23,243586.423,0.774,1.28,59.6741,16.7064,3186144.2451
688617.SH,2024-04-16,475.82,475.82,458.0,460.13,476.53,-16.4,-3.4415,5075.94,235546.408,0.7592,1.2,57.6204,16.1314,3076491.6196
688617.SH,2024-04-17,461.0,468.04,453.05,455.3,460.13,-4.83,-1.0497,3539.99,162341.784,0.5295,0.8,57.0155,15.9621,3044197.5842
688617.SH,2024-04-18,454.99,463.2,452.27,460.82,455.3,5.52,1.2124,2538.36,116338.067,0.3796,0.57,57.7068,16.1556,3081105.0533
688617.SH,2024-04-19,461.01,463.99,446.23,454.63,460.82,-6.19,-1.3433,3159.44,143627.946,0.4725,0.76,56.9316,15.9386,3039717.8733
688617.SH,2024-04-22,454.98,469.68,451.66,467.28,454.63,12.65,2.7825,3194.31,148181.724,0.4778,0.82,58.5157,16.3821,3124297.4899
688617.SH,2024-04-23,467.27,472.21,459.35,466.09,467.28,-1.19,-0.2547,3641.87,169665.627,0.5447,1.04,58.3667,16.3404,3116340.9884
688617.SH,2024-04-24,466.56,484.36,463.65,469.43,466.09,3.34,0.7166,4806.0,227590.291,0.7188,1.49,58.785,16.4575,3138672.6817
688617.SH,2024-04-25,468.03,479.5,468.03,473.94,469.43,4.51,0.9607,3491.12,165564.911,0.5221,1.01,59.3498,16.6156,3168827.1537
688617.SH,2024-04-26,468.0,493.93,467.48,493.68,473.94,19.74,4.1651,5692.58,276004.733,0.8514,1.56,61.8217,16.0969,3300811.4724
688617.SH,2024-04-29,494.78,496.69,474.21,481.61,493.68,-12.07,-2.4449,5666.32,273573.241,0.8475,1.36,60.3102,15.7033,3220109.8145
688617.SH,2024-04-30,478.01,507.97,477.02,503.68,481.61,22.07,4.5825,4551.86,226926.864,0.6808,0.98,63.074,16.4229,3367672.8294
688617.SH,2024-05-06,508.0,520.68,500.0,518.0,503.68,14.32,2.8431,5238.65,268139.211,0.7835,1.08,64.8672,16.8898,3463418.2926
688617.SH,2024-05-07,513.66,530.14,513.64,530.14,518.0,12.14,2.3436,4661.67,243811.699,0.6972,0.95,66.3875,17.2857,3544587.98
688617.SH,2024-05-08,525.0,535.95,523.21,534.0,530.14,3.86,0.7281,5572.99,295842.034,0.8335,1.08,66.8708,17.4115,3570396.4638
688617.SH,2024-05-09,535.98,548.7,523.64,547.75,534.0,13.75,2.5749,4499.39,242548.562,0.6729,0.88,68.5927,17.8599,3662330.8297
688617.SH,2024-05-10,551.2,559.66,542.03,553.94,547.75,6.19,1.1301,6161.23,339020.57,0.9215,1.26,69.3679,18.0617,3703718.0097
688617.SH,2024-05-13,549.5,553.9,536.24,547.0,553.94,-6.94,-1.2528,5395.02,294556.292,0.8069,1.03,68.4988,17.8354,3657316.2279
688617.SH,2024-05-14,547.98,569.0,544.23,568.0,547.0,21.0,3.8391,5310.43,296931.469,0.7942,1.01,71.1285,18.5201,3797725.0776
688617.SH,2024-05-15,563.0,563.0,531.88,543.63,568.0,-24.37,-4.2905,7124.34,384807.883,1.0655,1.32,68.0768,17.7255,3634783.9506
688617.SH,2024-05-16,542.3,552.7,536.34,543.89,543.63,0.26,0.0478,4479.32,243694.368,0.6699,0.79,68.1093,17.734,3636522.3459
688617.SH,2024-05-17,540.2,551.01,531.03,538.0,543.89,-5.89,-1.0829,6075.0,327241.653,0.9086,1.07,67.3717,17.5419,3597141.0066
688617.SH,2024-05-20,537.98,547.98,533.04,547.0,538.0,9.0,1.6729,4342.81,236048.107,0.6495,0.77,68.4988,17.8354,3657316.2279
688617.SH,2024-05-21,543.04,548.11,536.13,538.97,547.0,-8.03,-1.468,5055.95,272856.558,0.7562,0.92,67.4932,17.5736,3603626.5582
688617.SH,2024-05-22,534.0,539.99,526.83,532.31,538.97,-6.66,-1.2357,4639.43,246273.453,0.6939,0.86,66.6592,17.3564,3559096.8945
688617.SH,2024-05-23,532.0,534.68,519.01,523.78,532.31,-8.53,-1.6024,4370.15,229319.528,0.6536,0.89,65.591,17.0783,3502064.1569
688617.SH,2024-05-24,523.78,524.01,514.0,515.69,523.78,-8.09,-1.5445,3733.85,193165.368,0.5584,0.76,64.578,16.8145,3447973.3191
688617.SH,2024-05-27,514.97,521.93,508.93,513.0,515.69,-2.69,-0.5216,4888.03,251512.828,0.7311,1.1,64.2411,16.7268,3429987.6141
688617.SH,2024-05-28,511.0,512.76,501.68,507.36,513.0,-5.64,-1.0994,4769.32,241319.797,0.7133,1.05,63.5348,16.5429,3392277.8088
688617.SH,2024-05-29,505.44,511.2,501.5,503.0,507.36,-4.36,-0.8594,3669.18,185479.787,0.5488,0.82,62.9888,16.4007,3363126.2571
688617.SH,2024-05-30,504.98,508.95,494.02,497.98,503.0,-5.02,-0.998,5160.38,258036.931,0.7718,1.2,62.3602,16.2371,3329561.8559
688617.SH,2024-05-31,498.49,503.77,491.4,493.0,497.98,-4.98,-1.0,3843.79,190933.71,0.5749,0.86,61.7366,16.0747,3296264.9001
688617.SH,2024-06-03,490.01,492.99,452.0,455.1,493.0,-37.9,-7.6876,22352.94,1038037.107,3.3432,5.0,56.9905,14.8389,3042860.3571
688617.SH,2024-06-04,455.44,477.9,450.5,463.99,455.1,8.89,1.9534,10956.53,513539.361,1.6387,1.38,58.1038,15.1288,3102300.1034
688617.SH,2024-06-05,460.78,481.14,460.78,466.69,463.99,2.7,0.5819,8621.52,407396.805,1.2895,0.94,58.4419,15.2168,3120352.6698
688617.SH,2024-06-06,466.17,466.88,451.15,453.89,466.69,-12.8,-2.7427,7282.36,333323.106,1.0892,0.71,56.839,14.7995,3034770.1329
688617.SH,2024-06-07,458.0,458.0,444.0,446.62,453.89,-7.27,-1.6017,5783.53,259428.404,0.865,0.55,55.9286,14.5624,2986161.9263
688617.SH,2024-06-11,446.98,462.88,437.0,459.09,446.62,12.47,2.7921,8898.96,400786.052,1.331,0.81,57.4901,14.969,3069538.0385
688617.SH,2024-06-12,459.0,465.18,451.05,459.47,459.09,0.38,0.0828,5762.25,264922.615,0.8618,0.69,57.5377,14.9814,3072078.7701
688617.SH,2024-06-13,455.59,459.98,441.41,451.28,459.47,-8.19,-1.7825,8681.11,388998.5,1.2984,1.19,56.5121,14.7144,3017319.3187
688617.SH,2024-06-14,448.15,456.0,437.07,446.44,451.28,-4.84,-1.0725,18638.65,827782.664,2.7877,2.56,55.906,14.5566,2984958.4219
688617.SH,2024-06-17,440.23,448.88,432.5,444.89,446.44,-1.55,-0.3472,8595.93,377939.881,1.2856,0.9,55.7119,14.506,2974594.9116
688617.SH,2024-06-18,443.5,446.73,433.01,434.55,444.89,-10.34,-2.3242,5720.69,250064.043,0.8556,0.57,54.4171,14.1689,2905460.2684
688617.SH,2024-06-19,435.99,437.04,428.22,430.95,434.55,-3.6,-0.8284,4211.44,181842.578,0.6299,0.44,53.9663,14.0515,2881390.1799
688617.SH,2024-06-20,431.98,438.99,426.01,429.9,430.95,-1.05,-0.2436,4873.11,210065.341,0.7288,0.53,53.8348,14.0173,2874369.7374
688617.SH,2024-06-21,430.4,442.52,425.56,439.08,429.9,9.18,2.1354,5265.09,229459.235,0.7875,0.63,54.9844,14.3166,2935748.4632
688617.SH,2024-06-24,437.53,459.3,435.05,447.61,439.08,8.53,1.9427,8801.42,397406.329,1.3164,1.54,56.0525,14.5947,2992781.2007
688617.SH,2024-06-25,444.0,465.0,441.09,444.59,447.61,-3.02,-0.6747,8685.6,392923.426,1.299,1.5,55.6744,14.4962,2972589.0709
688617.SH,2024-06-26,442.13,467.0,442.0,465.47,444.59,20.88,4.6965,8470.41,388182.38,1.2669,1.33,58.2891,15.177,3112195.5843
688617.SH,2024-06-27,463.6,465.19,444.08,453.4,465.47,-12.07,-2.5931,6171.26,279677.759,0.923,0.85,56.7776,14.7835,3031493.9264
688617.SH,2024-06-28,451.01,465.46,448.87,456.1,453.4,2.7,0.5955,5435.04,247907.291,0.8129,0.73,57.1157,14.8715,3049546.4928
688617.SH,2024-07-01,456.1,457.59,435.42,448.5,456.1,-7.6,-1.6663,5484.32,244559.893,0.8203,0.73,56.164,14.6237,2998731.8615
688617.SH,2024-07-02,447.0,453.48,436.55,441.24,448.5,-7.26,-1.6187,3907.94,172699.028,0.5845,0.57,55.2549,14.387,2950190.5163
688617.SH,2024-07-03,441.0,441.0,429.0,435.7,441.24,-5.54,-1.2556,3499.53,152082.797,0.5234,0.59,54.5611,14.2064,2913149.3245
688617.SH,2024-07-04,433.23,447.77,433.13,439.9,435.7,4.2,0.964,3944.26,174143.308,0.5899,0.81,55.3826,14.4203,2957008.6798
688617.SH,2024-07-05,437.01,456.45,434.05,449.0,439.9,9.1,2.0687,4731.25,211098.268,0.7076,1.06,56.5282,14.7186,3018178.898
688617.SH,2024-07-08,448.0,452.58,438.88,441.95,449.0,-7.05,-1.5702,3859.1,171390.259,0.5741,0.89,55.6406,13.9939,2970788.7839
688617.SH,2024-07-09,445.0,457.9,434.23,454.8,441.95,12.85,2.9076,3994.65,179198.99,0.5943,1.0,57.2584,14.4008,3057166.5096
688617.SH,2024-07-10,450.22,457.49,445.25,446.01,454.8,-8.79,-1.9327,2998.31,134859.027,0.446,0.75,56.1518,14.1225,2998080.112
688617.SH,2024-07-11,448.0,453.78,438.79,450.57,446.01,4.56,1.0224,4388.48,196409.328,0.6529,1.12,56.7259,14.2669,3028732.4411
688617.SH,2024-07-12,449.48,472.8,449.48,465.1,450.57,14.53,3.2248,5262.38,245318.183,0.7829,1.32,58.5552,14.7269,3126403.1302
688617.SH,2024-07-15,465.77,468.0,449.1,455.11,465.1,-9.99,-2.1479,4078.32,185936.431,0.6067,0.99,57.2975,14.4106,3059250.3302
688617.SH,2024-07-16,456.0,459.56,449.0,451.52,455.11,-3.59,-0.7888,2806.27,127151.079,0.4175,0.68,56.8455,14.2969,3035118.343
688617.SH,2024-07-17,448.23,457.11,444.24,454.79,451.52,3.27,0.7242,3381.73,152700.552,0.5031,0.87,57.2572,14.4005,3057099.2896
688617.SH,2024-07-18,451.42,464.88,451.41,460.62,454.79,5.83,1.2819,4559.1,209895.855,0.6782,1.14,57.9912,14.5851,3096288.5612
688617.SH,2024-07-19,457.3,483.99,457.3,471.56,460.62,10.94,2.3751,6333.7,300871.33,0.9422,1.58,59.3685,14.9315,3169827.2631
688617.SH,2024-07-22,475.33,494.93,472.03,481.86,471.56,10.3,2.1842,6342.31,305307.588,0.9435,1.5,60.6652,15.2576,3239063.8837
688617.SH,2024-07-23,481.79,481.8,463.01,463.01,481.86,-18.85,-3.9119,4150.7,195343.518,0.6175,0.89,58.2921,14.6608,3112354.146
688617.SH,2024-07-24,462.0,472.69,459.78,469.41,463.01,6.4,1.3823,4354.47,203599.249,0.6478,0.88,59.0978,14.8634,3155374.9588
688617.SH,2024-07-25,469.98,477.98,463.34,472.55,469.41,3.14,0.6689,4395.62,207680.95,0.6539,0.85,59.4931,14.9628,3176482.0451
688617.SH,2024-07-26,325.78,327.78,313.07,317.0,324.99,-7.99,-2.4585,5369.66,170004.456,0.5517,1.05,57.7857,15.5112,3085320.2655
688617.SH,2024-07-29,316.0,319.9,313.26,316.57,317.0,-0.43,-0.1356,4003.67,126779.515,0.4114,0.81,57.7073,15.4901,3081135.1308
688617.SH,2024-07-30,316.57,316.57,303.52,313.86,316.57,-2.71,-0.8561,6003.16,186746.835,0.6168,1.35,57.2133,15.3575,3054759.049
688617.SH,2024-07-31,313.86,330.95,310.12,328.27,313.86,14.41,4.5912,8015.26,260568.599,0.8235,1.66,59.8401,16.0626,3195009.7273
688617.SH,2024-08-01,328.29,335.5,321.96,323.67,328.27,-4.6,-1.4013,5041.62,164356.997,0.518,0.91,59.0016,15.8375,3150238.5184
688617.SH,2024-08-02,319.92,341.69,319.08,332.51,323.67,8.84,2.7312,7161.96,239908.719,0.7359,1.26,60.613,16.2701,3236277.1025
688617.SH,2024-08-05,335.0,350.93,332.6,346.02,332.51,13.51,4.063,9445.72,326093.085,0.9705,1.56,63.0758,16.9311,3367768.1964
688617.SH,2024-08-06,346.1,351.56,338.59,344.1,346.02,-1.92,-0.5549,6807.07,234053.841,0.6994,0.95,62.7258,16.8372,3349081.0832
688617.SH,2024-08-07,344.1,359.0,340.26,352.33,344.1,8.23,2.3917,7128.37,250991.017,0.7324,0.98,64.226,17.2399,3429182.6156
688617.SH,2024-08-08,354.0,355.84,341.66,344.71,352.33,-7.62,-2.1627,5145.36,177906.053,0.5287,0.72,62.837,16.867,3355018.1348
688617.SH,2024-08-09,343.95,351.47,341.08,349.28,344.71,4.57,1.3258,5457.86,189173.226,0.5608,0.76,63.67,17.0906,3399497.3575
688617.SH,2024-08-12,350.99,358.64,346.36,351.0,349.28,1.72,0.4924,4626.56,163320.392,0.4754,0.68,63.9836,17.1748,3416237.8965
688617.SH,2024-08-13,347.38,355.58,346.0,354.3,351.0,3.3,0.9402,4809.3,169058.268,0.4941,0.82,64.5851,17.3363,3448356.3725
688617.SH,2024-08-14,355.88,359.68,352.0,354.66,354.3,0.36,0.1016,5862.23,207987.908,0.6023,1.08,64.6507,17.3539,3451860.2062
688617.SH,2024-08-15,353.0,360.78,351.8,354.51,354.66,-0.15,-0.0423,5922.66,210436.652,0.6085,1.14,64.6234,17.3466,3450400.2755
688617.SH,2024-08-16,353.06,358.43,352.11,357.0,354.51,2.49,0.7024,4775.19,170138.568,0.4906,0.89,65.0773,17.4684,3474635.1255
688617.SH,2024-08-19,358.98,365.0,355.0,359.88,357.0,2.88,0.8067,4754.61,170883.825,0.4885,0.91,65.6023,17.6093,3502665.7954
688617.SH,2024-08-20,359.77,359.77,337.0,347.98,359.88,-11.9,-3.3067,10570.59,364256.014,1.0861,2.02,63.4331,17.027,3386844.6246
688617.SH,2024-08-21,347.9,359.97,344.18,359.14,347.98,11.16,3.2071,5344.04,189954.437,0.5491,0.84,65.4674,17.5731,3495463.4705
688617.SH,2024-08-22,359.14,365.77,356.56,364.0,359.14,4.86,1.3532,4808.93,174459.861,0.4941,0.77,66.3533,17.8109,3542765.226
688617.SH,2024-08-23,361.0,362.0,352.01,356.4,364.0,-7.6,-2.0879,7406.76,263347.072,0.761,1.22,64.9679,16.7985,3468795.4026
688617.SH,2024-08-26,357.5,359.75,346.06,348.24,356.4,-8.16,-2.2896,7174.76,252422.264,0.7372,1.09,63.4805,16.4139,3389375.1712
688617.SH,2024-08-27,348.24,350.42,340.0,341.63,348.24,-6.61,-1.8981,7788.67,268516.347,0.8002,1.1,62.2755,16.1023,3325040.8905
688617.SH,2024-08-28,339.88,344.3,338.28,342.91,341.63,1.28,0.3747,4005.16,136981.065,0.4115,0.62,62.5088,16.1627,3337498.9661
688617.SH,2024-08-29,342.16,350.67,338.68,347.06,342.91,4.15,1.2102,4429.0,153600.471,0.4551,0.71,63.2653,16.3583,3377890.3828
688617.SH,2024-08-30,348.45,349.86,340.12,345.19,347.06,-1.87,-0.5388,5977.11,206890.204,0.6141,0.97,62.9245,16.2701,3359689.9131
688617.SH,2024-09-02,345.46,353.78,340.52,345.05,345.19,-0.14,-0.0406,7903.08,272527.361,0.812,1.35,62.8989,16.2635,3358327.3111
688617.SH,2024-09-03,341.36,357.56,341.01,348.0,345.05,2.95,0.8549,6550.43,230174.903,0.673,1.09,63.4367,16.4026,3387039.282
688617.SH,2024-09-04,344.33,359.62,344.33,356.93,348.0,8.93,2.5661,7358.21,262103.885,0.756,1.27,65.0645,16.8235,3473953.8245
688617.SH,2024-09-05,356.01,371.77,356.01,367.01,356.93,10.08,2.8241,9249.11,339537.184,0.9503,1.44,66.902,17.2986,3572061.1692
688617.SH,2024-09-06,365.0,376.95,365.0,370.42,367.01,3.41,0.9291,7202.44,267006.549,0.74,0.97,67.5236,17.4593,3605250.261
688617.SH,2024-09-09,371.16,371.99,339.24,351.9,370.42,-18.52,-4.9997,13343.46,468470.586,1.371,1.74,64.1476,16.5864,3424997.4809
688617.SH,2024-09-10,348.31,355.57,347.07,349.65,351.9,-2.25,-0.6394,10934.05,383818.067,1.1234,1.25,63.7375,16.4803,3403098.52
688617.SH,2024-09-11,348.34,353.0,338.6,346.2,349.65,-3.45,-0.9867,16994.31,586374.059,1.7461,1.77,63.1086,16.3177,3369520.1133
688617.SH,2024-09-12,346.5,351.0,339.11,346.42,346.2,0.22,0.0635,18213.33,630001.286,1.8713,1.58,63.1487,16.3281,3371661.345
688617.SH,2024-09-13,346.0,347.6,325.63,326.15,346.42,-20.27,-5.8513,54157.7,1811512.609,5.5644,4.06,59.4537,15.3727,3174376.0397
688617.SH,2024-09-18,329.0,338.81,325.18,331.46,326.15,5.31,1.6281,15805.29,525934.412,1.6239,0.7,60.4216,15.623,3226057.5874
688617.SH,2024-09-19,326.96,337.84,324.22,336.59,331.46,5.13,1.5477,13433.08,446483.214,1.3802,0.58,61.3568,15.8648,3275987.2182
688617.SH,2024-09-20,336.4,338.7,332.19,335.38,336.59,-1.21,-0.3595,7032.61,235602.22,0.7226,0.3,61.1362,15.8077,3264210.4437
688617.SH,2024-09-23,333.0,336.57,321.15,321.86,335.38,-13.52,-4.0312,6852.55,223884.096,0.7041,0.32,58.6717,15.1705,3132622.021
688617.SH,2024-09-24,321.86,328.57,315.32,322.27,321.86,0.41,0.1274,9999.13,321311.848,1.0274,0.51,58.7464,15.1898,3136612.4983
688617.SH,2024-09-25,323.02,332.88,321.04,321.04,322.27,-1.23,-0.3817,10871.43,354978.789,1.117,1.02,58.5222,15.1318,3124641.0664
688617.SH,2024-09-26,319.21,333.84,313.09,332.99,321.04,11.95,3.7223,12574.03,406090.389,1.2919,1.3,60.7005,15.6951,3240948.8808
688617.SH,2024-09-27,338.39,347.42,333.39,345.45,332.99,12.46,3.7419,4139.97,141377.856,0.4254,0.44,62.9719,16.2824,3362220.4597
688617.SH,2024-09-30,370.01,414.54,366.44,409.39,345.45,63.94,18.5092,19613.07,764612.172,2.0151,2.21,74.6274,19.2961,3984540.2634
688617.SH,2024-10-08,480.0,480.0,408.0,439.0,409.39,29.61,7.2327,31827.49,1363162.911,3.2701,2.78,80.025,20.6917,4272730.5885
688617.SH,2024-10-09,437.5,437.5,382.0,383.69,439.0,-55.31,-12.5991,27983.79,1149463.446,2.8752,1.77,69.9426,18.0848,3734405.4658
688617.SH,2024-10-10,394.75,412.93,371.17,372.49,383.69,-11.2,-2.919,18965.35,738397.705,1.9486,0.99,67.901,17.5569,3625397.305
688617.SH,2024-10-11,372.49,378.14,364.07,372.95,372.49,0.46,0.1235,12051.08,448347.65,1.2382,0.59,67.9848,17.5786,3629874.4259
688617.SH,2024-10-14,368.0,372.87,357.17,362.28,372.95,-10.67,-2.861,12238.96,444262.052,1.2575,0.55,66.0398,17.0756,3526024.687
688617.SH,2024-10-15,365.0,372.66,357.47,364.04,362.28,1.76,0.4858,10331.94,378970.97,1.0616,0.5,66.3606,17.1586,3543154.5409
688617.SH,2024-10-16,364.58,367.74,354.0,361.55,364.04,-2.49,-0.684,8727.83,315066.767,0.8967,0.53,65.9067,17.0412,3518919.6908
688617.SH,2024-10-17,360.0,369.86,356.15,357.0,361.55,-4.55,-1.2585,7414.39,268704.833,0.7618,0.59,65.0773,16.8268,3474635.1255
688617.SH,2024-10-18,357.01,374.28,349.06,363.0,357.0,6.0,1.6807,16634.53,601523.87,1.7091,1.64,66.171,17.1096,3533032.3545
688617.SH,2024-10-21,365.98,376.68,359.0,368.0,363.0,5.0,1.3774,11963.02,441807.25,1.2291,1.08,67.0825,17.3452,3581696.712
688617.SH,2024-10-22,368.14,373.97,353.8,363.93,368.0,-4.07,-1.106,11968.07,436429.351,1.2297,1.09,66.3406,17.1534,3542083.925
688617.SH,2024-10-23,362.85,368.88,356.83,363.0,363.93,-0.93,-0.2555,9517.84,344871.365,0.9779,0.84,66.171,17.1096,3533032.3545
688617.SH,2024-10-24,361.0,369.98,360.3,364.88,363.0,1.88,0.5179,7725.98,281924.705,0.7938,0.67,66.5137,17.1982,3551330.1529
688617.SH,2024-10-25,364.88,383.81,360.12,380.49,364.88,15.61,4.2781,10688.77,401150.476,1.0982,0.92,69.3593,17.9339,3703260.277
688617.SH,2024-10-28,376.0,400.79,375.55,386.23,380.49,5.74,1.5086,12009.07,468194.156,1.2339,1.16,70.4056,15.7407,3759126.9594
688617.SH,2024-10-29,385.98,389.64,367.51,375.48,386.23,-10.75,-2.7833,10069.6,377035.755,1.0346,0.97,68.446,15.3026,3654498.5908
688617.SH,2024-10-30,374.0,378.0,363.04,365.5,375.48,-9.98,-2.6579,7256.66,267867.093,0.7456,0.73,66.6713,14.9058,3559742.0742
688617.SH,2024-10-31,363.96,373.59,360.26,371.5,365.5,6.0,1.6416,9704.27,356626.421,0.9971,1.02,67.7658,15.1505,3618178.3326
688617.SH,2024-11-01,370.98,382.0,369.13,377.23,371.5,5.73,1.5424,6823.7,256581.275,0.7006,0.69,68.811,15.3279,3673984.9594
688617.SH,2024-11-04,374.23,378.78,359.0,360.01,377.23,-17.22,-4.5649,9056.4,330461.967,0.9299,0.99,65.6699,14.6282,3506272.8978
688617.SH,2024-11-05,357.88,359.9,343.66,346.68,360.01,-13.33,-3.7027,18575.08,647087.939,1.9072,2.16,63.2383,14.0865,3376447.0104
688617.SH,2024-11-06,345.18,347.87,330.33,331.96,346.68,-14.72,-4.246,17647.08,595860.63,1.8119,1.72,60.5532,13.4884,3233083.3897
688617.SH,2024-11-07,331.95,344.95,327.12,342.19,331.96,10.23,3.0817,13970.58,474105.967,1.4344,1.13,62.4193,13.9041,3332717.2103
688617.SH,2024-11-08,345.1,350.89,336.01,339.0,342.19,-3.19,-0.9322,11208.84,384714.34,1.1509,0.85,61.8374,13.7745,3301648.5996
688617.SH,2024-11-11,335.58,342.8,328.0,332.8,339.0,-6.2,-1.8289,14137.68,470555.807,1.4516,1.0,60.7064,13.5225,3241264.4659
688617.SH,2024-11-12,334.0,351.0,330.57,345.2,332.8,12.4,3.726,17589.69,607298.65,1.806,1.16,62.9683,14.0264,3362032.7333
688617.SH,2024-11-13,342.93,355.99,342.93,344.36,345.2,-0.84,-0.2433,11129.46,388033.166,1.1427,0.75,62.8151,13.9923,3353851.6571
688617.SH,2024-11-14,344.97,347.01,338.12,338.8,344.36,-5.56,-1.6146,7994.3,274193.011,0.8208,0.59,61.8009,13.7663,3299700.7243
688617.SH,2024-11-15,338.22,341.94,334.23,337.1,338.8,-1.7,-0.5018,6575.72,221590.346,0.6752,0.53,61.4908,13.6973,3283143.7844
688617.SH,2024-11-18,337.72,343.07,334.5,337.02,337.1,-0.08,-0.0237,6660.58,225462.138,0.6839,0.58,61.4762,13.694,3282364.6343
688617.SH,2024-11-19,337.93,351.53,337.08,350.23,337.02,13.21,3.9196,8545.54,296061.168,0.8774,0.86,63.8859,14.2308,3411021.7966
688617.SH,2024-11-20,347.11,374.93,347.11,372.58,350.23,22.35,6.3815,10620.57,390373.829,1.0905,1.3,67.9628,15.1389,3628696.8591
688617.SH,2024-11-21,372.51,373.71,364.0,365.03,372.58,-7.55,-2.0264,6618.63,243015.75,0.6796,0.82,66.5856,14.8321,3555164.5673
688617.SH,2024-11-22,365.03,365.03,348.48,349.23,365.03,-15.8,-4.3284,7437.07,263259.095,0.7636,0.95,63.7035,14.1901,3401282.4202
688617.SH,2024-11-25,339.09,354.64,339.09,352.0,349.23,2.77,0.7932,4503.8,157407.613,0.4624,0.56,64.2087,14.3027,3428260.4928
688617.SH,2024-11-26,354.84,362.0,350.3,358.95,352.0,6.95,1.9744,4652.16,166663.087,0.4777,0.62,65.4765,14.5851,3495949.1588
688617.SH,2024-11-27,358.95,365.95,355.02,355.02,358.95,-3.93,-1.0949,5880.43,211408.005,0.6038,0.87,64.7596,14.4254,3457673.4095
688617.SH,2024-11-28,355.92,361.39,351.0,352.15,355.02,-2.87,-0.8084,4335.67,153564.052,0.4452,0.75,64.2361,14.3088,3429721.3993
688617.SH,2024-11-29,350.03,366.8,350.03,362.62,352.15,10.47,2.9732,7120.96,257677.831,0.7312,1.33,66.146,14.7342,3531692.6702
688617.SH,2024-12-02,361.0,371.92,360.5,363.0,362.62,0.38,0.1048,4842.25,177899.291,0.4972,0.91,66.2153,14.7496,3535393.6332
688617.SH,2024-12-03,361.51,375.99,358.29,373.5,363.0,10.5,2.8926,6452.42,238501.711,0.6625,1.2,68.1306,15.1763,3637657.0854
688617.SH,2024-12-04,373.65,391.0,373.65,380.0,373.5,6.5,1.7403,6927.87,266944.029,0.7113,1.21,69.3163,15.4404,3700963.032
688617.SH,2024-12-05,383.8,383.8,375.27,377.56,380.0,-2.44,-0.6421,4120.8,156548.708,0.4231,0.69,68.8712,15.3413,3677198.9536
688617.SH,2024-12-06,382.3,391.56,380.36,384.0,377.56,6.44,1.7057,6935.32,268169.92,0.7121,1.18,70.0459,15.6029,3739920.5376
688617.SH,2024-12-09,389.7,389.71,370.0,372.52,384.0,-11.48,-2.9896,6582.26,246920.012,0.6758,1.12,67.9518,15.1365,3628112.4965
688617.SH,2024-12-10,388.0,388.8,363.63,366.33,372.52,-6.19,-1.6617,8246.69,306319.731,0.8467,1.33,66.8227,14.885,3567825.7566
688617.SH,2024-12-11,364.05,366.01,357.52,361.92,366.33,-4.41,-1.2038,7183.93,259406.729,0.7376,1.09,66.0183,14.7058,3524875.1067
688617.SH,2024-12-12,361.52,366.0,354.0,365.99,361.92,4.07,1.1246,9818.82,354008.197,1.0082,1.48,66.7607,14.8711,3564514.3686
688617.SH,2024-12-13,363.47,365.77,356.0,364.96,365.99,-1.03,-0.2814,17457.17,628459.932,1.7924,2.25,66.5728,14.8293,3554482.8109
688617.SH,2024-12-16,362.0,362.48,340.16,351.0,364.96,-13.96,-3.8251,14501.24,508754.057,1.4889,1.47,64.0263,14.2621,3418521.1164
688617.SH,2024-12-17,348.88,359.96,347.92,356.29,351.0,5.29,1.5071,6400.7,227055.734,0.6572,0.56,64.9913,14.477,3470042.4176
688617.SH,2024-12-18,356.29,369.95,356.29,363.01,356.29,6.72,1.8861,6305.77,229429.869,0.6475,0.57,66.2171,14.7501,3535491.027
688617.SH,2024-12-19,362.0,363.4,357.13,358.3,363.01,-4.71,-1.2975,3364.6,121129.39,0.3455,0.31,65.3579,14.5587,3489618.5641
688617.SH,2024-12-20,359.87,359.89,346.1,346.23,358.3,-12.07,-3.3687,8239.65,289182.603,0.846,0.86,63.1562,14.0682,3372064.291
688617.SH,2024-12-23,346.22,353.8,342.27,351.08,346.23,4.85,1.4008,5680.65,198551.553,0.5833,0.73,64.0409,14.2653,3419300.2665
688617.SH,2024-12-24,350.01,361.38,350.01,357.62,351.08,6.54,1.8628,5248.85,187715.679,0.5389,0.88,65.2339,14.531,3482995.7882
688617.SH,2024-12-25,357.71,361.0,352.0,355.94,357.62,-1.68,-0.4698,3777.88,134817.019,0.3879,0.65,64.9274,14.4628,3466633.6358
688617.SH,2024-12-26,355.89,359.53,350.1,351.41,355.94,-4.53,-1.2727,3396.29,120338.292,0.3487,0.65,64.1011,14.2787,3422514.2607
688617.SH,2024-12-27,350.0,365.88,348.71,360.91,351.41,9.5,2.7034,7400.5,266704.86,0.7599,1.4,65.834,14.6647,3515038.3365
688617.SH,2024-12-30,362.72,371.0,358.82,362.63,360.91,1.72,0.4766,5781.28,211237.7,0.5936,1.13,66.1478,14.7346,3531790.0639
688617.SH,2024-12-31,363.89,375.85,360.1,372.33,362.63,9.7,2.6749,9057.51,336220.118,0.93,1.77,67.9172,15.1288,3626262.015
688617.SH,2025-01-02,372.65,373.5,360.23,363.7,372.33,-8.63,-2.3178,6528.18,239140.241,0.6703,1.11,66.343,14.7781,3542211.1967
688617.SH,2025-01-03,360.12,372.41,360.12,362.92,363.7,-0.78,-0.2145,5456.16,199556.487,0.5602,0.85,66.2007,14.7464,3534614.4831
688617.SH,2025-01-06,360.5,373.88,360.5,365.77,362.92,2.85,0.7853,6283.06,231330.309,0.6451,0.92,66.7205,14.8622,3562371.7058
688617.SH,2025-01-07,362.0,365.77,348.49,348.67,365.77,-17.1,-4.6751,5845.14,207337.666,0.6002,0.88,63.6013,14.1674,3395828.3694
688617.SH,2025-01-08,346.56,351.95,341.13,346.08,348.67,-2.59,-0.7428,4303.51,148710.212,0.4419,0.65,63.1289,14.0621,3370603.3845
688617.SH,2025-01-09,345.0,346.88,336.01,336.01,346.08,-10.07,-2.9097,3560.21,121724.719,0.3655,0.63,61.292,13.653,3272527.8642
688617.SH,2025-01-10,332.23,340.89,331.11,336.83,336.01,0.82,0.244,4625.73,155290.79,0.475,0.91,61.4416,13.6863,3280514.1528
688617.SH,2025-01-13,336.16,347.52,335.0,337.06,336.83,0.23,0.0683,4711.02,160859.684,0.4837,0.96,61.4835,13.6956,3282754.2094
688617.SH,2025-01-14,336.0,352.83,333.0,352.15,337.06,15.09,4.4769,5819.98,200517.956,0.5976,1.26,64.2361,14.3088,3429721.3993
688617.SH,2025-01-15,352.08,356.68,344.12,345.96,352.15,-6.19,-1.7578,4216.76,147889.505,0.433,0.92,63.107,14.0573,3369434.6593
688617.SH,2025-01-16,345.42,364.8,345.42,360.91,345.96,14.95,4.3213,7917.35,284819.884,0.8129,1.73,65.834,14.6647,3515038.3365
688617.SH,2025-01-17,360.91,364.66,357.5,360.02,360.91,-0.89,-0.2466,3116.38,112458.149,0.32,0.57,65.6717,14.6286,3506370.2915
688617.SH,2025-01-20,361.88,369.88,357.51,359.38,360.02,-0.64,-0.1778,4209.57,152825.733,0.4322,0.82,65.5549,14.6026,3500137.0906
688617.SH,2025-01-21,359.57,371.5,357.81,366.74,359.38,7.36,2.048,4365.43,159979.613,0.4482,0.86,66.8975,14.9016,3571818.9009
688617.SH,2025-01-22,367.89,373.8,363.13,371.04,366.74,4.3,1.1725,4298.91,158735.629,0.4414,0.9,67.6819,15.0763,3613698.2195
688617.SH,2025-01-23,371.04,377.76,368.71,372.95,371.04,1.91,0.5148,4265.34,159229.033,0.4379,0.89,68.0303,15.1539,3632300.4284
688617.SH,2025-01-24,372.31,375.69,365.22,370.5,372.95,-2.45,-0.6569,3421.9,127010.869,0.3513,0.84,67.5834,15.0544,3608438.9562
688617.SH,2025-01-27,370.5,384.86,366.5,378.5,370.5,8.0,2.1592,3885.74,147958.294,0.399,0.94,69.0426,15.3795,3686353.9674
688617.SH,2025-02-05,378.09,379.86,360.09,363.95,378.5,-14.55,-3.8441,5617.23,204335.757,0.5768,1.39,66.3886,14.7882,3544646.0408
688617.SH,2025-02-06,363.92,371.58,359.84,369.35,363.95,5.4,1.4837,5029.63,183890.631,0.5164,1.17,67.3736,15.0077,3597238.6733
688617.SH,2025-02-07,369.97,378.84,366.31,371.0,369.35,1.65,0.4467,5480.32,203947.977,0.5627,1.23,67.6746,15.0747,3613308.6444
688617.SH,2025-02-10,369.5,375.0,361.89,361.89,371.0,-9.11,-2.4555,9181.51,337949.497,0.9427,1.96,66.0128,14.7045,3524582.9254
688617.SH,2025-02-11,362.0,367.4,359.19,360.2,361.89,-1.69,-0.467,4786.17,173488.431,0.4914,0.82,65.7045,14.6359,3508123.3793
688617.SH,2025-02-12,359.1,369.43,351.88,368.0,360.2,7.8,2.1655,6534.52,236812.273,0.6709,1.09,67.1273,14.9528,3584090.5152
688617.SH,2025-02-13,365.51,378.96,365.48,375.62,368.0,7.62,2.0707,6025.35,226124.402,0.6187,0.97,68.5173,15.2624,3658304.5634
688617.SH,2025-02-14,377.48,384.0,371.0,371.87,375.62,-3.75,-0.9983,4016.01,150975.162,0.4123,0.63,67.8333,15.1101,3621781.9019
688617.SH,2025-02-17,374.33,376.95,361.53,366.65,371.87,-5.22,-1.4037,5440.79,199512.848,0.5586,0.89,66.8811,14.898,3570942.3571
688617.SH,2025-02-18,364.1,373.0,362.18,371.47,366.65,4.82,1.3146,4933.09,181737.825,0.5065,0.92,67.7603,15.0938,3617886.1513
688617.SH,2025-02-19,370.0,379.73,368.0,374.08,371.47,2.61,0.7026,5250.12,196964.821,0.5391,0.97,68.2364,15.1999,3643305.9237
688617.SH,2025-02-20,374.1,384.48,373.65,378.98,374.08,4.9,1.3099,5094.76,193963.888,0.5231,0.99,69.1302,15.399,3691028.8681
688617.SH,2025-02-21,381.2,384.08,370.58,377.93,378.98,-1.05,-0.2771,6831.22,257851.045,0.7014,1.38,68.9387,15.3563,3680802.5229
688617.SH,2025-02-24,381.77,388.88,370.58,379.0,377.93,1.07,0.2831,7220.73,274160.558,0.7414,1.31,69.1338,15.3998,3691223.6556
688617.SH,2025-02-25,370.35,378.29,361.0,362.6,379.0,-16.4,-4.3272,8418.1,308650.871,0.8671,1.44,65.9305,14.3601,3520191.7246
688617.SH,2025-02-26,360.21,360.61,350.11,353.56,362.6,-9.04,-2.4931,9534.58,338240.508,0.9821,1.45,64.2868,14.0021,3432429.6363
688617.SH,2025-02-27,353.29,358.0,346.53,348.52,353.56,-5.04,-1.4255,7780.73,272499.661,0.8015,1.05,63.3704,13.8025,3383500.3305
688617.SH,2025-02-28,346.0,362.85,346.0,356.03,348.52,7.51,2.1548,8764.85,313921.004,0.9028,1.1,64.7359,14.0999,3456408.8795
688617.SH,2025-03-03,353.23,368.67,352.55,362.1,356.03,6.07,1.7049,6310.07,229567.418,0.65,0.76,65.8396,14.3403,3515337.6268
688617.SH,2025-03-04,362.47,368.3,359.05,363.55,362.1,1.45,0.4004,4935.47,179759.439,0.5084,0.6,66.1033,14.3977,3529414.5104
688617.SH,2025-03-05,364.32,372.49,359.0,370.37,363.55,6.82,1.8759,4887.05,178863.418,0.5034,0.65,67.3433,14.6678,3595624.4044
688617.SH,2025-03-06,372.94,374.41,362.0,368.86,370.37,-1.51,-0.4077,7800.6,287823.931,0.8035,1.19,67.0688,14.608,3580965.029
688617.SH,2025-03-07,368.86,374.73,364.0,369.0,368.86,0.14,0.038,5228.0,193448.591,0.5385,0.8,67.0942,14.6135,3582324.1764
688617.SH,2025-03-10,369.95,372.99,355.48,369.33,369.0,0.33,0.0894,6473.35,235811.808,0.6668,1.11,67.1542,14.6266,3585527.8809
688617.SH,2025-03-11,368.0,374.94,365.37,366.32,369.33,-3.01,-0.815,4858.73,179608.158,0.5005,0.83,66.6069,14.5074,3556306.2122
688617.SH,2025-03-12,366.32,369.65,363.0,365.23,366.32,-1.09,-0.2976,3032.83,110826.691,0.3124,0.52,66.4088,14.4642,3545724.279
688617.SH,2025-03-13,363.14,367.4,358.0,358.5,365.23,-6.73,-1.8427,3748.23,135210.813,0.3861,0.68,65.1851,14.1977,3480388.1226
688617.SH,2025-03-14,359.49,365.49,355.2,364.61,358.5,6.11,1.7043,4903.61,177439.198,0.5051,1.05,66.296,14.4397,3539705.1977
688617.SH,2025-03-17,362.49,377.96,362.49,374.48,364.61,9.87,2.707,7270.48,271101.57,0.7489,1.58,68.0907,14.8306,3635525.0883
688617.SH,2025-03-18,372.09,386.8,372.09,372.38,374.48,-2.1,-0.5608,5056.81,191633.07,0.5209,1.06,67.7088,14.7474,3615137.8775
688617.SH,2025-03-19,371.0,387.24,369.98,384.18,372.38,11.8,3.1688,6770.03,259795.933,0.6974,1.41,69.8544,15.2147,3729694.5856
688617.SH,2025-03-20,384.01,386.0,369.0,372.18,384.18,-12.0,-3.1235,4321.37,162097.788,0.4451,0.78,67.6725,14.7395,3613196.2384
688617.SH,2025-03-21,370.18,377.66,363.39,364.72,372.18,-7.46,-2.0044,4923.14,181343.907,0.5071,0.87,66.316,14.444,3540773.0992
688617.SH,2025-03-24,363.7,377.6,362.36,377.1,364.72,12.38,3.3944,5410.02,201463.373,0.5573,0.95,68.567,14.9343,3660960.5608
688617.SH,2025-03-25,377.36,382.0,374.0,375.17,377.1,-1.93,-0.5118,3270.39,123254.184,0.3369,0.62,68.2161,14.8579,3642223.7433
688617.SH,2025-03-26,373.29,381.91,373.29,377.0,375.17,1.83,0.4878,2555.53,96510.124,0.2632,0.52,68.5489,14.9304,3659989.7412
688617.SH,2025-03-27,374.53,396.84,370.35,393.0,377.0,16.0,4.244,6963.17,269450.553,0.7172,1.7,71.4581,15.564,3815320.8708
688617.SH,2025-03-28,392.51,396.85,388.76,390.0,393.0,-3.0,-0.7634,2600.41,101861.729,0.2679,0.56,70.9126,15.4452,3786196.284
688617.SH,2025-03-31,392.19,396.37,385.19,387.3,390.0,-2.7,-0.6923,3896.52,151897.014,0.4014,0.94,70.4217,15.3383,3759984.1559
688617.SH,2025-04-01,387.57,412.48,385.8,407.57,387.3,20.27,5.2337,7597.45,307683.589,0.7826,1.97,74.1073,16.141,3956769.2807
688617.SH,2025-04-02,405.51,416.76,404.79,413.97,407.57,6.4,1.5703,5564.96,228820.864,0.5732,1.18,75.271,16.3945,4018901.7325
688617.SH,2025-04-03,413.87,418.0,406.02,414.9,413.97,0.93,0.2247,4867.92,201013.872,0.5014,0.91,75.4401,16.4313,4027930.3544
688617.SH,2025-04-07,403.0,425.05,382.59,402.92,414.9,-11.98,-2.8874,14287.92,585246.006,1.4717,2.91,73.2618,15.9569,3911626.1712
688617.SH,2025-04-08,400.0,424.99,399.07,424.98,402.92,22.06,5.475,13883.92,574267.876,1.4301,1.92,77.2729,16.8305,4125788.9661
688617.SH,2025-04-09,415.01,422.22,400.1,411.34,424.98,-13.64,-3.2096,13878.14,571947.632,1.4295,1.5,74.7928,16.2903,3993369.1781
688617.SH,2025-04-10,412.0,436.35,410.0,433.0,411.34,21.66,5.2657,8839.74,379355.927,0.9105,0.84,78.7312,17.1481,4203648.6948
688617.SH,2025-04-11,437.78,437.78,425.36,431.48,433.0,-1.52,-0.351,5221.59,225097.769,0.5379,0.47,78.4548,17.0879,4188892.2375
688617.SH,2025-04-14,432.83,439.94,426.71,431.6,431.48,0.12,0.0278,5248.65,227103.231,0.5406,0.47,78.4766,17.0927,4190057.221
688617.SH,2025-04-15,431.97,444.79,428.01,443.36,431.6,11.76,2.7247,4116.33,180100.98,0.424,0.44,80.6149,17.5584,4304225.6012
688617.SH,2025-04-16,445.68,448.28,437.0,440.0,443.36,-3.36,-0.7578,4092.41,180774.135,0.4215,0.55,80.004,17.4254,4271606.064
688617.SH,2025-04-17,438.0,445.6,433.77,440.43,440.0,0.43,0.0977,4299.73,189210.051,0.4429,0.78,80.0822,17.4424,4275780.5881
688617.SH,2025-04-18,441.02,447.97,432.0,432.84,440.43,-7.59,-1.7233,4185.19,183677.28,0.4311,0.91,78.7021,17.1418,4202095.3835
688617.SH,2025-04-21,433.82,450.45,427.27,438.5,432.84,5.66,1.3076,6426.93,284298.792,0.662,1.46,79.7312,17.366,4257043.7706
688617.SH,2025-04-22,437.0,464.71,435.63,453.0,438.5,14.5,3.3067,8533.78,388250.864,0.879,1.85,82.3677,17.9402,4397812.6068
688617.SH,2025-04-23,456.03,466.07,426.5,430.56,453.0,-22.44,-4.9536,12098.97,528203.671,1.2463,2.2,62.0954,15.4759,4179960.6975
688617.SH,2025-04-24,432.0,443.6,428.25,439.02,430.56,8.46,1.9649,5784.0,253166.567,0.5958,0.81,63.3155,15.78,4262092.0323
688617.SH,2025-04-25,446.0,446.0,424.01,433.06,439.02,-5.96,-1.3576,5145.0,222208.191,0.53,0.69,62.4559,15.5657,4204231.1865
688617.SH,2025-04-28,434.34,434.52,424.09,427.1,433.06,-5.96,-1.3763,3632.46,156055.19,0.3742,0.48,61.5964,15.3515,4146370.3408
688617.SH,2025-04-29,429.48,431.0,422.1,423.95,427.1,-3.15,-0.7375,5133.43,218448.591,0.5288,0.73,61.1421,15.2383,4115789.5246
688617.SH,2025-04-30,421.23,431.81,416.0,416.12,423.95,-7.83,-1.8469,8303.09,350778.766,0.8553,1.31,60.0128,14.9568,4039774.3531
688617.SH,2025-05-06,419.0,421.56,409.03,413.0,416.12,-3.12,-0.7498,8760.26,361846.427,0.9024,1.56,59.5629,14.8447,4009484.7828
688617.SH,2025-05-07,411.55,419.5,410.0,411.89,413.0,-1.11,-0.2688,4909.55,202571.487,0.5057,0.79,59.4028,14.8048,3998708.6857
688617.SH,2025-05-08,412.7,412.7,404.32,409.22,411.89,-2.67,-0.6482,5247.14,213751.648,0.5405,0.85,59.0177,14.7088,3972787.8034
688617.SH,2025-05-09,409.22,416.31,407.2,410.48,409.22,1.26,0.3079,4993.8,205108.23,0.5144,0.77,59.1994,14.7541,3985020.1299
688617.SH,2025-05-12,410.55,412.78,397.08,399.01,410.48,-11.47,-2.7943,6885.73,275284.847,0.7093,1.07,57.5452,14.3418,3873667.1264
688617.SH,2025-05-13,401.99,411.73,397.82,410.0,399.01,10.99,2.7543,6580.09,267687.865,0.6778,1.07,59.1302,14.7369,3980360.196
688617.SH,2025-05-14,412.5,412.5,404.12,406.04,410.0,-3.96,-0.9659,4327.5,175766.779,0.4458,0.76,58.5591,14.5945,3941915.7414
688617.SH,2025-05-15,406.77,416.78,404.4,414.3,406.04,8.26,2.0343,6281.02,258599.482,0.647,1.12,59.7504,14.8914,4022105.4371
688617.SH,2025-05-16,414.0,417.67,406.56,406.91,414.3,-7.39,-1.7837,3951.53,162451.077,0.407,0.68,58.6846,14.6258,3950361.8716
688617.SH,2025-05-19,407.41,410.63,399.06,402.5,406.91,-4.41,-1.0838,4680.87,188662.417,0.4822,0.84,58.0486,14.4673,3907548.729
688617.SH,2025-05-20,403.77,411.87,401.0,406.2,402.5,3.7,0.9193,4022.13,163665.598,0.4143,0.78,58.5822,14.6003,3943469.0527
688617.SH,2025-05-21,406.54,424.9,404.04,419.86,406.2,13.66,3.3629,6205.93,259000.724,0.6392,1.33,60.5522,15.0913,4076083.0046
688617.SH,2025-05-22,421.98,421.98,413.2,415.38,419.86,-4.48,-1.067,4117.37,171161.119,0.4241,0.82,59.9061,14.9302,4032590.2883
688617.SH,2025-05-23,415.04,418.56,390.38,406.02,415.38,-9.36,-2.2534,10124.95,407101.777,1.0429,2.2,58.5562,14.5938,3941721.5775
688617.SH,2025-05-26,406.0,408.2,397.33,402.05,406.02,-3.97,-0.9778,5257.8,210979.832,0.5416,0.9,57.9837,14.4511,3903180.041
688617.SH,2025-05-27,403.66,416.69,402.11,409.01,402.05,6.96,1.7311,6209.62,255011.161,0.6396,1.04,58.9874,14.7013,3970749.0824
688617.SH,2025-05-28,411.78,416.78,404.95,405.23,409.01,-3.78,-0.9242,4489.42,183303.832,0.4624,0.7,58.4423,14.5654,3934052.103
688617.SH,2025-05-29,405.75,407.39,400.26,405.01,405.23,-0.22,-0.0543,5875.83,236906.107,0.6052,0.97,58.4106,14.5575,3931916.3
688617.SH,2025-05-30,403.53,411.95,396.51,396.51,405.01,-8.5,-2.0987,11592.39,465221.22,1.1941,1.81,57.1847,14.252,3849396.6374
688617.SH,2025-06-03,396.51,396.51,381.11,392.12,396.51,-4.39,-1.1072,9702.93,378646.176,0.9995,1.45,56.5516,14.0942,3806777.6587
688617.SH,2025-06-04,391.78,392.0,381.33,389.98,392.12,-2.14,-0.5458,10654.17,411772.949,1.0974,1.41,56.3408,14.0417,3792590.3642
688617.SH,2025-06-05,389.15,394.89,385.1,392.0,389.98,2.02,0.518,5864.17,229750.291,0.604,0.69,56.6326,14.1144,3812235.0448
688617.SH,2025-06-06,391.33,397.89,387.39,394.0,392.0,2.0,0.5102,5043.17,198066.578,0.5186,0.58,56.9216,14.0776,3831685.2236
688617.SH,2025-06-09,394.05,402.55,390.69,392.12,394.0,-1.88,-0.4772,8836.46,349998.44,0.9086,1.03,56.65,14.0104,3813402.0555
688617.SH,2025-06-10,392.12,407.95,391.26,395.74,392.12,3.62,0.9232,8709.12,349043.278,0.8955,1.09,57.1729,14.1398,3848606.8792
688617.SH,2025-06-11,395.74,410.0,395.73,407.63,395.74,11.89,3.0045,7585.27,306707.443,0.78,0.97,58.8907,14.5646,3964238.1921
688617.SH,2025-06-12,407.63,409.1,403.17,407.6,407.63,-0.03,-0.0074,5042.6,204976.018,0.5185,0.7,58.8864,14.5635,3963946.4394
688617.SH,2025-06-13,407.29,419.66,405.26,419.0,407.6,11.4,2.7969,11013.89,455209.859,1.1325,1.56,60.5333,14.9709,4074812.4586
688617.SH,2025-06-16,416.0,419.95,402.11,402.65,419.0,-16.35,-3.9021,6693.72,272907.431,0.6883,0.81,58.1712,14.3867,3915807.2469
688617.SH,2025-06-17,402.66,409.31,400.39,405.99,402.65,3.34,0.8295,6576.99,266287.358,0.6763,0.84,58.6538,14.506,3948289.0455
688617.SH,2025-06-18,402.42,407.3,401.3,401.66,405.99,-4.33,-1.0665,3508.31,141430.098,0.3607,0.48,58.0282,14.3513,3906179.4084
688617.SH,2025-06-19,275.81,278.0,269.2,271.4,275.8,-4.4,-1.5954,5684.41,155293.224,0.4031,0.87,56.8537,14.9987,3827114.4234
688617.SH,2025-06-20,272.19,276.0,270.38,274.48,271.4,3.08,1.1349,6469.4,176595.64,0.4588,0.97,57.4989,15.1689,3870546.6726
688617.SH,2025-06-23,274.72,282.86,271.08,275.65,274.48,1.17,0.4263,6031.36,166441.156,0.4277,1.04,57.744,15.2335,3887045.2867
688617.SH,2025-06-24,275.36,282.48,274.02,275.0,275.65,-0.65,-0.2358,6947.54,192626.68,0.4927,1.23,57.6078,15.1976,3877879.39
688617.SH,2025-06-25,275.21,291.91,274.15,291.68,275.0,16.68,6.0655,12088.27,344157.401,0.8572,2.11,61.102,16.1194,4113090.4017
688617.SH,2025-06-26,289.39,296.96,286.95,291.5,291.68,-0.18,-0.0617,9455.56,275917.051,0.6705,1.27,61.0643,16.1095,4110552.1534
688617.SH,2025-06-27,291.99,297.5,284.35,296.2,291.5,4.7,1.6123,10294.89,302270.918,0.7301,1.26,62.0488,16.3692,4176828.6375
688617.SH,2025-06-30,295.88,298.18,290.99,297.0,296.2,0.8,0.2701,7044.0,207693.693,0.4995,0.79,62.2164,16.4134,4188109.7412
688617.SH,2025-07-01,295.68,304.78,294.91,304.5,297.0,7.5,2.5253,8024.34,242879.778,0.569,0.88,63.7876,16.8279,4293870.0882
688617.SH,2025-07-02,305.94,306.71,297.51,301.1,304.5,-3.4,-1.1166,7104.53,214399.048,0.5038,0.76,63.0753,16.64,4245925.3976
688617.SH,2025-07-03,301.99,302.8,293.43,294.38,301.1,-6.72,-2.2318,8174.74,242362.227,0.5797,0.97,61.6676,16.2686,4151164.1266
688617.SH,2025-07-04,294.39,296.8,291.13,291.43,294.38,-2.95,-1.0021,5199.71,152365.955,0.3687,0.64,61.0496,16.1056,4109565.0568
688617.SH,2025-07-07,292.0,293.49,287.88,288.3,291.43,-3.13,-1.074,5103.76,148395.542,0.3619,0.72,60.3939,15.9326,4065427.7387
688617.SH,2025-07-08,288.02,293.45,288.02,289.28,288.3,0.98,0.3399,6021.92,174908.547,0.427,0.9,60.5992,15.9868,4079247.0907
688617.SH,2025-07-09,289.87,295.41,286.6,294.1,289.28,4.82,1.6662,4812.09,140993.281,0.3412,0.76,61.6089,16.2531,4147215.7404
688617.SH,2025-07-10,293.9,299.0,291.01,298.62,294.1,4.52,1.5369,4624.28,137121.458,0.3279,0.79,62.5558,16.5029,4210953.9762
688617.SH,2025-07-11,297.99,305.0,292.2,295.0,298.62,-3.62,-1.2122,8569.69,254164.589,0.6077,1.66,61.7975,16.3029,4159906.982
688617.SH,2025-07-14,294.66,296.67,291.49,292.33,295.0,-2.67,-0.9051,5007.28,147136.579,0.3551,0.86,61.2381,16.1553,4122256.2985
688617.SH,2025-07-15,292.33,296.45,290.9,294.42,292.33,2.09,0.7149,4817.63,141399.017,0.3416,0.83,61.676,16.2708,4151728.1818
688617.SH,2025-07-16,293.0,297.0,289.02,292.11,294.42,-2.31,-0.7846,5495.19,160813.879,0.3897,0.99,61.1921,16.1432,4119153.995
688617.SH,2025-07-17,293.33,293.44,286.27,291.11,292.11,-1.0,-0.3423,9815.98,284697.805,0.6961,1.72,60.9826,16.0879,4105052.6154
688617.SH,2025-07-18,291.56,294.98,286.5,289.98,291.11,-1.13,-0.3882,9821.23,284975.531,0.6965,1.46,60.7459,16.0255,4089118.0564
688617.SH,2025-07-21,289.58,298.79,287.15,296.24,289.98,6.26,2.1588,6664.33,196534.783,0.4726,0.95,62.0572,16.3714,4177392.6927
688617.SH,2025-07-22,296.35,298.5,294.01,295.66,296.24,-0.58,-0.1958,5041.94,149053.268,0.3575,0.69,61.9357,16.3394,4169213.8925
688617.SH,2025-07-23,295.66,298.4,292.8,294.11,295.66,-1.55,-0.5243,6039.25,178203.546,0.4283,0.82,61.611,16.2537,4147356.7542
688617.SH,2025-07-24,293.86,294.11,283.51,287.28,294.11,-6.83,-2.3223,13387.54,384070.219,0.9494,1.79,60.1803,15.8762,4051044.3315
688617.SH,2025-07-25,287.99,295.49,285.4,286.9,287.28,-0.38,-0.1323,12900.46,373391.838,0.9148,1.57,60.1007,15.8552,4045685.8072
688617.SH,2025-07-28,287.49,291.76,285.58,286.66,286.9,-0.24,-0.0837,9109.41,262748.363,0.646,1.03,60.0504,15.842,4042301.4761
688617.SH,2025-07-29,286.66,295.66,281.88,289.54,286.66,2.88,1.0047,14333.9,414505.255,1.0165,1.54,60.6537,16.0011,4082913.4494
688617.SH,2025-07-30,288.77,291.82,285.22,287.68,289.54,-1.86,-0.6424,15181.31,437904.596,1.0766,1.36,60.2641,15.8984,4056684.8833
688617.SH,2025-07-31,288.16,294.47,284.3,284.53,287.68,-3.15,-1.095,12325.41,356849.183,0.8741,0.95,59.6042,15.7243,4012265.5376
688617.SH,2025-08-01,284.36,286.68,279.13,279.59,284.53,-4.94,-1.7362,8024.44,226233.33,0.5691,0.63,58.5693,15.4513,3942604.7224
688617.SH,2025-08-04,279.0,282.35,276.1,281.38,279.59,1.79,0.6402,9621.65,269380.772,0.6823,0.82,58.9443,15.5502,3967846.1918
688617.SH,2025-08-05,281.6,283.93,280.02,282.88,281.38,1.5,0.5331,5542.41,156223.171,0.393,0.47,59.2585,15.6331,3988998.2612
688617.SH,2025-08-06,282.87,284.42,279.55,281.0,282.88,-1.88,-0.6646,6762.96,190348.657,0.4796,0.67,58.8647,15.5292,3962487.6676
688617.SH,2025-08-07,280.03,285.3,278.12,278.72,281.0,-2.28,-0.8114,9144.89,256656.275,0.6485,1.08,58.3871,15.4032,3930336.5221
688617.SH,2025-08-08,278.72,290.4,276.51,288.28,278.72,9.56,3.43,14793.35,423462.819,1.0491,1.89,60.3897,15.9315,4065145.7111
688617.SH,2025-08-11,288.0,301.5,287.0,298.0,288.28,9.72,3.3717,10755.23,320140.274,0.7627,1.17,62.4259,16.4687,4202211.1208
688617.SH,2025-08-12,296.0,304.95,296.0,298.27,298.0,0.27,0.0906,9208.01,276171.979,0.653,0.98,62.4825,16.4836,4206018.4933
688617.SH,2025-08-13,292.22,297.57,290.52,296.93,298.27,-1.34,-0.4493,13925.63,409227.06,0.9875,1.37,62.2018,16.4095,4187122.6446
688617.SH,2025-08-14,297.0,298.8,288.2,290.99,296.93,-5.94,-2.0005,11264.62,330239.179,0.7988,0.97,60.9574,16.0813,4103360.4498
688617.SH,2025-08-15,290.94,301.72,288.5,297.42,290.99,6.43,2.2097,10587.71,313259.962,0.7508,0.88,62.3044,16.4366,4194032.3206
688617.SH,2025-08-18,298.5,298.97,286.13,287.92,297.42,-9.5,-3.1941,17097.65,494591.0,1.2125,1.53,60.3143,15.9116,4060069.2144
688617.SH,2025-08-19,289.19,291.2,286.21,286.8,287.92,-1.12,-0.389,10160.33,292975.141,0.7205,0.82,60.0797,15.8497,4044275.6693
688617.SH,2025-08-20,286.8,288.4,283.11,284.4,286.8,-2.4,-0.8368,11494.85,327238.883,0.8152,0.91,59.5769,15.7171,4010432.3582
688617.SH,2025-08-21,284.09,289.44,283.2,283.99,284.4,-0.41,-0.1442,17141.24,488499.913,1.2156,1.41,59.4911,15.6944,4004650.7926
688617.SH,2025-08-22,284.27,294.5,272.23,280.59,283.99,-3.4,-1.1972,44977.83,1270291.893,3.1896,3.38,58.7788,14.1596,3956706.102
688617.SH,2025-08-25,280.6,284.6,278.0,283.6,280.59,3.01,1.0727,20582.73,580010.484,1.4596,1.02,59.4094,14.3115,3999151.2546
688617.SH,2025-08-26,284.8,284.8,280.31,281.54,283.6,-2.06,-0.7264,15578.34,439795.283,1.1047,0.75,58.9778,14.2075,3970102.4126
688617.SH,2025-08-27,281.8,287.0,279.8,280.1,281.54,-1.44,-0.5115,21580.25,610676.222,1.5304,0.98,58.6762,14.1349,3949796.426
688617.SH,2025-08-28,280.1,286.1,279.01,284.89,280.1,4.79,1.7101,26342.89,743584.052,1.8681,1.1,59.6796,14.3766,4017342.0342
688617.SH,2025-08-29,286.36,288.0,282.9,284.37,284.89,-0.52,-0.1825,13852.42,395109.571,0.9823,0.54,59.5707,14.3503,4010009.3169
688617.SH,2025-09-01,284.4,307.18,284.4,305.49,284.37,21.12,7.4269,30050.76,903583.422,2.1311,1.53,63.9949,15.4161,4307830.454
688617.SH,2025-09-02,305.7,311.64,301.63,305.87,305.49,0.38,0.1244,16916.6,519085.001,1.1996,0.79,64.0745,15.4353,4313188.9783
688617.SH,2025-09-03,304.5,319.94,304.5,315.42,305.87,9.55,3.1222,23824.07,749593.587,1.6895,1.1,66.0751,15.9172,4447857.1534
688617.SH,2025-09-04,311.18,315.41,300.12,303.91,315.42,-11.51,-3.6491,18550.57,565837.86,1.3155,0.84,63.664,15.3364,4285550.2742
688617.SH,2025-09-05,304.3,316.6,304.3,309.44,303.91,5.53,1.8196,17597.06,548107.083,1.2479,0.85,64.8224,15.6155,4363530.9034
688617.SH,2025-09-08,310.0,321.99,310.0,317.3,309.44,7.86,2.5401,16582.61,524759.42,1.176,0.78,66.4689,16.0121,4474367.7471
688617.SH,2025-09-09,315.05,319.75,306.29,308.4,317.3,-8.9,-2.8049,11688.06,364514.765,0.8289,0.63,64.6045,15.563,4348865.4686
688617.SH,2025-09-10,310.0,312.66,305.4,305.82,308.4,-2.58,-0.8366,7033.49,216670.371,0.4988,0.4,64.0641,15.4328,4312483.9093
688617.SH,2025-09-11,304.01,311.88,301.0,309.53,305.82,3.71,1.2131,14165.06,432550.768,1.0045,0.99,64.8413,15.62,4364800.0276
688617.SH,2025-09-12,309.75,311.67,300.08,300.08,309.53,-9.45,-3.053,12967.33,394611.263,0.9196,0.97,62.8616,15.1431,4231541.9904
688617.SH,2025-09-15,300.22,303.88,297.33,297.55,300.08,-2.53,-0.8431,8792.88,263969.634,0.6235,0.7,62.3316,15.0154,4195865.5
688617.SH,2025-09-16,299.49,300.21,295.1,298.0,297.55,0.45,0.1512,6982.89,207782.086,0.4952,0.64,62.4259,15.0381,4202211.1208
688617.SH,2025-09-17,298.29,306.4,298.29,301.63,298.0,3.63,1.2181,10774.62,325943.402,0.7641,1.08,63.1863,15.2213,4253399.1287
688617.SH,2025-09-18,300.93,308.47,300.03,303.75,301.63,2.12,0.7028,13273.68,404595.149,0.9413,1.24,63.6304,15.3283,4283294.0535
688617.SH,2025-09-19,304.99,304.99,298.15,300.99,303.75,-2.76,-0.9086,7831.95,235861.135,0.5554,0.74,63.0523,15.189,4244374.2458
688617.SH,2025-09-22,299.02,302.21,296.0,298.94,300.99,-2.05,-0.6811,7737.95,231122.932,0.5487,0.81,62.6228,15.0856,4215466.4176
688617.SH,2025-09-23,299.63,304.4,292.45,301.0,298.94,2.06,0.6891,11399.64,339299.271,0.8084,1.22,63.0544,15.1895,4244515.2596
688617.SH,2025-09-24,299.08,324.77,299.08,321.65,301.0,20.65,6.8605,21212.26,670174.705,1.5043,2.08,67.3802,16.2316,4535708.7483
688617.SH,2025-09-25,321.47,323.29,317.22,321.61,321.65,-0.04,-0.0124,8876.59,284819.707,0.6295,0.72,67.3718,16.2296,4535144.6932
688617.SH,2025-09-26,319.86,321.99,315.3,316.4,321.61,-5.21,-1.62,7060.23,224094.627,0.5007,0.62,66.2804,15.9667,4461676.5054
688617.SH,2025-09-29,318.87,318.87,311.11,313.45,316.4,-2.95,-0.9324,10095.84,316441.771,0.7159,0.9,65.6624,15.8178,4420077.4356
688617.SH,2025-09-30,313.87,318.78,311.92,316.73,313.45,3.28,1.0464,8144.87,257638.653,0.5776,0.69,66.3495,15.9833,4466329.9607
688617.SH,2025-10-09,319.5,319.51,312.07,315.72,316.73,-1.01,-0.3189,9100.27,286907.197,0.6453,0.82,66.138,15.9324,4452087.5673
688617.SH,2025-10-10,317.46,319.66,314.0,315.51,315.72,-0.21,-0.0665,8265.64,262109.687,0.5862,0.95,66.094,15.9218,4449126.2776
688617.SH,2025-10-13,308.81,317.93,302.05,310.01,315.51,-5.5,-1.7432,13699.67,424713.711,0.9715,1.61,64.9418,15.6442,4371568.6898
688617.SH,2025-10-14,313.11,315.4,308.7,311.52,310.01,1.51,0.4871,9755.63,304624.902,0.6918,0.99,65.2581,15.7204,4392861.773
688617.SH,2025-10-15,311.52,314.87,307.23,311.26,311.52,-0.26,-0.0835,8639.46,267909.956,0.6127,0.88,65.2037,15.7073,4389195.4143
688617.SH,2025-10-16,311.26,313.93,307.03,308.07,311.26,-3.19,-1.0249,6509.55,201669.216,0.4616,0.66,64.5354,15.5463,4344212.0134
688617.SH,2025-10-17,309.0,312.78,307.29,307.71,308.07,-0.36,-0.1169,9502.6,293971.72,0.6739,1.01,64.46,15.5281,4339135.5167
688617.SH,2025-10-20,309.78,318.85,307.1,318.45,307.71,10.74,3.4903,8962.7,281244.34,0.6356,0.93,66.7098,16.0701,4490584.3336
688617.SH,2025-10-21,318.95,334.0,316.0,328.0,318.45,9.55,2.9989,12172.01,398137.957,0.8632,1.4,68.7104,16.5521,4625252.5088
688617.SH,2025-10-22,329.0,334.93,325.0,331.86,328.0,3.86,1.1768,6772.92,223706.084,0.4803,0.74,69.519,16.7468,4679683.8341
688617.SH,2025-10-23,331.86,334.3,324.23,328.0,331.86,-3.86,-1.1631,7118.7,233732.021,0.5048,0.81,68.7104,16.5521,4625252.5088
688617.SH,2025-10-24,330.0,337.2,322.0,324.0,328.0,-4.0,-1.2195,10426.57,343371.027,0.7394,1.17,67.8725,16.3502,4568846.9904
688617.SH,2025-10-27,305.0,305.0,269.0,280.45,324.0,-43.55,-13.4414,56933.93,1587879.355,4.0375,6.26,58.7495,13.2317,3954731.9088
688617.SH,2025-10-28,275.98,282.31,275.18,278.0,280.45,-2.45,-0.8736,26172.7,728167.059,1.856,1.4,58.2363,13.1161,3920183.5288
688617.SH,2025-10-29,277.23,277.99,263.18,271.03,278.0,-6.97,-2.5072,24747.28,666499.103,1.755,1.15,56.7762,12.7873,3821896.913
688617.SH,2025-10-30,271.84,272.88,267.76,268.45,271.03,-2.58,-0.9519,15329.17,413960.847,1.0871,0.61,56.2357,12.6656,3785515.3536
688617.SH,2025-10-31,269.0,278.86,267.19,276.0,268.45,7.55,2.8124,17152.12,470391.568,1.2163,0.64,57.8173,13.0218,3891980.7696
688617.SH,2025-11-03,276.0,279.87,271.31,277.0,276.0,1.0,0.3623,11890.65,327374.85,0.8432,0.42,58.0268,13.069,3906082.1492
688617.SH,2025-11-04,279.0,282.0,273.7,275.41,277.0,-1.59,-0.574,7302.83,201842.697,0.5179,0.38,57.6937,12.994,3883660.9556
688617.SH,2025-11-05,277.7,293.5,274.02,290.33,275.41,14.92,5.4174,14672.38,419037.587,1.0405,0.96,60.8192,13.6979,4094053.5393
688617.SH,2025-11-06,290.32,290.32,282.46,285.35,290.33,-4.98,-1.7153,7642.32,218122.551,0.542,0.58,59.776,13.4629,4023828.6689
688617.SH,2025-11-07,287.0,287.0,283.16,283.5,285.35,-1.85,-0.6483,5954.05,169502.389,0.4222,0.51,59.3884,13.3756,3997741.1166
688617.SH,2025-11-10,284.7,286.69,282.48,284.96,283.5,1.46,0.515,5239.07,149074.246,0.3715,0.55,59.6943,13.4445,4018329.1308
688617.SH,2025-11-11,286.36,286.66,282.02,283.0,284.96,-1.96,-0.6878,4292.35,121613.888,0.3044,0.53,59.2837,13.3521,3990690.4268
688617.SH,2025-11-12,282.12,287.88,281.6,285.13,283.0,2.13,0.7527,6330.41,180572.291,0.4489,0.84,59.7299,13.4525,4020726.3653
688617.SH,2025-11-13,283.22,285.1,278.58,279.0,285.13,-6.13,-2.1499,6989.15,196214.725,0.4956,1.19,58.4457,13.1633,3934284.9084
688617.SH,2025-11-14,279.0,280.38,274.28,274.28,279.0,-4.72,-1.6918,5023.92,138893.614,0.3563,0.87,57.457,12.9406,3867726.3967
688617.SH,2025-11-17,275.0,276.0,271.22,272.24,274.28,-2.04,-0.7438,3989.03,108605.25,0.2829,0.72,57.0296,12.8444,3838959.5823
688617.SH,2025-11-18,273.84,274.84,268.88,271.0,272.24,-1.24,-0.4555,5720.41,155042.713,0.4057,1.07,56.7699,12.7859,3821473.8716
688617.SH,2025-11-19,272.0,272.56,268.3,268.61,271.0,-2.39,-0.8819,4039.46,108911.588,0.2865,0.72,56.2692,12.6731,3787771.5744
688617.SH,2025-11-20,267.55,271.0,250.36,261.35,268.61,-7.26,-2.7028,17501.63,453218.559,1.2411,3.4,54.7484,12.3306,3685395.5585
688617.SH,2025-11-21,260.88,262.22,256.27,259.0,261.35,-2.35,-0.8992,10709.61,277649.21,0.7595,1.48,54.2561,12.2197,3652257.3164
688617.SH,2025-11-24,258.98,260.7,251.08,251.08,259.0,-7.92,-3.0579,11437.06,289891.851,0.8111,1.36,52.597,11.8461,3540574.39
688617.SH,2025-11-25,251.98,257.8,245.0,246.58,251.08,-4.5,-1.7923,16854.57,421417.079,1.1952,1.71,51.6543,11.6337,3477118.1818
688617.SH,2025-11-26,246.0,247.76,234.21,241.95,246.58,-4.63,-1.8777,24321.71,585249.531,1.7248,2.01,50.6844,11.4153,3411828.7942
688617.SH,2025-11-27,242.98,242.98,234.21,234.84,241.95,-7.11,-2.9386,23594.05,556236.283,1.6732,1.46,49.2006,11.0811,3311949.6707
688617.SH,2025-11-28,234.84,236.36,231.61,234.11,234.84,-0.73,-0.3108,16333.66,381725.564,1.1583,0.94,49.0477,11.0467,3301654.4771
688617.SH,2025-12-01,233.99,242.3,232.5,241.43,234.11,7.32,3.1267,18005.99,430669.448,1.2769,0.97,50.5813,11.3921,3404888.473
688617.SH,2025-12-02,241.44,243.43,237.5,241.94,241.43,0.51,0.2112,13532.24,325235.818,0.9595,0.68,50.6881,11.4109,3412081.0055
688617.SH,2025-12-03,243.93,243.93,236.86,241.4,241.94,-0.54,-0.2232,9630.82,232486.976,0.6829,0.5,50.575,11.3855,3404465.3829
688617.SH,2025-12-04,243.0,244.87,240.05,241.82,241.4,0.42,0.174,9870.42,240238.755,0.6999,0.61,50.663,11.4053,3410388.6449
688617.SH,2025-12-05,242.42,244.0,236.68,241.41,241.82,-0.41,-0.1695,8527.9,204224.394,0.6047,0.63,50.5771,11.3859,3404606.4129
688617.SH,2025-12-08,242.39,243.62,239.11,241.4,241.41,-0.01,-0.0041,6166.18,149151.773,0.4372,0.52,50.575,11.3855,3404465.3829
688617.SH,2025-12-09,244.41,244.8,236.66,237.71,241.4,-3.69,-1.5286,8632.82,205964.408,0.6121,0.9,49.8019,11.2114,3352425.2948
688617.SH,2025-12-10,239.89,243.68,237.01,240.25,237.71,2.54,1.0685,9567.92,230097.47,0.6784,1.12,50.3341,11.3312,3388246.9272
688617.SH,2025-12-11,240.77,242.42,232.55,232.55,240.25,-7.7,-3.205,13575.89,320267.492,0.9626,1.59,48.7209,10.9681,3279653.7895
688617.SH,2025-12-12,232.55,238.73,228.22,238.21,232.55,5.66,2.4339,14115.48,330331.847,1.0009,1.52,49.9067,11.235,3359476.7972
688617.SH,2025-12-15,239.4,241.79,235.14,240.35,238.21,2.14,0.8984,14386.73,344173.981,1.0201,1.38,50.355,11.3359,3389657.2277
688617.SH,2025-12-16,238.25,246.75,238.15,244.66,240.35,4.31,1.7932,12393.13,303182.72,0.8788,1.03,51.258,11.5392,3450441.1788
688617.SH,2025-12-17,245.0,259.67,242.84,259.57,244.66,14.91,6.0942,14146.24,358725.344,1.0031,1.1,54.3818,12.2424,3660716.9819
688617.SH,2025-12-18,259.77,261.45,254.3,254.3,259.57,-5.27,-2.0303,7880.33,201903.369,0.5588,0.57,53.2777,11.9939,3586394.1461
688617.SH,2025-12-19,254.75,256.79,252.04,254.49,254.3,0.19,0.0747,8080.35,205497.589,0.573,0.64,53.3175,12.0028,3589073.717
688617.SH,2025-12-22,255.44,255.44,250.35,250.7,254.49,-3.79,-1.4893,6962.91,175351.943,0.4937,0.61,52.5234,11.8241,3535623.3284
688617.SH,2025-12-23,251.7,254.17,249.33,252.13,250.7,1.43,0.5704,6067.84,152699.812,0.4303,0.61,52.823,11.8915,3555790.6254
688617.SH,2025-12-24,253.0,255.0,246.33,247.61,252.13,-4.52,-1.7927,8205.07,204072.713,0.5818,0.95,51.876,11.6783,3492045.0433
688617.SH,2025-12-25,247.6,249.58,246.66,247.78,247.61,0.17,0.0687,6006.07,149281.164,0.4259,0.81,51.9117,11.6864,3494442.5541
688617.SH,2025-12-26,247.64,250.57,243.49,250.54,247.78,2.76,1.1139,7575.15,187702.642,0.5371,1.07,52.4899,11.8165,3533366.8476
688617.SH,2025-12-29,250.3,250.53,244.06,246.7,250.54,-3.84,-1.5327,5632.65,138917.454,0.3994,0.81,51.6854,11.6354,3479211.3088
688617.SH,2025-12-30,245.82,245.83,242.15,243.13,246.7,-3.57,-1.4471,5149.01,125522.04,0.3651,0.77,50.9375,11.4671,3428863.5813
688617.SH,2025-12-31,242.12,244.76,240.38,243.27,243.13,0.14,0.0576,7656.97,185784.553,0.5429,1.18,50.9668,11.4737,3430838.002
688617.SH,2026-01-05,241.11,256.5,239.05,256.29,243.27,13.02,5.3521,10507.62,263199.826,0.7451,1.64,53.6946,12.0877,3614459.1258
688617.SH,2026-01-06,256.35,264.69,253.0,261.1,256.29,4.81,1.8768,12517.17,326947.75,0.8876,1.71,54.7023,12.3146,3682294.5794
688617.SH,2026-01-07,258.99,264.0,256.17,257.65,261.1,-3.45,-1.3213,8420.92,218806.228,0.5971,1.02,53.9795,12.1519,3633639.2125
688617.SH,2026-01-08,257.59,261.58,254.28,254.42,257.65,-3.23,-1.2536,7660.89,197134.694,0.5432,0.87,53.3028,11.9995,3588086.5067
688617.SH,2026-01-09,257.39,267.57,254.12,265.66,254.42,11.24,4.4179,11799.59,309726.101,0.8367,1.26,55.6577,12.5297,3746604.2817
688617.SH,2026-01-12,265.66,268.48,259.13,260.67,265.66,-4.99,-1.8783,11284.76,295115.446,0.8002,1.11,54.6122,12.2943,3676230.2873
688617.SH,2026-01-13,262.0,265.85,259.1,261.72,260.67,1.05,0.4028,11720.4,307643.104,0.8311,1.13,54.8322,12.3438,3691038.4424
688617.SH,2026-01-14,259.58,269.68,258.15,259.75,261.72,-1.97,-0.7527,12763.62,336415.526,0.905,1.25,54.4195,12.2509,3663255.5228
688617.SH,2026-01-15,259.0,261.97,254.12,255.91,259.75,-3.84,-1.4783,12594.14,324000.307,0.893,1.14,53.615,12.0698,3609099.984
688617.SH,2026-01-16,256.5,257.87,249.02,251.79,255.91,-4.12,-1.6099,11983.9,303673.288,0.8497,1.0,52.7518,11.8755,3550995.6038
688617.SH,2026-01-19,251.64,256.79,249.04,250.46,251.79,-1.33,-0.5282,11076.0,279872.311,0.7854,0.92,52.4731,11.8128,3532238.6073
688617.SH,2026-01-20,250.46,253.22,244.24,244.64,250.46,-5.82,-2.3237,10914.55,268799.442,0.7739,0.91,51.2538,11.5383,3450159.1187
688617.SH,2026-01-21,246.0,246.0,238.68,241.29,244.64,-3.35,-1.3694,12810.38,308456.138,0.9083,1.08,50.552,11.3803,3402914.0523
688617.SH,2026-01-22,241.26,242.6,237.13,238.96,241.29,-2.33,-0.9656,7954.19,190728.566,0.564,0.67,50.0638,11.2704,3370054.0509
688617.SH,2026-01-23,239.36,242.88,236.67,242.5,238.96,3.54,1.4814,9185.49,220708.984,0.6513,0.84,50.8055,11.4373,3419978.6883
688617.SH,2026-01-26,242.56,245.45,231.0,237.22,242.5,-5.28,-2.1773,22056.62,518401.874,1.564,2.12,49.6993,11.1883,3345514.8224
688617.SH,2026-01-27,237.22,244.0,231.64,242.6,237.22,5.38,2.2679,14712.01,349601.334,1.0432,1.17,50.8264,11.4421,3421388.9887
688617.SH,2026-01-28,241.61,245.32,238.22,239.23,242.6,-3.37,-1.3891,10271.06,247879.489,0.7283,0.77,50.1204,11.2831,3373861.8622
688617.SH,2026-01-29,238.2,239.03,232.32,233.0,239.23,-6.23,-2.6042,12249.1,287392.034,0.8685,0.95,48.8151,10.9893,3286000.1417
688617.SH,2026-01-30,236.78,236.78,231.26,232.0,233.0,-1.0,-0.4292,9714.38,227366.561,0.6888,0.71,48.6056,10.9421,3271897.1368
688617.SH,2026-02-02,232.0,235.98,224.02,224.4,232.0,-7.6,-3.2759,13232.34,304580.615,0.9383,0.96,47.0134,10.5837,3164714.2996
688617.SH,2026-02-03,224.68,228.49,223.48,227.0,224.4,2.6,1.1586,7387.08,167231.43,0.5238,0.61,47.5581,10.7063,3201382.1123
688617.SH,2026-02-04,227.9,232.49,224.27,231.12,227.0,4.12,1.815,11309.27,258490.877,0.8019,1.07,48.4213,10.9006,3259486.4925
688617.SH,2026-02-05,231.12,233.2,227.02,228.4,231.12,-2.72,-1.1769,8012.52,183895.177,0.5681,0.74,47.8514,10.7723,3221126.3192
688617.SH,2026-02-06,229.31,233.99,226.08,230.0,228.4,1.6,0.7005,7691.0,177587.111,0.5453,0.77,48.1866,10.8478,3243691.127
688617.SH,2026-02-09,230.0,233.76,226.33,229.38,230.0,-0.62,-0.2696,7314.98,167263.433,0.5187,0.77,48.0567,10.8185,3234947.264
688617.SH,2026-02-10,231.88,244.44,228.99,241.2,229.38,11.82,5.153,21270.14,508272.716,1.5082,2.55,50.5331,11.376,3401644.7819
688617.SH,2026-02-11,244.99,244.99,240.33,240.96,241.2,-0.24,-0.0995,8416.48,203646.431,0.5968,0.76,50.4828,11.3647,3398260.0607
688617.SH,2026-02-12,241.97,242.57,236.09,236.65,240.96,-4.31,-1.7887,9910.7,236283.233,0.7027,0.94,49.5799,11.1614,3337476.1096
688617.SH,2026-02-13,234.25,239.5,232.08,232.42,236.65,-4.23,-1.7874,8437.34,197619.335,0.5983,0.77,48.6936,10.9619,3277820.3989
688617.SH,2026-02-24,234.47,235.8,230.28,230.28,232.42,-2.14,-0.9207,6302.05,146474.663,0.4469,0.57,48.2453,10.861,3247639.9684
688617.SH,2026-02-25,230.23,235.0,228.48,234.49,230.28,4.21,1.8282,9481.51,219565.276,0.6723,0.87,49.1273,11.0596,3307013.619
688617.SH,2026-02-26,233.12,233.93,225.9,227.5,234.49,-6.99,-2.9809,12454.92,283643.993,0.8831,1.46,47.6629,10.7299,3208433.6148
688617.SH,2026-02-27,230.99,252.89,230.1,246.24,227.5,18.74,8.2374,25993.67,639480.504,1.8431,2.79,51.589,11.2434,3472723.9266
688617.SH,2026-03-02,241.99,245.44,237.07,238.62,246.24,-7.62,-3.0945,13467.7,322800.109,0.955,1.07,49.9926,10.8955,3365259.0292
688617.SH,2026-03-03,238.49,242.2,234.16,236.2,238.62,-2.42,-1.0142,13275.34,315026.081,0.9413,0.98,49.4856,10.785,3331129.7574
688617.SH,2026-03-04,235.17,237.97,228.12,230.09,236.2,-6.11,-2.5868,8337.88,192966.516,0.5912,0.56,48.2055,10.506,3244960.3974
688617.SH,2026-03-05,233.6,233.77,226.54,227.4,230.09,-2.69,-1.1691,7822.93,178688.559,0.5547,0.53,47.6419,10.3832,3207023.3143
688617.SH,2026-03-06,227.59,233.75,226.59,230.91,227.4,3.51,1.5435,7814.59,181022.447,0.5541,0.57,48.3773,10.5435,3256524.8615
688617.SH,2026-03-09,229.8,230.6,225.08,227.01,230.91,-3.9,-1.689,9674.86,220397.16,0.686,0.95,47.5602,10.3654,3201523.1423
688617.SH,2026-03-10,227.51,233.28,227.51,231.5,227.01,4.49,1.9779,8228.72,189711.911,0.5835,0.88,48.5009,10.5704,3264845.6344
688617.SH,2026-03-11,231.0,236.89,230.51,235.0,231.5,3.5,1.5119,7863.77,184604.12,0.5576,0.94,49.2342,10.7302,3314206.1515
688617.SH,2026-03-12,235.99,237.21,232.15,235.58,235.0,0.58,0.2468,7187.02,168384.934,0.5096,0.87,49.3557,10.7567,3322385.8943
688617.SH,2026-03-13,236.66,237.77,232.55,234.95,235.58,-0.63,-0.2674,8613.28,201893.166,0.6107,1.06,49.2237,10.7279,3313501.0013
688617.SH,2026-03-16,232.89,243.25,230.39,238.43,234.95,3.48,1.4812,10035.75,239191.96,0.7116,1.21,49.9528,10.8868,3362579.4583
688617.SH,2026-03-17,240.71,244.87,237.03,239.34,238.43,0.91,0.3817,10141.9,244991.701,0.7191,1.21,50.1434,10.9284,3375413.1928
688617.SH,2026-03-18,243.93,243.93,235.04,235.25,239.34,-4.09,-1.7089,5541.51,131437.173,0.3929,0.63,49.2865,10.7416,3317731.9027
688617.SH,2026-03-19,235.0,238.33,233.06,234.0,235.25,-1.25,-0.5313,10145.61,239016.773,0.7194,1.22,49.0247,10.6846,3300103.1466
688617.SH,2026-03-20,234.99,237.37,231.46,231.59,234.0,-2.41,-1.0299,7236.66,169874.428,0.5131,0.81,48.5197,10.5745,3266114.9048
688617.SH,2026-03-23,231.0,231.0,219.48,221.5,231.59,-10.09,-4.3568,21937.11,489651.366,1.5555,2.54,46.4058,10.1138,3123815.5854
688617.SH,2026-03-24,223.87,226.36,222.12,225.95,221.5,4.45,2.009,13041.69,292488.294,0.9247,1.19,47.3381,10.317,3186573.9572
688617.SH,2026-03-25,232.88,243.88,232.88,236.0,225.95,10.05,4.4479,19541.88,466050.254,1.3857,1.69,40.5577,10.7759,3328309.1564
688617.SH,2026-03-26,236.0,241.33,235.64,238.92,236.0,2.92,1.2373,10072.11,240190.564,0.7142,0.7,41.0595,10.9092,3369489.9307
688617.SH,2026-03-27,240.49,249.6,236.77,246.97,238.92,8.05,3.3693,15914.86,389484.478,1.1285,1.11,42.4429,11.2768,3483019.1202
688617.SH,2026-03-30,246.0,249.23,243.63,246.98,246.97,0.01,0.004,10683.17,263702.337,0.7575,0.66,42.4446,11.2772,3483160.1502
688617.SH,2026-03-31,247.51,254.81,247.12,249.99,246.98,3.01,1.2187,12678.81,319668.365,0.899,0.92,42.9619,11.4147,3525610.195
688617.SH,2026-04-01,252.68,257.67,247.25,252.25,249.99,2.26,0.904,11705.4,296386.207,0.83,0.85,43.3503,11.5179,3557482.986
688617.SH,2026-04-02,254.0,258.88,249.81,256.3,252.25,4.05,1.6056,13302.31,339097.028,0.9432,1.09,44.0463,11.7028,3614600.1559
688617.SH,2026-04-03,255.02,261.65,254.05,255.86,256.3,-0.44,-0.1717,7419.45,190937.472,0.5261,0.58,43.9707,11.6827,3608394.8337
688617.SH,2026-04-07,256.51,258.28,252.7,257.28,255.86,1.42,0.555,8974.39,229264.872,0.6363,0.8,44.2147,11.7475,3628421.1007
688617.SH,2026-04-08,258.78,264.5,256.12,264.5,257.28,7.22,2.8063,12039.1,313221.627,0.8537,1.11,45.4555,12.0772,3730244.7961
688617.SH,2026-04-09,262.0,264.7,255.1,258.0,264.5,-6.5,-2.4575,16580.79,428478.614,1.1757,1.55,44.3384,11.7804,3638575.2642
688617.SH,2026-04-10,259.59,261.82,255.5,260.47,258.0,2.47,0.9574,13028.13,337512.896,0.9238,1.12,44.7667,11.8942,3673715.2176
688617.SH,2026-04-13,260.88,261.95,256.1,256.1,260.47,-4.37,-1.6777,8161.24,210503.207,0.5787,0.7,44.0156,11.6946,3612079.9602
688617.SH,2026-04-14,255.94,260.0,253.2,257.0,256.1,0.9,0.3514,9724.48,248434.05,0.6895,0.83,44.1703,11.732,3624773.7203
688617.SH,2026-04-15,259.17,262.26,255.3,258.5,257.0,1.5,0.5837,11088.38,286542.329,0.7862,0.93,44.4281,11.8005,3645929.9872
688617.SH,2026-04-16,258.49,260.8,256.12,257.21,258.5,-1.29,-0.499,5759.95,148722.774,0.4084,0.49,44.2064,11.7416,3627735.5977
688617.SH,2026-04-17,258.44,258.46,251.43,256.02,257.21,-1.19,-0.4627,9296.61,236728.762,0.6591,0.97,44.0018,11.6872,3610951.626
688617.SH,2026-04-20,255.1,259.38,254.51,256.44,256.02,0.42,0.164,5787.33,148747.693,0.4103,0.66,44.074,11.7064,3616875.3807
688617.SH,2026-04-21,255.12,258.75,252.33,252.33,256.44,-4.11,-1.6027,5485.2,139607.099,0.3889,0.66,43.3676,11.5188,3558907.2095
688617.SH,2026-04-22,251.36,253.86,247.14,251.72,252.33,-0.61,-0.2417,7810.53,195894.624,0.5538,1.04,43.2628,11.4909,3550303.661
688617.SH,2026-04-23,252.54,253.6,246.16,247.79,251.72,-3.93,-1.5613,7341.29,183016.855,0.5205,1.08,42.5874,11.3115,3494874.2418
688617.SH,2026-04-24,248.0,253.0,244.1,248.0,247.79,0.21,0.0847,10052.55,249522.024,0.7127,1.41,42.6234,11.7769,3497836.1192
688617.SH,2026-04-27,248.59,250.4,241.47,248.73,248.0,0.73,0.2944,10798.16,266100.806,0.7656,1.48,42.7489,11.8116,3508132.1691
688617.SH,2026-04-28,248.1,251.74,241.5,243.1,248.73,-5.63,-2.2635,10081.47,246923.206,0.7148,1.21,41.7813,11.5442,3428725.6475
688617.SH,2026-04-29,242.02,246.46,240.69,242.76,243.1,-0.34,-0.1399,7393.42,179900.533,0.5242,0.8,41.7229,11.5281,3423930.227
688617.SH,2026-04-30,242.76,243.75,236.01,237.87,242.76,-4.89,-2.0143,14376.22,343500.046,1.0193,1.57,40.8824,11.2959,3354960.7971
688617.SH,2026-05-06,237.92,237.92,228.39,234.4,237.87,-3.47,-1.4588,18148.05,421355.215,1.2867,1.72,40.286,11.1311,3306019.2998
688617.SH,2026-05-07,235.77,235.77,230.61,234.6,234.4,0.2,0.0853,8226.37,191323.526,0.5833,0.68,40.3204,11.1406,3308840.1353
688617.SH,2026-05-08,234.95,235.78,230.21,232.61,234.6,-1.99,-0.8483,11744.86,273403.493,0.8327,1.01,39.9784,11.0461,3280772.8213
688617.SH,2026-05-11,233.4,235.0,228.5,231.05,232.61,-1.56,-0.6707,13874.58,320137.193,0.9837,1.0,39.7103,10.972,3258770.3038
