ts_code,trade_date,open,high,low,close,pre_close,change,pct_chg,vol,amount,turnover_rate,volume_ratio,pe,pb,total_mv
688728.SH,2023-01-03,17.5,17.99,17.42,17.99,17.54,0.45,2.5656,16703.82,29595.71,0.2192,0.82,35.7226,5.6038,4495498.0242
688728.SH,2023-01-04,17.96,18.17,17.9,18.03,17.99,0.04,0.2223,18389.91,33081.229,0.2413,0.93,35.802,5.6162,4505493.5729
688728.SH,2023-01-05,17.91,18.16,17.9,18.01,18.03,-0.02,-0.1109,14751.29,26632.501,0.1936,0.93,35.7623,5.61,4500495.7986
688728.SH,2023-01-06,18.04,18.24,17.85,17.98,18.01,-0.03,-0.1666,21371.44,38598.442,0.2805,1.42,35.7027,5.6007,4492999.1371
688728.SH,2023-01-09,17.95,18.36,17.92,18.25,17.98,0.27,1.5017,16400.25,29765.116,0.2152,1.01,36.2389,5.6848,4560469.0907
688728.SH,2023-01-10,18.25,18.5,18.13,18.36,18.25,0.11,0.6027,16872.66,30987.21,0.2214,0.96,36.4573,5.719,4587956.8496
688728.SH,2023-01-11,18.34,18.46,17.81,17.88,18.36,-0.48,-2.6144,15633.03,28430.163,0.2051,0.89,35.5042,5.5695,4468010.2653
688728.SH,2023-01-12,18.07,18.07,17.7,17.7,17.88,-0.18,-1.0067,13580.12,24202.129,0.1782,0.8,35.1467,5.5134,4423030.2962
688728.SH,2023-01-13,17.71,17.92,17.56,17.85,17.7,0.15,0.8475,15338.24,27180.57,0.2013,0.91,35.4446,5.5602,4460513.6038
688728.SH,2023-01-16,17.82,18.82,17.7,18.66,17.85,0.81,4.5378,37399.45,69106.06,0.4908,2.4,37.053,5.8125,4662923.4648
688728.SH,2023-01-17,18.7,19.09,18.5,18.95,18.66,0.29,1.5541,31310.84,59250.353,0.4109,1.58,37.6288,5.9028,4735391.1928
688728.SH,2023-01-18,19.16,19.16,18.66,18.73,18.95,-0.22,-1.1609,19537.5,36860.233,0.2564,0.86,37.192,5.8343,4680415.675
688728.SH,2023-01-19,18.65,19.26,18.62,19.26,18.73,0.53,2.8297,22600.1,43003.957,0.2966,0.96,38.2444,5.9994,4812856.6952
688728.SH,2023-01-20,19.28,19.36,19.1,19.34,19.26,0.08,0.4154,19681.29,37884.203,0.2583,0.78,38.4033,6.0243,4832847.7926
688728.SH,2023-01-30,19.36,19.8,19.3,19.51,19.34,0.17,0.879,23322.52,45521.832,0.3061,0.89,38.7408,6.0772,4875328.8745
688728.SH,2023-01-31,19.29,19.4,18.7,18.85,19.51,-0.66,-3.3829,32606.57,61593.892,0.4279,1.4,37.4303,5.8717,4710402.3211
688728.SH,2023-02-01,18.88,19.09,18.81,18.96,18.85,0.11,0.5836,20085.66,38046.086,0.2636,0.85,37.6487,5.9059,4737890.08
688728.SH,2023-02-02,19.0,19.36,18.96,19.19,18.96,0.23,1.2131,22027.44,42202.189,0.2891,0.93,38.1054,5.9776,4795364.485
688728.SH,2023-02-03,19.11,19.23,18.78,19.2,19.19,0.01,0.0521,23145.55,43980.502,0.3037,0.98,38.1253,5.9807,4797863.3722
688728.SH,2023-02-06,19.17,19.28,18.89,18.98,19.2,-0.22,-1.1458,16828.72,32007.086,0.2208,0.69,37.6884,5.9121,4742887.8544
688728.SH,2023-02-07,19.0,19.04,18.78,18.98,18.98,0.0,0.0,14605.65,27617.33,0.1917,0.64,37.6884,5.9121,4742887.8544
688728.SH,2023-02-08,18.9,19.14,18.55,18.55,18.98,-0.43,-2.2655,21524.13,40375.858,0.2825,1.11,36.8346,5.7782,4635435.7059
688728.SH,2023-02-09,18.56,19.1,18.51,19.09,18.55,0.54,2.9111,32360.7,60985.941,0.4247,1.65,37.9068,5.9464,4770375.6133
688728.SH,2023-02-10,18.97,19.28,18.94,19.2,19.09,0.11,0.5762,33513.84,64145.365,0.4398,1.54,38.1253,5.9807,4797863.3722
688728.SH,2023-02-13,19.1,19.26,18.93,19.1,19.2,-0.1,-0.5208,27522.09,52549.782,0.3445,1.16,37.9267,5.9495,4772874.5004
688728.SH,2023-02-14,19.19,19.4,18.88,19.11,19.1,0.01,0.0524,29799.65,56900.412,0.373,1.15,37.9466,5.9526,4775373.3876
688728.SH,2023-02-15,19.06,19.15,18.79,19.01,19.11,-0.1,-0.5233,32847.38,62194.66,0.4111,1.13,37.748,5.9215,4750384.5159
688728.SH,2023-02-16,19.02,19.04,17.96,18.2,19.01,-0.81,-4.2609,50970.96,94712.282,0.6379,1.63,36.1396,5.6692,4547974.6549
688728.SH,2023-02-17,18.17,18.36,17.91,17.99,18.2,-0.21,-1.1538,29259.93,52859.664,0.3662,0.84,35.7226,5.6038,4495498.0242
688728.SH,2023-02-20,17.98,18.07,17.77,18.07,17.99,0.08,0.4447,25969.24,46494.022,0.325,0.76,35.8814,5.6287,4515489.1216
688728.SH,2023-02-21,18.05,18.13,17.8,17.96,18.07,-0.11,-0.6087,24686.96,44295.098,0.309,0.73,35.663,5.5944,4488001.3627
688728.SH,2023-02-22,17.89,18.04,17.84,17.93,17.96,-0.03,-0.167,14698.6,26356.226,0.184,0.45,35.6034,5.5851,4480504.7012
688728.SH,2023-02-23,17.93,17.98,17.65,17.71,17.93,-0.22,-1.227,17130.13,30465.398,0.2144,0.59,35.1666,5.5166,4425529.1834
688728.SH,2023-02-24,17.82,17.86,17.54,17.63,17.71,-0.08,-0.4517,17615.93,31106.975,0.2205,0.79,35.0077,5.4916,4405538.086
688728.SH,2023-02-27,17.45,17.6,17.12,17.16,17.63,-0.47,-2.6659,27314.81,47229.54,0.3419,1.36,34.0745,5.3452,4288090.3889
688728.SH,2023-02-28,17.12,17.46,17.01,17.2,17.16,0.04,0.2331,19852.23,34110.172,0.2485,0.98,34.1539,5.4369,4298085.9376
688728.SH,2023-03-01,17.26,17.38,17.25,17.29,17.2,0.09,0.5233,18280.48,31638.307,0.2288,0.95,34.3326,5.4654,4320575.9221
688728.SH,2023-03-02,17.37,17.37,17.0,17.01,17.29,-0.28,-1.6194,29647.54,50810.437,0.3711,1.48,33.7766,5.3769,4250607.0813
688728.SH,2023-03-03,17.11,17.25,16.97,17.12,17.01,0.11,0.6467,45293.32,77420.571,0.5669,2.01,33.995,5.4116,4278094.8402
688728.SH,2023-03-06,17.18,17.23,17.03,17.13,17.12,0.01,0.0584,37140.61,63551.634,0.4648,1.32,34.0149,5.4148,4280593.7273
688728.SH,2023-03-07,17.15,17.16,16.59,16.59,17.13,-0.54,-3.1524,40924.31,68779.538,0.5122,1.36,32.9426,5.2441,4145653.82
688728.SH,2023-03-08,16.6,16.88,16.55,16.75,16.59,0.16,0.9644,35323.91,59102.543,0.4421,1.03,33.2603,5.2947,4185636.0148
688728.SH,2023-03-09,16.9,16.94,16.67,16.85,16.75,0.1,0.597,26461.76,44523.305,0.3312,0.7,33.4589,5.3263,4210624.8865
688728.SH,2023-03-10,16.66,17.16,16.65,16.91,16.85,0.06,0.3561,57119.46,96801.983,0.7149,1.54,33.578,5.3452,4225618.2095
688728.SH,2023-03-13,16.91,16.91,16.31,16.69,16.91,-0.22,-1.301,48579.63,80468.92,0.608,1.23,33.1412,5.2757,4170642.6917
688728.SH,2023-03-14,16.69,17.11,16.41,16.96,16.69,0.27,1.6177,62142.81,104596.636,0.7778,1.49,33.6773,5.361,4238112.6454
688728.SH,2023-03-15,17.11,17.33,17.01,17.26,16.96,0.3,1.7689,70830.12,121734.989,0.8865,1.54,34.273,5.4559,4313079.2606
688728.SH,2023-03-16,17.18,17.29,16.98,17.0,17.26,-0.26,-1.5064,36930.11,63250.822,0.4622,0.7,33.7567,5.3737,4248108.1941
688728.SH,2023-03-17,17.1,17.56,17.01,17.4,17.0,0.4,2.3529,68246.13,118189.678,0.8541,1.24,34.551,5.5001,4348063.681
688728.SH,2023-03-20,17.4,17.53,17.3,17.36,17.4,-0.04,-0.2299,59687.4,104034.36,0.747,1.04,34.4716,5.4875,4338068.1323
688728.SH,2023-03-21,17.39,17.42,17.14,17.34,17.36,-0.02,-0.1152,41719.41,72067.884,0.5221,0.7,34.4319,5.4812,4333070.358
688728.SH,2023-03-22,17.43,17.53,17.2,17.46,17.34,0.12,0.692,48107.41,83634.969,0.6021,0.87,34.6702,5.5191,4363057.0041
688728.SH,2023-03-23,17.4,18.19,17.26,18.17,17.46,0.71,4.0664,114214.58,204475.977,1.4295,2.24,36.08,5.7435,4540477.9933
688728.SH,2023-03-24,18.08,18.3,17.8,17.97,18.17,-0.2,-1.1007,68753.38,123694.106,0.8605,1.04,35.6829,5.6803,4490500.2499
688728.SH,2023-03-27,17.8,18.12,17.54,17.65,17.97,-0.32,-1.7807,80257.35,142826.162,1.0045,1.21,35.0474,5.5792,4410535.8603
688728.SH,2023-03-28,17.65,17.73,16.95,17.05,17.65,-0.6,-3.3994,65450.63,112792.92,0.8192,0.93,33.856,5.3895,4260602.63
688728.SH,2023-03-29,17.12,17.54,16.88,17.28,17.05,0.23,1.349,65672.78,113212.333,0.8219,0.87,34.3127,5.4622,4318077.0349
688728.SH,2023-03-30,17.37,18.12,17.33,17.83,17.28,0.55,3.1829,104088.61,184861.994,1.3027,1.32,35.4049,5.6361,4455515.8295
688728.SH,2023-03-31,17.87,17.9,17.47,17.57,17.83,-0.26,-1.4582,135495.08,238465.64,1.2237,1.76,34.8886,5.5539,4390544.763
688728.SH,2023-04-03,17.7,18.38,17.6,18.23,17.57,0.66,3.7564,279617.47,505777.111,2.5253,3.1,36.1991,5.7625,4555471.3164
688728.SH,2023-04-04,18.37,18.57,17.9,18.05,18.23,-0.18,-0.9874,418603.1,765193.548,3.7806,3.22,35.8417,5.7056,4510491.3473
688728.SH,2023-04-06,17.88,19.03,17.8,18.72,18.05,0.67,3.7119,519960.66,965653.135,4.696,2.59,37.1721,5.9174,4677916.7879
688728.SH,2023-04-07,19.0,19.09,18.4,18.77,18.72,0.05,0.2671,387898.65,726986.695,3.5033,1.33,37.2714,5.9332,4690411.2237
688728.SH,2023-04-10,19.5,19.85,18.76,18.82,18.77,0.05,0.2664,492510.81,949670.108,4.4481,1.41,37.3707,5.949,4702905.6596
688728.SH,2023-04-11,18.99,19.17,18.32,18.71,18.82,-0.11,-0.5845,345423.2,647139.522,3.1197,0.82,37.1523,5.9142,4675417.9007
688728.SH,2023-04-12,18.89,20.66,18.55,20.03,18.71,1.32,7.0551,605426.98,1194832.325,5.4679,1.4,39.7734,6.3315,5005271.0075
688728.SH,2023-04-13,20.03,20.42,19.05,19.09,20.03,-0.94,-4.693,349173.08,685002.215,3.1535,0.74,37.9068,6.0343,4770375.6133
688728.SH,2023-04-14,19.28,19.75,18.34,19.68,19.09,0.59,3.0906,388440.12,744291.868,3.5082,0.89,39.0784,6.2208,4917809.9565
688728.SH,2023-04-17,19.44,19.96,19.07,19.25,19.68,-0.43,-2.185,249925.74,487849.991,2.2572,0.57,38.2246,6.0849,4810357.808
688728.SH,2023-04-18,19.15,19.18,18.6,18.84,19.25,-0.41,-2.1299,178992.66,337362.72,1.6166,0.46,37.4104,5.9553,4707903.4339
688728.SH,2023-04-19,19.04,19.47,18.59,18.63,18.84,-0.21,-1.1146,216321.6,411263.961,1.9537,0.61,36.9934,5.8889,4655426.8033
688728.SH,2023-04-20,18.63,19.05,18.45,18.74,18.63,0.11,0.5904,200157.27,375882.052,1.8077,0.72,37.2118,5.9237,4682914.5622
688728.SH,2023-04-21,18.66,18.74,17.06,17.12,18.74,-1.62,-8.6446,323312.4,573591.864,2.92,1.31,33.995,5.4116,4278094.8402
688728.SH,2023-04-24,16.95,17.18,15.89,16.05,17.12,-1.07,-6.25,263505.63,432032.073,2.3798,1.13,31.8703,5.0734,4010713.9127
688728.SH,2023-04-25,16.01,16.16,15.26,15.43,16.05,-0.62,-3.8629,160599.62,250823.75,1.4504,0.68,30.6392,4.8774,3855782.9079
688728.SH,2023-04-26,15.4,15.82,15.3,15.64,15.43,0.21,1.361,150150.43,234378.246,1.3561,0.65,31.0562,4.9438,3908259.5386
688728.SH,2023-04-27,15.58,15.9,15.5,15.68,15.64,0.04,0.2558,92358.77,145360.453,0.8341,0.42,31.1356,4.9564,3918255.0873
688728.SH,2023-04-28,15.63,16.17,15.61,15.86,15.68,0.18,1.148,110931.28,176647.165,1.0019,0.56,31.4931,5.0133,3963235.0564
688728.SH,2023-05-04,15.76,16.09,15.7,15.8,15.86,-0.06,-0.3783,97422.73,155011.965,0.8799,0.63,89.9737,5.0741,3948241.7333
688728.SH,2023-05-05,15.88,16.02,15.33,15.43,15.8,-0.37,-2.3418,81981.36,128216.354,0.7404,0.67,87.8667,4.9553,3855782.9079
688728.SH,2023-05-08,15.56,15.59,15.22,15.37,15.43,-0.06,-0.3889,79731.62,122405.645,0.7201,0.75,87.525,4.9361,3840789.5849
688728.SH,2023-05-09,15.38,15.47,14.92,14.96,15.37,-0.41,-2.6675,111850.55,169477.671,1.0102,1.21,85.1903,4.8044,3738335.2108
688728.SH,2023-05-10,14.99,15.2,14.86,15.19,14.96,0.23,1.5374,72894.76,109893.374,0.6583,0.76,86.5,4.8782,3795809.6158
688728.SH,2023-05-11,15.35,15.82,15.24,15.65,15.19,0.46,3.0283,92850.54,145182.793,0.8386,1.05,89.1195,5.026,3910758.4257
688728.SH,2023-05-12,15.74,15.96,15.63,15.63,15.65,-0.02,-0.1278,70632.04,111593.55,0.6379,0.8,89.0056,5.0195,3905760.6514
688728.SH,2023-05-15,15.68,16.1,15.6,16.08,15.63,0.45,2.8791,76806.66,121851.099,0.6937,0.9,91.5681,5.1641,4018210.5742
688728.SH,2023-05-16,16.15,16.4,15.96,16.09,16.08,0.01,0.0622,59713.51,96575.017,0.5393,0.7,91.6251,5.1673,4020709.4614
688728.SH,2023-05-17,16.08,16.3,15.91,16.0,16.09,-0.09,-0.5594,48809.66,78540.636,0.4408,0.65,91.1126,5.1384,3998219.4768
688728.SH,2023-05-18,15.92,16.12,15.84,15.91,16.0,-0.09,-0.5625,57047.93,90881.776,0.5152,0.82,90.6001,5.1095,3975729.4922
688728.SH,2023-05-19,15.96,16.33,15.86,16.03,15.91,0.12,0.7542,71479.78,114942.559,0.6456,1.14,91.2834,5.148,4005716.1383
688728.SH,2023-05-22,16.18,16.18,15.88,15.96,16.03,-0.07,-0.4367,55554.64,88614.378,0.5017,0.89,90.8848,5.1255,3988223.9281
688728.SH,2023-05-23,15.96,15.99,15.72,15.73,15.96,-0.23,-1.4411,48777.15,77132.971,0.4405,0.83,89.5751,5.0517,3930749.5231
688728.SH,2023-05-24,15.76,16.05,15.73,15.82,15.73,0.09,0.5722,66236.59,105450.282,0.5982,1.18,90.0876,5.0806,3953239.5077
688728.SH,2023-05-25,15.77,16.08,15.77,15.94,15.82,0.12,0.7585,72292.19,115340.594,0.6529,1.21,90.7709,5.1191,3983226.1538
688728.SH,2023-05-26,16.0,16.01,15.82,15.92,15.94,-0.02,-0.1255,49199.67,78373.932,0.4443,0.78,90.657,5.1127,3978228.3794
688728.SH,2023-05-29,16.01,16.15,15.91,15.96,15.92,0.04,0.2513,69066.3,110762.199,0.6238,1.18,90.8848,5.1255,3988223.9281
688728.SH,2023-05-30,15.96,16.03,15.51,15.98,15.96,0.02,0.1253,71448.01,112827.495,0.6453,1.17,90.9987,5.132,3993221.7025
688728.SH,2023-05-31,15.95,16.45,15.92,16.41,15.98,0.43,2.6909,168060.24,273074.969,1.5178,2.56,93.4473,5.27,4100673.8509
688728.SH,2023-06-01,16.22,16.78,16.22,16.46,16.41,0.05,0.3047,79110.5,130421.46,0.7145,0.92,93.7321,5.2861,4113168.2868
688728.SH,2023-06-02,16.46,16.57,16.24,16.38,16.46,-0.08,-0.486,57380.13,94090.571,0.5182,0.66,93.2765,5.2604,4093177.1894
688728.SH,2023-06-05,16.38,16.59,16.31,16.4,16.38,0.02,0.1221,53348.99,87714.622,0.4818,0.6,93.3904,5.2668,4098174.9637
688728.SH,2023-06-06,16.33,16.53,16.07,16.12,16.4,-0.28,-1.7073,71683.04,116904.317,0.6474,0.83,91.7959,5.1769,4028206.1229
688728.SH,2023-06-07,16.11,16.36,16.11,16.19,16.12,0.07,0.4342,57906.93,93821.492,0.523,0.67,92.1945,5.1994,4045698.3331
688728.SH,2023-06-08,16.17,16.26,15.47,15.61,16.19,-0.58,-3.5825,122674.27,192978.308,1.1079,1.92,88.8917,5.0131,3900762.8771
688728.SH,2023-06-09,15.63,16.81,15.25,16.36,15.61,0.75,4.8046,265678.21,429351.935,2.3995,3.66,93.1626,5.254,4088179.415
688728.SH,2023-06-12,16.4,17.01,16.38,16.83,16.36,0.47,2.8729,142252.08,239561.815,1.2847,1.25,95.839,5.4049,4205627.1122
688728.SH,2023-06-13,16.91,16.99,16.73,16.78,16.83,-0.05,-0.2971,67581.83,113737.171,0.6104,0.51,95.5543,5.3889,4193132.6763
688728.SH,2023-06-14,16.82,16.88,16.68,16.79,16.78,0.01,0.0596,46330.16,77784.596,0.4184,0.35,95.6113,5.3921,4195631.5635
688728.SH,2023-06-15,16.78,16.83,16.56,16.7,16.79,-0.09,-0.536,50454.42,84158.303,0.4557,0.39,95.0988,5.3632,4173141.5789
688728.SH,2023-06-16,16.6,16.83,16.6,16.83,16.7,0.13,0.7784,64594.2,108121.553,0.5834,0.56,95.839,5.4049,4205627.1122
688728.SH,2023-06-19,16.7,16.9,16.57,16.71,16.83,-0.12,-0.713,57883.68,96943.737,0.5228,0.78,95.1557,5.3664,4175640.4661
688728.SH,2023-06-20,16.71,16.71,16.22,16.35,16.71,-0.36,-2.1544,63149.41,103419.516,0.5703,1.1,93.1057,5.2508,4085680.5279
688728.SH,2023-06-21,16.3,16.4,15.77,15.86,16.35,-0.49,-2.9969,66179.62,105678.848,0.5977,1.17,90.3153,5.0934,3963235.0564
688728.SH,2023-06-26,15.77,15.88,15.52,15.67,15.86,-0.19,-1.198,50689.69,79513.223,0.4578,0.84,89.2334,5.0324,3915756.2001
688728.SH,2023-06-27,15.6,15.83,15.6,15.83,15.67,0.16,1.0211,29207.96,45991.464,0.2638,0.48,90.1445,5.0838,3955738.3949
688728.SH,2023-06-28,15.82,15.89,15.6,15.74,15.83,-0.09,-0.5685,31192.65,49083.794,0.2817,0.58,89.632,5.0549,3933248.4103
688728.SH,2023-06-29,15.74,15.95,15.67,15.7,15.74,-0.04,-0.2541,31363.77,49569.835,0.2833,0.65,89.4042,5.042,3923252.8616
688728.SH,2023-06-30,15.69,15.9,15.66,15.82,15.7,0.12,0.7643,31469.49,49724.171,0.2842,0.75,90.0876,5.0806,3953239.5077
688728.SH,2023-07-03,15.84,15.98,15.75,15.89,15.82,0.07,0.4425,34826.99,55352.965,0.3145,1.0,90.4862,5.103,3970731.7179
688728.SH,2023-07-04,15.94,16.32,15.83,16.17,15.89,0.28,1.7621,45720.36,73678.932,0.4129,1.45,92.0806,5.193,4040700.5587
688728.SH,2023-07-05,16.2,16.33,16.01,16.07,16.17,-0.1,-0.6184,44316.83,71594.818,0.4002,1.27,91.5112,5.1609,4015711.687
688728.SH,2023-07-06,16.02,16.22,15.97,16.01,16.07,-0.06,-0.3734,33275.31,53491.945,0.3005,0.89,91.1695,5.1416,4000718.364
688728.SH,2023-07-07,16.01,16.09,15.7,15.9,16.01,-0.11,-0.6871,32475.57,51615.33,0.2933,0.86,90.5431,5.1063,3973230.6051
688728.SH,2023-07-10,15.97,16.14,15.75,15.8,15.9,-0.1,-0.6289,32357.35,51562.524,0.2922,0.85,89.9737,5.0741,3948241.7333
688728.SH,2023-07-11,15.86,16.13,15.86,16.12,15.8,0.32,2.0253,40816.53,65395.479,0.3686,1.08,91.7959,5.1769,4028206.1229
688728.SH,2023-07-12,16.1,16.21,15.98,16.0,16.12,-0.12,-0.7444,41087.11,66096.471,0.3711,1.12,91.1126,5.1384,3998219.4768
688728.SH,2023-07-13,15.98,16.22,15.98,16.08,16.0,0.08,0.5,40483.5,65233.842,0.3656,1.12,91.5681,5.1641,4018210.5742
688728.SH,2023-07-14,16.1,16.24,16.03,16.08,16.08,0.0,0.0,40581.66,65348.166,0.3665,1.08,91.5681,5.1641,4018210.5742
688728.SH,2023-07-17,16.08,16.16,15.96,16.09,16.08,0.01,0.0622,34866.22,56016.07,0.3149,0.89,91.6251,5.1673,4020709.4614
688728.SH,2023-07-18,16.09,16.29,16.05,16.17,16.09,0.08,0.4972,41053.45,66517.345,0.3708,1.04,92.0806,5.193,4040700.5587
688728.SH,2023-07-19,16.14,16.25,15.99,16.07,16.17,-0.1,-0.6184,31576.54,50827.516,0.2852,0.8,91.5112,5.1609,4015711.687
688728.SH,2023-07-20,16.07,16.19,15.93,15.94,16.07,-0.13,-0.809,32465.85,52081.676,0.2932,0.86,90.7709,5.1191,3983226.1538
688728.SH,2023-07-21,15.96,16.15,15.92,16.13,15.94,0.19,1.192,39665.5,63800.174,0.3582,1.1,91.8529,5.1801,4030705.01
688728.SH,2023-07-24,16.13,16.29,16.04,16.06,16.13,-0.07,-0.434,31117.22,50277.008,0.281,0.87,91.4542,5.1576,4013212.7998
688728.SH,2023-07-25,16.14,16.17,16.01,16.08,16.06,0.02,0.1245,39411.7,63403.78,0.3559,1.12,91.5681,5.1641,4018210.5742
688728.SH,2023-07-26,16.03,16.16,16.03,16.08,16.08,0.0,0.0,28200.26,45374.509,0.2547,0.81,91.5681,5.1641,4018210.5742
688728.SH,2023-07-27,16.08,16.15,15.84,15.87,16.08,-0.21,-1.306,34441.14,55142.872,0.3111,1.01,90.3723,5.0966,3965733.9436
688728.SH,2023-07-28,15.82,16.0,15.81,15.97,15.87,0.1,0.6301,29813.97,47440.858,0.2693,0.86,90.9417,5.1287,3990722.8153
688728.SH,2023-07-31,16.0,16.18,16.0,16.06,15.97,0.09,0.5636,40114.22,64608.661,0.3623,1.23,91.4542,5.1576,4013212.7998
688728.SH,2023-08-01,16.1,16.12,15.92,16.04,16.06,-0.02,-0.1245,21408.31,34289.184,0.1933,0.62,94.9921,5.2463,4168461.8339
688728.SH,2023-08-02,16.08,16.08,15.85,15.93,16.04,-0.11,-0.6858,24581.45,39086.249,0.222,0.8,94.3407,5.2103,4139875.1255
688728.SH,2023-08-03,15.95,15.99,15.7,15.76,15.93,-0.17,-1.0672,32933.36,52019.545,0.2974,1.1,93.3339,5.1547,4095695.6672
688728.SH,2023-08-04,15.78,16.0,15.76,15.89,15.76,0.13,0.8249,26969.58,42937.906,0.2436,0.91,94.1038,5.1972,4129479.9589
688728.SH,2023-08-07,15.81,15.92,15.67,15.79,15.89,-0.1,-0.6293,24415.03,38503.477,0.2205,0.84,93.5116,5.1645,4103492.0422
688728.SH,2023-08-08,15.78,15.99,15.6,15.68,15.79,-0.11,-0.6966,25617.97,40306.952,0.2314,0.98,92.8601,5.1285,4074905.3339
688728.SH,2023-08-09,15.65,15.78,15.61,15.75,15.68,0.07,0.4464,16688.56,26234.877,0.1507,0.62,93.2747,5.1514,4093096.8755
688728.SH,2023-08-10,15.75,15.85,15.68,15.75,15.75,0.0,0.0,20064.2,31631.274,0.1812,0.79,93.2747,5.1514,4093096.8755
688728.SH,2023-08-11,15.71,15.81,15.26,15.4,15.75,-0.35,-2.2222,37746.84,58723.68,0.3409,1.66,91.2019,5.0369,4002139.1672
688728.SH,2023-08-14,15.4,15.55,15.16,15.52,15.37,0.15,0.9759,27368.75,42103.744,0.2472,1.1,91.9126,5.1278,4033324.6672
688728.SH,2023-08-15,15.56,15.78,15.49,15.74,15.52,0.22,1.4175,35895.99,56310.156,0.3242,1.41,93.2154,5.2005,4090498.0839
688728.SH,2023-08-16,15.67,15.83,15.56,15.65,15.74,-0.09,-0.5718,30536.9,48032.983,0.2758,1.11,92.6825,5.1707,4067108.9589
688728.SH,2023-08-17,15.53,15.74,15.35,15.63,15.65,-0.02,-0.1278,23114.38,35935.265,0.2088,0.76,92.564,5.1641,4061911.3755
688728.SH,2023-08-18,15.85,15.89,15.58,15.59,15.63,-0.04,-0.2559,36361.89,57304.545,0.3263,1.18,92.3271,5.1509,4051516.2089
688728.SH,2023-08-21,15.58,15.72,15.34,15.38,15.59,-0.21,-1.347,28916.91,44913.689,0.2595,0.94,91.0835,5.0815,3996941.5838
688728.SH,2023-08-22,15.54,15.56,14.97,15.17,15.38,-0.21,-1.3654,50110.33,75798.419,0.4497,1.62,89.8398,5.0121,3942366.9588
688728.SH,2023-08-23,15.14,15.2,14.96,14.96,15.17,-0.21,-1.3843,30281.59,45665.965,0.2718,0.9,88.5961,4.9428,3887792.3338
688728.SH,2023-08-24,15.0,15.05,14.47,14.47,14.96,-0.49,-3.2754,53912.21,79338.366,0.4839,1.6,85.6943,4.7809,3760451.5421
688728.SH,2023-08-25,14.44,14.58,13.44,13.53,14.47,-0.94,-6.4962,82073.3,112402.409,0.7366,2.06,80.1274,4.4703,3516165.1255
688728.SH,2023-08-28,14.2,14.33,13.79,13.8,13.53,0.27,1.9956,70137.96,98460.574,0.6295,1.43,81.7264,4.5595,3586332.5005
688728.SH,2023-08-29,13.8,14.33,13.65,14.17,13.8,0.37,2.6812,82799.57,116083.252,0.7431,1.44,83.9176,4.6817,3682487.7921
688728.SH,2023-08-30,14.56,15.02,14.41,14.98,14.17,0.81,5.7163,100848.34,149784.283,0.9051,1.58,88.7146,4.9034,3892989.9172
688728.SH,2023-08-31,14.88,15.2,14.81,15.17,14.98,0.19,1.2684,81039.85,122262.837,0.7273,1.04,89.8398,4.9656,3942366.9588
688728.SH,2023-09-01,15.19,15.3,14.89,15.29,15.17,0.12,0.791,49555.88,75188.195,0.4448,0.59,90.5505,5.0049,3973552.4588
688728.SH,2023-09-04,15.34,15.44,15.17,15.44,15.29,0.15,0.981,44789.48,68638.481,0.402,0.58,91.4388,5.054,4012534.3338
688728.SH,2023-09-05,15.46,15.67,15.31,15.5,15.44,0.06,0.3886,46249.9,71638.077,0.4151,0.64,91.7941,5.0736,4028127.0839
688728.SH,2023-09-06,15.54,15.63,15.32,15.6,15.5,0.1,0.6452,43541.73,67640.382,0.3908,0.68,92.3863,5.1064,4054115.0005
688728.SH,2023-09-07,15.69,15.69,15.24,15.26,15.6,-0.34,-2.1795,61038.59,94281.445,0.5478,1.15,90.3728,4.9951,3965756.0838
688728.SH,2023-09-08,15.25,15.37,15.04,15.1,15.26,-0.16,-1.0485,70426.14,106897.053,0.6321,1.44,89.4252,4.9427,3924175.4172
688728.SH,2023-09-11,15.19,15.51,15.05,15.2,15.1,0.1,0.6623,93905.11,143401.307,0.8428,1.76,90.0175,4.9754,3950163.3338
688728.SH,2023-09-12,15.19,15.28,14.98,15.12,15.2,-0.08,-0.5263,65018.98,98368.711,0.5835,1.03,89.5437,4.9492,3929373.0005
688728.SH,2023-09-13,15.18,15.18,14.95,15.05,15.12,-0.07,-0.463,51630.19,77627.564,0.4634,0.77,89.1291,4.9263,3911181.4588
688728.SH,2023-09-14,15.04,15.1,14.71,14.83,15.05,-0.22,-1.4618,45729.48,67670.502,0.4104,0.67,87.8262,4.8543,3854008.0422
688728.SH,2023-09-15,14.88,15.56,14.78,15.38,14.83,0.55,3.7087,149522.57,227746.807,1.342,2.29,91.0835,5.0344,3996941.5838
688728.SH,2023-09-18,15.12,15.28,14.82,15.05,15.38,-0.33,-2.1456,108864.62,164036.855,0.9771,1.34,89.1291,4.9263,3911181.4588
688728.SH,2023-09-19,15.16,15.16,14.71,14.95,15.05,-0.1,-0.6645,78706.58,117155.398,0.7064,0.94,88.5369,4.8936,3885193.5422
688728.SH,2023-09-20,14.88,15.08,14.81,14.96,14.95,0.01,0.0669,38457.32,57549.896,0.3452,0.44,88.5961,4.8969,3887792.3338
688728.SH,2023-09-21,14.85,15.15,14.85,15.07,14.96,0.11,0.7353,48230.1,72513.185,0.4329,0.57,89.2476,4.9329,3916379.0422
688728.SH,2023-09-22,15.08,15.58,14.89,15.58,15.07,0.51,3.3842,45956.18,69416.512,0.4125,0.54,92.2679,5.0998,4048917.4172
688728.SH,2023-09-25,15.3,15.32,14.75,15.05,15.58,-0.53,-3.4018,69659.55,104785.535,0.6252,1.09,89.1291,4.9263,3911181.4588
688728.SH,2023-09-26,15.13,15.13,14.9,15.03,15.05,-0.02,-0.1329,45354.43,68164.574,0.4071,0.81,89.0107,4.9198,3905983.8755
688728.SH,2023-09-27,15.02,15.09,14.9,14.95,15.03,-0.08,-0.5323,47195.28,70825.208,0.4236,0.95,88.5369,4.8936,3885193.5422
688728.SH,2023-09-28,14.95,15.36,14.94,15.36,14.95,0.41,2.7425,55032.21,83917.268,0.4939,1.07,90.965,5.0278,3991744.0005
688728.SH,2023-10-09,15.37,15.46,15.03,15.43,15.36,0.07,0.4557,37578.52,57376.159,0.3373,0.71,91.3796,5.0507,4009935.5422
688728.SH,2023-10-10,15.38,15.62,15.36,15.55,15.43,0.12,0.7777,44725.91,69530.489,0.4014,0.88,92.0902,5.09,4041121.0422
688728.SH,2023-10-11,15.59,16.05,15.54,16.01,15.55,0.46,2.9582,71985.06,114188.006,0.6461,1.57,94.8144,5.2406,4160665.4589
688728.SH,2023-10-12,16.0,16.37,15.98,16.23,16.01,0.22,1.3741,102012.92,165011.006,0.9156,1.99,96.1173,5.3126,4217838.8755
688728.SH,2023-10-13,16.2,16.43,16.07,16.3,16.23,0.07,0.4313,69293.03,112873.183,0.6219,1.11,96.5319,5.3355,4236030.4172
688728.SH,2023-10-16,16.5,16.66,16.16,16.25,16.3,-0.05,-0.3067,89686.86,146334.747,0.8049,1.38,96.2358,5.3191,4223036.4589
688728.SH,2023-10-17,16.24,16.34,16.03,16.11,16.25,-0.14,-0.8615,40647.59,65614.895,0.3648,0.54,95.4067,5.2733,4186653.3755
688728.SH,2023-10-18,16.21,16.4,15.93,16.19,16.11,0.08,0.4966,58614.61,94946.206,0.5261,0.78,95.8804,5.2995,4207443.7089
688728.SH,2023-10-19,16.1,16.31,15.98,16.01,16.19,-0.18,-1.1118,48266.89,77767.595,0.4332,0.67,94.8144,5.2406,4160665.4589
688728.SH,2023-10-20,16.0,16.08,15.9,15.99,16.01,-0.02,-0.1249,48880.34,78162.945,0.4387,0.8,94.696,5.234,4155467.8755
688728.SH,2023-10-23,15.99,16.32,15.8,16.1,15.99,0.11,0.6879,71257.79,115016.22,0.6395,1.25,95.3474,5.27,4184054.5839
688728.SH,2023-10-24,16.19,16.72,16.01,16.64,16.1,0.54,3.354,88349.95,145400.03,0.7929,1.65,98.5454,5.4468,4324389.3339
688728.SH,2023-10-25,16.7,16.95,16.29,16.83,16.64,0.19,1.1418,74653.93,124648.399,0.67,1.18,99.6706,5.509,4373766.3756
688728.SH,2023-10-26,16.69,17.3,16.66,17.28,16.83,0.45,2.6738,104443.88,178584.834,0.9374,1.58,102.3356,5.6563,4490712.0006
688728.SH,2023-10-27,17.28,18.18,16.81,17.97,17.28,0.69,3.9931,216624.03,384033.563,1.9442,2.79,106.422,5.8821,4670028.6256
688728.SH,2023-10-30,17.78,19.18,17.51,18.96,17.97,0.99,5.5092,343034.33,642559.621,3.0788,3.09,112.2849,6.1972,4927309.0006
688728.SH,2023-10-31,19.03,19.1,18.2,18.41,18.96,-0.55,-2.9008,153883.74,286641.969,1.3811,0.93,109.0277,6.0174,4784375.4589
688728.SH,2023-11-01,18.4,18.75,18.23,18.63,18.41,0.22,1.195,94535.78,175205.472,0.8485,0.53,110.3306,6.0893,4841548.8756
688728.SH,2023-11-02,18.56,19.55,18.56,19.12,18.63,0.49,2.6302,205179.59,394677.635,1.8415,1.12,113.2325,6.2495,4968889.6673
688728.SH,2023-11-03,19.04,19.39,18.79,18.88,19.12,-0.24,-1.2552,155062.1,294277.099,1.3917,0.77,111.8112,6.171,4906518.6673
688728.SH,2023-11-06,19.0,20.14,18.94,19.96,18.88,1.08,5.7203,199295.95,393942.504,1.7887,1.05,118.2071,6.524,5187188.1673
688728.SH,2023-11-07,19.99,20.28,19.8,20.03,19.96,0.07,0.3507,123415.45,247382.306,1.1077,0.76,118.6217,6.5469,5205379.709
688728.SH,2023-11-08,20.08,20.08,19.21,19.35,20.03,-0.68,-3.3949,132399.35,258762.291,1.1883,0.85,114.5946,6.3247,5028661.8756
688728.SH,2023-11-09,19.4,19.4,18.88,19.0,19.35,-0.35,-1.8088,118119.46,224610.443,1.0601,0.72,112.5218,6.2103,4937704.1673
688728.SH,2023-11-10,18.93,19.11,18.79,18.99,19.0,-0.01,-0.0526,69315.98,131611.451,0.6221,0.48,112.4626,6.207,4935105.3756
688728.SH,2023-11-13,18.99,19.28,18.77,19.06,18.99,0.07,0.3686,76442.16,145341.669,0.6861,0.59,112.8772,6.2299,4953296.9173
688728.SH,2023-11-14,19.03,19.3,18.7,19.19,19.06,0.13,0.6821,86343.35,164900.77,0.7749,0.83,113.647,6.2724,4987081.209
688728.SH,2023-11-15,19.43,19.63,19.13,19.43,19.19,0.24,1.2507,90109.52,175027.305,0.8087,0.93,115.0684,6.3508,5049452.209
688728.SH,2023-11-16,19.39,19.53,19.08,19.4,19.43,-0.03,-0.1544,56275.13,108766.656,0.5051,0.64,114.8907,6.341,5041655.834
688728.SH,2023-11-17,19.26,19.45,19.06,19.25,19.4,-0.15,-0.7732,41802.13,80367.82,0.3752,0.55,114.0811,6.2941,5006129.334
688728.SH,2023-11-20,19.28,19.67,19.02,19.5,19.25,0.25,1.2987,64150.57,124897.321,0.5758,0.91,115.5627,6.3759,5071144.0007
688728.SH,2023-11-21,19.42,19.73,19.42,19.48,19.5,-0.02,-0.1026,42525.56,83336.873,0.3817,0.63,115.4442,6.3694,5065942.8273
688728.SH,2023-11-22,19.51,19.61,19.31,19.33,19.48,-0.15,-0.77,45309.93,88207.192,0.4067,0.77,114.5552,6.3203,5026934.0273
688728.SH,2023-11-23,19.38,19.67,19.32,19.47,19.33,0.14,0.7243,34392.31,67159.8,0.3087,0.69,115.3849,6.3661,5063342.2406
688728.SH,2023-11-24,19.47,19.98,19.36,19.64,19.47,0.17,0.8731,79896.23,157791.615,0.7171,1.75,116.3924,6.4217,5107552.214
688728.SH,2023-11-27,19.66,20.9,19.58,20.64,19.64,1.0,5.0916,169317.02,346493.033,1.5196,3.18,122.3187,6.7486,5367610.8807
688728.SH,2023-11-28,20.68,20.91,19.97,20.12,20.64,-0.52,-2.5194,98439.36,200177.336,0.8835,1.33,119.237,6.5786,5232380.374
688728.SH,2023-11-29,20.4,21.4,20.35,20.86,20.12,0.74,3.6779,132715.27,278721.975,1.1911,1.55,123.6224,6.8206,5424823.7874
688728.SH,2023-11-30,20.75,21.0,20.47,20.53,20.86,-0.33,-1.582,89790.99,185417.814,0.8059,0.87,121.6668,6.7127,5339004.4274
688728.SH,2023-12-01,20.9,20.9,20.33,20.64,20.53,0.11,0.5358,83711.49,172552.51,0.7513,0.73,122.3187,6.7486,5367610.8807
688728.SH,2023-12-04,20.64,20.85,20.12,20.2,20.64,-0.44,-2.1318,89014.51,182237.729,0.7989,0.78,119.7111,6.6048,5253185.0673
688728.SH,2023-12-05,20.15,20.36,19.82,20.18,20.2,-0.02,-0.099,92099.59,184980.493,0.8266,0.93,119.5926,6.5982,5247983.894
688728.SH,2023-12-06,20.11,20.55,19.96,20.08,20.18,-0.1,-0.4955,92512.26,186340.87,0.8303,0.95,118.9999,6.5655,5221978.0273
688728.SH,2023-12-07,20.0,20.23,19.5,19.84,20.08,-0.24,-1.1952,145926.77,288695.406,1.3097,1.63,117.5776,6.4871,5159563.9473
688728.SH,2023-12-08,19.79,21.14,19.73,20.21,19.84,0.37,1.8649,330605.07,677171.98,2.9672,3.28,119.7704,6.608,5255785.654
688728.SH,2023-12-11,20.23,20.88,20.14,20.75,20.21,0.54,2.6719,121527.52,249043.255,1.0907,0.81,122.9706,6.7846,5396217.334
688728.SH,2023-12-12,20.66,21.56,20.53,21.46,20.75,0.71,3.4217,119735.63,252589.151,1.0746,0.76,127.1782,7.0167,5580858.9874
688728.SH,2023-12-13,21.47,21.96,21.22,21.67,21.46,0.21,0.9786,102949.38,223792.873,0.924,0.64,128.4227,7.0854,5635471.3074
688728.SH,2023-12-14,21.66,21.78,21.17,21.2,21.67,-0.47,-2.1689,81022.88,173184.778,0.7272,0.49,125.6374,6.9317,5513243.734
688728.SH,2023-12-15,21.19,21.28,20.71,20.99,21.2,-0.21,-0.9906,85151.35,178120.501,0.7642,0.56,124.3929,6.8631,5458631.414
688728.SH,2023-12-18,20.77,20.97,20.46,20.8,20.99,-0.19,-0.9052,58712.01,121984.699,0.5269,0.58,123.2669,6.801,5409220.2674
688728.SH,2023-12-19,20.9,21.07,20.62,20.8,20.8,0.0,0.0,53996.73,112580.492,0.4846,0.6,123.2669,6.801,5409220.2674
688728.SH,2023-12-20,20.91,20.97,20.65,20.8,20.8,0.0,0.0,59876.28,124677.985,0.5374,0.78,123.2669,6.801,5409220.2674
688728.SH,2023-12-21,20.82,21.07,20.39,21.04,20.8,0.24,1.1538,63357.46,131745.407,0.5686,0.94,124.6892,6.8794,5471634.3474
688728.SH,2023-12-22,21.0,21.1,20.3,20.43,21.04,-0.61,-2.8992,73763.71,151914.673,0.662,1.15,121.0741,6.68,5312998.5607
688728.SH,2023-12-25,20.28,20.77,20.23,20.49,20.43,0.06,0.2937,45816.97,94076.593,0.4112,0.74,121.4297,6.6996,5328602.0807
688728.SH,2023-12-26,20.35,20.63,19.65,19.73,20.49,-0.76,-3.7091,81331.94,161912.236,0.73,1.37,116.9257,6.4511,5130957.494
688728.SH,2023-12-27,19.7,20.35,19.67,20.21,19.73,0.48,2.4328,98119.54,196734.036,0.8806,1.51,119.7704,6.608,5255785.654
688728.SH,2023-12-28,20.24,20.72,20.1,20.56,20.21,0.35,1.7318,69419.82,142409.623,0.623,0.96,121.8446,6.7225,5346806.1874
688728.SH,2023-12-29,20.65,20.69,20.13,20.47,20.56,-0.09,-0.4377,83424.92,170206.784,0.7487,1.13,121.3112,6.6931,5323400.9073
688728.SH,2024-01-02,20.58,21.26,20.33,20.89,20.47,0.42,2.0518,71933.0,150883.477,0.6456,0.95,123.8002,6.8304,5432625.5474
688728.SH,2024-01-03,20.97,20.97,19.86,19.96,20.89,-0.93,-4.4519,86120.22,173811.613,0.7729,1.07,118.2888,6.5263,5190770.9873
688728.SH,2024-01-04,20.3,20.3,19.84,19.86,19.96,-0.1,-0.501,54396.11,108992.603,0.4882,0.66,117.6962,6.4936,5164765.1207
688728.SH,2024-01-05,19.84,20.31,19.76,20.21,19.86,0.35,1.7623,64740.4,130328.515,0.581,0.89,119.7704,6.608,5255785.654
688728.SH,2024-01-08,20.09,20.28,19.38,19.61,20.21,-0.6,-2.9688,71375.5,140376.416,0.6406,0.99,116.2146,6.4119,5099750.454
688728.SH,2024-01-09,19.72,19.78,19.02,19.15,19.61,-0.46,-2.3457,85938.09,165325.431,0.7713,1.23,113.4885,6.2615,4980123.4673
688728.SH,2024-01-10,19.28,19.64,18.91,19.07,19.15,-0.08,-0.4178,76329.21,146158.501,0.6851,1.05,113.0144,6.2353,4959318.774
688728.SH,2024-01-11,19.07,19.23,18.32,18.76,19.07,-0.31,-1.6256,118470.17,222614.764,1.0633,1.68,111.1772,6.1339,4878700.5873
688728.SH,2024-01-12,18.8,19.21,18.6,18.89,18.76,0.13,0.693,59616.92,113336.755,0.5351,0.72,111.9477,6.1764,4912508.214
688728.SH,2024-01-15,18.83,19.08,18.47,18.88,18.89,-0.01,-0.0529,57402.75,108106.631,0.5152,0.7,111.8884,6.1732,4909907.6273
688728.SH,2024-01-16,18.8,18.89,18.39,18.64,18.88,-0.24,-1.2712,44632.12,82922.282,0.4006,0.56,110.4661,6.0947,4847493.5473
688728.SH,2024-01-17,18.7,18.87,18.06,18.18,18.64,-0.46,-2.4678,40348.8,74661.021,0.3621,0.57,107.74,5.9443,4727866.5606
688728.SH,2024-01-18,18.04,18.28,17.6,18.01,18.18,-0.17,-0.9351,66733.72,119145.458,0.5989,1.04,106.7325,5.8887,4683656.5873
688728.SH,2024-01-19,18.14,18.35,17.81,18.19,18.01,0.18,0.9994,68781.78,125145.723,0.6173,1.28,107.7992,5.9476,4730467.1473
688728.SH,2024-01-22,18.29,18.29,17.21,17.25,18.19,-0.94,-5.1677,65939.66,116807.599,0.5918,1.19,102.2285,5.6402,4486012.0006
688728.SH,2024-01-23,17.26,17.87,17.05,17.69,17.25,0.44,2.5507,68977.86,121049.523,0.6191,1.2,104.8361,5.7841,4600437.8139
688728.SH,2024-01-24,17.68,17.79,17.11,17.73,17.69,0.04,0.2261,57033.31,99694.583,0.5119,0.92,105.0732,5.7972,4610840.1606
688728.SH,2024-01-25,17.73,18.09,17.38,17.43,17.73,-0.3,-1.692,79521.61,140277.102,0.7137,1.21,103.2953,5.6991,4532822.5606
688728.SH,2024-01-26,17.42,17.77,17.14,17.2,17.43,-0.23,-1.3196,62528.79,109246.865,0.5612,0.92,101.9322,5.6239,4473009.0672
688728.SH,2024-01-29,17.31,17.67,16.91,16.98,17.2,-0.22,-1.2791,49347.44,84394.964,0.4429,0.74,100.6284,5.5519,4415796.1606
688728.SH,2024-01-30,16.98,16.98,16.35,16.66,16.98,-0.32,-1.8846,43085.61,71962.313,0.3867,0.68,98.732,5.4473,4332577.3872
688728.SH,2024-01-31,16.4,16.74,16.03,16.37,16.66,-0.29,-1.7407,76450.25,125749.337,0.6861,1.31,97.0134,5.3525,4257160.3739
688728.SH,2024-02-01,16.65,16.65,16.01,16.25,16.37,-0.12,-0.733,66084.2,107412.405,0.5931,1.06,96.3022,5.3132,4225953.3339
688728.SH,2024-02-02,16.33,16.51,15.48,15.92,16.25,-0.33,-2.0308,76798.8,122524.739,0.6893,1.29,94.3466,5.2053,4140133.9739
688728.SH,2024-02-05,15.97,17.4,14.83,16.5,15.92,0.58,3.6432,133230.41,212281.604,1.1957,2.14,97.7838,5.395,4290968.0006
688728.SH,2024-02-06,16.62,17.89,15.82,17.88,16.5,1.38,8.3636,134474.72,225933.372,1.2069,1.7,105.9621,5.8462,4649848.9606
688728.SH,2024-02-07,17.8,20.16,17.62,19.96,17.88,2.08,11.6331,188235.17,360920.654,1.6894,1.93,118.2888,6.5263,5190770.9873
688728.SH,2024-02-08,20.16,21.66,19.63,19.88,19.96,-0.08,-0.4008,160237.5,333265.247,1.4381,1.34,117.8147,6.5001,5169966.294
688728.SH,2024-02-19,20.25,20.25,18.14,18.68,19.88,-1.2,-6.0362,176918.24,333510.409,1.5879,1.28,110.7031,6.1078,4857895.894
688728.SH,2024-02-20,18.55,18.62,17.95,18.3,18.68,-0.38,-2.0343,89773.91,163924.604,0.8057,0.57,108.4511,5.9835,4759073.6006
688728.SH,2024-02-21,18.3,18.77,18.02,18.19,18.3,-0.11,-0.6011,86016.91,158148.223,0.772,0.57,107.7992,5.9476,4730467.1473
688728.SH,2024-02-22,18.18,18.32,17.86,18.13,18.19,-0.06,-0.3299,67760.42,122138.489,0.6082,0.48,107.4437,5.9279,4714863.6273
688728.SH,2024-02-23,18.16,18.22,17.73,18.13,18.13,0.0,0.0,75854.21,136301.038,0.6808,0.65,107.4437,5.9279,4714863.6273
688728.SH,2024-02-26,18.12,19.09,17.83,18.9,18.13,0.77,4.2471,128880.36,238960.917,1.1567,1.3,112.0069,6.1797,4915108.8006
688728.SH,2024-02-27,18.77,19.02,18.55,18.98,18.9,0.08,0.4233,92857.44,174395.577,0.8334,1.04,112.481,6.2059,4935913.494
688728.SH,2024-02-28,19.24,19.29,18.46,18.46,18.98,-0.52,-2.7397,99937.38,189607.1,0.8969,1.11,109.3993,6.0358,4800682.9873
688728.SH,2024-02-29,18.48,19.75,18.48,19.75,18.46,1.29,6.9881,123548.29,236534.136,1.1089,1.33,117.0443,6.5165,5136158.6673
688728.SH,2024-03-01,19.75,19.97,19.45,19.55,19.75,-0.2,-1.0127,83093.14,163617.573,0.7458,0.8,115.859,6.4505,5084146.934
688728.SH,2024-03-04,19.72,19.97,19.42,19.72,19.55,0.17,0.8696,79113.29,156292.954,0.71,0.75,116.8665,6.5066,5128356.9073
688728.SH,2024-03-05,19.62,19.88,19.36,19.62,19.72,-0.1,-0.5071,92139.25,180700.95,0.827,0.96,116.2738,6.4736,5102351.0407
688728.SH,2024-03-06,19.68,19.74,19.06,19.07,19.62,-0.55,-2.8033,73215.23,141183.62,0.6571,0.77,113.0144,6.2922,4959318.774
688728.SH,2024-03-07,19.15,19.33,18.25,18.27,19.07,-0.8,-4.1951,96001.02,179395.597,0.8616,1.06,108.2734,6.0282,4751271.8406
688728.SH,2024-03-08,18.26,18.54,18.1,18.45,18.27,0.18,0.9852,80631.17,148057.293,0.7237,0.95,109.3401,6.0876,4798082.4006
688728.SH,2024-03-11,18.33,18.53,18.1,18.47,18.45,0.02,0.1084,66473.02,121857.992,0.5966,0.79,109.4586,6.0942,4803283.5739
688728.SH,2024-03-12,18.55,18.72,18.24,18.58,18.47,0.11,0.5956,66814.75,123585.435,0.5997,0.82,110.1105,6.1305,4831890.0273
688728.SH,2024-03-13,18.78,18.83,18.21,18.65,18.58,0.07,0.3767,92493.19,171703.072,0.8301,1.21,110.5253,6.1536,4850094.134
688728.SH,2024-03-14,18.53,18.76,18.21,18.26,18.65,-0.39,-2.0912,69073.27,127663.823,0.6199,0.86,108.2141,6.0249,4748671.2539
688728.SH,2024-03-15,18.2,18.7,18.15,18.7,18.26,0.44,2.4096,80439.13,148100.956,0.7219,1.07,110.8217,6.1701,4863097.0673
688728.SH,2024-03-18,18.65,18.72,18.27,18.6,18.7,-0.1,-0.5348,72006.58,132822.735,0.6463,0.96,110.229,6.1371,4837091.2006
688728.SH,2024-03-19,18.58,19.34,18.47,18.82,18.6,0.22,1.1828,83865.88,159024.826,0.7527,1.1,111.5328,6.2097,4894304.1073
688728.SH,2024-03-20,18.95,19.05,18.33,18.65,18.82,-0.17,-0.9033,69841.07,129902.419,0.6268,0.88,110.5253,6.1536,4850094.134
688728.SH,2024-03-21,18.8,18.8,18.05,18.05,18.65,-0.6,-3.2172,87732.48,160640.598,0.7874,1.17,106.9696,5.9556,4694058.9339
688728.SH,2024-03-22,18.17,18.27,17.78,17.78,18.05,-0.27,-1.4958,70067.23,126127.29,0.6289,0.89,105.3695,5.8665,4623843.0939
688728.SH,2024-03-25,17.88,17.88,17.14,17.25,17.78,-0.53,-2.9809,66184.75,116132.615,0.594,0.86,102.2285,5.6917,4486012.0006
688728.SH,2024-03-26,17.29,17.37,16.85,16.85,17.25,-0.4,-2.3188,59050.79,100918.752,0.53,0.78,99.858,5.5597,4381988.5339
688728.SH,2024-03-27,16.89,16.93,16.23,16.28,16.85,-0.57,-3.3828,54520.83,89976.042,0.4893,0.77,96.48,5.3716,4233755.0939
688728.SH,2024-03-28,16.26,17.09,16.23,16.72,16.28,0.44,2.7027,72194.04,121217.2,0.6479,1.07,99.0876,5.5168,4348180.9072
688728.SH,2024-03-29,16.59,16.88,16.59,16.7,16.72,-0.02,-0.1196,38733.3,64836.736,0.3476,0.6,98.9691,5.5102,4342979.7339
688728.SH,2024-04-01,16.8,17.49,16.7,17.48,16.7,0.78,4.6707,58646.99,100954.24,0.5264,1.01,103.5916,5.7675,4545825.4939
688728.SH,2024-04-02,17.38,17.45,16.88,17.12,17.48,-0.36,-2.0595,54740.32,93706.834,0.4913,0.97,101.4581,5.6488,4452204.3739
688728.SH,2024-04-03,17.18,17.33,16.62,17.13,17.12,0.01,0.0584,70117.54,119119.047,0.6293,1.26,101.5174,5.6521,4454804.9606
688728.SH,2024-04-08,17.03,17.08,16.33,16.38,17.13,-0.75,-4.3783,66105.48,109370.847,0.5933,1.12,97.0727,5.4046,4259760.9605
688728.SH,2024-04-09,16.18,16.48,15.95,16.31,16.38,-0.07,-0.4274,70732.91,114566.299,0.6348,1.23,96.6578,5.3815,4241556.8539
688728.SH,2024-04-10,16.17,16.3,15.95,16.0,16.31,-0.31,-1.9007,38889.58,62507.187,0.349,0.61,94.8207,5.2792,4160938.6672
688728.SH,2024-04-11,16.07,16.23,15.81,15.85,16.0,-0.15,-0.9375,45540.61,72908.338,0.4087,0.76,93.9317,5.2297,4121929.8672
688728.SH,2024-04-12,15.85,16.03,15.58,15.8,15.85,-0.05,-0.3155,55761.58,87941.959,0.5005,0.96,93.6354,5.2132,4108926.9339
688728.SH,2024-04-15,15.9,16.18,15.55,15.84,15.8,0.04,0.2532,61050.37,96894.257,0.5479,1.1,93.8725,5.2264,4119329.2805
688728.SH,2024-04-16,15.67,15.94,15.31,15.31,15.84,-0.53,-3.346,57515.03,89652.67,0.5162,1.06,90.7315,5.0515,3981498.1872
688728.SH,2024-04-17,15.53,15.89,15.31,15.87,15.31,0.56,3.6577,65348.82,102258.168,0.5865,1.26,94.0503,5.2363,4127131.0405
688728.SH,2024-04-18,15.81,15.96,15.44,15.63,15.87,-0.24,-1.5123,54289.35,85193.778,0.4872,0.95,92.6279,5.1571,4064716.9605
688728.SH,2024-04-19,15.67,15.67,15.3,15.4,15.63,-0.23,-1.4715,55214.66,85518.314,0.4956,0.94,91.2649,5.0812,4004903.4672
688728.SH,2024-04-22,15.4,15.65,15.13,15.45,15.4,0.05,0.3247,43455.11,67171.575,0.39,0.74,91.5612,5.0977,4017906.4005
688728.SH,2024-04-23,15.4,15.71,15.16,15.16,15.45,-0.29,-1.877,47093.03,72121.293,0.4227,0.85,89.8426,5.0021,3942489.3872
688728.SH,2024-04-24,15.15,15.31,15.08,15.18,15.16,0.02,0.1319,29430.44,44711.506,0.2641,0.55,89.9611,5.0087,3947690.5605
688728.SH,2024-04-25,15.31,15.47,15.05,15.15,15.18,-0.03,-0.1976,46743.23,71142.847,0.4195,1.02,89.7833,4.9988,3939888.8005
688728.SH,2024-04-26,15.14,15.95,15.14,15.92,15.15,0.77,5.0825,78012.3,122405.542,0.7002,1.76,94.3466,5.2528,4140133.9739
688728.SH,2024-04-29,16.03,17.07,16.03,16.93,15.92,1.01,6.3442,123639.42,206496.536,1.1097,2.53,912.5906,5.5874,4402793.2272
688728.SH,2024-04-30,16.77,17.0,16.41,16.59,16.93,-0.34,-2.0083,66278.75,110215.928,0.5949,1.02,894.2633,5.4679,4314373.2806
688728.SH,2024-05-06,16.5,17.09,16.21,16.3,16.59,-0.29,-1.748,107989.51,179364.63,0.9692,1.57,878.6312,5.3723,4238956.2672
688728.SH,2024-05-07,16.35,16.37,15.98,16.09,16.3,-0.21,-1.2883,81873.21,132179.054,0.7348,0.97,867.3115,5.3031,4184343.9472
688728.SH,2024-05-08,16.11,16.23,15.47,15.54,16.09,-0.55,-3.4183,86926.71,136818.037,0.7802,0.95,837.6644,5.1219,4041311.6805
688728.SH,2024-05-09,15.53,15.83,15.47,15.76,15.54,0.22,1.4157,83685.38,131211.404,0.7511,0.9,849.5232,5.1944,4098524.5872
688728.SH,2024-05-10,15.86,15.9,15.0,15.16,15.76,-0.6,-3.8071,115545.0,175878.858,1.037,1.35,817.181,4.9966,3942489.3872
688728.SH,2024-05-13,15.1,15.21,14.52,14.6,15.16,-0.56,-3.6939,128107.54,188616.676,1.1498,1.35,786.9949,4.812,3796856.5338
688728.SH,2024-05-14,14.71,14.97,14.36,14.44,14.6,-0.16,-1.0959,102182.3,148494.429,0.9171,1.03,778.3703,4.7593,3755247.1471
688728.SH,2024-05-15,14.44,14.54,14.09,14.13,14.44,-0.31,-2.1468,77867.38,111248.521,0.6989,0.75,761.6601,4.6571,3674628.9605
688728.SH,2024-05-16,14.14,14.39,13.87,13.91,14.13,-0.22,-1.557,96401.85,136048.605,0.8652,0.95,749.8013,4.5846,3617416.0538
688728.SH,2024-05-17,13.93,14.17,13.84,14.16,13.91,0.25,1.7973,87766.0,123302.488,0.7877,0.84,763.2772,4.667,3682430.7205
688728.SH,2024-05-20,14.16,14.39,13.81,13.9,14.16,-0.26,-1.8362,152601.5,214109.887,1.3696,1.55,749.2622,4.5813,3614815.4671
688728.SH,2024-05-21,13.95,13.97,13.57,13.68,13.9,-0.22,-1.5827,89634.88,122834.548,0.8045,0.87,737.4034,4.5088,3557602.5605
688728.SH,2024-05-22,13.76,13.9,13.31,13.55,13.68,-0.13,-0.9503,133044.47,179039.625,1.1941,1.32,730.3959,4.466,3523794.9338
688728.SH,2024-05-23,13.62,13.65,13.02,13.12,13.55,-0.43,-3.1734,168452.35,223120.409,1.5119,1.51,707.2173,4.3242,3411969.7071
688728.SH,2024-05-24,13.04,13.33,12.98,13.0,13.12,-0.12,-0.9146,110196.77,144375.651,0.989,0.87,700.7488,4.2847,3380762.6671
688728.SH,2024-05-27,13.03,13.17,12.58,13.11,13.0,0.11,0.8462,128228.36,164456.44,1.1509,0.98,706.6783,4.321,3409369.1204
688728.SH,2024-05-28,13.09,13.51,12.9,13.24,13.11,0.13,0.9916,141065.41,187197.323,1.2661,1.12,713.6857,4.3638,3443176.7471
688728.SH,2024-05-29,13.26,13.46,13.13,13.22,13.24,-0.02,-0.1511,90988.71,120689.135,0.8166,0.67,712.6077,4.3572,3437975.5738
688728.SH,2024-05-30,13.18,13.56,12.99,13.4,13.22,0.18,1.3616,116983.91,156025.606,1.0499,0.92,722.3103,4.4165,3484786.1338
688728.SH,2024-05-31,13.47,13.64,13.31,13.54,13.4,0.14,1.0448,158809.18,213813.058,1.4253,1.35,729.8569,4.4627,3521194.3471
688728.SH,2024-06-03,13.41,13.43,12.87,12.98,13.54,-0.56,-4.1359,192182.7,251470.999,1.7248,1.51,699.6708,4.2781,3375561.4938
688728.SH,2024-06-04,13.13,13.23,12.93,13.11,12.98,0.13,1.0015,130598.57,170743.494,1.1721,0.93,706.6783,4.321,3409369.1204
688728.SH,2024-06-05,13.09,13.29,13.06,13.13,13.11,0.02,0.1526,94465.12,124429.25,0.8478,0.68,707.7563,4.3275,3414570.2938
688728.SH,2024-06-06,13.24,13.49,12.9,12.95,13.13,-0.18,-1.3709,117361.53,154047.217,1.0533,0.85,698.0537,4.2682,3367759.7338
688728.SH,2024-06-07,12.95,13.18,12.94,13.03,12.95,0.08,0.6178,93148.8,121503.256,0.836,0.67,702.366,4.2946,3388564.4271
688728.SH,2024-06-11,13.09,13.49,12.83,13.46,13.03,0.43,3.3001,142216.71,188763.485,1.2764,1.13,725.5446,4.4363,3500389.6538
688728.SH,2024-06-12,13.46,13.68,13.42,13.49,13.46,0.03,0.2229,111299.75,150524.252,0.9989,0.96,727.1617,4.4462,3508191.4138
688728.SH,2024-06-13,13.6,13.98,13.46,13.77,13.49,0.28,2.0756,191530.84,263186.623,1.719,1.71,742.2547,4.5385,3581007.8405
688728.SH,2024-06-14,13.78,13.78,13.29,13.36,13.77,-0.41,-2.9775,263557.12,354318.823,2.3654,2.01,720.1542,4.4033,3474383.7871
688728.SH,2024-06-17,13.4,13.67,13.08,13.49,13.36,0.13,0.9731,163813.57,220176.129,1.4702,1.02,727.1617,4.4462,3508191.4138
688728.SH,2024-06-18,13.5,13.61,13.41,13.56,13.49,0.07,0.5189,118459.98,160124.863,1.0632,0.68,730.935,4.4693,3526395.5205
688728.SH,2024-06-19,13.57,13.67,13.15,13.23,13.56,-0.33,-2.4336,150975.01,200881.833,1.355,0.89,713.1467,4.3605,3440576.1604
688728.SH,2024-06-20,13.26,13.84,13.19,13.56,13.23,0.33,2.4943,254419.29,345639.127,2.2834,1.43,730.935,4.4693,3526395.5205
688728.SH,2024-06-21,13.49,13.5,13.17,13.35,13.56,-0.21,-1.5487,150763.09,201050.544,1.3531,0.79,719.6152,4.4001,3471783.2004
688728.SH,2024-06-24,13.15,13.32,12.66,12.72,13.35,-0.63,-4.7191,167532.06,217895.18,1.5036,1.0,685.6558,4.1924,3307946.2404
688728.SH,2024-06-25,12.72,12.82,11.98,12.09,12.72,-0.63,-4.9528,192312.31,235727.616,1.726,1.14,651.6964,3.9848,3144109.2804
688728.SH,2024-06-26,12.19,12.46,11.93,12.35,12.09,0.26,2.1505,118674.05,144323.664,1.0651,0.65,665.7114,4.0705,3211724.5337
688728.SH,2024-06-27,12.32,12.45,11.94,11.95,12.35,-0.4,-3.2389,96869.13,117739.702,0.8694,0.55,644.1499,3.9386,3107701.0671
688728.SH,2024-06-28,12.0,12.33,11.9,12.11,11.95,0.16,1.3389,97804.95,119089.521,0.8778,0.67,652.7745,3.9914,3149310.4537
688728.SH,2024-07-01,12.06,12.06,11.69,11.89,12.11,-0.22,-1.8167,82454.26,97517.989,0.74,0.61,640.9157,3.9188,3092097.5471
688728.SH,2024-07-02,11.85,11.95,11.67,11.71,11.89,-0.18,-1.5139,75665.37,89282.432,0.6791,0.64,631.213,3.8595,3045286.9871
688728.SH,2024-07-03,11.6,11.88,11.53,11.71,11.71,0.0,0.0,87131.1,101922.272,0.782,0.92,631.213,3.8595,3045286.9871
688728.SH,2024-07-04,11.71,11.75,11.35,11.38,11.71,-0.33,-2.8181,89795.15,103376.024,0.8059,1.02,613.4248,3.7508,2959467.627
688728.SH,2024-07-05,11.39,11.62,11.3,11.55,11.38,0.17,1.4938,68885.7,79003.978,0.6183,0.8,622.5884,3.8068,3003677.6004
688728.SH,2024-07-08,11.61,11.76,11.38,11.43,11.55,-0.12,-1.039,83647.66,96420.919,0.7507,1.04,616.1199,3.7672,2972470.5604
688728.SH,2024-07-09,11.39,11.87,11.31,11.83,11.43,0.4,3.4996,110670.18,128852.268,0.9933,1.37,637.6814,3.8991,3076494.0271
688728.SH,2024-07-10,11.8,12.13,11.76,12.08,11.83,0.25,2.1133,93021.44,111639.719,0.8349,1.06,651.1574,3.9815,3141508.6937
688728.SH,2024-07-11,12.35,12.54,12.21,12.51,12.08,0.43,3.5596,159545.85,197573.45,1.4319,1.79,674.336,4.1232,3253333.9204
688728.SH,2024-07-12,12.45,12.55,12.33,12.48,12.51,-0.03,-0.2398,73816.13,91864.638,0.6625,0.72,672.7189,4.1133,3245532.1604
688728.SH,2024-07-15,12.58,12.8,12.32,12.38,12.48,-0.1,-0.8013,75531.65,94617.306,0.6779,0.73,667.3285,4.0803,3219526.2937
688728.SH,2024-07-16,12.36,12.67,12.35,12.6,12.38,0.22,1.7771,105647.81,132357.211,0.9482,1.03,679.1873,4.1529,3276739.2004
688728.SH,2024-07-17,12.62,12.78,12.36,12.4,12.6,-0.2,-1.5873,83381.97,104059.849,0.7484,0.82,668.4066,4.0869,3224727.4671
688728.SH,2024-07-18,12.29,12.33,11.99,12.19,12.4,-0.21,-1.6935,93435.13,113576.896,0.8386,0.94,657.0868,4.0177,3170115.1471
688728.SH,2024-07-19,12.1,12.58,12.02,12.45,12.19,0.26,2.1329,110991.69,137185.859,0.9962,1.29,671.1018,4.1034,3237730.4004
688728.SH,2024-07-22,12.33,12.54,12.2,12.36,12.45,-0.09,-0.7229,114043.95,141241.623,1.0236,1.22,666.2504,4.0738,3214325.1204
688728.SH,2024-07-23,12.34,12.35,11.75,11.76,12.36,-0.6,-4.8544,85684.8,103344.474,0.769,0.84,633.9082,3.876,3058289.9204
688728.SH,2024-07-24,11.78,11.81,11.5,11.54,11.76,-0.22,-1.8707,74367.23,86280.987,0.6674,0.76,622.0494,3.8035,3001077.0137
688728.SH,2024-07-25,11.43,11.84,11.34,11.56,11.54,0.02,0.1733,65455.64,76093.522,0.5875,0.68,623.1274,3.8101,3006278.1871
688728.SH,2024-07-26,11.64,11.86,11.59,11.71,11.56,0.15,1.2976,57592.34,67544.981,0.5169,0.64,631.213,3.8595,3045286.9871
688728.SH,2024-07-29,11.76,11.76,11.41,11.46,11.71,-0.25,-2.1349,67862.69,78101.135,0.6091,0.85,617.7371,3.7771,2980272.3204
688728.SH,2024-07-30,11.41,11.47,11.13,11.36,11.46,-0.1,-0.8726,78257.75,88417.598,0.7024,1.11,612.3467,3.7442,2954266.4537
688728.SH,2024-07-31,11.36,12.05,11.27,12.03,11.36,0.67,5.8979,129064.57,152073.418,1.1584,1.88,648.4622,3.965,3128505.7604
688728.SH,2024-08-01,12.03,12.22,11.9,12.08,12.03,0.05,0.4156,107615.82,129866.9,0.9659,1.35,651.1574,3.9815,3141508.6937
688728.SH,2024-08-02,11.91,12.11,11.75,11.79,12.08,-0.29,-2.4007,63658.83,75836.949,0.5713,0.72,635.5253,3.8859,3066091.6804
688728.SH,2024-08-05,11.71,11.89,11.36,11.36,11.79,-0.43,-3.6472,88042.76,102359.971,0.7902,0.99,612.3467,3.7442,2954266.4537
688728.SH,2024-08-06,11.58,11.64,11.25,11.45,11.36,0.09,0.7923,75025.03,85460.886,0.6734,0.8,617.198,3.7738,2977671.7337
688728.SH,2024-08-07,11.38,11.44,11.21,11.23,11.45,-0.22,-1.9214,61933.61,69932.636,0.5559,0.67,605.3392,3.7013,2920458.827
688728.SH,2024-08-08,11.16,11.34,11.01,11.19,11.22,-0.03,-0.2674,75222.63,83900.032,0.6751,0.95,603.183,3.6954,2910056.4804
688728.SH,2024-08-09,11.33,11.48,11.06,11.07,11.19,-0.12,-1.0724,65392.59,73557.588,0.5869,0.9,596.7146,3.6558,2878849.4404
688728.SH,2024-08-12,11.06,11.14,10.86,10.99,11.07,-0.08,-0.7227,59165.39,64970.157,0.531,0.81,592.4023,3.6294,2858044.747
688728.SH,2024-08-13,11.0,11.16,10.99,11.15,10.99,0.16,1.4559,54353.76,60176.147,0.4878,0.81,601.0269,3.6822,2899654.1337
688728.SH,2024-08-14,11.19,11.28,11.06,11.18,11.15,0.03,0.2691,44747.9,49972.798,0.4016,0.71,602.644,3.6921,2907455.8937
688728.SH,2024-08-15,11.14,11.58,11.12,11.55,11.18,0.37,3.3095,107104.15,122593.816,0.9613,1.79,622.5884,3.8143,3003677.6004
688728.SH,2024-08-16,11.15,11.2,10.6,10.68,11.55,-0.87,-7.5325,208398.01,224390.201,1.8704,3.15,575.6921,3.5858,2777426.5604
688728.SH,2024-08-19,10.65,10.86,10.5,10.68,10.68,0.0,0.0,89673.85,96234.829,0.6189,0.95,575.6921,3.5858,2777426.5604
688728.SH,2024-08-20,10.71,10.87,10.55,10.64,10.68,-0.04,-0.3745,73021.96,78130.942,0.504,0.72,573.536,3.5723,2767024.2137
688728.SH,2024-08-21,10.59,10.88,10.59,10.71,10.64,0.07,0.6579,63183.86,67964.141,0.4361,0.6,577.3092,3.5958,2785228.3204
688728.SH,2024-08-22,10.78,10.79,10.46,10.54,10.71,-0.17,-1.5873,49112.85,51842.402,0.339,0.45,568.1456,3.5388,2741018.347
688728.SH,2024-08-23,10.6,10.63,10.41,10.56,10.54,0.02,0.1898,50744.19,53379.408,0.3502,0.52,569.2237,3.5455,2746219.5204
688728.SH,2024-08-26,10.56,10.79,10.51,10.79,10.56,0.23,2.178,59131.48,63356.991,0.4081,0.91,581.6215,3.6227,2806033.0137
688728.SH,2024-08-27,10.72,10.79,10.49,10.51,10.79,-0.28,-2.595,41861.45,44267.144,0.2889,0.71,566.5285,3.5287,2733216.587
688728.SH,2024-08-28,10.43,10.63,10.35,10.51,10.51,0.0,0.0,41874.08,43968.223,0.289,0.79,566.5285,3.5287,2733216.587
688728.SH,2024-08-29,10.55,10.77,10.45,10.71,10.51,0.2,1.9029,56275.28,59895.754,0.3884,1.16,577.3092,3.5958,2785228.3204
688728.SH,2024-08-30,10.72,11.16,10.65,11.02,10.71,0.31,2.8945,91992.38,101056.055,0.6349,1.84,594.0194,3.6999,2865846.507
688728.SH,2024-09-02,11.0,11.05,10.62,10.65,11.02,-0.37,-3.3575,71829.76,77379.693,0.4958,1.23,574.075,3.5757,2769624.8004
688728.SH,2024-09-03,10.6,10.85,10.6,10.67,10.65,0.02,0.1878,57348.31,61508.193,0.3958,0.94,575.1531,3.5824,2774825.9737
688728.SH,2024-09-04,10.65,10.7,10.49,10.6,10.67,-0.07,-0.656,40967.57,43437.915,0.2828,0.64,571.3798,3.5589,2756621.867
688728.SH,2024-09-05,10.55,10.8,10.55,10.75,10.6,0.15,1.4151,41334.59,44277.015,0.2853,0.65,579.4654,3.6093,2795630.667
688728.SH,2024-09-06,10.69,10.77,10.42,10.45,10.75,-0.3,-2.7907,42381.15,44684.504,0.2925,0.7,563.2943,3.5086,2717613.067
688728.SH,2024-09-09,10.43,10.49,10.22,10.28,10.45,-0.17,-1.6268,43002.74,44342.824,0.2968,0.85,554.1306,3.4515,2673403.0937
688728.SH,2024-09-10,10.29,10.48,10.11,10.37,10.28,0.09,0.8755,54192.66,55606.657,0.374,1.2,558.982,3.4817,2696808.3737
688728.SH,2024-09-11,10.35,10.49,10.32,10.37,10.37,0.0,0.0,43919.74,45659.438,0.3031,0.99,558.982,3.4817,2696808.3737
688728.SH,2024-09-12,10.33,10.58,10.33,10.4,10.37,0.03,0.2893,40815.59,42787.533,0.2817,0.91,560.5991,3.4918,2704610.1337
688728.SH,2024-09-13,10.31,10.45,10.18,10.37,10.4,-0.03,-0.2885,54623.14,56328.917,0.377,1.22,558.982,3.4817,2696808.3737
688728.SH,2024-09-18,10.33,10.39,10.11,10.32,10.37,-0.05,-0.4822,59669.69,61092.461,0.4118,1.26,556.2868,3.4649,2683805.4403
688728.SH,2024-09-19,10.37,10.77,10.32,10.68,10.32,0.36,3.4884,88844.45,94101.814,0.6132,1.75,575.6921,3.5858,2777426.5604
688728.SH,2024-09-20,10.7,10.71,10.49,10.63,10.68,-0.05,-0.4682,48205.17,50961.425,0.3327,0.84,572.9969,3.569,2764423.627
688728.SH,2024-09-23,10.57,10.72,10.35,10.35,10.63,-0.28,-2.6341,70056.34,73188.783,0.4835,1.2,557.9039,3.475,2691607.2003
688728.SH,2024-09-24,10.44,10.85,10.26,10.85,10.35,0.5,4.8309,103773.12,109542.485,0.7162,1.61,584.8558,3.6429,2821636.5337
688728.SH,2024-09-25,10.92,11.34,10.9,11.05,10.85,0.2,1.8433,128425.92,142642.345,0.8864,1.73,595.6365,3.71,2873648.267
688728.SH,2024-09-26,11.11,12.12,11.02,12.06,11.05,1.01,9.1403,220090.55,257131.907,1.519,2.5,650.0793,4.0491,3136307.5204
688728.SH,2024-09-27,12.4,12.59,11.86,12.57,12.06,0.51,4.2289,138346.9,169673.522,0.9548,1.21,677.5702,4.2203,3268937.4404
688728.SH,2024-09-30,13.25,14.76,12.92,14.73,12.57,2.16,17.1838,366595.55,508835.495,2.5302,2.77,794.0023,4.9455,3830664.1605
688728.SH,2024-10-08,17.68,17.68,16.8,17.68,14.73,2.95,20.0272,468177.9,818169.192,3.2313,2.45,953.0184,5.936,4597837.2273
688728.SH,2024-10-09,17.71,19.5,16.71,17.89,17.68,0.21,1.1878,632022.51,1151836.504,4.3621,2.39,964.3382,6.0065,4652449.5473
688728.SH,2024-10-10,18.07,18.39,16.02,16.34,17.89,-1.55,-8.6641,378205.7,643107.815,2.6103,1.04,880.7874,5.4861,4249358.6139
688728.SH,2024-10-11,16.4,16.4,15.18,15.44,16.34,-0.9,-5.508,246817.45,386743.756,1.7035,0.62,832.274,5.1839,4015305.8138
688728.SH,2024-10-14,15.8,16.68,15.21,16.43,15.44,0.99,6.4119,270740.37,432114.409,1.8686,0.65,885.6387,5.5163,4272763.8939
688728.SH,2024-10-15,16.72,16.8,15.8,15.82,16.43,-0.61,-3.7127,183953.7,299245.813,1.2696,0.46,852.7574,5.3115,4114128.1072
688728.SH,2024-10-16,15.5,15.92,15.38,15.45,15.82,-0.37,-2.3388,134157.12,209179.12,0.9259,0.39,832.8131,5.1873,4017906.4005
688728.SH,2024-10-17,15.63,15.8,15.1,15.12,15.45,-0.33,-2.1359,156143.78,240306.544,1.0777,0.64,815.0248,5.0765,3932087.0405
688728.SH,2024-10-18,15.03,17.2,15.03,16.6,15.12,1.48,9.7884,309882.54,500523.913,2.1388,1.56,894.8024,5.5734,4316973.8672
688728.SH,2024-10-21,16.99,17.88,16.44,17.17,16.6,0.57,3.4337,408255.87,699569.924,2.8177,1.94,925.5275,5.7648,4465207.3072
688728.SH,2024-10-22,17.01,17.04,16.43,16.76,17.17,-0.41,-2.3879,228561.21,381850.53,1.5775,0.96,903.427,5.6271,4358583.2539
688728.SH,2024-10-23,16.55,17.45,16.5,16.89,16.76,0.13,0.7757,212935.2,361407.363,1.4696,0.86,910.4345,5.6708,4392390.8806
688728.SH,2024-10-24,16.51,16.89,16.32,16.48,16.89,-0.41,-2.4275,152911.75,252886.292,1.0554,0.58,888.3339,5.5331,4285766.8272
688728.SH,2024-10-25,16.48,16.87,16.48,16.57,16.48,0.09,0.5461,154013.99,255962.791,1.063,0.59,893.1853,5.5633,4309172.1072
688728.SH,2024-10-28,16.49,16.49,16.17,16.36,16.57,-0.21,-1.2674,140717.37,229597.967,0.9712,0.61,881.8655,5.4928,4254559.7872
688728.SH,2024-10-29,16.36,16.44,15.95,15.99,16.36,-0.37,-2.2616,153966.72,249552.78,1.0627,0.87,861.9211,5.3686,4158338.0805
688728.SH,2024-10-30,16.1,16.1,15.47,15.7,15.99,-0.29,-1.8136,148903.79,234408.211,1.0277,0.91,846.289,5.2712,4082921.0672
688728.SH,2024-10-31,15.4,15.49,15.08,15.39,15.7,-0.31,-1.9745,231665.44,354174.883,1.5989,1.54,829.5788,5.2554,4002302.8805
688728.SH,2024-11-01,15.45,15.46,14.81,14.85,15.39,-0.54,-3.5088,153037.25,230827.749,1.0562,0.92,800.4708,5.071,3861871.2005
688728.SH,2024-11-04,14.86,15.4,14.86,15.39,14.85,0.54,3.6364,148515.61,225791.801,1.025,0.9,829.5788,5.2554,4002302.8805
688728.SH,2024-11-05,15.39,17.19,15.31,16.92,15.39,1.53,9.9415,334737.24,550027.95,2.3103,2.0,912.0516,5.7779,4400192.6406
688728.SH,2024-11-06,17.05,17.6,16.75,16.85,16.92,-0.07,-0.4137,295917.26,507951.77,2.0424,1.46,908.2783,5.754,4381988.5339
688728.SH,2024-11-07,16.8,17.0,16.56,16.94,16.85,0.09,0.5341,155042.88,260659.085,1.0701,0.67,913.1297,5.7847,4405393.8139
688728.SH,2024-11-08,17.5,17.61,16.92,16.93,16.94,-0.01,-0.059,244600.16,421242.127,1.6882,1.12,912.5906,5.7813,4402793.2272
688728.SH,2024-11-11,16.96,18.12,16.95,18.02,16.93,1.09,6.4383,308303.39,543399.149,2.1279,1.31,971.3457,6.1535,4686257.1739
688728.SH,2024-11-12,18.15,18.75,18.0,18.49,18.02,0.47,2.6082,317678.09,583591.376,2.1926,1.19,996.6805,6.314,4808484.7473
688728.SH,2024-11-13,18.49,19.36,18.09,18.36,18.49,-0.13,-0.7031,273332.63,510044.934,1.8865,1.03,989.673,6.2696,4774677.1206
688728.SH,2024-11-14,18.33,18.58,17.51,17.62,18.36,-0.74,-4.0305,186328.58,335450.227,1.286,0.72,949.7842,6.0169,4582233.7073
688728.SH,2024-11-15,17.52,18.02,16.89,16.94,17.62,-0.68,-3.8593,183546.22,320337.001,1.2668,0.69,913.1297,5.7847,4405393.8139
688728.SH,2024-11-18,16.93,17.31,16.47,16.78,16.94,-0.16,-0.9445,144550.78,243592.649,0.9977,0.57,904.505,5.7301,4363784.4272
688728.SH,2024-11-19,16.99,17.74,16.7,17.55,16.78,0.77,4.5888,139176.05,238828.418,0.9606,0.63,946.0109,5.993,4564029.6006
688728.SH,2024-11-20,17.5,18.01,17.22,17.9,17.55,0.35,1.9943,160564.08,282085.424,1.1082,0.87,964.8773,6.1125,4655050.1339
688728.SH,2024-11-21,17.7,17.78,17.21,17.29,17.9,-0.61,-3.4078,134360.91,234913.26,0.9273,0.83,931.996,5.9042,4496414.3472
688728.SH,2024-11-22,17.28,17.47,16.36,16.39,17.29,-0.9,-5.2053,138522.4,233818.2,0.9561,0.91,883.4826,5.5969,4262361.5472
688728.SH,2024-11-25,16.36,17.0,16.19,17.0,16.39,0.61,3.7218,99829.06,164693.548,0.689,0.7,916.3639,5.8052,4420997.3339
688728.SH,2024-11-26,17.22,17.66,16.8,16.85,17.0,-0.15,-0.8824,144847.94,250747.272,0.9997,1.08,908.2783,5.754,4381988.5339
688728.SH,2024-11-27,16.71,16.82,15.92,16.52,16.85,-0.33,-1.9585,182326.5,297899.627,1.2584,1.34,890.4901,5.6413,4296169.1739
688728.SH,2024-11-28,16.57,16.67,15.84,15.99,16.52,-0.53,-3.2082,140033.25,226616.256,0.9665,1.0,861.9211,5.4603,4158338.0805
688728.SH,2024-11-29,15.99,16.44,15.74,15.98,15.99,-0.01,-0.0625,155680.31,249580.662,1.0745,1.1,861.382,5.4569,4155737.4939
688728.SH,2024-12-02,15.93,16.03,15.66,15.75,15.98,-0.23,-1.4393,189737.41,300351.967,1.3095,1.31,848.9842,5.3783,4095924.0005
688728.SH,2024-12-03,15.82,16.17,15.71,16.0,15.75,0.25,1.5873,124392.79,197941.399,0.8585,0.77,862.4601,5.4637,4160938.6672
688728.SH,2024-12-04,16.3,16.39,15.63,15.72,16.0,-0.28,-1.75,140037.01,224161.622,0.9665,0.88,847.3671,5.3681,4088122.2405
688728.SH,2024-12-05,15.7,15.83,15.58,15.72,15.72,0.0,0.0,75486.64,118523.963,0.521,0.5,847.3671,5.3681,4088122.2405
688728.SH,2024-12-06,15.8,16.57,15.72,16.36,15.72,0.64,4.0712,187973.1,305204.298,1.2974,1.37,881.8655,5.5866,4254559.7872
688728.SH,2024-12-09,16.4,16.46,15.96,16.03,16.36,-0.33,-2.0171,118926.37,192219.266,0.8208,0.83,864.0772,5.4739,4168740.4272
688728.SH,2024-12-10,16.99,17.0,16.13,16.14,16.03,0.11,0.6862,134958.32,221360.532,0.9315,1.04,870.0066,5.5115,4197346.8805
688728.SH,2024-12-11,16.14,16.65,16.08,16.35,16.14,0.21,1.3011,124290.86,204169.591,0.8578,0.95,881.3264,5.5832,4251959.2005
688728.SH,2024-12-12,16.52,16.88,15.95,16.65,16.35,0.3,1.8349,175796.78,287280.29,1.2133,1.37,897.4976,5.6857,4329976.8006
688728.SH,2024-12-13,16.52,16.52,16.02,16.1,16.65,-0.55,-3.3033,156771.82,254008.435,1.082,1.06,867.8505,5.4979,4186944.5339
688728.SH,2024-12-16,16.03,16.18,15.7,15.75,16.1,-0.35,-2.1739,87653.6,139069.363,0.605,0.62,848.9842,5.3783,4095924.0005
688728.SH,2024-12-17,15.79,15.83,15.57,15.75,15.75,0.0,0.0,72637.21,114233.724,0.5013,0.53,848.9842,5.3783,4095924.0005
688728.SH,2024-12-18,15.87,16.11,15.69,16.01,15.75,0.26,1.6508,109555.51,174482.172,0.7561,0.89,862.9992,5.4671,4163539.2539
688728.SH,2024-12-19,15.85,16.08,15.71,15.83,16.01,-0.18,-1.1243,96984.8,154009.571,0.6694,0.8,853.2965,5.4057,4116728.6939
688728.SH,2024-12-20,15.92,16.29,15.77,16.16,15.83,0.33,2.0846,171797.48,275991.469,1.1857,1.64,871.0847,5.5183,4202548.0539
688728.SH,2024-12-23,16.21,16.21,15.03,15.06,16.16,-1.1,-6.8069,216767.91,334405.123,1.4961,2.01,811.7906,5.1427,3916483.5205
688728.SH,2024-12-24,15.18,15.29,14.92,15.19,15.06,0.13,0.8632,120235.81,181819.278,0.8298,0.9,818.7981,5.1871,3950291.1472
688728.SH,2024-12-25,15.1,15.23,14.76,14.87,15.19,-0.32,-2.1066,111605.9,166686.355,0.7703,0.78,801.5489,5.0778,3867072.3738
688728.SH,2024-12-26,14.87,14.94,14.63,14.67,14.87,-0.2,-1.345,130397.04,192511.814,0.9,0.91,790.7681,5.0095,3815060.6405
688728.SH,2024-12-27,14.67,14.99,14.45,14.46,14.67,-0.21,-1.4315,158571.79,233399.113,1.0944,1.06,779.4483,4.9378,3760448.3205
688728.SH,2024-12-30,14.46,14.5,13.96,14.0,14.46,-0.46,-3.1812,171865.68,243016.353,1.1862,1.17,754.6526,4.7807,3640821.3338
688728.SH,2024-12-31,14.1,14.11,13.42,13.44,14.0,-0.56,-4.0,139275.94,190580.576,0.9613,1.01,724.4665,4.5895,3495188.4804
688728.SH,2025-01-02,13.44,13.48,12.84,12.99,13.44,-0.45,-3.3482,156780.85,205611.218,1.0821,1.1,700.2098,4.4358,3378162.0804
688728.SH,2025-01-03,13.01,13.19,12.86,12.88,12.99,-0.11,-0.8468,107261.28,139705.468,0.7403,0.71,694.2804,4.3983,3349555.6271
688728.SH,2025-01-06,12.88,12.99,12.63,12.75,12.88,-0.13,-1.0093,80223.36,102569.807,0.5537,0.55,687.2729,4.3539,3315748.0004
688728.SH,2025-01-07,12.85,13.03,12.57,12.97,12.75,0.22,1.7255,103792.74,132911.703,0.7164,0.79,699.1317,4.429,3372960.9071
688728.SH,2025-01-08,12.9,13.07,12.48,12.94,12.97,-0.03,-0.2313,108219.2,138675.845,0.7469,0.92,697.5146,4.4188,3365159.1471
688728.SH,2025-01-09,12.94,13.03,12.79,12.8,12.94,-0.14,-1.0819,79903.98,103046.725,0.5515,0.72,689.9681,4.371,3328750.9338
688728.SH,2025-01-10,12.75,12.9,12.43,12.44,12.8,-0.36,-2.8125,104019.41,131631.951,0.7179,1.08,670.5627,4.248,3235129.8137
688728.SH,2025-01-13,12.35,13.32,12.29,13.16,12.44,0.72,5.7878,182646.24,235158.081,1.2606,1.92,709.3734,4.4939,3422372.0538
688728.SH,2025-01-14,13.12,13.54,13.1,13.52,13.16,0.36,2.7356,131006.28,175102.682,0.9042,1.13,728.7788,4.6168,3515993.1738
688728.SH,2025-01-15,13.41,13.54,13.21,13.29,13.52,-0.23,-1.7012,80210.51,106954.113,0.5536,0.66,716.3809,4.5383,3456179.6804
688728.SH,2025-01-16,13.42,13.57,13.18,13.33,13.29,0.04,0.301,87703.34,117297.235,0.6053,0.76,718.5371,4.5519,3466582.0271
688728.SH,2025-01-17,13.39,13.54,13.16,13.37,13.33,0.04,0.3001,94989.77,126808.912,0.6556,0.81,720.6932,4.5656,3476984.3738
688728.SH,2025-01-20,13.5,13.54,13.17,13.23,13.37,-0.14,-1.0471,77383.39,103085.513,0.5341,0.67,713.1467,4.5178,3440576.1604
688728.SH,2025-01-21,13.25,13.87,13.23,13.58,13.23,0.35,2.6455,142507.01,193673.499,0.9836,1.51,732.013,4.6373,3531596.6938
688728.SH,2025-01-22,13.58,13.58,13.23,13.29,13.58,-0.29,-2.1355,77899.06,104009.746,0.5376,0.81,716.3809,4.5383,3456179.6804
688728.SH,2025-01-23,13.41,13.7,13.36,13.38,13.29,0.09,0.6772,90097.5,121795.313,0.6218,0.94,721.2323,4.569,3479584.9604
688728.SH,2025-01-24,13.36,13.58,13.28,13.47,13.38,0.09,0.6726,80782.2,108514.416,0.5575,0.84,726.0836,4.5998,3502990.2404
688728.SH,2025-01-27,14.14,14.33,13.82,13.83,13.47,0.36,2.6726,178860.09,252527.061,1.2345,1.91,745.489,4.7227,3596611.3605
688728.SH,2025-02-05,14.13,14.14,13.85,13.97,13.83,0.14,1.0123,136299.05,190414.722,0.9407,1.2,753.0355,4.7705,3633019.5738
688728.SH,2025-02-06,14.0,14.62,13.75,14.58,13.97,0.61,4.3665,212374.66,303468.917,1.4658,1.88,785.9168,4.9788,3791655.3605
688728.SH,2025-02-07,14.53,14.78,14.28,14.51,14.58,-0.07,-0.4801,192551.4,280322.05,1.329,1.38,782.1435,4.9549,3773451.2538
688728.SH,2025-02-10,14.5,14.64,14.36,14.5,14.51,-0.01,-0.0689,154591.02,224189.871,1.067,0.97,781.6045,4.9515,3770850.6672
688728.SH,2025-02-11,14.55,14.57,14.12,14.16,14.5,-0.34,-2.3448,170575.01,242953.006,1.1773,0.98,763.2772,4.8354,3682430.7205
688728.SH,2025-02-12,14.14,16.1,14.11,15.9,14.16,1.74,12.2881,402190.94,607783.208,2.7759,2.32,857.0697,5.4296,4134932.8005
688728.SH,2025-02-13,15.66,16.0,15.5,15.73,15.9,-0.17,-1.0692,284379.83,445792.833,1.9627,1.26,847.9061,5.3715,4090722.8272
688728.SH,2025-02-14,15.6,16.05,15.2,15.91,15.73,0.18,1.1443,286489.15,449132.77,1.9773,1.19,857.6088,5.433,4137533.3872
688728.SH,2025-02-17,15.92,15.99,15.5,15.68,15.91,-0.23,-1.4456,215252.98,338343.454,1.4856,0.83,845.2109,5.3544,4077719.8939
688728.SH,2025-02-18,15.78,15.99,15.34,15.39,15.68,-0.29,-1.8495,246848.61,386883.055,1.7037,0.91,829.5788,5.2554,4002302.8805
688728.SH,2025-02-19,15.32,16.34,15.32,16.13,15.39,0.74,4.8083,315678.08,504532.378,2.1788,1.1,869.4676,5.5081,4194746.2939
688728.SH,2025-02-20,16.15,16.3,15.86,16.08,16.13,-0.05,-0.31,203008.36,326608.345,1.4011,0.75,866.7724,5.491,4181743.3605
688728.SH,2025-02-21,16.25,16.48,15.91,16.25,16.08,0.17,1.0572,288574.59,467635.64,1.9917,1.14,875.9361,5.5491,4225953.3339
688728.SH,2025-02-24,16.39,16.39,15.93,16.21,16.25,-0.04,-0.2462,188629.89,304575.481,1.3019,0.74,873.7799,5.5354,4215550.9872
688728.SH,2025-02-25,16.0,16.98,15.88,16.58,16.21,0.37,2.2825,276333.16,456836.106,1.9072,1.11,893.7243,5.6618,4311772.6939
688728.SH,2025-02-26,16.68,16.78,16.4,16.55,16.58,-0.03,-0.1809,171739.72,284444.278,1.1853,0.67,892.1072,5.6515,4303970.9339
688728.SH,2025-02-27,16.66,16.7,16.16,16.51,16.55,-0.04,-0.2417,184228.86,302740.346,1.2715,0.82,889.951,5.6379,4293568.5872
688728.SH,2025-02-28,16.47,16.89,15.96,16.05,16.51,-0.46,-2.7862,251610.97,412576.594,1.7366,1.13,865.1553,5.3686,4173941.6005
688728.SH,2025-03-03,16.07,16.62,15.99,16.01,16.05,-0.04,-0.2492,185419.08,301927.59,1.2797,0.86,862.9992,5.3552,4163539.2539
688728.SH,2025-03-04,15.95,16.35,15.74,16.19,16.01,0.18,1.1243,158927.21,255932.82,1.0969,0.74,872.7018,5.4154,4210349.8139
688728.SH,2025-03-05,16.12,16.36,15.97,16.14,16.19,-0.05,-0.3088,124694.38,200957.216,0.8606,0.65,870.0066,5.3987,4197346.8805
688728.SH,2025-03-06,16.21,16.35,16.09,16.26,16.14,0.12,0.7435,164798.41,267731.518,1.1374,0.91,876.4751,5.4388,4228553.9205
688728.SH,2025-03-07,16.29,16.34,15.81,15.92,16.26,-0.34,-2.091,149912.22,240728.309,1.0347,0.85,858.1478,5.3251,4140133.9739
688728.SH,2025-03-10,15.9,15.95,15.7,15.75,15.92,-0.17,-1.0678,119991.67,189379.57,0.8282,0.77,848.9842,5.2682,4095924.0005
688728.SH,2025-03-11,15.6,15.86,15.5,15.79,15.75,0.04,0.254,92407.56,145141.545,0.6378,0.64,851.1403,5.2816,4106326.3472
688728.SH,2025-03-12,15.86,15.9,15.64,15.66,15.79,-0.13,-0.8233,115790.89,182200.165,0.7992,0.89,844.1328,5.2381,4072518.7205
688728.SH,2025-03-13,15.66,15.7,15.04,15.2,15.66,-0.46,-2.9374,144840.37,221266.787,0.9997,1.13,819.3371,5.0843,3952891.7338
688728.SH,2025-03-14,15.22,15.53,15.13,15.46,15.2,0.26,1.7105,105811.5,162466.413,0.7303,0.85,833.3521,5.1712,4020506.9872
688728.SH,2025-03-17,15.5,15.75,15.38,15.51,15.46,0.05,0.3234,89092.55,138554.63,0.6149,0.77,836.0473,5.188,4033509.9205
688728.SH,2025-03-18,15.59,15.72,15.46,15.51,15.51,0.0,0.0,69949.79,108939.421,0.4828,0.64,836.0473,5.188,4033509.9205
688728.SH,2025-03-19,15.44,15.57,15.31,15.56,15.51,0.05,0.3224,67995.19,105060.56,0.4693,0.65,838.7425,5.2047,4046512.8539
688728.SH,2025-03-20,15.54,15.58,15.3,15.32,15.56,-0.24,-1.5424,75282.4,116163.347,0.5196,0.79,825.8056,5.1244,3984098.7738
688728.SH,2025-03-21,15.27,15.34,15.04,15.06,15.32,-0.26,-1.6971,85520.72,129585.11,0.5903,1.05,811.7906,5.0374,3916483.5205
688728.SH,2025-03-24,15.07,15.16,14.7,15.11,15.06,0.05,0.332,82329.72,122841.813,0.5682,1.06,814.4858,5.0542,3929486.4538
688728.SH,2025-03-25,15.12,15.14,14.91,14.96,15.11,-0.15,-0.9927,58538.12,87805.246,0.404,0.77,806.4002,5.004,3890477.6538
688728.SH,2025-03-26,14.91,15.14,14.88,14.96,14.96,0.0,0.0,45025.88,67491.79,0.3108,0.61,806.4002,5.004,3890477.6538
688728.SH,2025-03-27,14.9,15.25,14.73,14.95,14.96,-0.01,-0.0668,79989.14,119871.357,0.5521,1.15,805.8612,5.0007,3887877.0672
688728.SH,2025-03-28,15.01,15.15,14.91,14.95,14.95,0.0,0.0,52550.4,78954.941,0.3627,0.75,805.8612,5.0007,3887877.0672
688728.SH,2025-03-31,14.85,15.05,14.75,15.0,14.95,0.05,0.3344,61426.87,91310.949,0.424,0.96,808.5564,5.0174,3900880.0005
688728.SH,2025-04-01,15.06,15.16,14.91,15.0,15.0,0.0,0.0,74521.62,111824.183,0.5143,1.25,808.5564,5.0174,3900880.0005
688728.SH,2025-04-02,15.0,15.18,14.95,15.05,15.0,0.05,0.3333,53348.69,80456.642,0.3682,0.85,811.2515,5.0341,3913882.9338
688728.SH,2025-04-03,14.97,15.16,14.78,14.89,15.05,-0.16,-1.0631,60045.83,89792.403,0.4144,0.93,802.6269,4.9806,3872273.5472
688728.SH,2025-04-07,13.95,14.2,12.09,12.72,14.89,-2.17,-14.5735,191508.0,251940.261,1.3218,3.17,685.6558,4.2547,3307946.2404
688728.SH,2025-04-08,12.8,13.47,12.79,13.15,12.72,0.43,3.3805,125179.51,164471.873,0.864,1.42,708.8344,4.3986,3419771.4671
688728.SH,2025-04-09,12.9,13.74,12.63,13.35,13.15,0.2,1.5209,158395.56,211277.515,1.0932,1.57,719.6152,4.4655,3471783.2004
688728.SH,2025-04-10,13.66,14.06,13.58,13.85,13.35,0.5,3.7453,107747.85,149275.252,0.7437,0.92,746.567,4.6327,3601812.5338
688728.SH,2025-04-11,13.7,14.65,13.69,14.35,13.85,0.5,3.6101,148459.19,212120.603,1.0246,1.15,773.5189,4.8,3731841.8671
688728.SH,2025-04-14,14.41,14.6,14.21,14.22,14.35,-0.13,-0.9059,89628.02,128695.492,0.6186,0.61,766.5114,4.7565,3698034.2405
688728.SH,2025-04-15,14.27,14.27,13.97,14.2,14.22,-0.02,-0.1406,61935.65,87424.417,0.4275,0.49,765.4334,4.7498,3692833.0671
688728.SH,2025-04-16,14.22,14.52,14.07,14.37,14.2,0.17,1.1972,99863.71,143365.411,0.6892,0.88,774.597,4.8067,3737043.0405
688728.SH,2025-04-17,14.36,14.55,14.12,14.12,14.37,-0.25,-1.7397,78446.08,112446.649,0.5414,0.77,761.1211,4.723,3672028.3738
688728.SH,2025-04-18,14.15,14.22,13.88,14.15,14.12,0.03,0.2125,57282.42,80518.978,0.3954,0.6,762.7382,4.7331,3679830.1338
688728.SH,2025-04-21,14.18,14.24,14.08,14.13,14.15,-0.02,-0.1413,51959.68,73457.786,0.3586,0.67,761.6601,4.7264,3674628.9605
688728.SH,2025-04-22,14.11,14.34,14.01,14.24,14.13,0.11,0.7785,65077.23,92342.295,0.4492,0.93,767.5895,4.7632,3703235.4138
688728.SH,2025-04-23,14.26,14.63,14.25,14.51,14.24,0.27,1.8961,70682.54,102094.397,0.4878,1.0,782.1435,4.8535,3773451.2538
688728.SH,2025-04-24,14.5,14.53,14.18,14.27,14.51,-0.24,-1.654,46125.78,66118.856,0.3184,0.71,769.2066,4.7732,3711037.1738
688728.SH,2025-04-25,14.42,14.42,14.23,14.27,14.27,0.0,0.0,48313.39,69074.586,0.3335,0.83,769.2066,4.7732,3711037.1738
688728.SH,2025-04-28,14.25,14.47,14.1,14.41,14.27,0.14,0.9811,54391.74,77785.144,0.3754,0.96,776.7531,4.82,3747445.3871
688728.SH,2025-04-29,13.71,13.71,13.05,13.52,14.41,-0.89,-6.1763,139200.39,186427.837,0.9607,2.45,188.2164,4.5494,3515993.1738
688728.SH,2025-04-30,13.6,13.84,13.43,13.79,13.52,0.27,1.997,75661.68,103547.756,0.5222,1.05,191.9752,4.6403,3586209.0138
688728.SH,2025-05-06,13.94,14.1,13.71,14.0,13.79,0.21,1.5228,96773.56,134805.007,0.6679,1.33,194.8986,4.711,3640821.3338
688728.SH,2025-05-07,14.19,14.3,13.83,14.01,14.0,0.01,0.0714,83604.29,117096.804,0.577,1.01,195.0378,4.7143,3643421.9205
688728.SH,2025-05-08,14.03,14.14,13.97,14.09,14.01,0.08,0.571,60288.09,84667.573,0.4161,0.67,196.1516,4.7413,3664226.6138
688728.SH,2025-05-09,14.0,14.14,13.9,13.99,14.09,-0.1,-0.7097,49055.94,68692.35,0.3386,0.54,194.7594,4.7076,3638220.7471
688728.SH,2025-05-12,14.05,14.29,14.02,14.29,13.99,0.3,2.1444,56634.45,80450.289,0.3909,0.77,198.9358,4.8086,3716238.3471
688728.SH,2025-05-13,14.7,14.7,14.11,14.14,14.29,-0.15,-1.0497,53405.56,76349.549,0.3686,0.77,196.8476,4.7581,3677229.5471
688728.SH,2025-05-14,14.15,14.28,13.91,13.98,14.14,-0.16,-1.1315,65654.32,92058.876,0.4531,1.08,194.6202,4.7042,3635620.1605
688728.SH,2025-05-15,13.95,14.05,13.84,13.94,13.98,-0.04,-0.2861,55864.75,77945.577,0.3856,0.98,194.0634,4.6908,3625217.8138
688728.SH,2025-05-16,13.89,14.87,13.89,14.56,13.94,0.62,4.4476,122503.14,177546.507,0.8455,2.18,202.6946,4.8994,3786454.1872
688728.SH,2025-05-19,14.56,15.25,14.52,15.2,14.56,0.64,4.3956,171716.7,258605.432,1.1852,2.42,211.6042,5.1148,3952891.7338
688728.SH,2025-05-20,15.19,15.57,15.07,15.29,15.2,0.09,0.5921,101580.31,155886.763,0.7011,1.08,212.8571,5.145,3976297.0138
688728.SH,2025-05-21,15.26,15.54,15.1,15.2,15.29,-0.09,-0.5886,73057.98,111409.741,0.5042,0.71,211.6042,5.1148,3952891.7338
688728.SH,2025-05-22,15.13,15.4,15.13,15.2,15.2,0.0,0.0,45184.1,69002.135,0.3119,0.43,211.6042,5.1148,3952891.7338
688728.SH,2025-05-23,15.25,15.44,14.94,14.98,15.2,-0.22,-1.4474,65526.17,99606.297,0.4523,0.64,208.5415,5.0407,3895678.8272
688728.SH,2025-05-26,15.1,15.1,14.86,14.99,14.98,0.01,0.0668,47261.4,70698.73,0.3262,0.52,208.6808,5.0441,3898279.4138
688728.SH,2025-05-27,15.05,15.58,14.84,15.54,14.99,0.55,3.6691,95569.74,146573.702,0.6596,1.44,216.3375,5.2292,4041311.6805
688728.SH,2025-05-28,15.53,15.72,15.5,15.62,15.54,0.08,0.5148,52835.14,82394.207,0.3647,0.81,217.4512,5.2561,4062116.3739
688728.SH,2025-05-29,15.62,15.64,15.42,15.51,15.62,-0.11,-0.7042,48708.72,75445.783,0.3362,0.79,215.9198,5.2191,4033509.9205
688728.SH,2025-05-30,15.48,15.78,15.44,15.77,15.51,0.26,1.6763,69097.91,108017.621,0.4769,1.11,219.5394,5.3066,4101125.1739
688728.SH,2025-06-03,15.62,15.67,15.12,15.18,15.77,-0.59,-3.7413,105374.18,162130.091,0.7273,1.68,211.3258,5.108,3947690.5605
688728.SH,2025-06-04,15.11,15.18,14.94,15.02,15.18,-0.16,-1.054,55853.9,83893.08,0.3855,0.75,209.0984,5.0542,3906081.1738
688728.SH,2025-06-05,15.02,15.18,14.97,15.15,15.02,0.13,0.8655,54779.8,82527.982,0.3781,0.83,210.9082,5.0979,3939888.8005
688728.SH,2025-06-06,15.16,15.5,15.06,15.42,15.15,0.27,1.7822,78139.23,119914.533,0.5393,1.17,214.6669,5.1888,4010104.6405
688728.SH,2025-06-09,15.36,15.62,15.24,15.42,15.42,0.0,0.0,73357.43,113124.391,0.5063,1.01,214.6669,5.1888,4010104.6405
688728.SH,2025-06-10,15.37,15.47,14.89,14.96,15.42,-0.46,-2.9831,76374.08,115340.246,0.5271,1.04,208.2631,5.034,3890477.6538
688728.SH,2025-06-11,14.95,15.2,14.94,15.07,14.96,0.11,0.7353,55726.33,84133.579,0.3846,0.82,209.7945,5.071,3919084.1072
688728.SH,2025-06-12,15.03,15.26,14.77,14.84,15.07,-0.23,-1.5262,70832.75,105921.819,0.4889,1.05,206.5926,4.9936,3859270.6138
688728.SH,2025-06-13,14.74,14.81,14.13,14.45,14.84,-0.39,-2.628,217027.71,311468.275,1.4979,3.06,201.1632,4.8624,3757847.7338
688728.SH,2025-06-16,14.3,14.54,14.26,14.45,14.45,0.0,0.0,65867.29,95107.751,0.4546,0.67,201.1632,4.8624,3757847.7338
688728.SH,2025-06-17,14.42,14.55,14.31,14.46,14.45,0.01,0.0692,55340.48,79871.006,0.382,0.57,201.3024,4.8658,3760448.3205
688728.SH,2025-06-18,14.48,14.64,14.36,14.59,14.46,0.13,0.899,51728.01,75200.884,0.357,0.56,203.1122,4.9095,3794255.9472
688728.SH,2025-06-19,14.6,14.63,14.44,14.54,14.59,-0.05,-0.3427,43685.06,63525.343,0.3015,0.47,202.4162,4.8927,3781253.0138
688728.SH,2025-06-20,14.55,14.72,14.46,14.46,14.54,-0.08,-0.5502,41807.91,60870.78,0.2886,0.48,201.3024,4.8658,3760448.3205
688728.SH,2025-06-23,14.57,14.78,14.34,14.73,14.46,0.27,1.8672,50679.74,74140.741,0.3498,0.98,205.0612,4.9566,3830664.1605
688728.SH,2025-06-24,14.73,15.24,14.71,15.19,14.73,0.46,3.1229,84710.2,127219.803,0.5847,1.74,211.465,5.1114,3950291.1472
688728.SH,2025-06-25,15.21,15.53,15.11,15.5,15.19,0.31,2.0408,97546.92,149614.162,0.6733,1.79,215.7806,5.2157,4030909.3339
688728.SH,2025-06-26,15.48,15.64,15.31,15.51,15.5,0.01,0.0645,73043.74,113077.531,0.5041,1.15,215.9198,5.2191,4033509.9205
688728.SH,2025-06-27,15.59,15.64,15.44,15.46,15.51,-0.05,-0.3224,74515.96,115682.638,0.5143,1.07,215.2238,5.2023,4020506.9872
688728.SH,2025-06-30,15.52,15.58,15.39,15.4,15.46,-0.06,-0.3881,64104.59,99266.644,0.4424,0.84,214.3885,5.1821,4004903.4672
688728.SH,2025-07-01,15.42,15.63,15.29,15.55,15.4,0.15,0.974,78114.9,121289.299,0.5391,0.99,216.4767,5.2325,4043912.2672
688728.SH,2025-07-02,15.49,15.68,15.15,15.22,15.55,-0.33,-2.1222,76851.74,118453.266,0.5304,0.99,211.8827,5.1215,3958092.9072
688728.SH,2025-07-03,15.3,15.75,15.22,15.63,15.22,0.41,2.6938,72099.68,111751.658,0.4976,0.98,217.5904,5.2595,4064716.9605
688728.SH,2025-07-04,15.65,15.77,15.45,15.49,15.61,-0.12,-0.7687,64383.78,100599.869,0.4444,0.88,215.6414,5.2508,4028308.7472
688728.SH,2025-07-07,15.5,15.71,15.39,15.58,15.49,0.09,0.581,42225.68,65766.417,0.2914,0.59,216.8943,5.2813,4051714.0272
688728.SH,2025-07-08,15.67,15.72,15.46,15.62,15.58,0.04,0.2567,51181.67,79929.203,0.3532,0.77,217.4512,5.2948,4062116.3739
688728.SH,2025-07-09,15.7,15.78,15.54,15.68,15.62,0.06,0.3841,42179.56,66128.771,0.2911,0.69,218.2865,5.3152,4077719.8939
688728.SH,2025-07-10,15.69,15.91,15.62,15.89,15.68,0.21,1.3393,51000.08,80669.833,0.352,0.94,221.2099,5.3864,4132332.2139
688728.SH,2025-07-11,15.89,16.03,15.73,15.99,15.89,0.1,0.6293,64551.92,102695.717,0.4455,1.29,222.6021,5.4203,4158338.0805
688728.SH,2025-07-14,15.9,16.04,15.84,15.84,15.99,-0.15,-0.9381,49394.73,78779.943,0.3409,0.98,220.5139,5.3694,4119329.2805
688728.SH,2025-07-15,15.82,16.08,15.73,15.9,15.84,0.06,0.3788,67349.94,107253.108,0.4648,1.3,221.3492,5.3898,4134932.8005
688728.SH,2025-07-16,15.89,16.03,15.77,15.79,15.9,-0.11,-0.6918,45326.12,71982.207,0.3128,0.83,219.8178,5.3525,4106326.3472
688728.SH,2025-07-17,15.7,15.87,15.65,15.74,15.79,-0.05,-0.3167,53589.37,84545.582,0.3699,0.97,219.1217,5.3355,4093323.4139
688728.SH,2025-07-18,15.73,15.82,15.45,15.72,15.74,-0.02,-0.1271,78051.55,121956.854,0.5387,1.39,218.8433,5.3287,4088122.2405
688728.SH,2025-07-21,15.75,15.92,15.67,15.72,15.72,0.0,0.0,46926.62,73985.953,0.3239,0.8,218.8433,5.3287,4088122.2405
688728.SH,2025-07-22,15.82,16.16,15.76,15.86,15.72,0.14,0.8906,67554.62,107274.383,0.4663,1.16,220.7923,5.3762,4124530.4539
688728.SH,2025-07-23,15.91,16.02,15.78,15.81,15.86,-0.05,-0.3153,60072.84,95363.194,0.4146,1.03,220.0962,5.3593,4111527.5205
688728.SH,2025-07-24,15.88,16.24,15.82,16.13,15.81,0.32,2.024,93337.01,150163.388,0.6442,1.52,224.5511,5.4677,4194746.2939
688728.SH,2025-07-25,16.18,16.22,15.92,16.11,16.13,-0.02,-0.124,77921.14,125101.071,0.5378,1.13,224.2726,5.4609,4189545.1205
688728.SH,2025-07-28,16.17,16.25,15.97,16.05,16.11,-0.06,-0.3724,81347.45,131154.277,0.5614,1.18,223.4374,5.4406,4173941.6005
688728.SH,2025-07-29,16.07,16.14,15.82,15.94,16.05,-0.11,-0.6854,93739.3,149391.517,0.647,1.23,221.906,5.4033,4145335.1472
688728.SH,2025-07-30,15.91,16.12,15.71,15.9,15.94,-0.04,-0.2509,86429.55,137697.822,0.5965,1.06,221.3492,5.3898,4134932.8005
688728.SH,2025-07-31,15.9,15.98,15.25,15.3,15.9,-0.6,-3.7736,132881.52,206572.542,0.9171,1.54,212.9964,5.1864,3978897.6005
688728.SH,2025-08-01,15.38,15.52,15.27,15.37,15.3,0.07,0.4575,69570.9,106952.194,0.4802,0.74,213.9709,5.2101,3997101.7072
688728.SH,2025-08-04,15.3,15.42,15.2,15.38,15.37,0.01,0.0651,47979.83,73599.352,0.3311,0.52,214.1101,5.2135,3999702.2938
688728.SH,2025-08-05,15.37,15.63,15.32,15.62,15.38,0.24,1.5605,50593.18,78584.359,0.3492,0.59,217.4512,5.2948,4062116.3739
688728.SH,2025-08-06,15.8,16.1,15.8,16.08,15.62,0.46,2.9449,123007.22,197028.719,0.849,1.59,223.855,5.4508,4181743.3605
688728.SH,2025-08-07,16.14,16.2,15.91,15.93,16.08,-0.15,-0.9328,112138.68,179895.21,0.774,1.32,221.7668,5.3999,4142734.5605
688728.SH,2025-08-08,15.9,15.98,15.47,15.84,15.93,-0.09,-0.565,100403.66,157702.344,0.693,1.24,220.5139,5.3694,4119329.2805
688728.SH,2025-08-11,15.83,15.85,15.65,15.72,15.84,-0.12,-0.7576,76667.99,120690.006,0.5292,0.88,218.8433,5.3287,4088122.2405
688728.SH,2025-08-12,15.73,15.75,15.47,15.51,15.72,-0.21,-1.3359,119982.01,186647.718,0.8281,1.3,215.9198,5.2576,4033509.9205
688728.SH,2025-08-13,15.55,16.1,15.53,15.74,15.51,0.23,1.4829,127590.01,201449.167,0.8806,1.2,219.1217,5.3355,4093323.4139
688728.SH,2025-08-14,15.7,15.76,15.31,15.31,15.74,-0.43,-2.7319,149224.08,231467.023,1.0299,1.39,213.1356,5.1898,3981498.1872
688728.SH,2025-08-15,15.28,15.72,15.27,15.61,15.31,0.3,1.9595,115374.47,179240.233,0.7963,1.01,217.312,5.2915,4059515.7872
688728.SH,2025-08-18,15.7,16.23,15.66,16.06,15.61,0.45,2.8828,203406.27,326264.367,0.814,1.73,223.5766,5.444,4176542.1872
688728.SH,2025-08-19,16.14,16.34,15.94,16.17,16.06,0.11,0.6849,129131.35,208725.937,0.5168,0.9,225.1079,5.4813,4205148.6405
688728.SH,2025-08-20,16.13,16.85,15.99,16.82,16.17,0.65,4.0198,197486.18,325438.176,0.7903,1.36,234.1568,5.7016,4374186.7739
688728.SH,2025-08-21,16.85,17.15,16.63,16.74,16.82,-0.08,-0.4756,182497.99,307295.538,0.7303,1.15,233.0431,5.6745,4353382.0806
688728.SH,2025-08-22,16.73,17.28,16.65,17.25,16.74,0.51,3.0466,244530.37,415906.343,0.9786,1.48,240.143,5.8474,4486012.0006
688728.SH,2025-08-25,17.45,17.68,16.84,17.03,17.25,-0.22,-1.2754,267379.82,459200.584,1.07,1.4,237.0803,5.7728,4428799.0939
688728.SH,2025-08-26,16.96,17.57,16.9,17.3,17.03,0.27,1.5854,196502.63,340474.92,0.7864,0.96,240.839,5.8643,4499014.9339
688728.SH,2025-08-27,17.62,18.39,17.3,17.5,17.3,0.2,1.1561,346255.15,620886.27,1.3856,1.59,243.6233,5.857,4551026.6673
688728.SH,2025-08-28,17.56,17.89,17.12,17.75,17.5,0.25,1.4286,308423.79,542003.706,1.2342,1.25,247.1036,5.9407,4616041.3339
688728.SH,2025-08-29,17.67,17.67,17.17,17.25,17.75,-0.5,-2.8169,239249.03,414453.949,0.9574,0.88,240.143,5.7734,4486012.0006
688728.SH,2025-09-01,17.5,17.98,17.1,17.23,17.25,-0.02,-0.1159,255942.34,444320.735,1.0242,0.94,239.8645,5.7667,4480810.8272
688728.SH,2025-09-02,17.15,17.29,16.55,16.75,17.23,-0.48,-2.7858,200133.05,337879.564,0.8009,0.74,233.1823,5.606,4355982.6672
688728.SH,2025-09-03,16.76,16.87,16.32,16.41,16.75,-0.34,-2.0299,147505.65,244615.761,0.5903,0.55,228.449,5.4922,4267562.7205
688728.SH,2025-09-04,16.41,16.53,15.41,15.62,16.41,-0.79,-4.8141,196348.24,312250.206,0.7857,0.85,217.4512,5.2278,4062116.3739
688728.SH,2025-09-05,15.71,15.99,15.41,15.97,15.62,0.35,2.2407,180966.4,283913.822,0.7242,0.87,222.3237,5.345,4153136.9072
688728.SH,2025-09-08,16.02,16.04,15.59,15.85,15.97,-0.12,-0.7514,147050.12,232176.658,0.5885,0.75,220.6531,5.3048,4121929.8672
688728.SH,2025-09-09,15.78,15.82,15.35,15.37,15.85,-0.48,-3.0284,153008.7,237362.06,0.6123,0.88,213.9709,5.1441,3997101.7072
688728.SH,2025-09-10,15.43,15.53,15.2,15.25,15.37,-0.12,-0.7807,123559.1,189200.928,0.4945,0.75,212.3003,5.104,3965894.6672
688728.SH,2025-09-11,15.2,15.9,15.17,15.89,15.25,0.64,4.1967,232336.37,362055.935,0.9298,1.45,221.2099,5.3182,4132332.2139
688728.SH,2025-09-12,15.92,16.35,15.8,16.13,15.89,0.24,1.5104,255783.88,413496.782,1.0236,1.53,224.5511,5.3985,4194746.2939
688728.SH,2025-09-15,16.63,16.77,16.05,16.05,16.13,-0.08,-0.496,187273.79,304622.926,0.7494,1.03,223.4374,5.3717,4173941.6005
688728.SH,2025-09-16,16.18,16.2,15.85,16.08,16.05,0.03,0.1869,145829.93,233577.11,0.5836,0.77,223.855,5.3818,4181743.3605
688728.SH,2025-09-17,16.0,16.36,16.0,16.14,16.08,0.06,0.3731,144916.17,234381.208,0.5799,0.77,224.6903,5.4019,4197346.8805
688728.SH,2025-09-18,16.15,16.69,15.98,16.32,16.14,0.18,1.1152,264496.5,432754.568,1.0585,1.37,227.1961,5.4621,4244157.4405
688728.SH,2025-09-19,16.35,16.49,16.01,16.09,16.32,-0.23,-1.4093,173548.55,282299.67,0.6945,0.87,223.9942,5.3851,4184343.9472
688728.SH,2025-09-22,16.2,16.4,16.07,16.4,16.09,0.31,1.9267,171124.9,278449.808,0.6848,0.93,228.3098,5.4889,4264962.1339
688728.SH,2025-09-23,16.44,16.58,15.68,16.52,16.4,0.12,0.7317,239586.22,386872.238,0.9588,1.33,229.9804,5.529,4296169.1739
688728.SH,2025-09-24,16.4,17.6,16.39,17.31,16.52,0.79,4.7821,343726.53,589988.128,1.3755,1.73,240.9782,5.7934,4501615.5206
688728.SH,2025-09-25,17.28,17.83,17.23,17.75,17.31,0.44,2.5419,236969.69,417081.213,0.9483,0.99,247.1036,5.9407,4616041.3339
688728.SH,2025-09-26,17.67,18.13,17.55,17.79,17.75,0.04,0.2254,232116.77,416393.539,0.9289,1.0,247.6605,5.9541,4626443.6806
688728.SH,2025-09-29,17.79,17.88,17.44,17.75,17.79,-0.04,-0.2248,179392.37,316920.347,0.7179,0.73,247.1036,5.9407,4616041.3339
688728.SH,2025-09-30,17.84,18.08,17.62,17.95,17.75,0.2,1.1268,168267.6,301907.529,0.6734,0.68,249.8879,6.0076,4668053.0673
688728.SH,2025-10-09,18.1,18.94,17.93,18.52,17.95,0.57,3.1755,246793.13,455952.393,0.9876,1.06,257.823,6.1984,4816286.5073
688728.SH,2025-10-10,18.2,18.44,17.38,17.47,18.52,-1.05,-5.6695,225738.5,400340.594,0.9034,1.06,243.2057,5.847,4543224.9072
688728.SH,2025-10-13,17.05,17.9,17.0,17.82,17.47,0.35,2.0034,199396.47,350873.242,0.7979,0.95,248.0781,5.9641,4634245.4406
688728.SH,2025-10-14,17.95,18.02,17.25,17.26,17.82,-0.56,-3.1425,183447.56,322466.476,0.7341,0.9,240.2822,5.7767,4488612.5872
688728.SH,2025-10-15,17.32,17.57,16.72,16.94,17.26,-0.32,-1.854,178586.82,303486.344,0.7147,0.87,235.8273,5.6696,4405393.8139
688728.SH,2025-10-16,16.93,16.95,16.55,16.65,16.94,-0.29,-1.7119,133775.4,223528.961,0.5353,0.65,231.7902,5.5725,4329976.8006
688728.SH,2025-10-17,16.64,16.71,15.83,15.88,16.65,-0.77,-4.6246,161663.46,260710.916,0.6469,0.88,221.0707,5.3148,4129731.6272
688728.SH,2025-10-20,16.17,16.22,15.54,15.66,15.88,-0.22,-1.3854,176687.77,279780.564,0.7071,1.03,218.008,5.2412,4072518.7205
688728.SH,2025-10-21,15.75,16.03,15.65,16.0,15.66,0.34,2.1711,146251.66,232092.201,0.5853,0.88,222.7413,5.355,4160938.6672
688728.SH,2025-10-22,15.9,15.97,15.63,15.83,16.0,-0.17,-1.0625,110831.01,174932.093,0.4435,0.7,220.3747,5.2981,4116728.6939
688728.SH,2025-10-23,15.73,15.82,15.45,15.76,15.83,-0.07,-0.4422,110347.99,172073.627,0.4416,0.76,219.4002,5.2747,4098524.5872
688728.SH,2025-10-24,15.88,16.24,15.88,16.22,15.76,0.46,2.9188,142280.8,229182.547,0.5694,1.01,225.804,5.4286,4218151.5739
688728.SH,2025-10-27,16.3,16.5,16.08,16.35,16.22,0.13,0.8015,154830.51,252307.072,0.6196,1.13,227.6138,5.4721,4251959.2005
688728.SH,2025-10-28,16.33,16.49,16.21,16.33,16.35,-0.02,-0.1223,121587.4,198847.704,0.4866,0.91,227.3353,5.4654,4246758.0272
688728.SH,2025-10-29,16.33,16.59,16.19,16.57,16.33,0.24,1.4697,103630.84,169820.16,0.4147,0.81,230.6765,5.5458,4309172.1072
688728.SH,2025-10-30,16.51,16.57,16.15,16.18,16.57,-0.39,-2.3537,138833.41,226288.244,0.5556,1.1,225.2471,5.4152,4207749.2272
688728.SH,2025-10-31,16.34,16.39,15.92,15.96,16.18,-0.22,-1.3597,156939.93,253011.862,0.628,1.19,222.1844,5.307,4150536.3205
688728.SH,2025-11-03,16.0,16.02,15.09,15.27,15.96,-0.69,-4.3233,272546.6,416614.796,1.0907,2.02,212.5787,5.0776,3971095.8405
688728.SH,2025-11-04,15.2,15.2,14.92,15.07,15.27,-0.2,-1.3098,160596.57,241446.11,0.6427,1.01,209.7945,5.0111,3919084.1072
688728.SH,2025-11-05,15.0,15.16,14.94,15.06,15.07,-0.01,-0.0664,105006.5,158132.845,0.4202,0.63,209.6552,5.0077,3916483.5205
688728.SH,2025-11-06,15.09,15.21,15.06,15.16,15.06,0.1,0.664,123676.59,187257.107,0.4949,0.74,211.0474,5.041,3942489.3872
688728.SH,2025-11-07,15.17,15.34,15.01,15.33,15.16,0.17,1.1214,123597.35,187984.269,0.4946,0.75,213.414,5.0975,3986699.3605
688728.SH,2025-11-10,15.31,15.42,15.08,15.16,15.33,-0.17,-1.1089,139562.32,212107.336,0.5585,0.89,211.0474,5.041,3942489.3872
688728.SH,2025-11-11,15.22,15.35,15.07,15.1,15.16,-0.06,-0.3958,97252.82,147412.998,0.3892,0.75,210.2121,5.021,3926885.8672
688728.SH,2025-11-12,15.11,15.12,14.93,15.0,15.1,-0.1,-0.6623,76924.1,115451.903,0.3078,0.65,208.82,4.9878,3900880.0005
688728.SH,2025-11-13,14.98,15.14,14.95,14.97,15.0,-0.03,-0.2,107603.06,161780.688,0.4306,0.96,208.4023,4.9778,3893078.2405
688728.SH,2025-11-14,14.9,14.99,14.75,14.75,14.97,-0.22,-1.4696,119503.26,177570.853,0.4782,1.1,205.3396,4.9047,3835865.3338
688728.SH,2025-11-17,14.76,14.82,14.61,14.67,14.75,-0.08,-0.5424,102946.52,151067.516,0.412,0.95,204.2259,4.8781,3815060.6405
688728.SH,2025-11-18,14.68,14.78,14.6,14.74,14.67,0.07,0.4772,88383.44,130015.344,0.3537,0.88,205.2004,4.9013,3833264.7472
688728.SH,2025-11-19,14.7,14.75,14.51,14.58,14.74,-0.16,-1.0855,98103.13,143177.23,0.3926,0.99,202.973,4.8481,3791655.3605
688728.SH,2025-11-20,14.67,14.73,14.5,14.52,14.58,-0.06,-0.4115,77499.39,113080.689,0.3101,0.75,202.1377,4.8282,3776051.8405
688728.SH,2025-11-21,14.53,14.6,14.1,14.24,14.52,-0.28,-1.9284,135520.15,193586.996,0.5423,1.39,198.2398,4.7351,3703235.4138
688728.SH,2025-11-24,14.28,14.35,13.95,14.2,14.24,-0.04,-0.2809,141548.57,199715.625,0.5664,1.41,197.6829,4.7218,3692833.0671
688728.SH,2025-11-25,14.26,14.59,14.2,14.41,14.2,0.21,1.4789,132273.25,191346.866,0.5293,1.22,200.6064,4.7916,3747445.3871
688728.SH,2025-11-26,14.41,14.53,14.31,14.32,14.41,-0.09,-0.6246,111446.69,160510.445,0.446,0.95,199.3535,4.7617,3724040.1071
688728.SH,2025-11-27,14.3,14.74,14.25,14.41,14.32,0.09,0.6285,141484.77,205489.131,0.5662,1.18,200.6064,4.7916,3747445.3871
688728.SH,2025-11-28,14.41,14.64,14.37,14.63,14.41,0.22,1.5267,98634.04,143554.956,0.3947,0.74,203.6691,4.8648,3804658.2938
688728.SH,2025-12-01,14.63,14.75,14.5,14.74,14.63,0.11,0.7519,129410.98,189349.549,0.5179,1.03,205.2004,4.9013,3833264.7472
688728.SH,2025-12-02,14.64,14.86,14.54,14.56,14.74,-0.18,-1.2212,100976.92,148048.391,0.4041,0.82,202.6946,4.8415,3786454.1872
688728.SH,2025-12-03,14.51,14.7,14.41,14.52,14.56,-0.04,-0.2747,91852.43,133522.787,0.3676,0.79,202.1377,4.8282,3776051.8405
688728.SH,2025-12-04,14.59,14.6,14.37,14.55,14.52,0.03,0.2066,81025.57,117526.193,0.3242,0.72,202.5554,4.8382,3783853.6005
688728.SH,2025-12-05,14.8,14.9,14.56,14.84,14.55,0.29,1.9931,129754.05,190795.717,0.5192,1.29,206.5926,4.9346,3859270.6138
688728.SH,2025-12-08,14.8,15.04,14.79,14.9,14.84,0.06,0.4043,136735.28,204005.65,0.5472,1.28,207.4278,4.9545,3874874.1338
688728.SH,2025-12-09,14.81,14.94,14.77,14.8,14.9,-0.1,-0.6711,91286.93,135408.476,0.3653,0.84,206.0357,4.9213,3848868.2672
688728.SH,2025-12-10,14.81,15.15,14.68,15.06,14.8,0.26,1.7568,139616.12,208893.13,0.5587,1.32,209.6552,5.0077,3916483.5205
688728.SH,2025-12-11,15.11,15.13,14.89,14.89,15.06,-0.17,-1.1288,105467.77,158089.471,0.4221,0.91,207.2886,4.9512,3872273.5472
688728.SH,2025-12-12,14.91,15.33,14.84,15.23,14.89,0.34,2.2834,200077.88,303855.978,0.8007,1.66,212.0219,5.0643,3960693.4938
688728.SH,2025-12-15,15.09,15.18,15.02,15.04,15.23,-0.19,-1.2475,113809.6,171687.303,0.4554,0.85,209.3768,5.0011,3911282.3472
688728.SH,2025-12-16,15.1,15.11,14.77,14.79,15.04,-0.25,-1.6622,116820.17,173885.33,0.4675,0.9,205.8965,4.918,3846267.6805
688728.SH,2025-12-17,14.85,15.43,14.82,15.37,14.79,0.58,3.9216,177757.11,269214.375,0.7113,1.32,213.9709,5.1108,3997101.7072
688728.SH,2025-12-18,15.28,15.35,15.12,15.19,15.37,-0.18,-1.1711,96852.9,147300.287,0.3876,0.68,211.465,5.051,3950291.1472
688728.SH,2025-12-19,15.16,15.28,15.09,15.12,15.19,-0.07,-0.4608,93877.69,142417.498,0.3757,0.67,210.4905,5.0277,3932087.0405
688728.SH,2025-12-22,15.16,15.27,15.12,15.12,15.12,0.0,0.0,103916.92,157729.982,0.4159,0.87,210.4905,5.0277,3932087.0405
688728.SH,2025-12-23,15.15,15.16,14.87,14.93,15.12,-0.19,-1.2566,90145.84,134844.812,0.3607,0.76,207.8455,4.9645,3882675.8938
688728.SH,2025-12-24,14.95,15.15,14.85,15.12,14.93,0.19,1.2726,102123.25,153715.733,0.4087,0.91,210.4905,5.0277,3932087.0405
688728.SH,2025-12-25,15.09,15.23,15.02,15.17,15.12,0.05,0.3307,85834.16,129987.656,0.3435,0.88,211.1866,5.0443,3945089.9738
688728.SH,2025-12-26,15.21,15.29,15.11,15.24,15.17,0.07,0.4614,100736.11,153420.788,0.4031,1.06,212.1611,5.0676,3963294.0805
688728.SH,2025-12-29,15.29,15.3,15.01,15.05,15.24,-0.19,-1.2467,97653.48,147910.863,0.3908,1.01,209.516,5.0044,3913882.9338
688728.SH,2025-12-30,15.07,15.15,15.01,15.01,15.05,-0.04,-0.2658,88830.37,133837.597,0.3555,0.93,208.9592,4.9911,3903480.5872
688728.SH,2025-12-31,15.05,15.1,14.9,14.94,15.01,-0.07,-0.4664,89844.77,134402.665,0.3595,0.95,207.9847,4.9678,3885276.4805
688728.SH,2026-01-05,15.0,15.39,14.98,15.38,14.94,0.44,2.9451,155268.09,236857.121,0.6213,1.68,214.1101,5.1141,3999702.2938
688728.SH,2026-01-06,15.37,15.72,15.31,15.68,15.38,0.3,1.9506,154625.68,241323.442,0.6188,1.45,218.2865,5.2139,4077719.8939
688728.SH,2026-01-07,15.74,16.22,15.61,15.98,15.68,0.3,1.9133,243232.3,387983.777,0.9734,2.07,222.4629,5.3137,4155737.4939
688728.SH,2026-01-08,15.86,16.14,15.81,15.94,15.98,-0.04,-0.2503,162514.07,259893.942,0.6503,1.11,221.906,5.3004,4145335.1472
688728.SH,2026-01-09,16.0,16.26,15.89,16.18,15.94,0.24,1.5056,166271.46,267845.697,0.6654,1.03,225.2471,5.3802,4207749.2272
688728.SH,2026-01-12,16.2,16.65,16.08,16.65,16.18,0.47,2.9048,197237.2,322838.197,0.7893,1.12,231.7902,5.5364,4329976.8006
688728.SH,2026-01-13,16.65,16.66,16.0,16.02,16.65,-0.63,-3.7838,197413.93,321193.027,0.79,1.07,223.0197,5.327,4166139.8405
688728.SH,2026-01-14,16.09,16.43,15.97,16.13,16.02,0.11,0.6866,230953.03,374654.516,0.9242,1.19,224.5511,5.3635,4194746.2939
688728.SH,2026-01-15,16.06,16.21,15.77,16.05,16.13,-0.08,-0.496,197979.58,315924.444,0.7923,1.04,223.4374,5.3369,4173941.6005
688728.SH,2026-01-16,16.16,16.8,16.0,16.75,16.05,0.7,4.3614,329316.68,539273.213,1.3179,1.66,233.1823,5.5697,4355982.6672
688728.SH,2026-01-19,16.98,16.98,16.21,16.24,16.75,-0.51,-3.0448,256448.04,421693.484,1.0262,1.11,226.0824,5.4001,4223352.7472
688728.SH,2026-01-20,16.27,16.55,16.14,16.31,16.24,0.07,0.431,194940.77,318327.709,0.7801,0.8,227.0569,5.4234,4241556.8539
688728.SH,2026-01-21,16.13,16.61,16.11,16.54,16.31,0.23,1.4102,229304.33,377494.29,0.9176,0.95,230.2588,5.4999,4301370.3472
688728.SH,2026-01-22,16.6,16.78,16.35,16.59,16.54,0.05,0.3023,171581.64,283400.919,0.6866,0.71,230.9549,5.5165,4314373.2806
688728.SH,2026-01-23,16.66,17.16,16.6,17.05,16.59,0.46,2.7728,241299.98,408427.818,0.9656,1.02,237.3587,5.6695,4434000.2672
688728.SH,2026-01-26,17.0,17.23,16.5,16.7,17.05,-0.35,-2.0528,215777.43,361051.402,0.8635,0.99,232.4862,5.5531,4342979.7339
688728.SH,2026-01-27,16.5,17.13,16.2,17.03,16.7,0.33,1.976,265801.99,444865.027,1.0637,1.26,237.0803,5.6628,4428799.0939
688728.SH,2026-01-28,17.18,17.56,16.99,17.19,17.03,0.16,0.9395,275231.21,474511.034,1.1014,1.22,239.3077,5.716,4470408.4806
688728.SH,2026-01-29,16.52,16.92,16.05,16.05,17.19,-1.14,-6.6318,354438.61,581886.637,1.4184,1.52,223.4374,5.3369,4173941.6005
688728.SH,2026-01-30,15.95,16.23,15.56,16.11,16.05,0.06,0.3738,255590.12,406762.961,1.0228,0.94,224.2726,5.3569,4189545.1205
688728.SH,2026-02-02,16.0,16.04,15.19,15.23,16.11,-0.88,-5.4624,226340.95,351720.98,0.9058,0.83,212.0219,5.0643,3960693.4938
688728.SH,2026-02-03,15.37,15.68,15.3,15.63,15.23,0.4,2.6264,143702.57,222913.423,0.5751,0.52,217.5904,5.1973,4064716.9605
688728.SH,2026-02-04,15.55,15.55,15.21,15.49,15.63,-0.14,-0.8957,142992.21,219821.214,0.5722,0.57,215.6414,5.1507,4028308.7472
688728.SH,2026-02-05,15.55,15.56,15.18,15.33,15.49,-0.16,-1.0329,121526.56,185909.992,0.4863,0.54,213.414,5.0975,3986699.3605
688728.SH,2026-02-06,15.2,15.59,15.2,15.44,15.33,0.11,0.7175,132541.14,204630.093,0.5304,0.74,214.9453,5.1341,4015305.8138
688728.SH,2026-02-09,15.72,16.18,15.65,15.71,15.44,0.27,1.7487,155998.55,247305.015,0.6243,1.02,218.7041,5.2239,4085521.6539
688728.SH,2026-02-10,15.71,15.8,15.49,15.58,15.71,-0.13,-0.8275,133335.29,207816.312,0.5336,0.96,216.8943,5.1807,4051714.0272
688728.SH,2026-02-11,15.58,15.68,15.5,15.62,15.58,0.04,0.2567,95113.4,148320.944,0.3806,0.69,217.4512,5.194,4062116.3739
688728.SH,2026-02-12,15.61,15.75,15.51,15.66,15.62,0.04,0.2561,109855.49,171767.344,0.4396,0.86,218.008,5.2073,4072518.7205
688728.SH,2026-02-13,15.67,15.98,15.55,15.64,15.66,-0.02,-0.1277,146699.17,230800.102,0.5871,1.17,217.7296,5.2006,4067317.5472
688728.SH,2026-02-24,15.76,16.04,15.6,15.79,15.64,0.15,0.9591,135832.84,214945.742,0.5436,1.06,219.8178,5.2505,4106326.3472
688728.SH,2026-02-25,15.87,16.73,15.79,16.52,15.79,0.73,4.6232,243711.7,399029.546,0.9753,1.96,229.9804,5.4932,4296169.1739
688728.SH,2026-02-26,16.5,17.05,16.36,16.91,16.52,0.39,2.3608,223806.66,375071.826,0.8956,1.53,235.4097,5.6229,4397592.0539
688728.SH,2026-02-27,16.73,16.98,16.61,16.88,16.91,-0.03,-0.1774,138889.57,233994.601,0.5558,0.81,234.9921,5.6129,4389790.2939
688728.SH,2026-03-02,16.5,17.15,16.38,16.7,16.88,-0.18,-1.0664,243374.42,409973.561,0.9739,1.37,232.4862,5.5274,4342979.7339
688728.SH,2026-03-03,16.8,16.9,15.84,15.91,16.7,-0.79,-4.7305,248160.41,403023.452,0.9931,1.26,221.4884,5.2659,4137533.3872
688728.SH,2026-03-04,15.72,15.89,14.6,14.74,15.91,-1.17,-7.3539,449583.79,673557.176,1.7991,2.05,205.2004,4.8787,3833264.7472
688728.SH,2026-03-05,14.99,15.7,14.81,15.19,14.74,0.45,3.0529,355789.36,540939.655,1.4238,1.36,211.465,5.0276,3950291.1472
688728.SH,2026-03-06,14.99,15.08,14.7,14.76,15.19,-0.43,-2.8308,258706.0,384050.05,1.0353,0.9,205.4788,4.8853,3838465.9205
688728.SH,2026-03-09,14.45,14.47,14.0,14.38,14.76,-0.38,-2.5745,224236.41,318279.139,0.8973,0.72,200.1887,4.7595,3739643.6271
688728.SH,2026-03-10,14.58,14.78,14.47,14.62,14.38,0.24,1.669,160041.92,234225.015,0.6405,0.52,203.5299,4.839,3802057.7072
688728.SH,2026-03-11,14.63,14.72,14.41,14.5,14.62,-0.12,-0.8208,170842.5,248361.508,0.6837,0.59,201.8593,4.7992,3770850.6672
688728.SH,2026-03-12,14.44,14.56,14.22,14.3,14.5,-0.2,-1.3793,154316.78,221519.253,0.6175,0.66,199.075,4.733,3718838.9338
688728.SH,2026-03-13,14.2,14.48,14.04,14.24,14.3,-0.06,-0.4196,184735.68,263326.468,0.7393,0.95,198.2398,4.7132,3703235.4138
688728.SH,2026-03-16,14.19,14.34,14.0,14.29,14.24,0.05,0.3511,163786.53,231622.013,0.6554,0.92,198.9358,4.7297,3716238.3471
688728.SH,2026-03-17,14.34,14.37,14.01,14.01,14.29,-0.28,-1.9594,116465.05,164980.722,0.4661,0.7,195.0378,4.6371,3643421.9205
688728.SH,2026-03-18,14.09,14.15,13.9,14.07,14.01,0.06,0.4283,121468.04,170322.213,0.4861,0.77,195.8731,4.6569,3659025.4405
688728.SH,2026-03-19,13.89,13.89,13.67,13.75,14.07,-0.32,-2.2743,142306.55,195989.996,0.5695,0.96,191.4183,4.551,3575806.6671
688728.SH,2026-03-20,13.76,13.94,13.52,13.52,13.75,-0.23,-1.6727,134485.46,185040.248,0.5382,0.92,188.2164,4.4749,3515993.1738
688728.SH,2026-03-23,13.46,13.48,12.7,12.9,13.52,-0.62,-4.5858,187432.45,245041.716,0.7501,1.38,179.5852,4.2697,3354756.8004
688728.SH,2026-03-24,13.1,13.18,12.82,13.16,12.9,0.26,2.0155,120512.67,156603.684,0.4823,0.86,183.2047,4.3557,3422372.0538
688728.SH,2026-03-25,13.24,13.39,13.16,13.3,13.16,0.14,1.0638,117245.89,155842.708,0.4692,0.83,185.1537,4.4021,3458780.2671
688728.SH,2026-03-26,13.25,13.31,12.92,13.09,13.3,-0.21,-1.5789,99274.33,130082.138,0.3973,0.71,182.2302,4.3326,3404167.9471
688728.SH,2026-03-27,13.01,13.25,12.91,13.15,13.09,0.06,0.4584,85284.45,111602.964,0.3413,0.65,183.0655,4.3524,3419771.4671
688728.SH,2026-03-30,13.0,13.21,12.81,13.14,13.15,-0.01,-0.076,86419.56,112606.054,0.3458,0.71,182.9263,4.3491,3417170.8804
688728.SH,2026-03-31,13.23,13.26,12.95,12.96,13.14,-0.18,-1.3699,97785.01,128142.124,0.3913,0.96,180.4204,4.2895,3370360.3204
688728.SH,2026-04-01,13.21,13.27,13.01,13.13,12.96,0.17,1.3117,94262.58,123515.413,0.3772,0.97,182.7871,4.3458,3414570.2938
688728.SH,2026-04-02,13.13,13.13,12.73,12.87,13.13,-0.26,-1.9802,108414.51,140284.337,0.4339,1.17,179.1675,4.2597,3346955.0404
688728.SH,2026-04-03,12.9,12.98,12.74,12.78,12.87,-0.09,-0.6993,73819.75,94842.805,0.2954,0.78,177.9146,4.23,3323549.7604
688728.SH,2026-04-07,12.82,13.08,12.78,12.95,12.78,0.17,1.3302,103467.33,133824.828,0.4141,1.12,180.2812,4.2862,3367759.7338
688728.SH,2026-04-08,13.2,13.47,13.2,13.44,12.95,0.49,3.7838,143761.9,192091.568,0.5753,1.5,187.1027,4.4484,3495188.4804
688728.SH,2026-04-09,13.3,13.35,13.05,13.06,13.44,-0.38,-2.8274,138874.02,182927.371,0.5557,1.33,181.8126,4.3226,3396366.1871
688728.SH,2026-04-10,13.2,13.39,13.13,13.15,13.06,0.09,0.6891,107626.7,142690.422,0.4307,0.95,183.0655,4.3524,3419771.4671
688728.SH,2026-04-13,13.12,13.24,13.02,13.11,13.15,-0.04,-0.3042,91907.57,120816.946,0.3678,0.81,182.5086,4.3392,3409369.1204
688728.SH,2026-04-14,13.24,13.29,13.12,13.22,13.11,0.11,0.8391,111872.93,147885.484,0.4477,0.96,184.04,4.3756,3437975.5738
688728.SH,2026-04-15,13.29,13.37,13.15,13.17,13.22,-0.05,-0.3782,117891.38,156284.453,0.4718,0.99,183.3439,4.359,3424972.6404
688728.SH,2026-04-16,13.18,13.33,13.12,13.29,13.17,0.12,0.9112,105150.21,139019.824,0.4208,0.93,185.0145,4.3988,3456179.6804
688728.SH,2026-04-17,13.31,13.49,13.21,13.45,13.29,0.16,1.2039,125610.79,168210.513,0.5027,1.18,187.2419,4.4517,3497789.0671
688728.SH,2026-04-20,13.4,13.63,13.38,13.51,13.45,0.06,0.4461,130913.6,177137.786,0.5239,1.18,188.0772,4.4716,3513392.5871
688728.SH,2026-04-21,13.42,13.53,13.22,13.27,13.51,-0.24,-1.7765,128947.71,171612.303,0.516,1.09,184.7361,4.3921,3450978.5071
688728.SH,2026-04-22,13.21,13.52,13.21,13.46,13.27,0.19,1.4318,127351.36,171048.992,0.5096,1.05,187.3811,4.455,3500389.6538
688728.SH,2026-04-23,13.43,13.65,13.23,13.26,13.46,-0.2,-1.4859,140266.95,188037.71,0.5613,1.13,184.5968,4.3888,3448377.9204
688728.SH,2026-04-24,13.26,13.43,13.2,13.31,13.26,0.05,0.3771,115615.22,154084.371,0.4627,0.89,185.2929,4.4054,3461380.8538
688728.SH,2026-04-27,13.33,13.59,13.08,13.53,13.31,0.22,1.6529,164764.48,221126.841,0.6594,1.28,188.3556,4.4782,3518593.7605
688728.SH,2026-04-28,13.43,13.6,12.98,13.05,13.53,-0.48,-3.5477,221162.67,292209.629,0.885,1.63,671.9114,4.3191,3393765.6004
688728.SH,2026-04-29,12.99,13.33,12.92,13.28,13.05,0.23,1.7625,134812.27,177074.776,0.5395,0.88,683.7535,4.3952,3453579.0938
688728.SH,2026-04-30,13.55,13.89,13.51,13.79,13.28,0.51,3.8404,293344.74,401996.007,1.1739,1.89,710.0121,4.5562,3586209.0138
688728.SH,2026-05-06,13.99,14.54,13.98,14.01,13.79,0.22,1.5954,343269.89,488673.318,1.3737,1.85,721.3394,4.6289,3643421.9205
688728.SH,2026-05-07,14.12,14.21,13.92,14.1,14.01,0.09,0.6424,206327.06,290071.895,0.8257,0.89,725.9732,4.6586,3666827.2005
688728.SH,2026-05-08,14.0,14.67,13.93,14.5,14.1,0.4,2.8369,336957.65,482214.332,1.3484,1.41,746.5682,4.7908,3770850.6672
688728.SH,2026-05-11,14.55,14.85,14.47,14.68,14.5,0.18,1.2414,288052.79,422865.215,1.1527,1.1,755.836,4.8503,3817661.2272
688728.SH,2026-05-12,14.68,14.78,14.38,14.56,14.68,-0.12,-0.8174,226395.13,329592.108,0.906,0.77,749.6575,4.8106,3786454.1872
688728.SH,2026-05-13,14.43,14.68,14.27,14.62,14.56,0.06,0.4121,286417.26,415655.073,1.1462,1.02,752.7467,4.8305,3802057.7072
688728.SH,2026-05-14,14.65,14.7,14.3,14.5,14.62,-0.12,-0.8208,291990.33,423875.138,1.1685,1.09,746.5682,4.7908,3770850.6672
688728.SH,2026-05-15,14.51,15.0,14.23,14.55,14.5,0.05,0.3448,384797.26,563421.8,1.5399,1.35,749.1426,4.8073,3783853.6005
688728.SH,2026-05-18,14.5,14.75,14.21,14.51,14.55,-0.04,-0.2749,262700.69,380655.334,1.0513,0.89,747.0831,4.7941,3773451.2538
688728.SH,2026-05-19,14.4,14.99,14.28,14.96,14.51,0.45,3.1013,288011.84,422343.529,1.1526,0.99,770.2525,4.9428,3890477.6538
688728.SH,2026-05-20,15.0,15.55,14.91,15.39,14.96,0.43,2.8743,430505.57,658229.083,1.7228,1.42,792.3921,5.0849,4002302.8805
688728.SH,2026-05-21,15.57,15.68,14.5,14.57,15.39,-0.82,-5.3281,447114.01,678976.869,1.7893,1.35,750.1724,4.8139,3789054.7738
688728.SH,2026-05-22,14.69,15.06,14.45,14.97,14.57,0.4,2.7454,335928.7,495227.094,1.3443,0.93,770.7673,4.9461,3893078.2405
688728.SH,2026-05-25,14.9,15.45,14.65,15.38,14.97,0.41,2.7388,362906.73,550726.44,1.4523,1.03,791.8772,5.0816,3999702.2938
688728.SH,2026-05-26,15.56,15.78,14.85,15.21,15.38,-0.17,-1.1053,365879.55,556124.672,1.4642,0.98,783.1243,5.0254,3955492.3205
688728.SH,2026-05-27,15.09,15.79,15.05,15.22,15.21,0.01,0.0657,419604.42,647464.176,1.6792,1.08,783.6392,5.0287,3958092.9072
688728.SH,2026-05-28,15.1,15.49,14.75,15.43,15.22,0.21,1.3798,400343.41,607695.391,1.6021,1.04,794.4516,5.0981,4012705.2272
688728.SH,2026-05-29,15.6,15.96,14.36,14.49,15.43,-0.94,-6.092,637810.09,953290.125,2.5524,1.69,746.0534,4.7875,3768250.0805
688728.SH,2026-06-01,14.33,14.68,13.85,13.88,14.49,-0.61,-4.2098,392316.63,556835.93,1.57,0.9,714.646,4.586,3609614.2938
688728.SH,2026-06-02,13.88,14.07,13.6,13.61,13.88,-0.27,-1.9452,296703.76,409704.847,1.1873,0.67,700.7444,4.4967,3539398.4538
688728.SH,2026-06-03,13.62,14.16,13.53,13.67,13.61,0.06,0.4409,303096.58,420667.29,1.2129,0.71,703.8336,4.5166,3555001.9738
688728.SH,2026-06-04,13.51,14.54,13.36,13.88,13.67,0.21,1.5362,314173.42,437074.836,1.2573,0.77,714.646,4.586,3609614.2938
688728.SH,2026-06-05,13.73,14.2,13.23,13.8,13.88,-0.08,-0.5764,289280.09,397472.802,1.1576,0.74,710.527,4.5595,3588809.6005
688728.SH,2026-06-08,13.37,13.65,12.92,13.08,13.8,-0.72,-5.2174,297125.35,394064.186,1.189,0.93,673.456,4.3216,3401567.3604
688728.SH,2026-06-09,13.28,13.6,12.99,13.58,13.08,0.5,3.8226,278814.74,372212.047,1.1158,0.93,699.1998,4.4868,3531596.6938
688728.SH,2026-06-10,13.4,13.85,13.08,13.32,13.58,-0.26,-1.9146,262197.53,350946.101,1.0493,0.88,685.813,4.4009,3463981.4404
688728.SH,2026-06-11,13.24,13.5,12.95,13.27,13.32,-0.05,-0.3754,262600.55,346133.849,1.0509,0.91,683.2387,4.3844,3450978.5071
688728.SH,2026-06-12,13.46,13.93,13.08,13.29,13.27,0.02,0.1507,435318.57,584823.33,1.742,1.57,684.2684,4.391,3456179.7243
688728.SH,2026-06-15,13.27,13.98,13.23,13.96,13.29,0.67,5.0414,348310.97,474982.844,1.3939,1.13,718.765,4.6124,3630419.0332
688728.SH,2026-06-16,13.93,14.13,13.77,14.07,13.96,0.11,0.788,254959.45,356265.845,1.0203,0.8,724.4286,4.6487,3659025.4869
688728.SH,2026-06-17,13.98,14.66,13.86,14.52,14.07,0.45,3.1983,312145.51,448318.531,1.2491,1.0,747.598,4.7974,3776051.8884
688728.SH,2026-06-18,14.42,14.61,14.28,14.37,14.52,-0.15,-1.0331,279700.46,403612.312,1.1193,0.87,739.8749,4.7479,3737043.0879
688728.SH,2026-06-22,14.39,14.5,13.72,14.11,14.37,-0.26,-1.8093,339678.4,478049.435,1.3593,1.04,726.4881,4.6619,3669427.8337
688728.SH,2026-06-23,13.97,14.93,13.77,14.4,14.11,0.29,2.0553,408086.0,589789.723,1.6331,1.33,741.4195,4.7578,3744844.848
688728.SH,2026-06-24,15.11,16.35,15.11,15.7,14.4,1.3,9.0278,787585.25,1243249.401,3.1517,2.47,808.3532,5.1873,4082921.119
688728.SH,2026-06-25,15.73,15.8,15.24,15.65,15.7,-0.05,-0.3185,517865.9,803756.479,2.0724,1.22,805.7788,5.1708,4069918.1855
688728.SH,2026-06-26,15.42,15.97,14.8,15.5,15.65,-0.15,-0.9585,512636.65,789487.984,2.0515,1.1,798.0557,5.1212,4030909.385
688728.SH,2026-06-29,15.85,17.86,15.51,17.53,15.5,2.03,13.0968,1010528.35,1672576.058,4.0439,1.97,902.5753,5.7919,4558828.4851
688728.SH,2026-06-30,18.06,21.04,17.89,21.04,17.53,3.51,20.0228,868276.49,1765970.409,3.4747,1.34,1083.2963,6.9516,5471634.4168
688728.SH,2026-07-01,22.5,25.25,22.49,25.25,21.04,4.21,20.0095,1758040.63,4298404.959,7.0353,2.38,1300.0585,8.3426,6566481.4175
688728.SH,2026-07-02,24.0,25.89,23.58,24.46,25.25,-0.79,-3.1287,1258819.93,3140090.662,5.0375,1.35,1259.3834,8.0816,6361035.0682
688728.SH,2026-07-03,24.52,24.68,22.95,23.17,24.46,-1.29,-5.2739,853357.52,2007412.546,3.415,0.79,1192.9646,7.6554,6025559.3839
688728.SH,2026-07-06,23.58,23.7,21.11,21.5,23.17,-1.67,-7.2076,737171.74,1620811.47,2.95,0.64,1106.9805,7.1036,5591261.405
688728.SH,2026-07-07,21.41,23.88,20.34,22.16,21.5,0.66,3.0698,741325.04,1664851.121,2.9666,0.68,1140.9622,7.3217,5762900.1272
688728.SH,2026-07-08,22.43,23.4,21.91,22.54,22.16,0.38,1.7148,715836.21,1621553.225,2.8646,0.67,1160.5275,7.4472,5861722.4218
688728.SH,2026-07-09,22.21,24.17,22.03,24.14,22.54,1.6,7.0985,918549.5,2138088.616,3.6758,1.07,1242.9074,7.9759,6277816.2938
688728.SH,2026-07-10,23.62,24.32,21.62,21.75,24.14,-2.39,-9.9006,806856.94,1871171.93,3.2289,1.02,1119.8524,7.1862,5656276.0725
688728.SH,2026-07-13,21.33,21.98,19.77,19.98,21.75,-1.77,-8.1379,717974.21,1488335.686,2.8732,0.92,1028.7195,6.6014,5195972.2266
688728.SH,2026-07-14,19.88,20.23,18.3,19.15,19.98,-0.83,-4.1542,572087.01,1095349.896,2.2894,0.73,985.985,6.3272,4980123.5305
688728.SH,2026-07-15,19.15,19.5,17.73,17.99,19.15,-1.16,-6.0574,498344.35,914654.214,1.9943,0.67,926.2595,5.9439,4678455.4733
688728.SH,2026-07-16,17.69,18.23,16.62,16.79,17.99,-1.2,-6.6704,559714.27,974543.737,2.2399,0.8,864.4745,5.5474,4366385.0693
688728.SH,2026-07-17,16.77,16.79,15.02,15.32,16.79,-1.47,-8.7552,551513.61,875387.845,2.207,0.87,788.788,5.0617,3984098.8244
688728.SH,2026-07-20,15.54,15.74,13.43,14.08,15.32,-1.24,-8.094,738392.25,1055389.015,2.9549,1.27,724.9435,4.652,3661626.0736
688728.SH,2026-07-21,14.09,16.9,14.04,16.9,14.08,2.82,20.0284,762984.58,1164043.119,3.0533,1.31,870.1382,5.5838,4394991.523
688728.SH,2026-07-22,16.9,18.5,16.9,17.55,16.9,0.65,3.8462,1115125.96,1995178.265,4.4625,1.79,903.605,5.7985,4564029.6585
688728.SH,2026-07-23,17.72,17.74,16.45,16.65,17.55,-0.9,-5.1282,537474.44,906162.625,2.1509,0.72,857.2663,5.5012,4329976.8555
688728.SH,2026-07-24,16.41,16.82,16.21,16.4,16.65,-0.25,-1.5015,438085.8,724407.281,1.7531,0.59,844.3944,5.4186,4264962.188
688728.SH,2026-07-27,16.65,16.98,15.58,16.55,16.4,0.15,0.9146,445575.05,729145.149,1.7831,0.62,852.1175,5.4681,4303970.9885
688728.SH,2026-07-28,16.31,16.45,15.28,15.44,16.55,-1.11,-6.7069,487501.16,773583.675,1.8759,0.74,794.9665,5.1014,4015305.8648
688728.SH,2026-07-29,15.41,16.0,14.86,15.88,15.44,0.44,2.8497,530674.7,820132.868,2.042,0.88,817.6209,5.2468,4129731.6796
688728.SH,2026-07-30,15.72,15.79,14.47,14.64,15.88,-1.24,-7.8086,495402.32,741213.388,1.9063,1.02,753.7765,4.8371,3807258.9288
688728.SH,2026-07-31,15.89,16.03,14.86,14.92,14.64,0.28,1.9126,523406.83,808616.987,2.014,1.09,768.193,4.9296,3880075.3564
688728.SH,2026-08-03,14.75,14.88,14.3,14.38,14.92,-0.54,-3.6193,366354.33,531090.989,1.4097,0.74,740.3897,4.7512,3739643.6746
688728.SH,2026-08-04,14.56,15.19,14.41,14.96,14.38,0.58,4.0334,347919.83,517368.493,1.3388,0.72,770.2525,4.9428,3890477.7032
688728.SH,2026-08-05,14.89,15.84,14.85,15.65,14.96,0.69,4.6123,455994.43,705074.64,1.7546,1.01,805.7788,5.1708,4069918.1855
688728.SH,2026-08-06,15.49,16.08,15.4,15.85,15.65,0.2,1.278,551648.01,869320.19,2.1227,1.26,816.0763,5.2368,4121929.9195
688728.SH,2026-08-07,15.72,16.42,15.56,16.39,15.85,0.54,3.4069,498339.99,803468.343,1.9176,1.11,843.8796,5.4153,4262361.6013
688728.SH,2026-08-10,16.3,16.39,15.77,16.19,16.39,-0.2,-1.2203,365635.83,584698.244,1.4069,0.82,833.5821,5.3492,4210349.8673
688728.SH,2026-08-11,16.0,16.52,15.9,16.24,16.19,0.05,0.3088,329584.29,534400.351,1.2682,0.74,836.1564,5.3657,4223352.8008
688728.SH,2026-08-12,16.28,16.34,15.96,16.15,16.24,-0.09,-0.5542,309819.97,500477.703,1.1922,0.7,831.5226,5.336,4199947.5205
688728.SH,2026-08-13,16.25,16.43,15.8,15.83,16.15,-0.32,-1.9814,369834.13,599387.078,1.4231,0.9,815.0466,5.2302,4116728.7461
688728.SH,2026-08-14,15.95,16.26,15.85,16.18,15.83,0.35,2.211,269330.77,433276.602,1.0364,0.72,833.0672,5.3459,4207749.2806
688728.SH,2026-08-17,16.2,17.33,16.02,17.15,16.18,0.97,5.9951,460304.71,767172.48,1.7712,1.4,883.01,5.6664,4460006.1905
688728.SH,2026-08-18,17.03,17.25,16.52,17.11,17.15,-0.04,-0.2332,482183.64,812543.369,1.8554,1.39,880.9505,5.6531,4449603.8437
688728.SH,2026-08-19,16.62,17.09,15.87,15.91,17.11,-1.2,-7.0134,426475.65,700151.277,1.6411,1.13,819.1656,5.2567,4137533.4397
688728.SH,2026-08-20,16.18,16.34,15.82,15.99,15.91,0.08,0.5028,240956.01,387118.259,0.9272,0.6,823.2846,5.2831,4158338.1333
688728.SH,2026-08-21,15.88,16.18,15.65,15.85,15.99,-0.14,-0.8755,231195.59,366325.49,0.8896,0.62,816.0763,5.2368,4121929.9195
688728.SH,2026-08-24,15.7,15.85,14.97,15.28,15.85,-0.57,-3.5962,259448.82,397561.844,0.9983,0.7,786.7285,5.0485,3973696.4776
688728.SH,2026-08-25,15.03,15.33,14.66,15.26,15.28,-0.02,-0.1309,194322.76,291807.854,0.7477,0.59,785.6987,5.0419,3968495.3042
688728.SH,2026-08-26,15.22,15.37,14.99,15.1,15.26,-0.16,-1.0485,160350.45,243120.255,0.617,0.59,777.4607,4.989,3926885.917
688728.SH,2026-08-27,15.19,15.74,15.12,15.66,15.1,0.56,3.7086,226205.17,350054.88,0.8704,1.04,806.2937,5.1741,4072518.7722
688728.SH,2026-08-28,15.28,15.46,14.86,14.93,15.66,-0.73,-4.6616,347482.26,524304.01,1.3371,1.62,768.7079,4.9109,3882675.9431
688728.SH,2026-08-31,14.68,15.17,14.55,15.16,14.93,0.23,1.5405,230341.94,343440.844,0.8863,0.97,780.55,4.9866,3942489.4372
688728.SH,2026-09-01,15.15,15.16,14.77,14.81,15.16,-0.35,-2.3087,206531.08,307725.722,0.7947,0.89,762.5294,4.8715,3851468.9027
688728.SH,2026-09-02,14.68,14.78,14.48,14.52,14.81,-0.29,-1.9581,162363.52,236343.728,0.6248,0.69,747.598,4.7761,3776051.8884
